x[mm];y[mm];z[mm];x-displacement[mm];y-displacement[mm];z-displacement[mm]
-20.7107;247.506;-0.512943;0.00713664;-0.00172212;-0.0965114
-12.2544;247.506;-0.471976;0.00858991;-0.00406402;-0.106737
-3.79809;247.506;-0.548236;0.00804623;-0.00207892;-0.122351
4.6582;247.506;-0.62037;0.00501156;-0.00168609;-0.130068
13.1145;247.506;-0.650736;0.00267311;-0.00152685;-0.132973
21.5708;247.506;-0.628395;0.0036671;-0.00112771;-0.135
30.0271;247.506;-0.60592;0.00596602;-0.00280555;-0.1268
38.4834;247.506;-0.651893;0.00665164;-0.00262288;-0.117689
46.9397;247.506;-0.732489;0.00592562;-0.00212301;-0.108996
72.3085;247.506;-0.749382;0.00714389;-0.00159651;-0.0774416
80.7648;247.506;-0.808256;0.00822793;-0.000503812;-0.064267
89.2211;247.506;-0.754068;0.00842083;0.000385465;-0.0524287
97.6774;247.506;-0.313663;0.00824272;0.000134507;-0.0394863
106.134;247.506;0.36894;0.00839632;-0.00111092;-0.0240945
-88.361;239.049;8.57933;0.00662827;-0.00173957;-0.00904072
-79.9047;239.049;8.50108;0.00685761;-0.00149768;-0.0224196
-62.9921;239.049;2.60738;0.00799186;0.000959044;-0.072127
-54.5358;239.049;-0.17587;0.00880495;0.00360163;-0.0993511
-46.0795;239.049;-0.541755;0.00920925;0.00369483;-0.118672
-37.6233;239.049;-0.635314;0.00737616;0.00259677;-0.135259
-29.167;239.049;-0.673576;0.00645299;0.00108529;-0.152885
-20.7107;239.049;-0.664832;0.00739737;-0.000116359;-0.166848
-12.2544;239.049;-0.632836;0.00941529;-0.000924338;-0.179146
-3.79809;239.049;-0.554336;0.00866712;0.00259244;-0.19688
4.6582;239.049;-0.633956;0.00457845;0.00475288;-0.208955
13.1145;239.049;-0.725931;0.00161714;0.00410836;-0.214296
21.5708;239.049;-0.758646;0.00290449;0.00136938;-0.214953
30.0271;239.049;-0.758194;0.00650852;-0.00178417;-0.205406
38.4834;239.049;-0.758865;0.00768831;-0.00171047;-0.193559
46.9397;239.049;-0.772903;0.00616889;-0.00146748;-0.181702
55.396;239.049;-0.821019;0.00544465;-0.00119936;-0.175254
63.8522;239.049;-0.891244;0.00577082;-0.00116868;-0.166131
72.3085;239.049;-0.86046;0.00744305;-0.00133323;-0.149051
80.7648;239.049;-0.923492;0.00810486;3.58287e-05;-0.132629
89.2211;239.049;-0.930498;0.00778612;0.000659969;-0.113443
97.6774;239.049;-0.840854;0.00747809;-0.000387739;-0.0913423
106.134;239.049;-0.59755;0.00825249;-0.00144098;-0.0686758
-113.73;230.593;5.98204;0.00496796;-3.8694e-05;-0.0110577
-105.274;230.593;8.00416;0.0048929;-0.000821158;-0.0171477
-96.8173;230.593;6.54036;0.00549004;-0.00129886;-0.0309038
-88.361;230.593;4.50416;0.00653274;-0.00163092;-0.0516026
-79.9047;230.593;3.92923;0.00743728;-0.00164005;-0.0723239
-71.4484;230.593;2.45957;0.00748318;-0.000759252;-0.105802
-62.9921;230.593;-0.141549;0.00698787;0.00146125;-0.143308
-54.5358;230.593;-0.4683;0.00743716;0.00283026;-0.167652
-46.0795;230.593;-0.69026;0.00717999;0.003233;-0.191516
-37.6233;230.593;-0.704206;0.00465396;0.00253614;-0.210979
-29.167;230.593;-0.72503;0.00434396;0.00150426;-0.228756
-20.7107;230.593;-0.867521;0.00671342;0.00172684;-0.241856
-12.2544;230.593;-1.05273;0.00922879;0.00251085;-0.254781
-3.79809;230.593;-1.11622;0.00880431;0.00645301;-0.272719
4.6582;230.593;-1.08464;0.0064833;0.00863951;-0.283506
13.1145;230.593;-1.01505;0.00430299;0.00704731;-0.28628
21.5708;230.593;-0.947102;0.00409592;0.00268293;-0.285393
30.0271;230.593;-0.877324;0.00582617;-0.00026955;-0.281261
38.4834;230.593;-0.813827;0.00688724;-0.000790684;-0.270739
46.9397;230.593;-0.781134;0.00585684;-0.00241086;-0.254663
55.396;230.593;-0.781425;0.00510798;-0.00380974;-0.241769
63.8522;230.593;-0.817853;0.00531698;-0.00282432;-0.23259
72.3085;230.593;-0.903767;0.00680266;-0.00101271;-0.22004
80.7648;230.593;-0.955569;0.00704418;0.000748963;-0.204064
89.2211;230.593;-0.978723;0.00649539;0.000910507;-0.181177
97.6774;230.593;-0.935818;0.00657613;-0.000250721;-0.153154
106.134;230.593;-0.888504;0.00795022;-0.0011664;-0.123962
114.59;230.593;-0.721154;0.00795268;-0.00114648;-0.0936217
-113.73;222.137;1.68528;0.00504777;-0.0014353;-0.0415318
-105.274;222.137;4.23575;0.00527937;-0.00178083;-0.0582606
-96.8173;222.137;2.10191;0.00613755;-0.000896639;-0.0907789
-88.361;222.137;0.466827;0.00739024;-0.00176175;-0.119794
-79.9047;222.137;0.239625;0.00757829;-0.00119797;-0.149237
-71.4484;222.137;0.0560671;0.00637687;0.000404721;-0.18613
-62.9921;222.137;-0.445392;0.0046812;0.00258177;-0.223082
-54.5358;222.137;-0.43084;0.00539214;0.00183034;-0.245628
-46.0795;222.137;-0.628638;0.0052185;0.0010497;-0.268529
-37.6233;222.137;-0.673621;0.00283796;0.000717121;-0.289877
-29.167;222.137;-0.740912;0.00296473;0.000382027;-0.307401
-20.7107;222.137;-0.957732;0.00557024;0.00159904;-0.319408
-12.2544;222.137;-1.29406;0.00753306;0.00339185;-0.333146
-3.79809;222.137;-1.35116;0.00768199;0.00691852;-0.348683
4.6582;222.137;-1.2472;0.00826124;0.00825599;-0.355247
13.1145;222.137;-1.11194;0.00714779;0.00638698;-0.354361
21.5708;222.137;-0.996373;0.00492487;0.00246169;-0.353917
30.0271;222.137;-0.877105;0.00383712;0.00153249;-0.356853
38.4834;222.137;-0.804448;0.00501333;0.00141114;-0.349081
46.9397;222.137;-0.765915;0.00618838;-0.000809703;-0.331549
55.396;222.137;-0.764072;0.00588335;-0.00367517;-0.313161
63.8522;222.137;-0.796537;0.00553251;-0.00229302;-0.303694
72.3085;222.137;-0.852908;0.00675043;0.000159825;-0.292897
80.7648;222.137;-0.893551;0.00712785;0.0013304;-0.275443
89.2211;222.137;-0.90816;0.00644408;0.000691271;-0.249826
97.6774;222.137;-0.91062;0.00620858;-0.000499811;-0.220906
106.134;222.137;-0.943081;0.00786499;-0.000645616;-0.191782
114.59;222.137;-0.828419;0.00781444;-0.000142571;-0.158891
-130.642;213.681;0.103519;0.00440746;-9.61518e-05;-0.0305563
-122.186;213.681;-0.0004306;0.00446481;-0.000868367;-0.0562883
-113.73;213.681;-0.0264453;0.00545499;-0.00342177;-0.0864688
-105.274;213.681;-0.573801;0.00709772;-0.00275096;-0.126017
-96.8173;213.681;-0.451659;0.00796863;-0.00164717;-0.16443
-88.361;213.681;-0.315404;0.0088102;-0.00241481;-0.195637
-79.9047;213.681;-0.354355;0.00815229;-0.00139585;-0.227985
-71.4484;213.681;-0.366745;0.00575985;0.000325339;-0.266073
-62.9921;213.681;-0.321445;0.00333718;0.00263376;-0.304053
-54.5358;213.681;-0.527912;0.00377;0.00307031;-0.330635
-46.0795;213.681;-0.750862;0.00342426;0.00484271;-0.355745
-37.6233;213.681;-0.777242;0.0018241;0.00402933;-0.374985
-29.167;213.681;-0.780044;0.00267984;0.00152595;-0.391161
-20.7107;213.681;-0.87457;0.00462424;0.000195303;-0.40391
-12.2544;213.681;-1.03053;0.00509494;0.00136189;-0.419135
-3.79809;213.681;-1.00824;0.00510256;0.00448546;-0.431177
4.6582;213.681;-0.905457;0.00715185;0.00504458;-0.433065
13.1145;213.681;-0.807849;0.00704618;0.00299408;-0.431894
21.5708;213.681;-0.74352;0.0037532;-0.000821952;-0.430847
30.0271;213.681;-0.702553;0.00159575;-0.000328637;-0.435417
38.4834;213.681;-0.694706;0.00351428;0.00167742;-0.429671
46.9397;213.681;-0.695935;0.00678596;0.00103303;-0.41319
55.396;213.681;-0.702697;0.00743991;-0.0011769;-0.394744
63.8522;213.681;-0.719056;0.00565436;-0.00117592;-0.380921
72.3085;213.681;-0.756983;0.00652949;-4.22546e-05;-0.366072
80.7648;213.681;-0.787601;0.00780129;-0.000183368;-0.34405
89.2211;213.681;-0.799132;0.00758606;-0.000654367;-0.31822
97.6774;213.681;-0.796467;0.00673689;-0.000692383;-0.291837
106.134;213.681;-0.79851;0.00747773;-0.000315759;-0.263277
114.59;213.681;-0.777932;0.00760363;-0.000289336;-0.229841
123.046;213.681;-0.725146;0.00675722;-0.00105439;-0.191651
131.503;213.681;-0.651431;0.00655672;-0.00153736;-0.152581
139.959;213.681;-0.58896;0.00714734;-0.0029177;-0.110876
148.415;213.681;-0.235351;0.0075652;-0.00425161;-0.0711202
-139.099;205.224;0.155762;0.00468163;-0.000561428;-0.0407421
-130.642;205.224;0.122337;0.00393507;-0.00173882;-0.0675776
-122.186;205.224;0.0617561;0.00458228;-0.00340358;-0.102696
-113.73;205.224;0.00762707;0.00597714;-0.00543335;-0.138986
-105.274;205.224;-0.00181897;0.00750815;-0.00443936;-0.182988
-96.8173;205.224;-0.00805946;0.00851302;-0.00225404;-0.231221
-88.361;205.224;-0.0179732;0.00992125;-0.00186498;-0.270606
-79.9047;205.224;-0.0945349;0.00956224;-4.12428e-06;-0.305873
-71.4484;205.224;-0.239692;0.00690026;0.000624845;-0.341704
-62.9921;205.224;-0.413073;0.00417353;0.00181028;-0.381347
-54.5358;205.224;-0.569972;0.00360525;0.00410215;-0.41651
-46.0795;205.224;-0.748727;0.00308625;0.00898395;-0.447175
-37.6233;205.224;-0.777994;0.0023971;0.00847806;-0.459732
-29.167;205.224;-0.753618;0.004032;0.00457546;-0.473025
-20.7107;205.224;-0.737252;0.00611165;0.00162902;-0.489101
-12.2544;205.224;-0.732218;0.00677687;0.0015579;-0.505633
-3.79809;205.224;-0.667139;0.00710697;0.00325578;-0.511501
4.6582;205.224;-0.599146;0.0079019;0.00277178;-0.5088
13.1145;205.224;-0.564088;0.00704855;-0.00131487;-0.503482
21.5708;205.224;-0.558798;0.0050335;-0.00522247;-0.499546
30.0271;205.224;-0.561439;0.00407649;-0.00480813;-0.499886
38.4834;205.224;-0.577612;0.00577366;-0.000954633;-0.496888
46.9397;205.224;-0.579913;0.00832153;0.000558725;-0.486732
55.396;205.224;-0.581612;0.00720129;-0.000648053;-0.472877
63.8522;205.224;-0.597246;0.0032348;-0.00207854;-0.456829
72.3085;205.224;-0.634757;0.00397623;-0.00251274;-0.436389
80.7648;205.224;-0.668837;0.00688705;-0.0036399;-0.409846
89.2211;205.224;-0.683611;0.00775334;-0.00362926;-0.384677
97.6774;205.224;-0.683838;0.00662902;-0.00249783;-0.360429
106.134;205.224;-0.68763;0.00694535;-0.00125991;-0.333439
114.59;205.224;-0.687434;0.00729197;-0.000888604;-0.30174
123.046;205.224;-0.678821;0.00661973;-0.00147154;-0.263013
131.503;205.224;-0.646751;0.00623598;-0.0028835;-0.218867
139.959;205.224;-0.568672;0.0067005;-0.00539239;-0.167606
148.415;205.224;-0.396715;0.00682634;-0.00712812;-0.122448
-139.099;196.768;0.158347;0.00489877;-0.00265577;-0.0800004
-130.642;196.768;0.140469;0.00497555;-0.00397039;-0.117415
-122.186;196.768;0.111246;0.00609847;-0.0053138;-0.157755
-113.73;196.768;0.0570321;0.00771056;-0.00600839;-0.199062
-105.274;196.768;0.0249897;0.0087541;-0.00400796;-0.246051
-96.8173;196.768;0.0233242;0.00901804;-0.000603182;-0.297746
-88.361;196.768;-0.00994386;0.0104088;0.00208365;-0.341535
-79.9047;196.768;-0.194781;0.0106365;0.00509619;-0.373965
-71.4484;196.768;-0.413225;0.00830056;0.00395067;-0.401603
-62.9921;196.768;-0.497789;0.00514743;0.00149452;-0.439053
-54.5358;196.768;-0.419058;0.00290137;0.00260706;-0.483355
-46.0795;196.768;-0.513369;0.00233853;0.00839953;-0.52089
-37.6233;196.768;-0.59872;0.00315024;0.0080554;-0.529551
-29.167;196.768;-0.619046;0.00504435;0.0036475;-0.536482
-20.7107;196.768;-0.576926;0.00685818;0.000567726;-0.550744
-12.2544;196.768;-0.513507;0.00783658;0.000403737;-0.568159
-3.79809;196.768;-0.459724;0.00846423;0.0023755;-0.575336
4.6582;196.768;-0.441378;0.0072953;0.00266507;-0.576397
13.1145;196.768;-0.459047;0.00498171;-0.00247246;-0.569259
21.5708;196.768;-0.49017;0.00456048;-0.00651007;-0.563959
30.0271;196.768;-0.508763;0.0059697;-0.0061852;-0.561262
38.4834;196.768;-0.514305;0.00782003;-0.00170422;-0.560224
46.9397;196.768;-0.499509;0.00915845;-0.000382472;-0.552172
55.396;196.768;-0.492733;0.00703775;-0.00137198;-0.541598
63.8522;196.768;-0.5084;0.00241277;-0.00273923;-0.524976
72.3085;196.768;-0.541751;0.0040679;-0.00281295;-0.504235
80.7648;196.768;-0.564405;0.00736162;-0.00410071;-0.478953
89.2211;196.768;-0.56895;0.00769891;-0.00438034;-0.455772
97.6774;196.768;-0.572719;0.00596213;-0.00337849;-0.43179
106.134;196.768;-0.602616;0.0064704;-0.00188021;-0.403946
114.59;196.768;-0.638344;0.00717329;-0.00110937;-0.372309
123.046;196.768;-0.651108;0.00681597;-0.00126702;-0.333227
131.503;196.768;-0.636139;0.00658952;-0.00230803;-0.289861
139.959;196.768;-0.602573;0.00704223;-0.00358477;-0.243665
148.415;196.768;-0.550371;0.00700863;-0.00481652;-0.194092
156.871;196.768;-0.551016;0.00591541;-0.00371604;-0.145575
-147.555;188.312;0.163608;0.00532042;-0.00119337;-0.0884004
-139.099;188.312;0.153404;0.00500179;-0.00243999;-0.128695
-130.642;188.312;0.164445;0.00597099;-0.00313131;-0.172334
-122.186;188.312;0.155092;0.00823045;-0.00349331;-0.217829
-113.73;188.312;0.0932035;0.0100888;-0.0045224;-0.258674
-105.274;188.312;0.0277587;0.0108034;-0.00433157;-0.301477
-96.8173;188.312;0.00250704;0.010242;-0.000932083;-0.352395
-88.361;188.312;-0.0775442;0.0107614;0.00503906;-0.404245
-79.9047;188.312;-0.341597;0.011392;0.00875565;-0.437058
-71.4484;188.312;-0.527093;0.0100805;0.00537202;-0.460012
-62.9921;188.312;-0.423186;0.00695091;2.96531e-05;-0.4933
-54.5358;188.312;-0.141757;0.00335236;-0.00113683;-0.539981
-46.0795;188.312;-0.177038;0.00274842;0.00364476;-0.579916
-37.6233;188.312;-0.315799;0.00499002;0.00355135;-0.588292
-29.167;188.312;-0.400297;0.00687378;-0.00101546;-0.590144
-20.7107;188.312;-0.402366;0.00769868;-0.00398613;-0.600043
-12.2544;188.312;-0.373172;0.007838;-0.00328694;-0.617574
-3.79809;188.312;-0.368919;0.00805025;0.00060431;-0.629663
4.6582;188.312;-0.38985;0.00560345;0.00278662;-0.637932
13.1145;188.312;-0.425297;0.0025596;-0.001353;-0.634106
21.5708;188.312;-0.456541;0.00254032;-0.005183;-0.628521
30.0271;188.312;-0.468146;0.00481252;-0.00557428;-0.622415
38.4834;188.312;-0.457604;0.00677369;-0.0022387;-0.619571
46.9397;188.312;-0.424296;0.00761346;-0.00235398;-0.611908
55.396;188.312;-0.402232;0.00586379;-0.00404269;-0.603544
63.8522;188.312;-0.406613;0.00330132;-0.0038624;-0.589773
72.3085;188.312;-0.435068;0.00687178;-0.00152082;-0.57172
80.7648;188.312;-0.453177;0.009585;-0.0019422;-0.549219
89.2211;188.312;-0.455927;0.00827049;-0.00298322;-0.526461
97.6774;188.312;-0.46948;0.00565943;-0.00317505;-0.501472
106.134;188.312;-0.522213;0.00616202;-0.00231272;-0.472445
114.59;188.312;-0.568598;0.00703634;-0.00153475;-0.439943
123.046;188.312;-0.57683;0.00706066;-0.00124567;-0.40062
131.503;188.312;-0.554684;0.00712485;-0.00190772;-0.358284
139.959;188.312;-0.523841;0.00757325;-0.0026215;-0.314981
148.415;188.312;-0.496462;0.0071302;-0.00336415;-0.267316
156.871;188.312;-0.485066;0.00531766;-0.00322809;-0.213794
-164.468;179.855;0.013761;0.00468685;0.00159726;-0.0433202
-156.011;179.855;0.164647;0.00474705;0.000861067;-0.0886905
-147.555;179.855;0.141329;0.00408304;3.38191e-05;-0.134882
-139.099;179.855;0.123024;0.00373907;-0.000763151;-0.180236
-130.642;179.855;0.157327;0.00525177;-0.000859796;-0.226555
-122.186;179.855;0.173777;0.0081598;-0.00152849;-0.272992
-113.73;179.855;0.123558;0.0101249;-0.00411201;-0.312352
-105.274;179.855;0.0587228;0.0102271;-0.00580418;-0.353298
-96.8173;179.855;0.0403482;0.00849761;-0.00282687;-0.40617
-88.361;179.855;-0.0102425;0.00757692;0.00392512;-0.468842
-79.9047;179.855;-0.163241;0.00855785;0.00660622;-0.505189
-71.4484;179.855;-0.202905;0.00875748;0.00250441;-0.523091
-62.9921;179.855;-0.0565655;0.00702003;-0.00276797;-0.547053
-54.5358;179.855;0.0794272;0.00423432;-0.00400631;-0.58701
-46.0795;179.855;-0.0180318;0.00418223;0.000233273;-0.62674
-37.6233;179.855;-0.146384;0.00693871;0.000776648;-0.641634
-29.167;179.855;-0.212565;0.00773828;-0.00364319;-0.64636
-20.7107;179.855;-0.225883;0.00685081;-0.00686536;-0.655611
-12.2544;179.855;-0.236188;0.00595548;-0.00615251;-0.671524
-3.79809;179.855;-0.275249;0.00646477;-0.00203504;-0.683803
4.6582;179.855;-0.314513;0.00467363;0.00111607;-0.695431
13.1145;179.855;-0.345267;0.00241927;-0.000341825;-0.698482
21.5708;179.855;-0.364913;0.00189833;-0.00247818;-0.695244
30.0271;179.855;-0.3747;0.00275181;-0.00373095;-0.68556
38.4834;179.855;-0.378106;0.00367501;-0.00334615;-0.675982
46.9397;179.855;-0.346793;0.00417852;-0.00542389;-0.667845
55.396;179.855;-0.318378;0.00345668;-0.00834155;-0.660557
63.8522;179.855;-0.316963;0.0040435;-0.0067689;-0.65139
72.3085;179.855;-0.352619;0.00862387;-0.00183354;-0.635928
80.7648;179.855;-0.38186;0.0103556;-0.000421837;-0.615934
89.2211;179.855;-0.39;0.00826159;-0.00100685;-0.593731
97.6774;179.855;-0.403641;0.00573541;-0.00186249;-0.568024
106.134;179.855;-0.446236;0.00572711;-0.00260639;-0.536586
114.59;179.855;-0.479758;0.0061584;-0.00327237;-0.502116
123.046;179.855;-0.462016;0.00685354;-0.00259554;-0.463079
131.503;179.855;-0.41726;0.00706955;-0.00326849;-0.419358
139.959;179.855;-0.382659;0.00679003;-0.00465967;-0.372479
148.415;179.855;-0.378981;0.00520209;-0.00606359;-0.322231
156.871;179.855;-0.383848;0.00291239;-0.00669569;-0.268242
165.328;179.855;-0.407134;0.00295867;-0.00650321;-0.217263
173.784;179.855;-0.49585;0.00455354;-0.00520007;-0.166065
-172.924;171.399;0.0700968;0.00473434;0.000809955;-0.0341839
-164.468;171.399;0.0649994;0.0044503;0.00108201;-0.0768265
-156.011;171.399;0.15216;0.00480943;0.000472813;-0.129871
-147.555;171.399;0.119276;0.0044605;-4.55182e-07;-0.18135
-139.099;171.399;0.10352;0.00409663;-0.000288531;-0.230406
-130.642;171.399;0.146551;0.00503715;-2.85957e-05;-0.278508
-122.186;171.399;0.17404;0.00691974;-0.00125839;-0.323272
-113.73;171.399;0.13688;0.00821473;-0.00435205;-0.361965
-105.274;171.399;0.0923391;0.00820177;-0.00651866;-0.403386
-96.8173;171.399;0.105045;0.00622309;-0.00340139;-0.458281
-88.361;171.399;0.114183;0.00547355;0.00111714;-0.522373
-79.9047;171.399;0.0778244;0.0078923;0.000916134;-0.558033
-71.4484;171.399;0.0934263;0.00980654;-0.00326617;-0.57348
-62.9921;171.399;0.160882;0.00886155;-0.00675104;-0.591999
-54.5358;171.399;0.163318;0.00612702;-0.00695584;-0.626693
-46.0795;171.399;0.0292324;0.00648828;-0.00248181;-0.664909
-37.6233;171.399;-0.0717286;0.00989777;-0.00153717;-0.684643
-29.167;171.399;-0.11027;0.00956761;-0.00486712;-0.69397
-20.7107;171.399;-0.113539;0.00677767;-0.00689025;-0.708112
-12.2544;171.399;-0.120293;0.00451737;-0.00591833;-0.727478
-3.79809;171.399;-0.147674;0.00532455;-0.00359319;-0.739881
4.6582;171.399;-0.188711;0.00562879;-0.00158859;-0.748161
13.1145;171.399;-0.222056;0.00588965;-0.00129829;-0.753465
21.5708;171.399;-0.245877;0.00583327;-0.00106147;-0.751687
30.0271;171.399;-0.268046;0.00494264;-0.00218053;-0.741566
38.4834;171.399;-0.304991;0.00326775;-0.00417878;-0.73035
46.9397;171.399;-0.300143;0.00207744;-0.00731072;-0.722743
55.396;171.399;-0.288247;0.00189019;-0.00956529;-0.717849
63.8522;171.399;-0.297582;0.0027026;-0.00787052;-0.707983
72.3085;171.399;-0.342443;0.00505394;-0.00347916;-0.689933
80.7648;171.399;-0.376973;0.00562336;-0.00130902;-0.669362
89.2211;171.399;-0.376846;0.00511593;-7.63781e-05;-0.650057
97.6774;171.399;-0.36567;0.00522411;-4.62227e-05;-0.628418
106.134;171.399;-0.366286;0.00541089;-0.00262203;-0.597294
114.59;171.399;-0.375828;0.00489455;-0.00550697;-0.561959
123.046;171.399;-0.339516;0.00574898;-0.00542185;-0.524194
131.503;171.399;-0.29381;0.00622834;-0.00490962;-0.479461
139.959;171.399;-0.273739;0.00626647;-0.00556768;-0.4289
148.415;171.399;-0.281015;0.00533533;-0.0069317;-0.377251
156.871;171.399;-0.302804;0.00383993;-0.0078621;-0.325003
165.328;171.399;-0.356376;0.00361014;-0.00760561;-0.274131
173.784;171.399;-0.427457;0.00391185;-0.00588971;-0.220642
182.24;171.399;-0.482055;0.00489549;-0.00130249;-0.177578
-181.38;162.943;0.229856;0.00519878;0.000215425;-0.0267458
-172.924;162.943;0.114078;0.00433594;0.000648231;-0.066387
-164.468;162.943;0.0760009;0.0045121;0.000377479;-0.119827
-156.011;162.943;0.13214;0.00571334;-0.000708879;-0.173826
-147.555;162.943;0.116782;0.0070795;-0.00165715;-0.22573
-139.099;162.943;0.111161;0.00699768;-0.00181522;-0.277678
-130.642;162.943;0.140359;0.00614189;-0.00120849;-0.328252
-122.186;162.943;0.154888;0.00568669;-0.00223112;-0.372658
-113.73;162.943;0.128572;0.00631964;-0.00440694;-0.411496
-105.274;162.943;0.104775;0.00729663;-0.00575218;-0.452111
-96.8173;162.943;0.128643;0.00648928;-0.00253688;-0.50496
-88.361;162.943;0.162724;0.00724822;-0.00149524;-0.560082
-79.9047;162.943;0.17461;0.0110684;-0.00368939;-0.592622
-71.4484;162.943;0.190937;0.0133459;-0.00702035;-0.613197
-62.9921;162.943;0.201284;0.0115592;-0.00914525;-0.636098
-54.5358;162.943;0.156606;0.00811179;-0.00971728;-0.667968
-46.0795;162.943;0.0429767;0.00827822;-0.00539558;-0.702793
-37.6233;162.943;-0.0305809;0.0113446;-0.00333334;-0.726044
-29.167;162.943;-0.0616782;0.0101246;-0.00470233;-0.738502
-20.7107;162.943;-0.0718156;0.00694303;-0.0045156;-0.757342
-12.2544;162.943;-0.0853287;0.00462457;-0.00228098;-0.781514
-3.79809;162.943;-0.117042;0.0050298;-0.00123041;-0.796813
4.6582;162.943;-0.173226;0.00513019;-0.00180794;-0.803204
13.1145;162.943;-0.225897;0.0060968;-0.00209434;-0.807248
21.5708;162.943;-0.264782;0.00628495;-0.000370181;-0.803601
30.0271;162.943;-0.291562;0.00610457;7.82123e-05;-0.797994
38.4834;162.943;-0.321827;0.00561244;-0.000688543;-0.795827
46.9397;162.943;-0.328129;0.00561243;-0.00215334;-0.791358
55.396;162.943;-0.337651;0.00571439;-0.00300078;-0.783846
63.8522;162.943;-0.355393;0.00550544;-0.00242059;-0.770225
72.3085;162.943;-0.372061;0.00353288;-0.00294711;-0.745609
80.7648;162.943;-0.368085;0.00200688;-0.00327344;-0.722122
89.2211;162.943;-0.337508;0.00280156;-0.00145387;-0.704691
97.6774;162.943;-0.30084;0.00510218;0.000175926;-0.686431
106.134;162.943;-0.275644;0.00545738;-0.00218851;-0.65693
114.59;162.943;-0.271969;0.00405873;-0.00601943;-0.624293
123.046;162.943;-0.259316;0.00391779;-0.00733216;-0.588365
131.503;162.943;-0.252016;0.00421263;-0.00697925;-0.543217
139.959;162.943;-0.258742;0.00531464;-0.006393;-0.490465
148.415;162.943;-0.272913;0.00617745;-0.00622589;-0.438271
156.871;162.943;-0.295764;0.00587797;-0.00684331;-0.385342
165.328;162.943;-0.329613;0.00486076;-0.00723029;-0.331412
173.784;162.943;-0.374262;0.00382761;-0.00670191;-0.276722
182.24;162.943;-0.417181;0.00370256;-0.00374671;-0.22567
-181.38;154.486;0.162308;0.00473355;-0.000525063;-0.0498113
-172.924;154.486;0.108984;0.00413013;0.000643247;-0.10771
-164.468;154.486;0.0978918;0.00425784;0.000448131;-0.168452
-156.011;154.486;0.116306;0.0059449;-0.00052233;-0.222851
-147.555;154.486;0.115805;0.00944448;-0.00229009;-0.27299
-139.099;154.486;0.123516;0.0101816;-0.00267068;-0.326338
-130.642;154.486;0.125751;0.00758484;-0.00197908;-0.37897
-122.186;154.486;0.118247;0.00543889;-0.00254436;-0.424612
-113.73;154.486;0.105684;0.006557;-0.00363791;-0.463496
-105.274;154.486;0.0935209;0.00914612;-0.00364741;-0.501076
-96.8173;154.486;0.0971375;0.00949962;-0.000478983;-0.548059
-88.361;154.486;0.117814;0.0109137;-0.00130116;-0.592438
-79.9047;154.486;0.121581;0.014311;-0.00235248;-0.626315
-71.4484;154.486;0.131118;0.0149101;-0.00339913;-0.657137
-62.9921;154.486;0.138579;0.0117208;-0.00515518;-0.687733
-54.5358;154.486;0.107214;0.00835536;-0.0079559;-0.715801
-46.0795;154.486;0.0355415;0.00829135;-0.00549103;-0.744235
-37.6233;154.486;-0.0172027;0.00975953;-0.00326415;-0.771007
-29.167;154.486;-0.0538862;0.0082241;-0.00327502;-0.789734
-20.7107;154.486;-0.0822441;0.00653716;-0.00167682;-0.813992
-12.2544;154.486;-0.112921;0.00598097;0.00103627;-0.840059
-3.79809;154.486;-0.158908;0.00611673;0.00106272;-0.855842
4.6582;154.486;-0.230089;0.00519122;-0.00119461;-0.860269
13.1145;154.486;-0.29255;0.005172;-0.00268133;-0.860224
21.5708;154.486;-0.326348;0.0045173;-0.00184454;-0.85373
30.0271;154.486;-0.328936;0.00484874;-0.000733218;-0.852067
38.4834;154.486;-0.319505;0.00638903;0.000320558;-0.858376
46.9397;154.486;-0.309854;0.00844546;0.000968027;-0.859112
55.396;154.486;-0.320987;0.0084375;0.000148527;-0.847433
63.8522;154.486;-0.339442;0.00651301;-0.0010105;-0.826593
72.3085;154.486;-0.341113;0.00253286;-0.00368648;-0.798762
80.7648;154.486;-0.307932;0.000933662;-0.00474146;-0.776358
89.2211;154.486;-0.286012;0.00290541;-0.00315247;-0.760033
97.6774;154.486;-0.265986;0.00577625;-0.00115896;-0.74103
106.134;154.486;-0.240528;0.00570706;-0.00225251;-0.710604
114.59;154.486;-0.218531;0.00426201;-0.00500319;-0.679005
123.046;154.486;-0.222801;0.00353463;-0.00730598;-0.643854
131.503;154.486;-0.237609;0.00349181;-0.00764138;-0.600617
139.959;154.486;-0.248943;0.00471534;-0.00594954;-0.551571
148.415;154.486;-0.246054;0.00638813;-0.00368298;-0.504301
156.871;154.486;-0.262352;0.00706348;-0.00340937;-0.453639
165.328;154.486;-0.299143;0.00592081;-0.00479846;-0.396009
173.784;154.486;-0.350937;0.00421234;-0.00629624;-0.33379
182.24;154.486;-0.390665;0.00360104;-0.00572689;-0.276615
190.697;154.486;-0.494116;0.00368074;-0.00548266;-0.218937
199.153;154.486;-0.621497;0.00486409;-0.00386029;-0.162373
207.609;154.486;-0.599092;0.00617467;-0.00178561;-0.107935
-181.38;146.03;0.0951402;0.00443016;-0.000269923;-0.0873566
-172.924;146.03;0.106894;0.00425049;0.00110826;-0.153987
-164.468;146.03;0.113905;0.00443981;0.00148919;-0.215084
-156.011;146.03;0.0949163;0.00574544;0.00160552;-0.272871
-147.555;146.03;0.0923418;0.00910575;0.000694412;-0.325892
-139.099;146.03;0.106164;0.0101548;0.000507663;-0.380471
-130.642;146.03;0.101438;0.00823024;0.000586396;-0.431796
-122.186;146.03;0.0890277;0.00723489;-0.000732183;-0.476323
-113.73;146.03;0.0849345;0.00947136;-0.00238414;-0.514962
-105.274;146.03;0.0828583;0.0122599;-0.00207375;-0.552365
-96.8173;146.03;0.0832827;0.0112889;0.000268869;-0.59887
-88.361;146.03;0.104028;0.0105096;-0.00100451;-0.639726
-79.9047;146.03;0.084834;0.0110044;-0.000496257;-0.677135
-71.4484;146.03;0.0659597;0.00977626;0.000930073;-0.712689
-62.9921;146.03;0.0604264;0.00715734;0.000656382;-0.743664
-54.5358;146.03;0.0421358;0.00587708;-0.00197254;-0.766428
-46.0795;146.03;-0.00613365;0.00657364;-0.000783408;-0.790219
-37.6233;146.03;-0.0409097;0.00619966;6.77311e-05;-0.820715
-29.167;146.03;-0.0767311;0.00450681;-0.000616995;-0.845375
-20.7107;146.03;-0.112888;0.00445287;2.33938e-05;-0.871469
-12.2544;146.03;-0.151699;0.0059438;0.0015392;-0.896259
-3.79809;146.03;-0.204704;0.00671489;0.00116178;-0.913017
4.6582;146.03;-0.276873;0.00595088;-1.23755e-05;-0.917818
13.1145;146.03;-0.327828;0.00580223;-0.000858218;-0.917786
21.5708;146.03;-0.342579;0.00494478;-0.00152907;-0.912691
30.0271;146.03;-0.325322;0.0052268;-0.00130392;-0.913074
38.4834;146.03;-0.296608;0.00726092;-7.21834e-05;-0.920247
46.9397;146.03;-0.285685;0.00991508;0.00176178;-0.921301
55.396;146.03;-0.311309;0.0100694;0.00125578;-0.907458
63.8522;146.03;-0.359079;0.00818853;0.000471997;-0.88453
72.3085;146.03;-0.404753;0.00465475;-0.00123552;-0.856941
80.7648;146.03;-0.410945;0.00305569;-0.00257652;-0.834484
89.2211;146.03;-0.444092;0.00466799;-0.00225604;-0.815882
97.6774;146.03;-0.506792;0.00717917;-0.000678566;-0.794246
106.134;146.03;-0.573369;0.00732486;-1.0276e-05;-0.762605
114.59;146.03;-0.553071;0.00675819;-0.00123569;-0.730792
123.046;146.03;-0.520083;0.00606822;-0.00398717;-0.694582
131.503;146.03;-0.476935;0.00566098;-0.00512488;-0.653402
139.959;146.03;-0.428434;0.00564458;-0.00383849;-0.608627
148.415;146.03;-0.37672;0.00650608;-0.0010106;-0.565881
156.871;146.03;-0.379138;0.00765162;-2.24536e-05;-0.519508
165.328;146.03;-0.415676;0.00715571;-0.00153142;-0.464422
173.784;146.03;-0.460481;0.00558901;-0.00300582;-0.402567
182.24;146.03;-0.470709;0.00496356;-0.00279471;-0.343788
190.697;146.03;-0.505393;0.00534827;-0.00338312;-0.282346
199.153;146.03;-0.552216;0.00676779;-0.00296045;-0.220109
207.609;146.03;-0.590988;0.00855353;-0.00242397;-0.160586
-189.836;137.574;0.0807786;0.00458224;0.000740668;-0.068069
-181.38;137.574;0.0241047;0.00409046;0.0012196;-0.127739
-172.924;137.574;0.0276278;0.00404336;0.00230253;-0.193671
-164.468;137.574;0.0698312;0.00426628;0.00234131;-0.251772
-156.011;137.574;0.0494676;0.00525608;0.00294975;-0.310063
-147.555;137.574;0.0487253;0.00793781;0.00267726;-0.36548
-139.099;137.574;0.0737855;0.00934672;0.00307997;-0.420586
-130.642;137.574;0.0800196;0.00943824;0.00271583;-0.468741
-122.186;137.574;0.0713181;0.0103419;0.000431629;-0.509382
-113.73;137.574;0.0637925;0.0121416;-0.00215414;-0.550532
-105.274;137.574;0.062424;0.0117871;-0.00212844;-0.600048
-96.8173;137.574;0.0832482;0.00784561;4.88771e-05;-0.658154
-88.361;137.574;0.105305;0.00640765;-0.000820344;-0.698764
-79.9047;137.574;0.0655983;0.0074492;-0.000562376;-0.729824
-71.4484;137.574;0.0142123;0.00740367;0.000891409;-0.760548
-62.9921;137.574;-0.0166021;0.00601137;0.00170468;-0.791889
-54.5358;137.574;-0.0350754;0.00523771;0.00102722;-0.818852
-46.0795;137.574;-0.0690129;0.00565357;0.00165309;-0.843386
-37.6233;137.574;-0.0942356;0.0048503;0.00129775;-0.873447
-29.167;137.574;-0.114536;0.00367153;6.03808e-05;-0.899
-20.7107;137.574;-0.130328;0.00401974;-0.000117353;-0.926224
-12.2544;137.574;-0.151443;0.00538714;0.000144306;-0.952365
-3.79809;137.574;-0.195469;0.00592699;-0.000721137;-0.968895
4.6582;137.574;-0.254208;0.00547597;-0.000565134;-0.969706
13.1145;137.574;-0.284688;0.0062755;5.48336e-05;-0.971214
21.5708;137.574;-0.292759;0.0067345;-0.000698996;-0.972585
30.0271;137.574;-0.290324;0.00709536;-0.000581822;-0.975147
38.4834;137.574;-0.287597;0.00795958;0.000296919;-0.976854
46.9397;137.574;-0.30129;0.00939736;0.0020967;-0.972514
55.396;137.574;-0.356171;0.0106294;0.00250737;-0.96163
63.8522;137.574;-0.446671;0.0129544;0.0048847;-0.951604
72.3085;137.574;-0.548166;0.0117601;0.00548795;-0.930559
80.7648;137.574;-0.600381;0.00855671;0.00325806;-0.904022
89.2211;137.574;-0.668316;0.00698442;0.0010233;-0.876251
97.6774;137.574;-0.803729;0.00809655;0.00132829;-0.850158
106.134;137.574;-0.965993;0.00963776;0.00351441;-0.821141
114.59;137.574;-0.968621;0.0102305;0.00374929;-0.789802
123.046;137.574;-0.905591;0.00934965;0.00144377;-0.750899
131.503;137.574;-0.813955;0.00861994;-4.49378e-06;-0.710187
139.959;137.574;-0.714253;0.00743482;-0.000311664;-0.667266
148.415;137.574;-0.600045;0.00728632;0.00121743;-0.626795
156.871;137.574;-0.565563;0.00865885;0.00173955;-0.582793
165.328;137.574;-0.569599;0.00893912;-9.6151e-05;-0.530461
173.784;137.574;-0.576382;0.00769725;-0.00102646;-0.470564
182.24;137.574;-0.555469;0.00687882;0.00041384;-0.411576
190.697;137.574;-0.547192;0.00697462;0.000241736;-0.349467
199.153;137.574;-0.556303;0.00824966;0.000226291;-0.284964
207.609;137.574;-0.581214;0.00988234;-0.000630466;-0.21723
216.065;137.574;-0.469367;0.0110692;0.000321783;-0.159203
-189.836;129.118;0.0747553;0.00465487;0.00187269;-0.109379
-181.38;129.118;-0.0323443;0.00396786;0.00256375;-0.169538
-172.924;129.118;-0.0365676;0.0038034;0.00332176;-0.231549
-164.468;129.118;0.0153155;0.00401054;0.0029609;-0.28684
-156.011;129.118;0.000294852;0.0048041;0.00340169;-0.343831
-147.555;129.118;0.00199917;0.00684267;0.00316363;-0.401314
-139.099;129.118;0.0332499;0.00839298;0.00398195;-0.458952
-130.642;129.118;0.0510777;0.00957582;0.00407689;-0.508738
-122.186;129.118;0.0432069;0.0110857;0.00172762;-0.549333
-113.73;129.118;0.0224014;0.0119803;-0.00202513;-0.592376
-105.274;129.118;0.0125224;0.00974075;-0.00314961;-0.64826
-96.8173;129.118;0.0374291;0.00458999;-0.0004307;-0.713192
-88.361;129.118;0.052299;0.00473896;4.64871e-05;-0.750307
-79.9047;129.118;0.0134051;0.00778892;-0.00108298;-0.774214
-71.4484;129.118;-0.0302795;0.00952249;-0.0014681;-0.801676
-62.9921;129.118;-0.0542668;0.00922584;-0.00107463;-0.8354
-54.5358;129.118;-0.0692569;0.00819192;-0.00065438;-0.868932
-46.0795;129.118;-0.0935454;0.00638053;-0.000263538;-0.900423
-37.6233;129.118;-0.107535;0.00537742;-0.00161869;-0.927404
-29.167;129.118;-0.117348;0.00516083;-0.00229031;-0.950313
-20.7107;129.118;-0.126818;0.00559619;-0.00167369;-0.977189
-12.2544;129.118;-0.144333;0.00597904;-0.00143449;-1.00468
-3.79809;129.118;-0.179777;0.00565668;-0.00242985;-1.02007
4.6582;129.118;-0.227871;0.00494409;-0.0020147;-1.01579
13.1145;129.118;-0.254961;0.00638819;-0.000456088;-1.01978
21.5708;129.118;-0.274224;0.00856197;-0.000279077;-1.02971
30.0271;129.118;-0.296308;0.00940322;0.000533195;-1.03486
38.4834;129.118;-0.324391;0.00885255;0.00124201;-1.0296
46.9397;129.118;-0.357408;0.00847143;0.002317;-1.01846
55.396;129.118;-0.431661;0.0105757;0.00358823;-1.01206
63.8522;129.118;-0.525971;0.0178924;0.00904225;-1.02184
72.3085;129.118;-0.604123;0.0190738;0.0110215;-1.01276
80.7648;129.118;-0.622304;0.013514;0.0075857;-0.981681
89.2211;129.118;-0.663408;0.0079017;0.00233976;-0.942113
97.6774;129.118;-0.815695;0.00745;0.000696572;-0.911071
106.134;129.118;-1.02942;0.0108957;0.00310082;-0.886698
114.59;129.118;-1.10425;0.012205;0.00526683;-0.855542
123.046;129.118;-1.07409;0.010124;0.00451027;-0.811473
131.503;129.118;-0.99093;0.00862041;0.00325116;-0.768198
139.959;129.118;-0.879037;0.00778259;0.00192004;-0.72694
148.415;129.118;-0.731513;0.00822996;0.00267672;-0.688591
156.871;129.118;-0.66312;0.00976939;0.00326532;-0.644768
165.328;129.118;-0.626261;0.0102636;0.0014406;-0.593188
173.784;129.118;-0.592286;0.00923988;3.12245e-05;-0.534748
182.24;129.118;-0.557115;0.00813735;0.00177057;-0.47523
190.697;129.118;-0.539066;0.00799651;0.00182799;-0.413645
199.153;129.118;-0.530637;0.00863831;0.00151261;-0.347908
207.609;129.118;-0.518888;0.00949739;-0.000158763;-0.276114
216.065;129.118;-0.407521;0.0102856;0.000622694;-0.213929
-189.836;120.661;0.0962435;0.00523381;0.00152882;-0.14714
-181.38;120.661;0.00605474;0.00451367;0.00203884;-0.20979
-172.924;120.661;-0.0281085;0.00413884;0.00261169;-0.270817
-164.468;120.661;-0.000547513;0.00427548;0.00322036;-0.32718
-156.011;120.661;-0.0112085;0.00483357;0.00421245;-0.384149
-147.555;120.661;-0.00657013;0.00622915;0.00315552;-0.442132
-139.099;120.661;0.0129688;0.00761125;0.00331055;-0.500539
-130.642;120.661;0.0177387;0.00863685;0.00424802;-0.554601
-122.186;120.661;-0.00857252;0.00970364;0.003004;-0.599151
-113.73;120.661;-0.0516167;0.00997255;-0.000824853;-0.643869
-105.274;120.661;-0.0727614;0.00736883;-0.00217043;-0.700186
-96.8173;120.661;-0.0383123;0.00244329;0.00188752;-0.765132
-88.361;120.661;-0.013435;0.00361859;0.00321034;-0.800321
-79.9047;120.661;-0.019122;0.00691442;-0.000130323;-0.826033
-71.4484;120.661;-0.0302463;0.00912449;-0.0022428;-0.857277
-62.9921;120.661;-0.042485;0.00990221;-0.00196271;-0.893277
-54.5358;120.661;-0.0661258;0.00970786;-0.000965235;-0.926739
-46.0795;120.661;-0.10087;0.00723831;-0.000942463;-0.95678
-37.6233;120.661;-0.133602;0.00631294;-0.00383388;-0.978051
-29.167;120.661;-0.148665;0.0065868;-0.0047852;-0.999004
-20.7107;120.661;-0.153667;0.007112;-0.00328593;-1.02631
-12.2544;120.661;-0.15942;0.00721969;-0.00196843;-1.05492
-3.79809;120.661;-0.173208;0.00664087;-0.00274022;-1.07143
4.6582;120.661;-0.198829;0.00542026;-0.00292909;-1.06821
13.1145;120.661;-0.220961;0.0066285;-0.00152762;-1.07423
21.5708;120.661;-0.243666;0.00930161;-0.00063104;-1.08959
30.0271;120.661;-0.269785;0.0104862;0.000662662;-1.09959
38.4834;120.661;-0.301078;0.00979842;0.00135496;-1.09664
46.9397;120.661;-0.346791;0.00910899;0.00170085;-1.08576
55.396;120.661;-0.394934;0.00965714;0.00209998;-1.07856
63.8522;120.661;-0.374609;0.0145897;0.00535844;-1.08498
72.3085;120.661;-0.267611;0.015413;0.00605971;-1.07657
80.7648;120.661;-0.157067;0.00949964;0.0024728;-1.04515
89.2211;120.661;-0.139022;0.00438611;-0.00257596;-1.0044
97.6774;120.661;-0.293575;0.00594739;-0.00445713;-0.975062
106.134;120.661;-0.552272;0.0109577;-0.00278296;-0.951452
114.59;120.661;-0.752149;0.0133296;0.00188758;-0.921606
123.046;120.661;-0.79132;0.0108792;0.00415172;-0.876717
131.503;120.661;-0.751271;0.00752381;0.00322114;-0.830124
139.959;120.661;-0.675383;0.00677592;0.00100754;-0.789842
148.415;120.661;-0.588782;0.00840093;0.00122641;-0.751852
156.871;120.661;-0.541902;0.010101;0.00261267;-0.707649
165.328;120.661;-0.503572;0.0102652;0.00130681;-0.655064
173.784;120.661;-0.466047;0.00955112;-0.000827146;-0.596691
182.24;120.661;-0.448488;0.00836929;0.000306738;-0.53468
190.697;120.661;-0.445319;0.00736444;0.00065305;-0.469571
199.153;120.661;-0.436894;0.00753378;7.41018e-05;-0.403353
207.609;120.661;-0.400808;0.00840948;-0.0016247;-0.335309
216.065;120.661;-0.337252;0.00904649;-0.000899526;-0.268974
-198.293;112.205;0.125119;0.00592959;0.000803766;-0.111542
-189.836;112.205;0.134489;0.00620782;5.32288e-05;-0.175072
-181.38;112.205;0.0765181;0.00554496;-0.00014013;-0.241494
-172.924;112.205;0.0134629;0.0049079;0.000457656;-0.306276
-164.468;112.205;0.00970936;0.00499682;0.0027856;-0.368571
-156.011;112.205;0.00902965;0.0052126;0.00535933;-0.428064
-147.555;112.205;0.0110314;0.00629996;0.00350751;-0.485325
-139.099;112.205;0.00300992;0.00717544;0.00248325;-0.543073
-130.642;112.205;-0.0210845;0.00696777;0.00428365;-0.602201
-122.186;112.205;-0.0657173;0.00709219;0.0046313;-0.65291
-113.73;112.205;-0.112231;0.007631;0.00130883;-0.698806
-105.274;112.205;-0.124239;0.0065009;-0.000575424;-0.750431
-96.8173;112.205;-0.0820031;0.00288527;0.00355767;-0.809905
-88.361;112.205;-0.0504581;0.00450582;0.00497283;-0.842588
-79.9047;112.205;-0.033253;0.00626957;0.00079197;-0.874203
-71.4484;112.205;-0.0266802;0.00715582;-0.00154621;-0.912759
-62.9921;112.205;-0.0312296;0.00788582;-0.000569411;-0.951995
-54.5358;112.205;-0.051939;0.00849693;0.00149366;-0.983478
-46.0795;112.205;-0.0961957;0.00680774;0.00183059;-1.00727
-37.6233;112.205;-0.141645;0.00614629;-0.00252546;-1.02555
-29.167;112.205;-0.158155;0.00616166;-0.00468315;-1.04577
-20.7107;112.205;-0.15485;0.00655856;-0.00338678;-1.07472
-12.2544;112.205;-0.147472;0.00722731;-0.00120097;-1.10704
-3.79809;112.205;-0.148888;0.00777406;-0.00105272;-1.12866
4.6582;112.205;-0.160704;0.00703143;-0.000702246;-1.12957
13.1145;112.205;-0.177424;0.00766124;0.000496924;-1.13491
21.5708;112.205;-0.198646;0.00908665;0.000660979;-1.14772
30.0271;112.205;-0.220602;0.0102949;0.000934433;-1.16237
38.4834;112.205;-0.242991;0.0112076;0.00172403;-1.1728
46.9397;112.205;-0.302616;0.0121267;0.00216649;-1.17063
55.396;112.205;-0.364436;0.00981235;0.00102011;-1.1548
63.8522;112.205;-0.311299;0.00906899;-6.40767e-05;-1.13927
72.3085;112.205;-0.131202;0.00743446;-0.00246483;-1.11648
80.7648;112.205;0.0392595;0.00355023;-0.00401138;-1.08739
89.2211;112.205;0.0724029;0.00156613;-0.00580886;-1.05808
97.6774;112.205;-0.0444141;0.0047522;-0.00668885;-1.03559
106.134;112.205;-0.227058;0.0106781;-0.00571559;-1.01571
114.59;112.205;-0.353045;0.0142413;-0.000214552;-0.9895
123.046;112.205;-0.376253;0.0129276;0.00232517;-0.948966
131.503;112.205;-0.380468;0.00667508;-6.80068e-05;-0.895687
139.959;112.205;-0.382134;0.00413253;-0.00291017;-0.85004
148.415;112.205;-0.369873;0.00653301;-0.00223512;-0.811496
156.871;112.205;-0.356287;0.00940383;-5.05218e-05;-0.770507
165.328;112.205;-0.336613;0.00953684;-0.000596977;-0.718555
173.784;112.205;-0.327794;0.00935713;-0.00285854;-0.660772
182.24;112.205;-0.372612;0.00874806;-0.00194432;-0.595773
190.697;112.205;-0.463502;0.00821808;-0.000787408;-0.527201
199.153;112.205;-0.519238;0.00880583;-0.000607794;-0.459541
207.609;112.205;-0.476966;0.0097038;-0.00134033;-0.392153
216.065;112.205;-0.391221;0.00947765;-0.00188503;-0.317858
-206.749;103.749;-0.0138615;0.00431019;0.00140941;-0.0756563
-198.293;103.749;0.11547;0.00614177;0.00029207;-0.133553
-189.836;103.749;0.169585;0.00705456;-0.000809285;-0.196161
-181.38;103.749;0.0962638;0.00625824;-0.00122718;-0.264653
-172.924;103.749;0.0194576;0.00538474;-0.000718161;-0.335239
-164.468;103.749;0.010408;0.00557548;0.00197536;-0.404738
-156.011;103.749;0.0204466;0.00560503;0.0055954;-0.467229
-147.555;103.749;0.00439141;0.00707692;0.00368677;-0.522697
-139.099;103.749;-0.0305233;0.00717639;0.00230811;-0.581052
-130.642;103.749;-0.0676085;0.0052434;0.00501428;-0.645376
-122.186;103.749;-0.102185;0.0043755;0.00626069;-0.701911
-113.73;103.749;-0.121741;0.00571398;0.00284169;-0.748214
-105.274;103.749;-0.112431;0.00684901;-0.000714156;-0.793394
-96.8173;103.749;-0.0873254;0.00518054;0.00171951;-0.845317
-88.361;103.749;-0.0725952;0.00734217;0.00466175;-0.876134
-79.9047;103.749;-0.0598608;0.00715447;0.00428537;-0.910314
-71.4484;103.749;-0.0551958;0.00550998;0.00358841;-0.953832
-62.9921;103.749;-0.0528909;0.00460972;0.00383192;-0.998513
-54.5358;103.749;-0.0560382;0.0053293;0.00446873;-1.03463
-46.0795;103.749;-0.0918048;0.00584012;0.00407278;-1.05998
-37.6233;103.749;-0.126406;0.00588235;0.000676883;-1.07984
-29.167;103.749;-0.134796;0.00554027;-0.00112615;-1.1013
-20.7107;103.749;-0.128889;0.00559361;-0.000659219;-1.1305
-12.2544;103.749;-0.125878;0.00653015;0.000349505;-1.16259
-3.79809;103.749;-0.136447;0.00779227;1.98559e-05;-1.18557
4.6582;103.749;-0.152254;0.00775981;0.00156049;-1.19164
13.1145;103.749;-0.167287;0.0076324;0.00284814;-1.19654
21.5708;103.749;-0.190271;0.00801901;0.00188667;-1.20426
30.0271;103.749;-0.211067;0.00892097;0.000446058;-1.21611
38.4834;103.749;-0.222155;0.00952819;0.000358095;-1.22801
46.9397;103.749;-0.276659;0.0093232;0.000412478;-1.22552
55.396;103.749;-0.353965;0.00630965;-0.00111821;-1.20766
63.8522;103.749;-0.333396;0.0071446;-0.00214767;-1.19422
72.3085;103.749;-0.203825;0.00745733;-0.00371295;-1.174
80.7648;103.749;-0.0740207;0.00531394;-0.00322975;-1.14976
89.2211;103.749;-0.0422189;0.00452963;-0.00278781;-1.12759
97.6774;103.749;-0.0835963;0.00735065;-0.00308869;-1.10844
106.134;103.749;-0.144339;0.0102681;-0.00410652;-1.08459
114.59;103.749;-0.17005;0.0110515;-0.00108904;-1.05416
123.046;103.749;-0.178509;0.0100802;0.000478541;-1.01594
131.503;103.749;-0.212928;0.00419778;-0.00208462;-0.962074
139.959;103.749;-0.252088;0.00179791;-0.00421768;-0.913376
148.415;103.749;-0.258383;0.00487549;-0.00320032;-0.873549
156.871;103.749;-0.249205;0.00861497;-0.00091871;-0.833958
165.328;103.749;-0.230122;0.00869009;-0.00118817;-0.781884
173.784;103.749;-0.23599;0.00887469;-0.00309152;-0.72431
182.24;103.749;-0.330514;0.00910484;-0.00247667;-0.658196
190.697;103.749;-0.434088;0.00919038;-0.00131381;-0.589138
199.153;103.749;-0.466746;0.00996121;-0.000853648;-0.520621
207.609;103.749;-0.386051;0.0105252;-0.0013805;-0.450602
216.065;103.749;-0.252113;0.00934678;-0.00270507;-0.369051
-206.749;95.2925;-0.0056411;0.00410177;0.00103863;-0.10067
-198.293;95.2925;0.0912277;0.00599304;-9.17004e-05;-0.160837
-189.836;95.2925;0.141722;0.00682574;-0.000150963;-0.223093
-181.38;95.2925;0.0872254;0.00585244;0.000408577;-0.291751
-172.924;95.2925;0.0304038;0.00505229;0.000457906;-0.365017
-164.468;95.2925;0.0280246;0.00548927;0.00151191;-0.436436
-156.011;95.2925;0.00886626;0.00598392;0.00406429;-0.499454
-147.555;95.2925;-0.0457168;0.0082848;0.00241791;-0.553866
-139.099;95.2925;-0.0906512;0.0078721;0.00157572;-0.615624
-130.642;95.2925;-0.106752;0.00506278;0.00447935;-0.686398
-122.186;95.2925;-0.103439;0.0035919;0.00506123;-0.748171
-113.73;95.2925;-0.0939206;0.00469691;0.00110991;-0.795935
-105.274;95.2925;-0.0906231;0.00622568;-0.00324959;-0.837881
-96.8173;95.2925;-0.110801;0.0062122;-0.00241077;-0.882035
-88.361;95.2925;-0.117504;0.00848099;0.00344114;-0.914178
-79.9047;95.2925;-0.10382;0.00855842;0.00778876;-0.951909
-71.4484;95.2925;-0.0939282;0.00611957;0.00847732;-0.999062
-62.9921;95.2925;-0.0851884;0.0036003;0.00665793;-1.04799
-54.5358;95.2925;-0.0764479;0.00315356;0.00435894;-1.08803
-46.0795;95.2925;-0.0902228;0.00442896;0.00307023;-1.11381
-37.6233;95.2925;-0.0998481;0.00521017;0.000689822;-1.13643
-29.167;95.2925;-0.0962027;0.00505443;0.00048126;-1.16137
-20.7107;95.2925;-0.0961497;0.00519539;0.00150128;-1.19002
-12.2544;95.2925;-0.109114;0.00616977;0.00152407;-1.21828
-3.79809;95.2925;-0.133691;0.00731915;-0.000350892;-1.2396
4.6582;95.2925;-0.158171;0.00746704;0.00152697;-1.25283
13.1145;95.2925;-0.172719;0.00760995;0.00392541;-1.2649
21.5708;95.2925;-0.199592;0.00856591;0.00337323;-1.27004
30.0271;95.2925;-0.21944;0.00963359;0.00157087;-1.27286
38.4834;95.2925;-0.214029;0.00939544;0.000495544;-1.27736
46.9397;95.2925;-0.236043;0.00776305;-0.000685126;-1.27515
55.396;95.2925;-0.285785;0.00513497;-0.00174143;-1.2636
63.8522;95.2925;-0.281446;0.00622844;-0.00217206;-1.25589
72.3085;95.2925;-0.222693;0.00730461;-0.00315908;-1.24263
80.7648;95.2925;-0.176563;0.00692577;-0.00191477;-1.22561
89.2211;95.2925;-0.157389;0.00828777;-0.000497475;-1.20788
97.6774;95.2925;-0.141519;0.0116651;-0.000900427;-1.19006
106.134;95.2925;-0.118501;0.0120511;-0.00296544;-1.16148
114.59;95.2925;-0.0898703;0.00959901;-0.0015735;-1.12555
123.046;95.2925;-0.0995216;0.0086747;-0.000120955;-1.08693
131.503;95.2925;-0.140753;0.00533323;-0.00135706;-1.03744
139.959;95.2925;-0.177661;0.00395955;-0.00250385;-0.988973
148.415;95.2925;-0.176559;0.00582885;-0.00194218;-0.944767
156.871;95.2925;-0.163828;0.00820952;-0.000338373;-0.899428
165.328;95.2925;-0.141069;0.00837732;-0.000308058;-0.846232
173.784;95.2925;-0.143217;0.00854059;-0.00196168;-0.788166
182.24;95.2925;-0.221009;0.00890815;-0.00217581;-0.722082
190.697;95.2925;-0.284979;0.00885416;-0.00193026;-0.652728
199.153;95.2925;-0.277308;0.00897475;-0.00205884;-0.583079
207.609;95.2925;-0.180552;0.00901944;-0.00234168;-0.511466
216.065;95.2925;-0.0790632;0.00775628;-0.00333876;-0.425985
224.522;95.2925;-0.00921189;0.00566446;-0.00475318;-0.333443
-206.749;86.8362;-0.00955212;0.00482802;0.000977901;-0.124274
-198.293;86.8362;0.053809;0.00582463;-0.000236974;-0.191405
-189.836;86.8362;0.0765387;0.00601248;-1.45795e-05;-0.258885
-181.38;86.8362;0.0382863;0.00524517;0.00110545;-0.327978
-172.924;86.8362;0.012966;0.00515775;0.00080755;-0.397205
-164.468;86.8362;0.0344789;0.00600706;0.000635682;-0.465323
-156.011;86.8362;0.0388823;0.0064371;0.00217056;-0.531261
-147.555;86.8362;-0.00218905;0.00886768;0.001328;-0.589368
-139.099;86.8362;-0.0275219;0.00878792;0.000850321;-0.652756
-130.642;86.8362;-0.0324954;0.00697701;0.00226922;-0.720758
-122.186;86.8362;-0.0135647;0.00530948;0.00202292;-0.785394
-113.73;86.8362;0.00411791;0.00425506;-0.000563532;-0.840849
-105.274;86.8362;-0.0175563;0.00342804;-0.00290593;-0.889434
-96.8173;86.8362;-0.0812817;0.00273006;-0.00210361;-0.934708
-88.361;86.8362;-0.0742921;0.00315948;0.00374454;-0.975368
-79.9047;86.8362;-0.0440549;0.00422984;0.00867553;-1.01832
-71.4484;86.8362;-0.0325316;0.00421283;0.00820978;-1.06377
-62.9921;86.8362;-0.0312272;0.00314915;0.00368851;-1.10508
-54.5358;86.8362;-0.031613;0.00241714;-0.00102232;-1.13629
-46.0795;86.8362;-0.0533693;0.00392592;-0.00194898;-1.15983
-37.6233;86.8362;-0.0550391;0.00510223;-0.00233317;-1.18771
-29.167;86.8362;-0.0522484;0.00564236;0.00018932;-1.21648
-20.7107;86.8362;-0.0476654;0.00597647;0.00332477;-1.24421
-12.2544;86.8362;-0.0468578;0.00650835;0.00389508;-1.26931
-3.79809;86.8362;-0.0551459;0.00716274;0.00125254;-1.29167
4.6582;86.8362;-0.0718261;0.00723064;0.00186148;-1.31591
13.1145;86.8362;-0.0884816;0.00716216;0.0030153;-1.33659
21.5708;86.8362;-0.120546;0.00850875;0.00207513;-1.33911
30.0271;86.8362;-0.136307;0.00992397;0.000931224;-1.3341
38.4834;86.8362;-0.112465;0.00978386;0.00050342;-1.33547
46.9397;86.8362;-0.0976246;0.00834773;-0.000675355;-1.34182
55.396;86.8362;-0.0696716;0.00651801;-0.00110497;-1.3447
63.8522;86.8362;0.000487594;0.0042212;-0.0022363;-1.33749
72.3085;86.8362;0.0660834;0.0027047;-0.00399704;-1.32286
80.7648;86.8362;0.0500883;0.00360059;-0.00331902;-1.30662
89.2211;86.8362;0.0197278;0.00783239;-0.00197558;-1.28638
97.6774;86.8362;0.0134649;0.0121974;-0.00243908;-1.26431
106.134;86.8362;0.0268278;0.0119327;-0.00352233;-1.23247
114.59;86.8362;0.0395374;0.00890608;-0.00143666;-1.19674
123.046;86.8362;0.00905236;0.00873767;0.000924951;-1.15831
131.503;86.8362;-0.0314776;0.00807387;0.000732269;-1.11592
139.959;86.8362;-0.0604845;0.00782563;-0.000519008;-1.07117
148.415;86.8362;-0.0648932;0.00806479;-0.00103536;-1.02255
156.871;86.8362;-0.0638117;0.00835408;-0.000157821;-0.967402
165.328;86.8362;-0.046505;0.00862491;0.000485759;-0.911987
173.784;86.8362;-0.0340229;0.00855598;-0.00121003;-0.85322
182.24;86.8362;-0.0542871;0.00852639;-0.00219134;-0.787374
190.697;86.8362;-0.0738184;0.00809666;-0.00248396;-0.716908
199.153;86.8362;-0.0461862;0.00751315;-0.00324198;-0.646161
207.609;86.8362;0.0287879;0.00726314;-0.00329028;-0.574106
216.065;86.8362;0.0864063;0.00646049;-0.00348536;-0.487103
224.522;86.8362;0.102802;0.00508362;-0.00409034;-0.391356
232.978;86.8362;0.0916386;0.00353404;-0.00444334;-0.288686
241.434;86.8362;-0.0159465;0.00406255;-0.00390624;-0.184049
-206.749;78.3799;-0.0268973;0.00543628;0.000994577;-0.149835
-198.293;78.3799;0.0242389;0.00589658;0.000168773;-0.221045
-189.836;78.3799;0.0118673;0.00595817;0.000518069;-0.292929
-181.38;78.3799;-0.041036;0.00590713;0.00179269;-0.362872
-172.924;78.3799;-0.0510699;0.00649946;0.00144454;-0.428246
-164.468;78.3799;0.00192113;0.00709566;0.000660996;-0.4946
-156.011;78.3799;0.0490776;0.00666292;0.00133208;-0.564877
-147.555;78.3799;0.0583753;0.00741558;0.00137154;-0.631014
-139.099;78.3799;0.0768641;0.00784202;0.00176253;-0.694396
-130.642;78.3799;0.0847284;0.00796487;0.00211254;-0.753909
-122.186;78.3799;0.0868206;0.00687391;0.00120395;-0.814279
-113.73;78.3799;0.0844343;0.00478121;0.000143315;-0.874547
-105.274;78.3799;0.0598565;0.00303748;0.000365895;-0.930271
-96.8173;78.3799;-0.00729848;0.00239522;0.00195242;-0.97816
-88.361;78.3799;0.0132979;0.000192403;0.0031678;-1.02374
-79.9047;78.3799;0.0554096;0.000836118;0.00392537;-1.06948
-71.4484;78.3799;0.0691823;0.00262112;0.00276867;-1.11258
-62.9921;78.3799;0.0622467;0.00349768;-0.000272396;-1.14806
-54.5358;78.3799;0.0446276;0.00314637;-0.00362217;-1.17369
-46.0795;78.3799;0.00740456;0.00410605;-0.00394139;-1.19843
-37.6233;78.3799;0.0105395;0.00522215;-0.00422811;-1.23522
-29.167;78.3799;0.0158948;0.00606682;-0.00199944;-1.26886
-20.7107;78.3799;0.0285754;0.00542193;0.00219977;-1.2969
-12.2544;78.3799;0.0482704;0.00443991;0.00490391;-1.32246
-3.79809;78.3799;0.0678033;0.00526329;0.00392636;-1.35124
4.6582;78.3799;0.0739964;0.00707589;0.00280076;-1.38014
13.1145;78.3799;0.0547437;0.00658435;0.00051423;-1.40341
21.5708;78.3799;0.0160015;0.00692791;-0.00179057;-1.40642
30.0271;78.3799;0.0028967;0.00796861;-0.00152516;-1.40335
38.4834;78.3799;0.0391689;0.00875804;0.00055533;-1.40906
46.9397;78.3799;0.0774578;0.00889219;0.000799316;-1.42407
55.396;78.3799;0.146434;0.00846841;-0.000698281;-1.43783
63.8522;78.3799;0.247117;0.00353818;-0.0037172;-1.42596
72.3085;78.3799;0.310078;-0.0013987;-0.00562975;-1.39969
80.7648;78.3799;0.262216;-0.00120988;-0.00589942;-1.37501
89.2211;78.3799;0.179113;0.00352467;-0.0052292;-1.34983
97.6774;78.3799;0.145718;0.00718245;-0.00584746;-1.32606
106.134;78.3799;0.150017;0.00641992;-0.00524528;-1.29558
114.59;78.3799;0.161732;0.00426388;-0.00193926;-1.26282
123.046;78.3799;0.140628;0.00532148;0.0011173;-1.2266
131.503;78.3799;0.109677;0.00699195;0.0010212;-1.19224
139.959;78.3799;0.0802159;0.0086379;-0.000873889;-1.15246
148.415;78.3799;0.0580846;0.00921694;-0.00209614;-1.10031
156.871;78.3799;0.0323519;0.00888759;-0.00145265;-1.03669
165.328;78.3799;0.0406581;0.00903541;-0.000475536;-0.978624
173.784;78.3799;0.0598906;0.00889849;-0.00228412;-0.91941
182.24;78.3799;0.0604011;0.00885313;-0.00278739;-0.852641
190.697;78.3799;0.060272;0.00864333;-0.00245628;-0.779987
199.153;78.3799;0.0835944;0.00826122;-0.0032024;-0.707934
207.609;78.3799;0.128403;0.00828229;-0.00346017;-0.635184
216.065;78.3799;0.17015;0.00764;-0.00358002;-0.548125
224.522;78.3799;0.203174;0.00583322;-0.0037366;-0.448739
232.978;78.3799;0.134263;0.00356146;-0.00359331;-0.340452
241.434;78.3799;-0.0627306;0.0034742;-0.00283526;-0.229931
-223.662;69.9236;-0.0404966;0.00651191;-5.56551e-06;-0.0374272
-215.205;69.9236;-0.108329;0.00567962;0.000143856;-0.0991387
-206.749;69.9236;-0.0456241;0.00525519;0.000708965;-0.175192
-198.293;69.9236;0.0189825;0.00568324;0.000440187;-0.248039
-189.836;69.9236;-0.0354671;0.00576398;0.00139862;-0.320975
-181.38;69.9236;-0.112217;0.00582244;0.00263861;-0.391274
-172.924;69.9236;-0.113005;0.00619261;0.00198882;-0.456968
-164.468;69.9236;-0.0636351;0.00624868;0.000801076;-0.525286
-156.011;69.9236;-0.0198982;0.00523651;0.000735219;-0.599532
-147.555;69.9236;0.0150156;0.00482742;0.000963259;-0.671525
-139.099;69.9236;0.0761026;0.00642645;0.00231032;-0.732315
-130.642;69.9236;0.0954536;0.00819054;0.00209217;-0.783802
-122.186;69.9236;0.0786652;0.00760935;0.000552656;-0.837934
-113.73;69.9236;0.0583907;0.00498495;0.000672337;-0.90007
-105.274;69.9236;0.0461013;0.00262353;0.00349257;-0.963982
-96.8173;69.9236;0.020177;0.00207265;0.00608813;-1.01878
-88.361;69.9236;0.0499098;-0.00108859;0.00275346;-1.06075
-79.9047;69.9236;0.0930005;-0.0011814;-0.00136802;-1.10066
-71.4484;69.9236;0.102105;0.000854248;-0.00200979;-1.14096
-62.9921;69.9236;0.0812685;0.00267405;-0.00103865;-1.17856
-54.5358;69.9236;0.0478816;0.00292761;-0.000957933;-1.21048
-46.0795;69.9236;0.0171844;0.00321923;-0.000371415;-1.24315
-37.6233;69.9236;0.04171;0.00502527;-0.00295256;-1.28436
-29.167;69.9236;0.0692303;0.00642459;-0.00488135;-1.31909
-20.7107;69.9236;0.0874751;0.00433267;-0.00332455;-1.34663
-12.2544;69.9236;0.102777;0.00131731;5.74982e-07;-1.37493
-3.79809;69.9236;0.120651;0.0028076;0.00218527;-1.41507
4.6582;69.9236;0.129242;0.006652;0.00232316;-1.4467
13.1145;69.9236;0.102999;0.00610224;-0.000963325;-1.4645
21.5708;69.9236;0.0753348;0.00536653;-0.00336066;-1.46922
30.0271;69.9236;0.0767845;0.00625361;-0.00209768;-1.47212
38.4834;69.9236;0.109817;0.00830567;0.00148487;-1.47975
46.9397;69.9236;0.13196;0.00960184;0.00298737;-1.49264
55.396;69.9236;0.190268;0.0103371;-0.000802315;-1.50768
63.8522;69.9236;0.252261;0.00733208;-0.00526288;-1.49886
72.3085;69.9236;0.262932;0.0017223;-0.00530998;-1.46643
80.7648;69.9236;0.189697;-0.000943378;-0.00601974;-1.43057
89.2211;69.9236;0.120763;0.000334215;-0.00713961;-1.40428
97.6774;69.9236;0.103842;0.00191173;-0.00854459;-1.384
106.134;69.9236;0.113886;-0.000365233;-0.00741574;-1.35437
114.59;69.9236;0.123738;-0.00391351;-0.00484648;-1.31728
123.046;69.9236;0.120044;-0.00211002;-0.00168161;-1.28098
131.503;69.9236;0.101648;0.00253686;-0.000635516;-1.25087
139.959;69.9236;0.0692192;0.00728816;-0.000781099;-1.2127
148.415;69.9236;0.030599;0.00948212;-0.000432732;-1.15716
156.871;69.9236;0.0108958;0.00929167;0.000221413;-1.0905
165.328;69.9236;0.0434981;0.0093267;-5.42474e-06;-1.03429
173.784;69.9236;0.0920291;0.00951451;-0.00254798;-0.977847
182.24;69.9236;0.117824;0.00989102;-0.00229811;-0.910722
190.697;69.9236;0.11355;0.00988978;-0.00159214;-0.836622
199.153;69.9236;0.117258;0.00993553;-0.00196033;-0.763748
207.609;69.9236;0.140388;0.0102465;-0.00234683;-0.68961
216.065;69.9236;0.186425;0.00997984;-0.00301126;-0.602836
224.522;69.9236;0.23476;0.00796945;-0.0036011;-0.49796
232.978;69.9236;0.23408;0.00466772;-0.0034232;-0.381129
241.434;69.9236;0.177291;0.00384047;-0.00229732;-0.264372
-223.662;61.4673;-0.098151;0.00521928;0.000471855;-0.0559691
-215.205;61.4673;-0.150461;0.0043527;0.000305986;-0.12369
-206.749;61.4673;-0.0725003;0.00466006;0.00052816;-0.19973
-198.293;61.4673;-0.0294064;0.00540346;0.000672632;-0.272623
-189.836;61.4673;-0.093561;0.00552563;0.0016145;-0.343412
-181.38;61.4673;-0.150207;0.00496774;0.0020812;-0.412711
-172.924;61.4673;-0.134413;0.00430207;0.0011804;-0.481707
-164.468;61.4673;-0.103878;0.00387058;-7.25029e-06;-0.55392
-156.011;61.4673;-0.0855617;0.00320984;-0.000212457;-0.629363
-147.555;61.4673;-0.0462441;0.00339818;-0.000212123;-0.701189
-139.099;61.4673;0.0257831;0.00599353;0.00139144;-0.759832
-130.642;61.4673;0.0460456;0.00777152;0.00105561;-0.810158
-122.186;61.4673;0.0163113;0.00645165;-6.1435e-06;-0.864008
-113.73;61.4673;-0.00964312;0.00298451;0.00102822;-0.9277
-105.274;61.4673;-0.000223867;0.000246122;0.0043724;-0.996188
-96.8173;61.4673;0.0114568;0.000151288;0.0064678;-1.05691
-88.361;61.4673;0.0319628;-0.00214553;0.00242339;-1.09407
-79.9047;61.4673;0.0584746;-0.00224876;-0.00294151;-1.12407
-71.4484;61.4673;0.0619891;0.000122584;-0.00240168;-1.15897
-62.9921;61.4673;0.044525;0.00244782;0.00132464;-1.20119
-54.5358;61.4673;0.0204959;0.00294538;0.0036156;-1.24578
-46.0795;61.4673;0.00930893;0.00320063;0.00484268;-1.291
-37.6233;61.4673;0.0514819;0.00514408;0.000652472;-1.33284
-29.167;61.4673;0.109304;0.00706241;-0.00566936;-1.36825
-20.7107;61.4673;0.138531;0.00458591;-0.00823662;-1.39727
-12.2544;61.4673;0.141085;5.35901e-05;-0.00611757;-1.43129
-3.79809;61.4673;0.14101;0.00102152;-0.0017361;-1.48453
4.6582;61.4673;0.16304;0.0058401;-0.000922212;-1.51891
13.1145;61.4673;0.154728;0.00546936;-0.00258941;-1.52877
21.5708;61.4673;0.169555;0.00519385;-0.00359245;-1.53542
30.0271;61.4673;0.219086;0.00676904;-0.00238481;-1.54315
38.4834;61.4673;0.269507;0.00913835;0.000602394;-1.55052
46.9397;61.4673;0.34044;0.0102521;0.00254082;-1.55952
55.396;61.4673;0.408501;0.0113519;-0.00158181;-1.571
63.8522;61.4673;0.435747;0.0119173;-0.00583297;-1.56964
72.3085;61.4673;0.3788;0.00854722;-0.00464094;-1.54252
80.7648;61.4673;0.279591;0.0045025;-0.00539528;-1.50394
89.2211;61.4673;0.185196;0.00325083;-0.00704135;-1.47507
97.6774;61.4673;0.137779;0.00379424;-0.00865576;-1.45629
106.134;61.4673;0.122213;0.000573019;-0.00895966;-1.4251
114.59;61.4673;0.123013;-0.00408829;-0.00925394;-1.38247
123.046;61.4673;0.1321;-0.000163596;-0.00650985;-1.34942
131.503;61.4673;0.123828;0.00529634;-0.00340463;-1.31599
139.959;61.4673;0.0962852;0.00896984;-0.00111167;-1.26896
148.415;61.4673;0.060697;0.00994215;0.00092404;-1.20689
156.871;61.4673;0.0510753;0.0099098;0.00167939;-1.14277
165.328;61.4673;0.101469;0.011179;0.000759378;-1.09165
173.784;61.4673;0.170227;0.0122842;-0.00132038;-1.03772
182.24;61.4673;0.215704;0.0115845;-0.00152806;-0.968156
190.697;61.4673;0.194523;0.0104747;-0.00143839;-0.890349
199.153;61.4673;0.181116;0.0103911;-0.00178575;-0.814966
207.609;61.4673;0.192931;0.0107388;-0.00226517;-0.737579
216.065;61.4673;0.233329;0.0108024;-0.00305157;-0.649183
224.522;61.4673;0.280997;0.0090121;-0.00367074;-0.538672
232.978;61.4673;0.332049;0.0051807;-0.00349209;-0.41342
241.434;61.4673;0.369681;0.00288511;-0.00247455;-0.286679
-223.662;53.011;-0.120562;0.00400209;0.000885494;-0.0736884
-215.205;53.011;-0.160681;0.00348016;0.000889027;-0.146904
-206.749;53.011;-0.107801;0.00436753;0.00123125;-0.224289
-198.293;53.011;-0.0974608;0.00538884;0.00163901;-0.296561
-189.836;53.011;-0.128784;0.00568469;0.00179229;-0.364743
-181.38;53.011;-0.126429;0.00489441;0.00107768;-0.432335
-172.924;53.011;-0.0870956;0.00361916;0.000314205;-0.50313
-164.468;53.011;-0.0670584;0.00290248;0.000146665;-0.57751
-156.011;53.011;-0.0598077;0.00299554;0.000544507;-0.650667
-147.555;53.011;-0.0325654;0.00444766;3.79888e-05;-0.718274
-139.099;53.011;0.016123;0.00688846;0.000832109;-0.77777
-130.642;53.011;0.0223206;0.00698073;0.000545907;-0.835083
-122.186;53.011;-0.0115936;0.00396689;0.00150866;-0.895332
-113.73;53.011;-0.030478;0.000144437;0.00357547;-0.961374
-105.274;53.011;-0.00867496;-0.0015004;0.0046313;-1.02698
-96.8173;53.011;0.00488237;2.03147e-05;0.00219483;-1.08245
-88.361;53.011;0.00614595;-0.0012614;-0.000908628;-1.12006
-79.9047;53.011;0.0152614;-0.00138736;-0.00308013;-1.15039
-71.4484;53.011;0.0229068;0.00104933;-0.00058864;-1.18127
-62.9921;53.011;0.0248786;0.00318245;0.00347605;-1.22364
-54.5358;53.011;0.022029;0.00344538;0.00525064;-1.27682
-46.0795;53.011;0.0254299;0.00319384;0.00606663;-1.32954
-37.6233;53.011;0.0724255;0.0046279;0.00414316;-1.37094
-29.167;53.011;0.155354;0.00739579;-0.00236289;-1.41228
-20.7107;53.011;0.196445;0.00622199;-0.00553018;-1.44914
-12.2544;53.011;0.196132;0.00116227;-0.00327577;-1.48789
-3.79809;53.011;0.200281;-0.000381532;0.000179036;-1.54084
4.6582;53.011;0.266803;0.00363835;-0.00156761;-1.57571
13.1145;53.011;0.314088;0.00395575;-0.00277463;-1.58483
21.5708;53.011;0.36012;0.00515007;-0.00398492;-1.59902
30.0271;53.011;0.434085;0.00764695;-0.00450209;-1.61449
63.8522;53.011;0.813959;0.0146727;-0.00371414;-1.64105
72.3085;53.011;0.740781;0.0142976;-0.00315481;-1.62481
80.7648;53.011;0.589129;0.0106104;-0.00476175;-1.59089
89.2211;53.011;0.41753;0.00857769;-0.00523198;-1.55796
97.6774;53.011;0.295822;0.00903682;-0.00494423;-1.53695
106.134;53.011;0.233529;0.00608645;-0.00642571;-1.50418
114.59;53.011;0.22296;0.00132234;-0.00920678;-1.45877
123.046;53.011;0.237109;0.00518202;-0.00804772;-1.42307
131.503;53.011;0.23358;0.00902919;-0.0041801;-1.38067
139.959;53.011;0.212513;0.00971356;-0.00155158;-1.32305
148.415;53.011;0.183238;0.00922963;-0.000798793;-1.25826
156.871;53.011;0.166925;0.0100847;-0.00117578;-1.19945
165.328;53.011;0.203504;0.0120377;-0.00106009;-1.14908
173.784;53.011;0.264379;0.0131583;-0.00162939;-1.09292
182.24;53.011;0.314982;0.0125038;-0.00240017;-1.02271
190.697;53.011;0.279596;0.0110119;-0.00282696;-0.940408
199.153;53.011;0.259193;0.0106647;-0.00299418;-0.859865
207.609;53.011;0.271761;0.0096873;-0.00354456;-0.77506
216.065;53.011;0.321;0.00807121;-0.00430096;-0.680997
224.522;53.011;0.369146;0.0060181;-0.00425482;-0.566751
232.978;53.011;0.435263;0.00391351;-0.00357632;-0.439257
241.434;53.011;0.505596;0.00200364;-0.0030463;-0.304429
-223.662;44.5547;-0.129096;0.00352616;0.00100556;-0.0876827
-215.205;44.5547;-0.144178;0.00345836;0.00168275;-0.165908
-206.749;44.5547;-0.104146;0.00460747;0.00239008;-0.24504
-198.293;44.5547;-0.0911724;0.00547259;0.00294773;-0.318995
-189.836;44.5547;-0.0826665;0.00602213;0.00264074;-0.38756
-181.38;44.5547;-0.0403989;0.00615437;0.00148504;-0.453961
-172.924;44.5547;0.00986711;0.00571672;0.00114861;-0.524071
-164.468;44.5547;0.0247522;0.00515458;0.00239491;-0.597938
-156.011;44.5547;0.0299372;0.00557035;0.00325889;-0.667063
-147.555;44.5547;0.0264827;0.00736421;0.00187784;-0.730132
-139.099;44.5547;0.0453294;0.00868459;0.00126439;-0.791659
-130.642;44.5547;0.0385902;0.00678675;0.000834903;-0.856651
-122.186;44.5547;0.0198398;0.00272967;0.00352123;-0.925339
-113.73;44.5547;0.0172728;-0.000125009;0.00595657;-0.992126
-105.274;44.5547;0.0286756;0.000952963;0.00446714;-1.04837
-96.8173;44.5547;0.0193688;0.00504536;-0.00199228;-1.09085
-88.361;44.5547;0.013547;0.0030607;-0.00467821;-1.13163
-79.9047;44.5547;0.0266142;0.000837427;-0.00505186;-1.17336
-71.4484;44.5547;0.0492984;0.00238711;-0.00164722;-1.2126
-62.9921;44.5547;0.0640212;0.00453954;0.00311137;-1.25889
-54.5358;44.5547;0.0662009;0.00468317;0.00569903;-1.31254
-46.0795;44.5547;0.0719586;0.00320562;0.00610221;-1.36217
-37.6233;44.5547;0.118078;0.00371969;0.00620512;-1.39876
-29.167;44.5547;0.214169;0.00603709;0.00160705;-1.44266
-20.7107;44.5547;0.267404;0.00547924;-0.00125561;-1.48667
-12.2544;44.5547;0.294501;0.00127394;0.000207924;-1.52712
-3.79809;44.5547;0.353974;-0.000891227;0.00225865;-1.57159
4.6582;44.5547;0.491722;0.00253665;-0.00127283;-1.6088
13.1145;44.5547;0.573083;0.00425372;-0.0022268;-1.63038
21.5708;44.5547;0.56208;0.00594032;-0.00377735;-1.65894
30.0271;44.5547;0.66071;0.00807446;-0.0053262;-1.68513
63.8522;44.5547;1.2055;0.0129301;-0.0076943;-1.70052
72.3085;44.5547;1.07284;0.0122953;-0.00865266;-1.68815
80.7648;44.5547;0.894257;0.00916889;-0.00949614;-1.661
89.2211;44.5547;0.666641;0.00863142;-0.00678239;-1.63092
97.6774;44.5547;0.483599;0.0107953;-0.00279237;-1.61057
106.134;44.5547;0.383397;0.00951721;-0.00275292;-1.57887
114.59;44.5547;0.361608;0.00664665;-0.00589426;-1.53611
123.046;44.5547;0.371996;0.00877343;-0.00633111;-1.49236
131.503;44.5547;0.367452;0.0100804;-0.00263159;-1.44
139.959;44.5547;0.348744;0.00923884;-0.000625956;-1.37843
148.415;44.5547;0.318578;0.00859713;-0.00191771;-1.31581
156.871;44.5547;0.281942;0.00971333;-0.00367245;-1.25772
165.328;44.5547;0.279804;0.0111926;-0.00309936;-1.20216
173.784;44.5547;0.311712;0.0115332;-0.00310669;-1.13991
182.24;44.5547;0.355022;0.0119782;-0.00457991;-1.06937
190.697;44.5547;0.315711;0.011772;-0.00439527;-0.983118
199.153;44.5547;0.299593;0.0121814;-0.00294175;-0.897084
207.609;44.5547;0.331024;0.0101917;-0.0032425;-0.804829
216.065;44.5547;0.423786;0.0067568;-0.00485061;-0.70624
224.522;44.5547;0.493648;0.00385012;-0.00494038;-0.59193
232.978;44.5547;0.543223;0.00269802;-0.00399897;-0.464315
241.434;44.5547;0.585048;0.00314274;-0.00348707;-0.32704
249.891;44.5547;0.651081;0.0020123;-0.00286064;-0.190992
-232.118;36.0984;-0.0931622;0.00314901;7.11504e-05;-0.0391818
-223.662;36.0984;-0.139586;0.00276875;0.000538279;-0.101512
-215.205;36.0984;-0.0894127;0.00368815;0.00111857;-0.177533
-206.749;36.0984;-0.0451887;0.00481282;0.00207159;-0.255384
-198.293;36.0984;-0.0310627;0.00505477;0.00262274;-0.330605
-189.836;36.0984;-0.0104281;0.00535013;0.00222313;-0.401483
-181.38;36.0984;0.0246836;0.0060758;0.00165548;-0.469474
-172.924;36.0984;0.0540559;0.00673041;0.00214329;-0.539815
-164.468;36.0984;0.0543853;0.00697843;0.00366743;-0.612041
-156.011;36.0984;0.0232598;0.00757534;0.00386326;-0.678289
-147.555;36.0984;-0.00659289;0.00961806;0.00206138;-0.737037
-139.099;36.0984;0.00137401;0.0104919;0.00108524;-0.79765
-130.642;36.0984;0.0203154;0.00846329;0.00133871;-0.863424
-122.186;36.0984;0.0426594;0.00445186;0.00386199;-0.934796
-113.73;36.0984;0.0572308;0.0024544;0.0050271;-1.00143
-105.274;36.0984;0.0526565;0.00478223;0.00239731;-1.05531
-96.8173;36.0984;0.0313087;0.00877135;-0.00308422;-1.10143
-88.361;36.0984;0.0305677;0.00738119;-0.00485982;-1.1551
-79.9047;36.0984;0.0541596;0.00486881;-0.00537799;-1.21067
-71.4484;36.0984;0.0819567;0.00519352;-0.00254484;-1.2599
-62.9921;36.0984;0.0942981;0.00602507;0.00249838;-1.30998
-54.5358;36.0984;0.0928451;0.00577797;0.00629273;-1.36069
-46.0795;36.0984;0.0996458;0.00475643;0.00632556;-1.40238
-37.6233;36.0984;0.143906;0.00501263;0.00664256;-1.43198
-29.167;36.0984;0.244584;0.00614108;0.00310116;-1.47228
-20.7107;36.0984;0.348198;0.00491582;-0.000219688;-1.51674
-12.2544;36.0984;0.45202;0.00133769;-0.00166168;-1.55664
-3.79809;36.0984;0.595944;-0.000100398;-0.00315535;-1.59623
4.6582;36.0984;0.793417;0.00327782;-0.00465024;-1.63446
13.1145;36.0984;0.682627;0.00458913;-0.00388696;-1.66615
21.5708;36.0984;0.474051;0.00556292;-0.00369941;-1.70145
30.0271;36.0984;0.489493;0.00693446;-0.0036162;-1.73181
63.8522;36.0984;0.705527;0.0095348;-0.00795665;-1.7409
72.3085;36.0984;0.764452;0.00769111;-0.0108796;-1.73202
80.7648;36.0984;0.811121;0.00574684;-0.0115556;-1.71608
89.2211;36.0984;0.665627;0.00748064;-0.00759525;-1.69503
97.6774;36.0984;0.492595;0.00988608;-0.0031186;-1.67244
106.134;36.0984;0.369413;0.00697659;-0.00226137;-1.62915
114.59;36.0984;0.313758;0.00620669;-0.00389242;-1.58362
123.046;36.0984;0.297073;0.00914412;-0.005079;-1.5369
131.503;36.0984;0.280609;0.00976584;-0.00163167;-1.47969
139.959;36.0984;0.26633;0.00876654;0.000480367;-1.41748
148.415;36.0984;0.250578;0.00841042;-0.00120064;-1.35682
156.871;36.0984;0.226261;0.00949501;-0.00367628;-1.29862
165.328;36.0984;0.227116;0.010727;-0.0033549;-1.23959
173.784;36.0984;0.259939;0.0109128;-0.00368964;-1.17407
182.24;36.0984;0.299485;0.0123258;-0.00544757;-1.10337
190.697;36.0984;0.240476;0.0135487;-0.00314266;-1.01594
199.153;36.0984;0.234316;0.0138184;-5.3204e-05;-0.92353
207.609;36.0984;0.306101;0.0112508;-0.000392024;-0.82512
216.065;36.0984;0.462999;0.00658909;-0.00318461;-0.723388
224.522;36.0984;0.590807;0.00235955;-0.0039786;-0.610289
232.978;36.0984;0.642371;0.00213863;-0.00296662;-0.488107
241.434;36.0984;0.662616;0.00622681;-0.0022235;-0.360191
249.891;36.0984;0.684597;0.00477795;-0.00166182;-0.226161
-232.118;27.6421;-0.215215;0.00271704;0.000340033;-0.0475018
-223.662;27.6421;-0.160203;0.00241079;0.000432391;-0.111056
-215.205;27.6421;-0.0520445;0.00409254;9.41786e-05;-0.185981
-206.749;27.6421;-0.0246953;0.00491944;0.00074178;-0.260636
-198.293;27.6421;-0.0727433;0.00456325;0.00141729;-0.33462
-189.836;27.6421;-0.0926404;0.00424506;0.00165993;-0.407434
-181.38;27.6421;-0.0572363;0.00456975;0.00231722;-0.479832
-172.924;27.6421;-0.0062132;0.00537816;0.00347651;-0.554235
-164.468;27.6421;-0.00293188;0.00620611;0.00387099;-0.626053
-156.011;27.6421;-0.0737541;0.00710585;0.00293791;-0.69132
-147.555;27.6421;-0.110503;0.00870363;0.00138806;-0.750832
-139.099;27.6421;-0.0649114;0.00836885;0.00143299;-0.815111
-130.642;27.6421;-0.00825175;0.00534512;0.00310228;-0.883568
-122.186;27.6421;0.028597;0.00243023;0.00465611;-0.952732
-113.73;27.6421;0.0452461;0.00146419;0.00394082;-1.0148
-105.274;27.6421;0.0451099;0.00268975;0.0011841;-1.07088
-96.8173;27.6421;0.0292139;0.00478938;-0.00127621;-1.12961
-88.361;27.6421;0.0257853;0.00566593;-0.000956997;-1.19798
-79.9047;27.6421;0.0294486;0.00667437;-0.00126177;-1.25662
-71.4484;27.6421;0.0465355;0.0075712;-0.000593023;-1.30324
-62.9921;27.6421;0.0593584;0.00671106;0.00250194;-1.34584
-54.5358;27.6421;0.0669881;0.00495782;0.00615056;-1.38786
-46.0795;27.6421;0.083662;0.00495321;0.00574229;-1.42917
-37.6233;27.6421;0.120332;0.00691786;0.00472246;-1.46474
-29.167;27.6421;0.222829;0.00857213;0.0021253;-1.51004
-20.7107;27.6421;0.375902;0.00697584;-0.000369503;-1.55995
-12.2544;27.6421;0.583298;0.0030278;-0.00254843;-1.60263
-3.79809;27.6421;0.75469;0.000883119;-0.00599736;-1.63803
4.6582;27.6421;0.696811;0.00341502;-0.00729752;-1.67094
13.1145;27.6421;0.0539236;0.00384864;-0.00580967;-1.70301
21.5708;27.6421;-0.328478;0.00437806;-0.00449754;-1.73866
30.0271;27.6421;-0.132315;0.00567452;-0.00268514;-1.76601
38.4834;27.6421;0.145726;0.00679428;-0.000945183;-1.77591
46.9397;27.6421;0.220726;0.00690156;-0.00123691;-1.76926
55.396;27.6421;0.112626;0.00700934;-0.0016441;-1.76378
63.8522;27.6421;0.170781;0.009393;-0.00187297;-1.76841
72.3085;27.6421;0.311139;0.00859556;-0.00448152;-1.76411
80.7648;27.6421;0.535873;0.00889214;-0.00596501;-1.75798
89.2211;27.6421;0.516689;0.0120728;-0.00562932;-1.74458
97.6774;27.6421;0.375659;0.0130856;-0.00489549;-1.71079
106.134;27.6421;0.228109;0.00654645;-0.00436225;-1.65008
114.59;27.6421;0.123385;0.0058725;-0.0028907;-1.60096
123.046;27.6421;0.0716656;0.00934271;-0.00325527;-1.55584
131.503;27.6421;0.0884496;0.00904862;-0.00082606;-1.50239
139.959;27.6421;0.128889;0.00842513;0.00104407;-1.44784
148.415;27.6421;0.164567;0.00891851;4.13458e-05;-1.39327
156.871;27.6421;0.173119;0.0100564;-0.00219333;-1.3343
165.328;27.6421;0.190743;0.0112992;-0.00209249;-1.27255
173.784;27.6421;0.227582;0.0118485;-0.00249724;-1.20542
182.24;27.6421;0.261545;0.0133578;-0.00370601;-1.13345
190.697;27.6421;0.20954;0.0147881;-0.00113019;-1.04644
199.153;27.6421;0.196339;0.013763;0.00139057;-0.946635
207.609;27.6421;0.26659;0.0104141;0.000641048;-0.840103
216.065;27.6421;0.445129;0.00542654;-0.0021336;-0.732362
224.522;27.6421;0.608756;0.00155718;-0.00298766;-0.622388
232.978;27.6421;0.682632;0.00322569;-0.00212126;-0.508311
241.434;27.6421;0.657059;0.0101672;-0.00113635;-0.389584
249.891;27.6421;0.633549;0.00697842;-0.000639931;-0.244288
-232.118;19.1858;-0.305128;0.00348875;0.000446119;-0.0490283
-223.662;19.1858;-0.218436;0.0035054;0.000802559;-0.113564
-215.205;19.1858;-0.0836693;0.00486192;6.14585e-05;-0.191121
-206.749;19.1858;-0.0973762;0.0053738;0.00031248;-0.265653
-198.293;19.1858;-0.207549;0.00480264;0.000502073;-0.338363
-189.836;19.1858;-0.254519;0.00418336;0.000998674;-0.411971
-181.38;19.1858;-0.197097;0.00427074;0.00241119;-0.487227
-172.924;19.1858;-0.0898902;0.0051393;0.00411904;-0.563987
-164.468;19.1858;-0.0278014;0.00589099;0.00404913;-0.635523
-156.011;19.1858;-0.0695361;0.00586709;0.00285508;-0.704063
-147.555;19.1858;-0.0962251;0.00625967;0.00149042;-0.769096
-139.099;19.1858;-0.0229541;0.00311867;0.00206075;-0.843805
-130.642;19.1858;0.0268618;5.80443e-05;0.00395495;-0.913665
-122.186;19.1858;0.0395594;0.000321435;0.00466066;-0.975973
-113.73;19.1858;0.0419289;0.00157758;0.00357571;-1.02986
-105.274;19.1858;0.0412394;0.00212285;0.00177791;-1.08217
-96.8173;19.1858;0.0220794;0.00289734;0.000937258;-1.14007
-88.361;19.1858;0.00862022;0.00452468;0.00157519;-1.21394
-79.9047;19.1858;-0.00323221;0.00636917;0.00199069;-1.28039
-71.4484;19.1858;-0.00545894;0.00722075;0.00166514;-1.32626
-62.9921;19.1858;0.00706626;0.00524786;0.00292664;-1.3607
-54.5358;19.1858;0.0285328;0.00233669;0.00548601;-1.39646
-46.0795;19.1858;0.052665;0.00257295;0.00449265;-1.44265
-37.6233;19.1858;0.0869702;0.00652699;0.00201158;-1.4917
-29.167;19.1858;0.181978;0.0108078;7.85835e-05;-1.54963
-20.7107;19.1858;0.331501;0.0110683;-5.31151e-05;-1.60982
-12.2544;19.1858;0.518982;0.00782069;0.000274302;-1.65492
-3.79809;19.1858;0.570165;0.00455081;-0.00104682;-1.68144
4.6582;19.1858;0.238601;0.00477417;-0.00216729;-1.70036
13.1145;19.1858;-0.63869;0.00450806;-0.00273852;-1.72698
21.5708;19.1858;-0.731781;0.00540824;-0.00288166;-1.7639
30.0271;19.1858;-0.329924;0.00711166;-0.00170736;-1.79204
38.4834;19.1858;0.0417661;0.00776048;9.58353e-05;-1.79871
46.9397;19.1858;-0.0265935;0.00687787;0.000662307;-1.78906
55.396;19.1858;-0.140779;0.00810038;0.00186164;-1.79028
63.8522;19.1858;-0.0578138;0.0121362;0.00269325;-1.8006
72.3085;19.1858;0.155031;0.0140029;0.00202102;-1.80204
80.7648;19.1858;0.355903;0.0168413;0.000329715;-1.79902
89.2211;19.1858;0.36725;0.0205208;-0.00264716;-1.78179
97.6774;19.1858;0.205662;0.020216;-0.00527678;-1.73374
106.134;19.1858;0.0186586;0.0125875;-0.00469316;-1.66513
114.59;19.1858;-0.111062;0.0111348;9.80211e-05;-1.6165
123.046;19.1858;-0.131705;0.011698;0.00124958;-1.57222
131.503;19.1858;-0.0272499;0.00832563;0.00127607;-1.51981
139.959;19.1858;0.0858464;0.00788825;0.00118145;-1.47252
148.415;19.1858;0.164287;0.00983588;0.000189924;-1.42504
156.871;19.1858;0.195864;0.0110858;-0.00136772;-1.36679
165.328;19.1858;0.22865;0.01175;-0.00134252;-1.30319
173.784;19.1858;0.267635;0.0123001;-0.00151044;-1.2354
182.24;19.1858;0.291625;0.0134953;-0.00193116;-1.16193
190.697;19.1858;0.240417;0.0144021;-0.000832461;-1.07366
199.153;19.1858;0.198352;0.0123667;6.23961e-06;-0.965485
207.609;19.1858;0.237843;0.00819738;-0.000904256;-0.849858
216.065;19.1858;0.40231;0.00380346;-0.00258191;-0.738289
224.522;19.1858;0.573705;0.00208258;-0.00269798;-0.633178
232.978;19.1858;0.647889;0.00535843;-0.00206481;-0.52452
241.434;19.1858;0.625099;0.0120268;-0.00113263;-0.406672
249.891;19.1858;0.583843;0.00713379;-0.000612079;-0.251471
-240.574;10.7295;-0.242681;0.00445887;-0.000918594;-0.0075406
-232.118;10.7295;-0.3057;0.00435731;0.000225897;-0.047891
-223.662;10.7295;-0.248568;0.00461229;0.000889131;-0.112549
-215.205;10.7295;-0.139265;0.00543869;0.000831082;-0.191761
-206.749;10.7295;-0.164023;0.00558512;0.00104381;-0.271296
-198.293;10.7295;-0.230592;0.00522147;0.000772454;-0.345786
-189.836;10.7295;-0.260577;0.00477107;0.000995976;-0.420803
-181.38;10.7295;-0.209851;0.00496202;0.00212502;-0.496953
-172.924;10.7295;-0.0951274;0.0061486;0.00349921;-0.571535
-164.468;10.7295;-0.00472394;0.00712075;0.00339791;-0.640064
-156.011;10.7295;-0.0229725;0.0064574;0.00257186;-0.710686
-147.555;10.7295;-0.0357163;0.00583231;0.00156063;-0.780721
-139.099;10.7295;0.0264206;0.00400674;0.00130652;-0.853712
-130.642;10.7295;0.0545439;0.00493169;0.00205128;-0.914036
-122.186;10.7295;0.043598;0.00642305;0.00265478;-0.976992
-113.73;10.7295;0.037016;0.00551329;0.00296866;-1.04078
-105.274;10.7295;0.0371103;0.00312863;0.00285211;-1.09736
-96.8173;10.7295;0.0112342;0.00218624;0.00221774;-1.1417
-88.361;10.7295;-0.008333;0.00313181;0.00180325;-1.20141
-79.9047;10.7295;-0.0205583;0.00458828;0.00220158;-1.27093
-71.4484;10.7295;-0.0335577;0.005462;0.00204165;-1.32477
-62.9921;10.7295;-0.0233487;0.00425807;0.00251661;-1.36646
-54.5358;10.7295;-0.0011263;0.00256942;0.00376004;-1.40947
-46.0795;10.7295;0.0146695;0.00213026;0.00232361;-1.45322
-37.6233;10.7295;0.0409608;0.00587033;-0.000742087;-1.49808
-29.167;10.7295;0.141811;0.0112908;-0.00206645;-1.56267
-20.7107;10.7295;0.262216;0.0136298;-0.000278871;-1.63294
-12.2544;10.7295;0.385645;0.0117414;0.00300427;-1.68337
-3.79809;10.7295;0.288096;0.0083148;0.00498943;-1.70761
4.6582;10.7295;-0.225205;0.00592675;0.0045179;-1.71364
13.1145;10.7295;-0.811109;0.00539417;0.0016415;-1.73598
21.5708;10.7295;-0.475301;0.00726498;-4.06552e-05;-1.77658
30.0271;10.7295;0.0483259;0.00995049;-8.92292e-05;-1.80958
38.4834;10.7295;0.252865;0.0107084;0.000416422;-1.8201
46.9397;10.7295;0.0620835;0.0095461;-0.000173124;-1.81475
55.396;10.7295;-0.0250029;0.0108233;0.000572022;-1.81859
63.8522;10.7295;0.0379238;0.0145029;0.00140194;-1.82762
72.3085;10.7295;0.162239;0.0178173;0.000710148;-1.82944
80.7648;10.7295;0.254186;0.0214181;-0.00102796;-1.82112
89.2211;10.7295;0.236531;0.0240364;-0.00369679;-1.79278
97.6774;10.7295;0.0465174;0.023313;-0.00608433;-1.73766
106.134;10.7295;-0.144706;0.0190377;-0.00492862;-1.67878
114.59;10.7295;-0.239957;0.0185021;0.00124832;-1.63836
123.046;10.7295;-0.173144;0.0148632;0.00414797;-1.59203
131.503;10.7295;0.0471711;0.00759237;0.00296312;-1.53587
139.959;10.7295;0.199435;0.00653086;0.00147674;-1.49048
148.415;10.7295;0.266151;0.00974937;0.000378314;-1.44786
156.871;10.7295;0.293948;0.0113866;-0.000568647;-1.3924
165.328;10.7295;0.339918;0.0109419;-0.000902061;-1.32791
173.784;10.7295;0.382196;0.0109762;-0.00122028;-1.25952
182.24;10.7295;0.392685;0.0125176;-0.00157881;-1.18542
190.697;10.7295;0.325212;0.0141686;-0.00178538;-1.09571
199.153;10.7295;0.241952;0.0128422;-0.00193063;-0.981454
207.609;10.7295;0.239964;0.00889252;-0.00283811;-0.859576
216.065;10.7295;0.371727;0.00492129;-0.00407413;-0.745506
224.522;10.7295;0.536484;0.00387285;-0.0037504;-0.642761
232.978;10.7295;0.613605;0.00550565;-0.00287301;-0.531434
241.434;10.7295;0.606698;0.00692507;-0.00221187;-0.403309
249.891;10.7295;0.570974;0.00361187;-0.00155612;-0.250744
-240.574;2.27325;0.464015;0.00440902;-0.00108369;0.000116416
-232.118;2.27325;-0.593683;0.00452754;-2.97977e-05;-0.0450421
-223.662;2.27325;-0.232961;0.00551918;0.000733851;-0.108259
-215.205;2.27325;-0.155298;0.00607741;0.000989531;-0.184315
-206.749;2.27325;-0.162982;0.00581815;0.00123812;-0.263657
-198.293;2.27325;-0.176824;0.00556397;0.0009679;-0.342295
-189.836;2.27325;-0.164259;0.00544374;0.000969387;-0.421119
-181.38;2.27325;-0.108697;0.00593595;0.00148744;-0.498413
-172.924;2.27325;-0.0306711;0.00747082;0.00210207;-0.570595
-164.468;2.27325;0.00510378;0.00850269;0.00207491;-0.638301
-156.011;2.27325;-0.041678;0.00697876;0.0020423;-0.711191
-147.555;2.27325;-0.0431528;0.00585587;0.00172455;-0.783348
-139.099;2.27325;0.0180655;0.00715843;0.00117619;-0.848772
-130.642;2.27325;0.0474775;0.0124143;0.000945545;-0.895063
-122.186;2.27325;0.0397732;0.0128531;0.00131497;-0.960389
-113.73;2.27325;0.0360789;0.00770293;0.00253314;-1.04109
-105.274;2.27325;0.031962;0.00256256;0.00350442;-1.1121
-96.8173;2.27325;-0.00420022;0.0017469;0.00281242;-1.1552
-88.361;2.27325;-0.0274398;0.00311974;0.00186417;-1.20315
-79.9047;2.27325;-0.0292603;0.00418915;0.00193176;-1.26438
-71.4484;2.27325;-0.0338854;0.00551914;0.00181316;-1.32662
-62.9921;2.27325;-0.0241251;0.0066658;0.00172932;-1.38617
-54.5358;2.27325;-0.0172198;0.00754344;0.00214589;-1.43907
-46.0795;2.27325;-0.0254361;0.00652325;0.000537317;-1.46834
-37.6233;2.27325;-0.0120486;0.00668926;-0.00175307;-1.48429
-29.167;2.27325;0.104452;0.0087042;-0.00232621;-1.53673
-20.7107;2.27325;0.212465;0.0104402;-0.000741945;-1.60609
-12.2544;2.27325;0.302931;0.00930813;0.0019808;-1.66164
-3.79809;2.27325;0.166399;0.00667077;0.00351452;-1.69344
4.6582;2.27325;-0.294849;0.00347578;0.00363162;-1.70248
13.1145;2.27325;-0.40227;0.00317554;0.00167216;-1.72768
21.5708;2.27325;0.0706929;0.00569279;0.000864512;-1.77118
30.0271;2.27325;0.407137;0.00895062;0.000135653;-1.80669
38.4834;2.27325;0.383076;0.0102107;-0.000937354;-1.82196
46.9397;2.27325;0.142259;0.0104594;-0.00206544;-1.82599
55.396;2.27325;0.097832;0.0120319;-0.000953624;-1.83195
63.8522;2.27325;0.108984;0.015066;-0.000824063;-1.83713
72.3085;2.27325;0.142312;0.0184142;-0.00201587;-1.83552
80.7648;2.27325;0.162225;0.0195595;-0.00281378;-1.81585
89.2211;2.27325;0.128642;0.0180916;-0.00279482;-1.77353
97.6774;2.27325;-0.0371078;0.0163012;-0.00360575;-1.71948
106.134;2.27325;-0.163685;0.0168533;-0.00341769;-1.6797
114.59;2.27325;-0.165981;0.0180162;0.000504759;-1.64833
123.046;2.27325;0.001167;0.0140995;0.00279369;-1.60353
131.503;2.27325;0.304298;0.005378;0.00181057;-1.54451
139.959;2.27325;0.420166;0.00336677;0.000499454;-1.49639
148.415;2.27325;0.410276;0.0073159;-0.000368801;-1.45582
156.871;2.27325;0.408301;0.0101776;-0.000831611;-1.40577
165.328;2.27325;0.475157;0.00938069;-0.00104019;-1.34308
173.784;2.27325;0.530759;0.00881828;-0.00143353;-1.27328
182.24;2.27325;0.533061;0.0106231;-0.00206745;-1.19618
190.697;2.27325;0.444366;0.0133816;-0.0025943;-1.10247
199.153;2.27325;0.329559;0.0133544;-0.00267189;-0.984842
207.609;2.27325;0.297275;0.0100907;-0.00326275;-0.85999
216.065;2.27325;0.39872;0.00725033;-0.00447184;-0.745524
224.522;2.27325;0.564286;0.00726469;-0.0043826;-0.649482
232.978;2.27325;0.652663;0.00613192;-0.00364787;-0.534703
241.434;2.27325;0.65381;0.00338375;-0.00278247;-0.399196
249.891;2.27325;0.613555;0.00116164;-0.00246105;-0.252718
-240.574;-6.18304;2.12564;0.00423212;-0.000778569;0.00330542
-232.118;-6.18304;1.13096;0.00507854;-9.80793e-06;-0.0300542
-223.662;-6.18304;-0.187801;0.00663519;0.000685398;-0.0953378
-215.205;-6.18304;-0.184064;0.00627457;0.000807533;-0.172965
-206.749;-6.18304;-0.169661;0.00558927;0.00104287;-0.253449
-198.293;-6.18304;-0.15687;0.00545574;0.000964376;-0.333386
-189.836;-6.18304;-0.105751;0.00572538;0.000990926;-0.413797
-181.38;-6.18304;-0.0330478;0.00629807;0.0011307;-0.493454
-172.924;-6.18304;0.0140259;0.00753785;0.00130905;-0.566933
-164.468;-6.18304;-0.0179031;0.00804969;0.00129875;-0.636647
-156.011;-6.18304;-0.114402;0.00588037;0.00157669;-0.710273
-147.555;-6.18304;-0.104944;0.00469915;0.00168099;-0.782201
-139.099;-6.18304;-0.0209075;0.0077805;0.00160046;-0.846317
-130.642;-6.18304;0.0324703;0.0145548;0.00162118;-0.895054
-122.186;-6.18304;0.0474045;0.0141535;0.00159928;-0.965358
-113.73;-6.18304;0.0521683;0.00777614;0.00230335;-1.05656
-105.274;-6.18304;0.0390178;0.00273748;0.0031943;-1.14048
-96.8173;-6.18304;-0.0106949;0.00300998;0.00314213;-1.19148
-88.361;-6.18304;-0.0490682;0.00398938;0.00321883;-1.22389
-79.9047;-6.18304;-0.0437289;0.00454986;0.00331612;-1.26788
-71.4484;-6.18304;-0.0267559;0.00577443;0.00259486;-1.32873
-62.9921;-6.18304;-0.0136457;0.00798109;0.00151126;-1.39725
-54.5358;-6.18304;-0.0261567;0.0102594;0.00128234;-1.45098
-46.0795;-6.18304;-0.0563452;0.0086497;2.6508e-05;-1.46091
-37.6233;-6.18304;-0.0455197;0.00761444;-0.00116053;-1.4644
-29.167;-6.18304;0.0798748;0.00782704;-0.0013637;-1.5141
-20.7107;-6.18304;0.196828;0.00836286;-0.00120913;-1.57755
-12.2544;-6.18304;0.278504;0.00658152;-0.000855046;-1.6281
-3.79809;-6.18304;0.251782;0.00575768;-0.000645089;-1.67221
4.6582;-6.18304;0.107875;0.0030217;-0.000566542;-1.69629
13.1145;-6.18304;0.100333;0.0034821;-0.00023343;-1.73046
21.5708;-6.18304;0.288904;0.00591094;0.000275589;-1.77211
30.0271;-6.18304;0.347599;0.00811951;-0.00101738;-1.80004
38.4834;-6.18304;0.255498;0.00872072;-0.00301823;-1.80948
46.9397;-6.18304;0.128636;0.00999205;-0.00363981;-1.81389
55.396;-6.18304;0.114706;0.0115943;-0.00213087;-1.81944
63.8522;-6.18304;0.111148;0.0144618;-0.00240085;-1.81901
72.3085;-6.18304;0.107268;0.0173478;-0.00299117;-1.81535
80.7648;-6.18304;0.101762;0.0162215;-0.00218839;-1.79387
89.2211;-6.18304;0.0944576;0.0132046;-0.000213948;-1.75434
97.6774;-6.18304;0.0147197;0.0128522;-0.0005727;-1.71377
106.134;-6.18304;-0.0253852;0.0153345;-0.0011089;-1.68316
114.59;-6.18304;0.0539028;0.0156186;0.000419466;-1.64843
123.046;-6.18304;0.286012;0.011869;0.00141159;-1.60195
131.503;-6.18304;0.51406;0.00547413;0.000772179;-1.54535
139.959;-6.18304;0.527959;0.00393602;-0.000293466;-1.49609
148.415;-6.18304;0.444131;0.00774665;-0.00108828;-1.45569
156.871;-6.18304;0.408711;0.0111194;-0.00164652;-1.41041
165.328;-6.18304;0.516465;0.00988887;-0.00144893;-1.34895
173.784;-6.18304;0.618949;0.00898763;-0.00138624;-1.27621
182.24;-6.18304;0.662826;0.00928682;-0.00172168;-1.19132
190.697;-6.18304;0.617256;0.0108229;-0.00230432;-1.09243
199.153;-6.18304;0.541685;0.0100974;-0.00228374;-0.973042
207.609;-6.18304;0.527137;0.00732437;-0.00244262;-0.849741
216.065;-6.18304;0.60293;0.00709148;-0.00342753;-0.739267
224.522;-6.18304;0.703987;0.0106132;-0.00375932;-0.644743
232.978;-6.18304;0.770203;0.0111515;-0.00358614;-0.533762
241.434;-6.18304;0.748349;0.00553776;-0.00270264;-0.400378
249.891;-6.18304;0.66254;0.00119142;-0.00246318;-0.261873
-223.662;-14.6393;1.41786;0.00744257;0.000362309;-0.0775332
-215.205;-14.6393;-0.212432;0.00534297;0.000503371;-0.163497
-206.749;-14.6393;-0.276515;0.00427497;0.000733103;-0.246551
-198.293;-14.6393;-0.214966;0.00473802;0.000924993;-0.32631
-189.836;-14.6393;-0.136857;0.00546377;0.00132772;-0.405244
-181.38;-14.6393;-0.0684744;0.00558035;0.00154098;-0.48463
-172.924;-14.6393;-0.0264088;0.00595648;0.00136989;-0.561213
-164.468;-14.6393;-0.0514816;0.00621045;0.0011994;-0.634088
-156.011;-14.6393;-0.142846;0.00468798;0.00117368;-0.706001
-147.555;-14.6393;-0.120608;0.00330798;0.00121801;-0.776026
-139.099;-14.6393;-0.0321393;0.0053532;0.00120942;-0.842061
-130.642;-14.6393;0.031505;0.00987579;0.00202533;-0.907516
-122.186;-14.6393;0.0635816;0.0104359;0.00263406;-0.990194
-113.73;-14.6393;0.0813059;0.00743505;0.00265604;-1.08292
-105.274;-14.6393;0.0691165;0.00477991;0.00222815;-1.1639
-96.8173;-14.6393;0.00813468;0.00469192;0.00238917;-1.21292
-88.361;-14.6393;-0.0620104;0.00357961;0.00426706;-1.22227
-79.9047;-14.6393;-0.0627603;0.00398737;0.00492784;-1.2565
-71.4484;-14.6393;-0.0303171;0.00556891;0.00367381;-1.32059
-62.9921;-14.6393;-0.0150484;0.00780335;0.00169093;-1.3927
-54.5358;-14.6393;-0.0345982;0.00881503;0.00100839;-1.44076
-46.0795;-14.6393;-0.0581782;0.00561242;0.00092394;-1.44505
-37.6233;-14.6393;-0.0187824;0.00526771;0.0010777;-1.46281
-29.167;-14.6393;0.113045;0.00704817;0.000715895;-1.52436
-20.7107;-14.6393;0.185785;0.0089072;5.05148e-06;-1.58645
-12.2544;-14.6393;0.208318;0.00764653;-0.00058296;-1.62577
-3.79809;-14.6393;0.198788;0.00745354;-0.000695569;-1.6648
4.6582;-14.6393;0.174999;0.00458428;-0.000898597;-1.69062
13.1145;-14.6393;0.162594;0.0049273;-0.00111297;-1.72103
21.5708;-14.6393;0.203177;0.00694319;-0.00119537;-1.75597
30.0271;-14.6393;0.198632;0.00842914;-0.00196824;-1.77887
38.4834;-14.6393;0.157029;0.00852613;-0.00250153;-1.78752
46.9397;-14.6393;0.119865;0.00993051;-0.00230644;-1.79305
55.396;-14.6393;0.114805;0.0116477;-0.0018851;-1.79036
63.8522;-14.6393;0.0947881;0.0150215;-0.00309104;-1.77265
72.3085;-14.6393;0.0888718;0.0183483;-0.00395911;-1.7586
80.7648;-14.6393;0.0997667;0.0190177;-0.00278281;-1.7493
89.2211;-14.6393;0.11455;0.0177749;-0.000119142;-1.74405
97.6774;-14.6393;0.091636;0.0170773;-0.000289397;-1.71674
106.134;-14.6393;0.107226;0.0130899;-0.00129237;-1.67279
114.59;-14.6393;0.203271;0.00644422;-0.00121251;-1.61964
123.046;-14.6393;0.384055;0.00334241;-0.000798855;-1.5749
131.503;-14.6393;0.538353;0.00227825;-0.000742012;-1.52879
139.959;-14.6393;0.500507;0.0046088;-0.00111625;-1.48595
148.415;-14.6393;0.400665;0.00898985;-0.00174308;-1.44464
156.871;-14.6393;0.372394;0.0116589;-0.00257175;-1.3965
165.328;-14.6393;0.491559;0.0105805;-0.00245585;-1.33456
173.784;-14.6393;0.601767;0.00962955;-0.00209137;-1.25828
182.24;-14.6393;0.657528;0.00959659;-0.00182114;-1.16814
190.697;-14.6393;0.638933;0.0101832;-0.0017433;-1.06433
199.153;-14.6393;0.616697;0.00964555;-0.00194453;-0.95057
207.609;-14.6393;0.617696;0.00702526;-0.0020647;-0.830582
216.065;-14.6393;0.652469;0.0069177;-0.00277964;-0.717297
224.522;-14.6393;0.702719;0.0117578;-0.00345056;-0.617686
232.978;-14.6393;0.728309;0.0146629;-0.00378262;-0.510549
241.434;-14.6393;0.745522;0.00762676;-0.00295325;-0.380216
249.891;-14.6393;0.663903;0.00451397;-0.00331796;-0.25434
-249.031;-23.0956;8.7068;0.000681496;-8.50738e-05;-0.0161132
-223.662;-23.0956;4.68661;0.0077397;0.000138794;-0.0563699
-215.205;-23.0956;-0.252819;0.00395069;0.000227844;-0.155742
-206.749;-23.0956;-0.418621;0.00263531;0.000524081;-0.241289
-198.293;-23.0956;-0.27966;0.00410254;0.000901906;-0.319154
-189.836;-23.0956;-0.178571;0.00517517;0.00150134;-0.39543
-181.38;-23.0956;-0.149168;0.00470139;0.00195466;-0.472629
-172.924;-23.0956;-0.122944;0.00490126;0.0017315;-0.547242
-164.468;-23.0956;-0.0862133;0.00661272;0.0015019;-0.621528
-156.011;-23.0956;-0.0863726;0.00703766;0.00133364;-0.691079
-147.555;-23.0956;-0.0625426;0.00472497;0.00101411;-0.757756
-139.099;-23.0956;-0.0293821;0.00299846;0.000278705;-0.820119
-130.642;-23.0956;-0.00807556;0.00372934;0.00116482;-0.903021
-122.186;-23.0956;0.0295908;0.00502619;0.00254046;-0.997421
-113.73;-23.0956;0.0804656;0.00566181;0.00253547;-1.09027
-105.274;-23.0956;0.0889551;0.00576474;0.00118344;-1.16504
-96.8173;-23.0956;0.0214535;0.00567919;0.00125349;-1.20671
-88.361;-23.0956;-0.0567716;0.00395655;0.00433623;-1.20677
-79.9047;-23.0956;-0.0597905;0.00418958;0.0057378;-1.24222
-71.4484;-23.0956;-0.0197169;0.00595253;0.00441535;-1.31074
-62.9921;-23.0956;-0.00653489;0.00801921;0.00214069;-1.38168
-54.5358;-23.0956;-0.0271975;0.00729271;0.000985768;-1.4235
-46.0795;-23.0956;-0.0320456;0.00344058;0.00101566;-1.43728
-37.6233;-23.0956;0.0398773;0.0038862;0.00114514;-1.47583
-29.167;-23.0956;0.130264;0.00625631;-0.00013002;-1.54016
-20.7107;-23.0956;0.114768;0.00831325;-0.00140701;-1.59646
-12.2544;-23.0956;0.10102;0.00765444;-0.00175269;-1.63108
-3.79809;-23.0956;0.120366;0.00716863;-0.000955813;-1.65939
4.6582;-23.0956;0.14951;0.00297894;0.000587183;-1.6668
13.1145;-23.0956;0.13764;0.00393436;0.000113463;-1.68674
21.5708;-23.0956;0.135537;0.00686978;-0.00171117;-1.71747
30.0271;-23.0956;0.124786;0.00870679;-0.0029537;-1.74355
38.4834;-23.0956;0.108082;0.00895201;-0.00256856;-1.75787
46.9397;-23.0956;0.0871932;0.0106068;-0.00207588;-1.76312
55.396;-23.0956;0.0484985;0.0138817;-0.00347724;-1.74909
63.8522;-23.0956;0.0119539;0.0200013;-0.00605934;-1.69804
72.3085;-23.0956;0.0257783;0.0233289;-0.00662565;-1.6718
80.7648;-23.0956;0.0652438;0.023791;-0.0047262;-1.6824
89.2211;-23.0956;0.0800487;0.0222539;-0.00163017;-1.70957
97.6774;-23.0956;0.0591906;0.0188159;-0.000908767;-1.69549
106.134;-23.0956;0.0714902;0.00888713;-0.0021236;-1.6403
114.59;-23.0956;0.130321;0.000689738;-0.00351185;-1.58166
123.046;-23.0956;0.225726;0.000345746;-0.00395056;-1.54336
131.503;-23.0956;0.3012;0.00351443;-0.00289081;-1.5049
139.959;-23.0956;0.302677;0.00675287;-0.00215614;-1.46155
148.415;-23.0956;0.27776;0.00947241;-0.00243771;-1.41329
156.871;-23.0956;0.285601;0.0112949;-0.00336737;-1.3596
165.328;-23.0956;0.385462;0.0112698;-0.00373236;-1.29674
173.784;-23.0956;0.473041;0.0107546;-0.00373586;-1.21907
182.24;-23.0956;0.520179;0.0109842;-0.00307039;-1.12768
190.697;-23.0956;0.515796;0.011119;-0.00214911;-1.02142
199.153;-23.0956;0.520164;0.011527;-0.00257124;-0.91351
207.609;-23.0956;0.525149;0.00947359;-0.00320085;-0.79772
216.065;-23.0956;0.535507;0.00821105;-0.00384725;-0.681803
224.522;-23.0956;0.568161;0.0111297;-0.00416475;-0.574896
232.978;-23.0956;0.62217;0.0136717;-0.00427481;-0.464171
-240.574;-31.5519;7.55032;0.00487766;-0.000800604;-0.00390174
-232.118;-31.5519;6.32875;0.00706528;-0.000859324;-0.00694121
-223.662;-31.5519;4.52285;0.00856554;-6.69892e-05;-0.0464996
-215.205;-31.5519;-0.198695;0.00460876;-9.56777e-05;-0.143227
-206.749;-31.5519;-0.349043;0.00345529;0.000415743;-0.228055
-198.293;-31.5519;-0.245868;0.00502141;0.000967307;-0.304949
-189.836;-31.5519;-0.157433;0.00607369;0.00163017;-0.379446
-181.38;-31.5519;-0.178058;0.00555545;0.00215343;-0.453818
-172.924;-31.5519;-0.192723;0.00607303;0.00211975;-0.523068
-164.468;-31.5519;-0.132457;0.00912925;0.00199694;-0.599501
-156.011;-31.5519;-0.062074;0.0111023;0.00183948;-0.670517
-147.555;-31.5519;-0.0548218;0.00821502;0.00135808;-0.73581
-139.099;-31.5519;-0.0816918;0.00329549;0.000116324;-0.791324
-130.642;-31.5519;-0.10794;0.00104155;0.000623843;-0.875886
-122.186;-31.5519;-0.0364325;0.00346539;0.00244372;-0.96968
-113.73;-31.5519;0.060399;0.00634951;0.00276044;-1.06096
-105.274;-31.5519;0.0868923;0.00766928;0.00132016;-1.13392
-96.8173;-31.5519;0.0304454;0.0072199;0.00129756;-1.17506
-88.361;-31.5519;-0.0172719;0.0048678;0.00397869;-1.191
-79.9047;-31.5519;-0.0146166;0.0035186;0.00488285;-1.23648
-71.4484;-31.5519;0.00898717;0.00466296;0.00352252;-1.30342
-62.9921;-31.5519;0.00801081;0.0069797;0.0016842;-1.36663
-54.5358;-31.5519;-0.0170373;0.00681189;0.000404583;-1.40523
-46.0795;-31.5519;-0.0185459;0.00517683;-5.69833e-05;-1.43362
-37.6233;-31.5519;0.0486893;0.00596505;2.92387e-05;-1.47972
-29.167;-31.5519;0.0839413;0.00557095;-0.00106206;-1.52892
-20.7107;-31.5519;0.0320085;0.00493638;-0.00256157;-1.57236
-12.2544;-31.5519;0.00539851;0.00489679;-0.00300715;-1.61064
-3.79809;-31.5519;0.031537;0.00526171;-0.00126558;-1.63554
4.6582;-31.5519;0.0778171;0.00179901;0.00209949;-1.632
13.1145;-31.5519;0.0811761;0.00283347;0.00129044;-1.65024
21.5708;-31.5519;0.0641422;0.00651853;-0.00332097;-1.67852
30.0271;-31.5519;0.0444188;0.00898858;-0.00666766;-1.70462
38.4834;-31.5519;0.0270076;0.00961853;-0.0059517;-1.71967
46.9397;-31.5519;0.00377344;0.0114912;-0.0044683;-1.72152
55.396;-31.5519;-0.0475926;0.01588;-0.0062657;-1.69682
63.8522;-31.5519;-0.0691188;0.0214393;-0.00792922;-1.64053
72.3085;-31.5519;-0.0405402;0.0235238;-0.00703836;-1.61315
80.7648;-31.5519;-0.0137224;0.0242687;-0.00439752;-1.63115
89.2211;-31.5519;-0.0463142;0.0233238;-0.00193489;-1.66757
97.6774;-31.5519;-0.0802756;0.0191566;-0.00135254;-1.65874
106.134;-31.5519;-0.0836525;0.0102211;-0.00305812;-1.60652
114.59;-31.5519;-0.0632265;0.00609692;-0.00585403;-1.5561
123.046;-31.5519;-0.0289137;0.00821992;-0.00724855;-1.52223
131.503;-31.5519;0.00864668;0.00966299;-0.00562571;-1.47835
139.959;-31.5519;0.0820302;0.00947326;-0.00382387;-1.42592
148.415;-31.5519;0.155658;0.0096244;-0.00316374;-1.36957
156.871;-31.5519;0.209079;0.0110039;-0.00351754;-1.31078
165.328;-31.5519;0.275326;0.0122107;-0.00435692;-1.24541
173.784;-31.5519;0.330404;0.0120784;-0.00508161;-1.16644
182.24;-31.5519;0.363973;0.012454;-0.00484972;-1.0755
190.697;-31.5519;0.369522;0.0107262;-0.00337614;-0.966062
199.153;-31.5519;0.363635;0.0104658;-0.00342878;-0.857103
207.609;-31.5519;0.364062;0.00930604;-0.00432022;-0.745607
216.065;-31.5519;0.379797;0.00745936;-0.00505189;-0.632767
224.522;-31.5519;0.420492;0.00763437;-0.00476773;-0.52384
232.978;-31.5519;0.475884;0.00869118;-0.00408891;-0.407033
-232.118;-40.0082;4.39683;0.00726054;-0.00190219;-0.0118557
-223.662;-40.0082;4.47855;0.00948677;-0.000585632;-0.039528
-215.205;-40.0082;-0.259466;0.00710278;-0.000185406;-0.125419
-206.749;-40.0082;-0.289989;0.00515782;0.000287971;-0.208218
-198.293;-40.0082;-0.203173;0.00620849;0.000929523;-0.283596
-189.836;-40.0082;-0.0837063;0.00760645;0.00186987;-0.355559
-181.38;-40.0082;-0.0974524;0.00761634;0.00262253;-0.428317
-172.924;-40.0082;-0.141086;0.00767273;0.00273107;-0.498389
-164.468;-40.0082;-0.113433;0.00953779;0.00239901;-0.579372
-156.011;-40.0082;-0.0607123;0.0108467;0.0019503;-0.657821
-147.555;-40.0082;-0.0555286;0.00791901;0.00149589;-0.730946
-139.099;-40.0082;-0.1019;0.00405197;0.000148138;-0.786415
-130.642;-40.0082;-0.140487;0.00247428;0.000325708;-0.846865
-122.186;-40.0082;-0.0785578;0.00601849;0.00302424;-0.929288
-113.73;-40.0082;0.00676827;0.00929237;0.00423715;-1.01725
-105.274;-40.0082;0.0315555;0.0101522;0.00331491;-1.08997
-96.8173;-40.0082;-0.00721806;0.00877142;0.0029972;-1.13755
-88.361;-40.0082;-0.0354653;0.0057634;0.00397396;-1.1765
-79.9047;-40.0082;-0.046637;0.00214686;0.00322608;-1.23191
-71.4484;-40.0082;-0.045426;0.0018036;0.00183525;-1.29149
-62.9921;-40.0082;-0.0485843;0.00432369;0.000861549;-1.34401
-54.5358;-40.0082;-0.0576776;0.00646315;-0.000458546;-1.38591
-46.0795;-40.0082;-0.0473102;0.00808809;-0.00154019;-1.42795
-37.6233;-40.0082;0.00416639;0.00812117;-0.000667818;-1.46585
-29.167;-40.0082;0.0221016;0.0039233;0.000259262;-1.48976
-20.7107;-40.0082;-0.00927512;0.000364232;-0.000231703;-1.51746
-12.2544;-40.0082;-0.0400805;0.0023444;-0.00106471;-1.55899
-3.79809;-40.0082;-0.0383894;0.00645196;-0.000102602;-1.59345
4.6582;-40.0082;-0.0090673;0.00556192;0.00283152;-1.59912
13.1145;-40.0082;0.0048359;0.00559266;0.00151028;-1.62147
21.5708;-40.0082;-0.0125813;0.0076626;-0.00475393;-1.64739
30.0271;-40.0082;-0.0388316;0.00950118;-0.00982895;-1.66737
38.4834;-40.0082;-0.0590615;0.0104408;-0.00954223;-1.67558
46.9397;-40.0082;-0.0730604;0.0125625;-0.00709095;-1.67026
55.396;-40.0082;-0.0970625;0.0166818;-0.00784148;-1.64033
63.8522;-40.0082;-0.0834447;0.0185667;-0.00737774;-1.61049
72.3085;-40.0082;-0.054821;0.0190121;-0.00509713;-1.60259
80.7648;-40.0082;-0.0678012;0.0206547;-0.00246444;-1.61827
89.2211;-40.0082;-0.154214;0.0212402;-0.00141855;-1.63456
97.6774;-40.0082;-0.193031;0.0183989;-0.00149377;-1.61634
106.134;-40.0082;-0.189131;0.0143832;-0.00374046;-1.57192
114.59;-40.0082;-0.167494;0.0143815;-0.00688714;-1.52976
123.046;-40.0082;-0.13619;0.0161944;-0.00864404;-1.49269
131.503;-40.0082;-0.0633292;0.0132579;-0.00711423;-1.44029
139.959;-40.0082;0.0525058;0.00986105;-0.00489477;-1.38283
148.415;-40.0082;0.169843;0.00896395;-0.00311729;-1.3246
156.871;-40.0082;0.258548;0.010318;-0.0023709;-1.26301
165.328;-40.0082;0.302198;0.0121022;-0.00330597;-1.19337
173.784;-40.0082;0.345298;0.0122089;-0.00439231;-1.11125
182.24;-40.0082;0.386051;0.0125579;-0.00497308;-1.01973
190.697;-40.0082;0.41824;0.00918601;-0.00380714;-0.910189
199.153;-40.0082;0.421498;0.00738885;-0.00356702;-0.802746
207.609;-40.0082;0.43818;0.00734219;-0.00448937;-0.697966
216.065;-40.0082;0.474651;0.00712077;-0.0053266;-0.592384
224.522;-40.0082;0.525519;0.00657706;-0.00500169;-0.486841
232.978;-40.0082;0.539878;0.00563345;-0.00371954;-0.366622
-215.205;-48.4645;-0.14982;0.00875246;0.0002942;-0.0974637
-206.749;-48.4645;-0.26034;0.00656473;0.000201106;-0.183542
-198.293;-48.4645;-0.213735;0.00647809;0.000709241;-0.260234
-189.836;-48.4645;-0.146102;0.00722312;0.00160397;-0.332333
-181.38;-48.4645;-0.164347;0.00732201;0.00225995;-0.406627
-172.924;-48.4645;-0.188489;0.00728442;0.00223919;-0.483482
-164.468;-48.4645;-0.164262;0.00836633;0.00165848;-0.564518
-156.011;-48.4645;-0.124335;0.00935274;0.00118209;-0.644773
-147.555;-48.4645;-0.0924421;0.0070031;0.000960691;-0.722785
-139.099;-48.4645;-0.0961157;0.00374392;0.000113961;-0.78422
-130.642;-48.4645;-0.139813;0.0027524;0.000633785;-0.837567
-122.186;-48.4645;-0.12819;0.00652626;0.00381292;-0.909384
-113.73;-48.4645;-0.0893273;0.0107112;0.00550051;-0.988348
-105.274;-48.4645;-0.0759602;0.0120973;0.00492419;-1.05777
-96.8173;-48.4645;-0.0956824;0.00956602;0.0041886;-1.10628
-88.361;-48.4645;-0.107784;0.00598487;0.004389;-1.15772
-79.9047;-48.4645;-0.124226;0.00127297;0.00283357;-1.22056
-71.4484;-48.4645;-0.131636;0.00085179;0.00172022;-1.27421
-62.9921;-48.4645;-0.126274;0.00339307;0.00090677;-1.32017
-54.5358;-48.4645;-0.112424;0.00677372;-0.0010006;-1.36463
-46.0795;-48.4645;-0.0904583;0.0098076;-0.0022664;-1.41087
-37.6233;-48.4645;-0.0582844;0.00825739;0.000123734;-1.43649
-29.167;-48.4645;-0.0301593;0.00300118;0.00273831;-1.44819
-20.7107;-48.4645;-0.0127705;-0.000615156;0.00361059;-1.47198
-12.2544;-48.4645;-0.0259316;0.00387007;0.0031217;-1.51518
-3.79809;-48.4645;-0.0484399;0.0130164;0.00100646;-1.56427
4.6582;-48.4645;-0.0546161;0.0121591;0.0022724;-1.57328
13.1145;-48.4645;-0.0408896;0.00996583;0.00136968;-1.59458
21.5708;-48.4645;-0.0417227;0.00893433;-0.00237812;-1.61723
30.0271;-48.4645;-0.052173;0.00947986;-0.00637572;-1.63148
38.4834;-48.4645;-0.0566337;0.0111529;-0.00766489;-1.63305
46.9397;-48.4645;-0.0458969;0.0137657;-0.00583926;-1.62007
55.396;-48.4645;-0.0230692;0.0173547;-0.00617162;-1.59301
63.8522;-48.4645;0.0139208;0.0172761;-0.00504215;-1.59047
72.3085;-48.4645;0.0401505;0.0172018;-0.00365591;-1.61488
80.7648;-48.4645;0.0311849;0.0172765;-0.00270238;-1.62884
89.2211;-48.4645;-0.0187755;0.0162444;-0.00219334;-1.60469
97.6774;-48.4645;-0.0547562;0.0130864;-0.00101462;-1.5674
106.134;-48.4645;-0.023657;0.0123541;-0.00240164;-1.5267
114.59;-48.4645;0.0400281;0.0130751;-0.00418174;-1.48533
123.046;-48.4645;0.112674;0.0122016;-0.00532637;-1.43921
131.503;-48.4645;0.199492;0.00906281;-0.00549018;-1.38798
139.959;-48.4645;0.356733;0.00698687;-0.00479219;-1.33634
148.415;-48.4645;0.501057;0.00703551;-0.00298939;-1.27998
156.871;-48.4645;0.577051;0.00835249;-0.00133396;-1.21349
165.328;-48.4645;0.551061;0.00978595;-0.00151783;-1.13436
173.784;-48.4645;0.551727;0.00984529;-0.00235387;-1.04642
182.24;-48.4645;0.565695;0.0098117;-0.00338145;-0.953983
190.697;-48.4645;0.576851;0.00739266;-0.00342514;-0.852894
199.153;-48.4645;0.563813;0.0051447;-0.00328466;-0.750553
207.609;-48.4645;0.566447;0.00609375;-0.0042515;-0.651242
216.065;-48.4645;0.586664;0.00878442;-0.00538399;-0.552778
224.522;-48.4645;0.616005;0.0093846;-0.00533642;-0.450161
232.978;-48.4645;0.581223;0.00592809;-0.00351182;-0.325037
-215.205;-56.9208;-0.0294361;0.00856915;0.0010111;-0.0744976
-206.749;-56.9208;-0.230405;0.00724896;0.000305491;-0.15795
-198.293;-56.9208;-0.247609;0.00627256;5.21464e-05;-0.237484
-189.836;-56.9208;-0.271266;0.00620073;0.000445452;-0.314413
-181.38;-56.9208;-0.303057;0.00611127;0.000737063;-0.393318
-172.924;-56.9208;-0.306915;0.00588481;0.000190661;-0.473947
-164.468;-56.9208;-0.276726;0.00709928;-5.57347e-05;-0.549147
-156.011;-56.9208;-0.227267;0.00920246;0.000303766;-0.621192
-147.555;-56.9208;-0.164336;0.00798656;0.000772418;-0.696747
-139.099;-56.9208;-0.124518;0.00515064;0.000524802;-0.764746
-130.642;-56.9208;-0.14526;0.00296776;0.00181797;-0.819497
-122.186;-56.9208;-0.16359;0.0055756;0.00485347;-0.888758
-113.73;-56.9208;-0.162803;0.00906964;0.00608769;-0.963987
-105.274;-56.9208;-0.159486;0.00910775;0.00479655;-1.03258
-96.8173;-56.9208;-0.161266;0.00517253;0.00300892;-1.08072
-88.361;-56.9208;-0.15582;0.00470199;0.00337376;-1.1416
-79.9047;-56.9208;-0.162479;0.00293712;0.003303;-1.20298
-71.4484;-56.9208;-0.165458;0.00332186;0.00287511;-1.25203
-62.9921;-56.9208;-0.151029;0.0050753;0.00154839;-1.29548
-54.5358;-56.9208;-0.123945;0.00760075;-6.64735e-05;-1.33873
-46.0795;-56.9208;-0.101405;0.00951423;0.000451736;-1.37981
-37.6233;-56.9208;-0.089956;0.00926431;0.00191512;-1.41238
-29.167;-56.9208;-0.0557854;0.00649843;0.00353197;-1.43355
-20.7107;-56.9208;0.00250793;0.00531995;0.00357805;-1.46512
-12.2544;-56.9208;0.0348266;0.0102651;0.00228105;-1.5117
-3.79809;-56.9208;0.0268574;0.016552;-0.000349539;-1.54916
4.6582;-56.9208;0.00552271;0.0152218;7.42655e-05;-1.55397
13.1145;-56.9208;0.0249979;0.010286;0.00238841;-1.56321
21.5708;-56.9208;0.0541779;0.00817082;0.00216287;-1.58126
30.0271;-56.9208;0.0848684;0.00888061;-0.000241194;-1.59831
38.4834;-56.9208;0.115639;0.0105505;-0.00184428;-1.60119
46.9397;-56.9208;0.152521;0.0131895;-0.00183814;-1.58799
55.396;-56.9208;0.204287;0.0163679;-0.00172436;-1.56201
63.8522;-56.9208;0.265264;0.0172487;-0.000593888;-1.5632
72.3085;-56.9208;0.324817;0.0184114;-0.00239152;-1.59119
80.7648;-56.9208;0.381874;0.0157696;-0.00395681;-1.59483
89.2211;-56.9208;0.423053;0.00939907;-0.00312879;-1.55373
97.6774;-56.9208;0.408129;0.00454316;-0.000362399;-1.5089
106.134;-56.9208;0.427532;0.00784573;0.000199265;-1.47916
114.59;-56.9208;0.500206;0.00770192;0.000475529;-1.4367
123.046;-56.9208;0.599073;0.00401116;0.00141179;-1.3838
131.503;-56.9208;0.656606;0.00351085;-0.00103018;-1.33693
139.959;-56.9208;0.75459;0.0046175;-0.00352471;-1.28953
148.415;-56.9208;0.837762;0.00553775;-0.00307561;-1.23083
156.871;-56.9208;0.87018;0.00628836;-0.00123921;-1.15875
165.328;-56.9208;0.824789;0.00721515;-0.000952462;-1.07503
173.784;-56.9208;0.799316;0.0065755;-0.00128784;-0.983126
182.24;-56.9208;0.779033;0.00536701;-0.00160335;-0.888724
190.697;-56.9208;0.751472;0.00494607;-0.00218609;-0.795823
199.153;-56.9208;0.700277;0.00417067;-0.0022247;-0.699089
207.609;-56.9208;0.673591;0.00613555;-0.0031378;-0.602756
216.065;-56.9208;0.666388;0.00968199;-0.00462085;-0.505015
224.522;-56.9208;0.662122;0.0106552;-0.00530563;-0.399598
232.978;-56.9208;0.61017;0.00775446;-0.00358505;-0.279763
241.434;-56.9208;0.561519;0.00777524;-0.00214151;-0.169182
249.891;-56.9208;0.52352;0.008745;-0.00192763;-0.0740592
-198.293;-65.3771;-0.287793;0.00684974;7.38681e-05;-0.208632
-189.836;-65.3771;-0.367145;0.00592902;-4.24602e-05;-0.291289
-181.38;-65.3771;-0.392653;0.00550946;4.52138e-05;-0.373773
-172.924;-65.3771;-0.374207;0.00503963;-0.000835772;-0.455385
-164.468;-65.3771;-0.334946;0.00632169;-0.000773703;-0.527431
-156.011;-65.3771;-0.286676;0.0094223;0.000295267;-0.5938
-147.555;-65.3771;-0.237467;0.00997028;0.0013145;-0.664664
-139.099;-65.3771;-0.195011;0.00832469;0.0012438;-0.734637
-130.642;-65.3771;-0.177638;0.00622275;0.00233649;-0.79595
-122.186;-65.3771;-0.180332;0.00715962;0.00434475;-0.866073
-113.73;-65.3771;-0.1838;0.00729855;0.0045853;-0.940849
-105.274;-65.3771;-0.174963;0.00373647;0.00258623;-1.01314
-96.8173;-65.3771;-0.153136;-0.000651254;0.00097706;-1.06941
-88.361;-65.3771;-0.12792;0.00251882;0.00364134;-1.12507
-79.9047;-65.3771;-0.12194;0.00507166;0.00651129;-1.16776
-71.4484;-65.3771;-0.116695;0.00466563;0.00621975;-1.20991
-62.9921;-65.3771;-0.0991795;0.00456085;0.00393542;-1.25107
-54.5358;-65.3771;-0.0700299;0.00569614;0.00230617;-1.29476
-46.0795;-65.3771;-0.0520653;0.00678452;0.00273694;-1.33483
-37.6233;-65.3771;-0.0527117;0.00777445;0.0034163;-1.37279
-29.167;-65.3771;-0.0199332;0.00806478;0.00235594;-1.40742
-20.7107;-65.3771;0.0596848;0.00953072;-0.000977722;-1.43818
-12.2544;-65.3771;0.11527;0.011305;-0.00253433;-1.47576
-3.79809;-65.3771;0.144535;0.0130885;-0.00411068;-1.51385
4.6582;-65.3771;0.152202;0.00995851;-0.00185204;-1.52437
13.1145;-65.3771;0.14355;0.0073612;0.00233756;-1.52794
21.5708;-65.3771;0.160566;0.00685761;0.00332923;-1.54645
30.0271;-65.3771;0.17975;0.0088727;0.000176603;-1.56639
38.4834;-65.3771;0.195675;0.0114208;-0.00305266;-1.57629
46.9397;-65.3771;0.22939;0.0138495;-0.00275807;-1.57336
55.396;-65.3771;0.309901;0.0134375;-0.0010585;-1.55198
63.8522;-65.3771;0.394274;0.0111718;0.00139029;-1.54259
72.3085;-65.3771;0.477624;0.0108381;0.0012073;-1.5484
80.7648;-65.3771;0.578693;0.00918108;-0.000730672;-1.54038
89.2211;-65.3771;0.672946;0.00496219;-0.0021212;-1.50553
97.6774;-65.3771;0.658399;0.00191903;-0.00101908;-1.46593
106.134;-65.3771;0.66536;0.00603492;0.000184545;-1.43703
114.59;-65.3771;0.743698;0.00612312;0.002468;-1.39446
123.046;-65.3771;0.865018;0.00183159;0.00371348;-1.33936
131.503;-65.3771;0.936947;0.00185751;0.00141329;-1.29188
139.959;-65.3771;1.00593;0.00440674;-0.00197682;-1.24214
148.415;-65.3771;1.03393;0.00597702;-0.00265715;-1.17941
156.871;-65.3771;1.01494;0.00641302;-0.00140855;-1.10344
165.328;-65.3771;0.956691;0.00738455;-0.00138732;-1.01951
173.784;-65.3771;0.935957;0.00585181;-0.00178432;-0.927552
182.24;-65.3771;0.912277;0.00382472;-0.00130606;-0.833228
190.697;-65.3771;0.865085;0.003275;-0.000880097;-0.740672
199.153;-65.3771;0.780943;0.00437117;-0.00101339;-0.646544
207.609;-65.3771;0.726725;0.00583748;-0.00175757;-0.547805
216.065;-65.3771;0.696127;0.0068657;-0.00287944;-0.443646
224.522;-65.3771;0.668285;0.00656339;-0.00382109;-0.333304
232.978;-65.3771;0.636588;0.00569383;-0.00312538;-0.226529
-198.293;-73.8334;-0.3525;0.00760206;0.000458131;-0.177564
-189.836;-73.8334;-0.409564;0.00645415;0.000524512;-0.261965
-181.38;-73.8334;-0.381921;0.00618123;0.00107005;-0.344842
-172.924;-73.8334;-0.330093;0.00574257;0.000127952;-0.426254
-164.468;-73.8334;-0.285626;0.00635606;-0.000148814;-0.50063
-156.011;-73.8334;-0.266537;0.00875001;0.000790796;-0.568188
-147.555;-73.8334;-0.273112;0.0104482;0.00185048;-0.635384
-139.099;-73.8334;-0.255394;0.0102469;0.00140294;-0.704432
-130.642;-73.8334;-0.21515;0.0100082;0.00161514;-0.769261
-122.186;-73.8334;-0.193546;0.0096784;0.00275553;-0.838469
-113.73;-73.8334;-0.189201;0.00705961;0.00279386;-0.911232
-105.274;-73.8334;-0.1666;0.00238172;0.00118166;-0.98226
-96.8173;-73.8334;-0.120507;-0.000409463;0.000203637;-1.04137
-88.361;-73.8334;-0.0812924;0.00319205;0.0033344;-1.09093
-79.9047;-73.8334;-0.0690708;0.00595362;0.00715557;-1.127
-71.4484;-73.8334;-0.0514052;0.00406363;0.00709109;-1.16742
-62.9921;-73.8334;-0.0310907;0.00279547;0.00494791;-1.20857
-54.5358;-73.8334;0.0119615;0.00416214;0.00357508;-1.25766
-46.0795;-73.8334;0.0481438;0.00583922;0.00436561;-1.30322
-37.6233;-73.8334;0.0508415;0.00816213;0.00496927;-1.34722
-29.167;-73.8334;0.057641;0.0104016;0.00206519;-1.3793
-20.7107;-73.8334;0.103264;0.0117701;-0.00308273;-1.40172
-12.2544;-73.8334;0.150134;0.0121128;-0.00575532;-1.42574
-3.79809;-73.8334;0.174072;0.0121902;-0.00793899;-1.45963
4.6582;-73.8334;0.174943;0.00953307;-0.00557769;-1.4817
13.1145;-73.8334;0.167917;0.00788195;-0.000950258;-1.49206
21.5708;-73.8334;0.176954;0.00813656;0.00151192;-1.51271
30.0271;-73.8334;0.180395;0.0106947;-0.0010146;-1.53372
38.4834;-73.8334;0.153107;0.0143725;-0.00538018;-1.54437
46.9397;-73.8334;0.14702;0.0182973;-0.00636415;-1.5474
55.396;-73.8334;0.238184;0.0172312;-0.00634355;-1.53513
63.8522;-73.8334;0.352959;0.0120698;-0.0033928;-1.51795
72.3085;-73.8334;0.439757;0.00928695;0.000266071;-1.50506
80.7648;-73.8334;0.532065;0.00821039;0.00151345;-1.49028
89.2211;-73.8334;0.620654;0.00563043;-9.95794e-05;-1.46174
97.6774;-73.8334;0.61624;0.00195318;-0.00140364;-1.42136
106.134;-73.8334;0.639078;0.00417667;-0.000864601;-1.38614
114.59;-73.8334;0.730181;0.00503818;0.00164645;-1.3443
123.046;-73.8334;0.863646;0.00090833;0.00369977;-1.28833
131.503;-73.8334;0.96384;0.00075308;0.00261533;-1.23912
139.959;-73.8334;1.0309;0.00371428;5.80778e-05;-1.18497
148.415;-73.8334;1.01655;0.00617308;-0.000792373;-1.11928
156.871;-73.8334;0.945911;0.00726586;-0.00032299;-1.04268
165.328;-73.8334;0.874977;0.00821303;-0.000844438;-0.960588
173.784;-73.8334;0.890226;0.00663491;-0.00196584;-0.872972
182.24;-73.8334;0.901866;0.00535115;-0.00221045;-0.782738
190.697;-73.8334;0.868364;0.00500026;-0.00145383;-0.689294
199.153;-73.8334;0.778636;0.00649837;-0.00181435;-0.592896
207.609;-73.8334;0.716638;0.00744035;-0.00260115;-0.491191
216.065;-73.8334;0.680679;0.00690082;-0.00280882;-0.385335
224.522;-73.8334;0.659959;0.005107;-0.0027475;-0.278942
232.978;-73.8334;0.672363;0.00403361;-0.002626;-0.182306
-206.749;-82.2897;-0.193084;0.00748058;0.000854707;-0.0771475
-198.293;-82.2897;-0.426447;0.00756477;0.000596435;-0.150665
-189.836;-82.2897;-0.416127;0.00704168;0.00140409;-0.23068
-181.38;-82.2897;-0.31676;0.00748759;0.00272028;-0.311649
-172.924;-82.2897;-0.229068;0.00745071;0.00181193;-0.393519
-164.468;-82.2897;-0.199263;0.00729978;0.00100398;-0.471897
-156.011;-82.2897;-0.219338;0.00813235;0.00151028;-0.542345
-147.555;-82.2897;-0.256399;0.00939052;0.00229075;-0.607975
-139.099;-82.2897;-0.248122;0.00960754;0.00134063;-0.676923
-130.642;-82.2897;-0.193549;0.00955195;0.00106848;-0.745552
-122.186;-82.2897;-0.18054;0.00813877;0.0019239;-0.813195
-113.73;-82.2897;-0.201698;0.00619038;0.00249595;-0.877087
-105.274;-82.2897;-0.196503;0.00453336;0.00177158;-0.936717
-96.8173;-82.2897;-0.1579;0.00419654;0.000742914;-0.993152
-88.361;-82.2897;-0.118959;0.00556101;0.00232092;-1.04522
-79.9047;-82.2897;-0.0673564;0.00646075;0.004754;-1.08756
-71.4484;-82.2897;-0.0375437;0.00532849;0.00496454;-1.13221
-62.9921;-82.2897;-0.0478161;0.00546306;0.00417412;-1.17898
-54.5358;-82.2897;-0.0105383;0.00712166;0.00305617;-1.23294
-46.0795;-82.2897;0.0464862;0.00795408;0.00428461;-1.28096
-37.6233;-82.2897;0.0637113;0.0091596;0.00500308;-1.32413
-29.167;-82.2897;0.0514835;0.0102513;0.00288467;-1.35077
-20.7107;-82.2897;0.0705531;0.0108411;-0.00174171;-1.36406
-12.2544;-82.2897;0.112545;0.00945368;-0.00513945;-1.38608
-3.79809;-82.2897;0.13568;0.00918863;-0.00691912;-1.41985
4.6582;-82.2897;0.136938;0.00855585;-0.00607251;-1.44446
13.1145;-82.2897;0.139677;0.00843511;-0.00332344;-1.45555
21.5708;-82.2897;0.143476;0.00952392;-0.000627754;-1.47285
30.0271;-82.2897;0.136902;0.0114627;-0.00248119;-1.49039
38.4834;-82.2897;0.103211;0.0139861;-0.00688518;-1.49691
46.9397;-82.2897;0.0966951;0.0176271;-0.00868573;-1.50065
55.396;-82.2897;0.192049;0.0183644;-0.00866383;-1.49931
63.8522;-82.2897;0.309244;0.0131382;-0.00542604;-1.47855
72.3085;-82.2897;0.371403;0.00982552;-0.000689425;-1.45591
80.7648;-82.2897;0.42044;0.011102;0.000552941;-1.44224
89.2211;-82.2897;0.469691;0.0116951;-0.00171095;-1.42185
97.6774;-82.2897;0.482083;0.00747896;-0.00290651;-1.3803
106.134;-82.2897;0.53485;0.00680324;-0.00200795;-1.33695
114.59;-82.2897;0.623536;0.00692426;0.000247531;-1.29142
123.046;-82.2897;0.729533;0.0019495;0.00248776;-1.23064
131.503;-82.2897;0.812885;0.0015076;0.00190426;-1.17857
139.959;-82.2897;0.850113;0.00478364;0.000100399;-1.12173
148.415;-82.2897;0.784726;0.00799652;-0.000376629;-1.05382
156.871;-82.2897;0.672966;0.00914951;0.000177977;-0.975468
165.328;-82.2897;0.634683;0.00848261;-0.000421677;-0.894019
173.784;-82.2897;0.707981;0.0066258;-0.0014719;-0.80777
182.24;-82.2897;0.765791;0.00642463;-0.00252035;-0.720402
190.697;-82.2897;0.754284;0.00693896;-0.00233924;-0.628466
199.153;-82.2897;0.664971;0.00863369;-0.00283512;-0.531034
207.609;-82.2897;0.624146;0.0092049;-0.00333148;-0.431204
216.065;-82.2897;0.619396;0.00848545;-0.00286797;-0.331145
224.522;-82.2897;0.627694;0.00778819;-0.00221231;-0.235582
232.978;-82.2897;0.656666;0.00783148;-0.00215151;-0.150136
-189.836;-90.746;-0.436708;0.00738899;0.00132925;-0.197614
-181.38;-90.746;-0.290634;0.00824281;0.00209921;-0.278206
-172.924;-90.746;-0.176318;0.00857602;0.0011037;-0.362851
-164.468;-90.746;-0.171469;0.00817107;0.00100333;-0.44288
-156.011;-90.746;-0.208832;0.00820601;0.0021133;-0.512563
-147.555;-90.746;-0.206648;0.00917053;0.00296531;-0.574598
-139.099;-90.746;-0.187121;0.00916248;0.00184715;-0.642671
-130.642;-90.746;-0.147641;0.00845116;0.00145171;-0.711497
-122.186;-90.746;-0.151367;0.00714091;0.00247739;-0.775803
-113.73;-90.746;-0.196171;0.00622446;0.00363719;-0.832754
-105.274;-90.746;-0.222979;0.00581567;0.00360407;-0.886494
-96.8173;-90.746;-0.210474;0.0057904;0.0017386;-0.945901
-88.361;-90.746;-0.171118;0.00568127;0.00074164;-1.00558
-79.9047;-90.746;-0.100782;0.0065237;0.00146219;-1.05361
-71.4484;-90.746;-0.0801119;0.00786795;0.00204745;-1.10531
-62.9921;-90.746;-0.109521;0.00997066;0.00191648;-1.16174
-54.5358;-90.746;-0.0887954;0.0108168;0.00147089;-1.21303
-46.0795;-90.746;-0.025871;0.00960731;0.00319343;-1.25387
-37.6233;-90.746;0.0127012;0.00845516;0.00319855;-1.28763
-29.167;-90.746;-0.0122245;0.00836727;0.00184941;-1.30956
-20.7107;-90.746;-0.0179983;0.00841058;-0.00147702;-1.32457
-12.2544;-90.746;0.00951008;0.00713338;-0.00405294;-1.3473
-3.79809;-90.746;0.0364714;0.00739051;-0.003749;-1.37891
4.6582;-90.746;0.0551612;0.00782173;-0.00325998;-1.39935
13.1145;-90.746;0.0794861;0.00897946;-0.00157643;-1.40829
21.5708;-90.746;0.108378;0.00996706;0.000529125;-1.42013
30.0271;-90.746;0.114325;0.00996075;-0.00212939;-1.43457
38.4834;-90.746;0.106647;0.0105279;-0.00713194;-1.43968
46.9397;-90.746;0.134912;0.0127103;-0.00870667;-1.44367
55.396;-90.746;0.241492;0.0141842;-0.00668853;-1.44716
63.8522;-90.746;0.35596;0.0106373;-0.00309062;-1.42584
72.3085;-90.746;0.403997;0.007662;0.000334184;-1.39629
80.7648;-90.746;0.437977;0.0103529;-0.000573389;-1.37928
89.2211;-90.746;0.484718;0.0143017;-0.00382725;-1.36345
97.6774;-90.746;0.533261;0.0129265;-0.00435777;-1.32963
106.134;-90.746;0.617639;0.0119391;-0.00262496;-1.28636
114.59;-90.746;0.657733;0.0105753;-0.00145632;-1.23383
123.046;-90.746;0.647142;0.0051307;-0.000372282;-1.1662
131.503;-90.746;0.608162;0.00468723;-0.00162887;-1.10989
139.959;-90.746;0.525337;0.00847398;-0.00286978;-1.05272
148.415;-90.746;0.439538;0.0119525;-0.00301547;-0.985773
156.871;-90.746;0.397483;0.0121476;-0.00219615;-0.906439
165.328;-90.746;0.464481;0.00939286;-0.00153303;-0.821561
173.784;-90.746;0.59594;0.00558972;-0.000981268;-0.732099
182.24;-90.746;0.631405;0.0058548;-0.00235887;-0.643481
190.697;-90.746;0.560978;0.00725224;-0.00332343;-0.550586
199.153;-90.746;0.510929;0.00926091;-0.00370045;-0.459602
207.609;-90.746;0.526941;0.0105491;-0.00394792;-0.368473
216.065;-90.746;0.579955;0.00952167;-0.00317329;-0.275812
224.522;-90.746;0.636947;0.00742697;-0.00176507;-0.186262
232.978;-90.746;0.714207;0.00775422;-0.00170433;-0.112656
-189.836;-99.2022;-0.469944;0.00774643;0.00149678;-0.157786
-181.38;-99.2022;-0.33759;0.0088433;0.00168604;-0.236521
-172.924;-99.2022;-0.241678;0.00864413;0.000418812;-0.320857
-164.468;-99.2022;-0.260124;0.00739956;0.000778235;-0.401852
-156.011;-99.2022;-0.279284;0.00700787;0.00216836;-0.474366
-147.555;-99.2022;-0.204308;0.00816446;0.00284893;-0.538598
-139.099;-99.2022;-0.180893;0.00848441;0.00166904;-0.604857
-130.642;-99.2022;-0.166492;0.007593;0.00138688;-0.671244
-122.186;-99.2022;-0.180077;0.00728788;0.00205745;-0.732837
-113.73;-99.2022;-0.230224;0.00757625;0.00310857;-0.787731
-105.274;-99.2022;-0.259692;0.00754907;0.00360712;-0.840441
-96.8173;-99.2022;-0.25263;0.00614746;0.00283078;-0.901755
-88.361;-99.2022;-0.222112;0.00429092;0.000375755;-0.970024
-79.9047;-99.2022;-0.16535;0.00480247;0.000173197;-1.02245
-71.4484;-99.2022;-0.125569;0.00636108;0.00140876;-1.07561
-62.9921;-99.2022;-0.152666;0.00937908;0.00201283;-1.12667
-54.5358;-99.2022;-0.153111;0.00968805;0.00187431;-1.17085
-46.0795;-99.2022;-0.10746;0.00746917;0.0027916;-1.20904
-37.6233;-99.2022;-0.0601601;0.00548406;0.00193024;-1.24139
-29.167;-99.2022;-0.0754346;0.00585814;0.00021788;-1.26437
-20.7107;-99.2022;-0.122726;0.0065696;-0.00259855;-1.28622
-12.2544;-99.2022;-0.133843;0.00720523;-0.00434334;-1.30771
-3.79809;-99.2022;-0.107391;0.00811972;-0.00348823;-1.33017
4.6582;-99.2022;-0.0576581;0.00874548;-0.00191864;-1.34402
13.1145;-99.2022;0.00570395;0.0101097;0.00151686;-1.35119
21.5708;-99.2022;0.0934617;0.00981263;0.0033711;-1.35885
30.0271;-99.2022;0.146222;0.00759336;-0.000741952;-1.37315
38.4834;-99.2022;0.145169;0.00731475;-0.00671507;-1.37858
46.9397;-99.2022;0.150912;0.0087871;-0.0077384;-1.3783
55.396;-99.2022;0.226883;0.00914374;-0.00408568;-1.37384
63.8522;-99.2022;0.359843;0.00729965;-0.0010462;-1.35422
72.3085;-99.2022;0.42086;0.00494099;0.000647161;-1.32192
80.7648;-99.2022;0.445798;0.00624207;-0.00103709;-1.29633
89.2211;-99.2022;0.469826;0.00988543;-0.00400166;-1.27636
97.6774;-99.2022;0.512824;0.011291;-0.00462788;-1.24868
106.134;-99.2022;0.54549;0.011373;-0.00287896;-1.20733
114.59;-99.2022;0.541486;0.0100604;-0.00199609;-1.15279
123.046;-99.2022;0.480667;0.00676414;-0.00158949;-1.08726
131.503;-99.2022;0.364283;0.00751364;-0.00296325;-1.03023
139.959;-99.2022;0.284001;0.0107323;-0.00327108;-0.977287
148.415;-99.2022;0.246432;0.0129477;-0.00298744;-0.911783
156.871;-99.2022;0.31464;0.011932;-0.00231425;-0.830075
165.328;-99.2022;0.557569;0.00830298;-0.00133976;-0.738695
173.784;-99.2022;0.581889;0.00545888;-0.00100719;-0.646951
182.24;-99.2022;0.471871;0.00640965;-0.00346367;-0.556995
190.697;-99.2022;0.334867;0.00829335;-0.0054874;-0.465768
199.153;-99.2022;0.418;0.0102447;-0.00575578;-0.383414
207.609;-99.2022;0.561495;0.00971156;-0.00474114;-0.301032
216.065;-99.2022;0.694603;0.00692419;-0.00311914;-0.215702
224.522;-99.2022;0.771847;0.00446596;-0.0016936;-0.132461
232.978;-99.2022;0.851607;0.00474342;-0.00144194;-0.0695512
-189.836;-107.659;-0.498257;0.0078118;0.000701464;-0.111501
-181.38;-107.659;-0.398033;0.00900304;0.00157831;-0.185696
-172.924;-107.659;-0.339754;0.00867083;0.00106694;-0.266094
-164.468;-107.659;-0.361361;0.00705596;0.00187956;-0.346696
-156.011;-107.659;-0.349584;0.00626992;0.00273723;-0.423833
-147.555;-107.659;-0.272716;0.00738867;0.00247608;-0.493659
-139.099;-107.659;-0.284005;0.00856618;0.00130394;-0.558626
-130.642;-107.659;-0.299296;0.00747945;0.000732761;-0.62538
-122.186;-107.659;-0.280515;0.00703749;0.000705405;-0.68834
-113.73;-107.659;-0.304093;0.00808753;0.00130602;-0.742978
-105.274;-107.659;-0.319972;0.00909792;0.00168355;-0.793893
-96.8173;-107.659;-0.316884;0.00756918;0.000913928;-0.853659
-88.361;-107.659;-0.304609;0.00379424;-0.00132884;-0.920797
-79.9047;-107.659;-0.263983;0.00254687;-0.00207123;-0.979322
-71.4484;-107.659;-0.185944;0.00290047;2.18857e-05;-1.03415
-62.9921;-107.659;-0.188618;0.00593535;0.00259178;-1.07665
-54.5358;-107.659;-0.208951;0.0069571;0.00289403;-1.11479
-46.0795;-107.659;-0.184858;0.0052671;0.00393781;-1.15658
-37.6233;-107.659;-0.133649;0.00420046;0.00411859;-1.20136
-29.167;-107.659;-0.140054;0.00557238;0.00249403;-1.23157
-20.7107;-107.659;-0.277516;0.00691767;-0.00120334;-1.25223
-12.2544;-107.659;-0.344923;0.00797624;-0.00494672;-1.26616
-3.79809;-107.659;-0.30859;0.00913863;-0.007126;-1.27971
4.6582;-107.659;-0.202404;0.010159;-0.00624261;-1.29103
13.1145;-107.659;-0.0737352;0.0104839;-0.00122635;-1.29803
21.5708;-107.659;0.0660077;0.00930214;0.000888868;-1.30446
30.0271;-107.659;0.190989;0.00721083;-0.00240263;-1.31398
38.4834;-107.659;0.188115;0.00714249;-0.00651512;-1.3145
46.9397;-107.659;0.131682;0.0079986;-0.00639015;-1.30732
55.396;-107.659;0.13565;0.00672077;-0.00334264;-1.29184
63.8522;-107.659;0.224281;0.0067541;-0.00288421;-1.27541
72.3085;-107.659;0.289994;0.00621332;-0.00310292;-1.24977
80.7648;-107.659;0.307213;0.00487565;-0.00284142;-1.21653
89.2211;-107.659;0.291917;0.00390006;-0.00260246;-1.18094
97.6774;-107.659;0.283004;0.00419904;-0.00328768;-1.14612
106.134;-107.659;0.279672;0.00469396;-0.00209083;-1.10548
114.59;-107.659;0.294953;0.00603226;-0.00120279;-1.05793
123.046;-107.659;0.29241;0.00622859;-0.00159909;-1.00188
131.503;-107.659;0.236175;0.00817368;-0.00257882;-0.949793
139.959;-107.659;0.209597;0.00996492;-0.00189098;-0.896531
148.415;-107.659;0.249682;0.010095;-0.000962377;-0.828749
156.871;-107.659;0.371178;0.0085197;-0.000716141;-0.744976
165.328;-107.659;0.584869;0.00681938;-0.0012955;-0.651169
173.784;-107.659;0.413588;0.00809389;-0.0030754;-0.563443
182.24;-107.659;0.203359;0.0099802;-0.00644979;-0.473839
190.697;-107.659;0.131508;0.0105147;-0.00771795;-0.383822
199.153;-107.659;0.475078;0.0102108;-0.0065239;-0.30835
207.609;-107.659;0.819744;0.00660177;-0.00366854;-0.233711
216.065;-107.659;1.0119;0.00311231;-0.00171545;-0.157901
224.522;-107.659;1.05487;0.00243127;-0.0012846;-0.0830191
232.978;-107.659;1.05401;0.00341801;-0.00118156;-0.0290192
-189.836;-116.115;-0.593441;0.00619086;-0.00029498;-0.0696753
-181.38;-116.115;-0.53676;0.00697286;0.000601471;-0.134239
-172.924;-116.115;-0.474364;0.00723711;0.000912878;-0.212442
-164.468;-116.115;-0.456128;0.00644921;0.00202097;-0.293483
-156.011;-116.115;-0.421189;0.00618826;0.00214039;-0.372509
-147.555;-116.115;-0.392659;0.0076504;0.00135189;-0.442682
-139.099;-116.115;-0.465309;0.00932136;0.000156184;-0.503921
-130.642;-116.115;-0.492451;0.00762492;-0.00033861;-0.570657
-122.186;-116.115;-0.416673;0.00559139;-0.000712007;-0.639174
-113.73;-116.115;-0.384742;0.0065064;-0.000618548;-0.696805
-105.274;-116.115;-0.384258;0.00905399;-0.000649941;-0.744681
-96.8173;-116.115;-0.39714;0.0088884;-0.00161605;-0.798054
-88.361;-116.115;-0.408558;0.00521715;-0.00398851;-0.862501
-79.9047;-116.115;-0.378507;0.00274722;-0.00467106;-0.927033
-71.4484;-116.115;-0.259287;0.00192652;-0.0022389;-0.986031
-62.9921;-116.115;-0.235904;0.00441552;0.000543949;-1.02771
-54.5358;-116.115;-0.28603;0.00660473;0.000561522;-1.06123
-46.0795;-116.115;-0.282377;0.00620461;0.00107484;-1.10324
-37.6233;-116.115;-0.230761;0.00512585;0.00205299;-1.15422
-29.167;-116.115;-0.299559;0.0058712;0.000873531;-1.18952
-20.7107;-116.115;-0.63646;0.00718323;-0.00407336;-1.20625
-12.2544;-116.115;-0.781802;0.00809793;-0.00950049;-1.2126
-3.79809;-116.115;-0.691704;0.00924278;-0.0114166;-1.22392
4.6582;-116.115;-0.477743;0.0100658;-0.00873666;-1.23821
13.1145;-116.115;-0.275491;0.00994439;-0.00231426;-1.24848
21.5708;-116.115;-0.106979;0.00913546;-0.000463715;-1.2521
30.0271;-116.115;0.0101795;0.00926317;-0.00411225;-1.25491
38.4834;-116.115;0.060647;0.011419;-0.0071065;-1.25355
46.9397;-116.115;0.0499792;0.0116441;-0.00433092;-1.23934
55.396;-116.115;0.0281468;0.00802376;-0.00173193;-1.21163
63.8522;-116.115;0.0836943;0.0105542;-0.00547674;-1.20132
72.3085;-116.115;0.13746;0.0127226;-0.00777612;-1.18612
80.7648;-116.115;0.148223;0.0102059;-0.00654722;-1.15062
89.2211;-116.115;0.112787;0.00515942;-0.00456728;-1.10165
97.6774;-116.115;0.0599883;0.00303369;-0.00519156;-1.05595
106.134;-116.115;0.0400682;0.0043885;-0.00389064;-1.01725
114.59;-116.115;0.096999;0.00807037;-0.0032722;-0.978222
123.046;-116.115;0.183316;0.00797099;-0.00364204;-0.924375
131.503;-116.115;0.236384;0.00826305;-0.00341853;-0.870827
139.959;-116.115;0.265741;0.00886391;-0.00165091;-0.81352
148.415;-116.115;0.343271;0.00811592;-5.59305e-05;-0.742363
156.871;-116.115;0.410147;0.00686283;-0.000693454;-0.65821
165.328;-116.115;0.365062;0.0087164;-0.00423262;-0.570079
173.784;-116.115;0.019086;0.0124142;-0.00744648;-0.486923
182.24;-116.115;-0.149712;0.013791;-0.00943315;-0.398833
190.697;-116.115;0.0469413;0.0111249;-0.00770295;-0.309481
199.153;-116.115;0.750154;0.00720917;-0.00369261;-0.244183
207.609;-116.115;1.30778;0.00284853;0.000334041;-0.176573
216.065;-116.115;1.44869;0.00110287;0.00140158;-0.1081
224.522;-116.115;1.35427;0.00213389;0.000329288;-0.0416596
232.978;-116.115;1.40828;0.00460063;-0.000725642;-0.0035554
-189.836;-124.571;-0.700248;0.0038416;-0.000757069;-0.0368291
-181.38;-124.571;-0.671969;0.00461144;-0.00042054;-0.0868727
-172.924;-124.571;-0.613102;0.00548969;-0.000385245;-0.163812
-164.468;-124.571;-0.567641;0.00567144;0.000336651;-0.245912
-156.011;-124.571;-0.519323;0.00644181;1.14694e-06;-0.323428
-147.555;-124.571;-0.512057;0.00864463;-0.00070951;-0.389393
-139.099;-124.571;-0.59878;0.0104719;-0.00168159;-0.446972
-130.642;-124.571;-0.626577;0.00819431;-0.00168193;-0.511396
-122.186;-124.571;-0.527373;0.0039856;-0.00214909;-0.585958
-113.73;-124.571;-0.453817;0.00379754;-0.00252326;-0.648947
-105.274;-124.571;-0.437738;0.00703646;-0.00273055;-0.696517
-96.8173;-124.571;-0.464921;0.00823307;-0.00325652;-0.744236
-88.361;-124.571;-0.496178;0.0060748;-0.00448586;-0.802488
-79.9047;-124.571;-0.4756;0.00474532;-0.00377999;-0.863473
-71.4484;-124.571;-0.299793;0.00274056;-0.00134281;-0.926478
-62.9921;-124.571;-0.258949;0.00368147;0.000120477;-0.97341
-54.5358;-124.571;-0.343793;0.00520951;-0.00153746;-1.01101
-46.0795;-124.571;-0.400672;0.00533968;-0.00309668;-1.0521
-37.6233;-124.571;-0.429706;0.00508173;-0.00310104;-1.09882
-29.167;-124.571;-0.631657;0.00512429;-0.00546588;-1.12996
-20.7107;-124.571;-1.28899;0.00587537;-0.011175;-1.14181
-12.2544;-124.571;-1.66539;0.00690421;-0.0160486;-1.14377
-3.79809;-124.571;-1.60364;0.0074466;-0.0161729;-1.1472
4.6582;-124.571;-1.18169;0.00852263;-0.011187;-1.16071
13.1145;-124.571;-0.668844;0.00926392;-0.0034967;-1.17657
21.5708;-124.571;-0.418414;0.00914925;-0.00242884;-1.18415
30.0271;-124.571;-0.271069;0.0101398;-0.00688677;-1.18421
38.4834;-124.571;-0.147587;0.0130101;-0.00838501;-1.1802
46.9397;-124.571;-0.0740653;0.0140612;-0.00333994;-1.16482
55.396;-124.571;-0.0594065;0.0111012;-0.000648529;-1.13528
63.8522;-124.571;-0.0144269;0.0132367;-0.00464514;-1.12343
72.3085;-124.571;0.0304199;0.0154806;-0.00731258;-1.10919
80.7648;-124.571;0.0464493;0.0131646;-0.00660735;-1.07519
89.2211;-124.571;0.02229;0.00696561;-0.00494944;-1.02258
97.6774;-124.571;-0.0318712;0.00283338;-0.00557117;-0.969093
106.134;-124.571;-0.040925;0.00604672;-0.00490582;-0.934855
114.59;-124.571;0.0524864;0.0106987;-0.00396936;-0.901582
123.046;-124.571;0.18721;0.0096648;-0.00310271;-0.848228
131.503;-124.571;0.2817;0.00810399;-0.00298223;-0.787525
139.959;-124.571;0.323943;0.00769903;-0.00157423;-0.722353
148.415;-124.571;0.322458;0.00777107;-0.000665031;-0.647713
156.871;-124.571;0.271181;0.00817044;-0.0030029;-0.567388
165.328;-124.571;0.152883;0.0106063;-0.00765269;-0.489855
173.784;-124.571;-0.106782;0.0139061;-0.0107413;-0.407974
182.24;-124.571;-0.0636807;0.011942;-0.00869224;-0.322975
190.697;-124.571;0.402217;0.00759341;-0.00518268;-0.24673
199.153;-124.571;1.2422;0.0029304;-0.000503877;-0.188297
207.609;-124.571;1.60811;-0.00022046;0.00292793;-0.129086
216.065;-124.571;1.72877;-2.71589e-05;0.00273707;-0.071196
-172.924;-133.027;-0.696156;0.00491273;-0.000884288;-0.11727
-164.468;-133.027;-0.650096;0.00530438;-0.000880695;-0.196439
-156.011;-133.027;-0.617225;0.00647858;-0.00157228;-0.270984
-147.555;-133.027;-0.589755;0.00907424;-0.00219916;-0.333812
-139.099;-133.027;-0.614342;0.0113307;-0.00285252;-0.390837
-130.642;-133.027;-0.630039;0.00982683;-0.00243556;-0.449873
-122.186;-133.027;-0.568381;0.00428336;-0.003001;-0.526145
-113.73;-133.027;-0.511776;0.00226504;-0.00358565;-0.594174
-105.274;-133.027;-0.486069;0.004041;-0.00352275;-0.646858
-96.8173;-133.027;-0.514943;0.00508246;-0.00360582;-0.693916
-88.361;-133.027;-0.568805;0.00522677;-0.00358972;-0.744421
-79.9047;-133.027;-0.553089;0.00757352;-0.000816812;-0.793869
-71.4484;-133.027;-0.35165;0.00764985;0.00177677;-0.849809
-62.9921;-133.027;-0.276919;0.00607844;0.000865476;-0.905166
-54.5358;-133.027;-0.383902;0.00521011;-0.00204035;-0.950508
-46.0795;-133.027;-0.507115;0.00413566;-0.00460074;-0.992136
-37.6233;-133.027;-0.598906;0.003769;-0.0051394;-1.03412
-29.167;-133.027;-0.814703;0.00402118;-0.00811916;-1.0612
-20.7107;-133.027;-1.49772;0.00486391;-0.0135525;-1.07281
-12.2544;-133.027;-1.96404;0.00600521;-0.0178538;-1.07357
-3.79809;-133.027;-2.01208;0.00620572;-0.0167886;-1.07207
4.6582;-133.027;-1.57419;0.00736188;-0.0119788;-1.08317
13.1145;-133.027;-0.879019;0.00999182;-0.00630158;-1.10615
21.5708;-133.027;-0.53467;0.0116685;-0.00615705;-1.11949
30.0271;-133.027;-0.388011;0.0130123;-0.00960453;-1.11921
38.4834;-133.027;-0.242699;0.0148688;-0.0100318;-1.1099
46.9397;-133.027;-0.127314;0.0144148;-0.0055989;-1.08687
55.396;-133.027;-0.0783233;0.00814983;-8.24199e-05;-1.04364
63.8522;-133.027;-0.0426176;0.00838323;-0.00153029;-1.02428
72.3085;-133.027;-0.00104429;0.0121937;-0.00397263;-1.01363
80.7648;-133.027;0.0271297;0.0119196;-0.00413135;-0.986455
89.2211;-133.027;0.0313659;0.00602721;-0.00340808;-0.936448
97.6774;-133.027;0.0121438;0.00102243;-0.00495627;-0.881487
106.134;-133.027;0.0280692;0.00320922;-0.00570513;-0.84397
114.59;-133.027;0.116055;0.00832997;-0.00316321;-0.812749
123.046;-133.027;0.205105;0.00891142;-0.000816142;-0.762708
131.503;-133.027;0.221467;0.00827752;-0.00181379;-0.698979
139.959;-133.027;0.171236;0.00869268;-0.00288759;-0.626154
148.415;-133.027;0.0987646;0.00937419;-0.00310409;-0.547775
156.871;-133.027;0.0712227;0.00952699;-0.00463198;-0.470389
165.328;-133.027;0.134831;0.0106802;-0.00826394;-0.403967
173.784;-133.027;0.204084;0.0111839;-0.0086256;-0.333087
182.24;-133.027;0.517739;0.00798952;-0.00471472;-0.260119
190.697;-133.027;1.05114;0.00318697;-0.000957032;-0.192542
199.153;-133.027;1.64733;-0.00125307;0.00211709;-0.134641
207.609;-133.027;1.91011;-0.00239618;0.00349439;-0.0860711
-164.468;-141.484;-0.663772;0.00569847;0.000208843;-0.137268
-156.011;-141.484;-0.644276;0.0059526;-4.61109e-07;-0.205178
-147.555;-141.484;-0.625249;0.00772202;-0.000320104;-0.267604
-139.099;-141.484;-0.59305;0.0108369;-0.00086604;-0.329264
-130.642;-141.484;-0.573378;0.0127589;-0.000409153;-0.383102
-122.186;-141.484;-0.553476;0.00844006;-0.0012666;-0.453407
-113.73;-141.484;-0.516959;0.00431076;-0.00244722;-0.524157
-105.274;-141.484;-0.488316;0.00360918;-0.00247378;-0.583045
-96.8173;-141.484;-0.514457;0.00384432;-0.00200307;-0.631156
-88.361;-141.484;-0.588339;0.00564748;-0.00130081;-0.677974
-79.9047;-141.484;-0.614612;0.0101226;0.000970852;-0.723026
-71.4484;-141.484;-0.432628;0.0104047;0.00216195;-0.779302
-62.9921;-141.484;-0.351224;0.00760586;0.000219525;-0.837058
-54.5358;-141.484;-0.464582;0.00522856;-0.00233775;-0.883746
-46.0795;-141.484;-0.565283;0.00336796;-0.0039239;-0.922227
-37.6233;-141.484;-0.579404;0.00307987;-0.00300163;-0.95898
-29.167;-141.484;-0.64908;0.00393899;-0.00382939;-0.986095
-20.7107;-141.484;-1.10866;0.00507879;-0.00780329;-1.00252
-12.2544;-141.484;-1.48976;0.00643162;-0.0126862;-1.00567
-3.79809;-141.484;-1.59051;0.00681671;-0.012477;-1.00388
4.6582;-141.484;-1.27865;0.00792249;-0.00953886;-1.01444
13.1145;-141.484;-0.694111;0.0108689;-0.00681452;-1.03935
21.5708;-141.484;-0.374107;0.0130546;-0.00701327;-1.05145
30.0271;-141.484;-0.271702;0.0131539;-0.00745462;-1.04586
38.4834;-141.484;-0.159452;0.0117827;-0.00538124;-1.02562
46.9397;-141.484;-0.0604789;0.00879819;-0.00198067;-0.994346
55.396;-141.484;-0.0164945;0.00393031;-5.27729e-06;-0.954021
63.8522;-141.484;-0.000290884;0.00388213;-0.00119644;-0.927035
72.3085;-141.484;0.0323531;0.00922036;-0.0026207;-0.916878
80.7648;-141.484;0.0550488;0.0124851;-0.00250749;-0.900316
89.2211;-141.484;0.0612438;0.0093287;-0.00152785;-0.860777
97.6774;-141.484;0.0584481;0.00309512;-0.00128483;-0.804895
106.134;-141.484;0.0861803;0.00102444;-0.00161467;-0.754303
114.59;-141.484;0.146466;0.00513204;-0.00165135;-0.718378
123.046;-141.484;0.183777;0.00845308;-0.00138877;-0.673753
131.503;-141.484;0.153212;0.0104749;-0.00422102;-0.615029
139.959;-141.484;0.0793692;0.0108626;-0.00575546;-0.540867
148.415;-141.484;0.0327646;0.00973387;-0.00502236;-0.459855
156.871;-141.484;0.0795718;0.00824644;-0.00451886;-0.38301
165.328;-141.484;0.288463;0.00761108;-0.00512391;-0.32008
173.784;-141.484;0.688609;0.00661616;-0.00305713;-0.264365
182.24;-141.484;1.13701;0.00471984;-0.00014031;-0.205303
190.697;-141.484;1.45904;0.000601952;0.00233819;-0.143281
199.153;-141.484;1.78532;-0.00368366;0.00354846;-0.0859478
-156.011;-149.94;-0.60255;0.0063059;0.00141568;-0.140682
-147.555;-149.94;-0.634316;0.00698503;0.000963812;-0.200783
-139.099;-149.94;-0.626574;0.00912772;0.000549452;-0.261921
-130.642;-149.94;-0.585141;0.0123367;0.00165547;-0.317399
-122.186;-149.94;-0.568215;0.0103247;0.0015788;-0.381998
-113.73;-149.94;-0.541032;0.00709832;0.000328189;-0.448756
-105.274;-149.94;-0.50977;0.00468535;-0.000270906;-0.511931
-96.8173;-149.94;-0.530415;0.00341249;0.000416989;-0.564073
-88.361;-149.94;-0.600378;0.00477797;0.00101415;-0.610939
-79.9047;-149.94;-0.633996;0.00853807;0.00126845;-0.658198
-71.4484;-149.94;-0.509091;0.00866341;0.000793764;-0.714387
-62.9921;-149.94;-0.434028;0.00625853;-0.000929471;-0.769122
-54.5358;-149.94;-0.53653;0.00439276;-0.00238122;-0.812766
-46.0795;-149.94;-0.623444;0.00353597;-0.00240086;-0.846176
-37.6233;-149.94;-0.554644;0.00418795;0.000314634;-0.877665
-29.167;-149.94;-0.412285;0.00509962;0.00280385;-0.905441
-20.7107;-149.94;-0.546643;0.00537781;0.00106437;-0.929648
-12.2544;-149.94;-0.731866;0.00668667;-0.00428531;-0.93831
-3.79809;-149.94;-0.71682;0.00752873;-0.00525794;-0.936906
4.6582;-149.94;-0.499812;0.00880212;-0.00415398;-0.947746
13.1145;-149.94;-0.210467;0.0103955;-0.00383272;-0.968168
21.5708;-149.94;-0.0902577;0.0112661;-0.00418053;-0.972622
30.0271;-149.94;-0.0693994;0.00871921;-0.00176761;-0.956026
38.4834;-149.94;-0.0429101;0.00348774;0.002524;-0.922245
46.9397;-149.94;-0.00190638;-0.000402153;0.00517582;-0.888317
55.396;-149.94;0.0330922;-0.000989659;0.00252622;-0.860569
63.8522;-149.94;0.0493555;-5.77427e-06;0.000168368;-0.832103
72.3085;-149.94;0.062041;0.00523451;-2.61351e-05;-0.81775
80.7648;-149.94;0.0775294;0.0102186;0.000235824;-0.805952
89.2211;-149.94;0.086047;0.0104869;0.000791401;-0.777467
97.6774;-149.94;0.0836508;0.00600348;0.00221342;-0.726528
106.134;-149.94;0.10328;0.00153402;0.00283406;-0.666441
114.59;-149.94;0.154829;0.00165582;0.000963263;-0.616248
123.046;-149.94;0.184422;0.00571998;-0.00179516;-0.573809
131.503;-149.94;0.159039;0.00898172;-0.00485496;-0.523717
139.959;-149.94;0.117401;0.00985583;-0.00565079;-0.457185
148.415;-149.94;0.134615;0.00831223;-0.00452638;-0.382671
156.871;-149.94;0.266741;0.00565125;-0.00286543;-0.310451
165.328;-149.94;0.552811;0.004122;-0.00156875;-0.250812
173.784;-149.94;1.04102;0.00401164;0.000513944;-0.205478
182.24;-149.94;1.28461;0.0034157;0.00210548;-0.154452
190.697;-149.94;1.49029;-0.000352712;0.00305832;-0.0953428
199.153;-149.94;1.56331;-0.00381102;0.0031227;-0.0446723
-156.011;-158.396;-0.512175;0.00648807;0.000857022;-0.0856753
-147.555;-158.396;-0.593558;0.00670395;0.000817407;-0.13989
-139.099;-158.396;-0.66592;0.00755383;0.000378399;-0.196009
-130.642;-158.396;-0.675633;0.00935178;0.00122243;-0.254632
-122.186;-158.396;-0.664895;0.00901165;0.00188036;-0.316559
-113.73;-158.396;-0.661019;0.00726119;0.000143447;-0.382613
-105.274;-158.396;-0.633807;0.00565079;-0.00124601;-0.445536
-96.8173;-158.396;-0.633624;0.00375806;-0.000187399;-0.497343
-88.361;-158.396;-0.679554;0.00366554;0.000463252;-0.543928
-79.9047;-158.396;-0.714119;0.00520503;0.000275414;-0.587885
-71.4484;-158.396;-0.637009;0.004582;-0.000438219;-0.640046
-62.9921;-158.396;-0.527714;0.00322778;-0.00132924;-0.69311
-54.5358;-158.396;-0.591737;0.00339538;-0.00247372;-0.736011
-46.0795;-158.396;-0.672245;0.00499968;-0.00227106;-0.767671
-37.6233;-158.396;-0.602841;0.00660858;0.000936222;-0.791883
-29.167;-158.396;-0.379305;0.00693173;0.00524111;-0.817907
-20.7107;-158.396;-0.312062;0.00495298;0.0053554;-0.850807
-12.2544;-158.396;-0.364686;0.00487233;0.00132394;-0.865686
-3.79809;-158.396;-0.175997;0.00574983;0.00116397;-0.862833
4.6582;-158.396;0.0478427;0.00769937;0.000154879;-0.872255
13.1145;-158.396;0.1574;0.00847982;-0.00215761;-0.887667
21.5708;-158.396;0.175306;0.00731806;-0.00196548;-0.884894
30.0271;-158.396;0.125208;0.00263683;0.00146289;-0.860314
38.4834;-158.396;0.0248695;-0.00318278;0.00562809;-0.820416
46.9397;-158.396;-0.0177307;-0.0050871;0.00838754;-0.785007
55.396;-158.396;0.0121731;-0.00237476;0.00701401;-0.759201
63.8522;-158.396;0.0369439;-0.000186289;0.00495515;-0.731002
72.3085;-158.396;0.0461235;0.00117199;0.00378248;-0.709558
80.7648;-158.396;0.0619721;0.00300902;0.00260872;-0.692206
89.2211;-158.396;0.075347;0.00534909;0.00174164;-0.671799
97.6774;-158.396;0.0755231;0.0064078;0.00165573;-0.637317
106.134;-158.396;0.0792458;0.0045788;0.00125574;-0.584553
114.59;-158.396;0.11697;0.00162328;0.00039419;-0.525806
123.046;-158.396;0.158256;0.00350845;-0.00196337;-0.479543
131.503;-158.396;0.178955;0.00643593;-0.0040884;-0.434855
139.959;-158.396;0.202133;0.00814861;-0.00456188;-0.378759
148.415;-158.396;0.282918;0.00723892;-0.00366111;-0.315171
156.871;-158.396;0.472831;0.00457786;-0.00185023;-0.252357
165.328;-158.396;0.754618;0.00326933;-0.0004604;-0.200598
173.784;-158.396;0.987985;0.00382719;0.000744387;-0.153353
182.24;-158.396;1.05312;0.00421535;0.0014587;-0.106882
190.697;-158.396;1.10718;0.00194601;0.000825535;-0.0570811
199.153;-158.396;1.30926;-0.00144111;0.0010452;-0.0110287
-147.555;-166.853;-0.664432;0.00631428;-0.00174257;-0.0863768
-139.099;-166.853;-0.71147;0.00643415;-0.000930478;-0.135066
-130.642;-166.853;-0.76267;0.00691128;1.76998e-05;-0.189296
-122.186;-166.853;-0.775039;0.00674186;0.000764269;-0.250111
-113.73;-166.853;-0.769425;0.00625757;-0.00121707;-0.316314
-105.274;-166.853;-0.748379;0.00677913;-0.00354133;-0.377519
-96.8173;-166.853;-0.751794;0.00629086;-0.00351277;-0.428433
-88.361;-166.853;-0.810473;0.00491304;-0.00319864;-0.474178
-79.9047;-166.853;-0.876675;0.00347127;-0.00305519;-0.515897
-71.4484;-166.853;-0.816383;0.00189522;-0.00245552;-0.560317
-62.9921;-166.853;-0.641084;0.00142848;-0.00203189;-0.608731
-54.5358;-166.853;-0.630851;0.00407416;-0.00420977;-0.654109
-46.0795;-166.853;-0.659203;0.0065151;-0.00346887;-0.681051
-37.6233;-166.853;-0.617553;0.00846001;-0.000542902;-0.70052
-29.167;-166.853;-0.490449;0.008908;0.00336239;-0.725511
-20.7107;-166.853;-0.365425;0.00570449;0.00443759;-0.76333
-12.2544;-166.853;-0.312323;0.00406502;0.00263825;-0.78268
-3.79809;-166.853;-0.0864996;0.00523335;0.00185682;-0.780701
4.6582;-166.853;0.109425;0.00909927;-0.00155628;-0.789185
13.1145;-166.853;0.147671;0.00889271;-0.00317445;-0.793701
21.5708;-166.853;0.0695032;0.00505658;-0.00195194;-0.785048
30.0271;-166.853;-0.00824739;0.00184423;4.13469e-05;-0.763474
38.4834;-166.853;-0.0984997;0.000847988;-0.000865639;-0.740821
46.9397;-166.853;-0.13371;5.61288e-05;0.00190518;-0.708284
55.396;-166.853;-0.0984956;0.00313409;0.00572404;-0.68082
63.8522;-166.853;-0.0543432;0.00501635;0.00506552;-0.647902
72.3085;-166.853;-0.0362134;-8.093e-05;0.0029117;-0.608028
80.7648;-166.853;-0.00977823;-0.00451496;0.00163257;-0.573116
89.2211;-166.853;0.0180554;-0.00208701;0.000724733;-0.553554
97.6774;-166.853;0.0338307;0.0046574;-0.00170441;-0.536383
106.134;-166.853;0.0337163;0.0074768;-0.00463267;-0.502289
114.59;-166.853;0.0502374;0.0046565;-0.00364077;-0.449628
123.046;-166.853;0.0849708;0.00380262;-0.00307244;-0.400815
131.503;-166.853;0.133354;0.00592844;-0.00401606;-0.35751
139.959;-166.853;0.185648;0.00806126;-0.00435201;-0.307514
148.415;-166.853;0.289924;0.00759487;-0.00332019;-0.251808
156.871;-166.853;0.448033;0.00536754;-0.00138423;-0.19511
165.328;-166.853;0.619481;0.00431194;-0.000690034;-0.146031
173.784;-166.853;0.667237;0.00403434;-0.00106798;-0.103197
182.24;-166.853;0.663739;0.00491585;-0.000814778;-0.0645634
-139.099;-175.309;-0.775449;0.00509338;-0.00323983;-0.0783279
-130.642;-175.309;-0.841667;0.00484428;-0.00180973;-0.125557
-122.186;-175.309;-0.834257;0.00481892;-0.000826741;-0.179937
-113.73;-175.309;-0.806654;0.00525458;-0.00218022;-0.240889
-105.274;-175.309;-0.77636;0.00703311;-0.00409802;-0.299795
-96.8173;-175.309;-0.795425;0.00841486;-0.00445288;-0.34844
-88.361;-175.309;-0.906603;0.00746557;-0.00548478;-0.395394
-79.9047;-175.309;-1.03193;0.00373924;-0.00609711;-0.439327
-71.4484;-175.309;-0.963303;0.00167772;-0.00491286;-0.478682
-62.9921;-175.309;-0.756304;0.00270702;-0.00409708;-0.519391
-54.5358;-175.309;-0.634484;0.00639771;-0.00530795;-0.561285
-46.0795;-175.309;-0.597968;0.00812793;-0.00354485;-0.586475
-37.6233;-175.309;-0.56242;0.00872228;-0.00143081;-0.61018
-29.167;-175.309;-0.483102;0.00863326;9.11904e-05;-0.638134
-20.7107;-175.309;-0.416322;0.00770824;0.000348502;-0.663889
-12.2544;-175.309;-0.342207;0.00729105;0.000251722;-0.674967
-3.79809;-175.309;-0.166608;0.00888932;-0.00166499;-0.6828
4.6582;-175.309;-0.0367564;0.0117866;-0.00514511;-0.694584
13.1145;-175.309;-0.0339767;0.00857004;-0.00373803;-0.68565
21.5708;-175.309;-0.128037;0.00302324;0.000416008;-0.667546
30.0271;-175.309;-0.186465;0.00187573;0.0022626;-0.648919
38.4834;-175.309;-0.244177;0.00467835;-0.00217416;-0.641207
46.9397;-175.309;-0.264626;0.0056796;-0.00249618;-0.62238
55.396;-175.309;-0.23552;0.00858653;0.000242219;-0.603864
63.8522;-175.309;-0.180027;0.00971707;-0.00112471;-0.573895
72.3085;-175.309;-0.146371;0.00265708;-0.00167889;-0.526443
80.7648;-175.309;-0.109483;-0.00398159;0.000441458;-0.478991
89.2211;-175.309;-0.0672362;-0.00281063;0.00201103;-0.450676
97.6774;-175.309;-0.0274972;0.00386079;-0.000343183;-0.4327
106.134;-175.309;-0.00418544;0.00669358;-0.00450747;-0.408228
114.59;-175.309;0.0216484;0.00534553;-0.00436734;-0.367525
123.046;-175.309;0.0497141;0.0049641;-0.00386923;-0.32612
131.503;-175.309;0.0825753;0.00679393;-0.00442382;-0.287432
139.959;-175.309;0.121076;0.00863381;-0.00468852;-0.242915
148.415;-175.309;0.226263;0.00834112;-0.004034;-0.192095
156.871;-175.309;0.336244;0.00649625;-0.00241494;-0.138809
165.328;-175.309;0.430053;0.00539457;-0.00222416;-0.0906371
173.784;-175.309;0.466337;0.00360478;-0.00267172;-0.0477846
-139.099;-183.765;-0.8274;0.00351757;-0.00510622;-0.0264426
-130.642;-183.765;-0.872848;0.00322424;-0.00423961;-0.0675384
-122.186;-183.765;-0.886536;0.00393105;-0.0023627;-0.107939
-113.73;-183.765;-0.847656;0.0048858;-0.0024202;-0.156073
-105.274;-183.765;-0.778951;0.00578216;-0.00292793;-0.211976
-96.8173;-183.765;-0.780641;0.00712004;-0.00277463;-0.262046
-88.361;-183.765;-0.899669;0.00778094;-0.00442458;-0.310278
-79.9047;-183.765;-1.03939;0.00577039;-0.00543195;-0.35193
-71.4484;-183.765;-0.95904;0.00424144;-0.00475085;-0.390046
-62.9921;-183.765;-0.805829;0.00692916;-0.00329071;-0.420827
-54.5358;-183.765;-0.689932;0.0108984;-0.00292425;-0.452387
-46.0795;-183.765;-0.618829;0.010835;-0.000979436;-0.48047
-37.6233;-183.765;-0.574034;0.0087439;-0.00022029;-0.5123
-29.167;-183.765;-0.534982;0.0075147;-0.00127123;-0.542695
-20.7107;-183.765;-0.50382;0.0084074;-0.002064;-0.557717
-12.2544;-183.765;-0.444028;0.00908479;-0.00219599;-0.563085
-3.79809;-183.765;-0.322946;0.0106042;-0.00418112;-0.57569
4.6582;-183.765;-0.240885;0.0130798;-0.00695538;-0.588761
13.1145;-183.765;-0.243639;0.00786811;-0.00293236;-0.567756
21.5708;-183.765;-0.30416;0.00211435;0.00294624;-0.54285
30.0271;-183.765;-0.314966;0.00340494;0.00395017;-0.52916
38.4834;-183.765;-0.339016;0.00889236;-0.00225243;-0.529944
46.9397;-183.765;-0.353236;0.00891563;-0.00494558;-0.515488
55.396;-183.765;-0.335118;0.00829683;-0.00540733;-0.502267
63.8522;-183.765;-0.276603;0.00817899;-0.00754886;-0.488032
72.3085;-183.765;-0.21432;0.00341568;-0.00610979;-0.449543
80.7648;-183.765;-0.167538;-0.000526353;-0.000993968;-0.398578
89.2211;-183.765;-0.12541;0.000415788;0.00273803;-0.357673
97.6774;-183.765;-0.0786679;0.00382008;0.00183739;-0.328304
106.134;-183.765;-0.0304566;0.00507256;-0.00109053;-0.30486
114.59;-183.765;0.0315301;0.00525924;-0.0020287;-0.276836
123.046;-183.765;0.0790401;0.00582496;-0.00232848;-0.245829
131.503;-183.765;0.103104;0.00708865;-0.00282693;-0.21181
139.959;-183.765;0.115295;0.00806984;-0.00368129;-0.171397
148.415;-183.765;0.180342;0.00784398;-0.00428381;-0.126535
156.871;-183.765;0.244115;0.00669749;-0.00378572;-0.0807592
165.328;-183.765;0.270871;0.00570796;-0.0032583;-0.0391988
173.784;-183.765;0.00305002;0.00392124;-0.00318195;-0.0040803
-113.73;-192.221;-0.991411;0.00549682;-0.00252282;-0.0719546
-105.274;-192.221;-0.942525;0.00500308;-0.00223089;-0.119084
-96.8173;-192.221;-0.940154;0.00521146;-0.00237779;-0.171787
-88.361;-192.221;-0.989838;0.00594281;-0.00326875;-0.22002
-79.9047;-192.221;-1.01209;0.00606441;-0.00433693;-0.263071
-71.4484;-192.221;-0.906951;0.00577398;-0.00450016;-0.302281
-62.9921;-192.221;-0.815489;0.00806553;-0.00251783;-0.329997
-54.5358;-192.221;-0.74072;0.0110365;-0.000261661;-0.354519
-46.0795;-192.221;-0.692938;0.0107377;0.000680405;-0.381603
-37.6233;-192.221;-0.656433;0.00805651;-0.000120388;-0.413688
-29.167;-192.221;-0.620747;0.00640685;-0.00212599;-0.443771
-20.7107;-192.221;-0.584892;0.00786098;-0.0029323;-0.455567
-12.2544;-192.221;-0.537917;0.00919177;-0.00312136;-0.457894
-3.79809;-192.221;-0.458107;0.0101279;-0.00409113;-0.466369
4.6582;-192.221;-0.406448;0.0123479;-0.00637781;-0.472939
13.1145;-192.221;-0.40406;0.00807105;-0.00312218;-0.449239
21.5708;-192.221;-0.428212;0.00340407;0.00268675;-0.427054
30.0271;-192.221;-0.40907;0.00508276;0.00461248;-0.416014
38.4834;-192.221;-0.406558;0.0106981;-3.02669e-05;-0.414062
46.9397;-192.221;-0.404817;0.010791;-0.00310998;-0.398743
55.396;-192.221;-0.377913;0.00803849;-0.00439669;-0.386995
63.8522;-192.221;-0.304563;0.00642388;-0.00777871;-0.388745
72.3085;-192.221;-0.208269;0.00358497;-0.00692494;-0.361275
80.7648;-192.221;-0.131318;0.00163875;-0.00211536;-0.31418
89.2211;-192.221;-0.0609238;0.0023538;0.0016052;-0.270616
97.6774;-192.221;0.0166948;0.00401327;0.00192135;-0.23876
106.134;-192.221;0.111419;0.00429954;0.000426814;-0.217316
114.59;-192.221;0.1679;0.00596402;-0.000810707;-0.197712
123.046;-192.221;0.18316;0.00694606;-0.00137273;-0.171202
131.503;-192.221;0.165309;0.00709671;-0.00165559;-0.137601
139.959;-192.221;0.136462;0.00677776;-0.00301763;-0.0998134
148.415;-192.221;0.177817;0.00604246;-0.003941;-0.0612322
156.871;-192.221;0.398152;0.00495843;-0.00367828;-0.0250019
-122.186;-200.678;-0.808943;0.00482493;-0.00580481;-0.000771043
-113.73;-200.678;-1.15941;0.00542212;-0.00298113;-0.00749047
-105.274;-200.678;-1.12388;0.00441118;-0.00236285;-0.0400779
-96.8173;-200.678;-1.05598;0.00436464;-0.00263016;-0.0888759
-88.361;-200.678;-1.0623;0.00512604;-0.00301337;-0.133639
-79.9047;-200.678;-1.0303;0.00640945;-0.00370399;-0.174274
-71.4484;-200.678;-0.888171;0.0068808;-0.00368012;-0.210862
-62.9921;-200.678;-0.815524;0.00698769;-0.0017422;-0.242093
-54.5358;-200.678;-0.772856;0.00826549;0.000901871;-0.265859
-46.0795;-200.678;-0.75151;0.00848875;0.000184522;-0.291243
-37.6233;-200.678;-0.72451;0.00690733;-0.00191421;-0.32136
-29.167;-200.678;-0.677227;0.00586567;-0.00381177;-0.35064
-20.7107;-200.678;-0.619915;0.0073765;-0.00369278;-0.363265
-12.2544;-200.678;-0.581981;0.00917473;-0.00281096;-0.361356
-3.79809;-200.678;-0.531162;0.00918104;-0.00193597;-0.359855
4.6582;-200.678;-0.502833;0.010793;-0.00385586;-0.356061
13.1145;-200.678;-0.506167;0.00844501;-0.00313907;-0.336887
21.5708;-200.678;-0.523706;0.00471558;0.000896734;-0.325593
30.0271;-200.678;-0.518232;0.00551157;0.00323134;-0.319972
38.4834;-200.678;-0.521084;0.0102309;0.000778877;-0.312932
46.9397;-200.678;-0.515189;0.011134;-0.00119921;-0.291658
55.396;-200.678;-0.447841;0.00884693;-0.000763457;-0.27152
63.8522;-200.678;-0.279725;0.00712251;-0.00254254;-0.267948
72.3085;-200.678;-0.132422;0.00398021;-0.00296564;-0.252373
80.7648;-200.678;-0.0379827;0.00230588;-0.000124075;-0.216375
89.2211;-200.678;0.0705442;0.00281893;0.00267798;-0.179122
97.6774;-200.678;0.195807;0.00369704;0.00296225;-0.150361
106.134;-200.678;0.262156;0.00371036;0.000921952;-0.133926
114.59;-200.678;0.23202;0.00572233;-0.00184053;-0.123389
123.046;-200.678;0.212962;0.00670793;-0.00318193;-0.103087
131.503;-200.678;0.173182;0.00610305;-0.00296252;-0.0722984
139.959;-200.678;0.164316;0.00537632;-0.00320791;-0.0403964
148.415;-200.678;0.214752;0.00555716;-0.00267848;-0.0135032
-122.186;-209.134;-1.01251;0.00426947;-0.00743382;0.00731083
-113.73;-209.134;-1.3555;0.0050084;-0.00384913;0.0164685
-105.274;-209.134;-1.21655;0.00410458;-0.0032523;-0.00124864
-96.8173;-209.134;-1.10703;0.00356556;-0.00222568;-0.0285536
-88.361;-209.134;-1.06385;0.00381671;-0.00181312;-0.0571973
-79.9047;-209.134;-1.0085;0.00492905;-0.00204205;-0.0887103
-71.4484;-209.134;-0.889928;0.00550408;-0.00143648;-0.119587
-62.9921;-209.134;-0.810887;0.00456087;0.000128572;-0.15124
-54.5358;-209.134;-0.782993;0.00475346;0.00136654;-0.178494
-46.0795;-209.134;-0.778539;0.00596601;-0.00114714;-0.206012
-37.6233;-209.134;-0.747212;0.00601645;-0.00424614;-0.23507
-29.167;-209.134;-0.682266;0.00606673;-0.00609895;-0.263147
-20.7107;-209.134;-0.609305;0.00776082;-0.00499167;-0.275691
-12.2544;-209.134;-0.589453;0.0100073;-0.00210948;-0.267646
-3.79809;-209.134;-0.574202;0.00894941;0.00011241;-0.259259
4.6582;-209.134;-0.573475;0.00928709;-0.00214031;-0.253629
13.1145;-209.134;-0.603673;0.00739746;-0.00327145;-0.24127
21.5708;-209.134;-0.655431;0.00486237;-0.00135788;-0.237346
30.0271;-209.134;-0.678507;0.00519303;-2.07779e-05;-0.238499
38.4834;-209.134;-0.608385;0.00849821;-0.0010897;-0.229257
46.9397;-209.134;-0.464532;0.00921412;-0.0012532;-0.201296
55.396;-209.134;-0.284709;0.00786035;0.0015122;-0.17241
63.8522;-209.134;-0.107831;0.0062209;0.00245985;-0.156885
72.3085;-209.134;-0.0485615;0.00328941;0.0016739;-0.142468
80.7648;-209.134;-0.0376033;0.00232415;0.00157433;-0.118935
89.2211;-209.134;0.0103336;0.00335033;0.00222439;-0.095319
97.6774;-209.134;0.052696;0.00372467;0.00243893;-0.0733566
106.134;-209.134;0.119524;0.00361682;0.000760398;-0.0602786
114.59;-209.134;0.144281;0.00544596;-0.00287092;-0.0574383
139.959;-209.134;0.177031;0.00579309;-0.00401965;-0.0100269
148.415;-209.134;0.221323;0.00810387;-0.00258093;-0.000238878
-71.4484;-217.59;-0.93843;0.00450046;-0.00187251;-0.0492252
-62.9921;-217.59;-0.834602;0.0039976;-0.000290775;-0.0736984
-54.5358;-217.59;-0.805657;0.00338391;0.000248311;-0.0977552
-46.0795;-217.59;-0.858952;0.00392394;-0.00267788;-0.118448
-37.6233;-217.59;-0.790387;0.00429717;-0.00519614;-0.139253
-29.167;-217.59;-0.694195;0.00523628;-0.00581946;-0.161284
-20.7107;-217.59;-0.619903;0.00719371;-0.00404047;-0.17374
-12.2544;-217.59;-0.588696;0.00911746;-0.00100968;-0.169577
-3.79809;-217.59;-0.603956;0.00749969;0.000123593;-0.169826
4.6582;-217.59;-0.60217;0.00733651;-0.00269005;-0.174288
13.1145;-217.59;-0.630437;0.00599581;-0.00500384;-0.167035
21.5708;-217.59;-0.696404;0.00515559;-0.00431889;-0.161094
30.0271;-217.59;-0.642874;0.00525029;-0.0029702;-0.161424
38.4834;-217.59;-0.396633;0.00641191;-0.00202651;-0.149247
46.9397;-217.59;-0.118667;0.00562168;-0.000962535;-0.121303
55.396;-217.59;0.0660512;0.00453809;0.00203621;-0.093076
63.8522;-217.59;0.151212;0.00337351;0.00389182;-0.0715787
72.3085;-217.59;-0.0225716;0.00226102;0.00288301;-0.0559497
80.7648;-217.59;-0.206339;0.00291223;0.000156372;-0.0442798
89.2211;-217.59;-0.355103;0.00437593;-0.00147409;-0.034535
97.6774;-217.59;-0.428579;0.00386095;-0.000992111;-0.020809
106.134;-217.59;-0.337643;0.00340267;-0.000627121;-0.00988563
114.59;-217.59;-0.258829;0.00513877;-0.00239054;-0.00785381
-54.5358;-226.047;-0.791091;0.00369828;-0.000478404;-0.0309544
-46.0795;-226.047;-1.05244;0.0035274;-0.00253138;-0.0412221
-37.6233;-226.047;-1.29554;0.00374769;-0.00444577;-0.0542781
-29.167;-226.047;-1.39137;0.00455808;-0.0049563;-0.0718403
-20.7107;-226.047;-0.691981;0.00577198;-0.00350231;-0.0846327
-12.2544;-226.047;-0.57506;0.00697001;-0.00119695;-0.0895754
-3.79809;-226.047;-0.526587;0.00490099;-0.00206541;-0.100738
4.6582;-226.047;-0.564244;0.00472116;-0.00414714;-0.10933
13.1145;-226.047;-0.597408;0.00389297;-0.00488946;-0.101103
21.5708;-226.047;-0.565525;0.00369669;-0.00332121;-0.0900872
30.0271;-226.047;-0.388918;0.00360287;-0.00170157;-0.0869085
38.4834;-226.047;-0.0179478;0.00397782;-0.000406396;-0.0751854
46.9397;-226.047;0.252745;0.00259511;9.71493e-05;-0.0551802
89.2211;-226.047;-0.822063;0.00441895;-0.00499283;-0.00811067
97.6774;-226.047;-1.07401;0.00321449;-0.00459913;-0.001929
106.134;-226.047;-0.963419;0.00255766;-0.0042283;-0.000637967
-54.5358;-234.503;5.38972;0.00522239;-0.00228217;-0.00225601
-46.0795;-234.503;7.92849;0.00391589;-0.00211626;-0.000352854
-37.6233;-234.503;8.03875;0.00311897;-0.00256233;-0.00204063
-29.167;-234.503;7.40753;0.00311665;-0.00295242;-0.00648191
-20.7107;-234.503;6.53129;0.00370132;-0.00213406;-0.0106797
13.1145;-234.503;-0.393681;0.00329639;-0.00500897;-0.041628
