x[mm];y[mm];z[mm];x-displacement[mm];y-displacement[mm];z-displacement[mm]
-20.7107;247.506;-0.512943;0.0118916;-0.000614559;-0.426994
-12.2544;247.506;-0.471976;0.00883029;0.00154159;-0.488928
-3.79809;247.506;-0.548236;0.0047044;0.00464662;-0.519196
4.6582;247.506;-0.62037;0.00302216;0.00652781;-0.534534
13.1145;247.506;-0.650736;0.00553408;0.00397004;-0.542952
21.5708;247.506;-0.628395;0.00910206;-0.00220677;-0.538242
30.0271;247.506;-0.60592;0.0100447;-0.00291942;-0.526249
38.4834;247.506;-0.651893;0.0102985;-0.000951599;-0.497573
46.9397;247.506;-0.732489;0.0102186;4.83584e-05;-0.45664
72.3085;247.506;-0.749382;0.00761556;-0.0017159;-0.303036
80.7648;247.506;-0.808256;0.00817258;-3.95189e-05;-0.238537
89.2211;247.506;-0.754068;0.00871462;0.00111548;-0.181606
97.6774;247.506;-0.313663;0.00908552;0.000569412;-0.131656
106.134;247.506;0.36894;0.00933844;-0.00110431;-0.0736068
-88.361;239.049;8.57933;0.00542184;-0.00151769;-0.044538
-79.9047;239.049;8.50108;0.00653116;-0.00277846;-0.0871315
-62.9921;239.049;2.60738;0.0131815;0.00123066;-0.28482
-54.5358;239.049;-0.17587;0.0137849;0.00458046;-0.39231
-46.0795;239.049;-0.541755;0.0120359;0.00553884;-0.46263
-37.6233;239.049;-0.635314;0.0108996;0.00193899;-0.537589
-29.167;239.049;-0.673576;0.00917762;0.00232637;-0.623883
-20.7107;239.049;-0.664832;0.00736541;0.00589555;-0.703801
-12.2544;239.049;-0.632836;0.00953398;0.00380706;-0.759748
-3.79809;239.049;-0.554336;0.00988694;0.000466403;-0.790693
4.6582;239.049;-0.633956;0.00933036;0.00298146;-0.809129
13.1145;239.049;-0.725931;0.00946214;0.00602185;-0.816007
21.5708;239.049;-0.758646;0.0102455;0.00580709;-0.815173
30.0271;239.049;-0.758194;0.00981946;0.00664296;-0.808038
38.4834;239.049;-0.758865;0.00988557;0.00619248;-0.784607
46.9397;239.049;-0.772903;0.0100005;0.0039542;-0.749449
55.396;239.049;-0.821019;0.00887368;0.00219772;-0.706103
63.8522;239.049;-0.891244;0.00828057;0.00220648;-0.659924
72.3085;239.049;-0.86046;0.00913045;0.00150787;-0.58878
80.7648;239.049;-0.923492;0.00972864;0.00265567;-0.507773
89.2211;239.049;-0.930498;0.00951808;0.00311124;-0.424702
97.6774;239.049;-0.840854;0.00850042;0.00116639;-0.342509
106.134;239.049;-0.59755;0.00722113;-0.000361214;-0.25448
-113.73;230.593;5.98204;0.00976827;-0.00169819;-0.0344143
-105.274;230.593;8.00416;0.00851261;-0.002112;-0.070175
-96.8173;230.593;6.54036;0.00684467;-0.00130025;-0.138108
-88.361;230.593;4.50416;0.00594709;-0.00222532;-0.224026
-79.9047;230.593;3.92923;0.00646005;-0.00367907;-0.301698
-71.4484;230.593;2.45957;0.0086628;-0.000346448;-0.433883
-62.9921;230.593;-0.141549;0.0110992;0.0039365;-0.586967
-54.5358;230.593;-0.4683;0.0117005;0.00601349;-0.684645
-46.0795;230.593;-0.69026;0.00935779;0.0078808;-0.758273
-37.6233;230.593;-0.704206;0.00695433;0.00737639;-0.841937
-29.167;230.593;-0.72503;0.00483943;0.01108;-0.924899
-20.7107;230.593;-0.867521;0.00212654;0.0195833;-0.97842
-12.2544;230.593;-1.05273;0.00275516;0.0235904;-1.00484
-3.79809;230.593;-1.11622;0.00561752;0.0206546;-1.02625
4.6582;230.593;-1.08464;0.00880459;0.0175665;-1.04603
13.1145;230.593;-1.01505;0.00983678;0.0157266;-1.05896
21.5708;230.593;-0.947102;0.00952947;0.0145315;-1.07156
30.0271;230.593;-0.877324;0.00840678;0.0144978;-1.08355
38.4834;230.593;-0.813827;0.00837679;0.01212;-1.07515
46.9397;230.593;-0.781134;0.00856254;0.00864194;-1.04847
55.396;230.593;-0.781425;0.00880955;0.00669217;-1.00786
63.8522;230.593;-0.817853;0.00934274;0.00705879;-0.956183
72.3085;230.593;-0.903767;0.0113365;0.0087839;-0.889683
80.7648;230.593;-0.955569;0.0127445;0.0107694;-0.811662
89.2211;230.593;-0.978723;0.0123974;0.00970086;-0.71861
97.6774;230.593;-0.935818;0.0106087;0.00520019;-0.610256
106.134;230.593;-0.888504;0.00933977;0.00141796;-0.496711
114.59;230.593;-0.721154;0.0106356;0.00167967;-0.386759
-113.73;222.137;1.68528;0.0125626;-0.00451753;-0.172002
-105.274;222.137;4.23575;0.0103233;-0.00794019;-0.244791
-96.8173;222.137;2.10191;0.00651611;-0.00345599;-0.386101
-88.361;222.137;0.466827;0.00569072;0.000127618;-0.522339
-79.9047;222.137;0.239625;0.00409817;0.00331531;-0.648395
-71.4484;222.137;0.0560671;0.00186408;0.00751552;-0.791461
-62.9921;222.137;-0.445392;8.72884e-05;0.0125922;-0.933061
-54.5358;222.137;-0.43084;0.00197167;0.0130625;-1.02063
-46.0795;222.137;-0.628638;0.00197284;0.013328;-1.08206
-37.6233;222.137;-0.673621;0.00210736;0.012906;-1.15451
-29.167;222.137;-0.740912;0.00284082;0.0163858;-1.21986
-20.7107;222.137;-0.957732;0.00168717;0.0253124;-1.24958
-12.2544;222.137;-1.29406;0.00165393;0.0324086;-1.26199
-3.79809;222.137;-1.35116;0.00296009;0.0315302;-1.28784
4.6582;222.137;-1.2472;0.00688607;0.0259531;-1.31887
13.1145;222.137;-1.11194;0.00809832;0.0219792;-1.33997
21.5708;222.137;-0.996373;0.00735598;0.0202805;-1.36169
30.0271;222.137;-0.877105;0.00654006;0.020199;-1.38829
38.4834;222.137;-0.804448;0.00776194;0.0177204;-1.38574
46.9397;222.137;-0.765915;0.00808361;0.0140544;-1.35464
55.396;222.137;-0.764072;0.00856121;0.0111508;-1.30917
63.8522;222.137;-0.796537;0.00945249;0.0113285;-1.25534
72.3085;222.137;-0.852908;0.0119367;0.013615;-1.19376
80.7648;222.137;-0.893551;0.0137745;0.0161802;-1.12116
89.2211;222.137;-0.90816;0.0138575;0.0149782;-1.02804
97.6774;222.137;-0.91062;0.0124311;0.00984541;-0.914975
106.134;222.137;-0.943081;0.0114493;0.00474217;-0.790598
114.59;222.137;-0.828419;0.011495;0.00362329;-0.666505
-130.642;213.681;0.103519;0.00804336;0.000946488;-0.139492
-122.186;213.681;-0.0004306;0.0120173;-0.00134012;-0.247535
-113.73;213.681;-0.0264453;0.0137743;-0.00749114;-0.36844
-105.274;213.681;-0.573801;0.00885704;-0.00705001;-0.531446
-96.8173;213.681;-0.451659;0.00279256;-0.00148195;-0.694312
-88.361;213.681;-0.315404;0.00190656;0.00319941;-0.842299
-79.9047;213.681;-0.354355;-0.000666428;0.00794086;-0.98609
-71.4484;213.681;-0.366745;-0.00460294;0.0119747;-1.13021
-62.9921;213.681;-0.321445;-0.00595895;0.0165637;-1.25398
-54.5358;213.681;-0.527912;-0.00187616;0.0171084;-1.32937
-46.0795;213.681;-0.750862;-0.00122905;0.0195822;-1.38227
-37.6233;213.681;-0.777242;-7.73226e-05;0.018613;-1.44599
-29.167;213.681;-0.780044;0.00224802;0.017796;-1.50991
-20.7107;213.681;-0.87457;0.00268997;0.0202814;-1.55439
-12.2544;213.681;-1.03053;0.0021699;0.0237533;-1.59049
-3.79809;213.681;-1.00824;0.00275181;0.0224436;-1.63062
4.6582;213.681;-0.905457;0.0060228;0.0181812;-1.67063
13.1145;213.681;-0.807849;0.00658726;0.0162001;-1.69504
21.5708;213.681;-0.74352;0.00678352;0.0159887;-1.71509
30.0271;213.681;-0.702553;0.00723947;0.0175459;-1.72504
38.4834;213.681;-0.694706;0.00850655;0.0178854;-1.70766
46.9397;213.681;-0.695935;0.00876289;0.0163313;-1.66806
55.396;213.681;-0.702697;0.00885868;0.0135115;-1.61769
63.8522;213.681;-0.719056;0.00975315;0.0124121;-1.56237
72.3085;213.681;-0.756983;0.0124823;0.0140224;-1.50305
80.7648;213.681;-0.787601;0.0145732;0.0164331;-1.43069
89.2211;213.681;-0.799132;0.0142905;0.0163784;-1.33877
97.6774;213.681;-0.796467;0.0123416;0.0129845;-1.22735
106.134;213.681;-0.79851;0.0115005;0.00824549;-1.10081
114.59;213.681;-0.777932;0.011183;0.00593333;-0.967027
123.046;213.681;-0.725146;0.0101204;0.00246611;-0.822701
131.503;213.681;-0.651431;0.00750954;-0.000817016;-0.667653
139.959;213.681;-0.58896;0.00582517;-0.00430212;-0.511284
148.415;213.681;-0.235351;0.00564412;-0.00507953;-0.362936
-139.099;205.224;0.155762;0.00855702;0.000262357;-0.183209
-130.642;205.224;0.122337;0.00857894;-0.00350954;-0.29992
-122.186;205.224;0.0617561;0.0111537;-0.00545543;-0.4503
-113.73;205.224;0.00762707;0.0109475;-0.00659818;-0.601495
-105.274;205.224;-0.00181897;0.00449109;-0.00402417;-0.779246
-96.8173;205.224;-0.00805946;-0.00142794;0.00204809;-0.964732
-88.361;205.224;-0.0179732;-0.00150024;0.00581639;-1.13182
-79.9047;205.224;-0.0945349;-0.00417737;0.0116118;-1.28251
-71.4484;205.224;-0.239692;-0.00793758;0.0156113;-1.4169
-62.9921;205.224;-0.413073;-0.00773814;0.0182623;-1.53222
-54.5358;205.224;-0.569972;-0.00337735;0.0183523;-1.61714
-46.0795;205.224;-0.748727;-0.00237135;0.0228074;-1.68808
-37.6233;205.224;-0.777994;-0.00230527;0.0234594;-1.74786
-29.167;205.224;-0.753618;0.000813339;0.0206854;-1.82114
-20.7107;205.224;-0.737252;0.00341563;0.0184233;-1.88923
-12.2544;205.224;-0.732218;0.00473324;0.0173233;-1.94574
-3.79809;205.224;-0.667139;0.00572163;0.0148124;-1.98999
4.6582;205.224;-0.599146;0.00740876;0.0116442;-2.02504
13.1145;205.224;-0.564088;0.00777386;0.0103106;-2.03916
21.5708;205.224;-0.558798;0.00883339;0.0112932;-2.04069
30.0271;205.224;-0.561439;0.0106177;0.0133901;-2.03216
38.4834;205.224;-0.577612;0.0116564;0.0154936;-2.00959
46.9397;205.224;-0.579913;0.0106384;0.0157784;-1.97403
55.396;205.224;-0.581612;0.00978642;0.0136376;-1.92862
63.8522;205.224;-0.597246;0.0107578;0.0125654;-1.87452
72.3085;205.224;-0.634757;0.0134849;0.0134078;-1.81193
80.7648;205.224;-0.668837;0.0151762;0.0154044;-1.73582
89.2211;205.224;-0.683611;0.0146158;0.0157451;-1.64203
97.6774;205.224;-0.683838;0.0126281;0.0138621;-1.53157
106.134;205.224;-0.68763;0.0115127;0.0110647;-1.40833
114.59;205.224;-0.687434;0.0112477;0.0100617;-1.27323
123.046;205.224;-0.678821;0.0101002;0.00767587;-1.12176
131.503;205.224;-0.646751;0.00785343;0.00227551;-0.953254
139.959;205.224;-0.568672;0.00640387;-0.00606649;-0.772025
148.415;205.224;-0.396715;0.00574166;-0.0108889;-0.61098
-139.099;196.768;0.158347;0.00838817;-0.00407736;-0.353448
-130.642;196.768;0.140469;0.00721127;-0.00504692;-0.519651
-122.186;196.768;0.111246;0.00670069;-0.00451187;-0.69492
-113.73;196.768;0.0570321;0.00477479;-0.00234983;-0.865482
-105.274;196.768;0.0249897;-0.000674258;0.00213216;-1.0502
-96.8173;196.768;0.0233242;-0.00350247;0.00699275;-1.22924
-88.361;196.768;-0.00994386;-0.00274058;0.0104455;-1.38802
-79.9047;196.768;-0.194781;-0.00572988;0.018171;-1.52093
-71.4484;196.768;-0.413225;-0.00894873;0.0227535;-1.64752
-62.9921;196.768;-0.497789;-0.00756921;0.021068;-1.78213
-54.5358;196.768;-0.419058;-0.00381731;0.0166213;-1.90816
-46.0795;196.768;-0.513369;-0.00256754;0.0192051;-2.0054
-37.6233;196.768;-0.59872;-0.00228577;0.0221075;-2.069
-29.167;196.768;-0.619046;-0.000250972;0.0212947;-2.13502
-20.7107;196.768;-0.576926;0.00216298;0.0177661;-2.19945
-12.2544;196.768;-0.513507;0.00469849;0.013856;-2.25501
-3.79809;196.768;-0.459724;0.00664043;0.011567;-2.29737
4.6582;196.768;-0.441378;0.00700307;0.0106309;-2.32673
13.1145;196.768;-0.459047;0.00696312;0.00975624;-2.33209
21.5708;196.768;-0.49017;0.00890607;0.0104238;-2.32423
30.0271;196.768;-0.508763;0.0116936;0.0124609;-2.30938
38.4834;196.768;-0.514305;0.012925;0.0153686;-2.29406
46.9397;196.768;-0.499509;0.0122946;0.016204;-2.26987
55.396;196.768;-0.492733;0.0109371;0.0145407;-2.22939
63.8522;196.768;-0.5084;0.0114802;0.0148592;-2.17595
72.3085;196.768;-0.541751;0.014078;0.0158522;-2.11162
80.7648;196.768;-0.564405;0.0152669;0.0166844;-2.03403
89.2211;196.768;-0.56895;0.014333;0.0162908;-1.94139
97.6774;196.768;-0.572719;0.0126722;0.0150617;-1.83281
106.134;196.768;-0.602616;0.0122156;0.0134299;-1.70655
114.59;196.768;-0.638344;0.0127177;0.0140162;-1.56694
123.046;196.768;-0.651108;0.0117916;0.0124711;-1.41001
131.503;196.768;-0.636139;0.0101866;0.00728168;-1.23991
139.959;196.768;-0.602573;0.00944891;-0.000409356;-1.06223
148.415;196.768;-0.550371;0.00907927;-0.00690499;-0.882745
156.871;196.768;-0.551016;0.00907148;-0.00720165;-0.691172
-147.555;188.312;0.163608;0.00977454;-0.00345649;-0.372939
-139.099;188.312;0.153404;0.00709138;-0.00384703;-0.557749
-130.642;188.312;0.164445;0.00445402;-0.00139825;-0.753496
-122.186;188.312;0.155092;0.00237095;0.00274017;-0.945131
-113.73;188.312;0.0932035;-0.00085479;0.00573015;-1.12358
-105.274;188.312;0.0277587;-0.00476179;0.00786747;-1.30023
-96.8173;188.312;0.00250704;-0.0051417;0.0099708;-1.46542
-88.361;188.312;-0.0775442;-0.00215385;0.0126287;-1.61308
-79.9047;188.312;-0.341597;-0.00428536;0.0192183;-1.7373
-71.4484;188.312;-0.527093;-0.00662458;0.0226258;-1.87693
-62.9921;188.312;-0.423186;-0.005544;0.0183655;-2.03912
-54.5358;188.312;-0.141757;-0.00284667;0.0106608;-2.19706
-46.0795;188.312;-0.177038;-0.00115099;0.0100838;-2.31018
-37.6233;188.312;-0.315799;7.68281e-05;0.0141185;-2.37416
-29.167;188.312;-0.400297;0.00212909;0.0147174;-2.42891
-20.7107;188.312;-0.402366;0.00393019;0.0119437;-2.47769
-12.2544;188.312;-0.373172;0.00584632;0.0089317;-2.52059
-3.79809;188.312;-0.368919;0.00741837;0.00960297;-2.55713
4.6582;188.312;-0.38985;0.00682978;0.012165;-2.58766
13.1145;188.312;-0.425297;0.00634125;0.0121514;-2.59713
21.5708;188.312;-0.456541;0.0076174;0.0118415;-2.59258
30.0271;188.312;-0.468146;0.00991031;0.0135275;-2.58233
38.4834;188.312;-0.457604;0.0116049;0.0167675;-2.57529
46.9397;188.312;-0.424296;0.0123456;0.0177078;-2.56119
55.396;188.312;-0.402232;0.0107773;0.0158983;-2.52589
63.8522;188.312;-0.406613;0.010462;0.0175661;-2.47446
72.3085;188.312;-0.435068;0.0130236;0.0197418;-2.40828
80.7648;188.312;-0.453177;0.0141698;0.020045;-2.32842
89.2211;188.312;-0.455927;0.0132975;0.0184228;-2.2347
97.6774;188.312;-0.46948;0.0124584;0.016328;-2.12453
106.134;188.312;-0.522213;0.0135751;0.0147521;-1.99421
114.59;188.312;-0.568598;0.0151955;0.0160398;-1.85365
123.046;188.312;-0.57683;0.0144129;0.0132511;-1.69528
131.503;188.312;-0.554684;0.0128813;0.00783663;-1.52485
139.959;188.312;-0.523841;0.0124007;0.00291526;-1.34766
148.415;188.312;-0.496462;0.0118833;-0.00178452;-1.16089
156.871;188.312;-0.485066;0.00986703;-0.00453183;-0.960712
-164.468;179.855;0.013761;0.00431135;0.00540476;-0.180564
-156.011;179.855;0.164647;0.00662498;0.000334898;-0.367221
-147.555;179.855;0.141329;0.00727166;-0.00203984;-0.565321
-139.099;179.855;0.123024;0.00501486;-0.00195639;-0.766072
-130.642;179.855;0.157327;0.00217313;0.00252125;-0.97193
-122.186;179.855;0.173777;-0.000145871;0.00860182;-1.17603
-113.73;179.855;0.123558;-0.00320886;0.010684;-1.36087
-105.274;179.855;0.0587228;-0.00629386;0.00972449;-1.53451
-96.8173;179.855;0.0403482;-0.00619202;0.00895779;-1.69556
-88.361;179.855;-0.0102425;-0.00300815;0.00978598;-1.84743
-79.9047;179.855;-0.163241;-0.00390883;0.0123422;-1.98284
-71.4484;179.855;-0.202905;-0.00512547;0.012986;-2.13201
-62.9921;179.855;-0.0565655;-0.00361697;0.00832554;-2.29644
-54.5358;179.855;0.0794272;0.00017608;0.00186818;-2.45093
-46.0795;179.855;-0.0180318;0.00277146;0.00217667;-2.56022
-37.6233;179.855;-0.146384;0.00446104;0.0070508;-2.62967
-29.167;179.855;-0.212565;0.00569513;0.00765279;-2.68508
-20.7107;179.855;-0.225883;0.00585774;0.00518258;-2.72876
-12.2544;179.855;-0.236188;0.00609823;0.00372045;-2.76542
-3.79809;179.855;-0.275249;0.00710888;0.00687358;-2.79922
4.6582;179.855;-0.314513;0.00659588;0.0125039;-2.83669
13.1145;179.855;-0.345267;0.00635179;0.0140659;-2.85925
21.5708;179.855;-0.364913;0.0066436;0.0140163;-2.8658
30.0271;179.855;-0.3747;0.00762833;0.0157134;-2.86254
38.4834;179.855;-0.378106;0.0096132;0.0185589;-2.85421
46.9397;179.855;-0.346793;0.0113239;0.0186789;-2.84058
55.396;179.855;-0.318378;0.0100347;0.0153609;-2.80721
63.8522;179.855;-0.316963;0.00933584;0.0164712;-2.7559
72.3085;179.855;-0.352619;0.0117733;0.0199941;-2.68572
80.7648;179.855;-0.38186;0.0129764;0.0215348;-2.60346
89.2211;179.855;-0.39;0.0124821;0.0204643;-2.50866
97.6774;179.855;-0.403641;0.0126405;0.0180421;-2.39697
106.134;179.855;-0.446236;0.0153984;0.0159387;-2.26583
114.59;179.855;-0.479758;0.0182864;0.0162779;-2.12861
123.046;179.855;-0.462016;0.0173607;0.0110815;-1.97466
131.503;179.855;-0.41726;0.0148523;0.00421949;-1.80635
139.959;179.855;-0.382659;0.0124476;-0.0011619;-1.62366
148.415;179.855;-0.378981;0.00976423;-0.00501457;-1.42934
156.871;179.855;-0.383848;0.00685569;-0.0075126;-1.22458
165.328;179.855;-0.407134;0.0059077;-0.00694053;-1.01221
173.784;179.855;-0.49585;0.00735736;-0.00513628;-0.789509
-172.924;171.399;0.0700968;0.00326778;0.00645566;-0.146843
-164.468;171.399;0.0649994;0.00223529;0.00700089;-0.326147
-156.011;171.399;0.15216;0.00504858;0.0023506;-0.549268
-147.555;171.399;0.119276;0.00696915;-0.000816321;-0.760866
-139.099;171.399;0.10352;0.00552701;-0.000704945;-0.965479
-130.642;171.399;0.146551;0.00197489;0.00452666;-1.17697
-122.186;171.399;0.17404;-0.00137183;0.0103401;-1.38617
-113.73;171.399;0.13688;-0.00415311;0.0110838;-1.57413
-105.274;171.399;0.0923391;-0.00593467;0.00858364;-1.74978
-96.8173;171.399;0.105045;-0.00539084;0.00674221;-1.91622
-88.361;171.399;0.114183;-0.00248947;0.00536915;-2.07702
-79.9047;171.399;0.0778244;-0.00207492;0.00380953;-2.22668
-71.4484;171.399;0.0934263;-0.00250315;0.00211513;-2.37988
-62.9921;171.399;0.160882;-0.00155004;-0.0011405;-2.53218
-54.5358;171.399;0.163318;0.00178916;-0.00406796;-2.66558
-46.0795;171.399;0.0292324;0.00474555;-0.00175679;-2.76442
-37.6233;171.399;-0.0717286;0.00760833;0.00287157;-2.83931
-29.167;171.399;-0.11027;0.00799852;0.00373319;-2.90239
-20.7107;171.399;-0.113539;0.00611624;0.0026302;-2.95574
-12.2544;171.399;-0.120293;0.00443926;0.00267012;-3.00237
-3.79809;171.399;-0.147674;0.00507821;0.00589046;-3.04355
4.6582;171.399;-0.188711;0.00612657;0.0117336;-3.08229
13.1145;171.399;-0.222056;0.00790093;0.0139826;-3.10701
21.5708;171.399;-0.245877;0.00918956;0.0154737;-3.11805
30.0271;171.399;-0.268046;0.0095045;0.017929;-3.11833
38.4834;171.399;-0.304991;0.0103022;0.0200293;-3.10679
46.9397;171.399;-0.300143;0.0115031;0.0185289;-3.0861
55.396;171.399;-0.288247;0.0108895;0.0142393;-3.04966
63.8522;171.399;-0.297582;0.010215;0.0151076;-2.99546
72.3085;171.399;-0.342443;0.0116431;0.0199244;-2.92413
80.7648;171.399;-0.376973;0.0125459;0.0234895;-2.84624
89.2211;171.399;-0.376846;0.0129204;0.0244236;-2.75756
97.6774;171.399;-0.36567;0.0142627;0.0224626;-2.65058
106.134;171.399;-0.366286;0.0175306;0.018718;-2.52328
114.59;171.399;-0.375828;0.0202875;0.0177306;-2.39156
123.046;171.399;-0.339516;0.018801;0.0130707;-2.24474
131.503;171.399;-0.29381;0.0162797;0.00756334;-2.07991
139.959;171.399;-0.273739;0.014391;0.00315209;-1.89369
148.415;171.399;-0.281015;0.0122262;-0.000230475;-1.69446
156.871;171.399;-0.302804;0.00943318;-0.00411052;-1.48369
165.328;171.399;-0.356376;0.00775996;-0.00582237;-1.26236
173.784;171.399;-0.427457;0.00810269;-0.00521958;-1.03024
182.24;171.399;-0.482055;0.00811732;-0.00177404;-0.818776
-181.38;162.943;0.229856;0.00684814;0.00456899;-0.120061
-172.924;162.943;0.114078;0.00351947;0.00569852;-0.280544
-164.468;162.943;0.0760009;0.00182017;0.00649419;-0.509407
-156.011;162.943;0.13214;0.0045169;0.00244844;-0.738143
-147.555;162.943;0.116782;0.00787706;-0.000315866;-0.94971
-139.099;162.943;0.111161;0.00742724;-0.000553547;-1.15582
-130.642;162.943;0.140359;0.00363905;0.0033137;-1.36835
-122.186;162.943;0.154888;-0.00055616;0.00704648;-1.57494
-113.73;162.943;0.128572;-0.00324629;0.00747171;-1.76422
-105.274;162.943;0.104775;-0.00399;0.00615883;-1.94434
-96.8173;162.943;0.128643;-0.00268878;0.00574637;-2.11828
-88.361;162.943;0.162724;-0.00041536;0.00374739;-2.28613
-79.9047;162.943;0.17461;0.000592365;0.00047469;-2.44105
-71.4484;162.943;0.190937;0.000593736;-0.00246619;-2.59093
-62.9921;162.943;0.201284;0.000359837;-0.00498943;-2.72908
-54.5358;162.943;0.156606;0.00160461;-0.00615146;-2.84684
-46.0795;162.943;0.0429767;0.00464136;-0.00305166;-2.94305
-37.6233;162.943;-0.0305809;0.0079348;0.00141327;-3.0256
-29.167;162.943;-0.0616782;0.00763325;0.00332713;-3.09809
-20.7107;162.943;-0.0718156;0.00523966;0.00443741;-3.16428
-12.2544;162.943;-0.0853287;0.00368524;0.00632698;-3.22344
-3.79809;162.943;-0.117042;0.00479142;0.00890416;-3.27002
4.6582;162.943;-0.173226;0.00551413;0.0120754;-3.30167
13.1145;162.943;-0.225897;0.00747238;0.0132059;-3.31575
21.5708;162.943;-0.264782;0.00927874;0.0152384;-3.31725
30.0271;162.943;-0.291562;0.0105824;0.0170722;-3.31517
38.4834;162.943;-0.321827;0.0115743;0.0192193;-3.31171
46.9397;162.943;-0.328129;0.0134597;0.0193344;-3.29318
55.396;162.943;-0.337651;0.0144843;0.0182021;-3.25756
63.8522;162.943;-0.355393;0.0137874;0.0196595;-3.20337
72.3085;162.943;-0.372061;0.0131179;0.0217573;-3.13893
80.7648;162.943;-0.368085;0.0134638;0.0239419;-3.07103
89.2211;162.943;-0.337508;0.0148388;0.0261908;-2.99324
97.6774;162.943;-0.30084;0.0167988;0.0259698;-2.89343
106.134;162.943;-0.275644;0.0185225;0.02174;-2.76914
114.59;162.943;-0.271969;0.0186067;0.0186124;-2.64044
123.046;162.943;-0.259316;0.0151792;0.0143692;-2.49226
131.503;162.943;-0.252016;0.0131211;0.0105836;-2.32489
139.959;162.943;-0.258742;0.0141553;0.00751412;-2.13807
148.415;162.943;-0.272913;0.015478;0.00387589;-1.93931
156.871;162.943;-0.295764;0.0142946;-0.00151216;-1.72643
165.328;162.943;-0.329613;0.0114715;-0.00496203;-1.50237
173.784;162.943;-0.374262;0.0106368;-0.00445599;-1.2758
182.24;162.943;-0.417181;0.0105487;-0.00231358;-1.04477
-181.38;154.486;0.162308;0.00613216;0.000573486;-0.211848
-172.924;154.486;0.108984;0.00489955;0.00338587;-0.441742
-164.468;154.486;0.0978918;0.00262798;0.00427006;-0.698489
-156.011;154.486;0.116306;0.00282405;0.00266829;-0.926502
-147.555;154.486;0.115805;0.0057702;0.00101609;-1.13723
-139.099;154.486;0.123516;0.00697168;-6.99517e-05;-1.34446
-130.642;154.486;0.125751;0.00537496;0.000506103;-1.55024
-122.186;154.486;0.118247;0.00231649;0.0012856;-1.74871
-113.73;154.486;0.105684;-0.000195472;0.00236089;-1.94012
-105.274;154.486;0.0935209;-0.00126635;0.00392131;-2.12502
-96.8173;154.486;0.0971375;-0.000256257;0.00628116;-2.30063
-88.361;154.486;0.117814;-0.000123674;0.00616035;-2.47231
-79.9047;154.486;0.121581;8.31588e-05;0.00401821;-2.624
-71.4484;154.486;0.131118;0.000537896;0.00163087;-2.76636
-62.9921;154.486;0.138579;0.00100262;-0.000604015;-2.90085
-54.5358;154.486;0.107214;0.00205955;-0.00184204;-3.02235
-46.0795;154.486;0.0355415;0.00482333;0.000399221;-3.12202
-37.6233;154.486;-0.0172027;0.00696781;0.00323564;-3.21104
-29.167;154.486;-0.0538862;0.00632629;0.00545586;-3.2936
-20.7107;154.486;-0.0822441;0.00531655;0.00814505;-3.36968
-12.2544;154.486;-0.112921;0.00562512;0.0111651;-3.43262
-3.79809;154.486;-0.158908;0.00672242;0.0131631;-3.47774
4.6582;154.486;-0.230089;0.00620972;0.0148579;-3.50576
13.1145;154.486;-0.29255;0.00680681;0.0153121;-3.51496
21.5708;154.486;-0.326348;0.00773358;0.0159699;-3.5124
30.0271;154.486;-0.328936;0.00914125;0.01601;-3.51099
38.4834;154.486;-0.319505;0.0107365;0.0176257;-3.51747
46.9397;154.486;-0.309854;0.0142008;0.0195891;-3.50841
55.396;154.486;-0.320987;0.0171114;0.0207361;-3.47705
63.8522;154.486;-0.339442;0.0171961;0.0221818;-3.42278
72.3085;154.486;-0.341113;0.0155749;0.0224692;-3.35665
80.7648;154.486;-0.307932;0.015584;0.023711;-3.28817
89.2211;154.486;-0.286012;0.0180351;0.0260512;-3.20456
97.6774;154.486;-0.265986;0.0204565;0.0277095;-3.10172
106.134;154.486;-0.240528;0.0208261;0.0254318;-2.98129
114.59;154.486;-0.218531;0.0188602;0.0214976;-2.85167
123.046;154.486;-0.222801;0.0143368;0.0164415;-2.69886
131.503;154.486;-0.237609;0.0122279;0.0122609;-2.52956
139.959;154.486;-0.248943;0.014392;0.00945247;-2.34955
148.415;154.486;-0.246054;0.0176495;0.00666161;-2.16527
156.871;154.486;-0.262352;0.0180533;0.00145474;-1.95982
165.328;154.486;-0.299143;0.0151304;-0.0023415;-1.73264
173.784;154.486;-0.350937;0.0132841;-0.0024797;-1.49602
182.24;154.486;-0.390665;0.0132446;-0.00120222;-1.25903
190.697;154.486;-0.494116;0.0109206;-0.00376134;-1.00868
199.153;154.486;-0.621497;0.009833;-0.00249586;-0.755087
207.609;154.486;-0.599092;0.0100896;0.00271434;-0.501473
-181.38;146.03;0.0951402;0.00437104;-0.000746891;-0.358116
-172.924;146.03;0.106894;0.00530838;0.00192963;-0.61963
-164.468;146.03;0.113905;0.00389712;0.00302977;-0.871294
-156.011;146.03;0.0949163;0.00240295;0.00354453;-1.10207
-147.555;146.03;0.0923418;0.00305894;0.00403853;-1.31851
-139.099;146.03;0.106164;0.00332038;0.00314536;-1.53076
-130.642;146.03;0.101438;0.00329664;0.00223388;-1.73588
-122.186;146.03;0.0890277;0.0028827;0.000874583;-1.93169
-113.73;146.03;0.0849345;0.00208491;0.000280157;-2.12379
-105.274;146.03;0.0828583;0.000563854;0.00208979;-2.31124
-96.8173;146.03;0.0832827;-0.000389335;0.00550317;-2.48837
-88.361;146.03;0.104028;-0.00396599;0.00849648;-2.66535
-79.9047;146.03;0.084834;-0.00529991;0.00842526;-2.81252
-71.4484;146.03;0.0659597;-0.00407381;0.00590598;-2.94229
-62.9921;146.03;0.0604264;-0.00136167;0.00374413;-3.07002
-54.5358;146.03;0.0421358;0.00140273;0.00406056;-3.19646
-46.0795;146.03;-0.00613365;0.0039182;0.00712702;-3.3024
-37.6233;146.03;-0.0409097;0.00423887;0.00875383;-3.39661
-29.167;146.03;-0.0767311;0.00319702;0.00985446;-3.48665
-20.7107;146.03;-0.112888;0.00350474;0.0110637;-3.56482
-12.2544;146.03;-0.151699;0.00571272;0.0124895;-3.62503
-3.79809;146.03;-0.204704;0.00750945;0.0139157;-3.67138
4.6582;146.03;-0.276873;0.00724779;0.0171249;-3.70776
13.1145;146.03;-0.327828;0.00823288;0.019193;-3.72919
21.5708;146.03;-0.342579;0.00916825;0.0189285;-3.73414
30.0271;146.03;-0.325322;0.0103698;0.0172664;-3.733
38.4834;146.03;-0.296608;0.0119391;0.0173308;-3.73538
46.9397;146.03;-0.285685;0.0157396;0.0197047;-3.72242
55.396;146.03;-0.311309;0.0196524;0.0215334;-3.68331
63.8522;146.03;-0.359079;0.0208637;0.023669;-3.61698
72.3085;146.03;-0.404753;0.0198361;0.025794;-3.53471
80.7648;146.03;-0.410945;0.0201938;0.0273611;-3.4541
89.2211;146.03;-0.444092;0.0235232;0.0284909;-3.35506
97.6774;146.03;-0.506792;0.026974;0.0295075;-3.22985
106.134;146.03;-0.573369;0.0280187;0.0277091;-3.08309
114.59;146.03;-0.553071;0.0260963;0.0230823;-2.9455
123.046;146.03;-0.520083;0.0219816;0.0179369;-2.80025
131.503;146.03;-0.476935;0.0190117;0.0138532;-2.64995
139.959;146.03;-0.428434;0.0190093;0.0105427;-2.49463
148.415;146.03;-0.37672;0.0207869;0.00738944;-2.32731
156.871;146.03;-0.379138;0.0214085;0.00297851;-2.12924
165.328;146.03;-0.415676;0.0190916;-1.18604e-05;-1.90405
173.784;146.03;-0.460481;0.016481;-0.000771618;-1.66706
182.24;146.03;-0.470709;0.0160858;-3.95865e-05;-1.43871
190.697;146.03;-0.505393;0.0144516;-0.00188543;-1.19474
199.153;146.03;-0.552216;0.0128774;-0.00108014;-0.938807
207.609;146.03;-0.590988;0.0121825;0.00176736;-0.679134
-189.836;137.574;0.0807786;0.00250002;0.00209834;-0.289021
-181.38;137.574;0.0241047;0.00216791;0.00220265;-0.527758
-172.924;137.574;0.0276278;0.00362254;0.00311987;-0.788049
-164.468;137.574;0.0698312;0.0033201;0.00324795;-1.03198
-156.011;137.574;0.0494676;0.000790284;0.00594095;-1.26777
-147.555;137.574;0.0487253;-0.000203281;0.0087534;-1.49372
-139.099;137.574;0.0737855;-0.00160275;0.0105761;-1.71645
-130.642;137.574;0.0800196;-0.00267582;0.0112261;-1.92997
-122.186;137.574;0.0713181;-0.00201325;0.00895626;-2.12555
-113.73;137.574;0.0637925;-0.000297943;0.00532755;-2.31129
-105.274;137.574;0.062424;-0.000860308;0.00451465;-2.49711
-96.8173;137.574;0.0832482;-0.00307962;0.00672173;-2.68084
-88.361;137.574;0.105305;-0.00689536;0.010626;-2.86234
-79.9047;137.574;0.0655983;-0.00831451;0.0108574;-3.00402
-71.4484;137.574;0.0142123;-0.00685661;0.00855463;-3.12528
-62.9921;137.574;-0.0166021;-0.00334644;0.0072293;-3.24989
-54.5358;137.574;-0.0350754;0.000313301;0.00870624;-3.38104
-46.0795;137.574;-0.0690129;0.00224531;0.011538;-3.49383
-37.6233;137.574;-0.0942356;0.00179282;0.0122129;-3.59104
-29.167;137.574;-0.114536;0.00057063;0.0124292;-3.68287
-20.7107;137.574;-0.130328;0.00100523;0.0124785;-3.76179
-12.2544;137.574;-0.151443;0.00340378;0.0121637;-3.82311
-3.79809;137.574;-0.195469;0.00577491;0.0121556;-3.87102
4.6582;137.574;-0.254208;0.00620536;0.0161007;-3.91298
13.1145;137.574;-0.284688;0.00866423;0.0199109;-3.9476
21.5708;137.574;-0.292759;0.0110564;0.0205213;-3.96348
30.0271;137.574;-0.290324;0.0128919;0.0198277;-3.96283
38.4834;137.574;-0.287597;0.0142209;0.0196555;-3.95254
46.9397;137.574;-0.30129;0.0169207;0.0211691;-3.92391
55.396;137.574;-0.356171;0.0211924;0.0222471;-3.8686
63.8522;137.574;-0.446671;0.0248441;0.0258499;-3.78953
72.3085;137.574;-0.548166;0.0260202;0.0310333;-3.69596
80.7648;137.574;-0.600381;0.0261296;0.0332317;-3.61033
89.2211;137.574;-0.668316;0.0284522;0.0321104;-3.50493
97.6774;137.574;-0.803729;0.0323866;0.0307361;-3.36133
106.134;137.574;-0.965993;0.0353698;0.0298741;-3.18868
114.59;137.574;-0.968621;0.0353502;0.0271146;-3.04348
123.046;137.574;-0.905591;0.0331125;0.0237453;-2.90782
131.503;137.574;-0.813955;0.0294056;0.0203079;-2.77057
139.959;137.574;-0.714253;0.0261426;0.0151616;-2.62563
148.415;137.574;-0.600045;0.0252106;0.0104009;-2.46816
156.871;137.574;-0.565563;0.0258042;0.00686695;-2.27892
165.328;137.574;-0.569599;0.0246203;0.00483972;-2.06458
173.784;137.574;-0.576382;0.0217707;0.00377299;-1.83734
182.24;137.574;-0.555469;0.0208139;0.00345352;-1.61489
190.697;137.574;-0.547192;0.0198563;0.00154594;-1.37727
199.153;137.574;-0.556303;0.0184426;0.00214997;-1.12211
207.609;137.574;-0.581214;0.0166486;0.00352903;-0.850211
216.065;137.574;-0.469367;0.0164358;0.00434455;-0.594652
-189.836;129.118;0.0747553;0.00285158;0.00429008;-0.457761
-181.38;129.118;-0.0323443;0.00201525;0.00318564;-0.694475
-172.924;129.118;-0.0365676;0.00324054;0.00281561;-0.940015
-164.468;129.118;0.0153155;0.00332346;0.00288279;-1.18206
-156.011;129.118;0.000294852;-0.000574476;0.00710207;-1.42584
-147.555;129.118;0.00199917;-0.00164505;0.0104218;-1.65966
-139.099;129.118;0.0332499;-0.00285693;0.0134168;-1.8891
-130.642;129.118;0.0510777;-0.0049786;0.0152848;-2.1083
-122.186;129.118;0.0432069;-0.0050011;0.0135654;-2.30339
-113.73;129.118;0.0224014;-0.00304627;0.00977419;-2.48671
-105.274;129.118;0.0125224;-0.00384075;0.00861636;-2.67407
-96.8173;129.118;0.0374291;-0.00565695;0.00947263;-2.86095
-88.361;129.118;0.052299;-0.00619398;0.0112969;-3.0403
-79.9047;129.118;0.0134051;-0.00599063;0.0109826;-3.1833
-71.4484;129.118;-0.0302795;-0.00415083;0.00943012;-3.30842
-62.9921;129.118;-0.0542668;-0.000917905;0.00909697;-3.43837
-54.5358;129.118;-0.0692569;0.00180007;0.0104683;-3.57668
-46.0795;129.118;-0.0935454;0.00149387;0.0109477;-3.69717
-37.6233;129.118;-0.107535;0.000251429;0.0104422;-3.79577
-29.167;129.118;-0.117348;-0.000824803;0.0107945;-3.8837
-20.7107;129.118;-0.126818;-0.000750335;0.011766;-3.96249
-12.2544;129.118;-0.144333;0.000668703;0.0121514;-4.03026
-3.79809;129.118;-0.179777;0.00285679;0.0122764;-4.08332
4.6582;129.118;-0.227871;0.00461362;0.0150778;-4.12036
13.1145;129.118;-0.254961;0.00876952;0.0188229;-4.15488
21.5708;129.118;-0.274224;0.012898;0.0205173;-4.17735
30.0271;129.118;-0.296308;0.0152539;0.022028;-4.18249
38.4834;129.118;-0.324391;0.0154191;0.0232777;-4.16907
46.9397;129.118;-0.357408;0.0160353;0.0238524;-4.12948
55.396;129.118;-0.431661;0.0207134;0.0232823;-4.06315
63.8522;129.118;-0.525971;0.0280956;0.0268187;-3.98811
72.3085;129.118;-0.604123;0.0323834;0.0316876;-3.91052
80.7648;129.118;-0.622304;0.0314204;0.0321891;-3.84413
89.2211;129.118;-0.663408;0.0307833;0.0271142;-3.75122
97.6774;129.118;-0.815695;0.0339078;0.0225103;-3.60652
106.134;129.118;-1.02942;0.0391341;0.0230107;-3.42355
114.59;129.118;-1.10425;0.0416972;0.024984;-3.26131
123.046;129.118;-1.07409;0.04124;0.0247399;-3.11624
131.503;129.118;-0.99093;0.0359379;0.0222609;-2.9659
139.959;129.118;-0.879037;0.029917;0.01672;-2.8098
148.415;129.118;-0.731513;0.0278506;0.0119074;-2.65164
156.871;129.118;-0.66312;0.0294116;0.00923303;-2.46921
165.328;129.118;-0.626261;0.0291756;0.00696063;-2.26471
173.784;129.118;-0.592286;0.0266694;0.00539324;-2.04571
182.24;129.118;-0.557115;0.0252357;0.0054963;-1.81987
190.697;129.118;-0.539066;0.024699;0.00414921;-1.5832
199.153;129.118;-0.530637;0.0239412;0.00418365;-1.33127
207.609;129.118;-0.518888;0.0216615;0.00380421;-1.06099
216.065;129.118;-0.407521;0.0180044;0.00171492;-0.793589
-189.836;120.661;0.0962435;0.00487658;0.00384061;-0.609212
-181.38;120.661;0.00605474;0.00451843;0.00281657;-0.852184
-172.924;120.661;-0.0281085;0.00517701;0.00250218;-1.08946
-164.468;120.661;-0.000547513;0.00448907;0.00320988;-1.33081
-156.011;120.661;-0.0112085;-0.000238973;0.00720114;-1.58042
-147.555;120.661;-0.00657013;-0.0010923;0.00919789;-1.81966
-139.099;120.661;0.0129688;-0.00222164;0.0118272;-2.05353
-130.642;120.661;0.0177387;-0.00518138;0.0140077;-2.27449
-122.186;120.661;-0.00857252;-0.00621007;0.0132715;-2.47003
-113.73;120.661;-0.0516167;-0.00540126;0.0112885;-2.65615
-105.274;120.661;-0.0727614;-0.0075334;0.011988;-2.8496
-96.8173;120.661;-0.0383123;-0.00926054;0.0126954;-3.03981
-88.361;120.661;-0.013435;-0.00683759;0.0117314;-3.21405
-79.9047;120.661;-0.019122;-0.00389909;0.00989568;-3.36133
-71.4484;120.661;-0.0302463;-0.00102067;0.00906846;-3.49809
-62.9921;120.661;-0.042485;0.00167419;0.0101773;-3.63871
-54.5358;120.661;-0.0661258;0.00315391;0.0117499;-3.78148
-46.0795;120.661;-0.10087;0.000749297;0.0104748;-3.90473
-37.6233;120.661;-0.133602;-0.000830366;0.00863718;-4.00183
-29.167;120.661;-0.148665;-0.000682977;0.00782531;-4.0806
-20.7107;120.661;-0.153667;2.25651e-05;0.00928936;-4.15599
-12.2544;120.661;-0.15942;0.000773177;0.0116955;-4.23159
-3.79809;120.661;-0.173208;0.00181288;0.0134478;-4.29746
4.6582;120.661;-0.198829;0.00289864;0.0153074;-4.33957
13.1145;120.661;-0.220961;0.00626285;0.0189548;-4.37579
21.5708;120.661;-0.243666;0.0104713;0.0218512;-4.40503
30.0271;120.661;-0.269785;0.0133473;0.0244932;-4.41979
38.4834;120.661;-0.301078;0.0136251;0.0260336;-4.41278
46.9397;120.661;-0.346791;0.0130696;0.0260528;-4.38012
55.396;120.661;-0.394934;0.0169503;0.023984;-4.33129
63.8522;120.661;-0.374609;0.0255514;0.0237603;-4.29318
72.3085;120.661;-0.267611;0.0317045;0.0234462;-4.26235
80.7648;120.661;-0.157067;0.031477;0.0189299;-4.23258
89.2211;120.661;-0.139022;0.0295992;0.00966923;-4.16598
97.6774;120.661;-0.293575;0.0318685;0.00330614;-4.02236
106.134;120.661;-0.552272;0.0374477;0.00648762;-3.82364
114.59;120.661;-0.752149;0.0423319;0.0133036;-3.63051
123.046;120.661;-0.79132;0.0443145;0.0175909;-3.46367
131.503;120.661;-0.751271;0.0382895;0.0161233;-3.29186
139.959;120.661;-0.675383;0.0322785;0.0113921;-3.1203
148.415;120.661;-0.588782;0.0313635;0.00824915;-2.94382
156.871;120.661;-0.541902;0.0333215;0.00766709;-2.75034
165.328;120.661;-0.503572;0.0326241;0.00609405;-2.5369
173.784;120.661;-0.466047;0.0299548;0.00378315;-2.30815
182.24;120.661;-0.448488;0.0271093;0.00306248;-2.06285
190.697;120.661;-0.445319;0.0245672;0.0016612;-1.80863
199.153;120.661;-0.436894;0.0234623;0.00161319;-1.55182
207.609;120.661;-0.400808;0.0220339;0.00186853;-1.29169
216.065;120.661;-0.337252;0.0159849;-0.00026213;-1.00715
-198.293;112.205;0.125119;0.00557965;0.00559622;-0.47587
-189.836;112.205;0.134489;0.00836578;0.00214478;-0.739723
-181.38;112.205;0.0765181;0.00880511;0.00151932;-0.995734
-172.924;112.205;0.0134629;0.0083153;0.00275982;-1.23392
-164.468;112.205;0.00970936;0.00608601;0.00475843;-1.4788
-156.011;112.205;0.00902965;0.000900044;0.00763484;-1.73229
-147.555;112.205;0.0110314;-0.000940574;0.00855213;-1.9767
-139.099;112.205;0.00300992;-0.00316389;0.0106358;-2.21466
-130.642;112.205;-0.0210845;-0.00622631;0.0126228;-2.43522
-122.186;112.205;-0.0657173;-0.00714081;0.0123881;-2.63343
-113.73;112.205;-0.112231;-0.00712975;0.0117718;-2.82689
-105.274;112.205;-0.124239;-0.0103128;0.0136221;-3.02821
-96.8173;112.205;-0.0820031;-0.0122842;0.0145837;-3.22084
-88.361;112.205;-0.0504581;-0.0088747;0.0119517;-3.38845
-79.9047;112.205;-0.033253;-0.00448678;0.00840145;-3.5388
-71.4484;112.205;-0.0266802;-0.00125948;0.00772907;-3.68692
-62.9921;112.205;-0.0312296;0.000780607;0.0101095;-3.83573
-54.5358;112.205;-0.051939;0.00149857;0.0129793;-3.97742
-46.0795;112.205;-0.0961957;-0.00135058;0.0126762;-4.09962
-37.6233;112.205;-0.141645;-0.00301212;0.0107357;-4.19935
-29.167;112.205;-0.158155;-0.00211154;0.00837441;-4.27632
-20.7107;112.205;-0.15485;-0.000483423;0.00891456;-4.35304
-12.2544;112.205;-0.147472;0.0006942;0.0121873;-4.43647
-3.79809;112.205;-0.148888;0.00111677;0.0157114;-4.5147
4.6582;112.205;-0.160704;0.0013852;0.0181665;-4.56398
13.1145;112.205;-0.177424;0.00345348;0.0223139;-4.6035
21.5708;112.205;-0.198646;0.00678758;0.0249543;-4.6355
30.0271;112.205;-0.220602;0.0110525;0.0264056;-4.6598
38.4834;112.205;-0.242991;0.0145009;0.0272982;-4.66761
46.9397;112.205;-0.302616;0.0163628;0.0270509;-4.64328
55.396;112.205;-0.364436;0.018257;0.0237821;-4.59681
63.8522;112.205;-0.311299;0.0243398;0.0198393;-4.56848
72.3085;112.205;-0.131202;0.0307249;0.0136942;-4.55652
80.7648;112.205;0.0392595;0.0323429;0.00662111;-4.53639
89.2211;112.205;0.0724029;0.0318998;-0.000965311;-4.47612
97.6774;112.205;-0.0444141;0.0340059;-0.00511668;-4.3472
106.134;112.205;-0.227058;0.0375339;-0.00231813;-4.17013
114.59;112.205;-0.353045;0.0403989;0.00519636;-3.98637
123.046;112.205;-0.376253;0.0420647;0.00908983;-3.81979
131.503;112.205;-0.380468;0.0363373;0.00702318;-3.63285
139.959;112.205;-0.382134;0.0324166;0.0041531;-3.4411
148.415;112.205;-0.369873;0.0339832;0.00449029;-3.2494
156.871;112.205;-0.356287;0.0369206;0.00614814;-3.04772
165.328;112.205;-0.336613;0.0358872;0.00513338;-2.82271
173.784;112.205;-0.327794;0.0336477;0.00221114;-2.57807
182.24;112.205;-0.372612;0.0321369;0.00230269;-2.31138
190.697;112.205;-0.463502;0.0314291;0.00408366;-2.03241
199.153;112.205;-0.519238;0.0306738;0.0054485;-1.7537
207.609;112.205;-0.476966;0.0280662;0.00531017;-1.48088
216.065;112.205;-0.391221;0.019722;0.00210392;-1.19182
-206.749;103.749;-0.0138615;0.00115752;0.00789118;-0.310204
-198.293;103.749;0.11547;0.00720232;0.00382854;-0.58445
-189.836;103.749;0.169585;0.0123019;-0.000644893;-0.860809
-181.38;103.749;0.0962638;0.0129869;-0.000159269;-1.12474
-172.924;103.749;0.0194576;0.0110845;0.00333117;-1.36794
-164.468;103.749;0.010408;0.00720619;0.0067443;-1.62177
-156.011;103.749;0.0204466;0.000373841;0.00949583;-1.88124
-147.555;103.749;0.00439141;-0.0038608;0.011114;-2.1308
-139.099;103.749;-0.0305233;-0.00712428;0.0130033;-2.37035
-130.642;103.749;-0.0676085;-0.00876849;0.0145459;-2.59104
-122.186;103.749;-0.102185;-0.00824791;0.0140579;-2.79591
-113.73;103.749;-0.121741;-0.0080527;0.01313;-3.00073
-105.274;103.749;-0.112431;-0.0110782;0.0138487;-3.20797
-96.8173;103.749;-0.0873254;-0.0127415;0.0141792;-3.39696
-88.361;103.749;-0.0725952;-0.0096249;0.0113971;-3.55865
-79.9047;103.749;-0.0598608;-0.00679244;0.00742006;-3.70794
-71.4484;103.749;-0.0551958;-0.00537484;0.0061566;-3.85952
-62.9921;103.749;-0.0528909;-0.00426958;0.0085409;-4.00969
-54.5358;103.749;-0.0560382;-0.00279418;0.0127287;-4.14953
-46.0795;103.749;-0.0918048;-0.00270075;0.0148631;-4.27597
-37.6233;103.749;-0.126406;-0.00365158;0.0141583;-4.38952
-29.167;103.749;-0.134796;-0.00236472;0.0119903;-4.48038
-20.7107;103.749;-0.128889;0.000427496;0.0123032;-4.56895
-12.2544;103.749;-0.125878;0.00249199;0.0155168;-4.65969
-3.79809;103.749;-0.136447;0.00176926;0.0192163;-4.74012
4.6582;103.749;-0.152254;0.00133965;0.0228929;-4.79173
13.1145;103.749;-0.167287;0.00182791;0.0271401;-4.82731
21.5708;103.749;-0.190271;0.00349368;0.0284946;-4.85314
30.0271;103.749;-0.211067;0.00787222;0.0278695;-4.87817
38.4834;103.749;-0.222155;0.0133193;0.0276314;-4.89352
46.9397;103.749;-0.276659;0.0174174;0.0277675;-4.87005
55.396;103.749;-0.353965;0.018626;0.0248718;-4.81612
63.8522;103.749;-0.333396;0.0230433;0.0196108;-4.77841
72.3085;103.749;-0.203825;0.0296527;0.0126191;-4.75966
80.7648;103.749;-0.0740207;0.0342351;0.00732494;-4.73364
89.2211;103.749;-0.0422189;0.0371943;0.00333615;-4.67111
97.6774;103.749;-0.0835963;0.039912;0.000737693;-4.55954
106.134;103.749;-0.144339;0.0415858;0.000440338;-4.41361
114.59;103.749;-0.17005;0.0422787;0.00413326;-4.25768
123.046;103.749;-0.178509;0.0426812;0.00587221;-4.09412
131.503;103.749;-0.212928;0.0365665;0.00345413;-3.89838
139.959;103.749;-0.252088;0.0328763;0.00133521;-3.69653
148.415;103.749;-0.258383;0.0350731;0.00305693;-3.50126
156.871;103.749;-0.249205;0.0387076;0.00558554;-3.2964
165.328;103.749;-0.230122;0.0381727;0.00500684;-3.06692
173.784;103.749;-0.23599;0.0370357;0.00256277;-2.81599
182.24;103.749;-0.330514;0.0377836;0.00338168;-2.53931
190.697;103.749;-0.434088;0.0382346;0.00628464;-2.25599
199.153;103.749;-0.466746;0.0377269;0.00818864;-1.97642
207.609;103.749;-0.386051;0.034593;0.00736483;-1.70168
216.065;103.749;-0.252113;0.0263965;0.00316503;-1.4109
-206.749;95.2925;-0.0056411;0.000608305;0.00705164;-0.407513
-198.293;95.2925;0.0912277;0.00742994;0.00207467;-0.707051
-189.836;95.2925;0.141722;0.0130663;-0.0027712;-0.986255
-181.38;95.2925;0.0872254;0.0138105;-0.00195699;-1.24566
-172.924;95.2925;0.0304038;0.0121005;0.00250677;-1.49493
-164.468;95.2925;0.0280246;0.00733673;0.00694074;-1.75737
-156.011;95.2925;0.00886626;-0.00317302;0.0115381;-2.02532
-147.555;95.2925;-0.0457168;-0.00946549;0.0137652;-2.2766
-139.099;95.2925;-0.0906512;-0.0112738;0.0139786;-2.51236
-130.642;95.2925;-0.106752;-0.00994482;0.0138449;-2.73571
-122.186;95.2925;-0.103439;-0.00810392;0.0127526;-2.95318
-113.73;95.2925;-0.0939206;-0.00853601;0.0115028;-3.16829
-105.274;95.2925;-0.0906231;-0.0114212;0.0109563;-3.37328
-96.8173;95.2925;-0.110801;-0.0116727;0.0097331;-3.55078
-88.361;95.2925;-0.117504;-0.00821643;0.00808252;-3.71425
-79.9047;95.2925;-0.10382;-0.00651904;0.00718785;-3.87912
-71.4484;95.2925;-0.0939282;-0.0064335;0.00741809;-4.04052
-62.9921;95.2925;-0.0851884;-0.00575462;0.00977793;-4.19025
-54.5358;95.2925;-0.0764479;-0.00327722;0.0136622;-4.3243
-46.0795;95.2925;-0.0902228;-0.000448418;0.0158375;-4.44827
-37.6233;95.2925;-0.0998481;-0.0016826;0.0148192;-4.57412
-29.167;95.2925;-0.0962027;-0.00139282;0.0139334;-4.68303
-20.7107;95.2925;-0.0961497;0.000896616;0.0157697;-4.78498
-12.2544;95.2925;-0.109114;0.00289549;0.0192342;-4.88266
-3.79809;95.2925;-0.133691;0.00209654;0.0218327;-4.96738
4.6582;95.2925;-0.158171;0.00253233;0.0262628;-5.02471
13.1145;95.2925;-0.172719;0.00354089;0.0305919;-5.05881
21.5708;95.2925;-0.199592;0.00329876;0.0306204;-5.07441
30.0271;95.2925;-0.21944;0.00560669;0.0285942;-5.09109
38.4834;95.2925;-0.214029;0.0116219;0.0275418;-5.10732
46.9397;95.2925;-0.236043;0.0193255;0.0276226;-5.09047
55.396;95.2925;-0.285785;0.02299;0.0253479;-5.04218
63.8522;95.2925;-0.281446;0.0261939;0.0189547;-4.99842
72.3085;95.2925;-0.222693;0.0322886;0.0119527;-4.9699
80.7648;95.2925;-0.176563;0.0393716;0.00922976;-4.93289
89.2211;95.2925;-0.157389;0.0454858;0.00775661;-4.86164
97.6774;95.2925;-0.141519;0.0484745;0.00501476;-4.75606
106.134;95.2925;-0.118501;0.0481039;0.00238983;-4.62732
114.59;95.2925;-0.0898703;0.0471068;0.004643;-4.49037
123.046;95.2925;-0.0995216;0.0469116;0.00665093;-4.32866
131.503;95.2925;-0.140753;0.0427855;0.00557992;-4.13841
139.959;95.2925;-0.177661;0.0401462;0.00386368;-3.93973
148.415;95.2925;-0.176559;0.0405132;0.00435239;-3.73962
156.871;95.2925;-0.163828;0.0415327;0.00566599;-3.5259
165.328;95.2925;-0.141069;0.0410336;0.00536272;-3.29486
173.784;95.2925;-0.143217;0.0406344;0.0035989;-3.04524
182.24;95.2925;-0.221009;0.0415041;0.00378599;-2.77184
190.697;95.2925;-0.284979;0.0403328;0.00522907;-2.49265
199.153;95.2925;-0.277308;0.0376683;0.00520217;-2.21418
207.609;95.2925;-0.180552;0.0336553;0.00358735;-1.93516
216.065;95.2925;-0.0790632;0.0269897;5.95719e-06;-1.63432
224.522;95.2925;-0.00921189;0.0205589;-0.00201058;-1.32181
-206.749;86.8362;-0.00955212;0.00241876;0.00729145;-0.514095
-198.293;86.8362;0.053809;0.00763118;0.00394364;-0.821147
-189.836;86.8362;0.0765387;0.010585;-0.000109571;-1.10748
-181.38;86.8362;0.0382863;0.00954733;0.000256872;-1.37239
-172.924;86.8362;0.012966;0.00789111;0.00387072;-1.6272
-164.468;86.8362;0.0344789;0.0043389;0.00723619;-1.89606
-156.011;86.8362;0.0388823;-0.00427557;0.011104;-2.17123
-147.555;86.8362;-0.00218905;-0.00969028;0.0130126;-2.43065
-139.099;86.8362;-0.0275219;-0.00926458;0.0122018;-2.66735
-130.642;86.8362;-0.0324954;-0.00594532;0.0105616;-2.89221
-122.186;86.8362;-0.0135647;-0.0044404;0.00877457;-3.11994
-113.73;86.8362;0.00411791;-0.00688678;0.00799189;-3.34582
-105.274;86.8362;-0.0175563;-0.0108398;0.00802099;-3.55033
-96.8173;86.8362;-0.0812817;-0.0107269;0.00693595;-3.71725
-88.361;86.8362;-0.0742921;-0.00860243;0.00659352;-3.89093
-79.9047;86.8362;-0.0440549;-0.00729424;0.00778938;-4.0722
-71.4484;86.8362;-0.0325316;-0.00704931;0.00835678;-4.23975
-62.9921;86.8362;-0.0312272;-0.00642031;0.00908695;-4.38584
-54.5358;86.8362;-0.031613;-0.00414443;0.0109521;-4.51405
-46.0795;86.8362;-0.0533693;-0.000366122;0.0128829;-4.63669
-37.6233;86.8362;-0.0550391;-0.00122815;0.0111269;-4.76538
-29.167;86.8362;-0.0522484;-0.00187941;0.0119336;-4.88175
-20.7107;86.8362;-0.0476654;-0.000630472;0.0160833;-4.99101
-12.2544;86.8362;-0.0468578;0.000929855;0.020488;-5.09765
-3.79809;86.8362;-0.0551459;0.000775674;0.0224466;-5.19593
4.6582;86.8362;-0.0718261;0.00308517;0.0268075;-5.26981
13.1145;86.8362;-0.0884816;0.00539135;0.0298971;-5.3126
21.5708;86.8362;-0.120546;0.00398932;0.0287335;-5.32678
30.0271;86.8362;-0.136307;0.00469635;0.0268454;-5.33827
38.4834;86.8362;-0.112465;0.0117801;0.0262874;-5.35474
46.9397;86.8362;-0.0976246;0.0238667;0.0258161;-5.351
55.396;86.8362;-0.0696716;0.0303043;0.0241706;-5.33138
63.8522;86.8362;0.000487594;0.0303047;0.0167368;-5.30194
72.3085;86.8362;0.0660834;0.0327515;0.00916349;-5.27175
80.7648;86.8362;0.0500883;0.0410193;0.00768346;-5.21999
89.2211;86.8362;0.0197278;0.0495171;0.00702046;-5.1309
97.6774;86.8362;0.0134649;0.0519593;0.00354728;-5.01151
106.134;86.8362;0.0268278;0.0498455;6.21278e-05;-4.87411
114.59;86.8362;0.0395374;0.0488841;0.00310892;-4.73279
123.046;86.8362;0.00905236;0.0504174;0.00657743;-4.57109
131.503;86.8362;-0.0314776;0.0505816;0.00714728;-4.39154
139.959;86.8362;-0.0604845;0.0503485;0.00621737;-4.1968
148.415;86.8362;-0.0648932;0.0488662;0.00542421;-3.98406
156.871;86.8362;-0.0638117;0.0460397;0.00516289;-3.7556
165.328;86.8362;-0.046505;0.0442096;0.00469775;-3.52013
173.784;86.8362;-0.0340229;0.0442466;0.00341985;-3.27575
182.24;86.8362;-0.0542871;0.0433902;0.00242013;-3.01112
190.697;86.8362;-0.0738184;0.0395174;0.00232178;-2.73425
199.153;86.8362;-0.0461862;0.0346541;0.000648504;-2.45272
207.609;86.8362;0.0287879;0.0300221;-0.00113279;-2.16442
216.065;86.8362;0.0864063;0.024795;-0.00313979;-1.84887
224.522;86.8362;0.102802;0.0209616;-0.00314816;-1.51882
232.978;86.8362;0.0916386;0.0197961;-0.00156016;-1.16664
241.434;86.8362;-0.0159465;0.01819;-0.000116575;-0.773719
-206.749;78.3799;-0.0268973;0.00281054;0.00948888;-0.632094
-198.293;78.3799;0.0242389;0.00660133;0.00693588;-0.931449
-189.836;78.3799;0.0118673;0.00835838;0.00207783;-1.21384
-181.38;78.3799;-0.041036;0.00632004;0.00110658;-1.48137
-172.924;78.3799;-0.0510699;0.00428344;0.0040009;-1.74054
-164.468;78.3799;0.00192113;0.00265441;0.00600051;-2.00977
-156.011;78.3799;0.0490776;-0.00393908;0.00825736;-2.28931
-147.555;78.3799;0.0583753;-0.00822421;0.00952837;-2.56071
-139.099;78.3799;0.0768641;-0.00642504;0.00976622;-2.8103
-130.642;78.3799;0.0847284;-0.0025109;0.00834395;-3.04203
-122.186;78.3799;0.0868206;-0.00219493;0.00622319;-3.27349
-113.73;78.3799;0.0844343;-0.00552257;0.00535203;-3.50333
-105.274;78.3799;0.0598565;-0.00852621;0.00597772;-3.70733
-96.8173;78.3799;-0.00729848;-0.00787441;0.00677775;-3.87397
-88.361;78.3799;0.0132979;-0.00887463;0.00764824;-4.0656
-79.9047;78.3799;0.0554096;-0.00909784;0.00801652;-4.25821
-71.4484;78.3799;0.0691823;-0.00800254;0.00676213;-4.4236
-62.9921;78.3799;0.0622467;-0.00679854;0.00546161;-4.56577
-54.5358;78.3799;0.0446276;-0.00531555;0.00611328;-4.6988
-46.0795;78.3799;0.00740456;-0.00180034;0.0088374;-4.83201
-37.6233;78.3799;0.0105395;-0.00235045;0.00836787;-4.96817
-29.167;78.3799;0.0158948;-0.00396908;0.00984912;-5.08845
-20.7107;78.3799;0.0285754;-0.00452719;0.014928;-5.1983
-12.2544;78.3799;0.0482704;-0.00387895;0.0200344;-5.30773
-3.79809;78.3799;0.0678033;-0.00248372;0.0220044;-5.41664
4.6582;78.3799;0.0739964;0.00157677;0.0258208;-5.50892
13.1145;78.3799;0.0547437;0.00457976;0.0275995;-5.56764
21.5708;78.3799;0.0160015;0.0031906;0.0267979;-5.59439
30.0271;78.3799;0.0028967;0.00405774;0.0265242;-5.61135
38.4834;78.3799;0.0391689;0.0128421;0.0266963;-5.62906
46.9397;78.3799;0.0774578;0.0284331;0.0241897;-5.63343
55.396;78.3799;0.146434;0.0373232;0.0211484;-5.63999
63.8522;78.3799;0.247117;0.0356827;0.013613;-5.62184
72.3085;78.3799;0.310078;0.0338965;0.0064656;-5.57738
80.7648;78.3799;0.262216;0.0408592;0.00492282;-5.50088
89.2211;78.3799;0.179113;0.0498095;0.00512891;-5.39109
97.6774;78.3799;0.145718;0.05103;0.0023658;-5.26099
106.134;78.3799;0.150017;0.0468573;-0.00105294;-5.11798
114.59;78.3799;0.161732;0.045861;0.00136139;-4.97618
123.046;78.3799;0.140628;0.049738;0.0043255;-4.82109
131.503;78.3799;0.109677;0.0529607;0.00536949;-4.64466
139.959;78.3799;0.0802159;0.0547705;0.00588389;-4.44417
148.415;78.3799;0.0580846;0.0538654;0.0058847;-4.21845
156.871;78.3799;0.0323519;0.0502125;0.00517725;-3.97871
165.328;78.3799;0.0406581;0.0469612;0.00386487;-3.73907
173.784;78.3799;0.0598906;0.0477848;0.00275934;-3.49995
182.24;78.3799;0.0604011;0.0459025;0.0017683;-3.23705
190.697;78.3799;0.060272;0.0412932;0.00156824;-2.95631
199.153;78.3799;0.0835944;0.0372981;0.00063468;-2.66991
207.609;78.3799;0.128403;0.0331183;-0.000744903;-2.37299
216.065;78.3799;0.17015;0.0287832;-0.00221428;-2.0546
224.522;78.3799;0.203174;0.0260941;-0.00225795;-1.71391
232.978;78.3799;0.134263;0.0250819;-0.0015234;-1.34968
241.434;78.3799;-0.0627306;0.0220182;-0.000101866;-0.952895
-223.662;69.9236;-0.0404966;0.00975796;0.00207217;-0.172825
-215.205;69.9236;-0.108329;0.00506954;0.00529145;-0.423157
-206.749;69.9236;-0.0456241;0.0026925;0.00906242;-0.728736
-198.293;69.9236;0.0189825;0.00573483;0.00738096;-1.02043
-189.836;69.9236;-0.0354671;0.00679385;0.00308402;-1.29778
-181.38;69.9236;-0.112217;0.00424309;0.00159018;-1.56783
-172.924;69.9236;-0.113005;0.00191591;0.00418882;-1.83632
-164.468;69.9236;-0.0636351;0.00110422;0.00570052;-2.10564
-156.011;69.9236;-0.0198982;-0.00380553;0.00605323;-2.38355
-147.555;69.9236;0.0150156;-0.00776478;0.00660163;-2.66283
-139.099;69.9236;0.0761026;-0.00509839;0.00749302;-2.92416
-130.642;69.9236;0.0954536;-0.00153123;0.00676903;-3.16227
-122.186;69.9236;0.0786652;-0.00232703;0.00513551;-3.39226
-113.73;69.9236;0.0583907;-0.00558738;0.00439212;-3.61895
-105.274;69.9236;0.0461013;-0.00690704;0.00522161;-3.82351
-96.8173;69.9236;0.020177;-0.00499851;0.00660373;-3.99955
-88.361;69.9236;0.0499098;-0.00755035;0.00754644;-4.20627
-79.9047;69.9236;0.0930005;-0.0093901;0.00587335;-4.40553
-71.4484;69.9236;0.102105;-0.00844951;0.0036476;-4.56977
-62.9921;69.9236;0.0812685;-0.00706294;0.00295312;-4.71406
-54.5358;69.9236;0.0478816;-0.00570212;0.00435252;-4.85976
-46.0795;69.9236;0.0171844;-0.00253519;0.00705691;-5.01112
-37.6233;69.9236;0.04171;-0.00176912;0.00738261;-5.15682
-29.167;69.9236;0.0692303;-0.00335972;0.00864843;-5.28295
-20.7107;69.9236;0.0874751;-0.00600574;0.012691;-5.39578
-12.2544;69.9236;0.102777;-0.00732815;0.0173414;-5.50669
-3.79809;69.9236;0.120651;-0.00511262;0.0201222;-5.62054
4.6582;69.9236;0.129242;-0.000277441;0.0244781;-5.72163
13.1145;69.9236;0.102999;0.00253803;0.0268878;-5.79288
21.5708;69.9236;0.0753348;0.00216623;0.0278764;-5.84223
30.0271;69.9236;0.0767845;0.00488437;0.0288262;-5.87507
38.4834;69.9236;0.109817;0.0153468;0.0286064;-5.89172
46.9397;69.9236;0.13196;0.0319146;0.0244059;-5.88745
55.396;69.9236;0.190268;0.0422179;0.0197632;-5.89302
63.8522;69.9236;0.252261;0.0429264;0.0138055;-5.86868
72.3085;69.9236;0.262932;0.0397117;0.00844276;-5.79807
80.7648;69.9236;0.189697;0.0430558;0.00678836;-5.69286
89.2211;69.9236;0.120763;0.0491156;0.00747895;-5.5838
97.6774;69.9236;0.103842;0.0508946;0.00559794;-5.45959
106.134;69.9236;0.113886;0.0462265;0.00138784;-5.31302
114.59;69.9236;0.123738;0.0440841;-3.72682e-05;-5.16377
123.046;69.9236;0.120044;0.0477249;0.0013895;-5.01035
131.503;69.9236;0.101648;0.049784;0.00372214;-4.82527
139.959;69.9236;0.0692192;0.0519763;0.00647631;-4.61474
148.415;69.9236;0.030599;0.0534887;0.00787007;-4.3846
156.871;69.9236;0.0108958;0.0524225;0.00703274;-4.15328
165.328;69.9236;0.0434981;0.0502892;0.00466437;-3.92607
173.784;69.9236;0.0920291;0.0518793;0.00322462;-3.69659
182.24;69.9236;0.117824;0.0504832;0.00302836;-3.4344
190.697;69.9236;0.11355;0.0481295;0.00323874;-3.14957
199.153;69.9236;0.117258;0.0453013;0.00286619;-2.85602
207.609;69.9236;0.140388;0.0399043;0.00182973;-2.55022
216.065;69.9236;0.186425;0.0337786;0.000288033;-2.23199
224.522;69.9236;0.23476;0.0285496;-0.00124944;-1.88011
232.978;69.9236;0.23408;0.0243147;-0.00202722;-1.50156
241.434;69.9236;0.177291;0.0170257;-0.00204465;-1.0935
-223.662;61.4673;-0.098151;0.00856378;0.00284407;-0.230284
-215.205;61.4673;-0.150461;0.00373457;0.00532995;-0.501434
-206.749;61.4673;-0.0725003;0.00306747;0.00605331;-0.802377
-198.293;61.4673;-0.0294064;0.00518552;0.00481694;-1.09183
-189.836;61.4673;-0.093561;0.00482757;0.00273332;-1.37045
-181.38;61.4673;-0.150207;0.00167417;0.0023979;-1.64618
-172.924;61.4673;-0.134413;-0.000559807;0.00519187;-1.92723
-164.468;61.4673;-0.103878;-0.00103514;0.00673611;-2.19855
-156.011;61.4673;-0.0855617;-0.00413203;0.00605712;-2.47081
-147.555;61.4673;-0.0462441;-0.00770281;0.00577034;-2.74788
-139.099;61.4673;0.0257831;-0.00524471;0.00595219;-3.01093
-130.642;61.4673;0.0460456;-0.00369325;0.00550672;-3.25262
-122.186;61.4673;0.0163113;-0.00600583;0.00499207;-3.48352
-113.73;61.4673;-0.00964312;-0.00916419;0.00446322;-3.70757
-105.274;61.4673;-0.000223867;-0.0094824;0.00404053;-3.91362
-96.8173;61.4673;0.0114568;-0.00700155;0.00417903;-4.10126
-88.361;61.4673;0.0319628;-0.00827056;0.00493902;-4.31196
-79.9047;61.4673;0.0584746;-0.00939072;0.0028425;-4.51481
-71.4484;61.4673;0.0619891;-0.00834692;0.0027055;-4.68491
-62.9921;61.4673;0.044525;-0.00726388;0.00458726;-4.83928
-54.5358;61.4673;0.0204959;-0.00631181;0.00583512;-4.99891
-46.0795;61.4673;0.00930893;-0.00410984;0.00573249;-5.16317
-37.6233;61.4673;0.0514819;-0.00233219;0.00516753;-5.31583
-29.167;61.4673;0.109304;-0.00273143;0.00582145;-5.4551
-20.7107;61.4673;0.138531;-0.00526054;0.00919525;-5.58334
-12.2544;61.4673;0.141085;-0.00758;0.0144369;-5.70686
-3.79809;61.4673;0.14101;-0.0063514;0.0186616;-5.82995
4.6582;61.4673;0.16304;-0.00216924;0.0228549;-5.93675
13.1145;61.4673;0.154728;-0.000621763;0.0260641;-6.01993
21.5708;61.4673;0.169555;0.00141641;0.0272495;-6.09316
30.0271;61.4673;0.219086;0.00886856;0.027396;-6.14444
38.4834;61.4673;0.269507;0.0222704;0.026362;-6.16356
46.9397;61.4673;0.34044;0.0369778;0.0221197;-6.15573
55.396;61.4673;0.408501;0.0452801;0.0177909;-6.16004
63.8522;61.4673;0.435747;0.0472421;0.0139912;-6.14125
72.3085;61.4673;0.3788;0.0452637;0.0108014;-6.072
80.7648;61.4673;0.279591;0.0472002;0.00920804;-5.96032
89.2211;61.4673;0.185196;0.0515951;0.0097209;-5.84263
97.6774;61.4673;0.137779;0.0537986;0.00814875;-5.70337
106.134;61.4673;0.122213;0.0485708;0.0030251;-5.53311
114.59;61.4673;0.123013;0.0440646;-0.00155739;-5.35753
123.046;61.4673;0.1321;0.0478647;-0.000574583;-5.19622
131.503;61.4673;0.123828;0.0502807;0.00344814;-5.00448
139.959;61.4673;0.0962852;0.0526395;0.00718931;-4.78999
148.415;61.4673;0.060697;0.0552627;0.00867754;-4.56285
156.871;61.4673;0.0510753;0.0562035;0.00756005;-4.33793
165.328;61.4673;0.101469;0.0551307;0.00524962;-4.11525
173.784;61.4673;0.170227;0.0562051;0.00385867;-3.88443
182.24;61.4673;0.215704;0.0538773;0.00380921;-3.61773
190.697;61.4673;0.194523;0.0525604;0.00337819;-3.32304
199.153;61.4673;0.181116;0.0506772;0.00325647;-3.02297
207.609;61.4673;0.192931;0.0425113;0.00234897;-2.70823
216.065;61.4673;0.233329;0.0328216;0.00118988;-2.3853
224.522;61.4673;0.280997;0.0251977;-0.000468474;-2.0251
232.978;61.4673;0.332049;0.0183493;-0.0020859;-1.63494
241.434;61.4673;0.369681;0.00938469;-0.00284978;-1.21328
-223.662;53.011;-0.120562;0.00629638;0.00403856;-0.288773
-215.205;53.011;-0.160681;0.00259521;0.0068276;-0.578878
-206.749;53.011;-0.107801;0.003504;0.00485296;-0.877042
-198.293;53.011;-0.0974608;0.00450286;0.00276926;-1.16475
-189.836;53.011;-0.128784;0.00323067;0.00244125;-1.44848
-181.38;53.011;-0.126429;0.000994342;0.0035761;-1.73077
-172.924;53.011;-0.0870956;-0.000419222;0.00594471;-2.01663
-164.468;53.011;-0.0670584;-0.00181332;0.00738345;-2.2966
-156.011;53.011;-0.0598077;-0.00511464;0.0071464;-2.57239
-147.555;53.011;-0.0325654;-0.00779943;0.00696465;-2.84298
-139.099;53.011;0.016123;-0.00568543;0.00601436;-3.09765
-130.642;53.011;0.0223206;-0.00609346;0.0052452;-3.3404
-122.186;53.011;-0.0115936;-0.00916489;0.00571131;-3.57582
-113.73;53.011;-0.030478;-0.0111449;0.00571297;-3.80576
-105.274;53.011;-0.00867496;-0.0105282;0.00394815;-4.01722
-96.8173;53.011;0.00488237;-0.00940245;0.00190779;-4.20648
-88.361;53.011;0.00614595;-0.0096115;0.0019452;-4.4074
-79.9047;53.011;0.0152614;-0.00969354;0.00125131;-4.61138
-71.4484;53.011;0.0229068;-0.0084424;0.0042329;-4.79388
-62.9921;53.011;0.0248786;-0.00753159;0.00783362;-4.96101
-54.5358;53.011;0.022029;-0.00756941;0.00734319;-5.126
-46.0795;53.011;0.0254299;-0.00808876;0.00337153;-5.29036
-37.6233;53.011;0.0724255;-0.00662008;0.00190672;-5.4509
-29.167;53.011;0.155354;-0.00410561;0.00250333;-5.61339
-20.7107;53.011;0.196445;-0.00342556;0.00693718;-5.77126
-12.2544;53.011;0.196132;-0.00454474;0.0147854;-5.92082
-3.79809;53.011;0.200281;-0.00388665;0.0208605;-6.06355
4.6582;53.011;0.266803;-0.000633877;0.0226395;-6.18335
13.1145;53.011;0.314088;-0.000183497;0.0240664;-6.28017
21.5708;53.011;0.36012;0.00500573;0.0218744;-6.36685
30.0271;53.011;0.434085;0.0184752;0.0177362;-6.42989
63.8522;53.011;0.813959;0.0543392;0.00258138;-6.47428
72.3085;53.011;0.740781;0.0526016;0.00187942;-6.41811
80.7648;53.011;0.589129;0.0533535;0.00258177;-6.30678
89.2211;53.011;0.41753;0.0568197;0.00522331;-6.16456
97.6774;53.011;0.295822;0.0598126;0.0057498;-5.99429
106.134;53.011;0.233529;0.0557877;0.00192298;-5.79445
114.59;53.011;0.22296;0.0508364;-0.00360316;-5.59203
123.046;53.011;0.237109;0.0545192;-0.00352173;-5.41453
131.503;53.011;0.23358;0.0598633;0.00103437;-5.2213
139.959;53.011;0.212513;0.0613096;0.00420163;-5.00133
148.415;53.011;0.183238;0.0587728;0.00414609;-4.76076
156.871;53.011;0.166925;0.0557731;0.00240372;-4.51834
165.328;53.011;0.203504;0.0553603;0.00172776;-4.28459
173.784;53.011;0.264379;0.0560473;0.00148149;-4.04176
182.24;53.011;0.314982;0.0526315;0.00140694;-3.76714
190.697;53.011;0.279596;0.0513666;0.000928326;-3.46146
199.153;53.011;0.259193;0.0503963;0.0013418;-3.15898
207.609;53.011;0.271761;0.0423659;0.00123554;-2.84581
216.065;53.011;0.321;0.0314676;0.00114637;-2.52533
224.522;53.011;0.369146;0.0220865;0.000215797;-2.16118
232.978;53.011;0.435263;0.0146153;-0.001136;-1.76009
241.434;53.011;0.505596;0.00473249;-0.0029036;-1.31471
-223.662;44.5547;-0.129096;0.00440413;0.00585893;-0.338509
-215.205;44.5547;-0.144178;0.0020545;0.0101964;-0.647347
-206.749;44.5547;-0.104146;0.00363795;0.00743387;-0.95054
-198.293;44.5547;-0.0911724;0.00377905;0.00420433;-1.24462
-189.836;44.5547;-0.0826665;0.00338186;0.00357228;-1.53334
-181.38;44.5547;-0.0403989;0.00428632;0.00452225;-1.81583
-172.924;44.5547;0.00986711;0.00447145;0.0056918;-2.10042
-164.468;44.5547;0.0247522;0.000184971;0.0065196;-2.38855
-156.011;44.5547;0.0299372;-0.00738375;0.00655092;-2.67099
-147.555;44.5547;0.0264827;-0.0100569;0.00723028;-2.93374
-139.099;44.5547;0.0453294;-0.00670634;0.00588194;-3.17876
-130.642;44.5547;0.0385902;-0.00645374;0.00437182;-3.42138
-122.186;44.5547;0.0198398;-0.00812282;0.00504348;-3.6625
-113.73;44.5547;0.0172728;-0.00855386;0.00559117;-3.89516
-105.274;44.5547;0.0286756;-0.00760057;0.00384147;-4.10801
-96.8173;44.5547;0.0193688;-0.00805393;0.000652489;-4.29963
-88.361;44.5547;0.013547;-0.00963651;-0.000652935;-4.49611
-79.9047;44.5547;0.0266142;-0.0108551;-0.00163633;-4.70772
-71.4484;44.5547;0.0492984;-0.00997776;0.0018774;-4.90649
-62.9921;44.5547;0.0640212;-0.00828884;0.00660977;-5.08541
-54.5358;44.5547;0.0662009;-0.00814061;0.00711593;-5.25218
-46.0795;44.5547;0.0719586;-0.0108191;0.00274903;-5.41633
-37.6233;44.5547;0.118078;-0.0104222;0.00230044;-5.58967
-29.167;44.5547;0.214169;-0.00555099;0.00308938;-5.77235
-20.7107;44.5547;0.267404;-0.00264653;0.00679673;-5.95533
-12.2544;44.5547;0.294501;-0.00321049;0.0137764;-6.12685
-3.79809;44.5547;0.353974;-0.00273094;0.0191861;-6.28998
4.6582;44.5547;0.491722;0.00240731;0.018859;-6.44016
13.1145;44.5547;0.573083;0.00418371;0.0185888;-6.54747
21.5708;44.5547;0.56208;0.011224;0.0125912;-6.62567
30.0271;44.5547;0.66071;0.0277744;0.0023195;-6.68612
63.8522;44.5547;1.2055;0.0593475;-0.0164682;-6.77235
72.3085;44.5547;1.07284;0.0556488;-0.0133011;-6.72398
80.7648;44.5547;0.894257;0.0548391;-0.00835001;-6.61381
89.2211;44.5547;0.666641;0.0585065;-0.00230219;-6.45314
97.6774;44.5547;0.483599;0.0637085;0.00138767;-6.25972
106.134;44.5547;0.383397;0.0632953;0.000977611;-6.04443
114.59;44.5547;0.361608;0.0590923;-0.00257582;-5.82584
123.046;44.5547;0.371996;0.060434;-0.00285394;-5.62647
131.503;44.5547;0.367452;0.0668322;0.00159213;-5.42733
139.959;44.5547;0.348744;0.0684281;0.00412141;-5.2012
148.415;44.5547;0.318578;0.0632134;0.00248119;-4.94551
156.871;44.5547;0.281942;0.0574026;-0.00038427;-4.68024
165.328;44.5547;0.279804;0.056662;-0.00036298;-4.42451
173.784;44.5547;0.311712;0.056011;4.69732e-05;-4.16229
182.24;44.5547;0.355022;0.0524054;-0.000724395;-3.87969
190.697;44.5547;0.315711;0.0503752;-0.00146634;-3.56435
199.153;44.5547;0.299593;0.0497547;-6.46389e-05;-3.26096
207.609;44.5547;0.331024;0.0440356;0.000407444;-2.95709
216.065;44.5547;0.423786;0.0342154;0.000285544;-2.64952
224.522;44.5547;0.493648;0.0221545;-0.000569329;-2.28612
232.978;44.5547;0.543223;0.0117233;-0.00151062;-1.86824
241.434;44.5547;0.585048;0.0041433;-0.002509;-1.40019
249.891;44.5547;0.651081;-0.00238034;-0.00321205;-0.896387
-232.118;36.0984;-0.0931622;0.00466156;0.00315386;-0.14515
-223.662;36.0984;-0.139586;0.00383882;0.00567343;-0.387845
-215.205;36.0984;-0.0894127;0.00408133;0.010424;-0.701713
-206.749;36.0984;-0.0451887;0.00494617;0.00967907;-1.01292
-198.293;36.0984;-0.0310627;0.00365588;0.00726784;-1.30736
-189.836;36.0984;-0.0104281;0.00289473;0.00604652;-1.59602
-181.38;36.0984;0.0246836;0.00473433;0.00629304;-1.88027
-172.924;36.0984;0.0540559;0.00605727;0.00650944;-2.16646
-164.468;36.0984;0.0543853;0.00148506;0.0057027;-2.45182
-156.011;36.0984;0.0232598;-0.0082189;0.00491163;-2.73391
-147.555;36.0984;-0.00659289;-0.0117574;0.00599879;-2.99665
-139.099;36.0984;0.00137401;-0.00581549;0.0048958;-3.24199
-130.642;36.0984;0.0203154;-0.00243094;0.00270904;-3.49344
-122.186;36.0984;0.0426594;-0.00299807;0.00257154;-3.73349
-113.73;36.0984;0.0572308;-0.00376936;0.00363958;-3.96276
-105.274;36.0984;0.0526565;-0.00346968;0.00323073;-4.1761
-96.8173;36.0984;0.0313087;-0.00424047;0.000313906;-4.37471
-88.361;36.0984;0.0305677;-0.00708958;-0.00237084;-4.58145
-79.9047;36.0984;0.0541596;-0.00970377;-0.00429744;-4.80061
-71.4484;36.0984;0.0819567;-0.00959253;-0.0015758;-5.00648
-62.9921;36.0984;0.0942981;-0.00840235;0.00355149;-5.19276
-54.5358;36.0984;0.0928451;-0.00830694;0.00619599;-5.36371
-46.0795;36.0984;0.0996458;-0.0101366;0.00463297;-5.52801
-37.6233;36.0984;0.143906;-0.0102348;0.00556818;-5.70418
-29.167;36.0984;0.244584;-0.00627113;0.00574261;-5.89717
-20.7107;36.0984;0.348198;-0.0031391;0.00678203;-6.09941
-12.2544;36.0984;0.45202;-0.00226302;0.00960781;-6.30076
-3.79809;36.0984;0.595944;0.000409976;0.0116129;-6.49603
4.6582;36.0984;0.793417;0.00483699;0.011689;-6.64998
13.1145;36.0984;0.682627;0.00832383;0.0110776;-6.72469
21.5708;36.0984;0.474051;0.0144045;0.00451462;-6.76908
30.0271;36.0984;0.489493;0.028929;-0.0068576;-6.82089
63.8522;36.0984;0.705527;0.0596799;-0.0257645;-6.87508
72.3085;36.0984;0.764452;0.0571995;-0.0216943;-6.85158
80.7648;36.0984;0.811121;0.0570655;-0.0146298;-6.76839
89.2211;36.0984;0.665627;0.0616027;-0.00658355;-6.60845
97.6774;36.0984;0.492595;0.0665481;-0.0018193;-6.40177
106.134;36.0984;0.369413;0.0655447;-0.000409426;-6.16949
114.59;36.0984;0.313758;0.0623464;-0.00143085;-5.9378
123.046;36.0984;0.297073;0.063695;-0.00182396;-5.72375
131.503;36.0984;0.280609;0.0713832;0.00236108;-5.52022
139.959;36.0984;0.26633;0.0742283;0.00494261;-5.29436
148.415;36.0984;0.250578;0.06908;0.00331056;-5.0383
156.871;36.0984;0.226261;0.0624134;0.000237447;-4.76921
165.328;36.0984;0.227116;0.0609161;0.000126667;-4.50941
173.784;36.0984;0.259939;0.0599334;0.000239791;-4.24421
182.24;36.0984;0.299485;0.0571365;-0.00121591;-3.95945
190.697;36.0984;0.240476;0.0517322;-0.00289652;-3.62656
199.153;36.0984;0.234316;0.0493403;-0.0017942;-3.30976
207.609;36.0984;0.306101;0.0449546;-0.00142748;-3.00778
216.065;36.0984;0.462999;0.0362694;-0.00193049;-2.71767
224.522;36.0984;0.590807;0.0230846;-0.00167166;-2.37565
232.978;36.0984;0.642371;0.0117862;-0.000491076;-1.96177
241.434;36.0984;0.662616;0.00839743;0.000641882;-1.48938
249.891;36.0984;0.684597;0.00257656;0.000548682;-0.997073
-232.118;27.6421;-0.215215;0.00461861;0.00385613;-0.165059
-223.662;27.6421;-0.160203;0.00482636;0.00478724;-0.418415
-215.205;27.6421;-0.0520445;0.0087881;0.00605532;-0.736903
-206.749;27.6421;-0.0246953;0.00765266;0.00864359;-1.04773
-198.293;27.6421;-0.0727433;0.00177585;0.0105787;-1.34147
-189.836;27.6421;-0.0926404;-0.00240771;0.0115592;-1.63158
-181.38;27.6421;-0.0572363;-0.00160301;0.0123844;-1.92033
-172.924;27.6421;-0.0062132;0.000992333;0.0122307;-2.2107
-164.468;27.6421;-0.00293188;-0.000859549;0.00987358;-2.49292
-156.011;27.6421;-0.0737541;-0.00794794;0.00688595;-2.76845
-147.555;27.6421;-0.110503;-0.00993254;0.00622859;-3.03315
-139.099;27.6421;-0.0649114;-0.00558686;0.0047649;-3.30246
-130.642;27.6421;-0.00825175;-0.00363469;0.00188993;-3.5747
-122.186;27.6421;0.028597;-0.00481569;0.000703272;-3.81707
-113.73;27.6421;0.0452461;-0.00578281;0.00171516;-4.0373
-105.274;27.6421;0.0451099;-0.00560176;0.00254761;-4.24536
-96.8173;27.6421;0.0292139;-0.00585779;0.000609317;-4.45336
-88.361;27.6421;0.0257853;-0.00768237;-0.00230551;-4.66965
-79.9047;27.6421;0.0294486;-0.00730772;-0.003682;-4.87842
-71.4484;27.6421;0.0465355;-0.00584272;-0.00227267;-5.06984
-62.9921;27.6421;0.0593584;-0.00634994;0.00117879;-5.25178
-54.5358;27.6421;0.0669881;-0.00830796;0.00376754;-5.42906
-46.0795;27.6421;0.083662;-0.00917573;0.0041696;-5.60377
-37.6233;27.6421;0.120332;-0.00850616;0.00559648;-5.78264
-29.167;27.6421;0.222829;-0.00592933;0.00569941;-5.9816
-20.7107;27.6421;0.375902;-0.00381236;0.00579729;-6.19804
-12.2544;27.6421;0.583298;-0.00304955;0.00690789;-6.42436
-3.79809;27.6421;0.75469;0.001734;0.0069636;-6.62976
4.6582;27.6421;0.696811;0.00818684;0.00594958;-6.73723
13.1145;27.6421;0.0539236;0.0105019;0.00643168;-6.75856
21.5708;27.6421;-0.328478;0.0148731;0.00160572;-6.79391
30.0271;27.6421;-0.132315;0.0276025;-0.00700541;-6.86301
38.4834;27.6421;0.145726;0.045157;-0.0151347;-6.92185
46.9397;27.6421;0.220726;0.0568456;-0.0196776;-6.90154
55.396;27.6421;0.112626;0.0581357;-0.0228915;-6.84212
63.8522;27.6421;0.170781;0.0602472;-0.0226992;-6.83539
72.3085;27.6421;0.311139;0.0621372;-0.0190251;-6.83682
80.7648;27.6421;0.535873;0.0647511;-0.0123198;-6.79335
89.2211;27.6421;0.516689;0.0692996;-0.00620698;-6.65731
97.6774;27.6421;0.375659;0.0715882;-0.00342982;-6.43751
106.134;27.6421;0.228109;0.067345;-0.00210867;-6.17974
114.59;27.6421;0.123385;0.0650424;-0.00112793;-5.9328
123.046;27.6421;0.0716656;0.0675426;-0.00126371;-5.71167
131.503;27.6421;0.0884496;0.0744835;0.00149991;-5.52844
139.959;27.6421;0.128889;0.0782848;0.00375574;-5.33179
148.415;27.6421;0.164567;0.0750671;0.00325189;-5.10063
156.871;27.6421;0.173119;0.0688634;0.00103264;-4.8418
165.328;27.6421;0.190743;0.0661489;0.000608176;-4.58346
173.784;27.6421;0.227582;0.0652254;0.000155407;-4.31974
182.24;27.6421;0.261545;0.0624703;-0.00158821;-4.03221
190.697;27.6421;0.20954;0.0555683;-0.00362587;-3.68755
199.153;27.6421;0.196339;0.0520885;-0.00299265;-3.34752
207.609;27.6421;0.26659;0.0479495;-0.00259284;-3.02767
216.065;27.6421;0.445129;0.0389102;-0.00339214;-2.73366
224.522;27.6421;0.608756;0.0253508;-0.00297996;-2.41051
232.978;27.6421;0.682632;0.0153935;-0.000767153;-2.01672
241.434;27.6421;0.657059;0.0153546;0.00240358;-1.56102
249.891;27.6421;0.633549;0.00354687;0.00240379;-1.03816
-232.118;19.1858;-0.305128;0.00623866;0.00403268;-0.166629
-223.662;19.1858;-0.218436;0.00730042;0.00488963;-0.427245
-215.205;19.1858;-0.0836693;0.0107269;0.00444213;-0.753979
-206.749;19.1858;-0.0973762;0.00756656;0.00716223;-1.06433
-198.293;19.1858;-0.207549;-0.000159586;0.0106485;-1.35561
-189.836;19.1858;-0.254519;-0.00450214;0.0128793;-1.64218
-181.38;19.1858;-0.197097;-0.00398641;0.0144754;-1.93324
-172.924;19.1858;-0.0898902;-0.00338588;0.0152709;-2.23542
-164.468;19.1858;-0.0278014;-0.00633509;0.0133767;-2.52882
-156.011;19.1858;-0.0695361;-0.00922822;0.00898097;-2.80161
-147.555;19.1858;-0.0962251;-0.00815338;0.00525073;-3.06851
-139.099;19.1858;-0.0229541;-0.00593666;0.00242572;-3.35788
-130.642;19.1858;0.0268618;-0.00584821;-4.82335e-05;-3.63849
-122.186;19.1858;0.0395594;-0.00669899;-0.000939921;-3.87942
-113.73;19.1858;0.0419289;-0.00752424;5.49003e-06;-4.09381
-105.274;19.1858;0.0412394;-0.00803826;0.00136213;-4.29936
-96.8173;19.1858;0.0220794;-0.00772095;0.00109723;-4.50948
-88.361;19.1858;0.00862022;-0.00781573;-0.00114141;-4.72546
-79.9047;19.1858;-0.00323221;-0.00549171;-0.00255381;-4.92625
-71.4484;19.1858;-0.00545894;-0.00379011;-0.00260376;-5.10651
-62.9921;19.1858;0.00706626;-0.00627514;-0.00148405;-5.28396
-54.5358;19.1858;0.0285328;-0.0100979;-0.000206497;-5.4674
-46.0795;19.1858;0.052665;-0.0107981;0.000692251;-5.65306
-37.6233;19.1858;0.0869702;-0.0086662;0.00182902;-5.83751
-29.167;19.1858;0.181978;-0.00500788;0.00214829;-6.03782
-20.7107;19.1858;0.331501;-0.00235502;0.00280196;-6.25302
-12.2544;19.1858;0.518982;-0.00109331;0.00365503;-6.46836
-3.79809;19.1858;0.570165;0.00493301;0.00333415;-6.63511
4.6582;19.1858;0.238601;0.0127968;0.00246029;-6.67649
13.1145;19.1858;-0.63869;0.0143679;0.00261094;-6.67932
21.5708;19.1858;-0.731781;0.0180592;-0.00136789;-6.77237
30.0271;19.1858;-0.329924;0.030739;-0.00772136;-6.89815
38.4834;19.1858;0.0417661;0.0465406;-0.0130161;-6.96264
46.9397;19.1858;-0.0265935;0.0554671;-0.0156176;-6.91092
55.396;19.1858;-0.140779;0.0577125;-0.0189075;-6.82621
63.8522;19.1858;-0.0578138;0.0618014;-0.0196133;-6.80607
72.3085;19.1858;0.155031;0.0669025;-0.0157596;-6.80562
80.7648;19.1858;0.355903;0.0731314;-0.0100816;-6.76936
89.2211;19.1858;0.36725;0.0782316;-0.00667432;-6.63762
97.6774;19.1858;0.205662;0.0789177;-0.00576892;-6.39284
106.134;19.1858;0.0186586;0.0742322;-0.00455615;-6.1171
114.59;19.1858;-0.111062;0.0732084;-0.00256186;-5.87486
123.046;19.1858;-0.131705;0.0743969;-0.00287404;-5.68064
131.503;19.1858;-0.0272499;0.0774425;-0.00190615;-5.54021
139.959;19.1858;0.0858464;0.0815484;-0.000592682;-5.38334
148.415;19.1858;0.164287;0.0808637;-0.000633216;-5.17809
156.871;19.1858;0.195864;0.0748044;-0.00186125;-4.92636
165.328;19.1858;0.22865;0.069665;-0.00170769;-4.66652
173.784;19.1858;0.267635;0.0675738;-0.00168301;-4.40047
182.24;19.1858;0.291625;0.0636049;-0.00285913;-4.10453
190.697;19.1858;0.240417;0.0593383;-0.00434586;-3.75457
199.153;19.1858;0.198352;0.0575299;-0.00353946;-3.38982
207.609;19.1858;0.237843;0.0540656;-0.00276008;-3.04369
216.065;19.1858;0.40231;0.0449392;-0.0035196;-2.73351
224.522;19.1858;0.573705;0.0317035;-0.0036937;-2.41299
232.978;19.1858;0.647889;0.0225632;-0.00238281;-2.03042
241.434;19.1858;0.625099;0.021694;0.000799662;-1.58481
249.891;19.1858;0.583843;0.00650874;0.000872406;-1.04728
-240.574;10.7295;-0.242681;0.00570791;0.00165116;-0.017529
-232.118;10.7295;-0.3057;0.00717314;0.00330192;-0.168949
-223.662;10.7295;-0.248568;0.00884815;0.00445798;-0.426725
-215.205;10.7295;-0.139265;0.0107623;0.00472471;-0.748207
-206.749;10.7295;-0.164023;0.00606061;0.00612356;-1.06709
-198.293;10.7295;-0.230592;0.00123451;0.00801055;-1.36054
-189.836;10.7295;-0.260577;-0.00107807;0.010196;-1.64898
-181.38;10.7295;-0.209851;-0.00112123;0.0123328;-1.94479
-172.924;10.7295;-0.0951274;-0.00298289;0.013709;-2.25545
-164.468;10.7295;-0.00472394;-0.00718859;0.0119607;-2.55611
-156.011;10.7295;-0.0229725;-0.00660114;0.007146;-2.83069
-147.555;10.7295;-0.0357163;-0.00165413;0.00187398;-3.09477
-139.099;10.7295;0.0264206;0.000210596;-8.88971e-05;-3.38013
-130.642;10.7295;0.0545439;0.00143429;0.000306881;-3.6458
-122.186;10.7295;0.043598;0.000696522;-2.50856e-05;-3.88404
-113.73;10.7295;0.037016;-0.00264766;-0.000552764;-4.11063
-105.274;10.7295;0.0371103;-0.00649249;-0.000280918;-4.32942
-96.8173;10.7295;0.0112342;-0.007791;0.000552085;-4.53589
-88.361;10.7295;-0.008333;-0.00741214;-0.000143566;-4.74235
-79.9047;10.7295;-0.0205583;-0.00476679;-0.00179118;-4.94152
-71.4484;10.7295;-0.0335577;-0.00360845;-0.00330701;-5.12758
-62.9921;10.7295;-0.0233487;-0.00562771;-0.00397644;-5.31069
-54.5358;10.7295;-0.0011263;-0.00810573;-0.00326519;-5.49866
-46.0795;10.7295;0.0146695;-0.00932635;-0.0023795;-5.68012
-37.6233;10.7295;0.0409608;-0.00665644;-0.00197058;-5.86202
-29.167;10.7295;0.141811;-0.00172822;-0.00193251;-6.06226
-20.7107;10.7295;0.262216;0.0020248;-0.001675;-6.26509
-12.2544;10.7295;0.385645;0.00295242;-0.00194886;-6.44646
-3.79809;10.7295;0.288096;0.00760792;-0.00264875;-6.56464
4.6582;10.7295;-0.225205;0.0134904;-0.00265646;-6.56784
13.1145;10.7295;-0.811109;0.0205593;-0.00512495;-6.61118
21.5708;10.7295;-0.475301;0.0284475;-0.0096279;-6.7761
30.0271;10.7295;0.0483259;0.0425347;-0.0140354;-6.94127
38.4834;10.7295;0.252865;0.0560585;-0.0167195;-7.00119
46.9397;10.7295;0.0620835;0.0612307;-0.0175202;-6.93197
55.396;10.7295;-0.0250029;0.0633516;-0.0202644;-6.84432
63.8522;10.7295;0.0379238;0.0646949;-0.0220639;-6.796
72.3085;10.7295;0.162239;0.0688528;-0.0192482;-6.76309
80.7648;10.7295;0.254186;0.0754229;-0.0142126;-6.70147
89.2211;10.7295;0.236531;0.0800582;-0.0106723;-6.55904
97.6774;10.7295;0.0465174;0.0817017;-0.00799991;-6.30437
106.134;10.7295;-0.144706;0.0813199;-0.00552529;-6.04546
114.59;10.7295;-0.239957;0.0828219;-0.00356335;-5.83941
123.046;10.7295;-0.173144;0.0816548;-0.00460303;-5.69564
131.503;10.7295;0.0471711;0.0808351;-0.00471164;-5.60702
139.959;10.7295;0.199435;0.085163;-0.00462551;-5.47748
148.415;10.7295;0.266151;0.0861492;-0.0058766;-5.27777
156.871;10.7295;0.293948;0.0791905;-0.00707616;-5.02012
165.328;10.7295;0.339918;0.0709661;-0.00510262;-4.75725
173.784;10.7295;0.382196;0.0669601;-0.00285629;-4.48853
182.24;10.7295;0.392685;0.0631788;-0.00221278;-4.18644
190.697;10.7295;0.325212;0.0616076;-0.00328698;-3.82727
199.153;10.7295;0.241952;0.0616344;-0.00246798;-3.43576
207.609;10.7295;0.239964;0.0582588;-0.00184732;-3.05932
216.065;10.7295;0.371727;0.0497808;-0.0034896;-2.72562
224.522;10.7295;0.536484;0.0384353;-0.00479616;-2.39522
232.978;10.7295;0.613605;0.028632;-0.00393802;-2.00787
241.434;10.7295;0.606698;0.0238763;-0.00191238;-1.5615
249.891;10.7295;0.570974;0.0145208;-0.00126665;-1.04717
-240.574;2.27325;0.464015;0.00542209;0.000833462;-0.00144184
-232.118;2.27325;-0.593683;0.00584562;0.00288683;-0.176266
-223.662;2.27325;-0.232961;0.0103543;0.00458571;-0.427807
-215.205;2.27325;-0.155298;0.0121246;0.00569744;-0.73731
-206.749;2.27325;-0.162982;0.00755634;0.00625859;-1.05687
-198.293;2.27325;-0.176824;0.00472864;0.00675554;-1.36067
-189.836;2.27325;-0.164259;0.00424718;0.00771473;-1.65822
-181.38;2.27325;-0.108697;0.00418859;0.00885351;-1.95808
-172.924;2.27325;-0.0306711;0.00199082;0.00939038;-2.26296
-164.468;2.27325;0.00510378;-0.00136771;0.0072428;-2.55469
-156.011;2.27325;-0.041678;-0.000334894;0.00274765;-2.82754
-147.555;2.27325;-0.0431528;0.00478042;-0.00149867;-3.0923
-139.099;2.27325;0.0180655;0.00715118;-0.00147519;-3.37291
-130.642;2.27325;0.0474775;0.0102297;0.00259279;-3.62452
-122.186;2.27325;0.0397732;0.00860584;0.0034743;-3.86909
-113.73;2.27325;0.0360789;0.00225768;0.001406;-4.11684
-105.274;2.27325;0.031962;-0.00362779;-0.00027401;-4.35201
-96.8173;2.27325;-0.00420022;-0.00507477;0.000412297;-4.55505
-88.361;2.27325;-0.0274398;-0.0046754;0.000655889;-4.75353
-79.9047;2.27325;-0.0292603;-0.00322118;-0.00115842;-4.95211
-71.4484;2.27325;-0.0338854;-0.00195308;-0.00370629;-5.14901
-62.9921;2.27325;-0.0241251;-0.000565057;-0.00533923;-5.34107
-54.5358;2.27325;-0.0172198;0.000776762;-0.00458908;-5.52508
-46.0795;2.27325;-0.0254361;-0.00133602;-0.00361997;-5.68346
-37.6233;2.27325;-0.0120486;-0.00223319;-0.00297377;-5.84595
-29.167;2.27325;0.104452;0.00132708;-0.00229811;-6.04193
-20.7107;2.27325;0.212465;0.00588801;-0.00309831;-6.23387
-12.2544;2.27325;0.302931;0.00740784;-0.00629451;-6.39157
-3.79809;2.27325;0.166399;0.0130943;-0.00879935;-6.50021
4.6582;2.27325;-0.294849;0.0193698;-0.00873385;-6.52846
13.1145;2.27325;-0.40227;0.0265059;-0.0111886;-6.60934
21.5708;2.27325;0.0706929;0.0360039;-0.0162198;-6.78807
30.0271;2.27325;0.407137;0.049391;-0.0200176;-6.93473
38.4834;2.27325;0.383076;0.0582686;-0.0208435;-6.96747
46.9397;2.27325;0.142259;0.0609878;-0.0194746;-6.8984
55.396;2.27325;0.097832;0.0618028;-0.0214206;-6.82225
63.8522;2.27325;0.108984;0.0621889;-0.0243576;-6.75089
72.3085;2.27325;0.142312;0.0657868;-0.0225719;-6.68341
80.7648;2.27325;0.162225;0.0706366;-0.0175436;-6.5934
89.2211;2.27325;0.128642;0.0742687;-0.0130549;-6.45013
97.6774;2.27325;-0.0371078;0.0785079;-0.00825418;-6.22336
106.134;2.27325;-0.163685;0.0816565;-0.00462748;-6.01326
114.59;2.27325;-0.165981;0.0828101;-0.00326547;-5.85751
123.046;2.27325;0.001167;0.0814135;-0.00428869;-5.76688
131.503;2.27325;0.304298;0.0808654;-0.00548069;-5.71686
139.959;2.27325;0.420166;0.0851112;-0.00749388;-5.58034
148.415;2.27325;0.410276;0.0857059;-0.0100081;-5.35633
156.871;2.27325;0.408301;0.0784591;-0.010365;-5.08441
165.328;2.27325;0.475157;0.0695251;-0.00627284;-4.8294
173.784;2.27325;0.530759;0.0651178;-0.000943114;-4.56858
182.24;2.27325;0.533061;0.0635724;0.00103483;-4.26939
190.697;2.27325;0.444366;0.0621815;5.31777e-05;-3.89505
199.153;2.27325;0.329559;0.0601815;0.000332297;-3.47441
207.609;2.27325;0.297275;0.0554804;0.00038163;-3.06811
216.065;2.27325;0.39872;0.0487454;-0.00204606;-2.70809
224.522;2.27325;0.564286;0.0392035;-0.00423095;-2.365
232.978;2.27325;0.652663;0.0252748;-0.00307621;-1.96259
241.434;2.27325;0.65381;0.0187992;-0.000848611;-1.51653
249.891;2.27325;0.613555;0.0165798;-0.00159829;-1.02973
-240.574;-6.18304;2.12564;0.0056417;0.00182387;0.0119178
-232.118;-6.18304;1.13096;0.00697357;0.00313256;-0.141043
-223.662;-6.18304;-0.187801;0.0141862;0.00484696;-0.408952
-215.205;-6.18304;-0.184064;0.0140241;0.00571749;-0.714255
-206.749;-6.18304;-0.169661;0.00971661;0.00649002;-1.03189
-198.293;-6.18304;-0.15687;0.00742969;0.00722495;-1.34411
-189.836;-6.18304;-0.105751;0.00750528;0.00758927;-1.65103
-181.38;-6.18304;-0.0330478;0.00735963;0.0076481;-1.95626
-172.924;-6.18304;0.0140259;0.00633322;0.00708383;-2.25366
-164.468;-6.18304;-0.0179031;0.00580363;0.00444973;-2.52959
-156.011;-6.18304;-0.114402;0.00716441;0.000197653;-2.79162
-147.555;-6.18304;-0.104944;0.00877879;-0.00237674;-3.05966
-139.099;-6.18304;-0.0209075;0.00991167;-0.00149669;-3.34841
-130.642;-6.18304;0.0324703;0.0132123;0.00324027;-3.61806
-122.186;-6.18304;0.0474045;0.0108574;0.00405272;-3.88142
-113.73;-6.18304;0.0521683;0.00446866;0.00159099;-4.14435
-105.274;-6.18304;0.0390178;0.000211743;-0.00051352;-4.38502
-96.8173;-6.18304;-0.0106949;0.000201682;-3.37788e-05;-4.58133
-88.361;-6.18304;-0.0490682;-0.00110579;0.000506913;-4.7629
-79.9047;-6.18304;-0.0437289;-0.00208331;-0.000973535;-4.95538
-71.4484;-6.18304;-0.0267559;-0.00019026;-0.00349735;-5.15367
-62.9921;-6.18304;-0.0136457;0.00456107;-0.00531256;-5.34448
-54.5358;-6.18304;-0.0261567;0.00876285;-0.00466948;-5.51267
-46.0795;-6.18304;-0.0563452;0.00569172;-0.00376347;-5.64229
-37.6233;-6.18304;-0.0455197;0.00187698;-0.00230677;-5.79557
-29.167;-6.18304;0.0798748;0.00451577;-0.000249112;-5.99649
-20.7107;-6.18304;0.196828;0.00998896;-0.00054406;-6.18648
-12.2544;-6.18304;0.278504;0.0125247;-0.00472218;-6.33463
-3.79809;-6.18304;0.251782;0.020233;-0.00934531;-6.45835
4.6582;-6.18304;0.107875;0.0285104;-0.0100023;-6.53946
13.1145;-6.18304;0.100333;0.031713;-0.0107369;-6.63609
21.5708;-6.18304;0.288904;0.0359741;-0.0152205;-6.76613
30.0271;-6.18304;0.347599;0.0447881;-0.0199535;-6.84968
38.4834;-6.18304;0.255498;0.0524567;-0.0222155;-6.85428
46.9397;-6.18304;0.128636;0.057504;-0.0206852;-6.8034
55.396;-6.18304;0.114706;0.0587419;-0.0207442;-6.74368
63.8522;-6.18304;0.111148;0.060487;-0.0239019;-6.66434
72.3085;-6.18304;0.107268;0.0641552;-0.0232683;-6.58021
80.7648;-6.18304;0.101762;0.0662945;-0.0186741;-6.47987
89.2211;-6.18304;0.0944576;0.0681695;-0.0132838;-6.35797
97.6774;-6.18304;0.0147197;0.0744152;-0.00672746;-6.19036
106.134;-6.18304;-0.0253852;0.0791718;-0.00244382;-6.03478
114.59;-6.18304;0.0539028;0.0776409;-0.00168701;-5.91448
123.046;-6.18304;0.286012;0.0767723;-0.00323644;-5.8552
131.503;-6.18304;0.51406;0.0801999;-0.00384609;-5.78652
139.959;-6.18304;0.527959;0.0848199;-0.00591998;-5.60164
148.415;-6.18304;0.444131;0.0844551;-0.00840594;-5.33781
156.871;-6.18304;0.408711;0.0786616;-0.00863723;-5.0581
165.328;-6.18304;0.516465;0.0721076;-0.0047756;-4.83022
173.784;-6.18304;0.618949;0.0681986;-0.000690929;-4.58707
182.24;-6.18304;0.662826;0.0636793;0.00210709;-4.28822
190.697;-6.18304;0.617256;0.0577236;0.00245215;-3.90856
199.153;-6.18304;0.541685;0.051766;0.00286146;-3.48602
207.609;-6.18304;0.527137;0.0444534;0.00235714;-3.07083
216.065;-6.18304;0.60293;0.0365479;-0.000172357;-2.68404
224.522;-6.18304;0.703987;0.0277457;-0.00139894;-2.30287
232.978;-6.18304;0.770203;0.0181637;-0.000346119;-1.8971
241.434;-6.18304;0.748349;0.0138313;0.00110371;-1.472
249.891;-6.18304;0.66254;0.0135035;3.99704e-05;-1.02135
-223.662;-14.6393;1.41786;0.0188018;0.00482998;-0.347382
-215.205;-14.6393;-0.212432;0.0133836;0.00551857;-0.675019
-206.749;-14.6393;-0.276515;0.00837503;0.00641186;-0.992923
-198.293;-14.6393;-0.214966;0.0077674;0.00795929;-1.31135
-189.836;-14.6393;-0.136857;0.00806354;0.00874104;-1.62687
-181.38;-14.6393;-0.0684744;0.00699211;0.00834175;-1.93647
-172.924;-14.6393;-0.0264088;0.00657035;0.00696992;-2.23271
-164.468;-14.6393;-0.0514816;0.00941486;0.0043134;-2.50289
-156.011;-14.6393;-0.142846;0.0136766;0.000586447;-2.75561
-147.555;-14.6393;-0.120608;0.011724;-0.00138627;-3.02582
-139.099;-14.6393;-0.0321393;0.00937094;-0.00164438;-3.31663
-130.642;-14.6393;0.031505;0.0094876;0.000289624;-3.606
-122.186;-14.6393;0.0635816;0.00868384;0.00119979;-3.89683
-113.73;-14.6393;0.0813059;0.00654226;0.000142213;-4.16942
-105.274;-14.6393;0.0691165;0.00519437;-0.00156795;-4.40225
-96.8173;-14.6393;0.00813468;0.00499682;-0.00151469;-4.58957
-88.361;-14.6393;-0.0620104;0.000715949;-0.000512024;-4.7461
-79.9047;-14.6393;-0.0627603;-0.00179499;-0.00145767;-4.93421
-71.4484;-14.6393;-0.0303171;0.000752873;-0.00379386;-5.13589
-62.9921;-14.6393;-0.0150484;0.00675177;-0.00611936;-5.32318
-54.5358;-14.6393;-0.0345982;0.0105585;-0.00634097;-5.47586
-46.0795;-14.6393;-0.0581782;0.00729749;-0.00486723;-5.59563
-37.6233;-14.6393;-0.0187824;0.00589063;-0.00259263;-5.75475
-29.167;-14.6393;0.113045;0.00990206;-0.000415973;-5.96536
-20.7107;-14.6393;0.185785;0.016983;-0.00107885;-6.14493
-12.2544;-14.6393;0.208318;0.0198565;-0.00475461;-6.26943
-3.79809;-14.6393;0.198788;0.0266663;-0.00861659;-6.38755
4.6582;-14.6393;0.174999;0.033388;-0.0107991;-6.49086
13.1145;-14.6393;0.162594;0.0348148;-0.012155;-6.5733
21.5708;-14.6393;0.203177;0.0349842;-0.0158166;-6.64917
30.0271;-14.6393;0.198632;0.0393052;-0.0203733;-6.69535
38.4834;-14.6393;0.157029;0.0473746;-0.0230805;-6.70587
46.9397;-14.6393;0.119865;0.0562698;-0.0221899;-6.68416
55.396;-14.6393;0.114805;0.0582573;-0.0223913;-6.62906
63.8522;-14.6393;0.0947881;0.0637443;-0.0258848;-6.53258
72.3085;-14.6393;0.0888718;0.0687329;-0.0266914;-6.43206
80.7648;-14.6393;0.0997667;0.0690899;-0.0223592;-6.34005
89.2211;-14.6393;0.11455;0.0675335;-0.0146343;-6.26639
97.6774;-14.6393;0.091636;0.0708905;-0.00764601;-6.15369
106.134;-14.6393;0.107226;0.0707104;-0.00543117;-6.02758
114.59;-14.6393;0.203271;0.0641909;-0.00681495;-5.90408
123.046;-14.6393;0.384055;0.06502;-0.00841667;-5.82052
131.503;-14.6393;0.538353;0.0735538;-0.00808361;-5.71776
139.959;-14.6393;0.500507;0.0799975;-0.00772532;-5.50279
148.415;-14.6393;0.400665;0.0793192;-0.00785484;-5.22595
156.871;-14.6393;0.372394;0.0751739;-0.00813024;-4.95614
165.328;-14.6393;0.491559;0.0723307;-0.00671281;-4.74407
173.784;-14.6393;0.601767;0.0696675;-0.00458486;-4.50135
182.24;-14.6393;0.657528;0.0652035;-0.00179089;-4.19832
190.697;-14.6393;0.638933;0.0545531;-8.63774e-05;-3.81448
199.153;-14.6393;0.616697;0.0459105;-1.66083e-05;-3.41028
207.609;-14.6393;0.617696;0.038098;-0.000645783;-3.00169
216.065;-14.6393;0.652469;0.0319727;-0.00222671;-2.60037
224.522;-14.6393;0.702719;0.027753;-0.00255498;-2.20649
232.978;-14.6393;0.728309;0.0232726;-0.00151837;-1.80806
241.434;-14.6393;0.745522;0.0203885;-0.000261354;-1.40033
249.891;-14.6393;0.663903;0.0292538;-0.00166338;-0.995501
-249.031;-23.0956;8.7068;-0.00496424;0.00304105;-0.0239173
-223.662;-23.0956;4.68661;0.0223438;0.00449691;-0.25851
-215.205;-23.0956;-0.252819;0.0111288;0.00524066;-0.630741
-206.749;-23.0956;-0.418621;0.00542948;0.00600595;-0.951144
-198.293;-23.0956;-0.27966;0.00772932;0.00782819;-1.26991
-189.836;-23.0956;-0.178571;0.00889472;0.0087523;-1.58789
-181.38;-23.0956;-0.149168;0.00685421;0.00789477;-1.89756
-172.924;-23.0956;-0.122944;0.00647412;0.00572008;-2.19073
-164.468;-23.0956;-0.0862133;0.0114657;0.00343664;-2.47138
-156.011;-23.0956;-0.0863726;0.0164236;0.00098849;-2.73078
-147.555;-23.0956;-0.0625426;0.0111255;-0.00106595;-2.99501
-139.099;-23.0956;-0.0293821;0.00610421;-0.0033046;-3.25376
-130.642;-23.0956;-0.00807556;0.00424732;-0.0025597;-3.54932
-122.186;-23.0956;0.0295908;0.00565224;-0.000919159;-3.85917
-113.73;-23.0956;0.0804656;0.00768392;-0.000892902;-4.1458
-105.274;-23.0956;0.0889551;0.00879098;-0.00284141;-4.38267
-96.8173;-23.0956;0.0214535;0.00786169;-0.00389605;-4.56455
-88.361;-23.0956;-0.0567716;0.00292756;-0.00210775;-4.71073
-79.9047;-23.0956;-0.0597905;0.000588331;-0.00188048;-4.89823
-71.4484;-23.0956;-0.0197169;0.0032183;-0.00354953;-5.10219
-62.9921;-23.0956;-0.00653489;0.00796982;-0.00598972;-5.28747
-54.5358;-23.0956;-0.0271975;0.00966431;-0.00728959;-5.43062
-46.0795;-23.0956;-0.0320456;0.00733997;-0.00736322;-5.5548
-37.6233;-23.0956;0.0398773;0.00855875;-0.0060018;-5.7272
-29.167;-23.0956;0.130264;0.0134085;-0.00604586;-5.92609
-20.7107;-23.0956;0.114768;0.0206375;-0.00743118;-6.07971
-12.2544;-23.0956;0.10102;0.0232092;-0.00885454;-6.18795
-3.79809;-23.0956;0.120366;0.0281989;-0.00998018;-6.29715
4.6582;-23.0956;0.14951;0.033806;-0.0114304;-6.39756
13.1145;-23.0956;0.13764;0.036097;-0.0140276;-6.46426
21.5708;-23.0956;0.135537;0.036269;-0.0171915;-6.5063
30.0271;-23.0956;0.124786;0.0409664;-0.019954;-6.53731
38.4834;-23.0956;0.108082;0.051288;-0.0221512;-6.56152
46.9397;-23.0956;0.0871932;0.0600475;-0.0246333;-6.55162
55.396;-23.0956;0.0484985;0.0610516;-0.0282874;-6.47782
63.8522;-23.0956;0.0119539;0.0710042;-0.0330158;-6.33745
72.3085;-23.0956;0.0257783;0.0770235;-0.0335606;-6.22733
80.7648;-23.0956;0.0652438;0.074186;-0.0278038;-6.16171
89.2211;-23.0956;0.0800487;0.068055;-0.0182079;-6.12738
97.6774;-23.0956;0.0591906;0.0672624;-0.0112882;-6.04524
106.134;-23.0956;0.0714902;0.0634989;-0.011542;-5.91719
114.59;-23.0956;0.130321;0.0568264;-0.0147761;-5.77048
123.046;-23.0956;0.225726;0.0594872;-0.0165469;-5.6469
131.503;-23.0956;0.3012;0.0709035;-0.0152366;-5.50584
139.959;-23.0956;0.302677;0.0766421;-0.0124229;-5.29762
148.415;-23.0956;0.27776;0.0744143;-0.0103533;-5.04385
156.871;-23.0956;0.285601;0.0711101;-0.0102067;-4.7891
165.328;-23.0956;0.385462;0.0708762;-0.0102005;-4.56611
173.784;-23.0956;0.473041;0.0694607;-0.0098302;-4.31013
182.24;-23.0956;0.520179;0.0661519;-0.00791471;-4.00549
190.697;-23.0956;0.515796;0.0555261;-0.00562321;-3.63596
199.153;-23.0956;0.520164;0.0491843;-0.00624019;-3.2588
207.609;-23.0956;0.525149;0.045257;-0.00770524;-2.87102
216.065;-23.0956;0.535507;0.0408068;-0.00838976;-2.47318
224.522;-23.0956;0.568161;0.0370239;-0.00742316;-2.08245
232.978;-23.0956;0.62217;0.0329794;-0.0059988;-1.68583
-240.574;-31.5519;7.55032;0.00285586;-0.000395659;-0.0125762
-232.118;-31.5519;6.32875;0.0132117;0.00073641;-0.0336957
-223.662;-31.5519;4.52285;0.0281271;0.0054121;-0.218584
-215.205;-31.5519;-0.198695;0.0153857;0.00568194;-0.577406
-206.749;-31.5519;-0.349043;0.0098454;0.00663162;-0.895218
-198.293;-31.5519;-0.245868;0.0125833;0.00876784;-1.21308
-189.836;-31.5519;-0.157433;0.0137774;0.00923578;-1.53058
-181.38;-31.5519;-0.178058;0.0128478;0.00703083;-1.83577
-172.924;-31.5519;-0.192723;0.0139333;0.00310754;-2.11956
-164.468;-31.5519;-0.132457;0.0171933;8.43906e-05;-2.42025
-156.011;-31.5519;-0.062074;0.0159347;-0.00171523;-2.70741
-147.555;-31.5519;-0.0548218;0.00954486;-0.00317411;-2.96299
-139.099;-31.5519;-0.0816918;0.00298618;-0.00475536;-3.18311
-130.642;-31.5519;-0.10794;0.00128342;-0.00366976;-3.45876
-122.186;-31.5519;-0.0364325;0.00434109;-0.000684562;-3.77066
-113.73;-31.5519;0.060399;0.00847456;0.000127382;-4.07094
-105.274;-31.5519;0.0868923;0.0110689;-0.00213108;-4.31878
-96.8173;-31.5519;0.0304454;0.00998148;-0.00403976;-4.50008
-88.361;-31.5519;-0.0172719;0.00611794;-0.00280371;-4.65751
-79.9047;-31.5519;-0.0146166;0.00452076;-0.00288383;-4.84812
-71.4484;-31.5519;0.00898717;0.00705565;-0.00396656;-5.04572
-62.9921;-31.5519;0.00801081;0.00980768;-0.00568765;-5.22437
-54.5358;-31.5519;-0.0170373;0.00960709;-0.00739554;-5.36638
-46.0795;-31.5519;-0.0185459;0.00856716;-0.00904919;-5.50336
-37.6233;-31.5519;0.0486893;0.0116621;-0.00907778;-5.68253
-29.167;-31.5519;0.0839413;0.015499;-0.0113241;-5.85872
-20.7107;-31.5519;0.0320085;0.0209693;-0.0134324;-5.98608
-12.2544;-31.5519;0.00539851;0.0232811;-0.0127267;-6.08427
-3.79809;-31.5519;0.031537;0.0258577;-0.0100191;-6.17765
4.6582;-31.5519;0.0778171;0.0299319;-0.0101658;-6.26431
13.1145;-31.5519;0.0811761;0.0344001;-0.0141535;-6.33116
21.5708;-31.5519;0.0641422;0.0381071;-0.0171854;-6.36345
30.0271;-31.5519;0.0444188;0.0457286;-0.0184016;-6.3868
38.4834;-31.5519;0.0270076;0.0573122;-0.0205583;-6.41006
46.9397;-31.5519;0.00377344;0.0634506;-0.0265988;-6.39092
55.396;-31.5519;-0.0475926;0.0626613;-0.0339387;-6.29185
63.8522;-31.5519;-0.0691188;0.0714375;-0.0365946;-6.15891
72.3085;-31.5519;-0.0405402;0.0768705;-0.0346108;-6.06645
80.7648;-31.5519;-0.0137224;0.0727628;-0.0279074;-6.00303
89.2211;-31.5519;-0.0463142;0.0662459;-0.019379;-5.95051
97.6774;-31.5519;-0.0802756;0.0654975;-0.0140146;-5.87556
106.134;-31.5519;-0.0836525;0.0642019;-0.0155746;-5.74707
114.59;-31.5519;-0.0632265;0.0621066;-0.0190671;-5.58899
123.046;-31.5519;-0.0289137;0.0656076;-0.0209569;-5.43508
131.503;-31.5519;0.00864668;0.0735241;-0.0198905;-5.26599
139.959;-31.5519;0.0820302;0.0757052;-0.0170328;-5.07656
148.415;-31.5519;0.155658;0.0723488;-0.0139808;-4.85682
156.871;-31.5519;0.209079;0.0694498;-0.0123363;-4.61452
165.328;-31.5519;0.275326;0.0697535;-0.0117653;-4.3621
173.784;-31.5519;0.330404;0.0682381;-0.01266;-4.08409
182.24;-31.5519;0.363973;0.0656543;-0.0125933;-3.77852
190.697;-31.5519;0.369522;0.0552291;-0.00951742;-3.42775
199.153;-31.5519;0.363635;0.048693;-0.00932639;-3.05894
207.609;-31.5519;0.364062;0.0465183;-0.0114621;-2.68758
216.065;-31.5519;0.379797;0.0425141;-0.0125088;-2.30832
224.522;-31.5519;0.420492;0.0354684;-0.0107659;-1.92822
232.978;-31.5519;0.475884;0.0267961;-0.00832352;-1.52248
-232.118;-40.0082;4.39683;0.0161711;0.00170187;-0.0545803
-223.662;-40.0082;4.47855;0.0337321;0.00690779;-0.197343
-215.205;-40.0082;-0.259466;0.0267532;0.00752995;-0.520745
-206.749;-40.0082;-0.289989;0.0171685;0.0073312;-0.835764
-198.293;-40.0082;-0.203173;0.0179744;0.00896859;-1.14665
-189.836;-40.0082;-0.0837063;0.0203348;0.0101541;-1.4572
-181.38;-40.0082;-0.0974524;0.0218231;0.00783453;-1.76232
-172.924;-40.0082;-0.141086;0.0225095;0.00279417;-2.04957
-164.468;-40.0082;-0.113433;0.0217389;-0.00121722;-2.35637
-156.011;-40.0082;-0.0607123;0.0174503;-0.00295373;-2.65477
-147.555;-40.0082;-0.0555286;0.0131396;-0.0029037;-2.91453
-139.099;-40.0082;-0.1019;0.00916623;-0.00289439;-3.13039
-130.642;-40.0082;-0.140487;0.00539559;-0.00321855;-3.36719
-122.186;-40.0082;-0.0785578;0.00650139;-0.000966654;-3.67235
-113.73;-40.0082;0.00676827;0.00858834;-0.000145396;-3.97989
-105.274;-40.0082;0.0315555;0.0102115;-0.00172318;-4.23073
-96.8173;-40.0082;-0.00721806;0.00997861;-0.0033797;-4.41259
-88.361;-40.0082;-0.0354653;0.00822275;-0.00398533;-4.58443
-79.9047;-40.0082;-0.046637;0.00777027;-0.00589114;-4.77597
-71.4484;-40.0082;-0.045426;0.00998314;-0.00659172;-4.96114
-62.9921;-40.0082;-0.0485843;0.0106665;-0.00695207;-5.13087
-54.5358;-40.0082;-0.0576776;0.00977763;-0.00817477;-5.27854
-46.0795;-40.0082;-0.0473102;0.0105299;-0.00965352;-5.42597
-37.6233;-40.0082;0.00416639;0.0153829;-0.0101849;-5.59759
-29.167;-40.0082;0.0221016;0.0182494;-0.012585;-5.75479
-20.7107;-40.0082;-0.00927512;0.0213345;-0.014636;-5.87045
-12.2544;-40.0082;-0.0400805;0.0233008;-0.0129652;-5.95589
-3.79809;-40.0082;-0.0383894;0.0225627;-0.00686314;-6.02142
4.6582;-40.0082;-0.0090673;0.0243245;-0.00666702;-6.09369
13.1145;-40.0082;0.0048359;0.0303712;-0.0124132;-6.17148
21.5708;-40.0082;-0.0125813;0.0379272;-0.0162117;-6.21422
30.0271;-40.0082;-0.0388316;0.0475706;-0.0171926;-6.23656
38.4834;-40.0082;-0.0590615;0.0581554;-0.0197613;-6.24537
46.9397;-40.0082;-0.0730604;0.0625106;-0.027201;-6.20834
55.396;-40.0082;-0.0970625;0.0620787;-0.0349291;-6.10202
63.8522;-40.0082;-0.0834447;0.0662321;-0.0340325;-6.02971
72.3085;-40.0082;-0.054821;0.0693454;-0.0298046;-5.98683
80.7648;-40.0082;-0.0678012;0.0657676;-0.0235631;-5.91568
89.2211;-40.0082;-0.154214;0.0627868;-0.0176908;-5.80615
97.6774;-40.0082;-0.193031;0.0651596;-0.0145444;-5.71852
106.134;-40.0082;-0.189131;0.0686236;-0.0165612;-5.60081
114.59;-40.0082;-0.167494;0.0697348;-0.0188903;-5.44925
123.046;-40.0082;-0.13619;0.0719314;-0.0200654;-5.28503
131.503;-40.0082;-0.0633292;0.0733825;-0.0195028;-5.1165
139.959;-40.0082;0.0525058;0.0727389;-0.0175204;-4.93761
148.415;-40.0082;0.169843;0.0702302;-0.0140491;-4.73463
156.871;-40.0082;0.258548;0.0676613;-0.0113658;-4.50075
165.328;-40.0082;0.302198;0.0663478;-0.0107561;-4.22724
173.784;-40.0082;0.345298;0.0644361;-0.0127401;-3.93576
182.24;-40.0082;0.386051;0.0635116;-0.0145065;-3.63288
190.697;-40.0082;0.41824;0.053331;-0.0106623;-3.29555
199.153;-40.0082;0.421498;0.0446052;-0.00851474;-2.93013
207.609;-40.0082;0.43818;0.0395296;-0.0103766;-2.56536
216.065;-40.0082;0.474651;0.0333056;-0.0122132;-2.19613
224.522;-40.0082;0.525519;0.0249392;-0.0112691;-1.82135
232.978;-40.0082;0.539878;0.0165948;-0.00820511;-1.40477
-215.205;-48.4645;-0.14982;0.0321762;0.00903313;-0.423077
-206.749;-48.4645;-0.26034;0.0230021;0.00713508;-0.756035
-198.293;-48.4645;-0.213735;0.0200314;0.00739198;-1.07192
-189.836;-48.4645;-0.146102;0.0208808;0.00742364;-1.37709
-181.38;-48.4645;-0.164347;0.0227913;0.00488056;-1.67975
-172.924;-48.4645;-0.188489;0.0231101;0.000425543;-1.97922
-164.468;-48.4645;-0.164262;0.0207107;-0.002591;-2.28147
-156.011;-48.4645;-0.124335;0.0173048;-0.00284524;-2.57638
-147.555;-48.4645;-0.0924421;0.0164716;-0.00113517;-2.84177
-139.099;-48.4645;-0.0961157;0.0147337;-0.00114088;-3.07528
-130.642;-48.4645;-0.139813;0.0102213;-0.00286552;-3.30411
-122.186;-48.4645;-0.12819;0.00752884;-0.00321279;-3.58675
-113.73;-48.4645;-0.0893273;0.00651078;-0.00366786;-3.8811
-105.274;-48.4645;-0.0759602;0.0077559;-0.00442473;-4.13244
-96.8173;-48.4645;-0.0956824;0.00836587;-0.00490254;-4.31306
-88.361;-48.4645;-0.107784;0.00863891;-0.00622159;-4.48728
-79.9047;-48.4645;-0.124226;0.00920684;-0.0102703;-4.67743
-71.4484;-48.4645;-0.131636;0.0115845;-0.0121998;-4.85599
-62.9921;-48.4645;-0.126274;0.0116432;-0.012008;-5.02208
-54.5358;-48.4645;-0.112424;0.0106462;-0.0114111;-5.17587
-46.0795;-48.4645;-0.0904583;0.0123525;-0.0113411;-5.32664
-37.6233;-48.4645;-0.0582844;0.0176951;-0.00971625;-5.48043
-29.167;-48.4645;-0.0301593;0.019811;-0.0109531;-5.62645
-20.7107;-48.4645;-0.0127705;0.0206879;-0.0124754;-5.74372
-12.2544;-48.4645;-0.0259316;0.0221076;-0.0100778;-5.81802
-3.79809;-48.4645;-0.0484399;0.0196933;-0.00373385;-5.85866
4.6582;-48.4645;-0.0546161;0.0206736;-0.00402364;-5.9213
13.1145;-48.4645;-0.0408896;0.0260771;-0.0111074;-6.00678
21.5708;-48.4645;-0.0417227;0.0353893;-0.0165337;-6.06783
30.0271;-48.4645;-0.052173;0.0458003;-0.018545;-6.10192
38.4834;-48.4645;-0.0566337;0.054879;-0.0208896;-6.10246
46.9397;-48.4645;-0.0458969;0.0586975;-0.026578;-6.0526
55.396;-48.4645;-0.0230692;0.0615337;-0.0311349;-5.96355
63.8522;-48.4645;0.0139208;0.0640045;-0.0293945;-5.94152
72.3085;-48.4645;0.0401505;0.0647987;-0.0265684;-5.95769
80.7648;-48.4645;0.0311849;0.0608184;-0.0227224;-5.91423
89.2211;-48.4645;-0.0187755;0.0591033;-0.0188096;-5.78577
97.6774;-48.4645;-0.0547562;0.0618424;-0.0167674;-5.68049
106.134;-48.4645;-0.023657;0.0657966;-0.0193032;-5.57139
114.59;-48.4645;0.0400281;0.0653302;-0.0201581;-5.42705
123.046;-48.4645;0.112674;0.0654724;-0.019271;-5.25879
131.503;-48.4645;0.199492;0.0655201;-0.0174418;-5.08169
139.959;-48.4645;0.356733;0.0653758;-0.0156696;-4.91229
148.415;-48.4645;0.501057;0.0646552;-0.0121587;-4.7171
156.871;-48.4645;0.577051;0.0620802;-0.00948383;-4.47328
165.328;-48.4645;0.551061;0.0579799;-0.009372;-4.17104
173.784;-48.4645;0.551727;0.0557136;-0.0120734;-3.85974
182.24;-48.4645;0.565695;0.0554762;-0.0143503;-3.54218
190.697;-48.4645;0.576851;0.0479583;-0.0110564;-3.19791
199.153;-48.4645;0.563813;0.0400418;-0.00822053;-2.83259
207.609;-48.4645;0.566447;0.0318912;-0.00939308;-2.46103
216.065;-48.4645;0.586664;0.0220028;-0.0107391;-2.08021
224.522;-48.4645;0.616005;0.0144727;-0.00997368;-1.69466
232.978;-48.4645;0.581223;0.0129518;-0.00773662;-1.27283
-215.205;-56.9208;-0.0294361;0.0306145;0.00964933;-0.329747
-206.749;-56.9208;-0.230405;0.0262096;0.00783839;-0.665668
-198.293;-56.9208;-0.247609;0.020252;0.00622094;-0.982779
-189.836;-56.9208;-0.271266;0.019521;0.0050858;-1.28344
-181.38;-56.9208;-0.303057;0.0199098;0.00260888;-1.58901
-172.924;-56.9208;-0.306915;0.019184;-0.00140552;-1.89492
-164.468;-56.9208;-0.276726;0.0175241;-0.00326674;-2.18663
-156.011;-56.9208;-0.227267;0.016883;-0.00271568;-2.46952
-147.555;-56.9208;-0.164336;0.0176877;-0.000618489;-2.73821
-139.099;-56.9208;-0.124518;0.0166756;-0.000970515;-2.98923
-130.642;-56.9208;-0.14526;0.0119822;-0.00292603;-3.21495
-122.186;-56.9208;-0.16359;0.00813623;-0.00400931;-3.48173
-113.73;-56.9208;-0.162803;0.00621836;-0.00512692;-3.76257
-105.274;-56.9208;-0.159486;0.00694297;-0.00627361;-4.01129
-96.8173;-56.9208;-0.161266;0.00743391;-0.0065409;-4.19703
-88.361;-56.9208;-0.15582;0.00967947;-0.00804098;-4.38129
-79.9047;-56.9208;-0.162479;0.0108098;-0.0123516;-4.57726
-71.4484;-56.9208;-0.165458;0.0136174;-0.0142182;-4.75487
-62.9921;-56.9208;-0.151029;0.0143487;-0.013688;-4.92012
-54.5358;-56.9208;-0.123945;0.0141808;-0.0132315;-5.07965
-46.0795;-56.9208;-0.101405;0.0152976;-0.0124549;-5.22705
-37.6233;-56.9208;-0.089956;0.019031;-0.0103984;-5.36414
-29.167;-56.9208;-0.0557854;0.0179626;-0.010609;-5.49692
-20.7107;-56.9208;0.00250793;0.0163018;-0.01163;-5.61585
-12.2544;-56.9208;0.0348266;0.0198022;-0.0107658;-5.70292
-3.79809;-56.9208;0.0268574;0.0232794;-0.00805574;-5.75957
4.6582;-56.9208;0.00552271;0.0231399;-0.00745287;-5.80662
13.1145;-56.9208;0.0249979;0.0274557;-0.0129722;-5.89586
21.5708;-56.9208;0.0541779;0.0356933;-0.0179196;-5.96795
30.0271;-56.9208;0.0848684;0.0446352;-0.0212147;-6.01749
38.4834;-56.9208;0.115639;0.0518149;-0.0234484;-6.0335
46.9397;-56.9208;0.152521;0.0526878;-0.0243503;-5.99251
55.396;-56.9208;0.204287;0.0559913;-0.0248967;-5.9208
63.8522;-56.9208;0.265264;0.0612447;-0.0244713;-5.91125
72.3085;-56.9208;0.324817;0.0632382;-0.0263569;-5.95385
80.7648;-56.9208;0.381874;0.0600061;-0.0261868;-5.94641
89.2211;-56.9208;0.423053;0.05721;-0.0232562;-5.84837
97.6774;-56.9208;0.408129;0.058167;-0.0212279;-5.72802
106.134;-56.9208;0.427532;0.0598414;-0.022802;-5.59964
114.59;-56.9208;0.500206;0.0572324;-0.0219811;-5.45284
123.046;-56.9208;0.599073;0.0557884;-0.0194543;-5.29416
131.503;-56.9208;0.656606;0.0571772;-0.0178227;-5.11263
139.959;-56.9208;0.75459;0.0589736;-0.0163893;-4.92124
148.415;-56.9208;0.837762;0.058456;-0.0128785;-4.69444
156.871;-56.9208;0.87018;0.0543454;-0.0096483;-4.42035
165.328;-56.9208;0.824789;0.0487368;-0.00858859;-4.10128
173.784;-56.9208;0.799316;0.0449909;-0.00999933;-3.77004
182.24;-56.9208;0.779033;0.0407496;-0.00993791;-3.42642
190.697;-56.9208;0.751472;0.0384534;-0.00841187;-3.07735
199.153;-56.9208;0.700277;0.0365221;-0.00809677;-2.71312
207.609;-56.9208;0.673591;0.0333277;-0.00948885;-2.34253
216.065;-56.9208;0.666388;0.0255748;-0.00935961;-1.9554
224.522;-56.9208;0.662122;0.018034;-0.00783623;-1.55393
232.978;-56.9208;0.61017;0.0191428;-0.00719912;-1.13807
241.434;-56.9208;0.561519;0.0278597;-0.00699138;-0.746566
249.891;-56.9208;0.52352;0.0266729;-0.00503519;-0.382916
-198.293;-65.3771;-0.287793;0.0233465;0.00747022;-0.878637
-189.836;-65.3771;-0.367145;0.0214226;0.00446701;-1.17763
-181.38;-65.3771;-0.392653;0.0193716;0.00142226;-1.48897
-172.924;-65.3771;-0.374207;0.0168259;-0.00230462;-1.79852
-164.468;-65.3771;-0.334946;0.0157897;-0.0035409;-2.08544
-156.011;-65.3771;-0.286676;0.016953;-0.00309736;-2.35911
-147.555;-65.3771;-0.237467;0.017342;-0.00176494;-2.6278
-139.099;-65.3771;-0.195011;0.0162266;-0.0023738;-2.88655
-130.642;-65.3771;-0.177638;0.0137439;-0.00329855;-3.1187
-122.186;-65.3771;-0.180332;0.0118041;-0.00394402;-3.37202
-113.73;-65.3771;-0.1838;0.0105864;-0.00539068;-3.63435
-105.274;-65.3771;-0.174963;0.0108414;-0.00749246;-3.87922
-96.8173;-65.3771;-0.153136;0.0116782;-0.00872403;-4.08722
-88.361;-65.3771;-0.12792;0.0140268;-0.00936664;-4.28801
-79.9047;-65.3771;-0.12194;0.0135096;-0.0113162;-4.48551
-71.4484;-65.3771;-0.116695;0.015133;-0.0121671;-4.65663
-62.9921;-65.3771;-0.0991795;0.0161913;-0.0126618;-4.81753
-54.5358;-65.3771;-0.0700299;0.0172553;-0.0129003;-4.97995
-46.0795;-65.3771;-0.0520653;0.0182405;-0.0130191;-5.12802
-37.6233;-65.3771;-0.0527117;0.0200601;-0.0121871;-5.26336
-29.167;-65.3771;-0.0199332;0.0171849;-0.0134823;-5.397
-20.7107;-65.3771;0.0596848;0.0151851;-0.0157942;-5.5174
-12.2544;-65.3771;0.11527;0.0203125;-0.0158701;-5.61062
-3.79809;-65.3771;0.144535;0.0276966;-0.0150782;-5.69048
4.6582;-65.3771;0.152202;0.0283577;-0.0135916;-5.74518
13.1145;-65.3771;0.14355;0.0306018;-0.0138943;-5.80896
21.5708;-65.3771;0.160566;0.0369652;-0.0161552;-5.86728
30.0271;-65.3771;0.17975;0.0441553;-0.0205038;-5.9092
38.4834;-65.3771;0.195675;0.0470393;-0.0240726;-5.92277
46.9397;-65.3771;0.22939;0.0437954;-0.0238162;-5.90099
55.396;-65.3771;0.309901;0.0444708;-0.0236716;-5.87269
63.8522;-65.3771;0.394274;0.0509363;-0.0251897;-5.87038
72.3085;-65.3771;0.477624;0.0540587;-0.0268991;-5.88763
80.7648;-65.3771;0.578693;0.0537412;-0.0276335;-5.87502
89.2211;-65.3771;0.672946;0.053965;-0.0281806;-5.80478
97.6774;-65.3771;0.658399;0.0570132;-0.029556;-5.68539
106.134;-65.3771;0.66536;0.0586943;-0.0306841;-5.55023
114.59;-65.3771;0.743698;0.0547524;-0.0266233;-5.40199
123.046;-65.3771;0.865018;0.052503;-0.0231979;-5.24881
131.503;-65.3771;0.936947;0.0535081;-0.0214166;-5.06522
139.959;-65.3771;1.00593;0.0542715;-0.018911;-4.85027
148.415;-65.3771;1.03393;0.0523278;-0.0146338;-4.59238
156.871;-65.3771;1.01494;0.0480073;-0.010698;-4.29378
165.328;-65.3771;0.956691;0.043523;-0.00847337;-3.96454
173.784;-65.3771;0.935957;0.0389667;-0.00670217;-3.62674
182.24;-65.3771;0.912277;0.0333646;-0.00429406;-3.27543
190.697;-65.3771;0.865085;0.0304685;-0.00240398;-2.91698
199.153;-65.3771;0.780943;0.0300018;-0.00379358;-2.54322
207.609;-65.3771;0.726725;0.0285791;-0.00484992;-2.16482
216.065;-65.3771;0.696127;0.0247133;-0.00361658;-1.77654
224.522;-65.3771;0.668285;0.020229;-0.00255116;-1.37523
232.978;-65.3771;0.636588;0.0198619;-0.00475214;-0.980868
-198.293;-73.8334;-0.3525;0.0269305;0.00707929;-0.761528
-189.836;-73.8334;-0.409564;0.0253495;0.00332306;-1.06049
-181.38;-73.8334;-0.381921;0.0228624;0.000788098;-1.3775
-172.924;-73.8334;-0.330093;0.0191206;-0.00189228;-1.69073
-164.468;-73.8334;-0.285626;0.0168377;-0.00331458;-1.97973
-156.011;-73.8334;-0.266537;0.0169994;-0.003889;-2.25006
-147.555;-73.8334;-0.273112;0.0162547;-0.00358259;-2.51517
-139.099;-73.8334;-0.255394;0.0148736;-0.00393721;-2.77549
-130.642;-73.8334;-0.21515;0.0152053;-0.00377326;-3.01797
-122.186;-73.8334;-0.193546;0.0152927;-0.00403218;-3.2605
-113.73;-73.8334;-0.189201;0.0150021;-0.00566846;-3.50304
-105.274;-73.8334;-0.1666;0.0150983;-0.00790501;-3.73884
-96.8173;-73.8334;-0.120507;0.0156419;-0.00911448;-3.96104
-88.361;-73.8334;-0.0812924;0.0160334;-0.00915791;-4.17006
-79.9047;-73.8334;-0.0690708;0.0151561;-0.0103701;-4.36763
-71.4484;-73.8334;-0.0514052;0.015361;-0.0116471;-4.54231
-62.9921;-73.8334;-0.0310907;0.0164164;-0.0128542;-4.70431
-54.5358;-73.8334;0.0119615;0.0185101;-0.0124733;-4.87113
-46.0795;-73.8334;0.0481438;0.020883;-0.011642;-5.02738
-37.6233;-73.8334;0.0508415;0.0227952;-0.0108331;-5.16375
-29.167;-73.8334;0.057641;0.0202939;-0.0135977;-5.28722
-20.7107;-73.8334;0.103264;0.0182707;-0.0171245;-5.39513
-12.2544;-73.8334;0.150134;0.0230269;-0.0170565;-5.47979
-3.79809;-73.8334;0.174072;0.0294684;-0.0163456;-5.55741
4.6582;-73.8334;0.174943;0.0306714;-0.0153253;-5.6184
13.1145;-73.8334;0.167917;0.0327721;-0.0143159;-5.67951
21.5708;-73.8334;0.176954;0.037232;-0.0147971;-5.7297
30.0271;-73.8334;0.180395;0.04076;-0.0190996;-5.75266
38.4834;-73.8334;0.153107;0.0401416;-0.0256274;-5.74485
46.9397;-73.8334;0.14702;0.0375547;-0.0302779;-5.72648
55.396;-73.8334;0.238184;0.0418402;-0.0352819;-5.73358
63.8522;-73.8334;0.352959;0.0483522;-0.0374467;-5.73691
72.3085;-73.8334;0.439757;0.0491704;-0.0352165;-5.71753
80.7648;-73.8334;0.532065;0.0477377;-0.0325199;-5.67694
89.2211;-73.8334;0.620654;0.048461;-0.0340066;-5.61152
97.6774;-73.8334;0.61624;0.0519993;-0.0389322;-5.50348
106.134;-73.8334;0.639078;0.0534416;-0.0393026;-5.37523
114.59;-73.8334;0.730181;0.0521265;-0.032849;-5.23706
123.046;-73.8334;0.863646;0.0509445;-0.0270045;-5.08433
131.503;-73.8334;0.96384;0.0499533;-0.0223277;-4.89097
139.959;-73.8334;1.0309;0.0484533;-0.0176172;-4.65706
148.415;-73.8334;1.01655;0.0472729;-0.0140997;-4.38178
156.871;-73.8334;0.945911;0.046045;-0.0123212;-4.07365
165.328;-73.8334;0.874977;0.0428863;-0.0104643;-3.74092
173.784;-73.8334;0.890226;0.0386163;-0.00668612;-3.41462
182.24;-73.8334;0.901866;0.0334639;-0.00310794;-3.07489
190.697;-73.8334;0.868364;0.0292198;-0.00114641;-2.71626
199.153;-73.8334;0.778636;0.0267282;-0.00297376;-2.33366
207.609;-73.8334;0.716638;0.0246388;-0.0032101;-1.94897
216.065;-73.8334;0.680679;0.0218975;-0.00121474;-1.56348
224.522;-73.8334;0.659959;0.018009;-0.000560191;-1.17725
232.978;-73.8334;0.672363;0.0157217;-0.00439728;-0.807101
-206.749;-82.2897;-0.193084;0.0231882;0.00589058;-0.363537
-198.293;-82.2897;-0.426447;0.0265911;0.00383926;-0.634559
-189.836;-82.2897;-0.416127;0.0269878;0.00152237;-0.934259
-181.38;-82.2897;-0.31676;0.0270793;0.00155099;-1.25767
-172.924;-82.2897;-0.229068;0.0244036;0.000712949;-1.57505
-164.468;-82.2897;-0.199263;0.0202413;-0.00184946;-1.86497
-156.011;-82.2897;-0.219338;0.0177919;-0.0044151;-2.13384
-147.555;-82.2897;-0.256399;0.0167801;-0.00465726;-2.39316
-139.099;-82.2897;-0.248122;0.0154378;-0.00465583;-2.65342
-130.642;-82.2897;-0.193549;0.0158195;-0.00438583;-2.90563
-122.186;-82.2897;-0.18054;0.0153264;-0.00484698;-3.14286
-113.73;-82.2897;-0.201698;0.0150647;-0.00628205;-3.36965
-105.274;-82.2897;-0.196503;0.015344;-0.0081065;-3.59135
-96.8173;-82.2897;-0.1579;0.0153794;-0.00973842;-3.80968
-88.361;-82.2897;-0.118959;0.0141361;-0.0107252;-4.01769
-79.9047;-82.2897;-0.0673564;0.014308;-0.0118117;-4.21641
-71.4484;-82.2897;-0.0375437;0.014887;-0.0136621;-4.39758
-62.9921;-82.2897;-0.0478161;0.0158225;-0.0154761;-4.56415
-54.5358;-82.2897;-0.0105383;0.0181589;-0.0150081;-4.73191
-46.0795;-82.2897;0.0464862;0.0218559;-0.0129198;-4.89609
-37.6233;-82.2897;0.0637113;0.0237512;-0.0110213;-5.03147
-29.167;-82.2897;0.0514835;0.0228791;-0.0115908;-5.13536
-20.7107;-82.2897;0.0705531;0.0218749;-0.0134978;-5.22357
-12.2544;-82.2897;0.112545;0.0240188;-0.0138186;-5.31069
-3.79809;-82.2897;0.13568;0.0281565;-0.014097;-5.39387
4.6582;-82.2897;0.136938;0.0304454;-0.0143996;-5.46099
13.1145;-82.2897;0.139677;0.0336948;-0.0147127;-5.52317
21.5708;-82.2897;0.143476;0.0363035;-0.01485;-5.5673
30.0271;-82.2897;0.136902;0.0376956;-0.0185671;-5.57795
38.4834;-82.2897;0.103211;0.0374458;-0.0258434;-5.56428
46.9397;-82.2897;0.0966951;0.037983;-0.0334266;-5.55064
55.396;-82.2897;0.192049;0.0452497;-0.0413313;-5.56676
63.8522;-82.2897;0.309244;0.0500628;-0.0430635;-5.55889
72.3085;-82.2897;0.371403;0.0492844;-0.0393201;-5.51078
80.7648;-82.2897;0.42044;0.0483409;-0.0356779;-5.4457
89.2211;-82.2897;0.469691;0.0501711;-0.0366491;-5.3705
97.6774;-82.2897;0.482083;0.0526668;-0.0410852;-5.26814
106.134;-82.2897;0.53485;0.0524003;-0.0412997;-5.1449
114.59;-82.2897;0.623536;0.0516118;-0.0346212;-5.00329
123.046;-82.2897;0.729533;0.0498478;-0.0288814;-4.83246
131.503;-82.2897;0.812885;0.047051;-0.0245532;-4.61795
139.959;-82.2897;0.850113;0.0449065;-0.0207606;-4.36761
148.415;-82.2897;0.784726;0.0457292;-0.0188791;-4.07864
156.871;-82.2897;0.672966;0.046834;-0.0179618;-3.76532
165.328;-82.2897;0.634683;0.0427607;-0.0136977;-3.44971
173.784;-82.2897;0.707981;0.0361647;-0.00685275;-3.14239
182.24;-82.2897;0.765791;0.03104;-0.00241887;-2.81918
190.697;-82.2897;0.754284;0.0264638;-0.00106624;-2.46548
199.153;-82.2897;0.664971;0.0251063;-0.00469757;-2.08378
207.609;-82.2897;0.624146;0.0232464;-0.00496473;-1.70631
216.065;-82.2897;0.619396;0.0201257;-0.00231347;-1.3333
224.522;-82.2897;0.627694;0.0168385;-0.00125833;-0.96631
232.978;-82.2897;0.656666;0.0136554;-0.00286448;-0.619687
-189.836;-90.746;-0.436708;0.0249931;0.00240503;-0.806209
-181.38;-90.746;-0.290634;0.0276234;0.00427006;-1.13432
-172.924;-90.746;-0.176318;0.0277221;0.00466087;-1.45343
-164.468;-90.746;-0.171469;0.0237027;0.00151818;-1.73489
-156.011;-90.746;-0.208832;0.0202928;-0.00270783;-1.99912
-147.555;-90.746;-0.206648;0.020638;-0.00338235;-2.25321
-139.099;-90.746;-0.187121;0.0190436;-0.00395256;-2.51325
-130.642;-90.746;-0.147641;0.0165212;-0.00435652;-2.76858
-122.186;-90.746;-0.151367;0.0150397;-0.00417751;-2.9999
-113.73;-90.746;-0.196171;0.0155687;-0.00421753;-3.21252
-105.274;-90.746;-0.222979;0.0154936;-0.00542373;-3.42202
-96.8173;-90.746;-0.210474;0.0137132;-0.00821644;-3.63399
-88.361;-90.746;-0.171118;0.0116167;-0.010597;-3.84185
-79.9047;-90.746;-0.100782;0.0127362;-0.01195;-4.04179
-71.4484;-90.746;-0.0801119;0.0141044;-0.0146345;-4.22639
-62.9921;-90.746;-0.109521;0.014725;-0.0181634;-4.3951
-54.5358;-90.746;-0.0887954;0.0161734;-0.0188575;-4.5597
-46.0795;-90.746;-0.025871;0.0191435;-0.0162954;-4.72792
-37.6233;-90.746;0.0127012;0.0197025;-0.0136099;-4.86586
-29.167;-90.746;-0.0122245;0.0198268;-0.0115517;-4.9605
-20.7107;-90.746;-0.0179983;0.0202664;-0.0114004;-5.03829
-12.2544;-90.746;0.00951008;0.0227117;-0.0122987;-5.12407
-3.79809;-90.746;0.0364714;0.0266126;-0.0137226;-5.21152
4.6582;-90.746;0.0551612;0.0283646;-0.0137019;-5.27951
13.1145;-90.746;0.0794861;0.0307026;-0.0137356;-5.33789
21.5708;-90.746;0.108378;0.0324377;-0.0145422;-5.38493
30.0271;-90.746;0.114325;0.0352436;-0.0193855;-5.39958
38.4834;-90.746;0.106647;0.0372966;-0.0266731;-5.39358
46.9397;-90.746;0.134912;0.0396133;-0.0337422;-5.38663
55.396;-90.746;0.241492;0.0455155;-0.0389936;-5.39537
63.8522;-90.746;0.35596;0.04896;-0.0393443;-5.37657
72.3085;-90.746;0.403997;0.0483317;-0.0368122;-5.31867
80.7648;-90.746;0.437977;0.0484987;-0.0349645;-5.24346
89.2211;-90.746;0.484718;0.051235;-0.0356546;-5.15808
97.6774;-90.746;0.533261;0.053282;-0.0374436;-5.05029
106.134;-90.746;0.617639;0.0513949;-0.0362524;-4.9222
114.59;-90.746;0.657733;0.051582;-0.0332107;-4.75671
123.046;-90.746;0.647142;0.0496444;-0.0312595;-4.5438
131.503;-90.746;0.608162;0.0455125;-0.0294624;-4.29707
139.959;-90.746;0.525337;0.0441563;-0.028008;-4.03134
148.415;-90.746;0.439538;0.0466528;-0.0266365;-3.75157
156.871;-90.746;0.397483;0.0473021;-0.0231849;-3.45961
165.328;-90.746;0.464481;0.0398469;-0.0147355;-3.16518
173.784;-90.746;0.59594;0.0292715;-0.00373979;-2.86662
182.24;-90.746;0.631405;0.0242184;0.000506393;-2.53617
190.697;-90.746;0.560978;0.0214612;0.000348935;-2.16864
199.153;-90.746;0.510929;0.0234449;-0.00478218;-1.81043
207.609;-90.746;0.526941;0.0275146;-0.00845869;-1.46635
216.065;-90.746;0.579955;0.0239561;-0.00620307;-1.11662
224.522;-90.746;0.636947;0.0133496;-0.000125168;-0.763334
232.978;-90.746;0.714207;0.0103783;0.00160344;-0.458468
-189.836;-99.2022;-0.469944;0.0208239;0.00418618;-0.67807
-181.38;-99.2022;-0.33759;0.0249236;0.00493087;-0.993913
-172.924;-99.2022;-0.241678;0.0269898;0.00490325;-1.30036
-164.468;-99.2022;-0.260124;0.0237604;0.00262634;-1.57502
-156.011;-99.2022;-0.279284;0.0204868;-0.000556504;-1.84144
-147.555;-99.2022;-0.204308;0.0216848;-0.000797035;-2.09658
-139.099;-99.2022;-0.180893;0.0205965;-0.00190358;-2.34864
-130.642;-99.2022;-0.166492;0.0168246;-0.00300104;-2.59872
-122.186;-99.2022;-0.180077;0.0155388;-0.00295388;-2.82879
-113.73;-99.2022;-0.230224;0.016639;-0.00318321;-3.04031
-105.274;-99.2022;-0.259692;0.0168291;-0.00427539;-3.24566
-96.8173;-99.2022;-0.25263;0.01441;-0.00668979;-3.45564
-88.361;-99.2022;-0.222112;0.0110789;-0.0100563;-3.66342
-79.9047;-99.2022;-0.16535;0.0121695;-0.0114545;-3.86216
-71.4484;-99.2022;-0.125569;0.0120147;-0.0139842;-4.05071
-62.9921;-99.2022;-0.152666;0.0127589;-0.0174143;-4.21505
-54.5358;-99.2022;-0.153111;0.0134752;-0.0188383;-4.37412
-46.0795;-99.2022;-0.10746;0.0143501;-0.0170038;-4.53994
-37.6233;-99.2022;-0.0601601;0.0142169;-0.0147666;-4.68519
-29.167;-99.2022;-0.0754346;0.0153441;-0.0127246;-4.78235
-20.7107;-99.2022;-0.122726;0.0174341;-0.0134084;-4.85586
-12.2544;-99.2022;-0.133843;0.0218666;-0.015478;-4.93026
-3.79809;-99.2022;-0.107391;0.0259135;-0.0167215;-5.00821
4.6582;-99.2022;-0.0576581;0.0252439;-0.0138379;-5.07011
13.1145;-99.2022;0.00570395;0.0249213;-0.0117749;-5.12734
21.5708;-99.2022;0.0934617;0.0273897;-0.0140748;-5.18739
30.0271;-99.2022;0.146222;0.0331676;-0.0213485;-5.21573
38.4834;-99.2022;0.145169;0.0371019;-0.0290316;-5.21025
46.9397;-99.2022;0.150912;0.0394277;-0.0343871;-5.19228
55.396;-99.2022;0.226883;0.0421191;-0.0353833;-5.1789
63.8522;-99.2022;0.359843;0.0446945;-0.0347492;-5.1544
72.3085;-99.2022;0.42086;0.0457665;-0.03419;-5.09677
80.7648;-99.2022;0.445798;0.0472236;-0.0343607;-5.01479
89.2211;-99.2022;0.469826;0.0491321;-0.0350181;-4.91247
97.6774;-99.2022;0.512824;0.0490064;-0.0349533;-4.78577
106.134;-99.2022;0.54549;0.0467412;-0.0332914;-4.63079
114.59;-99.2022;0.541486;0.0500087;-0.0335915;-4.44725
123.046;-99.2022;0.480667;0.0507513;-0.0343169;-4.21746
131.503;-99.2022;0.364283;0.0472315;-0.0334891;-3.95411
139.959;-99.2022;0.284001;0.0445699;-0.0319967;-3.70974
148.415;-99.2022;0.246432;0.0447896;-0.0284794;-3.45456
156.871;-99.2022;0.31464;0.0414265;-0.0203537;-3.17899
165.328;-99.2022;0.557569;0.0301338;-0.00726856;-2.89066
173.784;-99.2022;0.581889;0.0229145;-8.07948e-05;-2.56849
182.24;-99.2022;0.471871;0.0208061;-6.81744e-05;-2.21634
190.697;-99.2022;0.334867;0.0218444;-0.0025304;-1.85256
199.153;-99.2022;0.418;0.02581;-0.00760899;-1.53981
207.609;-99.2022;0.561495;0.0220708;-0.00698243;-1.22759
216.065;-99.2022;0.694603;0.0112905;-0.00108126;-0.90073
224.522;-99.2022;0.771847;0.00286116;0.00521891;-0.574509
232.978;-99.2022;0.851607;0.00406539;0.00682207;-0.316869
-189.836;-107.659;-0.498257;0.0200644;0.00470169;-0.504069
-181.38;-107.659;-0.398033;0.0220081;0.0050013;-0.809207
-172.924;-107.659;-0.339754;0.0242109;0.00389217;-1.11487
-164.468;-107.659;-0.361361;0.0213418;0.00244445;-1.39058
-156.011;-107.659;-0.349584;0.0170341;0.000756001;-1.66305
-147.555;-107.659;-0.272716;0.0160065;-1.26453e-06;-1.92278
-139.099;-107.659;-0.284005;0.0132176;-0.00290444;-2.16572
-130.642;-107.659;-0.299296;0.010013;-0.00524718;-2.40708
-122.186;-107.659;-0.280515;0.0113878;-0.00510742;-2.63897
-113.73;-107.659;-0.304093;0.0145506;-0.00568527;-2.85505
-105.274;-107.659;-0.319972;0.0164093;-0.00742853;-3.05807
-96.8173;-107.659;-0.316884;0.0154581;-0.0106375;-3.26799
-88.361;-107.659;-0.304609;0.0123977;-0.0145287;-3.47938
-79.9047;-107.659;-0.263983;0.0113526;-0.014832;-3.67196
-71.4484;-107.659;-0.185944;0.00926964;-0.0150923;-3.86078
-62.9921;-107.659;-0.188618;0.0113429;-0.0158275;-4.02627
-54.5358;-107.659;-0.208951;0.0119312;-0.0172862;-4.17814
-46.0795;-107.659;-0.184858;0.0112514;-0.0162583;-4.34115
-37.6233;-107.659;-0.133649;0.0110616;-0.014292;-4.49382
-29.167;-107.659;-0.140054;0.0134513;-0.0135211;-4.59218
-20.7107;-107.659;-0.277516;0.0175141;-0.017391;-4.65386
-12.2544;-107.659;-0.344923;0.0226459;-0.0221379;-4.71351
-3.79809;-107.659;-0.30859;0.0271881;-0.0231994;-4.7819
4.6582;-107.659;-0.202404;0.0262436;-0.0176029;-4.84482
13.1145;-107.659;-0.0737352;0.0247513;-0.0149389;-4.9132
21.5708;-107.659;0.0660077;0.0274913;-0.018005;-4.97699
30.0271;-107.659;0.190989;0.0327279;-0.0247146;-5.01127
38.4834;-107.659;0.188115;0.0366135;-0.0311736;-4.99782
46.9397;-107.659;0.131682;0.0375553;-0.0346943;-4.95567
55.396;-107.659;0.13565;0.0378165;-0.0348634;-4.91321
63.8522;-107.659;0.224281;0.0399161;-0.0348728;-4.86803
72.3085;-107.659;0.289994;0.0432551;-0.0354135;-4.80379
80.7648;-107.659;0.307213;0.0460347;-0.035897;-4.71197
89.2211;-107.659;0.291917;0.0457672;-0.0360234;-4.58565
97.6774;-107.659;0.283004;0.0420521;-0.0362255;-4.42661
106.134;-107.659;0.279672;0.0401414;-0.0362449;-4.25573
114.59;-107.659;0.294953;0.0473503;-0.0369453;-4.07984
123.046;-107.659;0.29241;0.0512393;-0.0366823;-3.87431
131.503;-107.659;0.236175;0.0482878;-0.0348201;-3.64526
139.959;-107.659;0.209597;0.0429035;-0.0304936;-3.41963
148.415;-107.659;0.249682;0.0381034;-0.023009;-3.17642
156.871;-107.659;0.371178;0.0312893;-0.0128149;-2.89924
165.328;-107.659;0.584869;0.0223309;-0.00285705;-2.58809
173.784;-107.659;0.413588;0.0245401;-0.00513409;-2.24669
182.24;-107.659;0.203359;0.027867;-0.0102537;-1.88725
190.697;-107.659;0.131508;0.0281131;-0.0101726;-1.54171
199.153;-107.659;0.475078;0.025056;-0.00842751;-1.2843
207.609;-107.659;0.819744;0.00589078;0.00174596;-1.00295
216.065;-107.659;1.0119;-0.00902672;0.00935543;-0.706692
224.522;-107.659;1.05487;-0.00653906;0.00928669;-0.412079
232.978;-107.659;1.05401;-0.000128054;0.00771201;-0.184507
-189.836;-116.115;-0.593441;0.0170437;0.00371348;-0.322921
-181.38;-116.115;-0.53676;0.0163585;0.00328688;-0.592992
-172.924;-116.115;-0.474364;0.0173521;0.00194719;-0.908629
-164.468;-116.115;-0.456128;0.0155734;0.00175266;-1.19531
-156.011;-116.115;-0.421189;0.0125957;0.000980712;-1.47069
-147.555;-116.115;-0.392659;0.0104581;-0.000834543;-1.72729
-139.099;-116.115;-0.465309;0.00541603;-0.00593905;-1.96305
-130.642;-116.115;-0.492451;0.00135061;-0.00965289;-2.20322
-122.186;-116.115;-0.416673;0.00472454;-0.00851884;-2.43839
-113.73;-116.115;-0.384742;0.00999102;-0.00842995;-2.65848
-105.274;-116.115;-0.384258;0.0135474;-0.0104837;-2.85999
-96.8173;-116.115;-0.39714;0.0136342;-0.0144047;-3.06354
-88.361;-116.115;-0.408558;0.0102806;-0.0185806;-3.26511
-79.9047;-116.115;-0.378507;0.00868614;-0.0186059;-3.46048
-71.4484;-116.115;-0.259287;0.00762778;-0.0172128;-3.65405
-62.9921;-116.115;-0.235904;0.0106861;-0.0170728;-3.82324
-54.5358;-116.115;-0.28603;0.0127097;-0.0198454;-3.97025
-46.0795;-116.115;-0.282377;0.0108183;-0.0214641;-4.12119
-37.6233;-116.115;-0.230761;0.0101895;-0.0206997;-4.27146
-29.167;-116.115;-0.299559;0.0132603;-0.0222434;-4.3555
-20.7107;-116.115;-0.63646;0.017402;-0.0311868;-4.3864
-12.2544;-116.115;-0.781802;0.0199192;-0.0397742;-4.42459
-3.79809;-116.115;-0.691704;0.025667;-0.0382085;-4.50144
4.6582;-116.115;-0.477743;0.0258758;-0.0275013;-4.57324
13.1145;-116.115;-0.275491;0.0257142;-0.021452;-4.64576
21.5708;-116.115;-0.106979;0.0293237;-0.0240546;-4.70689
30.0271;-116.115;0.0101795;0.0351264;-0.0311032;-4.73389
38.4834;-116.115;0.060647;0.0384861;-0.0354538;-4.7218
46.9397;-116.115;0.0499792;0.0390581;-0.0354945;-4.68177
55.396;-116.115;0.0281468;0.0369152;-0.0355593;-4.62275
63.8522;-116.115;0.0836943;0.0381287;-0.0371502;-4.56203
72.3085;-116.115;0.13746;0.0409361;-0.037982;-4.48406
80.7648;-116.115;0.148223;0.0434522;-0.0381266;-4.37824
89.2211;-116.115;0.112787;0.0428694;-0.0382011;-4.2351
97.6774;-116.115;0.0599883;0.0393407;-0.0395542;-4.05779
106.134;-116.115;0.0400682;0.0399598;-0.0411736;-3.88652
114.59;-116.115;0.096999;0.047788;-0.0414089;-3.73005
123.046;-116.115;0.183316;0.0484798;-0.03682;-3.55052
131.503;-116.115;0.236384;0.0430887;-0.0325115;-3.35451
139.959;-116.115;0.265741;0.0362908;-0.0258041;-3.1352
148.415;-116.115;0.343271;0.0299089;-0.0169453;-2.88684
156.871;-116.115;0.410147;0.0254103;-0.0108817;-2.59712
165.328;-116.115;0.365062;0.0260587;-0.0124484;-2.25854
173.784;-116.115;0.019086;0.0330148;-0.019399;-1.91117
182.24;-116.115;-0.149712;0.0374503;-0.0235269;-1.56827
190.697;-116.115;0.0469413;0.0298202;-0.0142897;-1.25155
199.153;-116.115;0.750154;0.0139473;-0.00124172;-1.06004
207.609;-116.115;1.30778;-0.0103723;0.0144253;-0.801656
216.065;-116.115;1.44869;-0.0202341;0.0185955;-0.518569
224.522;-116.115;1.35427;-0.0114938;0.0125837;-0.240889
232.978;-116.115;1.40828;-0.000181987;0.00526487;-0.0640387
-189.836;-124.571;-0.700248;0.0101972;0.000790505;-0.167708
-181.38;-124.571;-0.671969;0.009687;0.00171742;-0.377778
-172.924;-124.571;-0.613102;0.0096379;0.00020432;-0.693092
-164.468;-124.571;-0.567641;0.00881328;-0.000231868;-0.99167
-156.011;-124.571;-0.519323;0.00900001;-0.000462504;-1.26569
-147.555;-124.571;-0.512057;0.00907848;-0.00137742;-1.51188
-139.099;-124.571;-0.59878;0.00400276;-0.0064563;-1.74384
-130.642;-124.571;-0.626577;-0.00286759;-0.0114047;-1.99148
-122.186;-124.571;-0.527373;-5.44368e-05;-0.0103534;-2.23163
-113.73;-124.571;-0.453817;0.00593422;-0.0100305;-2.45394
-105.274;-124.571;-0.437738;0.00992973;-0.0122143;-2.65579
-96.8173;-124.571;-0.464921;0.00953151;-0.0166481;-2.85263
-88.361;-124.571;-0.496178;0.00561843;-0.0205947;-3.04054
-79.9047;-124.571;-0.4756;0.00545016;-0.0204128;-3.23362
-71.4484;-124.571;-0.299793;0.0063159;-0.01707;-3.43588
-62.9921;-124.571;-0.258949;0.0099436;-0.0176116;-3.61744
-54.5358;-124.571;-0.343793;0.0118198;-0.022633;-3.75649
-46.0795;-124.571;-0.400672;0.0094309;-0.0274983;-3.88447
-37.6233;-124.571;-0.429706;0.0101351;-0.0299529;-4.00886
-29.167;-124.571;-0.631657;0.013652;-0.0361309;-4.05535
-20.7107;-124.571;-1.28899;0.0151702;-0.0497174;-4.06039
-12.2544;-124.571;-1.66539;0.0145073;-0.0616683;-4.08902
-3.79809;-124.571;-1.60364;0.0159682;-0.0608557;-4.15917
4.6582;-124.571;-1.18169;0.0182637;-0.0466768;-4.24431
13.1145;-124.571;-0.668844;0.0218245;-0.0337444;-4.32183
21.5708;-124.571;-0.418414;0.0251384;-0.032276;-4.37333
30.0271;-124.571;-0.271069;0.0290984;-0.0374564;-4.38934
38.4834;-124.571;-0.147587;0.0334399;-0.0387138;-4.38711
46.9397;-124.571;-0.0740653;0.0374247;-0.0365906;-4.36838
55.396;-124.571;-0.0594065;0.0366897;-0.0369205;-4.31699
63.8522;-124.571;-0.0144269;0.0378984;-0.0387207;-4.25243
72.3085;-124.571;0.0304199;0.0397024;-0.0388786;-4.16502
80.7648;-124.571;0.0464493;0.0401984;-0.0375871;-4.04617
89.2211;-124.571;0.02229;0.0382501;-0.0360773;-3.89268
97.6774;-124.571;-0.0318712;0.03604;-0.0366445;-3.71488
106.134;-124.571;-0.040925;0.0388748;-0.0379839;-3.55422
114.59;-124.571;0.0524864;0.0436277;-0.0364309;-3.41572
123.046;-124.571;0.18721;0.0401998;-0.0299478;-3.25114
131.503;-124.571;0.2817;0.0334202;-0.024883;-3.04979
139.959;-124.571;0.323943;0.0272873;-0.0180225;-2.81865
148.415;-124.571;0.322458;0.0244827;-0.0129488;-2.54542
156.871;-124.571;0.271181;0.0250397;-0.0144949;-2.24595
165.328;-124.571;0.152883;0.0283179;-0.0204712;-1.93522
173.784;-124.571;-0.106782;0.0342702;-0.0261492;-1.59095
182.24;-124.571;-0.0636807;0.0283738;-0.0186131;-1.27959
190.697;-124.571;0.402217;0.0167007;-0.0048041;-1.03895
199.153;-124.571;1.2422;-0.00094335;0.0101327;-0.869535
207.609;-124.571;1.60811;-0.0207778;0.0229521;-0.623397
216.065;-124.571;1.72877;-0.0244745;0.0225892;-0.360813
-172.924;-133.027;-0.696156;0.00619857;-0.000226452;-0.482459
-164.468;-133.027;-0.650096;0.00520978;-0.00186401;-0.775165
-156.011;-133.027;-0.617225;0.00718771;-0.00200997;-1.0453
-147.555;-133.027;-0.589755;0.0101867;-0.0010449;-1.28495
-139.099;-133.027;-0.614342;0.00786597;-0.00367375;-1.51898
-130.642;-133.027;-0.630039;-0.000532676;-0.00860948;-1.77293
-122.186;-133.027;-0.568381;-0.000173406;-0.00946895;-2.0152
-113.73;-133.027;-0.511776;0.00431418;-0.009965;-2.23728
-105.274;-133.027;-0.486069;0.00711957;-0.011541;-2.44103
-96.8173;-133.027;-0.514943;0.00562723;-0.0157314;-2.63436
-88.361;-133.027;-0.568805;0.00157789;-0.0198638;-2.8111
-79.9047;-133.027;-0.553089;0.00343299;-0.0195629;-2.99894
-71.4484;-133.027;-0.35165;0.00623931;-0.0161227;-3.20355
-62.9921;-133.027;-0.276919;0.00903952;-0.0175628;-3.39184
-54.5358;-133.027;-0.383902;0.00923102;-0.0237163;-3.52559
-46.0795;-133.027;-0.507115;0.00593489;-0.0299626;-3.63513
-37.6233;-133.027;-0.598906;0.0080656;-0.0333587;-3.74796
-29.167;-133.027;-0.814703;0.01182;-0.0405412;-3.79292
-20.7107;-133.027;-1.49772;0.0132029;-0.0564424;-3.79507
-12.2544;-133.027;-1.96404;0.0104843;-0.0702961;-3.82248
-3.79809;-133.027;-2.01208;0.0105385;-0.0717375;-3.88243
4.6582;-133.027;-1.57419;0.0136015;-0.0604618;-3.95648
13.1145;-133.027;-0.879019;0.0195987;-0.0452623;-4.02861
21.5708;-133.027;-0.53467;0.0242497;-0.0389712;-4.07631
30.0271;-133.027;-0.388011;0.0284641;-0.0400207;-4.09237
38.4834;-133.027;-0.242699;0.0330364;-0.0385167;-4.0899
46.9397;-133.027;-0.127314;0.0359969;-0.0344898;-4.06569
55.396;-133.027;-0.0783233;0.0346046;-0.0343699;-4.00953
63.8522;-133.027;-0.0426176;0.0360995;-0.0363861;-3.94155
72.3085;-133.027;-0.00104429;0.0377586;-0.0365959;-3.8511
80.7648;-133.027;0.0271297;0.0368146;-0.034417;-3.72845
89.2211;-133.027;0.0313659;0.0331322;-0.0313099;-3.57525
97.6774;-133.027;0.0121438;0.0302313;-0.0305721;-3.40683
106.134;-133.027;0.0280692;0.032037;-0.0316808;-3.25636
114.59;-133.027;0.116055;0.0335743;-0.0278199;-3.11366
123.046;-133.027;0.205105;0.0305963;-0.0223168;-2.93598
131.503;-133.027;0.221467;0.0285747;-0.0220952;-2.7111
139.959;-133.027;0.171236;0.0271305;-0.02115;-2.44484
148.415;-133.027;0.0987646;0.0262245;-0.0195396;-2.15385
156.871;-133.027;0.0712227;0.0262092;-0.0199941;-1.86962
165.328;-133.027;0.134831;0.0256744;-0.0210655;-1.61289
173.784;-133.027;0.204084;0.0215704;-0.0154681;-1.33726
182.24;-133.027;0.517739;0.00751557;-0.000572394;-1.07998
190.697;-133.027;1.05114;-0.00678767;0.0137417;-0.8648
199.153;-133.027;1.64733;-0.0182687;0.0221292;-0.67301
207.609;-133.027;1.91011;-0.0270027;0.025741;-0.446865
-164.468;-141.484;-0.663772;0.00709497;0.000726761;-0.553215
-156.011;-141.484;-0.644276;0.00769695;0.000167223;-0.808717
-147.555;-141.484;-0.625249;0.00959333;5.90638e-05;-1.04832
-139.099;-141.484;-0.59305;0.0097157;-0.00199564;-1.2936
-130.642;-141.484;-0.573378;0.00505928;-0.00490623;-1.54358
-122.186;-141.484;-0.553476;0.00440079;-0.00658839;-1.77722
-113.73;-141.484;-0.516959;0.00564683;-0.00699867;-1.9961
-105.274;-141.484;-0.488316;0.00591879;-0.00771802;-2.20423
-96.8173;-141.484;-0.514457;0.00450172;-0.0108844;-2.39801
-88.361;-141.484;-0.588339;0.00235237;-0.0156122;-2.56802
-79.9047;-141.484;-0.614612;0.00553251;-0.0184432;-2.75245
-71.4484;-141.484;-0.432628;0.00793602;-0.0169907;-2.95158
-62.9921;-141.484;-0.351224;0.00814064;-0.0186801;-3.13622
-54.5358;-141.484;-0.464582;0.00738734;-0.0237884;-3.26601
-46.0795;-141.484;-0.565283;0.00327924;-0.0285323;-3.37147
-37.6233;-141.484;-0.579404;0.00544011;-0.030307;-3.49935
-29.167;-141.484;-0.64908;0.00951378;-0.0348807;-3.58385
-20.7107;-141.484;-1.10866;0.0124948;-0.0487738;-3.61525
-12.2544;-141.484;-1.48976;0.010554;-0.0629951;-3.6439
-3.79809;-141.484;-1.59051;0.0114157;-0.0662168;-3.69061
4.6582;-141.484;-1.27865;0.0141648;-0.0589077;-3.74196
13.1145;-141.484;-0.694111;0.0201021;-0.0457216;-3.79878
21.5708;-141.484;-0.374107;0.0249555;-0.0389601;-3.83854
30.0271;-141.484;-0.271702;0.0287016;-0.0375296;-3.84976
38.4834;-141.484;-0.159452;0.031898;-0.0337511;-3.83153
46.9397;-141.484;-0.0604789;0.0321619;-0.0285032;-3.78243
55.396;-141.484;-0.0164945;0.0307992;-0.0271209;-3.71056
63.8522;-141.484;-0.000290884;0.0322454;-0.0288932;-3.62925
72.3085;-141.484;0.0323531;0.0344852;-0.0302735;-3.53656
80.7648;-141.484;0.0550488;0.0342673;-0.0288506;-3.41761
89.2211;-141.484;0.0612438;0.0313216;-0.0256848;-3.27221
97.6774;-141.484;0.0584481;0.0295601;-0.0248093;-3.11544
106.134;-141.484;0.0861803;0.0314786;-0.0268048;-2.96843
114.59;-141.484;0.146466;0.0305631;-0.0239264;-2.80827
123.046;-141.484;0.183777;0.0284356;-0.0203017;-2.61238
131.503;-141.484;0.153212;0.0287432;-0.0226068;-2.37192
139.959;-141.484;0.0793692;0.0275322;-0.0237871;-2.09496
148.415;-141.484;0.0327646;0.0242833;-0.021271;-1.80996
156.871;-141.484;0.0795718;0.0209233;-0.0167821;-1.54421
165.328;-141.484;0.288463;0.0151397;-0.00973154;-1.31431
173.784;-141.484;0.688609;0.00299801;0.00432559;-1.11628
182.24;-141.484;1.13701;-0.00886995;0.0148425;-0.910052
190.697;-141.484;1.45904;-0.0203261;0.0232509;-0.696609
199.153;-141.484;1.78532;-0.0291828;0.0279333;-0.478504
-156.011;-149.94;-0.60255;0.0116587;0.00528524;-0.573891
-147.555;-149.94;-0.634316;0.0101767;0.00293554;-0.806751
-139.099;-149.94;-0.626574;0.00805161;-0.000412612;-1.05186
-130.642;-149.94;-0.585141;0.00774013;-0.00153913;-1.29445
-122.186;-149.94;-0.568215;0.00750578;-0.00333001;-1.51997
-113.73;-149.94;-0.541032;0.00584309;-0.00450995;-1.73769
-105.274;-149.94;-0.50977;0.00417921;-0.00448713;-1.9485
-96.8173;-149.94;-0.530415;0.00368645;-0.00658246;-2.14724
-88.361;-149.94;-0.600378;0.00478646;-0.0110708;-2.32403
-79.9047;-149.94;-0.633996;0.00829538;-0.0156639;-2.49633
-71.4484;-149.94;-0.509091;0.00868702;-0.0173466;-2.68103
-62.9921;-149.94;-0.434028;0.00648045;-0.0193561;-2.85942
-54.5358;-149.94;-0.53653;0.00619875;-0.0231244;-2.98403
-46.0795;-149.94;-0.623444;0.00466588;-0.0260804;-3.08736
-37.6233;-149.94;-0.554644;0.00704008;-0.0264389;-3.22772
-29.167;-149.94;-0.412285;0.00935505;-0.0275913;-3.36106
-20.7107;-149.94;-0.546643;0.0121653;-0.0364335;-3.44265
-12.2544;-149.94;-0.731866;0.0122545;-0.0479556;-3.48242
-3.79809;-149.94;-0.71682;0.013237;-0.0494221;-3.52236
4.6582;-149.94;-0.499812;0.0167492;-0.0429638;-3.57074
13.1145;-149.94;-0.210467;0.0213082;-0.0346575;-3.61361
21.5708;-149.94;-0.0902577;0.0250067;-0.0321185;-3.63499
30.0271;-149.94;-0.0693994;0.0267828;-0.0308676;-3.6226
38.4834;-149.94;-0.0429101;0.0269508;-0.0264223;-3.56662
46.9397;-149.94;-0.00190638;0.0249877;-0.0212787;-3.48417
55.396;-149.94;0.0330922;0.0234596;-0.0181695;-3.39344
63.8522;-149.94;0.0493555;0.0234387;-0.0177311;-3.29307
72.3085;-149.94;0.062041;0.0260664;-0.0202782;-3.20041
80.7648;-149.94;0.0775294;0.0285252;-0.0209793;-3.09312
89.2211;-149.94;0.086047;0.0285217;-0.0189985;-2.95948
97.6774;-149.94;0.0836508;0.0282197;-0.0183876;-2.8068
106.134;-149.94;0.10328;0.0307366;-0.0212721;-2.65715
114.59;-149.94;0.154829;0.0317231;-0.0212657;-2.49435
123.046;-149.94;0.184422;0.028626;-0.0184523;-2.29191
131.503;-149.94;0.159039;0.0275654;-0.0186888;-2.05543
139.959;-149.94;0.117401;0.0254328;-0.0185791;-1.79807
148.415;-149.94;0.134615;0.0206218;-0.0152245;-1.53966
156.871;-149.94;0.266741;0.0142606;-0.00830981;-1.29903
165.328;-149.94;0.552811;0.00563378;0.00269013;-1.08554
173.784;-149.94;1.04102;-0.00684913;0.0159482;-0.914115
182.24;-149.94;1.28461;-0.0148705;0.0210537;-0.722051
190.697;-149.94;1.49029;-0.0193985;0.0199152;-0.512086
199.153;-149.94;1.56331;-0.0227249;0.0195092;-0.309574
-156.011;-158.396;-0.512175;0.0145412;0.00738574;-0.353864
-147.555;-158.396;-0.593558;0.0114326;0.00493432;-0.568381
-139.099;-158.396;-0.66592;0.00678329;0.00188989;-0.798571
-130.642;-158.396;-0.675633;0.00809329;0.00143985;-1.02822
-122.186;-158.396;-0.664895;0.00820623;-0.00149689;-1.24332
-113.73;-158.396;-0.661019;0.00391479;-0.00505165;-1.45796
-105.274;-158.396;-0.633807;-2.64312e-05;-0.00582526;-1.66968
-96.8173;-158.396;-0.633624;0.000615003;-0.00699986;-1.87812
-88.361;-158.396;-0.679554;0.0029425;-0.0103378;-2.05104
-79.9047;-158.396;-0.714119;0.00596965;-0.0145572;-2.21071
-71.4484;-158.396;-0.637009;0.00568051;-0.0171166;-2.38366
-62.9921;-158.396;-0.527714;0.00259122;-0.0185362;-2.56183
-54.5358;-158.396;-0.591737;0.00462982;-0.0220494;-2.68792
-46.0795;-158.396;-0.672245;0.00534273;-0.0245387;-2.7798
-37.6233;-158.396;-0.602841;0.00763077;-0.0244298;-2.90779
-29.167;-158.396;-0.379305;0.00822597;-0.0244074;-3.05906
-20.7107;-158.396;-0.312062;0.00925953;-0.0293727;-3.17979
-12.2544;-158.396;-0.364686;0.0106234;-0.0357654;-3.24229
-3.79809;-158.396;-0.175997;0.0116471;-0.0316279;-3.29596
4.6582;-158.396;0.0478427;0.0171513;-0.0257615;-3.36873
13.1145;-158.396;0.1574;0.0201885;-0.0243849;-3.41156
21.5708;-158.396;0.175306;0.0225531;-0.0236948;-3.40737
30.0271;-158.396;0.125208;0.0218513;-0.0217853;-3.35945
38.4834;-158.396;0.0248695;0.0196542;-0.0185852;-3.25976
46.9397;-158.396;-0.0177307;0.0176562;-0.01497;-3.14634
55.396;-158.396;0.0121731;0.0161145;-0.00974298;-3.0366
63.8522;-158.396;0.0369439;0.0152714;-0.00694055;-2.9266
72.3085;-158.396;0.0461235;0.0187366;-0.01063;-2.83477
80.7648;-158.396;0.0619721;0.0231155;-0.0137443;-2.73813
89.2211;-158.396;0.075347;0.0240265;-0.0127151;-2.61445
97.6774;-158.396;0.0755231;0.0223158;-0.0115318;-2.46223
106.134;-158.396;0.0792458;0.0240622;-0.0148819;-2.307
114.59;-158.396;0.11697;0.0271898;-0.0167158;-2.14931
123.046;-158.396;0.158256;0.0248276;-0.0146049;-1.9611
131.503;-158.396;0.178955;0.0232848;-0.013263;-1.7534
139.959;-158.396;0.202133;0.0213832;-0.0125052;-1.53485
148.415;-158.396;0.282918;0.0171171;-0.00951463;-1.31444
156.871;-158.396;0.472831;0.0108272;-0.00337398;-1.10787
165.328;-158.396;0.754618;0.00387456;0.00436141;-0.921119
173.784;-158.396;0.987985;-0.00608357;0.0141928;-0.704665
182.24;-158.396;1.05312;-0.0107994;0.0163904;-0.504477
190.697;-158.396;1.10718;-0.0054734;0.00490489;-0.328165
199.153;-158.396;1.30926;-0.00362326;0.000386768;-0.150067
-147.555;-166.853;-0.664432;0.0107152;0.000221572;-0.338981
-139.099;-166.853;-0.71147;0.00710332;0.00160071;-0.546197
-130.642;-166.853;-0.76267;0.00717781;0.00268718;-0.752838
-122.186;-166.853;-0.775039;0.00644878;0.000388695;-0.956255
-113.73;-166.853;-0.769425;0.00184491;-0.0043965;-1.17129
-105.274;-166.853;-0.748379;-0.00232396;-0.00743681;-1.38995
-96.8173;-166.853;-0.751794;-0.00234186;-0.00987599;-1.59582
-88.361;-166.853;-0.810473;-0.000659771;-0.0138857;-1.76006
-79.9047;-166.853;-0.876675;0.00121699;-0.0177836;-1.90633
-71.4484;-166.853;-0.816383;0.00109869;-0.0187276;-2.06583
-62.9921;-166.853;-0.641084;-0.000778355;-0.0180951;-2.24316
-54.5358;-166.853;-0.630851;0.00371762;-0.0216976;-2.38728
-46.0795;-166.853;-0.659203;0.00524494;-0.0228702;-2.48733
-37.6233;-166.853;-0.617553;0.00708537;-0.0222193;-2.60084
-29.167;-166.853;-0.490449;0.00859137;-0.0220181;-2.73061
-20.7107;-166.853;-0.365425;0.00835551;-0.0241145;-2.85137
-12.2544;-166.853;-0.312323;0.00914755;-0.0256334;-2.9271
-3.79809;-166.853;-0.0864996;0.0112561;-0.0200932;-2.99145
4.6582;-166.853;0.109425;0.0181355;-0.0191192;-3.05631
13.1145;-166.853;0.147671;0.0214802;-0.0204008;-3.07653
21.5708;-166.853;0.0695032;0.0215598;-0.0196469;-3.04345
30.0271;-166.853;-0.00824739;0.0201182;-0.0174177;-2.97122
38.4834;-166.853;-0.0984997;0.018478;-0.0174167;-2.87978
46.9397;-166.853;-0.13371;0.0159326;-0.015858;-2.77413
55.396;-166.853;-0.0984956;0.0139704;-0.00798143;-2.66567
63.8522;-166.853;-0.0543432;0.0153108;-0.00498552;-2.56093
72.3085;-166.853;-0.0362134;0.0191514;-0.00891431;-2.46801
80.7648;-166.853;-0.00977823;0.0214898;-0.0112686;-2.36871
89.2211;-166.853;0.0180554;0.0195017;-0.00857799;-2.24524
97.6774;-166.853;0.0338307;0.01526;-0.00613234;-2.09615
106.134;-166.853;0.0337163;0.0153364;-0.00937797;-1.94101
114.59;-166.853;0.0502374;0.0174027;-0.0107075;-1.78668
123.046;-166.853;0.0849708;0.0177761;-0.0104378;-1.62294
131.503;-166.853;0.133354;0.0181343;-0.0107602;-1.45055
139.959;-166.853;0.185648;0.0176142;-0.0103766;-1.25993
148.415;-166.853;0.289924;0.0145824;-0.00726321;-1.06751
156.871;-166.853;0.448033;0.00997367;-0.00106556;-0.873848
165.328;-166.853;0.619481;0.0057827;0.00303263;-0.682572
173.784;-166.853;0.667237;-2.57567e-05;0.00466264;-0.481874
182.24;-166.853;0.663739;-0.00151559;0.00468735;-0.294757
-139.099;-175.309;-0.775449;0.0078044;-0.00207878;-0.300639
-130.642;-175.309;-0.841667;0.00592821;0.0011442;-0.48397
-122.186;-175.309;-0.834257;0.0045043;0.00104108;-0.673144
-113.73;-175.309;-0.806654;0.00196058;-0.00301078;-0.881778
-105.274;-175.309;-0.77636;-0.000259681;-0.00674517;-1.10213
-96.8173;-175.309;-0.795425;-0.00113239;-0.0102745;-1.30426
-88.361;-175.309;-0.906603;-0.00178727;-0.0166539;-1.46624
-79.9047;-175.309;-1.03193;-0.00178692;-0.021272;-1.6056
-71.4484;-175.309;-0.963303;-0.000653955;-0.020043;-1.75129
-62.9921;-175.309;-0.756304;0.00192313;-0.0171814;-1.91396
-54.5358;-175.309;-0.634484;0.00511801;-0.01882;-2.07734
-46.0795;-175.309;-0.597968;0.00519987;-0.018441;-2.19276
-37.6233;-175.309;-0.56242;0.00614384;-0.0177007;-2.30134
-29.167;-175.309;-0.483102;0.00714256;-0.0189601;-2.40902
-20.7107;-175.309;-0.416322;0.00872792;-0.0214296;-2.49958
-12.2544;-175.309;-0.342207;0.011079;-0.0211037;-2.56409
-3.79809;-175.309;-0.166608;0.0140027;-0.017316;-2.62358
4.6582;-175.309;-0.0367564;0.0189332;-0.0185135;-2.66854
13.1145;-175.309;-0.0339767;0.0187821;-0.0196399;-2.65698
21.5708;-175.309;-0.128037;0.0165474;-0.0168272;-2.60028
30.0271;-175.309;-0.186465;0.0153859;-0.0135309;-2.53239
38.4834;-175.309;-0.244177;0.016445;-0.0153992;-2.46667
46.9397;-175.309;-0.264626;0.015248;-0.0162533;-2.38354
55.396;-175.309;-0.23552;0.015093;-0.0101609;-2.29291
63.8522;-175.309;-0.180027;0.0183443;-0.00840839;-2.19882
72.3085;-175.309;-0.146371;0.0201034;-0.00952713;-2.10009
80.7648;-175.309;-0.109483;0.0188067;-0.00763241;-1.99051
89.2211;-175.309;-0.0672362;0.0159537;-0.00327455;-1.87073
97.6774;-175.309;-0.0274972;0.0142596;-0.00251031;-1.74205
106.134;-175.309;-0.00418544;0.0138791;-0.00601383;-1.60252
114.59;-175.309;0.0216484;0.0132238;-0.0065241;-1.45473
123.046;-175.309;0.0497141;0.0134326;-0.00770037;-1.30294
131.503;-175.309;0.0825753;0.014639;-0.00986908;-1.14642
139.959;-175.309;0.121076;0.0148225;-0.0104477;-0.973576
148.415;-175.309;0.226263;0.0123999;-0.0077026;-0.795987
156.871;-175.309;0.336244;0.00876926;-0.00207908;-0.607993
165.328;-175.309;0.430053;0.00625118;-8.23979e-05;-0.413291
173.784;-175.309;0.466337;0.00382075;-0.0013441;-0.220862
-139.099;-183.765;-0.8274;0.00723783;-0.00232105;-0.0855231
-130.642;-183.765;-0.872848;0.00576569;-0.000775455;-0.242504
-122.186;-183.765;-0.886536;0.00480762;0.00027634;-0.404525
-113.73;-183.765;-0.847656;0.00463694;-0.00226666;-0.585715
-105.274;-183.765;-0.778951;0.00469174;-0.00408452;-0.788448
-96.8173;-183.765;-0.780641;0.00393895;-0.00675759;-0.988055
-88.361;-183.765;-0.899669;-0.000165308;-0.0142634;-1.16306
-79.9047;-183.765;-1.03939;-0.00446487;-0.0198574;-1.31779
-71.4484;-183.765;-0.95904;-0.00211258;-0.0173617;-1.45539
-62.9921;-183.765;-0.805829;0.00461389;-0.0134511;-1.5937
-54.5358;-183.765;-0.689932;0.00881766;-0.0133451;-1.73918
-46.0795;-183.765;-0.618829;0.00755432;-0.0126996;-1.85953
-37.6233;-183.765;-0.574034;0.00599847;-0.0129065;-1.96571
-29.167;-183.765;-0.534982;0.00631132;-0.0161879;-2.05648
-20.7107;-183.765;-0.50382;0.00876157;-0.0201424;-2.12684
-12.2544;-183.765;-0.444028;0.0118192;-0.0207738;-2.17771
-3.79809;-183.765;-0.322946;0.0147509;-0.0188479;-2.21977
4.6582;-183.765;-0.240885;0.0182557;-0.0208174;-2.24464
13.1145;-183.765;-0.243639;0.0161941;-0.0207394;-2.21846
21.5708;-183.765;-0.30416;0.014009;-0.0162148;-2.16468
30.0271;-183.765;-0.314966;0.0135978;-0.0122985;-2.11703
38.4834;-183.765;-0.339016;0.0154247;-0.0132571;-2.0682
46.9397;-183.765;-0.353236;0.0151266;-0.0142873;-2.00013
55.396;-183.765;-0.335118;0.0152595;-0.011028;-1.92228
63.8522;-183.765;-0.276603;0.0164593;-0.00911301;-1.83506
72.3085;-183.765;-0.21432;0.0145684;-0.00577412;-1.73259
80.7648;-183.765;-0.167538;0.0118794;-0.000145841;-1.61768
89.2211;-183.765;-0.12541;0.0115588;0.00376711;-1.50606
97.6774;-183.765;-0.0786679;0.0137554;0.00207073;-1.39928
106.134;-183.765;-0.0304566;0.0133111;-0.000721723;-1.2768
114.59;-183.765;0.0315301;0.0112881;-0.000376964;-1.14322
123.046;-183.765;0.0790401;0.0114696;-0.00231689;-1.00513
131.503;-183.765;0.103104;0.0120965;-0.00502477;-0.855299
139.959;-183.765;0.115295;0.0119985;-0.00626803;-0.68531
148.415;-183.765;0.180342;0.00980589;-0.00560056;-0.511671
156.871;-183.765;0.244115;0.00615536;-0.00264395;-0.338943
165.328;-183.765;0.270871;0.00432747;-0.00133998;-0.174806
173.784;-183.765;0.00305002;0.00350448;-0.00241817;-0.0242505
-113.73;-192.221;-0.991411;0.00667913;-0.00119592;-0.283763
-105.274;-192.221;-0.942525;0.00660473;-0.00152307;-0.450167
-96.8173;-192.221;-0.940154;0.00636912;-0.0044791;-0.647816
-88.361;-192.221;-0.989838;0.00219026;-0.0118549;-0.840352
-79.9047;-192.221;-1.01209;-0.00368507;-0.0174251;-1.01628
-71.4484;-192.221;-0.906951;-0.00424568;-0.0160848;-1.16596
-62.9921;-192.221;-0.815489;0.00227863;-0.011993;-1.28754
-54.5358;-192.221;-0.74072;0.00570263;-0.0108708;-1.40814
-46.0795;-192.221;-0.692938;0.00591585;-0.0101142;-1.51469
-37.6233;-192.221;-0.656433;0.00509304;-0.0104989;-1.60649
-29.167;-192.221;-0.620747;0.00588217;-0.0138844;-1.68637
-20.7107;-192.221;-0.584892;0.00827162;-0.0180542;-1.75011
-12.2544;-192.221;-0.537917;0.0109073;-0.0198735;-1.79332
-3.79809;-192.221;-0.458107;0.013526;-0.0188696;-1.81936
4.6582;-192.221;-0.406448;0.0166255;-0.0209831;-1.82827
13.1145;-192.221;-0.40406;0.0154591;-0.0211388;-1.80489
21.5708;-192.221;-0.428212;0.0135637;-0.0168934;-1.76902
30.0271;-192.221;-0.40907;0.012622;-0.0127283;-1.73207
38.4834;-192.221;-0.406558;0.0131992;-0.0122457;-1.68496
46.9397;-192.221;-0.404817;0.013655;-0.0131792;-1.62571
55.396;-192.221;-0.377913;0.0153892;-0.0124233;-1.56513
63.8522;-192.221;-0.304563;0.0138435;-0.00811754;-1.49103
72.3085;-192.221;-0.208269;0.00810331;0.000194701;-1.38602
80.7648;-192.221;-0.131318;0.00422953;0.00916616;-1.27094
89.2211;-192.221;-0.0609238;0.00557871;0.013957;-1.16906
97.6774;-192.221;0.0166948;0.00804801;0.014207;-1.07412
106.134;-192.221;0.111419;0.00608992;0.015025;-0.964896
114.59;-192.221;0.1679;0.0080148;0.0109293;-0.852494
123.046;-192.221;0.18316;0.0104593;0.00510473;-0.723197
131.503;-192.221;0.165309;0.0106079;0.000810491;-0.57184
139.959;-192.221;0.136462;0.00913541;-0.00105581;-0.403084
148.415;-192.221;0.177817;0.00617273;-0.00220144;-0.246885
156.871;-192.221;0.398152;0.00248897;-0.00166258;-0.112494
-122.186;-200.678;-0.808943;0.00558356;0.000871252;0.0164937
-113.73;-200.678;-1.15941;0.00399423;-0.00118099;-0.0332298
-105.274;-200.678;-1.12388;0.00420817;-0.000426099;-0.148977
-96.8173;-200.678;-1.05598;0.0060943;-0.00298214;-0.331544
-88.361;-200.678;-1.0623;0.00348487;-0.00890342;-0.514134
-79.9047;-200.678;-1.0303;-0.000620167;-0.0135863;-0.689415
-71.4484;-200.678;-0.888171;-0.00224123;-0.0122253;-0.841266
-62.9921;-200.678;-0.815524;-0.0006266;-0.00991457;-0.966794
-54.5358;-200.678;-0.772856;0.000647747;-0.00868013;-1.07858
-46.0795;-200.678;-0.75151;0.00166132;-0.0082847;-1.17134
-37.6233;-200.678;-0.72451;0.00335461;-0.00869679;-1.25209
-29.167;-200.678;-0.677227;0.00574062;-0.0107724;-1.32512
-20.7107;-200.678;-0.619915;0.00753304;-0.0137858;-1.38707
-12.2544;-200.678;-0.581981;0.00844922;-0.0161508;-1.42911
-3.79809;-200.678;-0.531162;0.0108297;-0.0157054;-1.44539
4.6582;-200.678;-0.502833;0.0139947;-0.0178587;-1.44361
13.1145;-200.678;-0.506167;0.0142993;-0.0189197;-1.42621
21.5708;-200.678;-0.523706;0.0121498;-0.0167332;-1.40246
30.0271;-200.678;-0.518232;0.0109851;-0.0134261;-1.36096
38.4834;-200.678;-0.521084;0.0115752;-0.0122488;-1.30419
46.9397;-200.678;-0.515189;0.013282;-0.0123861;-1.2474
55.396;-200.678;-0.447841;0.0158344;-0.00975938;-1.19993
63.8522;-200.678;-0.279725;0.0122448;-0.000756048;-1.13957
72.3085;-200.678;-0.132422;0.00356899;0.0112376;-1.04547
80.7648;-200.678;-0.0379827;-0.00124867;0.0210805;-0.935821
89.2211;-200.678;0.0705442;0.000787333;0.0248463;-0.835251
97.6774;-200.678;0.195807;0.00327666;0.0246662;-0.740184
106.134;-200.678;0.262156;0.00206591;0.0210703;-0.647236
114.59;-200.678;0.23202;0.00490834;0.0132319;-0.560813
123.046;-200.678;0.212962;0.00733406;0.00534074;-0.446203
131.503;-200.678;0.173182;0.00677662;0.000794464;-0.302952
139.959;-200.678;0.164316;0.00495879;0.00103558;-0.155462
148.415;-200.678;0.214752;0.00261125;0.00202414;-0.0484973
-122.186;-209.134;-1.01251;0.00397522;0.000981642;0.0693557
-113.73;-209.134;-1.3555;0.00410663;-0.00140877;0.0750437
-105.274;-209.134;-1.21655;0.00554956;-0.000378267;0.013769
-96.8173;-209.134;-1.10703;0.00644572;-0.001175;-0.0977905
-88.361;-209.134;-1.06385;0.00395333;-0.00406256;-0.220829
-79.9047;-209.134;-1.0085;0.00155677;-0.00548507;-0.357796
-71.4484;-209.134;-0.889928;5.0308e-05;-0.00242055;-0.48852
-62.9921;-209.134;-0.810887;-0.00261612;-0.00104769;-0.610224
-54.5358;-209.134;-0.782993;-0.00522707;-0.000315638;-0.722904
-46.0795;-209.134;-0.778539;-0.00300184;-0.00282194;-0.824068
-37.6233;-209.134;-0.747212;0.00183165;-0.00430013;-0.905078
-29.167;-209.134;-0.682266;0.00630971;-0.00588207;-0.975961
-20.7107;-209.134;-0.609305;0.00704922;-0.00805836;-1.03971
-12.2544;-209.134;-0.589453;0.0047225;-0.0107108;-1.08609
-3.79809;-209.134;-0.574202;0.00692585;-0.0112744;-1.09685
4.6582;-209.134;-0.573475;0.0107475;-0.0140659;-1.08844
13.1145;-209.134;-0.603673;0.0111252;-0.0164174;-1.06899
21.5708;-209.134;-0.655431;0.00862943;-0.0169468;-1.04774
30.0271;-209.134;-0.678507;0.00824676;-0.0144435;-1.00595
38.4834;-209.134;-0.608385;0.00939028;-0.010254;-0.951066
46.9397;-209.134;-0.464532;0.0102439;-0.00522581;-0.898856
55.396;-209.134;-0.284709;0.011452;0.00273433;-0.855012
63.8522;-209.134;-0.107831;0.00752592;0.0140033;-0.792593
72.3085;-209.134;-0.0485615;0.000883825;0.0229562;-0.694644
80.7648;-209.134;-0.0376033;-0.00153974;0.0241656;-0.584747
89.2211;-209.134;0.0103336;0.000908389;0.0202483;-0.494243
97.6774;-209.134;0.052696;0.00252673;0.018785;-0.416885
106.134;-209.134;0.119524;0.00178743;0.0159954;-0.344302
114.59;-209.134;0.144281;0.00260531;0.00834973;-0.279651
139.959;-209.134;0.177031;0.00276315;-0.000351994;-0.000410464
148.415;-209.134;0.221323;0.00305166;0.000140182;0.0287257
-71.4484;-217.59;-0.93843;0.00425586;0.00266823;-0.195956
-62.9921;-217.59;-0.834602;0.00143028;0.00410906;-0.286463
-54.5358;-217.59;-0.805657;-0.00452045;0.00380044;-0.387075
-46.0795;-217.59;-0.858952;-0.00585548;0.00116396;-0.467281
-37.6233;-217.59;-0.790387;-0.000320486;-0.00066327;-0.533215
-29.167;-217.59;-0.694195;0.00679396;-0.00141294;-0.601728
-20.7107;-217.59;-0.619903;0.00738663;-0.00298007;-0.678858
-12.2544;-217.59;-0.588696;0.00318661;-0.00495584;-0.733999
-3.79809;-217.59;-0.603956;0.00303608;-0.00668437;-0.753469
4.6582;-217.59;-0.60217;0.00666202;-0.0103991;-0.752735
13.1145;-217.59;-0.630437;0.00596457;-0.0139884;-0.733261
21.5708;-217.59;-0.696404;0.00355153;-0.016155;-0.719707
30.0271;-217.59;-0.642874;0.00490566;-0.0119641;-0.691862
38.4834;-217.59;-0.396633;0.00671521;-0.00245118;-0.647286
46.9397;-217.59;-0.118667;0.00451893;0.00919315;-0.59205
55.396;-217.59;0.0660512;0.0035035;0.0185381;-0.539456
63.8522;-217.59;0.151212;0.000697106;0.0250102;-0.464019
72.3085;-217.59;-0.0225716;-0.000207643;0.0239671;-0.360485
80.7648;-217.59;-0.206339;0.00205923;0.0133999;-0.257735
89.2211;-217.59;-0.355103;0.00476354;0.00297297;-0.185349
97.6774;-217.59;-0.428579;0.00392068;0.00227921;-0.144555
106.134;-217.59;-0.337643;0.00230445;0.00477571;-0.109792
114.59;-217.59;-0.258829;0.00132542;0.00101372;-0.0652826
-54.5358;-226.047;-0.791091;0.00195424;0.0017496;-0.125944
-46.0795;-226.047;-1.05244;0.00129839;-0.000843714;-0.169219
-37.6233;-226.047;-1.29554;0.00449654;-0.00199302;-0.207452
-29.167;-226.047;-1.39137;0.00884451;-0.000704442;-0.261185
-20.7107;-226.047;-0.691981;0.00938541;0.000961452;-0.326362
-12.2544;-226.047;-0.57506;0.00611164;-0.000868156;-0.394389
-3.79809;-226.047;-0.526587;0.00341751;-0.00351736;-0.425774
4.6582;-226.047;-0.564244;0.00625437;-0.00770852;-0.437999
13.1145;-226.047;-0.597408;0.00395202;-0.00909794;-0.422832
21.5708;-226.047;-0.565525;0.00150362;-0.00969625;-0.418932
30.0271;-226.047;-0.388918;0.00441315;-0.00488533;-0.409258
38.4834;-226.047;-0.0179478;0.00708339;0.00537007;-0.376246
46.9397;-226.047;0.252745;0.00160185;0.0176799;-0.318794
89.2211;-226.047;-0.822063;0.00628817;-0.00632584;-0.00801949
97.6774;-226.047;-1.07401;0.00445308;-0.00489424;0.00978713
106.134;-226.047;-0.963419;0.00261483;-0.00307687;0.00235539
-54.5358;-234.503;5.38972;0.010056;0.00017323;-0.00123316
-46.0795;-234.503;7.92849;0.00911577;-0.00234983;-0.00996273
-37.6233;-234.503;8.03875;0.00981361;-0.00290194;-0.0111811
-29.167;-234.503;7.40753;0.0100786;-0.00152527;-0.0169872
-20.7107;-234.503;6.53129;0.00908806;-0.000487516;-0.0410961
13.1145;-234.503;-0.393681;0.00517049;-0.0051435;-0.164347
