x[mm];y[mm];z[mm];x-displacement[mm];y-displacement[mm];z-displacement[mm]
-20.7107;247.506;-0.512943;0.0182755;0.0131481;-1.14803
-12.2544;247.506;-0.471976;0.0204237;0.0170264;-1.28902
-3.79809;247.506;-0.548236;0.0167973;0.0186534;-1.35825
4.6582;247.506;-0.62037;0.0106685;0.020495;-1.39903
13.1145;247.506;-0.650736;0.00962495;0.0200215;-1.43363
21.5708;247.506;-0.628395;0.0128048;0.017064;-1.44314
30.0271;247.506;-0.60592;0.0160534;0.0110274;-1.3838
38.4834;247.506;-0.651893;0.017507;0.00663964;-1.28046
46.9397;247.506;-0.732489;0.017508;0.00377752;-1.16615
72.3085;247.506;-0.749382;0.0148289;0.00195605;-0.76707
80.7648;247.506;-0.808256;0.013494;0.00293786;-0.60567
89.2211;247.506;-0.754068;0.0107596;0.00354148;-0.464008
97.6774;247.506;-0.313663;0.00786401;0.000159737;-0.335064
106.134;247.506;0.36894;0.00691055;-0.00612724;-0.183178
-88.361;239.049;8.57933;0.00233517;0.00328671;-0.133971
-79.9047;239.049;8.50108;-0.00157909;0.00581065;-0.277173
-62.9921;239.049;2.60738;0.00498874;0.00877257;-0.795159
-54.5358;239.049;-0.17587;0.00929154;0.0182166;-1.06436
-46.0795;239.049;-0.541755;0.0086537;0.029335;-1.24974
-37.6233;239.049;-0.635314;0.00669841;0.0350592;-1.45474
-29.167;239.049;-0.673576;0.00547684;0.0393897;-1.65091
-20.7107;239.049;-0.664832;0.00827003;0.0435601;-1.81323
-12.2544;239.049;-0.632836;0.0165337;0.0376909;-1.94683
-3.79809;239.049;-0.554336;0.0149108;0.0313123;-2.03864
4.6582;239.049;-0.633956;0.0140388;0.0353708;-2.09659
13.1145;239.049;-0.725931;0.0137218;0.0416922;-2.12392
21.5708;239.049;-0.758646;0.0167135;0.0428126;-2.12113
30.0271;239.049;-0.758194;0.0207417;0.038342;-2.06003
38.4834;239.049;-0.758865;0.0217495;0.0356814;-1.98176
46.9397;239.049;-0.772903;0.0223941;0.0318363;-1.89273
55.396;239.049;-0.821019;0.021329;0.0283876;-1.78338
63.8522;239.049;-0.891244;0.0210282;0.0226957;-1.64991
72.3085;239.049;-0.86046;0.0223981;0.0134188;-1.45967
80.7648;239.049;-0.923492;0.0218869;0.0118111;-1.261
89.2211;239.049;-0.930498;0.0190431;0.0117505;-1.06427
97.6774;239.049;-0.840854;0.014333;0.00701701;-0.868624
106.134;239.049;-0.59755;0.00977941;0.000318237;-0.652893
-113.73;230.593;5.98204;0.0092515;-0.00264295;-0.118402
-105.274;230.593;8.00416;0.00487633;0.00040477;-0.208564
-96.8173;230.593;6.54036;0.000396539;0.00684131;-0.380624
-88.361;230.593;4.50416;-0.00307232;0.0135101;-0.626065
-79.9047;230.593;3.92923;-0.00792363;0.0192972;-0.861841
-71.4484;230.593;2.45957;-0.00889744;0.0250417;-1.19348
-62.9921;230.593;-0.141549;-0.00137625;0.0285112;-1.55522
-54.5358;230.593;-0.4683;0.00889306;0.0281581;-1.77686
-46.0795;230.593;-0.69026;0.00871667;0.0428899;-1.96122
-37.6233;230.593;-0.704206;0.00420083;0.0531801;-2.18106
-29.167;230.593;-0.72503;0.00416708;0.060648;-2.36037
-20.7107;230.593;-0.867521;0.00360455;0.0676822;-2.41573
-12.2544;230.593;-1.05273;0.00614168;0.0654901;-2.4074
-3.79809;230.593;-1.11622;0.0093352;0.0562191;-2.44072
4.6582;230.593;-1.08464;0.0134764;0.0567706;-2.55009
13.1145;230.593;-1.01505;0.0165966;0.0625192;-2.65947
21.5708;230.593;-0.947102;0.0194529;0.0650106;-2.71895
30.0271;230.593;-0.877324;0.022816;0.0622652;-2.71433
38.4834;230.593;-0.813827;0.0241037;0.0597645;-2.68097
46.9397;230.593;-0.781134;0.0259421;0.0544471;-2.61805
55.396;230.593;-0.781425;0.0272072;0.0475955;-2.51382
63.8522;230.593;-0.817853;0.0282865;0.0389856;-2.36584
72.3085;230.593;-0.903767;0.0306033;0.0334102;-2.17781
80.7648;230.593;-0.955569;0.0312348;0.0337989;-1.97628
89.2211;230.593;-0.978723;0.0293035;0.0320422;-1.75887
97.6774;230.593;-0.935818;0.0248734;0.0236307;-1.51711
106.134;230.593;-0.888504;0.0203043;0.0113845;-1.25025
114.59;230.593;-0.721154;0.0200538;0.00680929;-0.979032
-113.73;222.137;1.68528;0.0132951;-0.00682435;-0.495345
-105.274;222.137;4.23575;0.00269481;-0.00392914;-0.686975
-96.8173;222.137;2.10191;-0.00261221;0.00869601;-1.02046
-88.361;222.137;0.466827;-0.00384382;0.0206305;-1.36317
-79.9047;222.137;0.239625;-0.0118549;0.0346004;-1.6895
-71.4484;222.137;0.0560671;-0.018689;0.0451598;-2.0351
-62.9921;222.137;-0.445392;-0.0161455;0.048817;-2.35782
-54.5358;222.137;-0.43084;-0.00422426;0.0452206;-2.56155
-46.0795;222.137;-0.628638;-0.00158882;0.057586;-2.72512
-37.6233;222.137;-0.673621;-0.00206078;0.0660089;-2.92409
-29.167;222.137;-0.740912;0.00265453;0.073168;-3.07417
-20.7107;222.137;-0.957732;0.00367734;0.0820684;-3.06904
-12.2544;222.137;-1.29406;0.00828402;0.0846512;-2.99191
-3.79809;222.137;-1.35116;0.0101884;0.077868;-3.01738
4.6582;222.137;-1.2472;0.0149271;0.0734957;-3.15628
13.1145;222.137;-1.11194;0.0181014;0.0764283;-3.29361
21.5708;222.137;-0.996373;0.0211963;0.0802146;-3.38526
30.0271;222.137;-0.877105;0.0242519;0.0796768;-3.42372
38.4834;222.137;-0.804448;0.0278255;0.0769528;-3.40693
46.9397;222.137;-0.765915;0.0310496;0.0720152;-3.34503
55.396;222.137;-0.764072;0.0337584;0.0635946;-3.24091
63.8522;222.137;-0.796537;0.034575;0.0547436;-3.09162
72.3085;222.137;-0.852908;0.0379617;0.0507818;-2.90912
80.7648;222.137;-0.893551;0.0395102;0.0511236;-2.71038
89.2211;222.137;-0.90816;0.0384612;0.0487922;-2.48817
97.6774;222.137;-0.91062;0.0350464;0.0414051;-2.2392
106.134;222.137;-0.943081;0.0307336;0.0300846;-1.95942
114.59;222.137;-0.828419;0.0271791;0.0227527;-1.66752
-130.642;213.681;0.103519;0.0179469;-0.00791758;-0.361924
-122.186;213.681;-0.0004306;0.0209482;-0.00855874;-0.658591
-113.73;213.681;-0.0264453;0.0105116;-0.0090384;-1.00965
-105.274;213.681;-0.573801;-0.000969432;0.0030936;-1.40588
-96.8173;213.681;-0.451659;-0.00844655;0.0158152;-1.77299
-88.361;213.681;-0.315404;-0.0112044;0.0272235;-2.12503
-79.9047;213.681;-0.354355;-0.0202188;0.0419917;-2.47619
-71.4484;213.681;-0.366745;-0.0277659;0.055179;-2.82084
-62.9921;213.681;-0.321445;-0.024802;0.0636472;-3.10824
-54.5358;213.681;-0.527912;-0.0110064;0.0642811;-3.29217
-46.0795;213.681;-0.750862;-0.00572699;0.0747596;-3.42324
-37.6233;213.681;-0.777242;-0.00440363;0.0796148;-3.60561
-29.167;213.681;-0.780044;0.00093226;0.0814092;-3.77482
-20.7107;213.681;-0.87457;0.00421925;0.0844054;-3.84998
-12.2544;213.681;-1.03053;0.00772883;0.0867254;-3.87486
-3.79809;213.681;-1.00824;0.010255;0.0810797;-3.94461
4.6582;213.681;-0.905457;0.0164858;0.0749956;-4.07164
13.1145;213.681;-0.807849;0.019716;0.0769548;-4.17378
21.5708;213.681;-0.74352;0.0233781;0.0813915;-4.23478
30.0271;213.681;-0.702553;0.0274627;0.0848365;-4.238
38.4834;213.681;-0.694706;0.0324451;0.0856223;-4.18459
46.9397;213.681;-0.695935;0.0369626;0.0827313;-4.09652
55.396;213.681;-0.702697;0.0397985;0.0751017;-3.98138
63.8522;213.681;-0.719056;0.0388009;0.0652528;-3.82975
72.3085;213.681;-0.756983;0.0424764;0.0606536;-3.64768
80.7648;213.681;-0.787601;0.0457696;0.0599698;-3.44466
89.2211;213.681;-0.799132;0.0449547;0.0584005;-3.22105
97.6774;213.681;-0.796467;0.0407582;0.0536114;-2.97366
106.134;213.681;-0.79851;0.0374686;0.0453572;-2.69342
114.59;213.681;-0.777932;0.0341354;0.0355364;-2.37988
123.046;213.681;-0.725146;0.0295527;0.0233719;-2.04437
131.503;213.681;-0.651431;0.0216258;0.010068;-1.69584
139.959;213.681;-0.58896;0.0143944;-0.0024649;-1.36149
148.415;213.681;-0.235351;0.011106;-0.0096385;-0.997498
-139.099;205.224;0.155762;0.0148222;-0.0109181;-0.462591
-130.642;205.224;0.122337;0.0121928;-0.01381;-0.77476
-122.186;205.224;0.0617561;0.00643486;-0.00584843;-1.18681
-113.73;205.224;0.00762707;-0.00407494;0.000602881;-1.59132
-105.274;205.224;-0.00181897;-0.0163333;0.0130867;-2.01111
-96.8173;205.224;-0.00805946;-0.0230084;0.0265804;-2.42888
-88.361;205.224;-0.0179732;-0.0241386;0.0362628;-2.82411
-79.9047;205.224;-0.0945349;-0.0313169;0.0518418;-3.17654
-71.4484;205.224;-0.239692;-0.0372921;0.0694827;-3.49489
-62.9921;205.224;-0.413073;-0.0323889;0.0818209;-3.77222
-54.5358;205.224;-0.569972;-0.0174844;0.0808974;-3.97553
-46.0795;205.224;-0.748727;-0.00849295;0.0860045;-4.12949
-37.6233;205.224;-0.777994;-0.00831896;0.0887327;-4.28901
-29.167;205.224;-0.753618;-0.00216633;0.0867778;-4.48633
-20.7107;205.224;-0.737252;0.00252297;0.0831689;-4.64798
-12.2544;205.224;-0.732218;0.0062676;0.0816897;-4.76889
-3.79809;205.224;-0.667139;0.0106314;0.0787257;-4.87454
4.6582;205.224;-0.599146;0.0177075;0.0752556;-4.97154
13.1145;205.224;-0.564088;0.0214494;0.0762857;-5.02186
21.5708;205.224;-0.558798;0.0254333;0.0823593;-5.03359
30.0271;205.224;-0.561439;0.0305418;0.087927;-5.0074
38.4834;205.224;-0.577612;0.0360754;0.0904552;-4.94033
46.9397;205.224;-0.579913;0.0396212;0.0885433;-4.84561
55.396;205.224;-0.581612;0.0415528;0.0821716;-4.72996
63.8522;205.224;-0.597246;0.0392533;0.073179;-4.57431
72.3085;205.224;-0.634757;0.0426127;0.0682395;-4.38536
80.7648;205.224;-0.668837;0.0479113;0.066656;-4.17365
89.2211;205.224;-0.683611;0.049298;0.0652928;-3.94363
97.6774;205.224;-0.683838;0.0463613;0.0613761;-3.68841
106.134;205.224;-0.68763;0.0441811;0.0555256;-3.39998
114.59;205.224;-0.687434;0.0417646;0.047668;-3.07239
123.046;205.224;-0.678821;0.0374253;0.0364714;-2.71669
131.503;205.224;-0.646751;0.0306286;0.0203617;-2.34384
139.959;205.224;-0.568672;0.0232279;0.000322366;-1.9688
148.415;205.224;-0.396715;0.0177163;-0.0120313;-1.61491
-139.099;196.768;0.158347;0.00515902;-0.0169367;-0.901237
-130.642;196.768;0.140469;-0.0022963;-0.00929096;-1.33096
-122.186;196.768;0.111246;-0.0112514;0.00418524;-1.78916
-113.73;196.768;0.0570321;-0.0208593;0.0146391;-2.22111
-105.274;196.768;0.0249897;-0.032544;0.0280413;-2.65369
-96.8173;196.768;0.0233242;-0.0382983;0.039721;-3.067
-88.361;196.768;-0.00994386;-0.0392244;0.0495984;-3.44494
-79.9047;196.768;-0.194781;-0.0480265;0.0719039;-3.74384
-71.4484;196.768;-0.413225;-0.0538228;0.0949971;-4.03883
-62.9921;196.768;-0.497789;-0.0440901;0.100449;-4.37247
-54.5358;196.768;-0.419058;-0.0235163;0.0848816;-4.67583
-46.0795;196.768;-0.513369;-0.0104169;0.0826554;-4.89013
-37.6233;196.768;-0.59872;-0.00827394;0.0876764;-5.04171
-29.167;196.768;-0.619046;-0.00493901;0.0910129;-5.21858
-20.7107;196.768;-0.576926;-0.00284628;0.0886808;-5.39201
-12.2544;196.768;-0.513507;0.000503864;0.0859388;-5.54383
-3.79809;196.768;-0.459724;0.00717956;0.0850116;-5.65828
4.6582;196.768;-0.441378;0.0142283;0.0840568;-5.72658
13.1145;196.768;-0.459047;0.0178264;0.0842502;-5.73911
21.5708;196.768;-0.49017;0.0234915;0.0894123;-5.72666
30.0271;196.768;-0.508763;0.0304874;0.0954617;-5.69426
38.4834;196.768;-0.514305;0.0371242;0.0985797;-5.64035
46.9397;196.768;-0.499509;0.0418965;0.0958488;-5.55981
55.396;196.768;-0.492733;0.0441703;0.0902181;-5.44892
63.8522;196.768;-0.5084;0.0418713;0.0834705;-5.29091
72.3085;196.768;-0.541751;0.044961;0.080012;-5.10262
80.7648;196.768;-0.564405;0.0500015;0.0779647;-4.89377
89.2211;196.768;-0.56895;0.0522794;0.0753988;-4.66205
97.6774;196.768;-0.572719;0.0513959;0.0709447;-4.39522
106.134;196.768;-0.602616;0.0512481;0.066479;-4.0858
114.59;196.768;-0.638344;0.0506754;0.0603382;-3.73388
123.046;196.768;-0.651108;0.0475306;0.0495722;-3.35943
131.503;196.768;-0.636139;0.0426684;0.035841;-2.97705
139.959;196.768;-0.602573;0.0361733;0.0196294;-2.59317
148.415;196.768;-0.550371;0.029061;0.00432078;-2.2034
156.871;196.768;-0.551016;0.0242324;-0.00184051;-1.75741
-147.555;188.312;0.163608;0.00586814;-0.017346;-0.946353
-139.099;188.312;0.153404;-0.00483336;-0.0110766;-1.41777
-130.642;188.312;0.164445;-0.0154846;0.00262281;-1.90938
-122.186;188.312;0.155092;-0.0244671;0.0163278;-2.38064
-113.73;188.312;0.0932035;-0.0337574;0.0276808;-2.81873
-105.274;188.312;0.0277587;-0.0437691;0.040885;-3.24502
-96.8173;188.312;0.00250704;-0.0486732;0.0519691;-3.64761
-88.361;188.312;-0.0775442;-0.0493576;0.0640989;-4.014
-79.9047;188.312;-0.341597;-0.0594849;0.0898136;-4.30008
-71.4484;188.312;-0.527093;-0.063503;0.111288;-4.63161
-62.9921;188.312;-0.423186;-0.0506981;0.106401;-5.034
-54.5358;188.312;-0.141757;-0.026809;0.0780021;-5.40887
-46.0795;188.312;-0.177038;-0.0125372;0.0706315;-5.65954
-37.6233;188.312;-0.315799;-0.0100524;0.0803913;-5.80298
-29.167;188.312;-0.400297;-0.00575744;0.0904572;-5.95486
-20.7107;188.312;-0.402366;-0.00206008;0.0940642;-6.10432
-12.2544;188.312;-0.373172;0.00223708;0.0948279;-6.23728
-3.79809;188.312;-0.368919;0.00944424;0.0965351;-6.33083
4.6582;188.312;-0.38985;0.0149738;0.0981794;-6.38347
13.1145;188.312;-0.425297;0.0172458;0.0977924;-6.38829
21.5708;188.312;-0.456541;0.0222797;0.10044;-6.37593
30.0271;188.312;-0.468146;0.0298102;0.104816;-6.3517
38.4834;188.312;-0.457604;0.0376011;0.107549;-6.31485
46.9397;188.312;-0.424296;0.0439962;0.104978;-6.25176
55.396;188.312;-0.402232;0.046855;0.100823;-6.15021
63.8522;188.312;-0.406613;0.0460495;0.0978854;-6.00003
72.3085;188.312;-0.435068;0.0497511;0.0967394;-5.81618
80.7648;188.312;-0.453177;0.0540185;0.0934279;-5.60609
89.2211;188.312;-0.455927;0.0559369;0.0880214;-5.36666
97.6774;188.312;-0.46948;0.0564574;0.0821777;-5.08593
106.134;188.312;-0.522213;0.0584953;0.0785717;-4.75679
114.59;188.312;-0.568598;0.0592462;0.0745384;-4.3982
123.046;188.312;-0.57683;0.0568558;0.0611093;-4.02295
131.503;188.312;-0.554684;0.0528505;0.0464772;-3.6379
139.959;188.312;-0.523841;0.0475238;0.0365135;-3.2407
148.415;188.312;-0.496462;0.0398822;0.024035;-2.81372
156.871;188.312;-0.485066;0.0303651;0.00756319;-2.35065
-164.468;179.855;0.013761;0.00878899;-0.00688874;-0.427613
-156.011;179.855;0.164647;0.00279019;-0.0125699;-0.918026
-147.555;179.855;0.141329;-0.00516252;-0.0062582;-1.43883
-139.099;179.855;0.123024;-0.0159359;0.00356692;-1.94962
-130.642;179.855;0.157327;-0.0258037;0.0148935;-2.45154
-122.186;179.855;0.173777;-0.033028;0.025866;-2.9355
-113.73;179.855;0.123558;-0.0399514;0.0353123;-3.38234
-105.274;179.855;0.0587228;-0.0475171;0.0465636;-3.8096
-96.8173;179.855;0.0403482;-0.0522406;0.0570774;-4.21883
-88.361;179.855;-0.0102425;-0.0532229;0.0670398;-4.60788
-79.9047;179.855;-0.163241;-0.061164;0.0840309;-4.94358
-71.4484;179.855;-0.202905;-0.063768;0.0970751;-5.32039
-62.9921;179.855;-0.0565655;-0.0513639;0.0900564;-5.73582
-54.5358;179.855;0.0794272;-0.0260399;0.0664208;-6.09721
-46.0795;179.855;-0.0180318;-0.0128934;0.0647807;-6.33382
-37.6233;179.855;-0.146384;-0.0111376;0.0770965;-6.48209
-29.167;179.855;-0.212565;-0.00669378;0.0886533;-6.63419
-20.7107;179.855;-0.225883;-0.00139622;0.0957298;-6.77342
-12.2544;179.855;-0.236188;0.00475159;0.100446;-6.88701
-3.79809;179.855;-0.275249;0.0124301;0.10503;-6.96416
4.6582;179.855;-0.314513;0.0173801;0.109992;-7.01811
13.1145;179.855;-0.345267;0.019593;0.111696;-7.0403
21.5708;179.855;-0.364913;0.0233256;0.112701;-7.03921
30.0271;179.855;-0.3747;0.0300765;0.113752;-7.01669
38.4834;179.855;-0.378106;0.0386516;0.114858;-6.97654
46.9397;179.855;-0.346793;0.0458323;0.113756;-6.91833
55.396;179.855;-0.318378;0.0494043;0.110863;-6.82262
63.8522;179.855;-0.316963;0.0512368;0.110226;-6.67982
72.3085;179.855;-0.352619;0.0562329;0.110759;-6.49301
80.7648;179.855;-0.38186;0.0603981;0.107914;-6.27513
89.2211;179.855;-0.39;0.0619075;0.101598;-6.02706
97.6774;179.855;-0.403641;0.062699;0.0940845;-5.73841
106.134;179.855;-0.446236;0.065508;0.0895285;-5.40599
114.59;179.855;-0.479758;0.0669225;0.0861162;-5.0538
123.046;179.855;-0.462016;0.0638266;0.0682636;-4.68926
131.503;179.855;-0.41726;0.0589873;0.0492752;-4.3083
139.959;179.855;-0.382659;0.0521226;0.0351781;-3.89467
148.415;179.855;-0.378981;0.0428501;0.0215243;-3.44317
156.871;179.855;-0.383848;0.0330695;0.00685039;-2.96735
165.328;179.855;-0.407134;0.0262951;-0.00165819;-2.46396
173.784;179.855;-0.49585;0.0207755;-0.00844978;-1.91223
-172.924;171.399;0.0700968;0.00776043;-0.00271326;-0.346659
-164.468;171.399;0.0649994;-0.00147679;-0.00250452;-0.802008
-156.011;171.399;0.15216;-0.0091662;-0.0025637;-1.39219
-147.555;171.399;0.119276;-0.0162312;0.00621585;-1.94846
-139.099;171.399;0.10352;-0.0246556;0.0154422;-2.46379
-130.642;171.399;0.146551;-0.0330773;0.0246849;-2.97075
-122.186;171.399;0.17404;-0.0389436;0.0329086;-3.46189
-113.73;171.399;0.13688;-0.0433529;0.03985;-3.91531
-105.274;171.399;0.0923391;-0.0482055;0.0485569;-4.35156
-96.8173;171.399;0.105045;-0.0530881;0.0581205;-4.78155
-88.361;171.399;0.114183;-0.0534271;0.0628675;-5.19713
-79.9047;171.399;0.0778244;-0.0555613;0.0682902;-5.5829
-71.4484;171.399;0.0934263;-0.0541402;0.0737347;-5.98252
-62.9921;171.399;0.160882;-0.0440347;0.0710329;-6.37132
-54.5358;171.399;0.163318;-0.025415;0.0612749;-6.68524
-46.0795;171.399;0.0292324;-0.0165426;0.0668153;-6.90177
-37.6233;171.399;-0.0717286;-0.0139573;0.0795028;-7.07014
-29.167;171.399;-0.11027;-0.00909212;0.0896173;-7.2333
-20.7107;171.399;-0.113539;-0.00327128;0.0965328;-7.37645
-12.2544;171.399;-0.120293;0.0034499;0.101917;-7.4944
-3.79809;171.399;-0.147674;0.0111852;0.107761;-7.58582
4.6582;171.399;-0.188711;0.0167823;0.11703;-7.65642
13.1145;171.399;-0.222056;0.0221065;0.123558;-7.69529
21.5708;171.399;-0.245877;0.0272889;0.125077;-7.69549
30.0271;171.399;-0.268046;0.0326655;0.123333;-7.65875
38.4834;171.399;-0.304991;0.0397482;0.122062;-7.59744
46.9397;171.399;-0.300143;0.0469659;0.12166;-7.53205
55.396;171.399;-0.288247;0.0518994;0.119491;-7.43286
63.8522;171.399;-0.297582;0.0542521;0.118474;-7.28067
72.3085;171.399;-0.342443;0.059258;0.11971;-7.08398
80.7648;171.399;-0.376973;0.0639756;0.119039;-6.86567
89.2211;171.399;-0.376846;0.0668344;0.114245;-6.62586
97.6774;171.399;-0.36567;0.0687598;0.105671;-6.35078
106.134;171.399;-0.366286;0.0712959;0.0978462;-6.03463
114.59;171.399;-0.375828;0.0722323;0.0940134;-5.69249
123.046;171.399;-0.339516;0.0680578;0.0796322;-5.33508
131.503;171.399;-0.29381;0.0630023;0.0620113;-4.95003
139.959;171.399;-0.273739;0.0575553;0.0470281;-4.52013
148.415;171.399;-0.281015;0.0504591;0.0330376;-4.05314
156.871;171.399;-0.302804;0.0420969;0.018694;-3.56132
165.328;171.399;-0.356376;0.0348077;0.00736202;-3.03813
173.784;171.399;-0.427457;0.0287348;-0.00211263;-2.47353
182.24;171.399;-0.482055;0.0213042;-0.00116962;-1.96161
-181.38;162.943;0.229856;0.0153445;0.000962409;-0.315621
-172.924;162.943;0.114078;0.00379862;-0.00252285;-0.707489
-164.468;162.943;0.0760009;-0.0115065;0.00293583;-1.29045
-156.011;162.943;0.13214;-0.0206917;0.00656062;-1.89093
-147.555;162.943;0.116782;-0.0246773;0.0142663;-2.44025
-139.099;162.943;0.111161;-0.0312462;0.022062;-2.95842
-130.642;162.943;0.140359;-0.0390386;0.0309688;-3.47477
-122.186;162.943;0.154888;-0.044742;0.0381715;-3.96926
-113.73;162.943;0.128572;-0.0480948;0.0440533;-4.42831
-105.274;162.943;0.104775;-0.0515236;0.0515207;-4.87493
-96.8173;162.943;0.128643;-0.0558123;0.060283;-5.32068
-88.361;162.943;0.162724;-0.0549557;0.0613314;-5.74577
-79.9047;162.943;0.17461;-0.0521141;0.0610701;-6.14616
-71.4484;162.943;0.190937;-0.0467763;0.0629524;-6.53849
-62.9921;162.943;0.201284;-0.0394942;0.0629855;-6.8897
-54.5358;162.943;0.156606;-0.029802;0.0610781;-7.17082
-46.0795;162.943;0.0429767;-0.0234374;0.0689201;-7.39789
-37.6233;162.943;-0.0305809;-0.0182444;0.0824997;-7.6011
-29.167;162.943;-0.0616782;-0.0131208;0.0925572;-7.77782
-20.7107;162.943;-0.0718156;-0.00777103;0.0995503;-7.92565
-12.2544;162.943;-0.0853287;-0.00103435;0.105194;-8.05072
-3.79809;162.943;-0.117042;0.00731426;0.111805;-8.15737
4.6582;162.943;-0.173226;0.0147989;0.122324;-8.2335
13.1145;162.943;-0.225897;0.0229238;0.1315;-8.2677
21.5708;162.943;-0.264782;0.029183;0.135182;-8.25523
30.0271;162.943;-0.291562;0.0342953;0.1328;-8.21017
38.4834;162.943;-0.321827;0.0408025;0.129724;-8.15028
46.9397;162.943;-0.328129;0.0495812;0.12892;-8.08012
55.396;162.943;-0.337651;0.0563299;0.128459;-7.97275
63.8522;162.943;-0.355393;0.057553;0.127596;-7.81241
72.3085;162.943;-0.372061;0.0614549;0.126536;-7.62839
80.7648;162.943;-0.368085;0.0675543;0.125899;-7.4338
89.2211;162.943;-0.337508;0.0729367;0.123039;-7.21963
97.6774;162.943;-0.30084;0.0764248;0.115284;-6.96292
106.134;162.943;-0.275644;0.0787027;0.104598;-6.65701
114.59;162.943;-0.271969;0.07871;0.0966651;-6.31667
123.046;162.943;-0.259316;0.0754218;0.0850726;-5.94662
131.503;162.943;-0.252016;0.0733313;0.0720561;-5.54345
139.959;162.943;-0.258742;0.0710265;0.0603169;-5.09724
148.415;162.943;-0.272913;0.0658195;0.0472042;-4.61848
156.871;162.943;-0.295764;0.057115;0.0315985;-4.11477
165.328;162.943;-0.329613;0.0471207;0.0170003;-3.58824
173.784;162.943;-0.374262;0.039306;0.00819446;-3.04343
182.24;162.943;-0.417181;0.0317082;0.00397827;-2.48525
-181.38;154.486;0.162308;0.0130715;-0.00798907;-0.579242
-172.924;154.486;0.108984;0.00141055;-0.00371328;-1.14101
-164.468;154.486;0.0978918;-0.0159071;0.00623514;-1.78504
-156.011;154.486;0.116306;-0.0256805;0.0132319;-2.36216
-147.555;154.486;0.115805;-0.0302542;0.0194751;-2.90342
-139.099;154.486;0.123516;-0.0367867;0.0266967;-3.43667
-130.642;154.486;0.125751;-0.0446427;0.0359426;-3.96418
-122.186;154.486;0.118247;-0.0509079;0.0429714;-4.46189
-113.73;154.486;0.105684;-0.0547164;0.0488922;-4.92778
-105.274;154.486;0.0935209;-0.0584423;0.0565798;-5.37935
-96.8173;154.486;0.0971375;-0.0617909;0.0647392;-5.8207
-88.361;154.486;0.117814;-0.0611552;0.0656799;-6.23748
-79.9047;154.486;0.121581;-0.056854;0.067274;-6.62428
-71.4484;154.486;0.131118;-0.0492128;0.0702151;-6.99803
-62.9921;154.486;0.138579;-0.0417975;0.0697729;-7.33795
-54.5358;154.486;0.107214;-0.0357561;0.067465;-7.6296
-46.0795;154.486;0.0355415;-0.0301918;0.0740919;-7.87841
-37.6233;154.486;-0.0172027;-0.023292;0.0872523;-8.1068
-29.167;154.486;-0.0538862;-0.0178716;0.0978099;-8.29476
-20.7107;154.486;-0.0822441;-0.0125117;0.106524;-8.44902
-12.2544;154.486;-0.112921;-0.00554082;0.114228;-8.57933
-3.79809;154.486;-0.158908;0.00328941;0.121857;-8.68906
4.6582;154.486;-0.230089;0.0124115;0.131047;-8.75755
13.1145;154.486;-0.29255;0.0224187;0.140154;-8.78147
21.5708;154.486;-0.326348;0.0297998;0.143551;-8.77003
30.0271;154.486;-0.328936;0.0354177;0.141001;-8.74227
38.4834;154.486;-0.319505;0.0429001;0.137063;-8.70578
46.9397;154.486;-0.309854;0.0540535;0.134743;-8.64489
55.396;154.486;-0.320987;0.061767;0.13295;-8.53549
63.8522;154.486;-0.339442;0.0633123;0.130505;-8.3738
72.3085;154.486;-0.341113;0.0668658;0.128934;-8.19346
80.7648;154.486;-0.307932;0.073624;0.130151;-8.01024
89.2211;154.486;-0.286012;0.0815869;0.129899;-7.79052
97.6774;154.486;-0.265986;0.0863349;0.125414;-7.52635
106.134;154.486;-0.240528;0.0879188;0.115998;-7.22429
114.59;154.486;-0.218531;0.0873197;0.10553;-6.88634
123.046;154.486;-0.222801;0.085561;0.0929554;-6.50299
131.503;154.486;-0.237609;0.0856586;0.0803206;-6.08551
139.959;154.486;-0.248943;0.0850622;0.0693952;-5.63601
148.415;154.486;-0.246054;0.080681;0.0586958;-5.16763
156.871;154.486;-0.262352;0.0719;0.0436312;-4.66236
165.328;154.486;-0.299143;0.0605315;0.0267688;-4.12087
173.784;154.486;-0.350937;0.0505897;0.0147234;-3.55322
182.24;154.486;-0.390665;0.0431589;0.0085771;-2.98243
190.697;154.486;-0.494116;0.0296613;-0.00121367;-2.39166
199.153;154.486;-0.621497;0.020711;-0.00143711;-1.8018
207.609;154.486;-0.599092;0.0174925;0.00449835;-1.2013
-181.38;146.03;0.0951402;0.0102031;-0.00937438;-0.951402
-172.924;146.03;0.106894;0.00105339;-0.00156674;-1.58704
-164.468;146.03;0.113905;-0.0141386;0.010224;-2.2125
-156.011;146.03;0.0949163;-0.025713;0.0207574;-2.79248
-147.555;146.03;0.0923418;-0.0327439;0.0280427;-3.34497
-139.099;146.03;0.106164;-0.0412331;0.0348268;-3.89361
-130.642;146.03;0.101438;-0.0489411;0.0434361;-4.4302
-122.186;146.03;0.0890277;-0.0543952;0.0489572;-4.93454
-113.73;146.03;0.0849345;-0.0580949;0.053534;-5.40975
-105.274;146.03;0.0828583;-0.0619125;0.060655;-5.86917
-96.8173;146.03;0.0832827;-0.0647397;0.0675191;-6.31231
-88.361;146.03;0.104028;-0.0659104;0.0689381;-6.73206
-79.9047;146.03;0.084834;-0.0623312;0.0735173;-7.11189
-71.4484;146.03;0.0659597;-0.0550365;0.0780931;-7.46915
-62.9921;146.03;0.0604264;-0.0483145;0.0789179;-7.80069
-54.5358;146.03;0.0421358;-0.0439343;0.0786462;-8.09992
-46.0795;146.03;-0.00613365;-0.0386588;0.0857238;-8.35737
-37.6233;146.03;-0.0409097;-0.0316353;0.0966217;-8.59332
-29.167;146.03;-0.0767311;-0.0254467;0.106039;-8.79161
-20.7107;146.03;-0.112888;-0.0184944;0.115057;-8.96003
-12.2544;146.03;-0.151699;-0.0098395;0.123547;-9.10205
-3.79809;146.03;-0.204704;0.000246203;0.130991;-9.21345
4.6582;146.03;-0.276873;0.0108972;0.138839;-9.27669
13.1145;146.03;-0.327828;0.0229825;0.146523;-9.30304
21.5708;146.03;-0.342579;0.0316741;0.149015;-9.30387
30.0271;146.03;-0.325322;0.0385016;0.147382;-9.29383
38.4834;146.03;-0.296608;0.0476233;0.143845;-9.26693
46.9397;146.03;-0.285685;0.0601225;0.140413;-9.20028
55.396;146.03;-0.311309;0.0686052;0.136118;-9.07412
63.8522;146.03;-0.359079;0.0724044;0.132254;-8.88945
72.3085;146.03;-0.404753;0.0768086;0.130844;-8.66995
80.7648;146.03;-0.410945;0.0841187;0.132145;-8.44866
89.2211;146.03;-0.444092;0.093684;0.131308;-8.18362
97.6774;146.03;-0.506792;0.100207;0.125694;-7.8504
106.134;146.03;-0.573369;0.101925;0.113833;-7.465
114.59;146.03;-0.553071;0.10205;0.101781;-7.11623
123.046;146.03;-0.520083;0.100956;0.0919504;-6.76653
131.503;146.03;-0.476935;0.0996546;0.0818506;-6.39961
139.959;146.03;-0.428434;0.0976774;0.0701361;-6.00224
148.415;146.03;-0.37672;0.0927952;0.0596457;-5.56888
156.871;146.03;-0.379138;0.0842327;0.0462245;-5.07107
165.328;146.03;-0.415676;0.0735255;0.0308817;-4.52584
173.784;146.03;-0.460481;0.0631236;0.0176813;-3.95584
182.24;146.03;-0.470709;0.0553985;0.0108849;-3.40157
190.697;146.03;-0.505393;0.0419712;0.00152307;-2.81172
199.153;146.03;-0.552216;0.0295194;-0.00451981;-2.19957
207.609;146.03;-0.590988;0.0204843;-0.0073272;-1.57812
-189.836;137.574;0.0807786;0.00761217;-0.00482257;-0.768451
-181.38;137.574;0.0241047;0.000777129;-0.000452572;-1.35596
-172.924;137.574;0.0276278;-0.00699535;0.00841313;-1.99795
-164.468;137.574;0.0698312;-0.0183331;0.0190902;-2.61224
-156.011;137.574;0.0494676;-0.0299202;0.030959;-3.20116
-147.555;137.574;0.0487253;-0.0394791;0.0389425;-3.77212
-139.099;137.574;0.0737855;-0.0485126;0.0455197;-4.33399
-130.642;137.574;0.0800196;-0.054665;0.0532948;-4.87661
-122.186;137.574;0.0713181;-0.0595151;0.0576231;-5.3845
-113.73;137.574;0.0637925;-0.0642733;0.0608412;-5.86962
-105.274;137.574;0.062424;-0.0686499;0.0662032;-6.34376
-96.8173;137.574;0.0832482;-0.0705127;0.0707117;-6.80026
-88.361;137.574;0.105305;-0.0701991;0.0718801;-7.22335
-79.9047;137.574;0.0655983;-0.0667034;0.0769519;-7.59317
-71.4484;137.574;0.0142123;-0.0612318;0.0821089;-7.93895
-62.9921;137.574;-0.0166021;-0.0560919;0.0853593;-8.26986
-54.5358;137.574;-0.0350754;-0.0517299;0.0891469;-8.57922
-46.0795;137.574;-0.0690129;-0.0462731;0.0984199;-8.84939
-37.6233;137.574;-0.0942356;-0.0393289;0.107729;-9.09024
-29.167;137.574;-0.114536;-0.0325842;0.115172;-9.29602
-20.7107;137.574;-0.130328;-0.0248927;0.122127;-9.47645
-12.2544;137.574;-0.151443;-0.0158696;0.128702;-9.62997
-3.79809;137.574;-0.195469;-0.00582005;0.134454;-9.74503
4.6582;137.574;-0.254208;0.00471502;0.141731;-9.81033
13.1145;137.574;-0.284688;0.0177071;0.14847;-9.84626
21.5708;137.574;-0.292759;0.028139;0.15088;-9.85534
30.0271;137.574;-0.290324;0.0376253;0.151153;-9.84457
38.4834;137.574;-0.287597;0.049147;0.148951;-9.80404
46.9397;137.574;-0.30129;0.0623244;0.144863;-9.71699
55.396;137.574;-0.356171;0.0729748;0.138411;-9.56402
63.8522;137.574;-0.446671;0.0830393;0.135597;-9.35133
72.3085;137.574;-0.548166;0.09104;0.135194;-9.08907
80.7648;137.574;-0.600381;0.0972194;0.134896;-8.8275
89.2211;137.574;-0.668316;0.105144;0.13002;-8.52469
97.6774;137.574;-0.803729;0.112926;0.120843;-8.12324
106.134;137.574;-0.965993;0.115025;0.109093;-7.64768
114.59;137.574;-0.968621;0.115501;0.0998648;-7.27662
123.046;137.574;-0.905591;0.11557;0.094251;-6.95618
131.503;137.574;-0.813955;0.112513;0.0865209;-6.62821
139.959;137.574;-0.714253;0.108689;0.0726524;-6.27192
148.415;137.574;-0.600045;0.103314;0.0609571;-5.8853
156.871;137.574;-0.565563;0.0959216;0.0495603;-5.4133
165.328;137.574;-0.569599;0.0876687;0.0380204;-4.89022
173.784;137.574;-0.576382;0.0788501;0.026699;-4.34321
182.24;137.574;-0.555469;0.071027;0.0185749;-3.80121
190.697;137.574;-0.547192;0.0590371;0.00902448;-3.21856
199.153;137.574;-0.556303;0.0463838;0.000757673;-2.59962
207.609;137.574;-0.581214;0.0335279;-0.00705481;-1.9443
216.065;137.574;-0.469367;0.0269139;-0.00465933;-1.34161
-189.836;129.118;0.0747553;0.00115993;-0.000331088;-1.17214
-181.38;129.118;-0.0323443;-0.00801618;0.00637919;-1.76197
-172.924;129.118;-0.0365676;-0.0162968;0.0157505;-2.38306
-164.468;129.118;0.0153155;-0.0253437;0.0267394;-3.00079
-156.011;129.118;0.000294852;-0.036012;0.0384104;-3.59788
-147.555;129.118;0.00199917;-0.0461069;0.045174;-4.18362
-139.099;129.118;0.0332499;-0.0552718;0.0506915;-4.75948
-130.642;129.118;0.0510777;-0.0619123;0.0578616;-5.3126
-122.186;129.118;0.0432069;-0.0681873;0.0622604;-5.82372
-113.73;129.118;0.0224014;-0.0745896;0.0651748;-6.31284
-105.274;129.118;0.0125224;-0.0801281;0.0699818;-6.79647
-96.8173;129.118;0.0374291;-0.0814489;0.0747103;-7.26599
-88.361;129.118;0.052299;-0.0774753;0.0774085;-7.69295
-79.9047;129.118;0.0134051;-0.0729741;0.0812458;-8.06244
-71.4484;129.118;-0.0302795;-0.0690526;0.0837136;-8.40977
-62.9921;129.118;-0.0542668;-0.0652181;0.0858028;-8.74678
-54.5358;129.118;-0.0692569;-0.0600653;0.0907129;-9.06532
-46.0795;129.118;-0.0935454;-0.0537027;0.101211;-9.34731
-37.6233;129.118;-0.107535;-0.0465639;0.110698;-9.59364
-29.167;129.118;-0.117348;-0.039185;0.118435;-9.80474
-20.7107;129.118;-0.126818;-0.0310776;0.125144;-9.99203
-12.2544;129.118;-0.144333;-0.0224011;0.130804;-10.153
-3.79809;129.118;-0.179777;-0.0134969;0.13578;-10.2742
4.6582;129.118;-0.227871;-0.00398577;0.143214;-10.3469
13.1145;129.118;-0.254961;0.00877302;0.149162;-10.3884
21.5708;129.118;-0.274224;0.0206083;0.151187;-10.3968
30.0271;129.118;-0.296308;0.0321883;0.1525;-10.3761
38.4834;129.118;-0.324391;0.0445044;0.15189;-10.32
46.9397;129.118;-0.357408;0.0574383;0.147597;-10.2185
55.396;129.118;-0.431661;0.0734799;0.139302;-10.0506
63.8522;129.118;-0.525971;0.0949572;0.13817;-9.84684
72.3085;129.118;-0.604123;0.10971;0.138234;-9.6067
80.7648;129.118;-0.622304;0.114165;0.13447;-9.37102
89.2211;129.118;-0.663408;0.118595;0.121736;-9.07734
97.6774;129.118;-0.815695;0.127083;0.106998;-8.65534
106.134;129.118;-1.02942;0.131604;0.097507;-8.13469
114.59;129.118;-1.10425;0.131171;0.09385;-7.69823
123.046;129.118;-1.07409;0.131311;0.0905429;-7.34053
131.503;129.118;-0.99093;0.126147;0.0855389;-6.98879
139.959;129.118;-0.879037;0.119977;0.0739126;-6.62841
148.415;129.118;-0.731513;0.11405;0.0628547;-6.2625
156.871;129.118;-0.66312;0.108126;0.0516643;-5.81156
165.328;129.118;-0.626261;0.101694;0.0417185;-5.31235
173.784;129.118;-0.592286;0.0940679;0.0324135;-4.7861
182.24;129.118;-0.557115;0.0853438;0.0251905;-4.23913
190.697;129.118;-0.539066;0.0738623;0.0168692;-3.65918
199.153;129.118;-0.530637;0.0609292;0.00845351;-3.044
207.609;129.118;-0.518888;0.044849;-0.00114658;-2.38743
216.065;129.118;-0.407521;0.0288574;-0.0065094;-1.75431
-189.836;120.661;0.0962435;-0.00126322;-0.000365357;-1.55235
-181.38;120.661;0.00605474;-0.00966687;0.00801217;-2.15795
-172.924;120.661;-0.0281085;-0.0201576;0.0182141;-2.76683
-164.468;120.661;-0.000547513;-0.0310717;0.0303003;-3.38925
-156.011;120.661;-0.0112085;-0.0417715;0.041117;-3.99553
-147.555;120.661;-0.00657013;-0.0509798;0.0454923;-4.58987
-139.099;120.661;0.0129688;-0.0609833;0.0496846;-5.17608
-130.642;120.661;0.0177387;-0.0701201;0.0563695;-5.73676
-122.186;120.661;-0.00857252;-0.0780579;0.0617919;-6.24925
-113.73;120.661;-0.0516167;-0.0849191;0.06566;-6.73661
-105.274;120.661;-0.0727614;-0.0913348;0.0715965;-7.22472
-96.8173;120.661;-0.0383123;-0.0934153;0.0778491;-7.70613
-88.361;120.661;-0.013435;-0.0877392;0.0814046;-8.14249
-79.9047;120.661;-0.019122;-0.0821484;0.0823793;-8.52768
-71.4484;120.661;-0.0302463;-0.0782601;0.0818594;-8.88943
-62.9921;120.661;-0.042485;-0.0743219;0.0828579;-9.23438
-54.5358;120.661;-0.0661258;-0.0681633;0.0882212;-9.55515
-46.0795;120.661;-0.10087;-0.0610697;0.099177;-9.84221
-37.6233;120.661;-0.133602;-0.0531141;0.109915;-10.0876
-29.167;120.661;-0.148665;-0.0444951;0.118087;-10.3
-20.7107;120.661;-0.153667;-0.0357582;0.125388;-10.4939
-12.2544;120.661;-0.15942;-0.0273628;0.131969;-10.6657
-3.79809;120.661;-0.173208;-0.0192191;0.137283;-10.7979
4.6582;120.661;-0.198829;-0.0101265;0.144141;-10.8816
13.1145;120.661;-0.220961;0.000975522;0.150221;-10.9293
21.5708;120.661;-0.243666;0.0120843;0.153081;-10.9429
30.0271;120.661;-0.269785;0.0233859;0.15489;-10.926
38.4834;120.661;-0.301078;0.034619;0.154936;-10.874
46.9397;120.661;-0.346791;0.0479539;0.150255;-10.7772
55.396;120.661;-0.394934;0.0713982;0.140595;-10.6452
63.8522;120.661;-0.374609;0.103335;0.138181;-10.5448
72.3085;120.661;-0.267611;0.122748;0.137406;-10.4453
80.7648;120.661;-0.157067;0.129941;0.13064;-10.3158
89.2211;120.661;-0.139022;0.134437;0.111221;-10.0806
97.6774;120.661;-0.293575;0.14232;0.091224;-9.65368
106.134;120.661;-0.552272;0.147231;0.0839742;-9.08369
114.59;120.661;-0.752149;0.149114;0.0812021;-8.53443
123.046;120.661;-0.79132;0.149125;0.0783791;-8.09159
131.503;120.661;-0.751271;0.142203;0.0734968;-7.67525
139.959;120.661;-0.675383;0.133764;0.0647077;-7.26325
148.415;120.661;-0.588782;0.127005;0.056778;-6.83853
156.871;120.661;-0.541902;0.121579;0.0495464;-6.36147
165.328;120.661;-0.503572;0.115599;0.0426534;-5.8515
173.784;120.661;-0.466047;0.108179;0.0347353;-5.31417
182.24;120.661;-0.448488;0.0976343;0.0263998;-4.7364
190.697;120.661;-0.445319;0.0825463;0.0163673;-4.12672
199.153;120.661;-0.436894;0.0674014;0.00814036;-3.50334
207.609;120.661;-0.400808;0.0513045;0.00165836;-2.87132
216.065;120.661;-0.337252;0.0294579;-0.00744362;-2.19913
-198.293;112.205;0.125119;-0.000495921;-0.00187911;-1.24301
-189.836;112.205;0.134489;0.00203867;-0.00353256;-1.89786
-181.38;112.205;0.0765181;-0.00477233;0.00471112;-2.5326
-172.924;112.205;0.0134629;-0.0193563;0.0167965;-3.14143
-164.468;112.205;0.00970936;-0.0346228;0.0303732;-3.77131
-156.011;112.205;0.00902965;-0.0467174;0.0402153;-4.38753
-147.555;112.205;0.0110314;-0.0554148;0.0435142;-4.98657
-139.099;112.205;0.00300992;-0.0670777;0.047606;-5.57822
-130.642;112.205;-0.0210845;-0.0790555;0.0544073;-6.14195
-122.186;112.205;-0.0657173;-0.0877786;0.060544;-6.6587
-113.73;112.205;-0.112231;-0.0934732;0.0650876;-7.15008
-105.274;112.205;-0.124239;-0.0991346;0.0715537;-7.64292
-96.8173;112.205;-0.0820031;-0.101782;0.0783949;-8.13141
-88.361;112.205;-0.0504581;-0.0963855;0.0814163;-8.57514
-79.9047;112.205;-0.033253;-0.0900645;0.0807694;-8.98376
-71.4484;112.205;-0.0266802;-0.0852533;0.0812887;-9.36745
-62.9921;112.205;-0.0312296;-0.0804793;0.0849498;-9.72243
-54.5358;112.205;-0.051939;-0.0740702;0.0919555;-10.0425
-46.0795;112.205;-0.0961957;-0.0675382;0.102763;-10.331
-37.6233;112.205;-0.141645;-0.0602319;0.111257;-10.5747
-29.167;112.205;-0.158155;-0.0507892;0.117839;-10.7897
-20.7107;112.205;-0.15485;-0.0406485;0.125579;-10.9947
-12.2544;112.205;-0.147472;-0.0305132;0.133994;-11.1831
-3.79809;112.205;-0.148888;-0.0203315;0.140479;-11.3305
4.6582;112.205;-0.160704;-0.00979931;0.146374;-11.4254
13.1145;112.205;-0.177424;0.0001709;0.152998;-11.4822
21.5708;112.205;-0.198646;0.00995943;0.156301;-11.5012
30.0271;112.205;-0.220602;0.0198353;0.157776;-11.489
38.4834;112.205;-0.242991;0.0300385;0.15857;-11.4467
46.9397;112.205;-0.302616;0.0475538;0.153069;-11.3454
55.396;112.205;-0.364436;0.0798737;0.141138;-11.2129
63.8522;112.205;-0.311299;0.116674;0.132046;-11.1343
72.3085;112.205;-0.131202;0.138671;0.12207;-11.0858
80.7648;112.205;0.0392595;0.146567;0.110448;-10.9977
89.2211;112.205;0.0724029;0.15158;0.0934602;-10.7712
97.6774;112.205;-0.0444141;0.158955;0.079473;-10.372
106.134;112.205;-0.227058;0.1647;0.0750295;-9.8627
114.59;112.205;-0.353045;0.167892;0.0738938;-9.35761
123.046;112.205;-0.376253;0.166496;0.0681784;-8.9101
131.503;112.205;-0.380468;0.156024;0.0601637;-8.43731
139.959;112.205;-0.382134;0.146134;0.0525745;-7.94839
148.415;112.205;-0.369873;0.140351;0.0475787;-7.45521
156.871;112.205;-0.356287;0.136228;0.0438595;-6.94259
165.328;112.205;-0.336613;0.13066;0.0397071;-6.40615
173.784;112.205;-0.327794;0.123754;0.0329126;-5.83748
182.24;112.205;-0.372612;0.115688;0.0262978;-5.21408
190.697;112.205;-0.463502;0.103248;0.0191897;-4.54429
199.153;112.205;-0.519238;0.0870123;0.0110249;-3.86938
207.609;112.205;-0.476966;0.0683211;0.0027718;-3.22014
216.065;112.205;-0.391221;0.0449272;-0.00696274;-2.56242
-206.749;103.749;-0.0138615;-0.00689583;0.00310715;-0.816404
-198.293;103.749;0.11547;0.000265177;-0.00403291;-1.53301
-189.836;103.749;0.169585;0.00767911;-0.00819216;-2.22636
-181.38;103.749;0.0962638;0.000533313;0.000242359;-2.88051
-172.924;103.749;0.0194576;-0.0185149;0.0143128;-3.49396
-164.468;103.749;0.010408;-0.0364545;0.0282804;-4.13357
-156.011;103.749;0.0204466;-0.0503292;0.0371241;-4.75623
-147.555;103.749;0.00439141;-0.0604538;0.0420613;-5.35736
-139.099;103.749;-0.0305233;-0.0741799;0.0479189;-5.95086
-130.642;103.749;-0.0676085;-0.0875867;0.0556253;-6.51981
-122.186;103.749;-0.102185;-0.0959565;0.0604557;-7.05162
-113.73;103.749;-0.121741;-0.0992566;0.0635771;-7.56537
-105.274;103.749;-0.112431;-0.101998;0.0688461;-8.06985
-96.8173;103.749;-0.0873254;-0.103459;0.0756284;-8.55342
-88.361;103.749;-0.0725952;-0.0992537;0.0782581;-8.99344
-79.9047;103.749;-0.0598608;-0.0944181;0.0787576;-9.41497
-71.4484;103.749;-0.0551958;-0.0905586;0.082669;-9.81478
-62.9921;103.749;-0.0528909;-0.0856249;0.0898559;-10.1827
-54.5358;103.749;-0.0560382;-0.0784859;0.0978751;-10.5124
-46.0795;103.749;-0.0918048;-0.0717326;0.106122;-10.8109
-37.6233;103.749;-0.126406;-0.0647391;0.112265;-11.0695
-29.167;103.749;-0.134796;-0.054869;0.117902;-11.2959
-20.7107;103.749;-0.128889;-0.0440408;0.125086;-11.5086
-12.2544;103.749;-0.125878;-0.0330798;0.132798;-11.6989
-3.79809;103.749;-0.136447;-0.0220065;0.138895;-11.8431
4.6582;103.749;-0.152254;-0.00979619;0.145631;-11.941
13.1145;103.749;-0.167287;0.00101926;0.15356;-12.0056
21.5708;103.749;-0.190271;0.0120761;0.157561;-12.0288
30.0271;103.749;-0.211067;0.0221804;0.158223;-12.017
38.4834;103.749;-0.222155;0.0328643;0.157034;-11.9788
46.9397;103.749;-0.276659;0.0555034;0.147054;-11.8705
55.396;103.749;-0.353965;0.0926221;0.130451;-11.7083
63.8522;103.749;-0.333396;0.125258;0.115085;-11.5678
72.3085;103.749;-0.203825;0.143672;0.0998465;-11.4583
80.7648;103.749;-0.0740207;0.15371;0.0875663;-11.3339
89.2211;103.749;-0.0422189;0.163288;0.0774896;-11.104
97.6774;103.749;-0.0835963;0.172173;0.072291;-10.7663
106.134;103.749;-0.144339;0.179238;0.0706796;-10.3623
114.59;103.749;-0.17005;0.182833;0.0666762;-9.93896
123.046;103.749;-0.178509;0.180497;0.0576779;-9.49941
131.503;103.749;-0.212928;0.16973;0.0480734;-9.00147
139.959;103.749;-0.252088;0.16035;0.0402561;-8.48124
148.415;103.749;-0.258383;0.155928;0.0358281;-7.96642
156.871;103.749;-0.249205;0.153104;0.0333509;-7.44136
165.328;103.749;-0.230122;0.147179;0.0309582;-6.89093
173.784;103.749;-0.23599;0.138738;0.0261708;-6.2981
182.24;103.749;-0.330514;0.132532;0.0231727;-5.64021
190.697;103.749;-0.434088;0.122646;0.0206376;-4.95948
199.153;103.749;-0.466746;0.107025;0.0152674;-4.28876
207.609;103.749;-0.386051;0.0868762;0.00691667;-3.64754
216.065;103.749;-0.252113;0.0628748;-0.00354463;-2.9998
-206.749;95.2925;-0.0056411;-0.00779658;0.00330404;-1.05216
-198.293;95.2925;0.0912277;0.00137191;-0.00357514;-1.83914
-189.836;95.2925;0.141722;0.0102326;-0.00998373;-2.54275
-181.38;95.2925;0.0872254;0.00199878;-0.00412229;-3.18624
-172.924;95.2925;0.0304038;-0.0176826;0.00912609;-3.81274
-164.468;95.2925;0.0280246;-0.0348426;0.0216428;-4.46379
-156.011;95.2925;0.00886626;-0.0503876;0.0295807;-5.08714
-147.555;95.2925;-0.0457168;-0.0636225;0.0361587;-5.68863
-139.099;95.2925;-0.0906512;-0.0791517;0.0431202;-6.28869
-130.642;95.2925;-0.106752;-0.0917887;0.0499222;-6.87614
-122.186;95.2925;-0.103439;-0.0990029;0.0512253;-7.43596
-113.73;95.2925;-0.0939206;-0.101546;0.0510829;-7.97545
-105.274;95.2925;-0.0906231;-0.102594;0.0543604;-8.48765
-96.8173;95.2925;-0.110801;-0.101279;0.0610198;-8.95762
-88.361;95.2925;-0.117504;-0.0975456;0.0626802;-9.39705
-79.9047;95.2925;-0.10382;-0.0945955;0.0652642;-9.83114
-71.4484;95.2925;-0.0939282;-0.092754;0.0719952;-10.2453
-62.9921;95.2925;-0.0851884;-0.0889532;0.0799928;-10.6242
-54.5358;95.2925;-0.0764479;-0.0817821;0.0864153;-10.9629
-46.0795;95.2925;-0.0902228;-0.0739231;0.0929997;-11.2732
-37.6233;95.2925;-0.0998481;-0.0672989;0.0991177;-11.5541
-29.167;95.2925;-0.0962027;-0.0581923;0.104644;-11.7989
-20.7107;95.2925;-0.0961497;-0.0477813;0.111909;-12.0184
-12.2544;95.2925;-0.109114;-0.0364404;0.119967;-12.205
-3.79809;95.2925;-0.133691;-0.0243542;0.126979;-12.3434
4.6582;95.2925;-0.158171;-0.0107543;0.136274;-12.4425
13.1145;95.2925;-0.172719;0.0025622;0.145187;-12.5133
21.5708;95.2925;-0.199592;0.0159213;0.148868;-12.5352
30.0271;95.2925;-0.21944;0.0275737;0.147877;-12.519
38.4834;95.2925;-0.214029;0.0412714;0.142848;-12.4823
46.9397;95.2925;-0.236043;0.0704762;0.126946;-12.3803
55.396;95.2925;-0.285785;0.111117;0.107678;-12.2164
63.8522;95.2925;-0.281446;0.140407;0.091;-12.0349
72.3085;95.2925;-0.222693;0.157145;0.0768613;-11.8597
80.7648;95.2925;-0.176563;0.170323;0.0675636;-11.6692
89.2211;95.2925;-0.157389;0.182497;0.0626582;-11.4202
97.6774;95.2925;-0.141519;0.189685;0.0606452;-11.1182
106.134;95.2925;-0.118501;0.19246;0.0581935;-10.7731
114.59;95.2925;-0.0898703;0.194014;0.052884;-10.3948
123.046;95.2925;-0.0995216;0.192393;0.0446846;-9.95443
131.503;95.2925;-0.140753;0.185957;0.0370129;-9.46069
139.959;95.2925;-0.177661;0.179475;0.0303008;-8.94583
148.415;95.2925;-0.176559;0.174407;0.026007;-8.42854
156.871;95.2925;-0.163828;0.169514;0.0238315;-7.89229
165.328;95.2925;-0.141069;0.162706;0.0228636;-7.33404
173.784;95.2925;-0.143217;0.152219;0.0198061;-6.73185
182.24;95.2925;-0.221009;0.145288;0.0188134;-6.07573
190.697;95.2925;-0.284979;0.134775;0.0178928;-5.40948
199.153;95.2925;-0.277308;0.117272;0.0125209;-4.75027
207.609;95.2925;-0.180552;0.0959851;0.00451685;-4.10763
216.065;95.2925;-0.0790632;0.0724297;-0.00459365;-3.44045
224.522;95.2925;-0.00921189;0.0517457;-0.00868112;-2.75591
-206.749;86.8362;-0.00955212;-0.00391633;0.0020327;-1.31154
-198.293;86.8362;0.053809;0.00328109;-0.0033835;-2.09868
-189.836;86.8362;0.0765387;0.00996904;-0.00927851;-2.80437
-181.38;86.8362;0.0382863;0.000272698;-0.00537136;-3.45611
-172.924;86.8362;0.012966;-0.0198366;0.00457848;-4.10164
-164.468;86.8362;0.0344789;-0.0359078;0.0140022;-4.77746
-156.011;86.8362;0.0388823;-0.0492731;0.0191558;-5.42434
-147.555;86.8362;-0.00218905;-0.0613584;0.0240247;-6.04932
-139.099;86.8362;-0.0275219;-0.0743885;0.0285507;-6.66479
-130.642;86.8362;-0.0324954;-0.0843393;0.0324868;-7.26454
-122.186;86.8362;-0.0135647;-0.0917145;0.0303938;-7.84207
-113.73;86.8362;0.00411791;-0.0970747;0.0290489;-8.39684
-105.274;86.8362;-0.0175563;-0.100394;0.032847;-8.90999
-96.8173;86.8362;-0.0812817;-0.0996314;0.0394928;-9.36689
-88.361;86.8362;-0.0742921;-0.0979163;0.0398005;-9.81375
-79.9047;86.8362;-0.0440549;-0.0946694;0.0406442;-10.2614
-71.4484;86.8362;-0.0325316;-0.0924678;0.044312;-10.6847
-62.9921;86.8362;-0.0312272;-0.0893302;0.049456;-11.0674
-54.5358;86.8362;-0.031613;-0.0831361;0.0551848;-11.4082
-46.0795;86.8362;-0.0533693;-0.074185;0.0636779;-11.7234
-37.6233;86.8362;-0.0550391;-0.0670696;0.0710231;-12.0158
-29.167;86.8362;-0.0522484;-0.0597643;0.0785355;-12.2751
-20.7107;86.8362;-0.0476654;-0.0512897;0.0883615;-12.5101
-12.2544;86.8362;-0.0468578;-0.0401524;0.0993706;-12.7133
-3.79809;86.8362;-0.0551459;-0.0265419;0.109421;-12.869
4.6582;86.8362;-0.0718261;-0.0121488;0.120487;-12.9807
13.1145;86.8362;-0.0884816;0.00232521;0.127894;-13.0581
21.5708;86.8362;-0.120546;0.0158999;0.130827;-13.0763
30.0271;86.8362;-0.136307;0.028374;0.12979;-13.0541
38.4834;86.8362;-0.112465;0.0471588;0.123491;-13.0184
46.9397;86.8362;-0.0976246;0.0860623;0.104824;-12.9334
55.396;86.8362;-0.0696716;0.128775;0.0875309;-12.8214
63.8522;86.8362;0.000487594;0.154552;0.0730285;-12.6802
72.3085;86.8362;0.0660834;0.169865;0.0633545;-12.5074
80.7648;86.8362;0.0500883;0.185823;0.0583236;-12.2703
89.2211;86.8362;0.0197278;0.198464;0.0545865;-11.9729
97.6774;86.8362;0.0134649;0.202009;0.0491725;-11.635
106.134;86.8362;0.0268278;0.200228;0.0426939;-11.2647
114.59;86.8362;0.0395374;0.200508;0.0378659;-10.8672
123.046;86.8362;0.00905236;0.201574;0.0324731;-10.4065
131.503;86.8362;-0.0314776;0.201039;0.0278118;-9.91704
139.959;86.8362;-0.0604845;0.198174;0.0229753;-9.40783
148.415;86.8362;-0.0648932;0.191765;0.0193338;-8.87896
156.871;86.8362;-0.0638117;0.183153;0.0177231;-8.3203
165.328;86.8362;-0.046505;0.174992;0.0178967;-7.75066
173.784;86.8362;-0.0340229;0.164436;0.0157802;-7.15233
182.24;86.8362;-0.0542871;0.155423;0.0140203;-6.51916
190.697;86.8362;-0.0738184;0.142743;0.0123865;-5.86631
199.153;86.8362;-0.0461862;0.123319;0.00673687;-5.20758
207.609;86.8362;0.0287879;0.102078;5.69888e-05;-4.54836
216.065;86.8362;0.0864063;0.0799517;-0.00565899;-3.84753
224.522;86.8362;0.102802;0.0588787;-0.00674214;-3.11755
232.978;86.8362;0.0916386;0.0394838;-0.00528823;-2.34747
241.434;86.8362;-0.0159465;0.0218332;-0.00456732;-1.52428
-206.749;78.3799;-0.0268973;-0.0019309;0.00407633;-1.59448
-198.293;78.3799;0.0242389;0.00298561;-0.00111455;-2.34604
-189.836;78.3799;0.0118673;0.00831474;-0.00835032;-3.0316
-181.38;78.3799;-0.041036;-0.00281751;-0.00731042;-3.6873
-172.924;78.3799;-0.0510699;-0.024811;-0.000236462;-4.34982
-164.468;78.3799;0.00192113;-0.0404152;0.00604194;-5.04202
-156.011;78.3799;0.0490776;-0.0516964;0.00795083;-5.7082
-147.555;78.3799;0.0583753;-0.0620001;0.00939577;-6.36275
-139.099;78.3799;0.0768641;-0.0716566;0.0112929;-7.00775
-130.642;78.3799;0.0847284;-0.079078;0.01291;-7.62523
-122.186;78.3799;0.0868206;-0.0875826;0.0112383;-8.20938
-113.73;78.3799;0.0844343;-0.0956213;0.0118808;-8.77205
-105.274;78.3799;0.0598565;-0.100805;0.0166087;-9.29026
-96.8173;78.3799;-0.00729848;-0.101642;0.0228473;-9.74993
-88.361;78.3799;0.0132979;-0.102046;0.0225316;-10.2098
-79.9047;78.3799;0.0554096;-0.0988509;0.0218829;-10.6684
-71.4484;78.3799;0.0691823;-0.0950154;0.0229881;-11.0937
-62.9921;78.3799;0.0622467;-0.0910141;0.0256795;-11.4758
-54.5358;78.3799;0.0446276;-0.0858968;0.0310442;-11.8217
-46.0795;78.3799;0.00740456;-0.078198;0.0425433;-12.1484
-37.6233;78.3799;0.0105395;-0.0704881;0.0509776;-12.4549
-29.167;78.3799;0.0158948;-0.0632946;0.0582837;-12.7263
-20.7107;78.3799;0.0285754;-0.0565324;0.0698635;-12.9779
-12.2544;78.3799;0.0482704;-0.0463164;0.0841204;-13.2025
-3.79809;78.3799;0.0678033;-0.0311213;0.0965852;-13.3823
4.6582;78.3799;0.0739964;-0.0158979;0.106945;-13.5131
13.1145;78.3799;0.0547437;-0.0018693;0.113725;-13.598
21.5708;78.3799;0.0160015;0.00833401;0.119259;-13.6178
30.0271;78.3799;0.0028967;0.020698;0.12121;-13.6005
38.4834;78.3799;0.0391689;0.0473969;0.115243;-13.5719
46.9397;78.3799;0.0774578;0.098696;0.0956849;-13.4985
55.396;78.3799;0.146434;0.145148;0.0792822;-13.4179
63.8522;78.3799;0.247117;0.169549;0.0643223;-13.3032
72.3085;78.3799;0.310078;0.183901;0.0560817;-13.13
80.7648;78.3799;0.262216;0.200032;0.0523016;-12.8548
89.2211;78.3799;0.179113;0.211611;0.0479122;-12.5018
97.6774;78.3799;0.145718;0.211753;0.0395423;-12.1212
106.134;78.3799;0.150017;0.207183;0.0318875;-11.7267
114.59;78.3799;0.161732;0.205691;0.0284377;-11.3176
123.046;78.3799;0.140628;0.208041;0.0261511;-10.8566
131.503;78.3799;0.109677;0.210667;0.0242049;-10.3687
139.959;78.3799;0.0802159;0.210433;0.0211949;-9.8526
148.415;78.3799;0.0580846;0.2046;0.0185443;-9.30379
156.871;78.3799;0.0323519;0.194531;0.0171346;-8.72
165.328;78.3799;0.0406581;0.184943;0.0168667;-8.13593
173.784;78.3799;0.0598906;0.176462;0.0143103;-7.53955
182.24;78.3799;0.0604011;0.166468;0.0112901;-6.90895
190.697;78.3799;0.060272;0.152886;0.00896149;-6.25461
199.153;78.3799;0.0835944;0.134727;0.00558779;-5.58845
207.609;78.3799;0.128403;0.113883;0.000352894;-4.90957
216.065;78.3799;0.17015;0.0921574;-0.00341778;-4.19802
224.522;78.3799;0.203174;0.0706938;-0.00278545;-3.45143
232.978;78.3799;0.134263;0.0491126;-0.000966106;-2.67422
241.434;78.3799;-0.0627306;0.0294111;0.000637067;-1.8736
-223.662;69.9236;-0.0404966;0.0268932;-0.0081253;-0.452977
-215.205;69.9236;-0.108329;0.0132649;-0.00209893;-1.0699
-206.749;69.9236;-0.0456241;-0.00144291;0.00436613;-1.82732
-198.293;69.9236;0.0189825;-0.00126671;0.000762387;-2.55677
-189.836;69.9236;-0.0354671;-0.00163795;-0.00487457;-3.23393
-181.38;69.9236;-0.112217;-0.0147103;-0.00540846;-3.89644
-172.924;69.9236;-0.113005;-0.0347604;-0.00128621;-4.57661
-164.468;69.9236;-0.0636351;-0.0490553;0.00203011;-5.27053
-156.011;69.9236;-0.0198982;-0.0595866;0.000719457;-5.94263
-147.555;69.9236;0.0150156;-0.0692209;-0.00102034;-6.61346
-139.099;69.9236;0.0761026;-0.0763823;-0.0014498;-7.27906
-130.642;69.9236;0.0954536;-0.0820057;0.000162528;-7.90777
-122.186;69.9236;0.0786652;-0.0907791;0.000977898;-8.48801
-113.73;69.9236;0.0583907;-0.100155;0.00413056;-9.05183
-105.274;69.9236;0.0461013;-0.106683;0.00998484;-9.58596
-96.8173;69.9236;0.020177;-0.107769;0.0150246;-10.0703
-88.361;69.9236;0.0499098;-0.108797;0.0146554;-10.5482
-79.9047;69.9236;0.0930005;-0.106408;0.0133316;-11.0161
-71.4484;69.9236;0.102105;-0.101218;0.0130939;-11.4413
-62.9921;69.9236;0.0812685;-0.0956314;0.0156609;-11.8244
-54.5358;69.9236;0.0478816;-0.0907533;0.0230157;-12.1814
-46.0795;69.9236;0.0171844;-0.0852317;0.0365803;-12.5274
-37.6233;69.9236;0.04171;-0.0774927;0.0447575;-12.8578
-29.167;69.9236;0.0692303;-0.0695779;0.0508556;-13.1514
-20.7107;69.9236;0.0874751;-0.0630041;0.0612269;-13.4144
-12.2544;69.9236;0.102777;-0.0534834;0.0750103;-13.6423
-3.79809;69.9236;0.120651;-0.0375458;0.0877218;-13.8297
4.6582;69.9236;0.129242;-0.0203308;0.0975066;-13.9692
13.1145;69.9236;0.102999;-0.00628444;0.107259;-14.0547
21.5708;69.9236;0.0753348;0.000505182;0.117911;-14.0868
30.0271;69.9236;0.0767845;0.0153813;0.122922;-14.0885
38.4834;69.9236;0.109817;0.0538003;0.116811;-14.0653
46.9397;69.9236;0.13196;0.116973;0.0980425;-13.975
55.396;69.9236;0.190268;0.163607;0.0825019;-13.8773
63.8522;69.9236;0.252261;0.185365;0.0665524;-13.7211
72.3085;69.9236;0.262932;0.197612;0.0555333;-13.4899
80.7648;69.9236;0.189697;0.210373;0.0475496;-13.1653
89.2211;69.9236;0.120763;0.219117;0.0401069;-12.8132
97.6774;69.9236;0.103842;0.221377;0.031143;-12.4456
106.134;69.9236;0.113886;0.217854;0.0253428;-12.0507
114.59;69.9236;0.123738;0.214561;0.0222882;-11.6289
123.046;69.9236;0.120044;0.21601;0.0229211;-11.1757
131.503;69.9236;0.101648;0.21862;0.0243284;-10.6875
139.959;69.9236;0.0692192;0.219742;0.0237221;-10.1618
148.415;69.9236;0.030599;0.215769;0.0216179;-9.5982
156.871;69.9236;0.0108958;0.206268;0.0189439;-9.0155
165.328;69.9236;0.0434981;0.195882;0.0167223;-8.44364
173.784;69.9236;0.0920291;0.188701;0.0132121;-7.86367
182.24;69.9236;0.117824;0.180696;0.0113386;-7.24017
190.697;69.9236;0.11355;0.168487;0.0103335;-6.57442
199.153;69.9236;0.117258;0.150546;0.00880783;-5.88722
207.609;69.9236;0.140388;0.127455;0.00427966;-5.1849
216.065;69.9236;0.186425;0.103887;0.000206125;-4.47443
224.522;69.9236;0.23476;0.0806065;-0.00087411;-3.73207
232.978;69.9236;0.23408;0.0559243;-0.000539768;-2.96319
241.434;69.9236;0.177291;0.0317467;0.000248715;-2.17289
-223.662;61.4673;-0.098151;0.027339;-0.00534885;-0.587651
-215.205;61.4673;-0.150461;0.0122394;-0.000226759;-1.25296
-206.749;61.4673;-0.0725003;-0.00146282;0.00326573;-2.00612
-198.293;61.4673;-0.0294064;-0.00806604;0.00225014;-2.73246
-189.836;61.4673;-0.093561;-0.016305;0.000308009;-3.41865
-181.38;61.4673;-0.150207;-0.0300414;-0.000828014;-4.09272
-172.924;61.4673;-0.134413;-0.0451206;0.000386212;-4.79204
-164.468;61.4673;-0.103878;-0.0578444;0.00132636;-5.48275
-156.011;61.4673;-0.0855617;-0.0688737;-0.00166444;-6.1543
-147.555;61.4673;-0.0462441;-0.0785533;-0.00628262;-6.82312
-139.099;61.4673;0.0257831;-0.0847045;-0.0089897;-7.48495
-130.642;61.4673;0.0460456;-0.0906672;-0.00627554;-8.10949
-122.186;61.4673;0.0163113;-0.0996827;-0.00309147;-8.68426
-113.73;61.4673;-0.00964312;-0.109084;0.00099496;-9.24767
-105.274;61.4673;-0.000223867;-0.115446;0.00579708;-9.79808
-96.8173;61.4673;0.0114568;-0.115235;0.00942371;-10.3144
-88.361;61.4673;0.0319628;-0.115359;0.0106496;-10.8115
-79.9047;61.4673;0.0584746;-0.114079;0.00959958;-11.2939
-71.4484;61.4673;0.0619891;-0.108293;0.00818842;-11.7258
-62.9921;61.4673;0.044525;-0.101726;0.0108622;-12.1173
-54.5358;61.4673;0.0204959;-0.096938;0.0203808;-12.4915
-46.0795;61.4673;0.00930893;-0.0924364;0.0345144;-12.8604
-37.6233;61.4673;0.0514819;-0.0843299;0.0414237;-13.2155
-29.167;61.4673;0.109304;-0.0752142;0.0452533;-13.5386
-20.7107;61.4673;0.138531;-0.0684579;0.0531595;-13.8164
-12.2544;61.4673;0.141085;-0.0611132;0.066099;-14.0461
-3.79809;61.4673;0.14101;-0.0472054;0.0805094;-14.241
4.6582;61.4673;0.16304;-0.0289555;0.0908843;-14.3962
13.1145;61.4673;0.154728;-0.0154229;0.103424;-14.4969
21.5708;61.4673;0.169555;-0.0037804;0.114601;-14.5677
30.0271;61.4673;0.219086;0.0231613;0.117835;-14.6035
38.4834;61.4673;0.269507;0.0735945;0.111108;-14.5934
46.9397;61.4673;0.34044;0.136132;0.0977733;-14.5234
55.396;61.4673;0.408501;0.174657;0.0864901;-14.432
63.8522;61.4673;0.435747;0.192148;0.0747147;-14.2589
72.3085;61.4673;0.3788;0.203877;0.0614559;-13.9874
80.7648;61.4673;0.279591;0.216968;0.0450864;-13.6137
89.2211;61.4673;0.185196;0.226984;0.0331496;-13.2265
97.6774;61.4673;0.137779;0.2324;0.0253755;-12.8261
106.134;61.4673;0.122213;0.229391;0.0215759;-12.395
114.59;61.4673;0.123013;0.224176;0.0189664;-11.9439
123.046;61.4673;0.1321;0.228177;0.0204937;-11.4961
131.503;61.4673;0.123828;0.231619;0.0237428;-11.0036
139.959;61.4673;0.0962852;0.231143;0.0252112;-10.4667
148.415;61.4673;0.060697;0.226372;0.0242807;-9.89793
156.871;61.4673;0.0510753;0.217859;0.0200347;-9.3209
165.328;61.4673;0.101469;0.207783;0.0148726;-8.75728
173.784;61.4673;0.170227;0.200603;0.0102013;-8.1846
182.24;61.4673;0.215704;0.19228;0.00907399;-7.56559
190.697;61.4673;0.194523;0.178949;0.00900503;-6.87277
199.153;61.4673;0.181116;0.15983;0.00802752;-6.16247
207.609;61.4673;0.192931;0.13611;0.00423275;-5.44754
216.065;61.4673;0.233329;0.112638;0.000786924;-4.73537
224.522;61.4673;0.280997;0.0879353;-0.00114218;-3.99071
232.978;61.4673;0.332049;0.0581197;-0.00283955;-3.21507
241.434;61.4673;0.369681;0.0267282;-0.00447773;-2.40918
-223.662;53.011;-0.120562;0.022116;0.000457027;-0.7235
-215.205;53.011;-0.160681;0.00798509;0.00383193;-1.43606
-206.749;53.011;-0.107801;-0.002679;0.0039098;-2.18385
-198.293;53.011;-0.0974608;-0.0132949;0.00378883;-2.89894
-189.836;53.011;-0.128784;-0.0262684;0.00436091;-3.59816
-181.38;53.011;-0.126429;-0.0394168;0.00305186;-4.29313
-172.924;53.011;-0.0870956;-0.0511135;0.00150724;-5.00252
-164.468;53.011;-0.0670584;-0.0629851;0.000963961;-5.69873
-156.011;53.011;-0.0598077;-0.0740416;-0.00138106;-6.37853
-147.555;53.011;-0.0325654;-0.0823956;-0.00730255;-7.04281
-139.099;53.011;0.016123;-0.0882568;-0.0120387;-7.68901
-130.642;53.011;0.0223206;-0.0966735;-0.00984113;-8.30175
-122.186;53.011;-0.0115936;-0.106341;-0.00607688;-8.87579
-113.73;53.011;-0.030478;-0.113618;-0.00340508;-9.44661
-105.274;53.011;-0.00867496;-0.117752;-0.00206282;-10.0053
-96.8173;53.011;0.00488237;-0.118314;-0.000531301;-10.5239
-88.361;53.011;0.00614595;-0.119149;0.00208328;-11.0274
-79.9047;53.011;0.0152614;-0.119518;0.0022448;-11.5274
-71.4484;53.011;0.0229068;-0.113679;0.00074786;-11.9748
-62.9921;53.011;0.0248786;-0.106722;0.0029194;-12.3811
-54.5358;53.011;0.022029;-0.102228;0.0119511;-12.7716
-46.0795;53.011;0.0254299;-0.0985939;0.0243164;-13.1565
-37.6233;53.011;0.0724255;-0.0893831;0.0315032;-13.5347
-29.167;53.011;0.155354;-0.0785322;0.0353968;-13.8928
-20.7107;53.011;0.196445;-0.0717438;0.043738;-14.1946
-12.2544;53.011;0.196132;-0.0677646;0.0580433;-14.4373
-3.79809;53.011;0.200281;-0.0569468;0.0747216;-14.6581
4.6582;53.011;0.266803;-0.0371963;0.0868646;-14.8632
13.1145;53.011;0.314088;-0.0234679;0.0998369;-15.0041
21.5708;53.011;0.36012;0.00206255;0.101651;-15.1052
30.0271;53.011;0.434085;0.0511203;0.0926779;-15.1803
63.8522;53.011;0.813959;0.209174;0.0614297;-15.0113
72.3085;53.011;0.740781;0.218365;0.0497349;-14.6916
80.7648;53.011;0.589129;0.229958;0.0316217;-14.2472
89.2211;53.011;0.41753;0.240584;0.0207068;-13.7693
97.6774;53.011;0.295822;0.247878;0.0169552;-13.2912
106.134;53.011;0.233529;0.246195;0.0154049;-12.8044
114.59;53.011;0.22296;0.241903;0.0118161;-12.3229
123.046;53.011;0.237109;0.246757;0.0114499;-11.8612
131.503;53.011;0.23358;0.250121;0.0136124;-11.357
139.959;53.011;0.212513;0.244563;0.0151897;-10.8023
148.415;53.011;0.183238;0.234095;0.015209;-10.2181
156.871;53.011;0.166925;0.223752;0.0120815;-9.62723
165.328;53.011;0.203504;0.213891;0.00785352;-9.0475
173.784;53.011;0.264379;0.205984;0.00318007;-8.46181
182.24;53.011;0.314982;0.196323;0.00225993;-7.83923
190.697;53.011;0.279596;0.180464;0.00201089;-7.12034
199.153;53.011;0.259193;0.162063;0.00259834;-6.4003
207.609;53.011;0.271761;0.139251;0.00124847;-5.68602
216.065;53.011;0.321;0.116805;0.00026179;-4.98443
224.522;53.011;0.369146;0.0930728;-0.00103113;-4.24023
232.978;53.011;0.435263;0.0636687;-0.0036846;-3.45461
241.434;53.011;0.505596;0.0306871;-0.00702214;-2.62395
-223.662;44.5547;-0.129096;0.0171496;0.00500394;-0.83628
-215.205;44.5547;-0.144178;0.00297779;0.00848773;-1.60127
-206.749;44.5547;-0.104146;-0.00461598;0.00577291;-2.35657
-198.293;44.5547;-0.0911724;-0.0137877;0.00508159;-3.0734
-189.836;44.5547;-0.0826665;-0.026852;0.00585018;-3.78451
-181.38;44.5547;-0.0403989;-0.0402757;0.00412013;-4.49576
-172.924;44.5547;0.00986711;-0.0523278;0.00107897;-5.21103
-164.468;44.5547;0.0247522;-0.0647278;-0.000516132;-5.90576
-156.011;44.5547;0.0299372;-0.0759344;-0.00245526;-6.5776
-147.555;44.5547;0.0264827;-0.0828122;-0.00860856;-7.22486
-139.099;44.5547;0.0453294;-0.0892591;-0.0151328;-7.85867
-130.642;44.5547;0.0385902;-0.0998776;-0.0144435;-8.47708
-122.186;44.5547;0.0198398;-0.108708;-0.0119357;-9.07317
-113.73;44.5547;0.0172728;-0.113271;-0.0113133;-9.65374
-105.274;44.5547;0.0286756;-0.11563;-0.0123302;-10.2071
-96.8173;44.5547;0.0193688;-0.1179;-0.0121723;-10.7171
-88.361;44.5547;0.013547;-0.120637;-0.00847747;-11.2288
-79.9047;44.5547;0.0266142;-0.121263;-0.00680909;-11.7522
-71.4484;44.5547;0.0492984;-0.115113;-0.00671632;-12.2186
-62.9921;44.5547;0.0640212;-0.108679;-0.00439012;-12.6347
-54.5358;44.5547;0.0662009;-0.105615;0.00272922;-13.0296
-46.0795;44.5547;0.0719586;-0.103297;0.0122718;-13.4229
-37.6233;44.5547;0.118078;-0.0939423;0.0198145;-13.8172
-29.167;44.5547;0.214169;-0.0825255;0.0262323;-14.2053
-20.7107;44.5547;0.267404;-0.0752725;0.0364357;-14.5431
-12.2544;44.5547;0.294501;-0.0728857;0.0506133;-14.8224
-3.79809;44.5547;0.353974;-0.0660183;0.0669774;-15.0862
4.6582;44.5547;0.491722;-0.0462578;0.0818901;-15.3647
13.1145;44.5547;0.573083;-0.03063;0.0925284;-15.5192
21.5708;44.5547;0.56208;0.0104893;0.0766355;-15.5752
30.0271;44.5547;0.66071;0.0828937;0.0433819;-15.6704
63.8522;44.5547;1.2055;0.221156;0.0122913;-15.6367
72.3085;44.5547;1.07284;0.228456;0.0124589;-15.2803
80.7648;44.5547;0.894257;0.240424;0.00613405;-14.8017
89.2211;44.5547;0.666641;0.252599;0.00280469;-14.2578
97.6774;44.5547;0.483599;0.260269;0.00486819;-13.7168
106.134;44.5547;0.383397;0.261722;0.00711797;-13.1935
114.59;44.5547;0.361608;0.260382;0.00566717;-12.6915
123.046;44.5547;0.371996;0.263171;0.00471481;-12.2001
131.503;44.5547;0.367452;0.26452;0.00562561;-11.6793
139.959;44.5547;0.348744;0.256826;0.00623289;-11.1132
148.415;44.5547;0.318578;0.243885;0.00585432;-10.5137
156.871;44.5547;0.281942;0.231828;0.00414208;-9.8965
165.328;44.5547;0.279804;0.221577;0.00197366;-9.2806
173.784;44.5547;0.311712;0.21243;-0.00155114;-8.66647
182.24;44.5547;0.355022;0.20233;-0.00349233;-8.03439
190.697;44.5547;0.315711;0.186811;-0.00341989;-7.30702
199.153;44.5547;0.299593;0.169446;-0.000334354;-6.58676
207.609;44.5547;0.331024;0.147005;0.000456414;-5.88378
216.065;44.5547;0.423786;0.124883;0.000392611;-5.21479
224.522;44.5547;0.493648;0.0998951;-0.00159023;-4.47749
232.978;44.5547;0.543223;0.0695755;-0.00486774;-3.6747
241.434;44.5547;0.585048;0.0355531;-0.0081668;-2.81104
249.891;44.5547;0.651081;0.0215477;-0.00451793;-1.91818
-232.118;36.0984;-0.0931622;0.0200735;0.00168149;-0.336823
-223.662;36.0984;-0.139586;0.0168923;0.00456832;-0.932953
-215.205;36.0984;-0.0894127;0.00316731;0.0078519;-1.72265
-206.749;36.0984;-0.0451887;-0.00337119;0.00467005;-2.49266
-198.293;36.0984;-0.0310627;-0.0126144;0.00323187;-3.20425
-189.836;36.0984;-0.0104281;-0.0269562;0.00416712;-3.91629
-181.38;36.0984;0.0246836;-0.0417732;0.00349882;-4.63914
-172.924;36.0984;0.0540559;-0.0544275;0.000349597;-5.36297
-164.468;36.0984;0.0543853;-0.0673235;-0.00287708;-6.04424
-156.011;36.0984;0.0232598;-0.0798343;-0.00531294;-6.70007
-147.555;36.0984;-0.00659289;-0.0865974;-0.0107909;-7.33335
-139.099;36.0984;0.00137401;-0.0929702;-0.0182895;-7.97014
-130.642;36.0984;0.0203154;-0.101799;-0.0207658;-8.61148
-122.186;36.0984;0.0426594;-0.108984;-0.0209733;-9.22862
-113.73;36.0984;0.0572308;-0.112673;-0.0216105;-9.82037
-105.274;36.0984;0.0526565;-0.114696;-0.02297;-10.3776
-96.8173;36.0984;0.0313087;-0.117324;-0.0231391;-10.8934
-88.361;36.0984;0.0305677;-0.119743;-0.0195011;-11.4215
-79.9047;36.0984;0.0541596;-0.119061;-0.0173602;-11.9476
-71.4484;36.0984;0.0819567;-0.113134;-0.0149601;-12.4214
-62.9921;36.0984;0.0942981;-0.108228;-0.0109261;-12.8488
-54.5358;36.0984;0.0928451;-0.10654;-0.00472282;-13.2514
-46.0795;36.0984;0.0996458;-0.103794;0.00212553;-13.6515
-37.6233;36.0984;0.143906;-0.0957853;0.00935384;-14.0506
-29.167;36.0984;0.244584;-0.0853727;0.0171434;-14.4567
-20.7107;36.0984;0.348198;-0.0765988;0.0275973;-14.846
-12.2544;36.0984;0.45202;-0.069948;0.0408532;-15.2084
-3.79809;36.0984;0.595944;-0.061149;0.0569671;-15.5559
4.6582;36.0984;0.793417;-0.0525856;0.0735152;-15.835
13.1145;36.0984;0.682627;-0.0272255;0.0718214;-15.8361
21.5708;36.0984;0.474051;0.0248197;0.0386345;-15.7382
30.0271;36.0984;0.489493;0.105444;-0.0105761;-15.7805
63.8522;36.0984;0.705527;0.242333;-0.0557442;-15.6211
72.3085;36.0984;0.764452;0.249916;-0.0403971;-15.3538
80.7648;36.0984;0.811121;0.259253;-0.0282051;-14.9807
89.2211;36.0984;0.665627;0.267981;-0.0183281;-14.4732
97.6774;36.0984;0.492595;0.269918;-0.0104723;-13.9267
106.134;36.0984;0.369413;0.268701;-0.00509227;-13.3806
114.59;36.0984;0.313758;0.269666;-0.00262934;-12.853
123.046;36.0984;0.297073;0.272864;-0.00266407;-12.3294
131.503;36.0984;0.280609;0.274506;-0.00203194;-11.7939
139.959;36.0984;0.26633;0.268106;-0.00150385;-11.2293
148.415;36.0984;0.250578;0.255938;-0.00165633;-10.6354
156.871;36.0984;0.226261;0.243693;-0.00250308;-10.0152
165.328;36.0984;0.227116;0.2336;-0.0028301;-9.39264
173.784;36.0984;0.259939;0.223809;-0.00478721;-8.77323
182.24;36.0984;0.299485;0.211966;-0.00643908;-8.13277
190.697;36.0984;0.240476;0.195088;-0.00652611;-7.38174
199.153;36.0984;0.234316;0.178173;-0.00291752;-6.65568
207.609;36.0984;0.306101;0.1562;-0.00177042;-5.97018
216.065;36.0984;0.462999;0.133479;-0.00242699;-5.34395
224.522;36.0984;0.590807;0.107939;-0.00397452;-4.65102
232.978;36.0984;0.642371;0.0794484;-0.00536803;-3.86113
241.434;36.0984;0.662616;0.0490386;-0.00617708;-2.97727
249.891;36.0984;0.684597;0.0303903;-0.00228178;-2.08941
-232.118;27.6421;-0.215215;0.0232163;0.000983619;-0.37093
-223.662;27.6421;-0.160203;0.0190548;0.00375875;-0.993508
-215.205;27.6421;-0.0520445;0.00866671;0.00485191;-1.80244
-206.749;27.6421;-0.0246953;-0.0022901;0.00407784;-2.56531
-198.293;27.6421;-0.0727433;-0.0200787;0.0034842;-3.26717
-189.836;27.6421;-0.0926404;-0.0398619;0.00442659;-3.97558
-181.38;27.6421;-0.0572363;-0.0539795;0.00453272;-4.70279
-172.924;27.6421;-0.0062132;-0.0622264;0.00222896;-5.43609
-164.468;27.6421;-0.00293188;-0.0726301;-0.00149317;-6.1184
-156.011;27.6421;-0.0737541;-0.0872181;-0.0055945;-6.776
-147.555;27.6421;-0.110503;-0.0938117;-0.0128122;-7.4143
-139.099;27.6421;-0.0649114;-0.0968103;-0.0220482;-8.07203
-130.642;27.6421;-0.00825175;-0.102291;-0.0265388;-8.72572
-122.186;27.6421;0.028597;-0.108104;-0.0278945;-9.34682
-113.73;27.6421;0.0452461;-0.112861;-0.0290945;-9.93935
-105.274;27.6421;0.0451099;-0.116303;-0.0307774;-10.5025
-96.8173;27.6421;0.0292139;-0.117915;-0.0313043;-11.034
-88.361;27.6421;0.0257853;-0.117846;-0.0292783;-11.5683
-79.9047;27.6421;0.0294486;-0.114134;-0.0276301;-12.0771
-71.4484;27.6421;0.0465355;-0.108733;-0.0252377;-12.5478
-62.9921;27.6421;0.0593584;-0.105269;-0.0206399;-12.989
-54.5358;27.6421;0.0669881;-0.103117;-0.0139951;-13.4081
-46.0795;27.6421;0.083662;-0.0986218;-0.00872393;-13.8108
-37.6233;27.6421;0.120332;-0.0905722;-0.00300545;-14.2029
-29.167;27.6421;0.222829;-0.0812707;0.00434546;-14.6126
-20.7107;27.6421;0.375902;-0.0723516;0.0145;-15.0436
-12.2544;27.6421;0.583298;-0.0667258;0.0284045;-15.4976
-3.79809;27.6421;0.75469;-0.0541622;0.0435469;-15.8848
4.6582;27.6421;0.696811;-0.0370646;0.0533772;-15.9776
13.1145;27.6421;0.0539236;-0.00519614;0.0428857;-15.7139
21.5708;27.6421;-0.328478;0.0488014;0.000227992;-15.5219
30.0271;27.6421;-0.132315;0.124372;-0.0487206;-15.6037
38.4834;27.6421;0.145726;0.200302;-0.0844619;-15.7988
46.9397;27.6421;0.220726;0.24245;-0.103175;-15.7359
55.396;27.6421;0.112626;0.251013;-0.110728;-15.4696
63.8522;27.6421;0.170781;0.261463;-0.100458;-15.2913
72.3085;27.6421;0.311139;0.271578;-0.0795102;-15.1376
80.7648;27.6421;0.535873;0.278653;-0.0554735;-14.9038
89.2211;27.6421;0.516689;0.282426;-0.0371832;-14.495
97.6774;27.6421;0.375659;0.27868;-0.0266556;-13.9635
106.134;27.6421;0.228109;0.272482;-0.0201354;-13.3872
114.59;27.6421;0.123385;0.273582;-0.0149189;-12.8231
123.046;27.6421;0.0716656;0.277685;-0.0130221;-12.2724
131.503;27.6421;0.0884496;0.278526;-0.011308;-11.767
139.959;27.6421;0.128889;0.274848;-0.0095613;-11.2517
148.415;27.6421;0.164567;0.266875;-0.00855343;-10.7001
156.871;27.6421;0.173119;0.256298;-0.00903428;-10.0985
165.328;27.6421;0.190743;0.2451;-0.00915093;-9.48263
173.784;27.6421;0.227582;0.234581;-0.00973274;-8.86574
182.24;27.6421;0.261545;0.220711;-0.00943792;-8.21634
190.697;27.6421;0.20954;0.203461;-0.00864023;-7.45633
199.153;27.6421;0.196339;0.187694;-0.00517679;-6.70829
207.609;27.6421;0.26659;0.166709;-0.0039669;-6.00663
216.065;27.6421;0.445129;0.142321;-0.00549112;-5.38247
224.522;27.6421;0.608756;0.115369;-0.00741955;-4.71702
232.978;27.6421;0.682632;0.089318;-0.0070916;-3.94187
241.434;27.6421;0.657059;0.0643542;-0.00444897;-3.05371
249.891;27.6421;0.633549;0.0357805;-0.0016774;-2.09309
-232.118;19.1858;-0.305128;0.027705;0.000258284;-0.375404
-223.662;19.1858;-0.218436;0.0243852;0.00279388;-1.01349
-215.205;19.1858;-0.0836693;0.0116434;0.0041581;-1.83937
-206.749;19.1858;-0.0973762;-0.00423338;0.00431394;-2.5914
-198.293;19.1858;-0.207549;-0.0296162;0.00530969;-3.2855
-189.836;19.1858;-0.254519;-0.0516721;0.00602034;-3.98554
-181.38;19.1858;-0.197097;-0.0630464;0.00501612;-4.71223
-172.924;19.1858;-0.0898902;-0.0691753;0.00308793;-5.46524
-164.468;19.1858;-0.0278014;-0.0797159;0.000362676;-6.17092
-156.011;19.1858;-0.0695361;-0.0912032;-0.00547371;-6.83837
-147.555;19.1858;-0.0962251;-0.0942559;-0.0164975;-7.4907
-139.099;19.1858;-0.0229541;-0.0928258;-0.0285595;-8.17106
-130.642;19.1858;0.0268618;-0.0973046;-0.033669;-8.82673
-122.186;19.1858;0.0395594;-0.104336;-0.0347049;-9.43964
-113.73;19.1858;0.0419289;-0.111111;-0.0350361;-10.0224
-105.274;19.1858;0.0412394;-0.115744;-0.0354807;-10.5835
-96.8173;19.1858;0.0220794;-0.116573;-0.0353124;-11.1236
-88.361;19.1858;0.00862022;-0.114556;-0.0353567;-11.6512
-79.9047;19.1858;-0.00323221;-0.110068;-0.0356726;-12.1455
-71.4484;19.1858;-0.00545894;-0.10504;-0.0349305;-12.6107
-62.9921;19.1858;0.00706626;-0.101885;-0.0311272;-13.0627
-54.5358;19.1858;0.0285328;-0.0981721;-0.0248592;-13.4995
-46.0795;19.1858;0.052665;-0.0922497;-0.0217063;-13.9021
-37.6233;19.1858;0.0869702;-0.082957;-0.0185404;-14.2881
-29.167;19.1858;0.181978;-0.0728367;-0.0117709;-14.6895
-20.7107;19.1858;0.331501;-0.0630329;-0.00207876;-15.1184
-12.2544;19.1858;0.518982;-0.0567263;0.0103858;-15.5671
-3.79809;19.1858;0.570165;-0.0373918;0.0229857;-15.8675
4.6582;19.1858;0.238601;-0.00781792;0.0305185;-15.7378
13.1145;19.1858;-0.63869;0.0262863;0.0137975;-15.3621
21.5708;19.1858;-0.731781;0.0700936;-0.0302173;-15.3392
30.0271;19.1858;-0.329924;0.134211;-0.0734039;-15.603
38.4834;19.1858;0.0417661;0.199036;-0.100482;-15.8091
46.9397;19.1858;-0.0265935;0.234725;-0.115403;-15.6284
55.396;19.1858;-0.140779;0.247767;-0.124192;-15.3198
63.8522;19.1858;-0.0578138;0.26313;-0.117773;-15.1474
72.3085;19.1858;0.155031;0.27481;-0.0992525;-15.0107
80.7648;19.1858;0.355903;0.28338;-0.0751978;-14.8042
89.2211;19.1858;0.36725;0.28787;-0.0549709;-14.4279
97.6774;19.1858;0.205662;0.285972;-0.0437064;-13.8722
106.134;19.1858;0.0186586;0.280048;-0.0367189;-13.2606
114.59;19.1858;-0.111062;0.280688;-0.0301775;-12.6874
123.046;19.1858;-0.131705;0.282511;-0.0265223;-12.1791
131.503;19.1858;-0.0272499;0.279683;-0.0233219;-11.7507
139.959;19.1858;0.0858464;0.278754;-0.0206577;-11.302
148.415;19.1858;0.164287;0.276209;-0.0191394;-10.7902
156.871;19.1858;0.195864;0.266597;-0.0191482;-10.2015
165.328;19.1858;0.22865;0.251428;-0.0186402;-9.58757
173.784;19.1858;0.267635;0.239289;-0.0174786;-8.96886
182.24;19.1858;0.291625;0.225242;-0.0152399;-8.30799
190.697;19.1858;0.240417;0.209132;-0.0128114;-7.54106
199.153;19.1858;0.198352;0.194523;-0.00866421;-6.75937
207.609;19.1858;0.237843;0.175209;-0.00633306;-6.02352
216.065;19.1858;0.40231;0.150525;-0.00774822;-5.37412
224.522;19.1858;0.573705;0.12263;-0.010213;-4.70794
232.978;19.1858;0.647889;0.0969513;-0.00942863;-3.93509
241.434;19.1858;0.625099;0.0725385;-0.00506692;-3.04491
249.891;19.1858;0.583843;0.0424125;-0.00213923;-2.05629
-240.574;10.7295;-0.242681;0.0163384;-0.00167774;-0.0305871
-232.118;10.7295;-0.3057;0.0265378;6.3909e-05;-0.389709
-223.662;10.7295;-0.248568;0.0266071;0.00233186;-1.01996
-215.205;10.7295;-0.139265;0.0159795;0.00335081;-1.81895
-206.749;10.7295;-0.164023;-0.00387307;0.00400691;-2.58593
-198.293;10.7295;-0.230592;-0.028324;0.00574665;-3.29004
-189.836;10.7295;-0.260577;-0.0484712;0.00653524;-3.99545
-181.38;10.7295;-0.209851;-0.0597923;0.00437508;-4.73005
-172.924;10.7295;-0.0951274;-0.0680024;0.00107212;-5.49999
-164.468;10.7295;-0.00472394;-0.0793649;-0.00299829;-6.21975
-156.011;10.7295;-0.0229725;-0.0854945;-0.0102241;-6.89788
-147.555;10.7295;-0.0357163;-0.0825637;-0.02334;-7.55883
-139.099;10.7295;0.0264206;-0.0808337;-0.0354463;-8.24923
-130.642;10.7295;0.0545439;-0.0876862;-0.0388621;-8.90778
-122.186;10.7295;0.043598;-0.0979912;-0.0393022;-9.51445
-113.73;10.7295;0.037016;-0.107168;-0.0399418;-10.0897
-105.274;10.7295;0.0371103;-0.112588;-0.0406683;-10.6432
-96.8173;10.7295;0.0112342;-0.113264;-0.0404143;-11.1724
-88.361;10.7295;-0.008333;-0.110184;-0.0407506;-11.6866
-79.9047;10.7295;-0.0205583;-0.104968;-0.0422697;-12.1717
-71.4484;10.7295;-0.0335577;-0.0998712;-0.0435668;-12.6356
-62.9921;10.7295;-0.0233487;-0.0960724;-0.0422741;-13.0904
-54.5358;10.7295;-0.0011263;-0.0907473;-0.0385404;-13.5301
-46.0795;10.7295;0.0146695;-0.084155;-0.0371157;-13.9271
-37.6233;10.7295;0.0409608;-0.0734465;-0.0351491;-14.3102
-29.167;10.7295;0.141811;-0.0625345;-0.0289434;-14.7077
-20.7107;10.7295;0.262216;-0.051418;-0.0214437;-15.1025
-12.2544;10.7295;0.385645;-0.0447229;-0.0133721;-15.4753
-3.79809;10.7295;0.288096;-0.0240866;-0.00532587;-15.6611
4.6582;10.7295;-0.225205;0.0074044;0.00203106;-15.4359
13.1145;10.7295;-0.811109;0.0600603;-0.0192298;-15.2167
21.5708;10.7295;-0.475301;0.105006;-0.0628547;-15.464
30.0271;10.7295;0.0483259;0.160584;-0.099939;-15.8388
38.4834;10.7295;0.252865;0.210823;-0.118667;-15.9614
46.9397;10.7295;0.0620835;0.231905;-0.126502;-15.6731
55.396;10.7295;-0.0250029;0.244726;-0.130851;-15.3637
63.8522;10.7295;0.0379238;0.258142;-0.126583;-15.1544
72.3085;10.7295;0.162239;0.267185;-0.112849;-14.9534
80.7648;10.7295;0.254186;0.274508;-0.0930989;-14.6885
89.2211;10.7295;0.236531;0.279769;-0.0733418;-14.2921
97.6774;10.7295;0.0465174;0.284076;-0.0604391;-13.7134
106.134;10.7295;-0.144706;0.284574;-0.0525396;-13.1115
114.59;10.7295;-0.239957;0.287962;-0.0457098;-12.5882
123.046;10.7295;-0.173144;0.288514;-0.0410328;-12.175
131.503;10.7295;0.0471711;0.282733;-0.03696;-11.8469
139.959;10.7295;0.199435;0.284101;-0.0341456;-11.4379
148.415;10.7295;0.266151;0.284667;-0.0325033;-10.921
156.871;10.7295;0.293948;0.273993;-0.0309059;-10.3207
165.328;10.7295;0.339918;0.255399;-0.0277322;-9.70751
173.784;10.7295;0.382196;0.242484;-0.0245658;-9.08731
182.24;10.7295;0.392685;0.230599;-0.0204514;-8.41673
190.697;10.7295;0.325212;0.214352;-0.0164224;-7.63456
199.153;10.7295;0.241952;0.198379;-0.0114346;-6.81152
207.609;10.7295;0.239964;0.178473;-0.00852884;-6.03239
216.065;10.7295;0.371727;0.153883;-0.00990556;-5.34292
224.522;10.7295;0.536484;0.126074;-0.0120883;-4.6573
232.978;10.7295;0.613605;0.0973729;-0.0108415;-3.87215
241.434;10.7295;0.606698;0.0684143;-0.00623927;-2.98154
249.891;10.7295;0.570974;0.0416409;-0.00384988;-2.02115
-240.574;2.27325;0.464015;0.0116;-0.00122239;0.00781878
-232.118;2.27325;-0.593683;0.0183499;0.00163133;-0.417171
-223.662;2.27325;-0.232961;0.0290903;0.00359386;-1.03273
-215.205;2.27325;-0.155298;0.0248124;0.00408176;-1.79302
-206.749;2.27325;-0.162982;0.00357927;0.00501398;-2.56413
-198.293;2.27325;-0.176824;-0.0195789;0.00666378;-3.30245
-189.836;2.27325;-0.164259;-0.037065;0.00685711;-4.03277
-181.38;2.27325;-0.108697;-0.0481623;0.00316867;-4.77208
-172.924;2.27325;-0.0306711;-0.058128;-0.00281003;-5.52533
-164.468;2.27325;0.00510378;-0.0697383;-0.0104998;-6.22462
-156.011;2.27325;-0.041678;-0.0741886;-0.0191698;-6.89283
-147.555;2.27325;-0.0431528;-0.0705658;-0.0317637;-7.55437
-139.099;2.27325;0.0180655;-0.0698282;-0.0415457;-8.24691
-130.642;2.27325;0.0474775;-0.0787446;-0.0431293;-8.91541
-122.186;2.27325;0.0397732;-0.0902442;-0.0431776;-9.53454
-113.73;2.27325;0.0360789;-0.100352;-0.0448767;-10.1137
-105.274;2.27325;0.031962;-0.106258;-0.0477027;-10.6607
-96.8173;2.27325;-0.00420022;-0.106329;-0.0498168;-11.179
-88.361;2.27325;-0.0274398;-0.102218;-0.050444;-11.6866
-79.9047;2.27325;-0.0292603;-0.0964123;-0.0519384;-12.1725
-71.4484;2.27325;-0.0338854;-0.0915013;-0.054728;-12.6387
-62.9921;2.27325;-0.0241251;-0.0863294;-0.0563548;-13.0866
-54.5358;2.27325;-0.0172198;-0.0782967;-0.0550747;-13.5119
-46.0795;2.27325;-0.0254361;-0.0710121;-0.0544101;-13.8896
-37.6233;2.27325;-0.0120486;-0.0615611;-0.0517969;-14.2641
-29.167;2.27325;0.104452;-0.0507155;-0.04703;-14.6618
-20.7107;2.27325;0.212465;-0.0366264;-0.0439217;-15.0288
-12.2544;2.27325;0.302931;-0.0267758;-0.0418249;-15.3387
-3.79809;2.27325;0.166399;-0.0061003;-0.0392723;-15.4839
4.6582;2.27325;-0.294849;0.0265419;-0.0367236;-15.3562
13.1145;2.27325;-0.40227;0.0804777;-0.0589125;-15.3467
21.5708;2.27325;0.0706929;0.127036;-0.0978726;-15.6996
30.0271;2.27325;0.407137;0.173237;-0.125869;-15.9816
38.4834;2.27325;0.383076;0.201047;-0.135002;-15.9333
46.9397;2.27325;0.142259;0.214457;-0.136701;-15.6124
55.396;2.27325;0.097832;0.231162;-0.138169;-15.3563
63.8522;2.27325;0.108984;0.247345;-0.135016;-15.1192
72.3085;2.27325;0.142312;0.25676;-0.123518;-14.8524
80.7648;2.27325;0.162225;0.262997;-0.106573;-14.5339
89.2211;2.27325;0.128642;0.268638;-0.0890572;-14.1338
97.6774;2.27325;-0.0371078;0.277806;-0.0758602;-13.5841
106.134;2.27325;-0.163685;0.282665;-0.0667055;-13.0491
114.59;2.27325;-0.165981;0.28735;-0.0598652;-12.6135
123.046;2.27325;0.001167;0.287516;-0.0534772;-12.2907
131.503;2.27325;0.304298;0.281371;-0.049045;-12.0326
139.959;2.27325;0.420166;0.283811;-0.0469974;-11.5997
148.415;2.27325;0.410276;0.285585;-0.0449873;-11.0255
156.871;2.27325;0.408301;0.276041;-0.0406933;-10.3974
165.328;2.27325;0.475157;0.258505;-0.0343224;-9.79759
173.784;2.27325;0.530759;0.2469;-0.028337;-9.18766
182.24;2.27325;0.533061;0.235756;-0.0230155;-8.5118
190.697;2.27325;0.444366;0.217319;-0.0189812;-7.71172
199.153;2.27325;0.329559;0.196799;-0.0131931;-6.85257
207.609;2.27325;0.297275;0.174675;-0.00950298;-6.03747
216.065;2.27325;0.39872;0.149928;-0.0107973;-5.30859
224.522;2.27325;0.564286;0.122419;-0.012157;-4.60466
232.978;2.27325;0.652663;0.0918578;-0.00934752;-3.81142
241.434;2.27325;0.65381;0.0626983;-0.00452551;-2.92955
249.891;2.27325;0.613555;0.0385729;-0.00316902;-1.98781
-240.574;-6.18304;2.12564;0.00981739;0.000263594;0.0365041
-232.118;-6.18304;1.13096;0.0190827;0.00297394;-0.346057
-223.662;-6.18304;-0.187801;0.0384477;0.0051334;-1.00815
-215.205;-6.18304;-0.184064;0.0341419;0.00511426;-1.74363
-206.749;-6.18304;-0.169661;0.0124172;0.00587292;-2.50815
-198.293;-6.18304;-0.15687;-0.0104027;0.00715607;-3.26951
-189.836;-6.18304;-0.105751;-0.0265801;0.00683868;-4.02095
-181.38;-6.18304;-0.0330478;-0.0377221;0.00237423;-4.76578
-172.924;-6.18304;0.0140259;-0.047394;-0.00549538;-5.49634
-164.468;-6.18304;-0.0179031;-0.0562288;-0.0152397;-6.17842
-156.011;-6.18304;-0.114402;-0.0603026;-0.0248468;-6.83654
-147.555;-6.18304;-0.104944;-0.0615669;-0.0356902;-7.49974
-139.099;-6.18304;-0.0209075;-0.0627336;-0.0438177;-8.1889
-130.642;-6.18304;0.0324703;-0.0703196;-0.0471928;-8.867
-122.186;-6.18304;0.0474045;-0.0806148;-0.049631;-9.50511
-113.73;-6.18304;0.0521683;-0.089693;-0.0532066;-10.1029
-105.274;-6.18304;0.0390178;-0.0943999;-0.0581397;-10.6568
-96.8173;-6.18304;-0.0106949;-0.0938506;-0.0633343;-11.1634
-88.361;-6.18304;-0.0490682;-0.0895273;-0.0647911;-11.6524
-79.9047;-6.18304;-0.0437289;-0.0854568;-0.0657985;-12.134
-71.4484;-6.18304;-0.0267559;-0.0820473;-0.0680439;-12.6039
-62.9921;-6.18304;-0.0136457;-0.0756547;-0.0705798;-13.0427
-54.5358;-6.18304;-0.0261567;-0.0656078;-0.0714483;-13.4384
-46.0795;-6.18304;-0.0563452;-0.05765;-0.0712116;-13.7862
-37.6233;-6.18304;-0.0455197;-0.0499268;-0.0685492;-14.1547
-29.167;-6.18304;0.0798748;-0.038032;-0.0654098;-14.5541
-20.7107;-6.18304;0.196828;-0.0200822;-0.0656086;-14.9108
-12.2544;-6.18304;0.278504;-0.00451403;-0.0679727;-15.1966
-3.79809;-6.18304;0.251782;0.018639;-0.0706937;-15.3662
4.6582;-6.18304;0.107875;0.0487471;-0.0756825;-15.3811
13.1145;-6.18304;0.100333;0.0864493;-0.0973328;-15.4867
21.5708;-6.18304;0.288904;0.122016;-0.121145;-15.6988
30.0271;-6.18304;0.347599;0.156584;-0.135999;-15.7841
38.4834;-6.18304;0.255498;0.179896;-0.141092;-15.6629
46.9397;-6.18304;0.128636;0.198811;-0.14178;-15.4218
55.396;-6.18304;0.114706;0.219516;-0.140597;-15.2184
63.8522;-6.18304;0.111148;0.237385;-0.138799;-14.979
72.3085;-6.18304;0.107268;0.248252;-0.130356;-14.6911
80.7648;-6.18304;0.101762;0.254118;-0.116794;-14.3624
89.2211;-6.18304;0.0944576;0.259754;-0.101897;-14.0019
97.6774;-6.18304;0.0147197;0.271789;-0.0892749;-13.5438
106.134;-6.18304;-0.0253852;0.279072;-0.079341;-13.0916
114.59;-6.18304;0.0539028;0.281421;-0.0720491;-12.7167
123.046;-6.18304;0.286012;0.279677;-0.0652541;-12.4398
131.503;-6.18304;0.51406;0.276595;-0.059538;-12.1273
139.959;-6.18304;0.527959;0.279057;-0.0566611;-11.6107
148.415;-6.18304;0.444131;0.279874;-0.0535528;-10.9721
156.871;-6.18304;0.408711;0.271399;-0.0476467;-10.3151
165.328;-6.18304;0.516465;0.25547;-0.0392394;-9.7462
173.784;-6.18304;0.618949;0.24517;-0.031439;-9.17013
182.24;-6.18304;0.662826;0.23288;-0.0258487;-8.51868
190.697;-6.18304;0.617256;0.21081;-0.0208762;-7.74218
199.153;-6.18304;0.541685;0.187236;-0.0148715;-6.90579
207.609;-6.18304;0.527137;0.163663;-0.0108811;-6.0967
216.065;-6.18304;0.60293;0.138955;-0.010341;-5.33781
224.522;-6.18304;0.703987;0.109596;-0.00930053;-4.56898
232.978;-6.18304;0.770203;0.0761834;-0.00604205;-3.74362
241.434;-6.18304;0.748349;0.0469022;-0.000855243;-2.87748
249.891;-6.18304;0.66254;0.0249832;0.00298754;-1.98552
-223.662;-14.6393;1.41786;0.0494659;0.00658264;-0.878437
-215.205;-14.6393;-0.212432;0.0369964;0.00701773;-1.65158
-206.749;-14.6393;-0.276515;0.0148857;0.00681076;-2.4045
-198.293;-14.6393;-0.214966;-0.00442032;0.00771664;-3.18477
-189.836;-14.6393;-0.136857;-0.0193167;0.00752024;-3.95758
-181.38;-14.6393;-0.0684744;-0.0310501;0.00303791;-4.70365
-172.924;-14.6393;-0.0264088;-0.039054;-0.00593294;-5.41786
-164.468;-14.6393;-0.0514816;-0.0426412;-0.017424;-6.09562
-156.011;-14.6393;-0.142846;-0.0441182;-0.0287584;-6.76115
-147.555;-14.6393;-0.120608;-0.0507671;-0.0386285;-7.43894
-139.099;-14.6393;-0.0321393;-0.0567205;-0.046623;-8.11703
-130.642;-14.6393;0.031505;-0.062864;-0.0520168;-8.77715
-122.186;-14.6393;0.0635816;-0.0713285;-0.055441;-9.43692
-113.73;-14.6393;0.0813059;-0.0788918;-0.0599529;-10.0637
-105.274;-14.6393;0.0691165;-0.0824418;-0.0665527;-10.6258
-96.8173;-14.6393;0.00813468;-0.0819783;-0.0732558;-11.1134
-88.361;-14.6393;-0.0620104;-0.077854;-0.0761257;-11.5633
-79.9047;-14.6393;-0.0627603;-0.0749036;-0.0774137;-12.0372
-71.4484;-14.6393;-0.0303171;-0.0734149;-0.0802184;-12.5163
-62.9921;-14.6393;-0.0150484;-0.0678165;-0.0842805;-12.9524
-54.5358;-14.6393;-0.0345982;-0.0590115;-0.0867582;-13.3275
-46.0795;-14.6393;-0.0581782;-0.051544;-0.0861742;-13.663
-37.6233;-14.6393;-0.0187824;-0.0420058;-0.0822271;-14.0402
-29.167;-14.6393;0.113045;-0.0283942;-0.0789345;-14.4426
-20.7107;-14.6393;0.185785;-0.0075077;-0.0801264;-14.7666
-12.2544;-14.6393;0.208318;0.0123683;-0.0837677;-14.9927
-3.79809;-14.6393;0.198788;0.0365557;-0.0880437;-15.1579
4.6582;-14.6393;0.174999;0.0618544;-0.0964888;-15.2615
13.1145;-14.6393;0.162594;0.0906099;-0.113237;-15.3569
21.5708;-14.6393;0.203177;0.117093;-0.128314;-15.4438
30.0271;-14.6393;0.198632;0.142663;-0.138173;-15.4443
38.4834;-14.6393;0.157029;0.165227;-0.142802;-15.3458
46.9397;-14.6393;0.119865;0.18771;-0.144017;-15.1871
55.396;-14.6393;0.114805;0.208357;-0.143223;-15.0079
63.8522;-14.6393;0.0947881;0.228742;-0.143601;-14.7574
72.3085;-14.6393;0.0888718;0.242013;-0.138066;-14.4607
80.7648;-14.6393;0.0997667;0.250371;-0.125744;-14.1519
89.2211;-14.6393;0.11455;0.257783;-0.109578;-13.8475
97.6774;-14.6393;0.091636;0.267938;-0.097103;-13.473
106.134;-14.6393;0.107226;0.269777;-0.0885116;-13.0727
114.59;-14.6393;0.203271;0.268892;-0.0827554;-12.7041
123.046;-14.6393;0.384055;0.268308;-0.0765186;-12.3797
131.503;-14.6393;0.538353;0.268932;-0.0707017;-12.0055
139.959;-14.6393;0.500507;0.272033;-0.0648498;-11.4413
148.415;-14.6393;0.400665;0.270326;-0.0585556;-10.7823
156.871;-14.6393;0.372394;0.260658;-0.0518334;-10.1326
165.328;-14.6393;0.491559;0.247271;-0.0447102;-9.58111
173.784;-14.6393;0.601767;0.237349;-0.0370795;-9.00834
182.24;-14.6393;0.657528;0.225164;-0.0294838;-8.3613
190.697;-14.6393;0.638933;0.200276;-0.0247918;-7.59925
199.153;-14.6393;0.616697;0.173973;-0.021138;-6.79961
207.609;-14.6393;0.617696;0.15057;-0.0172029;-6.00458
216.065;-14.6393;0.652469;0.129497;-0.0143202;-5.2237
224.522;-14.6393;0.702719;0.104354;-0.0120188;-4.42723
232.978;-14.6393;0.728309;0.0711952;-0.00849065;-3.59869
241.434;-14.6393;0.745522;0.0386183;-0.002552;-2.74709
249.891;-14.6393;0.663903;0.0255164;0.00157053;-1.90597
-249.031;-23.0956;8.7068;-0.00249415;0.00191664;-0.0317208
-223.662;-23.0956;4.68661;0.0553465;0.00808018;-0.690227
-215.205;-23.0956;-0.252819;0.0359034;0.00865807;-1.54641
-206.749;-23.0956;-0.418621;0.0140185;0.007241;-2.29021
-198.293;-23.0956;-0.27966;0.000934216;0.00759266;-3.07676
-189.836;-23.0956;-0.178571;-0.011668;0.00679386;-3.86095
-181.38;-23.0956;-0.149168;-0.0216034;0.000492191;-4.59744
-172.924;-23.0956;-0.122944;-0.0259301;-0.0118849;-5.2897
-164.468;-23.0956;-0.0862133;-0.0248758;-0.0255808;-5.98046
-156.011;-23.0956;-0.0863726;-0.0257303;-0.0372664;-6.66239
-147.555;-23.0956;-0.0625426;-0.0378458;-0.0463657;-7.34234
-139.099;-23.0956;-0.0293821;-0.0500639;-0.0544745;-7.98845
-130.642;-23.0956;-0.00807556;-0.0590555;-0.0583714;-8.63228
-122.186;-23.0956;0.0295908;-0.0659399;-0.0602435;-9.30334
-113.73;-23.0956;0.0804656;-0.0713576;-0.0645825;-9.95575
-105.274;-23.0956;0.0889551;-0.0743192;-0.0718788;-10.536
-96.8173;-23.0956;0.0214535;-0.0755365;-0.0784791;-11.0129
-88.361;-23.0956;-0.0567716;-0.073456;-0.0819449;-11.4418
-79.9047;-23.0956;-0.0597905;-0.0691952;-0.0849423;-11.909
-71.4484;-23.0956;-0.0197169;-0.0671433;-0.090078;-12.3926
-62.9921;-23.0956;-0.00653489;-0.0622183;-0.095655;-12.827
-54.5358;-23.0956;-0.0271975;-0.0555868;-0.0983119;-13.1898
-46.0795;-23.0956;-0.0320456;-0.0491913;-0.0964294;-13.5234
-37.6233;-23.0956;0.0398773;-0.0387579;-0.091953;-13.9107
-29.167;-23.0956;0.130264;-0.0233928;-0.0899196;-14.2845
-20.7107;-23.0956;0.114768;0.000321688;-0.0922221;-14.551
-12.2544;-23.0956;0.10102;0.0207818;-0.0963406;-14.741
-3.79809;-23.0956;0.120366;0.0435183;-0.0999162;-14.9071
4.6582;-23.0956;0.14951;0.0683524;-0.106442;-15.0404
13.1145;-23.0956;0.13764;0.0928738;-0.117812;-15.1159
21.5708;-23.0956;0.135537;0.115258;-0.128449;-15.1405
30.0271;-23.0956;0.124786;0.138224;-0.136146;-15.1201
38.4834;-23.0956;0.108082;0.162078;-0.140744;-15.0517
46.9397;-23.0956;0.0871932;0.182669;-0.143382;-14.9189
55.396;-23.0956;0.0484985;0.199447;-0.145216;-14.7225
63.8522;-23.0956;0.0119539;0.221595;-0.148599;-14.4497
72.3085;-23.0956;0.0257783;0.237986;-0.145138;-14.1589
80.7648;-23.0956;0.0652438;0.248146;-0.133976;-13.8772
89.2211;-23.0956;0.0800487;0.255244;-0.117624;-13.6028
97.6774;-23.0956;0.0591906;0.26176;-0.105537;-13.2628
106.134;-23.0956;0.0714902;0.259293;-0.097936;-12.8648
114.59;-23.0956;0.130321;0.258819;-0.0931492;-12.4652
123.046;-23.0956;0.225726;0.259866;-0.0873036;-12.0669
131.503;-23.0956;0.3012;0.263406;-0.0813932;-11.6226
139.959;-23.0956;0.302677;0.264904;-0.0737207;-11.0794
148.415;-23.0956;0.27776;0.260598;-0.0654336;-10.4747
156.871;-23.0956;0.285601;0.251539;-0.0576833;-9.86341
165.328;-23.0956;0.385462;0.241486;-0.0508056;-9.30661
173.784;-23.0956;0.473041;0.231518;-0.0432033;-8.71566
182.24;-23.0956;0.520179;0.219311;-0.0354978;-8.062
190.697;-23.0956;0.515796;0.195367;-0.0312516;-7.31678
199.153;-23.0956;0.520164;0.170542;-0.0296645;-6.54628
207.609;-23.0956;0.525149;0.150523;-0.0267304;-5.76917
216.065;-23.0956;0.535507;0.131987;-0.0228763;-4.98495
224.522;-23.0956;0.568161;0.109396;-0.0200058;-4.19207
232.978;-23.0956;0.62217;0.0797359;-0.0168307;-3.37636
-240.574;-31.5519;7.55032;-0.00482213;-0.000304623;-0.0487918
-232.118;-31.5519;6.32875;0.0225371;0.00170408;-0.125535
-223.662;-31.5519;4.52285;0.0682274;0.0110106;-0.634828
-215.205;-31.5519;-0.198695;0.0497043;0.0107711;-1.4289
-206.749;-31.5519;-0.349043;0.026069;0.00853057;-2.16139
-198.293;-31.5519;-0.245868;0.0127816;0.00886201;-2.94835
-189.836;-31.5519;-0.157433;0.00175763;0.00593336;-3.73342
-181.38;-31.5519;-0.178058;-0.00242299;-0.00613183;-4.45798
-172.924;-31.5519;-0.192723;-0.00115976;-0.0252395;-5.12433
-164.468;-31.5519;-0.132457;-0.00126587;-0.0402874;-5.8356
-156.011;-31.5519;-0.062074;-0.0111748;-0.0484593;-6.54585
-147.555;-31.5519;-0.0548218;-0.0257556;-0.0555717;-7.20983
-139.099;-31.5519;-0.0816918;-0.0430291;-0.0625672;-7.8202
-130.642;-31.5519;-0.10794;-0.055765;-0.0648578;-8.44336
-122.186;-31.5519;-0.0364325;-0.0607132;-0.0654251;-9.10894
-113.73;-31.5519;0.060399;-0.0627139;-0.0682625;-9.76862
-105.274;-31.5519;0.0868923;-0.0648863;-0.074199;-10.3611
-96.8173;-31.5519;0.0304454;-0.0696352;-0.0802859;-10.8438
-88.361;-31.5519;-0.0172719;-0.0717767;-0.0847167;-11.2848
-79.9047;-31.5519;-0.0146166;-0.0682341;-0.0894287;-11.7531
-71.4484;-31.5519;0.00898717;-0.06333;-0.0958296;-12.2244
-62.9921;-31.5519;0.00801081;-0.056722;-0.101874;-12.6457
-54.5358;-31.5519;-0.0170373;-0.0507092;-0.103804;-12.9983
-46.0795;-31.5519;-0.0185459;-0.0441894;-0.101122;-13.332
-37.6233;-31.5519;0.0486893;-0.0330762;-0.099093;-13.7084
-29.167;-31.5519;0.0839413;-0.0187188;-0.101221;-14.0388
-20.7107;-31.5519;0.0320085;0.00241935;-0.105499;-14.2693
-12.2544;-31.5519;0.00539851;0.023219;-0.109146;-14.4486
-3.79809;-31.5519;0.031537;0.0453291;-0.109694;-14.6156
4.6582;-31.5519;0.0778171;0.0680387;-0.112107;-14.7545
13.1145;-31.5519;0.0811761;0.0908432;-0.120144;-14.8248
21.5708;-31.5519;0.0641422;0.112327;-0.130321;-14.8277
30.0271;-31.5519;0.0444188;0.135673;-0.138183;-14.8
38.4834;-31.5519;0.0270076;0.160906;-0.142189;-14.736
46.9397;-31.5519;0.00377344;0.178131;-0.144633;-14.5877
55.396;-31.5519;-0.0475926;0.191529;-0.148106;-14.3574
63.8522;-31.5519;-0.0691188;0.211172;-0.151537;-14.1062
72.3085;-31.5519;-0.0405402;0.227908;-0.14884;-13.8456
80.7648;-31.5519;-0.0137224;0.23971;-0.140514;-13.5647
89.2211;-31.5519;-0.0463142;0.248635;-0.128092;-13.2535
97.6774;-31.5519;-0.0802756;0.253563;-0.117865;-12.917
106.134;-31.5519;-0.0836525;0.252608;-0.110214;-12.519
114.59;-31.5519;-0.0632265;0.255415;-0.104258;-12.0962
123.046;-31.5519;-0.0289137;0.256584;-0.0981966;-11.643
131.503;-31.5519;0.00864668;0.259165;-0.0919515;-11.1588
139.959;-31.5519;0.0820302;0.257564;-0.083957;-10.6638
148.415;-31.5519;0.155658;0.251786;-0.0748887;-10.1366
156.871;-31.5519;0.209079;0.244382;-0.0654891;-9.57175
165.328;-31.5519;0.275326;0.236297;-0.0563597;-8.99243
173.784;-31.5519;0.330404;0.22411;-0.0477017;-8.37075
182.24;-31.5519;0.363973;0.21116;-0.0406127;-7.7073
190.697;-31.5519;0.369522;0.188986;-0.0358866;-6.97941
199.153;-31.5519;0.363635;0.164332;-0.0335419;-6.21038
207.609;-31.5519;0.364062;0.146073;-0.0316493;-5.44436
216.065;-31.5519;0.379797;0.129367;-0.0290957;-4.67961
224.522;-31.5519;0.420492;0.105759;-0.0258315;-3.90367
232.978;-31.5519;0.475884;0.0738897;-0.0218858;-3.0845
-232.118;-40.0082;4.39683;0.0349393;0.00436396;-0.20866
-223.662;-40.0082;4.47855;0.0931798;0.0154446;-0.616929
-215.205;-40.0082;-0.259466;0.0814374;0.0171447;-1.31619
-206.749;-40.0082;-0.289989;0.0418652;0.0120043;-2.04708
-198.293;-40.0082;-0.203173;0.0229373;0.0108078;-2.81022
-189.836;-40.0082;-0.0837063;0.0163622;0.00629974;-3.574
-181.38;-40.0082;-0.0974524;0.0195281;-0.00963486;-4.30166
-172.924;-40.0082;-0.141086;0.020806;-0.0316422;-4.97203
-164.468;-40.0082;-0.113433;0.0141285;-0.0455519;-5.68146
-156.011;-40.0082;-0.0607123;0.000148027;-0.0519474;-6.38904
-147.555;-40.0082;-0.0555286;-0.0147697;-0.0574454;-7.04914
-139.099;-40.0082;-0.1019;-0.0323452;-0.0638045;-7.65157
-130.642;-40.0082;-0.140487;-0.0473731;-0.0686483;-8.23885
-122.186;-40.0082;-0.0785578;-0.0523345;-0.0708826;-8.88949
-113.73;-40.0082;0.00676827;-0.0528166;-0.0734769;-9.53752
-105.274;-40.0082;0.0315555;-0.0549285;-0.0783699;-10.122
-96.8173;-40.0082;-0.00721806;-0.0614033;-0.0847636;-10.6147
-88.361;-40.0082;-0.0354653;-0.0651602;-0.0914242;-11.0742
-79.9047;-40.0082;-0.046637;-0.0643701;-0.0964587;-11.5409
-71.4484;-40.0082;-0.045426;-0.059494;-0.101678;-11.9925
-62.9921;-40.0082;-0.0485843;-0.0516857;-0.106833;-12.3955
-54.5358;-40.0082;-0.0576776;-0.0449709;-0.109237;-12.7434
-46.0795;-40.0082;-0.0473102;-0.0372128;-0.108793;-13.0812
-37.6233;-40.0082;0.00416639;-0.0266849;-0.110507;-13.432
-29.167;-40.0082;0.0221016;-0.0155166;-0.116094;-13.7325
-20.7107;-40.0082;-0.00927512;0.00136286;-0.121454;-13.9561
-12.2544;-40.0082;-0.0400805;0.0223011;-0.123895;-14.1331
-3.79809;-40.0082;-0.0383894;0.0430278;-0.120822;-14.2858
4.6582;-40.0082;-0.0090673;0.0620189;-0.120758;-14.4113
13.1145;-40.0082;0.0048359;0.0822368;-0.128135;-14.48
21.5708;-40.0082;-0.0125813;0.103977;-0.139695;-14.4807
30.0271;-40.0082;-0.0388316;0.128246;-0.148194;-14.4531
38.4834;-40.0082;-0.0590615;0.154244;-0.150896;-14.3805
46.9397;-40.0082;-0.0730604;0.170803;-0.150593;-14.2126
55.396;-40.0082;-0.0970625;0.184204;-0.151627;-13.9742
63.8522;-40.0082;-0.0834447;0.199169;-0.152812;-13.7812
72.3085;-40.0082;-0.054821;0.212751;-0.151381;-13.5676
80.7648;-40.0082;-0.0678012;0.225527;-0.146908;-13.2804
89.2211;-40.0082;-0.154214;0.238498;-0.138817;-12.909
97.6774;-40.0082;-0.193031;0.244371;-0.130061;-12.5618
106.134;-40.0082;-0.189131;0.247095;-0.122021;-12.1807
114.59;-40.0082;-0.167494;0.251743;-0.114704;-11.7639
123.046;-40.0082;-0.13619;0.251701;-0.108412;-11.3002
131.503;-40.0082;-0.0633292;0.250503;-0.101962;-10.837
139.959;-40.0082;0.0525058;0.246879;-0.0932048;-10.3747
148.415;-40.0082;0.169843;0.24156;-0.0826948;-9.88766
156.871;-40.0082;0.258548;0.235621;-0.0721506;-9.35715
165.328;-40.0082;0.302198;0.227371;-0.0617098;-8.76049
173.784;-40.0082;0.345298;0.212538;-0.0522031;-8.11919
182.24;-40.0082;0.386051;0.199204;-0.0450401;-7.45672
190.697;-40.0082;0.41824;0.179121;-0.038386;-6.75516
199.153;-40.0082;0.421498;0.154852;-0.0326447;-6.00094
207.609;-40.0082;0.43818;0.135517;-0.0295753;-5.25007
216.065;-40.0082;0.474651;0.117574;-0.0280451;-4.5003
224.522;-40.0082;0.525519;0.0933126;-0.0262448;-3.73264
232.978;-40.0082;0.539878;0.0629121;-0.0214992;-2.89797
-215.205;-48.4645;-0.14982;0.094611;0.0200113;-1.10897
-206.749;-48.4645;-0.26034;0.0561544;0.0131593;-1.89197
-198.293;-48.4645;-0.213735;0.031691;0.00897837;-2.6523
-189.836;-48.4645;-0.146102;0.0252528;0.000230245;-3.38205
-181.38;-48.4645;-0.164347;0.0286676;-0.0165606;-4.09262
-172.924;-48.4645;-0.188489;0.0282358;-0.0354076;-4.77955
-164.468;-48.4645;-0.164262;0.0187109;-0.0472307;-5.47854
-156.011;-48.4645;-0.124335;0.0044341;-0.0541161;-6.17733
-147.555;-48.4645;-0.0924421;-0.00865426;-0.0601632;-6.84334
-139.099;-48.4645;-0.0961157;-0.0232262;-0.0669503;-7.46172
-130.642;-48.4645;-0.139813;-0.039353;-0.0729902;-8.04318
-122.186;-48.4645;-0.12819;-0.0473197;-0.0766503;-8.65439
-113.73;-48.4645;-0.0893273;-0.0476428;-0.0802904;-9.26262
-105.274;-48.4645;-0.0759602;-0.0470437;-0.0860609;-9.83209
-96.8173;-48.4645;-0.0956824;-0.0518625;-0.0941871;-10.3305
-88.361;-48.4645;-0.107784;-0.0559334;-0.10304;-10.8018
-79.9047;-48.4645;-0.124226;-0.0581549;-0.108468;-11.2698
-71.4484;-48.4645;-0.131636;-0.0549411;-0.112829;-11.7052
-62.9921;-48.4645;-0.126274;-0.0475669;-0.117741;-12.095
-54.5358;-48.4645;-0.112424;-0.0392529;-0.12301;-12.4485
-46.0795;-48.4645;-0.0904583;-0.0296222;-0.126689;-12.7894
-37.6233;-48.4645;-0.0582844;-0.0200674;-0.130624;-13.1119
-29.167;-48.4645;-0.0301593;-0.0108731;-0.135478;-13.4021
-20.7107;-48.4645;-0.0127705;0.00319664;-0.139092;-13.6383
-12.2544;-48.4645;-0.0259316;0.0222911;-0.140512;-13.8117
-3.79809;-48.4645;-0.0484399;0.0378461;-0.136065;-13.9327
4.6582;-48.4645;-0.0546161;0.0538453;-0.135716;-14.0414
13.1145;-48.4645;-0.0408896;0.0699975;-0.142648;-14.1067
21.5708;-48.4645;-0.0417227;0.093451;-0.152754;-14.1213
30.0271;-48.4645;-0.052173;0.119986;-0.16;-14.1141
38.4834;-48.4645;-0.0566337;0.145905;-0.161458;-14.0458
46.9397;-48.4645;-0.0458969;0.162479;-0.156897;-13.8799
55.396;-48.4645;-0.0230692;0.177623;-0.152851;-13.6753
63.8522;-48.4645;0.0139208;0.190411;-0.153955;-13.5263
72.3085;-48.4645;0.0401505;0.201206;-0.157562;-13.3582
80.7648;-48.4645;0.0311849;0.21287;-0.157266;-13.1085
89.2211;-48.4645;-0.0187755;0.225384;-0.149265;-12.757
97.6774;-48.4645;-0.0547562;0.231504;-0.138637;-12.3987
106.134;-48.4645;-0.023657;0.234203;-0.13088;-12.0376
114.59;-48.4645;0.0400281;0.238002;-0.124038;-11.6479
123.046;-48.4645;0.112674;0.238194;-0.116988;-11.2051
131.503;-48.4645;0.199492;0.235822;-0.108692;-10.7425
139.959;-48.4645;0.356733;0.230969;-0.0993995;-10.3097
148.415;-48.4645;0.501057;0.226375;-0.0879582;-9.84683
156.871;-48.4645;0.577051;0.221272;-0.0767564;-9.30959
165.328;-48.4645;0.551061;0.211776;-0.0659844;-8.66372
173.784;-48.4645;0.551727;0.19583;-0.0558912;-7.9854
182.24;-48.4645;0.565695;0.181142;-0.0473674;-7.2942
190.697;-48.4645;0.576851;0.162988;-0.0386249;-6.57753
199.153;-48.4645;0.563813;0.141223;-0.0298809;-5.8229
207.609;-48.4645;0.566447;0.118931;-0.0244217;-5.06008
216.065;-48.4645;0.586664;0.0940229;-0.0220162;-4.28468
224.522;-48.4645;0.616005;0.0678039;-0.0218611;-3.49347
232.978;-48.4645;0.581223;0.0450026;-0.0189479;-2.63972
-215.205;-56.9208;-0.0294361;0.0840087;0.0188463;-0.890279
-206.749;-56.9208;-0.230405;0.0671441;0.0136461;-1.69976
-198.293;-56.9208;-0.247609;0.0444037;0.00683359;-2.43943
-189.836;-56.9208;-0.271266;0.0344508;-0.00656519;-3.13519
-181.38;-56.9208;-0.303057;0.0301884;-0.0245229;-3.84259
-172.924;-56.9208;-0.306915;0.0242898;-0.0406636;-4.54131
-164.468;-56.9208;-0.276726;0.0146906;-0.0511557;-5.2297
-156.011;-56.9208;-0.227267;0.00350509;-0.0589392;-5.91571
-147.555;-56.9208;-0.164336;-0.0075654;-0.0662916;-6.58597
-139.099;-56.9208;-0.124518;-0.0187922;-0.0734863;-7.21842
-130.642;-56.9208;-0.14526;-0.0348288;-0.0783475;-7.79519
-122.186;-56.9208;-0.16359;-0.0442102;-0.0819765;-8.38276
-113.73;-56.9208;-0.162803;-0.0451535;-0.0867107;-8.96125
-105.274;-56.9208;-0.159486;-0.0438807;-0.0945963;-9.51015
-96.8173;-56.9208;-0.161266;-0.0465663;-0.105848;-10.0076
-88.361;-56.9208;-0.15582;-0.0477674;-0.117115;-10.493
-79.9047;-56.9208;-0.162479;-0.0491997;-0.123603;-10.9684
-71.4484;-56.9208;-0.165458;-0.0460922;-0.128024;-11.4027
-62.9921;-56.9208;-0.151029;-0.0396355;-0.132915;-11.7935
-54.5358;-56.9208;-0.123945;-0.03142;-0.139609;-12.1512
-46.0795;-56.9208;-0.101405;-0.0225854;-0.146281;-12.4793
-37.6233;-56.9208;-0.089956;-0.013023;-0.150717;-12.7827
-29.167;-56.9208;-0.0557854;-0.00395885;-0.153185;-13.0677
-20.7107;-56.9208;0.00250793;0.00892231;-0.154433;-13.3157
-12.2544;-56.9208;0.0348266;0.0277367;-0.156932;-13.5004
-3.79809;-56.9208;0.0268574;0.0432636;-0.157883;-13.6265
4.6582;-56.9208;0.00552271;0.0538917;-0.155644;-13.7179
13.1145;-56.9208;0.0249979;0.069257;-0.158841;-13.8003
21.5708;-56.9208;0.0541779;0.0922607;-0.164756;-13.8392
30.0271;-56.9208;0.0848684;0.117225;-0.16971;-13.8567
38.4834;-56.9208;0.115639;0.139292;-0.168857;-13.8209
46.9397;-56.9208;0.152521;0.149133;-0.159612;-13.6895
55.396;-56.9208;0.204287;0.162513;-0.149691;-13.5235
63.8522;-56.9208;0.265264;0.178004;-0.152894;-13.4019
72.3085;-56.9208;0.324817;0.191741;-0.165758;-13.2736
80.7648;-56.9208;0.381874;0.204289;-0.1709;-13.0849
89.2211;-56.9208;0.423053;0.213995;-0.161703;-12.7995
97.6774;-56.9208;0.408129;0.218109;-0.149126;-12.4385
106.134;-56.9208;0.427532;0.220089;-0.142861;-12.0571
114.59;-56.9208;0.500206;0.224724;-0.135694;-11.6774
123.046;-56.9208;0.599073;0.225439;-0.126496;-11.2652
131.503;-56.9208;0.656606;0.221596;-0.11655;-10.7891
139.959;-56.9208;0.75459;0.214906;-0.10671;-10.3066
148.415;-56.9208;0.837762;0.207875;-0.0937824;-9.78668
156.871;-56.9208;0.87018;0.199905;-0.0800072;-9.20344
165.328;-56.9208;0.824789;0.189079;-0.0672334;-8.5341
173.784;-56.9208;0.799316;0.173378;-0.0550461;-7.82784
182.24;-56.9208;0.779033;0.156676;-0.0434088;-7.10218
190.697;-56.9208;0.751472;0.142895;-0.0347339;-6.36762
199.153;-56.9208;0.700277;0.128157;-0.0270967;-5.60414
207.609;-56.9208;0.673591;0.109609;-0.0218025;-4.82982
216.065;-56.9208;0.666388;0.0828664;-0.0180525;-4.03022
224.522;-56.9208;0.662122;0.0538526;-0.017477;-3.20561
232.978;-56.9208;0.61017;0.0337653;-0.0170855;-2.34403
241.434;-56.9208;0.561519;0.0300517;-0.0162883;-1.53253
249.891;-56.9208;0.52352;0.0243426;-0.0113159;-0.798465
-198.293;-65.3771;-0.287793;0.0619045;0.0114115;-2.17694
-189.836;-65.3771;-0.367145;0.0473185;-0.00754027;-2.86222
-181.38;-65.3771;-0.392653;0.0341745;-0.02792;-3.57892
-172.924;-65.3771;-0.374207;0.0224413;-0.0431712;-4.2865
-164.468;-65.3771;-0.334946;0.012318;-0.0537185;-4.97077
-156.011;-65.3771;-0.286676;0.00263495;-0.062607;-5.64115
-147.555;-65.3771;-0.237467;-0.00869265;-0.07136;-6.3001
-139.099;-65.3771;-0.195011;-0.018322;-0.0789149;-6.92828
-130.642;-65.3771;-0.177638;-0.029406;-0.0828428;-7.50868
-122.186;-65.3771;-0.180332;-0.0367522;-0.0871204;-8.08619
-113.73;-65.3771;-0.1838;-0.0392608;-0.0946753;-8.65389
-105.274;-65.3771;-0.174963;-0.0398206;-0.106327;-9.20214
-96.8173;-65.3771;-0.153136;-0.0407358;-0.119571;-9.71599
-88.361;-65.3771;-0.12792;-0.0398376;-0.129002;-10.2011
-79.9047;-65.3771;-0.12194;-0.0395766;-0.135495;-10.6602
-71.4484;-65.3771;-0.116695;-0.0374094;-0.14046;-11.0836
-62.9921;-65.3771;-0.0991795;-0.0328533;-0.145421;-11.4737
-54.5358;-65.3771;-0.0700299;-0.025678;-0.150903;-11.8338
-46.0795;-65.3771;-0.0520653;-0.0174338;-0.156947;-12.1555
-37.6233;-65.3771;-0.0527117;-0.00834577;-0.16068;-12.4469
-29.167;-65.3771;-0.0199332;0.00040285;-0.160712;-12.7292
-20.7107;-65.3771;0.0596848;0.0127341;-0.159986;-12.9802
-12.2544;-65.3771;0.11527;0.031237;-0.164396;-13.1699
-3.79809;-65.3771;0.144535;0.0483295;-0.170241;-13.3179
4.6582;-65.3771;0.152202;0.0591042;-0.168752;-13.4255
13.1145;-65.3771;0.14355;0.0726009;-0.167995;-13.5043
21.5708;-65.3771;0.160566;0.0943679;-0.171692;-13.5444
30.0271;-65.3771;0.17975;0.115795;-0.176164;-13.5579
38.4834;-65.3771;0.195675;0.130494;-0.175978;-13.5094
46.9397;-65.3771;0.22939;0.135299;-0.16771;-13.3883
55.396;-65.3771;0.309901;0.14714;-0.158919;-13.2622
63.8522;-65.3771;0.394274;0.168268;-0.167506;-13.1524
72.3085;-65.3771;0.477624;0.188457;-0.181875;-13.0393
80.7648;-65.3771;0.578693;0.203156;-0.186451;-12.885
89.2211;-65.3771;0.672946;0.21141;-0.179082;-12.6471
97.6774;-65.3771;0.658399;0.216441;-0.170033;-12.2858
106.134;-65.3771;0.66536;0.217712;-0.165665;-11.8926
114.59;-65.3771;0.743698;0.217558;-0.155678;-11.5132
123.046;-65.3771;0.865018;0.212502;-0.141211;-11.1175
131.503;-65.3771;0.936947;0.206489;-0.125289;-10.6552
139.959;-65.3771;1.00593;0.199693;-0.109789;-10.1475
148.415;-65.3771;1.03393;0.190521;-0.094202;-9.57644
156.871;-65.3771;1.01494;0.178842;-0.079691;-8.94165
165.328;-65.3771;0.956691;0.167089;-0.0650541;-8.2532
173.784;-65.3771;0.935957;0.152658;-0.0494039;-7.54749
182.24;-65.3771;0.912277;0.137408;-0.0348516;-6.82214
190.697;-65.3771;0.865085;0.122596;-0.0250294;-6.07553
199.153;-65.3771;0.780943;0.107815;-0.019176;-5.2923
207.609;-65.3771;0.726725;0.0905759;-0.0146021;-4.5025
216.065;-65.3771;0.696127;0.0679454;-0.01023;-3.6953
224.522;-65.3771;0.668285;0.043097;-0.00847649;-2.86406
232.978;-65.3771;0.636588;0.0243813;-0.00908052;-2.02421
-198.293;-73.8334;-0.3525;0.0802671;0.0173666;-1.8771
-189.836;-73.8334;-0.409564;0.0621474;-0.00439985;-2.57629
-181.38;-73.8334;-0.381921;0.0441548;-0.0253044;-3.30949
-172.924;-73.8334;-0.330093;0.0292807;-0.0400099;-4.02412
-164.468;-73.8334;-0.285626;0.0164169;-0.0519598;-4.70462
-156.011;-73.8334;-0.266537;0.00383157;-0.0629637;-5.35988
-147.555;-73.8334;-0.273112;-0.00954304;-0.0731291;-5.99983
-139.099;-73.8334;-0.255394;-0.018953;-0.0813341;-6.61761
-130.642;-73.8334;-0.21515;-0.0229346;-0.0859618;-7.20481
-122.186;-73.8334;-0.193546;-0.0262384;-0.0916235;-7.77219
-113.73;-73.8334;-0.189201;-0.0300447;-0.101733;-8.32816
-105.274;-73.8334;-0.1666;-0.0338409;-0.115455;-8.87373
-96.8173;-73.8334;-0.120507;-0.0360877;-0.127907;-9.40112
-88.361;-73.8334;-0.0812924;-0.0370952;-0.134651;-9.88728
-79.9047;-73.8334;-0.0690708;-0.0360822;-0.141097;-10.3392
-71.4484;-73.8334;-0.0514052;-0.0338958;-0.147424;-10.7564
-62.9921;-73.8334;-0.0310907;-0.0300976;-0.153747;-11.1437
-54.5358;-73.8334;0.0119615;-0.021867;-0.158191;-11.5042
-46.0795;-73.8334;0.0481438;-0.0110313;-0.159742;-11.8299
-37.6233;-73.8334;0.0508415;-0.00124406;-0.160345;-12.1191
-29.167;-73.8334;0.057641;0.00603392;-0.1611;-12.3858
-20.7107;-73.8334;0.103264;0.0164237;-0.162212;-12.6133
-12.2544;-73.8334;0.150134;0.0328384;-0.166173;-12.7903
-3.79809;-73.8334;0.174072;0.0484328;-0.173485;-12.9388
4.6582;-73.8334;0.174943;0.0607456;-0.175709;-13.0575
13.1145;-73.8334;0.167917;0.0757805;-0.175513;-13.1371
21.5708;-73.8334;0.176954;0.0956002;-0.176165;-13.1731
30.0271;-73.8334;0.180395;0.112216;-0.178633;-13.1633
38.4834;-73.8334;0.153107;0.123362;-0.182846;-13.0763
46.9397;-73.8334;0.14702;0.131304;-0.186986;-12.9417
55.396;-73.8334;0.238184;0.151229;-0.193742;-12.8484
63.8522;-73.8334;0.352959;0.174792;-0.204829;-12.7589
72.3085;-73.8334;0.439757;0.190601;-0.210409;-12.6183
80.7648;-73.8334;0.532065;0.200204;-0.205994;-12.4356
89.2211;-73.8334;0.620654;0.205378;-0.197153;-12.1945
97.6774;-73.8334;0.61624;0.208059;-0.191721;-11.8432
106.134;-73.8334;0.639078;0.208801;-0.186298;-11.4686
114.59;-73.8334;0.730181;0.207695;-0.170374;-11.1063
123.046;-73.8334;0.863646;0.200963;-0.149046;-10.7246
131.503;-73.8334;0.96384;0.192549;-0.125117;-10.2777
139.959;-73.8334;1.0309;0.185313;-0.10467;-9.76293
148.415;-73.8334;1.01655;0.177926;-0.0897524;-9.16127
156.871;-73.8334;0.945911;0.167434;-0.0783952;-8.49078
165.328;-73.8334;0.874977;0.154209;-0.0642504;-7.79006
173.784;-73.8334;0.890226;0.140497;-0.0462792;-7.1173
182.24;-73.8334;0.901866;0.125136;-0.0296234;-6.42275
190.697;-73.8334;0.868364;0.108216;-0.01872;-5.68591
199.153;-73.8334;0.778636;0.0912853;-0.0136315;-4.89955
207.609;-73.8334;0.716638;0.0743384;-0.00937776;-4.10812
216.065;-73.8334;0.680679;0.0562048;-0.00484595;-3.31143
224.522;-73.8334;0.659959;0.0367789;-0.00224377;-2.50744
232.978;-73.8334;0.672363;0.0189723;-0.00396732;-1.70292
-206.749;-82.2897;-0.193084;0.0750208;0.0229974;-0.925031
-198.293;-82.2897;-0.426447;0.0901566;0.0185505;-1.56029
-189.836;-82.2897;-0.416127;0.0725456;-0.00119556;-2.27701
-181.38;-82.2897;-0.31676;0.0540093;-0.0197021;-3.03383
-172.924;-82.2897;-0.229068;0.0387492;-0.0339241;-3.75864
-164.468;-82.2897;-0.199263;0.0224839;-0.0482242;-4.42677
-156.011;-82.2897;-0.219338;0.00566639;-0.0617145;-5.06502
-147.555;-82.2897;-0.256399;-0.00846151;-0.0718357;-5.68673
-139.099;-82.2897;-0.248122;-0.0179826;-0.0808233;-6.29893
-130.642;-82.2897;-0.193549;-0.020572;-0.0869715;-6.89713
-122.186;-82.2897;-0.18054;-0.0223349;-0.0939556;-7.45527
-113.73;-82.2897;-0.201698;-0.0251443;-0.104567;-7.98778
-105.274;-82.2897;-0.196503;-0.0293605;-0.117901;-8.51103
-96.8173;-82.2897;-0.1579;-0.0327127;-0.129922;-9.02902
-88.361;-82.2897;-0.118959;-0.034802;-0.137598;-9.51301
-79.9047;-82.2897;-0.0673564;-0.0326256;-0.144494;-9.97117
-71.4484;-82.2897;-0.0375437;-0.0291723;-0.15264;-10.3905
-62.9921;-82.2897;-0.0478161;-0.0252127;-0.162279;-10.7717
-54.5358;-82.2897;-0.0105383;-0.0173664;-0.167784;-11.129
-46.0795;-82.2897;0.0464862;-0.00608234;-0.165624;-11.4617
-37.6233;-82.2897;0.0637113;0.00434655;-0.163852;-11.7472
-29.167;-82.2897;0.0514835;0.0140597;-0.164601;-11.9829
-20.7107;-82.2897;0.0705531;0.0232295;-0.165924;-12.183
-12.2544;-82.2897;0.112545;0.0336807;-0.168662;-12.3604
-3.79809;-82.2897;0.13568;0.0470792;-0.173777;-12.5186
4.6582;-82.2897;0.136938;0.0615;-0.177235;-12.6409
13.1145;-82.2897;0.139677;0.0780652;-0.179245;-12.7176
21.5708;-82.2897;0.143476;0.0955256;-0.177061;-12.7403
30.0271;-82.2897;0.136902;0.108436;-0.177374;-12.7159
38.4834;-82.2897;0.103211;0.11976;-0.185499;-12.624
46.9397;-82.2897;0.0966951;0.133203;-0.199814;-12.5019
55.396;-82.2897;0.192049;0.159163;-0.21787;-12.4279
63.8522;-82.2897;0.309244;0.178683;-0.226012;-12.324
72.3085;-82.2897;0.371403;0.188508;-0.223781;-12.1397
80.7648;-82.2897;0.42044;0.194136;-0.213835;-11.9056
89.2211;-82.2897;0.469691;0.198253;-0.202528;-11.631
97.6774;-82.2897;0.482083;0.200193;-0.19586;-11.2968
106.134;-82.2897;0.53485;0.199501;-0.188166;-10.9495
114.59;-82.2897;0.623536;0.197405;-0.167603;-10.5865
123.046;-82.2897;0.729533;0.189607;-0.144723;-10.1816
131.503;-82.2897;0.812885;0.180794;-0.122363;-9.71987
139.959;-82.2897;0.850113;0.173795;-0.104862;-9.1847
148.415;-82.2897;0.784726;0.167617;-0.0922676;-8.54761
156.871;-82.2897;0.672966;0.157599;-0.0812201;-7.85118
165.328;-82.2897;0.634683;0.141896;-0.0638495;-7.18395
173.784;-82.2897;0.707981;0.125703;-0.0422984;-6.5681
182.24;-82.2897;0.765791;0.109538;-0.0247229;-5.91845
190.697;-82.2897;0.754284;0.0905962;-0.0131222;-5.19695
199.153;-82.2897;0.664971;0.0764781;-0.0107422;-4.4161
207.609;-82.2897;0.624146;0.0619197;-0.00756444;-3.64454
216.065;-82.2897;0.619396;0.0456016;-0.00274567;-2.87544
224.522;-82.2897;0.627694;0.0295189;-0.000175856;-2.10444
232.978;-82.2897;0.656666;0.0113095;-6.49706e-05;-1.33946
-189.836;-90.746;-0.436708;0.0713075;-0.000176798;-1.95739
-181.38;-90.746;-0.290634;0.0541537;-0.0166788;-2.7376
-172.924;-90.746;-0.176318;0.0396454;-0.0317158;-3.47513
-164.468;-90.746;-0.171469;0.0226018;-0.047581;-4.12135
-156.011;-90.746;-0.208832;0.0057522;-0.061042;-4.74005
-147.555;-90.746;-0.206648;-0.00486749;-0.0678679;-5.34769
-139.099;-90.746;-0.187121;-0.0141263;-0.0772457;-5.95674
-130.642;-90.746;-0.147641;-0.0201779;-0.0856118;-6.55553
-122.186;-90.746;-0.151367;-0.0211746;-0.09204;-7.10019
-113.73;-90.746;-0.196171;-0.021156;-0.100694;-7.60709
-105.274;-90.746;-0.222979;-0.0246798;-0.113247;-8.10461
-96.8173;-90.746;-0.210474;-0.0301861;-0.127711;-8.60629
-88.361;-90.746;-0.171118;-0.0339009;-0.139599;-9.09101
-79.9047;-90.746;-0.100782;-0.0304141;-0.148519;-9.5569
-71.4484;-90.746;-0.0801119;-0.0249595;-0.159066;-9.97681
-62.9921;-90.746;-0.109521;-0.0219432;-0.171285;-10.3517
-54.5358;-90.746;-0.0887954;-0.0174707;-0.178361;-10.7021
-46.0795;-90.746;-0.025871;-0.00869941;-0.1752;-11.032
-37.6233;-90.746;0.0127012;0.00280892;-0.171898;-11.3127
-29.167;-90.746;-0.0122245;0.0166422;-0.171064;-11.5286
-20.7107;-90.746;-0.0179983;0.0268257;-0.170717;-11.7094
-12.2544;-90.746;0.00951008;0.0352696;-0.170751;-11.8776
-3.79809;-90.746;0.0364714;0.0481648;-0.172218;-12.0443
4.6582;-90.746;0.0551612;0.0620933;-0.174598;-12.1697
13.1145;-90.746;0.0794861;0.0780991;-0.176279;-12.2465
21.5708;-90.746;0.108378;0.0931236;-0.173862;-12.2746
30.0271;-90.746;0.114325;0.105194;-0.176304;-12.2571
38.4834;-90.746;0.106647;0.117556;-0.188185;-12.185
46.9397;-90.746;0.134912;0.131992;-0.205159;-12.0915
55.396;-90.746;0.241492;0.15358;-0.220748;-12.0248
63.8522;-90.746;0.35596;0.167946;-0.223502;-11.9018
72.3085;-90.746;0.403997;0.17464;-0.218018;-11.6969
80.7648;-90.746;0.437977;0.178599;-0.20894;-11.4417
89.2211;-90.746;0.484718;0.182643;-0.199291;-11.1557
97.6774;-90.746;0.533261;0.185227;-0.190371;-10.8383
106.134;-90.746;0.617639;0.183295;-0.179293;-10.5129
114.59;-90.746;0.657733;0.180465;-0.160632;-10.105
123.046;-90.746;0.647142;0.173416;-0.142388;-9.60921
131.503;-90.746;0.608162;0.165877;-0.12594;-9.06838
139.959;-90.746;0.525337;0.160766;-0.113324;-8.47228
148.415;-90.746;0.439538;0.154731;-0.101244;-7.8392
156.871;-90.746;0.397483;0.142728;-0.0850398;-7.19927
165.328;-90.746;0.464481;0.12403;-0.0607974;-6.60817
173.784;-90.746;0.59594;0.104757;-0.033;-6.04384
182.24;-90.746;0.631405;0.0873341;-0.015053;-5.38193
190.697;-90.746;0.560978;0.0698297;-0.00407599;-4.6196
199.153;-90.746;0.510929;0.0616844;-0.00450604;-3.88351
207.609;-90.746;0.526941;0.0602726;-0.00776352;-3.18566
216.065;-90.746;0.579955;0.0454541;-0.00347179;-2.46688
224.522;-90.746;0.636947;0.0178438;0.00704163;-1.71563
232.978;-90.746;0.714207;0.00723055;0.00770868;-1.03803
-189.836;-99.2022;-0.469944;0.0583671;-0.000447624;-1.64658
-181.38;-99.2022;-0.33759;0.0482914;-0.0150018;-2.39425
-172.924;-99.2022;-0.241678;0.0362968;-0.0302568;-3.10032
-164.468;-99.2022;-0.260124;0.0182414;-0.0466829;-3.73414
-156.011;-99.2022;-0.279284;0.00150625;-0.059018;-4.36109
-147.555;-99.2022;-0.204308;-0.00664686;-0.0627012;-4.97524
-139.099;-99.2022;-0.180893;-0.0152776;-0.072069;-5.56713
-130.642;-99.2022;-0.166492;-0.0234972;-0.0814032;-6.14858
-122.186;-99.2022;-0.180077;-0.0223889;-0.0876293;-6.68428
-113.73;-99.2022;-0.230224;-0.0185101;-0.0963556;-7.18184
-105.274;-99.2022;-0.259692;-0.0191697;-0.108885;-7.66373
-96.8173;-99.2022;-0.25263;-0.0252568;-0.124414;-8.15488
-88.361;-99.2022;-0.222112;-0.0325938;-0.14054;-8.63442
-79.9047;-99.2022;-0.16535;-0.03;-0.152335;-9.09169
-71.4484;-99.2022;-0.125569;-0.0256342;-0.163637;-9.50909
-62.9921;-99.2022;-0.152666;-0.0235312;-0.175971;-9.88087
-54.5358;-99.2022;-0.153111;-0.0223903;-0.183985;-10.2258
-46.0795;-99.2022;-0.10746;-0.0175626;-0.182563;-10.5532
-37.6233;-99.2022;-0.0601601;-0.00529549;-0.17828;-10.8475
-29.167;-99.2022;-0.0754346;0.0102676;-0.17436;-11.0604
-20.7107;-99.2022;-0.122726;0.0235404;-0.171832;-11.2135
-12.2544;-99.2022;-0.133843;0.0352812;-0.16908;-11.3516
-3.79809;-99.2022;-0.107391;0.0487878;-0.16735;-11.5065
4.6582;-99.2022;-0.0576581;0.0618121;-0.167994;-11.6408
13.1145;-99.2022;0.00570395;0.0768463;-0.168611;-11.7353
21.5708;-99.2022;0.0934617;0.0905598;-0.170785;-11.797
30.0271;-99.2022;0.146222;0.103646;-0.17952;-11.8011
38.4834;-99.2022;0.145169;0.116929;-0.193528;-11.729
46.9397;-99.2022;0.150912;0.128791;-0.20649;-11.6176
55.396;-99.2022;0.226883;0.141573;-0.212223;-11.5174
63.8522;-99.2022;0.359843;0.150954;-0.211235;-11.3941
72.3085;-99.2022;0.42086;0.157317;-0.205778;-11.1917
80.7648;-99.2022;0.445798;0.161798;-0.198849;-10.9283
89.2211;-99.2022;0.469826;0.165775;-0.191458;-10.6277
97.6774;-99.2022;0.512824;0.168089;-0.183219;-10.3036
106.134;-99.2022;0.54549;0.166809;-0.172028;-9.93973
114.59;-99.2022;0.541486;0.163886;-0.156428;-9.48903
123.046;-99.2022;0.480667;0.158598;-0.141392;-8.95191
131.503;-99.2022;0.364283;0.152354;-0.127644;-8.36391
139.959;-99.2022;0.284001;0.145218;-0.11655;-7.80925
148.415;-99.2022;0.246432;0.13677;-0.101088;-7.23907
156.871;-99.2022;0.31464;0.121796;-0.076766;-6.68232
165.328;-99.2022;0.557569;0.100763;-0.0459287;-6.19764
173.784;-99.2022;0.581889;0.0832204;-0.0204363;-5.53945
182.24;-99.2022;0.471871;0.0662536;-0.00650449;-4.76738
190.697;-99.2022;0.334867;0.0548409;0.000746868;-3.97672
199.153;-99.2022;0.418;0.0572259;-0.00451177;-3.36789
207.609;-99.2022;0.561495;0.0477214;-7.21857e-05;-2.77051
216.065;-99.2022;0.694603;0.0205554;0.0124871;-2.10144
224.522;-99.2022;0.771847;-0.00596771;0.0221943;-1.37006
232.978;-99.2022;0.851607;-0.00675782;0.018892;-0.769773
-189.836;-107.659;-0.498257;0.0511336;0.00691181;-1.24612
-181.38;-107.659;-0.398033;0.0412816;-0.00756494;-1.96517
-172.924;-107.659;-0.339754;0.0306123;-0.0241321;-2.65749
-164.468;-107.659;-0.361361;0.0125553;-0.0395989;-3.29298
-156.011;-107.659;-0.349584;-0.00584579;-0.0522446;-3.93122
-147.555;-107.659;-0.272716;-0.0155721;-0.0592192;-4.54692
-139.099;-107.659;-0.284005;-0.025595;-0.0709385;-5.11476
-130.642;-107.659;-0.299296;-0.0349888;-0.0827365;-5.67623
-122.186;-107.659;-0.280515;-0.0313239;-0.0895545;-6.21672
-113.73;-107.659;-0.304093;-0.022355;-0.0981458;-6.71858
-105.274;-107.659;-0.319972;-0.0180441;-0.109689;-7.19037
-96.8173;-107.659;-0.316884;-0.0215446;-0.125597;-7.67311
-88.361;-107.659;-0.304609;-0.0306679;-0.145132;-8.14111
-79.9047;-107.659;-0.263983;-0.0303797;-0.160812;-8.58474
-71.4484;-107.659;-0.185944;-0.0280003;-0.171287;-9.00688
-62.9921;-107.659;-0.188618;-0.0249376;-0.180958;-9.38606
-54.5358;-107.659;-0.208951;-0.0250011;-0.189103;-9.71996
-46.0795;-107.659;-0.184858;-0.0234299;-0.188652;-10.0546
-37.6233;-107.659;-0.133649;-0.0138168;-0.182623;-10.3751
-29.167;-107.659;-0.140054;0.000523826;-0.177014;-10.5841
-20.7107;-107.659;-0.277516;0.0199244;-0.175614;-10.6742
-12.2544;-107.659;-0.344923;0.0342868;-0.17337;-10.7645
-3.79809;-107.659;-0.30859;0.0487627;-0.167215;-10.9075
4.6582;-107.659;-0.202404;0.0654913;-0.163138;-11.0775
13.1145;-107.659;-0.0737352;0.079846;-0.166192;-11.2095
21.5708;-107.659;0.0660077;0.0933235;-0.174371;-11.2937
30.0271;-107.659;0.190989;0.104935;-0.18677;-11.3124
38.4834;-107.659;0.188115;0.11655;-0.198145;-11.2207
46.9397;-107.659;0.131682;0.123157;-0.203898;-11.0574
55.396;-107.659;0.13565;0.129887;-0.204258;-10.9039
63.8522;-107.659;0.224281;0.137344;-0.201996;-10.7503
72.3085;-107.659;0.289994;0.144757;-0.196665;-10.5473
80.7648;-107.659;0.307213;0.149476;-0.189516;-10.2758
89.2211;-107.659;0.291917;0.151952;-0.182653;-9.94645
97.6774;-107.659;0.283004;0.153396;-0.177446;-9.58311
106.134;-107.659;0.279672;0.150872;-0.16968;-9.18803
114.59;-107.659;0.294953;0.149061;-0.154557;-8.74724
123.046;-107.659;0.29241;0.146709;-0.138559;-8.26204
131.503;-107.659;0.236175;0.140069;-0.124434;-7.74128
139.959;-107.659;0.209597;0.129108;-0.109455;-7.24311
148.415;-107.659;0.249682;0.116416;-0.0887409;-6.74104
156.871;-107.659;0.371178;0.100143;-0.0613738;-6.22518
165.328;-107.659;0.584869;0.0806788;-0.0342932;-5.70464
173.784;-107.659;0.413588;0.0680242;-0.0176513;-4.89447
182.24;-107.659;0.203359;0.0555138;-0.00967232;-4.0531
190.697;-107.659;0.131508;0.046747;-0.00118853;-3.32275
199.153;-107.659;0.475078;0.0473265;-0.00272129;-2.90696
207.609;-107.659;0.819744;0.0154316;0.0184684;-2.40208
216.065;-107.659;1.0119;-0.0200443;0.035623;-1.78405
224.522;-107.659;1.05487;-0.0296086;0.0330853;-1.08022
232.978;-107.659;1.05401;-0.0192375;0.0222751;-0.51393
-189.836;-116.115;-0.593441;0.0388385;0.0098584;-0.829104
-181.38;-116.115;-0.53676;0.0281061;-0.00387691;-1.46672
-172.924;-116.115;-0.474364;0.0175749;-0.0202986;-2.17434
-164.468;-116.115;-0.456128;0.00168503;-0.0335992;-2.83015
-156.011;-116.115;-0.421189;-0.0141935;-0.0467099;-3.46926
-147.555;-116.115;-0.392659;-0.0238107;-0.0582539;-4.06534
-139.099;-116.115;-0.465309;-0.035055;-0.0736151;-4.60263
-130.642;-116.115;-0.492451;-0.0472197;-0.0879914;-5.15707
-122.186;-116.115;-0.416673;-0.0430513;-0.0955665;-5.71499
-113.73;-116.115;-0.384742;-0.029313;-0.103529;-6.23061
-105.274;-116.115;-0.384258;-0.0197286;-0.114091;-6.70046
-96.8173;-116.115;-0.39714;-0.0204173;-0.129777;-7.16382
-88.361;-116.115;-0.408558;-0.0294689;-0.151413;-7.60776
-79.9047;-116.115;-0.378507;-0.0304106;-0.168231;-8.0474
-71.4484;-116.115;-0.259287;-0.0297133;-0.175696;-8.48005
-62.9921;-116.115;-0.235904;-0.0260695;-0.183718;-8.86274
-54.5358;-116.115;-0.28603;-0.023675;-0.193217;-9.1811
-46.0795;-116.115;-0.282377;-0.0256407;-0.196435;-9.50722
-37.6233;-116.115;-0.230761;-0.0215282;-0.19182;-9.83466
-29.167;-116.115;-0.299559;-0.00849586;-0.190548;-9.99382
-20.7107;-116.115;-0.63646;0.0179404;-0.196487;-9.94134
-12.2544;-116.115;-0.781802;0.029122;-0.199156;-9.94955
-3.79809;-116.115;-0.691704;0.0474888;-0.185788;-10.1456
4.6582;-116.115;-0.477743;0.064559;-0.168827;-10.3871
13.1145;-116.115;-0.275491;0.081197;-0.164539;-10.5693
21.5708;-116.115;-0.106979;0.0958347;-0.174389;-10.654
30.0271;-116.115;0.0101795;0.10526;-0.189434;-10.6535
38.4834;-116.115;0.060647;0.111498;-0.196785;-10.5735
46.9397;-116.115;0.0499792;0.115466;-0.195516;-10.4263
55.396;-116.115;0.0281468;0.119861;-0.195924;-10.2468
63.8522;-116.115;0.0836943;0.126961;-0.196128;-10.0757
72.3085;-116.115;0.13746;0.135086;-0.192578;-9.86434
80.7648;-116.115;0.148223;0.139302;-0.185289;-9.58127
89.2211;-116.115;0.112787;0.140156;-0.177961;-9.22923
97.6774;-116.115;0.0599883;0.140755;-0.173657;-8.83188
106.134;-116.115;0.0400682;0.13699;-0.165738;-8.42278
114.59;-116.115;0.096999;0.13538;-0.151486;-8.02402
123.046;-116.115;0.183316;0.133677;-0.132355;-7.61979
131.503;-116.115;0.236384;0.124958;-0.116344;-7.18721
139.959;-116.115;0.265741;0.11173;-0.0980456;-6.72439
148.415;-116.115;0.343271;0.0970466;-0.0759576;-6.24205
156.871;-116.115;0.410147;0.082964;-0.054741;-5.69065
165.328;-116.115;0.365062;0.0701906;-0.0417263;-5.0008
173.784;-116.115;0.019086;0.0581956;-0.0260584;-4.07388
182.24;-116.115;-0.149712;0.0478726;-0.0157707;-3.27813
190.697;-116.115;0.0469413;0.033982;-0.000233669;-2.73581
199.153;-116.115;0.750154;0.0170217;0.00926852;-2.54665
207.609;-116.115;1.30778;-0.0289808;0.0430951;-2.01434
216.065;-116.115;1.44869;-0.0576971;0.0557227;-1.35862
224.522;-116.115;1.35427;-0.0470245;0.0385371;-0.72878
232.978;-116.115;1.40828;-0.0206605;0.0168137;-0.263757
-189.836;-124.571;-0.700248;0.0201442;0.0018839;-0.460615
-181.38;-124.571;-0.671969;0.0140219;-0.0042078;-0.967116
-172.924;-124.571;-0.613102;0.00483173;-0.0176507;-1.67436
-164.468;-124.571;-0.567641;-0.00857491;-0.0296208;-2.34686
-156.011;-124.571;-0.519323;-0.0198791;-0.0427045;-2.97828
-147.555;-124.571;-0.512057;-0.0266182;-0.0556558;-3.54967
-139.099;-124.571;-0.59878;-0.0368013;-0.0720438;-4.07072
-130.642;-124.571;-0.626577;-0.0520969;-0.088691;-4.62873
-122.186;-124.571;-0.527373;-0.0499119;-0.0990369;-5.20009
-113.73;-124.571;-0.453817;-0.0352868;-0.107534;-5.72422
-105.274;-124.571;-0.437738;-0.0236132;-0.11661;-6.19286
-96.8173;-124.571;-0.464921;-0.0222086;-0.130133;-6.63679
-88.361;-124.571;-0.496178;-0.02924;-0.150326;-7.05383
-79.9047;-124.571;-0.4756;-0.0295888;-0.16588;-7.48621
-71.4484;-124.571;-0.299793;-0.0297958;-0.169228;-7.93423
-62.9921;-124.571;-0.258949;-0.0254365;-0.176389;-8.32918
-54.5358;-124.571;-0.343793;-0.021897;-0.190122;-8.62155
-46.0795;-124.571;-0.400672;-0.0251621;-0.201223;-8.90298
-37.6233;-124.571;-0.429706;-0.0205362;-0.204356;-9.16986
-29.167;-124.571;-0.631657;-0.0072837;-0.212575;-9.20442
-20.7107;-124.571;-1.28899;0.0154491;-0.226137;-9.03588
-12.2544;-124.571;-1.66539;0.0272536;-0.233969;-8.96559
-3.79809;-124.571;-1.60364;0.0369863;-0.222274;-9.13758
4.6582;-124.571;-1.18169;0.0546804;-0.197133;-9.4673
13.1145;-124.571;-0.668844;0.0746042;-0.180168;-9.74521
21.5708;-124.571;-0.418414;0.0860763;-0.185651;-9.86477
30.0271;-124.571;-0.271069;0.0915011;-0.198831;-9.86036
38.4834;-124.571;-0.147587;0.0980227;-0.199943;-9.82555
46.9397;-124.571;-0.0740653;0.105474;-0.19203;-9.74055
55.396;-124.571;-0.0594065;0.107495;-0.188989;-9.57068
63.8522;-124.571;-0.0144269;0.115229;-0.188698;-9.39446
72.3085;-124.571;0.0304199;0.124057;-0.185285;-9.17876
80.7648;-124.571;0.0464493;0.128929;-0.177865;-8.89628
89.2211;-124.571;0.02229;0.129625;-0.169287;-8.54618
97.6774;-124.571;-0.0318712;0.128996;-0.162611;-8.14742
106.134;-124.571;-0.040925;0.125012;-0.152902;-7.75173
114.59;-124.571;0.0524864;0.121139;-0.13829;-7.39813
123.046;-124.571;0.18721;0.115779;-0.120528;-7.03911
131.503;-124.571;0.2817;0.105968;-0.104371;-6.61907
139.959;-124.571;0.323943;0.0920024;-0.084644;-6.14565
148.415;-124.571;0.322458;0.0785171;-0.0651006;-5.58609
156.871;-124.571;0.271181;0.0670129;-0.0534015;-4.95625
165.328;-124.571;0.152883;0.0556669;-0.046376;-4.26172
173.784;-124.571;-0.106782;0.0436563;-0.0320126;-3.41935
182.24;-124.571;-0.0636807;0.0262887;-0.00551111;-2.78055
190.697;-124.571;0.402217;0.00886398;0.0130828;-2.42459
199.153;-124.571;1.2422;-0.0179782;0.0274816;-2.25871
207.609;-124.571;1.60811;-0.0606997;0.0560189;-1.75126
216.065;-124.571;1.72877;-0.0744038;0.0604469;-1.08392
-172.924;-133.027;-0.696156;0.00272308;-0.0118876;-1.19067
-164.468;-133.027;-0.650096;-0.00939326;-0.0223546;-1.83649
-156.011;-133.027;-0.617225;-0.018789;-0.0354031;-2.45607
-147.555;-133.027;-0.589755;-0.0237914;-0.0484369;-3.02243
-139.099;-133.027;-0.614342;-0.0311453;-0.0629231;-3.55632
-130.642;-133.027;-0.630039;-0.0457876;-0.0793988;-4.11496
-122.186;-133.027;-0.568381;-0.0469037;-0.0938263;-4.68059
-113.73;-133.027;-0.511776;-0.0379655;-0.105163;-5.20374
-105.274;-133.027;-0.486069;-0.0299447;-0.113089;-5.6732
-96.8173;-133.027;-0.514943;-0.0280131;-0.12383;-6.10414
-88.361;-133.027;-0.568805;-0.031427;-0.142337;-6.49337
-79.9047;-133.027;-0.553089;-0.0276881;-0.157162;-6.90959
-71.4484;-133.027;-0.35165;-0.026433;-0.159867;-7.36205
-62.9921;-133.027;-0.276919;-0.023985;-0.167457;-7.76832
-54.5358;-133.027;-0.383902;-0.0218468;-0.184497;-8.04463
-46.0795;-133.027;-0.507115;-0.0250239;-0.201494;-8.27612
-37.6233;-133.027;-0.598906;-0.01847;-0.210195;-8.51214
-29.167;-133.027;-0.814703;-0.00985832;-0.221826;-8.54675
-20.7107;-133.027;-1.49772;0.00949771;-0.23835;-8.36001
-12.2544;-133.027;-1.96404;0.0164813;-0.249623;-8.25993
-3.79809;-133.027;-2.01208;0.024531;-0.243783;-8.37876
4.6582;-133.027;-1.57419;0.0401506;-0.226052;-8.67334
13.1145;-133.027;-0.879019;0.0608908;-0.209514;-8.98333
21.5708;-133.027;-0.53467;0.0741736;-0.204667;-9.14282
30.0271;-133.027;-0.388011;0.0829011;-0.205731;-9.15823
38.4834;-133.027;-0.242699;0.0913089;-0.200345;-9.14525
46.9397;-133.027;-0.127314;0.0986041;-0.189043;-9.0816
55.396;-133.027;-0.0783233;0.0947006;-0.179421;-8.90821
63.8522;-133.027;-0.0426176;0.10075;-0.175902;-8.71381
72.3085;-133.027;-0.00104429;0.109409;-0.171801;-8.49596
80.7648;-133.027;0.0271297;0.11493;-0.164225;-8.22585
89.2211;-133.027;0.0313659;0.115927;-0.154377;-7.90044
97.6774;-133.027;0.0121438;0.114617;-0.145666;-7.53603
106.134;-133.027;0.0280692;0.109398;-0.135611;-7.16713
114.59;-133.027;0.116055;0.103956;-0.1198;-6.81517
123.046;-133.027;0.205105;0.0982245;-0.104478;-6.42664
131.503;-133.027;0.221467;0.0905847;-0.0943039;-5.95049
139.959;-133.027;0.171236;0.0792816;-0.0814468;-5.39319
148.415;-133.027;0.0987646;0.0665851;-0.0657133;-4.77288
156.871;-133.027;0.0712227;0.0538102;-0.054293;-4.16823
165.328;-133.027;0.134831;0.0401112;-0.0451939;-3.63437
173.784;-133.027;0.204084;0.0266735;-0.0256551;-3.07823
182.24;-133.027;0.517739;0.00532788;0.00603643;-2.63935
190.697;-133.027;1.05114;-0.0182887;0.0300206;-2.30467
199.153;-133.027;1.64733;-0.0535956;0.0497491;-1.93264
207.609;-133.027;1.91011;-0.0855815;0.0655634;-1.39293
-164.468;-141.484;-0.663772;0.00204708;-0.00944038;-1.33194
-156.011;-141.484;-0.644276;-0.00883109;-0.0218871;-1.92078
-147.555;-141.484;-0.625249;-0.017283;-0.0365699;-2.48828
-139.099;-141.484;-0.59305;-0.0231392;-0.0513552;-3.04967
-130.642;-141.484;-0.573378;-0.029959;-0.0635168;-3.60064
-122.186;-141.484;-0.553476;-0.0334035;-0.0784294;-4.14141
-113.73;-141.484;-0.516959;-0.0333317;-0.09122;-4.65234
-105.274;-141.484;-0.488316;-0.0334815;-0.100368;-5.12837
-96.8173;-141.484;-0.514457;-0.0333653;-0.110156;-5.55731
-88.361;-141.484;-0.588339;-0.0330948;-0.12825;-5.92829
-79.9047;-141.484;-0.614612;-0.0257857;-0.146966;-6.33022
-71.4484;-141.484;-0.432628;-0.0243655;-0.153508;-6.77162
-62.9921;-141.484;-0.351224;-0.0238873;-0.162471;-7.16906
-54.5358;-141.484;-0.464582;-0.0221512;-0.179276;-7.43843
-46.0795;-141.484;-0.565283;-0.0280901;-0.196756;-7.66087
-37.6233;-141.484;-0.579404;-0.0227578;-0.206887;-7.93752
-29.167;-141.484;-0.64908;-0.0145093;-0.216459;-8.08296
-20.7107;-141.484;-1.10866;0.00344929;-0.231166;-7.99825
-12.2544;-141.484;-1.48976;0.00779044;-0.244844;-7.91271
-3.79809;-141.484;-1.59051;0.0188897;-0.244641;-7.98555
4.6582;-141.484;-1.27865;0.0328391;-0.235696;-8.1873
13.1145;-141.484;-0.694111;0.0510927;-0.22371;-8.44034
21.5708;-141.484;-0.374107;0.0639382;-0.212098;-8.57024
30.0271;-141.484;-0.271702;0.0726499;-0.201189;-8.57054
38.4834;-141.484;-0.159452;0.0796275;-0.187951;-8.53175
46.9397;-141.484;-0.0604789;0.0828718;-0.174177;-8.43577
55.396;-141.484;-0.0164945;0.0805092;-0.16282;-8.25609
63.8522;-141.484;-0.000290884;0.0864918;-0.156907;-8.03706
72.3085;-141.484;0.0323531;0.0939652;-0.151966;-7.80919
80.7648;-141.484;0.0550488;0.0994652;-0.144375;-7.5502
89.2211;-141.484;0.0612438;0.101363;-0.133831;-7.25147
97.6774;-141.484;0.0584481;0.100431;-0.123291;-6.91752
106.134;-141.484;0.0861803;0.0962167;-0.113447;-6.56485
114.59;-141.484;0.146466;0.0900018;-0.100943;-6.19185
123.046;-141.484;0.183777;0.0830554;-0.0882781;-5.76448
131.503;-141.484;0.153212;0.0751661;-0.0801815;-5.25667
139.959;-141.484;0.0793692;0.0662528;-0.0709814;-4.69463
148.415;-141.484;0.0327646;0.0565987;-0.0576235;-4.11347
156.871;-141.484;0.0795718;0.0452126;-0.0423458;-3.57448
165.328;-141.484;0.288463;0.0308831;-0.0254642;-3.14482
173.784;-141.484;0.688609;0.0136943;-0.00607233;-2.86732
182.24;-141.484;1.13701;-0.00585935;0.0124843;-2.53247
190.697;-141.484;1.45904;-0.0320784;0.0345036;-2.08825
199.153;-141.484;1.78532;-0.0690812;0.060647;-1.49157
-156.011;-149.94;-0.60255;0.00615231;-0.006609;-1.39866
-147.555;-149.94;-0.634316;-0.00585347;-0.0224836;-1.94006
-139.099;-149.94;-0.626574;-0.0157722;-0.0393452;-2.49461
-130.642;-149.94;-0.585141;-0.018056;-0.04934;-3.03559
-122.186;-149.94;-0.568215;-0.0226421;-0.063495;-3.55993
-113.73;-149.94;-0.541032;-0.0271446;-0.0773516;-4.06096
-105.274;-149.94;-0.50977;-0.0317341;-0.0882442;-4.54198
-96.8173;-149.94;-0.530415;-0.0309973;-0.0993723;-4.98149
-88.361;-149.94;-0.600378;-0.0269677;-0.115776;-5.36282
-79.9047;-149.94;-0.633996;-0.0224544;-0.134057;-5.74103
-71.4484;-149.94;-0.509091;-0.0243513;-0.145573;-6.14948
-62.9921;-149.94;-0.434028;-0.0247961;-0.155598;-6.52745
-54.5358;-149.94;-0.53653;-0.0223644;-0.170623;-6.79481
-46.0795;-149.94;-0.623444;-0.0260379;-0.185797;-7.01969
-37.6233;-149.94;-0.554644;-0.0212342;-0.196261;-7.33779
-29.167;-149.94;-0.412285;-0.0150398;-0.203738;-7.6167
-20.7107;-149.94;-0.546643;-0.000100913;-0.214879;-7.70173
-12.2544;-149.94;-0.731866;0.00664429;-0.228203;-7.68616
-3.79809;-149.94;-0.71682;0.0176127;-0.229117;-7.76522
4.6582;-149.94;-0.499812;0.0340652;-0.22073;-7.92824
13.1145;-149.94;-0.210467;0.0481929;-0.210604;-8.07273
21.5708;-149.94;-0.0902577;0.058731;-0.200442;-8.10273
30.0271;-149.94;-0.0693994;0.0639684;-0.184823;-8.03542
38.4834;-149.94;-0.0429101;0.0654116;-0.165583;-7.91335
46.9397;-149.94;-0.00190638;0.064071;-0.149871;-7.75643
55.396;-149.94;0.0330922;0.0661916;-0.139317;-7.5773
63.8522;-149.94;0.0493555;0.0722192;-0.131971;-7.3557
72.3085;-149.94;0.062041;0.0776739;-0.125579;-7.11421
80.7648;-149.94;0.0775294;0.0816979;-0.118207;-6.8588
89.2211;-149.94;0.086047;0.0846212;-0.108886;-6.57893
97.6774;-149.94;0.0836508;0.085656;-0.0988479;-6.26124
106.134;-149.94;0.10328;0.0834971;-0.0899032;-5.91155
114.59;-149.94;0.154829;0.0788907;-0.0809273;-5.53639
123.046;-149.94;0.184422;0.0718725;-0.0694441;-5.10934
131.503;-149.94;0.159039;0.0658956;-0.0608669;-4.626
139.959;-149.94;0.117401;0.0597412;-0.0522488;-4.11614
148.415;-149.94;0.134615;0.051411;-0.0411287;-3.61336
156.871;-149.94;0.266741;0.0401264;-0.0268888;-3.15815
165.328;-149.94;0.552811;0.0259082;-0.00768184;-2.78639
173.784;-149.94;1.04102;0.00726627;0.00582486;-2.57195
182.24;-149.94;1.28461;-0.00977573;0.0156536;-2.20857
190.697;-149.94;1.49029;-0.0313281;0.0277443;-1.65301
199.153;-149.94;1.56331;-0.0561535;0.0503423;-0.973981
-156.011;-158.396;-0.512175;0.0167031;0.00253722;-0.89497
-147.555;-158.396;-0.593558;0.0037936;-0.0105155;-1.39371
-139.099;-158.396;-0.66592;-0.0117665;-0.0278557;-1.91535
-130.642;-158.396;-0.675633;-0.0175479;-0.0408023;-2.4439
-122.186;-158.396;-0.664895;-0.0219803;-0.0554952;-2.94291
-113.73;-158.396;-0.661019;-0.02857;-0.0706516;-3.42055
-105.274;-158.396;-0.633807;-0.0346164;-0.0821232;-3.88822
-96.8173;-158.396;-0.633624;-0.029555;-0.094027;-4.34655
-88.361;-158.396;-0.679554;-0.0236525;-0.10637;-4.7221
-79.9047;-158.396;-0.714119;-0.0210603;-0.120637;-5.07784
-71.4484;-158.396;-0.637009;-0.0230334;-0.13312;-5.45765
-62.9921;-158.396;-0.527714;-0.0242155;-0.14314;-5.83013
-54.5358;-158.396;-0.591737;-0.0202576;-0.155817;-6.11052
-46.0795;-158.396;-0.672245;-0.0224904;-0.167034;-6.31569
-37.6233;-158.396;-0.602841;-0.0198434;-0.176749;-6.60329
-29.167;-158.396;-0.379305;-0.0168469;-0.18441;-6.93127
-20.7107;-158.396;-0.312062;-0.00569721;-0.193056;-7.1462
-12.2544;-158.396;-0.364686;0.00567249;-0.202537;-7.23094
-3.79809;-158.396;-0.175997;0.0141128;-0.200861;-7.38981
4.6582;-158.396;0.0478427;0.0334156;-0.193696;-7.58482
13.1145;-158.396;0.1574;0.0449775;-0.189675;-7.6542
21.5708;-158.396;0.175306;0.0520975;-0.182592;-7.61266
30.0271;-158.396;0.125208;0.0534702;-0.166844;-7.48006
38.4834;-158.396;0.0248695;0.0518349;-0.143648;-7.25201
46.9397;-158.396;-0.0177307;0.0510742;-0.124845;-7.02734
55.396;-158.396;0.0121731;0.0563013;-0.113776;-6.84277
63.8522;-158.396;0.0369439;0.0619906;-0.106567;-6.63457
72.3085;-158.396;0.0461235;0.0633665;-0.0990184;-6.38992
80.7648;-158.396;0.0619721;0.063747;-0.0908575;-6.13036
89.2211;-158.396;0.075347;0.0664848;-0.082213;-5.85649
97.6774;-158.396;0.0755231;0.0692828;-0.0739502;-5.5486
106.134;-158.396;0.0792458;0.0697033;-0.0682179;-5.19914
114.59;-158.396;0.11697;0.0688238;-0.0637491;-4.83618
123.046;-158.396;0.158256;0.064601;-0.0549933;-4.44243
131.503;-158.396;0.178955;0.0607589;-0.0471397;-4.01965
139.959;-158.396;0.202133;0.0552727;-0.0396763;-3.58151
148.415;-158.396;0.282918;0.0463731;-0.0308777;-3.15169
156.871;-158.396;0.472831;0.0347137;-0.0216545;-2.77015
165.328;-158.396;0.754618;0.021684;-0.0118526;-2.44307
173.784;-158.396;0.987985;0.00416153;0.0068603;-2.0342
182.24;-158.396;1.05312;-0.0074411;0.0135238;-1.59986
190.697;-158.396;1.10718;-0.0041777;-0.0058761;-1.14134
199.153;-158.396;1.30926;-0.00804297;-0.00630846;-0.602797
-147.555;-166.853;-0.664432;0.0101147;-0.00939111;-0.837754
-139.099;-166.853;-0.71147;-0.00502259;-0.0205995;-1.3263
-130.642;-166.853;-0.76267;-0.01492;-0.0325529;-1.81884
-122.186;-166.853;-0.775039;-0.0222346;-0.0459799;-2.29685
-113.73;-166.853;-0.769425;-0.029663;-0.0593439;-2.76487
-105.274;-166.853;-0.748379;-0.0348249;-0.0720028;-3.22599
-96.8173;-166.853;-0.751794;-0.0291451;-0.0847001;-3.66484
-88.361;-166.853;-0.810473;-0.0237607;-0.0957567;-4.01359
-79.9047;-166.853;-0.876675;-0.0212567;-0.108315;-4.34508
-71.4484;-166.853;-0.816383;-0.0203008;-0.118076;-4.70471
-62.9921;-166.853;-0.641084;-0.0199963;-0.125189;-5.08626
-54.5358;-166.853;-0.630851;-0.0139765;-0.13635;-5.40585
-46.0795;-166.853;-0.659203;-0.0142055;-0.144396;-5.62655
-37.6233;-166.853;-0.617553;-0.0107766;-0.151406;-5.87554
-29.167;-166.853;-0.490449;-0.0061338;-0.156874;-6.15385
-20.7107;-166.853;-0.365425;-0.000917331;-0.161401;-6.39095
-12.2544;-166.853;-0.312323;0.00772714;-0.165106;-6.54085
-3.79809;-166.853;-0.0864996;0.0177379;-0.165255;-6.73258
4.6582;-166.853;0.109425;0.0336207;-0.165428;-6.88808
13.1145;-166.853;0.147671;0.0440882;-0.164481;-6.90858
21.5708;-166.853;0.0695032;0.0484654;-0.158984;-6.81658
30.0271;-166.853;-0.00824739;0.0482075;-0.14573;-6.65782
38.4834;-166.853;-0.0984997;0.0485584;-0.12738;-6.44857
46.9397;-166.853;-0.13371;0.0473078;-0.108723;-6.23351
55.396;-166.853;-0.0984956;0.0528538;-0.0964158;-6.05908
63.8522;-166.853;-0.0543432;0.0571493;-0.0894518;-5.86828
72.3085;-166.853;-0.0362134;0.0541131;-0.079679;-5.6228
80.7648;-166.853;-0.00977823;0.0497184;-0.0677922;-5.35615
89.2211;-166.853;0.0180554;0.0501971;-0.0566441;-5.08294
97.6774;-166.853;0.0338307;0.0534271;-0.0493502;-4.78752
106.134;-166.853;0.0337163;0.056289;-0.0485375;-4.45242
114.59;-166.853;0.0502374;0.0589933;-0.0498166;-4.10709
123.046;-166.853;0.0849708;0.0584045;-0.0464037;-3.74587
131.503;-166.853;0.133354;0.0546482;-0.0412202;-3.36653
139.959;-166.853;0.185648;0.0478353;-0.0348986;-2.96503
148.415;-166.853;0.289924;0.0382499;-0.0262946;-2.56429
156.871;-166.853;0.448033;0.0270455;-0.0151277;-2.16385
165.328;-166.853;0.619481;0.0147374;-0.00805797;-1.76636
173.784;-166.853;0.667237;0.00276418;-0.0051703;-1.36484
182.24;-166.853;0.663739;-0.00421913;0.00181776;-0.884711
-139.099;-175.309;-0.775449;0.00679519;-0.0156197;-0.734144
-130.642;-175.309;-0.841667;-0.00509472;-0.0216775;-1.17813
-122.186;-175.309;-0.834257;-0.0152399;-0.0292088;-1.62878
-113.73;-175.309;-0.806654;-0.0233555;-0.0394743;-2.09324
-105.274;-175.309;-0.77636;-0.0273396;-0.0531018;-2.56284
-96.8173;-175.309;-0.795425;-0.0229164;-0.0681399;-2.98836
-88.361;-175.309;-0.906603;-0.0209767;-0.0824907;-3.30862
-79.9047;-175.309;-1.03193;-0.0194205;-0.0960646;-3.62043
-71.4484;-175.309;-0.963303;-0.016403;-0.101014;-3.96619
-62.9921;-175.309;-0.756304;-0.0115192;-0.102185;-4.3417
-54.5358;-175.309;-0.634484;-0.00761461;-0.112115;-4.70166
-46.0795;-175.309;-0.597968;-0.00841699;-0.119845;-4.95334
-37.6233;-175.309;-0.56242;-0.00539771;-0.126474;-5.18963
-29.167;-175.309;-0.483102;-0.00270978;-0.132261;-5.41976
-20.7107;-175.309;-0.416322;0.00166537;-0.137645;-5.6135
-12.2544;-175.309;-0.342207;0.00966527;-0.140271;-5.76414
-3.79809;-175.309;-0.166608;0.0199416;-0.142028;-5.92313
4.6582;-175.309;-0.0367564;0.0324006;-0.142704;-6.01901
13.1145;-175.309;-0.0339767;0.0358375;-0.139202;-5.98211
21.5708;-175.309;-0.128037;0.0354581;-0.131507;-5.86452
30.0271;-175.309;-0.186465;0.0358878;-0.120856;-5.72756
38.4834;-175.309;-0.244177;0.0405139;-0.108808;-5.56912
46.9397;-175.309;-0.264626;0.0405932;-0.0952039;-5.38932
55.396;-175.309;-0.23552;0.046468;-0.0835579;-5.23502
63.8522;-175.309;-0.180027;0.050601;-0.0764485;-5.06485
72.3085;-175.309;-0.146371;0.0473751;-0.0624375;-4.82903
80.7648;-175.309;-0.109483;0.0415232;-0.0444654;-4.56062
89.2211;-175.309;-0.0672362;0.0401142;-0.0296137;-4.28941
97.6774;-175.309;-0.0274972;0.0433533;-0.0233705;-4.01473
106.134;-175.309;-0.00418544;0.0463051;-0.0270933;-3.71531
114.59;-175.309;0.0216484;0.0496503;-0.0338597;-3.3969
123.046;-175.309;0.0497141;0.0493026;-0.0359218;-3.05027
131.503;-175.309;0.0825753;0.0442257;-0.0345728;-2.67583
139.959;-175.309;0.121076;0.0364033;-0.0312952;-2.28267
148.415;-175.309;0.226263;0.0273716;-0.0240527;-1.89368
156.871;-175.309;0.336244;0.0178833;-0.0108414;-1.46922
165.328;-175.309;0.430053;0.00750899;-0.00159533;-1.00724
173.784;-175.309;0.466337;-0.0016876;-0.00189021;-0.581814
-139.099;-183.765;-0.8274;0.0126994;-0.0056082;-0.220608
-130.642;-183.765;-0.872848;0.00629127;-0.00809433;-0.585521
-122.186;-183.765;-0.886536;-0.00270317;-0.00919155;-0.973135
-113.73;-183.765;-0.847656;-0.0103843;-0.0174676;-1.40187
-105.274;-183.765;-0.778951;-0.0138491;-0.0299251;-1.86527
-96.8173;-183.765;-0.780641;-0.0117997;-0.0472158;-2.29852
-88.361;-183.765;-0.899669;-0.0158026;-0.0654943;-2.62683
-79.9047;-183.765;-1.03939;-0.018762;-0.080011;-2.94516
-71.4484;-183.765;-0.95904;-0.0150815;-0.0804768;-3.27725
-62.9921;-183.765;-0.805829;-0.00679143;-0.0809031;-3.62504
-54.5358;-183.765;-0.689932;-0.000664283;-0.0887065;-3.95286
-46.0795;-183.765;-0.618829;-0.00121124;-0.0953694;-4.21339
-37.6233;-183.765;-0.574034;-0.00211982;-0.102513;-4.44226
-29.167;-183.765;-0.534982;-0.00227408;-0.110875;-4.63891
-20.7107;-183.765;-0.50382;0.00170458;-0.11869;-4.79686
-12.2544;-183.765;-0.444028;0.00940624;-0.123564;-4.92573
-3.79809;-183.765;-0.322946;0.0179868;-0.127312;-5.04027
4.6582;-183.765;-0.240885;0.0283345;-0.127421;-5.09588
13.1145;-183.765;-0.243639;0.028033;-0.120029;-5.04015
21.5708;-183.765;-0.30416;0.0255021;-0.109255;-4.93912
30.0271;-183.765;-0.314966;0.027103;-0.0993598;-4.83888
38.4834;-183.765;-0.339016;0.0340638;-0.0891742;-4.71592
46.9397;-183.765;-0.353236;0.0344502;-0.0760277;-4.55842
55.396;-183.765;-0.335118;0.0361595;-0.0635673;-4.40839
63.8522;-183.765;-0.276603;0.0380797;-0.0542579;-4.25322
72.3085;-183.765;-0.21432;0.0354433;-0.0363117;-4.03651
80.7648;-183.765;-0.167538;0.0323012;-0.0169311;-3.77869
89.2211;-183.765;-0.12541;0.0333363;-0.00512182;-3.51829
97.6774;-183.765;-0.0786679;0.0371599;-0.00281609;-3.26588
106.134;-183.765;-0.0304566;0.0380216;-0.0061976;-2.99909
114.59;-183.765;0.0315301;0.0388674;-0.0137182;-2.70963
123.046;-183.765;0.0790401;0.0372117;-0.0175886;-2.37955
131.503;-183.765;0.103104;0.031897;-0.0191751;-2.00636
139.959;-183.765;0.115295;0.0249562;-0.0202773;-1.60756
148.415;-183.765;0.180342;0.0172846;-0.0159122;-1.20632
156.871;-183.765;0.244115;0.00851404;-0.003769;-0.794057
165.328;-183.765;0.270871;-0.000457619;0.00782774;-0.37851
173.784;-183.765;0.00305002;-0.00550161;0.0083383;-0.0430176
-113.73;-192.221;-0.991411;-0.000780286;-0.00455287;-0.710203
-105.274;-192.221;-0.942525;-0.00255703;-0.0143846;-1.10706
-96.8173;-192.221;-0.940154;-0.000906703;-0.0328247;-1.54433
-88.361;-192.221;-0.989838;-0.00717711;-0.0513074;-1.92618
-79.9047;-192.221;-1.01209;-0.0152141;-0.0633438;-2.27672
-71.4484;-192.221;-0.906951;-0.0147717;-0.0626911;-2.60553
-62.9921;-192.221;-0.815489;-0.00695568;-0.0633262;-2.91505
-54.5358;-192.221;-0.74072;-0.00205756;-0.0698613;-3.19197
-46.0795;-192.221;-0.692938;-0.000143543;-0.0755438;-3.43334
-37.6233;-192.221;-0.656433;-0.0017885;-0.0818499;-3.64051
-29.167;-192.221;-0.620747;-0.00316814;-0.090882;-3.81994
-20.7107;-192.221;-0.584892;-0.000112654;-0.100164;-3.96512
-12.2544;-192.221;-0.537917;0.00681423;-0.107038;-4.07725
-3.79809;-192.221;-0.458107;0.0133161;-0.112849;-4.16543
4.6582;-192.221;-0.406448;0.022172;-0.114748;-4.20561
13.1145;-192.221;-0.40406;0.0226781;-0.107618;-4.16682
21.5708;-192.221;-0.428212;0.019046;-0.094942;-4.09717
30.0271;-192.221;-0.40907;0.0192363;-0.0813983;-4.00741
38.4834;-192.221;-0.406558;0.0245079;-0.0682811;-3.88944
46.9397;-192.221;-0.404817;0.0253016;-0.0533859;-3.74486
55.396;-192.221;-0.377913;0.0242411;-0.037652;-3.60177
63.8522;-192.221;-0.304563;0.0240493;-0.0229534;-3.46638
72.3085;-192.221;-0.208269;0.0214785;-0.0031757;-3.28225
80.7648;-192.221;-0.131318;0.0199575;0.0135137;-3.06602
89.2211;-192.221;-0.0609238;0.0225394;0.021168;-2.84769
97.6774;-192.221;0.0166948;0.026604;0.0217553;-2.63163
106.134;-192.221;0.111419;0.0279681;0.020271;-2.4024
114.59;-192.221;0.1679;0.0290574;0.0111753;-2.11222
123.046;-192.221;0.18316;0.0272116;0.0028405;-1.75598
131.503;-192.221;0.165309;0.0215777;-0.00230647;-1.35266
139.959;-192.221;0.136462;0.0146075;-0.00506819;-0.94319
148.415;-192.221;0.177817;0.00756372;-0.00358626;-0.571688
156.871;-192.221;0.398152;0.000188946;0.00356281;-0.248849
-122.186;-200.678;-0.808943;0.00726151;0.00313864;0.0162635
-113.73;-200.678;-1.15941;0.000647857;-0.000108566;-0.118119
-105.274;-200.678;-1.12388;0.00205544;-0.00361839;-0.392913
-96.8173;-200.678;-1.05598;0.00606958;-0.0176867;-0.800941
-88.361;-200.678;-1.0623;-0.00117835;-0.0331992;-1.18693
-79.9047;-200.678;-1.0303;-0.00984963;-0.0437033;-1.55182
-71.4484;-200.678;-0.888171;-0.0114693;-0.042551;-1.87805
-62.9921;-200.678;-0.815524;-0.00825041;-0.0449963;-2.17221
-54.5358;-200.678;-0.772856;-0.00411555;-0.0512983;-2.42916
-46.0795;-200.678;-0.75151;-0.00219366;-0.0561805;-2.64831
-37.6233;-200.678;-0.72451;-0.00267606;-0.0616139;-2.84089
-29.167;-200.678;-0.677227;-0.00351225;-0.0697526;-3.01198
-20.7107;-200.678;-0.619915;-0.00179487;-0.0788755;-3.15422
-12.2544;-200.678;-0.581981;0.00352848;-0.0864896;-3.25843
-3.79809;-200.678;-0.531162;0.00781575;-0.0940424;-3.33515
4.6582;-200.678;-0.502833;0.0142829;-0.0993143;-3.3714
13.1145;-200.678;-0.506167;0.0155704;-0.0956076;-3.34987
21.5708;-200.678;-0.523706;0.0109585;-0.0826716;-3.28759
30.0271;-200.678;-0.518232;0.0092156;-0.0654589;-3.17958
38.4834;-200.678;-0.521084;0.012638;-0.0478728;-3.05074
46.9397;-200.678;-0.515189;0.0152643;-0.0291345;-2.92073
55.396;-200.678;-0.447841;0.015309;-0.00729074;-2.81189
63.8522;-200.678;-0.279725;0.0146703;0.0123519;-2.73062
72.3085;-200.678;-0.132422;0.0132481;0.0306422;-2.60267
80.7648;-200.678;-0.0379827;0.0127509;0.0428807;-2.42114
89.2211;-200.678;0.0705442;0.0139782;0.0472736;-2.21202
97.6774;-200.678;0.195807;0.0157826;0.0458935;-1.99017
106.134;-200.678;0.262156;0.0158352;0.0370736;-1.75516
114.59;-200.678;0.23202;0.0191968;0.021123;-1.49278
123.046;-200.678;0.212962;0.0174271;0.0101155;-1.14132
131.503;-200.678;0.173182;0.00987966;0.00517384;-0.731039
139.959;-200.678;0.164316;0.00374871;0.00702524;-0.35226
148.415;-200.678;0.214752;0.00205757;0.00775405;-0.102184
-122.186;-209.134;-1.01251;0.00638318;0.00423219;0.158743
-113.73;-209.134;-1.3555;0.00530403;0.00175218;0.162114
-105.274;-209.134;-1.21655;0.0109791;0.00230827;0.0185614
-96.8173;-209.134;-1.10703;0.0126652;-0.00299924;-0.233722
-88.361;-209.134;-1.06385;0.00360596;-0.0107019;-0.502132
-79.9047;-209.134;-1.0085;-0.00392237;-0.0169607;-0.809172
-71.4484;-209.134;-0.889928;-0.00562805;-0.0156334;-1.11217
-62.9921;-209.134;-0.810887;-0.00435718;-0.0191355;-1.39253
-54.5358;-209.134;-0.782993;-0.00332915;-0.0263023;-1.64972
-46.0795;-209.134;-0.778539;-0.0019785;-0.0337845;-1.87289
-37.6233;-209.134;-0.747212;-0.00155177;-0.0398758;-2.06305
-29.167;-209.134;-0.682266;-0.00145025;-0.0470401;-2.23286
-20.7107;-209.134;-0.609305;-0.00110611;-0.0550669;-2.37881
-12.2544;-209.134;-0.589453;0.00153701;-0.062494;-2.4774
-3.79809;-209.134;-0.574202;0.00422993;-0.0706818;-2.5356
4.6582;-209.134;-0.573475;0.00950441;-0.0777029;-2.55752
13.1145;-209.134;-0.603673;0.0101222;-0.0772319;-2.51977
21.5708;-209.134;-0.655431;0.00581855;-0.0671318;-2.43757
30.0271;-209.134;-0.678507;0.00308569;-0.0487009;-2.33274
38.4834;-209.134;-0.608385;0.00342687;-0.0264038;-2.25053
46.9397;-209.134;-0.464532;0.00569952;-0.00261886;-2.18548
55.396;-209.134;-0.284709;0.00831375;0.0227587;-2.13094
63.8522;-209.134;-0.107831;0.0102574;0.0413347;-2.06988
72.3085;-209.134;-0.0485615;0.0119818;0.0478157;-1.9408
80.7648;-209.134;-0.0376033;0.0149771;0.0447301;-1.68808
89.2211;-209.134;0.0103336;0.0106583;0.0379979;-1.44098
97.6774;-209.134;0.052696;0.00533688;0.0384584;-1.24852
106.134;-209.134;0.119524;0.00500586;0.034603;-1.05097
114.59;-209.134;0.144281;0.00793768;0.0214403;-0.834179
139.959;-209.134;0.177031;-0.00232349;0.0121435;0.0260617
148.415;-209.134;0.221323;0.00294509;0.000106163;0.0652989
-71.4484;-217.59;-0.93843;0.00461829;0.00475773;-0.453631
-62.9921;-217.59;-0.834602;0.00515741;0.00405041;-0.663694
-54.5358;-217.59;-0.805657;0.000806103;-0.00309577;-0.892912
-46.0795;-217.59;-0.858952;-0.00450886;-0.0112318;-1.07209
-37.6233;-217.59;-0.790387;-0.00534326;-0.0173483;-1.23299
-29.167;-217.59;-0.694195;-0.00115777;-0.0238194;-1.41233
-20.7107;-217.59;-0.619903;0.00134611;-0.0309417;-1.59109
-12.2544;-217.59;-0.588696;0.00178093;-0.036663;-1.70012
-3.79809;-217.59;-0.603956;0.00380878;-0.043843;-1.74857
4.6582;-217.59;-0.60217;0.00834619;-0.0517739;-1.77049
13.1145;-217.59;-0.630437;0.00530944;-0.0547816;-1.72706
21.5708;-217.59;-0.696404;0.000215932;-0.0469604;-1.65632
30.0271;-217.59;-0.642874;-0.00190674;-0.0290178;-1.60911
38.4834;-217.59;-0.396633;0.000455234;-0.00445742;-1.60307
46.9397;-217.59;-0.118667;0.00539826;0.0195601;-1.59365
55.396;-217.59;0.0660512;0.0100638;0.0384758;-1.53685
63.8522;-217.59;0.151212;0.01254;0.0467806;-1.40706
72.3085;-217.59;-0.0225716;0.0141423;0.0362972;-1.20082
80.7648;-217.59;-0.206339;0.0173743;0.016308;-0.865024
89.2211;-217.59;-0.355103;0.0112549;0.00311269;-0.583135
97.6774;-217.59;-0.428579;0.00199837;0.00956767;-0.467337
106.134;-217.59;-0.337643;-0.00128001;0.0152339;-0.412871
114.59;-217.59;-0.258829;-0.00146978;0.00976211;-0.273209
-54.5358;-226.047;-0.791091;0.00433949;0.00971902;-0.279226
-46.0795;-226.047;-1.05244;0.00053653;0.00316581;-0.382
-37.6233;-226.047;-1.29554;0.0016779;-0.00192279;-0.478702
-29.167;-226.047;-1.39137;0.00666961;-0.0056824;-0.625372
-20.7107;-226.047;-0.691981;0.00744695;-0.00917545;-0.797256
-12.2544;-226.047;-0.57506;0.00723638;-0.0138385;-0.941341
-3.79809;-226.047;-0.526587;0.00816148;-0.0185132;-0.995565
4.6582;-226.047;-0.564244;0.0123955;-0.0256175;-1.02996
13.1145;-226.047;-0.597408;0.00642252;-0.0284371;-1.00542
21.5708;-226.047;-0.565525;0.00161647;-0.0233078;-0.982577
30.0271;-226.047;-0.388918;0.00263596;-0.0102892;-1.00578
38.4834;-226.047;-0.0179478;0.00857373;0.00752594;-1.04545
46.9397;-226.047;0.252745;0.015606;0.0205835;-1.03812
89.2211;-226.047;-0.822063;0.0105117;-0.0113848;-0.010204
97.6774;-226.047;-1.07401;0.0075661;-0.00454053;0.036818
106.134;-226.047;-0.963419;0.00382682;0.00204648;-0.000607418
-54.5358;-234.503;5.38972;0.0118571;0.00120683;-0.0160569
-46.0795;-234.503;7.92849;0.0138479;-7.33969e-05;-0.0106751
-37.6233;-234.503;8.03875;0.0160866;-0.00265027;-0.0117603
-29.167;-234.503;7.40753;0.0156231;-0.004962;-0.0419183
-20.7107;-234.503;6.53129;0.0128955;-0.0058886;-0.115385
13.1145;-234.503;-0.393681;0.00766687;-0.0107827;-0.395378
