x[mm];y[mm];z[mm];x-displacement[mm];y-displacement[mm];z-displacement[mm]
-4.38334;224.758;0.115697;-0.0302668;0.0431903;-1.61798
4.44212;224.758;0.0164864;-0.0264933;0.0430093;-1.6091
13.2676;224.758;-0.0263853;-0.022887;0.0462965;-1.59113
22.093;224.758;-0.0573264;-0.0206805;0.0436232;-1.53876
-39.6852;215.933;-0.0236217;-0.0414889;0.066386;-1.85914
-30.8597;215.933;-0.110706;-0.0392058;0.0720368;-1.96962
-22.0342;215.933;-0.217603;-0.0354637;0.0684265;-2.02497
-13.2088;215.933;-0.282745;-0.0272485;0.0616938;-2.1049
-4.38334;215.933;-0.258786;-0.0238523;0.0562231;-2.17618
4.44212;215.933;-0.243161;-0.0214633;0.0573514;-2.22056
13.2676;215.933;-0.236875;-0.0196542;0.0648217;-2.23073
22.093;215.933;-0.216982;-0.0177381;0.0643489;-2.2068
30.9185;215.933;-0.190114;-0.0158175;0.0586232;-2.15308
39.7439;215.933;-0.184509;-0.0150111;0.0533047;-2.06973
48.5694;215.933;-0.226374;-0.015084;0.0504593;-1.95186
57.3948;215.933;-0.282106;-0.0135592;0.046194;-1.78567
66.2203;215.933;-0.344594;-0.0132119;0.0443963;-1.58969
75.0458;215.933;-0.390934;-0.014556;0.040674;-1.37078
-74.987;207.107;0.310109;-0.0468001;0.0566456;-1.77158
-66.1615;207.107;0.220077;-0.0426276;0.0657791;-2.01263
-57.3361;207.107;0.0527837;-0.0406634;0.0726136;-2.2016
-48.5106;207.107;-0.00835472;-0.0420753;0.0761913;-2.40808
-39.6852;207.107;-0.0847791;-0.0411821;0.0808284;-2.55896
-30.8597;207.107;-0.343077;-0.036942;0.0907894;-2.58631
-22.0342;207.107;-0.616261;-0.032535;0.0920317;-2.55238
-13.2088;207.107;-0.691359;-0.0266642;0.0854308;-2.6146
-4.38334;207.107;-0.578334;-0.0237192;0.07695;-2.72981
4.44212;207.107;-0.485139;-0.0199564;0.0790288;-2.82733
13.2676;207.107;-0.40193;-0.0178596;0.0858148;-2.88554
22.093;207.107;-0.315914;-0.015038;0.0848524;-2.90035
30.9185;207.107;-0.244018;-0.0111678;0.0761558;-2.86583
39.7439;207.107;-0.213265;-0.00722103;0.0662445;-2.78592
48.5694;207.107;-0.231486;-0.00659778;0.0607373;-2.67333
57.3948;207.107;-0.284992;-0.00544389;0.0580544;-2.50651
66.2203;207.107;-0.341313;-0.00502182;0.0588684;-2.31514
75.0458;207.107;-0.380589;-0.0072922;0.057866;-2.09664
83.8712;207.107;-0.390712;-0.0107895;0.0538065;-1.86076
92.6967;207.107;-0.374898;-0.0119808;0.0463292;-1.59483
-110.289;198.282;0.583516;-0.030429;0.0335914;-1.14522
-101.463;198.282;0.489507;-0.0418099;0.047853;-1.51718
-92.6379;198.282;0.390211;-0.0529932;0.0608506;-1.88561
-83.8124;198.282;0.339983;-0.0580773;0.0684324;-2.22993
-74.987;198.282;0.263229;-0.0546586;0.0759641;-2.54668
-66.1615;198.282;0.117529;-0.0464318;0.0833621;-2.78068
-57.3361;198.282;-0.0883866;-0.0396635;0.0905407;-2.94863
-48.5106;198.282;-0.117861;-0.0397216;0.0906596;-3.12579
-39.6852;198.282;-0.151734;-0.0372733;0.0903899;-3.27139
-30.8597;198.282;-0.371237;-0.0332797;0.098818;-3.30648
-22.0342;198.282;-0.571981;-0.0319101;0.101597;-3.30261
-13.2088;198.282;-0.599976;-0.0289089;0.0965305;-3.37689
-4.38334;198.282;-0.463282;-0.0261626;0.0883957;-3.4976
4.44212;198.282;-0.364679;-0.0218746;0.0905533;-3.59942
13.2676;198.282;-0.290782;-0.0190262;0.0980564;-3.66325
22.093;198.282;-0.237665;-0.0146953;0.0981156;-3.66976
30.9185;198.282;-0.20546;-0.00877919;0.0901109;-3.61735
39.7439;198.282;-0.194017;-0.00310209;0.079056;-3.52153
48.5694;198.282;-0.199538;-0.00168111;0.0720113;-3.40569
57.3948;198.282;-0.240019;-0.00026771;0.068706;-3.24538
66.2203;198.282;-0.284398;0.0018247;0.0710662;-3.06215
75.0458;198.282;-0.313877;0.000791986;0.0706454;-2.84481
83.8712;198.282;-0.315215;-0.00195685;0.0664627;-2.59497
92.6967;198.282;-0.30735;-0.00387005;0.0592384;-2.31766
101.522;198.282;-0.292857;-0.00484343;0.0538438;-2.01518
110.348;198.282;-0.266497;-0.00922415;0.0426447;-1.68348
-101.463;189.456;0.583998;-0.0546077;0.0545097;-2.2455
-92.6379;189.456;0.499634;-0.0629421;0.0653719;-2.62442
-83.8124;189.456;0.376132;-0.0686825;0.0799408;-2.96986
-74.987;189.456;0.209713;-0.064714;0.0916497;-3.26327
-66.1615;189.456;0.0105991;-0.0514665;0.100562;-3.49987
-57.3361;189.456;-0.165576;-0.0401688;0.100754;-3.64129
-48.5106;189.456;-0.22232;-0.0392272;0.100468;-3.80029
-39.6852;189.456;-0.204346;-0.0357716;0.096266;-3.98343
-30.8597;189.456;-0.258025;-0.0319702;0.101138;-4.12854
-22.0342;189.456;-0.310302;-0.0294764;0.10324;-4.22774
-13.2088;189.456;-0.287012;-0.0256333;0.0995435;-4.32896
-4.38334;189.456;-0.184105;-0.0212364;0.0935345;-4.42682
4.44212;189.456;-0.130452;-0.0171736;0.0961228;-4.49052
13.2676;189.456;-0.107682;-0.0157424;0.102902;-4.50428
22.093;189.456;-0.107904;-0.0123658;0.104646;-4.46772
30.9185;189.456;-0.11755;-0.00673133;0.0990288;-4.38765
39.7439;189.456;-0.125036;-0.00116898;0.0891654;-4.27661
48.5694;189.456;-0.12687;0.000777884;0.0819725;-4.15021
57.3948;189.456;-0.15668;0.00365172;0.0785644;-3.98886
66.2203;189.456;-0.192424;0.00742567;0.080564;-3.80647
75.0458;189.456;-0.217161;0.00840479;0.0809689;-3.59023
83.8712;189.456;-0.224744;0.00658567;0.0771373;-3.33769
92.6967;189.456;-0.224059;0.00441081;0.0692382;-3.04717
101.522;189.456;-0.222112;0.00189598;0.0630505;-2.73095
110.348;189.456;-0.204009;-0.0021883;0.0532121;-2.38075
119.173;189.456;-0.165647;-0.00851492;0.0396089;-2.02239
127.998;189.456;-0.110056;-0.0143571;0.0279244;-1.6546
136.824;189.456;-0.089791;-0.0219086;0.0184868;-1.23841
-127.94;180.631;0.74136;-0.04559;0.0258489;-1.63844
-119.114;180.631;0.686113;-0.0529644;0.0388573;-2.06073
-110.289;180.631;0.664279;-0.060697;0.0498137;-2.48551
-101.463;180.631;0.664402;-0.0689589;0.0565215;-2.8867
-92.6379;180.631;0.523733;-0.0762083;0.0739289;-3.25426
-83.8124;180.631;0.277093;-0.0837764;0.0976963;-3.56238
-74.987;180.631;0.0972331;-0.0774463;0.110456;-3.87518
-66.1615;180.631;0.0192403;-0.0571431;0.10743;-4.18619
-57.3361;180.631;-0.0384827;-0.0405805;0.0971835;-4.37835
-48.5106;180.631;-0.169323;-0.0395179;0.101344;-4.5413
-39.6852;180.631;-0.144168;-0.0390203;0.0982552;-4.71975
-30.8597;180.631;-0.0963;-0.0366584;0.0989664;-4.90981
-22.0342;180.631;-0.0527723;-0.0336061;0.0987844;-5.05928
-13.2088;180.631;-0.0100783;-0.0286391;0.0962879;-5.1708
-4.38334;180.631;0.0303358;-0.0226116;0.0936436;-5.2416
4.44212;180.631;0.0252143;-0.0185181;0.0977371;-5.26775
13.2676;180.631;0.00450403;-0.0157328;0.105502;-5.25379
22.093;180.631;-0.018546;-0.0117783;0.109206;-5.20446
30.9185;180.631;-0.0338622;-0.00630696;0.10622;-5.12541
39.7439;180.631;-0.0388275;-0.000868221;0.098543;-5.0186
48.5694;180.631;-0.0408076;0.00215756;0.09196;-4.88314
57.3948;180.631;-0.0684124;0.00600931;0.0885998;-4.71252
66.2203;180.631;-0.0989539;0.00982942;0.0890304;-4.52477
75.0458;180.631;-0.11699;0.0117864;0.0891187;-4.31103
83.8712;180.631;-0.123474;0.0116858;0.0864087;-4.05905
92.6967;180.631;-0.135698;0.0110273;0.080293;-3.75919
101.522;180.631;-0.159817;0.00945737;0.0757557;-3.42705
110.348;180.631;-0.164297;0.00379737;0.0676368;-3.06627
119.173;180.631;-0.142405;-0.00308542;0.0557001;-2.68978
127.998;180.631;-0.0925073;-0.00705265;0.0414523;-2.30777
136.824;180.631;-0.0336097;-0.0124997;0.030456;-1.91948
145.649;180.631;-0.0379364;-0.0197669;0.0178256;-1.45827
154.475;180.631;-0.0880527;-0.0334487;0.0047382;-0.923351
-136.765;171.805;0.823981;-0.0482505;0.026021;-1.7937
-127.94;171.805;0.752558;-0.0539196;0.0384976;-2.23206
-119.114;171.805;0.659385;-0.062002;0.0538223;-2.66807
-110.289;171.805;0.605675;-0.0728702;0.0651953;-3.09982
-101.463;171.805;0.586648;-0.0836043;0.0704208;-3.50213
-92.6379;171.805;0.353907;-0.0933366;0.093577;-3.84189
-83.8124;171.805;0.0423124;-0.10093;0.123422;-4.15316
-74.987;171.805;0.0235992;-0.0892025;0.127319;-4.50756
-66.1615;171.805;0.190632;-0.0624099;0.105757;-4.88009
-57.3361;171.805;0.257199;-0.0426138;0.087684;-5.13535
-48.5106;171.805;0.104918;-0.0423453;0.0955532;-5.31388
-39.6852;171.805;0.0433318;-0.0411525;0.101518;-5.47166
-30.8597;171.805;0.0524267;-0.036462;0.104781;-5.63715
-22.0342;171.805;0.0785416;-0.0322863;0.105163;-5.77371
-13.2088;171.805;0.0910024;-0.0277257;0.104415;-5.87046
-4.38334;171.805;0.078394;-0.0220401;0.104308;-5.92039
4.44212;171.805;0.0379231;-0.0178501;0.107124;-5.92785
13.2676;171.805;0.0116114;-0.0142291;0.113407;-5.91117
22.093;171.805;0.000758321;-0.00949093;0.118079;-5.87643
30.9185;171.805;0.00878433;-0.003739;0.117342;-5.82039
39.7439;171.805;0.025114;0.00224288;0.111631;-5.73157
48.5694;171.805;0.0270535;0.00721019;0.105794;-5.59511
57.3948;171.805;0.00249064;0.0113188;0.10213;-5.41677
66.2203;171.805;-0.0158436;0.0134516;0.100062;-5.22347
75.0458;171.805;-0.019499;0.0144452;0.09759;-5.00978
83.8712;171.805;-0.0225791;0.0153966;0.0941862;-4.75772
92.6967;171.805;-0.0516835;0.0171487;0.0903074;-4.45001
101.522;171.805;-0.107861;0.0181617;0.0873068;-4.10407
110.348;171.805;-0.127719;0.0137507;0.0788364;-3.73267
119.173;171.805;-0.118421;0.00808851;0.0666275;-3.34312
127.998;171.805;-0.0956692;0.0041221;0.0532501;-2.93936
136.824;171.805;-0.0720438;0.000646204;0.0409833;-2.51964
145.649;171.805;-0.000470801;-0.00863832;0.0283024;-2.08577
154.475;171.805;-0.0605814;-0.0194536;0.0131874;-1.55566
163.3;171.805;-0.197614;-0.0371192;0.0038613;-0.983075
-145.591;162.98;0.837597;-0.0513597;0.0273768;-1.87869
-136.765;162.98;0.816915;-0.0583558;0.0389743;-2.35462
-127.94;162.98;0.763065;-0.0622358;0.0519225;-2.81867
-119.114;162.98;0.671533;-0.0683728;0.0637807;-3.24716
-110.289;162.98;0.60992;-0.0781047;0.0725884;-3.6761
-101.463;162.98;0.578392;-0.0895382;0.0768159;-4.07725
-92.6379;162.98;0.369591;-0.100659;0.0982854;-4.44253
-83.8124;162.98;0.145807;-0.104665;0.119896;-4.78272
-74.987;162.98;0.285139;-0.0885733;0.115243;-5.17326
-66.1615;162.98;0.504146;-0.0615261;0.089961;-5.55279
-57.3361;162.98;0.49011;-0.0433936;0.0776314;-5.83632
-48.5106;162.98;0.316794;-0.0446087;0.0913504;-6.02321
-39.6852;162.98;0.244764;-0.0417947;0.102351;-6.1735
-30.8597;162.98;0.227106;-0.0353231;0.109813;-6.31475
-22.0342;162.98;0.207122;-0.0300393;0.11416;-6.43044
-13.2088;162.98;0.171305;-0.0252154;0.116609;-6.51127
-4.38334;162.98;0.1276;-0.0195008;0.118273;-6.5536
4.44212;162.98;0.0853959;-0.0143322;0.118745;-6.56282
13.2676;162.98;0.0692868;-0.00979209;0.122053;-6.55592
22.093;162.98;0.0652888;-0.00505431;0.127147;-6.53595
30.9185;162.98;0.0765865;0.00117072;0.128405;-6.4915
39.7439;162.98;0.0964684;0.00830583;0.123626;-6.40944
48.5694;162.98;0.107276;0.0140683;0.118401;-6.2787
57.3948;162.98;0.0852653;0.0170788;0.115523;-6.10159
66.2203;162.98;0.0618384;0.0182952;0.111147;-5.89779
75.0458;162.98;0.0532975;0.0191258;0.105908;-5.67202
83.8712;162.98;0.0460011;0.0205417;0.101114;-5.41148
92.6967;162.98;0.0134802;0.0220569;0.0973264;-5.09781
101.522;162.98;-0.0480878;0.0242147;0.0936859;-4.74638
110.348;162.98;-0.0498414;0.0219944;0.0842686;-4.38705
119.173;162.98;-0.0175978;0.0177574;0.0709846;-4.00585
127.998;162.98;0.0241493;0.0131058;0.0563816;-3.59864
136.824;162.98;0.0615579;0.00719871;0.0423034;-3.16722
145.649;162.98;0.0962492;-0.00198238;0.0294225;-2.71116
154.475;162.98;0.0230146;-0.00952681;0.0189971;-2.17345
163.3;162.98;-0.0723203;-0.0210946;0.0161811;-1.60901
-163.242;154.154;0.886553;-0.0373009;0.0157726;-1.3484
-154.416;154.154;0.826943;-0.0486401;0.0258969;-1.87746
-145.591;154.154;0.800904;-0.0588931;0.0367938;-2.39615
-136.765;154.154;0.802877;-0.0656033;0.0473299;-2.89806
-127.94;154.154;0.768334;-0.069674;0.0588692;-3.37206
-119.114;154.154;0.703513;-0.0738233;0.0677025;-3.81176
-110.289;154.154;0.667398;-0.0812935;0.0738422;-4.24487
-101.463;154.154;0.671508;-0.0909381;0.0769829;-4.66751
-92.6379;154.154;0.564537;-0.0991284;0.090058;-5.07177
-83.8124;154.154;0.484761;-0.0971214;0.0985883;-5.44055
-74.987;154.154;0.566829;-0.0792124;0.0945382;-5.83999
-66.1615;154.154;0.636294;-0.0574632;0.0809611;-6.18119
-57.3361;154.154;0.552936;-0.0455711;0.0785152;-6.44167
-48.5106;154.154;0.39265;-0.0475866;0.0923305;-6.62691
-39.6852;154.154;0.352508;-0.0431898;0.103733;-6.79053
-30.8597;154.154;0.341842;-0.0356897;0.112928;-6.93204
-22.0342;154.154;0.324446;-0.0295768;0.119159;-7.04508
-13.2088;154.154;0.286319;-0.0244463;0.123631;-7.1253
-4.38334;154.154;0.23356;-0.0185912;0.127898;-7.17518
4.44212;154.154;0.186996;-0.0123507;0.128563;-7.19585
13.2676;154.154;0.170387;-0.006832;0.130068;-7.19424
22.093;154.154;0.146456;-0.000592918;0.134457;-7.16796
30.9185;154.154;0.129622;0.0074182;0.136391;-7.11045
39.7439;154.154;0.126977;0.0154883;0.131912;-7.02017
48.5694;154.154;0.12816;0.02065;0.127254;-6.89271
57.3948;154.154;0.0921526;0.0227871;0.125683;-6.7141
66.2203;154.154;0.0547012;0.0244837;0.121356;-6.50288
75.0458;154.154;0.049547;0.0259395;0.115117;-6.27579
83.8712;154.154;0.0617202;0.0276778;0.108919;-6.02171
92.6967;154.154;0.0582865;0.0279862;0.1037;-5.71425
101.522;154.154;0.0266926;0.0289366;0.0987383;-5.36402
110.348;154.154;0.0431097;0.0273795;0.0902612;-5.01188
119.173;154.154;0.0870945;0.0243468;0.0779864;-4.63723
127.998;154.154;0.129544;0.0192718;0.0626892;-4.22472
136.824;154.154;0.143435;0.0120037;0.0466736;-3.77204
145.649;154.154;0.142593;0.00342749;0.0341482;-3.29747
154.475;154.154;0.0801879;-0.0033161;0.0266322;-2.77318
163.3;154.154;0.000977632;-0.0112352;0.0247078;-2.20297
172.126;154.154;-0.0531517;-0.0189809;0.0220814;-1.64477
180.951;154.154;-0.0311223;-0.0171838;0.0157248;-1.10609
-172.067;145.329;0.807606;-0.036608;0.015672;-1.27052
-163.242;145.329;0.847531;-0.0430855;0.0230424;-1.82222
-154.416;145.329;0.806696;-0.0518104;0.03198;-2.3601
-145.591;145.329;0.782828;-0.0609904;0.0413472;-2.89176
-136.765;145.329;0.780434;-0.0712734;0.0537986;-3.41297
-127.94;145.329;0.754241;-0.076765;0.0638169;-3.90292
-119.114;145.329;0.712524;-0.0799631;0.0699118;-4.35156
-110.289;145.329;0.691507;-0.0857711;0.0758166;-4.79593
-101.463;145.329;0.704234;-0.09356;0.0803588;-5.23854
-92.6379;145.329;0.680252;-0.0983052;0.0872224;-5.66696
-83.8124;145.329;0.669418;-0.0916439;0.0895659;-6.05126
-74.987;145.329;0.679457;-0.0760936;0.0848626;-6.40135
-66.1615;145.329;0.646387;-0.0606981;0.0791398;-6.70071
-57.3361;145.329;0.543389;-0.0527137;0.0811835;-6.94604
-48.5106;145.329;0.422617;-0.0525134;0.0920152;-7.13952
-39.6852;145.329;0.396665;-0.0469382;0.10336;-7.32894
-30.8597;145.329;0.386366;-0.0389155;0.112998;-7.48485
-22.0342;145.329;0.368195;-0.0309278;0.118992;-7.60435
-13.2088;145.329;0.326093;-0.0240414;0.124361;-7.69132
-4.38334;145.329;0.264675;-0.0173895;0.132465;-7.75349
4.44212;145.329;0.208638;-0.0108366;0.136578;-7.78286
13.2676;145.329;0.185411;-0.00434249;0.137988;-7.77722
22.093;145.329;0.155235;0.00265798;0.140144;-7.74059
30.9185;145.329;0.128264;0.0108909;0.141284;-7.67259
39.7439;145.329;0.111464;0.0185644;0.138047;-7.57614
48.5694;145.329;0.100066;0.0234044;0.13479;-7.44902
57.3948;145.329;0.0684286;0.0255163;0.134743;-7.27697
66.2203;145.329;0.0461578;0.0285126;0.13181;-7.07474
75.0458;145.329;0.06268;0.0316526;0.125849;-6.86244
83.8712;145.329;0.100952;0.0347307;0.118884;-6.62799
92.6967;145.329;0.131164;0.0346605;0.112551;-6.33853
101.522;145.329;0.137413;0.0347158;0.106523;-5.9995
110.348;145.329;0.153527;0.0334302;0.0997219;-5.64554
119.173;145.329;0.174566;0.0318568;0.0891957;-5.25916
127.998;145.329;0.187155;0.0278991;0.0744857;-4.82751
136.824;145.329;0.179387;0.0204054;0.0579886;-4.35327
145.649;145.329;0.162699;0.0118382;0.0455958;-3.867
154.475;145.329;0.118982;0.00469555;0.0364376;-3.34535
163.3;145.329;0.0580524;-0.00435178;0.0315521;-2.78247
172.126;145.329;0.00154549;-0.0136559;0.0256733;-2.18713
180.951;145.329;0.00270379;-0.0185893;0.0190303;-1.62387
189.777;145.329;-0.0437607;-0.0219114;0.00499708;-1.02262
-172.067;136.504;0.805649;-0.0383066;0.0210796;-1.71646
-163.242;136.504;0.813697;-0.0456915;0.0274227;-2.28777
-154.416;136.504;0.794596;-0.0542375;0.0355913;-2.83284
-145.591;136.504;0.77576;-0.0643519;0.0467238;-3.37321
-136.765;136.504;0.75271;-0.0766993;0.0591995;-3.90338
-127.94;136.504;0.723323;-0.0826724;0.0666053;-4.39695
-119.114;136.504;0.691541;-0.0847321;0.0698288;-4.85033
-110.289;136.504;0.668655;-0.0886285;0.0747437;-5.29388
-101.463;136.504;0.664742;-0.0947527;0.0811548;-5.73333
-92.6379;136.504;0.665932;-0.0978435;0.0866926;-6.1542
-83.8124;136.504;0.651805;-0.0913214;0.0899331;-6.52803
-74.987;136.504;0.639557;-0.0803615;0.0872364;-6.86416
-66.1615;136.504;0.594988;-0.0697426;0.0840185;-7.15914
-57.3361;136.504;0.513426;-0.0618492;0.0855101;-7.41333
-48.5106;136.504;0.432535;-0.0564833;0.094052;-7.6305
-39.6852;136.504;0.396839;-0.0510656;0.106159;-7.83326
-30.8597;136.504;0.368579;-0.0436844;0.116095;-7.99929
-22.0342;136.504;0.331408;-0.0342223;0.121157;-8.12119
-13.2088;136.504;0.273207;-0.0257817;0.126317;-8.20754
-4.38334;136.504;0.201181;-0.0189436;0.136359;-8.26837
4.44212;136.504;0.140583;-0.0126817;0.145131;-8.29794
13.2676;136.504;0.122599;-0.00479829;0.147558;-8.29501
22.093;136.504;0.114553;0.0032363;0.14638;-8.26669
30.9185;136.504;0.107246;0.0114986;0.14453;-8.20852
39.7439;136.504;0.0950112;0.0190367;0.141922;-8.11616
48.5694;136.504;0.0769003;0.0254838;0.14109;-7.99151
57.3948;136.504;0.0582407;0.0303133;0.142676;-7.83434
66.2203;136.504;0.0627894;0.0353867;0.140613;-7.64714
75.0458;136.504;0.0885316;0.0401416;0.13463;-7.44022
83.8712;136.504;0.120064;0.0447684;0.127581;-7.20438
92.6967;136.504;0.148358;0.0458443;0.121203;-6.91525
101.522;136.504;0.182392;0.0463783;0.115153;-6.59073
110.348;136.504;0.193415;0.0453439;0.109498;-6.2356
119.173;136.504;0.185475;0.0442;0.100042;-5.83133
127.998;136.504;0.174166;0.0407333;0.0862796;-5.3819
136.824;136.504;0.170106;0.0333447;0.0703721;-4.90147
145.649;136.504;0.157588;0.0240542;0.0574736;-4.40927
154.475;136.504;0.130062;0.0152658;0.0458297;-3.88157
163.3;136.504;0.0786284;0.00557214;0.0365458;-3.30818
172.126;136.504;0.020828;-0.00460732;0.0284203;-2.70787
180.951;136.504;-0.00265896;-0.0154262;0.0196069;-2.11256
189.777;136.504;-0.0116348;-0.0224062;0.00759498;-1.49454
-180.892;127.678;0.828924;-0.0299811;0.0194865;-1.5568
-172.067;127.678;0.801448;-0.034094;0.0218441;-2.13272
-163.242;127.678;0.772076;-0.0479323;0.0325856;-2.72609
-154.416;127.678;0.763932;-0.0607141;0.0425218;-3.29091
-145.591;127.678;0.747952;-0.0724021;0.0541562;-3.84251
-136.765;127.678;0.716373;-0.0833953;0.0655404;-4.37537
-127.94;127.678;0.686062;-0.0873603;0.0695883;-4.86911
-119.114;127.678;0.656039;-0.0873784;0.069341;-5.32658
-110.289;127.678;0.630273;-0.0887103;0.0723275;-5.7695
-101.463;127.678;0.619002;-0.0923768;0.0800527;-6.20336
-92.6379;127.678;0.603199;-0.0941412;0.0876986;-6.61751
-83.8124;127.678;0.570625;-0.0900645;0.0935092;-6.98999
-74.987;127.678;0.547975;-0.0842674;0.0935255;-7.32856
-66.1615;127.678;0.515915;-0.0776996;0.0922666;-7.62873
-57.3361;127.678;0.464648;-0.0696684;0.0940836;-7.8864
-48.5106;127.678;0.406221;-0.0607354;0.102494;-8.10843
-39.6852;127.678;0.364236;-0.055677;0.11519;-8.32082
-30.8597;127.678;0.317258;-0.0487784;0.126065;-8.50248
-22.0342;127.678;0.264204;-0.0385474;0.131064;-8.63744
-13.2088;127.678;0.195112;-0.0289975;0.134963;-8.72769
-4.38334;127.678;0.121168;-0.0213933;0.143803;-8.78425
4.44212;127.678;0.071985;-0.0140113;0.153647;-8.81665
13.2676;127.678;0.0781889;-0.00517225;0.15674;-8.82516
22.093;127.678;0.0984438;0.00438046;0.153467;-8.80911
30.9185;127.678;0.115528;0.0135022;0.147768;-8.76082
39.7439;127.678;0.113851;0.0215938;0.143334;-8.66802
48.5694;127.678;0.0891779;0.0300144;0.143334;-8.53637
57.3948;127.678;0.0547438;0.0378936;0.145858;-8.36907
66.2203;127.678;0.0508032;0.0440199;0.144268;-8.17
75.0458;127.678;0.0435258;0.0485493;0.138093;-7.93316
83.8712;127.678;0.00996811;0.0529164;0.131846;-7.64128
92.6967;127.678;-0.0258809;0.056508;0.12698;-7.30668
101.522;127.678;0.0105902;0.0583473;0.122544;-6.98372
110.348;127.678;0.038922;0.0576217;0.11788;-6.64466
119.173;127.678;0.0469589;0.0562997;0.108499;-6.25424
127.998;127.678;0.0627845;0.0523505;0.0941593;-5.82394
136.824;127.678;0.096991;0.0455747;0.0776428;-5.37
145.649;127.678;0.101026;0.0372666;0.0647276;-4.8832
154.475;127.678;0.0734808;0.0284251;0.0522373;-4.34302
163.3;127.678;0.0277104;0.0191491;0.0418721;-3.76604
172.126;127.678;-0.0133822;0.00908884;0.0322363;-3.17145
180.951;127.678;-0.0266013;-0.0010959;0.0242901;-2.57892
189.777;127.678;-0.0626959;-0.00889852;0.0194065;-1.96653
198.602;127.678;-0.103846;-0.0192009;0.00733536;-1.30781
207.428;127.678;0.108123;-0.0342376;-0.0180315;-0.622518
-189.718;118.853;0.792015;-0.0274844;0.0208062;-1.35718
-180.892;118.853;0.770748;-0.0283231;0.0227277;-1.94465
-172.067;118.853;0.756336;-0.0364984;0.0299732;-2.55104
-163.242;118.853;0.721902;-0.0537041;0.0419069;-3.1495
-154.416;118.853;0.712321;-0.0705827;0.052948;-3.73527
-145.591;118.853;0.704309;-0.0817432;0.0625035;-4.29516
-136.765;118.853;0.676575;-0.0899363;0.0719921;-4.83014
-127.94;118.853;0.650239;-0.0918139;0.0737886;-5.32666
-119.114;118.853;0.623314;-0.0912961;0.0717503;-5.79177
-110.289;118.853;0.605123;-0.0922081;0.0737944;-6.24088
-101.463;118.853;0.605995;-0.09409;0.0819462;-6.67305
-92.6379;118.853;0.576178;-0.0933662;0.0894776;-7.07943
-83.8124;118.853;0.51075;-0.0888079;0.0948938;-7.44937
-74.987;118.853;0.460758;-0.0851535;0.0969071;-7.7897
-66.1615;118.853;0.421909;-0.0819344;0.0997198;-8.09673
-57.3361;118.853;0.382425;-0.0762121;0.105544;-8.36307
-48.5106;118.853;0.341352;-0.0675302;0.115071;-8.59477
-39.6852;118.853;0.314086;-0.0620019;0.126593;-8.81397
-30.8597;118.853;0.286054;-0.0546007;0.134255;-9.00484
-22.0342;118.853;0.247791;-0.0449896;0.137876;-9.1552
-13.2088;118.853;0.190214;-0.0355403;0.140346;-9.25714
-4.38334;118.853;0.133198;-0.0272895;0.146539;-9.31982
4.44212;118.853;0.106272;-0.018893;0.155416;-9.36142
13.2676;118.853;0.1125;-0.00942418;0.159117;-9.37689
22.093;118.853;0.108312;0.00328958;0.154553;-9.34779
30.9185;118.853;0.100004;0.0150086;0.145324;-9.27774
39.7439;118.853;0.0764251;0.0255475;0.138632;-9.16846
48.5694;118.853;0.0185353;0.0349939;0.138521;-9.00533
57.3948;118.853;-0.0874984;0.0450774;0.142473;-8.78082
66.2203;118.853;-0.167016;0.0524244;0.143745;-8.52692
75.0458;118.853;-0.205024;0.056493;0.137763;-8.26028
83.8712;118.853;-0.302974;0.0634495;0.129945;-7.91819
92.6967;118.853;-0.444649;0.0678771;0.123842;-7.4914
101.522;118.853;-0.481439;0.0710768;0.118992;-7.10985
110.348;118.853;-0.42047;0.0700375;0.11724;-6.78984
119.173;118.853;-0.341089;0.0687282;0.111493;-6.45867
127.998;118.853;-0.238193;0.064279;0.0989673;-6.09625
136.824;118.853;-0.129135;0.0590222;0.0820549;-5.70025
145.649;118.853;-0.0921384;0.0528043;0.0708268;-5.23408
154.475;118.853;-0.097316;0.0450982;0.0586299;-4.70414
163.3;118.853;-0.110744;0.0356841;0.047515;-4.14375
172.126;118.853;-0.113219;0.0253166;0.0380935;-3.57516
180.951;118.853;-0.0995761;0.014817;0.0320831;-3.00663
189.777;118.853;-0.109909;0.00574255;0.0277681;-2.40534
198.602;118.853;-0.127878;-0.00435583;0.0214074;-1.75328
207.428;118.853;0.0562418;-0.0176777;0.00876099;-1.08645
-189.718;110.027;0.712601;-0.0389839;0.0279449;-1.74091
-180.892;110.027;0.682247;-0.0392802;0.0324863;-2.33658
-172.067;110.027;0.686482;-0.0452847;0.0401424;-2.94724
-163.242;110.027;0.66218;-0.0619912;0.0517092;-3.56077
-154.416;110.027;0.653484;-0.0793266;0.061584;-4.16333
-145.591;110.027;0.656086;-0.0906385;0.0683594;-4.73608
-136.765;110.027;0.639825;-0.0972957;0.0763065;-5.27602
-127.94;110.027;0.608124;-0.0988378;0.0796066;-5.77551
-119.114;110.027;0.572519;-0.0992906;0.0801789;-6.24899
-110.289;110.027;0.55261;-0.101289;0.0828999;-6.70761
-101.463;110.027;0.551412;-0.103256;0.0900278;-7.14573
-92.6379;110.027;0.517923;-0.0998848;0.0951015;-7.54575
-83.8124;110.027;0.456506;-0.0928874;0.096244;-7.9114
-74.987;110.027;0.405808;-0.0892363;0.0965053;-8.25291
-66.1615;110.027;0.362296;-0.087911;0.100761;-8.56666
-57.3361;110.027;0.329053;-0.084604;0.110369;-8.84368
-48.5106;110.027;0.308854;-0.0769363;0.121701;-9.08889
-39.6852;110.027;0.291543;-0.0688873;0.130834;-9.30822
-30.8597;110.027;0.268469;-0.0593249;0.135709;-9.49718
-22.0342;110.027;0.236275;-0.0498056;0.138705;-9.65446
-13.2088;110.027;0.18914;-0.0400429;0.140845;-9.76678
-4.38334;110.027;0.145118;-0.03058;0.144927;-9.83943
4.44212;110.027;0.123493;-0.0211409;0.151568;-9.88915
13.2676;110.027;0.115469;-0.0120087;0.156062;-9.90916
22.093;110.027;0.0881116;7.02298e-05;0.153908;-9.87283
30.9185;110.027;0.0577773;0.0110784;0.145294;-9.78793
39.7439;110.027;0.0150848;0.0244325;0.137964;-9.67317
48.5694;110.027;-0.0517935;0.0391548;0.136652;-9.51002
57.3948;110.027;-0.141246;0.0537917;0.140578;-9.29218
66.2203;110.027;-0.179126;0.0618588;0.143819;-9.06516
75.0458;110.027;-0.173451;0.0663967;0.137174;-8.83613
83.8712;110.027;-0.276364;0.0754708;0.123868;-8.48941
92.6967;110.027;-0.472678;0.0796858;0.11531;-7.99997
101.522;110.027;-0.607892;0.0825351;0.110627;-7.52925
110.348;110.027;-0.598959;0.0816852;0.108897;-7.15064
119.173;110.027;-0.528729;0.0806957;0.104568;-6.80333
127.998;110.027;-0.410606;0.0753334;0.0959728;-6.44746
136.824;110.027;-0.277395;0.0712525;0.0847254;-6.07623
145.649;110.027;-0.192591;0.0671706;0.0786137;-5.64404
154.475;110.027;-0.160542;0.0602643;0.0667498;-5.13321
163.3;110.027;-0.1381;0.0493176;0.0531422;-4.58264
172.126;110.027;-0.113297;0.0366896;0.0429743;-4.01825
180.951;110.027;-0.0866274;0.0246976;0.0383716;-3.44962
189.777;110.027;-0.0673527;0.0141847;0.0341248;-2.85358
198.602;110.027;-0.0735435;0.00154682;0.027529;-2.21332
207.428;110.027;0.0397552;-0.011485;0.0153022;-1.52723
-198.543;101.202;0.825176;-0.0370842;0.0238175;-1.51259
-189.718;101.202;0.727355;-0.0447893;0.0322018;-2.12546
-180.892;101.202;0.67054;-0.0478514;0.0387296;-2.73615
-172.067;101.202;0.657773;-0.0532592;0.0449087;-3.34344
-163.242;101.202;0.635369;-0.0677482;0.054661;-3.96369
-154.416;101.202;0.624133;-0.0837455;0.0629015;-4.57435
-145.591;101.202;0.61711;-0.0965137;0.0683779;-5.15723
-136.765;101.202;0.585559;-0.105346;0.0760983;-5.7048
-127.94;101.202;0.530748;-0.108414;0.0810716;-6.20822
-119.114;101.202;0.478394;-0.109533;0.0837193;-6.68743
-110.289;101.202;0.457962;-0.111069;0.0873236;-7.1526
-101.463;101.202;0.470686;-0.111746;0.0943547;-7.59821
-92.6379;101.202;0.465853;-0.107704;0.0991927;-8.00428
-83.8124;101.202;0.443879;-0.10035;0.0961011;-8.37562
-74.987;101.202;0.402938;-0.0970788;0.0936539;-8.72395
-66.1615;101.202;0.353035;-0.0958934;0.0969543;-9.04221
-57.3361;101.202;0.303067;-0.0925702;0.10807;-9.32245
-48.5106;101.202;0.263452;-0.0842465;0.121956;-9.5716
-39.6852;101.202;0.243559;-0.0731052;0.130856;-9.78652
-30.8597;101.202;0.229701;-0.0615754;0.134659;-9.97287
-22.0342;101.202;0.211564;-0.0525812;0.137741;-10.1376
-13.2088;101.202;0.186334;-0.0427171;0.140528;-10.2624
-4.38334;101.202;0.162126;-0.0322029;0.144473;-10.3475
4.44212;101.202;0.146074;-0.0224139;0.149756;-10.4057
13.2676;101.202;0.132674;-0.0151663;0.154679;-10.4342
22.093;101.202;0.0992203;-0.00614581;0.156003;-10.4019
30.9185;101.202;0.0559388;0.00257299;0.151006;-10.3173
39.7439;101.202;0.00434091;0.0196698;0.144727;-10.2134
48.5694;101.202;-0.0302398;0.0433755;0.140553;-10.0898
57.3948;101.202;-0.0107591;0.065568;0.139972;-9.94848
66.2203;101.202;0.0730591;0.0755274;0.141522;-9.81179
75.0458;101.202;0.117496;0.0820445;0.132662;-9.62312
83.8712;101.202;0.029797;0.0902402;0.116776;-9.27715
92.6967;101.202;-0.160584;0.093826;0.106953;-8.77616
101.522;101.202;-0.342924;0.0970426;0.102224;-8.25922
110.348;101.202;-0.378394;0.0958265;0.0987294;-7.82558
119.173;101.202;-0.34672;0.0941352;0.0932995;-7.42966
127.998;101.202;-0.276132;0.089443;0.0872375;-7.03084
136.824;101.202;-0.19244;0.0865366;0.0824877;-6.62154
145.649;101.202;-0.121111;0.0829842;0.0803819;-6.16941
154.475;101.202;-0.0876503;0.0757416;0.070256;-5.64553
163.3;101.202;-0.0601142;0.0642924;0.0562853;-5.08269
172.126;101.202;-0.0460242;0.0516613;0.0446571;-4.49877
180.951;101.202;-0.0498607;0.0399054;0.0382298;-3.90023
189.777;101.202;-0.0489153;0.0288988;0.0322983;-3.28039
198.602;101.202;-0.0149743;0.0131048;0.0245261;-2.63109
207.428;101.202;0.0338684;-0.00450222;0.0146051;-1.93311
-198.543;92.3763;0.862127;-0.0300392;0.0230267;-1.86401
-189.718;92.3763;0.761483;-0.037454;0.0313003;-2.49416
-180.892;92.3763;0.688168;-0.0466401;0.0396524;-3.1088
-172.067;92.3763;0.661485;-0.0562076;0.0460322;-3.72379
-163.242;92.3763;0.641107;-0.0697464;0.0537641;-4.34551
-154.416;92.3763;0.613251;-0.0841623;0.0609379;-4.95509
-145.591;92.3763;0.57607;-0.0969192;0.0668019;-5.54
-136.765;92.3763;0.519452;-0.108069;0.0745032;-6.0953
-127.94;92.3763;0.453468;-0.114374;0.0789717;-6.61087
-119.114;92.3763;0.405294;-0.117398;0.0824531;-7.10615
-110.289;92.3763;0.393996;-0.118649;0.0872892;-7.58375
-101.463;92.3763;0.41407;-0.117836;0.0952645;-8.03879
-92.6379;92.3763;0.431192;-0.112694;0.102037;-8.45756
-83.8124;92.3763;0.428687;-0.105277;0.100033;-8.84074
-74.987;92.3763;0.401559;-0.102047;0.0982452;-9.19881
-66.1615;92.3763;0.355822;-0.100715;0.0996529;-9.52215
-57.3361;92.3763;0.294459;-0.0975939;0.108137;-9.7998
-48.5106;92.3763;0.235838;-0.0892652;0.120559;-10.0486
-39.6852;92.3763;0.21219;-0.0767049;0.130502;-10.267
-30.8597;92.3763;0.211438;-0.064058;0.136172;-10.4629
-22.0342;92.3763;0.20585;-0.0549775;0.140925;-10.6415
-13.2088;92.3763;0.195131;-0.0440791;0.144933;-10.778
-4.38334;92.3763;0.184574;-0.0323866;0.149337;-10.8715
4.44212;92.3763;0.175134;-0.0223715;0.153843;-10.9335
13.2676;92.3763;0.159432;-0.0158375;0.157795;-10.9624
22.093;92.3763;0.128402;-0.00941434;0.160302;-10.9319
30.9185;92.3763;0.0825016;-0.00154941;0.158358;-10.8532
39.7439;92.3763;0.0227345;0.0211677;0.152696;-10.7585
48.5694;92.3763;0.00843249;0.0541193;0.143926;-10.6619
57.3948;92.3763;0.105378;0.0827515;0.135407;-10.5765
66.2203;92.3763;0.278399;0.0934099;0.131121;-10.5028
75.0458;92.3763;0.337605;0.100256;0.121119;-10.3225
83.8712;92.3763;0.281467;0.105413;0.108676;-9.98478
92.6967;92.3763;0.150927;0.108009;0.100241;-9.52345
101.522;92.3763;0.0163398;0.110381;0.0954022;-9.03093
110.348;92.3763;-0.0144104;0.107949;0.0901751;-8.5846
119.173;92.3763;-0.015828;0.104644;0.0832246;-8.1445
127.998;92.3763;-0.00754719;0.100686;0.0778411;-7.68794
136.824;92.3763;0.0072196;0.0989154;0.0749637;-7.2174
145.649;92.3763;0.0318402;0.0958627;0.0735177;-6.7181
154.475;92.3763;0.0470591;0.0898859;0.0667755;-6.17275
163.3;92.3763;0.0563037;0.0809487;0.0566963;-5.59272
172.126;92.3763;0.0266138;0.0708244;0.0477917;-4.97663
180.951;92.3763;-0.0397053;0.0598777;0.0427153;-4.32949
189.777;92.3763;-0.0732665;0.0481127;0.0370622;-3.67505
198.602;92.3763;-0.0244876;0.0318574;0.0299602;-3.02305
207.428;92.3763;0.0608972;0.0120764;0.0221076;-2.35253
-216.194;83.5508;0.808671;-0.0357559;0.0237918;-0.825278
-207.369;83.5508;0.897197;-0.0210818;0.0159764;-1.5037
-198.543;83.5508;0.867421;-0.0220971;0.0211466;-2.18944
-189.718;83.5508;0.778533;-0.0284457;0.0295149;-2.83168
-180.892;83.5508;0.697824;-0.0433414;0.0391788;-3.45805
-172.067;83.5508;0.662529;-0.0574039;0.0460881;-4.08113
-163.242;83.5508;0.630067;-0.0714337;0.0526365;-4.70022
-154.416;83.5508;0.571139;-0.0854054;0.0603185;-5.30812
-145.591;83.5508;0.51232;-0.0963687;0.0662863;-5.89277
-136.765;83.5508;0.453704;-0.10711;0.0720718;-6.45621
-127.94;83.5508;0.405051;-0.115044;0.0740549;-6.99005
-119.114;83.5508;0.37376;-0.119809;0.0771469;-7.50275
-110.289;83.5508;0.363348;-0.121722;0.0829917;-7.99291
-101.463;83.5508;0.371716;-0.120599;0.0913943;-8.45564
-92.6379;83.5508;0.389143;-0.115198;0.097227;-8.88043
-83.8124;83.5508;0.384034;-0.10817;0.0985715;-9.271
-74.987;83.5508;0.366569;-0.104462;0.101686;-9.63674
-66.1615;83.5508;0.336835;-0.102475;0.104243;-9.97118
-57.3361;83.5508;0.289297;-0.0994218;0.108228;-10.2592
-48.5106;83.5508;0.240315;-0.0918978;0.116197;-10.5202
-39.6852;83.5508;0.222592;-0.0801174;0.12651;-10.7546
-30.8597;83.5508;0.228051;-0.067987;0.135219;-10.965
-22.0342;83.5508;0.222426;-0.0591106;0.141203;-11.1441
-13.2088;83.5508;0.205522;-0.0475157;0.14552;-11.276
-4.38334;83.5508;0.192378;-0.0352732;0.150535;-11.3687
4.44212;83.5508;0.184194;-0.0246759;0.155833;-11.4319
13.2676;83.5508;0.164183;-0.0160029;0.159613;-11.4585
22.093;83.5508;0.139882;-0.00921204;0.161667;-11.431
30.9185;83.5508;0.107154;0.00259704;0.158974;-11.3647
39.7439;83.5508;0.0423931;0.0321165;0.150058;-11.2636
48.5694;83.5508;0.00400331;0.0687409;0.135678;-11.1326
57.3948;83.5508;0.0628918;0.0956344;0.121086;-10.9996
66.2203;83.5508;0.204602;0.103436;0.112281;-10.8867
75.0458;83.5508;0.256343;0.111892;0.105586;-10.6985
83.8712;83.5508;0.231442;0.119138;0.0999136;-10.3962
92.6967;83.5508;0.185862;0.123367;0.0953725;-10.0136
101.522;83.5508;0.16785;0.124423;0.0911616;-9.60116
110.348;83.5508;0.176507;0.121694;0.0850877;-9.18084
119.173;83.5508;0.155765;0.117527;0.0766823;-8.71917
127.998;83.5508;0.131606;0.113063;0.0693602;-8.22512
136.824;83.5508;0.120325;0.111075;0.0631997;-7.71825
145.649;83.5508;0.12845;0.107796;0.0594584;-7.19146
154.475;83.5508;0.14377;0.102853;0.0559694;-6.64054
163.3;83.5508;0.138977;0.0960847;0.0517282;-6.05256
172.126;83.5508;0.0641645;0.0874188;0.0476377;-5.40811
180.951;83.5508;-0.0481373;0.0760388;0.0446893;-4.72448
189.777;83.5508;-0.0653549;0.0621876;0.0394221;-4.06317
198.602;83.5508;0.00906635;0.043951;0.0309037;-3.41401
207.428;83.5508;0.133653;0.0207909;0.0213511;-2.75404
216.253;83.5508;0.240368;-0.00212166;0.0150937;-2.05497
225.078;83.5508;0.270573;-0.01955;0.0173187;-1.32893
-216.194;74.7253;0.797787;-0.0387938;0.0210487;-1.11786
-207.369;74.7253;0.861445;-0.0219867;0.0157267;-1.81238
-198.543;74.7253;0.845599;-0.0148222;0.0173386;-2.48897
-189.718;74.7253;0.756001;-0.0270913;0.0280168;-3.14072
-180.892;74.7253;0.691477;-0.0436087;0.0373477;-3.77765
-172.067;74.7253;0.656529;-0.0588318;0.0440968;-4.41101
-163.242;74.7253;0.604101;-0.0730051;0.0499591;-5.03014
-154.416;74.7253;0.518571;-0.0872708;0.0584591;-5.64445
-145.591;74.7253;0.462679;-0.0959929;0.0630522;-6.2363
-136.765;74.7253;0.426558;-0.104311;0.0654495;-6.81149
-127.94;74.7253;0.410524;-0.111785;0.0647665;-7.3655
-119.114;74.7253;0.385583;-0.117321;0.0673271;-7.89224
-110.289;74.7253;0.354066;-0.120045;0.073031;-8.38894
-101.463;74.7253;0.337424;-0.119501;0.0794772;-8.85639
-92.6379;74.7253;0.345616;-0.115832;0.0814146;-9.28981
-83.8124;74.7253;0.340254;-0.110631;0.0849021;-9.68597
-74.987;74.7253;0.320019;-0.106782;0.0930405;-10.055
-66.1615;74.7253;0.305516;-0.102951;0.098678;-10.4003
-57.3361;74.7253;0.285593;-0.0985392;0.0994933;-10.7009
-48.5106;74.7253;0.264048;-0.0914237;0.102572;-10.9779
-39.6852;74.7253;0.25922;-0.0814029;0.110814;-11.2312
-30.8597;74.7253;0.253224;-0.0704016;0.122089;-11.4558
-22.0342;74.7253;0.234743;-0.0602011;0.130044;-11.6338
-13.2088;74.7253;0.19835;-0.0475669;0.135931;-11.7581
-4.38334;74.7253;0.166978;-0.0349879;0.142609;-11.8486
4.44212;74.7253;0.146955;-0.023953;0.149081;-11.9129
13.2676;74.7253;0.12655;-0.0136389;0.152561;-11.9438
22.093;74.7253;0.124464;-0.00463295;0.153956;-11.9344
30.9185;74.7253;0.129943;0.0150987;0.147112;-11.8872
39.7439;74.7253;0.102725;0.0510238;0.132962;-11.7883
48.5694;74.7253;0.0811987;0.0870609;0.115873;-11.636
57.3948;74.7253;0.109976;0.107593;0.10143;-11.4521
66.2203;74.7253;0.173281;0.11293;0.0922591;-11.2637
75.0458;74.7253;0.191227;0.12159;0.0874081;-11.0351
83.8712;74.7253;0.18392;0.129901;0.0854061;-10.7404
92.6967;74.7253;0.182962;0.136143;0.0845051;-10.3994
101.522;74.7253;0.202807;0.139177;0.0825613;-10.0284
110.348;74.7253;0.222395;0.138233;0.0779215;-9.62108
119.173;74.7253;0.190651;0.13346;0.0699404;-9.1499
127.998;74.7253;0.159175;0.127972;0.0613284;-8.64698
136.824;74.7253;0.152877;0.124588;0.0534611;-8.13494
145.649;74.7253;0.177187;0.120187;0.0486643;-7.60775
154.475;74.7253;0.209092;0.114811;0.0465626;-7.06323
163.3;74.7253;0.224509;0.10705;0.0459671;-6.48629
172.126;74.7253;0.179452;0.0961542;0.0448148;-5.84846
180.951;74.7253;0.112578;0.0829767;0.0430489;-5.17442
189.777;74.7253;0.127143;0.0684959;0.0380139;-4.5203
198.602;74.7253;0.218018;0.0483516;0.0288466;-3.86778
207.428;74.7253;0.296872;0.0256585;0.0201214;-3.18024
216.253;74.7253;0.35189;0.00507267;0.0158869;-2.44138
225.078;74.7253;0.364278;-0.0127397;0.0186354;-1.69499
-216.194;65.8999;0.785652;-0.0355946;0.0200778;-1.36322
-207.369;65.8999;0.809685;-0.0234068;0.0179143;-2.08196
-198.543;65.8999;0.783638;-0.0185719;0.0179851;-2.75571
-189.718;65.8999;0.707726;-0.0343333;0.0270171;-3.42469
-180.892;65.8999;0.672269;-0.0495633;0.0331156;-4.07436
-172.067;65.8999;0.657462;-0.0621705;0.0373584;-4.72955
-163.242;65.8999;0.610121;-0.0740378;0.0412719;-5.36548
-154.416;65.8999;0.536044;-0.0862489;0.0476691;-5.99401
-145.591;65.8999;0.503464;-0.0924621;0.049209;-6.5975
-136.765;65.8999;0.483554;-0.0991584;0.0490179;-7.18371
-127.94;65.8999;0.482744;-0.107821;0.0471636;-7.7545
-119.114;65.8999;0.449224;-0.114326;0.0490599;-8.2886
-110.289;65.8999;0.396897;-0.116549;0.0529756;-8.77976
-101.463;65.8999;0.372648;-0.115179;0.0557046;-9.24338
-92.6379;65.8999;0.393413;-0.112571;0.054593;-9.68565
-83.8124;65.8999;0.390122;-0.110484;0.056843;-10.0938
-74.987;65.8999;0.366802;-0.108824;0.0661194;-10.4704
-66.1615;65.8999;0.347605;-0.104017;0.075827;-10.8261
-57.3361;65.8999;0.326259;-0.0970709;0.0784632;-11.1335
-48.5106;65.8999;0.308776;-0.0886577;0.0802534;-11.4192
-39.6852;65.8999;0.307653;-0.0799684;0.0862468;-11.6873
-30.8597;65.8999;0.304881;-0.0703484;0.0986201;-11.9261
-22.0342;65.8999;0.307804;-0.0593512;0.108841;-12.1153
-13.2088;65.8999;0.290483;-0.0466171;0.118201;-12.2531
-4.38334;65.8999;0.264953;-0.0350394;0.127808;-12.3584
4.44212;65.8999;0.237566;-0.0251495;0.135951;-12.4326
13.2676;65.8999;0.211079;-0.0150525;0.139993;-12.4663
22.093;65.8999;0.217066;-0.00252223;0.141832;-12.4688
30.9185;65.8999;0.23456;0.0281272;0.132091;-12.4222
39.7439;65.8999;0.244301;0.0704504;0.1145;-12.3299
48.5694;65.8999;0.293256;0.104071;0.096817;-12.2141
57.3948;65.8999;0.38183;0.118784;0.0844337;-12.0704
66.2203;65.8999;0.41387;0.126592;0.0774976;-11.8567
75.0458;65.8999;0.376922;0.137305;0.0730023;-11.5714
83.8712;65.8999;0.344284;0.144798;0.070329;-11.243
92.6967;65.8999;0.338723;0.149335;0.0695605;-10.8907
101.522;65.8999;0.354217;0.152162;0.0698532;-10.5176
110.348;65.8999;0.360922;0.152846;0.0683606;-10.1053
119.173;65.8999;0.32353;0.147528;0.0611022;-9.62491
127.998;65.8999;0.290772;0.14261;0.0544797;-9.12023
136.824;65.8999;0.278477;0.137982;0.0500072;-8.59395
145.649;65.8999;0.289293;0.132625;0.0467952;-8.0469
154.475;65.8999;0.313571;0.125995;0.0441623;-7.48748
163.3;65.8999;0.327949;0.116877;0.041952;-6.90169
172.126;65.8999;0.313663;0.103607;0.0398624;-6.26731
180.951;65.8999;0.294474;0.0897089;0.0386347;-5.60983
189.777;65.8999;0.315276;0.0752123;0.0340951;-4.95476
198.602;65.8999;0.377562;0.0546636;0.0266129;-4.27927
207.428;65.8999;0.425456;0.0340535;0.0228717;-3.56858
216.253;65.8999;0.444272;0.0158156;0.0231577;-2.82545
225.078;65.8999;0.441011;-0.0010347;0.0249454;-2.03967
233.904;65.8999;0.518908;-0.0211123;0.020764;-1.19625
-216.194;57.0744;0.753439;-0.0336474;0.0232234;-1.59046
-207.369;57.0744;0.756039;-0.0246051;0.0218602;-2.31021
-198.543;57.0744;0.703038;-0.0246848;0.0211068;-2.98832
-189.718;57.0744;0.630993;-0.0447882;0.0272542;-3.67416
-180.892;57.0744;0.617677;-0.0595595;0.0297545;-4.33626
-172.067;57.0744;0.631743;-0.0693639;0.0299177;-5.00286
-163.242;57.0744;0.623812;-0.0777289;0.0296437;-5.65603
-154.416;57.0744;0.599777;-0.08474;0.0308194;-6.30035
-145.591;57.0744;0.600417;-0.0889146;0.0297092;-6.92668
-136.765;57.0744;0.584689;-0.0968526;0.0291475;-7.53315
-127.94;57.0744;0.561603;-0.108454;0.0303695;-8.11811
-119.114;57.0744;0.51495;-0.115469;0.0336531;-8.65558
-110.289;57.0744;0.458432;-0.116079;0.0371778;-9.14218
-101.463;57.0744;0.432567;-0.113303;0.0385107;-9.60832
-92.6379;57.0744;0.461153;-0.110939;0.0366964;-10.0623
-83.8124;57.0744;0.4681;-0.109933;0.0387824;-10.4902
-74.987;57.0744;0.447579;-0.109688;0.0470611;-10.8833
-66.1615;57.0744;0.41586;-0.106246;0.0569019;-11.2459
-57.3361;57.0744;0.377873;-0.0984538;0.0622623;-11.5555
-48.5106;57.0744;0.35487;-0.088868;0.0662059;-11.8429
-39.6852;57.0744;0.361035;-0.0810883;0.0719196;-12.1232
-30.8597;57.0744;0.366654;-0.0733684;0.0834304;-12.3798
-22.0342;57.0744;0.385926;-0.0620609;0.0950714;-12.5848
-13.2088;57.0744;0.392193;-0.0492136;0.106402;-12.744
-4.38334;57.0744;0.377864;-0.037829;0.117296;-12.8625
4.44212;57.0744;0.341326;-0.0289044;0.127078;-12.9374
13.2676;57.0744;0.299466;-0.0207909;0.134222;-12.963
22.093;57.0744;0.309472;-0.00543376;0.137248;-12.9675
30.9185;57.0744;0.334113;0.0345645;0.126486;-12.9122
39.7439;57.0744;0.357073;0.0832345;0.108166;-12.8126
48.5694;57.0744;0.420724;0.116895;0.0909558;-12.7032
57.3948;57.0744;0.506845;0.129595;0.0789071;-12.5654
66.2203;57.0744;0.51609;0.139223;0.0720155;-12.3371
75.0458;57.0744;0.442463;0.151086;0.0688024;-12.0112
83.8712;57.0744;0.406091;0.157457;0.0648146;-11.6618
92.6967;57.0744;0.409764;0.161302;0.0624095;-11.3094
101.522;57.0744;0.433113;0.164692;0.0623623;-10.9452
110.348;57.0744;0.445932;0.165635;0.0603431;-10.5351
119.173;57.0744;0.400501;0.158987;0.0543502;-10.0358
127.998;57.0744;0.358907;0.154883;0.0508673;-9.51637
136.824;57.0744;0.337;0.150995;0.0484271;-8.97698
145.649;57.0744;0.338795;0.145092;0.0461584;-8.4183
154.475;57.0744;0.360439;0.1372;0.0431689;-7.85101
163.3;57.0744;0.384383;0.127851;0.039816;-7.26185
172.126;57.0744;0.390127;0.114289;0.0376722;-6.62683
180.951;57.0744;0.387711;0.101142;0.0369809;-5.97201
189.777;57.0744;0.396904;0.0857374;0.0333251;-5.30367
198.602;57.0744;0.429269;0.0650943;0.0279126;-4.60946
207.428;57.0744;0.460983;0.0448296;0.0267155;-3.88722
216.253;57.0744;0.479491;0.0266925;0.0282707;-3.13789
225.078;57.0744;0.492217;0.00754968;0.0279117;-2.33694
233.904;57.0744;0.572341;-0.0152465;0.0245242;-1.48075
-225.02;48.249;0.731176;-0.0259851;0.0216827;-1.07757
-216.194;48.249;0.73356;-0.0312864;0.0243825;-1.78675
-207.369;48.249;0.726227;-0.0271804;0.0231109;-2.49306
-198.543;48.249;0.637673;-0.0359942;0.0238183;-3.19188
-189.718;48.249;0.568256;-0.0550075;0.028628;-3.88887
-180.892;48.249;0.551947;-0.0694325;0.0293475;-4.57276
-172.067;48.249;0.553632;-0.0801635;0.0276081;-5.25139
-163.242;48.249;0.551068;-0.0886187;0.0260713;-5.91523
-154.416;48.249;0.56325;-0.0937537;0.0247953;-6.56442
-145.591;48.249;0.603853;-0.0983339;0.0220457;-7.20164
-136.765;48.249;0.578412;-0.107525;0.0221937;-7.81112
-127.94;48.249;0.535617;-0.117278;0.0238009;-8.39206
-119.114;48.249;0.484166;-0.121372;0.0279553;-8.92824
-110.289;48.249;0.443934;-0.121238;0.0333658;-9.42441
-101.463;48.249;0.437672;-0.118885;0.0363438;-9.91131
-92.6379;48.249;0.467989;-0.114624;0.0341286;-10.382
-83.8124;48.249;0.483821;-0.111206;0.0341836;-10.8205
-74.987;48.249;0.456853;-0.112483;0.0412696;-11.2209
-66.1615;48.249;0.410511;-0.109787;0.0505962;-11.5853
-57.3361;48.249;0.367269;-0.101475;0.0577872;-11.9022
-48.5106;48.249;0.35742;-0.0918215;0.063951;-12.207
-39.6852;48.249;0.384507;-0.0848352;0.070933;-12.5152
-30.8597;48.249;0.398629;-0.0779608;0.0817099;-12.7935
-22.0342;48.249;0.405957;-0.0668807;0.0928832;-13.0076
-13.2088;48.249;0.415284;-0.0538958;0.103675;-13.1757
-4.38334;48.249;0.406118;-0.0418889;0.114236;-13.2972
4.44212;48.249;0.37586;-0.0336113;0.124616;-13.3732
13.2676;48.249;0.347681;-0.0264083;0.133881;-13.4053
22.093;48.249;0.369348;-0.00480577;0.13609;-13.4157
30.9185;48.249;0.3968;0.0424519;0.12573;-13.3594
39.7439;48.249;0.422986;0.0942838;0.109726;-13.2539
48.5694;48.249;0.472738;0.127444;0.0951496;-13.1295
57.3948;48.249;0.521711;0.139721;0.0834465;-12.9657
66.2203;48.249;0.503653;0.149631;0.0727623;-12.7159
75.0458;48.249;0.418369;0.161199;0.0666227;-12.3659
83.8712;48.249;0.383591;0.167103;0.0620242;-12.0023
92.6967;48.249;0.388613;0.170855;0.0607671;-11.6433
101.522;48.249;0.414908;0.17415;0.0626833;-11.2773
110.348;48.249;0.438413;0.17487;0.0613515;-10.8675
119.173;48.249;0.393725;0.167867;0.0566594;-10.354
127.998;48.249;0.348269;0.164403;0.0540017;-9.8185
136.824;48.249;0.326469;0.160232;0.0498211;-9.27122
145.649;48.249;0.335113;0.154073;0.0451851;-8.71763
154.475;48.249;0.366684;0.147088;0.0413439;-8.15776
163.3;48.249;0.414261;0.139122;0.0388528;-7.57489
172.126;48.249;0.428349;0.12626;0.0378068;-6.93499
180.951;48.249;0.416016;0.113518;0.0380593;-6.26731
189.777;48.249;0.401736;0.0969556;0.0347179;-5.57657
198.602;48.249;0.417766;0.0752337;0.029432;-4.86671
207.428;48.249;0.447426;0.0526113;0.0267816;-4.13104
216.253;48.249;0.480054;0.0300849;0.0264394;-3.37269
225.078;48.249;0.516555;0.00561153;0.0250591;-2.57988
233.904;48.249;0.571477;-0.0172994;0.0238073;-1.74262
-225.02;39.4235;0.683933;-0.0212635;0.021371;-1.23016
-216.194;39.4235;0.678594;-0.0284907;0.0231854;-1.95538
-207.369;39.4235;0.64359;-0.0352718;0.0230854;-2.67179
-198.543;39.4235;0.567028;-0.0482551;0.0250595;-3.37551
-189.718;39.4235;0.533347;-0.0613445;0.0283963;-4.07759
-180.892;39.4235;0.527863;-0.0739768;0.0279735;-4.78422
-172.067;39.4235;0.515132;-0.0858696;0.0256441;-5.471
-163.242;39.4235;0.504779;-0.0959252;0.0238227;-6.14079
-154.416;39.4235;0.530709;-0.10159;0.0210842;-6.78936
-145.591;39.4235;0.574364;-0.107606;0.0177938;-7.42594
-136.765;39.4235;0.532608;-0.116335;0.0187331;-8.0263
-127.94;39.4235;0.466857;-0.122425;0.0203057;-8.59642
-119.114;39.4235;0.427457;-0.123859;0.0238933;-9.13294
-110.289;39.4235;0.415948;-0.124429;0.0296269;-9.64428
-101.463;39.4235;0.421319;-0.123594;0.0345775;-10.1487
-92.6379;39.4235;0.433972;-0.118128;0.0338564;-10.6278
-83.8124;39.4235;0.439664;-0.112429;0.0327445;-11.0722
-74.987;39.4235;0.41607;-0.114726;0.0376245;-11.485
-66.1615;39.4235;0.374872;-0.112487;0.0457693;-11.8582
-57.3361;39.4235;0.343384;-0.104633;0.0533625;-12.1972
-48.5106;39.4235;0.357084;-0.0958214;0.0601462;-12.5342
-39.6852;39.4235;0.409212;-0.0887303;0.0675987;-12.8763
-30.8597;39.4235;0.431242;-0.0811828;0.0781648;-13.1674
-22.0342;39.4235;0.41322;-0.0699115;0.0904659;-13.378
-13.2088;39.4235;0.417192;-0.0575333;0.102755;-13.5462
-4.38334;39.4235;0.421986;-0.0471034;0.114802;-13.6831
4.44212;39.4235;0.42389;-0.0388551;0.124438;-13.7829
13.2676;39.4235;0.435953;-0.0244558;0.130095;-13.8526
22.093;39.4235;0.47674;0.0106288;0.12666;-13.886
30.9185;39.4235;0.527669;0.0631993;0.115424;-13.8536
39.7439;39.4235;0.606123;0.110502;0.104541;-13.7746
48.5694;39.4235;0.65795;0.138755;0.0961946;-13.6461
57.3948;39.4235;0.648823;0.151388;0.0872106;-13.4467
66.2203;39.4235;0.572722;0.162316;0.0717541;-13.1543
75.0458;39.4235;0.469402;0.17242;0.0595635;-12.7694
83.8712;39.4235;0.409311;0.178087;0.0545407;-12.3732
92.6967;39.4235;0.386608;0.182948;0.0563625;-11.9876
101.522;39.4235;0.395012;0.187112;0.0615392;-11.6013
110.348;39.4235;0.417713;0.188162;0.0610989;-11.1806
119.173;39.4235;0.392387;0.182671;0.0565254;-10.6684
127.998;39.4235;0.359762;0.178043;0.053388;-10.123
136.824;39.4235;0.349051;0.171343;0.0483129;-9.57153
145.649;39.4235;0.368246;0.163369;0.0423467;-9.01984
154.475;39.4235;0.409395;0.156345;0.0377;-8.45607
163.3;39.4235;0.478269;0.1485;0.036025;-7.87146
172.126;39.4235;0.504975;0.135647;0.0356272;-7.23278
180.951;39.4235;0.48564;0.118918;0.0362114;-6.54539
189.777;39.4235;0.445452;0.100087;0.0330884;-5.82584
198.602;39.4235;0.44835;0.0796819;0.0279559;-5.0982
207.428;39.4235;0.465324;0.0575757;0.024232;-4.34507
216.253;39.4235;0.503842;0.0314326;0.0227106;-3.56665
225.078;39.4235;0.529225;0.00238743;0.0207261;-2.76393
233.904;39.4235;0.478669;-0.0206383;0.0190959;-1.94636
-225.02;30.5981;0.667552;-0.0225987;0.0244109;-1.39123
-216.194;30.5981;0.655921;-0.0294939;0.0246711;-2.13149
-207.369;30.5981;0.613172;-0.0408677;0.0239596;-2.8503
-198.543;30.5981;0.566062;-0.0552373;0.02563;-3.56315
-189.718;30.5981;0.577787;-0.0633721;0.0264657;-4.26364
-180.892;30.5981;0.581825;-0.0748907;0.0249519;-4.97889
-172.067;30.5981;0.560382;-0.0865245;0.0232775;-5.66681
-163.242;30.5981;0.539757;-0.0965865;0.0216262;-6.33859
-154.416;30.5981;0.549695;-0.103411;0.0175813;-6.98828
-145.591;30.5981;0.570464;-0.11009;0.013888;-7.61587
-136.765;30.5981;0.517251;-0.117568;0.0158065;-8.20781
-127.94;30.5981;0.444398;-0.12176;0.0168732;-8.77477
-119.114;30.5981;0.418389;-0.122627;0.0186445;-9.3195
-110.289;30.5981;0.420507;-0.125157;0.0223448;-9.84755
-101.463;30.5981;0.421608;-0.126235;0.0275709;-10.3616
-92.6379;30.5981;0.413866;-0.120349;0.0294347;-10.8463
-83.8124;30.5981;0.406418;-0.113242;0.0292446;-11.3027
-74.987;30.5981;0.396855;-0.11528;0.0319861;-11.734
-66.1615;30.5981;0.372499;-0.113612;0.0384507;-12.1232
-57.3361;30.5981;0.357289;-0.107429;0.0453246;-12.4879
-48.5106;30.5981;0.389201;-0.0999123;0.0519954;-12.8532
-39.6852;30.5981;0.458248;-0.0915885;0.0598438;-13.22
-30.8597;30.5981;0.492454;-0.0816595;0.0698782;-13.5201
-22.0342;30.5981;0.47049;-0.0683034;0.0818174;-13.7427
-13.2088;30.5981;0.492371;-0.0563188;0.0956296;-13.9349
-4.38334;30.5981;0.546833;-0.0502048;0.11154;-14.1193
4.44212;30.5981;0.593486;-0.0407916;0.120905;-14.25
13.2676;30.5981;0.626477;-0.0113059;0.115401;-14.3403
22.093;30.5981;0.688029;0.0443676;0.0984342;-14.4115
30.9185;30.5981;0.83051;0.102789;0.0804926;-14.4587
39.7439;30.5981;1.0449;0.138639;0.0748005;-14.4633
48.5694;30.5981;1.11857;0.153672;0.0762796;-14.3398
57.3948;30.5981;1.02965;0.162723;0.0739465;-14.0913
66.2203;30.5981;0.870467;0.174881;0.0594713;-13.7335
75.0458;30.5981;0.715604;0.183651;0.0467451;-13.2883
83.8712;30.5981;0.599751;0.188308;0.0424902;-12.8346
92.6967;30.5981;0.542734;0.192501;0.0461043;-12.4075
101.522;30.5981;0.543453;0.195128;0.0520249;-11.9944
110.348;30.5981;0.576391;0.193608;0.0509912;-11.558
119.173;30.5981;0.577135;0.189037;0.0460842;-11.0543
127.998;30.5981;0.558869;0.18404;0.0438992;-10.505
136.824;30.5981;0.534356;0.177591;0.0419221;-9.93642
145.649;30.5981;0.51362;0.170873;0.038593;-9.35347
154.475;30.5981;0.508641;0.164729;0.0341345;-8.75107
163.3;30.5981;0.559224;0.155865;0.0319724;-8.14031
172.126;30.5981;0.583425;0.142613;0.0309825;-7.49566
180.951;30.5981;0.559021;0.125567;0.0318634;-6.79998
189.777;30.5981;0.51038;0.105101;0.0305385;-6.06165
198.602;30.5981;0.522342;0.0859457;0.0284177;-5.33494
207.428;30.5981;0.549546;0.0662356;0.0253105;-4.58818
216.253;30.5981;0.580799;0.0403097;0.0226895;-3.7986
225.078;30.5981;0.607444;0.00996802;0.0197112;-2.97398
233.904;30.5981;0.615146;-0.0171762;0.017854;-2.14092
-225.02;21.7726;0.689977;-0.0239856;0.0272389;-1.53112
-216.194;21.7726;0.688297;-0.0314029;0.0268158;-2.29306
-207.369;21.7726;0.652144;-0.0438212;0.025469;-3.0173
-198.543;21.7726;0.631162;-0.0576999;0.0260272;-3.73867
-189.718;21.7726;0.65508;-0.065467;0.025488;-4.44553
-180.892;21.7726;0.656678;-0.0778699;0.023424;-5.16167
-172.067;21.7726;0.623208;-0.0885057;0.0222256;-5.8395
-163.242;21.7726;0.583805;-0.0968803;0.0204554;-6.49969
-154.416;21.7726;0.568894;-0.104175;0.0151489;-7.1491
-145.591;21.7726;0.573253;-0.11163;0.0106253;-7.78289
-136.765;21.7726;0.531857;-0.117234;0.0122375;-8.38401
-127.94;21.7726;0.481965;-0.120734;0.0120006;-8.96373
-119.114;21.7726;0.461129;-0.122062;0.0116191;-9.52382
-110.289;21.7726;0.453518;-0.126461;0.0128705;-10.0628
-101.463;21.7726;0.442305;-0.128931;0.0168412;-10.5769
-92.6379;21.7726;0.428162;-0.122921;0.0202064;-11.0599
-83.8124;21.7726;0.423428;-0.114944;0.0212342;-11.5238
-74.987;21.7726;0.429215;-0.115804;0.0226868;-11.9699
-66.1615;21.7726;0.416204;-0.114704;0.0280002;-12.3785
-57.3361;21.7726;0.407818;-0.110233;0.0348937;-12.7629
-48.5106;21.7726;0.441406;-0.103849;0.04253;-13.1417
-39.6852;21.7726;0.512216;-0.0945543;0.0526971;-13.5203
-30.8597;21.7726;0.568355;-0.0825884;0.0641919;-13.8431
-22.0342;21.7726;0.589243;-0.0692235;0.0746474;-14.1107
-13.2088;21.7726;0.666009;-0.0584018;0.0875602;-14.3635
-4.38334;21.7726;0.795519;-0.053986;0.106166;-14.6049
4.44212;21.7726;0.829546;-0.0414874;0.111879;-14.6963
13.2676;21.7726;0.767359;0.00320858;0.0911353;-14.7137
22.093;21.7726;0.807164;0.0782204;0.0516951;-14.774
30.9185;21.7726;1.09874;0.135105;0.0237319;-14.8805
39.7439;21.7726;1.28281;0.163965;0.0204295;-14.8806
48.5694;21.7726;1.19304;0.170989;0.0301371;-14.6878
57.3948;21.7726;1.00255;0.177;0.039179;-14.4018
66.2203;21.7726;0.909255;0.188297;0.0374922;-14.0701
75.0458;21.7726;0.846251;0.196746;0.0344913;-13.6701
83.8712;21.7726;0.723457;0.202713;0.034227;-13.2092
92.6967;21.7726;0.644532;0.204131;0.0361699;-12.7495
101.522;21.7726;0.622688;0.203541;0.0380345;-12.3027
110.348;21.7726;0.627989;0.200331;0.036527;-11.8325
119.173;21.7726;0.603482;0.198847;0.032078;-11.3044
127.998;21.7726;0.573498;0.196314;0.0314168;-10.7388
136.824;21.7726;0.551746;0.190537;0.0329726;-10.1587
145.649;21.7726;0.53112;0.183127;0.0332924;-9.56119
154.475;21.7726;0.510927;0.175518;0.0309891;-8.93978
163.3;21.7726;0.540462;0.165297;0.0297059;-8.31153
172.126;21.7726;0.559127;0.152121;0.0289565;-7.65776
180.951;21.7726;0.52821;0.1374;0.0307075;-6.94552
189.777;21.7726;0.48384;0.120479;0.0307514;-6.19829
198.602;21.7726;0.538102;0.10001;0.0287673;-5.4939
207.428;21.7726;0.609967;0.07694;0.0240248;-4.77268
216.253;21.7726;0.665222;0.0486704;0.0196853;-3.99634
225.078;21.7726;0.688117;0.0160111;0.0162852;-3.16159
233.904;21.7726;0.704914;-0.0144058;0.0151624;-2.29097
242.729;21.7726;0.343296;-0.0287377;0.0195661;-1.38784
-225.02;12.9472;0.726213;-0.0192873;0.0264183;-1.62695
-216.194;12.9472;0.725841;-0.0315276;0.026418;-2.40395
-207.369;12.9472;0.672497;-0.0446676;0.0259186;-3.12038
-198.543;12.9472;0.650417;-0.0578142;0.0258968;-3.83803
-189.718;12.9472;0.660725;-0.0684654;0.0250691;-4.55808
-180.892;12.9472;0.670722;-0.0837883;0.0235401;-5.28853
-172.067;12.9472;0.622312;-0.0950567;0.0227948;-5.95849
-163.242;12.9472;0.550836;-0.10297;0.0207414;-6.6044
-154.416;12.9472;0.522097;-0.109947;0.0141364;-7.25219
-145.591;12.9472;0.538477;-0.117783;0.00756089;-7.90404
-136.765;12.9472;0.52997;-0.121234;0.00579758;-8.52427
-127.94;12.9472;0.51404;-0.123426;0.00479944;-9.12154
-119.114;12.9472;0.494617;-0.124758;0.00429067;-9.69744
-110.289;12.9472;0.472794;-0.12938;0.00547547;-10.2451
-101.463;12.9472;0.447809;-0.131512;0.008771;-10.7622
-92.6379;12.9472;0.424152;-0.125318;0.0117547;-11.2397
-83.8124;12.9472;0.414244;-0.116439;0.0123119;-11.694
-74.987;12.9472;0.428188;-0.115361;0.0128401;-12.1486
-66.1615;12.9472;0.430688;-0.11284;0.0180551;-12.5747
-57.3361;12.9472;0.425056;-0.106768;0.0247757;-12.9685
-48.5106;12.9472;0.448174;-0.0996944;0.0329778;-13.3464
-39.6852;12.9472;0.520342;-0.0917449;0.0461034;-13.7323
-30.8597;12.9472;0.628775;-0.0836109;0.0597577;-14.0983
-22.0342;12.9472;0.750705;-0.0763451;0.0703034;-14.4438
-13.2088;12.9472;0.886777;-0.0693873;0.0806264;-14.7517
-4.38334;12.9472;0.918625;-0.054639;0.0939745;-14.9374
4.44212;12.9472;0.762969;-0.0310037;0.0924481;-14.8757
13.2676;12.9472;0.520514;0.0188691;0.0620457;-14.7654
22.093;12.9472;0.424265;0.0918616;0.0156726;-14.7756
30.9185;12.9472;0.58329;0.146336;-0.0164264;-14.8517
39.7439;12.9472;0.5825;0.175048;-0.024688;-14.7695
48.5694;12.9472;0.500855;0.181522;-0.0158494;-14.5289
57.3948;12.9472;0.505271;0.188839;0.000145718;-14.304
66.2203;12.9472;0.66021;0.199009;0.0124076;-14.1046
75.0458;12.9472;0.770601;0.20619;0.0213278;-13.8246
83.8712;12.9472;0.689739;0.212288;0.0259689;-13.3907
92.6967;12.9472;0.595222;0.210672;0.0267897;-12.8954
101.522;12.9472;0.532223;0.209375;0.0268066;-12.4047
110.348;12.9472;0.496348;0.208311;0.0264861;-11.9055
119.173;12.9472;0.456686;0.208334;0.0246487;-11.367
127.998;12.9472;0.446523;0.206066;0.0248845;-10.8114
136.824;12.9472;0.451835;0.200591;0.0266857;-10.2434
145.649;12.9472;0.454144;0.192744;0.0279185;-9.65442
154.475;12.9472;0.449011;0.184023;0.0280772;-9.04081
163.3;12.9472;0.475258;0.173713;0.0290425;-8.41331
172.126;12.9472;0.495312;0.160381;0.0297503;-7.75259
180.951;12.9472;0.469334;0.147103;0.0313466;-7.02675
189.777;12.9472;0.440424;0.133238;0.0307233;-6.27592
198.602;12.9472;0.512888;0.112801;0.0282897;-5.57693
207.428;12.9472;0.625062;0.0866176;0.0231369;-4.88001
216.253;12.9472;0.706425;0.056943;0.0180208;-4.12098
225.078;12.9472;0.739526;0.025523;0.0141449;-3.28587
233.904;12.9472;0.727439;-0.0049323;0.0133315;-2.38379
242.729;12.9472;0.615942;-0.0242124;0.0182916;-1.44152
-233.845;4.12171;0.64131;-0.0124904;0.0216683;-0.926806
-225.02;4.12171;0.720313;-0.0173249;0.0222104;-1.69067
-216.194;4.12171;0.701407;-0.0306047;0.0243475;-2.4479
-207.369;4.12171;0.590695;-0.048276;0.0273816;-3.16531
-198.543;4.12171;0.529861;-0.0628243;0.028145;-3.87538
-189.718;4.12171;0.54309;-0.0752324;0.0258703;-4.60472
-180.892;4.12171;0.603383;-0.0914164;0.0239451;-5.35527
-172.067;4.12171;0.567089;-0.104787;0.0226537;-6.04442
-163.242;4.12171;0.47528;-0.114243;0.0198061;-6.70515
-154.416;4.12171;0.447919;-0.118572;0.0121037;-7.36432
-145.591;4.12171;0.503964;-0.119386;0.00264248;-8.0116
-136.765;4.12171;0.511707;-0.121222;-0.00267855;-8.63666
-127.94;4.12171;0.496112;-0.123888;-0.0034171;-9.23529
-119.114;4.12171;0.485832;-0.12462;-0.00192426;-9.80417
-110.289;4.12171;0.472993;-0.128348;0.00243364;-10.3651
-101.463;4.12171;0.442604;-0.129212;0.00587895;-10.8864
-92.6379;4.12171;0.398254;-0.123023;0.0065777;-11.3558
-83.8124;4.12171;0.369416;-0.115904;0.0047091;-11.7968
-74.987;4.12171;0.38215;-0.115261;0.00541486;-12.2503
-66.1615;4.12171;0.400456;-0.11336;0.0113814;-12.692
-57.3361;4.12171;0.401448;-0.106055;0.0169442;-13.0986
-48.5106;4.12171;0.414153;-0.0964903;0.02323;-13.4748
-39.6852;4.12171;0.474938;-0.0868128;0.0353223;-13.8575
-30.8597;4.12171;0.594404;-0.0793951;0.0482581;-14.2379
-22.0342;4.12171;0.734883;-0.0728492;0.0587229;-14.6134
-13.2088;4.12171;0.807572;-0.0631391;0.0680976;-14.8958
-4.38334;4.12171;0.511373;-0.0406015;0.0793042;-14.9316
4.44212;4.12171;0.0737226;-0.00884192;0.0710912;-14.7259
13.2676;4.12171;-0.144765;0.0426867;0.035686;-14.6168
22.093;4.12171;0.0490373;0.0978923;-0.00679876;-14.7005
30.9185;4.12171;0.212286;0.147565;-0.0363357;-14.7714
39.7439;4.12171;0.1346;0.176563;-0.0485172;-14.6283
48.5694;4.12171;0.111664;0.187509;-0.0433437;-14.4034
57.3948;4.12171;0.251721;0.19861;-0.0280314;-14.2423
66.2203;4.12171;0.50095;0.20917;-0.0114435;-14.1076
75.0458;4.12171;0.655497;0.214862;0.00359491;-13.8811
83.8712;4.12171;0.576704;0.220633;0.0134677;-13.4458
92.6967;4.12171;0.444012;0.217473;0.0159344;-12.8975
101.522;4.12171;0.326647;0.216297;0.0163247;-12.3512
110.348;4.12171;0.260425;0.216777;0.0177212;-11.8325
119.173;4.12171;0.257004;0.215047;0.0202842;-11.3257
127.998;4.12171;0.311554;0.21101;0.0213972;-10.8211
136.824;4.12171;0.362784;0.205911;0.0211218;-10.2874
145.649;4.12171;0.394481;0.198757;0.0214289;-9.71757
154.475;4.12171;0.412147;0.190679;0.0236651;-9.11933
163.3;4.12171;0.444187;0.181797;0.0264122;-8.49896
172.126;4.12171;0.468355;0.16779;0.0282764;-7.83169
180.951;4.12171;0.451117;0.15331;0.0288831;-7.09716
189.777;4.12171;0.430231;0.139256;0.0275119;-6.33941
198.602;4.12171;0.47845;0.120226;0.0262;-5.61513
207.428;4.12171;0.600553;0.0937578;0.0230498;-4.91877
216.253;4.12171;0.686473;0.0650109;0.0187986;-4.1613
225.078;4.12171;0.707491;0.0347662;0.0144014;-3.31933
233.904;4.12171;0.668158;0.00319727;0.0144566;-2.39437
242.729;4.12171;0.609833;-0.0196966;0.019325;-1.44426
251.555;4.12171;0.671823;-0.0234255;0.0211778;-0.549846
-233.845;-4.70375;0.586829;-0.0129273;0.0209794;-0.940318
-225.02;-4.70375;0.660359;-0.0187148;0.0218488;-1.71269
-216.194;-4.70375;0.623554;-0.0327286;0.0256193;-2.45982
-207.369;-4.70375;0.49183;-0.0512072;0.0304542;-3.16805
-198.543;-4.70375;0.421979;-0.0682;0.0304708;-3.87594
-189.718;-4.70375;0.445935;-0.0803863;0.0259757;-4.61068
-180.892;-4.70375;0.554157;-0.0940201;0.0225008;-5.37598
-172.067;-4.70375;0.573258;-0.10459;0.0184419;-6.08924
-163.242;-4.70375;0.522681;-0.109178;0.0129774;-6.76273
-154.416;-4.70375;0.505238;-0.107571;0.00530244;-7.42944
-145.591;-4.70375;0.540459;-0.103845;-0.00217889;-8.07105
-136.765;-4.70375;0.518629;-0.10633;-0.00843173;-8.6929
-127.94;-4.70375;0.480418;-0.114482;-0.00904665;-9.29167
-119.114;-4.70375;0.475863;-0.118819;-0.00674442;-9.85937
-110.289;-4.70375;0.463953;-0.121583;-0.00255504;-10.4193
-101.463;-4.70375;0.426667;-0.120526;-0.000476515;-10.9396
-92.6379;-4.70375;0.373882;-0.11535;-0.00135358;-11.4116
-83.8124;-4.70375;0.333054;-0.110565;-0.00343058;-11.8521
-74.987;-4.70375;0.336883;-0.109545;-0.00034341;-12.3045
-66.1615;-4.70375;0.356957;-0.107676;0.00501036;-12.7453
-57.3361;-4.70375;0.363312;-0.101907;0.0087419;-13.1576
-48.5106;-4.70375;0.376029;-0.092743;0.0133887;-13.5384
-39.6852;-4.70375;0.420881;-0.0811131;0.0221974;-13.9091
-30.8597;-4.70375;0.502915;-0.0707573;0.0313817;-14.2545
-22.0342;-4.70375;0.582725;-0.0630066;0.0399713;-14.571
-13.2088;-4.70375;0.52164;-0.0518637;0.050877;-14.7654
-4.38334;-4.70375;0.045381;-0.026466;0.0627896;-14.6786
4.44212;-4.70375;-0.382368;0.00842245;0.0484595;-14.4968
13.2676;-4.70375;-0.370369;0.063257;0.0123641;-14.5644
22.093;-4.70375;0.0774708;0.110772;-0.0245676;-14.7649
30.9185;-4.70375;0.20822;0.153455;-0.0465595;-14.8192
39.7439;-4.70375;0.128764;0.176296;-0.0577534;-14.6214
48.5694;-4.70375;0.142907;0.189191;-0.0569196;-14.4209
57.3948;-4.70375;0.279458;0.201049;-0.0469858;-14.2645
66.2203;-4.70375;0.45502;0.211676;-0.032731;-14.1005
75.0458;-4.70375;0.543961;0.215798;-0.0169167;-13.8425
83.8712;-4.70375;0.434408;0.219655;-0.00295963;-13.3754
92.6967;-4.70375;0.260757;0.216732;0.00282821;-12.7831
101.522;-4.70375;0.116511;0.216438;0.00531324;-12.2125
110.348;-4.70375;0.0722964;0.218522;0.00797831;-11.7241
119.173;-4.70375;0.165077;0.219389;0.0131079;-11.3197
127.998;-4.70375;0.307964;0.21694;0.0152374;-10.9027
136.824;-4.70375;0.392569;0.211804;0.0136465;-10.3932
145.649;-4.70375;0.437831;0.205837;0.0128157;-9.82827
154.475;-4.70375;0.46951;0.199683;0.0153744;-9.23432
163.3;-4.70375;0.504238;0.192549;0.0183318;-8.613
172.126;-4.70375;0.525109;0.176384;0.0203361;-7.93091
180.951;-4.70375;0.498228;0.157495;0.0215779;-7.18046
189.777;-4.70375;0.458899;0.140701;0.0220189;-6.40684
198.602;-4.70375;0.467099;0.122608;0.0228874;-5.64694
207.428;-4.70375;0.568109;0.0969;0.0230582;-4.91507
216.253;-4.70375;0.647953;0.0693655;0.0211139;-4.1453
225.078;-4.70375;0.668646;0.0395211;0.017948;-3.29853
233.904;-4.70375;0.627412;0.00805482;0.0196928;-2.37248
242.729;-4.70375;0.563226;-0.0157416;0.0226382;-1.44659
251.555;-4.70375;0.623722;-0.0220837;0.0212619;-0.558728
-233.845;-13.5292;0.587594;-0.00901865;0.023569;-0.929574
-225.02;-13.5292;0.641943;-0.0157204;0.0261728;-1.71826
-216.194;-13.5292;0.607711;-0.0284111;0.0290314;-2.46533
-207.369;-13.5292;0.536124;-0.048263;0.0317437;-3.19146
-198.543;-13.5292;0.493033;-0.0693346;0.0316742;-3.92125
-189.718;-13.5292;0.510879;-0.0829331;0.0265151;-4.66143
-180.892;-13.5292;0.594181;-0.0915152;0.0207794;-5.41234
-172.067;-13.5292;0.596452;-0.0963872;0.0129663;-6.12089
-163.242;-13.5292;0.54583;-0.0955997;0.00418487;-6.78687
-154.416;-13.5292;0.525537;-0.0914475;-0.00355093;-7.4535
-145.591;-13.5292;0.541726;-0.0878715;-0.00826554;-8.09534
-136.765;-13.5292;0.505707;-0.0897552;-0.0125395;-8.71009
-127.94;-13.5292;0.46875;-0.100008;-0.0132619;-9.30335
-119.114;-13.5292;0.46394;-0.107758;-0.0128164;-9.87689
-110.289;-13.5292;0.441703;-0.110555;-0.0116042;-10.425
-101.463;-13.5292;0.397053;-0.109299;-0.011154;-10.9372
-92.6379;-13.5292;0.351009;-0.10585;-0.0118637;-11.4144
-83.8124;-13.5292;0.323218;-0.101989;-0.0121072;-11.8675
-74.987;-13.5292;0.316737;-0.0989175;-0.00833412;-12.3149
-66.1615;-13.5292;0.323542;-0.0940164;-0.00460327;-12.7396
-57.3361;-13.5292;0.31604;-0.0901762;-0.00133804;-13.1476
-48.5106;-13.5292;0.328747;-0.0842916;0.00460784;-13.5329
-39.6852;-13.5292;0.375191;-0.072391;0.0109113;-13.9037
-30.8597;-13.5292;0.435156;-0.0583552;0.0152201;-14.2155
-22.0342;-13.5292;0.456142;-0.0477283;0.0206065;-14.4598
-13.2088;-13.5292;0.312479;-0.0335014;0.0309597;-14.5908
-4.38334;-13.5292;-0.0890527;-0.00157501;0.0374885;-14.5489
4.44212;-13.5292;-0.239082;0.0380588;0.0190573;-14.5576
13.2676;-13.5292;-0.000141692;0.0861677;-0.0156109;-14.7505
22.093;-13.5292;0.373564;0.127432;-0.0441532;-14.9369
30.9185;-13.5292;0.366965;0.159137;-0.0541482;-14.8933
39.7439;-13.5292;0.294649;0.173183;-0.060803;-14.6548
48.5694;-13.5292;0.299878;0.18603;-0.0634766;-14.4658
57.3948;-13.5292;0.350282;0.197545;-0.0587772;-14.2713
66.2203;-13.5292;0.40159;0.207493;-0.0478164;-14.0351
75.0458;-13.5292;0.420153;0.211281;-0.033368;-13.7211
83.8712;-13.5292;0.301579;0.215396;-0.0179791;-13.2503
92.6967;-13.5292;0.126453;0.217139;-0.00913756;-12.6776
101.522;-13.5292;0.0290961;0.219619;-0.00439621;-12.1636
110.348;-13.5292;0.0883011;0.223831;-0.00147162;-11.7759
119.173;-13.5292;0.303357;0.22654;0.00353233;-11.4792
127.998;-13.5292;0.504357;0.224907;0.00596958;-11.1107
136.824;-13.5292;0.541989;0.21919;0.00527347;-10.5554
145.649;-13.5292;0.549204;0.212535;0.00431957;-9.94815
154.475;-13.5292;0.586949;0.207008;0.0061434;-9.34707
163.3;-13.5292;0.625654;0.198626;0.00907386;-8.71519
172.126;-13.5292;0.615866;0.179441;0.0136962;-8.00211
180.951;-13.5292;0.555324;0.157291;0.0174393;-7.22837
189.777;-13.5292;0.491494;0.139153;0.0194561;-6.44094
198.602;-13.5292;0.481858;0.121411;0.0204387;-5.66138
207.428;-13.5292;0.579637;0.0944689;0.0212252;-4.90321
216.253;-13.5292;0.672441;0.0659856;0.021567;-4.12633
225.078;-13.5292;0.707555;0.0359205;0.021495;-3.28732
233.904;-13.5292;0.693299;0.00679006;0.0237704;-2.38116
242.729;-13.5292;0.677379;-0.015843;0.0247256;-1.46118
-233.845;-22.3547;0.594305;-0.00294021;0.0256625;-0.901694
-225.02;-22.3547;0.650664;-0.00210107;0.0282741;-1.66584
-216.194;-22.3547;0.616242;-0.015247;0.0300925;-2.42364
-207.369;-22.3547;0.589395;-0.036816;0.031089;-3.17994
-198.543;-22.3547;0.599601;-0.0610846;0.0303561;-3.93806
-189.718;-22.3547;0.618345;-0.0756454;0.0268423;-4.68637
-180.892;-22.3547;0.648635;-0.0812255;0.0211272;-5.411
-172.067;-22.3547;0.58451;-0.0838873;0.0097029;-6.09795
-163.242;-22.3547;0.505659;-0.0824827;-0.00272535;-6.7467
-154.416;-22.3547;0.488878;-0.0801452;-0.0100346;-7.41398
-145.591;-22.3547;0.510574;-0.078221;-0.0136134;-8.06045
-136.765;-22.3547;0.49563;-0.0801791;-0.0166475;-8.68487
-127.94;-22.3547;0.47266;-0.0911507;-0.0173892;-9.29459
-119.114;-22.3547;0.460016;-0.0986204;-0.0183456;-9.87566
-110.289;-22.3547;0.416012;-0.100615;-0.0200616;-10.4076
-101.463;-22.3547;0.359792;-0.100162;-0.0213205;-10.9051
-92.6379;-22.3547;0.325532;-0.0982428;-0.0215907;-11.3828
-83.8124;-22.3547;0.32305;-0.0939501;-0.0209716;-11.8472
-74.987;-22.3547;0.319863;-0.089016;-0.0190632;-12.2877
-66.1615;-22.3547;0.307588;-0.0824192;-0.0180238;-12.6951
-57.3361;-22.3547;0.276098;-0.0802246;-0.0146965;-13.0896
-48.5106;-22.3547;0.282678;-0.0760035;-0.00641233;-13.4718
-39.6852;-22.3547;0.345994;-0.0634702;-0.00120722;-13.8433
-30.8597;-22.3547;0.426049;-0.0459316;-0.00118346;-14.1525
-22.0342;-22.3547;0.442885;-0.0299267;-0.00173615;-14.3838
-13.2088;-22.3547;0.334516;-0.0103428;0.00209096;-14.5087
-4.38334;-22.3547;0.135706;0.019598;0.00216884;-14.5461
4.44212;-22.3547;0.213395;0.0575895;-0.0195589;-14.6895
13.2676;-22.3547;0.429763;0.0935963;-0.0452893;-14.868
22.093;-22.3547;0.499363;0.12284;-0.0572853;-14.9331
30.9185;-22.3547;0.378285;0.148933;-0.0559203;-14.7762
39.7439;-22.3547;0.325632;0.164408;-0.061069;-14.5703
48.5694;-22.3547;0.342644;0.178532;-0.0654377;-14.4077
57.3948;-22.3547;0.351324;0.190662;-0.0633351;-14.1884
66.2203;-22.3547;0.339289;0.199578;-0.0547234;-13.9024
75.0458;-22.3547;0.335253;0.202444;-0.0426709;-13.5738
83.8712;-22.3547;0.2797;0.208055;-0.029826;-13.1667
92.6967;-22.3547;0.176577;0.214598;-0.021384;-12.6885
101.522;-22.3547;0.180236;0.218684;-0.0164932;-12.2753
110.348;-22.3547;0.346415;0.22296;-0.0142003;-11.9716
119.173;-22.3547;0.613049;0.225482;-0.0111406;-11.6985
127.998;-22.3547;0.728912;0.226428;-0.0069656;-11.2657
136.824;-22.3547;0.64122;0.220144;-0.00305442;-10.6142
145.649;-22.3547;0.587142;0.212114;-0.00115213;-9.9577
154.475;-22.3547;0.633909;0.204655;0.00154966;-9.35232
163.3;-22.3547;0.71162;0.192985;0.00556397;-8.73059
172.126;-22.3547;0.718391;0.173536;0.0109266;-8.02515
180.951;-22.3547;0.671426;0.151601;0.0151018;-7.263
189.777;-22.3547;0.628721;0.132193;0.0177147;-6.48523
198.602;-22.3547;0.640301;0.112328;0.0189846;-5.70659
207.428;-22.3547;0.724415;0.0848032;0.0200769;-4.92837
216.253;-22.3547;0.811812;0.0558023;0.0220062;-4.13382
225.078;-22.3547;0.853397;0.0249114;0.0249422;-3.28606
233.904;-22.3547;0.827459;-0.00377354;0.0267507;-2.38929
242.729;-22.3547;0.791608;-0.0209119;0.02632;-1.49226
-233.845;-31.1801;0.614076;0.00927273;0.0293942;-0.846936
-225.02;-31.1801;0.595656;-0.00016458;0.0301465;-1.59953
-216.194;-31.1801;0.562302;-0.00869763;0.0307385;-2.34826
-207.369;-31.1801;0.551527;-0.031081;0.0309213;-3.12582
-198.543;-31.1801;0.601751;-0.0527821;0.0293552;-3.89894
-189.718;-31.1801;0.630051;-0.0652224;0.0263238;-4.64025
-180.892;-31.1801;0.635522;-0.067856;0.0202842;-5.34614
-172.067;-31.1801;0.550803;-0.0693239;0.00659119;-6.02685
-163.242;-31.1801;0.471253;-0.0710783;-0.00682816;-6.68451
-154.416;-31.1801;0.462374;-0.073731;-0.0128729;-7.35945
-145.591;-31.1801;0.493008;-0.0751928;-0.016233;-8.0131
-136.765;-31.1801;0.500851;-0.079898;-0.0200962;-8.65336
-127.94;-31.1801;0.495423;-0.0909398;-0.0211957;-9.28628
-119.114;-31.1801;0.471417;-0.0950862;-0.0223289;-9.86131
-110.289;-31.1801;0.40767;-0.0956054;-0.025186;-10.3786
-101.463;-31.1801;0.337795;-0.0951777;-0.0276846;-10.8611
-92.6379;-31.1801;0.305451;-0.0930821;-0.0285125;-11.3316
-83.8124;-31.1801;0.318424;-0.0882074;-0.0299047;-11.79
-74.987;-31.1801;0.328877;-0.084005;-0.0312204;-12.2247
-66.1615;-31.1801;0.303383;-0.0807367;-0.0334343;-12.6281
-57.3361;-31.1801;0.263655;-0.0806583;-0.0307671;-13.0114
-48.5106;-31.1801;0.26949;-0.0740745;-0.0217394;-13.384
-39.6852;-31.1801;0.340344;-0.0572785;-0.0164356;-13.7475
-30.8597;-31.1801;0.431562;-0.0364222;-0.0170784;-14.0506
-22.0342;-31.1801;0.455733;-0.0174874;-0.0196034;-14.2737
-13.2088;-31.1801;0.418518;0.00451909;-0.0201302;-14.4067
-4.38334;-31.1801;0.349786;0.0318869;-0.0259117;-14.4965
4.44212;-31.1801;0.36403;0.0599397;-0.0429532;-14.6246
13.2676;-31.1801;0.427513;0.0861722;-0.0590405;-14.7294
22.093;-31.1801;0.438535;0.111197;-0.0655689;-14.7337
30.9185;-31.1801;0.342024;0.133925;-0.063934;-14.5938
39.7439;-31.1801;0.334711;0.14983;-0.0673748;-14.4354
48.5694;-31.1801;0.358249;0.166803;-0.0692505;-14.2814
57.3948;-31.1801;0.352648;0.182051;-0.066863;-14.0509
66.2203;-31.1801;0.332375;0.190951;-0.0603253;-13.7523
75.0458;-31.1801;0.339282;0.193417;-0.0512986;-13.437
83.8712;-31.1801;0.341387;0.201503;-0.0411583;-13.1073
92.6967;-31.1801;0.313877;0.211673;-0.0328177;-12.7174
101.522;-31.1801;0.381321;0.21689;-0.0282023;-12.3635
110.348;-31.1801;0.553308;0.22085;-0.0265651;-12.058
119.173;-31.1801;0.74457;0.223116;-0.0243794;-11.7166
127.998;-31.1801;0.765873;0.223302;-0.0186522;-11.2018
136.824;-31.1801;0.616526;0.216582;-0.0110373;-10.5023
145.649;-31.1801;0.552903;0.20685;-0.00655679;-9.82769
154.475;-31.1801;0.617078;0.199276;-0.002911;-9.22465
163.3;-31.1801;0.721476;0.190042;0.0014416;-8.62281
172.126;-31.1801;0.768816;0.173319;0.00650215;-7.95966
180.951;-31.1801;0.762551;0.150909;0.00979041;-7.22844
189.777;-31.1801;0.75484;0.126702;0.0120423;-6.46015
198.602;-31.1801;0.779572;0.101798;0.0148226;-5.67427
207.428;-31.1801;0.826531;0.0754278;0.0173703;-4.87556
216.253;-31.1801;0.89464;0.0488249;0.0203161;-4.07206
225.078;-31.1801;0.947507;0.0155094;0.0239036;-3.21682
233.904;-31.1801;0.928101;-0.0169848;0.0257865;-2.29538
242.729;-31.1801;0.878017;-0.0305462;0.0258052;-1.42
-225.02;-40.0056;0.53267;0.00735543;0.0298138;-1.48544
-216.194;-40.0056;0.463096;-0.0075935;0.0287881;-2.2392
-207.369;-40.0056;0.496152;-0.0242394;0.0293116;-3.01794
-198.543;-40.0056;0.553596;-0.0427759;0.0287083;-3.80438
-189.718;-40.0056;0.559877;-0.0539745;0.0243261;-4.53824
-180.892;-40.0056;0.550657;-0.0543707;0.0152993;-5.23684
-172.067;-40.0056;0.517587;-0.0526844;-0.000271666;-5.91796
-163.242;-40.0056;0.483863;-0.0572034;-0.0119031;-6.59904
-154.416;-40.0056;0.475939;-0.0658695;-0.0156594;-7.27704
-145.591;-40.0056;0.489866;-0.0737182;-0.0187727;-7.93208
-136.765;-40.0056;0.497651;-0.0831095;-0.0244183;-8.57677
-127.94;-40.0056;0.512233;-0.0926114;-0.0256098;-9.21973
-119.114;-40.0056;0.491157;-0.0938002;-0.0266828;-9.79621
-110.289;-40.0056;0.427869;-0.0940138;-0.029552;-10.3133
-101.463;-40.0056;0.352606;-0.0925843;-0.0325231;-10.784
-92.6379;-40.0056;0.311713;-0.0884336;-0.0346842;-11.2411
-83.8124;-40.0056;0.320076;-0.0832911;-0.0388412;-11.6885
-74.987;-40.0056;0.32875;-0.0815964;-0.0429681;-12.1184
-66.1615;-40.0056;0.301596;-0.0808696;-0.046469;-12.5111
-57.3361;-40.0056;0.277118;-0.0803038;-0.0453086;-12.8922
-48.5106;-40.0056;0.317354;-0.0650665;-0.0374356;-13.3452
-39.6852;-40.0056;0.375704;-0.045055;-0.0312527;-13.6777
-30.8597;-40.0056;0.396887;-0.0301591;-0.0300962;-13.8569
-22.0342;-40.0056;0.374204;-0.0090921;-0.0310716;-14.0922
-13.2088;-40.0056;0.37098;0.0117266;-0.0322018;-14.241
-4.38334;-40.0056;0.359939;0.0357634;-0.0388473;-14.3606
4.44212;-40.0056;0.358153;0.0600864;-0.0516613;-14.4459
13.2676;-40.0056;0.360885;0.0828195;-0.0634809;-14.4864
22.093;-40.0056;0.351181;0.103638;-0.0699515;-14.4622
30.9185;-40.0056;0.316683;0.123256;-0.0733192;-14.3607
39.7439;-40.0056;0.306453;0.140933;-0.0764056;-14.2186
48.5694;-40.0056;0.307136;0.160367;-0.0740023;-14.0571
57.3948;-40.0056;0.299846;0.177755;-0.0688487;-13.8326
66.2203;-40.0056;0.298297;0.187149;-0.0635598;-13.5545
75.0458;-40.0056;0.320123;0.189181;-0.0583227;-13.2588
83.8712;-40.0056;0.340604;0.196859;-0.0503051;-12.9542
92.6967;-40.0056;0.347603;0.205991;-0.0404884;-12.5949
101.522;-40.0056;0.404648;0.21191;-0.0351547;-12.2326
110.348;-40.0056;0.504101;0.215542;-0.0336403;-11.8639
119.173;-40.0056;0.590771;0.216268;-0.0317657;-11.4371
127.998;-40.0056;0.572855;0.214364;-0.0259214;-10.8852
136.824;-40.0056;0.483158;0.208371;-0.0180921;-10.2336
145.649;-40.0056;0.470106;0.199024;-0.0128463;-9.58569
154.475;-40.0056;0.542991;0.192547;-0.00839517;-8.97858
163.3;-40.0056;0.639676;0.185244;-0.00397311;-8.37426
172.126;-40.0056;0.70854;0.169865;-0.000554391;-7.74358
180.951;-40.0056;0.734728;0.148208;0.00162227;-7.04471
189.777;-40.0056;0.749512;0.123363;0.00395379;-6.2924
198.602;-40.0056;0.767098;0.0978838;0.00760837;-5.50316
207.428;-40.0056;0.77246;0.0742241;0.0102971;-4.69123
216.253;-40.0056;0.816959;0.050516;0.0124909;-3.88673
225.078;-40.0056;0.878216;0.0179757;0.0153311;-3.04397
233.904;-40.0056;0.918452;-0.0151438;0.0179186;-2.14796
242.729;-40.0056;0.931893;-0.0280619;0.021273;-1.27244
-225.02;-48.831;0.515857;0.0160011;0.0275053;-1.3654
-216.194;-48.831;0.424254;-0.00482482;0.024986;-2.1272
-207.369;-48.831;0.498711;-0.0148677;0.0273049;-2.89898
-198.543;-48.831;0.547367;-0.0293645;0.0279106;-3.68517
-189.718;-48.831;0.504605;-0.0401489;0.020335;-4.41258
-180.892;-48.831;0.473506;-0.0398792;0.00679195;-5.10699
-172.067;-48.831;0.501996;-0.0356814;-0.00967176;-5.78608
-163.242;-48.831;0.515844;-0.0412408;-0.0183247;-6.48155
-154.416;-48.831;0.489773;-0.0547653;-0.0199922;-7.1498
-145.591;-48.831;0.454701;-0.0703311;-0.0226707;-7.79851
-136.765;-48.831;0.445926;-0.0823152;-0.0291005;-8.43454
-127.94;-48.831;0.478667;-0.0875576;-0.0306389;-9.0767
-119.114;-48.831;0.494499;-0.0869028;-0.0322284;-9.65572
-110.289;-48.831;0.448697;-0.0882758;-0.0353785;-10.1844
-101.463;-48.831;0.388004;-0.0879025;-0.0378466;-10.6628
-92.6379;-48.831;0.354476;-0.0839901;-0.0399372;-11.1186
-83.8124;-48.831;0.352069;-0.0792169;-0.0449081;-11.5572
-74.987;-48.831;0.346714;-0.0778201;-0.0493067;-11.9794
-66.1615;-48.831;0.319148;-0.0735465;-0.0517282;-12.3523
-57.3361;-48.831;0.295741;-0.0690347;-0.0513764;-12.7087
-48.5106;-48.831;0.334845;-0.0517329;-0.0500076;-13.1508
-30.8597;-48.831;0.30573;-0.0236841;-0.0424285;-13.6109
-22.0342;-48.831;0.266388;-0.0033277;-0.0410538;-13.841
-13.2088;-48.831;0.289453;0.0161227;-0.0406277;-13.9994
-4.38334;-48.831;0.317518;0.0362471;-0.0456377;-14.1295
4.44212;-48.831;0.317354;0.0584527;-0.0551818;-14.2029
13.2676;-48.831;0.295406;0.0796709;-0.0643543;-14.2127
22.093;-48.831;0.270047;0.0980528;-0.0704407;-14.1638
30.9185;-48.831;0.253287;0.115789;-0.0761009;-14.0718
39.7439;-48.831;0.229512;0.133373;-0.0796164;-13.925
48.5694;-48.831;0.210156;0.152852;-0.0765557;-13.749
57.3948;-48.831;0.209125;0.170496;-0.0714459;-13.5352
66.2203;-48.831;0.217038;0.181359;-0.0676998;-13.2766
75.0458;-48.831;0.219822;0.18426;-0.0644805;-12.9717
83.8712;-48.831;0.205306;0.191664;-0.0582445;-12.6443
92.6967;-48.831;0.212207;0.197108;-0.0484052;-12.2781
101.522;-48.831;0.228369;0.200764;-0.0417718;-11.8734
110.348;-48.831;0.251333;0.202747;-0.0388568;-11.4351
119.173;-48.831;0.27681;0.202582;-0.0363212;-10.9602
127.998;-48.831;0.294588;0.200492;-0.0305234;-10.439
136.824;-48.831;0.331697;0.196851;-0.024139;-9.89385
145.649;-48.831;0.38887;0.190234;-0.0184638;-9.30077
154.475;-48.831;0.455767;0.184725;-0.0121125;-8.68813
163.3;-48.831;0.516834;0.17663;-0.00637136;-8.06207
172.126;-48.831;0.564363;0.161136;-0.00403398;-7.42792
180.951;-48.831;0.584572;0.14267;-0.00286078;-6.73855
189.777;-48.831;0.593898;0.123482;-0.00124964;-6.00059
198.602;-48.831;0.60205;0.100446;0.00188646;-5.21661
207.428;-48.831;0.60957;0.0743777;0.00370711;-4.40967
216.253;-48.831;0.655738;0.0499334;0.00546448;-3.60915
225.078;-48.831;0.718018;0.0202224;0.00653769;-2.78664
233.904;-48.831;0.773504;-0.0127788;0.00763611;-1.91528
242.729;-48.831;0.791984;-0.0298746;0.0133915;-1.04569
-225.02;-57.6565;0.587531;0.0262442;0.025433;-1.26861
-216.194;-57.6565;0.49407;0.00461568;0.0231504;-2.01618
-207.369;-57.6565;0.546607;-0.00592127;0.0284964;-2.77851
-198.543;-57.6565;0.587229;-0.0144031;0.028239;-3.54929
-189.718;-57.6565;0.526642;-0.0228236;0.0151177;-4.28026
-180.892;-57.6565;0.496452;-0.0237452;8.98901e-05;-4.97459
-172.067;-57.6565;0.513218;-0.0237264;-0.0130388;-5.64973
-163.242;-57.6565;0.51169;-0.0315699;-0.0191736;-6.3333
-154.416;-57.6565;0.466042;-0.0459719;-0.0215234;-6.9802
-145.591;-57.6565;0.403086;-0.0622326;-0.0249094;-7.61071
-136.765;-57.6565;0.375567;-0.0715262;-0.0307559;-8.22871
-127.94;-57.6565;0.432479;-0.0749034;-0.0332638;-8.86433
-119.114;-57.6565;0.46182;-0.0761455;-0.0366001;-9.44712
-110.289;-57.6565;0.424836;-0.0799083;-0.0406352;-9.98552
-101.463;-57.6565;0.381769;-0.0810698;-0.0432565;-10.4723
-92.6379;-57.6565;0.353058;-0.0804226;-0.044629;-10.9324
-83.8124;-57.6565;0.333775;-0.0790699;-0.0474241;-11.3706
-74.987;-57.6565;0.319523;-0.0749347;-0.0503334;-11.7828
-66.1615;-57.6565;0.308185;-0.0665298;-0.0528422;-12.1408
-57.3361;-57.6565;0.290254;-0.058895;-0.0544308;-12.4646
-30.8597;-57.6565;0.265825;-0.0243986;-0.0566467;-13.3027
-22.0342;-57.6565;0.220834;-0.00346723;-0.0545575;-13.5433
-13.2088;-57.6565;0.222781;0.018251;-0.0540656;-13.6988
-4.38334;-57.6565;0.247654;0.036918;-0.0570479;-13.8275
4.44212;-57.6565;0.252111;0.0552322;-0.0627976;-13.9029
13.2676;-57.6565;0.225845;0.0740008;-0.068511;-13.9083
22.093;-57.6565;0.191469;0.0917524;-0.0720835;-13.8491
30.9185;-57.6565;0.17395;0.108857;-0.0764145;-13.7493
39.7439;-57.6565;0.15345;0.126081;-0.0805637;-13.6015
48.5694;-57.6565;0.138388;0.143868;-0.080024;-13.4247
57.3948;-57.6565;0.144304;0.159649;-0.0777945;-13.2167
66.2203;-57.6565;0.138564;0.170806;-0.0756971;-12.9529
75.0458;-57.6565;0.0958834;0.174514;-0.0725808;-12.6104
83.8712;-57.6565;0.0292276;0.184721;-0.0665866;-12.2581
92.6967;-57.6565;0.0249584;0.189632;-0.0588251;-11.8951
101.522;-57.6565;0.0238432;0.191481;-0.0524571;-11.4775
110.348;-57.6565;0.0304239;0.192087;-0.0485673;-11.0187
119.173;-57.6565;0.0712627;0.192561;-0.0452499;-10.5509
127.998;-57.6565;0.181439;0.189897;-0.0387356;-10.0972
136.824;-57.6565;0.302636;0.186435;-0.0308884;-9.62122
145.649;-57.6565;0.393196;0.180706;-0.0222749;-9.07298
154.475;-57.6565;0.45626;0.173381;-0.0137609;-8.47562
163.3;-57.6565;0.506113;0.161717;-0.00670846;-7.84877
172.126;-57.6565;0.561556;0.144874;-0.00367967;-7.21096
180.951;-57.6565;0.595027;0.12893;-0.00229525;-6.52404
189.777;-57.6565;0.614899;0.114161;-0.000961869;-5.79789
198.602;-57.6565;0.634278;0.092409;0.00336805;-5.02617
207.428;-57.6565;0.667311;0.0639775;0.00617778;-4.23197
216.253;-57.6565;0.723814;0.0361952;0.00751461;-3.43172
225.078;-57.6565;0.755971;0.00750708;0.00764217;-2.60098
233.904;-57.6565;0.771143;-0.0175282;0.00758944;-1.72498
242.729;-57.6565;0.782254;-0.0406096;0.0136045;-0.836109
-216.194;-66.4819;0.57222;0.0155797;0.028359;-1.87373
-207.369;-66.4819;0.575619;0.0035453;0.0323558;-2.61953
-198.543;-66.4819;0.58704;-0.000592394;0.0267672;-3.36225
-189.718;-66.4819;0.554669;0.00151898;0.00987061;-4.06807
-180.892;-66.4819;0.515707;-0.00355544;-0.000856856;-4.76592
-172.067;-66.4819;0.500194;-0.0115117;-0.00967673;-5.44877
-163.242;-66.4819;0.491612;-0.0237031;-0.0153633;-6.13478
-154.416;-66.4819;0.460068;-0.0373238;-0.0203701;-6.78389
-145.591;-66.4819;0.403016;-0.0498395;-0.0263547;-7.40501
-136.765;-66.4819;0.353459;-0.0576723;-0.0331358;-8.00439
-127.94;-66.4819;0.348489;-0.0652419;-0.0385942;-8.62294
-119.114;-66.4819;0.353017;-0.0707734;-0.0432067;-9.20123
-110.289;-66.4819;0.331421;-0.0729994;-0.0463591;-9.73052
-101.463;-66.4819;0.308996;-0.0734311;-0.0497609;-10.2157
-92.6379;-66.4819;0.283221;-0.0755745;-0.0526015;-10.6776
-83.8124;-66.4819;0.253346;-0.0776307;-0.0554626;-11.1188
-74.987;-66.4819;0.236845;-0.0731973;-0.0579551;-11.5285
-66.1615;-66.4819;0.247248;-0.0620791;-0.0612356;-11.8886
-57.3361;-66.4819;0.245448;-0.0512946;-0.0652347;-12.196
-30.8597;-66.4819;0.265364;-0.0252443;-0.0753252;-13.0152
-22.0342;-66.4819;0.240611;-0.0065614;-0.0763877;-13.2486
-13.2088;-66.4819;0.203674;0.0183253;-0.0769272;-13.3835
-4.38334;-66.4819;0.19594;0.0373392;-0.0787919;-13.4967
4.44212;-66.4819;0.206474;0.0510931;-0.0806725;-13.576
13.2676;-66.4819;0.19305;0.0663758;-0.0819906;-13.5887
22.093;-66.4819;0.164562;0.0837029;-0.080998;-13.5344
30.9185;-66.4819;0.153206;0.101397;-0.0808743;-13.4378
39.7439;-66.4819;0.156183;0.118726;-0.0828479;-13.3054
48.5694;-66.4819;0.168478;0.133958;-0.0838286;-13.146
57.3948;-66.4819;0.18255;0.147141;-0.0854619;-12.9472
66.2203;-66.4819;0.166936;0.15853;-0.0859098;-12.6849
75.0458;-66.4819;0.113126;0.166374;-0.0813553;-12.3502
83.8712;-66.4819;0.0559162;0.178439;-0.0737487;-12.011
92.6967;-66.4819;0.0590242;0.185314;-0.0674678;-11.6747
101.522;-66.4819;0.086507;0.187286;-0.0622492;-11.2892
110.348;-66.4819;0.142358;0.184987;-0.058094;-10.851
119.173;-66.4819;0.242274;0.180885;-0.0543117;-10.3968
127.998;-66.4819;0.401243;0.176667;-0.0474961;-9.97328
136.824;-66.4819;0.58358;0.171534;-0.0401778;-9.54482
145.649;-66.4819;0.672661;0.165553;-0.0295228;-9.01555
154.475;-66.4819;0.694372;0.157218;-0.0189628;-8.40296
163.3;-66.4819;0.696603;0.145229;-0.00995123;-7.74297
172.126;-66.4819;0.724576;0.129282;-0.0041641;-7.07151
180.951;-66.4819;0.735994;0.114003;2.3162e-05;-6.36057
189.777;-66.4819;0.737141;0.0986005;0.00240809;-5.61707
198.602;-66.4819;0.742636;0.0775209;0.00720558;-4.83923
207.428;-66.4819;0.768098;0.0511073;0.0101272;-4.04281
216.253;-66.4819;0.804414;0.022998;0.0109873;-3.22912
225.078;-66.4819;0.786447;-0.00343633;0.00966735;-2.38215
233.904;-66.4819;0.76789;-0.0232869;0.00858765;-1.50394
-216.194;-75.3074;0.605649;0.0298091;0.0360437;-1.68428
-207.369;-75.3074;0.553423;0.015262;0.0367278;-2.40867
-198.543;-75.3074;0.497033;0.0118373;0.0226999;-3.12669
-189.718;-75.3074;0.415672;0.0112231;0.00505562;-3.82648
-180.892;-75.3074;0.383445;0.00187339;-0.0042963;-4.52384
-172.067;-75.3074;0.388087;-0.0106513;-0.0113369;-5.2096
-163.242;-75.3074;0.40354;-0.0234561;-0.0170497;-5.895
-154.416;-75.3074;0.407959;-0.0339002;-0.0223219;-6.54773
-145.591;-75.3074;0.385525;-0.0418994;-0.0284471;-7.16371
-136.765;-75.3074;0.339465;-0.048482;-0.035863;-7.74387
-127.94;-75.3074;0.298249;-0.0593972;-0.0444319;-8.34124
-119.114;-75.3074;0.272596;-0.0684223;-0.0509188;-8.91398
-110.289;-75.3074;0.254781;-0.068732;-0.0535552;-9.43698
-101.463;-75.3074;0.245834;-0.0660374;-0.0587079;-9.9182
-92.6379;-75.3074;0.225623;-0.0679242;-0.0643742;-10.3765
-83.8124;-75.3074;0.196541;-0.0716523;-0.0691578;-10.8209
-74.987;-75.3074;0.18578;-0.0680673;-0.0724619;-11.2334
-66.1615;-75.3074;0.208471;-0.0555502;-0.0761407;-11.6026
-57.3361;-75.3074;0.215963;-0.0425931;-0.0817063;-11.9104
-48.5106;-75.3074;0.209383;-0.000993951;-0.10183;-12.6763
-39.6852;-75.3074;0.236846;0.0089765;-0.106427;-12.9577
-30.8597;-75.3074;0.282622;-0.0220248;-0.0952774;-12.7352
-22.0342;-75.3074;0.297428;-0.00790884;-0.098927;-12.9524
-13.2088;-75.3074;0.252745;0.0180178;-0.10146;-13.0842
-4.38334;-75.3074;0.223328;0.0380077;-0.10067;-13.185
4.44212;-75.3074;0.240142;0.0494093;-0.0983482;-13.2681
13.2676;-75.3074;0.25426;0.0625938;-0.0973182;-13.2958
22.093;-75.3074;0.252437;0.0783365;-0.0948622;-13.2569
30.9185;-75.3074;0.255173;0.0949154;-0.089839;-13.1769
39.7439;-75.3074;0.288289;0.110005;-0.0854924;-13.0678
48.5694;-75.3074;0.328097;0.123303;-0.0848784;-12.9315
57.3948;-75.3074;0.367727;0.133652;-0.0914432;-12.7671
66.2203;-75.3074;0.419531;0.142216;-0.0968522;-12.5603
75.0458;-75.3074;0.467786;0.151217;-0.0913764;-12.304
83.8712;-75.3074;0.479251;0.163842;-0.0823908;-12.0075
92.6967;-75.3074;0.431047;0.176088;-0.0781022;-11.6565
101.522;-75.3074;0.495407;0.177717;-0.0744258;-11.2951
110.348;-75.3074;0.613508;0.173966;-0.0691979;-10.9051
119.173;-75.3074;0.720651;0.168265;-0.0630824;-10.4606
127.998;-75.3074;0.790333;0.164457;-0.0553007;-9.97067
136.824;-75.3074;0.928388;0.159267;-0.0472719;-9.51006
145.649;-75.3074;0.97511;0.151706;-0.0355961;-8.94659
154.475;-75.3074;0.959686;0.14101;-0.0231456;-8.29985
163.3;-75.3074;0.928104;0.127843;-0.0117708;-7.60514
172.126;-75.3074;0.922018;0.112599;-0.00308579;-6.89279
180.951;-75.3074;0.896167;0.0979945;0.00410556;-6.14918
189.777;-75.3074;0.860502;0.0810202;0.00809844;-5.37695
198.602;-75.3074;0.835382;0.0614969;0.0115857;-4.58797
207.428;-75.3074;0.836327;0.0383164;0.0136417;-3.78602
216.253;-75.3074;0.840103;0.0112509;0.015304;-2.95625
225.078;-75.3074;0.789707;-0.0134246;0.0142194;-2.10118
233.904;-75.3074;0.77606;-0.0261378;0.0113446;-1.26169
-216.194;-84.1328;0.649413;0.0447717;0.0394118;-1.43819
-207.369;-84.1328;0.510359;0.030801;0.0367894;-2.147
-198.543;-84.1328;0.415787;0.021158;0.0188917;-2.86108
-189.718;-84.1328;0.336162;0.0143585;0.00245224;-3.56122
-180.892;-84.1328;0.309282;0.0015744;-0.00724289;-4.26007
-172.067;-84.1328;0.326409;-0.0123956;-0.0140499;-4.94703
-163.242;-84.1328;0.339865;-0.0253918;-0.0206292;-5.62673
-154.416;-84.1328;0.342576;-0.0346443;-0.0267885;-6.27571
-145.591;-84.1328;0.338716;-0.0396621;-0.0327;-6.88535
-136.765;-84.1328;0.324702;-0.0434578;-0.0391491;-7.45901
-127.94;-84.1328;0.296056;-0.053043;-0.0489687;-8.04288
-119.114;-84.1328;0.26949;-0.0632333;-0.0578037;-8.61382
-110.289;-84.1328;0.26492;-0.0653908;-0.0626826;-9.14355
-101.463;-84.1328;0.262516;-0.0617117;-0.0704055;-9.63103
-92.6379;-84.1328;0.246482;-0.0606305;-0.07827;-10.0821
-83.8124;-84.1328;0.225029;-0.0619938;-0.0845063;-10.5184
-74.987;-84.1328;0.222802;-0.058272;-0.0886761;-10.9284
-66.1615;-84.1328;0.248267;-0.0460082;-0.091496;-11.2994
-57.3361;-84.1328;0.256403;-0.0320877;-0.0959012;-11.6225
-48.5106;-84.1328;0.232072;-0.0210617;-0.100052;-11.9069
-39.6852;-84.1328;0.255042;-0.0165232;-0.104395;-12.1768
-30.8597;-84.1328;0.31575;-0.0124932;-0.10875;-12.428
-22.0342;-84.1328;0.361282;-0.00163299;-0.112632;-12.6303
-13.2088;-84.1328;0.361653;0.0193342;-0.114277;-12.7765
-4.38334;-84.1328;0.35859;0.0389649;-0.110109;-12.8794
4.44212;-84.1328;0.357986;0.0511298;-0.105685;-12.9549
13.2676;-84.1328;0.362407;0.0635609;-0.104877;-12.9803
22.093;-84.1328;0.362752;0.0759894;-0.103298;-12.9546
30.9185;-84.1328;0.367239;0.0879612;-0.0989889;-12.8957
39.7439;-84.1328;0.412763;0.101582;-0.0920572;-12.8135
48.5694;-84.1328;0.511299;0.115638;-0.0913406;-12.7136
57.3948;-84.1328;0.559998;0.132014;-0.103404;-12.5745
66.2203;-84.1328;0.633201;0.144006;-0.113252;-12.4071
75.0458;-84.1328;0.73443;0.152386;-0.108281;-12.2006
83.8712;-84.1328;0.797352;0.161122;-0.100395;-11.9224
92.6967;-84.1328;0.745083;0.170391;-0.0993419;-11.5472
101.522;-84.1328;0.805312;0.169984;-0.095526;-11.1781
110.348;-84.1328;0.920405;0.166911;-0.0848316;-10.8061
119.173;-84.1328;1.0245;0.159246;-0.0711109;-10.3702
127.998;-84.1328;1.07999;0.153978;-0.0577729;-9.86946
136.824;-84.1328;1.16521;0.147276;-0.0476578;-9.35528
145.649;-84.1328;1.15346;0.13754;-0.0360188;-8.73552
154.475;-84.1328;1.09883;0.123374;-0.0221704;-8.0417
163.3;-84.1328;1.05129;0.107349;-0.00814418;-7.31793
172.126;-84.1328;1.04159;0.0915961;0.00249229;-6.59311
180.951;-84.1328;0.997286;0.0789681;0.0108807;-5.83931
189.777;-84.1328;0.931793;0.0638389;0.0152312;-5.05505
198.602;-84.1328;0.875517;0.0463746;0.0176675;-4.25657
207.428;-84.1328;0.850479;0.0245403;0.0194533;-3.44642
216.253;-84.1328;0.832491;-0.000962587;0.0223798;-2.61214
225.078;-84.1328;0.81011;-0.0189378;0.0198204;-1.78345
233.904;-84.1328;0.830316;-0.0299107;0.014999;-1.00338
-216.194;-92.9583;0.702174;0.0578288;0.0456695;-1.14588
-207.369;-92.9583;0.483982;0.0386315;0.0363662;-1.88602
-198.543;-92.9583;0.394513;0.026545;0.0194538;-2.59823
-189.718;-92.9583;0.370331;0.0161565;0.00400641;-3.30027
-180.892;-92.9583;0.352061;0.00218962;-0.00690728;-3.99911
-172.067;-92.9583;0.35877;-0.01179;-0.0136467;-4.6776
-163.242;-92.9583;0.340203;-0.0258928;-0.0217897;-5.34032
-154.416;-92.9583;0.313496;-0.0362334;-0.0300383;-5.97774
-145.591;-92.9583;0.307308;-0.0407599;-0.0363441;-6.58473
-136.765;-92.9583;0.319233;-0.0421996;-0.0413356;-7.1632
-127.94;-92.9583;0.313287;-0.0472648;-0.0505697;-7.72966
-119.114;-92.9583;0.298146;-0.0555748;-0.0610867;-8.28904
-110.289;-92.9583;0.319436;-0.0616944;-0.0688543;-8.82869
-101.463;-92.9583;0.321344;-0.0609569;-0.0764425;-9.3226
-92.6379;-92.9583;0.313812;-0.0569547;-0.0846573;-9.77249
-83.8124;-92.9583;0.307421;-0.053042;-0.0930397;-10.1994
-74.987;-92.9583;0.310184;-0.0486715;-0.0995461;-10.6064
-66.1615;-92.9583;0.332291;-0.040342;-0.100082;-10.9806
-57.3361;-92.9583;0.349804;-0.0287468;-0.0999676;-11.3063
-48.5106;-92.9583;0.330027;-0.0169023;-0.102444;-11.5825
-39.6852;-92.9583;0.330358;-0.0100111;-0.106379;-11.8329
-30.8597;-92.9583;0.35948;-0.00439822;-0.110324;-12.0638
-22.0342;-92.9583;0.395313;0.00622962;-0.113379;-12.2634
-13.2088;-92.9583;0.414212;0.0239799;-0.11429;-12.4192
-4.38334;-92.9583;0.409867;0.0386619;-0.109672;-12.5353
4.44212;-92.9583;0.402055;0.0519625;-0.105781;-12.5956
13.2676;-92.9583;0.395077;0.0642116;-0.106274;-12.6102
22.093;-92.9583;0.380871;0.0745226;-0.109106;-12.5867
30.9185;-92.9583;0.363855;0.0846361;-0.113596;-12.5243
39.7439;-92.9583;0.376496;0.101726;-0.116592;-12.4352
48.5694;-92.9583;0.487471;0.122239;-0.122511;-12.3343
57.3948;-92.9583;0.551066;0.142119;-0.13387;-12.2002
66.2203;-92.9583;0.630783;0.151704;-0.137308;-12.0325
75.0458;-92.9583;0.724261;0.157023;-0.128668;-11.8341
83.8712;-92.9583;0.780072;0.158657;-0.120186;-11.543
92.6967;-92.9583;0.761836;0.162578;-0.119082;-11.1664
101.522;-92.9583;0.837905;0.160609;-0.112842;-10.8067
110.348;-92.9583;0.952159;0.157157;-0.0954441;-10.4437
119.173;-92.9583;1.06438;0.147808;-0.0746811;-10.0183
127.998;-92.9583;1.14623;0.140316;-0.0570613;-9.53211
136.824;-92.9583;1.18559;0.133399;-0.0446202;-8.97411
145.649;-92.9583;1.10536;0.123518;-0.0337097;-8.30207
154.475;-92.9583;1.02746;0.107571;-0.0208006;-7.58528
163.3;-92.9583;1.0006;0.0902786;-0.00558368;-6.87292
172.126;-92.9583;1.02673;0.0732391;0.00743698;-6.17533
180.951;-92.9583;0.997073;0.0613761;0.016372;-5.43762
189.777;-92.9583;0.930117;0.0479906;0.0208928;-4.6615
198.602;-92.9583;0.864997;0.0306624;0.0241259;-3.86083
207.428;-92.9583;0.829442;0.00998091;0.0266356;-3.05104
216.253;-92.9583;0.814769;-0.0121418;0.0293399;-2.23811
225.078;-92.9583;0.849997;-0.027056;0.0260839;-1.4649
-207.369;-101.784;0.457489;0.0504424;0.0385894;-1.55631
-198.543;-101.784;0.388544;0.035011;0.0230773;-2.29173
-189.718;-101.784;0.455483;0.0209457;0.00814707;-3.03032
-180.892;-101.784;0.46562;0.00721365;-0.00249985;-3.73343
-172.067;-101.784;0.429998;-0.0083135;-0.00998087;-4.39642
-163.242;-101.784;0.383062;-0.0237638;-0.0189754;-5.03629
-154.416;-101.784;0.344039;-0.0354932;-0.0287471;-5.66035
-145.591;-101.784;0.332016;-0.0415755;-0.0364667;-6.27059
-136.765;-101.784;0.337374;-0.0434683;-0.0420644;-6.85656
-127.94;-101.784;0.32139;-0.0455332;-0.0508422;-7.40722
-119.114;-101.784;0.283981;-0.050447;-0.0623127;-7.94414
-110.289;-101.784;0.298278;-0.0571268;-0.0718699;-8.47436
-101.463;-101.784;0.288076;-0.0578205;-0.0786591;-8.96707
-92.6379;-101.784;0.294825;-0.0526143;-0.0858768;-9.41505
-83.8124;-101.784;0.317045;-0.0463906;-0.0947955;-9.82954
-74.987;-101.784;0.329021;-0.043052;-0.102737;-10.2221
-66.1615;-101.784;0.330447;-0.0411182;-0.104135;-10.6001
-57.3361;-101.784;0.359065;-0.0325645;-0.103067;-10.9345
-48.5106;-101.784;0.355122;-0.018561;-0.105101;-11.2136
-39.6852;-101.784;0.33797;-0.00642428;-0.107668;-11.4516
-30.8597;-101.784;0.347957;0.000373233;-0.1086;-11.6654
-22.0342;-101.784;0.380379;0.00735131;-0.109583;-11.8672
-13.2088;-101.784;0.395041;0.020078;-0.110631;-12.0279
-4.38334;-101.784;0.385617;0.0348697;-0.108489;-12.1363
4.44212;-101.784;0.372576;0.0500444;-0.105993;-12.1845
13.2676;-101.784;0.35434;0.0625643;-0.106184;-12.1906
22.093;-101.784;0.337964;0.0730848;-0.110167;-12.1632
30.9185;-101.784;0.328248;0.0833627;-0.11893;-12.0929
39.7439;-101.784;0.339061;0.100715;-0.130237;-11.9982
48.5694;-101.784;0.448106;0.122833;-0.14084;-11.8896
57.3948;-101.784;0.506423;0.142214;-0.148187;-11.7378
66.2203;-101.784;0.564621;0.148209;-0.145881;-11.5371
75.0458;-101.784;0.620854;0.14723;-0.134586;-11.2941
83.8712;-101.784;0.649567;0.146451;-0.125354;-10.9925
92.6967;-101.784;0.657558;0.149715;-0.122593;-10.6414
101.522;-101.784;0.751154;0.147934;-0.114121;-10.2993
110.348;-101.784;0.847233;0.143923;-0.0950867;-9.91765
119.173;-101.784;0.931605;0.134689;-0.0748863;-9.46971
127.998;-101.784;0.988091;0.126234;-0.0590489;-8.96214
136.824;-101.784;0.964505;0.119036;-0.046822;-8.36004
145.649;-101.784;0.82754;0.111219;-0.0343182;-7.66042
154.475;-101.784;0.777424;0.0965254;-0.0193222;-6.98396
163.3;-101.784;0.829083;0.0795075;-0.00217586;-6.34697
172.126;-101.784;0.8994;0.0614766;0.0126143;-5.69002
180.951;-101.784;0.885107;0.0484016;0.0227368;-4.96243
189.777;-101.784;0.825513;0.0343962;0.0245156;-4.18684
198.602;-101.784;0.776868;0.0185324;0.0268169;-3.3985
207.428;-101.784;0.770582;-3.79695e-05;0.0298005;-2.61452
216.253;-101.784;0.780465;-0.0165695;0.0316668;-1.83763
225.078;-101.784;0.847045;-0.0320297;0.0299818;-1.09633
-198.543;-110.609;0.374494;0.0372817;0.024438;-1.95904
-189.718;-110.609;0.488744;0.0267509;0.0121831;-2.71256
-180.892;-110.609;0.53663;0.0134595;0.00178791;-3.41303
-172.067;-110.609;0.450198;-0.00636408;-0.00885805;-4.07577
-163.242;-110.609;0.416593;-0.0215216;-0.0165872;-4.70824
-154.416;-110.609;0.403253;-0.0331051;-0.0250511;-5.3276
-145.591;-110.609;0.39263;-0.0404618;-0.0334933;-5.93718
-136.765;-110.609;0.37755;-0.0426391;-0.0405763;-6.51551
-127.94;-110.609;0.339126;-0.0421965;-0.0479273;-7.0479
-119.114;-110.609;0.276869;-0.0438155;-0.0573534;-7.55707
-110.289;-110.609;0.250242;-0.0492257;-0.0680616;-8.06674
-101.463;-110.609;0.235393;-0.0508604;-0.0777367;-8.55653
-92.6379;-110.609;0.262347;-0.0443929;-0.0853343;-9.00039
-83.8124;-110.609;0.286235;-0.0380386;-0.0951172;-9.40688
-74.987;-110.609;0.271429;-0.0389771;-0.106732;-9.78702
-66.1615;-110.609;0.250868;-0.0427863;-0.113604;-10.1676
-57.3361;-110.609;0.284314;-0.0379282;-0.115953;-10.5146
-48.5106;-110.609;0.310112;-0.0216112;-0.115397;-10.7932
-39.6852;-110.609;0.290947;-0.00570634;-0.112978;-11.0191
-30.8597;-110.609;0.282089;0.00272571;-0.109355;-11.2212
-22.0342;-110.609;0.30073;0.00812597;-0.108876;-11.4102
-13.2088;-110.609;0.314547;0.0185578;-0.109433;-11.5659
-4.38334;-110.609;0.30986;0.0339239;-0.108388;-11.6727
4.44212;-110.609;0.307886;0.0505146;-0.106455;-11.7214
13.2676;-110.609;0.312171;0.062106;-0.106701;-11.7361
22.093;-110.609;0.314813;0.0726382;-0.110908;-11.7121
30.9185;-110.609;0.320735;0.0831519;-0.120281;-11.6358
39.7439;-110.609;0.349375;0.096948;-0.132741;-11.5356
48.5694;-110.609;0.458454;0.113529;-0.141102;-11.429
57.3948;-110.609;0.519264;0.130212;-0.143698;-11.2727
66.2203;-110.609;0.559321;0.136036;-0.138352;-11.0544
75.0458;-110.609;0.601053;0.137586;-0.128631;-10.8056
83.8712;-110.609;0.647694;0.139022;-0.119716;-10.5227
92.6967;-110.609;0.688522;0.141198;-0.114329;-10.203
101.522;-110.609;0.785661;0.137395;-0.104247;-9.85668
110.348;-110.609;0.802522;0.131286;-0.0906952;-9.38916
119.173;-110.609;0.766508;0.121918;-0.077446;-8.84492
127.998;-110.609;0.709498;0.113545;-0.0659564;-8.27432
136.824;-110.609;0.587613;0.106718;-0.0541057;-7.63435
145.649;-110.609;0.529717;0.0963047;-0.0377064;-6.99636
154.475;-110.609;0.606448;0.0810403;-0.0162261;-6.41839
163.3;-110.609;0.73698;0.0644453;0.00700263;-5.8507
172.126;-110.609;0.79492;0.0458945;0.0223437;-5.19602
180.951;-110.609;0.708562;0.0342775;0.0321972;-4.41964
189.777;-110.609;0.66971;0.0199277;0.0330456;-3.65962
198.602;-110.609;0.688757;0.00487108;0.0304476;-2.92407
207.428;-110.609;0.776982;-0.0109762;0.0322998;-2.21103
216.253;-110.609;0.830362;-0.0248473;0.0379527;-1.47472
-198.543;-119.435;0.341535;0.0321626;0.0240283;-1.60403
-189.718;-119.435;0.416687;0.0251326;0.0151044;-2.32905
-180.892;-119.435;0.466466;0.00499279;0.000525527;-3.06291
-172.067;-119.435;0.388113;-0.0161802;-0.0137724;-3.72463
-163.242;-119.435;0.403327;-0.0264776;-0.0185948;-4.34576
-154.416;-119.435;0.410799;-0.0357774;-0.0246073;-4.95532
-145.591;-119.435;0.389021;-0.042688;-0.0316812;-5.54511
-136.765;-119.435;0.357531;-0.0431405;-0.0377486;-6.11066
-127.94;-119.435;0.312843;-0.0380773;-0.0418123;-6.62377
-119.114;-119.435;0.233549;-0.0382422;-0.0505857;-7.11939
-110.289;-119.435;0.204623;-0.0418554;-0.0630568;-7.62043
-101.463;-119.435;0.19015;-0.0466447;-0.0777754;-8.10839
-92.6379;-119.435;0.222986;-0.0411552;-0.0893239;-8.54821
-83.8124;-119.435;0.24528;-0.0343631;-0.0998394;-8.94891
-74.987;-119.435;0.21871;-0.0370297;-0.111078;-9.3233
-66.1615;-119.435;0.184169;-0.0456;-0.122801;-9.7087
-57.3361;-119.435;0.211942;-0.0440993;-0.129167;-10.0651
-48.5106;-119.435;0.25392;-0.0289235;-0.125469;-10.3555
-39.6852;-119.435;0.245282;-0.0108751;-0.11644;-10.583
-30.8597;-119.435;0.218359;0.000401125;-0.10955;-10.7634
-22.0342;-119.435;0.200347;0.00864089;-0.107353;-10.9241
-13.2088;-119.435;0.198512;0.0209102;-0.105855;-11.0615
-4.38334;-119.435;0.222645;0.0365495;-0.104298;-11.1682
4.44212;-119.435;0.25549;0.0525063;-0.10504;-11.2267
13.2676;-119.435;0.312559;0.0639462;-0.107983;-11.2687
22.093;-119.435;0.354279;0.0739644;-0.114742;-11.2552
30.9185;-119.435;0.361137;0.0835018;-0.123787;-11.1678
39.7439;-119.435;0.365679;0.0927481;-0.131287;-11.0384
48.5694;-119.435;0.452367;0.101623;-0.133558;-10.9212
57.3948;-119.435;0.535509;0.11303;-0.132811;-10.7649
66.2203;-119.435;0.577088;0.120053;-0.128765;-10.5434
75.0458;-119.435;0.60525;0.123731;-0.122925;-10.2831
83.8712;-119.435;0.645644;0.124849;-0.115883;-9.99436
92.6967;-119.435;0.685306;0.124408;-0.11076;-9.67028
101.522;-119.435;0.709538;0.1223;-0.102876;-9.2759
110.348;-119.435;0.653183;0.118942;-0.0894682;-8.74886
119.173;-119.435;0.542803;0.109045;-0.0774429;-8.15309
127.998;-119.435;0.434716;0.0990715;-0.067794;-7.58028
136.824;-119.435;0.377765;0.0891746;-0.0545488;-7.02393
145.649;-119.435;0.460743;0.0764298;-0.0339201;-6.49774
154.475;-119.435;0.678014;0.0590371;-0.00642717;-5.99558
163.3;-119.435;0.792124;0.0413007;0.0178145;-5.38357
172.126;-119.435;0.654691;0.0276161;0.0298663;-4.59795
180.951;-119.435;0.479701;0.0177768;0.0370361;-3.77576
189.777;-119.435;0.558894;-0.00203909;0.0413605;-3.10598
198.602;-119.435;0.733368;-0.020152;0.0462257;-2.49395
207.428;-119.435;0.920447;-0.0311864;0.047556;-1.86625
216.253;-119.435;0.98772;-0.0407404;0.0490367;-1.15116
-189.718;-128.26;0.330104;0.0137781;0.0171702;-1.93824
-180.892;-128.26;0.386365;-0.00807358;0.00108487;-2.6449
-172.067;-128.26;0.328753;-0.0283854;-0.0161258;-3.31798
-163.242;-128.26;0.347664;-0.0342932;-0.0211207;-3.92978
-154.416;-128.26;0.332685;-0.0428797;-0.0268656;-4.52383
-145.591;-128.26;0.277052;-0.0495456;-0.0327254;-5.07836
-136.765;-128.26;0.235904;-0.0490285;-0.0393478;-5.6314
-127.94;-128.26;0.224616;-0.0411785;-0.043503;-6.14909
-119.114;-128.26;0.174165;-0.0378957;-0.051291;-6.65292
-110.289;-128.26;0.158062;-0.0398345;-0.0640219;-7.14726
-101.463;-128.26;0.128957;-0.0482582;-0.0813414;-7.62367
-92.6379;-128.26;0.143242;-0.0440799;-0.0960899;-8.0515
-83.8124;-128.26;0.173156;-0.0358244;-0.107024;-8.45358
-74.987;-128.26;0.17153;-0.0366035;-0.115576;-8.8411
-66.1615;-128.26;0.139145;-0.0463158;-0.128099;-9.2221
-57.3361;-128.26;0.142828;-0.0471935;-0.136466;-9.58116
-48.5106;-128.26;0.204011;-0.0364731;-0.130859;-9.88998
-39.6852;-128.26;0.181787;-0.0200087;-0.120792;-10.1126
-30.8597;-128.26;0.0809263;-0.00524189;-0.11576;-10.2315
-22.0342;-128.26;7.70001e-05;0.00737092;-0.113275;-10.3333
-13.2088;-128.26;0.0113734;0.0211072;-0.105999;-10.4631
-4.38334;-128.26;0.106092;0.0382257;-0.0970572;-10.6131
4.44212;-128.26;0.206621;0.0543963;-0.100206;-10.7197
13.2676;-128.26;0.316959;0.0652494;-0.107712;-10.7733
22.093;-128.26;0.407715;0.0755567;-0.11894;-10.7726
30.9185;-128.26;0.411597;0.0831006;-0.126637;-10.666
39.7439;-128.26;0.329664;0.0892403;-0.128217;-10.4827
48.5694;-128.26;0.357268;0.0950875;-0.127012;-10.3306
57.3948;-128.26;0.424296;0.102475;-0.124615;-10.164
66.2203;-128.26;0.461311;0.10916;-0.122781;-9.93355
75.0458;-128.26;0.46609;0.111754;-0.119848;-9.64022
83.8712;-128.26;0.453032;0.111237;-0.114795;-9.3029
92.6967;-128.26;0.43056;0.1102;-0.109598;-8.92767
101.522;-128.26;0.442368;0.104858;-0.101189;-8.5139
110.348;-128.26;0.456589;0.0987136;-0.0858272;-8.03197
119.173;-128.26;0.425076;0.092309;-0.0717146;-7.52446
127.998;-128.26;0.37355;0.0844908;-0.059354;-7.02606
136.824;-128.26;0.401446;0.0744376;-0.0437159;-6.54642
145.649;-128.26;0.586621;0.059764;-0.0208745;-6.09044
154.475;-128.26;0.682544;0.0469953;0.0067405;-5.50642
163.3;-128.26;0.591445;0.0255367;0.0206941;-4.71963
172.126;-128.26;0.334128;0.0121404;0.0289658;-3.84207
180.951;-128.26;0.261674;0.000376885;0.0361972;-3.10346
189.777;-128.26;0.616094;-0.0257765;0.048;-2.62311
198.602;-128.26;1.02082;-0.0461104;0.0606258;-2.15003
207.428;-128.26;1.24325;-0.0546601;0.0604476;-1.57818
-189.718;-137.086;0.203984;-0.000551596;0.0229305;-1.49391
-180.892;-137.086;0.280538;-0.0157736;0.00706792;-2.17336
-172.067;-137.086;0.26984;-0.0264558;-0.00708742;-2.81486
-163.242;-137.086;0.271118;-0.0357178;-0.0175135;-3.4463
-154.416;-137.086;0.204298;-0.0508601;-0.0290049;-4.03824
-145.591;-137.086;0.113352;-0.0611254;-0.0377373;-4.5736
-136.765;-137.086;0.0827192;-0.0607447;-0.0465051;-5.12534
-127.94;-137.086;0.121488;-0.0499046;-0.0520061;-5.6575
-119.114;-137.086;0.124285;-0.0405119;-0.058761;-6.17142
-110.289;-137.086;0.105864;-0.0393829;-0.0693279;-6.65536
-101.463;-137.086;0.0537877;-0.0478988;-0.0866596;-7.11163
-92.6379;-137.086;0.0451167;-0.0471213;-0.103124;-7.53358
-83.8124;-137.086;0.100233;-0.0398673;-0.113081;-7.94576
-74.987;-137.086;0.141216;-0.0378405;-0.1182;-8.33628
-66.1615;-137.086;0.101795;-0.0444178;-0.128905;-8.69563
-57.3361;-137.086;0.0532972;-0.0444338;-0.138482;-9.04081
-48.5106;-137.086;0.127575;-0.0397325;-0.134615;-9.35091
-39.6852;-137.086;0.0286172;-0.0277673;-0.132306;-9.52045
-30.8597;-137.086;-0.273566;-0.0115674;-0.135479;-9.50297
-22.0342;-137.086;-0.482986;0.00298239;-0.136775;-9.50459
-13.2088;-137.086;-0.394958;0.0145761;-0.125367;-9.66142
-4.38334;-137.086;-0.160259;0.0336596;-0.104438;-9.93785
4.44212;-137.086;0.0495547;0.0518511;-0.0998261;-10.1077
13.2676;-137.086;0.184371;0.0617026;-0.108998;-10.1534
22.093;-137.086;0.269426;0.0691024;-0.120401;-10.1301
30.9185;-137.086;0.29586;0.0754499;-0.125694;-10.0317
39.7439;-137.086;0.265419;0.0816147;-0.124483;-9.87049
48.5694;-137.086;0.251233;0.0870336;-0.123343;-9.69917
57.3948;-137.086;0.287707;0.0935564;-0.122849;-9.51583
66.2203;-137.086;0.319391;0.0976135;-0.120918;-9.26846
75.0458;-137.086;0.315743;0.0977006;-0.116882;-8.94844
83.8712;-137.086;0.274836;0.0959198;-0.111181;-8.57687
92.6967;-137.086;0.222079;0.0948843;-0.104505;-8.17902
101.522;-137.086;0.240691;0.0884791;-0.0943314;-7.77701
110.348;-137.086;0.338931;0.0814264;-0.0778664;-7.37753
119.173;-137.086;0.416958;0.0761759;-0.0625744;-6.96598
127.998;-137.086;0.452396;0.0692412;-0.0469254;-6.52349
136.824;-137.086;0.513487;0.0578157;-0.0288771;-6.04473
145.649;-137.086;0.639541;0.0391986;-0.01323;-5.52554
154.475;-137.086;0.513453;0.026236;-0.000464034;-4.79793
163.3;-137.086;0.229613;0.00913988;0.0102059;-3.91088
172.126;-137.086;0.0130513;-0.001433;0.0241176;-3.08124
180.951;-137.086;0.237327;-0.0181694;0.0372944;-2.55045
189.777;-137.086;0.937864;-0.0503001;0.0552919;-2.27649
198.602;-137.086;1.47691;-0.0728711;0.0691601;-1.85838
-189.718;-145.911;0.0902346;-0.00719536;0.0280464;-1.00022
-180.892;-145.911;0.159943;-0.014781;0.0123694;-1.66024
-172.067;-145.911;0.170509;-0.0249853;-0.000813327;-2.29798
-163.242;-145.911;0.16695;-0.036238;-0.0122804;-2.92542
-154.416;-145.911;0.100799;-0.0549466;-0.0274889;-3.51563
-145.591;-145.911;0.0122636;-0.0679343;-0.0396119;-4.05231
-136.765;-145.911;-0.00793961;-0.0687241;-0.0515153;-4.61098
-127.94;-145.911;0.0512452;-0.0570844;-0.0596071;-5.15391
-119.114;-145.911;0.0829991;-0.0445818;-0.0655802;-5.66617
-110.289;-145.911;0.0553347;-0.0400951;-0.0717695;-6.13297
-101.463;-145.911;-0.0207305;-0.0450007;-0.0867142;-6.56583
-92.6379;-145.911;-0.0390889;-0.0479477;-0.104308;-6.98696
-83.8124;-145.911;0.0526723;-0.0439092;-0.113822;-7.41588
-74.987;-145.911;0.128562;-0.0397979;-0.116402;-7.80832
-66.1615;-145.911;0.0630938;-0.0409694;-0.127272;-8.13396
-57.3361;-145.911;-0.055923;-0.0377826;-0.140662;-8.42555
-48.5106;-145.911;-0.017129;-0.0395988;-0.143812;-8.70001
-39.6852;-145.911;-0.243782;-0.0278886;-0.152745;-8.77925
-30.8597;-145.911;-0.854927;-0.0119582;-0.166284;-8.63181
-22.0342;-145.911;-1.39468;0.00445531;-0.175527;-8.56952
-13.2088;-145.911;-1.38932;0.0167846;-0.167644;-8.74193
-4.38334;-145.911;-0.794729;0.0262408;-0.140429;-9.08539
4.44212;-145.911;-0.285505;0.0424291;-0.119697;-9.34549
13.2676;-145.911;-0.087395;0.0535363;-0.121224;-9.4113
22.093;-145.911;0.0158422;0.0597543;-0.12531;-9.38123
30.9185;-145.911;0.0982888;0.0626961;-0.124787;-9.30144
39.7439;-145.911;0.154099;0.0663839;-0.121176;-9.188
48.5694;-145.911;0.173692;0.0747631;-0.120454;-9.04163
57.3948;-145.911;0.203699;0.0824281;-0.121075;-8.84635
66.2203;-145.911;0.23575;0.0853923;-0.117897;-8.59225
75.0458;-145.911;0.245227;0.0842747;-0.111199;-8.27516
83.8712;-145.911;0.217334;0.0823892;-0.102674;-7.91127
92.6967;-145.911;0.169748;0.0816014;-0.0938268;-7.52511
101.522;-145.911;0.201812;0.0744678;-0.0820362;-7.14156
110.348;-145.911;0.327222;0.0666874;-0.0667774;-6.78212
119.173;-145.911;0.437788;0.0595897;-0.0535113;-6.38846
127.998;-145.911;0.495;0.0501946;-0.038799;-5.92365
136.824;-145.911;0.517462;0.0371694;-0.0218147;-5.38167
145.649;-145.911;0.45876;0.0240152;-0.0094017;-4.74686
154.475;-145.911;0.306745;0.00828414;-0.00097384;-4.03061
163.3;-145.911;0.153618;-0.0127489;0.00735959;-3.26727
172.126;-145.911;0.179188;-0.0188058;0.0291639;-2.64552
180.951;-145.911;0.701274;-0.0409465;0.0469734;-2.29735
189.777;-145.911;1.50216;-0.0772324;0.0651309;-2.03751
198.602;-145.911;1.90135;-0.10424;0.086359;-1.45217
-172.067;-154.736;0.107577;-0.0223581;0.00658581;-1.78537
-163.242;-154.736;0.0921211;-0.0362418;-0.00645671;-2.40081
-154.416;-154.736;0.0501219;-0.0501946;-0.0193965;-2.97742
-145.591;-154.736;0.00681184;-0.0616392;-0.0320684;-3.52799
-136.765;-154.736;0.000105508;-0.064443;-0.0460319;-4.09113
-127.94;-154.736;0.0375059;-0.0570918;-0.0577837;-4.63282
-119.114;-154.736;0.0555528;-0.0477415;-0.0639839;-5.132
-110.289;-154.736;0.0243773;-0.0431162;-0.0669082;-5.58668
-101.463;-154.736;-0.0737166;-0.0448859;-0.0800561;-6.00425
-92.6379;-154.736;-0.0981052;-0.0485135;-0.0983044;-6.4169
-83.8124;-154.736;0.00812484;-0.0458847;-0.107296;-6.84886
-74.987;-154.736;0.0968296;-0.0400333;-0.109256;-7.23465
-66.1615;-154.736;0.0302963;-0.0369453;-0.120597;-7.53731
-57.3361;-154.736;-0.120442;-0.0350433;-0.137656;-7.80614
-48.5106;-154.736;-0.119171;-0.0401995;-0.146858;-8.07609
-39.6852;-154.736;-0.359953;-0.0336849;-0.15933;-8.16025
-30.8597;-154.736;-0.962424;-0.0195437;-0.177225;-8.01284
-22.0342;-154.736;-1.5519;-0.00579279;-0.190918;-7.92791
-13.2088;-154.736;-1.69009;0.00115084;-0.189858;-8.03346
-4.38334;-154.736;-1.19997;0.00623851;-0.17136;-8.29204
4.44212;-154.736;-0.431069;0.02514;-0.148887;-8.59767
13.2676;-154.736;-0.166366;0.0414058;-0.137965;-8.69926
22.093;-154.736;-0.0484312;0.0506478;-0.130726;-8.68375
30.9185;-154.736;0.0507397;0.0536378;-0.123645;-8.61864
39.7439;-154.736;0.133965;0.0556484;-0.117258;-8.52451
48.5694;-154.736;0.171547;0.0614926;-0.11318;-8.36978
57.3948;-154.736;0.202988;0.0686803;-0.11179;-8.15971
66.2203;-154.736;0.234152;0.0700275;-0.107192;-7.90667
75.0458;-154.736;0.254001;0.0694783;-0.0985495;-7.61412
83.8712;-154.736;0.251398;0.0701614;-0.0875145;-7.29023
92.6967;-154.736;0.231654;0.0694906;-0.0775863;-6.93243
101.522;-154.736;0.278585;0.0610169;-0.0658877;-6.56227
110.348;-154.736;0.36806;0.0534185;-0.0538585;-6.1836
119.173;-154.736;0.400611;0.0475964;-0.0454177;-5.7363
127.998;-154.736;0.367562;0.0397792;-0.0358612;-5.20356
136.824;-154.736;0.317721;0.0275935;-0.0224209;-4.60841
145.649;-154.736;0.262879;0.0138327;-0.0103941;-3.98108
154.475;-154.736;0.299177;-0.00464475;0.000555164;-3.40655
163.3;-154.736;0.485259;-0.0189204;0.0141706;-2.93776
172.126;-154.736;0.865376;-0.0278703;0.0343589;-2.58027
180.951;-154.736;1.47307;-0.0534953;0.0550882;-2.26476
189.777;-154.736;1.94556;-0.0950341;0.0825767;-1.69693
-163.242;-163.562;0.0790152;-0.0293882;0.00394047;-1.8653
-154.416;-163.562;0.0396887;-0.0392046;-0.00837342;-2.42873
-145.591;-163.562;0.0390774;-0.0451195;-0.0170581;-2.98876
-136.765;-163.562;0.0553486;-0.0502408;-0.0293816;-3.54712
-127.94;-163.562;0.0618817;-0.0503178;-0.0431148;-4.07814
-119.114;-163.562;0.0588393;-0.0461791;-0.0517767;-4.56625
-110.289;-163.562;0.0224944;-0.0450508;-0.056623;-5.01814
-101.463;-163.562;-0.0786302;-0.0449738;-0.0700109;-5.43001
-92.6379;-163.562;-0.137846;-0.048463;-0.0892129;-5.83574
-83.8124;-163.562;-0.0604198;-0.0463266;-0.0981491;-6.25057
-74.987;-163.562;0.0199828;-0.0400109;-0.100872;-6.6173
-66.1615;-163.562;-0.0360208;-0.0361245;-0.112068;-6.90699
-57.3361;-163.562;-0.171488;-0.0368896;-0.130953;-7.17919
-48.5106;-163.562;-0.100055;-0.0443056;-0.141514;-7.49936
-39.6852;-163.562;-0.150417;-0.0387813;-0.150822;-7.70429
-30.8597;-163.562;-0.515467;-0.0230452;-0.171113;-7.70375
-22.0342;-163.562;-0.914339;-0.011494;-0.188434;-7.65574
-13.2088;-163.562;-1.04325;-0.00832625;-0.189994;-7.68167
-4.38334;-163.562;-0.776274;-0.00253499;-0.174978;-7.82453
4.44212;-163.562;-0.223521;0.0136962;-0.158036;-8.03066
13.2676;-163.562;-0.025849;0.031164;-0.14444;-8.10831
22.093;-163.562;0.0597839;0.0428992;-0.129986;-8.07316
30.9185;-163.562;0.127753;0.0457762;-0.116028;-7.98094
39.7439;-163.562;0.190742;0.0463654;-0.104768;-7.86831
48.5694;-163.562;0.22681;0.0501351;-0.0942668;-7.70231
57.3948;-163.562;0.256232;0.0550249;-0.0914607;-7.47695
66.2203;-163.562;0.278704;0.0543277;-0.0885826;-7.22551
75.0458;-163.562;0.284006;0.0541063;-0.080429;-6.94283
83.8712;-163.562;0.275785;0.0560338;-0.0673369;-6.63031
92.6967;-163.562;0.273613;0.0557392;-0.0555385;-6.28543
101.522;-163.562;0.31994;0.0488877;-0.0463488;-5.93079
110.348;-163.562;0.37263;0.0415663;-0.0380281;-5.53351
119.173;-163.562;0.361049;0.0358891;-0.0327577;-5.06252
127.998;-163.562;0.304855;0.0293792;-0.0269682;-4.53144
136.824;-163.562;0.268893;0.0201615;-0.0164044;-3.97949
145.649;-163.562;0.298098;0.0107208;-0.00229923;-3.43904
154.475;-163.562;0.516715;-0.00196862;0.0140699;-3.00019
163.3;-163.562;0.916972;-0.0134283;0.0275752;-2.71221
172.126;-163.562;1.33577;-0.0295378;0.0426867;-2.37916
180.951;-163.562;1.76178;-0.0663745;0.0613594;-1.90596
189.777;-163.562;1.95386;-0.10461;0.0901359;-1.15133
-154.416;-172.387;0.0388049;-0.0285788;0.00541557;-1.87154
-145.591;-172.387;0.0260543;-0.038053;-0.00561578;-2.41505
-136.765;-172.387;0.0415776;-0.0442363;-0.017329;-2.96607
-127.94;-172.387;0.0330074;-0.0460206;-0.030013;-3.47647
-119.114;-172.387;0.0175696;-0.0443342;-0.0393222;-3.95135
-110.289;-172.387;-0.00561309;-0.0424308;-0.048737;-4.41141
-101.463;-172.387;-0.0843776;-0.0414214;-0.0635561;-4.83989
-92.6379;-172.387;-0.143441;-0.0453445;-0.0793311;-5.241
-83.8124;-172.387;-0.105427;-0.0469777;-0.0868986;-5.61907
-74.987;-172.387;-0.0493649;-0.0432166;-0.0918668;-5.96581
-66.1615;-172.387;-0.0909403;-0.0390607;-0.103304;-6.24827
-57.3361;-172.387;-0.219694;-0.0399152;-0.122562;-6.51468
-48.5106;-172.387;-0.171459;-0.0442244;-0.134405;-6.84067
-39.6852;-172.387;-0.0325098;-0.0398691;-0.139362;-7.13675
-30.8597;-172.387;-0.102992;-0.0282168;-0.154559;-7.27444
-22.0342;-172.387;-0.230359;-0.0183277;-0.169121;-7.32903
-13.2088;-172.387;-0.213068;-0.010531;-0.169141;-7.40001
-4.38334;-172.387;-0.0162933;0.00328592;-0.152154;-7.54175
4.44212;-172.387;0.151005;0.0142891;-0.139922;-7.61628
13.2676;-172.387;0.216118;0.0241536;-0.131395;-7.60137
22.093;-172.387;0.217099;0.0332665;-0.117449;-7.49574
30.9185;-172.387;0.209244;0.0353311;-0.100706;-7.33897
39.7439;-172.387;0.228127;0.0355711;-0.0858673;-7.18635
48.5694;-172.387;0.27108;0.0378159;-0.0705422;-7.01278
57.3948;-172.387;0.289386;0.0405699;-0.0653174;-6.79059
66.2203;-172.387;0.29263;0.0394878;-0.0645541;-6.54181
75.0458;-172.387;0.290331;0.0397179;-0.0577847;-6.25446
83.8712;-172.387;0.285531;0.0426106;-0.0435556;-5.93679
92.6967;-172.387;0.287534;0.0446891;-0.0325491;-5.59709
101.522;-172.387;0.323684;0.0393997;-0.025077;-5.24894
110.348;-172.387;0.381566;0.0293688;-0.0169224;-4.86016
119.173;-172.387;0.392195;0.0214038;-0.0106805;-4.41945
127.998;-172.387;0.374335;0.0167615;-0.00710853;-3.9481
136.824;-172.387;0.389772;0.012134;-0.00130487;-3.47554
145.649;-172.387;0.505516;0.00587734;0.00981789;-3.03684
154.475;-172.387;0.793738;-0.00503688;0.0247737;-2.67985
163.3;-172.387;1.10018;-0.0171141;0.0379915;-2.3166
172.126;-172.387;1.40239;-0.0423404;0.0439343;-1.88184
-145.591;-181.213;-0.00809266;-0.0342944;0.00150017;-1.82427
-136.765;-181.213;-0.0514037;-0.041978;-0.00999004;-2.3306
-127.94;-181.213;-0.0842678;-0.0462807;-0.0219702;-2.83098
-119.114;-181.213;-0.122212;-0.0462735;-0.031193;-3.28996
-110.289;-181.213;-0.135257;-0.0431394;-0.0410343;-3.74742
-101.463;-181.213;-0.197982;-0.0372235;-0.0546895;-4.16585
-92.6379;-181.213;-0.265882;-0.0403958;-0.0683161;-4.54874
-83.8124;-181.213;-0.245224;-0.0447858;-0.0755639;-4.90858
-74.987;-181.213;-0.163419;-0.0427235;-0.0811536;-5.26152
-66.1615;-181.213;-0.145048;-0.0383471;-0.0904654;-5.55498
-57.3361;-181.213;-0.242558;-0.0388904;-0.106593;-5.81166
-48.5106;-181.213;-0.233608;-0.0398454;-0.117451;-6.10462
-39.6852;-181.213;-0.0604836;-0.0370449;-0.121069;-6.4161
-30.8597;-181.213;0.0214196;-0.0306562;-0.128883;-6.62203
-22.0342;-181.213;0.0527812;-0.0231958;-0.136739;-6.75456
-13.2088;-181.213;0.165789;-0.0128205;-0.134406;-6.87842
-4.38334;-181.213;0.36934;0.00203911;-0.122576;-7.01336
4.44212;-181.213;0.385145;0.00993985;-0.11845;-7.04441
13.2676;-181.213;0.370838;0.0136123;-0.112202;-6.9931
22.093;-181.213;0.30413;0.0185711;-0.0995286;-6.85152
30.9185;-181.213;0.226294;0.0212426;-0.0832818;-6.64336
39.7439;-181.213;0.197626;0.0250182;-0.0667483;-6.44087
48.5694;-181.213;0.240356;0.0286524;-0.0496801;-6.24904
57.3948;-181.213;0.254808;0.031783;-0.040514;-6.02982
66.2203;-181.213;0.256062;0.0299653;-0.0384041;-5.79061
75.0458;-181.213;0.266766;0.0288579;-0.0323269;-5.51655
83.8712;-181.213;0.278821;0.0311628;-0.0199555;-5.21578
92.6967;-181.213;0.283494;0.0343859;-0.013447;-4.89181
101.522;-181.213;0.291821;0.0307052;-0.0109369;-4.54474
110.348;-181.213;0.330293;0.0216698;-0.00492636;-4.16539
119.173;-181.213;0.366243;0.013357;0.00189007;-3.76262
127.998;-181.213;0.402605;0.00814648;0.00591596;-3.34853
136.824;-181.213;0.472044;0.00260343;0.00940197;-2.93117
145.649;-181.213;0.632686;-0.00344747;0.0151071;-2.5482
154.475;-181.213;0.838849;-0.0146203;0.0235099;-2.14878
163.3;-181.213;1.02199;-0.0310478;0.0327209;-1.7032
-136.765;-190.038;-0.103805;-0.0371553;0.00156401;-1.68116
-127.94;-190.038;-0.133638;-0.0429503;-0.0083472;-2.16239
-119.114;-190.038;-0.178201;-0.0449006;-0.0149658;-2.61615
-110.289;-190.038;-0.214024;-0.0424735;-0.0249741;-3.06393
-101.463;-190.038;-0.312312;-0.0332809;-0.0383742;-3.44586
-92.6379;-190.038;-0.439364;-0.0358056;-0.0534835;-3.78689
-83.8124;-190.038;-0.429465;-0.0404896;-0.0618065;-4.14052
-74.987;-190.038;-0.299572;-0.0389806;-0.0660747;-4.51174
-66.1615;-190.038;-0.195734;-0.0340887;-0.0710501;-4.83883
-57.3361;-190.038;-0.215419;-0.0329042;-0.0809716;-5.10486
-48.5106;-190.038;-0.205376;-0.0324677;-0.0893619;-5.36087
-39.6852;-190.038;-0.113741;-0.0315991;-0.0935842;-5.62109
-30.8597;-190.038;-0.0345143;-0.0280216;-0.0983691;-5.83109
-22.0342;-190.038;0.0503374;-0.0214743;-0.104032;-6.00022
-13.2088;-190.038;0.176067;-0.00943336;-0.106923;-6.14961
-4.38334;-190.038;0.309871;0.00354331;-0.104672;-6.24178
4.44212;-190.038;0.307591;0.0066746;-0.100828;-6.23159
13.2676;-190.038;0.229242;0.00436153;-0.0961546;-6.14871
22.093;-190.038;0.152682;0.00704068;-0.0835287;-5.99669
30.9185;-190.038;0.0879796;0.0120822;-0.0681308;-5.80918
39.7439;-190.038;0.0704734;0.016951;-0.0514603;-5.6165
48.5694;-190.038;0.11659;0.0201654;-0.0335568;-5.42752
57.3948;-190.038;0.141382;0.0220213;-0.0211373;-5.21765
66.2203;-190.038;0.164629;0.0198807;-0.0151384;-4.99494
75.0458;-190.038;0.204904;0.0188246;-0.00785149;-4.74467
83.8712;-190.038;0.240165;0.0205207;0.00127088;-4.46975
92.6967;-190.038;0.253287;0.0230354;0.00330047;-4.16711
101.522;-190.038;0.253803;0.0207554;0.00161879;-3.82834
110.348;-190.038;0.275318;0.0154791;0.00251235;-3.46457
119.173;-190.038;0.309181;0.0101572;0.00499473;-3.08751
127.998;-190.038;0.359393;0.0048347;0.00728672;-2.70059
136.824;-190.038;0.437583;-0.00125099;0.00839223;-2.2961
145.649;-190.038;0.568834;-0.00996697;0.0138534;-1.89404
154.475;-190.038;0.689671;-0.0222732;0.0221183;-1.44605
-119.114;-198.864;-0.191407;-0.040035;0.00112159;-1.94544
-110.289;-198.864;-0.206851;-0.0379723;-0.00554354;-2.36114
-101.463;-198.864;-0.336376;-0.030488;-0.0219212;-2.74118
-92.6379;-198.864;-0.530313;-0.0322295;-0.0403746;-3.06378
-83.8124;-198.864;-0.529665;-0.035301;-0.048268;-3.42274
-74.987;-198.864;-0.387191;-0.0342879;-0.0491399;-3.79429
-66.1615;-198.864;-0.234938;-0.0300214;-0.0485149;-4.12946
-57.3361;-198.864;-0.167748;-0.0264734;-0.051967;-4.40174
-48.5106;-198.864;-0.157837;-0.0245837;-0.059896;-4.63525
-39.6852;-198.864;-0.123925;-0.022989;-0.0662271;-4.84227
-30.8597;-198.864;-0.0933697;-0.0213756;-0.075711;-5.02331
-22.0342;-198.864;-0.0311365;-0.0161756;-0.0849132;-5.17784
-13.2088;-198.864;0.0687303;-0.00639325;-0.0915415;-5.3106
-4.38334;-198.864;0.155685;0.000791963;-0.0908703;-5.36965
4.44212;-198.864;0.141318;0.000401934;-0.0857782;-5.34401
13.2676;-198.864;0.0949395;-0.00324048;-0.0782618;-5.26172
22.093;-198.864;0.0464379;0.000770539;-0.0652435;-5.1299
30.9185;-198.864;-0.0056406;0.00641871;-0.0501083;-4.96417
39.7439;-198.864;-0.0278897;0.00888899;-0.0331709;-4.78027
48.5694;-198.864;0.0024192;0.00936673;-0.016258;-4.59757
57.3948;-198.864;0.0397654;0.0107351;-0.0026826;-4.40074
66.2203;-198.864;0.0877512;0.00991704;0.00642543;-4.19539
75.0458;-198.864;0.148636;0.0085983;0.0154359;-3.96734
83.8712;-198.864;0.197641;0.00826539;0.0220071;-3.71349
92.6967;-198.864;0.223242;0.00799172;0.0218005;-3.4272
101.522;-198.864;0.2423;0.00788383;0.0174912;-3.11288
110.348;-198.864;0.271712;0.0070135;0.0141273;-2.77451
119.173;-198.864;0.296587;0.00468113;0.0125816;-2.40042
127.998;-198.864;0.320497;-0.000493548;0.010457;-2.0102
136.824;-198.864;0.36691;-0.00774724;0.00911514;-1.6103
145.649;-198.864;0.459212;-0.0182173;0.0158647;-1.18771
-119.114;-207.689;-0.270276;-0.0342763;0.0129541;-1.25242
-110.289;-207.689;-0.239609;-0.0326235;0.0044107;-1.6632
-101.463;-207.689;-0.329051;-0.0293863;-0.0126424;-2.0415
-92.6379;-207.689;-0.481461;-0.0312851;-0.0292104;-2.37936
-83.8124;-207.689;-0.458641;-0.0334063;-0.0330051;-2.72903
-74.987;-207.689;-0.369574;-0.0323055;-0.0331587;-3.08015
-66.1615;-207.689;-0.272917;-0.0293119;-0.0342125;-3.38931
-57.3361;-207.689;-0.212231;-0.0253896;-0.0366573;-3.64511
-48.5106;-207.689;-0.190162;-0.0216095;-0.0418997;-3.85704
-39.6852;-207.689;-0.18102;-0.0194972;-0.0491789;-4.03729
-30.8597;-207.689;-0.15931;-0.018847;-0.0588874;-4.19515
-22.0342;-207.689;-0.115259;-0.0164891;-0.0701745;-4.33067
-13.2088;-207.689;-0.0509133;-0.0115526;-0.0802447;-4.44354
-4.38334;-207.689;0.00354622;-0.00825851;-0.0819392;-4.49661
4.44212;-207.689;0.00477394;-0.00903517;-0.0751482;-4.47541
13.2676;-207.689;-0.00385704;-0.0094648;-0.0645182;-4.40284
22.093;-207.689;-0.0242656;-0.00337951;-0.0511242;-4.29206
30.9185;-207.689;-0.0591217;0.00043137;-0.0343891;-4.14502
39.7439;-207.689;-0.0774599;0.000521862;-0.0156244;-3.98117
48.5694;-207.689;-0.0515214;-1.78005e-05;0.0014425;-3.81489
57.3948;-207.689;0.00848603;0.00159566;0.016695;-3.63072
66.2203;-207.689;0.0832326;0.000811136;0.0282672;-3.43535
75.0458;-207.689;0.150646;-0.00213611;0.0379516;-3.22265
83.8712;-207.689;0.20666;-0.00490707;0.0446572;-2.98853
92.6967;-207.689;0.258251;-0.00612872;0.0451459;-2.72307
101.522;-207.689;0.298289;-0.00396338;0.0397593;-2.44341
110.348;-207.689;0.331689;-0.00189412;0.0301813;-2.11439
119.173;-207.689;0.342435;-0.00499994;0.0240984;-1.73815
127.998;-207.689;0.342419;-0.0112157;0.0202574;-1.33955
136.824;-207.689;0.345072;-0.0178766;0.0183078;-0.934416
-83.8124;-216.515;-0.425025;-0.0329299;-0.0175802;-2.01919
-74.987;-216.515;-0.342981;-0.0312829;-0.0178335;-2.33364
-66.1615;-216.515;-0.297231;-0.0278827;-0.0212085;-2.62261
-57.3361;-216.515;-0.273867;-0.0256915;-0.0253564;-2.86249
-48.5106;-216.515;-0.270014;-0.0245257;-0.0316916;-3.06825
-39.6852;-216.515;-0.248733;-0.0228188;-0.0372289;-3.23637
-30.8597;-216.515;-0.207467;-0.0213128;-0.0441356;-3.37864
-22.0342;-216.515;-0.160369;-0.0199596;-0.0550926;-3.50124
-13.2088;-216.515;-0.115424;-0.0188396;-0.0661202;-3.59608
-4.38334;-216.515;-0.0866525;-0.0183471;-0.0703312;-3.64299
4.44212;-216.515;-0.0859569;-0.0175968;-0.0650075;-3.63395
13.2676;-216.515;-0.084967;-0.0150009;-0.0539111;-3.57332
22.093;-216.515;-0.101814;-0.0104605;-0.0394514;-3.469
30.9185;-216.515;-0.121603;-0.0109838;-0.0199943;-3.33314
39.7439;-216.515;-0.108677;-0.0136965;0.00111919;-3.19595
48.5694;-216.515;-0.0414697;-0.0136193;0.0211198;-3.06353
57.3948;-216.515;0.0683996;-0.00942994;0.0401851;-2.91197
66.2203;-216.515;0.166545;-0.00880563;0.0531414;-2.74097
75.0458;-216.515;0.239702;-0.00993887;0.0601639;-2.554
83.8712;-216.515;0.320798;-0.0123092;0.067733;-2.3616
92.6967;-216.515;0.405518;-0.0141489;0.0680121;-2.11886
101.522;-216.515;0.466776;-0.0157749;0.0590197;-1.8358
110.348;-216.515;0.457416;-0.0149974;0.0432208;-1.48584
-83.8124;-225.34;-0.409622;-0.0292591;0.00217401;-1.26654
-74.987;-225.34;-0.322957;-0.0292978;-0.00204832;-1.58048
-66.1615;-225.34;-0.290027;-0.028351;-0.00774986;-1.85596
-57.3361;-225.34;-0.289719;-0.0281163;-0.0125423;-2.08373
-48.5106;-225.34;-0.302424;-0.0292234;-0.017481;-2.28074
-39.6852;-225.34;-0.267676;-0.0287627;-0.0225857;-2.44957
-30.8597;-225.34;-0.210982;-0.0254955;-0.0267006;-2.58982
-22.0342;-225.34;-0.170459;-0.0224493;-0.0371265;-2.70235
-13.2088;-225.34;-0.146156;-0.021431;-0.0481234;-2.78411
-4.38334;-225.34;-0.140338;-0.021823;-0.0534484;-2.82262
4.44212;-225.34;-0.157586;-0.0215437;-0.0502442;-2.80899
13.2676;-225.34;-0.18259;-0.020623;-0.0407527;-2.74226
22.093;-225.34;-0.20455;-0.0221147;-0.0242254;-2.64042
30.9185;-225.34;-0.193569;-0.0260164;-0.00213907;-2.53417
39.7439;-225.34;-0.0969596;-0.0287719;0.0212179;-2.4463
48.5694;-225.34;0.0284013;-0.0280874;0.0431926;-2.36382
57.3948;-225.34;0.197788;-0.0244888;0.0637583;-2.25526
66.2203;-225.34;0.277118;-0.019955;0.0784374;-2.11158
75.0458;-225.34;0.335775;-0.0152566;0.0790643;-1.94107
83.8712;-225.34;0.402585;-0.0184183;0.0760194;-1.70602
92.6967;-225.34;0.42696;-0.0202297;0.0725467;-1.43039
-39.6852;-234.166;-0.239044;-0.0304078;-0.00102809;-1.67274
-30.8597;-234.166;-0.18196;-0.0280714;-0.00757278;-1.81503
-22.0342;-234.166;-0.162428;-0.0243592;-0.0172367;-1.91589
-13.2088;-234.166;-0.163149;-0.0222164;-0.0254965;-1.97322
-4.38334;-234.166;-0.180063;-0.0217893;-0.0301284;-1.99368
4.44212;-234.166;-0.217999;-0.0235409;-0.0283552;-1.96679
13.2676;-234.166;-0.287226;-0.0272277;-0.0202976;-1.88745
22.093;-234.166;-0.260081;-0.0329439;-0.00162742;-1.82777
30.9185;-234.166;-0.127673;-0.0360425;0.0219941;-1.81357
39.7439;-234.166;0.112247;-0.0364944;0.0437116;-1.79321
48.5694;-234.166;0.272323;-0.0358774;0.0573639;-1.71745
57.3948;-234.166;0.257318;-0.0332649;0.0623532;-1.55744
66.2203;-234.166;0.114577;-0.0268537;0.0602567;-1.33213
75.0458;-234.166;-0.0343728;-0.0203282;0.0472534;-1.08147
-4.38334;-242.991;-0.169057;-0.0208282;-0.00285068;-1.21859
4.44212;-242.991;-0.202343;-0.0206999;-0.00500967;-1.20934
13.2676;-242.991;-0.250817;-0.0251143;0.00019404;-1.16637
22.093;-242.991;-0.0625753;-0.0289889;0.0194241;-1.19185
30.9185;-242.991;0.271728;-0.0301931;0.0449472;-1.24558
