x[mm];y[mm];z[mm];x-displacement[mm];y-displacement[mm];z-displacement[mm]
-4.38334;224.758;0.115697;-0.0229975;0.0502682;-2.02592
4.44212;224.758;0.0164864;-0.0156326;0.0525595;-2.03265
13.2676;224.758;-0.0263853;-0.00743696;0.05116;-2.0024
22.093;224.758;-0.0573264;-0.00664595;0.0405912;-1.91854
-39.6852;215.933;-0.0236217;-0.0283519;0.0743064;-2.3132
-30.8597;215.933;-0.110706;-0.0270247;0.0815153;-2.45095
-22.0342;215.933;-0.217603;-0.0251636;0.0750134;-2.51116
-13.2088;215.933;-0.282745;-0.01493;0.0691128;-2.61867
-4.38334;215.933;-0.258786;-0.0125308;0.0726097;-2.73971
4.44212;215.933;-0.243161;-0.00809209;0.081264;-2.82598
13.2676;215.933;-0.236875;-0.00307293;0.0842266;-2.82532
22.093;215.933;-0.216982;-0.00301227;0.0784523;-2.77616
30.9185;215.933;-0.190114;-0.00277106;0.0730791;-2.70937
39.7439;215.933;-0.184509;-0.000326945;0.0637201;-2.59666
48.5694;215.933;-0.226374;0.00155551;0.0530737;-2.43733
57.3948;215.933;-0.282106;0.00178982;0.0428489;-2.2314
66.2203;215.933;-0.344594;-0.00124747;0.0405851;-1.99764
75.0458;215.933;-0.390934;-0.00560921;0.0378276;-1.73821
-74.987;207.107;0.310109;-0.0468167;0.0617069;-2.22102
-66.1615;207.107;0.220077;-0.0396552;0.0703216;-2.51919
-57.3361;207.107;0.0527837;-0.035238;0.0803472;-2.75787
-48.5106;207.107;-0.00835472;-0.0353611;0.0899976;-3.01711
-39.6852;207.107;-0.0847791;-0.0333001;0.0977255;-3.20783
-30.8597;207.107;-0.343077;-0.0300957;0.110049;-3.25262
-22.0342;207.107;-0.616261;-0.0255416;0.108497;-3.20542
-13.2088;207.107;-0.691359;-0.0146354;0.10012;-3.27716
-4.38334;207.107;-0.578334;-0.00763894;0.0957846;-3.43004
4.44212;207.107;-0.485139;-0.00284847;0.10539;-3.57477
13.2676;207.107;-0.40193;0.00101644;0.111701;-3.64437
22.093;207.107;-0.315914;0.00132549;0.109177;-3.65428
30.9185;207.107;-0.244018;0.00305753;0.101328;-3.61592
39.7439;207.107;-0.213265;0.00795361;0.0876726;-3.51268
48.5694;207.107;-0.231486;0.0115799;0.0724353;-3.35286
57.3948;207.107;-0.284992;0.0130884;0.0625768;-3.13952
66.2203;207.107;-0.341313;0.0117215;0.0616346;-2.90177
75.0458;207.107;-0.380589;0.00757078;0.06134;-2.63568
83.8712;207.107;-0.390712;0.00277976;0.0555569;-2.34256
92.6967;207.107;-0.374898;0.00109431;0.0406901;-2.00395
-110.289;198.282;0.583516;-0.0312956;0.0227623;-1.46986
-101.463;198.282;0.489507;-0.0418958;0.0418358;-1.92524
-92.6379;198.282;0.390211;-0.0550416;0.0618591;-2.37163
-83.8124;198.282;0.339983;-0.0614384;0.076588;-2.78763
-74.987;198.282;0.263229;-0.0562677;0.0865345;-3.17009
-66.1615;198.282;0.117529;-0.0441861;0.0923683;-3.46243
-57.3361;198.282;-0.0883866;-0.0349197;0.102641;-3.68294
-48.5106;198.282;-0.117861;-0.0345457;0.108331;-3.91646
-39.6852;198.282;-0.151734;-0.0325123;0.112469;-4.11271
-30.8597;198.282;-0.371237;-0.0294277;0.124453;-4.17041
-22.0342;198.282;-0.571981;-0.0258637;0.125083;-4.15803
-13.2088;198.282;-0.599976;-0.0160635;0.116241;-4.23298
-4.38334;198.282;-0.463282;-0.00759318;0.107056;-4.37425
4.44212;198.282;-0.364679;-0.0028665;0.113471;-4.51345
13.2676;198.282;-0.290782;0.00136679;0.121074;-4.59073
22.093;198.282;-0.237665;0.00481521;0.122197;-4.60467
30.9185;198.282;-0.20546;0.00875858;0.115653;-4.55125
39.7439;198.282;-0.194017;0.0139901;0.10257;-4.43535
48.5694;198.282;-0.199538;0.018322;0.0881206;-4.27304
57.3948;198.282;-0.240019;0.0218472;0.0788374;-4.06232
66.2203;198.282;-0.284398;0.0239119;0.0778609;-3.82377
75.0458;198.282;-0.313877;0.0222012;0.0754824;-3.54964
83.8712;198.282;-0.315215;0.0183394;0.0695216;-3.24041
92.6967;198.282;-0.30735;0.0144076;0.0593191;-2.90009
101.522;198.282;-0.292857;0.0102283;0.0483909;-2.52712
110.348;198.282;-0.266497;0.00220983;0.0333862;-2.12396
-101.463;189.456;0.583998;-0.0610874;0.0548506;-2.82753
-92.6379;189.456;0.499634;-0.0712712;0.0703729;-3.288
-83.8124;189.456;0.376132;-0.0760348;0.0915953;-3.70196
-74.987;189.456;0.209713;-0.0680377;0.106066;-4.05441
-66.1615;189.456;0.0105991;-0.0499932;0.114504;-4.3528
-57.3361;189.456;-0.165576;-0.03602;0.116704;-4.54701
-48.5106;189.456;-0.22232;-0.0336702;0.120532;-4.76124
-39.6852;189.456;-0.204346;-0.0310288;0.121263;-5.00761
-30.8597;189.456;-0.258025;-0.0267658;0.128675;-5.18784
-22.0342;189.456;-0.310302;-0.0199227;0.129251;-5.29709
-13.2088;189.456;-0.287012;-0.00951649;0.122308;-5.40508
-4.38334;189.456;-0.184105;-0.00114271;0.114457;-5.51912
4.44212;189.456;-0.130452;0.00239321;0.118392;-5.60514
13.2676;189.456;-0.107682;0.00548074;0.124047;-5.61961
22.093;189.456;-0.107904;0.00928533;0.12669;-5.58401
30.9185;189.456;-0.11755;0.0135535;0.122427;-5.50039
39.7439;189.456;-0.125036;0.0181444;0.112039;-5.37213
48.5694;189.456;-0.12687;0.0227092;0.100439;-5.20352
57.3948;189.456;-0.15668;0.0282973;0.0926942;-4.98955
66.2203;189.456;-0.192424;0.0328097;0.0892865;-4.74217
75.0458;189.456;-0.217161;0.0334294;0.0851008;-4.45848
83.8712;189.456;-0.224744;0.0304042;0.078844;-4.14196
92.6967;189.456;-0.224059;0.0256482;0.0712158;-3.79363
101.522;189.456;-0.222112;0.0208003;0.0621586;-3.40971
110.348;189.456;-0.204009;0.0150499;0.0477629;-2.97796
119.173;189.456;-0.165647;0.00617092;0.0297498;-2.53162
127.998;189.456;-0.110056;-0.00445222;0.0130627;-2.06239
136.824;189.456;-0.089791;-0.017061;-0.00571098;-1.53441
-127.94;180.631;0.74136;-0.0517945;0.0153165;-2.0978
-119.114;180.631;0.686113;-0.0623137;0.0331696;-2.6223
-110.289;180.631;0.664279;-0.0731411;0.0504736;-3.14554
-101.463;180.631;0.664402;-0.0839113;0.060432;-3.63601
-92.6379;180.631;0.523733;-0.092361;0.0832874;-4.07747
-83.8124;180.631;0.277093;-0.095456;0.112939;-4.435
-74.987;180.631;0.0972331;-0.0833676;0.12938;-4.81487
-66.1615;180.631;0.0192403;-0.0582815;0.127552;-5.21644
-57.3361;180.631;-0.0384827;-0.0388034;0.118908;-5.4785
-48.5106;180.631;-0.169323;-0.0341439;0.12591;-5.6934
-39.6852;180.631;-0.144168;-0.0336888;0.126922;-5.93363
-30.8597;180.631;-0.0963;-0.0296591;0.129221;-6.16121
-22.0342;180.631;-0.0527723;-0.0219619;0.128036;-6.32881
-13.2088;180.631;-0.0100783;-0.0125053;0.124143;-6.45446
-4.38334;180.631;0.0303358;-0.00545298;0.121695;-6.545
4.44212;180.631;0.0252143;-0.00206421;0.125969;-6.58412
13.2676;180.631;0.00450403;0.00393124;0.131175;-6.56189
22.093;180.631;-0.018546;0.00986291;0.133931;-6.5036
30.9185;180.631;-0.0338622;0.01534;0.131143;-6.41619
39.7439;180.631;-0.0388275;0.0207979;0.123018;-6.29411
48.5694;180.631;-0.0408076;0.0267588;0.113431;-6.12377
57.3948;180.631;-0.0684124;0.0330365;0.106451;-5.90085
66.2203;180.631;-0.0989539;0.0374127;0.101183;-5.64387
75.0458;180.631;-0.11699;0.0386696;0.0966345;-5.35619
83.8712;180.631;-0.123474;0.0372422;0.0922359;-5.03463
92.6967;180.631;-0.135698;0.0345898;0.0869851;-4.67033
101.522;180.631;-0.159817;0.0313733;0.0791264;-4.25732
110.348;180.631;-0.164297;0.0253136;0.0644963;-3.8053
119.173;180.631;-0.142405;0.01682;0.046766;-3.33297
127.998;180.631;-0.0925073;0.00703156;0.0285077;-2.84755
136.824;180.631;-0.0336097;-0.00304355;0.0113199;-2.35069
145.649;180.631;-0.0379364;-0.0139573;-0.00983826;-1.78428
154.475;180.631;-0.0880527;-0.0336424;-0.0338976;-1.13723
-136.765;171.805;0.823981;-0.0617101;0.0184675;-2.30328
-127.94;171.805;0.752558;-0.0689089;0.0320721;-2.85266
-119.114;171.805;0.659385;-0.0788453;0.0508909;-3.39507
-110.289;171.805;0.605675;-0.0915376;0.0696255;-3.92581
-101.463;171.805;0.586648;-0.103921;0.0815147;-4.41847
-92.6379;171.805;0.353907;-0.113094;0.112381;-4.82303
-83.8124;171.805;0.0423124;-0.114493;0.147069;-5.17646
-74.987;171.805;0.0235992;-0.097768;0.153233;-5.61112
-66.1615;171.805;0.190632;-0.0678962;0.131861;-6.10002
-57.3361;171.805;0.257199;-0.0456834;0.114266;-6.44237
-48.5106;171.805;0.104918;-0.0408933;0.124264;-6.66816
-39.6852;171.805;0.0433318;-0.038716;0.134899;-6.87984
-30.8597;171.805;0.0524267;-0.0330236;0.141984;-7.08761
-22.0342;171.805;0.0785416;-0.0250302;0.143433;-7.24812
-13.2088;171.805;0.0910024;-0.0168376;0.142923;-7.36226
-4.38334;171.805;0.078394;-0.0101848;0.144023;-7.43343
4.44212;171.805;0.0379231;-0.00418964;0.146753;-7.45408
13.2676;171.805;0.0116114;0.0045201;0.150295;-7.42803
22.093;171.805;0.000758321;0.0126634;0.15277;-7.37534
30.9185;171.805;0.00878433;0.019781;0.150318;-7.29918
39.7439;171.805;0.025114;0.0267593;0.142672;-7.18685
48.5694;171.805;0.0270535;0.0341795;0.134047;-7.01561
57.3948;171.805;0.00249064;0.0400782;0.126609;-6.78792
66.2203;171.805;-0.0158436;0.0430003;0.120104;-6.53281
75.0458;171.805;-0.019499;0.0440706;0.114304;-6.24917
83.8712;171.805;-0.0225791;0.0442524;0.109504;-5.92268
92.6967;171.805;-0.0516835;0.0439207;0.105136;-5.53564
101.522;171.805;-0.107861;0.0429855;0.0959153;-5.08635
110.348;171.805;-0.127719;0.0386867;0.0800513;-4.61666
119.173;171.805;-0.118421;0.0314901;0.0636557;-4.13311
127.998;171.805;-0.0956692;0.0212285;0.0487012;-3.62815
136.824;171.805;-0.0720438;0.0112742;0.0341116;-3.10276
145.649;171.805;-0.000470801;-0.000684572;0.0137347;-2.55917
154.475;171.805;-0.0605814;-0.0117526;-0.00572504;-1.93276
163.3;171.805;-0.197614;-0.0357077;-0.02576;-1.23828
-145.591;162.98;0.837597;-0.069164;0.0236076;-2.41628
-136.765;162.98;0.816915;-0.0782917;0.0362077;-3.01691
-127.94;162.98;0.763065;-0.0835796;0.050759;-3.60141
-119.114;162.98;0.671533;-0.0906815;0.0679709;-4.13721
-110.289;162.98;0.60992;-0.100867;0.0843663;-4.66572
-101.463;162.98;0.578392;-0.112468;0.0955544;-5.15816
-92.6379;162.98;0.369591;-0.121766;0.123643;-5.59561
-83.8124;162.98;0.145807;-0.120284;0.14926;-5.98992
-74.987;162.98;0.285139;-0.0996592;0.145138;-6.4714
-66.1615;162.98;0.504146;-0.0696065;0.118307;-6.96567
-57.3361;162.98;0.49011;-0.0480483;0.105902;-7.33676
-48.5106;162.98;0.316794;-0.0429608;0.122014;-7.5626
-39.6852;162.98;0.244764;-0.0396052;0.138513;-7.76417
-30.8597;162.98;0.227106;-0.0338755;0.151947;-7.95497
-22.0342;162.98;0.207122;-0.0257665;0.159627;-8.10312
-13.2088;162.98;0.171305;-0.0171735;0.163618;-8.20689
-4.38334;162.98;0.1276;-0.00904291;0.16629;-8.27085
4.44212;162.98;0.0853959;0.000134271;0.167215;-8.29391
13.2676;162.98;0.0692868;0.00993937;0.169325;-8.28325
22.093;162.98;0.0652888;0.0188448;0.17145;-8.24256
30.9185;162.98;0.0765865;0.0275086;0.169749;-8.16813
39.7439;162.98;0.0964684;0.0361992;0.163589;-8.05244
48.5694;162.98;0.107276;0.0433352;0.157202;-7.88157
57.3948;162.98;0.0852653;0.0473851;0.149953;-7.65387
66.2203;162.98;0.0618384;0.0495835;0.140519;-7.38936
75.0458;162.98;0.0532975;0.0510377;0.131563;-7.09432
83.8712;162.98;0.0460011;0.0522364;0.124687;-6.75783
92.6967;162.98;0.0134802;0.0523621;0.118781;-6.35975
101.522;162.98;-0.0480878;0.0523096;0.107894;-5.89411
110.348;162.98;-0.0498414;0.0494552;0.0917454;-5.43643
119.173;162.98;-0.0175978;0.0439148;0.0761004;-4.96882
127.998;162.98;0.0241493;0.0344988;0.0609863;-4.46634
136.824;162.98;0.0615579;0.02263;0.0434731;-3.92119
145.649;162.98;0.0962492;0.0107723;0.0222745;-3.35045
154.475;162.98;0.0230146;0.00125432;0.00708991;-2.70867
163.3;162.98;-0.0723203;-0.014586;0.000529007;-2.03046
-163.242;154.154;0.886553;-0.0506643;0.00628725;-1.76072
-154.416;154.154;0.826943;-0.0665591;0.0234263;-2.42524
-145.591;154.154;0.800904;-0.0801965;0.0389305;-3.07964
-136.765;154.154;0.802877;-0.0894019;0.0508286;-3.7148
-127.94;154.154;0.768334;-0.095422;0.0663714;-4.31497
-119.114;154.154;0.703513;-0.100391;0.0817618;-4.86748
-110.289;154.154;0.667398;-0.107245;0.0935384;-5.3998
-101.463;154.154;0.671508;-0.115135;0.0992329;-5.91624
-92.6379;154.154;0.564537;-0.119632;0.11439;-6.4053
-83.8124;154.154;0.484761;-0.112883;0.126437;-6.85016
-74.987;154.154;0.566829;-0.0921414;0.124652;-7.35375
-66.1615;154.154;0.636294;-0.0683136;0.111013;-7.79642
-57.3361;154.154;0.552936;-0.0517808;0.108629;-8.12915
-48.5106;154.154;0.39265;-0.045812;0.125024;-8.34868
-39.6852;154.154;0.352508;-0.0413718;0.143163;-8.56718
-30.8597;154.154;0.341842;-0.0359634;0.159658;-8.76505
-22.0342;154.154;0.324446;-0.0278533;0.170681;-8.92048
-13.2088;154.154;0.286319;-0.0182842;0.177229;-9.03008
-4.38334;154.154;0.23356;-0.00804461;0.181256;-9.09649
4.44212;154.154;0.186996;0.00362743;0.182552;-9.1235
13.2676;154.154;0.170387;0.0129904;0.184066;-9.12131
22.093;154.154;0.146456;0.0225548;0.185766;-9.07921
30.9185;154.154;0.129622;0.0336181;0.184674;-8.99264
39.7439;154.154;0.126977;0.0445994;0.179996;-8.86557
48.5694;154.154;0.12816;0.0513757;0.176038;-8.69023
57.3948;154.154;0.0921526;0.0552737;0.171306;-8.45525
66.2203;154.154;0.0547012;0.0586294;0.161847;-8.17738
75.0458;154.154;0.049547;0.0608133;0.150268;-7.8742
83.8712;154.154;0.0617202;0.0622546;0.139281;-7.53837
92.6967;154.154;0.0582865;0.0623702;0.130034;-7.1478
101.522;154.154;0.0266926;0.061401;0.119146;-6.69058
110.348;154.154;0.0431097;0.0581239;0.105823;-6.2407
119.173;154.154;0.0870945;0.0537096;0.0913037;-5.77605
127.998;154.154;0.129544;0.0460466;0.0739354;-5.26317
136.824;154.154;0.143435;0.0348686;0.0525386;-4.68779
145.649;154.154;0.142593;0.0221796;0.0313793;-4.0891
154.475;154.154;0.0801879;0.010592;0.0173019;-3.44793
163.3;154.154;0.000977632;-0.00188763;0.0101128;-2.75546
172.126;154.154;-0.0531517;-0.0124494;0.0104654;-2.07536
180.951;154.154;-0.0311223;-0.0182347;0.0120137;-1.3773
-172.067;145.329;0.807606;-0.0475594;0.00319836;-1.67047
-163.242;145.329;0.847531;-0.0590613;0.0166447;-2.36667
-154.416;145.329;0.806696;-0.071475;0.0323372;-3.0448
-145.591;145.329;0.782828;-0.083919;0.046066;-3.71419
-136.765;145.329;0.780434;-0.097613;0.0611969;-4.37185
-127.94;145.329;0.754241;-0.105835;0.0762962;-4.99365
-119.114;145.329;0.712524;-0.1105;0.0893604;-5.56498
-110.289;145.329;0.691507;-0.115725;0.0989791;-6.11534
-101.463;145.329;0.704234;-0.119917;0.103364;-6.65587
-92.6379;145.329;0.680252;-0.117387;0.108469;-7.17437
-83.8124;145.329;0.669418;-0.106746;0.114503;-7.65499
-74.987;145.329;0.679457;-0.0914734;0.115058;-8.1155
-66.1615;145.329;0.646387;-0.0760872;0.112439;-8.51345
-57.3361;145.329;0.543389;-0.0635878;0.116034;-8.82713
-48.5106;145.329;0.422617;-0.055166;0.129967;-9.06032
-39.6852;145.329;0.396665;-0.0482684;0.148036;-9.30892
-30.8597;145.329;0.386366;-0.041489;0.164771;-9.52162
-22.0342;145.329;0.368195;-0.0319728;0.176399;-9.68865
-13.2088;145.329;0.326093;-0.0203066;0.184275;-9.80836
-4.38334;145.329;0.264675;-0.0079175;0.190696;-9.87554
4.44212;145.329;0.208638;0.00505177;0.194513;-9.89777
13.2676;145.329;0.185411;0.0136994;0.196751;-9.89024
22.093;145.329;0.155235;0.0231982;0.197316;-9.8436
30.9185;145.329;0.128264;0.035524;0.195668;-9.75393
39.7439;145.329;0.111464;0.0481839;0.191447;-9.62421
48.5694;145.329;0.100066;0.0560054;0.188712;-9.4436
57.3948;145.329;0.0684286;0.0611904;0.187167;-9.21081
66.2203;145.329;0.0461578;0.0664426;0.181211;-8.93915
75.0458;145.329;0.06268;0.0702432;0.170011;-8.64511
83.8712;145.329;0.100952;0.0725223;0.155606;-8.31965
92.6967;145.329;0.131164;0.0730706;0.14231;-7.94509
101.522;145.329;0.137413;0.0718349;0.131326;-7.51164
110.348;145.329;0.153527;0.0684638;0.121415;-7.05968
119.173;145.329;0.174566;0.0652696;0.108197;-6.57113
127.998;145.329;0.187155;0.059518;0.089531;-6.02586
136.824;145.329;0.179387;0.0486788;0.0665553;-5.42144
145.649;145.329;0.162699;0.0348929;0.0456942;-4.80135
154.475;145.329;0.118982;0.0216511;0.0283269;-4.14672
163.3;145.329;0.0580524;0.00746844;0.0170199;-3.45721
172.126;145.329;0.00154549;-0.00506395;0.00940006;-2.73834
180.951;145.329;0.00270379;-0.0142848;0.0090309;-2.04162
189.777;145.329;-0.0437607;-0.0243629;0.000604918;-1.28186
-172.067;136.504;0.805649;-0.0516424;0.012187;-2.23742
-163.242;136.504;0.813697;-0.0639056;0.0233378;-2.96076
-154.416;136.504;0.794596;-0.0759456;0.0376891;-3.65174
-145.591;136.504;0.77576;-0.0903248;0.0538099;-4.33296
-136.765;136.504;0.75271;-0.106579;0.0697266;-5.00144
-127.94;136.504;0.723323;-0.115083;0.0812662;-5.62977
-119.114;136.504;0.691541;-0.118992;0.0904201;-6.21516
-110.289;136.504;0.668655;-0.123351;0.0994149;-6.77753
-101.463;136.504;0.664742;-0.125704;0.106389;-7.32179
-92.6379;136.504;0.665932;-0.118487;0.10841;-7.82938
-83.8124;136.504;0.651805;-0.107786;0.113877;-8.30217
-74.987;136.504;0.639557;-0.0981659;0.117283;-8.75229
-66.1615;136.504;0.594988;-0.0885641;0.120479;-9.15119
-57.3361;136.504;0.513426;-0.0778037;0.127401;-9.48489
-48.5106;136.504;0.432535;-0.0667644;0.140274;-9.76076
-39.6852;136.504;0.396839;-0.057817;0.156121;-10.0222
-30.8597;136.504;0.368579;-0.048495;0.171229;-10.2372
-22.0342;136.504;0.331408;-0.0372666;0.182699;-10.4016
-13.2088;136.504;0.273207;-0.0244006;0.191552;-10.5175
-4.38334;136.504;0.201181;-0.0108862;0.200126;-10.5811
4.44212;136.504;0.140583;0.00276191;0.207049;-10.5996
13.2676;136.504;0.122599;0.0134889;0.210759;-10.599
22.093;136.504;0.114553;0.0246801;0.209745;-10.5677
30.9185;136.504;0.107246;0.0373813;0.205899;-10.4911
39.7439;136.504;0.0950112;0.0499474;0.199555;-10.3624
48.5694;136.504;0.0769003;0.0600703;0.195353;-10.1797
57.3948;136.504;0.0582407;0.0687631;0.194584;-9.95805
66.2203;136.504;0.0627894;0.0767477;0.192617;-9.70453
75.0458;136.504;0.0885316;0.0833711;0.184444;-9.41757
83.8712;136.504;0.120064;0.0875791;0.169914;-9.08294
92.6967;136.504;0.148358;0.0886672;0.153879;-8.69721
101.522;136.504;0.182392;0.0877661;0.142;-8.28185
110.348;136.504;0.193415;0.0852387;0.133371;-7.82495
119.173;136.504;0.185475;0.0825554;0.120621;-7.30527
127.998;136.504;0.174166;0.076593;0.102076;-6.72955
136.824;136.504;0.170106;0.0650221;0.0800619;-6.11579
145.649;136.504;0.157588;0.0507211;0.0597408;-5.48581
154.475;136.504;0.130062;0.0363485;0.0395921;-4.81536
163.3;136.504;0.0786284;0.0222421;0.0244093;-4.10803
172.126;136.504;0.020828;0.00729933;0.0128854;-3.37934
180.951;136.504;-0.00265896;-0.0095311;0.0047759;-2.65478
189.777;136.504;-0.0116348;-0.0217743;-0.00133047;-1.88742
-180.892;127.678;0.828924;-0.0374624;0.0079981;-2.0356
-172.067;127.678;0.801448;-0.0493992;0.0162304;-2.77159
-163.242;127.678;0.772076;-0.0694832;0.0334444;-3.52591
-154.416;127.678;0.763932;-0.0861033;0.0488055;-4.24413
-145.591;127.678;0.747952;-0.103226;0.0658629;-4.94405
-136.765;127.678;0.716373;-0.118068;0.0811566;-5.61874
-127.94;127.678;0.686062;-0.123305;0.0881163;-6.24925
-119.114;127.678;0.656039;-0.124601;0.0926878;-6.84654
-110.289;127.678;0.630273;-0.127362;0.100485;-7.42192
-101.463;127.678;0.619002;-0.128827;0.110141;-7.97141
-92.6379;127.678;0.603199;-0.120444;0.114835;-8.47313
-83.8124;127.678;0.570625;-0.11128;0.120769;-8.93826
-74.987;127.678;0.547975;-0.104145;0.125034;-9.38049
-66.1615;127.678;0.515915;-0.0964877;0.131202;-9.78288
-57.3361;127.678;0.464648;-0.0872755;0.142416;-10.1355
-48.5106;127.678;0.406221;-0.0775256;0.157509;-10.4399
-39.6852;127.678;0.364236;-0.0674922;0.169611;-10.7119
-30.8597;127.678;0.317258;-0.0545744;0.182489;-10.9333
-22.0342;127.678;0.264204;-0.0405553;0.194032;-11.1051
-13.2088;127.678;0.195112;-0.0260861;0.203705;-11.2264
-4.38334;127.678;0.121168;-0.0115347;0.213564;-11.295
4.44212;127.678;0.071985;0.00378499;0.222265;-11.326
13.2676;127.678;0.0781889;0.0176615;0.225601;-11.3363
22.093;127.678;0.0984438;0.0309957;0.222126;-11.317
30.9185;127.678;0.115528;0.0437263;0.215345;-11.2496
39.7439;127.678;0.113851;0.0554618;0.206167;-11.1171
48.5694;127.678;0.0891779;0.0675838;0.199808;-10.9259
57.3948;127.678;0.0547438;0.0794767;0.19653;-10.6865
66.2203;127.678;0.0508032;0.0886992;0.195336;-10.4188
75.0458;127.678;0.0435258;0.0970179;0.189776;-10.1034
83.8712;127.678;0.00996811;0.10245;0.178255;-9.70806
92.6967;127.678;-0.0258809;0.104255;0.163465;-9.25818
101.522;127.678;0.0105902;0.103673;0.151705;-8.8346
110.348;127.678;0.038922;0.102381;0.142211;-8.38479
119.173;127.678;0.0469589;0.0998917;0.12797;-7.87171
127.998;127.678;0.0627845;0.0924625;0.108473;-7.3115
136.824;127.678;0.096991;0.0808114;0.0872193;-6.7277
145.649;127.678;0.101026;0.0682016;0.0683537;-6.10616
154.475;127.678;0.0734808;0.0550965;0.048706;-5.42269
163.3;127.678;0.0277104;0.0418268;0.0331458;-4.7035
172.126;127.678;-0.0133822;0.0265858;0.020064;-3.96874
180.951;127.678;-0.0266013;0.00929664;0.0111658;-3.23758
189.777;127.678;-0.0626959;-0.00387553;0.00679814;-2.47491
198.602;127.678;-0.103846;-0.0183579;-0.0026545;-1.66081
207.428;127.678;0.108123;-0.0396772;-0.0285524;-0.823918
-189.718;118.853;0.792015;-0.0317428;0.00741338;-1.78297
-180.892;118.853;0.770748;-0.0384805;0.0127954;-2.53253
-172.067;118.853;0.756336;-0.054717;0.0282385;-3.30857
-163.242;118.853;0.721902;-0.0777079;0.0470783;-4.07103
-154.416;118.853;0.712321;-0.0984931;0.0625695;-4.8159
-145.591;118.853;0.704309;-0.115311;0.0771942;-5.53155
-136.765;118.853;0.676575;-0.127619;0.0914454;-6.2148
-127.94;118.853;0.650239;-0.130323;0.0962274;-6.85201
-119.114;118.853;0.623314;-0.130272;0.0985773;-7.46306
-110.289;118.853;0.605123;-0.131806;0.104942;-8.05322
-101.463;118.853;0.605995;-0.131662;0.114784;-8.60958
-92.6379;118.853;0.576178;-0.124151;0.122239;-9.11454
-83.8124;118.853;0.51075;-0.117624;0.13005;-9.58551
-74.987;118.853;0.460758;-0.110359;0.135492;-10.0237
-66.1615;118.853;0.421909;-0.102043;0.144267;-10.4257
-57.3361;118.853;0.382425;-0.093907;0.159616;-10.7908
-48.5106;118.853;0.341352;-0.0866047;0.177198;-11.1164
-39.6852;118.853;0.314086;-0.0771646;0.187553;-11.4026
-30.8597;118.853;0.286054;-0.0625951;0.196407;-11.6368
-22.0342;118.853;0.247791;-0.0470969;0.205008;-11.8249
-13.2088;118.853;0.190214;-0.0316984;0.212298;-11.9599
-4.38334;118.853;0.133198;-0.0165244;0.220347;-12.0417
4.44212;118.853;0.106272;-0.000194892;0.22817;-12.0877
13.2676;118.853;0.1125;0.0161861;0.231489;-12.1001
22.093;118.853;0.108312;0.0324215;0.228259;-12.0674
30.9185;118.853;0.100004;0.046312;0.220767;-11.979
39.7439;118.853;0.0764251;0.0597458;0.211083;-11.826
48.5694;118.853;0.0185353;0.0741477;0.203828;-11.5963
57.3948;118.853;-0.0874984;0.0898665;0.198376;-11.2894
66.2203;118.853;-0.167016;0.101567;0.195837;-10.9541
75.0458;118.853;-0.205024;0.110289;0.189119;-10.601
83.8712;118.853;-0.302974;0.119743;0.178197;-10.1514
92.6967;118.853;-0.444649;0.121328;0.163761;-9.59385
101.522;118.853;-0.481439;0.121834;0.15304;-9.10299
110.348;118.853;-0.42047;0.121402;0.145297;-8.66923
119.173;118.853;-0.341089;0.119504;0.132978;-8.21524
127.998;118.853;-0.238193;0.1104;0.113975;-7.72224
136.824;118.853;-0.129135;0.0991355;0.0920503;-7.1985
145.649;118.853;-0.0921384;0.0877454;0.0740159;-6.59719
154.475;118.853;-0.097316;0.0756785;0.055293;-5.92483
163.3;118.853;-0.110744;0.0629848;0.0396462;-5.21812
172.126;118.853;-0.113219;0.0490382;0.0265733;-4.49974
180.951;118.853;-0.0995761;0.0331962;0.0174406;-3.778
189.777;118.853;-0.109909;0.0177891;0.0116393;-3.01842
198.602;118.853;-0.127878;0.00294693;0.00732594;-2.21092
207.428;118.853;0.0562418;-0.0168121;-0.0080394;-1.38846
-189.718;110.027;0.712601;-0.0478476;0.0169936;-2.2649
-180.892;110.027;0.682247;-0.0543683;0.0263451;-3.03019
-172.067;110.027;0.686482;-0.0676061;0.0419887;-3.8154
-163.242;110.027;0.66218;-0.089139;0.0593912;-4.59763
-154.416;110.027;0.653484;-0.109961;0.0721785;-5.36371
-145.591;110.027;0.656086;-0.126121;0.0832752;-6.0972
-136.765;110.027;0.639825;-0.136718;0.0959847;-6.79093
-127.94;110.027;0.608124;-0.140192;0.102632;-7.4369
-119.114;110.027;0.572519;-0.142068;0.108164;-8.06439
-110.289;110.027;0.55261;-0.144027;0.115457;-8.67217
-101.463;110.027;0.551412;-0.142859;0.124987;-9.24285
-92.6379;110.027;0.517923;-0.135401;0.13223;-9.75695
-83.8124;110.027;0.456506;-0.130964;0.139103;-10.246
-74.987;110.027;0.405808;-0.123961;0.143267;-10.6941
-66.1615;110.027;0.362296;-0.114172;0.151303;-11.0983
-57.3361;110.027;0.329053;-0.105178;0.167686;-11.4669
-48.5106;110.027;0.308854;-0.0980057;0.187286;-11.8051
-39.6852;110.027;0.291543;-0.0870976;0.19811;-12.101
-30.8597;110.027;0.268469;-0.0705529;0.204684;-12.3454
-22.0342;110.027;0.236275;-0.0535945;0.210482;-12.5458
-13.2088;110.027;0.18914;-0.0379093;0.215388;-12.6923
-4.38334;110.027;0.145118;-0.0227184;0.221601;-12.7872
4.44212;110.027;0.123493;-0.00612272;0.228063;-12.8417
13.2676;110.027;0.115469;0.0110094;0.232137;-12.8526
22.093;110.027;0.0881116;0.0271718;0.231502;-12.8103
30.9185;110.027;0.0577773;0.0399942;0.225833;-12.7078
39.7439;110.027;0.0150848;0.0569691;0.216131;-12.5434
48.5694;110.027;-0.0517935;0.0802386;0.206926;-12.3064
57.3948;110.027;-0.141246;0.104913;0.199269;-11.9992
66.2203;110.027;-0.179126;0.119135;0.196808;-11.688
75.0458;110.027;-0.173451;0.128311;0.187921;-11.3684
83.8712;110.027;-0.276364;0.139199;0.171625;-10.9098
92.6967;110.027;-0.472678;0.140475;0.156197;-10.2868
101.522;110.027;-0.607892;0.140879;0.14599;-9.69755
110.348;110.027;-0.598959;0.140685;0.138579;-9.20283
119.173;110.027;-0.528729;0.139488;0.128363;-8.73404
127.998;110.027;-0.410606;0.129787;0.112696;-8.24155
136.824;110.027;-0.277395;0.119236;0.0942648;-7.72727
145.649;110.027;-0.192591;0.108195;0.0809166;-7.14897
154.475;110.027;-0.160542;0.0966783;0.0646227;-6.49592
163.3;110.027;-0.1381;0.0832634;0.047627;-5.79801
172.126;110.027;-0.113297;0.0681351;0.0330553;-5.07768
180.951;110.027;-0.0866274;0.0516061;0.0232958;-4.34558
189.777;110.027;-0.0673527;0.0342884;0.0168128;-3.58557
198.602;110.027;-0.0735435;0.0155399;0.0123262;-2.78896
207.428;110.027;0.0397552;-0.00545491;-0.00329994;-1.93522
-198.543;101.202;0.825176;-0.0418568;0.00860738;-1.96274
-189.718;101.202;0.727355;-0.0557003;0.0200368;-2.746
-180.892;101.202;0.67054;-0.067303;0.0327701;-3.53496
-172.067;101.202;0.657773;-0.0810814;0.0468217;-4.32257
-163.242;101.202;0.635369;-0.100245;0.0620561;-5.11691
-154.416;101.202;0.624133;-0.119924;0.073641;-5.89773
-145.591;101.202;0.61711;-0.136664;0.0831664;-6.64491
-136.765;101.202;0.585559;-0.148905;0.0946981;-7.34801
-127.94;101.202;0.530748;-0.155005;0.102252;-7.99945
-119.114;101.202;0.478394;-0.159953;0.110753;-8.64076
-110.289;101.202;0.457962;-0.163334;0.1203;-9.26801
-101.463;101.202;0.470686;-0.161037;0.130284;-9.85959
-92.6379;101.202;0.465853;-0.151922;0.136485;-10.3894
-83.8124;101.202;0.443879;-0.146759;0.140859;-10.9001
-74.987;101.202;0.402938;-0.139771;0.144446;-11.3669
-66.1615;101.202;0.353035;-0.129375;0.152005;-11.7805
-57.3361;101.202;0.303067;-0.118086;0.168144;-12.1495
-48.5106;101.202;0.263452;-0.106984;0.188821;-12.4849
-39.6852;101.202;0.243559;-0.0927207;0.201974;-12.7859
-30.8597;101.202;0.229701;-0.0745009;0.208752;-13.0424
-22.0342;101.202;0.211564;-0.0567072;0.213322;-13.2544
-13.2088;101.202;0.186334;-0.0416157;0.217748;-13.4124
-4.38334;101.202;0.162126;-0.027293;0.223861;-13.5229
4.44212;101.202;0.146074;-0.0117199;0.229306;-13.5876
13.2676;101.202;0.132674;0.00461076;0.232157;-13.5996
22.093;101.202;0.0992203;0.01963;0.232171;-13.5519
30.9185;101.202;0.0559388;0.0315088;0.228641;-13.4467
39.7439;101.202;0.00434091;0.0540539;0.219246;-13.2886
48.5694;101.202;-0.0302398;0.089809;0.207862;-13.0917
57.3948;101.202;-0.0107591;0.126333;0.198458;-12.8692
66.2203;101.202;0.0730591;0.144142;0.196891;-12.6591
75.0458;101.202;0.117496;0.154033;0.185549;-12.3693
83.8712;101.202;0.029797;0.162892;0.166175;-11.9019
92.6967;101.202;-0.160584;0.164195;0.149744;-11.2683
101.522;101.202;-0.342924;0.165236;0.139169;-10.6291
110.348;101.202;-0.378394;0.163795;0.130151;-10.0745
119.173;101.202;-0.34672;0.161295;0.119586;-9.54833
127.998;101.202;-0.276132;0.152727;0.106645;-8.99832
136.824;101.202;-0.19244;0.143429;0.0935597;-8.42723
145.649;101.202;-0.121111;0.13225;0.0844327;-7.81978
154.475;101.202;-0.0876503;0.120052;0.0716159;-7.15274
163.3;101.202;-0.0601142;0.10568;0.0550931;-6.44017
172.126;101.202;-0.0460242;0.0898763;0.0384339;-5.69283
180.951;101.202;-0.0498607;0.0731376;0.0253165;-4.91962
189.777;101.202;-0.0489153;0.0542086;0.0155757;-4.12616
198.602;101.202;-0.0149743;0.030412;0.00663837;-3.30979
207.428;101.202;0.0338684;0.00603727;-0.00521525;-2.43888
-198.543;92.3763;0.862127;-0.0347053;0.00390653;-2.40911
-189.718;92.3763;0.761483;-0.0485499;0.0153948;-3.21514
-180.892;92.3763;0.688168;-0.0693827;0.0314469;-4.01496
-172.067;92.3763;0.661485;-0.0881567;0.0457371;-4.81369
-163.242;92.3763;0.641107;-0.106666;0.0596135;-5.61504
-154.416;92.3763;0.613251;-0.125208;0.0721345;-6.40178
-145.591;92.3763;0.57607;-0.141723;0.0831133;-7.15695
-136.765;92.3763;0.519452;-0.156237;0.0939311;-7.87318
-127.94;92.3763;0.453468;-0.166241;0.0999156;-8.54283
-119.114;92.3763;0.405294;-0.174527;0.10867;-9.20526
-110.289;92.3763;0.393996;-0.179282;0.119977;-9.85256
-101.463;92.3763;0.41407;-0.176538;0.131412;-10.4641
-92.6379;92.3763;0.431192;-0.165708;0.137684;-11.0146
-83.8124;92.3763;0.428687;-0.157871;0.141535;-11.5403
-74.987;92.3763;0.401559;-0.149993;0.146731;-12.0226
-66.1615;92.3763;0.355822;-0.139544;0.1549;-12.4474
-57.3361;92.3763;0.294459;-0.127462;0.169831;-12.8174
-48.5106;92.3763;0.235838;-0.113857;0.188611;-13.1546
-39.6852;92.3763;0.21219;-0.0974602;0.202922;-13.4646
-30.8597;92.3763;0.211438;-0.077935;0.210915;-13.7397
-22.0342;92.3763;0.20585;-0.0582825;0.216555;-13.9712
-13.2088;92.3763;0.195131;-0.0418473;0.222828;-14.1466
-4.38334;92.3763;0.184574;-0.0271484;0.230994;-14.2765
4.44212;92.3763;0.175134;-0.0122716;0.236936;-14.3535
13.2676;92.3763;0.159432;0.00387159;0.236934;-14.3615
22.093;92.3763;0.128402;0.0179878;0.233518;-14.3004
30.9185;92.3763;0.0825016;0.0311015;0.230543;-14.1936
39.7439;92.3763;0.0227345;0.061836;0.22075;-14.0414
48.5694;92.3763;0.00843249;0.109089;0.205039;-13.8726
57.3948;92.3763;0.105378;0.153974;0.189733;-13.7151
66.2203;92.3763;0.278399;0.173143;0.184012;-13.5774
75.0458;92.3763;0.337605;0.181284;0.171191;-13.2787
83.8712;92.3763;0.281467;0.186377;0.156295;-12.8074
92.6967;92.3763;0.150927;0.188093;0.143363;-12.2144
101.522;92.3763;0.0163398;0.189132;0.133406;-11.5994
110.348;92.3763;-0.0144104;0.18653;0.122269;-11.0261
119.173;92.3763;-0.015828;0.182792;0.110236;-10.4463
127.998;92.3763;-0.00754719;0.174997;0.0983637;-9.82437
136.824;92.3763;0.0072196;0.166443;0.0867995;-9.17824
145.649;92.3763;0.0318402;0.15499;0.078146;-8.51314
154.475;92.3763;0.0470591;0.142415;0.0692405;-7.81702
163.3;92.3763;0.0563037;0.12866;0.0569968;-7.07884
172.126;92.3763;0.0266138;0.113391;0.0426115;-6.2885
180.951;92.3763;-0.0397053;0.0957878;0.0296047;-5.455
189.777;92.3763;-0.0732665;0.0742814;0.0176794;-4.61635
198.602;92.3763;-0.0244876;0.0482073;0.00620787;-3.78302
207.428;92.3763;0.0608972;0.0213972;-0.00284756;-2.93763
-216.194;83.5508;0.808671;-0.0405556;0.00558422;-1.10018
-207.369;83.5508;0.897197;-0.0248187;-0.00404678;-1.95719
-198.543;83.5508;0.867421;-0.0279914;0.000399431;-2.83061
-189.718;83.5508;0.778533;-0.0417041;0.011141;-3.65805
-180.892;83.5508;0.697824;-0.0685752;0.0281105;-4.47198
-172.067;83.5508;0.662529;-0.0914579;0.042736;-5.27886
-163.242;83.5508;0.630067;-0.11069;0.0560128;-6.0808
-154.416;83.5508;0.571139;-0.129546;0.0702749;-6.87203
-145.591;83.5508;0.51232;-0.144323;0.0821322;-7.63457
-136.765;83.5508;0.453704;-0.158522;0.0908109;-8.3696
-127.94;83.5508;0.405051;-0.16981;0.0938115;-9.069
-119.114;83.5508;0.37376;-0.178777;0.100519;-9.75059
-110.289;83.5508;0.363348;-0.183813;0.111656;-10.4094
-101.463;83.5508;0.371716;-0.182261;0.123821;-11.0337
-92.6379;83.5508;0.389143;-0.173245;0.13032;-11.6069
-83.8124;83.5508;0.384034;-0.164196;0.136074;-12.1449
-74.987;83.5508;0.366569;-0.154959;0.144719;-12.6401
-66.1615;83.5508;0.336835;-0.143601;0.154817;-13.0823
-57.3361;83.5508;0.289297;-0.131392;0.167702;-13.4711
-48.5106;83.5508;0.240315;-0.118391;0.18375;-13.8274
-39.6852;83.5508;0.222592;-0.10317;0.198485;-14.1555
-30.8597;83.5508;0.228051;-0.0835773;0.207398;-14.4427
-22.0342;83.5508;0.222426;-0.0623913;0.213501;-14.6764
-13.2088;83.5508;0.205522;-0.0433925;0.220422;-14.8543
-4.38334;83.5508;0.192378;-0.0267537;0.2303;-14.9938
4.44212;83.5508;0.184194;-0.0105064;0.238118;-15.0831
13.2676;83.5508;0.164183;0.00828821;0.237784;-15.0956
22.093;83.5508;0.139882;0.0241954;0.232413;-15.0344
30.9185;83.5508;0.107154;0.0432974;0.228329;-14.933
39.7439;83.5508;0.0423931;0.082877;0.215101;-14.7664
48.5694;83.5508;0.00400331;0.133665;0.191705;-14.5537
57.3948;83.5508;0.0628918;0.174661;0.166431;-14.34
66.2203;83.5508;0.204602;0.189275;0.152019;-14.1519
75.0458;83.5508;0.256343;0.198581;0.141586;-13.8365
83.8712;83.5508;0.231442;0.206445;0.136555;-13.3958
92.6967;83.5508;0.185862;0.212009;0.132312;-12.8835
101.522;83.5508;0.16785;0.213315;0.12486;-12.3451
110.348;83.5508;0.176507;0.210965;0.111444;-11.7865
119.173;83.5508;0.155765;0.207062;0.0970243;-11.1789
127.998;83.5508;0.131606;0.198732;0.0844011;-10.5166
136.824;83.5508;0.120325;0.189294;0.0703522;-9.82912
145.649;83.5508;0.12845;0.177439;0.0591582;-9.126
154.475;83.5508;0.14377;0.165217;0.0533693;-8.41518
163.3;83.5508;0.138977;0.15313;0.0477346;-7.65804
172.126;83.5508;0.0641645;0.137934;0.0389322;-6.82835
180.951;83.5508;-0.0481373;0.117388;0.027743;-5.94947
189.777;83.5508;-0.0653549;0.0916546;0.0158222;-5.09802
198.602;83.5508;0.00906635;0.0620326;0.00224648;-4.26036
207.428;83.5508;0.133653;0.0315869;-0.00943183;-3.42485
216.253;83.5508;0.240368;0.00492664;-0.0147979;-2.55595
225.078;83.5508;0.270573;-0.0173901;-0.00963415;-1.6535
-216.194;74.7253;0.797787;-0.0485289;0.00669986;-1.47936
-207.369;74.7253;0.861445;-0.0286916;-0.000844858;-2.35629
-198.543;74.7253;0.845599;-0.0226591;-0.00295767;-3.22205
-189.718;74.7253;0.756001;-0.0440879;0.0084851;-4.06594
-180.892;74.7253;0.691477;-0.070305;0.0228555;-4.89151
-172.067;74.7253;0.656529;-0.0927208;0.0364075;-5.70977
-163.242;74.7253;0.604101;-0.11281;0.0485076;-6.51504
-154.416;74.7253;0.518571;-0.133058;0.0625149;-7.3186
-145.591;74.7253;0.462679;-0.145045;0.0718172;-8.09448
-136.765;74.7253;0.426558;-0.156715;0.076916;-8.85335
-127.94;74.7253;0.410524;-0.166399;0.0770544;-9.58385
-119.114;74.7253;0.385583;-0.173872;0.0814272;-10.2803
-110.289;74.7253;0.354066;-0.178274;0.0903567;-10.9424
-101.463;74.7253;0.337424;-0.17846;0.100261;-11.5744
-92.6379;74.7253;0.345616;-0.17404;0.105507;-12.1738
-83.8124;74.7253;0.340254;-0.167313;0.113717;-12.7298
-74.987;74.7253;0.320019;-0.15845;0.125801;-13.2397
-66.1615;74.7253;0.305516;-0.145803;0.137821;-13.7015
-57.3361;74.7253;0.285593;-0.132892;0.148771;-14.112
-48.5106;74.7253;0.264048;-0.121336;0.161738;-14.4954
-39.6852;74.7253;0.25922;-0.109447;0.175245;-14.8496
-30.8597;74.7253;0.253224;-0.0899791;0.184909;-15.1474
-22.0342;74.7253;0.234743;-0.0658709;0.193991;-15.3845
-13.2088;74.7253;0.19835;-0.0424179;0.203433;-15.5595
-4.38334;74.7253;0.166978;-0.0215751;0.213194;-15.69
4.44212;74.7253;0.146955;-0.00202007;0.219311;-15.7729
13.2676;74.7253;0.12655;0.0187808;0.217788;-15.7935
22.093;74.7253;0.124464;0.0361106;0.212293;-15.7545
30.9185;74.7253;0.129943;0.0644508;0.204174;-15.6675
39.7439;74.7253;0.102725;0.112181;0.185872;-15.4989
48.5694;74.7253;0.0811987;0.161576;0.159478;-15.2596
57.3948;74.7253;0.109976;0.193307;0.133172;-14.9867
66.2203;74.7253;0.173281;0.204458;0.116011;-14.7066
75.0458;74.7253;0.191227;0.21495;0.108367;-14.3508
83.8712;74.7253;0.18392;0.225039;0.107749;-13.9267
92.6967;74.7253;0.182962;0.232891;0.107661;-13.4556
101.522;74.7253;0.202807;0.235714;0.101993;-12.9439
110.348;74.7253;0.222395;0.233231;0.0888164;-12.3814
119.173;74.7253;0.190651;0.227679;0.0750048;-11.7574
127.998;74.7253;0.159175;0.219445;0.0641383;-11.0889
136.824;74.7253;0.152877;0.209374;0.0512496;-10.393
145.649;74.7253;0.177187;0.197513;0.0402665;-9.67999
154.475;74.7253;0.209092;0.186018;0.0358442;-8.96391
163.3;74.7253;0.224509;0.173802;0.0354955;-8.20922
172.126;74.7253;0.179452;0.155833;0.0324427;-7.38113
180.951;74.7253;0.112578;0.131195;0.0245255;-6.50787
189.777;74.7253;0.127143;0.103571;0.0151826;-5.66149
198.602;74.7253;0.218018;0.0727367;0.00377362;-4.81946
207.428;74.7253;0.296872;0.0418034;-0.00793208;-3.94992
216.253;74.7253;0.35189;0.0142787;-0.0132162;-3.0284
225.078;74.7253;0.364278;-0.0102094;-0.00683069;-2.1015
-216.194;65.8999;0.785652;-0.0437023;0.0050963;-1.78732
-207.369;65.8999;0.809685;-0.0305262;0.00251751;-2.69451
-198.543;65.8999;0.783638;-0.0290288;-0.000758355;-3.56211
-189.718;65.8999;0.707726;-0.0535374;0.00618406;-4.42978
-180.892;65.8999;0.672269;-0.0752429;0.014023;-5.2712
-172.067;65.8999;0.657462;-0.0943832;0.0231362;-6.12123
-163.242;65.8999;0.610121;-0.114722;0.0312488;-6.95413
-154.416;65.8999;0.536044;-0.133763;0.0398554;-7.77822
-145.591;65.8999;0.503464;-0.141011;0.0425716;-8.56586
-136.765;65.8999;0.483554;-0.150524;0.0441791;-9.34087
-127.94;65.8999;0.482744;-0.160906;0.0430622;-10.0926
-119.114;65.8999;0.449224;-0.170051;0.047218;-10.8039
-110.289;65.8999;0.396897;-0.174957;0.0547784;-11.4693
-101.463;65.8999;0.372648;-0.1739;0.0611799;-12.1044
-92.6379;65.8999;0.393413;-0.168313;0.0644607;-12.7149
-83.8124;65.8999;0.390122;-0.164084;0.0718567;-13.291
-74.987;65.8999;0.366802;-0.160663;0.0855931;-13.8264
-66.1615;65.8999;0.347605;-0.150532;0.100203;-14.3132
-57.3361;65.8999;0.326259;-0.137909;0.111793;-14.7441
-48.5106;65.8999;0.308776;-0.125908;0.122988;-15.1486
-39.6852;65.8999;0.307653;-0.113749;0.134999;-15.5215
-30.8597;65.8999;0.304881;-0.0943303;0.146935;-15.8331
-22.0342;65.8999;0.307804;-0.069674;0.161058;-16.0983
-13.2088;65.8999;0.290483;-0.0442251;0.174937;-16.2973
-4.38334;65.8999;0.264953;-0.0205176;0.184295;-16.4303
4.44212;65.8999;0.237566;0.000998671;0.187299;-16.4998
13.2676;65.8999;0.211079;0.0213967;0.185244;-16.5123
22.093;65.8999;0.217066;0.0399035;0.180891;-16.4827
30.9185;65.8999;0.23456;0.0805213;0.165425;-16.3907
39.7439;65.8999;0.244301;0.137256;0.14192;-16.2336
48.5694;65.8999;0.293256;0.184724;0.119788;-16.0436
57.3948;65.8999;0.38183;0.209129;0.105693;-15.817
66.2203;65.8999;0.41387;0.223629;0.0989569;-15.4966
75.0458;65.8999;0.376922;0.238207;0.0935315;-15.0806
83.8712;65.8999;0.344284;0.248579;0.0896671;-14.6229
92.6967;65.8999;0.338723;0.253778;0.08568;-14.128
101.522;65.8999;0.354217;0.254374;0.0790035;-13.5917
110.348;65.8999;0.360922;0.251787;0.0680352;-13.008
119.173;65.8999;0.32353;0.245391;0.0563305;-12.3703
127.998;65.8999;0.290772;0.236313;0.0481109;-11.6941
136.824;65.8999;0.278477;0.225617;0.0413309;-10.9841
145.649;65.8999;0.289293;0.214024;0.034492;-10.2486
154.475;65.8999;0.313571;0.202302;0.0300055;-9.50697
163.3;65.8999;0.327949;0.189276;0.0282302;-8.73352
172.126;65.8999;0.313663;0.169261;0.0255807;-7.90363
180.951;65.8999;0.294474;0.143723;0.0203373;-7.04325
189.777;65.8999;0.315276;0.116882;0.013297;-6.19317
198.602;65.8999;0.377562;0.0868213;0.00507886;-5.3263
207.428;65.8999;0.425456;0.056907;-0.00161448;-4.42798
216.253;65.8999;0.444272;0.0290039;-0.00300972;-3.49689
225.078;65.8999;0.441011;0.00350982;0.00164615;-2.51864
233.904;65.8999;0.518908;-0.0230138;0.00108121;-1.4798
-216.194;57.0744;0.753439;-0.0352236;0.00279731;-2.06499
-207.369;57.0744;0.756039;-0.0279188;0.00220376;-2.97697
-198.543;57.0744;0.703038;-0.0322513;0.000137993;-3.85069
-189.718;57.0744;0.630993;-0.0579875;0.00318926;-4.7325
-180.892;57.0744;0.617677;-0.0794132;0.00506719;-5.5926
-172.067;57.0744;0.631743;-0.10132;0.00835396;-6.47546
-163.242;57.0744;0.623812;-0.123724;0.0111903;-7.34794
-154.416;57.0744;0.599777;-0.137456;0.012578;-8.19668
-145.591;57.0744;0.600417;-0.138263;0.0091714;-9.00355
-136.765;57.0744;0.584689;-0.145974;0.00798021;-9.79077
-127.94;57.0744;0.561603;-0.161018;0.0113602;-10.5599
-119.114;57.0744;0.51495;-0.173643;0.0193749;-11.2884
-110.289;57.0744;0.458432;-0.177184;0.0287278;-11.966
-101.463;57.0744;0.432567;-0.171436;0.0346978;-12.6118
-92.6379;57.0744;0.461153;-0.162313;0.0362701;-13.2312
-83.8124;57.0744;0.4681;-0.159002;0.0419444;-13.8269
-74.987;57.0744;0.447579;-0.159847;0.0547738;-14.3836
-66.1615;57.0744;0.41586;-0.156488;0.0690763;-14.8934
-57.3361;57.0744;0.377873;-0.147307;0.0814218;-15.345
-48.5106;57.0744;0.35487;-0.13415;0.09295;-15.7649
-39.6852;57.0744;0.361035;-0.118662;0.10507;-16.1528
-30.8597;57.0744;0.366654;-0.0968307;0.118006;-16.477
-22.0342;57.0744;0.385926;-0.0718455;0.135057;-16.7712
-13.2088;57.0744;0.392193;-0.047297;0.151479;-17.006
-4.38334;57.0744;0.377864;-0.0234485;0.16183;-17.1527
4.44212;57.0744;0.341326;-0.00303015;0.167034;-17.2115
13.2676;57.0744;0.299466;0.013296;0.170663;-17.2075
22.093;57.0744;0.309472;0.034039;0.167242;-17.1807
30.9185;57.0744;0.334113;0.0879494;0.145329;-17.0796
39.7439;57.0744;0.357073;0.156171;0.117652;-16.9166
48.5694;57.0744;0.420724;0.206393;0.0977694;-16.7331
57.3948;57.0744;0.506845;0.228623;0.0897891;-16.503
66.2203;57.0744;0.51609;0.245283;0.0885222;-16.1518
75.0458;57.0744;0.442463;0.261712;0.0865275;-15.6896
83.8712;57.0744;0.406091;0.270113;0.0803589;-15.2062
92.6967;57.0744;0.409764;0.273229;0.0733096;-14.6978
101.522;57.0744;0.433113;0.27363;0.0660194;-14.1527
110.348;57.0744;0.445932;0.272491;0.0560952;-13.5637
119.173;57.0744;0.400501;0.265206;0.046996;-12.9064
127.998;57.0744;0.358907;0.254607;0.0405852;-12.2062
136.824;57.0744;0.337;0.2452;0.0366889;-11.4839
145.649;57.0744;0.338795;0.234292;0.032958;-10.7371
154.475;57.0744;0.360439;0.220288;0.0287165;-9.97592
163.3;57.0744;0.384383;0.203891;0.024699;-9.18454
172.126;57.0744;0.390127;0.182363;0.0218358;-8.34671
180.951;57.0744;0.387711;0.158888;0.0186603;-7.48761
189.777;57.0744;0.396904;0.133026;0.0133418;-6.62113
198.602;57.0744;0.429269;0.102313;0.00654486;-5.7294
207.428;57.0744;0.460983;0.0723251;0.00340337;-4.81626
216.253;57.0744;0.479491;0.0439436;0.00412015;-3.87465
225.078;57.0744;0.492217;0.0138097;0.00552536;-2.87022
233.904;57.0744;0.572341;-0.0169341;0.00594575;-1.81201
-225.02;48.249;0.731176;-0.0225841;-0.0019088;-1.41957
-216.194;48.249;0.73356;-0.034308;0.000139993;-2.32085
-207.369;48.249;0.726227;-0.0321439;0.00046128;-3.21631
-198.543;48.249;0.637673;-0.0436098;0.00133124;-4.10851
-189.718;48.249;0.568256;-0.0663653;0.00245035;-4.99892
-180.892;48.249;0.551947;-0.0873277;0.00159471;-5.88248
-172.067;48.249;0.553632;-0.113701;0.00252146;-6.78713
-163.242;48.249;0.551068;-0.140393;0.00400928;-7.68773
-154.416;48.249;0.56325;-0.151868;0.00173928;-8.55243
-145.591;48.249;0.603853;-0.149094;-0.00507068;-9.37462
-136.765;48.249;0.578412;-0.156256;-0.00459704;-10.1669
-127.94;48.249;0.535617;-0.171188;0.000861947;-10.9398
-119.114;48.249;0.484166;-0.182956;0.0113302;-11.6776
-110.289;48.249;0.443934;-0.186216;0.0234509;-12.378
-101.463;48.249;0.437672;-0.180366;0.0310664;-13.0556
-92.6379;48.249;0.467989;-0.16933;0.0311466;-13.6976
-83.8124;48.249;0.483821;-0.162431;0.0328813;-14.2993
-74.987;48.249;0.456853;-0.165228;0.0434993;-14.8584
-66.1615;48.249;0.410511;-0.163989;0.0574252;-15.3727
-57.3361;48.249;0.367269;-0.154824;0.0709822;-15.8432
-48.5106;48.249;0.35742;-0.139983;0.0838184;-16.2918
-39.6852;48.249;0.384507;-0.121714;0.0966192;-16.7137
-30.8597;48.249;0.398629;-0.0979162;0.109097;-17.0589
-22.0342;48.249;0.405957;-0.0729544;0.124015;-17.3555
-13.2088;48.249;0.415284;-0.0508557;0.138682;-17.6076
-4.38334;48.249;0.406118;-0.0278799;0.150418;-17.7713
4.44212;48.249;0.37586;-0.00905646;0.16029;-17.843
13.2676;48.249;0.347681;0.00515169;0.168844;-17.8467
22.093;48.249;0.369348;0.0361663;0.163313;-17.8272
30.9185;48.249;0.3968;0.103463;0.139811;-17.7248
39.7439;48.249;0.422986;0.178213;0.113043;-17.5548
48.5694;48.249;0.472738;0.227992;0.0952597;-17.3462
57.3948;48.249;0.521711;0.248969;0.0876319;-17.0708
66.2203;48.249;0.503653;0.266396;0.0826913;-16.6837
75.0458;48.249;0.418369;0.281933;0.0775112;-16.1963
83.8712;48.249;0.383591;0.288524;0.0704158;-15.6946
92.6967;48.249;0.388613;0.290726;0.064692;-15.1688
101.522;48.249;0.414908;0.290849;0.0603754;-14.6096
110.348;48.249;0.438413;0.290816;0.0541742;-14.0179
119.173;48.249;0.393725;0.282202;0.0473934;-13.3366
127.998;48.249;0.348269;0.270685;0.0411219;-12.61
136.824;48.249;0.326469;0.262511;0.0358822;-11.8791
145.649;48.249;0.335113;0.253185;0.0310059;-11.1374
154.475;48.249;0.366684;0.238274;0.026143;-10.3744
163.3;48.249;0.414261;0.218842;0.0214427;-9.57839
172.126;48.249;0.428349;0.197114;0.0194487;-8.73104
180.951;48.249;0.416016;0.175081;0.018518;-7.85379
189.777;48.249;0.401736;0.14852;0.014787;-6.95462
198.602;48.249;0.417766;0.115668;0.00820028;-6.04174
207.428;48.249;0.447426;0.0828274;0.00457464;-5.11087
216.253;48.249;0.480054;0.0502973;0.00407551;-4.15549
225.078;48.249;0.516555;0.0142507;0.00391523;-3.15563
233.904;48.249;0.571477;-0.0188122;0.00526853;-2.11214
-225.02;39.4235;0.683933;-0.0218083;-0.00120044;-1.62499
-216.194;39.4235;0.678594;-0.037232;0.00105214;-2.55031
-207.369;39.4235;0.64359;-0.0463837;0.00346324;-3.45604
-198.543;39.4235;0.567028;-0.0625343;0.00611299;-4.35297
-189.718;39.4235;0.533347;-0.0806867;0.00478502;-5.25256
-180.892;39.4235;0.527863;-0.0976994;0.00190485;-6.15589
-172.067;39.4235;0.515132;-0.120434;0.000658003;-7.0572
-163.242;39.4235;0.504779;-0.14641;0.000340217;-7.96346
-154.416;39.4235;0.530709;-0.160938;-0.00376605;-8.84223
-145.591;39.4235;0.574364;-0.161554;-0.010426;-9.6804
-136.765;39.4235;0.532608;-0.167348;-0.00812446;-10.4719
-127.94;39.4235;0.466857;-0.180212;-0.00135731;-11.2456
-119.114;39.4235;0.427457;-0.19029;0.00746053;-11.9901
-110.289;39.4235;0.415948;-0.195301;0.0174524;-12.7104
-101.463;39.4235;0.421319;-0.194113;0.0258615;-13.4173
-92.6379;39.4235;0.433972;-0.185976;0.0277516;-14.0839
-83.8124;39.4235;0.439664;-0.17478;0.0284649;-14.6935
-74.987;39.4235;0.41607;-0.173226;0.0367974;-15.2607
-66.1615;39.4235;0.374872;-0.169641;0.0503728;-15.7882
-57.3361;39.4235;0.343384;-0.15835;0.0641436;-16.2839
-48.5106;39.4235;0.357084;-0.142335;0.0763413;-16.7671
-39.6852;39.4235;0.409212;-0.123978;0.0879709;-17.2298
-30.8597;39.4235;0.431242;-0.10184;0.100386;-17.5996
-22.0342;39.4235;0.41322;-0.0787489;0.115494;-17.8859
-13.2088;39.4235;0.417192;-0.0585424;0.130648;-18.1358
-4.38334;39.4235;0.421986;-0.0369731;0.145745;-18.3273
4.44212;39.4235;0.42389;-0.016762;0.157802;-18.4467
13.2676;39.4235;0.435953;0.00725229;0.162622;-18.4958
22.093;39.4235;0.47674;0.0596804;0.150016;-18.4937
30.9185;39.4235;0.527669;0.138306;0.127196;-18.4111
39.7439;39.4235;0.606123;0.207286;0.108049;-18.275
48.5694;39.4235;0.65795;0.248327;0.0963966;-18.0541
57.3948;39.4235;0.648823;0.268154;0.088542;-17.7229
66.2203;39.4235;0.572722;0.287325;0.0757724;-17.2799
75.0458;39.4235;0.469402;0.300662;0.0623637;-16.7537
83.8712;39.4235;0.409311;0.306568;0.0545123;-16.2099
92.6967;39.4235;0.386608;0.30993;0.0521039;-15.6475
101.522;39.4235;0.395012;0.310839;0.0522044;-15.062
110.348;39.4235;0.417713;0.311775;0.0502989;-14.4612
119.173;39.4235;0.392387;0.302981;0.0450129;-13.7659
127.998;39.4235;0.359762;0.288861;0.0384977;-13.016
136.824;39.4235;0.349051;0.277686;0.0321817;-12.2666
145.649;39.4235;0.368246;0.266792;0.0262132;-11.5158
154.475;39.4235;0.409395;0.251294;0.0208345;-10.7451
163.3;39.4235;0.478269;0.232109;0.0163962;-9.95379
172.126;39.4235;0.504975;0.211894;0.0150103;-9.10801
180.951;39.4235;0.48564;0.186939;0.0149351;-8.20148
189.777;39.4235;0.445452;0.158786;0.0124337;-7.262
198.602;39.4235;0.44835;0.125825;0.00741008;-6.32673
207.428;39.4235;0.465324;0.0913948;0.003689;-5.36876
216.253;39.4235;0.503842;0.0542435;0.00190546;-4.38428
225.078;39.4235;0.529225;0.0134601;-0.000372293;-3.37112
233.904;39.4235;0.478669;-0.0216789;-0.00151525;-2.35238
-225.02;30.5981;0.667552;-0.0267777;0.0040265;-1.83127
-216.194;30.5981;0.655921;-0.0431597;0.00457771;-2.77878
-207.369;30.5981;0.613172;-0.0553521;0.005762;-3.68517
-198.543;30.5981;0.566062;-0.0725174;0.00832752;-4.59203
-189.718;30.5981;0.577787;-0.0876514;0.00579141;-5.49646
-180.892;30.5981;0.581825;-0.102143;0.00144661;-6.40908
-172.067;30.5981;0.560382;-0.120141;-0.00229392;-7.30293
-163.242;30.5981;0.539757;-0.144286;-0.00511417;-8.20784
-154.416;30.5981;0.549695;-0.164109;-0.00993043;-9.09813
-145.591;30.5981;0.570464;-0.169379;-0.0151662;-9.93853
-136.765;30.5981;0.517251;-0.173759;-0.0120836;-10.729
-127.94;30.5981;0.444398;-0.184665;-0.00578588;-11.5088
-119.114;30.5981;0.418389;-0.192666;-0.000525458;-12.2641
-110.289;30.5981;0.420507;-0.198938;0.00489295;-12.9998
-101.463;30.5981;0.421608;-0.202387;0.0123694;-13.7251
-92.6379;30.5981;0.413866;-0.198384;0.0173512;-14.415
-83.8124;30.5981;0.406418;-0.185599;0.0197048;-15.0467
-74.987;30.5981;0.396855;-0.178541;0.0257725;-15.635
-66.1615;30.5981;0.372499;-0.173073;0.0376737;-16.1882
-57.3361;30.5981;0.357289;-0.160813;0.0500297;-16.7089
-48.5106;30.5981;0.389201;-0.144997;0.060387;-17.219
-39.6852;30.5981;0.458248;-0.128132;0.0704307;-17.7191
-30.8597;30.5981;0.492454;-0.109339;0.0827343;-18.1285
-22.0342;30.5981;0.47049;-0.0877513;0.0983568;-18.4391
-13.2088;30.5981;0.492371;-0.0666191;0.115842;-18.7074
-4.38334;30.5981;0.546833;-0.0470951;0.137165;-18.9475
4.44212;30.5981;0.593486;-0.0222653;0.149786;-19.1105
13.2676;30.5981;0.626477;0.023392;0.141016;-19.1882
22.093;30.5981;0.688029;0.10526;0.112849;-19.2161
30.9185;30.5981;0.83051;0.193841;0.0847535;-19.2172
39.7439;30.5981;1.0449;0.247166;0.0751376;-19.1894
48.5694;30.5981;1.11857;0.269657;0.0747696;-18.9682
57.3948;30.5981;1.02965;0.283143;0.0703351;-18.5632
66.2203;30.5981;0.870467;0.302246;0.0557587;-18.0379
75.0458;30.5981;0.715604;0.314345;0.0409335;-17.4309
83.8712;30.5981;0.599751;0.320574;0.033842;-16.8073
92.6967;30.5981;0.542734;0.325079;0.0335808;-16.1943
101.522;30.5981;0.543453;0.326253;0.0361785;-15.583
110.348;30.5981;0.576391;0.324711;0.0358431;-14.9608
119.173;30.5981;0.577135;0.314377;0.0311686;-14.2623
127.998;30.5981;0.558869;0.298348;0.026208;-13.5022
136.824;30.5981;0.534356;0.285313;0.0228845;-12.7172
145.649;30.5981;0.51362;0.274329;0.0196807;-11.9158
154.475;30.5981;0.508641;0.260206;0.0147321;-11.0963
163.3;30.5981;0.559224;0.243552;0.00957911;-10.2829
172.126;30.5981;0.583425;0.224776;0.00749011;-9.42873
180.951;30.5981;0.559021;0.199057;0.00720255;-8.50556
189.777;30.5981;0.51038;0.168167;0.0066763;-7.54182
198.602;30.5981;0.522342;0.133873;0.00626939;-6.6072
207.428;30.5981;0.549546;0.099608;0.00536417;-5.65138
216.253;30.5981;0.580799;0.0625295;0.0031384;-4.65371
225.078;30.5981;0.607444;0.0211755;-0.00116529;-3.62091
233.904;30.5981;0.615146;-0.0187249;-0.00368515;-2.59305
-225.02;21.7726;0.689977;-0.0292009;0.00711129;-2.00202
-216.194;21.7726;0.688297;-0.0466629;0.00583697;-2.97856
-207.369;21.7726;0.652144;-0.0589202;0.00584522;-3.89148
-198.543;21.7726;0.631162;-0.0752585;0.00812137;-4.80922
-189.718;21.7726;0.65508;-0.0912857;0.00626018;-5.72691
-180.892;21.7726;0.656678;-0.106119;0.00138925;-6.64499
-172.067;21.7726;0.623208;-0.121799;-0.0046716;-7.52957
-163.242;21.7726;0.583805;-0.144177;-0.00993749;-8.42094
-154.416;21.7726;0.568894;-0.16651;-0.0153346;-9.31009
-145.591;21.7726;0.573253;-0.174968;-0.0199732;-10.1561
-136.765;21.7726;0.531857;-0.178329;-0.0187898;-10.9589
-127.94;21.7726;0.481965;-0.187286;-0.0160348;-11.756
-119.114;21.7726;0.461129;-0.192791;-0.0142008;-12.53
-110.289;21.7726;0.453518;-0.198387;-0.0113057;-13.2761
-101.463;21.7726;0.442305;-0.203059;-0.00523277;-14.003
-92.6379;21.7726;0.428162;-0.200724;0.00124945;-14.6998
-83.8124;21.7726;0.423428;-0.189117;0.00486065;-15.3531
-74.987;21.7726;0.429215;-0.181476;0.00896577;-15.9726
-66.1615;21.7726;0.416204;-0.177063;0.0180896;-16.5623
-57.3361;21.7726;0.407818;-0.165813;0.0287592;-17.1086
-48.5106;21.7726;0.441406;-0.151015;0.0390279;-17.6336
-39.6852;21.7726;0.512216;-0.135034;0.0515451;-18.1553
-30.8597;21.7726;0.568355;-0.117458;0.0673114;-18.6142
-22.0342;21.7726;0.589243;-0.0959328;0.0824392;-18.9805
-13.2088;21.7726;0.666009;-0.0744793;0.0992945;-19.3038
-4.38334;21.7726;0.795519;-0.0557336;0.124534;-19.5931
4.44212;21.7726;0.829546;-0.0248286;0.132237;-19.7123
13.2676;21.7726;0.767359;0.0429911;0.103464;-19.7186
22.093;21.7726;0.807164;0.151903;0.0486779;-19.7504
30.9185;21.7726;1.09874;0.239422;0.0120981;-19.8212
39.7439;21.7726;1.28281;0.284639;0.00730263;-19.7622
48.5694;21.7726;1.19304;0.298402;0.0153233;-19.4322
57.3948;21.7726;1.00255;0.308813;0.0213569;-18.9734
66.2203;21.7726;0.909255;0.32349;0.0194509;-18.4715
75.0458;21.7726;0.846251;0.33105;0.0163391;-17.9108
83.8712;21.7726;0.723457;0.337643;0.0158729;-17.2762
92.6967;21.7726;0.644532;0.342389;0.0171223;-16.6329
101.522;21.7726;0.622688;0.345604;0.0187824;-15.9884
110.348;21.7726;0.627989;0.342631;0.0184381;-15.3097
119.173;21.7726;0.603482;0.332889;0.0138607;-14.5788
127.998;21.7726;0.573498;0.317911;0.0112525;-13.8078
136.824;21.7726;0.551746;0.303196;0.0120412;-13.0082
145.649;21.7726;0.53112;0.289302;0.0123207;-12.1824
154.475;21.7726;0.510927;0.273416;0.00855636;-11.3319
163.3;21.7726;0.540462;0.256273;0.00396205;-10.494
172.126;21.7726;0.559127;0.237628;0.00217463;-9.62687
180.951;21.7726;0.52821;0.210898;0.00214733;-8.679
189.777;21.7726;0.48384;0.179336;0.0028189;-7.69984
198.602;21.7726;0.538102;0.14398;0.00419675;-6.7908
207.428;21.7726;0.609967;0.109095;0.00445854;-5.86902
216.253;21.7726;0.665222;0.0712935;0.00285086;-4.88909
225.078;21.7726;0.688117;0.0280605;-0.000934887;-3.84955
233.904;21.7726;0.704914;-0.0177988;-0.00507783;-2.77982
242.729;21.7726;0.343296;-0.0406965;7.2823e-05;-1.69353
-225.02;12.9472;0.726213;-0.0214832;0.00430424;-2.11269
-216.194;12.9472;0.725841;-0.043435;0.00249662;-3.10446
-207.369;12.9472;0.672497;-0.0579108;0.00311265;-4.01143
-198.543;12.9472;0.650417;-0.0750121;0.00522528;-4.92835
-189.718;12.9472;0.660725;-0.0946209;0.00407685;-5.86325
-180.892;12.9472;0.670722;-0.11323;0.000607087;-6.80192
-172.067;12.9472;0.622312;-0.130787;-0.00476145;-7.68366
-163.242;12.9472;0.550836;-0.15212;-0.0106821;-8.56001
-154.416;12.9472;0.522097;-0.171495;-0.017574;-9.44224
-145.591;12.9472;0.538477;-0.180056;-0.0235678;-10.3064
-136.765;12.9472;0.52997;-0.183364;-0.0269265;-11.1362
-127.94;12.9472;0.51404;-0.190526;-0.0281826;-11.9552
-119.114;12.9472;0.494617;-0.19485;-0.0279285;-12.7494
-110.289;12.9472;0.472794;-0.200522;-0.0249647;-13.5049
-101.463;12.9472;0.447809;-0.206195;-0.0189534;-14.2358
-92.6379;12.9472;0.424152;-0.205311;-0.0125074;-14.9343
-83.8124;12.9472;0.414244;-0.194485;-0.00943452;-15.5943
-74.987;12.9472;0.428188;-0.186757;-0.00645367;-16.2391
-66.1615;12.9472;0.430688;-0.181264;-0.000226239;-16.8608
-57.3361;12.9472;0.425056;-0.16824;0.00796372;-17.4255
-48.5106;12.9472;0.448174;-0.152255;0.01901;-17.9521
-39.6852;12.9472;0.520342;-0.136273;0.0369031;-18.4794
-30.8597;12.9472;0.628775;-0.119948;0.0579121;-18.9876
-22.0342;12.9472;0.750705;-0.101543;0.0747093;-19.4407
-13.2088;12.9472;0.886777;-0.084157;0.088998;-19.8246
-4.38334;12.9472;0.918625;-0.0551077;0.105261;-20.041
4.44212;12.9472;0.762969;-0.0106169;0.101616;-19.981
13.2676;12.9472;0.520514;0.0672099;0.0601346;-19.8469
22.093;12.9472;0.424265;0.175551;-0.00124512;-19.8205
30.9185;12.9472;0.58329;0.259697;-0.0413854;-19.8353
39.7439;12.9472;0.5825;0.305725;-0.0526278;-19.6413
48.5694;12.9472;0.500855;0.320342;-0.0476476;-19.2508
57.3948;12.9472;0.505271;0.33446;-0.0336589;-18.8903
66.2203;12.9472;0.66021;0.346962;-0.019636;-18.5577
75.0458;12.9472;0.770601;0.349945;-0.00838159;-18.1326
83.8712;12.9472;0.689739;0.352738;-0.000923438;-17.5287
92.6967;12.9472;0.595222;0.354234;0.0028564;-16.8542
101.522;12.9472;0.532223;0.358435;0.00435428;-16.1613
110.348;12.9472;0.496348;0.358054;0.00364744;-15.4362
119.173;12.9472;0.456686;0.34991;0.00150965;-14.6841
127.998;12.9472;0.446523;0.336093;0.00214253;-13.9275
136.824;12.9472;0.451835;0.321889;0.00463128;-13.1453
145.649;12.9472;0.454144;0.306556;0.00475863;-12.3272
154.475;12.9472;0.449011;0.288166;0.00079751;-11.4761
163.3;12.9472;0.475258;0.268819;-0.00170673;-10.6279
172.126;12.9472;0.495312;0.248354;-0.000493372;-9.74948
180.951;12.9472;0.469334;0.222187;0.00146399;-8.78868
189.777;12.9472;0.440424;0.192522;0.00250381;-7.80459
198.602;12.9472;0.512888;0.157675;0.00347267;-6.89726
207.428;12.9472;0.625062;0.1212;0.00339397;-6.00408
216.253;12.9472;0.706425;0.0830572;0.00122557;-5.04768
225.078;12.9472;0.739526;0.0397565;-0.00205129;-4.00812
233.904;12.9472;0.727439;-0.00762692;-0.00564801;-2.90173
242.729;12.9472;0.615942;-0.0399864;-0.001582;-1.76363
-233.845;4.12171;0.64131;-0.00355292;0.00226262;-1.21331
-225.02;4.12171;0.720313;-0.0142669;-0.00151299;-2.17967
-216.194;4.12171;0.701407;-0.0365399;-0.000915255;-3.14354
-207.369;4.12171;0.590695;-0.0596426;0.00246765;-4.05741
-198.543;4.12171;0.529861;-0.0803327;0.00423748;-4.9694
-189.718;4.12171;0.54309;-0.101644;0.00179031;-5.91514
-180.892;4.12171;0.603383;-0.124666;3.40165e-06;-6.88568
-172.067;4.12171;0.567089;-0.147568;-0.00220511;-7.79882
-163.242;4.12171;0.47528;-0.168044;-0.00765059;-8.68922
-154.416;4.12171;0.447919;-0.178146;-0.0185255;-9.57113
-145.591;4.12171;0.503964;-0.177146;-0.0294023;-10.4268
-136.765;4.12171;0.511707;-0.181863;-0.0357153;-11.2707
-127.94;4.12171;0.496112;-0.190178;-0.0383691;-12.0953
-119.114;4.12171;0.485832;-0.194969;-0.0389866;-12.8882
-110.289;4.12171;0.472993;-0.203315;-0.0343323;-13.6608
-101.463;4.12171;0.442604;-0.211983;-0.0274132;-14.4056
-92.6379;4.12171;0.398254;-0.213054;-0.0221643;-15.1074
-83.8124;4.12171;0.369416;-0.204105;-0.0214208;-15.7664
-74.987;4.12171;0.38215;-0.195349;-0.0208873;-16.4192
-66.1615;4.12171;0.400456;-0.186302;-0.017078;-17.051
-57.3361;4.12171;0.401448;-0.170223;-0.0113495;-17.6264
-48.5106;4.12171;0.414153;-0.151484;-0.000749354;-18.1529
-39.6852;4.12171;0.474938;-0.13341;0.0187941;-18.6762
-30.8597;4.12171;0.594404;-0.116227;0.0409699;-19.2041
-22.0342;4.12171;0.734883;-0.0963347;0.0584821;-19.7041
-13.2088;4.12171;0.807572;-0.0733701;0.0707708;-20.0682
-4.38334;4.12171;0.511373;-0.0342185;0.0813697;-20.104
4.44212;4.12171;0.0737226;0.0225703;0.0667068;-19.8569
13.2676;4.12171;-0.144765;0.105423;0.0186053;-19.7128
22.093;4.12171;0.0490373;0.190061;-0.0349706;-19.7709
30.9185;4.12171;0.212286;0.265466;-0.0704152;-19.7732
39.7439;4.12171;0.1346;0.311285;-0.0872497;-19.4991
48.5694;4.12171;0.111664;0.33143;-0.0872065;-19.1409
57.3948;4.12171;0.251721;0.350943;-0.0731817;-18.8786
66.2203;4.12171;0.50095;0.365829;-0.053968;-18.6321
75.0458;4.12171;0.655497;0.369509;-0.035656;-18.2524
83.8712;4.12171;0.576704;0.368722;-0.0213406;-17.635
92.6967;4.12171;0.444012;0.364805;-0.014913;-16.8981
101.522;4.12171;0.326647;0.367216;-0.0143255;-16.1451
110.348;4.12171;0.260425;0.367415;-0.0146865;-15.3932
119.173;4.12171;0.257004;0.359304;-0.0121488;-14.6679
127.998;4.12171;0.311554;0.346749;-0.00791735;-13.9618
136.824;4.12171;0.362784;0.334925;-0.00579305;-13.2194
145.649;4.12171;0.394481;0.320578;-0.00719848;-12.4249
154.475;4.12171;0.412147;0.301589;-0.0106283;-11.5865
163.3;4.12171;0.444187;0.282281;-0.00980545;-10.7403
172.126;4.12171;0.468355;0.259588;-0.00496267;-9.85345
180.951;4.12171;0.451117;0.234812;-0.000930659;-8.89239
189.777;4.12171;0.430231;0.20693;0.00109441;-7.90336
198.602;4.12171;0.47845;0.171945;0.0024396;-6.95812
207.428;4.12171;0.600553;0.131369;0.00189852;-6.05651
216.253;4.12171;0.686473;0.0921533;-0.0012675;-5.10221
225.078;4.12171;0.707491;0.0495046;-0.00412324;-4.05905
233.904;4.12171;0.668158;0.000699118;-0.00442642;-2.92571
242.729;4.12171;0.609833;-0.0364507;0.000889491;-1.7792
251.555;4.12171;0.671823;-0.0350206;0.00536314;-0.705249
-233.845;-4.70375;0.586829;-0.00112367;0.00189387;-1.22484
-225.02;-4.70375;0.660359;-0.0125036;-6.24271e-05;-2.1994
-216.194;-4.70375;0.623554;-0.036959;0.00192849;-3.15193
-207.369;-4.70375;0.49183;-0.0646075;0.0059811;-4.06083
-198.543;-4.70375;0.421979;-0.0852179;0.00518029;-4.96457
-189.718;-4.70375;0.445935;-0.103922;0.000408632;-5.91241
-180.892;-4.70375;0.554157;-0.129691;-0.000830491;-6.91228
-172.067;-4.70375;0.573258;-0.151613;-0.0038119;-7.85998
-163.242;-4.70375;0.522681;-0.162148;-0.0132879;-8.7579
-154.416;-4.70375;0.505238;-0.161207;-0.0291561;-9.63896
-145.591;-4.70375;0.540459;-0.158025;-0.0412393;-10.4952
-136.765;-4.70375;0.518629;-0.16758;-0.0456168;-11.3468
-127.94;-4.70375;0.480418;-0.181423;-0.0460563;-12.1734
-119.114;-4.70375;0.475863;-0.189156;-0.0467503;-12.9654
-110.289;-4.70375;0.463953;-0.197797;-0.0440479;-13.7427
-101.463;-4.70375;0.426667;-0.205241;-0.0399137;-14.4899
-92.6379;-4.70375;0.373882;-0.206116;-0.0371611;-15.1928
-83.8124;-4.70375;0.333054;-0.199036;-0.0371467;-15.8551
-74.987;-4.70375;0.336883;-0.189311;-0.0364283;-16.5017
-66.1615;-4.70375;0.356957;-0.180137;-0.0347327;-17.1272
-57.3361;-4.70375;0.363312;-0.166137;-0.0316232;-17.7089
-48.5106;-4.70375;0.376029;-0.148328;-0.0229577;-18.2471
-39.6852;-4.70375;0.420881;-0.128862;-0.00669628;-18.7578
-30.8597;-4.70375;0.502915;-0.108405;0.0113849;-19.2546
-22.0342;-4.70375;0.582725;-0.0862598;0.0273663;-19.7119
-13.2088;-4.70375;0.52164;-0.0589067;0.0420993;-19.9991
-4.38334;-4.70375;0.045381;-0.0131602;0.0514944;-19.884
4.44212;-4.70375;-0.382368;0.0493528;0.0264894;-19.6369
13.2676;-4.70375;-0.370369;0.135605;-0.0227288;-19.6794
22.093;-4.70375;0.0774708;0.206653;-0.0678196;-19.8755
30.9185;-4.70375;0.20822;0.267654;-0.0922001;-19.8799
39.7439;-4.70375;0.128764;0.305767;-0.107343;-19.5613
48.5694;-4.70375;0.142907;0.328764;-0.109727;-19.2364
57.3948;-4.70375;0.279458;0.34918;-0.100445;-18.9704
66.2203;-4.70375;0.45502;0.365883;-0.0845811;-18.6766
75.0458;-4.70375;0.543961;0.372131;-0.0664645;-18.239
83.8712;-4.70375;0.434408;0.370565;-0.0481223;-17.5731
92.6967;-4.70375;0.260757;0.365673;-0.0392631;-16.7866
101.522;-4.70375;0.116511;0.366891;-0.0378541;-16.0152
110.348;-4.70375;0.0722964;0.367094;-0.0375942;-15.303
119.173;-4.70375;0.165077;0.361336;-0.0325816;-14.6758
127.998;-4.70375;0.307964;0.352385;-0.0260131;-14.0447
136.824;-4.70375;0.392569;0.342403;-0.0233928;-13.3286
145.649;-4.70375;0.437831;0.330038;-0.0239389;-12.5446
154.475;-4.70375;0.46951;0.313378;-0.0247968;-11.7132
163.3;-4.70375;0.504238;0.296017;-0.021104;-10.8642
172.126;-4.70375;0.525109;0.27193;-0.0152512;-9.96533
180.951;-4.70375;0.498228;0.245458;-0.0101104;-8.99415
189.777;-4.70375;0.458899;0.216463;-0.0055436;-7.9904
198.602;-4.70375;0.467099;0.18056;-0.0017471;-7.00206
207.428;-4.70375;0.568109;0.136705;-0.000979314;-6.0609
216.253;-4.70375;0.647953;0.0967295;-0.00261712;-5.09485
225.078;-4.70375;0.668646;0.0540807;-0.0026345;-4.0487
233.904;-4.70375;0.627412;0.00646624;0.000961106;-2.91486
242.729;-4.70375;0.563226;-0.0299777;0.00587123;-1.78863
251.555;-4.70375;0.623722;-0.0317557;0.00738581;-0.730584
-233.845;-13.5292;0.587594;0.00433679;0.00618574;-1.21008
-225.02;-13.5292;0.641943;-0.00738873;0.00644855;-2.20396
-216.194;-13.5292;0.607711;-0.0306927;0.00965083;-3.15575
-207.369;-13.5292;0.536124;-0.0588137;0.0103565;-4.08285
-198.543;-13.5292;0.493033;-0.080441;0.00680268;-5.00469
-189.718;-13.5292;0.510879;-0.097896;7.35919e-05;-5.95301
-180.892;-13.5292;0.594181;-0.122224;-0.00412292;-6.94435
-172.067;-13.5292;0.596452;-0.140541;-0.011304;-7.8934
-163.242;-13.5292;0.54583;-0.145217;-0.02444;-8.78546
-154.416;-13.5292;0.525537;-0.142643;-0.0407006;-9.66916
-145.591;-13.5292;0.541726;-0.143793;-0.0502809;-10.5337
-136.765;-13.5292;0.505707;-0.154397;-0.0519518;-11.3816
-127.94;-13.5292;0.46875;-0.167958;-0.0521657;-12.1978
-119.114;-13.5292;0.46394;-0.177467;-0.0546122;-12.9938
-110.289;-13.5292;0.441703;-0.184651;-0.0568329;-13.7638
-101.463;-13.5292;0.397053;-0.188698;-0.0579565;-14.4991
-92.6379;-13.5292;0.351009;-0.187427;-0.0582527;-15.1951
-83.8124;-13.5292;0.323218;-0.180525;-0.0576268;-15.8634
-74.987;-13.5292;0.316737;-0.172718;-0.0560443;-16.508
-66.1615;-13.5292;0.323542;-0.164102;-0.054577;-17.122
-57.3361;-13.5292;0.31604;-0.153767;-0.0514319;-17.7031
-48.5106;-13.5292;0.328747;-0.139228;-0.044316;-18.2467
-39.6852;-13.5292;0.375191;-0.119017;-0.0338929;-18.7562
-30.8597;-13.5292;0.435156;-0.0952179;-0.0232558;-19.2166
-22.0342;-13.5292;0.456142;-0.0710344;-0.0117875;-19.6062
-13.2088;-13.5292;0.312479;-0.039471;0.0022284;-19.8399
-4.38334;-13.5292;-0.0890527;0.0146119;0.0061106;-19.7678
4.44212;-13.5292;-0.239082;0.0833273;-0.0231021;-19.7256
13.2676;-13.5292;-0.000141692;0.160446;-0.0699912;-19.9048
22.093;-13.5292;0.373564;0.220173;-0.104888;-20.0927
30.9185;-13.5292;0.366965;0.261085;-0.114798;-20.0169
39.7439;-13.5292;0.294649;0.289888;-0.123281;-19.6768
48.5694;-13.5292;0.299878;0.314799;-0.125293;-19.35
57.3948;-13.5292;0.350282;0.335877;-0.12062;-19.0099
66.2203;-13.5292;0.40159;0.353201;-0.110116;-18.613
75.0458;-13.5292;0.420153;0.361953;-0.0950435;-18.1043
83.8712;-13.5292;0.301579;0.365001;-0.0759931;-17.4268
92.6967;-13.5292;0.126453;0.368295;-0.0648542;-16.6631
101.522;-13.5292;0.0290961;0.370776;-0.0599881;-15.9591
110.348;-13.5292;0.0883011;0.370276;-0.0567114;-15.3652
119.173;-13.5292;0.303357;0.365893;-0.0511441;-14.8476
127.998;-13.5292;0.504357;0.359823;-0.0458327;-14.254
136.824;-13.5292;0.541989;0.350119;-0.0415868;-13.4959
145.649;-13.5292;0.549204;0.335793;-0.0387398;-12.6682
154.475;-13.5292;0.586949;0.318799;-0.0364386;-11.825
163.3;-13.5292;0.625654;0.300635;-0.0302868;-10.9637
172.126;-13.5292;0.615866;0.274346;-0.0242046;-10.0331
180.951;-13.5292;0.555324;0.244853;-0.0195909;-9.03526
189.777;-13.5292;0.491494;0.214738;-0.0150619;-8.01529
198.602;-13.5292;0.481858;0.179927;-0.0100472;-7.00758
207.428;-13.5292;0.579637;0.135537;-0.0072686;-6.04757
216.253;-13.5292;0.672441;0.0946661;-0.00516867;-5.07994
225.078;-13.5292;0.707555;0.0502521;-0.00043677;-4.03962
233.904;-13.5292;0.693299;0.00719023;0.00538541;-2.92858
242.729;-13.5292;0.677379;-0.0257621;0.00973842;-1.80718
-233.845;-22.3547;0.594305;0.0081365;0.0109617;-1.18433
-225.02;-22.3547;0.650664;0.00434442;0.0108883;-2.15407
-216.194;-22.3547;0.616242;-0.02126;0.0133053;-3.12161
-207.369;-22.3547;0.589395;-0.0489114;0.0119699;-4.07773
-198.543;-22.3547;0.599601;-0.0694758;0.00663419;-5.02089
-189.718;-22.3547;0.618345;-0.0870673;0.000428059;-5.97355
-180.892;-22.3547;0.648635;-0.107003;-0.0062027;-6.92968
-172.067;-22.3547;0.58451;-0.121485;-0.0183392;-7.85006
-163.242;-22.3547;0.505659;-0.125032;-0.0344085;-8.72294
-154.416;-22.3547;0.488878;-0.126726;-0.0476609;-9.61058
-145.591;-22.3547;0.510574;-0.134204;-0.0546935;-10.4918
-136.765;-22.3547;0.49563;-0.145125;-0.0577457;-11.3515
-127.94;-22.3547;0.47266;-0.157844;-0.0610132;-12.18
-119.114;-22.3547;0.460016;-0.167247;-0.0657687;-12.9863
-110.289;-22.3547;0.416012;-0.171626;-0.0713827;-13.7413
-101.463;-22.3547;0.359792;-0.173244;-0.076527;-14.4561
-92.6379;-22.3547;0.325532;-0.171536;-0.0796512;-15.1418
-83.8124;-22.3547;0.32305;-0.165073;-0.0795275;-15.8154
-74.987;-22.3547;0.319863;-0.158789;-0.0786828;-16.4585
-66.1615;-22.3547;0.307588;-0.150817;-0.0780335;-17.0603
-57.3361;-22.3547;0.276098;-0.141694;-0.0745878;-17.6263
-48.5106;-22.3547;0.282678;-0.127224;-0.06806;-18.1628
-39.6852;-22.3547;0.345994;-0.105378;-0.0620917;-18.6691
-30.8597;-22.3547;0.426049;-0.0788909;-0.059835;-19.1182
-22.0342;-22.3547;0.442885;-0.0509738;-0.0587158;-19.4896
-13.2088;-22.3547;0.334516;-0.0143407;-0.0545908;-19.7261
-4.38334;-22.3547;0.135706;0.0361428;-0.0552441;-19.7637
4.44212;-22.3547;0.213395;0.102864;-0.0816722;-19.8802
13.2676;-22.3547;0.429763;0.16503;-0.112078;-20.0333
22.093;-22.3547;0.499363;0.208716;-0.125502;-20.0819
30.9185;-22.3547;0.378285;0.240568;-0.125586;-19.891
39.7439;-22.3547;0.325632;0.271356;-0.132975;-19.5842
48.5694;-22.3547;0.342644;0.29891;-0.13533;-19.2668
57.3948;-22.3547;0.351324;0.321604;-0.13382;-18.8896
66.2203;-22.3547;0.339289;0.338787;-0.127946;-18.4395
75.0458;-22.3547;0.335253;0.348478;-0.117164;-17.9171
83.8712;-22.3547;0.2797;0.355208;-0.10217;-17.3065
92.6967;-22.3547;0.176577;0.366623;-0.0912114;-16.6423
101.522;-22.3547;0.180236;0.369121;-0.0817381;-16.0374
110.348;-22.3547;0.346415;0.365793;-0.0740162;-15.5253
119.173;-22.3547;0.613049;0.360786;-0.0688561;-15.0276
127.998;-22.3547;0.728912;0.357612;-0.0650682;-14.3733
136.824;-22.3547;0.64122;0.347435;-0.0589126;-13.5213
145.649;-22.3547;0.587142;0.332255;-0.0520138;-12.6455
154.475;-22.3547;0.633909;0.315764;-0.0456133;-11.8076
163.3;-22.3547;0.71162;0.295776;-0.0370837;-10.9659
172.126;-22.3547;0.718391;0.268644;-0.0304221;-10.0452
180.951;-22.3547;0.671426;0.237763;-0.0249014;-9.05698
189.777;-22.3547;0.628721;0.205281;-0.0194648;-8.04718
198.602;-22.3547;0.640301;0.168553;-0.0133294;-7.04417
207.428;-22.3547;0.724415;0.12493;-0.00884756;-6.06654
216.253;-22.3547;0.811812;0.0835671;-0.00407169;-5.07965
225.078;-22.3547;0.853397;0.0382023;0.00344333;-4.02972
233.904;-22.3547;0.827459;-0.00188928;0.00942579;-2.93572
242.729;-22.3547;0.791608;-0.0251337;0.0132061;-1.85255
-233.845;-31.1801;0.614076;0.0193177;0.0167007;-1.12569
-225.02;-31.1801;0.595656;0.00325886;0.0150831;-2.08197
-216.194;-31.1801;0.562302;-0.0135076;0.0143981;-3.03125
-207.369;-31.1801;0.551527;-0.0388992;0.0119717;-4.0031
-198.543;-31.1801;0.601751;-0.0606203;0.00725234;-4.96847
-189.718;-31.1801;0.630051;-0.0811171;0.00103131;-5.9217
-180.892;-31.1801;0.635522;-0.094192;-0.00835972;-6.84871
-172.067;-31.1801;0.550803;-0.0998857;-0.0245982;-7.74608
-163.242;-31.1801;0.471253;-0.103018;-0.0414768;-8.62108
-154.416;-31.1801;0.462374;-0.111259;-0.0520117;-9.51678
-145.591;-31.1801;0.493008;-0.124931;-0.0593413;-10.4084
-136.765;-31.1801;0.500851;-0.139057;-0.0669947;-11.2814
-127.94;-31.1801;0.495423;-0.154426;-0.074289;-12.1335
-119.114;-31.1801;0.471417;-0.162353;-0.079782;-12.9341
-110.289;-31.1801;0.40767;-0.164637;-0.085311;-13.6717
-101.463;-31.1801;0.337795;-0.166627;-0.0915288;-14.3698
-92.6379;-31.1801;0.305451;-0.167091;-0.096716;-15.0477
-83.8124;-31.1801;0.318424;-0.161974;-0.0996726;-15.7211
-74.987;-31.1801;0.328877;-0.15475;-0.101765;-16.3587
-66.1615;-31.1801;0.303383;-0.148738;-0.103907;-16.9368
-57.3361;-31.1801;0.263655;-0.136366;-0.101797;-17.5208
-48.5106;-31.1801;0.26949;-0.0855146;-0.0918669;-18.531
-39.6852;-31.1801;0.340344;-0.073662;-0.0893086;-18.7628
-30.8597;-31.1801;0.431562;-0.0652655;-0.0925568;-18.9189
-22.0342;-31.1801;0.455733;-0.0322853;-0.0973817;-19.2961
-13.2088;-31.1801;0.418518;0.00530739;-0.100712;-19.5374
-4.38334;-31.1801;0.349786;0.0523737;-0.104776;-19.6591
4.44212;-31.1801;0.36403;0.104943;-0.118194;-19.7744
13.2676;-31.1801;0.427513;0.154732;-0.130501;-19.8424
22.093;-31.1801;0.438535;0.19672;-0.135229;-19.8041
30.9185;-31.1801;0.342024;0.228612;-0.13576;-19.6157
39.7439;-31.1801;0.334711;0.257468;-0.141481;-19.3576
48.5694;-31.1801;0.358249;0.285052;-0.143595;-19.0595
57.3948;-31.1801;0.352648;0.309064;-0.143337;-18.6893
66.2203;-31.1801;0.332375;0.326429;-0.139228;-18.2441
75.0458;-31.1801;0.339282;0.336528;-0.129886;-17.744
83.8712;-31.1801;0.341387;0.345379;-0.117998;-17.2092
92.6967;-31.1801;0.313877;0.359456;-0.107055;-16.6344
101.522;-31.1801;0.381321;0.359999;-0.0949266;-16.0832
110.348;-31.1801;0.553308;0.354501;-0.0858136;-15.5635
119.173;-31.1801;0.74457;0.350626;-0.0820302;-14.9983
127.998;-31.1801;0.765873;0.349577;-0.0793625;-14.2649
136.824;-31.1801;0.616526;0.339384;-0.0712161;-13.3612
145.649;-31.1801;0.552903;0.324166;-0.0618611;-12.4725
154.475;-31.1801;0.617078;0.311355;-0.0532261;-11.6556
163.3;-31.1801;0.721476;0.294102;-0.0439998;-10.8421
172.126;-31.1801;0.768816;0.268394;-0.0365478;-9.96468
180.951;-31.1801;0.762551;0.236702;-0.0300482;-9.01175
189.777;-31.1801;0.75484;0.200258;-0.0235841;-8.02009
198.602;-31.1801;0.779572;0.158575;-0.0159304;-7.01297
207.428;-31.1801;0.826531;0.115244;-0.0091269;-6.00481
216.253;-31.1801;0.89464;0.0732495;-0.00265094;-4.99329
225.078;-31.1801;0.947507;0.027337;0.00430134;-3.94094
233.904;-31.1801;0.928101;-0.0152164;0.0105616;-2.82915
242.729;-31.1801;0.878017;-0.0327472;0.0136023;-1.77949
-225.02;-40.0056;0.53267;0.015038;0.0168729;-1.93287
-216.194;-40.0056;0.463096;-0.00542289;0.0131431;-2.8796
-207.369;-40.0056;0.496152;-0.0226451;0.0109902;-3.84777
-198.543;-40.0056;0.553596;-0.0487922;0.00850539;-4.84299
-189.718;-40.0056;0.559877;-0.0732558;-0.000171168;-5.79905
-180.892;-40.0056;0.550657;-0.079735;-0.0154476;-6.71161
-172.067;-40.0056;0.517587;-0.0778683;-0.0354906;-7.60091
-163.242;-40.0056;0.483863;-0.0831212;-0.0510993;-8.49758
-154.416;-40.0056;0.475939;-0.0974669;-0.0597839;-9.39277
-145.591;-40.0056;0.489866;-0.115595;-0.0682811;-10.2773
-136.765;-40.0056;0.497651;-0.134092;-0.0792538;-11.1507
-127.94;-40.0056;0.512233;-0.152126;-0.0875753;-12.0173
-119.114;-40.0056;0.491157;-0.158548;-0.0919829;-12.8176
-110.289;-40.0056;0.427869;-0.161415;-0.0966115;-13.5508
-101.463;-40.0056;0.352606;-0.165894;-0.103181;-14.2401
-92.6379;-40.0056;0.311713;-0.167933;-0.110374;-14.9105
-83.8124;-40.0056;0.320076;-0.162239;-0.117282;-15.5736
-74.987;-40.0056;0.32875;-0.153222;-0.123274;-16.197
-66.1615;-40.0056;0.301596;-0.145787;-0.128138;-16.7708
-30.8597;-40.0056;0.396887;-0.0549838;-0.121682;-18.6762
-22.0342;-40.0056;0.374204;-0.0206255;-0.1241;-19.0159
-13.2088;-40.0056;0.37098;0.0145693;-0.126371;-19.2577
-4.38334;-40.0056;0.359939;0.058498;-0.130582;-19.4215
4.44212;-40.0056;0.358153;0.103666;-0.139027;-19.5036
13.2676;-40.0056;0.360885;0.146016;-0.14434;-19.5055
22.093;-40.0056;0.351181;0.183232;-0.144315;-19.4255
30.9185;-40.0056;0.316683;0.21527;-0.146061;-19.2675
39.7439;-40.0056;0.306453;0.244186;-0.150604;-19.0336
48.5694;-40.0056;0.307136;0.271791;-0.151289;-18.7425
57.3948;-40.0056;0.299846;0.295952;-0.148748;-18.3912
66.2203;-40.0056;0.298297;0.314725;-0.143532;-17.9773
75.0458;-40.0056;0.320123;0.32745;-0.135638;-17.507
83.8712;-40.0056;0.340604;0.33752;-0.125243;-17.0039
92.6967;-40.0056;0.347603;0.347635;-0.113856;-16.4595
101.522;-40.0056;0.404648;0.34612;-0.102239;-15.8957
110.348;-40.0056;0.504101;0.340923;-0.0944848;-15.3134
119.173;-40.0056;0.590771;0.338784;-0.091818;-14.6701
127.998;-40.0056;0.572855;0.338904;-0.0894172;-13.9041
136.824;-40.0056;0.483158;0.328886;-0.0799671;-13.0401
145.649;-40.0056;0.470106;0.314486;-0.0696433;-12.1817
154.475;-40.0056;0.542991;0.302763;-0.0597761;-11.3701
163.3;-40.0056;0.639676;0.286094;-0.0504622;-10.5582
172.126;-40.0056;0.70854;0.260884;-0.0436236;-9.71262
180.951;-40.0056;0.734728;0.229584;-0.0377307;-8.79372
189.777;-40.0056;0.749512;0.19244;-0.0310736;-7.82135
198.602;-40.0056;0.767098;0.15206;-0.0232208;-6.81702
207.428;-40.0056;0.77246;0.113833;-0.0158802;-5.79629
216.253;-40.0056;0.816959;0.0747543;-0.00932654;-4.77852
225.078;-40.0056;0.878216;0.0287012;-0.00285348;-3.73979
233.904;-40.0056;0.918452;-0.0149086;0.00351942;-2.6592
242.729;-40.0056;0.931893;-0.0309748;0.00882242;-1.61163
-225.02;-48.831;0.515857;0.0313576;0.0149488;-1.77421
-216.194;-48.831;0.424254;0.00395107;0.00964778;-2.72599
-207.369;-48.831;0.498711;-0.00689228;0.00988448;-3.68592
-198.543;-48.831;0.547367;-0.0304891;0.00867124;-4.68477
-189.718;-48.831;0.504605;-0.0511282;-0.00474212;-5.62724
-180.892;-48.831;0.473506;-0.0515343;-0.0271066;-6.52512
-172.067;-48.831;0.501996;-0.0546958;-0.0496241;-7.42626
-163.242;-48.831;0.515844;-0.0701062;-0.0632597;-8.3523
-154.416;-48.831;0.489773;-0.0904998;-0.0704641;-9.2345
-145.591;-48.831;0.454701;-0.110895;-0.0781778;-10.0946
-136.765;-48.831;0.445926;-0.1289;-0.0889698;-10.9487
-127.94;-48.831;0.478667;-0.14107;-0.0953641;-11.8085
-119.114;-48.831;0.494499;-0.145315;-0.099541;-12.6073
-110.289;-48.831;0.448697;-0.149881;-0.10531;-13.3502
-101.463;-48.831;0.388004;-0.156564;-0.112432;-14.0467
-92.6379;-48.831;0.354476;-0.159564;-0.120697;-14.7166
-83.8124;-48.831;0.352069;-0.153948;-0.130638;-15.3671
-74.987;-48.831;0.346714;-0.143708;-0.139083;-15.9746
-66.1615;-48.831;0.319148;-0.134276;-0.144536;-16.5248
-57.3361;-48.831;0.295741;-0.126185;-0.145778;-17.0612
-30.8597;-48.831;0.30573;-0.0489631;-0.145861;-18.3423
-22.0342;-48.831;0.266388;-0.0135733;-0.143683;-18.65
-13.2088;-48.831;0.289453;0.0197645;-0.140172;-18.8854
-4.38334;-48.831;0.317518;0.0593169;-0.142611;-19.0556
4.44212;-48.831;0.317354;0.100164;-0.150134;-19.1317
13.2676;-48.831;0.295406;0.13734;-0.154545;-19.1096
22.093;-48.831;0.270047;0.169211;-0.153256;-19.0046
30.9185;-48.831;0.253287;0.200385;-0.155144;-18.8525
39.7439;-48.831;0.229512;0.229839;-0.159012;-18.6164
48.5694;-48.831;0.210156;0.2578;-0.160754;-18.3258
57.3948;-48.831;0.209125;0.282167;-0.159038;-17.9931
66.2203;-48.831;0.217038;0.303092;-0.154578;-17.6003
75.0458;-48.831;0.219822;0.319216;-0.14886;-17.1302
83.8712;-48.831;0.205306;0.331531;-0.14192;-16.6107
92.6967;-48.831;0.212207;0.336409;-0.131406;-16.061
101.522;-48.831;0.228369;0.332508;-0.119386;-15.4578
110.348;-48.831;0.251333;0.327198;-0.110747;-14.8105
119.173;-48.831;0.27681;0.325682;-0.106388;-14.1258
127.998;-48.831;0.294588;0.325406;-0.101581;-13.3961
136.824;-48.831;0.331697;0.315799;-0.090902;-12.6337
145.649;-48.831;0.38887;0.303273;-0.078822;-11.8336
154.475;-48.831;0.455767;0.289603;-0.066175;-11.016
163.3;-48.831;0.516834;0.2707;-0.0552176;-10.1837
172.126;-48.831;0.564363;0.245215;-0.0489356;-9.33282
180.951;-48.831;0.584572;0.215929;-0.0442568;-8.41786
189.777;-48.831;0.593898;0.182314;-0.0384424;-7.45119
198.602;-48.831;0.60205;0.147958;-0.0314703;-6.46087
207.428;-48.831;0.60957;0.116551;-0.0251033;-5.47425
216.253;-48.831;0.655738;0.0784102;-0.0183415;-4.47151
225.078;-48.831;0.718018;0.0325201;-0.0134263;-3.45255
233.904;-48.831;0.773504;-0.0157293;-0.00877146;-2.38585
242.729;-48.831;0.791984;-0.039472;-0.000755118;-1.33318
-225.02;-57.6565;0.587531;0.0500331;0.0130068;-1.64777
-216.194;-57.6565;0.49407;0.0162466;0.0077812;-2.58678
-207.369;-57.6565;0.546607;0.00231128;0.0115313;-3.53399
-198.543;-57.6565;0.587229;-0.0085171;0.00892666;-4.50231
-189.718;-57.6565;0.526642;-0.0150199;-0.0113643;-5.42811
-180.892;-57.6565;0.496452;-0.0099396;-0.0351416;-6.30985
-172.067;-57.6565;0.513218;-0.0279393;-0.0548027;-7.22159
-163.242;-57.6565;0.51169;-0.0552563;-0.0662794;-8.14728
-154.416;-57.6565;0.466042;-0.0796593;-0.0735359;-9.00718
-145.591;-57.6565;0.403086;-0.100962;-0.0815409;-9.8424
-136.765;-57.6565;0.375567;-0.115608;-0.0920324;-10.6726
-127.94;-57.6565;0.432479;-0.124709;-0.0981199;-11.5211
-119.114;-57.6565;0.46182;-0.128993;-0.103659;-12.3163
-110.289;-57.6565;0.424836;-0.135538;-0.112008;-13.0647
-101.463;-57.6565;0.381769;-0.141557;-0.120585;-13.7592
-92.6379;-57.6565;0.353058;-0.143287;-0.127147;-14.4185
-83.8124;-57.6565;0.333775;-0.139301;-0.134855;-15.0547
-74.987;-57.6565;0.319523;-0.13192;-0.145379;-15.6585
-66.1615;-57.6565;0.308185;-0.123056;-0.154397;-16.1974
-57.3361;-57.6565;0.290254;-0.113375;-0.158215;-16.6984
-30.8597;-57.6565;0.265825;-0.0442654;-0.170883;-17.9002
-22.0342;-57.6565;0.220834;-0.0082022;-0.167141;-18.2112
-13.2088;-57.6565;0.222781;0.0256178;-0.161965;-18.44
-4.38334;-57.6565;0.247654;0.0621581;-0.162913;-18.5995
4.44212;-57.6565;0.252111;0.0969841;-0.167913;-18.6759
13.2676;-57.6565;0.225845;0.128994;-0.170779;-18.6547
22.093;-57.6565;0.191469;0.157791;-0.168479;-18.546
30.9185;-57.6565;0.17395;0.187409;-0.169025;-18.3862
39.7439;-57.6565;0.15345;0.2177;-0.172911;-18.149
48.5694;-57.6565;0.138388;0.245334;-0.176663;-17.8706
57.3948;-57.6565;0.144304;0.269414;-0.1785;-17.5511
66.2203;-57.6565;0.138564;0.291261;-0.177459;-17.1534
75.0458;-57.6565;0.0958834;0.308055;-0.174487;-16.6494
83.8712;-57.6565;0.0292276;0.324792;-0.171272;-16.1098
92.6967;-57.6565;0.0249584;0.329206;-0.163571;-15.559
101.522;-57.6565;0.0238432;0.324875;-0.151681;-14.9429
110.348;-57.6565;0.0304239;0.318925;-0.140624;-14.2778
119.173;-57.6565;0.0712627;0.316074;-0.132563;-13.604
127.998;-57.6565;0.181439;0.311031;-0.123069;-12.9488
136.824;-57.6565;0.302636;0.30096;-0.108632;-12.2667
145.649;-57.6565;0.393196;0.289686;-0.0917898;-11.5212
154.475;-57.6565;0.45626;0.272981;-0.0750913;-10.7175
163.3;-57.6565;0.506113;0.250455;-0.0612364;-9.88142
172.126;-57.6565;0.561556;0.223567;-0.0526568;-9.02852
180.951;-57.6565;0.595027;0.195499;-0.0460305;-8.11606
189.777;-57.6565;0.614899;0.163979;-0.039006;-7.16102
198.602;-57.6565;0.634278;0.132829;-0.0304758;-6.19695
207.428;-57.6565;0.667311;0.103547;-0.0240975;-5.24481
216.253;-57.6565;0.723814;0.0646544;-0.0180972;-4.25441
225.078;-57.6565;0.755971;0.0202186;-0.014177;-3.22558
233.904;-57.6565;0.771143;-0.0210858;-0.010784;-2.14341
242.729;-57.6565;0.782254;-0.056846;-0.00119434;-1.05208
-216.194;-66.4819;0.57222;0.0309965;0.0131422;-2.41086
-207.369;-66.4819;0.575619;0.0127173;0.0150304;-3.33813
-198.543;-66.4819;0.58704;0.0078344;0.00596345;-4.26999
-189.718;-66.4819;0.554669;0.0171722;-0.0178139;-5.15644
-180.892;-66.4819;0.515707;0.0140958;-0.0367412;-6.04633
-172.067;-66.4819;0.500194;-0.00996344;-0.0518568;-6.95702
-163.242;-66.4819;0.491612;-0.0374663;-0.0622112;-7.86901
-154.416;-66.4819;0.460068;-0.0601445;-0.0712583;-8.72596
-145.591;-66.4819;0.403016;-0.0798682;-0.0817138;-9.55123
-136.765;-66.4819;0.353459;-0.0961059;-0.0935587;-10.3612
-127.94;-66.4819;0.348489;-0.111412;-0.102349;-11.1912
-119.114;-66.4819;0.353017;-0.120203;-0.110729;-11.9771
-110.289;-66.4819;0.331421;-0.125207;-0.121182;-12.712
-101.463;-66.4819;0.308996;-0.127972;-0.131821;-13.3933
-92.6379;-66.4819;0.283221;-0.127907;-0.138542;-14.0389
-83.8124;-66.4819;0.253346;-0.125411;-0.146261;-14.6607
-74.987;-66.4819;0.236845;-0.121432;-0.159277;-15.2593
-66.1615;-66.4819;0.247248;-0.112368;-0.173072;-15.799
-57.3361;-66.4819;0.245448;-0.0986541;-0.181483;-16.2691
-30.8597;-66.4819;0.265364;-0.0349854;-0.20287;-17.4385
-22.0342;-66.4819;0.240611;-0.0011793;-0.204114;-17.7513
-13.2088;-66.4819;0.203674;0.0321354;-0.20296;-17.9577
-4.38334;-66.4819;0.19594;0.0665775;-0.203296;-18.0968
4.44212;-66.4819;0.206474;0.0945652;-0.204287;-18.1727
13.2676;-66.4819;0.19305;0.121115;-0.202918;-18.1579
22.093;-66.4819;0.164562;0.148726;-0.197206;-18.0649
30.9185;-66.4819;0.153206;0.17732;-0.193531;-17.9131
39.7439;-66.4819;0.156183;0.206985;-0.193939;-17.6943
48.5694;-66.4819;0.168478;0.232099;-0.196139;-17.4398
57.3948;-66.4819;0.18255;0.254741;-0.201209;-17.1314
66.2203;-66.4819;0.166936;0.276714;-0.204389;-16.7339
75.0458;-66.4819;0.113126;0.295113;-0.200757;-16.2397
83.8712;-66.4819;0.0559162;0.31172;-0.194871;-15.7227
92.6967;-66.4819;0.0590242;0.31756;-0.187319;-15.1907
101.522;-66.4819;0.086507;0.314833;-0.176019;-14.6072
110.348;-66.4819;0.142358;0.308086;-0.163534;-13.9807
119.173;-66.4819;0.242274;0.301275;-0.152645;-13.3462
127.998;-66.4819;0.401243;0.292795;-0.140505;-12.7335
136.824;-66.4819;0.58358;0.281591;-0.125162;-12.1095
145.649;-66.4819;0.672661;0.269914;-0.105277;-11.3838
154.475;-66.4819;0.694372;0.252264;-0.085735;-10.5626
163.3;-66.4819;0.696603;0.229687;-0.068845;-9.69092
172.126;-66.4819;0.724576;0.203949;-0.0559;-8.80734
180.951;-66.4819;0.735994;0.177123;-0.0446751;-7.87877
189.777;-66.4819;0.737141;0.146049;-0.0352957;-6.9152
198.602;-66.4819;0.742636;0.115072;-0.0256422;-5.94812
207.428;-66.4819;0.768098;0.0837381;-0.0195498;-4.98732
216.253;-66.4819;0.804414;0.0459277;-0.0147316;-3.9891
225.078;-66.4819;0.786447;0.00651607;-0.012565;-2.94884
233.904;-66.4819;0.76789;-0.028641;-0.0096875;-1.86457
-216.194;-75.3074;0.605649;0.0493505;0.02226;-2.18031
-207.369;-75.3074;0.553423;0.027162;0.0194377;-3.08008
-198.543;-75.3074;0.497033;0.0201091;0.000409303;-3.984
-189.718;-75.3074;0.415672;0.018357;-0.0243934;-4.87258
-180.892;-75.3074;0.383445;0.0072259;-0.0416871;-5.76302
-172.067;-75.3074;0.388087;-0.0140966;-0.0553089;-6.65733
-163.242;-75.3074;0.40354;-0.0340685;-0.0658764;-7.54668
-154.416;-75.3074;0.407959;-0.0493971;-0.0749713;-8.39563
-145.591;-75.3074;0.385525;-0.0640469;-0.0853928;-9.21117
-136.765;-75.3074;0.339465;-0.0804006;-0.0983301;-10.0004
-127.94;-75.3074;0.298249;-0.0993941;-0.112111;-10.8067
-119.114;-75.3074;0.272596;-0.11295;-0.124485;-11.5837
-110.289;-75.3074;0.254781;-0.116117;-0.136352;-12.3058
-101.463;-75.3074;0.245834;-0.114981;-0.150442;-12.9761
-92.6379;-75.3074;0.225623;-0.113214;-0.160353;-13.6096
-83.8124;-75.3074;0.196541;-0.111905;-0.170057;-14.2203
-74.987;-75.3074;0.18578;-0.109072;-0.18435;-14.8081
-66.1615;-75.3074;0.208471;-0.0974177;-0.199679;-15.3461
-57.3361;-75.3074;0.215963;-0.0813818;-0.212164;-15.8037
-48.5106;-75.3074;0.209383;-0.0248407;-0.246022;-16.8817
-39.6852;-75.3074;0.236846;0.00115624;-0.253781;-17.277
-30.8597;-75.3074;0.282622;-0.0227875;-0.237588;-16.97
-22.0342;-75.3074;0.297428;0.00570825;-0.244273;-17.2651
-13.2088;-75.3074;0.252745;0.0370828;-0.250391;-17.4683
-4.38334;-75.3074;0.223328;0.0689413;-0.248464;-17.5917
4.44212;-75.3074;0.240142;0.0932827;-0.245189;-17.6727
13.2676;-75.3074;0.25426;0.117604;-0.240905;-17.682
22.093;-75.3074;0.252437;0.142817;-0.234755;-17.614
30.9185;-75.3074;0.255173;0.167498;-0.226023;-17.4854
39.7439;-75.3074;0.288289;0.190681;-0.21607;-17.2992
48.5694;-75.3074;0.328097;0.211965;-0.212007;-17.069
57.3948;-75.3074;0.367727;0.233905;-0.220015;-16.7846
66.2203;-75.3074;0.419531;0.255004;-0.227292;-16.4402
75.0458;-75.3074;0.467786;0.272973;-0.220562;-16.0342
83.8712;-75.3074;0.479251;0.287434;-0.210609;-15.5765
92.6967;-75.3074;0.431047;0.298124;-0.203347;-15.0334
101.522;-75.3074;0.495407;0.296012;-0.192128;-14.4839
110.348;-75.3074;0.613508;0.290287;-0.177143;-13.9215
119.173;-75.3074;0.720651;0.283714;-0.163133;-13.3101
127.998;-75.3074;0.790333;0.274881;-0.14922;-12.6345
136.824;-75.3074;0.928388;0.262151;-0.132524;-11.9812
145.649;-75.3074;0.97511;0.246681;-0.1114;-11.2152
154.475;-75.3074;0.959686;0.226636;-0.090046;-10.3609
163.3;-75.3074;0.928104;0.204247;-0.0704363;-9.46225
172.126;-75.3074;0.922018;0.181161;-0.0539945;-8.55108
180.951;-75.3074;0.896167;0.157905;-0.0396606;-7.60678
189.777;-75.3074;0.860502;0.12875;-0.0285112;-6.62897
198.602;-75.3074;0.835382;0.0976823;-0.019626;-5.64505
207.428;-75.3074;0.836327;0.063638;-0.0143018;-4.65806
216.253;-75.3074;0.840103;0.0263078;-0.00942914;-3.64
225.078;-75.3074;0.789707;-0.00853535;-0.00696129;-2.59714
233.904;-75.3074;0.77606;-0.0315076;-0.00521968;-1.56808
-216.194;-84.1328;0.649413;0.0699874;0.0288457;-1.87757
-207.369;-84.1328;0.510359;0.052454;0.0226202;-2.74784
-198.543;-84.1328;0.415787;0.0366637;-0.00198015;-3.64173
-189.718;-84.1328;0.336162;0.0231995;-0.026373;-4.53108
-180.892;-84.1328;0.309282;0.00572607;-0.0447598;-5.42171
-172.067;-84.1328;0.326409;-0.0159758;-0.0591736;-6.31139
-163.242;-84.1328;0.339865;-0.0347808;-0.0716959;-7.18689
-154.416;-84.1328;0.342576;-0.0476828;-0.0826953;-8.02333
-145.591;-84.1328;0.338716;-0.0576813;-0.0936704;-8.82264
-136.765;-84.1328;0.324702;-0.069772;-0.106591;-9.59999
-127.94;-84.1328;0.296056;-0.0869779;-0.124145;-10.3904
-119.114;-84.1328;0.26949;-0.102331;-0.141478;-11.1638
-110.289;-84.1328;0.26492;-0.106625;-0.156383;-11.8865
-101.463;-84.1328;0.262516;-0.105173;-0.175442;-12.5622
-92.6379;-84.1328;0.246482;-0.103015;-0.190418;-13.1894
-83.8124;-84.1328;0.225029;-0.100519;-0.2014;-13.7852
-74.987;-84.1328;0.222802;-0.0940373;-0.2131;-14.349
-66.1615;-84.1328;0.248267;-0.0788764;-0.225544;-14.8698
-57.3361;-84.1328;0.256403;-0.0628653;-0.238711;-15.3352
-48.5106;-84.1328;0.232072;-0.0512276;-0.249946;-15.7602
-39.6852;-84.1328;0.255042;-0.0342791;-0.255989;-16.1394
-30.8597;-84.1328;0.31575;-0.0110724;-0.261654;-16.4809
-22.0342;-84.1328;0.361282;0.0129323;-0.270329;-16.7556
-13.2088;-84.1328;0.361653;0.0381866;-0.277479;-16.9645
-4.38334;-84.1328;0.35859;0.0672377;-0.272413;-17.1001
4.44212;-84.1328;0.357986;0.092903;-0.2648;-17.1794
13.2676;-84.1328;0.362407;0.116223;-0.259583;-17.1869
22.093;-84.1328;0.362752;0.137106;-0.254829;-17.1305
30.9185;-84.1328;0.367239;0.1559;-0.246228;-17.021
39.7439;-84.1328;0.412763;0.174978;-0.232764;-16.8628
48.5694;-84.1328;0.511299;0.1956;-0.228836;-16.6683
57.3948;-84.1328;0.559998;0.225842;-0.2426;-16.4062
66.2203;-84.1328;0.633201;0.252324;-0.253308;-16.113
75.0458;-84.1328;0.73443;0.268541;-0.24481;-15.7739
83.8712;-84.1328;0.797352;0.27724;-0.233133;-15.3471
92.6967;-84.1328;0.745083;0.284242;-0.225744;-14.7946
101.522;-84.1328;0.805312;0.28113;-0.211879;-14.2455
110.348;-84.1328;0.920405;0.276295;-0.191022;-13.7001
119.173;-84.1328;1.0245;0.266143;-0.170307;-13.0911
127.998;-84.1328;1.07999;0.253287;-0.149635;-12.4011
136.824;-84.1328;1.16521;0.236868;-0.129709;-11.6944
145.649;-84.1328;1.15346;0.219894;-0.108959;-10.8778
154.475;-84.1328;1.09883;0.199145;-0.0863757;-9.98933
163.3;-84.1328;1.05129;0.176285;-0.0633938;-9.07569
172.126;-84.1328;1.04159;0.153863;-0.0445452;-8.16619
180.951;-84.1328;0.997286;0.132656;-0.0293281;-7.22389
189.777;-84.1328;0.931793;0.105759;-0.0179241;-6.24165
198.602;-84.1328;0.875517;0.077133;-0.0104004;-5.24865
207.428;-84.1328;0.850479;0.0441482;-0.00583195;-4.24618
216.253;-84.1328;0.832491;0.00823317;-0.000369894;-3.22053
225.078;-84.1328;0.81011;-0.0176788;0.000911217;-2.2071
233.904;-84.1328;0.830316;-0.0358926;0.000476872;-1.25074
-216.194;-92.9583;0.702174;0.085169;0.0354688;-1.51087
-207.369;-92.9583;0.483982;0.067262;0.0240561;-2.40872
-198.543;-92.9583;0.394513;0.0484926;-8.95235e-05;-3.29508
-189.718;-92.9583;0.370331;0.0288247;-0.0246927;-4.1854
-180.892;-92.9583;0.352061;0.0105033;-0.0447653;-5.07065
-172.067;-92.9583;0.35877;-0.0126472;-0.0595811;-5.94926
-163.242;-92.9583;0.340203;-0.0350915;-0.0747603;-6.80459
-154.416;-92.9583;0.313496;-0.0499993;-0.0891963;-7.62349
-145.591;-92.9583;0.307308;-0.0577757;-0.101536;-8.41098
-136.765;-92.9583;0.319233;-0.0648451;-0.113667;-9.18503
-127.94;-92.9583;0.313287;-0.0771503;-0.13238;-9.95246
-119.114;-92.9583;0.298146;-0.0907313;-0.152893;-10.7079
-110.289;-92.9583;0.319436;-0.0977402;-0.16935;-11.4301
-101.463;-92.9583;0.321344;-0.0999394;-0.188222;-12.1056
-92.6379;-92.9583;0.313812;-0.0994118;-0.206544;-12.7396
-83.8124;-92.9583;0.307421;-0.093932;-0.220569;-13.3312
-74.987;-92.9583;0.310184;-0.0818042;-0.230548;-13.8749
-66.1615;-92.9583;0.332291;-0.0669307;-0.238855;-14.3776
-57.3361;-92.9583;0.349804;-0.0527324;-0.247394;-14.8358
-48.5106;-92.9583;0.330027;-0.0425691;-0.257134;-15.2523
-39.6852;-92.9583;0.330358;-0.0274115;-0.263324;-15.6109
-30.8597;-92.9583;0.35948;-0.00655414;-0.267958;-15.9246
-22.0342;-92.9583;0.395313;0.0158832;-0.274254;-16.1879
-13.2088;-92.9583;0.414212;0.0390833;-0.280109;-16.4036
-4.38334;-92.9583;0.409867;0.0658358;-0.275905;-16.5491
4.44212;-92.9583;0.402055;0.0923066;-0.268765;-16.6195
13.2676;-92.9583;0.395077;0.114477;-0.263277;-16.6188
22.093;-92.9583;0.380871;0.132651;-0.261528;-16.564
30.9185;-92.9583;0.363855;0.14961;-0.261895;-16.4478
39.7439;-92.9583;0.376496;0.174147;-0.261825;-16.2805
48.5694;-92.9583;0.487471;0.203911;-0.270965;-16.0887
57.3948;-92.9583;0.551066;0.237311;-0.28569;-15.8501
66.2203;-92.9583;0.630783;0.258049;-0.287054;-15.5668
75.0458;-92.9583;0.724261;0.268285;-0.271896;-15.2399
83.8712;-92.9583;0.780072;0.268468;-0.257075;-14.8008
92.6967;-92.9583;0.761836;0.270353;-0.246325;-14.261
101.522;-92.9583;0.837905;0.266976;-0.227516;-13.7332
110.348;-92.9583;0.952159;0.260688;-0.199795;-13.1954
119.173;-92.9583;1.06438;0.245827;-0.171854;-12.59
127.998;-92.9583;1.14623;0.228304;-0.144615;-11.9146
136.824;-92.9583;1.18559;0.210604;-0.121566;-11.1652
145.649;-92.9583;1.10536;0.19508;-0.103019;-10.3028
154.475;-92.9583;1.02746;0.175473;-0.0828684;-9.40429
163.3;-92.9583;1.0006;0.153189;-0.058208;-8.51461
172.126;-92.9583;1.02673;0.129757;-0.0356462;-7.64356
180.951;-92.9583;0.997073;0.108085;-0.0199315;-6.72649
189.777;-92.9583;0.930117;0.0826754;-0.00845589;-5.75979
198.602;-92.9583;0.864997;0.0550749;-0.0003639;-4.7706
207.428;-92.9583;0.829442;0.0250808;0.00487033;-3.77403
216.253;-92.9583;0.814769;-0.00642321;0.0102921;-2.77453
225.078;-92.9583;0.849997;-0.0289096;0.00988436;-1.81829
-207.369;-101.784;0.457489;0.0824301;0.0273069;-1.99367
-198.543;-101.784;0.388544;0.0588632;0.00304611;-2.91035
-189.718;-101.784;0.455483;0.0304557;-0.0228503;-3.85042
-180.892;-101.784;0.46562;0.0115105;-0.0421631;-4.73867
-172.067;-101.784;0.429998;-0.0113659;-0.0568195;-5.58751
-163.242;-101.784;0.383062;-0.0344578;-0.0732176;-6.40679
-154.416;-101.784;0.344039;-0.050519;-0.0896695;-7.20427
-145.591;-101.784;0.332016;-0.0585144;-0.103439;-7.98915
-136.765;-101.784;0.337374;-0.063825;-0.115739;-8.76023
-127.94;-101.784;0.32139;-0.0724518;-0.134342;-9.50182
-119.114;-101.784;0.283981;-0.0831905;-0.155778;-10.2266
-110.289;-101.784;0.298278;-0.0903045;-0.172469;-10.9293
-101.463;-101.784;0.288076;-0.0930352;-0.18857;-11.5943
-92.6379;-101.784;0.294825;-0.0917145;-0.206166;-12.2228
-83.8124;-101.784;0.317045;-0.0857398;-0.222149;-12.8053
-74.987;-101.784;0.329021;-0.0767744;-0.235053;-13.3394
-66.1615;-101.784;0.330447;-0.0688683;-0.24677;-13.84
-57.3361;-101.784;0.359065;-0.0565339;-0.254087;-14.2953
-48.5106;-101.784;0.355122;-0.0393616;-0.260888;-14.6906
-39.6852;-101.784;0.33797;-0.0202022;-0.266007;-15.0272
-30.8597;-101.784;0.347957;-0.00247838;-0.268278;-15.319
-22.0342;-101.784;0.380379;0.0147001;-0.269485;-15.5748
-13.2088;-101.784;0.395041;0.0352395;-0.272514;-15.7873
-4.38334;-101.784;0.385617;0.0600982;-0.271641;-15.9323
4.44212;-101.784;0.372576;0.0876489;-0.267869;-15.993
13.2676;-101.784;0.35434;0.111072;-0.261257;-15.9835
22.093;-101.784;0.337964;0.13133;-0.261262;-15.9291
30.9185;-101.784;0.328248;0.150034;-0.269298;-15.8133
39.7439;-101.784;0.339061;0.175991;-0.282545;-15.6478
48.5694;-101.784;0.448106;0.207751;-0.298879;-15.4478
57.3948;-101.784;0.506423;0.237462;-0.307661;-15.1991
66.2203;-101.784;0.564621;0.250898;-0.301155;-14.8896
75.0458;-101.784;0.620854;0.249896;-0.281774;-14.505
83.8712;-101.784;0.649567;0.246181;-0.264041;-14.0492
92.6967;-101.784;0.657558;0.248397;-0.250069;-13.5478
101.522;-101.784;0.751154;0.247528;-0.228713;-13.0596
110.348;-101.784;0.847233;0.241503;-0.198776;-12.5157
119.173;-101.784;0.931605;0.225529;-0.169332;-11.8901
127.998;-101.784;0.988091;0.206673;-0.142171;-11.1968
136.824;-101.784;0.964505;0.189224;-0.119621;-10.4038
145.649;-101.784;0.82754;0.175667;-0.100084;-9.51236
154.475;-101.784;0.777424;0.156783;-0.0783608;-8.65744
163.3;-101.784;0.829083;0.133989;-0.0519499;-7.85084
172.126;-101.784;0.8994;0.107843;-0.0272764;-7.02641
180.951;-101.784;0.885107;0.0846953;-0.00963794;-6.12773
189.777;-101.784;0.825513;0.0608999;-0.00172396;-5.17571
198.602;-101.784;0.776868;0.0373157;0.0048994;-4.21283
207.428;-101.784;0.770582;0.0102804;0.0115687;-3.25006
216.253;-101.784;0.780465;-0.0148308;0.0175543;-2.29232
225.078;-101.784;0.847045;-0.0368664;0.0186583;-1.3721
-198.543;-110.609;0.374494;0.0598878;0.00633351;-2.49058
-189.718;-110.609;0.488744;0.0319342;-0.0172626;-3.45433
-180.892;-110.609;0.53663;0.00959586;-0.0354615;-4.34385
-172.067;-110.609;0.450198;-0.0153687;-0.0542883;-5.18189
-163.242;-110.609;0.416593;-0.0339828;-0.070386;-5.98065
-154.416;-110.609;0.403253;-0.0479485;-0.085194;-6.76556
-145.591;-110.609;0.39263;-0.0565866;-0.0986353;-7.54451
-136.765;-110.609;0.37755;-0.0606301;-0.111339;-8.29682
-127.94;-110.609;0.339126;-0.0650045;-0.127691;-9.00735
-119.114;-110.609;0.276869;-0.072242;-0.147384;-9.69393
-110.289;-110.609;0.250242;-0.0801893;-0.166559;-10.3712
-101.463;-110.609;0.235393;-0.0842879;-0.185919;-11.028
-92.6379;-110.609;0.262347;-0.0821214;-0.20361;-11.6488
-83.8124;-110.609;0.286235;-0.0762361;-0.222277;-12.2213
-74.987;-110.609;0.271429;-0.071273;-0.242006;-12.7372
-66.1615;-110.609;0.250868;-0.0678079;-0.256993;-13.2298
-57.3361;-110.609;0.284314;-0.0571005;-0.264481;-13.6828
-48.5106;-110.609;0.310112;-0.0366376;-0.268575;-14.066
-39.6852;-110.609;0.290947;-0.0148066;-0.270049;-14.3857
-30.8597;-110.609;0.282089;0.00261165;-0.267218;-14.6621
-22.0342;-110.609;0.30073;0.0171024;-0.264929;-14.902
-13.2088;-110.609;0.314547;0.0348376;-0.265491;-15.1022
-4.38334;-110.609;0.30986;0.0581509;-0.265876;-15.245
4.44212;-110.609;0.307886;0.0866841;-0.26361;-15.3054
13.2676;-110.609;0.312171;0.109133;-0.25711;-15.3068
22.093;-110.609;0.314813;0.130447;-0.260279;-15.2636
30.9185;-110.609;0.320735;0.150245;-0.272521;-15.1519
39.7439;-110.609;0.349375;0.171899;-0.289226;-14.9903
48.5694;-110.609;0.458454;0.196547;-0.301232;-14.7929
57.3948;-110.609;0.519264;0.220965;-0.302941;-14.5407
66.2203;-110.609;0.559321;0.232163;-0.293509;-14.2159
75.0458;-110.609;0.601053;0.233339;-0.276161;-13.8297
83.8712;-110.609;0.647694;0.231703;-0.257896;-13.3942
92.6967;-110.609;0.688522;0.231862;-0.240666;-12.9331
101.522;-110.609;0.785661;0.228913;-0.21882;-12.4578
110.348;-110.609;0.802522;0.219842;-0.193513;-11.8353
119.173;-110.609;0.766508;0.203838;-0.168511;-11.1129
127.998;-110.609;0.709498;0.188122;-0.145299;-10.356
136.824;-110.609;0.587613;0.173653;-0.123248;-9.52187
145.649;-110.609;0.529717;0.155079;-0.0993666;-8.69809
154.475;-110.609;0.606448;0.132397;-0.0708882;-7.94995
163.3;-110.609;0.73698;0.109019;-0.0390672;-7.22326
172.126;-110.609;0.79492;0.0810326;-0.0140013;-6.40256
180.951;-110.609;0.708562;0.0573331;0.00451375;-5.44259
189.777;-110.609;0.66971;0.0353079;0.0111831;-4.51614
198.602;-110.609;0.688757;0.0178246;0.0114022;-3.63106
207.428;-110.609;0.776982;-0.00404835;0.0174668;-2.75813
216.253;-110.609;0.830362;-0.0263768;0.0276185;-1.8487
-198.543;-119.435;0.341535;0.0547447;0.0107896;-2.0376
-189.718;-119.435;0.416687;0.0364133;-0.00754706;-2.95435
-180.892;-119.435;0.466466;0.00904126;-0.028817;-3.87238
-172.067;-119.435;0.388113;-0.0215183;-0.0520145;-4.70968
-163.242;-119.435;0.403327;-0.0366444;-0.0668064;-5.49615
-154.416;-119.435;0.410799;-0.0484091;-0.0803317;-6.26906
-145.591;-119.435;0.389021;-0.0567064;-0.0928095;-7.02195
-136.765;-119.435;0.357531;-0.058194;-0.103824;-7.75433
-127.94;-119.435;0.312843;-0.0551316;-0.115638;-8.43536
-119.114;-119.435;0.233549;-0.0609729;-0.137286;-9.10403
-110.289;-119.435;0.204623;-0.0677353;-0.160146;-9.76456
-101.463;-119.435;0.19015;-0.0747627;-0.184781;-10.4106
-92.6379;-119.435;0.222986;-0.0762956;-0.20751;-11.0278
-83.8124;-119.435;0.24528;-0.0726127;-0.228689;-11.5946
-74.987;-119.435;0.21871;-0.0683621;-0.247842;-12.0917
-66.1615;-119.435;0.184169;-0.0643104;-0.26239;-12.5674
-57.3361;-119.435;0.211942;-0.0537972;-0.269784;-13.013
-48.5106;-119.435;0.25392;-0.038389;-0.273217;-13.4118
-39.6852;-119.435;0.245282;-0.0179643;-0.271039;-13.736
-30.8597;-119.435;0.218359;0.000365225;-0.265055;-13.9855
-22.0342;-119.435;0.200347;0.0163303;-0.259333;-14.1901
-13.2088;-119.435;0.198512;0.0353478;-0.256015;-14.3729
-4.38334;-119.435;0.222645;0.0605799;-0.254256;-14.5189
4.44212;-119.435;0.25549;0.0890739;-0.254323;-14.593
13.2676;-119.435;0.312559;0.109161;-0.251368;-14.6224
22.093;-119.435;0.354279;0.127715;-0.259583;-14.5921
30.9185;-119.435;0.361137;0.145163;-0.27284;-14.4729
39.7439;-119.435;0.365679;0.161245;-0.284088;-14.2867
48.5694;-119.435;0.452367;0.177259;-0.28709;-14.0805
57.3948;-119.435;0.535509;0.195236;-0.284617;-13.8301
66.2203;-119.435;0.577088;0.207016;-0.277511;-13.5049
75.0458;-119.435;0.60525;0.2113;-0.264456;-13.1156
83.8712;-119.435;0.645644;0.210406;-0.247415;-12.6837
92.6967;-119.435;0.685306;0.207483;-0.23064;-12.2242
101.522;-119.435;0.709538;0.204016;-0.212278;-11.6978
110.348;-119.435;0.653183;0.193617;-0.185761;-11.0066
119.173;-119.435;0.542803;0.17633;-0.160191;-10.2262
127.998;-119.435;0.434716;0.164517;-0.139789;-9.4767
136.824;-119.435;0.377765;0.15027;-0.117191;-8.74456
145.649;-119.435;0.460743;0.128393;-0.0889349;-8.04727
154.475;-119.435;0.678014;0.100651;-0.0546433;-7.39067
163.3;-119.435;0.792124;0.0752321;-0.0220966;-6.63222
172.126;-119.435;0.654691;0.0517554;0.000232584;-5.67568
180.951;-119.435;0.479701;0.0294231;0.0169897;-4.65869
189.777;-119.435;0.558894;0.00362216;0.0268835;-3.83907
198.602;-119.435;0.733368;-0.01466;0.0353155;-3.10167
207.428;-119.435;0.920447;-0.0296563;0.0392307;-2.33627
216.253;-119.435;0.98772;-0.0455866;0.0420615;-1.45996
-189.718;-128.26;0.330104;0.032558;0.000197849;-2.44096
-180.892;-128.26;0.386365;0.00872564;-0.0205684;-3.31031
-172.067;-128.26;0.328753;-0.0229776;-0.0460399;-4.15783
-163.242;-128.26;0.347664;-0.0381649;-0.0607247;-4.94053
-154.416;-128.26;0.332685;-0.0523935;-0.0762653;-5.70054
-145.591;-128.26;0.277052;-0.0616164;-0.0891633;-6.41151
-136.765;-128.26;0.235904;-0.0619899;-0.100541;-7.12721
-127.94;-128.26;0.224616;-0.0546514;-0.111703;-7.80924
-119.114;-128.26;0.174165;-0.055225;-0.134226;-8.48094
-110.289;-128.26;0.158062;-0.0600941;-0.159993;-9.12358
-101.463;-128.26;0.128957;-0.0683082;-0.186939;-9.74579
-92.6379;-128.26;0.143242;-0.0736511;-0.213582;-10.3457
-83.8124;-128.26;0.173156;-0.0725766;-0.236326;-10.9103
-74.987;-128.26;0.17153;-0.0668607;-0.251855;-11.4142
-66.1615;-128.26;0.139145;-0.0594514;-0.264139;-11.8692
-57.3361;-128.26;0.142828;-0.0488926;-0.271915;-12.3079
-48.5106;-128.26;0.204011;-0.0421622;-0.275133;-12.7335
-39.6852;-128.26;0.181787;-0.0265209;-0.272466;-13.0534
-30.8597;-128.26;0.0809263;-0.00681692;-0.266815;-13.2314
-22.0342;-128.26;7.70001e-05;0.0119113;-0.258985;-13.3648
-13.2088;-128.26;0.0113734;0.0325985;-0.249112;-13.5391
-4.38334;-128.26;0.106092;0.0624184;-0.240026;-13.7377
4.44212;-128.26;0.206621;0.0917125;-0.244647;-13.8701
13.2676;-128.26;0.316959;0.10884;-0.248521;-13.9117
22.093;-128.26;0.407715;0.123926;-0.257952;-13.8896
30.9185;-128.26;0.411597;0.136447;-0.26686;-13.7483
39.7439;-128.26;0.329664;0.148479;-0.271259;-13.5077
48.5694;-128.26;0.357268;0.161713;-0.269375;-13.2698
57.3948;-128.26;0.424296;0.176142;-0.265506;-13.0106
66.2203;-128.26;0.461311;0.186102;-0.259268;-12.6803
75.0458;-128.26;0.46609;0.188457;-0.247986;-12.2674
83.8712;-128.26;0.453032;0.186635;-0.234265;-11.7952
92.6967;-128.26;0.43056;0.184461;-0.221707;-11.2838
101.522;-128.26;0.442368;0.176964;-0.204342;-10.7375
110.348;-128.26;0.456589;0.161163;-0.174487;-10.0892
119.173;-128.26;0.425076;0.148695;-0.146887;-9.41372
127.998;-128.26;0.37355;0.139668;-0.123737;-8.75325
136.824;-128.26;0.401446;0.126357;-0.0990677;-8.11634
145.649;-128.26;0.586621;0.102424;-0.0699855;-7.50699
154.475;-128.26;0.682544;0.0779919;-0.0354708;-6.76441
163.3;-128.26;0.591445;0.0486276;-0.0121163;-5.82379
172.126;-128.26;0.334128;0.0256828;0.00743953;-4.77346
180.951;-128.26;0.261674;0.00283766;0.0241487;-3.85385
189.777;-128.26;0.616094;-0.0283181;0.0406424;-3.2612
198.602;-128.26;1.02082;-0.048455;0.0557213;-2.69374
207.428;-128.26;1.24325;-0.0596257;0.0564402;-1.99678
-189.718;-137.086;0.203984;0.0183765;0.00625354;-1.88298
-180.892;-137.086;0.280538;0.00250319;-0.014016;-2.71305
-172.067;-137.086;0.26984;-0.0203062;-0.0346583;-3.52483
-163.242;-137.086;0.271118;-0.0387403;-0.0528459;-4.32465
-154.416;-137.086;0.204298;-0.0591904;-0.0738884;-5.07642
-145.591;-137.086;0.113352;-0.0724948;-0.090044;-5.76121
-136.765;-137.086;0.0827192;-0.0735766;-0.103606;-6.47307
-127.94;-137.086;0.121488;-0.0624046;-0.115153;-7.16526
-119.114;-137.086;0.124285;-0.0543648;-0.136497;-7.83734
-110.289;-137.086;0.105864;-0.0556015;-0.162868;-8.4615
-101.463;-137.086;0.0537877;-0.0630616;-0.190189;-9.05382
-92.6379;-137.086;0.0451167;-0.070739;-0.21758;-9.63687
-83.8124;-137.086;0.100233;-0.0722192;-0.239032;-10.208
-74.987;-137.086;0.141216;-0.066255;-0.252465;-10.7161
-66.1615;-137.086;0.101795;-0.0567855;-0.26494;-11.1477
-57.3361;-137.086;0.0532972;-0.0475334;-0.276061;-11.5761
-48.5106;-137.086;0.127575;-0.0473987;-0.279536;-11.9981
-39.6852;-137.086;0.0286172;-0.0353767;-0.281397;-12.2434
-30.8597;-137.086;-0.273566;-0.0152581;-0.282369;-12.2472
-22.0342;-137.086;-0.482986;0.00489848;-0.278601;-12.25
-13.2088;-137.086;-0.394958;0.0255983;-0.264725;-12.4486
-4.38334;-137.086;-0.160259;0.0599899;-0.243964;-12.8096
4.44212;-137.086;0.0495547;0.0916769;-0.241998;-13.0235
13.2676;-137.086;0.184371;0.107806;-0.249425;-13.0602
22.093;-137.086;0.269426;0.119985;-0.257498;-13.0071
30.9185;-137.086;0.29586;0.129156;-0.260295;-12.8684
39.7439;-137.086;0.265419;0.136912;-0.259189;-12.6547
48.5694;-137.086;0.251233;0.148742;-0.258255;-12.4034
57.3948;-137.086;0.287707;0.161802;-0.256293;-12.1324
66.2203;-137.086;0.319391;0.166974;-0.247146;-11.7857
75.0458;-137.086;0.315743;0.165145;-0.234091;-11.3537
83.8712;-137.086;0.274836;0.161432;-0.222097;-10.8583
92.6967;-137.086;0.222079;0.15964;-0.212013;-10.3299
101.522;-137.086;0.240691;0.151786;-0.194354;-9.80651
110.348;-137.086;0.338931;0.139003;-0.164868;-9.26626
119.173;-137.086;0.416958;0.128635;-0.136234;-8.70723
127.998;-137.086;0.452396;0.117817;-0.108859;-8.11514
136.824;-137.086;0.513487;0.100156;-0.0815288;-7.48404
145.649;-137.086;0.639541;0.0703413;-0.0599675;-6.80754
154.475;-137.086;0.513453;0.0454462;-0.0383892;-5.90677
163.3;-137.086;0.229613;0.0209022;-0.017117;-4.8547
172.126;-137.086;0.0130513;0.0024654;0.00863659;-3.8635
180.951;-137.086;0.237327;-0.0232904;0.0301458;-3.18866
189.777;-137.086;0.937864;-0.0606801;0.0510891;-2.85471
198.602;-137.086;1.47691;-0.0842895;0.0655461;-2.36566
-189.718;-145.911;0.0902346;0.00765402;0.0130039;-1.27579
-180.892;-145.911;0.159943;-0.0027654;-0.00716452;-2.08171
-172.067;-145.911;0.170509;-0.0217677;-0.0265481;-2.881
-163.242;-145.911;0.16695;-0.0389191;-0.0443595;-3.66832
-154.416;-145.911;0.100799;-0.0594801;-0.0671869;-4.4094
-145.591;-145.911;0.0122636;-0.0760573;-0.0873953;-5.09248
-136.765;-145.911;-0.00793961;-0.0811387;-0.105924;-5.81103
-127.94;-145.911;0.0512452;-0.0706525;-0.119815;-6.50922
-119.114;-145.911;0.0829991;-0.0583575;-0.137957;-7.16847
-110.289;-145.911;0.0553347;-0.0556273;-0.160401;-7.77281
-101.463;-145.911;-0.0207305;-0.0601646;-0.186361;-8.33868
-92.6379;-145.911;-0.0390889;-0.0670876;-0.213046;-8.90198
-83.8124;-145.911;0.0526723;-0.0699175;-0.232534;-9.47655
-74.987;-145.911;0.128562;-0.0657563;-0.245415;-9.9953
-66.1615;-145.911;0.0630938;-0.0586136;-0.26159;-10.4098
-57.3361;-145.911;-0.055923;-0.0544028;-0.281249;-10.7982
-48.5106;-145.911;-0.017129;-0.0585056;-0.289652;-11.1624
-39.6852;-145.911;-0.243782;-0.0423267;-0.298744;-11.2816
-30.8597;-145.911;-0.854927;-0.0212889;-0.309758;-11.1044
-22.0342;-145.911;-1.39468;0.00496354;-0.31482;-11.0037
-13.2088;-145.911;-1.38932;0.0329257;-0.303445;-11.1903
-4.38334;-145.911;-0.794729;0.0569425;-0.276425;-11.6259
4.44212;-145.911;-0.285505;0.0859546;-0.261348;-11.993
13.2676;-145.911;-0.087395;0.103383;-0.264114;-12.0709
22.093;-145.911;0.0158422;0.113646;-0.265403;-12.012
30.9185;-145.911;0.0982888;0.118755;-0.260829;-11.8906
39.7439;-145.911;0.154099;0.123136;-0.255442;-11.7274
48.5694;-145.911;0.173692;0.134608;-0.254355;-11.5129
57.3948;-145.911;0.203699;0.145068;-0.250847;-11.2434
66.2203;-145.911;0.23575;0.1472;-0.23852;-10.8963
75.0458;-145.911;0.245227;0.143268;-0.222368;-10.4677
83.8712;-145.911;0.217334;0.138627;-0.208075;-9.97937
92.6967;-145.911;0.169748;0.136253;-0.195854;-9.46572
101.522;-145.911;0.201812;0.128366;-0.177159;-8.97895
110.348;-145.911;0.327222;0.119106;-0.151513;-8.50688
119.173;-145.911;0.437788;0.107848;-0.12614;-7.98415
127.998;-145.911;0.495;0.091999;-0.0994268;-7.37872
136.824;-145.911;0.517462;0.0699223;-0.0721596;-6.68566
145.649;-145.911;0.45876;0.0462296;-0.0516491;-5.88479
154.475;-145.911;0.306745;0.0205221;-0.0336638;-5.00019
163.3;-145.911;0.153618;-0.00762578;-0.0160157;-4.085
172.126;-145.911;0.179188;-0.0208581;0.0158183;-3.32982
180.951;-145.911;0.701274;-0.0501702;0.0404175;-2.87813
189.777;-145.911;1.50216;-0.0923579;0.0606396;-2.58306
198.602;-145.911;1.90135;-0.124813;0.0859195;-1.90705
-172.067;-154.736;0.107577;-0.0202053;-0.0147393;-2.25183
-163.242;-154.736;0.0921211;-0.0361246;-0.0328481;-3.01487
-154.416;-154.736;0.0501219;-0.0486901;-0.0504709;-3.73189
-145.591;-154.736;0.00681184;-0.064951;-0.0727828;-4.42725
-136.765;-154.736;0.000105508;-0.0753877;-0.0970927;-5.14524
-127.94;-154.736;0.0375059;-0.0719193;-0.116108;-5.83445
-119.114;-154.736;0.0555528;-0.0635786;-0.131725;-6.47197
-110.289;-154.736;0.0243773;-0.0606771;-0.148965;-7.06394
-101.463;-154.736;-0.0737166;-0.0613881;-0.172993;-7.60874
-92.6379;-154.736;-0.0981052;-0.0641295;-0.198618;-8.14362
-83.8124;-154.736;0.00812484;-0.0650415;-0.216796;-8.70404
-74.987;-154.736;0.0968296;-0.0625959;-0.230679;-9.22077
-66.1615;-154.736;0.0302963;-0.060458;-0.251123;-9.63138
-57.3361;-154.736;-0.120442;-0.0615992;-0.277416;-9.99891
-48.5106;-154.736;-0.119171;-0.0664336;-0.291897;-10.3402
-39.6852;-154.736;-0.359953;-0.0522451;-0.303605;-10.4387
-30.8597;-154.736;-0.962424;-0.0312884;-0.319245;-10.2473
-22.0342;-154.736;-1.5519;-0.00694383;-0.329082;-10.1078
-13.2088;-154.736;-1.69009;0.0147355;-0.324344;-10.1976
-4.38334;-154.736;-1.19997;0.0320979;-0.307642;-10.5283
4.44212;-154.736;-0.431069;0.0635299;-0.294523;-10.9936
13.2676;-154.736;-0.166366;0.0852973;-0.284647;-11.1282
22.093;-154.736;-0.0484312;0.0968944;-0.272665;-11.0853
30.9185;-154.736;0.0507397;0.101733;-0.25974;-10.9777
39.7439;-154.736;0.133965;0.105804;-0.249554;-10.8376
48.5694;-154.736;0.171547;0.113934;-0.243196;-10.6252
57.3948;-154.736;0.202988;0.120754;-0.235847;-10.354
66.2203;-154.736;0.234152;0.119925;-0.220115;-10.0102
75.0458;-154.736;0.254001;0.116732;-0.200943;-9.59828
83.8712;-154.736;0.251398;0.115209;-0.184064;-9.14301
92.6967;-154.736;0.231654;0.11315;-0.168867;-8.66341
101.522;-154.736;0.278585;0.104829;-0.150705;-8.20666
110.348;-154.736;0.36806;0.0969596;-0.129642;-7.72959
119.173;-154.736;0.400611;0.0872466;-0.10978;-7.16146
127.998;-154.736;0.367562;0.0719429;-0.0883369;-6.4887
136.824;-154.736;0.317721;0.0506918;-0.0652435;-5.74393
145.649;-154.736;0.262879;0.0285027;-0.045803;-4.96721
154.475;-154.736;0.299177;0.00365584;-0.0268722;-4.25875
163.3;-154.736;0.485259;-0.0166705;-0.00609572;-3.66893
172.126;-154.736;0.865376;-0.0318396;0.0216034;-3.21077
180.951;-154.736;1.47307;-0.062027;0.0460217;-2.83173
189.777;-154.736;1.94556;-0.110238;0.0780774;-2.19796
-163.242;-163.562;0.0790152;-0.0256164;-0.0154029;-2.34779
-154.416;-163.562;0.0396887;-0.0353338;-0.0326961;-3.04638
-145.591;-163.562;0.0390774;-0.0458026;-0.0506114;-3.74636
-136.765;-163.562;0.0553486;-0.0597126;-0.0758765;-4.45328
-127.94;-163.562;0.0618817;-0.0644746;-0.0981945;-5.1248
-119.114;-163.562;0.0588393;-0.0621486;-0.113558;-5.74468
-110.289;-163.562;0.0224944;-0.0634958;-0.129335;-6.32954
-101.463;-163.562;-0.0786302;-0.0614946;-0.152267;-6.86085
-92.6379;-163.562;-0.137846;-0.0593599;-0.179573;-7.37099
-83.8124;-163.562;-0.0604198;-0.0577646;-0.199375;-7.90025
-74.987;-163.562;0.0199828;-0.0571987;-0.214386;-8.39542
-66.1615;-163.562;-0.0360208;-0.0591282;-0.235451;-8.7975
-57.3361;-163.562;-0.171488;-0.0620098;-0.263541;-9.15759
-48.5106;-163.562;-0.100055;-0.0638356;-0.278806;-9.53385
-39.6852;-163.562;-0.150417;-0.0495075;-0.288651;-9.76834
-30.8597;-163.562;-0.515467;-0.0279595;-0.30781;-9.7553
-22.0342;-163.562;-0.914339;-0.00814731;-0.322741;-9.67422
-13.2088;-163.562;-1.04325;0.00597011;-0.323113;-9.68968
-4.38334;-163.562;-0.776274;0.020459;-0.312373;-9.89301
4.44212;-163.562;-0.223521;0.0430808;-0.303243;-10.2131
13.2676;-163.562;-0.025849;0.0647532;-0.287086;-10.3124
22.093;-163.562;0.0597839;0.076702;-0.266551;-10.2522
30.9185;-163.562;0.127753;0.0802462;-0.246948;-10.1199
39.7439;-163.562;0.190742;0.0835554;-0.231823;-9.96251
48.5694;-163.562;0.22681;0.0893013;-0.218007;-9.73905
57.3948;-163.562;0.256232;0.093537;-0.207166;-9.46141
66.2203;-163.562;0.278704;0.0927768;-0.192396;-9.13384
75.0458;-163.562;0.284006;0.0930133;-0.173993;-8.74194
83.8712;-163.562;0.275785;0.0941424;-0.154809;-8.30034
92.6967;-163.562;0.273613;0.0922656;-0.136283;-7.83916
101.522;-163.562;0.31994;0.0845993;-0.119942;-7.39027
110.348;-163.562;0.37263;0.075623;-0.101938;-6.89602
119.173;-163.562;0.361049;0.0653604;-0.0848383;-6.30968
127.998;-163.562;0.304855;0.0522139;-0.0674756;-5.64623
136.824;-163.562;0.268893;0.0364979;-0.0490952;-4.95606
145.649;-163.562;0.298098;0.0204477;-0.0306628;-4.28798
154.475;-163.562;0.516715;0.00457053;-0.00861984;-3.73976
163.3;-163.562;0.916972;-0.012112;0.0121363;-3.35277
172.126;-163.562;1.33577;-0.0340105;0.0332433;-2.9356
180.951;-163.562;1.76178;-0.0736428;0.0535572;-2.40792
189.777;-163.562;1.95386;-0.115588;0.0834646;-1.57151
-154.416;-172.387;0.0388049;-0.025835;-0.0155785;-2.35142
-145.591;-172.387;0.0260543;-0.0413123;-0.0364359;-3.03236
-136.765;-172.387;0.0415776;-0.0538881;-0.0596312;-3.72511
-127.94;-172.387;0.0330074;-0.0592234;-0.0812362;-4.36642
-119.114;-172.387;0.0175696;-0.0590293;-0.0967542;-4.96241
-110.289;-172.387;-0.00561309;-0.0582262;-0.112928;-5.54867
-101.463;-172.387;-0.0843776;-0.0540245;-0.137336;-6.09006
-92.6379;-172.387;-0.143441;-0.0523516;-0.163027;-6.58899
-83.8124;-172.387;-0.105427;-0.0533232;-0.18216;-7.07067
-74.987;-172.387;-0.0493649;-0.0555901;-0.196699;-7.53583
-66.1615;-172.387;-0.0909403;-0.0584033;-0.21453;-7.92456
-57.3361;-172.387;-0.219694;-0.0589178;-0.239351;-8.26225
-48.5106;-172.387;-0.171459;-0.053468;-0.254161;-8.62913
-39.6852;-172.387;-0.0325098;-0.0430869;-0.263425;-8.98028
-30.8597;-172.387;-0.102992;-0.0277618;-0.281143;-9.14462
-22.0342;-172.387;-0.230359;-0.0115846;-0.295766;-9.201
-13.2088;-172.387;-0.213068;0.00312517;-0.296962;-9.28647
-4.38334;-172.387;-0.0162933;0.0214432;-0.285381;-9.48941
4.44212;-172.387;0.151005;0.0362137;-0.273881;-9.60569
13.2676;-172.387;0.216118;0.0498857;-0.259968;-9.58008
22.093;-172.387;0.217099;0.0582111;-0.241514;-9.44811
30.9185;-172.387;0.209244;0.0600756;-0.220505;-9.25362
39.7439;-172.387;0.228127;0.0623294;-0.20086;-9.04991
48.5694;-172.387;0.27108;0.0662612;-0.181216;-8.81434
57.3948;-172.387;0.289386;0.0710425;-0.167411;-8.53259
66.2203;-172.387;0.29263;0.0730749;-0.155738;-8.22208
75.0458;-172.387;0.290331;0.075993;-0.142195;-7.86085
83.8712;-172.387;0.285531;0.0778723;-0.124872;-7.44302
92.6967;-172.387;0.287534;0.075729;-0.105923;-6.98913
101.522;-172.387;0.323684;0.0680211;-0.0890422;-6.54017
110.348;-172.387;0.381566;0.055522;-0.0705497;-6.06166
119.173;-172.387;0.392195;0.0443659;-0.0538097;-5.51518
127.998;-172.387;0.374335;0.0352278;-0.0399985;-4.92026
136.824;-172.387;0.389772;0.0260395;-0.0270504;-4.32062
145.649;-172.387;0.505516;0.0134265;-0.0124907;-3.76177
154.475;-172.387;0.793738;-0.000902597;0.00631711;-3.30262
163.3;-172.387;1.10018;-0.0170723;0.0271249;-2.84242
172.126;-172.387;1.40239;-0.047257;0.0395251;-2.32104
-145.591;-181.213;-0.00809266;-0.0384391;-0.0255582;-2.2959
-136.765;-181.213;-0.0514037;-0.0512041;-0.0447805;-2.93355
-127.94;-181.213;-0.0842678;-0.0590993;-0.0669891;-3.5589
-119.114;-181.213;-0.122212;-0.0602777;-0.0839824;-4.1292
-110.289;-181.213;-0.135257;-0.0571267;-0.0993422;-4.70527
-101.463;-181.213;-0.197982;-0.0475309;-0.119879;-5.22992
-92.6379;-181.213;-0.265882;-0.0463261;-0.142538;-5.70324
-83.8124;-181.213;-0.245224;-0.0494854;-0.159115;-6.15534
-74.987;-181.213;-0.163419;-0.0536862;-0.173413;-6.62557
-66.1615;-181.213;-0.145048;-0.0565726;-0.187744;-7.02424
-57.3361;-181.213;-0.242558;-0.0547981;-0.206255;-7.33996
-48.5106;-181.213;-0.233608;-0.0451263;-0.218385;-7.66764
-39.6852;-181.213;-0.0604836;-0.0377452;-0.227598;-8.04212
-30.8597;-181.213;0.0214196;-0.0293432;-0.240231;-8.29503
-22.0342;-181.213;0.0527812;-0.0170528;-0.249341;-8.44957
-13.2088;-181.213;0.165789;-0.00284551;-0.248975;-8.60227
-4.38334;-181.213;0.36934;0.0120007;-0.240811;-8.78096
4.44212;-181.213;0.385145;0.0256806;-0.232921;-8.80933
13.2676;-181.213;0.370838;0.0341083;-0.220424;-8.73217
22.093;-181.213;0.30413;0.0396527;-0.206889;-8.5664
30.9185;-181.213;0.226294;0.0429007;-0.189812;-8.32787
39.7439;-181.213;0.197626;0.0459774;-0.166321;-8.07249
48.5694;-181.213;0.240356;0.0493995;-0.144543;-7.82524
57.3948;-181.213;0.254808;0.0541805;-0.129612;-7.54983
66.2203;-181.213;0.256062;0.0565148;-0.118921;-7.25365
75.0458;-181.213;0.266766;0.0588605;-0.107433;-6.919
83.8712;-181.213;0.278821;0.0599488;-0.0916832;-6.53074
92.6967;-181.213;0.283494;0.0581011;-0.0755203;-6.09547
101.522;-181.213;0.291821;0.0535273;-0.0632882;-5.65099
110.348;-181.213;0.330293;0.0437808;-0.0499399;-5.19374
119.173;-181.213;0.366243;0.0336056;-0.0359578;-4.69886
127.998;-181.213;0.402605;0.0245937;-0.0240532;-4.17148
136.824;-181.213;0.472044;0.0155429;-0.0131043;-3.6378
145.649;-181.213;0.632686;0.00287735;-0.00247609;-3.13983
154.475;-181.213;0.838849;-0.0135745;0.0102118;-2.63158
163.3;-181.213;1.02199;-0.0343122;0.0271842;-2.08197
-136.765;-190.038;-0.103805;-0.0434367;-0.0243102;-2.12186
-127.94;-190.038;-0.133638;-0.0513928;-0.0400009;-2.71514
-119.114;-190.038;-0.178201;-0.0549766;-0.0556459;-3.27768
-110.289;-190.038;-0.214024;-0.0531763;-0.0729358;-3.83879
-101.463;-190.038;-0.312312;-0.0420406;-0.0921252;-4.32084
-92.6379;-190.038;-0.439364;-0.0423788;-0.11451;-4.74018
-83.8124;-190.038;-0.429465;-0.0458702;-0.129418;-5.17906
-74.987;-190.038;-0.299572;-0.04917;-0.141464;-5.66341
-66.1615;-190.038;-0.195734;-0.0511119;-0.154067;-6.10175
-57.3361;-190.038;-0.215419;-0.0495298;-0.168955;-6.4389
-48.5106;-190.038;-0.205376;-0.0408054;-0.177789;-6.73656
-39.6852;-190.038;-0.113741;-0.0345978;-0.184973;-7.04705
-30.8597;-190.038;-0.0345143;-0.0291861;-0.193644;-7.30489
-22.0342;-190.038;0.0503374;-0.0182105;-0.199571;-7.50279
-13.2088;-190.038;0.176067;-0.0019011;-0.202562;-7.6784
-4.38334;-190.038;0.309871;0.0119214;-0.201022;-7.79206
4.44212;-190.038;0.307591;0.0189373;-0.192466;-7.76642
13.2676;-190.038;0.229242;0.0227016;-0.182272;-7.64722
22.093;-190.038;0.152682;0.0250272;-0.17302;-7.48049
30.9185;-190.038;0.0879796;0.0289753;-0.160266;-7.26892
39.7439;-190.038;0.0704734;0.0331517;-0.138692;-7.03124
48.5694;-190.038;0.11659;0.0370355;-0.116635;-6.7936
57.3948;-190.038;0.141382;0.0404251;-0.100856;-6.53079
66.2203;-190.038;0.164629;0.0419149;-0.086805;-6.24483
75.0458;-190.038;0.204904;0.0429733;-0.0728065;-5.93346
83.8712;-190.038;0.240165;0.043406;-0.0580164;-5.58102
92.6967;-190.038;0.253287;0.0425212;-0.0478632;-5.18067
101.522;-190.038;0.253803;0.0415679;-0.0421487;-4.75601
110.348;-190.038;0.275318;0.036466;-0.0373283;-4.31843
119.173;-190.038;0.309181;0.0284065;-0.0303987;-3.85172
127.998;-190.038;0.359393;0.0184597;-0.0219588;-3.35631
136.824;-190.038;0.437583;0.00908683;-0.0134106;-2.84229
145.649;-190.038;0.568834;-0.00600463;-0.000907243;-2.33085
154.475;-190.038;0.689671;-0.0243748;0.014807;-1.77243
-119.114;-198.864;-0.191407;-0.0445943;-0.0254717;-2.43027
-110.289;-198.864;-0.206851;-0.0428024;-0.0395837;-2.95074
-101.463;-198.864;-0.336376;-0.0356862;-0.063417;-3.4303
-92.6379;-198.864;-0.530313;-0.0389582;-0.0901773;-3.83126
-83.8124;-198.864;-0.529665;-0.0413343;-0.102561;-4.27847
-74.987;-198.864;-0.387191;-0.0411061;-0.10916;-4.75209
-66.1615;-198.864;-0.234938;-0.0414299;-0.117805;-5.19223
-57.3361;-198.864;-0.167748;-0.0425313;-0.130293;-5.54937
-48.5106;-198.864;-0.157837;-0.036359;-0.140004;-5.8345
-39.6852;-198.864;-0.123925;-0.0319854;-0.149248;-6.09274
-30.8597;-198.864;-0.0933697;-0.0295469;-0.159546;-6.3214
-22.0342;-198.864;-0.0311365;-0.0209896;-0.16739;-6.5048
-13.2088;-198.864;0.0687303;-0.00563789;-0.172741;-6.65042
-4.38334;-198.864;0.155685;0.00698669;-0.169965;-6.70609
4.44212;-198.864;0.141318;0.0116728;-0.15977;-6.653
13.2676;-198.864;0.0949395;0.011295;-0.148376;-6.54136
22.093;-198.864;0.0464379;0.0123934;-0.141219;-6.40576
30.9185;-198.864;-0.0056406;0.0154747;-0.131807;-6.22403
39.7439;-198.864;-0.0278897;0.018307;-0.114447;-6.00492
48.5694;-198.864;0.0024192;0.0212755;-0.0950356;-5.77811
57.3948;-198.864;0.0397654;0.0238188;-0.078104;-5.53337
66.2203;-198.864;0.0877512;0.0259245;-0.0586688;-5.26006
75.0458;-198.864;0.148636;0.0263884;-0.0399624;-4.96418
83.8712;-198.864;0.197641;0.0262929;-0.0255843;-4.63825
92.6967;-198.864;0.223242;0.0259488;-0.0214869;-4.27091
101.522;-198.864;0.2423;0.0276909;-0.0211584;-3.87573
110.348;-198.864;0.271712;0.0259431;-0.0208537;-3.45875
119.173;-198.864;0.296587;0.0201246;-0.018421;-2.99312
127.998;-198.864;0.320497;0.0100833;-0.0158188;-2.49812
136.824;-198.864;0.36691;-0.00113506;-0.0103872;-1.99232
145.649;-198.864;0.459212;-0.0166923;0.00499373;-1.46777
-119.114;-207.689;-0.270276;-0.0361033;-0.0036709;-1.57453
-110.289;-207.689;-0.239609;-0.032387;-0.0184286;-2.07884
-101.463;-207.689;-0.329051;-0.0296183;-0.0442738;-2.55103
-92.6379;-207.689;-0.481461;-0.036061;-0.0707358;-2.97778
-83.8124;-207.689;-0.458641;-0.0385948;-0.0771273;-3.41502
-74.987;-207.689;-0.369574;-0.0364594;-0.0795969;-3.85263
-66.1615;-207.689;-0.272917;-0.0346745;-0.0875485;-4.24509
-57.3361;-207.689;-0.212231;-0.0346248;-0.098292;-4.57714
-48.5106;-207.689;-0.190162;-0.0337628;-0.111516;-4.85682
-39.6852;-207.689;-0.18102;-0.0311087;-0.123389;-5.08931
-30.8597;-207.689;-0.15931;-0.0291464;-0.133832;-5.29013
-22.0342;-207.689;-0.115259;-0.023322;-0.144163;-5.45321
-13.2088;-207.689;-0.0509133;-0.0120354;-0.153359;-5.5727
-4.38334;-207.689;0.00354622;-0.00208778;-0.153384;-5.61419
4.44212;-207.689;0.00477394;3.19133e-05;-0.144362;-5.57439
13.2676;-207.689;-0.00385704;-0.00256554;-0.132812;-5.49276
22.093;-207.689;-0.0242656;-0.000370889;-0.12176;-5.37977
30.9185;-207.689;-0.0591217;0.00199034;-0.106165;-5.20971
39.7439;-207.689;-0.0774599;0.00299339;-0.0858546;-5.00738
48.5694;-207.689;-0.0515214;0.00316293;-0.065226;-4.7986
57.3948;-207.689;0.00848603;0.00311053;-0.046109;-4.57928
66.2203;-207.689;0.0832326;0.0056594;-0.0241601;-4.32471
75.0458;-207.689;0.150646;0.00650331;-0.00481541;-4.04488
83.8712;-207.689;0.20666;0.00701812;0.00755488;-3.74442
92.6967;-207.689;0.258251;0.00871915;0.0091654;-3.41025
101.522;-207.689;0.298289;0.0115041;0.0069583;-3.04818
110.348;-207.689;0.331689;0.010855;0.00223659;-2.62991
119.173;-207.689;0.342435;0.004543;0.000145974;-2.16516
127.998;-207.689;0.342419;-0.00512165;-6.88026e-05;-1.67079
136.824;-207.689;0.345072;-0.0143783;0.00366657;-1.1664
-83.8124;-216.515;-0.425025;-0.0351935;-0.0521041;-2.52974
-74.987;-216.515;-0.342981;-0.0340248;-0.0545339;-2.91844
-66.1615;-216.515;-0.297231;-0.0323794;-0.0637254;-3.28117
-57.3361;-216.515;-0.273867;-0.0324365;-0.0745525;-3.58872
-48.5106;-216.515;-0.270014;-0.032456;-0.0878405;-3.85429
-39.6852;-216.515;-0.248733;-0.0298843;-0.0988531;-4.06905
-30.8597;-216.515;-0.207467;-0.0262021;-0.107456;-4.24684
-22.0342;-216.515;-0.160369;-0.0215867;-0.119062;-4.3944
-13.2088;-216.515;-0.115424;-0.015601;-0.131019;-4.49572
-4.38334;-216.515;-0.0866525;-0.0107668;-0.136127;-4.53801
4.44212;-216.515;-0.0859569;-0.0104958;-0.133371;-4.52698
13.2676;-216.515;-0.084967;-0.0139742;-0.124346;-4.47532
22.093;-216.515;-0.101814;-0.0118689;-0.105002;-4.35847
30.9185;-216.515;-0.121603;-0.0115784;-0.0778748;-4.18336
39.7439;-216.515;-0.108677;-0.0133683;-0.0507344;-4.00128
48.5694;-216.515;-0.0414697;-0.0154997;-0.026011;-3.83827
57.3948;-216.515;0.0683996;-0.0159476;-0.00424506;-3.67844
66.2203;-216.515;0.166545;-0.0112346;0.0158659;-3.46703
75.0458;-216.515;0.239702;-0.00844369;0.0312742;-3.20493
83.8712;-216.515;0.320798;-0.00772773;0.0439752;-2.9396
92.6967;-216.515;0.405518;-0.00649885;0.0438723;-2.63008
101.522;-216.515;0.466776;-0.00836695;0.0357195;-2.27241
110.348;-216.515;0.457416;-0.00962577;0.0226001;-1.83597
-83.8124;-225.34;-0.409622;-0.0306962;-0.0237282;-1.59973
-74.987;-225.34;-0.322957;-0.0332286;-0.0310478;-1.98458
-66.1615;-225.34;-0.290027;-0.0339727;-0.0417591;-2.32602
-57.3361;-225.34;-0.289719;-0.0336289;-0.0513777;-2.61366
-48.5106;-225.34;-0.302424;-0.0329523;-0.060254;-2.86033
-39.6852;-225.34;-0.267676;-0.0303535;-0.0698357;-3.06988
-30.8597;-225.34;-0.210982;-0.0259753;-0.0777281;-3.24514
-22.0342;-225.34;-0.170459;-0.0208866;-0.0910056;-3.38028
-13.2088;-225.34;-0.146156;-0.0169845;-0.102675;-3.46692
-4.38334;-225.34;-0.140338;-0.0151712;-0.107951;-3.5031
4.44212;-225.34;-0.157586;-0.0158565;-0.108805;-3.49299
13.2676;-225.34;-0.18259;-0.0201097;-0.103193;-3.4385
22.093;-225.34;-0.20455;-0.0209553;-0.076774;-3.30844
30.9185;-225.34;-0.193569;-0.0221368;-0.0429006;-3.15645
39.7439;-225.34;-0.0969596;-0.0241843;-0.0126786;-3.03609
48.5694;-225.34;0.0284013;-0.0246408;0.0137877;-2.93608
57.3948;-225.34;0.197788;-0.0243981;0.0355614;-2.83192
66.2203;-225.34;0.277118;-0.0167114;0.0490366;-2.67575
75.0458;-225.34;0.335775;-0.0120067;0.0582748;-2.42103
83.8712;-225.34;0.402585;-0.0149142;0.059436;-2.10323
92.6967;-225.34;0.42696;-0.015491;0.056828;-1.75663
-39.6852;-234.166;-0.239044;-0.0298374;-0.0367947;-2.10156
-30.8597;-234.166;-0.18196;-0.0281476;-0.048513;-2.28079
-22.0342;-234.166;-0.162428;-0.0240233;-0.0625107;-2.40464
-13.2088;-234.166;-0.163149;-0.0207097;-0.0704479;-2.46624
-4.38334;-234.166;-0.180063;-0.0184759;-0.0728162;-2.48256
4.44212;-234.166;-0.217999;-0.01898;-0.0701115;-2.44853
13.2676;-234.166;-0.287226;-0.0236785;-0.0639317;-2.36763
22.093;-234.166;-0.260081;-0.0278758;-0.0374638;-2.28211
30.9185;-234.166;-0.127673;-0.0293771;-0.00819445;-2.25087
39.7439;-234.166;0.112247;-0.0302536;0.0168296;-2.22865
48.5694;-234.166;0.272323;-0.0301971;0.0352615;-2.13845
57.3948;-234.166;0.257318;-0.0270672;0.0456723;-1.93944
66.2203;-234.166;0.114577;-0.0194527;0.0406312;-1.67368
75.0458;-234.166;-0.0343728;-0.0181009;0.0327976;-1.33501
-4.38334;-242.991;-0.169057;-0.0191408;-0.0365392;-1.52723
4.44212;-242.991;-0.202343;-0.0177568;-0.0357427;-1.50889
13.2676;-242.991;-0.250817;-0.0229525;-0.0297404;-1.46014
22.093;-242.991;-0.0625753;-0.0284542;-0.00768769;-1.49043
30.9185;-242.991;0.271728;-0.0303025;0.0180636;-1.56969
