x[mm];y[mm];z[mm];x-displacement[mm];y-displacement[mm];z-displacement[mm]
-4.38334;224.758;0.115697;-0.0298168;0.0640965;-2.09816
4.44212;224.758;0.0164864;-0.0220594;0.0667319;-2.10492
13.2676;224.758;-0.0263853;-0.012359;0.0643812;-2.07234
22.093;224.758;-0.0573264;-0.0106353;0.0538221;-1.98611
-39.6852;215.933;-0.0236217;-0.0330017;0.085983;-2.39154
-30.8597;215.933;-0.110706;-0.0315519;0.0939932;-2.53746
-22.0342;215.933;-0.217603;-0.0294981;0.0883838;-2.60598
-13.2088;215.933;-0.282745;-0.0200644;0.0835218;-2.72041
-4.38334;215.933;-0.258786;-0.0195182;0.0887281;-2.84977
4.44212;215.933;-0.243161;-0.0146036;0.0971095;-2.93589
13.2676;215.933;-0.236875;-0.00756929;0.0991969;-2.93387
22.093;215.933;-0.216982;-0.00653953;0.0932374;-2.88219
30.9185;215.933;-0.190114;-0.00657154;0.0885776;-2.81644
39.7439;215.933;-0.184509;-0.00491385;0.0802341;-2.70601
48.5694;215.933;-0.226374;-0.00300968;0.0692784;-2.54158
57.3948;215.933;-0.282106;-0.00250249;0.0573974;-2.32123
66.2203;215.933;-0.344594;-0.00569655;0.0536316;-2.07149
75.0458;215.933;-0.390934;-0.00980741;0.0501251;-1.80048
-74.987;207.107;0.310109;-0.0560347;0.0714451;-2.30601
-66.1615;207.107;0.220077;-0.0483523;0.0830292;-2.61982
-57.3361;207.107;0.0527837;-0.0425428;0.0932873;-2.86378
-48.5106;207.107;-0.00835472;-0.0422468;0.104073;-3.13301
-39.6852;207.107;-0.0847791;-0.0394551;0.11317;-3.33478
-30.8597;207.107;-0.343077;-0.0348573;0.126382;-3.38494
-22.0342;207.107;-0.616261;-0.0292848;0.124834;-3.34038
-13.2088;207.107;-0.691359;-0.0190335;0.115853;-3.41432
-4.38334;207.107;-0.578334;-0.0137583;0.111471;-3.57365
4.44212;207.107;-0.485139;-0.00855314;0.120933;-3.72162
13.2676;207.107;-0.40193;-0.0031791;0.127243;-3.79388
22.093;207.107;-0.315914;-0.0025095;0.124491;-3.80206
30.9185;207.107;-0.244018;-0.000854077;0.117422;-3.76668
39.7439;207.107;-0.213265;0.00404814;0.105084;-3.66846
48.5694;207.107;-0.231486;0.00841677;0.0899405;-3.50505
57.3948;207.107;-0.284992;0.0102166;0.0783991;-3.27497
66.2203;207.107;-0.341313;0.00915895;0.0762469;-3.02102
75.0458;207.107;-0.380589;0.00556644;0.075168;-2.74134
83.8712;207.107;-0.390712;0.000721346;0.068182;-2.4328
92.6967;207.107;-0.374898;-0.00172872;0.0521021;-2.07817
-110.289;198.282;0.583516;-0.0373357;0.0285247;-1.51601
-101.463;198.282;0.489507;-0.0494421;0.050902;-1.99306
-92.6379;198.282;0.390211;-0.0636521;0.0718612;-2.46072
-83.8124;198.282;0.339983;-0.0698821;0.085491;-2.89529
-74.987;198.282;0.263229;-0.0642914;0.0956093;-3.29552
-66.1615;198.282;0.117529;-0.0517534;0.103701;-3.60114
-57.3361;198.282;-0.0883866;-0.0425837;0.11566;-3.8305
-48.5106;198.282;-0.117861;-0.0426256;0.123125;-4.07691
-39.6852;198.282;-0.151734;-0.0397975;0.129155;-4.28783
-30.8597;198.282;-0.371237;-0.0347406;0.143797;-4.35667
-22.0342;198.282;-0.571981;-0.0302329;0.144397;-4.34771
-13.2088;198.282;-0.599976;-0.0212688;0.133395;-4.42506
-4.38334;198.282;-0.463282;-0.0145079;0.122747;-4.57228
4.44212;198.282;-0.364679;-0.00940255;0.129775;-4.71567
13.2676;198.282;-0.290782;-0.00325362;0.138387;-4.79577
22.093;198.282;-0.237665;0.00106762;0.138872;-4.80469
30.9185;198.282;-0.20546;0.00542525;0.132239;-4.75107
39.7439;198.282;-0.194017;0.0108937;0.120078;-4.63911
48.5694;198.282;-0.199538;0.0159301;0.106306;-4.47394
57.3948;198.282;-0.240019;0.0195011;0.0959731;-4.24717
66.2203;198.282;-0.284398;0.0221899;0.0948934;-3.99591
75.0458;198.282;-0.313877;0.0211204;0.0923176;-3.709
83.8712;198.282;-0.315215;0.0169988;0.0849795;-3.38166
92.6967;198.282;-0.30735;0.0122679;0.0722418;-3.01778
101.522;198.282;-0.292857;0.00691244;0.0608176;-2.62833
110.348;198.282;-0.266497;-0.00177053;0.0460866;-2.21168
-101.463;189.456;0.583998;-0.0711821;0.0662801;-2.94445
-92.6379;189.456;0.499634;-0.0820692;0.0824059;-3.42616
-83.8124;189.456;0.376132;-0.0851772;0.102107;-3.85448
-74.987;189.456;0.209713;-0.0755375;0.116581;-4.2204
-66.1615;189.456;0.0105991;-0.0570369;0.126543;-4.53105
-57.3361;189.456;-0.165576;-0.0435256;0.128981;-4.73597
-48.5106;189.456;-0.22232;-0.0414124;0.133648;-4.96291
-39.6852;189.456;-0.204346;-0.0384635;0.136383;-5.2274
-30.8597;189.456;-0.258025;-0.0329593;0.148827;-5.42772
-22.0342;189.456;-0.310302;-0.0254738;0.150597;-5.54913
-13.2088;189.456;-0.287012;-0.0155074;0.141126;-5.66451
-4.38334;189.456;-0.184105;-0.0081914;0.130983;-5.78472
4.44212;189.456;-0.130452;-0.00448678;0.136639;-5.87511
13.2676;189.456;-0.107682;0.000656245;0.144228;-5.89201
22.093;189.456;-0.107904;0.00632285;0.146058;-5.85035
30.9185;189.456;-0.11755;0.011549;0.140898;-5.76207
39.7439;189.456;-0.125036;0.0159829;0.130834;-5.63173
48.5694;189.456;-0.12687;0.0203348;0.119927;-5.45494
57.3948;189.456;-0.15668;0.0255298;0.112046;-5.22555
66.2203;189.456;-0.192424;0.0306984;0.109321;-4.97034
75.0458;189.456;-0.217161;0.0321841;0.105025;-4.67646
83.8712;189.456;-0.224744;0.0294487;0.0968185;-4.33934
92.6967;189.456;-0.224059;0.0243407;0.0856528;-3.96094
101.522;189.456;-0.222112;0.018509;0.0751806;-3.55302
110.348;189.456;-0.204009;0.0119118;0.0616038;-3.1067
119.173;189.456;-0.165647;0.00260767;0.0444813;-2.64558
127.998;189.456;-0.110056;-0.0085183;0.0271638;-2.1565
136.824;189.456;-0.089791;-0.0214042;0.0073517;-1.60532
-127.94;180.631;0.74136;-0.0593811;0.0229711;-2.18044
-119.114;180.631;0.686113;-0.0713979;0.042063;-2.72959
-110.289;180.631;0.664279;-0.0843685;0.062057;-3.28378
-101.463;180.631;0.664402;-0.0969066;0.0741811;-3.80365
-92.6379;180.631;0.523733;-0.105227;0.0982468;-4.26743
-83.8124;180.631;0.277093;-0.105923;0.128723;-4.63716
-74.987;180.631;0.0972331;-0.0923674;0.146069;-5.03245
-66.1615;180.631;0.0192403;-0.0670559;0.141544;-5.44705
-57.3361;180.631;-0.0384827;-0.047179;0.128698;-5.71956
-48.5106;180.631;-0.169323;-0.0416554;0.135026;-5.94295
-39.6852;180.631;-0.144168;-0.0414622;0.138277;-6.19739
-30.8597;180.631;-0.0963;-0.0375355;0.147524;-6.4471
-22.0342;180.631;-0.0527723;-0.0294478;0.14981;-6.63484
-13.2088;180.631;-0.0100783;-0.0193706;0.145162;-6.77444
-4.38334;180.631;0.0303358;-0.0119189;0.14119;-6.87346
4.44212;180.631;0.0252143;-0.00838285;0.147842;-6.91939
13.2676;180.631;0.00450403;-0.000752217;0.154796;-6.90148
22.093;180.631;-0.018546;0.0076988;0.15692;-6.84128
30.9185;180.631;-0.0338622;0.0146629;0.153137;-6.74888
39.7439;180.631;-0.0388275;0.0196356;0.144872;-6.61777
48.5694;180.631;-0.0408076;0.0240273;0.13525;-6.42896
57.3948;180.631;-0.0684124;0.0292805;0.127959;-6.1887
66.2203;180.631;-0.0989539;0.0342247;0.122912;-5.92492
75.0458;180.631;-0.11699;0.0368541;0.11748;-5.62689
83.8712;180.631;-0.123474;0.0365873;0.110761;-5.28321
92.6967;180.631;-0.135698;0.0342651;0.102528;-4.88789
101.522;180.631;-0.159817;0.0305803;0.0937965;-4.44968
110.348;180.631;-0.164297;0.0228793;0.0797726;-3.97807
119.173;180.631;-0.142405;0.0129187;0.0626493;-3.48721
127.998;180.631;-0.0925073;0.00279296;0.0435881;-2.98093
136.824;180.631;-0.0336097;-0.00755082;0.02538;-2.46077
145.649;180.631;-0.0379364;-0.0185505;0.0023308;-1.8645
154.475;180.631;-0.0880527;-0.0378425;-0.0234112;-1.18294
-136.765;171.805;0.823981;-0.0699885;0.0261239;-2.40115
-127.94;171.805;0.752558;-0.0783333;0.0406551;-2.97549
-119.114;171.805;0.659385;-0.0901741;0.0605838;-3.54196
-110.289;171.805;0.605675;-0.104692;0.0818598;-4.10753
-101.463;171.805;0.586648;-0.117589;0.0945317;-4.63174
-92.6379;171.805;0.353907;-0.125248;0.125982;-5.05766
-83.8124;171.805;0.0423124;-0.125205;0.164991;-5.42704
-74.987;171.805;0.0235992;-0.109239;0.174276;-5.88576
-66.1615;171.805;0.190632;-0.0802931;0.14875;-6.39441
-57.3361;171.805;0.257199;-0.0568401;0.125656;-6.75017
-48.5106;171.805;0.104918;-0.0497068;0.136542;-6.98631
-39.6852;171.805;0.0433318;-0.0465897;0.151203;-7.21283
-30.8597;171.805;0.0524267;-0.0410374;0.164123;-7.44026
-22.0342;171.805;0.0785416;-0.0327573;0.168506;-7.61899
-13.2088;171.805;0.0910024;-0.0233556;0.167587;-7.74522
-4.38334;171.805;0.078394;-0.0153273;0.167409;-7.82157
4.44212;171.805;0.0379231;-0.00950763;0.171472;-7.8444
13.2676;171.805;0.0116114;-0.000271524;0.175415;-7.82062
22.093;171.805;0.000758321;0.00956024;0.177654;-7.77116
30.9185;171.805;0.00878433;0.0181933;0.175432;-7.69492
39.7439;171.805;0.025114;0.0253432;0.168135;-7.57336
48.5694;171.805;0.0270535;0.0314553;0.158329;-7.38094
57.3948;171.805;0.00249064;0.0371943;0.150756;-7.13868
66.2203;171.805;-0.0158436;0.0415971;0.143789;-6.8743
75.0458;171.805;-0.019499;0.0443351;0.135723;-6.57196
83.8712;171.805;-0.0225791;0.0454035;0.127619;-6.21581
92.6967;171.805;-0.0516835;0.0452863;0.121165;-5.79924
101.522;171.805;-0.107861;0.043931;0.113387;-5.33175
110.348;171.805;-0.127719;0.0371219;0.0987058;-4.84091
119.173;171.805;-0.118421;0.0278032;0.0819208;-4.33278
127.998;171.805;-0.0956692;0.0172153;0.0648667;-3.80115
136.824;171.805;-0.0720438;0.00809289;0.0480091;-3.24876
145.649;171.805;-0.000470801;-0.00385857;0.0259272;-2.67854
154.475;171.805;-0.0605814;-0.0159717;0.00653393;-2.02223
163.3;171.805;-0.197614;-0.0404698;-0.0124628;-1.30023
-145.591;162.98;0.837597;-0.0771283;0.0307733;-2.52155
-136.765;162.98;0.816915;-0.0874058;0.044508;-3.15187
-127.94;162.98;0.763065;-0.0941195;0.0601133;-3.76329
-119.114;162.98;0.671533;-0.103129;0.0786468;-4.32708
-110.289;162.98;0.60992;-0.114623;0.0969946;-4.89216
-101.463;162.98;0.578392;-0.125649;0.107451;-5.41667
-92.6379;162.98;0.369591;-0.132754;0.134;-5.87743
-83.8124;162.98;0.145807;-0.131648;0.164451;-6.29508
-74.987;162.98;0.285139;-0.113937;0.164588;-6.81018
-66.1615;162.98;0.504146;-0.0849264;0.135084;-7.32916
-57.3361;162.98;0.49011;-0.0605974;0.119112;-7.71382
-48.5106;162.98;0.316794;-0.0523875;0.13838;-7.95296
-39.6852;162.98;0.244764;-0.0475273;0.160541;-8.17368
-30.8597;162.98;0.227106;-0.0416644;0.178424;-8.38457
-22.0342;162.98;0.207122;-0.0336869;0.18769;-8.54855
-13.2088;162.98;0.171305;-0.0243314;0.191087;-8.65891
-4.38334;162.98;0.1276;-0.0147756;0.192543;-8.72049
4.44212;162.98;0.0853959;-0.00547569;0.193171;-8.7397
13.2676;162.98;0.0692868;0.00472625;0.194093;-8.72637
22.093;162.98;0.0652888;0.0137364;0.19735;-8.69039
30.9185;162.98;0.0765865;0.0226046;0.197597;-8.62041
39.7439;162.98;0.0964684;0.0317974;0.192483;-8.49875
48.5694;162.98;0.107276;0.0398956;0.184608;-8.30826
57.3948;162.98;0.0852653;0.0458365;0.176702;-8.0669
66.2203;162.98;0.0618384;0.0510947;0.167315;-7.79069
75.0458;162.98;0.0532975;0.0552381;0.15639;-7.47213
83.8712;162.98;0.0460011;0.0573662;0.145403;-7.10008
92.6967;162.98;0.0134802;0.0571138;0.136661;-6.67004
101.522;162.98;-0.0480878;0.0556928;0.128851;-6.19469
110.348;162.98;-0.0498414;0.0499246;0.113967;-5.71425
119.173;162.98;-0.0175978;0.0422096;0.0964378;-5.21413
127.998;162.98;0.0241493;0.0327788;0.0775724;-4.67857
136.824;162.98;0.0615579;0.0219862;0.0570024;-4.10533
145.649;162.98;0.0962492;0.00988879;0.0343539;-3.50789
154.475;162.98;0.0230146;-0.00101947;0.0185384;-2.83412
163.3;162.98;-0.0723203;-0.0172824;0.0124787;-2.12575
-163.242;154.154;0.886553;-0.0570558;0.0122393;-1.83166
-154.416;154.154;0.826943;-0.0736959;0.030609;-2.5333
-145.591;154.154;0.800904;-0.0887592;0.0469134;-3.22278
-136.765;154.154;0.802877;-0.0994141;0.0601305;-3.89035
-127.94;154.154;0.768334;-0.107252;0.0771712;-4.52202
-119.114;154.154;0.703513;-0.113975;0.0938416;-5.1059
-110.289;154.154;0.667398;-0.121705;0.107092;-5.67629
-101.463;154.154;0.671508;-0.12829;0.111373;-6.22479
-92.6379;154.154;0.564537;-0.130493;0.123092;-6.73881
-83.8124;154.154;0.484761;-0.124898;0.136697;-7.21071
-74.987;154.154;0.566829;-0.106764;0.140133;-7.75003
-66.1615;154.154;0.636294;-0.0826213;0.127665;-8.21848
-57.3361;154.154;0.552936;-0.0627234;0.124269;-8.56591
-48.5106;154.154;0.39265;-0.0547675;0.144506;-8.80177
-39.6852;154.154;0.352508;-0.0493579;0.166811;-9.04125
-30.8597;154.154;0.341842;-0.0429094;0.185351;-9.2598
-22.0342;154.154;0.324446;-0.0337643;0.19578;-9.42771
-13.2088;154.154;0.286319;-0.0238994;0.202021;-9.54175
-4.38334;154.154;0.23356;-0.0143845;0.207799;-9.6093
4.44212;154.154;0.186996;-0.0038215;0.210938;-9.63812
13.2676;154.154;0.170387;0.00649075;0.212888;-9.6315
22.093;154.154;0.146456;0.0157386;0.216839;-9.58917
30.9185;154.154;0.129622;0.0257687;0.217373;-9.50365
39.7439;154.154;0.126977;0.0370137;0.213318;-9.37086
48.5694;154.154;0.12816;0.0468176;0.207955;-9.17826
57.3948;154.154;0.0921526;0.0541243;0.201653;-8.92544
66.2203;154.154;0.0547012;0.0612618;0.191601;-8.6314
75.0458;154.154;0.049547;0.0666811;0.178826;-8.30674
83.8712;154.154;0.0617202;0.0694224;0.164604;-7.94158
92.6967;154.154;0.0582865;0.0687467;0.151615;-7.52058
101.522;154.154;0.0266926;0.0665329;0.14262;-7.04857
110.348;154.154;0.0431097;0.060752;0.128782;-6.56673
119.173;154.154;0.0870945;0.0541558;0.111152;-6.06319
127.998;154.154;0.129544;0.045889;0.090224;-5.51716
136.824;154.154;0.143435;0.0349267;0.0670171;-4.91815
145.649;154.154;0.142593;0.0215734;0.0443971;-4.29019
154.475;154.154;0.0801879;0.00858327;0.0292095;-3.6146
163.3;154.154;0.000977632;-0.00417009;0.021846;-2.88814
172.126;154.154;-0.0531517;-0.0153094;0.0215991;-2.17111
180.951;154.154;-0.0311223;-0.0238205;0.0196305;-1.42514
-172.067;145.329;0.807606;-0.0524354;0.00774012;-1.73565
-163.242;145.329;0.847531;-0.0655622;0.0223255;-2.47185
-154.416;145.329;0.806696;-0.0791141;0.0395523;-3.18839
-145.591;145.329;0.782828;-0.093573;0.0547186;-3.89745
-136.765;145.329;0.780434;-0.109554;0.0722585;-4.59485
-127.94;145.329;0.754241;-0.119634;0.0894089;-5.25386
-119.114;145.329;0.712524;-0.125878;0.103321;-5.85789
-110.289;145.329;0.691507;-0.131832;0.11313;-6.44227
-101.463;145.329;0.704234;-0.13417;0.115732;-7.01121
-92.6379;145.329;0.680252;-0.128236;0.116589;-7.55135
-83.8124;145.329;0.669418;-0.118755;0.123113;-8.0574
-74.987;145.329;0.679457;-0.105566;0.129317;-8.55155
-66.1615;145.329;0.646387;-0.089262;0.13015;-8.98013
-57.3361;145.329;0.543389;-0.0739512;0.133845;-9.31605
-48.5106;145.329;0.422617;-0.0650778;0.149345;-9.56629
-39.6852;145.329;0.396665;-0.0580109;0.16925;-9.83169
-30.8597;145.329;0.386366;-0.0493816;0.186571;-10.064
-22.0342;145.329;0.368195;-0.0368252;0.197409;-10.2431
-13.2088;145.329;0.326093;-0.0241764;0.206918;-10.3725
-4.38334;145.329;0.264675;-0.013513;0.219318;-10.455
4.44212;145.329;0.208638;-0.0028731;0.228455;-10.4911
13.2676;145.329;0.185411;0.00745206;0.233362;-10.4805
22.093;145.329;0.155235;0.0175368;0.235655;-10.4255
30.9185;145.329;0.128264;0.0287991;0.233491;-10.3267
39.7439;145.329;0.111464;0.0414602;0.228904;-10.189
48.5694;145.329;0.100066;0.0520622;0.225165;-9.99576
57.3948;145.329;0.0684286;0.0604195;0.220654;-9.7386
66.2203;145.329;0.0461578;0.0686587;0.211572;-9.44256
75.0458;145.329;0.06268;0.0749092;0.199282;-9.12928
83.8712;145.329;0.100952;0.0786086;0.184213;-8.78638
92.6967;145.329;0.131164;0.0785406;0.168011;-8.3873
101.522;145.329;0.137413;0.0766807;0.156627;-7.92566
110.348;145.329;0.153527;0.0716243;0.143716;-7.42799
119.173;145.329;0.174566;0.0667688;0.126668;-6.89439
127.998;145.329;0.187155;0.0605156;0.105512;-6.31744
136.824;145.329;0.179387;0.0496986;0.0820898;-5.69319
145.649;145.329;0.162699;0.0350071;0.0598561;-5.0433
154.475;145.329;0.118982;0.020323;0.0418148;-4.35554
163.3;145.329;0.0580524;0.00538481;0.0298143;-3.63073
172.126;145.329;0.00154549;-0.00772813;0.0210994;-2.87152
180.951;145.329;0.00270379;-0.0180394;0.0183021;-2.1313
189.777;145.329;-0.0437607;-0.0304077;0.00715856;-1.33053
-172.067;136.504;0.805649;-0.0565563;0.0164511;-2.33505
-163.242;136.504;0.813697;-0.0704304;0.0285174;-3.09911
-154.416;136.504;0.794596;-0.084448;0.0447622;-3.83129
-145.591;136.504;0.77576;-0.101362;0.0626658;-4.55696
-136.765;136.504;0.75271;-0.119801;0.080993;-5.26931
-127.94;136.504;0.723323;-0.12986;0.0950987;-5.93757
-119.114;136.504;0.691541;-0.135449;0.105182;-6.55617
-110.289;136.504;0.668655;-0.141142;0.113968;-7.1522
-101.463;136.504;0.664742;-0.142188;0.119603;-7.72559
-92.6379;136.504;0.665932;-0.131232;0.119119;-8.25619
-83.8124;136.504;0.651805;-0.121143;0.126711;-8.7572
-74.987;136.504;0.639557;-0.112919;0.135404;-9.23997
-66.1615;136.504;0.594988;-0.102558;0.141799;-9.67122
-57.3361;136.504;0.513426;-0.0896641;0.14866;-10.0321
-48.5106;136.504;0.432535;-0.0780416;0.161128;-10.3251
-39.6852;136.504;0.396839;-0.0689408;0.178603;-10.5995
-30.8597;136.504;0.368579;-0.0577536;0.195013;-10.8332
-22.0342;136.504;0.331408;-0.0420498;0.206663;-11.0111
-13.2088;136.504;0.273207;-0.0267804;0.217785;-11.141
-4.38334;136.504;0.201181;-0.0144132;0.233036;-11.2257
4.44212;136.504;0.140583;-0.00307796;0.246831;-11.2647
13.2676;136.504;0.122599;0.00862787;0.253619;-11.2622
22.093;136.504;0.114553;0.0211009;0.252596;-11.2175
30.9185;136.504;0.107246;0.0346689;0.24617;-11.1264
39.7439;136.504;0.0950112;0.0487174;0.239013;-10.9912
48.5694;136.504;0.0769003;0.0605551;0.234202;-10.8002
57.3948;136.504;0.0582407;0.0707214;0.229779;-10.5509
66.2203;136.504;0.0627894;0.079731;0.222183;-10.2635
75.0458;136.504;0.0885316;0.0864472;0.212236;-9.95362
83.8712;136.504;0.120064;0.0910486;0.199064;-9.60602
92.6967;136.504;0.148358;0.0924206;0.181794;-9.20059
101.522;136.504;0.182392;0.0917493;0.167385;-8.74381
110.348;136.504;0.193415;0.0881739;0.154343;-8.23196
119.173;136.504;0.185475;0.0847789;0.138448;-7.66593
127.998;136.504;0.174166;0.0796888;0.119209;-7.06208
136.824;136.504;0.170106;0.0689573;0.097441;-6.42915
145.649;136.504;0.157588;0.0531373;0.0753251;-5.76702
154.475;136.504;0.130062;0.0366621;0.0546038;-5.06415
163.3;136.504;0.0786284;0.0209776;0.0386634;-4.32152
172.126;136.504;0.020828;0.00500433;0.0254231;-3.55252
180.951;136.504;-0.00265896;-0.0124848;0.0146903;-2.78407
189.777;136.504;-0.0116348;-0.02635;0.00849243;-1.97901
-180.892;127.678;0.828924;-0.0405233;0.0118909;-2.1217
-172.067;127.678;0.801448;-0.0542871;0.0201571;-2.90011
-163.242;127.678;0.772076;-0.0764535;0.0383998;-3.69611
-154.416;127.678;0.763932;-0.095667;0.0559782;-4.45762
-145.591;127.678;0.747952;-0.115092;0.0746233;-5.20456
-136.765;127.678;0.716373;-0.131374;0.0917711;-5.92466
-127.94;127.678;0.686062;-0.137649;0.101629;-6.59573
-119.114;127.678;0.656039;-0.14068;0.107549;-7.22645
-110.289;127.678;0.630273;-0.145666;0.115981;-7.84082
-101.463;127.678;0.619002;-0.147727;0.125754;-8.43048
-92.6379;127.678;0.603199;-0.137717;0.131719;-8.96869
-83.8124;127.678;0.570625;-0.128341;0.140219;-9.46537
-74.987;127.678;0.547975;-0.121389;0.14789;-9.93973
-66.1615;127.678;0.515915;-0.112991;0.155678;-10.3736
-57.3361;127.678;0.464648;-0.101583;0.166495;-10.752
-48.5106;127.678;0.406221;-0.0893666;0.181288;-11.0688
-39.6852;127.678;0.364236;-0.0783899;0.197262;-11.3519
-30.8597;127.678;0.317258;-0.0645606;0.213633;-11.5925
-22.0342;127.678;0.264204;-0.0464652;0.225501;-11.7767
-13.2088;127.678;0.195112;-0.0289078;0.234964;-11.9071
-4.38334;127.678;0.121168;-0.0137031;0.248169;-11.991
4.44212;127.678;0.071985;0.00068729;0.261068;-12.0385
13.2676;127.678;0.0781889;0.0136715;0.266317;-12.0531
22.093;127.678;0.0984438;0.0275503;0.262276;-12.0225
30.9185;127.678;0.115528;0.0429111;0.251833;-11.9362
39.7439;127.678;0.113851;0.0584112;0.240887;-11.7941
48.5694;127.678;0.0891779;0.0720738;0.233908;-11.5929
57.3948;127.678;0.0547438;0.0843799;0.229636;-11.3354
66.2203;127.678;0.0508032;0.0939451;0.224509;-11.0355
75.0458;127.678;0.0435258;0.100526;0.217611;-10.692
83.8712;127.678;0.00996811;0.105471;0.207203;-10.2786
92.6967;127.678;-0.0258809;0.109107;0.191129;-9.80914
101.522;127.678;0.0105902;0.109612;0.175023;-9.3391
110.348;127.678;0.038922;0.107004;0.161508;-8.83624
119.173;127.678;0.0469589;0.104316;0.146286;-8.28222
127.998;127.678;0.0627845;0.0994554;0.128286;-7.6985
136.824;127.678;0.096991;0.0894325;0.107277;-7.09076
145.649;127.678;0.101026;0.073822;0.0850729;-6.42634
154.475;127.678;0.0734808;0.05727;0.0637742;-5.7047
163.3;127.678;0.0277104;0.0417275;0.0475417;-4.94998
172.126;127.678;-0.0133822;0.0252831;0.0331596;-4.1782
180.951;127.678;-0.0266013;0.00729695;0.0218694;-3.40586
189.777;127.678;-0.0626959;-0.0072814;0.0171661;-2.60039
198.602;127.678;-0.103846;-0.024366;0.00827829;-1.74167
207.428;127.678;0.108123;-0.0472717;-0.0183787;-0.864189
-189.718;118.853;0.792015;-0.0341587;0.0114171;-1.8535
-180.892;118.853;0.770748;-0.0426539;0.0176508;-2.64871
-172.067;118.853;0.756336;-0.0611253;0.0335631;-3.47083
-163.242;118.853;0.721902;-0.086052;0.0530908;-4.27436
-154.416;118.853;0.712321;-0.109189;0.0708148;-5.06257
-145.591;118.853;0.704309;-0.127916;0.0873927;-5.82729
-136.765;118.853;0.676575;-0.14163;0.103647;-6.56009
-127.94;118.853;0.650239;-0.145197;0.111698;-7.24013
-119.114;118.853;0.623314;-0.146085;0.115281;-7.88268
-110.289;118.853;0.605123;-0.149346;0.122481;-8.51456
-101.463;118.853;0.605995;-0.151111;0.132838;-9.12115
-92.6379;118.853;0.576178;-0.144472;0.142208;-9.67461
-83.8124;118.853;0.51075;-0.136192;0.150372;-10.1751
-74.987;118.853;0.460758;-0.127996;0.157105;-10.6446
-66.1615;118.853;0.421909;-0.119639;0.16776;-11.0803
-57.3361;118.853;0.382425;-0.109962;0.184135;-11.4717
-48.5106;118.853;0.341352;-0.099034;0.202005;-11.8059
-39.6852;118.853;0.314086;-0.0872594;0.218064;-12.1039
-30.8597;118.853;0.286054;-0.0716239;0.231476;-12.3582
-22.0342;118.853;0.247791;-0.0529964;0.240427;-12.5599
-13.2088;118.853;0.190214;-0.0350149;0.246022;-12.7021
-4.38334;118.853;0.133198;-0.0184037;0.254836;-12.7969
4.44212;118.853;0.106272;-0.00214472;0.265432;-12.8583
13.2676;118.853;0.1125;0.0124883;0.27065;-12.8788
22.093;118.853;0.108312;0.0289364;0.265311;-12.8322
30.9185;118.853;0.100004;0.0461511;0.251183;-12.7158
39.7439;118.853;0.0764251;0.0642195;0.237623;-12.548
48.5694;118.853;0.0185353;0.0809015;0.230409;-12.3116
57.3948;118.853;-0.0874984;0.0981824;0.228284;-11.9982
66.2203;118.853;-0.167016;0.111247;0.225743;-11.6394
75.0458;118.853;-0.205024;0.118082;0.218126;-11.2521
83.8712;118.853;-0.302974;0.126133;0.206852;-10.7737
92.6967;118.853;-0.444649;0.129304;0.190987;-10.1932
101.522;118.853;-0.481439;0.129586;0.175234;-9.65148
110.348;118.853;-0.42047;0.126564;0.163417;-9.16537
119.173;118.853;-0.341089;0.124119;0.150553;-8.67274
127.998;118.853;-0.238193;0.118185;0.133646;-8.15799
136.824;118.853;-0.129135;0.109539;0.112356;-7.60801
145.649;118.853;-0.0921384;0.0950267;0.0898543;-6.95154
154.475;118.853;-0.097316;0.0793261;0.0685732;-6.23239
163.3;118.853;-0.110744;0.0640262;0.0525208;-5.48969
172.126;118.853;-0.113219;0.0490499;0.0396509;-4.74013
180.951;118.853;-0.0995761;0.0329494;0.0294898;-3.98153
189.777;118.853;-0.109909;0.0160761;0.0225039;-3.17691
198.602;118.853;-0.127878;-0.00153749;0.0181614;-2.31921
207.428;118.853;0.0562418;-0.022926;0.00231009;-1.45282
-189.718;110.027;0.712601;-0.0520435;0.0226424;-2.36643
-180.892;110.027;0.682247;-0.0608947;0.0335645;-3.18064
-172.067;110.027;0.686482;-0.0762739;0.0497179;-4.01392
-163.242;110.027;0.66218;-0.0987683;0.0667525;-4.83529
-154.416;110.027;0.653484;-0.12146;0.0816035;-5.64506
-145.591;110.027;0.656086;-0.139465;0.0956289;-6.43137
-136.765;110.027;0.639825;-0.151963;0.111457;-7.18221
-127.94;110.027;0.608124;-0.156901;0.121217;-7.8776
-119.114;110.027;0.572519;-0.159408;0.126714;-8.5349
-110.289;110.027;0.55261;-0.161891;0.133827;-9.18044
-101.463;110.027;0.551412;-0.161509;0.143338;-9.79966
-92.6379;110.027;0.517923;-0.155182;0.151885;-10.3618
-83.8124;110.027;0.456506;-0.146646;0.157608;-10.873
-74.987;110.027;0.405808;-0.138557;0.162073;-11.3531
-66.1615;110.027;0.362296;-0.131807;0.172188;-11.8029
-57.3361;110.027;0.329053;-0.124097;0.1904;-12.2084
-48.5106;110.027;0.308854;-0.113288;0.211071;-12.5568
-39.6852;110.027;0.291543;-0.0987847;0.227845;-12.8675
-30.8597;110.027;0.268469;-0.0810625;0.240419;-13.1367
-22.0342;110.027;0.236275;-0.0622631;0.248025;-13.3562
-13.2088;110.027;0.18914;-0.0448301;0.251394;-13.5135
-4.38334;110.027;0.145118;-0.0275514;0.257107;-13.622
4.44212;110.027;0.123493;-0.00937122;0.265232;-13.6882
13.2676;110.027;0.115469;0.00786554;0.270376;-13.7017
22.093;110.027;0.0881116;0.0252631;0.266849;-13.6402
30.9185;110.027;0.0577773;0.0414331;0.253643;-13.5062
39.7439;110.027;0.0150848;0.0624318;0.240063;-13.3275
48.5694;110.027;-0.0517935;0.0875428;0.232083;-13.0883
57.3948;110.027;-0.141246;0.11346;0.229881;-12.7801
66.2203;110.027;-0.179126;0.130169;0.22866;-12.4434
75.0458;110.027;-0.173451;0.139157;0.218264;-12.0774
83.8712;110.027;-0.276364;0.150006;0.201448;-11.588
92.6967;110.027;-0.472678;0.152163;0.185331;-10.9434
101.522;110.027;-0.607892;0.151414;0.170263;-10.3035
110.348;110.027;-0.598959;0.148104;0.157472;-9.7455
119.173;110.027;-0.528729;0.144856;0.145188;-9.22495
127.998;110.027;-0.410606;0.136375;0.130892;-8.70461
136.824;110.027;-0.277395;0.128341;0.113902;-8.1675
145.649;110.027;-0.192591;0.117644;0.0975018;-7.53693
154.475;110.027;-0.160542;0.103792;0.0782704;-6.83347
163.3;110.027;-0.1381;0.086924;0.0603477;-6.09769
172.126;110.027;-0.113297;0.069815;0.0462674;-5.34725
180.951;110.027;-0.0866274;0.0532175;0.036189;-4.57985
189.777;110.027;-0.0673527;0.0351757;0.0276059;-3.77375
198.602;110.027;-0.0735435;0.0139728;0.0225103;-2.92765
207.428;110.027;0.0397552;-0.00927823;0.00701187;-2.02893
-198.543;101.202;0.825176;-0.0451644;0.0133752;-2.04749
-189.718;101.202;0.727355;-0.0610182;0.0268975;-2.88004
-180.892;101.202;0.67054;-0.0754183;0.0417469;-3.72224
-172.067;101.202;0.657773;-0.0913748;0.0557709;-4.55911
-163.242;101.202;0.635369;-0.111634;0.0700492;-5.39343
-154.416;101.202;0.624133;-0.132894;0.0834433;-6.21807
-145.591;101.202;0.61711;-0.151562;0.0961634;-7.02008
-136.765;101.202;0.585559;-0.165419;0.111206;-7.78422
-127.94;101.202;0.530748;-0.173195;0.121577;-8.48953
-119.114;101.202;0.478394;-0.179196;0.129304;-9.15904
-110.289;101.202;0.457962;-0.18286;0.137849;-9.81653
-101.463;101.202;0.470686;-0.180176;0.147387;-10.4517
-92.6379;101.202;0.465853;-0.171557;0.154862;-11.035
-83.8124;101.202;0.443879;-0.161058;0.159423;-11.5686
-74.987;101.202;0.402938;-0.152609;0.162449;-12.0678
-66.1615;101.202;0.353035;-0.146698;0.170969;-12.5327
-57.3361;101.202;0.303067;-0.13969;0.189064;-12.9497
-48.5106;101.202;0.263452;-0.127968;0.212184;-13.3108
-39.6852;101.202;0.243559;-0.110366;0.230916;-13.6332
-30.8597;101.202;0.229701;-0.0902458;0.244171;-13.9163
-22.0342;101.202;0.211564;-0.0708619;0.252446;-14.1501
-13.2088;101.202;0.186334;-0.0530916;0.255993;-14.3191
-4.38334;101.202;0.162126;-0.0343504;0.260949;-14.4379
4.44212;101.202;0.146074;-0.0147218;0.266652;-14.5062
13.2676;101.202;0.132674;0.00273875;0.270472;-14.5185
22.093;101.202;0.0992203;0.0179367;0.270063;-14.4583
30.9185;101.202;0.0559388;0.032778;0.261964;-14.327
39.7439;101.202;0.00434091;0.0602786;0.249572;-14.1504
48.5694;101.202;-0.0302398;0.0988255;0.238111;-13.9429
57.3948;101.202;-0.0107591;0.135142;0.232289;-13.7162
66.2203;101.202;0.0730591;0.155064;0.231321;-13.4763
75.0458;101.202;0.117496;0.166204;0.217683;-13.1375
83.8712;101.202;0.029797;0.175841;0.196766;-12.6399
92.6967;101.202;-0.160584;0.177656;0.179519;-11.9835
101.522;101.202;-0.342924;0.177492;0.164217;-11.2947
110.348;101.202;-0.378394;0.174633;0.149752;-10.6724
119.173;101.202;-0.34672;0.171319;0.138018;-10.0947
127.998;101.202;-0.276132;0.162698;0.12701;-9.51552
136.824;101.202;-0.19244;0.153861;0.114861;-8.91689
145.649;101.202;-0.121111;0.144372;0.103354;-8.25523
154.475;101.202;-0.0876503;0.1311;0.0869781;-7.53201
163.3;101.202;-0.0601142;0.112924;0.06833;-6.7757
172.126;101.202;-0.0460242;0.0935896;0.0514728;-5.9927
180.951;101.202;-0.0498607;0.0754467;0.0386542;-5.18261
189.777;101.202;-0.0489153;0.055969;0.0266053;-4.34318
198.602;101.202;-0.0149743;0.0297854;0.0167682;-3.48164
207.428;101.202;0.0338684;0.00397929;0.00534356;-2.56763
-198.543;92.3763;0.862127;-0.0389879;0.00812047;-2.52319
-189.718;92.3763;0.761483;-0.0542816;0.0216673;-3.37935
-180.892;92.3763;0.688168;-0.0778678;0.0398508;-4.23305
-172.067;92.3763;0.661485;-0.0991483;0.0546462;-5.08388
-163.242;92.3763;0.641107;-0.119344;0.0681027;-5.92827
-154.416;92.3763;0.613251;-0.139931;0.0828629;-6.76065
-145.591;92.3763;0.57607;-0.158663;0.0963835;-7.56971
-136.765;92.3763;0.519452;-0.174003;0.109775;-8.34372
-127.94;92.3763;0.453468;-0.185065;0.117918;-9.06596
-119.114;92.3763;0.405294;-0.194686;0.127101;-9.76287
-110.289;92.3763;0.393996;-0.19978;0.13819;-10.4436
-101.463;92.3763;0.41407;-0.195967;0.148778;-11.1004
-92.6379;92.3763;0.431192;-0.185763;0.155974;-11.7128
-83.8124;92.3763;0.428687;-0.175087;0.163045;-12.2779
-74.987;92.3763;0.401559;-0.165966;0.168562;-12.7957
-66.1615;92.3763;0.355822;-0.158736;0.17606;-13.265
-57.3361;92.3763;0.294459;-0.15088;0.191703;-13.6834
-48.5106;92.3763;0.235838;-0.138454;0.21357;-14.0575
-39.6852;92.3763;0.21219;-0.119138;0.233135;-14.394
-30.8597;92.3763;0.211438;-0.09666;0.24771;-14.694
-22.0342;92.3763;0.20585;-0.0755586;0.258248;-14.9474
-13.2088;92.3763;0.195131;-0.0556152;0.264051;-15.1295
-4.38334;92.3763;0.184574;-0.0341017;0.269939;-15.2576
4.44212;92.3763;0.175134;-0.0125463;0.274115;-15.3285
13.2676;92.3763;0.159432;0.00506145;0.27493;-15.3374
22.093;92.3763;0.128402;0.0164802;0.274508;-15.2781
30.9185;92.3763;0.0825016;0.0318534;0.27067;-15.1543
39.7439;92.3763;0.0227345;0.0691425;0.25779;-14.9771
48.5694;92.3763;0.00843249;0.120925;0.239272;-14.7842
57.3948;92.3763;0.105378;0.165196;0.224778;-14.614
66.2203;92.3763;0.278399;0.186065;0.219834;-14.4454
75.0458;92.3763;0.337605;0.196853;0.204664;-14.1073
83.8712;92.3763;0.281467;0.202136;0.186279;-13.6049
92.6967;92.3763;0.150927;0.20251;0.171052;-12.9808
101.522;92.3763;0.0163398;0.201421;0.156448;-12.3149
110.348;92.3763;-0.0144104;0.198575;0.140542;-11.676
119.173;92.3763;-0.015828;0.195577;0.128745;-11.0522
127.998;92.3763;-0.00754719;0.187926;0.120007;-10.4056
136.824;92.3763;0.0072196;0.178463;0.109361;-9.72793
145.649;92.3763;0.0318402;0.168871;0.0989025;-9.01034
154.475;92.3763;0.0470591;0.156469;0.0857291;-8.25285
163.3;92.3763;0.0563037;0.139349;0.0700853;-7.4618
172.126;92.3763;0.0266138;0.120066;0.0544662;-6.62583
180.951;92.3763;-0.0397053;0.100217;0.0419209;-5.75036
189.777;92.3763;-0.0732665;0.07645;0.0280965;-4.86239
198.602;92.3763;-0.0244876;0.0469017;0.0157818;-3.98645
207.428;92.3763;0.0608972;0.0187316;0.00730557;-3.10009
-216.194;83.5508;0.808671;-0.0457454;0.0136433;-1.1469
-207.369;83.5508;0.897197;-0.0296863;0.00102424;-2.05225
-198.543;83.5508;0.867421;-0.032279;0.00384749;-2.97138
-189.718;83.5508;0.778533;-0.0467489;0.0157959;-3.8472
-180.892;83.5508;0.697824;-0.0762181;0.0349868;-4.71431
-172.067;83.5508;0.662529;-0.102159;0.0510515;-5.57599
-163.242;83.5508;0.630067;-0.123797;0.0651544;-6.42601
-154.416;83.5508;0.571139;-0.145349;0.0821409;-7.26716
-145.591;83.5508;0.51232;-0.163012;0.0953876;-8.08434
-136.765;83.5508;0.453704;-0.177418;0.104528;-8.87243
-127.94;83.5508;0.405051;-0.18878;0.108459;-9.62289
-119.114;83.5508;0.37376;-0.198616;0.116936;-10.3483
-110.289;83.5508;0.363348;-0.203666;0.129307;-11.0479
-101.463;83.5508;0.371716;-0.200734;0.140179;-11.7176
-92.6379;83.5508;0.389143;-0.192409;0.147066;-12.3558
-83.8124;83.5508;0.384034;-0.184876;0.158566;-12.95
-74.987;83.5508;0.366569;-0.176346;0.170986;-13.4882
-66.1615;83.5508;0.336835;-0.166851;0.181699;-13.9705
-57.3361;83.5508;0.289297;-0.156725;0.194707;-14.4039
-48.5106;83.5508;0.240315;-0.143393;0.21182;-14.7977
-39.6852;83.5508;0.222592;-0.123304;0.229554;-15.1511
-30.8597;83.5508;0.228051;-0.0994938;0.244348;-15.4633
-22.0342;83.5508;0.222426;-0.0778059;0.25527;-15.7234
-13.2088;83.5508;0.205522;-0.0558125;0.262481;-15.9102
-4.38334;83.5508;0.192378;-0.0316929;0.270429;-16.0425
4.44212;83.5508;0.184194;-0.00731019;0.276006;-16.1178
13.2676;83.5508;0.164183;0.0136811;0.275236;-16.1269
22.093;83.5508;0.139882;0.024878;0.271477;-16.0707
30.9185;83.5508;0.107154;0.0452692;0.26578;-15.9564
39.7439;83.5508;0.0423931;0.0913454;0.247498;-15.7628
48.5694;83.5508;0.00400331;0.147554;0.220002;-15.519
57.3948;83.5508;0.0628918;0.189984;0.195883;-15.2836
66.2203;83.5508;0.204602;0.208223;0.185017;-15.0682
75.0458;83.5508;0.256343;0.221705;0.173616;-14.7249
83.8712;83.5508;0.231442;0.228368;0.164377;-14.2499
92.6967;83.5508;0.185862;0.228898;0.15653;-13.6928
101.522;83.5508;0.16785;0.225639;0.144692;-13.1
110.348;83.5508;0.176507;0.222816;0.127107;-12.4825
119.173;83.5508;0.155765;0.220411;0.112833;-11.8358
127.998;83.5508;0.131606;0.212497;0.103312;-11.1495
136.824;83.5508;0.120325;0.202064;0.0913061;-10.4331
145.649;83.5508;0.12845;0.192094;0.080404;-9.69031
154.475;83.5508;0.14377;0.180715;0.0705918;-8.91704
163.3;83.5508;0.138977;0.165496;0.0607939;-8.0961
172.126;83.5508;0.0641645;0.146958;0.0497989;-7.20577
180.951;83.5508;-0.0481373;0.125237;0.0389489;-6.27422
189.777;83.5508;-0.0653549;0.0961124;0.0254286;-5.37091
198.602;83.5508;0.00906635;0.0619789;0.0107482;-4.491
207.428;83.5508;0.133653;0.0299392;-0.000531858;-3.61437
216.253;83.5508;0.240368;0.00254387;-0.00544504;-2.69502
225.078;83.5508;0.270573;-0.0213311;-0.000324937;-1.73701
-216.194;74.7253;0.797787;-0.0526307;0.0141502;-1.5481
-207.369;74.7253;0.861445;-0.0323495;0.00370929;-2.47436
-198.543;74.7253;0.845599;-0.0253298;-0.000442635;-3.38479
-189.718;74.7253;0.756001;-0.0476028;0.0121053;-4.27609
-180.892;74.7253;0.691477;-0.0769746;0.0284234;-5.15496
-172.067;74.7253;0.656529;-0.103094;0.0437875;-6.02959
-163.242;74.7253;0.604101;-0.125949;0.0576498;-6.88846
-154.416;74.7253;0.518571;-0.148975;0.0744258;-7.74759
-145.591;74.7253;0.462679;-0.164593;0.0843873;-8.58257
-136.765;74.7253;0.426558;-0.176555;0.0875954;-9.3929
-127.94;74.7253;0.410524;-0.185536;0.086652;-10.1742
-119.114;74.7253;0.385583;-0.192903;0.0928112;-10.9202
-110.289;74.7253;0.354066;-0.19711;0.104183;-11.6291
-101.463;74.7253;0.337424;-0.196297;0.113193;-12.3062
-92.6379;74.7253;0.345616;-0.191408;0.11883;-12.9651
-83.8124;74.7253;0.340254;-0.187213;0.133128;-13.5809
-74.987;74.7253;0.320019;-0.181373;0.151991;-14.1419
-66.1615;74.7253;0.305516;-0.171845;0.167666;-14.6496
-57.3361;74.7253;0.285593;-0.16011;0.179341;-15.109
-48.5106;74.7253;0.264048;-0.144937;0.190602;-15.5264
-39.6852;74.7253;0.25922;-0.123693;0.203418;-15.8977
-30.8597;74.7253;0.253224;-0.0993874;0.217709;-16.2247
-22.0342;74.7253;0.234743;-0.0770768;0.230759;-16.4977
-13.2088;74.7253;0.19835;-0.0536148;0.240854;-16.6865
-4.38334;74.7253;0.166978;-0.0278285;0.250648;-16.8168
4.44212;74.7253;0.146955;-0.000944458;0.25576;-16.8915
13.2676;74.7253;0.12655;0.0244979;0.250917;-16.9023
22.093;74.7253;0.124464;0.0409387;0.241649;-16.8532
30.9185;74.7253;0.129943;0.0708647;0.229412;-16.7556
39.7439;74.7253;0.102725;0.122659;0.206592;-16.5691
48.5694;74.7253;0.0811987;0.176012;0.178683;-16.3029
57.3948;74.7253;0.109976;0.21102;0.155869;-15.9991
66.2203;74.7253;0.173281;0.228442;0.143252;-15.6879
75.0458;74.7253;0.191227;0.24334;0.135192;-15.3035
83.8712;74.7253;0.18392;0.250928;0.132115;-14.8359
92.6967;74.7253;0.182962;0.252883;0.129707;-14.3103
101.522;74.7253;0.202807;0.251293;0.120274;-13.7403
110.348;74.7253;0.222395;0.249028;0.102075;-13.1209
119.173;74.7253;0.190651;0.246262;0.0860007;-12.4521
127.998;74.7253;0.159175;0.237012;0.0758709;-11.7462
136.824;74.7253;0.152877;0.224799;0.0658003;-11.0211
145.649;74.7253;0.177187;0.21409;0.0581891;-10.2833
154.475;74.7253;0.209092;0.202995;0.0515964;-9.51035
163.3;74.7253;0.224509;0.18678;0.047579;-8.68478
172.126;74.7253;0.179452;0.165539;0.0423184;-7.78897
180.951;74.7253;0.112578;0.140815;0.0350103;-6.86141
189.777;74.7253;0.127143;0.109921;0.0240803;-5.96007
198.602;74.7253;0.218018;0.0744805;0.0115829;-5.0739
207.428;74.7253;0.296872;0.0415727;0.000323114;-4.16111
216.253;74.7253;0.35189;0.0124563;-0.00423766;-3.18554
225.078;74.7253;0.364278;-0.0142172;0.00234533;-2.20157
-216.194;65.8999;0.785652;-0.0452425;0.0116507;-1.87109
-207.369;65.8999;0.809685;-0.032151;0.00742303;-2.83065
-198.543;65.8999;0.783638;-0.0300682;0.0026027;-3.74389
-189.718;65.8999;0.707726;-0.0563333;0.0102407;-4.66077
-180.892;65.8999;0.672269;-0.0821939;0.0190397;-5.55741
-172.067;65.8999;0.657462;-0.105504;0.0289626;-6.46593
-163.242;65.8999;0.610121;-0.128342;0.0383919;-7.3564
-154.416;65.8999;0.536044;-0.14958;0.0493863;-8.2409
-145.591;65.8999;0.503464;-0.160632;0.053486;-9.09364
-136.765;65.8999;0.483554;-0.171291;0.0526515;-9.92364
-127.94;65.8999;0.482744;-0.18067;0.0491171;-10.7259
-119.114;65.8999;0.449224;-0.189149;0.0540948;-11.4859
-110.289;65.8999;0.396897;-0.195316;0.0639745;-12.2021
-101.463;65.8999;0.372648;-0.196156;0.0696346;-12.8901
-92.6379;65.8999;0.393413;-0.190028;0.072511;-13.5588
-83.8124;65.8999;0.390122;-0.183656;0.0836793;-14.1847
-74.987;65.8999;0.366802;-0.180654;0.103887;-14.7681
-66.1615;65.8999;0.347605;-0.173513;0.124325;-15.3064
-57.3361;65.8999;0.326259;-0.161254;0.138004;-15.7901
-48.5106;65.8999;0.308776;-0.144119;0.146686;-16.2276
-39.6852;65.8999;0.307653;-0.123117;0.156071;-16.6213
-30.8597;65.8999;0.304881;-0.100712;0.172023;-16.9736
-22.0342;65.8999;0.307804;-0.0784294;0.189549;-17.2769
-13.2088;65.8999;0.290483;-0.0547386;0.205418;-17.4915
-4.38334;65.8999;0.264953;-0.028834;0.217368;-17.6363
4.44212;65.8999;0.237566;-0.000935451;0.221004;-17.7116
13.2676;65.8999;0.211079;0.0271754;0.213822;-17.7102
22.093;65.8999;0.217066;0.0501963;0.202351;-17.6547
30.9185;65.8999;0.23456;0.0931291;0.183461;-17.5518
39.7439;65.8999;0.244301;0.1518;0.159086;-17.3852
48.5694;65.8999;0.293256;0.20219;0.137904;-17.172
57.3948;65.8999;0.38183;0.23073;0.125263;-16.9071
66.2203;65.8999;0.41387;0.250354;0.118486;-16.552
75.0458;65.8999;0.376922;0.26768;0.112259;-16.1011
83.8712;65.8999;0.344284;0.275052;0.109296;-15.5941
92.6967;65.8999;0.338723;0.276051;0.106885;-15.0478
101.522;65.8999;0.354217;0.274983;0.0997422;-14.4613
110.348;65.8999;0.360922;0.274245;0.0847788;-13.8218
119.173;65.8999;0.32353;0.271711;0.0686943;-13.1278
127.998;65.8999;0.290772;0.260657;0.0580742;-12.3968
136.824;65.8999;0.278477;0.244401;0.0510608;-11.6367
145.649;65.8999;0.289293;0.231858;0.0467679;-10.8681
154.475;65.8999;0.313571;0.220151;0.0414344;-10.0729
163.3;65.8999;0.327949;0.202569;0.0372305;-9.23149
172.126;65.8999;0.313663;0.178924;0.0329987;-8.33561
180.951;65.8999;0.294474;0.153223;0.028564;-7.42102
189.777;65.8999;0.315276;0.123937;0.0208418;-6.51474
198.602;65.8999;0.377562;0.0903226;0.0123591;-5.60028
207.428;65.8999;0.425456;0.0585607;0.00636341;-4.65178
216.253;65.8999;0.444272;0.0285898;0.0057169;-3.66334
225.078;65.8999;0.441011;0.00058324;0.0110029;-2.6262
233.904;65.8999;0.518908;-0.0276611;0.0110059;-1.53615
-216.194;57.0744;0.753439;-0.0354397;0.00822829;-2.16267
-207.369;57.0744;0.756039;-0.028809;0.00667153;-3.12849
-198.543;57.0744;0.703038;-0.0338127;0.00355347;-4.05106
-189.718;57.0744;0.630993;-0.0622711;0.00730459;-4.98564
-180.892;57.0744;0.617677;-0.0875454;0.00965152;-5.90158
-172.067;57.0744;0.631743;-0.112627;0.0127097;-6.83967
-163.242;57.0744;0.623812;-0.137238;0.015671;-7.76981
-154.416;57.0744;0.599777;-0.15323;0.0181828;-8.68209
-145.591;57.0744;0.600417;-0.157199;0.0164591;-9.55833
-136.765;57.0744;0.584689;-0.166708;0.0143391;-10.4076
-127.94;57.0744;0.561603;-0.181576;0.0162264;-11.2318
-119.114;57.0744;0.51495;-0.193485;0.0249398;-12.0088
-110.289;57.0744;0.458432;-0.199601;0.0355553;-12.7384
-101.463;57.0744;0.432567;-0.198898;0.0404404;-13.4486
-92.6379;57.0744;0.461153;-0.191291;0.0431652;-14.139
-83.8124;57.0744;0.4681;-0.184247;0.0531192;-14.789
-74.987;57.0744;0.447579;-0.183023;0.0708021;-15.3926
-66.1615;57.0744;0.41586;-0.178925;0.0897315;-15.9519
-57.3361;57.0744;0.377873;-0.167023;0.103577;-16.4472
-48.5106;57.0744;0.35487;-0.148694;0.11329;-16.8963
-39.6852;57.0744;0.361035;-0.128221;0.123321;-17.3131
-30.8597;57.0744;0.366654;-0.106298;0.139589;-17.691
-22.0342;57.0744;0.385926;-0.0822905;0.159849;-18.0203
-13.2088;57.0744;0.392193;-0.0569411;0.177486;-18.2635
-4.38334;57.0744;0.377864;-0.0302352;0.189717;-18.4215
4.44212;57.0744;0.341326;-0.00402513;0.195751;-18.4968
13.2676;57.0744;0.299466;0.0196977;0.19535;-18.4892
22.093;57.0744;0.309472;0.0468549;0.186801;-18.4371
30.9185;57.0744;0.334113;0.104231;0.163482;-18.321
39.7439;57.0744;0.357073;0.174463;0.137227;-18.1438
48.5694;57.0744;0.420724;0.227533;0.119213;-17.9326
57.3948;57.0744;0.506845;0.253462;0.110953;-17.6622
66.2203;57.0744;0.51609;0.272838;0.106725;-17.2772
75.0458;57.0744;0.442463;0.290433;0.102247;-16.7724
83.8712;57.0744;0.406091;0.297681;0.0979858;-16.238
92.6967;57.0744;0.409764;0.299325;0.0947854;-15.6842
101.522;57.0744;0.433113;0.299342;0.0899378;-15.0972
110.348;57.0744;0.445932;0.298906;0.0785086;-14.4531
119.173;57.0744;0.400501;0.296873;0.0649056;-13.733
127.998;57.0744;0.358907;0.285763;0.0540739;-12.9697
136.824;57.0744;0.337;0.268098;0.0464163;-12.1743
145.649;57.0744;0.338795;0.252011;0.041336;-11.3705
154.475;57.0744;0.360439;0.237627;0.035844;-10.5544
163.3;57.0744;0.384383;0.219172;0.0312481;-9.706
172.126;57.0744;0.390127;0.194593;0.02757;-8.80464
180.951;57.0744;0.387711;0.168953;0.0247303;-7.88427
189.777;57.0744;0.396904;0.140744;0.0197879;-6.96039
198.602;57.0744;0.429269;0.107339;0.0139033;-6.01925
207.428;57.0744;0.460983;0.0756181;0.0117105;-5.05118
216.253;57.0744;0.479491;0.0448844;0.0132654;-4.04983
225.078;57.0744;0.492217;0.0116497;0.0155283;-2.98977
233.904;57.0744;0.572341;-0.0212329;0.0169443;-1.88517
-225.02;48.249;0.731176;-0.0219389;0.00426589;-1.47945
-216.194;48.249;0.73356;-0.0353106;0.0055992;-2.43355
-207.369;48.249;0.726227;-0.0341815;0.00491185;-3.38272
-198.543;48.249;0.637673;-0.0466463;0.00461354;-4.32643
-189.718;48.249;0.568256;-0.0719742;0.00627013;-5.27273
-180.892;48.249;0.551947;-0.0968563;0.00602656;-6.21676
-172.067;48.249;0.553632;-0.126627;0.00681023;-7.1783
-163.242;48.249;0.551068;-0.155768;0.00781692;-8.13597
-154.416;48.249;0.56325;-0.169019;0.0053399;-9.06144
-145.591;48.249;0.603853;-0.167553;-0.000809841;-9.94924
-136.765;48.249;0.578412;-0.1764;-0.000535987;-10.8059
-127.94;48.249;0.535617;-0.192382;0.00508321;-11.6395
-119.114;48.249;0.484166;-0.203683;0.0171914;-12.4285
-110.289;48.249;0.443934;-0.209117;0.0303802;-13.1805
-101.463;48.249;0.437672;-0.208612;0.0374779;-13.9311
-92.6379;48.249;0.467989;-0.201004;0.039396;-14.6564
-83.8124;48.249;0.483821;-0.19209;0.0455903;-15.3248
-74.987;48.249;0.456853;-0.192326;0.0591274;-15.9338
-66.1615;48.249;0.410511;-0.189947;0.0759517;-16.5031
-57.3361;48.249;0.367269;-0.179365;0.0914273;-17.0213
-48.5106;48.249;0.35742;-0.161487;0.104272;-17.5032
-39.6852;48.249;0.384507;-0.139941;0.116414;-17.9554
-30.8597;48.249;0.398629;-0.116197;0.132364;-18.3564
-22.0342;48.249;0.405957;-0.0900971;0.149199;-18.6903
-13.2088;48.249;0.415284;-0.0626878;0.161977;-18.9429
-4.38334;48.249;0.406118;-0.0340381;0.172863;-19.104
4.44212;48.249;0.37586;-0.00935762;0.183248;-19.186
13.2676;48.249;0.347681;0.0110102;0.190723;-19.1968
22.093;48.249;0.369348;0.0481237;0.18363;-19.1643
30.9185;48.249;0.3968;0.120138;0.159391;-19.0446
39.7439;48.249;0.422986;0.198493;0.133572;-18.851
48.5694;48.249;0.472738;0.251972;0.117345;-18.6076
57.3948;48.249;0.521711;0.276028;0.109416;-18.2927
66.2203;48.249;0.503653;0.294525;0.101898;-17.8752
75.0458;48.249;0.418369;0.311065;0.0935691;-17.3374
83.8712;48.249;0.383591;0.318447;0.0869988;-16.7772
92.6967;48.249;0.388613;0.320732;0.0845747;-16.2042
101.522;48.249;0.414908;0.320021;0.0832786;-15.6038
110.348;48.249;0.438413;0.317105;0.0764648;-14.9511
119.173;48.249;0.393725;0.31412;0.0664907;-14.205
127.998;48.249;0.348269;0.30481;0.0570886;-13.4165
136.824;48.249;0.326469;0.287093;0.0475626;-12.5988
145.649;48.249;0.335113;0.268663;0.0393052;-11.7816
154.475;48.249;0.366684;0.253616;0.0331274;-10.9664
163.3;48.249;0.414261;0.236853;0.0294638;-10.1297
172.126;48.249;0.428349;0.213525;0.0266328;-9.22073
180.951;48.249;0.416016;0.187356;0.0251933;-8.27378
189.777;48.249;0.401736;0.156307;0.0216329;-7.31073
198.602;48.249;0.417766;0.120445;0.0163598;-6.34544
207.428;48.249;0.447426;0.0859405;0.0133621;-5.35847
216.253;48.249;0.480054;0.0512711;0.0137585;-4.34738
225.078;48.249;0.516555;0.0122851;0.014959;-3.29714
233.904;48.249;0.571477;-0.0233445;0.0174912;-2.2115
-225.02;39.4235;0.683933;-0.0210158;0.00524019;-1.69658
-216.194;39.4235;0.678594;-0.0384064;0.00640186;-2.67517
-207.369;39.4235;0.64359;-0.0487726;0.0075923;-3.6349
-198.543;39.4235;0.567028;-0.0662043;0.0089966;-4.58504
-189.718;39.4235;0.533347;-0.0882248;0.00889413;-5.54655
-180.892;39.4235;0.527863;-0.109669;0.0070948;-6.5172
-172.067;39.4235;0.515132;-0.135892;0.00578088;-7.48008
-163.242;39.4235;0.504779;-0.164274;0.00409783;-8.44409
-154.416;39.4235;0.530709;-0.180119;-0.00177997;-9.38033
-145.591;39.4235;0.574364;-0.181598;-0.00870177;-10.2803
-136.765;39.4235;0.532608;-0.188791;-0.00612598;-11.1356
-127.94;39.4235;0.466857;-0.202754;0.00160684;-11.972
-119.114;39.4235;0.427457;-0.213168;0.0132205;-12.7731
-110.289;39.4235;0.415948;-0.220688;0.0252093;-13.5491
-101.463;39.4235;0.421319;-0.223611;0.0338034;-14.3309
-92.6379;39.4235;0.433972;-0.217277;0.0366263;-15.0778
-83.8124;39.4235;0.439664;-0.204696;0.0399045;-15.7574
-74.987;39.4235;0.41607;-0.201654;0.0483873;-16.3793
-66.1615;39.4235;0.374872;-0.199259;0.0641538;-16.9702
-57.3361;39.4235;0.343384;-0.190975;0.0811776;-17.5254
-48.5106;39.4235;0.357084;-0.174576;0.0951475;-18.0519
-39.6852;39.4235;0.409212;-0.151532;0.106718;-18.5462
-30.8597;39.4235;0.431242;-0.126645;0.122619;-18.9683
-22.0342;39.4235;0.41322;-0.10149;0.138569;-19.3046
-13.2088;39.4235;0.417192;-0.0742387;0.149353;-19.561
-4.38334;39.4235;0.421986;-0.0449618;0.162022;-19.7352
4.44212;39.4235;0.42389;-0.0182853;0.175669;-19.841
13.2676;39.4235;0.435953;0.0115659;0.182319;-19.8923
22.093;39.4235;0.47674;0.0698492;0.16982;-19.8928
30.9185;39.4235;0.527669;0.154501;0.14579;-19.8018
39.7439;39.4235;0.606123;0.22943;0.125676;-19.6417
48.5694;39.4235;0.65795;0.275471;0.114503;-19.3815
57.3948;39.4235;0.648823;0.297968;0.106842;-19.0065
66.2203;39.4235;0.572722;0.318235;0.0932475;-18.53
75.0458;39.4235;0.469402;0.333357;0.077741;-17.9481
83.8712;39.4235;0.409311;0.340867;0.0688515;-17.3373
92.6967;39.4235;0.386608;0.344193;0.0676968;-16.7178
101.522;39.4235;0.395012;0.343366;0.0692778;-16.0831
110.348;39.4235;0.417713;0.339147;0.066874;-15.4136
119.173;39.4235;0.392387;0.333568;0.060666;-14.6478
127.998;39.4235;0.359762;0.322532;0.0532931;-13.8354
136.824;39.4235;0.349051;0.304427;0.0443734;-13.0073
145.649;39.4235;0.368246;0.284979;0.0357388;-12.1868
154.475;39.4235;0.409395;0.268638;0.0299238;-11.3698
163.3;39.4235;0.478269;0.251441;0.0272959;-10.5395
172.126;39.4235;0.504975;0.228939;0.024962;-9.63073
180.951;39.4235;0.48564;0.197183;0.0239188;-8.64606
189.777;39.4235;0.445452;0.163063;0.021518;-7.63685
198.602;39.4235;0.44835;0.127411;0.0169436;-6.64443
207.428;39.4235;0.465324;0.092859;0.0129371;-5.63142
216.253;39.4235;0.503842;0.0550758;0.0119143;-4.59759
225.078;39.4235;0.529225;0.0117338;0.011032;-3.53875
233.904;39.4235;0.478669;-0.0264719;0.0104996;-2.47175
-225.02;30.5981;0.667552;-0.0264866;0.00990687;-1.91273
-216.194;30.5981;0.655921;-0.044945;0.00957342;-2.91476
-207.369;30.5981;0.613172;-0.0582487;0.00962952;-3.87466
-198.543;30.5981;0.566062;-0.0772463;0.0110567;-4.83676
-189.718;30.5981;0.577787;-0.0970639;0.00987656;-5.80628
-180.892;30.5981;0.581825;-0.11551;0.00698522;-6.78914
-172.067;30.5981;0.560382;-0.136036;0.00346061;-7.74869
-163.242;30.5981;0.539757;-0.162331;-0.00123466;-8.71548
-154.416;30.5981;0.549695;-0.184273;-0.00881861;-9.66584
-145.591;30.5981;0.570464;-0.191294;-0.0146498;-10.5669
-136.765;30.5981;0.517251;-0.197156;-0.0108833;-11.4209
-127.94;30.5981;0.444398;-0.208715;-0.00417361;-12.2624
-119.114;30.5981;0.418389;-0.218137;0.00335168;-13.0787
-110.289;30.5981;0.420507;-0.22825;0.0111048;-13.878
-101.463;30.5981;0.421608;-0.234383;0.0194788;-14.6747
-92.6379;30.5981;0.413866;-0.228258;0.0246609;-15.4321
-83.8124;30.5981;0.406418;-0.212991;0.0281733;-16.1307
-74.987;30.5981;0.396855;-0.205631;0.0332149;-16.7798
-66.1615;30.5981;0.372499;-0.203115;0.0468256;-17.3962
-57.3361;30.5981;0.357289;-0.197006;0.0633396;-17.9875
-48.5106;30.5981;0.389201;-0.182139;0.076505;-18.5555
-39.6852;30.5981;0.458248;-0.158373;0.0860589;-19.0925
-30.8597;30.5981;0.492454;-0.133574;0.0997578;-19.5397
-22.0342;30.5981;0.47049;-0.110505;0.116504;-19.9085
-13.2088;30.5981;0.492371;-0.0843811;0.131663;-20.2105
-4.38334;30.5981;0.546833;-0.0564644;0.152822;-20.445
4.44212;30.5981;0.593486;-0.0242589;0.168346;-20.5733
13.2676;30.5981;0.626477;0.0275496;0.159915;-20.6282
22.093;30.5981;0.688029;0.116005;0.130531;-20.6618
30.9185;30.5981;0.83051;0.212733;0.101643;-20.6781
39.7439;30.5981;1.0449;0.274871;0.0902596;-20.6421
48.5694;30.5981;1.11857;0.302315;0.0889447;-20.3734
57.3948;30.5981;1.02965;0.317786;0.0833912;-19.9058
66.2203;30.5981;0.870467;0.339531;0.0677041;-19.3313
75.0458;30.5981;0.715604;0.353524;0.0515185;-18.6685
83.8712;30.5981;0.599751;0.360307;0.0436539;-17.9781
92.6967;30.5981;0.542734;0.363287;0.0436507;-17.2992
101.522;30.5981;0.543453;0.361559;0.0462116;-16.6275
110.348;30.5981;0.576391;0.355181;0.0463841;-15.9373
119.173;30.5981;0.577135;0.34521;0.0431215;-15.1657
127.998;30.5981;0.558869;0.330726;0.0390332;-14.3391
136.824;30.5981;0.534356;0.313921;0.0349638;-13.4873
145.649;30.5981;0.51362;0.297895;0.0304959;-12.6278
154.475;30.5981;0.508641;0.282632;0.0249671;-11.7622
163.3;30.5981;0.559224;0.262385;0.0207671;-10.8995
172.126;30.5981;0.583425;0.238294;0.0174594;-9.97866
180.951;30.5981;0.559021;0.207139;0.016869;-8.98021
189.777;30.5981;0.51038;0.171658;0.0164808;-7.94048
198.602;30.5981;0.522342;0.135831;0.0158294;-6.93884
207.428;30.5981;0.549546;0.101846;0.0142021;-5.92602
216.253;30.5981;0.580799;0.0640731;0.0127063;-4.87881
225.078;30.5981;0.607444;0.02014;0.00980605;-3.79912
233.904;30.5981;0.615146;-0.0229665;0.00792673;-2.72173
-225.02;21.7726;0.689977;-0.0305475;0.012518;-2.09288
-216.194;21.7726;0.688297;-0.0496045;0.0108687;-3.12404
-207.369;21.7726;0.652144;-0.0628628;0.0102795;-4.09077
-198.543;21.7726;0.631162;-0.081409;0.0116245;-5.06539
-189.718;21.7726;0.65508;-0.101588;0.0103509;-6.04721
-180.892;21.7726;0.656678;-0.11907;0.00654726;-7.03291
-172.067;21.7726;0.623208;-0.136273;0.00077806;-7.9839
-163.242;21.7726;0.583805;-0.160643;-0.00626373;-8.94028
-154.416;21.7726;0.568894;-0.18592;-0.0144637;-9.89376
-145.591;21.7726;0.573253;-0.19716;-0.0195411;-10.804
-136.765;21.7726;0.531857;-0.202545;-0.017218;-11.6733
-127.94;21.7726;0.481965;-0.212058;-0.0148478;-12.532
-119.114;21.7726;0.461129;-0.219681;-0.0126613;-13.3676
-110.289;21.7726;0.453518;-0.230183;-0.00870634;-14.1856
-101.463;21.7726;0.442305;-0.236527;-0.00168073;-14.9815
-92.6379;21.7726;0.428162;-0.229153;0.00523849;-15.7359
-83.8124;21.7726;0.423428;-0.213997;0.0103188;-16.4518
-74.987;21.7726;0.429215;-0.206488;0.0147931;-17.1346
-66.1615;21.7726;0.416204;-0.203867;0.0257659;-17.7756
-57.3361;21.7726;0.407818;-0.198292;0.0406315;-18.3918
-48.5106;21.7726;0.441406;-0.185017;0.0540488;-18.9896
-39.6852;21.7726;0.512216;-0.162482;0.0655918;-19.5638
-30.8597;21.7726;0.568355;-0.136841;0.0795283;-20.0496
-22.0342;21.7726;0.589243;-0.112727;0.0960166;-20.4683
-13.2088;21.7726;0.666009;-0.08779;0.115046;-20.8534
-4.38334;21.7726;0.795519;-0.0607659;0.143906;-21.1793
4.44212;21.7726;0.829546;-0.0236637;0.153664;-21.275
13.2676;21.7726;0.767359;0.0487893;0.122427;-21.241
22.093;21.7726;0.807164;0.167164;0.0654692;-21.2752
30.9185;21.7726;1.09874;0.264719;0.029609;-21.367
39.7439;21.7726;1.28281;0.317608;0.0229598;-21.2954
48.5694;21.7726;1.19304;0.333851;0.0280045;-20.9
57.3948;21.7726;1.00255;0.345822;0.0302634;-20.3654
66.2203;21.7726;0.909255;0.364488;0.0265243;-19.8073
75.0458;21.7726;0.846251;0.375096;0.0222406;-19.1864
83.8712;21.7726;0.723457;0.381546;0.0215922;-18.4848
92.6967;21.7726;0.644532;0.383539;0.022417;-17.7729
101.522;21.7726;0.622688;0.382704;0.0234947;-17.063
110.348;21.7726;0.627989;0.37666;0.0248897;-16.3221
119.173;21.7726;0.603482;0.366168;0.0229879;-15.5168
127.998;21.7726;0.573498;0.350806;0.0218183;-14.6658
136.824;21.7726;0.551746;0.33338;0.0225875;-13.7978
145.649;21.7726;0.53112;0.316748;0.0224154;-12.9173
154.475;21.7726;0.510927;0.299608;0.0178634;-12.0175
163.3;21.7726;0.540462;0.27689;0.0129011;-11.1173
172.126;21.7726;0.559127;0.252217;0.00984821;-10.1794
180.951;21.7726;0.52821;0.222496;0.0101882;-9.1606
189.777;21.7726;0.48384;0.189092;0.0117898;-8.10955
198.602;21.7726;0.538102;0.151476;0.0134697;-7.1356
207.428;21.7726;0.609967;0.1141;0.0129067;-6.15548
216.253;21.7726;0.665222;0.0739982;0.0118964;-5.12378
225.078;21.7726;0.688117;0.0277969;0.00943218;-4.03378
233.904;21.7726;0.704914;-0.0214931;0.00600999;-2.91151
242.729;21.7726;0.343296;-0.0458159;0.0118377;-1.77092
-225.02;12.9472;0.726213;-0.0244667;0.00976787;-2.21059
-216.194;12.9472;0.725841;-0.0474322;0.00816309;-3.25708
-207.369;12.9472;0.672497;-0.0634135;0.00888675;-4.21961
-198.543;12.9472;0.650417;-0.0830065;0.0104662;-5.19464
-189.718;12.9472;0.660725;-0.105307;0.00881452;-6.1905
-180.892;12.9472;0.670722;-0.125117;0.00516365;-7.19245
-172.067;12.9472;0.622312;-0.144184;-0.000285361;-8.14017
-163.242;12.9472;0.550836;-0.167848;-0.00740451;-9.08341
-154.416;12.9472;0.522097;-0.189796;-0.0162534;-10.0312
-145.591;12.9472;0.538477;-0.201036;-0.0224976;-10.9621
-136.765;12.9472;0.52997;-0.206921;-0.0249431;-11.8605
-127.94;12.9472;0.51404;-0.21497;-0.0265908;-12.7422
-119.114;12.9472;0.494617;-0.221215;-0.0268286;-13.5981
-110.289;12.9472;0.472794;-0.231334;-0.0238638;-14.4323
-101.463;12.9472;0.447809;-0.238016;-0.0171364;-15.2387
-92.6379;12.9472;0.424152;-0.23194;-0.0100244;-15.9953
-83.8124;12.9472;0.414244;-0.217163;-0.00633036;-16.7091
-74.987;12.9472;0.428188;-0.209561;-0.00242693;-17.4117
-66.1615;12.9472;0.430688;-0.20303;0.00553602;-18.0709
-57.3361;12.9472;0.425056;-0.194127;0.0171103;-18.7012
-48.5106;12.9472;0.448174;-0.180811;0.0313345;-19.3149
-39.6852;12.9472;0.520342;-0.160714;0.0491158;-19.9149
-30.8597;12.9472;0.628775;-0.136468;0.0677374;-20.4517
-22.0342;12.9472;0.750705;-0.112278;0.0858157;-20.9427
-13.2088;12.9472;0.886777;-0.0887158;0.104153;-21.3857
-4.38334;12.9472;0.918625;-0.0514943;0.123772;-21.6662
4.44212;12.9472;0.762969;-0.00309736;0.11969;-21.6098
13.2676;12.9472;0.520514;0.0759507;0.0743905;-21.4316
22.093;12.9472;0.424265;0.192353;0.0122934;-21.3852
30.9185;12.9472;0.58329;0.285803;-0.0257247;-21.3977
39.7439;12.9472;0.5825;0.337773;-0.0399244;-21.1765
48.5694;12.9472;0.500855;0.354316;-0.0410275;-20.7277
57.3948;12.9472;0.505271;0.371675;-0.0318225;-20.3093
66.2203;12.9472;0.66021;0.389321;-0.0183458;-19.9226
75.0458;12.9472;0.770601;0.396436;-0.00607833;-19.4341
83.8712;12.9472;0.689739;0.399564;0.00116578;-18.7606
92.6967;12.9472;0.595222;0.39821;0.00341795;-18.016
101.522;12.9472;0.532223;0.398602;0.00537456;-17.2594
110.348;12.9472;0.496348;0.395577;0.00789497;-16.475
119.173;12.9472;0.456686;0.385279;0.00847219;-15.6482
127.998;12.9472;0.446523;0.369402;0.0100071;-14.8048
136.824;12.9472;0.451835;0.352312;0.0125098;-13.9472
145.649;12.9472;0.454144;0.334861;0.012764;-13.0671
154.475;12.9472;0.449011;0.31516;0.00818387;-12.1576
163.3;12.9472;0.475258;0.292289;0.00471044;-11.2421
172.126;12.9472;0.495312;0.267951;0.00499821;-10.2938
180.951;12.9472;0.469334;0.239197;0.00794953;-9.26418
189.777;12.9472;0.440424;0.206959;0.0107882;-8.2129
198.602;12.9472;0.512888;0.168;0.0126993;-7.24486
207.428;12.9472;0.625062;0.127021;0.0118751;-6.29551
216.253;12.9472;0.706425;0.0857057;0.00994086;-5.28639
225.078;12.9472;0.739526;0.0399558;0.00795952;-4.1943
233.904;12.9472;0.727439;-0.0107685;0.0055413;-3.0317
242.729;12.9472;0.615942;-0.0457659;0.0105328;-1.84028
-233.845;4.12171;0.64131;-0.00432809;0.00833681;-1.25751
-225.02;4.12171;0.720313;-0.0169866;0.00478447;-2.27936
-216.194;4.12171;0.701407;-0.0407634;0.00533596;-3.29984
-207.369;4.12171;0.590695;-0.0668932;0.00910481;-4.27321
-198.543;4.12171;0.529861;-0.0907256;0.0107069;-5.24506
-189.718;4.12171;0.54309;-0.113567;0.00726389;-6.24909
-180.892;4.12171;0.603383;-0.136354;0.00442513;-7.27898
-172.067;4.12171;0.567089;-0.160751;0.00134264;-8.25702
-163.242;4.12171;0.47528;-0.184091;-0.00516519;-9.21551
-154.416;4.12171;0.447919;-0.196444;-0.0170954;-10.1634
-145.591;4.12171;0.503964;-0.197259;-0.0280557;-11.0866
-136.765;4.12171;0.511707;-0.205166;-0.0342811;-12.0025
-127.94;4.12171;0.496112;-0.214997;-0.0364327;-12.8937
-119.114;4.12171;0.485832;-0.220768;-0.0363661;-13.7489
-110.289;4.12171;0.472993;-0.232408;-0.0300375;-14.61
-101.463;4.12171;0.442604;-0.241545;-0.0217857;-15.4349
-92.6379;4.12171;0.398254;-0.237958;-0.0169482;-16.1936
-83.8124;4.12171;0.369416;-0.22506;-0.017759;-16.8993
-74.987;4.12171;0.38215;-0.216574;-0.017533;-17.5985
-66.1615;4.12171;0.400456;-0.207582;-0.0115983;-18.2741
-57.3361;4.12171;0.401448;-0.195638;-0.00339898;-18.9221
-48.5106;4.12171;0.414153;-0.180127;0.00890977;-19.544
-39.6852;4.12171;0.474938;-0.15955;0.0282627;-20.1513
-30.8597;4.12171;0.594404;-0.135031;0.0490637;-20.7139
-22.0342;4.12171;0.734883;-0.106496;0.0681545;-21.2352
-13.2088;4.12171;0.807572;-0.0767124;0.0843156;-21.6383
-4.38334;4.12171;0.511373;-0.0310533;0.0959276;-21.73
4.44212;4.12171;0.0737226;0.029289;0.0789894;-21.4969
13.2676;4.12171;-0.144765;0.114445;0.0272747;-21.3196
22.093;4.12171;0.0490373;0.206578;-0.0255725;-21.346
30.9185;4.12171;0.212286;0.290326;-0.0589113;-21.3274
39.7439;4.12171;0.1346;0.341791;-0.0791289;-21.0209
48.5694;4.12171;0.111664;0.365417;-0.0856962;-20.6226
57.3948;4.12171;0.251721;0.388494;-0.0757107;-20.3175
66.2203;4.12171;0.50095;0.406922;-0.0553205;-20.016
75.0458;4.12171;0.655497;0.414641;-0.0342319;-19.5688
83.8712;4.12171;0.576704;0.416769;-0.0205726;-18.8816
92.6967;4.12171;0.444012;0.412062;-0.0159839;-18.0784
101.522;4.12171;0.326647;0.411428;-0.0137959;-17.2636
110.348;4.12171;0.260425;0.408767;-0.0102839;-16.453
119.173;4.12171;0.257004;0.396666;-0.00576103;-15.6533
127.998;4.12171;0.311554;0.381044;-0.00203967;-14.8601
136.824;4.12171;0.362784;0.36672;-0.000754987;-14.0362
145.649;4.12171;0.394481;0.35003;-0.0018123;-13.1686
154.475;4.12171;0.412147;0.328245;-0.00515352;-12.2606
163.3;4.12171;0.444187;0.305908;-0.00514671;-11.3437
172.126;4.12171;0.468355;0.281543;-0.000837817;-10.39
180.951;4.12171;0.451117;0.25377;0.0046687;-9.3621
189.777;4.12171;0.430231;0.221338;0.00898569;-8.308
198.602;4.12171;0.47845;0.181379;0.0115358;-7.30321
207.428;4.12171;0.600553;0.13677;0.0104366;-6.34893
216.253;4.12171;0.686473;0.094697;0.00733425;-5.34135
225.078;4.12171;0.707491;0.0498711;0.0055654;-4.243
233.904;4.12171;0.668158;-0.00200244;0.00666132;-3.05149
242.729;4.12171;0.609833;-0.0417762;0.0128243;-1.85461
251.555;4.12171;0.671823;-0.0382894;0.0175414;-0.736878
-233.845;-4.70375;0.586829;-2.00063e-05;0.00969937;-1.2646
-225.02;-4.70375;0.660359;-0.0138439;0.0073491;-2.29861
-216.194;-4.70375;0.623554;-0.0408953;0.00810781;-3.31004
-207.369;-4.70375;0.49183;-0.0727898;0.0118412;-4.28142
-198.543;-4.70375;0.421979;-0.0966194;0.0109456;-5.24573
-189.718;-4.70375;0.445935;-0.11651;0.00551768;-6.25134
-180.892;-4.70375;0.554157;-0.141126;0.00413152;-7.3087
-172.067;-4.70375;0.573258;-0.164024;0.000638521;-8.31951
-163.242;-4.70375;0.522681;-0.177443;-0.00990017;-9.28484
-154.416;-4.70375;0.505238;-0.179058;-0.0268467;-10.2321
-145.591;-4.70375;0.540459;-0.177895;-0.0391666;-11.1566
-136.765;-4.70375;0.518629;-0.190391;-0.0438653;-12.0811
-127.94;-4.70375;0.480418;-0.205442;-0.0443904;-12.9767
-119.114;-4.70375;0.475863;-0.214162;-0.044985;-13.8329
-110.289;-4.70375;0.463953;-0.225317;-0.0410492;-14.6952
-101.463;-4.70375;0.426667;-0.233098;-0.0357937;-15.5209
-92.6379;-4.70375;0.373882;-0.23085;-0.0330915;-16.2839
-83.8124;-4.70375;0.333054;-0.221563;-0.0341245;-16.9956
-74.987;-4.70375;0.336883;-0.215623;-0.0331038;-17.7102
-66.1615;-4.70375;0.356957;-0.207939;-0.0294935;-18.4013
-57.3361;-4.70375;0.363312;-0.195722;-0.0253219;-19.0596
-48.5106;-4.70375;0.376029;-0.179295;-0.0167775;-19.687
-39.6852;-4.70375;0.420881;-0.157706;-0.00162236;-20.2815
-30.8597;-4.70375;0.502915;-0.130917;0.0154731;-20.8133
-22.0342;-4.70375;0.582725;-0.0985543;0.0323863;-21.2671
-13.2088;-4.70375;0.52164;-0.0655271;0.0505347;-21.5613
-4.38334;-4.70375;0.045381;-0.0162142;0.0611601;-21.4803
4.44212;-4.70375;-0.382368;0.0499468;0.0342712;-21.2484
13.2676;-4.70375;-0.370369;0.143242;-0.0174641;-21.2884
22.093;-4.70375;0.0774708;0.223858;-0.0619655;-21.4659
30.9185;-4.70375;0.20822;0.293048;-0.0854762;-21.4417
39.7439;-4.70375;0.128764;0.335782;-0.103639;-21.086
48.5694;-4.70375;0.142907;0.362425;-0.111041;-20.7276
57.3948;-4.70375;0.279458;0.385737;-0.104161;-20.4232
66.2203;-4.70375;0.45502;0.404885;-0.0865159;-20.0758
75.0458;-4.70375;0.543961;0.414973;-0.0656311;-19.5696
83.8712;-4.70375;0.434408;0.418235;-0.0484895;-18.8282
92.6967;-4.70375;0.260757;0.413655;-0.0410635;-17.9752
101.522;-4.70375;0.116511;0.411672;-0.0387653;-17.1398
110.348;-4.70375;0.0722964;0.408253;-0.0362854;-16.3659
119.173;-4.70375;0.165077;0.39917;-0.0301076;-15.6727
127.998;-4.70375;0.307964;0.388115;-0.0241007;-14.9608
136.824;-4.70375;0.392569;0.375891;-0.0223293;-14.1556
145.649;-4.70375;0.437831;0.360085;-0.022067;-13.2891
154.475;-4.70375;0.46951;0.337761;-0.0220317;-12.3834
163.3;-4.70375;0.504238;0.315141;-0.0182987;-11.4658
172.126;-4.70375;0.525109;0.289596;-0.0122569;-10.5052
180.951;-4.70375;0.498228;0.261607;-0.00543975;-9.47114
189.777;-4.70375;0.458899;0.229025;0.001365;-8.40087
198.602;-4.70375;0.467099;0.188993;0.00657241;-7.3494
207.428;-4.70375;0.568109;0.142671;0.00706713;-6.3541
216.253;-4.70375;0.647953;0.100209;0.00554221;-5.33175
225.078;-4.70375;0.668646;0.0550405;0.00625231;-4.22884
233.904;-4.70375;0.627412;0.00488702;0.0112171;-3.0406
242.729;-4.70375;0.563226;-0.0340318;0.0168744;-1.86508
251.555;-4.70375;0.623722;-0.0348403;0.0182046;-0.755297
-233.845;-13.5292;0.587594;0.00735382;0.0148356;-1.24887
-225.02;-13.5292;0.641943;-0.0069418;0.0149507;-2.30472
-216.194;-13.5292;0.607711;-0.0347771;0.0162206;-3.31954
-207.369;-13.5292;0.536124;-0.0667629;0.01628;-4.30849
-198.543;-13.5292;0.493033;-0.0908483;0.0127165;-5.2901
-189.718;-13.5292;0.510879;-0.110304;0.00589185;-6.29874
-180.892;-13.5292;0.594181;-0.133757;0.00173312;-7.34771
-172.067;-13.5292;0.596452;-0.152836;-0.00600466;-8.35843
-163.242;-13.5292;0.54583;-0.159849;-0.0204583;-9.3152
-154.416;-13.5292;0.525537;-0.159678;-0.0380657;-10.2631
-145.591;-13.5292;0.541726;-0.163106;-0.0479262;-11.1941
-136.765;-13.5292;0.505707;-0.175735;-0.0497749;-12.1123
-127.94;-13.5292;0.46875;-0.190061;-0.0504177;-12.9979
-119.114;-13.5292;0.46394;-0.20169;-0.0536992;-13.8603
-110.289;-13.5292;0.441703;-0.212269;-0.0559718;-14.7076
-101.463;-13.5292;0.397053;-0.217716;-0.056591;-15.518
-92.6379;-13.5292;0.351009;-0.215759;-0.056291;-16.2819
-83.8124;-13.5292;0.323218;-0.20975;-0.0557217;-17.0168
-74.987;-13.5292;0.316737;-0.206585;-0.054984;-17.7469
-66.1615;-13.5292;0.323542;-0.199443;-0.0538466;-18.4416
-57.3361;-13.5292;0.31604;-0.188558;-0.0510067;-19.0993
-48.5106;-13.5292;0.328747;-0.17322;-0.044183;-19.7202
-39.6852;-13.5292;0.375191;-0.149821;-0.0343444;-20.3073
-30.8597;-13.5292;0.435156;-0.11895;-0.0246633;-20.8006
-22.0342;-13.5292;0.456142;-0.081984;-0.0140017;-21.1728
-13.2088;-13.5292;0.312479;-0.0442013;0.00147461;-21.4014
-4.38334;-13.5292;-0.0890527;0.0133364;0.00747511;-21.3681
4.44212;-13.5292;-0.239082;0.0861511;-0.0212682;-21.3514
13.2676;-13.5292;-0.000141692;0.171371;-0.0684963;-21.5412
22.093;-13.5292;0.373564;0.240796;-0.10312;-21.7158
30.9185;-13.5292;0.366965;0.289648;-0.112991;-21.5996
39.7439;-13.5292;0.294649;0.320377;-0.123729;-21.21
48.5694;-13.5292;0.299878;0.34704;-0.128899;-20.8454
57.3948;-13.5292;0.350282;0.370602;-0.125376;-20.4673
66.2203;-13.5292;0.40159;0.390763;-0.113785;-20.0191
75.0458;-13.5292;0.420153;0.403099;-0.0969665;-19.4433
83.8712;-13.5292;0.301579;0.411332;-0.0784221;-18.686
92.6967;-13.5292;0.126453;0.41455;-0.0672438;-17.8548
101.522;-13.5292;0.0290961;0.412736;-0.0625017;-17.0809
110.348;-13.5292;0.0883011;0.408595;-0.0594065;-16.4217
119.173;-13.5292;0.303357;0.403604;-0.0534608;-15.8448
127.998;-13.5292;0.504357;0.396783;-0.0474075;-15.1725
136.824;-13.5292;0.541989;0.382723;-0.0430283;-14.3113
145.649;-13.5292;0.549204;0.365338;-0.0384857;-13.4023
154.475;-13.5292;0.586949;0.343245;-0.035236;-12.4937
163.3;-13.5292;0.625654;0.318281;-0.0291762;-11.571
172.126;-13.5292;0.615866;0.289749;-0.022768;-10.5806
180.951;-13.5292;0.555324;0.259762;-0.0164941;-9.5207
189.777;-13.5292;0.491494;0.227557;-0.00965011;-8.43388
198.602;-13.5292;0.481858;0.189614;-0.00267344;-7.3623
207.428;-13.5292;0.579637;0.143722;0.000214873;-6.34659
216.253;-13.5292;0.672441;0.0997565;0.00260391;-5.31854
225.078;-13.5292;0.707555;0.0519332;0.00802515;-4.21882
233.904;-13.5292;0.693299;0.006476;0.0151209;-3.05518
242.729;-13.5292;0.677379;-0.0285309;0.020263;-1.88943
-233.845;-22.3547;0.594305;0.0119965;0.0193017;-1.22172
-225.02;-22.3547;0.650664;0.00629949;0.0195687;-2.25185
-216.194;-22.3547;0.616242;-0.0249073;0.0205454;-3.2843
-207.369;-22.3547;0.589395;-0.0567266;0.0187704;-4.30338
-198.543;-22.3547;0.599601;-0.0791444;0.013607;-5.30599
-189.718;-22.3547;0.618345;-0.0987964;0.00730224;-6.3196
-180.892;-22.3547;0.648635;-0.119111;-1.6734e-05;-7.33589
-172.067;-22.3547;0.58451;-0.133783;-0.0136763;-8.316
-163.242;-22.3547;0.505659;-0.138478;-0.0315618;-9.24967
-154.416;-22.3547;0.488878;-0.14255;-0.0458744;-10.2019
-145.591;-22.3547;0.510574;-0.15286;-0.0531505;-11.1508
-136.765;-22.3547;0.49563;-0.165552;-0.05659;-12.0786
-127.94;-22.3547;0.47266;-0.17892;-0.0604775;-12.9736
-119.114;-22.3547;0.460016;-0.191586;-0.0660616;-13.8463
-110.289;-22.3547;0.416012;-0.200195;-0.0723576;-14.6744
-101.463;-22.3547;0.359792;-0.203355;-0.0776385;-15.4616
-92.6379;-22.3547;0.325532;-0.201543;-0.0804062;-16.2213
-83.8124;-22.3547;0.32305;-0.197183;-0.0808942;-16.974
-74.987;-22.3547;0.319863;-0.194401;-0.0830076;-17.7048
-66.1615;-22.3547;0.307588;-0.186971;-0.0845117;-18.3864
-57.3361;-22.3547;0.276098;-0.177123;-0.0813229;-19.0247
-48.5106;-22.3547;0.282678;-0.162705;-0.0741702;-19.6312
-39.6852;-22.3547;0.345994;-0.137634;-0.0683083;-20.2123
-30.8597;-22.3547;0.426049;-0.101853;-0.0676118;-20.6973
-22.0342;-22.3547;0.442885;-0.0580263;-0.0683014;-21.0519
-13.2088;-22.3547;0.334516;-0.0138003;-0.0639738;-21.2792
-4.38334;-22.3547;0.135706;0.0408016;-0.0629561;-21.3568
4.44212;-22.3547;0.213395;0.111041;-0.0876202;-21.5073
13.2676;-22.3547;0.429763;0.178351;-0.116885;-21.672
22.093;-22.3547;0.499363;0.229488;-0.130129;-21.703
30.9185;-22.3547;0.378285;0.27066;-0.130385;-21.4629
39.7439;-22.3547;0.325632;0.303102;-0.13904;-21.1014
48.5694;-22.3547;0.342644;0.331745;-0.143954;-20.7479
57.3948;-22.3547;0.351324;0.356878;-0.143256;-20.3337
66.2203;-22.3547;0.339289;0.376657;-0.136268;-19.8315
75.0458;-22.3547;0.335253;0.388247;-0.123318;-19.2455
83.8712;-22.3547;0.2797;0.397982;-0.106505;-18.5674
92.6967;-22.3547;0.176577;0.408845;-0.0938527;-17.8406
101.522;-22.3547;0.180236;0.408623;-0.0849592;-17.166
110.348;-22.3547;0.346415;0.405009;-0.0783397;-16.5924
119.173;-22.3547;0.613049;0.402301;-0.0728131;-16.0406
127.998;-22.3547;0.728912;0.399607;-0.0675992;-15.3047
136.824;-22.3547;0.64122;0.383297;-0.0610824;-14.3408
145.649;-22.3547;0.587142;0.364716;-0.0525381;-13.3842
154.475;-22.3547;0.633909;0.343248;-0.0454051;-12.4817
163.3;-22.3547;0.71162;0.31607;-0.0369924;-11.5746
172.126;-22.3547;0.718391;0.285285;-0.0299808;-10.5911
180.951;-22.3547;0.671426;0.252996;-0.0228716;-9.53811
189.777;-22.3547;0.628721;0.218696;-0.0151133;-8.46275
198.602;-22.3547;0.640301;0.179967;-0.00668046;-7.4007
207.428;-22.3547;0.724415;0.135425;-0.001624;-6.36985
216.253;-22.3547;0.811812;0.0896064;0.00409871;-5.32136
225.078;-22.3547;0.853397;0.0397733;0.0126609;-4.21138
233.904;-22.3547;0.827459;-0.00299271;0.0194379;-3.06423
242.729;-22.3547;0.791608;-0.0279203;0.0235395;-1.93435
-233.845;-31.1801;0.614076;0.0249425;0.0251101;-1.15873
-225.02;-31.1801;0.595656;0.00572674;0.0239056;-2.17563
-216.194;-31.1801;0.562302;-0.0164539;0.022684;-3.18731
-207.369;-31.1801;0.551527;-0.0465927;0.0200253;-4.22161
-198.543;-31.1801;0.601751;-0.070071;0.0151313;-5.24573
-189.718;-31.1801;0.630051;-0.0918662;0.00831253;-6.2599
-180.892;-31.1801;0.635522;-0.106128;-0.00238733;-7.24988
-172.067;-31.1801;0.550803;-0.112034;-0.0209149;-8.20763
-163.242;-31.1801;0.471253;-0.115497;-0.0397169;-9.14087
-154.416;-31.1801;0.462374;-0.125753;-0.0508215;-10.0997
-145.591;-31.1801;0.493008;-0.142623;-0.0585032;-11.0592
-136.765;-31.1801;0.500851;-0.158913;-0.0673583;-12.0007
-127.94;-31.1801;0.495423;-0.175623;-0.075959;-12.9213
-119.114;-31.1801;0.471417;-0.18706;-0.0821952;-13.7888
-110.289;-31.1801;0.40767;-0.192951;-0.0885266;-14.6003
-101.463;-31.1801;0.337795;-0.194723;-0.0954681;-15.3724
-92.6379;-31.1801;0.305451;-0.192995;-0.101322;-16.1256
-83.8124;-31.1801;0.318424;-0.188491;-0.106514;-16.8671
-74.987;-31.1801;0.328877;-0.183976;-0.112418;-17.5815
-66.1615;-31.1801;0.303383;-0.177813;-0.116165;-18.2258
-57.3361;-31.1801;0.263655;-0.165391;-0.113538;-18.8789
-48.5106;-31.1801;0.26949;-0.115924;-0.102792;-19.9966
-39.6852;-31.1801;0.340344;-0.104803;-0.101314;-20.2928
-30.8597;-31.1801;0.431562;-0.089082;-0.106368;-20.4725
-22.0342;-31.1801;0.455733;-0.0396904;-0.111896;-20.8528
-13.2088;-31.1801;0.418518;0.00643612;-0.115122;-21.0864
-4.38334;-31.1801;0.349786;0.0567235;-0.119703;-21.22
4.44212;-31.1801;0.36403;0.112369;-0.132231;-21.3544
13.2676;-31.1801;0.427513;0.166498;-0.142956;-21.4413
22.093;-31.1801;0.438535;0.214649;-0.146589;-21.4019
30.9185;-31.1801;0.342024;0.254213;-0.146512;-21.1647
39.7439;-31.1801;0.334711;0.286292;-0.152432;-20.8565
48.5694;-31.1801;0.358249;0.317321;-0.156517;-20.5291
57.3948;-31.1801;0.352648;0.344493;-0.156765;-20.1149
66.2203;-31.1801;0.332375;0.363783;-0.15105;-19.6051
75.0458;-31.1801;0.339282;0.374923;-0.139033;-19.0369
83.8712;-31.1801;0.341387;0.385687;-0.125058;-18.4464
92.6967;-31.1801;0.313877;0.399707;-0.11233;-17.8165
101.522;-31.1801;0.381321;0.401259;-0.100696;-17.2025
110.348;-31.1801;0.553308;0.398285;-0.0921222;-16.6238
119.173;-31.1801;0.74457;0.395205;-0.087365;-15.9996
127.998;-31.1801;0.765873;0.391342;-0.082593;-15.1821
136.824;-31.1801;0.616526;0.374743;-0.0738336;-14.1719
145.649;-31.1801;0.552903;0.356604;-0.063667;-13.205
154.475;-31.1801;0.617078;0.338004;-0.0549986;-12.3155
163.3;-31.1801;0.721476;0.313522;-0.0454175;-11.4299
172.126;-31.1801;0.768816;0.283499;-0.0365093;-10.4867
180.951;-31.1801;0.762551;0.250284;-0.0280587;-9.47188
189.777;-31.1801;0.75484;0.212904;-0.0198078;-8.42283
198.602;-31.1801;0.779572;0.170174;-0.0102176;-7.36448
207.428;-31.1801;0.826531;0.125383;-0.00253595;-6.3055
216.253;-31.1801;0.89464;0.0779219;0.00565126;-5.23348
225.078;-31.1801;0.947507;0.0276323;0.0140932;-4.12263
233.904;-31.1801;0.928101;-0.0172429;0.0203893;-2.95429
242.729;-31.1801;0.878017;-0.0361384;0.0234263;-1.85153
-225.02;-40.0056;0.53267;0.0194198;0.0263879;-2.0201
-216.194;-40.0056;0.463096;-0.00594838;0.0226965;-3.02464
-207.369;-40.0056;0.496152;-0.0282497;0.0203911;-4.05264
-198.543;-40.0056;0.553596;-0.0565163;0.017304;-5.10578
-189.718;-40.0056;0.559877;-0.0815284;0.00756955;-6.12316
-180.892;-40.0056;0.550657;-0.089712;-0.00948104;-7.10178
-172.067;-40.0056;0.517587;-0.0898071;-0.0322203;-8.05665
-163.242;-40.0056;0.483863;-0.0958764;-0.049643;-9.01216
-154.416;-40.0056;0.475939;-0.111482;-0.0586678;-9.96692
-145.591;-40.0056;0.489866;-0.132239;-0.0678813;-10.9158
-136.765;-40.0056;0.497651;-0.153007;-0.0810077;-11.8559
-127.94;-40.0056;0.512233;-0.173164;-0.091441;-12.7929
-119.114;-40.0056;0.491157;-0.18243;-0.0970183;-13.6625
-110.289;-40.0056;0.427869;-0.187119;-0.102812;-14.4694
-101.463;-40.0056;0.352606;-0.18939;-0.110464;-15.2286
-92.6379;-40.0056;0.311713;-0.187848;-0.118814;-15.965
-83.8124;-40.0056;0.320076;-0.182089;-0.1283;-16.6869
-74.987;-40.0056;0.32875;-0.176129;-0.137338;-17.381
-66.1615;-40.0056;0.301596;-0.169157;-0.142848;-18.0195
-30.8597;-40.0056;0.396887;-0.0732637;-0.139088;-20.1803
-22.0342;-40.0056;0.374204;-0.0250524;-0.141691;-20.5417
-13.2088;-40.0056;0.37098;0.0200426;-0.144107;-20.7896
-4.38334;-40.0056;0.359939;0.0657058;-0.148832;-20.948
4.44212;-40.0056;0.358153;0.11387;-0.156422;-21.0303
13.2676;-40.0056;0.360885;0.159629;-0.160378;-21.0492
22.093;-40.0056;0.351181;0.200231;-0.159414;-20.982
30.9185;-40.0056;0.316683;0.235847;-0.160322;-20.7841
39.7439;-40.0056;0.306453;0.269181;-0.164008;-20.512
48.5694;-40.0056;0.307136;0.301889;-0.165125;-20.2003
57.3948;-40.0056;0.299846;0.330726;-0.162307;-19.8017
66.2203;-40.0056;0.298297;0.351995;-0.155734;-19.3119
75.0458;-40.0056;0.320123;0.36587;-0.146407;-18.7654
83.8712;-40.0056;0.340604;0.37695;-0.135623;-18.2023
92.6967;-40.0056;0.347603;0.386921;-0.123686;-17.6031
101.522;-40.0056;0.404648;0.388744;-0.112488;-16.9823
110.348;-40.0056;0.504101;0.385297;-0.104574;-16.3352
119.173;-40.0056;0.590771;0.37857;-0.100196;-15.6172
127.998;-40.0056;0.572855;0.370093;-0.0947275;-14.7657
136.824;-40.0056;0.483158;0.356716;-0.0835937;-13.818
145.649;-40.0056;0.470106;0.341827;-0.0726179;-12.8925
154.475;-40.0056;0.542991;0.326183;-0.0625605;-12.0105
163.3;-40.0056;0.639676;0.303995;-0.0519679;-11.1264
172.126;-40.0056;0.70854;0.275025;-0.0429441;-10.2136
180.951;-40.0056;0.734728;0.242578;-0.0354177;-9.23688
189.777;-40.0056;0.749512;0.20526;-0.0277091;-8.21442
198.602;-40.0056;0.767098;0.163414;-0.0183114;-7.16133
207.428;-40.0056;0.77246;0.121653;-0.00981101;-6.08703
216.253;-40.0056;0.816959;0.0770249;-0.00146483;-5.01006
225.078;-40.0056;0.878216;0.0274038;0.00668569;-3.91359
233.904;-40.0056;0.918452;-0.0174166;0.0127224;-2.77592
242.729;-40.0056;0.931893;-0.0338457;0.018026;-1.67302
-225.02;-48.831;0.515857;0.0372877;0.0253436;-1.85657
-216.194;-48.831;0.424254;0.00548335;0.0196854;-2.86566
-207.369;-48.831;0.498711;-0.0103751;0.0197363;-3.88343
-198.543;-48.831;0.547367;-0.036016;0.0182232;-4.93757
-189.718;-48.831;0.504605;-0.0562633;0.00378624;-5.93853
-180.892;-48.831;0.473506;-0.0588152;-0.0212036;-6.90404
-172.067;-48.831;0.501996;-0.0660672;-0.0465723;-7.87604
-163.242;-48.831;0.515844;-0.083546;-0.0617597;-8.86239
-154.416;-48.831;0.489773;-0.104654;-0.06949;-9.80021
-145.591;-48.831;0.454701;-0.126424;-0.078422;-10.7185
-136.765;-48.831;0.445926;-0.146411;-0.0917458;-11.6355
-127.94;-48.831;0.478667;-0.160535;-0.10037;-12.5634
-119.114;-48.831;0.494499;-0.167004;-0.106347;-13.4312
-110.289;-48.831;0.448697;-0.172336;-0.11386;-14.2434
-101.463;-48.831;0.388004;-0.17718;-0.121923;-15.0047
-92.6379;-48.831;0.354476;-0.177602;-0.131022;-15.7342
-83.8124;-48.831;0.352069;-0.172505;-0.143287;-16.4391
-74.987;-48.831;0.346714;-0.1674;-0.154363;-17.1184
-66.1615;-48.831;0.319148;-0.161122;-0.160184;-17.7438
-57.3361;-48.831;0.295741;-0.148694;-0.160096;-18.3376
-30.8597;-48.831;0.30573;-0.0608675;-0.165848;-19.7827
-22.0342;-48.831;0.266388;-0.0153273;-0.164664;-20.1286
-13.2088;-48.831;0.289453;0.0280851;-0.161987;-20.3891
-4.38334;-48.831;0.317518;0.0707365;-0.163218;-20.5548
4.44212;-48.831;0.317354;0.11545;-0.16901;-20.6204
13.2676;-48.831;0.295406;0.154927;-0.172497;-20.6057
22.093;-48.831;0.270047;0.187924;-0.171236;-20.5112
30.9185;-48.831;0.253287;0.220487;-0.172559;-20.3267
39.7439;-48.831;0.229512;0.253806;-0.175094;-20.0608
48.5694;-48.831;0.210156;0.286262;-0.176243;-19.746
57.3948;-48.831;0.209125;0.315133;-0.173734;-19.3646
66.2203;-48.831;0.217038;0.33871;-0.168256;-18.8975
75.0458;-48.831;0.219822;0.355587;-0.162052;-18.3485
83.8712;-48.831;0.205306;0.367743;-0.155667;-17.7647
92.6967;-48.831;0.212207;0.373097;-0.145131;-17.1621
101.522;-48.831;0.228369;0.372861;-0.133304;-16.5021
110.348;-48.831;0.251333;0.367261;-0.124398;-15.7833
119.173;-48.831;0.27681;0.357085;-0.118248;-15.0125
127.998;-48.831;0.294588;0.345356;-0.109854;-14.1992
136.824;-48.831;0.331697;0.336771;-0.0964317;-13.3767
145.649;-48.831;0.38887;0.326009;-0.0830648;-12.5211
154.475;-48.831;0.455767;0.311181;-0.0693152;-11.6437
163.3;-48.831;0.516834;0.289075;-0.056371;-10.747
172.126;-48.831;0.564363;0.260988;-0.0477405;-9.83118
180.951;-48.831;0.584572;0.230781;-0.041853;-8.86013
189.777;-48.831;0.593898;0.19687;-0.0355089;-7.84262
198.602;-48.831;0.60205;0.158811;-0.0272786;-6.7941
207.428;-48.831;0.60957;0.121461;-0.0197814;-5.74445
216.253;-48.831;0.655738;0.0783608;-0.0114576;-4.68171
225.078;-48.831;0.718018;0.0302051;-0.00443411;-3.60677
233.904;-48.831;0.773504;-0.0191868;0.000632638;-2.48451
242.729;-48.831;0.791984;-0.043384;0.00890844;-1.37848
-225.02;-57.6565;0.587531;0.056363;0.0226256;-1.72304
-216.194;-57.6565;0.49407;0.018261;0.016586;-2.71825
-207.369;-57.6565;0.546607;-0.000743968;0.0204973;-3.72471
-198.543;-57.6565;0.587229;-0.0135721;0.018442;-4.7486
-189.718;-57.6565;0.526642;-0.0194567;-0.00278965;-5.73347
-180.892;-57.6565;0.496452;-0.016682;-0.030646;-6.68288
-172.067;-57.6565;0.513218;-0.0373701;-0.0529918;-7.66096
-163.242;-57.6565;0.51169;-0.0659643;-0.0656774;-8.64232
-154.416;-57.6565;0.466042;-0.0910914;-0.0738746;-9.55508
-145.591;-57.6565;0.403086;-0.11382;-0.0833996;-10.4454
-136.765;-57.6565;0.375567;-0.131065;-0.0958184;-11.3362
-127.94;-57.6565;0.432479;-0.142538;-0.103273;-12.2517
-119.114;-57.6565;0.46182;-0.148477;-0.110668;-13.1132
-110.289;-57.6565;0.424836;-0.154621;-0.121387;-13.9244
-101.463;-57.6565;0.381769;-0.159298;-0.131342;-14.6798
-92.6379;-57.6565;0.353058;-0.161582;-0.139015;-15.402
-83.8124;-57.6565;0.333775;-0.161013;-0.148639;-16.0997
-74.987;-57.6565;0.319523;-0.157798;-0.161529;-16.7692
-66.1615;-57.6565;0.308185;-0.152069;-0.171371;-17.3816
-57.3361;-57.6565;0.290254;-0.139495;-0.175722;-17.9501
-30.8597;-57.6565;0.265825;-0.0598575;-0.193275;-19.2939
-22.0342;-57.6565;0.220834;-0.0164656;-0.191537;-19.6405
-13.2088;-57.6565;0.222781;0.0257517;-0.186922;-19.8971
-4.38334;-57.6565;0.247654;0.0681101;-0.186501;-20.0671
4.44212;-57.6565;0.252111;0.110388;-0.190002;-20.1357
13.2676;-57.6565;0.225845;0.146476;-0.192599;-20.112
22.093;-57.6565;0.191469;0.176653;-0.190907;-19.999
30.9185;-57.6565;0.17395;0.208312;-0.191174;-19.8073
39.7439;-57.6565;0.15345;0.241906;-0.194056;-19.5405
48.5694;-57.6565;0.138388;0.27278;-0.197109;-19.2288
57.3948;-57.6565;0.144304;0.299802;-0.198044;-18.8597
66.2203;-57.6565;0.138564;0.323301;-0.195862;-18.3965
75.0458;-57.6565;0.0958834;0.340062;-0.192594;-17.8216
83.8712;-57.6565;0.0292276;0.356003;-0.189691;-17.2228
92.6967;-57.6565;0.0249584;0.362058;-0.181766;-16.6267
101.522;-57.6565;0.0238432;0.362169;-0.169547;-15.9608
110.348;-57.6565;0.0304239;0.357076;-0.157986;-15.2333
119.173;-57.6565;0.0712627;0.348608;-0.148243;-14.4847
127.998;-57.6565;0.181439;0.336553;-0.135341;-13.7522
136.824;-57.6565;0.302636;0.326002;-0.117587;-12.9991
145.649;-57.6565;0.393196;0.314346;-0.0984365;-12.1893
154.475;-57.6565;0.45626;0.295724;-0.0794287;-11.326
163.3;-57.6565;0.506113;0.270167;-0.063106;-10.4332
172.126;-57.6565;0.561556;0.240807;-0.0520099;-9.52249
180.951;-57.6565;0.595027;0.211646;-0.0440773;-8.55854
189.777;-57.6565;0.614899;0.179632;-0.0366472;-7.55227
198.602;-57.6565;0.634278;0.142981;-0.0274298;-6.51946
207.428;-57.6565;0.667311;0.106847;-0.0204238;-5.4933
216.253;-57.6565;0.723814;0.0639357;-0.0123549;-4.44907
225.078;-57.6565;0.755971;0.0171208;-0.00532068;-3.37016
233.904;-57.6565;0.771143;-0.0267806;-0.000263984;-2.23351
242.729;-57.6565;0.782254;-0.0651241;0.00974626;-1.08695
-216.194;-66.4819;0.57222;0.0324804;0.0206646;-2.53181
-207.369;-66.4819;0.575619;0.0103411;0.0225937;-3.51571
-198.543;-66.4819;0.58704;0.00360802;0.0141263;-4.50305
-189.718;-66.4819;0.554669;0.0118321;-0.0104282;-5.44915
-180.892;-66.4819;0.515707;0.0078403;-0.033835;-6.39887
-172.067;-66.4819;0.500194;-0.0164161;-0.050582;-7.36552
-163.242;-66.4819;0.491612;-0.0439107;-0.0609681;-8.33001
-154.416;-66.4819;0.460068;-0.0677318;-0.0707606;-9.24192
-145.591;-66.4819;0.403016;-0.0898852;-0.0832652;-10.1253
-136.765;-66.4819;0.353459;-0.109034;-0.0969085;-10.9956
-127.94;-66.4819;0.348489;-0.127436;-0.106296;-11.8942
-119.114;-66.4819;0.353017;-0.137733;-0.11642;-12.7442
-110.289;-66.4819;0.331421;-0.141813;-0.130427;-13.5372
-101.463;-66.4819;0.308996;-0.144229;-0.14324;-14.2789
-92.6379;-66.4819;0.283221;-0.146967;-0.15219;-14.9931
-83.8124;-66.4819;0.253346;-0.148425;-0.162322;-15.6804
-74.987;-66.4819;0.236845;-0.145086;-0.177583;-16.3334
-66.1615;-66.4819;0.247248;-0.135529;-0.192695;-16.9283
-57.3361;-66.4819;0.245448;-0.122594;-0.203977;-17.4721
-30.8597;-66.4819;0.265364;-0.0570317;-0.230161;-18.7807
-22.0342;-66.4819;0.240611;-0.0190436;-0.233533;-19.1179
-13.2088;-66.4819;0.203674;0.0205581;-0.23172;-19.3487
-4.38334;-66.4819;0.19594;0.0612049;-0.231203;-19.5041
4.44212;-66.4819;0.206474;0.100448;-0.232069;-19.572
13.2676;-66.4819;0.19305;0.134483;-0.23148;-19.554
22.093;-66.4819;0.164562;0.165295;-0.226129;-19.4509
30.9185;-66.4819;0.153206;0.197636;-0.222076;-19.2691
39.7439;-66.4819;0.156183;0.2311;-0.22171;-19.0189
48.5694;-66.4819;0.168478;0.258633;-0.223282;-18.7284
57.3948;-66.4819;0.18255;0.282859;-0.227546;-18.3734
66.2203;-66.4819;0.166936;0.305592;-0.229481;-17.9222
75.0458;-66.4819;0.113126;0.32403;-0.22506;-17.3706
83.8712;-66.4819;0.0559162;0.341198;-0.21855;-16.7984
92.6967;-66.4819;0.0590242;0.349008;-0.210793;-16.2253
101.522;-66.4819;0.086507;0.349057;-0.198667;-15.5966
110.348;-66.4819;0.142358;0.3438;-0.18479;-14.9162
119.173;-66.4819;0.242274;0.336817;-0.171731;-14.2201
127.998;-66.4819;0.401243;0.325408;-0.156128;-13.5303
136.824;-66.4819;0.58358;0.310868;-0.13668;-12.8234
145.649;-66.4819;0.672661;0.295246;-0.114111;-12.0258
154.475;-66.4819;0.694372;0.27381;-0.0921671;-11.1428
163.3;-66.4819;0.696603;0.247739;-0.0726441;-10.215
172.126;-66.4819;0.724576;0.219497;-0.0567412;-9.27933
180.951;-66.4819;0.735994;0.191702;-0.0436541;-8.30489
189.777;-66.4819;0.737141;0.159923;-0.0336035;-7.29109
198.602;-66.4819;0.742636;0.123046;-0.0234346;-6.25231
207.428;-66.4819;0.768098;0.0857912;-0.0168312;-5.21742
216.253;-66.4819;0.804414;0.044421;-0.00980373;-4.16913
225.078;-66.4819;0.786447;0.00197474;-0.00412772;-3.08153
233.904;-66.4819;0.76789;-0.036665;0.000719098;-1.94253
-216.194;-75.3074;0.605649;0.0551585;0.0305231;-2.27752
-207.369;-75.3074;0.553423;0.0294215;0.0263249;-3.23336
-198.543;-75.3074;0.497033;0.0196568;0.00702204;-4.19305
-189.718;-75.3074;0.415672;0.0160837;-0.019203;-5.13825
-180.892;-75.3074;0.383445;0.00385033;-0.0399007;-6.0839
-172.067;-75.3074;0.388087;-0.0186314;-0.0546667;-7.03295
-163.242;-75.3074;0.40354;-0.039747;-0.0654455;-7.9792
-154.416;-75.3074;0.407959;-0.0563506;-0.0753381;-8.88608
-145.591;-75.3074;0.385525;-0.0728826;-0.087551;-9.76023
-136.765;-75.3074;0.339465;-0.0917587;-0.1019;-10.6077
-127.94;-75.3074;0.298249;-0.113431;-0.116291;-11.4778
-119.114;-75.3074;0.272596;-0.128429;-0.130601;-12.3163
-110.289;-75.3074;0.254781;-0.131315;-0.14687;-13.0957
-101.463;-75.3074;0.245834;-0.130946;-0.16336;-13.8264
-92.6379;-75.3074;0.225623;-0.133394;-0.176354;-14.5341
-83.8124;-75.3074;0.196541;-0.135618;-0.18892;-15.2113
-74.987;-75.3074;0.18578;-0.1303;-0.205315;-15.8429
-66.1615;-75.3074;0.208471;-0.115708;-0.222069;-16.4208
-57.3361;-75.3074;0.215963;-0.101538;-0.239308;-16.9477
-48.5106;-75.3074;0.209383;-0.0400231;-0.278087;-18.1306
-39.6852;-75.3074;0.236846;-0.0152971;-0.287633;-18.5726
-30.8597;-75.3074;0.282622;-0.0458378;-0.270691;-18.2497
-22.0342;-75.3074;0.297428;-0.0148867;-0.278489;-18.5722
-13.2088;-75.3074;0.252745;0.0228374;-0.28332;-18.795
-4.38334;-75.3074;0.223328;0.0614682;-0.28084;-18.9351
4.44212;-75.3074;0.240142;0.099059;-0.277765;-19.0025
13.2676;-75.3074;0.25426;0.13141;-0.274504;-19.0049
22.093;-75.3074;0.252437;0.159684;-0.268915;-18.926
30.9185;-75.3074;0.255173;0.188416;-0.260105;-18.7717
39.7439;-75.3074;0.288289;0.215127;-0.248556;-18.5522
48.5694;-75.3074;0.328097;0.237824;-0.243722;-18.2892
57.3948;-75.3074;0.367727;0.259957;-0.251129;-17.971
66.2203;-75.3074;0.419531;0.281007;-0.257453;-17.5853
75.0458;-75.3074;0.467786;0.3;-0.249399;-17.1307
83.8712;-75.3074;0.479251;0.316724;-0.238078;-16.6197
92.6967;-75.3074;0.431047;0.328904;-0.229809;-16.0307
101.522;-75.3074;0.495407;0.326766;-0.216461;-15.431
110.348;-75.3074;0.613508;0.31996;-0.198662;-14.8108
119.173;-75.3074;0.720651;0.313354;-0.181847;-14.1382
127.998;-75.3074;0.790333;0.304117;-0.165166;-13.3904
136.824;-75.3074;0.928388;0.287548;-0.144672;-12.6547
145.649;-75.3074;0.97511;0.267766;-0.120755;-11.8226
154.475;-75.3074;0.959686;0.244167;-0.0969424;-10.9113
163.3;-75.3074;0.928104;0.219176;-0.0747333;-9.95794
172.126;-75.3074;0.922018;0.194343;-0.0551883;-8.99266
180.951;-75.3074;0.896167;0.169522;-0.0385237;-7.9989
189.777;-75.3074;0.860502;0.138377;-0.0262722;-6.96855
198.602;-75.3074;0.835382;0.102516;-0.0165897;-5.92042
207.428;-75.3074;0.836327;0.0646206;-0.0109155;-4.87073
216.253;-75.3074;0.840103;0.0240277;-0.00417828;-3.80485
225.078;-75.3074;0.789707;-0.0142204;0.00157712;-2.71457
233.904;-75.3074;0.77606;-0.0399558;0.00437408;-1.63319
-216.194;-84.1328;0.649413;0.0777796;0.0401239;-1.95209
-207.369;-84.1328;0.510359;0.0570091;0.0311041;-2.87945
-198.543;-84.1328;0.415787;0.0380949;0.00409471;-3.82843
-189.718;-84.1328;0.336162;0.02309;-0.0219009;-4.77019
-180.892;-84.1328;0.309282;0.00483031;-0.0427629;-5.71183
-172.067;-84.1328;0.326409;-0.0190576;-0.0586688;-6.65665
-163.242;-84.1328;0.339865;-0.040317;-0.0723598;-7.59315
-154.416;-84.1328;0.342576;-0.0551389;-0.0848432;-8.49089
-145.591;-84.1328;0.338716;-0.0668317;-0.0977459;-9.34982
-136.765;-84.1328;0.324702;-0.080846;-0.111899;-10.1833
-127.94;-84.1328;0.296056;-0.100043;-0.130198;-11.0312
-119.114;-84.1328;0.26949;-0.116483;-0.149719;-11.861
-110.289;-84.1328;0.26492;-0.121004;-0.16915;-12.6392
-101.463;-84.1328;0.262516;-0.120626;-0.190709;-13.3721
-92.6379;-84.1328;0.246482;-0.122459;-0.208429;-14.0696
-83.8124;-84.1328;0.225029;-0.123403;-0.221838;-14.7287
-74.987;-84.1328;0.222802;-0.115527;-0.235542;-15.336
-66.1615;-84.1328;0.248267;-0.0988192;-0.249883;-15.9
-57.3361;-84.1328;0.256403;-0.0831799;-0.268658;-16.4292
-48.5106;-84.1328;0.232072;-0.0668875;-0.283391;-16.8961
-39.6852;-84.1328;0.255042;-0.0505074;-0.291595;-17.3127
-30.8597;-84.1328;0.31575;-0.030753;-0.298066;-17.6849
-22.0342;-84.1328;0.361282;-0.00436532;-0.306824;-17.9912
-13.2088;-84.1328;0.361653;0.0305599;-0.312085;-18.2176
-4.38334;-84.1328;0.35859;0.0681969;-0.307745;-18.3625
4.44212;-84.1328;0.357986;0.102414;-0.29966;-18.433
13.2676;-84.1328;0.362407;0.129686;-0.294236;-18.4387
22.093;-84.1328;0.362752;0.153582;-0.289678;-18.3706
30.9185;-84.1328;0.367239;0.17767;-0.280731;-18.2283
39.7439;-84.1328;0.412763;0.20019;-0.265398;-18.0306
48.5694;-84.1328;0.511299;0.22018;-0.261315;-17.8146
57.3948;-84.1328;0.559998;0.251171;-0.275916;-17.5318
66.2203;-84.1328;0.633201;0.278352;-0.286524;-17.2019
75.0458;-84.1328;0.73443;0.296337;-0.276033;-16.8171
83.8712;-84.1328;0.797352;0.307509;-0.261883;-16.3388
92.6967;-84.1328;0.745083;0.315496;-0.251843;-15.7289
101.522;-84.1328;0.805312;0.31008;-0.235085;-15.1238
110.348;-84.1328;0.920405;0.302282;-0.211099;-14.5235
119.173;-84.1328;1.0245;0.291432;-0.18757;-13.862
127.998;-84.1328;1.07999;0.278561;-0.164434;-13.1108
136.824;-84.1328;1.16521;0.25902;-0.141174;-12.33
145.649;-84.1328;1.15346;0.237505;-0.117741;-11.4525
154.475;-84.1328;1.09883;0.213078;-0.0926423;-10.5096
163.3;-84.1328;1.05129;0.18778;-0.0667877;-9.54143
172.126;-84.1328;1.04159;0.163694;-0.0445656;-8.57411
180.951;-84.1328;0.997286;0.141291;-0.0268856;-7.57769
189.777;-84.1328;0.931793;0.11151;-0.013495;-6.54034
198.602;-84.1328;0.875517;0.0801717;-0.00497132;-5.49494
207.428;-84.1328;0.850479;0.0452636;-0.000398583;-4.44321
216.253;-84.1328;0.832491;0.00614336;0.00631821;-3.37021
225.078;-84.1328;0.81011;-0.0230071;0.00966536;-2.3077
233.904;-84.1328;0.830316;-0.0429973;0.00915883;-1.30329
-216.194;-92.9583;0.702174;0.0926305;0.0482421;-1.56098
-207.369;-92.9583;0.483982;0.0720053;0.0340134;-2.5167
-198.543;-92.9583;0.394513;0.0506536;0.00603872;-3.4627
-189.718;-92.9583;0.370331;0.0297844;-0.0202626;-4.40471
-180.892;-92.9583;0.352061;0.0108376;-0.0420987;-5.33733
-172.067;-92.9583;0.35877;-0.0140923;-0.058646;-6.26707
-163.242;-92.9583;0.340203;-0.0394113;-0.0757049;-7.18235
-154.416;-92.9583;0.313496;-0.0572064;-0.0922318;-8.0636
-145.591;-92.9583;0.307308;-0.0670165;-0.10672;-8.91102
-136.765;-92.9583;0.319233;-0.0754091;-0.120355;-9.73985
-127.94;-92.9583;0.313287;-0.0893876;-0.140316;-10.5613
-119.114;-92.9583;0.298146;-0.104026;-0.163046;-11.3696
-110.289;-92.9583;0.319436;-0.111266;-0.18303;-12.1436
-101.463;-92.9583;0.321344;-0.114258;-0.204399;-12.8728
-92.6379;-92.9583;0.313812;-0.115354;-0.224879;-13.5645
-83.8124;-92.9583;0.307421;-0.112376;-0.240811;-14.2111
-74.987;-92.9583;0.310184;-0.102502;-0.253063;-14.8048
-66.1615;-92.9583;0.332291;-0.0877047;-0.264189;-15.3574
-57.3361;-92.9583;0.349804;-0.0734804;-0.277011;-15.8776
-48.5106;-92.9583;0.330027;-0.0590068;-0.288782;-16.33
-39.6852;-92.9583;0.330358;-0.0448012;-0.296737;-16.7213
-30.8597;-92.9583;0.35948;-0.0257497;-0.302628;-17.0618
-22.0342;-92.9583;0.395313;0.00174438;-0.309238;-17.3496
-13.2088;-92.9583;0.414212;0.0360201;-0.313737;-17.578
-4.38334;-92.9583;0.409867;0.0687484;-0.31166;-17.7347
4.44212;-92.9583;0.402055;0.100422;-0.303575;-17.7972
13.2676;-92.9583;0.395077;0.126875;-0.296978;-17.7884
22.093;-92.9583;0.380871;0.15109;-0.294401;-17.7142
30.9185;-92.9583;0.363855;0.174879;-0.293957;-17.5606
39.7439;-92.9583;0.376496;0.202312;-0.293692;-17.3597
48.5694;-92.9583;0.487471;0.229149;-0.305691;-17.1607
57.3948;-92.9583;0.551066;0.26257;-0.322272;-16.9088
66.2203;-92.9583;0.630783;0.284239;-0.322522;-16.5878
75.0458;-92.9583;0.724261;0.296704;-0.303874;-16.2138
83.8712;-92.9583;0.780072;0.298915;-0.284829;-15.7243
92.6967;-92.9583;0.761836;0.300797;-0.270385;-15.1241
101.522;-92.9583;0.837905;0.294087;-0.248601;-14.5387
110.348;-92.9583;0.952159;0.285151;-0.218358;-13.9533
119.173;-92.9583;1.06438;0.269937;-0.187999;-13.3073
127.998;-92.9583;1.14623;0.252377;-0.158174;-12.5844
136.824;-92.9583;1.18559;0.232658;-0.132143;-11.7728
145.649;-92.9583;1.10536;0.212893;-0.110741;-10.8504
154.475;-92.9583;1.02746;0.188995;-0.0876327;-9.89682
163.3;-92.9583;1.0006;0.163104;-0.0598917;-8.95232
172.126;-92.9583;1.02673;0.136156;-0.0344721;-8.02068
180.951;-92.9583;0.997073;0.114416;-0.016413;-7.04963
189.777;-92.9583;0.930117;0.0871365;-0.00242786;-6.0305
198.602;-92.9583;0.864997;0.058031;0.00696282;-4.99473
207.428;-92.9583;0.829442;0.027452;0.0123168;-3.95565
216.253;-92.9583;0.814769;-0.00741851;0.0184006;-2.90741
225.078;-92.9583;0.849997;-0.0334843;0.0192524;-1.90413
-207.369;-101.784;0.457489;0.088439;0.038678;-2.07861
-198.543;-101.784;0.388544;0.0629769;0.0103573;-3.05495
-189.718;-101.784;0.455483;0.0322764;-0.0176805;-4.0523
-180.892;-101.784;0.46562;0.0125135;-0.0379903;-4.98594
-172.067;-101.784;0.429998;-0.0112348;-0.0542478;-5.8784
-163.242;-101.784;0.383062;-0.0372859;-0.0730745;-6.75301
-154.416;-101.784;0.344039;-0.0568292;-0.0920013;-7.61068
-145.591;-101.784;0.332016;-0.0667752;-0.107806;-8.45307
-136.765;-101.784;0.337374;-0.0725718;-0.121958;-9.27804
-127.94;-101.784;0.32139;-0.0823684;-0.142274;-10.0714
-119.114;-101.784;0.283981;-0.0947308;-0.165676;-10.8473
-110.289;-101.784;0.298278;-0.102722;-0.185208;-11.6006
-101.463;-101.784;0.288076;-0.107092;-0.20474;-12.3191
-92.6379;-101.784;0.294825;-0.106252;-0.225173;-12.9988
-83.8124;-101.784;0.317045;-0.0997916;-0.243126;-13.6255
-74.987;-101.784;0.329021;-0.0903607;-0.257942;-14.1987
-66.1615;-101.784;0.330447;-0.0814105;-0.272081;-14.7432
-57.3361;-101.784;0.359065;-0.0682093;-0.280651;-15.2513
-48.5106;-101.784;0.355122;-0.0509074;-0.287275;-15.691
-39.6852;-101.784;0.33797;-0.0346711;-0.294913;-16.0653
-30.8597;-101.784;0.347957;-0.0166908;-0.300145;-16.3779
-22.0342;-101.784;0.380379;0.00824445;-0.302516;-16.6435
-13.2088;-101.784;0.395041;0.0395619;-0.305411;-16.8547
-4.38334;-101.784;0.385617;0.0685776;-0.306634;-17.0095
4.44212;-101.784;0.372576;0.0995581;-0.301669;-17.0689
13.2676;-101.784;0.35434;0.12495;-0.294693;-17.0595
22.093;-101.784;0.337964;0.149106;-0.294528;-16.9965
30.9185;-101.784;0.328248;0.172983;-0.301944;-16.8529
39.7439;-101.784;0.339061;0.202177;-0.315349;-16.6589
48.5694;-101.784;0.448106;0.232167;-0.335598;-16.4521
57.3948;-101.784;0.506423;0.26157;-0.346168;-16.191
66.2203;-101.784;0.564621;0.275823;-0.337273;-15.8422
75.0458;-101.784;0.620854;0.278458;-0.313274;-15.4161
83.8712;-101.784;0.649567;0.277289;-0.291071;-14.916
92.6967;-101.784;0.657558;0.278279;-0.27333;-14.3547
101.522;-101.784;0.751154;0.272393;-0.248406;-13.8011
110.348;-101.784;0.847233;0.263786;-0.216033;-13.2115
119.173;-101.784;0.931605;0.24763;-0.183921;-12.5523
127.998;-101.784;0.988091;0.228583;-0.15397;-11.8211
136.824;-101.784;0.964505;0.208997;-0.129243;-10.9731
145.649;-101.784;0.82754;0.191907;-0.106939;-10.0192
154.475;-101.784;0.777424;0.16922;-0.0819155;-9.1121
163.3;-101.784;0.829083;0.142983;-0.0523207;-8.25862
172.126;-101.784;0.8994;0.112842;-0.0250728;-7.37657
180.951;-101.784;0.885107;0.0895505;-0.00517897;-6.4244
189.777;-101.784;0.825513;0.0641783;0.00512114;-5.4198
198.602;-101.784;0.776868;0.0396267;0.0131323;-4.411
207.428;-101.784;0.770582;0.0118997;0.0200535;-3.40609
216.253;-101.784;0.780465;-0.0159075;0.0263985;-2.40349
225.078;-101.784;0.847045;-0.0406788;0.0277616;-1.44125
-198.543;-110.609;0.374494;0.0665878;0.0146914;-2.60841
-189.718;-110.609;0.488744;0.0359319;-0.0112736;-3.62702
-180.892;-110.609;0.53663;0.0121187;-0.0291591;-4.56058
-172.067;-110.609;0.450198;-0.0148393;-0.0491059;-5.44604
-163.242;-110.609;0.416593;-0.0370073;-0.0686003;-6.30039
-154.416;-110.609;0.403253;-0.0543213;-0.0867388;-7.1418
-145.591;-110.609;0.39263;-0.064184;-0.102266;-7.97103
-136.765;-110.609;0.37755;-0.0678543;-0.116842;-8.77427
-127.94;-110.609;0.339126;-0.0721213;-0.13472;-9.53112
-119.114;-110.609;0.276869;-0.0807538;-0.156553;-10.2656
-110.289;-110.609;0.250242;-0.091312;-0.179075;-10.9966
-101.463;-110.609;0.235393;-0.0981519;-0.2023;-11.7079
-92.6379;-110.609;0.262347;-0.0981032;-0.223815;-12.382
-83.8124;-110.609;0.286235;-0.0918371;-0.244926;-12.9969
-74.987;-110.609;0.271429;-0.0845669;-0.266014;-13.5426
-66.1615;-110.609;0.250868;-0.0792699;-0.283333;-14.073
-57.3361;-110.609;0.284314;-0.0669127;-0.290665;-14.5698
-48.5106;-110.609;0.310112;-0.0457766;-0.29255;-14.9936
-39.6852;-110.609;0.290947;-0.0262051;-0.296943;-15.3518
-30.8597;-110.609;0.282089;-0.00710752;-0.298427;-15.6481
-22.0342;-110.609;0.30073;0.0152462;-0.2985;-15.8913
-13.2088;-110.609;0.314547;0.0416641;-0.299131;-16.0894
-4.38334;-110.609;0.30986;0.067207;-0.301084;-16.2458
4.44212;-110.609;0.307886;0.0973041;-0.298486;-16.3132
13.2676;-110.609;0.312171;0.121656;-0.292281;-16.3127
22.093;-110.609;0.314813;0.145597;-0.295723;-16.2641
30.9185;-110.609;0.320735;0.168616;-0.307677;-16.135
39.7439;-110.609;0.349375;0.193891;-0.323927;-15.9474
48.5694;-110.609;0.458454;0.218914;-0.338082;-15.7354
57.3948;-110.609;0.519264;0.242801;-0.34038;-15.4669
66.2203;-110.609;0.559321;0.253868;-0.327713;-15.1005
75.0458;-110.609;0.601053;0.258129;-0.306224;-14.6758
83.8712;-110.609;0.647694;0.259322;-0.28473;-14.2034
92.6967;-110.609;0.688522;0.25839;-0.263691;-13.683
101.522;-110.609;0.785661;0.249131;-0.236867;-13.1309
110.348;-110.609;0.802522;0.237776;-0.208363;-12.4661
119.173;-110.609;0.766508;0.221586;-0.180262;-11.7166
127.998;-110.609;0.709498;0.204523;-0.154625;-10.9222
136.824;-110.609;0.587613;0.18766;-0.131793;-10.0317
145.649;-110.609;0.529717;0.166666;-0.10568;-9.15016
154.475;-110.609;0.606448;0.141702;-0.0735791;-8.3575
163.3;-110.609;0.73698;0.115852;-0.0381365;-7.59191
172.126;-110.609;0.79492;0.0836496;-0.0107761;-6.72009
180.951;-110.609;0.708562;0.0590647;0.00977763;-5.7074
189.777;-110.609;0.66971;0.0361959;0.0185426;-4.72977
198.602;-110.609;0.688757;0.0184182;0.0204091;-3.80015
207.428;-110.609;0.776982;-0.0050214;0.0272416;-2.88548
216.253;-110.609;0.830362;-0.0299192;0.0375976;-1.93345
-198.543;-119.435;0.341535;0.0633426;0.0210182;-2.12626
-189.718;-119.435;0.416687;0.0432044;0.000597039;-3.08987
-180.892;-119.435;0.466466;0.0125325;-0.0203237;-4.05398
-172.067;-119.435;0.388113;-0.0220454;-0.0440033;-4.94478
-163.242;-119.435;0.403327;-0.0398532;-0.0624691;-5.78457
-154.416;-119.435;0.410799;-0.0544001;-0.0803956;-6.60998
-145.591;-119.435;0.389021;-0.0645556;-0.0962478;-7.40851
-136.765;-119.435;0.357531;-0.0661806;-0.109576;-8.18678
-127.94;-119.435;0.312843;-0.0620938;-0.122578;-8.91126
-119.114;-119.435;0.233549;-0.0688374;-0.146376;-9.62881
-110.289;-119.435;0.204623;-0.0772465;-0.172204;-10.3409
-101.463;-119.435;0.19015;-0.0869681;-0.199946;-11.0394
-92.6379;-119.435;0.222986;-0.0904234;-0.226255;-11.7055
-83.8124;-119.435;0.24528;-0.0873506;-0.251156;-12.3141
-74.987;-119.435;0.21871;-0.0833872;-0.273514;-12.8458
-66.1615;-119.435;0.184169;-0.0801976;-0.291269;-13.3646
-57.3361;-119.435;0.211942;-0.0698385;-0.299431;-13.8552
-48.5106;-119.435;0.25392;-0.0512248;-0.299966;-14.2849
-39.6852;-119.435;0.245282;-0.0310664;-0.299345;-14.6402
-30.8597;-119.435;0.218359;-0.00975944;-0.296356;-14.9053
-22.0342;-119.435;0.200347;0.0136253;-0.292234;-15.1124
-13.2088;-119.435;0.198512;0.0391264;-0.288958;-15.2989
-4.38334;-119.435;0.222645;0.0645244;-0.289221;-15.466
4.44212;-119.435;0.25549;0.0935383;-0.29016;-15.5538
13.2676;-119.435;0.312559;0.118282;-0.287873;-15.5755
22.093;-119.435;0.354279;0.141732;-0.295872;-15.5312
30.9185;-119.435;0.361137;0.162559;-0.308936;-15.3946
39.7439;-119.435;0.365679;0.181396;-0.31944;-15.185
48.5694;-119.435;0.452367;0.197981;-0.321983;-14.9607
57.3948;-119.435;0.535509;0.21546;-0.317786;-14.6913
66.2203;-119.435;0.577088;0.226632;-0.30727;-14.3264
75.0458;-119.435;0.60525;0.233106;-0.291587;-13.903
83.8712;-119.435;0.645644;0.233732;-0.272563;-13.4328
92.6967;-119.435;0.685306;0.2287;-0.251861;-12.9093
101.522;-119.435;0.709538;0.219947;-0.227985;-12.3082
110.348;-119.435;0.653183;0.211033;-0.199132;-11.5915
119.173;-119.435;0.542803;0.193775;-0.171298;-10.7917
127.998;-119.435;0.434716;0.176087;-0.148452;-9.99724
136.824;-119.435;0.377765;0.157663;-0.124682;-9.20795
145.649;-119.435;0.460743;0.135229;-0.0938425;-8.45685
154.475;-119.435;0.678014;0.107016;-0.0554544;-7.75624
163.3;-119.435;0.792124;0.0789178;-0.0193504;-6.95572
172.126;-119.435;0.654691;0.0512082;0.00473648;-5.95258
180.951;-119.435;0.479701;0.0278791;0.023578;-4.885
189.777;-119.435;0.558894;0.00237681;0.0354414;-4.02343
198.602;-119.435;0.733368;-0.0160617;0.0460371;-3.24655
207.428;-119.435;0.920447;-0.0331341;0.0510685;-2.44174
216.253;-119.435;0.98772;-0.0517474;0.053877;-1.52331
-189.718;-128.26;0.330104;0.039616;0.00861902;-2.54444
-180.892;-128.26;0.386365;0.0114587;-0.0119184;-3.45964
-172.067;-128.26;0.328753;-0.0237961;-0.0376446;-4.36065
-163.242;-128.26;0.347664;-0.0406133;-0.0550981;-5.19437
-154.416;-128.26;0.332685;-0.0578889;-0.0757849;-6.00512
-145.591;-128.26;0.277052;-0.0699524;-0.0932321;-6.75898
-136.765;-128.26;0.235904;-0.0710703;-0.106644;-7.51797
-127.94;-128.26;0.224616;-0.0625479;-0.118465;-8.24281
-119.114;-128.26;0.174165;-0.0639973;-0.143775;-8.96555
-110.289;-128.26;0.158062;-0.0701937;-0.172376;-9.66112
-101.463;-128.26;0.128957;-0.0764776;-0.199002;-10.3146
-92.6379;-128.26;0.143242;-0.0824516;-0.2283;-10.9515
-83.8124;-128.26;0.173156;-0.0840491;-0.25661;-11.5621
-74.987;-128.26;0.17153;-0.0821203;-0.27749;-12.1107
-66.1615;-128.26;0.139145;-0.0787893;-0.294105;-12.6154
-57.3361;-128.26;0.142828;-0.0708324;-0.304001;-13.1013
-48.5106;-128.26;0.204011;-0.0601772;-0.30468;-13.5504
-39.6852;-128.26;0.181787;-0.0433435;-0.302048;-13.893
-30.8597;-128.26;0.0809263;-0.0196955;-0.297751;-14.0835
-22.0342;-128.26;7.70001e-05;0.00649145;-0.290477;-14.2221
-13.2088;-128.26;0.0113734;0.0329886;-0.279573;-14.4019
-4.38334;-128.26;0.106092;0.062191;-0.271446;-14.6186
4.44212;-128.26;0.206621;0.0924587;-0.275819;-14.7588
13.2676;-128.26;0.316959;0.115787;-0.279787;-14.7929
22.093;-128.26;0.407715;0.138902;-0.290381;-14.7537
30.9185;-128.26;0.411597;0.156348;-0.300644;-14.5931
39.7439;-128.26;0.329664;0.168511;-0.305342;-14.3379
48.5694;-128.26;0.357268;0.180743;-0.301677;-14.0816
57.3948;-128.26;0.424296;0.193348;-0.293649;-13.7973
66.2203;-128.26;0.461311;0.203497;-0.284359;-13.4322
75.0458;-128.26;0.46609;0.208892;-0.272311;-12.9921
83.8712;-128.26;0.453032;0.208209;-0.25729;-12.484
92.6967;-128.26;0.43056;0.2029;-0.239552;-11.9118
101.522;-128.26;0.442368;0.192358;-0.21743;-11.3049
110.348;-128.26;0.456589;0.180952;-0.18767;-10.6436
119.173;-128.26;0.425076;0.166077;-0.15794;-9.93922
127.998;-128.26;0.37355;0.149174;-0.132008;-9.23062
136.824;-128.26;0.401446;0.130843;-0.105615;-8.54344
145.649;-128.26;0.586621;0.107899;-0.0729813;-7.88538
154.475;-128.26;0.682544;0.0840459;-0.0337345;-7.09767
163.3;-128.26;0.591445;0.0497542;-0.00755202;-6.10234
172.126;-128.26;0.334128;0.0225902;0.0134498;-5.00573
180.951;-128.26;0.261674;-0.00155411;0.0327173;-4.04115
189.777;-128.26;0.616094;-0.032654;0.0513268;-3.42056
198.602;-128.26;1.02082;-0.0529438;0.068645;-2.82556
207.428;-128.26;1.24325;-0.0656892;0.0701997;-2.09115
-189.718;-137.086;0.203984;0.0235499;0.014639;-1.95851
-180.892;-137.086;0.280538;0.00393914;-0.00644928;-2.83352
-172.067;-137.086;0.26984;-0.0221431;-0.0281557;-3.69773
-163.242;-137.086;0.271118;-0.0418418;-0.0486961;-4.54655
-154.416;-137.086;0.204298;-0.0646784;-0.074737;-5.34486
-145.591;-137.086;0.113352;-0.08056;-0.095191;-6.06973
-136.765;-137.086;0.0827192;-0.0826492;-0.109937;-6.82365
-127.94;-137.086;0.121488;-0.0707206;-0.121764;-7.55965
-119.114;-137.086;0.124285;-0.0633996;-0.146376;-8.28346
-110.289;-137.086;0.105864;-0.0656293;-0.175113;-8.95612
-101.463;-137.086;0.0537877;-0.0686312;-0.199771;-9.56581
-92.6379;-137.086;0.0451167;-0.0759255;-0.228432;-10.1761
-83.8124;-137.086;0.100233;-0.0805673;-0.255842;-10.7924
-74.987;-137.086;0.141216;-0.0790885;-0.275141;-11.3463
-66.1615;-137.086;0.101795;-0.0738683;-0.292148;-11.8229
-57.3361;-137.086;0.0532972;-0.0674275;-0.305691;-12.2913
-48.5106;-137.086;0.127575;-0.0653058;-0.307491;-12.7358
-39.6852;-137.086;0.0286172;-0.0514852;-0.308965;-12.9992
-30.8597;-137.086;-0.273566;-0.0270279;-0.310873;-13.0148
-22.0342;-137.086;-0.482986;-0.000179489;-0.306168;-13.0219
-13.2088;-137.086;-0.394958;0.0264753;-0.28797;-13.2207
-4.38334;-137.086;-0.160259;0.0625947;-0.264514;-13.5897
4.44212;-137.086;0.0495547;0.09401;-0.260704;-13.8109
13.2676;-137.086;0.184371;0.112464;-0.26991;-13.855
22.093;-137.086;0.269426;0.128952;-0.282828;-13.8017
30.9185;-137.086;0.29586;0.142761;-0.290886;-13.654
39.7439;-137.086;0.265419;0.152949;-0.292034;-13.4239
48.5694;-137.086;0.251233;0.162342;-0.28802;-13.1458
57.3948;-137.086;0.287707;0.170828;-0.281348;-12.8365
66.2203;-137.086;0.319391;0.177799;-0.270562;-12.467
75.0458;-137.086;0.315743;0.181512;-0.257638;-12.0193
83.8712;-137.086;0.274836;0.180392;-0.243568;-11.4915
92.6967;-137.086;0.222079;0.175176;-0.227165;-10.9043
101.522;-137.086;0.240691;0.165631;-0.205624;-10.33
110.348;-137.086;0.338931;0.155805;-0.176091;-9.77076
119.173;-137.086;0.416958;0.141726;-0.144596;-9.17263
127.998;-137.086;0.452396;0.123168;-0.113778;-8.53059
136.824;-137.086;0.513487;0.101017;-0.0846498;-7.86187
145.649;-137.086;0.639541;0.0738567;-0.0602249;-7.14809
154.475;-137.086;0.513453;0.0495438;-0.0352161;-6.20326
163.3;-137.086;0.229613;0.0200901;-0.0111688;-5.09408
172.126;-137.086;0.0130513;-0.00230347;0.0166707;-4.05592
180.951;-137.086;0.237327;-0.0302432;0.0411655;-3.34458
189.777;-137.086;0.937864;-0.068879;0.063784;-2.99822
198.602;-137.086;1.47691;-0.0925174;0.0791147;-2.49236
-189.718;-145.911;0.0902346;0.0100862;0.0240567;-1.32415
-180.892;-145.911;0.159943;-0.00292933;0.00151964;-2.1749
-172.067;-145.911;0.170509;-0.0249555;-0.0204035;-3.02328
-163.242;-145.911;0.16695;-0.0434336;-0.0409983;-3.85636
-154.416;-145.911;0.100799;-0.064507;-0.0681547;-4.63772
-145.591;-145.911;0.0122636;-0.0825604;-0.0920381;-5.35993
-136.765;-145.911;-0.00793961;-0.0886967;-0.11152;-6.12098
-127.94;-145.911;0.0512452;-0.0779131;-0.125575;-6.8638
-119.114;-145.911;0.0829991;-0.0661149;-0.146764;-7.57233
-110.289;-145.911;0.0553347;-0.0643725;-0.170782;-8.21756
-101.463;-145.911;-0.0207305;-0.0661985;-0.195041;-8.8001
-92.6379;-145.911;-0.0390889;-0.0729329;-0.222616;-9.38728
-83.8124;-145.911;0.0526723;-0.0774303;-0.247063;-10.0029
-74.987;-145.911;0.128562;-0.0748865;-0.264725;-10.5606
-66.1615;-145.911;0.0630938;-0.0684076;-0.284267;-11.0032
-57.3361;-145.911;-0.055923;-0.0644235;-0.305788;-11.4143
-48.5106;-145.911;-0.017129;-0.068796;-0.313689;-11.801
-39.6852;-145.911;-0.243782;-0.0504122;-0.323215;-11.9353
-30.8597;-145.911;-0.854927;-0.0242452;-0.336348;-11.7655
-22.0342;-145.911;-1.39468;0.00664679;-0.34087;-11.6633
-13.2088;-145.911;-1.38932;0.0371768;-0.324582;-11.8483
-4.38334;-145.911;-0.794729;0.062444;-0.29146;-12.2894
4.44212;-145.911;-0.285505;0.0907447;-0.273678;-12.6878
13.2676;-145.911;-0.087395;0.105093;-0.280286;-12.7977
22.093;-145.911;0.0158422;0.115392;-0.287616;-12.754
30.9185;-145.911;0.0982888;0.124066;-0.288539;-12.6257
39.7439;-145.911;0.154099;0.131804;-0.285065;-12.4336
48.5694;-145.911;0.173692;0.140889;-0.279038;-12.1724
57.3948;-145.911;0.203699;0.147468;-0.27374;-11.8624
66.2203;-145.911;0.23575;0.153096;-0.261888;-11.502
75.0458;-145.911;0.245227;0.156134;-0.245962;-11.0706
83.8712;-145.911;0.217334;0.15486;-0.228765;-10.5605
92.6967;-145.911;0.169748;0.149322;-0.210453;-9.99558
101.522;-145.911;0.201812;0.140599;-0.187978;-9.45989
110.348;-145.911;0.327222;0.131189;-0.160443;-8.95578
119.173;-145.911;0.437788;0.115927;-0.131423;-8.38801
127.998;-145.911;0.495;0.0942446;-0.101234;-7.73491
136.824;-145.911;0.517462;0.0688796;-0.0728836;-7.01368
145.649;-145.911;0.45876;0.0479111;-0.0508557;-6.18446
154.475;-145.911;0.306745;0.0221165;-0.0299591;-5.26089
163.3;-145.911;0.153618;-0.0108662;-0.00918846;-4.29348
172.126;-145.911;0.179188;-0.0273765;0.0258016;-3.49769
180.951;-145.911;0.701274;-0.0589022;0.0531371;-3.01963
189.777;-145.911;1.50216;-0.102226;0.0736365;-2.71985
198.602;-145.911;1.90135;-0.134984;0.0996536;-2.01909
-172.067;-154.736;0.107577;-0.0232713;-0.00696192;-2.35753
-163.242;-154.736;0.0921211;-0.0410091;-0.028285;-3.16273
-154.416;-154.736;0.0501219;-0.0529095;-0.0493757;-3.91542
-145.591;-154.736;0.00681184;-0.0696829;-0.0748712;-4.65118
-136.765;-154.736;0.000105508;-0.081274;-0.100985;-5.41483
-127.94;-154.736;0.0375059;-0.0778748;-0.120516;-6.14888
-119.114;-154.736;0.0555528;-0.0696827;-0.137963;-6.8291
-110.289;-154.736;0.0243773;-0.0684058;-0.155972;-7.45576
-101.463;-154.736;-0.0737166;-0.0688384;-0.180518;-8.02085
-92.6379;-154.736;-0.0981052;-0.0726155;-0.208203;-8.58238
-83.8124;-154.736;0.00812484;-0.0741207;-0.230751;-9.18318
-74.987;-154.736;0.0968296;-0.0704167;-0.248161;-9.73072
-66.1615;-154.736;0.0302963;-0.066028;-0.27124;-10.1573
-57.3361;-154.736;-0.120442;-0.0665853;-0.299226;-10.5394
-48.5106;-154.736;-0.119171;-0.071747;-0.312992;-10.8992
-39.6852;-154.736;-0.359953;-0.054974;-0.324456;-11.0118
-30.8597;-154.736;-0.962424;-0.0297303;-0.342399;-10.8226
-22.0342;-154.736;-1.5519;-0.0035891;-0.352643;-10.6769
-13.2088;-154.736;-1.69009;0.0171184;-0.344828;-10.7617
-4.38334;-154.736;-1.19997;0.0346403;-0.32393;-11.0978
4.44212;-154.736;-0.431069;0.0688459;-0.311076;-11.6075
13.2676;-154.736;-0.166366;0.0861377;-0.304354;-11.79
22.093;-154.736;-0.0484312;0.0948593;-0.297192;-11.7774
30.9185;-154.736;0.0507397;0.101473;-0.28832;-11.6663
39.7439;-154.736;0.133965;0.10924;-0.278441;-11.4863
48.5694;-154.736;0.171547;0.118072;-0.266938;-11.2154
57.3948;-154.736;0.202988;0.123878;-0.258513;-10.9033
66.2203;-154.736;0.234152;0.128761;-0.244026;-10.5523
75.0458;-154.736;0.254001;0.131859;-0.225673;-10.1498
83.8712;-154.736;0.251398;0.131197;-0.205984;-9.68388
92.6967;-154.736;0.231654;0.125301;-0.185244;-9.16121
101.522;-154.736;0.278585;0.116147;-0.161459;-8.64845
110.348;-154.736;0.36806;0.105842;-0.136612;-8.12977
119.173;-154.736;0.400611;0.092314;-0.113297;-7.51876
127.998;-154.736;0.367562;0.0734071;-0.0893106;-6.80666
136.824;-154.736;0.317721;0.0505214;-0.0651189;-6.03635
145.649;-154.736;0.262879;0.0299634;-0.0442014;-5.23007
154.475;-154.736;0.299177;0.00375124;-0.0226689;-4.48491
163.3;-154.736;0.485259;-0.0210578;0.00183404;-3.85344
172.126;-154.736;0.865376;-0.0381499;0.0322869;-3.36802
180.951;-154.736;1.47307;-0.0690733;0.0586082;-2.97165
189.777;-154.736;1.94556;-0.118543;0.0911278;-2.32144
-163.242;-163.562;0.0790152;-0.0304173;-0.00889187;-2.45744
-154.416;-163.562;0.0396887;-0.0399215;-0.0294234;-3.19224
-145.591;-163.562;0.0390774;-0.0504448;-0.0495041;-3.93465
-136.765;-163.562;0.0553486;-0.0657041;-0.0772189;-4.68791
-127.94;-163.562;0.0618817;-0.0710784;-0.100998;-5.40088
-119.114;-163.562;0.0588393;-0.0683082;-0.11702;-6.0533
-110.289;-163.562;0.0224944;-0.0711498;-0.133256;-6.66835
-101.463;-163.562;-0.0786302;-0.0697011;-0.158001;-7.22332
-92.6379;-163.562;-0.137846;-0.069762;-0.188338;-7.76442
-83.8124;-163.562;-0.0604198;-0.0685991;-0.211756;-8.33185
-74.987;-163.562;0.0199828;-0.0660023;-0.230313;-8.85541
-66.1615;-163.562;-0.0360208;-0.0654559;-0.254827;-9.2734
-57.3361;-163.562;-0.171488;-0.06786;-0.284796;-9.64666
-48.5106;-163.562;-0.100055;-0.0704015;-0.298558;-10.0388
-39.6852;-163.562;-0.150417;-0.0540696;-0.30786;-10.2888
-30.8597;-163.562;-0.515467;-0.0297266;-0.329598;-10.2807
-22.0342;-163.562;-0.914339;-0.0100841;-0.34584;-10.1974
-13.2088;-163.562;-1.04325;0.00255234;-0.344261;-10.2084
-4.38334;-163.562;-0.776274;0.0194929;-0.331023;-10.4139
4.44212;-163.562;-0.223521;0.0467448;-0.32548;-10.7613
13.2676;-163.562;-0.025849;0.0649947;-0.31304;-10.9102
22.093;-163.562;0.0597839;0.0730279;-0.295111;-10.8876
30.9185;-163.562;0.127753;0.077615;-0.276549;-10.755
39.7439;-163.562;0.190742;0.0854806;-0.25916;-10.5558
48.5694;-163.562;0.22681;0.0949973;-0.239766;-10.2778
57.3948;-163.562;0.256232;0.0999576;-0.226094;-9.95465
66.2203;-163.562;0.278704;0.102788;-0.210636;-9.60107
75.0458;-163.562;0.284006;0.104837;-0.193592;-9.21208
83.8712;-163.562;0.275785;0.104427;-0.174229;-8.77496
92.6967;-163.562;0.273613;0.0995918;-0.151702;-8.2872
101.522;-163.562;0.31994;0.0928112;-0.128106;-7.78521
110.348;-163.562;0.37263;0.0820681;-0.106156;-7.25173
119.173;-163.562;0.361049;0.0693613;-0.0869881;-6.62899
127.998;-163.562;0.304855;0.0546217;-0.0682764;-5.93158
136.824;-163.562;0.268893;0.0383934;-0.047847;-5.21175
145.649;-163.562;0.298098;0.0220153;-0.0263158;-4.51189
154.475;-163.562;0.516715;0.00389855;-0.00149708;-3.93161
163.3;-163.562;0.916972;-0.0166701;0.0218426;-3.51369
172.126;-163.562;1.33577;-0.0399504;0.0443551;-3.07418
180.951;-163.562;1.76178;-0.0796726;0.0653708;-2.52719
189.777;-163.562;1.95386;-0.121829;0.0955761;-1.67094
-154.416;-172.387;0.0388049;-0.0311641;-0.0106858;-2.46068
-145.591;-172.387;0.0260543;-0.0470544;-0.0340831;-3.18228
-136.765;-172.387;0.0415776;-0.0603899;-0.0590759;-3.91619
-127.94;-172.387;0.0330074;-0.066352;-0.0814682;-4.59137
-119.114;-172.387;0.0175696;-0.0660901;-0.0975041;-5.21472
-110.289;-172.387;-0.00561309;-0.0662526;-0.115319;-5.83531
-101.463;-172.387;-0.0843776;-0.0613207;-0.142017;-6.40415
-92.6379;-172.387;-0.143441;-0.0605698;-0.169412;-6.93004
-83.8124;-172.387;-0.105427;-0.0629661;-0.19055;-7.44344
-74.987;-172.387;-0.0493649;-0.0645049;-0.209639;-7.94176
-66.1615;-172.387;-0.0909403;-0.0655261;-0.23177;-8.35289
-57.3361;-172.387;-0.219694;-0.06615;-0.258673;-8.70784
-48.5106;-172.387;-0.171459;-0.062131;-0.272681;-9.09131
-39.6852;-172.387;-0.0325098;-0.0495917;-0.280939;-9.45503
-30.8597;-172.387;-0.102992;-0.0328122;-0.300674;-9.62879
-22.0342;-172.387;-0.230359;-0.0177878;-0.317414;-9.69551
-13.2088;-172.387;-0.213068;-0.00259827;-0.317926;-9.7874
-4.38334;-172.387;-0.0162933;0.0224971;-0.305045;-9.99798
4.44212;-172.387;0.151005;0.0405436;-0.2981;-10.1211
13.2676;-172.387;0.216118;0.0500814;-0.288325;-10.1208
22.093;-172.387;0.217099;0.0543981;-0.269331;-10.0118
30.9185;-172.387;0.209244;0.057687;-0.245785;-9.8147
39.7439;-172.387;0.228127;0.0655722;-0.223657;-9.58219
48.5694;-172.387;0.27108;0.0737015;-0.200039;-9.31439
57.3948;-172.387;0.289386;0.0784043;-0.183136;-8.99619
66.2203;-172.387;0.29263;0.0794167;-0.169558;-8.64707
75.0458;-172.387;0.290331;0.0801679;-0.15573;-8.26459
83.8712;-172.387;0.285531;0.0810595;-0.138515;-7.84636
92.6967;-172.387;0.287534;0.0785973;-0.117653;-7.38289
101.522;-172.387;0.323684;0.0723494;-0.0941444;-6.89057
110.348;-172.387;0.381566;0.0589825;-0.0711934;-6.37202
119.173;-172.387;0.392195;0.0467745;-0.052813;-5.79106
127.998;-172.387;0.374335;0.0373483;-0.0388567;-5.16595
136.824;-172.387;0.389772;0.0276115;-0.0240851;-4.53572
145.649;-172.387;0.505516;0.0129771;-0.0061263;-3.94661
154.475;-172.387;0.793738;-0.00382143;0.014958;-3.46018
163.3;-172.387;1.10018;-0.0224886;0.0372622;-2.97232
172.126;-172.387;1.40239;-0.0536163;0.0503145;-2.42738
-145.591;-181.213;-0.00809266;-0.0439885;-0.0202608;-2.40341
-136.765;-181.213;-0.0514037;-0.0572305;-0.0410695;-3.07498
-127.94;-181.213;-0.0842678;-0.065374;-0.0626684;-3.72544
-119.114;-181.213;-0.122212;-0.0666069;-0.0794509;-4.31905
-110.289;-181.213;-0.135257;-0.0647609;-0.0985567;-4.9339
-101.463;-181.213;-0.197982;-0.0541577;-0.12234;-5.49066
-92.6379;-181.213;-0.265882;-0.0529306;-0.146041;-5.98921
-83.8124;-181.213;-0.245224;-0.0568421;-0.16382;-6.46973
-74.987;-181.213;-0.163419;-0.0606166;-0.181972;-6.97366
-66.1615;-181.213;-0.145048;-0.0627149;-0.199988;-7.40028
-57.3361;-181.213;-0.242558;-0.0619764;-0.220605;-7.73809
-48.5106;-181.213;-0.233608;-0.0542513;-0.233368;-8.08291
-39.6852;-181.213;-0.0604836;-0.0442433;-0.241643;-8.46485
-30.8597;-181.213;0.0214196;-0.0339991;-0.255083;-8.72558
-22.0342;-181.213;0.0527812;-0.0227123;-0.266176;-8.89411
-13.2088;-181.213;0.165789;-0.00711752;-0.265706;-9.05401
-4.38334;-181.213;0.36934;0.0153204;-0.25672;-9.24059
4.44212;-181.213;0.385145;0.0302864;-0.254901;-9.28048
13.2676;-181.213;0.370838;0.0353336;-0.24541;-9.21818
22.093;-181.213;0.30413;0.0393735;-0.226113;-9.04776
30.9185;-181.213;0.226294;0.0434344;-0.203097;-8.79058
39.7439;-181.213;0.197626;0.0518923;-0.181286;-8.52825
48.5694;-181.213;0.240356;0.0596087;-0.159579;-8.26879
57.3948;-181.213;0.254808;0.0642;-0.14247;-7.96975
66.2203;-181.213;0.256062;0.062772;-0.129066;-7.63769
75.0458;-181.213;0.266766;0.0610539;-0.114907;-7.26853
83.8712;-181.213;0.278821;0.0624924;-0.0990785;-6.87503
92.6967;-181.213;0.283494;0.0625801;-0.0840711;-6.44033
101.522;-181.213;0.291821;0.058667;-0.0682279;-5.96209
110.348;-181.213;0.330293;0.0467265;-0.0503818;-5.46044
119.173;-181.213;0.366243;0.0344454;-0.033461;-4.92682
127.998;-181.213;0.402605;0.0249423;-0.020558;-4.3704
136.824;-181.213;0.472044;0.0147292;-0.00787534;-3.80731
145.649;-181.213;0.632686;-0.00035062;0.00527294;-3.28201
154.475;-181.213;0.838849;-0.0184692;0.0195582;-2.74927
163.3;-181.213;1.02199;-0.0404592;0.0375393;-2.17489
-136.765;-190.038;-0.103805;-0.0486966;-0.0180648;-2.21726
-127.94;-190.038;-0.133638;-0.0570799;-0.033;-2.83531
-119.114;-190.038;-0.178201;-0.0612883;-0.0486491;-3.42195
-110.289;-190.038;-0.214024;-0.0602112;-0.0687139;-4.01309
-101.463;-190.038;-0.312312;-0.0482403;-0.0905743;-4.52478
-92.6379;-190.038;-0.439364;-0.0484523;-0.114215;-4.9694
-83.8124;-190.038;-0.429465;-0.0520037;-0.130365;-5.43542
-74.987;-190.038;-0.299572;-0.0544001;-0.144703;-5.95122
-66.1615;-190.038;-0.195734;-0.0557294;-0.159496;-6.41733
-57.3361;-190.038;-0.215419;-0.0555235;-0.176333;-6.77627
-48.5106;-190.038;-0.205376;-0.0488522;-0.186722;-7.09127
-39.6852;-190.038;-0.113741;-0.0401586;-0.193426;-7.40789
-30.8597;-190.038;-0.0345143;-0.0317373;-0.201877;-7.66887
-22.0342;-190.038;0.0503374;-0.0209201;-0.209467;-7.87774
-13.2088;-190.038;0.176067;-0.00393701;-0.213295;-8.06174
-4.38334;-190.038;0.309871;0.014374;-0.211443;-8.18471
4.44212;-190.038;0.307591;0.0212717;-0.206784;-8.17264
13.2676;-190.038;0.229242;0.0219883;-0.197765;-8.05949
22.093;-190.038;0.152682;0.0246408;-0.18103;-7.87244
30.9185;-190.038;0.0879796;0.0304834;-0.163764;-7.6443
39.7439;-190.038;0.0704734;0.0385897;-0.145976;-7.40808
48.5694;-190.038;0.11659;0.0458377;-0.127046;-7.17021
57.3948;-190.038;0.141382;0.0494719;-0.11043;-6.89577
66.2203;-190.038;0.164629;0.0473701;-0.0943257;-6.58444
75.0458;-190.038;0.204904;0.0446624;-0.0763095;-6.23649
83.8712;-190.038;0.240165;0.0455749;-0.0601759;-5.86996
92.6967;-190.038;0.253287;0.0467559;-0.0518186;-5.46698
101.522;-190.038;0.253803;0.0451961;-0.0451181;-5.01383
110.348;-190.038;0.275318;0.0379158;-0.0370731;-4.53579
119.173;-190.038;0.309181;0.0282292;-0.0272097;-4.03442
127.998;-190.038;0.359393;0.0176563;-0.0166826;-3.5117
136.824;-190.038;0.437583;0.00684974;-0.00567647;-2.96946
145.649;-190.038;0.568834;-0.00999805;0.00926409;-2.43115
154.475;-190.038;0.689671;-0.0300472;0.0265583;-1.84722
-119.114;-198.864;-0.191407;-0.050108;-0.017067;-2.53559
-110.289;-198.864;-0.206851;-0.0487812;-0.0331488;-3.08143
-101.463;-198.864;-0.336376;-0.0408782;-0.0575861;-3.583
-92.6379;-198.864;-0.530313;-0.0443442;-0.085317;-4.00748
-83.8124;-198.864;-0.529665;-0.0470857;-0.0993959;-4.48273
-74.987;-198.864;-0.387191;-0.0461435;-0.107323;-4.98418
-66.1615;-198.864;-0.234938;-0.0456806;-0.11731;-5.44688
-57.3361;-198.864;-0.167748;-0.0475644;-0.131765;-5.82096
-48.5106;-198.864;-0.157837;-0.0431818;-0.142857;-6.12096
-39.6852;-198.864;-0.123925;-0.0367625;-0.151753;-6.38542
-30.8597;-198.864;-0.0933697;-0.032648;-0.163198;-6.62116
-22.0342;-198.864;-0.0311365;-0.0250997;-0.173496;-6.81834
-13.2088;-198.864;0.0687303;-0.0101173;-0.179685;-6.9762
-4.38334;-198.864;0.155685;0.00444491;-0.176363;-7.0419
4.44212;-198.864;0.141318;0.008577;-0.168721;-6.99925
13.2676;-198.864;0.0949395;0.00710908;-0.157433;-6.88468
22.093;-198.864;0.0464379;0.010614;-0.144453;-6.72616
30.9185;-198.864;-0.0056406;0.0169844;-0.132904;-6.53315
39.7439;-198.864;-0.0278897;0.0221178;-0.118652;-6.31419
48.5694;-198.864;0.0024192;0.025871;-0.101109;-6.085
57.3948;-198.864;0.0397654;0.0284912;-0.0826686;-5.82691
66.2203;-198.864;0.0877512;0.028179;-0.0622226;-5.53743
75.0458;-198.864;0.148636;0.0264269;-0.0402785;-5.21433
83.8712;-198.864;0.197641;0.0263309;-0.0238373;-4.87021
92.6967;-198.864;0.223242;0.0270214;-0.0202841;-4.49356
101.522;-198.864;0.2423;0.0278317;-0.0204786;-4.07575
110.348;-198.864;0.271712;0.0249175;-0.0184244;-3.62661
119.173;-198.864;0.296587;0.018384;-0.0136852;-3.13223
127.998;-198.864;0.320497;0.00802928;-0.00891456;-2.61138
136.824;-198.864;0.36691;-0.00427101;-0.000737813;-2.07771
145.649;-198.864;0.459212;-0.0214283;0.0180801;-1.52428
-119.114;-207.689;-0.270276;-0.0385049;0.00616462;-1.63643
-110.289;-207.689;-0.239609;-0.0359748;-0.0100824;-2.16795
-101.463;-207.689;-0.329051;-0.0330985;-0.0355852;-2.66073
-92.6379;-207.689;-0.481461;-0.0400669;-0.0618916;-3.1067
-83.8124;-207.689;-0.458641;-0.0434082;-0.0699433;-3.57032
-74.987;-207.689;-0.369574;-0.0414529;-0.0740975;-4.03457
-66.1615;-207.689;-0.272917;-0.0399254;-0.084936;-4.45072
-57.3361;-207.689;-0.212231;-0.0408213;-0.098086;-4.79857
-48.5106;-207.689;-0.190162;-0.0404288;-0.111678;-5.08913
-39.6852;-207.689;-0.18102;-0.0361205;-0.123395;-5.32901
-30.8597;-207.689;-0.15931;-0.0333324;-0.13565;-5.53845
-22.0342;-207.689;-0.115259;-0.0290544;-0.147769;-5.71345
-13.2088;-207.689;-0.0509133;-0.0192308;-0.157437;-5.84609
-4.38334;-207.689;0.00354622;-0.00887153;-0.15783;-5.89907
4.44212;-207.689;0.00477394;-0.00651391;-0.150441;-5.86105
13.2676;-207.689;-0.00385704;-0.0084733;-0.137781;-5.7698
22.093;-207.689;-0.0242656;-0.00285617;-0.122956;-5.63696
30.9185;-207.689;-0.0591217;0.00292098;-0.107345;-5.46171
39.7439;-207.689;-0.0774599;0.00513021;-0.089243;-5.26115
48.5694;-207.689;-0.0515214;0.0049058;-0.0692389;-5.04942
57.3948;-207.689;0.00848603;0.00552439;-0.0479251;-4.8139
66.2203;-207.689;0.0832326;0.00663513;-0.0249221;-4.54767
75.0458;-207.689;0.150646;0.0056954;-0.00230475;-4.2458
83.8712;-207.689;0.20666;0.00539114;0.0120045;-3.92587
92.6967;-207.689;0.258251;0.00679299;0.0140101;-3.57713
101.522;-207.689;0.298289;0.00877645;0.0108037;-3.19787
110.348;-207.689;0.331689;0.00803666;0.00725485;-2.75421
119.173;-207.689;0.342435;0.00138593;0.00720495;-2.26266
127.998;-207.689;0.342419;-0.00849915;0.00865102;-1.74213
136.824;-207.689;0.345072;-0.0188595;0.0146448;-1.20867
-83.8124;-216.515;-0.425025;-0.0403929;-0.043448;-2.64061
-74.987;-216.515;-0.342981;-0.0400228;-0.0478225;-3.05431
-66.1615;-216.515;-0.297231;-0.0383483;-0.0595236;-3.44072
-57.3361;-216.515;-0.273867;-0.0385852;-0.071744;-3.76015
-48.5106;-216.515;-0.270014;-0.0379674;-0.0850015;-4.03302
-39.6852;-216.515;-0.248733;-0.034827;-0.0973767;-4.25836
-30.8597;-216.515;-0.207467;-0.0315762;-0.109751;-4.44846
-22.0342;-216.515;-0.160369;-0.0285105;-0.122348;-4.60512
-13.2088;-216.515;-0.115424;-0.0235335;-0.133727;-4.71407
-4.38334;-216.515;-0.0866525;-0.0183305;-0.139257;-4.76382
4.44212;-216.515;-0.0859569;-0.0174955;-0.137342;-4.75261
13.2676;-216.515;-0.084967;-0.0200505;-0.126356;-4.69168
22.093;-216.515;-0.101814;-0.0149862;-0.104186;-4.55849
30.9185;-216.515;-0.121603;-0.0122027;-0.0777416;-4.38076
39.7439;-216.515;-0.108677;-0.0133932;-0.0518838;-4.20316
48.5694;-216.515;-0.0414697;-0.0154783;-0.0269756;-4.04038
57.3948;-216.515;0.0683996;-0.0142341;-0.0023786;-3.8657
66.2203;-216.515;0.166545;-0.0110206;0.0195264;-3.64387
75.0458;-216.515;0.239702;-0.0104063;0.0386758;-3.35786
83.8712;-216.515;0.320798;-0.010179;0.0521996;-3.07532
92.6967;-216.515;0.405518;-0.00904558;0.0508977;-2.75306
101.522;-216.515;0.466776;-0.0118271;0.0413548;-2.38109
110.348;-216.515;0.457416;-0.0137817;0.0295794;-1.92064
-83.8124;-225.34;-0.409622;-0.0360122;-0.012723;-1.66251
-74.987;-225.34;-0.322957;-0.0389967;-0.0215904;-2.06974
-66.1615;-225.34;-0.290027;-0.039601;-0.0352622;-2.43388
-57.3361;-225.34;-0.289719;-0.0388655;-0.0460258;-2.73139
-48.5106;-225.34;-0.302424;-0.0370278;-0.0545362;-2.98342
-39.6852;-225.34;-0.267676;-0.0345213;-0.0655987;-3.20405
-30.8597;-225.34;-0.210982;-0.031738;-0.0783047;-3.39603
-22.0342;-225.34;-0.170459;-0.0278293;-0.0926957;-3.54011
-13.2088;-225.34;-0.146156;-0.0237414;-0.103394;-3.63089
-4.38334;-225.34;-0.140338;-0.0209821;-0.108509;-3.67155
4.44212;-225.34;-0.157586;-0.0216333;-0.109845;-3.66303
13.2676;-225.34;-0.18259;-0.0259023;-0.102719;-3.60186
22.093;-225.34;-0.20455;-0.0250872;-0.0739703;-3.45853
30.9185;-225.34;-0.193569;-0.0249366;-0.0399188;-3.30386
39.7439;-225.34;-0.0969596;-0.0264215;-0.00953916;-3.18785
48.5694;-225.34;0.0284013;-0.025966;0.0185248;-3.08918
57.3948;-225.34;0.197788;-0.023667;0.0442913;-2.97135
66.2203;-225.34;0.277118;-0.0185752;0.0604289;-2.80322
75.0458;-225.34;0.335775;-0.0169701;0.0721703;-2.52399
83.8712;-225.34;0.402585;-0.0192098;0.0708078;-2.19482
92.6967;-225.34;0.42696;-0.0187287;0.0658863;-1.83668
-39.6852;-234.166;-0.239044;-0.0337999;-0.0297521;-2.18284
-30.8597;-234.166;-0.18196;-0.0334721;-0.0450983;-2.37867
-22.0342;-234.166;-0.162428;-0.0297042;-0.0611776;-2.51304
-13.2088;-234.166;-0.163149;-0.0256104;-0.069712;-2.58107
-4.38334;-234.166;-0.180063;-0.0226757;-0.0720562;-2.602
4.44212;-234.166;-0.217999;-0.0235533;-0.0698602;-2.5722
13.2676;-234.166;-0.287226;-0.0287685;-0.0628069;-2.48566
22.093;-234.166;-0.260081;-0.0322465;-0.0347501;-2.39095
30.9185;-234.166;-0.127673;-0.0333622;-0.0036103;-2.35822
39.7439;-234.166;0.112247;-0.0337151;0.0238237;-2.33672
48.5694;-234.166;0.272323;-0.0324218;0.0446966;-2.24007
57.3948;-234.166;0.257318;-0.0276094;0.0579248;-2.01949
66.2203;-234.166;0.114577;-0.0224704;0.0548048;-1.73574
75.0458;-234.166;-0.0343728;-0.0233769;0.0479318;-1.37488
-4.38334;-242.991;-0.169057;-0.0226717;-0.0329793;-1.5964
4.44212;-242.991;-0.202343;-0.022172;-0.0312941;-1.57788
13.2676;-242.991;-0.250817;-0.0273041;-0.0241855;-1.52231
22.093;-242.991;-0.0625753;-0.0330596;-0.00259129;-1.55735
30.9185;-242.991;0.271728;-0.0353422;0.0243996;-1.64461
