x[mm];y[mm];z[mm];x-displacement[mm];y-displacement[mm];z-displacement[mm]
-4.38334;224.758;0.115697;-0.0332332;0.0728968;-2.11203
4.44212;224.758;0.0164864;-0.0257655;0.0753128;-2.11835
13.2676;224.758;-0.0263853;-0.0160879;0.0727129;-2.08576
22.093;224.758;-0.0573264;-0.0138687;0.0621221;-1.99936
-39.6852;215.933;-0.0236217;-0.0362545;0.0969571;-2.41452
-30.8597;215.933;-0.110706;-0.034566;0.104083;-2.56001
-22.0342;215.933;-0.217603;-0.0323525;0.0980791;-2.62885
-13.2088;215.933;-0.282745;-0.0230427;0.0931965;-2.74472
-4.38334;215.933;-0.258786;-0.0225807;0.0982954;-2.87428
4.44212;215.933;-0.243161;-0.0175931;0.106231;-2.95938
13.2676;215.933;-0.236875;-0.0105377;0.108077;-2.95702
22.093;215.933;-0.216982;-0.00926705;0.102198;-2.9053
30.9185;215.933;-0.190114;-0.00913166;0.097873;-2.83966
39.7439;215.933;-0.184509;-0.00775926;0.0900549;-2.72959
48.5694;215.933;-0.226374;-0.00616784;0.0789375;-2.56413
57.3948;215.933;-0.282106;-0.00563021;0.0663484;-2.34081
66.2203;215.933;-0.344594;-0.0083538;0.0618865;-2.08893
75.0458;215.933;-0.390934;-0.0120459;0.058192;-1.81534
-74.987;207.107;0.310109;-0.0607598;0.0819146;-2.32973
-66.1615;207.107;0.220077;-0.0524954;0.0931409;-2.64306
-57.3361;207.107;0.0527837;-0.0460175;0.103953;-2.88979
-48.5106;207.107;-0.00835472;-0.0454512;0.115533;-3.16408
-39.6852;207.107;-0.0847791;-0.0425071;0.124623;-3.36931
-30.8597;207.107;-0.343077;-0.0376945;0.13718;-3.41913
-22.0342;207.107;-0.616261;-0.0319943;0.135146;-3.37348
-13.2088;207.107;-0.691359;-0.0217672;0.125846;-3.44775
-4.38334;207.107;-0.578334;-0.016608;0.121451;-3.60818
4.44212;207.107;-0.485139;-0.0112211;0.130681;-3.75621
13.2676;207.107;-0.40193;-0.00578729;0.136971;-3.82857
22.093;207.107;-0.315914;-0.00501581;0.134231;-3.83632
30.9185;207.107;-0.244018;-0.00314978;0.12754;-3.80164
39.7439;207.107;-0.213265;0.00176267;0.115837;-3.70473
48.5694;207.107;-0.231486;0.00583749;0.100883;-3.54153
57.3948;207.107;-0.284992;0.00756681;0.0885155;-3.30709
66.2203;207.107;-0.341313;0.00689448;0.0855499;-3.04923
75.0458;207.107;-0.380589;0.00385238;0.0839655;-2.76612
83.8712;207.107;-0.390712;-0.000881022;0.0765832;-2.45355
92.6967;207.107;-0.374898;-0.00364703;0.0602328;-2.09408
-110.289;198.282;0.583516;-0.041457;0.0390019;-1.52846
-101.463;198.282;0.489507;-0.0540521;0.0607391;-2.01072
-92.6379;198.282;0.390211;-0.0687269;0.0814053;-2.48424
-83.8124;198.282;0.339983;-0.0749181;0.0951082;-2.92351
-74.987;198.282;0.263229;-0.0687784;0.105296;-3.32657
-66.1615;198.282;0.117529;-0.0556613;0.112742;-3.63064
-57.3361;198.282;-0.0883866;-0.0460762;0.125287;-3.86417
-48.5106;198.282;-0.117861;-0.0459996;0.133505;-4.11747
-39.6852;198.282;-0.151734;-0.0430329;0.14007;-4.33437
-30.8597;198.282;-0.371237;-0.0376814;0.155125;-4.40598
-22.0342;198.282;-0.571981;-0.033012;0.155427;-4.39577
-13.2088;198.282;-0.599976;-0.0240532;0.143866;-4.47203
-4.38334;198.282;-0.463282;-0.0174645;0.133131;-4.62037
4.44212;198.282;-0.364679;-0.0121202;0.14029;-4.76537
13.2676;198.282;-0.290782;-0.00588108;0.149202;-4.84719
22.093;198.282;-0.237665;-0.00145053;0.149519;-4.85459
30.9185;198.282;-0.20546;0.0032911;0.142774;-4.79928
39.7439;198.282;-0.194017;0.0090953;0.130695;-4.68656
48.5694;198.282;-0.199538;0.0139306;0.117061;-4.52134
57.3948;198.282;-0.240019;0.0171212;0.106489;-4.29075
66.2203;198.282;-0.284398;0.0199657;0.105115;-4.03627
75.0458;198.282;-0.313877;0.0193831;0.102114;-3.74636
83.8712;198.282;-0.315215;0.015599;0.0941142;-3.41479
92.6967;198.282;-0.30735;0.0107784;0.0804067;-3.04454
101.522;198.282;-0.292857;0.00515979;0.0678883;-2.6482
110.348;198.282;-0.266497;-0.00305796;0.0525168;-2.22687
-101.463;189.456;0.583998;-0.0764899;0.0763614;-2.97623
-92.6379;189.456;0.499634;-0.0874204;0.0921787;-3.4629
-83.8124;189.456;0.376132;-0.090039;0.111531;-3.89329
-74.987;189.456;0.209713;-0.0795349;0.125677;-4.25906
-66.1615;189.456;0.0105991;-0.0606116;0.135585;-4.56955
-57.3361;189.456;-0.165576;-0.047324;0.138288;-4.77924
-48.5106;189.456;-0.22232;-0.0449845;0.143033;-5.01266
-39.6852;189.456;-0.204346;-0.0417054;0.146354;-5.28483
-30.8597;189.456;-0.258025;-0.0360353;0.160264;-5.49201
-22.0342;189.456;-0.310302;-0.0284954;0.162285;-5.61439
-13.2088;189.456;-0.287012;-0.0184517;0.152331;-5.7283
-4.38334;189.456;-0.184105;-0.0110894;0.141966;-5.84862
4.44212;189.456;-0.130452;-0.00702842;0.148016;-5.94186
13.2676;189.456;-0.107682;-0.00173663;0.156188;-5.96282
22.093;189.456;-0.107904;0.00414966;0.157881;-5.91973
30.9185;189.456;-0.11755;0.00985531;0.152171;-5.82701
39.7439;189.456;-0.125036;0.0146859;0.141491;-5.69204
48.5694;189.456;-0.12687;0.0187758;0.130255;-5.51292
57.3948;189.456;-0.15668;0.0234079;0.122268;-5.28083
66.2203;189.456;-0.192424;0.0284985;0.119716;-5.02366
75.0458;189.456;-0.217161;0.0303503;0.115166;-4.72702
83.8712;189.456;-0.224744;0.0281392;0.106156;-4.38524
92.6967;189.456;-0.224059;0.0233138;0.0938603;-4.00014
101.522;189.456;-0.222112;0.0172163;0.0823108;-3.58498
110.348;189.456;-0.204009;0.0104486;0.0682511;-3.13279
119.173;189.456;-0.165647;0.00118817;0.0509861;-2.66672
127.998;189.456;-0.110056;-0.0101626;0.0332287;-2.17201
136.824;189.456;-0.089791;-0.0234986;0.013251;-1.6149
-127.94;180.631;0.74136;-0.0639946;0.0305217;-2.19864
-119.114;180.631;0.686113;-0.0765101;0.0503246;-2.75613
-110.289;180.631;0.664279;-0.0904125;0.0719793;-3.32122
-101.463;180.631;0.664402;-0.103036;0.0848824;-3.84894
-92.6379;180.631;0.523733;-0.110973;0.108731;-4.31731
-83.8124;180.631;0.277093;-0.11067;0.13838;-4.68606
-74.987;180.631;0.0972331;-0.096236;0.155638;-5.08139
-66.1615;180.631;0.0192403;-0.0709067;0.151587;-5.49949
-57.3361;180.631;-0.0384827;-0.0514566;0.13904;-5.77894
-48.5106;180.631;-0.169323;-0.0451125;0.144874;-6.00709
-39.6852;180.631;-0.144168;-0.0442943;0.148135;-6.26702
-30.8597;180.631;-0.0963;-0.0406223;0.158994;-6.52496
-22.0342;180.631;-0.0527723;-0.0327908;0.162091;-6.71589
-13.2088;180.631;-0.0100783;-0.0224352;0.157301;-6.85504
-4.38334;180.631;0.0303358;-0.0143606;0.152989;-6.95359
4.44212;180.631;0.0252143;-0.0103124;0.159923;-7.00257
13.2676;180.631;0.00450403;-0.00268827;0.167426;-6.98997
22.093;180.631;-0.018546;0.00602008;0.169489;-6.92989
30.9185;180.631;-0.0338622;0.0134358;0.165082;-6.83209
39.7439;180.631;-0.0388275;0.0186684;0.15595;-6.69363
48.5694;180.631;-0.0408076;0.0227523;0.145629;-6.50075
57.3948;180.631;-0.0684124;0.0274025;0.138053;-6.25843
66.2203;180.631;-0.0989539;0.0323085;0.133293;-5.99257
75.0458;180.631;-0.11699;0.0353218;0.127576;-5.6905
83.8712;180.631;-0.123474;0.0356542;0.120013;-5.34113
92.6967;180.631;-0.135698;0.0337807;0.111124;-4.93971
101.522;180.631;-0.159817;0.0298143;0.101858;-4.49545
110.348;180.631;-0.164297;0.0216284;0.0871464;-4.01659
119.173;180.631;-0.142405;0.0115471;0.0695837;-3.51861
127.998;180.631;-0.0925073;0.00157425;0.050244;-3.00586
136.824;180.631;-0.0336097;-0.0090747;0.0319674;-2.4804
145.649;180.631;-0.0379364;-0.0203708;0.008109;-1.87452
154.475;180.631;-0.0880527;-0.0396371;-0.0199118;-1.17671
-136.765;171.805;0.823981;-0.0741429;0.0335708;-2.42293
-127.94;171.805;0.752558;-0.083196;0.0486782;-3.00491
-119.114;171.805;0.659385;-0.0960882;0.0693253;-3.58008
-110.289;171.805;0.605675;-0.111283;0.091917;-4.15577
-101.463;171.805;0.586648;-0.123721;0.10488;-4.68683
-92.6379;171.805;0.353907;-0.130553;0.135721;-5.11614
-83.8124;171.805;0.0423124;-0.129594;0.174456;-5.48643
-74.987;171.805;0.0235992;-0.113493;0.184688;-5.94944
-66.1615;171.805;0.190632;-0.0850573;0.160265;-6.46594
-57.3361;171.805;0.257199;-0.061786;0.137434;-6.82912
-48.5106;171.805;0.104918;-0.0533536;0.147692;-7.06829
-39.6852;171.805;0.0433318;-0.0490712;0.162055;-7.29806
-30.8597;171.805;0.0524267;-0.0438902;0.17598;-7.53252
-22.0342;171.805;0.0785416;-0.0361404;0.18093;-7.71472
-13.2088;171.805;0.0910024;-0.0264269;0.179868;-7.84044
-4.38334;171.805;0.078394;-0.0173669;0.179335;-7.9149
4.44212;171.805;0.0379231;-0.0110989;0.1836;-7.9386
13.2676;171.805;0.0116114;-0.00222959;0.188035;-7.92006
22.093;171.805;0.000758321;0.00777212;0.190285;-7.87238
30.9185;171.805;0.00878433;0.0168831;0.187749;-7.79333
39.7439;171.805;0.025114;0.0243119;0.180056;-7.66695
48.5694;171.805;0.0270535;0.0303219;0.16991;-7.47234
57.3948;171.805;0.00249064;0.0358768;0.162178;-7.22847
66.2203;171.805;-0.0158436;0.0406013;0.155315;-6.96018
75.0458;171.805;-0.019499;0.043828;0.146552;-6.65035
83.8712;171.805;-0.0225791;0.045323;0.137273;-6.28537
92.6967;171.805;-0.0516835;0.0454471;0.130378;-5.86234
101.522;171.805;-0.107861;0.0436672;0.122751;-5.3907
110.348;171.805;-0.127719;0.0362803;0.107327;-4.89172
119.173;171.805;-0.118421;0.0267726;0.0894711;-4.37382
127.998;171.805;-0.0956692;0.016334;0.0714615;-3.83299
136.824;171.805;-0.0720438;0.00715592;0.054106;-3.27361
145.649;171.805;-0.000470801;-0.00529473;0.0317966;-2.69614
154.475;171.805;-0.0605814;-0.0178316;0.0102411;-2.02577
163.3;171.805;-0.197614;-0.0421712;-0.0111391;-1.29061
-145.591;162.98;0.837597;-0.0814835;0.0388247;-2.54865
-136.765;162.98;0.816915;-0.0920935;0.0527351;-3.18554
-127.94;162.98;0.763065;-0.0993973;0.068658;-3.804
-119.114;162.98;0.671533;-0.109275;0.0875246;-4.37594
-110.289;162.98;0.60992;-0.120935;0.106357;-4.94945
-101.463;162.98;0.578392;-0.130998;0.116302;-5.47867
-92.6379;162.98;0.369591;-0.137334;0.14232;-5.9438
-83.8124;162.98;0.145807;-0.136089;0.173399;-6.36747
-74.987;162.98;0.285139;-0.118874;0.175388;-6.89281
-66.1615;162.98;0.504146;-0.0902526;0.14689;-7.41981
-57.3361;162.98;0.49011;-0.065553;0.131026;-7.80915
-48.5106;162.98;0.316794;-0.0563225;0.150093;-8.05108
-39.6852;162.98;0.244764;-0.0502777;0.172346;-8.27589
-30.8597;162.98;0.227106;-0.0445541;0.190575;-8.49217
-22.0342;162.98;0.207122;-0.0371705;0.200047;-8.65907
-13.2088;162.98;0.171305;-0.0276698;0.203439;-8.76926
-4.38334;162.98;0.1276;-0.0170716;0.205001;-8.82974
4.44212;162.98;0.0853959;-0.00754455;0.205929;-8.84869
13.2676;162.98;0.0692868;0.00244468;0.206947;-8.83748
22.093;162.98;0.0652888;0.0119305;0.21005;-8.8012
30.9185;162.98;0.0765865;0.0212382;0.210468;-8.73086
39.7439;162.98;0.0964684;0.0304639;0.205771;-8.61054
48.5694;162.98;0.107276;0.0385115;0.198192;-8.42266
57.3948;162.98;0.0852653;0.0449522;0.190217;-8.17887
66.2203;162.98;0.0618384;0.0508789;0.180645;-7.89622
75.0458;162.98;0.0532975;0.0556109;0.16875;-7.56758
83.8712;162.98;0.0460011;0.058081;0.156348;-7.18437
92.6967;162.98;0.0134802;0.0579249;0.146886;-6.74586
101.522;162.98;-0.0480878;0.0559835;0.139373;-6.26658
110.348;162.98;-0.0498414;0.0498149;0.123482;-5.7772
119.173;162.98;-0.0175978;0.041925;0.10434;-5.26525
127.998;162.98;0.0241493;0.0326364;0.0841911;-4.71933
136.824;162.98;0.0615579;0.0220094;0.0632401;-4.14025
145.649;162.98;0.0962492;0.00997047;0.0404656;-3.53595
154.475;162.98;0.0230146;-0.00143659;0.023303;-2.84961
163.3;162.98;-0.0723203;-0.018244;0.015727;-2.12839
-163.242;154.154;0.886553;-0.0602316;0.020235;-1.84898
-154.416;154.154;0.826943;-0.0778767;0.038703;-2.56137
-145.591;154.154;0.800904;-0.0936318;0.0553537;-3.26044
-136.765;154.154;0.802877;-0.104642;0.068645;-3.93501
-127.94;154.154;0.768334;-0.113098;0.0857532;-4.57391
-119.114;154.154;0.703513;-0.120413;0.102602;-5.16639
-110.289;154.154;0.667398;-0.127924;0.116043;-5.74503
-101.463;154.154;0.671508;-0.133392;0.119688;-6.29834
-92.6379;154.154;0.564537;-0.135246;0.131155;-6.8189
-83.8124;154.154;0.484761;-0.130313;0.145889;-7.30164
-74.987;154.154;0.566829;-0.112272;0.151347;-7.85412
-66.1615;154.154;0.636294;-0.0877011;0.139185;-8.32689
-57.3361;154.154;0.552936;-0.067363;0.135451;-8.67496
-48.5106;154.154;0.39265;-0.0593444;0.156001;-8.91467
-39.6852;154.154;0.352508;-0.0530865;0.179356;-9.16153
-30.8597;154.154;0.341842;-0.0463215;0.197969;-9.38425
-22.0342;154.154;0.324446;-0.0375012;0.208228;-9.55328
-13.2088;154.154;0.286319;-0.0276087;0.214552;-9.66655
-4.38334;154.154;0.23356;-0.017307;0.221194;-9.73554
4.44212;154.154;0.186996;-0.00680824;0.22488;-9.76609
13.2676;154.154;0.170387;0.00372526;0.226668;-9.76004
22.093;154.154;0.146456;0.014053;0.230413;-9.7151
30.9185;154.154;0.129622;0.0246199;0.231309;-9.62875
39.7439;154.154;0.126977;0.0357149;0.227553;-9.49703
48.5694;154.154;0.12816;0.0457408;0.222182;-9.30574
57.3948;154.154;0.0921526;0.0538229;0.21565;-9.04905
66.2203;154.154;0.0547012;0.0613398;0.20554;-8.74941
75.0458;154.154;0.049547;0.0669751;0.192181;-8.41678
83.8712;154.154;0.0617202;0.0698886;0.176782;-8.04205
92.6967;154.154;0.0582865;0.0693348;0.162861;-7.61171
101.522;154.154;0.0266926;0.0667753;0.15356;-7.13337
110.348;154.154;0.0431097;0.0609318;0.138635;-6.64134
119.173;154.154;0.0870945;0.0542263;0.119447;-6.12586
127.998;154.154;0.129544;0.0458745;0.0973389;-5.57025
136.824;154.154;0.143435;0.0349793;0.0740252;-4.96649
145.649;154.154;0.142593;0.0221248;0.05141;-4.33157
154.475;154.154;0.0801879;0.00888014;0.0351688;-3.64305
163.3;154.154;0.000977632;-0.0049438;0.0266945;-2.90293
172.126;154.154;-0.0531517;-0.0157349;0.0268998;-2.17955
180.951;154.154;-0.0311223;-0.0216054;0.0263459;-1.43299
-172.067;145.329;0.807606;-0.0563483;0.0163672;-1.75415
-163.242;145.329;0.847531;-0.0697684;0.0308766;-2.50123
-154.416;145.329;0.806696;-0.083903;0.0483856;-3.22959
-145.591;145.329;0.782828;-0.0988181;0.0636382;-3.94809
-136.765;145.329;0.780434;-0.115205;0.0809543;-4.65226
-127.94;145.329;0.754241;-0.125975;0.0980986;-5.31824
-119.114;145.329;0.712524;-0.132785;0.112446;-5.93196
-110.289;145.329;0.691507;-0.138543;0.122735;-6.52659
-101.463;145.329;0.704234;-0.139963;0.125235;-7.1035
-92.6379;145.329;0.680252;-0.133554;0.12605;-7.65263
-83.8124;145.329;0.669418;-0.124935;0.134246;-8.17307
-74.987;145.329;0.679457;-0.111433;0.141948;-8.67796
-66.1615;145.329;0.646387;-0.0941505;0.142152;-9.10746
-57.3361;145.329;0.543389;-0.0785343;0.144779;-9.44144
-48.5106;145.329;0.422617;-0.0704051;0.160944;-9.69578
-39.6852;145.329;0.396665;-0.0625757;0.18265;-9.97118
-30.8597;145.329;0.386366;-0.0535359;0.200124;-10.2076
-22.0342;145.329;0.368195;-0.041307;0.210307;-10.3862
-13.2088;145.329;0.326093;-0.0287256;0.219457;-10.5128
-4.38334;145.329;0.264675;-0.0173186;0.232849;-10.5978
4.44212;145.329;0.208638;-0.006732;0.242625;-10.6379
13.2676;145.329;0.185411;0.00432286;0.247719;-10.63
22.093;145.329;0.155235;0.0161214;0.250206;-10.5733
30.9185;145.329;0.128264;0.0281031;0.248378;-10.4716
39.7439;145.329;0.111464;0.040198;0.243243;-10.3273
48.5694;145.329;0.100066;0.0509182;0.238703;-10.1289
57.3948;145.329;0.0684286;0.0597871;0.234107;-9.86732
66.2203;145.329;0.0461578;0.0683977;0.224974;-9.56707
75.0458;145.329;0.06268;0.0749524;0.212172;-9.24777
83.8712;145.329;0.100952;0.0788835;0.196112;-8.8973
92.6967;145.329;0.131164;0.0789558;0.179247;-8.49029
101.522;145.329;0.137413;0.0767662;0.167193;-8.02028
110.348;145.329;0.153527;0.0717456;0.153356;-7.51148
119.173;145.329;0.174566;0.0668482;0.135243;-6.96681
127.998;145.329;0.187155;0.0603862;0.113166;-6.38133
136.824;145.329;0.179387;0.0494203;0.0893853;-5.75176
145.649;145.329;0.162699;0.0352021;0.0668514;-5.09371
154.475;145.329;0.118982;0.0202354;0.0478639;-4.39316
163.3;145.329;0.0580524;0.00442192;0.0353186;-3.65639
172.126;145.329;0.00154549;-0.00902444;0.0269704;-2.88942
180.951;145.329;0.00270379;-0.0184462;0.0252077;-2.14351
189.777;145.329;-0.0437607;-0.029174;0.0147079;-1.33799
-172.067;136.504;0.805649;-0.0611295;0.0249617;-2.36326
-163.242;136.504;0.813697;-0.0757744;0.037454;-3.14127
-154.416;136.504;0.794596;-0.0898424;0.0538918;-3.88494
-145.591;136.504;0.77576;-0.10681;0.0719297;-4.62035
-136.765;136.504;0.75271;-0.125661;0.0902492;-5.34069
-127.94;136.504;0.723323;-0.136246;0.104397;-6.01583
-119.114;136.504;0.691541;-0.142386;0.11513;-6.64393
-110.289;136.504;0.668655;-0.14834;0.124501;-7.25149
-101.463;136.504;0.664742;-0.149081;0.130339;-7.83571
-92.6379;136.504;0.665932;-0.137735;0.130197;-8.3766
-83.8124;136.504;0.651805;-0.128461;0.139385;-8.89097
-74.987;136.504;0.639557;-0.119915;0.148673;-9.38285
-66.1615;136.504;0.594988;-0.108462;0.154064;-9.81636
-57.3361;136.504;0.513426;-0.0949086;0.160005;-10.1775
-48.5106;136.504;0.432535;-0.0834394;0.173697;-10.4752
-39.6852;136.504;0.396839;-0.0734174;0.193149;-10.7586
-30.8597;136.504;0.368579;-0.0622933;0.209881;-10.9972
-22.0342;136.504;0.331408;-0.047005;0.22043;-11.1744
-13.2088;136.504;0.273207;-0.0315834;0.23053;-11.3005
-4.38334;136.504;0.201181;-0.0185878;0.245893;-11.3851
4.44212;136.504;0.140583;-0.00767283;0.259952;-11.4263
13.2676;136.504;0.122599;0.00481426;0.267586;-11.4287
22.093;136.504;0.114553;0.0195174;0.267332;-11.3847
30.9185;136.504;0.107246;0.0341865;0.260866;-11.2895
39.7439;136.504;0.0950112;0.0473995;0.252367;-11.1415
48.5694;136.504;0.0769003;0.0587963;0.246626;-10.9412
57.3948;136.504;0.0582407;0.0690636;0.242748;-10.6891
66.2203;136.504;0.0627894;0.079295;0.234718;-10.3966
75.0458;136.504;0.0885316;0.08728;0.223636;-10.0784
83.8712;136.504;0.120064;0.0923379;0.209527;-9.72294
92.6967;136.504;0.148358;0.0934719;0.192384;-9.31298
101.522;136.504;0.182392;0.0921035;0.177656;-8.84884
110.348;136.504;0.193415;0.0884054;0.163837;-8.32551
119.173;136.504;0.185475;0.0850658;0.14734;-7.74911
127.998;136.504;0.174166;0.0799822;0.127483;-7.13715
136.824;136.504;0.170106;0.0690082;0.104859;-6.49671
145.649;136.504;0.157588;0.0531097;0.081896;-5.82426
154.475;136.504;0.130062;0.0360739;0.0604017;-5.10934
163.3;136.504;0.0786284;0.0198579;0.0444123;-4.35724
172.126;136.504;0.020828;0.00359661;0.0317337;-3.58115
180.951;136.504;-0.00265896;-0.0140533;0.0213891;-2.80428
189.777;136.504;-0.0116348;-0.0279642;0.0148583;-1.98898
-180.892;127.678;0.828924;-0.0444388;0.0199966;-2.14539
-172.067;127.678;0.801448;-0.0591666;0.0285776;-2.93703
-163.242;127.678;0.772076;-0.0823988;0.0476006;-3.74824
-154.416;127.678;0.763932;-0.101548;0.0654256;-4.52116
-145.591;127.678;0.747952;-0.120724;0.0842952;-5.27808
-136.765;127.678;0.716373;-0.137353;0.101627;-6.00768
-127.94;127.678;0.686062;-0.143727;0.111309;-6.68626
-119.114;127.678;0.656039;-0.147094;0.118008;-7.32735
-110.289;127.678;0.630273;-0.15277;0.127311;-7.95425
-101.463;127.678;0.619002;-0.155332;0.13745;-8.55684
-92.6379;127.678;0.603199;-0.145739;0.144553;-9.10767
-83.8124;127.678;0.570625;-0.137026;0.154291;-9.61578
-74.987;127.678;0.547975;-0.130107;0.161833;-10.0981
-66.1615;127.678;0.515915;-0.120961;0.168533;-10.5363
-57.3361;127.678;0.464648;-0.108152;0.17862;-10.917
-48.5106;127.678;0.406221;-0.0942244;0.194428;-11.2378
-39.6852;127.678;0.364236;-0.0820683;0.21214;-11.5289
-30.8597;127.678;0.317258;-0.0687691;0.229091;-11.7768
-22.0342;127.678;0.264204;-0.0506055;0.24008;-11.9618
-13.2088;127.678;0.195112;-0.0321434;0.248944;-12.0908
-4.38334;127.678;0.121168;-0.0164732;0.262109;-12.1742
4.44212;127.678;0.071985;-0.00327904;0.275224;-12.2218
13.2676;127.678;0.0781889;0.00993813;0.281145;-12.2392
22.093;127.678;0.0984438;0.0263755;0.277523;-12.2088
30.9185;127.678;0.115528;0.0435345;0.266327;-12.1197
39.7439;127.678;0.113851;0.0579267;0.253971;-11.9648
48.5694;127.678;0.0891779;0.0702185;0.246832;-11.7563
57.3948;127.678;0.0547438;0.0821302;0.243301;-11.4963
66.2203;127.678;0.0508032;0.09423;0.236979;-11.1857
75.0458;127.678;0.0435258;0.103789;0.228199;-10.8281
83.8712;127.678;0.00996811;0.109616;0.216842;-10.4059
92.6967;127.678;-0.0258809;0.112091;0.201618;-9.93565
101.522;127.678;0.0105902;0.111331;0.185674;-9.46197
110.348;127.678;0.038922;0.108414;0.171422;-8.94763
119.173;127.678;0.0469589;0.105837;0.155728;-8.38271
127.998;127.678;0.0627845;0.10135;0.137284;-7.78974
136.824;127.678;0.096991;0.0910673;0.115186;-7.17076
145.649;127.678;0.101026;0.0745474;0.0917705;-6.493
154.475;127.678;0.0734808;0.0572136;0.0698226;-5.75934
163.3;127.678;0.0277104;0.0412443;0.0536278;-4.99602
172.126;127.678;-0.0133822;0.0244332;0.0395603;-4.21673
180.951;127.678;-0.0266013;0.00603579;0.0282941;-3.43504
189.777;127.678;-0.0626959;-0.00849364;0.0232904;-2.61857
198.602;127.678;-0.103846;-0.0252367;0.013677;-1.75022
207.428;127.678;0.108123;-0.0491218;-0.0126633;-0.86499
-189.718;118.853;0.792015;-0.0371827;0.0200011;-1.87303
-180.892;118.853;0.770748;-0.0463363;0.0260256;-2.67945
-172.067;118.853;0.756336;-0.0656744;0.0421131;-3.51466
-163.242;118.853;0.721902;-0.0916713;0.0625232;-4.33344
-154.416;118.853;0.712321;-0.11507;0.0807972;-5.13422
-145.591;118.853;0.704309;-0.133764;0.0975885;-5.90987
-136.765;118.853;0.676575;-0.147919;0.113959;-6.65343
-127.94;118.853;0.650239;-0.151547;0.121932;-7.34258
-119.114;118.853;0.623314;-0.152443;0.126568;-7.998
-110.289;118.853;0.605123;-0.156085;0.134578;-8.64279
-101.463;118.853;0.605995;-0.158752;0.145521;-9.26291
-92.6379;118.853;0.576178;-0.152882;0.155919;-9.82981
-83.8124;118.853;0.51075;-0.144584;0.164896;-10.3401
-74.987;118.853;0.460758;-0.136755;0.171568;-10.8184
-66.1615;118.853;0.421909;-0.128389;0.181784;-11.2614
-57.3361;118.853;0.382425;-0.117257;0.198167;-11.6579
-48.5106;118.853;0.341352;-0.103554;0.217083;-11.9989
-39.6852;118.853;0.314086;-0.0907397;0.233989;-12.3037
-30.8597;118.853;0.286054;-0.075526;0.247175;-12.5632
-22.0342;118.853;0.247791;-0.0557244;0.255078;-12.7627
-13.2088;118.853;0.190214;-0.0360899;0.260783;-12.905
-4.38334;118.853;0.133198;-0.0197976;0.2702;-13.0016
4.44212;118.853;0.106272;-0.0060484;0.281784;-13.0655
13.2676;118.853;0.1125;0.00867604;0.287209;-13.0865
22.093;118.853;0.108312;0.0280468;0.281531;-13.0395
30.9185;118.853;0.100004;0.0474285;0.266089;-12.9219
39.7439;118.853;0.0764251;0.0643089;0.25129;-12.7434
48.5694;118.853;0.0185353;0.0792544;0.244218;-12.5006
57.3948;118.853;-0.0874984;0.0963884;0.242762;-12.1829
66.2203;118.853;-0.167016;0.112966;0.239107;-11.8101
75.0458;118.853;-0.205024;0.123359;0.229592;-11.4082
83.8712;118.853;-0.302974;0.131997;0.217256;-10.9226
92.6967;118.853;-0.444649;0.133452;0.201922;-10.3416
101.522;118.853;-0.481439;0.132582;0.185681;-9.79349
110.348;118.853;-0.42047;0.129136;0.173201;-9.29524
119.173;118.853;-0.341089;0.126609;0.160047;-8.79159
127.998;118.853;-0.238193;0.121094;0.142989;-8.26618
136.824;118.853;-0.129135;0.112356;0.120848;-7.70164
145.649;118.853;-0.0921384;0.0968992;0.0971631;-7.02892
154.475;118.853;-0.097316;0.0806487;0.0751135;-6.29677
163.3;118.853;-0.110744;0.0649995;0.0587194;-5.54491
172.126;118.853;-0.113219;0.0493339;0.0456842;-4.78665
180.951;118.853;-0.0995761;0.0324129;0.0352886;-4.01791
189.777;118.853;-0.109909;0.0155235;0.0279744;-3.2018
198.602;118.853;-0.127878;-0.00144713;0.0232928;-2.33452
207.428;118.853;0.0562418;-0.0230924;0.00704964;-1.45905
-189.718;110.027;0.712601;-0.054731;0.0308551;-2.39181
-180.892;110.027;0.682247;-0.0640973;0.041739;-3.21784
-172.067;110.027;0.686482;-0.0801825;0.0582574;-4.06467
-163.242;110.027;0.66218;-0.103618;0.0762699;-4.90182
-154.416;110.027;0.653484;-0.126822;0.0918943;-5.7258
-145.591;110.027;0.656086;-0.145109;0.106179;-6.52384
-136.765;110.027;0.639825;-0.158183;0.122009;-7.28547
-127.94;110.027;0.608124;-0.163389;0.131572;-7.99079
-119.114;110.027;0.572519;-0.166153;0.138801;-8.66568
-110.289;110.027;0.55261;-0.169076;0.147154;-9.32727
-101.463;110.027;0.551412;-0.169463;0.1569;-9.95986
-92.6379;110.027;0.517923;-0.16349;0.165577;-10.5335
-83.8124;110.027;0.456506;-0.153754;0.171729;-11.0534
-74.987;110.027;0.405808;-0.145847;0.176685;-11.5445
-66.1615;110.027;0.362296;-0.139784;0.187569;-12.0057
-57.3361;110.027;0.329053;-0.131227;0.206887;-12.4196
-48.5106;110.027;0.308854;-0.117693;0.228547;-12.7773
-39.6852;110.027;0.291543;-0.102725;0.244962;-13.0922
-30.8597;110.027;0.268469;-0.0855277;0.25639;-13.362
-22.0342;110.027;0.236275;-0.0651975;0.262773;-13.5772
-13.2088;110.027;0.18914;-0.0456111;0.26641;-13.7361
-4.38334;110.027;0.145118;-0.028577;0.272465;-13.8459
4.44212;110.027;0.123493;-0.0126679;0.281504;-13.9146
13.2676;110.027;0.115469;0.004679;0.286798;-13.9287
22.093;110.027;0.0881116;0.0245798;0.283162;-13.8695
30.9185;110.027;0.0577773;0.0421055;0.268926;-13.7371
39.7439;110.027;0.0150848;0.0614232;0.254177;-13.5477
48.5694;110.027;-0.0517935;0.0852943;0.246241;-13.2996
57.3948;110.027;-0.141246;0.112003;0.244692;-12.9824
66.2203;110.027;-0.179126;0.131407;0.24332;-12.6344
75.0458;110.027;-0.173451;0.142769;0.232002;-12.2588
83.8712;110.027;-0.276364;0.153991;0.213141;-11.7586
92.6967;110.027;-0.472678;0.155609;0.196368;-11.1051
101.522;110.027;-0.607892;0.154375;0.180746;-10.4571
110.348;110.027;-0.598959;0.150621;0.167655;-9.8887
119.173;110.027;-0.528729;0.147067;0.154881;-9.35707
127.998;110.027;-0.410606;0.139071;0.140297;-8.82541
136.824;110.027;-0.277395;0.131134;0.122604;-8.27359
145.649;110.027;-0.192591;0.119579;0.105298;-7.62818
154.475;110.027;-0.160542;0.105419;0.0851777;-6.9117
163.3;110.027;-0.1381;0.0884816;0.0665738;-6.16468
172.126;110.027;-0.113297;0.0707798;0.0520487;-5.40283
180.951;110.027;-0.0866274;0.0531918;0.0417154;-4.62389
189.777;110.027;-0.0673527;0.0349493;0.0328504;-3.80543
198.602;110.027;-0.0735435;0.0137564;0.0277476;-2.94807
207.428;110.027;0.0397552;-0.010161;0.0119676;-2.03861
-198.543;101.202;0.825176;-0.047903;0.0213983;-2.07024
-189.718;101.202;0.727355;-0.0639141;0.034737;-2.91316
-180.892;101.202;0.67054;-0.0787158;0.0496112;-3.76747
-172.067;101.202;0.657773;-0.0953774;0.0642265;-4.61897
-163.242;101.202;0.635369;-0.116329;0.0792668;-5.46804
-154.416;101.202;0.624133;-0.138045;0.0932283;-6.30558
-145.591;101.202;0.61711;-0.157132;0.106181;-7.11841
-136.765;101.202;0.585559;-0.171386;0.121201;-7.89281
-127.94;101.202;0.530748;-0.179656;0.131803;-8.61182
-119.114;101.202;0.478394;-0.186334;0.142097;-9.30604
-110.289;101.202;0.457962;-0.190559;0.152526;-9.985
-101.463;101.202;0.470686;-0.188387;0.162017;-10.6333
-92.6379;101.202;0.465853;-0.180068;0.168713;-11.2246
-83.8124;101.202;0.443879;-0.168128;0.173103;-11.7674
-74.987;101.202;0.402938;-0.159682;0.176834;-12.2811
-66.1615;101.202;0.353035;-0.154244;0.186639;-12.7616
-57.3361;101.202;0.303067;-0.14643;0.20631;-13.1896
-48.5106;101.202;0.263452;-0.132638;0.230063;-13.5576
-39.6852;101.202;0.243559;-0.11499;0.247803;-13.8791
-30.8597;101.202;0.229701;-0.0958043;0.259719;-14.1593
-22.0342;101.202;0.211564;-0.0752615;0.267133;-14.3911
-13.2088;101.202;0.186334;-0.0550195;0.271073;-14.5657
-4.38334;101.202;0.162126;-0.0358688;0.275981;-14.6849
4.44212;101.202;0.146074;-0.0175403;0.282385;-14.7541
13.2676;101.202;0.132674;0.000198288;0.286804;-14.7681
22.093;101.202;0.0992203;0.018069;0.287233;-14.7128
30.9185;101.202;0.0559388;0.0335136;0.278852;-14.5842
39.7439;101.202;0.00434091;0.0588248;0.265394;-14.3956
48.5694;101.202;-0.0302398;0.0969285;0.253587;-14.1777
57.3948;101.202;-0.0107591;0.135165;0.247933;-13.9401
66.2203;101.202;0.0730591;0.156562;0.247621;-13.6913
75.0458;101.202;0.117496;0.168286;0.23353;-13.3442
83.8712;101.202;0.029797;0.178488;0.209922;-12.8324
92.6967;101.202;-0.160584;0.181102;0.191235;-12.1612
101.522;101.202;-0.342924;0.181385;0.175521;-11.4639
110.348;101.202;-0.378394;0.177688;0.161184;-10.8346
119.173;101.202;-0.34672;0.173372;0.148111;-10.2421
127.998;101.202;-0.276132;0.165127;0.135986;-9.64767
136.824;101.202;-0.19244;0.157051;0.123292;-9.03524
145.649;101.202;-0.121111;0.146947;0.111429;-8.36193
154.475;101.202;-0.0876503;0.133459;0.0944328;-7.62624
163.3;101.202;-0.0601142;0.115368;0.0751021;-6.85626
172.126;101.202;-0.0460242;0.0956734;0.0579766;-6.05934
180.951;101.202;-0.0498607;0.0766581;0.0451848;-5.23673
189.777;101.202;-0.0489153;0.0568128;0.0326608;-4.38522
198.602;101.202;-0.0149743;0.0299847;0.0226049;-3.51156
207.428;101.202;0.0338684;0.00292605;0.010951;-2.5837
-198.543;92.3763;0.862127;-0.041516;0.0161103;-2.55332
-189.718;92.3763;0.761483;-0.0569366;0.0293006;-3.42103
-180.892;92.3763;0.688168;-0.0814242;0.0477931;-4.28903
-172.067;92.3763;0.661485;-0.103746;0.0633332;-5.15514
-163.242;92.3763;0.641107;-0.124574;0.0773554;-6.01291
-154.416;92.3763;0.613251;-0.145468;0.0924396;-6.85621
-145.591;92.3763;0.57607;-0.164815;0.106288;-7.67657
-136.765;92.3763;0.519452;-0.180592;0.119928;-8.46294
-127.94;92.3763;0.453468;-0.192018;0.128455;-9.20064
-119.114;92.3763;0.405294;-0.202134;0.139725;-9.92116
-110.289;92.3763;0.393996;-0.207678;0.152592;-10.6236
-101.463;92.3763;0.41407;-0.204296;0.163213;-11.2935
-92.6379;92.3763;0.431192;-0.194524;0.169227;-11.9109
-83.8124;92.3763;0.428687;-0.183292;0.176272;-12.487
-74.987;92.3763;0.401559;-0.174206;0.182876;-13.025
-66.1615;92.3763;0.355822;-0.166594;0.191621;-13.5162
-57.3361;92.3763;0.294459;-0.157409;0.208456;-13.9457
-48.5106;92.3763;0.235838;-0.143166;0.230485;-14.3247
-39.6852;92.3763;0.21219;-0.123831;0.249242;-14.6593
-30.8597;92.3763;0.211438;-0.102705;0.263121;-14.9579
-22.0342;92.3763;0.20585;-0.0810916;0.27351;-15.2148
-13.2088;92.3763;0.195131;-0.0584888;0.280202;-15.4089
-4.38334;92.3763;0.184574;-0.035865;0.286067;-15.5386
4.44212;92.3763;0.175134;-0.0148809;0.290581;-15.607
13.2676;92.3763;0.159432;0.00302737;0.292197;-15.6163
22.093;92.3763;0.128402;0.0174101;0.293895;-15.5665
30.9185;92.3763;0.0825016;0.0328193;0.290823;-15.449
39.7439;92.3763;0.0227345;0.0679695;0.277065;-15.2605
48.5694;92.3763;0.00843249;0.120452;0.257323;-15.0553
57.3948;92.3763;0.105378;0.167947;0.241871;-14.8707
66.2203;92.3763;0.278399;0.18916;0.23767;-14.6907
75.0458;92.3763;0.337605;0.198804;0.222066;-14.3387
83.8712;92.3763;0.281467;0.205097;0.200936;-13.8211
92.6967;92.3763;0.150927;0.207565;0.183797;-13.1829
101.522;92.3763;0.0163398;0.20787;0.168739;-12.5093
110.348;92.3763;-0.0144104;0.203718;0.153178;-11.8647
119.173;92.3763;-0.015828;0.198551;0.139282;-11.2187
127.998;92.3763;-0.00754719;0.19038;0.128464;-10.5492
136.824;92.3763;0.0072196;0.182209;0.117259;-9.85783
145.649;92.3763;0.0318402;0.172694;0.106924;-9.13186
154.475;92.3763;0.0470591;0.159947;0.093487;-8.3617
163.3;92.3763;0.0563037;0.1425;0.0771534;-7.55389
172.126;92.3763;0.0266138;0.122726;0.0612402;-6.70207
180.951;92.3763;-0.0397053;0.102024;0.0486353;-5.81357
189.777;92.3763;-0.0732665;0.0775764;0.0341176;-4.91339
198.602;92.3763;-0.0244876;0.0468674;0.020974;-4.02408
207.428;92.3763;0.0608972;0.0176082;0.0123239;-3.12345
-216.194;83.5508;0.808671;-0.047526;0.0217414;-1.1541
-207.369;83.5508;0.897197;-0.0317794;0.00911753;-2.07514
-198.543;83.5508;0.867421;-0.0346179;0.0119533;-3.00942
-189.718;83.5508;0.778533;-0.0494983;0.023622;-3.89924
-180.892;83.5508;0.697824;-0.08007;0.0430353;-4.78126
-172.067;83.5508;0.662529;-0.107079;0.0599279;-5.6577
-163.242;83.5508;0.630067;-0.129235;0.0744422;-6.51924
-154.416;83.5508;0.571139;-0.151169;0.0914865;-7.37096
-145.591;83.5508;0.51232;-0.169892;0.104931;-8.20241
-136.765;83.5508;0.453704;-0.185119;0.114663;-9.00838
-127.94;83.5508;0.405051;-0.1965;0.118724;-9.77544
-119.114;83.5508;0.37376;-0.206251;0.128366;-10.5209
-110.289;83.5508;0.363348;-0.211571;0.14228;-11.2411
-101.463;83.5508;0.371716;-0.209091;0.153931;-11.9267
-92.6379;83.5508;0.389143;-0.200827;0.159638;-12.5658
-83.8124;83.5508;0.384034;-0.193628;0.171635;-13.1708
-74.987;83.5508;0.366569;-0.185472;0.185662;-13.7308
-66.1615;83.5508;0.336835;-0.175271;0.197433;-14.2385
-57.3361;83.5508;0.289297;-0.163207;0.210938;-14.6876
-48.5106;83.5508;0.240315;-0.14765;0.227945;-15.0881
-39.6852;83.5508;0.222592;-0.126908;0.245516;-15.4435
-30.8597;83.5508;0.228051;-0.104382;0.260753;-15.7598
-22.0342;83.5508;0.222426;-0.0830847;0.272324;-16.0273
-13.2088;83.5508;0.205522;-0.0594067;0.280477;-16.2261
-4.38334;83.5508;0.192378;-0.0342271;0.287913;-16.3589
4.44212;83.5508;0.184194;-0.0100189;0.292561;-16.4269
13.2676;83.5508;0.164183;0.0111354;0.291638;-16.432
22.093;83.5508;0.139882;0.0248755;0.290917;-16.3927
30.9185;83.5508;0.107154;0.0454455;0.287383;-16.2938
39.7439;83.5508;0.0423931;0.0907908;0.268792;-16.0944
48.5694;83.5508;0.00400331;0.149055;0.239436;-15.8344
57.3948;83.5508;0.0628918;0.195209;0.213413;-15.577
66.2203;83.5508;0.204602;0.212375;0.202649;-15.3425
75.0458;83.5508;0.256343;0.223959;0.191306;-14.9789
83.8712;83.5508;0.231442;0.232312;0.179691;-14.4902
92.6967;83.5508;0.185862;0.236182;0.169713;-13.9242
101.522;83.5508;0.16785;0.235046;0.157284;-13.3256
110.348;83.5508;0.176507;0.230859;0.139985;-12.6995
119.173;83.5508;0.155765;0.2252;0.123503;-12.0246
127.998;83.5508;0.131606;0.215396;0.111474;-11.3089
136.824;83.5508;0.120325;0.206488;0.0988758;-10.5786
145.649;83.5508;0.12845;0.197199;0.087976;-9.82704
154.475;83.5508;0.14377;0.185055;0.0779347;-9.03815
163.3;83.5508;0.138977;0.168687;0.0674161;-8.19691
172.126;83.5508;0.0641645;0.149492;0.0562102;-7.29063
180.951;83.5508;-0.0481373;0.12734;0.0454658;-6.3475
189.777;83.5508;-0.0653549;0.0974068;0.0313205;-5.4303
198.602;83.5508;0.00906635;0.0619177;0.0158308;-4.53544
207.428;83.5508;0.133653;0.0289864;0.0050751;-3.64541
216.253;83.5508;0.240368;0.00118787;0.00108654;-2.71341
225.078;83.5508;0.270573;-0.0230492;0.00640749;-1.74221
-216.194;74.7253;0.797787;-0.0538213;0.0208438;-1.55802
-207.369;74.7253;0.861445;-0.0339483;0.0110812;-2.50201
-198.543;74.7253;0.845599;-0.0277167;0.00758596;-3.43054
-189.718;74.7253;0.756001;-0.0509243;0.0199906;-4.33727
-180.892;74.7253;0.691477;-0.0809642;0.036289;-5.23016
-172.067;74.7253;0.656529;-0.107516;0.0523538;-6.11845
-163.242;74.7253;0.604101;-0.130665;0.066468;-6.9876
-154.416;74.7253;0.518571;-0.154534;0.082985;-7.85907
-145.591;74.7253;0.462679;-0.171667;0.0926406;-8.71184
-136.765;74.7253;0.426558;-0.184839;0.0965249;-9.54588
-127.94;74.7253;0.410524;-0.193463;0.0954035;-10.3451
-119.114;74.7253;0.385583;-0.200336;0.102248;-11.1102
-110.289;74.7253;0.354066;-0.204981;0.115316;-11.8422
-101.463;74.7253;0.337424;-0.20481;0.12619;-12.5424
-92.6379;74.7253;0.345616;-0.199064;0.131138;-13.2053
-83.8124;74.7253;0.340254;-0.195005;0.145911;-13.83
-74.987;74.7253;0.320019;-0.189884;0.166504;-14.4082
-66.1615;74.7253;0.305516;-0.180504;0.1833;-14.938
-57.3361;74.7253;0.285593;-0.167361;0.195162;-15.4146
-48.5106;74.7253;0.264048;-0.149588;0.206219;-15.8421
-39.6852;74.7253;0.25922;-0.12645;0.219003;-16.2181
-30.8597;74.7253;0.253224;-0.102983;0.234007;-16.5504
-22.0342;74.7253;0.234743;-0.0825709;0.247913;-16.8316
-13.2088;74.7253;0.19835;-0.0592762;0.259226;-17.0318
-4.38334;74.7253;0.166978;-0.0323329;0.268492;-17.1628
4.44212;74.7253;0.146955;-0.00422084;0.271612;-17.2271
13.2676;74.7253;0.12655;0.0217483;0.265311;-17.2299
22.093;74.7253;0.124464;0.0400993;0.259571;-17.2034
30.9185;74.7253;0.129943;0.0713121;0.249174;-17.1225
39.7439;74.7253;0.102725;0.124897;0.225402;-16.9304
48.5694;74.7253;0.0811987;0.181149;0.195468;-16.6462
57.3948;74.7253;0.109976;0.218196;0.171468;-16.3214
66.2203;74.7253;0.173281;0.232437;0.158892;-15.9862
75.0458;74.7253;0.191227;0.24563;0.151063;-15.5811
83.8712;74.7253;0.18392;0.255945;0.146331;-15.1014
92.6967;74.7253;0.182962;0.261466;0.142203;-14.5676
101.522;74.7253;0.202807;0.261532;0.13243;-13.9919
110.348;74.7253;0.222395;0.257852;0.114722;-13.3646
119.173;74.7253;0.190651;0.251745;0.096736;-12.6689
127.998;74.7253;0.159175;0.240085;0.0843105;-11.9338
136.824;74.7253;0.152877;0.229516;0.0737188;-11.195
145.649;74.7253;0.177187;0.219433;0.0656715;-10.4433
154.475;74.7253;0.209092;0.206967;0.0585793;-9.64864
163.3;74.7253;0.224509;0.189195;0.0536559;-8.79774
172.126;74.7253;0.179452;0.16771;0.0482611;-7.88409
180.951;74.7253;0.112578;0.143328;0.041429;-6.94407
189.777;74.7253;0.127143;0.11157;0.0301482;-6.02675
198.602;74.7253;0.218018;0.0747976;0.017334;-5.12437
207.428;74.7253;0.296872;0.0409479;0.00662777;-4.19797
216.253;74.7253;0.35189;0.0113101;0.00229544;-3.20883
225.078;74.7253;0.364278;-0.0157758;0.00863129;-2.21025
-216.194;65.8999;0.785652;-0.0464801;0.0172538;-1.88726
-207.369;65.8999;0.809685;-0.0334876;0.0134141;-2.86436
-198.543;65.8999;0.783638;-0.0326363;0.00959796;-3.79638
-189.718;65.8999;0.707726;-0.0600855;0.0173389;-4.72858
-180.892;65.8999;0.672269;-0.0858992;0.0259724;-5.63765
-172.067;65.8999;0.657462;-0.108933;0.0364791;-6.56089
-163.242;65.8999;0.610121;-0.132066;0.046041;-7.46345
-154.416;65.8999;0.536044;-0.154735;0.0564555;-8.36203
-145.591;65.8999;0.503464;-0.167208;0.059608;-9.23194
-136.765;65.8999;0.483554;-0.178985;0.0591776;-10.0867
-127.94;65.8999;0.482744;-0.18768;0.0557675;-10.908
-119.114;65.8999;0.449224;-0.195749;0.0616831;-11.69
-110.289;65.8999;0.396897;-0.203003;0.0734632;-12.435
-101.463;65.8999;0.372648;-0.205182;0.0814051;-13.1548
-92.6379;65.8999;0.393413;-0.198386;0.0842502;-13.8396
-83.8124;65.8999;0.390122;-0.191755;0.0954395;-14.4768
-74.987;65.8999;0.366802;-0.18929;0.116746;-15.071
-66.1615;65.8999;0.347605;-0.183091;0.138361;-15.6213
-57.3361;65.8999;0.326259;-0.170401;0.152581;-16.1191
-48.5106;65.8999;0.308776;-0.150533;0.161619;-16.5697
-39.6852;65.8999;0.307653;-0.126108;0.171115;-16.9701
-30.8597;65.8999;0.304881;-0.103979;0.187152;-17.3264
-22.0342;65.8999;0.307804;-0.0852854;0.204831;-17.6365
-13.2088;65.8999;0.290483;-0.0634605;0.221843;-17.8612
-4.38334;65.8999;0.264953;-0.0363748;0.233759;-18.0069
4.44212;65.8999;0.237566;-0.00576517;0.235992;-18.0748
13.2676;65.8999;0.211079;0.0245163;0.227828;-18.0711
22.093;65.8999;0.217066;0.0510005;0.219846;-18.0382
30.9185;65.8999;0.23456;0.0981567;0.200711;-17.939
39.7439;65.8999;0.244301;0.160063;0.173456;-17.7595
48.5694;65.8999;0.293256;0.211996;0.150715;-17.5355
57.3948;65.8999;0.38183;0.240636;0.13955;-17.2693
66.2203;65.8999;0.41387;0.257429;0.132786;-16.8962
75.0458;65.8999;0.376922;0.272921;0.125982;-16.415
83.8712;65.8999;0.344284;0.282336;0.121294;-15.884
92.6967;65.8999;0.338723;0.28536;0.117063;-15.3165
101.522;65.8999;0.354217;0.284485;0.109514;-14.7142
110.348;65.8999;0.360922;0.282693;0.0958741;-14.067
119.173;65.8999;0.32353;0.277797;0.0794569;-13.3572
127.998;65.8999;0.290772;0.26559;0.0668434;-12.6029
136.824;65.8999;0.278477;0.251094;0.0584804;-11.8272
145.649;65.8999;0.289293;0.238283;0.0531794;-11.0399
154.475;65.8999;0.313571;0.22408;0.047791;-10.2226
163.3;65.8999;0.327949;0.20505;0.0431273;-9.35521
172.126;65.8999;0.313663;0.181619;0.0390748;-8.4418
180.951;65.8999;0.294474;0.156361;0.0352827;-7.514
189.777;65.8999;0.315276;0.125887;0.0272608;-6.58965
198.602;65.8999;0.377562;0.0910503;0.0186273;-5.65735
207.428;65.8999;0.425456;0.0583413;0.0127575;-4.6931
216.253;65.8999;0.444272;0.0275032;0.0117142;-3.68859
225.078;65.8999;0.441011;-0.00139264;0.0162466;-2.63387
233.904;65.8999;0.518908;-0.0308778;0.0161813;-1.5268
-216.194;57.0744;0.753439;-0.0364747;0.0132051;-2.18475
-207.369;57.0744;0.756039;-0.0293412;0.0116167;-3.16671
-198.543;57.0744;0.703038;-0.0355021;0.00960634;-4.10781
-189.718;57.0744;0.630993;-0.0651081;0.0135675;-5.05738
-180.892;57.0744;0.617677;-0.0903858;0.015674;-5.98583
-172.067;57.0744;0.631743;-0.115779;0.019468;-6.94321
-163.242;57.0744;0.623812;-0.141365;0.0229165;-7.89238
-154.416;57.0744;0.599777;-0.158853;0.0250131;-8.82278
-145.591;57.0744;0.600417;-0.163877;0.0222027;-9.71514
-136.765;57.0744;0.584689;-0.173838;0.0200674;-10.5833
-127.94;57.0744;0.561603;-0.188094;0.0223789;-11.4238
-119.114;57.0744;0.51495;-0.199849;0.0314635;-12.2177
-110.289;57.0744;0.458432;-0.207461;0.0422884;-12.9694
-101.463;57.0744;0.432567;-0.208735;0.0483941;-13.71
-92.6379;57.0744;0.461153;-0.201338;0.0522042;-14.4232
-83.8124;57.0744;0.4681;-0.194554;0.0638237;-15.0969
-74.987;57.0744;0.447579;-0.193101;0.0833048;-15.7218
-66.1615;57.0744;0.41586;-0.189548;0.103214;-16.288
-57.3361;57.0744;0.377873;-0.176975;0.117388;-16.7934
-48.5106;57.0744;0.35487;-0.155556;0.12753;-17.2565
-39.6852;57.0744;0.361035;-0.131062;0.137624;-17.6841
-30.8597;57.0744;0.366654;-0.108877;0.153385;-18.0655
-22.0342;57.0744;0.385926;-0.0886123;0.173041;-18.4004
-13.2088;57.0744;0.392193;-0.0650459;0.191379;-18.6523
-4.38334;57.0744;0.377864;-0.0371163;0.204017;-18.8137
4.44212;57.0744;0.341326;-0.00836493;0.209986;-18.8895
13.2676;57.0744;0.299466;0.0176942;0.210252;-18.89
22.093;57.0744;0.309472;0.0484766;0.204602;-18.8571
30.9185;57.0744;0.334113;0.110696;0.179297;-18.7323
39.7439;57.0744;0.357073;0.183366;0.149325;-18.5369
48.5694;57.0744;0.420724;0.236722;0.130207;-18.3171
57.3948;57.0744;0.506845;0.263349;0.124294;-18.0504
66.2203;57.0744;0.51609;0.282957;0.119387;-17.646
75.0458;57.0744;0.442463;0.29962;0.114765;-17.1113
83.8712;57.0744;0.406091;0.307197;0.10937;-16.5493
92.6967;57.0744;0.409764;0.309017;0.103879;-15.9658
101.522;57.0744;0.433113;0.308328;0.0976681;-15.3509
110.348;57.0744;0.445932;0.307235;0.0878219;-14.6925
119.173;57.0744;0.400501;0.30242;0.0751199;-13.9644
127.998;57.0744;0.358907;0.290792;0.0630931;-13.1842
136.824;57.0744;0.337;0.275254;0.053874;-12.3723
145.649;57.0744;0.338795;0.259176;0.0475551;-11.547
154.475;57.0744;0.360439;0.2424;0.042403;-10.7127
163.3;57.0744;0.384383;0.223347;0.0377095;-9.84309
172.126;57.0744;0.390127;0.19892;0.0342629;-8.92566
180.951;57.0744;0.387711;0.172906;0.0317836;-7.98966
189.777;57.0744;0.396904;0.14292;0.026338;-7.04451
198.602;57.0744;0.429269;0.10837;0.0201437;-6.08357
207.428;57.0744;0.460983;0.0758964;0.0178033;-5.09807
216.253;57.0744;0.479491;0.0442739;0.0187082;-4.07878
225.078;57.0744;0.492217;0.00967948;0.0201778;-2.99964
233.904;57.0744;0.572341;-0.0244736;0.0221526;-1.87851
-225.02;48.249;0.731176;-0.0228566;0.00979359;-1.49209
-216.194;48.249;0.73356;-0.0364494;0.0108476;-2.4613
-207.369;48.249;0.726227;-0.0346065;0.0100677;-3.42515
-198.543;48.249;0.637673;-0.0480081;0.0104815;-4.38684
-189.718;48.249;0.568256;-0.0744766;0.0123977;-5.34811
-180.892;48.249;0.551947;-0.0999242;0.0117505;-6.30513
-172.067;48.249;0.553632;-0.130808;0.01289;-7.28747
-163.242;48.249;0.551068;-0.161381;0.0145495;-8.26903
-154.416;48.249;0.56325;-0.175761;0.012098;-9.21687
-145.591;48.249;0.603853;-0.174909;0.00509716;-10.1227
-136.765;48.249;0.578412;-0.183861;0.00524795;-10.9948
-127.94;48.249;0.535617;-0.199444;0.0112457;-11.8402
-119.114;48.249;0.484166;-0.210869;0.0228803;-12.6391
-110.289;48.249;0.443934;-0.217443;0.0343603;-13.4008
-101.463;48.249;0.437672;-0.218255;0.0411763;-14.1665
-92.6379;48.249;0.467989;-0.211015;0.0449481;-14.9141
-83.8124;48.249;0.483821;-0.203117;0.0546428;-15.6196
-74.987;48.249;0.456853;-0.202971;0.0710715;-16.2699
-66.1615;48.249;0.410511;-0.20079;0.0887899;-16.8534
-57.3361;48.249;0.367269;-0.189591;0.10438;-17.3819
-48.5106;48.249;0.35742;-0.168773;0.117147;-17.8765
-39.6852;48.249;0.384507;-0.142883;0.128745;-18.3415
-30.8597;48.249;0.398629;-0.118102;0.144286;-18.7479
-22.0342;48.249;0.405957;-0.0930225;0.161052;-19.089
-13.2088;48.249;0.415284;-0.0662125;0.175121;-19.3547
-4.38334;48.249;0.406118;-0.0372015;0.187174;-19.5288
4.44212;48.249;0.37586;-0.0117464;0.198414;-19.6206
13.2676;48.249;0.347681;0.00985189;0.206958;-19.6398
22.093;48.249;0.369348;0.0498717;0.200922;-19.6125
30.9185;48.249;0.3968;0.125712;0.173966;-19.476
39.7439;48.249;0.422986;0.205618;0.145095;-19.263
48.5694;48.249;0.472738;0.259078;0.128486;-19.0093
57.3948;48.249;0.521711;0.284479;0.122048;-18.6889
66.2203;48.249;0.503653;0.305549;0.112796;-18.2446
75.0458;48.249;0.418369;0.322614;0.104972;-17.6875
83.8712;48.249;0.383591;0.329795;0.0985013;-17.1114
92.6967;48.249;0.388613;0.331654;0.0939355;-16.5111
101.522;48.249;0.414908;0.330201;0.090447;-15.8756
110.348;48.249;0.438413;0.327655;0.0845916;-15.203
119.173;48.249;0.393725;0.320648;0.0756533;-14.4502
127.998;48.249;0.348269;0.308711;0.065129;-13.642
136.824;48.249;0.326469;0.292608;0.0543214;-12.8046
145.649;48.249;0.335113;0.275776;0.0453338;-11.9652
154.475;48.249;0.366684;0.259852;0.0397758;-11.1343
163.3;48.249;0.414261;0.243102;0.0362032;-10.2799
172.126;48.249;0.428349;0.219266;0.0335839;-9.35473
180.951;48.249;0.416016;0.191789;0.032203;-8.38953
189.777;48.249;0.401736;0.158885;0.0281344;-7.40405
198.602;48.249;0.417766;0.121908;0.022539;-6.41805
207.428;48.249;0.447426;0.0867864;0.0194531;-5.41292
216.253;48.249;0.480054;0.0513584;0.0195871;-4.38374
225.078;48.249;0.516555;0.0111118;0.0205034;-3.31478
233.904;48.249;0.571477;-0.0257286;0.0235311;-2.21369
-225.02;39.4235;0.683933;-0.0225048;0.0113673;-1.71403
-216.194;39.4235;0.678594;-0.0403567;0.0125807;-2.70859
-207.369;39.4235;0.64359;-0.0496352;0.0135435;-3.6817
-198.543;39.4235;0.567028;-0.0677577;0.0154563;-4.64866
-189.718;39.4235;0.533347;-0.0910208;0.0155875;-5.62574
-180.892;39.4235;0.527863;-0.113319;0.0130469;-6.60949
-172.067;39.4235;0.515132;-0.140733;0.0112286;-7.59054
-163.242;39.4235;0.504779;-0.170495;0.00990998;-8.57886
-154.416;39.4235;0.530709;-0.187239;0.00441307;-9.54038
-145.591;39.4235;0.574364;-0.189419;-0.00280172;-10.4629
-136.765;39.4235;0.532608;-0.197228;-0.000121183;-11.3369
-127.94;39.4235;0.466857;-0.211409;0.00798627;-12.1881
-119.114;39.4235;0.427457;-0.222095;0.0194048;-13.0022
-110.289;39.4235;0.415948;-0.23004;0.0302461;-13.7909
-101.463;39.4235;0.421319;-0.232945;0.0384558;-14.5817
-92.6379;39.4235;0.433972;-0.226082;0.0428242;-15.3443
-83.8124;39.4235;0.439664;-0.214575;0.0492014;-16.0579
-74.987;39.4235;0.41607;-0.211786;0.0598822;-16.726
-66.1615;39.4235;0.374872;-0.209569;0.0763928;-17.3432
-57.3361;39.4235;0.343384;-0.200706;0.0938194;-17.9156
-48.5106;39.4235;0.357084;-0.182034;0.107572;-18.4545
-39.6852;39.4235;0.409212;-0.155824;0.118049;-18.9588
-30.8597;39.4235;0.431242;-0.130356;0.133355;-19.3858
-22.0342;39.4235;0.41322;-0.104261;0.150467;-19.7254
-13.2088;39.4235;0.417192;-0.0757238;0.163692;-19.9952
-4.38334;39.4235;0.421986;-0.0459047;0.178469;-20.1933
4.44212;39.4235;0.42389;-0.0191755;0.193542;-20.3208
13.2676;39.4235;0.435953;0.0110957;0.199766;-20.3777
22.093;39.4235;0.47674;0.0715647;0.185781;-20.365
30.9185;39.4235;0.527669;0.159739;0.159145;-20.2512
39.7439;39.4235;0.606123;0.2365;0.137573;-20.074
48.5694;39.4235;0.65795;0.282328;0.126672;-19.8016
57.3948;39.4235;0.648823;0.304603;0.118774;-19.4067
66.2203;39.4235;0.572722;0.327211;0.102579;-18.898
75.0458;39.4235;0.469402;0.344338;0.0871935;-18.3061
83.8712;39.4235;0.409311;0.352654;0.0790944;-17.6928
92.6967;39.4235;0.386608;0.356249;0.0766724;-17.054
101.522;39.4235;0.395012;0.355415;0.0764947;-16.3859
110.348;39.4235;0.417713;0.352856;0.0744233;-15.6958
119.173;39.4235;0.392387;0.343146;0.0689449;-14.9209
127.998;39.4235;0.359762;0.327525;0.0606417;-14.0862
136.824;39.4235;0.349051;0.309674;0.0508696;-13.2343
145.649;39.4235;0.368246;0.292533;0.0418074;-12.389
154.475;39.4235;0.409395;0.276277;0.0361015;-11.55
163.3;39.4235;0.478269;0.25825;0.0333264;-10.6967
172.126;39.4235;0.504975;0.233779;0.0309829;-9.76605
180.951;39.4235;0.48564;0.200723;0.0303564;-8.76296
189.777;39.4235;0.445452;0.16517;0.0276315;-7.73366
198.602;39.4235;0.44835;0.128607;0.0230738;-6.72281
207.428;39.4235;0.465324;0.0936533;0.0193571;-5.6919
216.253;39.4235;0.503842;0.0552417;0.0186422;-4.63961
225.078;39.4235;0.529225;0.0107782;0.0178693;-3.56244
233.904;39.4235;0.478669;-0.0280438;0.0173641;-2.4818
-225.02;30.5981;0.667552;-0.0281252;0.0166292;-1.93228
-216.194;30.5981;0.655921;-0.0468532;0.0163971;-2.951
-207.369;30.5981;0.613172;-0.059479;0.0164495;-3.9251
-198.543;30.5981;0.566062;-0.0791117;0.0181885;-4.90438
-189.718;30.5981;0.577787;-0.100094;0.0171937;-5.8904
-180.892;30.5981;0.581825;-0.119317;0.0133831;-6.88648
-172.067;30.5981;0.560382;-0.140673;0.00869112;-7.86107
-163.242;30.5981;0.539757;-0.167962;0.00382847;-8.84894
-154.416;30.5981;0.549695;-0.190748;-0.00321665;-9.8244
-145.591;30.5981;0.570464;-0.198822;-0.00876248;-10.7517
-136.765;30.5981;0.517251;-0.206058;-0.00475789;-11.6311
-127.94;30.5981;0.444398;-0.218307;0.00212592;-12.4938
-119.114;30.5981;0.418389;-0.227881;0.00974969;-13.3278
-110.289;30.5981;0.420507;-0.238351;0.0178199;-14.1476
-101.463;30.5981;0.421608;-0.244261;0.0266719;-14.9597
-92.6379;30.5981;0.413866;-0.237065;0.032906;-15.7301
-83.8124;30.5981;0.406418;-0.222355;0.0382823;-16.4515
-74.987;30.5981;0.396855;-0.215931;0.044529;-17.139
-66.1615;30.5981;0.372499;-0.213443;0.0590888;-17.7924
-57.3361;30.5981;0.357289;-0.206479;0.076184;-18.4061
-48.5106;30.5981;0.389201;-0.190165;0.088979;-18.9835
-39.6852;30.5981;0.458248;-0.165377;0.0972344;-19.5281
-30.8597;30.5981;0.492454;-0.141253;0.110505;-19.9902
-22.0342;30.5981;0.47049;-0.117651;0.128624;-20.3656
-13.2088;30.5981;0.492371;-0.0890648;0.145473;-20.6684
-4.38334;30.5981;0.546833;-0.0595638;0.167871;-20.9171
4.44212;30.5981;0.593486;-0.025328;0.185404;-21.0799
13.2676;30.5981;0.626477;0.0287482;0.177415;-21.1561
22.093;30.5981;0.688029;0.119794;0.145527;-21.1703
30.9185;30.5981;0.83051;0.221039;0.114234;-21.153
39.7439;30.5981;1.0449;0.285006;0.102436;-21.0997
48.5694;30.5981;1.11857;0.310584;0.100993;-20.8178
57.3948;30.5981;1.02965;0.322278;0.0935951;-20.3233
66.2203;30.5981;0.870467;0.344702;0.075701;-19.7228
75.0458;30.5981;0.715604;0.362293;0.0590647;-19.0484
83.8712;30.5981;0.599751;0.371745;0.051658;-18.3521
92.6967;30.5981;0.542734;0.376029;0.0512261;-17.6552
101.522;30.5981;0.543453;0.375502;0.0532706;-16.9557
110.348;30.5981;0.576391;0.371242;0.0539465;-16.2414
119.173;30.5981;0.577135;0.357589;0.0512868;-15.449
127.998;30.5981;0.558869;0.337412;0.0464885;-14.5982
136.824;30.5981;0.534356;0.319641;0.0412872;-13.7227
145.649;30.5981;0.51362;0.30603;0.0360087;-12.8413
154.475;30.5981;0.508641;0.291306;0.030414;-11.9535
163.3;30.5981;0.559224;0.269379;0.026325;-11.0636
172.126;30.5981;0.583425;0.24227;0.0230203;-10.1147
180.951;30.5981;0.559021;0.210056;0.0229107;-9.09681
189.777;30.5981;0.51038;0.173689;0.0225773;-8.03929
198.602;30.5981;0.522342;0.137031;0.0221915;-7.02043
207.428;30.5981;0.549546;0.102444;0.0208102;-5.98867
216.253;30.5981;0.580799;0.06397;0.0195433;-4.92264
225.078;30.5981;0.607444;0.0191934;0.0166227;-3.82606
233.904;30.5981;0.615146;-0.0239132;0.014634;-2.73765
-225.02;21.7726;0.689977;-0.0316255;0.0194341;-2.11174
-216.194;21.7726;0.688297;-0.0510598;0.0176677;-3.16135
-207.369;21.7726;0.652144;-0.0645572;0.0170922;-4.145
-198.543;21.7726;0.631162;-0.0840027;0.018615;-5.13817
-189.718;21.7726;0.65508;-0.105085;0.0177029;-6.13795
-180.892;21.7726;0.656678;-0.123166;0.0134298;-7.13959
-172.067;21.7726;0.623208;-0.140816;0.00647684;-8.10486
-163.242;21.7726;0.583805;-0.16578;-0.00109222;-9.07938
-154.416;21.7726;0.568894;-0.191797;-0.00886585;-10.0559
-145.591;21.7726;0.573253;-0.204237;-0.0134333;-10.9929
-136.765;21.7726;0.531857;-0.211209;-0.0110882;-11.8908
-127.94;21.7726;0.481965;-0.221105;-0.00905123;-12.7702
-119.114;21.7726;0.461129;-0.228595;-0.00706107;-13.6192
-110.289;21.7726;0.453518;-0.240198;-0.00217931;-14.4575
-101.463;21.7726;0.442305;-0.247584;0.00602264;-15.2829
-92.6379;21.7726;0.428162;-0.239767;0.0138178;-16.0609
-83.8124;21.7726;0.423428;-0.224587;0.0200413;-16.7965
-74.987;21.7726;0.429215;-0.218033;0.0257231;-17.5086
-66.1615;21.7726;0.416204;-0.214993;0.0380578;-18.1925
-57.3361;21.7726;0.407818;-0.207688;0.0533849;-18.8343
-48.5106;21.7726;0.441406;-0.192621;0.066022;-19.4371
-39.6852;21.7726;0.512216;-0.16979;0.0758904;-20.0151
-30.8597;21.7726;0.568355;-0.145602;0.0900624;-20.528
-22.0342;21.7726;0.589243;-0.122716;0.108681;-20.9664
-13.2088;21.7726;0.666009;-0.0959774;0.1286;-21.3412
-4.38334;21.7726;0.795519;-0.0670073;0.155618;-21.6489
4.44212;21.7726;0.829546;-0.0259825;0.165392;-21.7681
13.2676;21.7726;0.767359;0.0515199;0.13545;-21.7704
22.093;21.7726;0.807164;0.173301;0.0769651;-21.7882
30.9185;21.7726;1.09874;0.274966;0.0397856;-21.8428
39.7439;21.7726;1.28281;0.330458;0.032908;-21.7575
48.5694;21.7726;1.19304;0.345983;0.0364126;-21.3556
57.3948;21.7726;1.00255;0.353911;0.0362137;-20.8004
66.2203;21.7726;0.909255;0.37295;0.0325593;-20.233
75.0458;21.7726;0.846251;0.385588;0.0295114;-19.6037
83.8712;21.7726;0.723457;0.393453;0.0291231;-18.8832
92.6967;21.7726;0.644532;0.395945;0.0293299;-18.1436
101.522;21.7726;0.622688;0.397179;0.0297573;-17.4067
110.348;21.7726;0.627989;0.392544;0.0317506;-16.6351
119.173;21.7726;0.603482;0.378418;0.0310888;-15.7974
127.998;21.7726;0.573498;0.357659;0.0297542;-14.9236
136.824;21.7726;0.551746;0.339313;0.0290803;-14.0362
145.649;21.7726;0.53112;0.325179;0.0276113;-13.1385
154.475;21.7726;0.510927;0.308969;0.0229808;-12.218
163.3;21.7726;0.540462;0.284507;0.0184682;-11.2935
172.126;21.7726;0.559127;0.256968;0.0154591;-10.3257
180.951;21.7726;0.52821;0.2263;0.0161254;-9.2831
189.777;21.7726;0.48384;0.191976;0.0177055;-8.21032
198.602;21.7726;0.538102;0.153119;0.0195828;-7.21754
207.428;21.7726;0.609967;0.114707;0.0192831;-6.21774
216.253;21.7726;0.665222;0.0737182;0.0184477;-5.16808
225.078;21.7726;0.688117;0.0269076;0.015997;-4.06359
233.904;21.7726;0.704914;-0.0221376;0.0127149;-2.93233
242.729;21.7726;0.343296;-0.0456455;0.0183464;-1.78319
-225.02;12.9472;0.726213;-0.0249104;0.0163736;-2.2295
-216.194;12.9472;0.725841;-0.0487755;0.014315;-3.29523
-207.369;12.9472;0.672497;-0.0658153;0.015047;-4.27693
-198.543;12.9472;0.650417;-0.0864563;0.0166596;-5.27145
-189.718;12.9472;0.660725;-0.109224;0.01537;-6.28572
-180.892;12.9472;0.670722;-0.129475;0.0115162;-7.30569
-172.067;12.9472;0.622312;-0.148856;0.00526184;-8.26786
-163.242;12.9472;0.550836;-0.172881;-0.00232625;-9.22747
-154.416;12.9472;0.522097;-0.195397;-0.01095;-10.1967
-145.591;12.9472;0.538477;-0.207891;-0.0169471;-11.1546
-136.765;12.9472;0.52997;-0.215117;-0.0196124;-12.0786
-127.94;12.9472;0.51404;-0.222915;-0.021795;-12.9769
-119.114;12.9472;0.494617;-0.229116;-0.0220916;-13.8436
-110.289;12.9472;0.472794;-0.240834;-0.0182568;-14.696
-101.463;12.9472;0.447809;-0.249296;-0.0106874;-15.5348
-92.6379;12.9472;0.424152;-0.243475;-0.00316864;-16.3254
-83.8124;12.9472;0.414244;-0.228206;0.00107935;-17.0678
-74.987;12.9472;0.428188;-0.220982;0.00628269;-17.7987
-66.1615;12.9472;0.430688;-0.21464;0.0158562;-18.504
-57.3361;12.9472;0.425056;-0.204181;0.0274778;-19.1643
-48.5106;12.9472;0.448174;-0.188861;0.0404958;-19.7825
-39.6852;12.9472;0.520342;-0.167891;0.0567171;-20.3828
-30.8597;12.9472;0.628775;-0.144048;0.0769785;-20.9498
-22.0342;12.9472;0.750705;-0.123367;0.0991555;-21.4777
-13.2088;12.9472;0.886777;-0.102159;0.119508;-21.9236
-4.38334;12.9472;0.918625;-0.0636278;0.13525;-22.1635
4.44212;12.9472;0.762969;-0.00926839;0.127819;-22.1024
13.2676;12.9472;0.520514;0.07865;0.0831786;-21.9607
22.093;12.9472;0.424265;0.199873;0.021274;-21.9129
30.9185;12.9472;0.58329;0.297256;-0.0169282;-21.9004
39.7439;12.9472;0.5825;0.353591;-0.0312428;-21.67
48.5694;12.9472;0.500855;0.370872;-0.0350805;-21.2077
57.3948;12.9472;0.505271;0.385715;-0.0283402;-20.7716
66.2203;12.9472;0.66021;0.403234;-0.0135949;-20.3842
75.0458;12.9472;0.770601;0.41073;0.00157201;-19.8885
83.8712;12.9472;0.689739;0.41316;0.0096934;-19.1859
92.6967;12.9472;0.595222;0.41034;0.0109678;-18.3997
101.522;12.9472;0.532223;0.412238;0.011082;-17.6104
110.348;12.9472;0.496348;0.410372;0.0132855;-16.7932
119.173;12.9472;0.456686;0.397408;0.0152592;-15.9305
127.998;12.9472;0.446523;0.377912;0.0172162;-15.0665
136.824;12.9472;0.451835;0.360405;0.0185737;-14.1923
145.649;12.9472;0.454144;0.344284;0.0177568;-13.2952
154.475;12.9472;0.449011;0.324727;0.0133016;-12.3651
163.3;12.9472;0.475258;0.300436;0.0102565;-11.4282
172.126;12.9472;0.495312;0.274382;0.0106526;-10.4531
180.951;12.9472;0.469334;0.244459;0.0138063;-9.39641
189.777;12.9472;0.440424;0.210623;0.0164965;-8.31826
198.602;12.9472;0.512888;0.169935;0.0184604;-7.32804
207.428;12.9472;0.625062;0.127697;0.0180069;-6.35829
216.253;12.9472;0.706425;0.0851223;0.0163765;-5.33086
225.078;12.9472;0.739526;0.0383013;0.0145024;-4.2237
233.904;12.9472;0.727439;-0.0129282;0.0123423;-3.05018
242.729;12.9472;0.615942;-0.0471154;0.0174476;-1.85055
-233.845;4.12171;0.64131;-0.00402613;0.0151006;-1.26672
-225.02;4.12171;0.720313;-0.0171598;0.0105774;-2.30069
-216.194;4.12171;0.701407;-0.0425424;0.0108501;-3.33973
-207.369;4.12171;0.590695;-0.0698337;0.0147987;-4.3319
-198.543;4.12171;0.529861;-0.0941874;0.0164785;-5.32207
-189.718;4.12171;0.54309;-0.11718;0.0131952;-6.34413
-180.892;4.12171;0.603383;-0.140703;0.00983219;-7.39333
-172.067;4.12171;0.567089;-0.165718;0.00637952;-8.38822
-163.242;4.12171;0.47528;-0.189298;-4.7493e-05;-9.36518
-154.416;4.12171;0.447919;-0.202007;-0.0117584;-10.3372
-145.591;4.12171;0.503964;-0.203944;-0.0230915;-11.2849
-136.765;4.12171;0.511707;-0.213198;-0.0296934;-12.2227
-127.94;4.12171;0.496112;-0.223006;-0.0321308;-13.1303
-119.114;4.12171;0.485832;-0.228881;-0.0315892;-14.002
-110.289;4.12171;0.472993;-0.241728;-0.0240188;-14.8782
-101.463;4.12171;0.442604;-0.251792;-0.01523;-15.7266
-92.6379;4.12171;0.398254;-0.247787;-0.0108772;-16.5132
-83.8124;4.12171;0.369416;-0.234598;-0.01208;-17.2503
-74.987;4.12171;0.38215;-0.227217;-0.0110707;-17.9944
-66.1615;4.12171;0.400456;-0.219869;-0.00398613;-18.72
-57.3361;4.12171;0.401448;-0.207287;0.00399267;-19.3985
-48.5106;4.12171;0.414153;-0.1895;0.0154679;-20.0245
-39.6852;4.12171;0.474938;-0.166806;0.0343877;-20.629
-30.8597;4.12171;0.594404;-0.141546;0.0576493;-21.2193
-22.0342;4.12171;0.734883;-0.117425;0.0815694;-21.7916
-13.2088;4.12171;0.807572;-0.0909951;0.10047;-22.218
-4.38334;4.12171;0.511373;-0.0438934;0.108251;-22.2713
4.44212;4.12171;0.0737226;0.0235867;0.0865507;-22.0178
13.2676;4.12171;-0.144765;0.118669;0.033742;-21.8642
22.093;4.12171;0.0490373;0.215249;-0.0189883;-21.8997
30.9185;4.12171;0.212286;0.302383;-0.0518983;-21.8654
39.7439;4.12171;0.1346;0.358298;-0.0718027;-21.5478
48.5694;4.12171;0.111664;0.382527;-0.0805922;-21.125
57.3948;4.12171;0.251721;0.40444;-0.0725161;-20.7963
66.2203;4.12171;0.50095;0.423062;-0.0513544;-20.4869
75.0458;4.12171;0.655497;0.429698;-0.0280954;-20.0301
83.8712;4.12171;0.576704;0.429048;-0.0138133;-19.3122
92.6967;4.12171;0.444012;0.422223;-0.00993644;-18.4643
101.522;4.12171;0.326647;0.422169;-0.00959641;-17.6112
110.348;4.12171;0.260425;0.420888;-0.00666;-16.7686
119.173;4.12171;0.257004;0.409541;-0.00106975;-15.9412
127.998;4.12171;0.311554;0.393614;0.00332393;-15.1331
136.824;4.12171;0.362784;0.379004;0.00433937;-14.2927
145.649;4.12171;0.394481;0.361112;0.00314831;-13.4017
154.475;4.12171;0.412147;0.337652;3.61763e-05;-12.468
163.3;4.12171;0.444187;0.31358;4.73093e-05;-11.5279
172.126;4.12171;0.468355;0.288425;0.00450275;-10.5521
180.951;4.12171;0.451117;0.259315;0.0102078;-9.49896
189.777;4.12171;0.430231;0.224922;0.0144555;-8.41796
198.602;4.12171;0.47845;0.183396;0.0170491;-7.38981
207.428;4.12171;0.600553;0.137887;0.0164171;-6.41534
216.253;4.12171;0.686473;0.0942649;0.0137738;-5.38809
225.078;4.12171;0.707491;0.047673;0.0123049;-4.27183
233.904;4.12171;0.668158;-0.00595451;0.0137157;-3.06463
242.729;4.12171;0.609833;-0.0456096;0.0198087;-1.85796
251.555;4.12171;0.671823;-0.04227;0.0228463;-0.725009
-233.845;-4.70375;0.586829;-0.000624982;0.0157564;-1.2794
-225.02;-4.70375;0.660359;-0.0139266;0.0129022;-2.32244
-216.194;-4.70375;0.623554;-0.0426612;0.0139836;-3.35111
-207.369;-4.70375;0.49183;-0.0746306;0.0182689;-4.33748
-198.543;-4.70375;0.421979;-0.0986998;0.0178022;-5.31832
-189.718;-4.70375;0.445935;-0.119415;0.0122273;-6.3428
-180.892;-4.70375;0.554157;-0.145911;0.00943939;-7.4211
-172.067;-4.70375;0.573258;-0.170033;0.00536971;-8.45226
-163.242;-4.70375;0.522681;-0.18342;-0.00486374;-9.43903
-154.416;-4.70375;0.505238;-0.184808;-0.0215905;-10.4135
-145.591;-4.70375;0.540459;-0.184185;-0.0344576;-11.3603
-136.765;-4.70375;0.518629;-0.198135;-0.0395068;-12.3041
-127.94;-4.70375;0.480418;-0.213618;-0.0402059;-13.216
-119.114;-4.70375;0.475863;-0.223202;-0.0401622;-14.0984
-110.289;-4.70375;0.463953;-0.235083;-0.0350096;-14.9807
-101.463;-4.70375;0.426667;-0.242866;-0.0292438;-15.825
-92.6379;-4.70375;0.373882;-0.240092;-0.0270648;-16.6081
-83.8124;-4.70375;0.333054;-0.231124;-0.0289105;-17.3474
-74.987;-4.70375;0.336883;-0.227204;-0.0277845;-18.103
-66.1615;-4.70375;0.356957;-0.221336;-0.0237278;-18.835
-57.3361;-4.70375;0.363312;-0.208886;-0.0196942;-19.5191
-48.5106;-4.70375;0.376029;-0.190409;-0.0112033;-20.1513
-39.6852;-4.70375;0.420881;-0.166132;0.0046029;-20.7448
-30.8597;-4.70375;0.502915;-0.137391;0.02355;-21.3053
-22.0342;-4.70375;0.582725;-0.108089;0.0435236;-21.8223
-13.2088;-4.70375;0.52164;-0.0763787;0.0635397;-22.162
-4.38334;-4.70375;0.045381;-0.0239986;0.0720337;-22.0561
4.44212;-4.70375;-0.382368;0.0502351;0.0418705;-21.807
13.2676;-4.70375;-0.370369;0.15114;-0.0123876;-21.8489
22.093;-4.70375;0.0774708;0.234135;-0.0580208;-22.0275
30.9185;-4.70375;0.20822;0.304817;-0.0811347;-21.9908
39.7439;-4.70375;0.128764;0.352306;-0.0986559;-21.6264
48.5694;-4.70375;0.142907;0.380536;-0.107026;-21.2461
57.3948;-4.70375;0.279458;0.403533;-0.101407;-20.9122
66.2203;-4.70375;0.45502;0.422607;-0.0837748;-20.5429
75.0458;-4.70375;0.543961;0.430973;-0.0620048;-20.0248
83.8712;-4.70375;0.434408;0.431447;-0.0446589;-19.2647
92.6967;-4.70375;0.260757;0.425769;-0.037547;-18.3723
101.522;-4.70375;0.116511;0.423945;-0.0353562;-17.4961
110.348;-4.70375;0.0722964;0.421348;-0.032273;-16.6882
119.173;-4.70375;0.165077;0.413854;-0.0253616;-15.9666
127.998;-4.70375;0.307964;0.403153;-0.0195977;-15.2375
136.824;-4.70375;0.392569;0.38983;-0.0179902;-14.4137
145.649;-4.70375;0.437831;0.371555;-0.0171648;-13.5194
154.475;-4.70375;0.46951;0.346867;-0.0167802;-12.5816
163.3;-4.70375;0.504238;0.322016;-0.0133863;-11.6366
172.126;-4.70375;0.525109;0.295592;-0.0072947;-10.6564
180.951;-4.70375;0.498228;0.266498;-0.00015412;-9.60332
189.777;-4.70375;0.458899;0.232248;0.00684176;-8.51169
198.602;-4.70375;0.467099;0.190946;0.0121736;-7.43851
207.428;-4.70375;0.568109;0.144015;0.0132021;-6.42347
216.253;-4.70375;0.647953;0.0998497;0.012201;-5.3813
225.078;-4.70375;0.668646;0.0530467;0.0133595;-4.26127
233.904;-4.70375;0.627412;0.000847178;0.0185897;-3.05619
242.729;-4.70375;0.563226;-0.0386742;0.0242375;-1.86763
251.555;-4.70375;0.623722;-0.0389276;0.0242873;-0.746764
-233.845;-13.5292;0.587594;0.00666003;0.0209463;-1.26222
-225.02;-13.5292;0.641943;-0.0059958;0.0208107;-2.3278
-216.194;-13.5292;0.607711;-0.0335586;0.0220702;-3.35626
-207.369;-13.5292;0.536124;-0.0668987;0.0227841;-4.36194
-198.543;-13.5292;0.493033;-0.0920132;0.0198808;-5.36052
-189.718;-13.5292;0.510879;-0.112776;0.0127356;-6.38811
-180.892;-13.5292;0.594181;-0.139187;0.00728179;-7.45876
-172.067;-13.5292;0.596452;-0.159388;-0.000989346;-8.49014
-163.242;-13.5292;0.54583;-0.165587;-0.0153428;-9.46797
-154.416;-13.5292;0.525537;-0.164726;-0.0330513;-10.4429
-145.591;-13.5292;0.541726;-0.168625;-0.0432533;-11.3975
-136.765;-13.5292;0.505707;-0.182702;-0.0452646;-12.3346
-127.94;-13.5292;0.46875;-0.197399;-0.0460915;-13.2347
-119.114;-13.5292;0.46394;-0.21089;-0.0493694;-14.1294
-110.289;-13.5292;0.441703;-0.222724;-0.0510606;-15.0054
-101.463;-13.5292;0.397053;-0.228111;-0.0512115;-15.8384
-92.6379;-13.5292;0.351009;-0.22575;-0.0509797;-16.6223
-83.8124;-13.5292;0.323218;-0.220385;-0.0511635;-17.3805
-74.987;-13.5292;0.316737;-0.218352;-0.0510444;-18.1382
-66.1615;-13.5292;0.323542;-0.21175;-0.0502045;-18.8583
-57.3361;-13.5292;0.31604;-0.20051;-0.0470837;-19.5361
-48.5106;-13.5292;0.328747;-0.183933;-0.0393462;-20.1709
-39.6852;-13.5292;0.375191;-0.158992;-0.0288134;-20.7609
-30.8597;-13.5292;0.435156;-0.126372;-0.0190674;-21.2805
-22.0342;-13.5292;0.456142;-0.0908343;-0.00813145;-21.7166
-13.2088;-13.5292;0.312479;-0.0513366;0.007601;-21.9989
-4.38334;-13.5292;-0.0890527;0.00934514;0.0138203;-21.9421
4.44212;-13.5292;-0.239082;0.0894759;-0.0167761;-21.9087
13.2676;-13.5292;-0.000141692;0.18039;-0.0660562;-22.0883
22.093;-13.5292;0.373564;0.250697;-0.101779;-22.2541
30.9185;-13.5292;0.366965;0.298637;-0.111321;-22.1303
39.7439;-13.5292;0.294649;0.336239;-0.121699;-21.7466
48.5694;-13.5292;0.299878;0.367409;-0.127084;-21.3715
57.3948;-13.5292;0.350282;0.39062;-0.124359;-20.9576
66.2203;-13.5292;0.40159;0.409184;-0.1131;-20.4765
75.0458;-13.5292;0.420153;0.420297;-0.0960834;-19.8882
83.8712;-13.5292;0.301579;0.427355;-0.0777267;-19.1244
92.6967;-13.5292;0.126453;0.429697;-0.0672307;-18.2517
101.522;-13.5292;0.0290961;0.428067;-0.0611824;-17.4378
110.348;-13.5292;0.0883011;0.424701;-0.0559431;-16.7479
119.173;-13.5292;0.303357;0.419954;-0.0490945;-16.1398
127.998;-13.5292;0.504357;0.411778;-0.0439885;-15.4446
136.824;-13.5292;0.541989;0.396478;-0.0396392;-14.567
145.649;-13.5292;0.549204;0.377902;-0.0340987;-13.6335
154.475;-13.5292;0.586949;0.354029;-0.0304968;-12.6903
163.3;-13.5292;0.625654;0.326832;-0.0244793;-11.7357
172.126;-13.5292;0.615866;0.297242;-0.0176423;-10.7264
180.951;-13.5292;0.555324;0.265948;-0.0107948;-9.65021
189.777;-13.5292;0.491494;0.231516;-0.00367198;-8.54393
198.602;-13.5292;0.481858;0.191569;0.00342877;-7.45099
207.428;-13.5292;0.579637;0.144757;0.00686532;-6.4152
216.253;-13.5292;0.672441;0.0991381;0.00987002;-5.36867
225.078;-13.5292;0.707555;0.0505976;0.0154867;-4.25504
233.904;-13.5292;0.693299;0.00379243;0.0224541;-3.07617
242.729;-13.5292;0.677379;-0.0326433;0.0276164;-1.89489
-233.845;-22.3547;0.594305;0.0122573;0.0252372;-1.23231
-225.02;-22.3547;0.650664;0.00780234;0.0252703;-2.27493
-216.194;-22.3547;0.616242;-0.0226759;0.0260896;-3.31951
-207.369;-22.3547;0.589395;-0.0556278;0.0249469;-4.35411
-198.543;-22.3547;0.599601;-0.0796407;0.0203165;-5.37432
-189.718;-22.3547;0.618345;-0.101205;0.0135438;-6.40866
-180.892;-22.3547;0.648635;-0.124253;0.00560851;-7.44556
-172.067;-22.3547;0.58451;-0.139637;-0.00830515;-8.44518
-163.242;-22.3547;0.505659;-0.143361;-0.0264288;-9.39929
-154.416;-22.3547;0.488878;-0.146886;-0.0412124;-10.3759
-145.591;-22.3547;0.510574;-0.157965;-0.0487724;-11.3469
-136.765;-22.3547;0.49563;-0.17174;-0.052181;-12.2931
-127.94;-22.3547;0.47266;-0.185516;-0.0562432;-13.2044
-119.114;-22.3547;0.460016;-0.200492;-0.0624959;-14.1086
-110.289;-22.3547;0.416012;-0.211237;-0.0690467;-14.97
-101.463;-22.3547;0.359792;-0.214674;-0.074072;-15.7848
-92.6379;-22.3547;0.325532;-0.212479;-0.0765351;-16.5674
-83.8124;-22.3547;0.32305;-0.208825;-0.0775532;-17.3444
-74.987;-22.3547;0.319863;-0.205987;-0.080645;-18.0962
-66.1615;-22.3547;0.307588;-0.197798;-0.0830923;-18.7969
-57.3361;-22.3547;0.276098;-0.187654;-0.0796213;-19.4575
-48.5106;-22.3547;0.282678;-0.172209;-0.0712103;-20.0865
-39.6852;-22.3547;0.345994;-0.145999;-0.0647461;-20.673
-30.8597;-22.3547;0.426049;-0.108813;-0.0645075;-21.1812
-22.0342;-22.3547;0.442885;-0.0655166;-0.0657544;-21.5955
-13.2088;-22.3547;0.334516;-0.0173997;-0.0616099;-21.879
-4.38334;-22.3547;0.135706;0.0397667;-0.0591965;-21.9415
4.44212;-22.3547;0.213395;0.11542;-0.0850533;-22.0665
13.2676;-22.3547;0.429763;0.187501;-0.115935;-22.2107
22.093;-22.3547;0.499363;0.238863;-0.129885;-22.2305
30.9185;-22.3547;0.378285;0.276588;-0.130097;-21.9883
39.7439;-22.3547;0.325632;0.3154;-0.139255;-21.6395
48.5694;-22.3547;0.342644;0.34993;-0.143967;-21.2754
57.3948;-22.3547;0.351324;0.374649;-0.143336;-20.8187
66.2203;-22.3547;0.339289;0.392667;-0.136565;-20.2804
75.0458;-22.3547;0.335253;0.405364;-0.123993;-19.6813
83.8712;-22.3547;0.2797;0.416484;-0.107844;-18.9893
92.6967;-22.3547;0.176577;0.425039;-0.0963676;-18.2092
101.522;-22.3547;0.180236;0.42368;-0.0858138;-17.4952
110.348;-22.3547;0.346415;0.419538;-0.0766199;-16.8934
119.173;-22.3547;0.613049;0.415836;-0.0703823;-16.3108
127.998;-22.3547;0.728912;0.411117;-0.0662378;-15.555
136.824;-22.3547;0.64122;0.394456;-0.0590446;-14.5844
145.649;-22.3547;0.587142;0.376636;-0.0489489;-13.6115
154.475;-22.3547;0.633909;0.354947;-0.041481;-12.6782
163.3;-22.3547;0.71162;0.326038;-0.032487;-11.741
172.126;-22.3547;0.718391;0.293994;-0.0246472;-10.7376
180.951;-22.3547;0.671426;0.260082;-0.0169303;-9.6671
189.777;-22.3547;0.628721;0.223262;-0.00894088;-8.57224
198.602;-22.3547;0.640301;0.182234;-0.000297083;-7.49001
207.428;-22.3547;0.724415;0.136285;0.00544915;-6.439
216.253;-22.3547;0.811812;0.0889345;0.0117521;-5.37183
225.078;-22.3547;0.853397;0.039105;0.0201894;-4.24891
233.904;-22.3547;0.827459;-0.00398599;0.0267486;-3.08861
242.729;-22.3547;0.791608;-0.0296492;0.0308012;-1.94448
-233.845;-31.1801;0.614076;0.0244122;0.0315528;-1.1707
-225.02;-31.1801;0.595656;0.00598549;0.0297728;-2.20117
-216.194;-31.1801;0.562302;-0.0150446;0.0283296;-3.22407
-207.369;-31.1801;0.551527;-0.0460113;0.0263898;-4.27401
-198.543;-31.1801;0.601751;-0.071036;0.0218962;-5.31644
-189.718;-31.1801;0.630051;-0.0941888;0.0145862;-6.34958
-180.892;-31.1801;0.635522;-0.110439;0.00372865;-7.35869
-172.067;-31.1801;0.550803;-0.116774;-0.0151082;-8.33465
-163.242;-31.1801;0.471253;-0.119625;-0.0349026;-9.28738
-154.416;-31.1801;0.462374;-0.129945;-0.0471074;-10.2688
-145.591;-31.1801;0.493008;-0.148091;-0.0553073;-11.2509
-136.765;-31.1801;0.500851;-0.165357;-0.0640207;-12.213
-127.94;-31.1801;0.495423;-0.182237;-0.0726337;-13.1541
-119.114;-31.1801;0.471417;-0.195509;-0.0796871;-14.0519
-110.289;-31.1801;0.40767;-0.203543;-0.0866066;-14.8904
-101.463;-31.1801;0.337795;-0.205627;-0.0931985;-15.6801
-92.6379;-31.1801;0.305451;-0.20372;-0.0984863;-16.4495
-83.8124;-31.1801;0.318424;-0.200128;-0.104183;-17.2249
-74.987;-31.1801;0.328877;-0.195595;-0.111232;-17.9689
-66.1615;-31.1801;0.303383;-0.188964;-0.116202;-18.6382
-57.3361;-31.1801;0.263655;-0.177702;-0.113999;-19.3244
-48.5106;-31.1801;0.26949;-0.125413;-0.101973;-20.4791
-39.6852;-31.1801;0.340344;-0.110901;-0.0998728;-20.7667
-30.8597;-31.1801;0.431562;-0.0931028;-0.105602;-20.9489
-22.0342;-31.1801;0.455733;-0.0454624;-0.112587;-21.3704
-13.2088;-31.1801;0.418518;0.00196739;-0.11642;-21.6556
-4.38334;-31.1801;0.349786;0.0562742;-0.120149;-21.8061
4.44212;-31.1801;0.36403;0.117357;-0.132372;-21.9282
13.2676;-31.1801;0.427513;0.175557;-0.142904;-21.9853
22.093;-31.1801;0.438535;0.224338;-0.146495;-21.9195
30.9185;-31.1801;0.342024;0.26218;-0.146993;-21.682
39.7439;-31.1801;0.334711;0.297594;-0.153656;-21.3795
48.5694;-31.1801;0.358249;0.331442;-0.15702;-21.0299
57.3948;-31.1801;0.352648;0.358361;-0.156509;-20.5792
66.2203;-31.1801;0.332375;0.377173;-0.151236;-20.0453
75.0458;-31.1801;0.339282;0.390041;-0.140955;-19.4694
83.8712;-31.1801;0.341387;0.402251;-0.12795;-18.8523
92.6967;-31.1801;0.313877;0.412969;-0.115165;-18.1624
101.522;-31.1801;0.381321;0.411135;-0.101473;-17.51
110.348;-31.1801;0.553308;0.406199;-0.0907585;-16.9063
119.173;-31.1801;0.74457;0.403674;-0.0858353;-16.2573
127.998;-31.1801;0.765873;0.400604;-0.0823263;-15.4255
136.824;-31.1801;0.616526;0.383872;-0.072536;-14.4077
145.649;-31.1801;0.552903;0.365811;-0.0607031;-13.4209
154.475;-31.1801;0.617078;0.347039;-0.0515204;-12.5026
163.3;-31.1801;0.721476;0.320851;-0.0410854;-11.5911
172.126;-31.1801;0.768816;0.289628;-0.0311933;-10.6277
180.951;-31.1801;0.762551;0.25524;-0.0221316;-9.59459
189.777;-31.1801;0.75484;0.216166;-0.0137498;-8.52704
198.602;-31.1801;0.779572;0.172123;-0.00407246;-7.45173
207.428;-31.1801;0.826531;0.125959;0.00405694;-6.37374
216.253;-31.1801;0.89464;0.0772378;0.0126976;-5.28275
225.078;-31.1801;0.947507;0.0273765;0.0213442;-4.15855
233.904;-31.1801;0.928101;-0.0174028;0.0276061;-2.97681
242.729;-31.1801;0.878017;-0.036464;0.0305157;-1.86047
-225.02;-40.0056;0.53267;0.0193337;0.0324778;-2.04411
-216.194;-40.0056;0.463096;-0.00486615;0.0283221;-3.06049
-207.369;-40.0056;0.496152;-0.0279389;0.0266794;-4.10555
-198.543;-40.0056;0.553596;-0.0580694;0.0239536;-5.17932
-189.718;-40.0056;0.559877;-0.083779;0.0140687;-6.21349
-180.892;-40.0056;0.550657;-0.0928896;-0.00277067;-7.20895
-172.067;-40.0056;0.517587;-0.0932962;-0.0260939;-8.17998
-163.242;-40.0056;0.483863;-0.0992484;-0.045212;-9.15203
-154.416;-40.0056;0.475939;-0.115442;-0.055829;-10.1275
-145.591;-40.0056;0.489866;-0.137739;-0.0657228;-11.0981
-136.765;-40.0056;0.497651;-0.159989;-0.0786559;-12.0607
-127.94;-40.0056;0.512233;-0.180078;-0.0889681;-13.0223
-119.114;-40.0056;0.491157;-0.190115;-0.0953651;-13.9202
-110.289;-40.0056;0.427869;-0.195823;-0.101721;-14.7478
-101.463;-40.0056;0.352606;-0.197911;-0.10891;-15.5178
-92.6379;-40.0056;0.311713;-0.196484;-0.116745;-16.2694
-83.8124;-40.0056;0.320076;-0.191996;-0.126824;-17.0284
-74.987;-40.0056;0.32875;-0.186325;-0.136924;-17.7559
-66.1615;-40.0056;0.301596;-0.179722;-0.143755;-18.4235
-30.8597;-40.0056;0.396887;-0.0764887;-0.140223;-20.6417
-22.0342;-40.0056;0.374204;-0.032948;-0.144683;-21.0289
-13.2088;-40.0056;0.37098;0.00901696;-0.147783;-21.3143
-4.38334;-40.0056;0.359939;0.0596619;-0.152393;-21.5121
4.44212;-40.0056;0.358153;0.114536;-0.159521;-21.6001
13.2676;-40.0056;0.360885;0.166064;-0.162504;-21.591
22.093;-40.0056;0.351181;0.210018;-0.160494;-21.489
30.9185;-40.0056;0.316683;0.24767;-0.161586;-21.2909
39.7439;-40.0056;0.306453;0.28195;-0.16598;-21.0109
48.5694;-40.0056;0.307136;0.314693;-0.166012;-20.6583
57.3948;-40.0056;0.299846;0.341902;-0.162574;-20.2267
66.2203;-40.0056;0.298297;0.362833;-0.157558;-19.7302
75.0458;-40.0056;0.320123;0.379029;-0.151214;-19.189
83.8712;-40.0056;0.340604;0.392181;-0.140524;-18.6055
92.6967;-40.0056;0.347603;0.399738;-0.125858;-17.9545
101.522;-40.0056;0.404648;0.396169;-0.111795;-17.2923
110.348;-40.0056;0.504101;0.389885;-0.102409;-16.6197
119.173;-40.0056;0.590771;0.386021;-0.0986371;-15.8858
127.998;-40.0056;0.572855;0.381903;-0.0949214;-15.0239
136.824;-40.0056;0.483158;0.366342;-0.0827535;-14.0542
145.649;-40.0056;0.470106;0.348768;-0.0700598;-13.0988
154.475;-40.0056;0.542991;0.332457;-0.0590622;-12.1915
163.3;-40.0056;0.639676;0.308859;-0.0474965;-11.2864
172.126;-40.0056;0.70854;0.278995;-0.0377595;-10.3527
180.951;-40.0056;0.734728;0.24614;-0.0297511;-9.35609
189.777;-40.0056;0.749512;0.208229;-0.0217206;-8.31543
198.602;-40.0056;0.767098;0.165781;-0.0120924;-7.24653
207.428;-40.0056;0.77246;0.122503;-0.00366085;-6.15353
216.253;-40.0056;0.816959;0.0765607;0.00433416;-5.05696
225.078;-40.0056;0.878216;0.0266038;0.0125884;-3.94397
233.904;-40.0056;0.918452;-0.0192877;0.018509;-2.78929
242.729;-40.0056;0.931893;-0.0366325;0.0240332;-1.67128
-225.02;-48.831;0.515857;0.0389125;0.0316944;-1.87181
-216.194;-48.831;0.424254;0.00843656;0.0256193;-2.89129
-207.369;-48.831;0.498711;-0.00862185;0.0260162;-3.92816
-198.543;-48.831;0.547367;-0.0371509;0.024567;-5.00722
-189.718;-48.831;0.504605;-0.0586028;0.010081;-6.02791
-180.892;-48.831;0.473506;-0.0609604;-0.0143302;-7.00789
-172.067;-48.831;0.501996;-0.068178;-0.0403897;-7.9928
-163.242;-48.831;0.515844;-0.0857928;-0.0573344;-8.99232
-154.416;-48.831;0.489773;-0.107607;-0.0664782;-9.94989
-145.591;-48.831;0.454701;-0.130767;-0.0760786;-10.8896
-136.765;-48.831;0.445926;-0.152838;-0.0896679;-11.8304
-127.94;-48.831;0.478667;-0.167822;-0.0986208;-12.7873
-119.114;-48.831;0.494499;-0.174203;-0.105086;-13.6814
-110.289;-48.831;0.448697;-0.17972;-0.113185;-14.5152
-101.463;-48.831;0.388004;-0.184115;-0.121216;-15.2919
-92.6379;-48.831;0.354476;-0.184559;-0.130204;-16.0379
-83.8124;-48.831;0.352069;-0.180237;-0.143145;-16.7785
-74.987;-48.831;0.346714;-0.175176;-0.155186;-17.4892
-66.1615;-48.831;0.319148;-0.168311;-0.161658;-18.1336
-57.3361;-48.831;0.295741;-0.158727;-0.16221;-18.7523
-30.8597;-48.831;0.30573;-0.0644716;-0.167929;-20.2301
-22.0342;-48.831;0.266388;-0.0235197;-0.16809;-20.5918
-13.2088;-48.831;0.289453;0.0136445;-0.165582;-20.8751
-4.38334;-48.831;0.317518;0.0600293;-0.167013;-21.0753
4.44212;-48.831;0.317354;0.110927;-0.173404;-21.1555
13.2676;-48.831;0.295406;0.157004;-0.176469;-21.1243
22.093;-48.831;0.270047;0.195319;-0.173754;-21.0013
30.9185;-48.831;0.253287;0.232228;-0.174764;-20.816
39.7439;-48.831;0.229512;0.266265;-0.177676;-20.5341
48.5694;-48.831;0.210156;0.297923;-0.177721;-20.1755
57.3948;-48.831;0.209125;0.324684;-0.174798;-19.7642
66.2203;-48.831;0.217038;0.348211;-0.171243;-19.2951
75.0458;-48.831;0.219822;0.368283;-0.168229;-18.7553
83.8712;-48.831;0.205306;0.38439;-0.161458;-18.1616
92.6967;-48.831;0.212207;0.387872;-0.147487;-17.5162
101.522;-48.831;0.228369;0.38168;-0.132577;-16.8148
110.348;-48.831;0.251333;0.373407;-0.122483;-16.0708
119.173;-48.831;0.27681;0.36729;-0.117313;-15.2903
127.998;-48.831;0.294588;0.360853;-0.110824;-14.4675
136.824;-48.831;0.331697;0.347481;-0.0961915;-13.6107
145.649;-48.831;0.38887;0.331816;-0.0809122;-12.7209
154.475;-48.831;0.455767;0.316255;-0.0658436;-11.8242
163.3;-48.831;0.516834;0.293433;-0.051788;-10.9101
172.126;-48.831;0.564363;0.264805;-0.0427241;-9.9716
180.951;-48.831;0.584572;0.234889;-0.0364488;-8.97861
189.777;-48.831;0.593898;0.201136;-0.0293846;-7.94237
198.602;-48.831;0.60205;0.16226;-0.0204203;-6.87686
207.428;-48.831;0.60957;0.122838;-0.0131312;-5.80833
216.253;-48.831;0.655738;0.0780683;-0.00563933;-4.72491
225.078;-48.831;0.718018;0.0285503;0.000884549;-3.63065
233.904;-48.831;0.773504;-0.0232561;0.00535374;-2.48909
242.729;-48.831;0.791984;-0.0495526;0.0139398;-1.36742
-225.02;-57.6565;0.587531;0.0600306;0.0302461;-1.73222
-216.194;-57.6565;0.49407;0.0226958;0.0243483;-2.73853
-207.369;-57.6565;0.546607;0.0020947;0.0282306;-3.76269
-198.543;-57.6565;0.587229;-0.0140336;0.0255713;-4.81115
-189.718;-57.6565;0.526642;-0.0219759;0.00355948;-5.81898
-180.892;-57.6565;0.496452;-0.0186533;-0.0241754;-6.78201
-172.067;-57.6565;0.513218;-0.0383522;-0.0470638;-7.76952
-163.242;-57.6565;0.51169;-0.0668673;-0.0606619;-8.7635
-154.416;-57.6565;0.466042;-0.092656;-0.0694294;-9.69669
-145.591;-57.6565;0.403086;-0.116382;-0.0795061;-10.6087
-136.765;-57.6565;0.375567;-0.135589;-0.0928983;-11.523
-127.94;-57.6565;0.432479;-0.14884;-0.101032;-12.4676
-119.114;-57.6565;0.46182;-0.155098;-0.108794;-13.3571
-110.289;-57.6565;0.424836;-0.161363;-0.120395;-14.195
-101.463;-57.6565;0.381769;-0.165881;-0.130962;-14.9721
-92.6379;-57.6565;0.353058;-0.168721;-0.138814;-15.7103
-83.8124;-57.6565;0.333775;-0.168993;-0.149364;-16.4335
-74.987;-57.6565;0.319523;-0.165243;-0.163445;-17.1274
-66.1615;-57.6565;0.308185;-0.158352;-0.174146;-17.7571
-57.3361;-57.6565;0.290254;-0.147269;-0.178236;-18.3401
-30.8597;-57.6565;0.265825;-0.062535;-0.197052;-19.7352
-22.0342;-57.6565;0.220834;-0.0205765;-0.195496;-20.0961
-13.2088;-57.6565;0.222781;0.0192094;-0.190196;-20.3615
-4.38334;-57.6565;0.247654;0.0630085;-0.189631;-20.5436
4.44212;-57.6565;0.252111;0.107024;-0.19425;-20.6221
13.2676;-57.6565;0.225845;0.146857;-0.19722;-20.5919
22.093;-57.6565;0.191469;0.181789;-0.194484;-20.4632
30.9185;-57.6565;0.17395;0.217425;-0.194083;-20.2679
39.7439;-57.6565;0.15345;0.252014;-0.197199;-19.9853
48.5694;-57.6565;0.138388;0.28274;-0.199896;-19.6451
57.3948;-57.6565;0.144304;0.309182;-0.201053;-19.257
66.2203;-57.6565;0.138564;0.334184;-0.200368;-18.7891
75.0458;-57.6565;0.0958834;0.355152;-0.19832;-18.2139
83.8712;-57.6565;0.0292276;0.374575;-0.195071;-17.5965
92.6967;-57.6565;0.0249584;0.377462;-0.185028;-16.9557
101.522;-57.6565;0.0238432;0.371577;-0.170645;-16.2482
110.348;-57.6565;0.0304239;0.364507;-0.157944;-15.4955
119.173;-57.6565;0.0712627;0.359393;-0.148717;-14.7358
127.998;-57.6565;0.181439;0.349534;-0.136863;-13.993
136.824;-57.6565;0.302636;0.334729;-0.117671;-13.2155
145.649;-57.6565;0.393196;0.318796;-0.0965212;-12.378
154.475;-57.6565;0.45626;0.300405;-0.0761465;-11.5002
163.3;-57.6565;0.506113;0.275127;-0.0587542;-10.5916
172.126;-57.6565;0.561556;0.245318;-0.0472262;-9.65877
180.951;-57.6565;0.595027;0.216538;-0.039061;-8.67428
189.777;-57.6565;0.614899;0.184827;-0.0308665;-7.65048
198.602;-57.6565;0.634278;0.146824;-0.0207481;-6.5994
207.428;-57.6565;0.667311;0.108122;-0.0135622;-5.55399
216.253;-57.6565;0.723814;0.0632489;-0.00563009;-4.48904
225.078;-57.6565;0.755971;0.0149192;0.00181642;-3.39162
233.904;-57.6565;0.771143;-0.0312327;0.00688079;-2.23792
242.729;-57.6565;0.782254;-0.0725321;0.0170163;-1.07581
-216.194;-66.4819;0.57222;0.0360826;0.0292709;-2.55291
-207.369;-66.4819;0.575619;0.0124209;0.0311693;-3.55354
-198.543;-66.4819;0.58704;0.00290062;0.0215106;-4.56173
-189.718;-66.4819;0.554669;0.0091476;-0.00473184;-5.52974
-180.892;-66.4819;0.515707;0.00576212;-0.0289702;-6.49567
-172.067;-66.4819;0.500194;-0.0177484;-0.0461912;-7.47693
-163.242;-66.4819;0.491612;-0.0453047;-0.0566294;-8.45525
-154.416;-66.4819;0.460068;-0.06986;-0.0663703;-9.38639
-145.591;-66.4819;0.403016;-0.0929412;-0.0791944;-10.2907
-136.765;-66.4819;0.353459;-0.11353;-0.0936771;-11.1824
-127.94;-66.4819;0.348489;-0.133127;-0.103552;-12.1035
-119.114;-66.4819;0.353017;-0.143662;-0.114175;-12.9809
-110.289;-66.4819;0.331421;-0.147951;-0.129437;-13.8033
-101.463;-66.4819;0.308996;-0.15053;-0.14321;-14.5687
-92.6379;-66.4819;0.283221;-0.154348;-0.151915;-15.294
-83.8124;-66.4819;0.253346;-0.156885;-0.162915;-15.9974
-74.987;-66.4819;0.236845;-0.152877;-0.180004;-16.6703
-66.1615;-66.4819;0.247248;-0.142619;-0.197172;-17.2888
-57.3361;-66.4819;0.245448;-0.130185;-0.20832;-17.8455
-30.8597;-66.4819;0.265364;-0.0580143;-0.236126;-19.2197
-22.0342;-66.4819;0.240611;-0.0174329;-0.239606;-19.5777
-13.2088;-66.4819;0.203674;0.0255558;-0.237589;-19.8032
-4.38334;-66.4819;0.19594;0.0673112;-0.236654;-19.9556
4.44212;-66.4819;0.206474;0.103896;-0.238075;-20.0297
13.2676;-66.4819;0.19305;0.137473;-0.237364;-20.0065
22.093;-66.4819;0.164562;0.170612;-0.231145;-19.8915
30.9185;-66.4819;0.153206;0.204679;-0.226091;-19.6987
39.7439;-66.4819;0.156183;0.238584;-0.225991;-19.4352
48.5694;-66.4819;0.168478;0.266822;-0.228053;-19.132
57.3948;-66.4819;0.18255;0.292652;-0.233246;-18.7713
66.2203;-66.4819;0.166936;0.31934;-0.236219;-18.3158
75.0458;-66.4819;0.113126;0.342258;-0.231429;-17.7508
83.8712;-66.4819;0.0559162;0.359419;-0.224431;-17.1472
92.6967;-66.4819;0.0590242;0.362433;-0.21502;-16.5274
101.522;-66.4819;0.086507;0.357727;-0.200993;-15.8605
110.348;-66.4819;0.142358;0.351416;-0.185817;-15.1575
119.173;-66.4819;0.242274;0.345588;-0.172606;-14.4475
127.998;-66.4819;0.401243;0.333162;-0.156662;-13.7444
136.824;-66.4819;0.58358;0.315456;-0.135828;-13.0217
145.649;-66.4819;0.672661;0.297855;-0.111806;-12.2025
154.475;-66.4819;0.694372;0.277689;-0.0888901;-11.3044
163.3;-66.4819;0.696603;0.252671;-0.0685061;-10.3606
172.126;-66.4819;0.724576;0.223958;-0.0520958;-9.40494
180.951;-66.4819;0.735994;0.196082;-0.0387885;-8.41318
189.777;-66.4819;0.737141;0.164294;-0.0280207;-7.38435
198.602;-66.4819;0.742636;0.125901;-0.0171914;-6.3274
207.428;-66.4819;0.768098;0.0867991;-0.0105253;-5.27352
216.253;-66.4819;0.804414;0.0441181;-0.00308995;-4.20523
225.078;-66.4819;0.786447;0.000417287;0.00404354;-3.10238
233.904;-66.4819;0.76789;-0.0405052;0.00901976;-1.94868
-216.194;-75.3074;0.605649;0.0580023;0.0386665;-2.2998
-207.369;-75.3074;0.553423;0.030137;0.0338716;-3.2732
-198.543;-75.3074;0.497033;0.0184686;0.0129103;-4.24996
-189.718;-75.3074;0.415672;0.0138882;-0.0149027;-5.21303
-180.892;-75.3074;0.383445;0.00222675;-0.0364666;-6.1745
-172.067;-75.3074;0.388087;-0.0198429;-0.0514108;-7.13961
-163.242;-75.3074;0.40354;-0.0414394;-0.0619471;-8.10016
-154.416;-75.3074;0.407959;-0.0591183;-0.0716902;-9.02473
-145.591;-75.3074;0.385525;-0.0767952;-0.084199;-9.91791
-136.765;-75.3074;0.339465;-0.0967652;-0.0992474;-10.7839
-127.94;-75.3074;0.298249;-0.118517;-0.113909;-11.6708
-119.114;-75.3074;0.272596;-0.133453;-0.128784;-12.5319
-110.289;-75.3074;0.254781;-0.137102;-0.146686;-13.3402
-101.463;-75.3074;0.245834;-0.136979;-0.164114;-14.0976
-92.6379;-75.3074;0.225623;-0.140424;-0.176008;-14.8132
-83.8124;-75.3074;0.196541;-0.143659;-0.18938;-15.5063
-74.987;-75.3074;0.18578;-0.13795;-0.208404;-16.1613
-66.1615;-75.3074;0.208471;-0.123625;-0.228204;-16.7697
-57.3361;-75.3074;0.215963;-0.109422;-0.245617;-17.3093
-48.5106;-75.3074;0.209383;-0.044374;-0.284739;-18.5122
-39.6852;-75.3074;0.236846;-0.0172044;-0.294483;-18.9733
-30.8597;-75.3074;0.282622;-0.0466934;-0.277813;-18.664
-22.0342;-75.3074;0.297428;-0.012315;-0.286445;-19.0053
-13.2088;-75.3074;0.252745;0.0306467;-0.29229;-19.2245
-4.38334;-75.3074;0.223328;0.0701823;-0.289804;-19.3546
4.44212;-75.3074;0.240142;0.10407;-0.287346;-19.4278
13.2676;-75.3074;0.25426;0.135969;-0.283711;-19.4339
22.093;-75.3074;0.252437;0.16597;-0.277494;-19.3488
30.9185;-75.3074;0.255173;0.194725;-0.26754;-19.1818
39.7439;-75.3074;0.288289;0.221246;-0.255426;-18.9505
48.5694;-75.3074;0.328097;0.244921;-0.250348;-18.6744
57.3948;-75.3074;0.367727;0.269987;-0.258453;-18.345
66.2203;-75.3074;0.419531;0.297172;-0.265251;-17.9556
75.0458;-75.3074;0.467786;0.319576;-0.256391;-17.4833
83.8712;-75.3074;0.479251;0.333089;-0.244321;-16.9372
92.6967;-75.3074;0.431047;0.340139;-0.234495;-16.3077
101.522;-75.3074;0.495407;0.335018;-0.219295;-15.6794
110.348;-75.3074;0.613508;0.328438;-0.200031;-15.0441
119.173;-75.3074;0.720651;0.322598;-0.182384;-14.3592
127.998;-75.3074;0.790333;0.311936;-0.164432;-13.5951
136.824;-75.3074;0.928388;0.292794;-0.142884;-12.844
145.649;-75.3074;0.97511;0.271821;-0.117924;-11.9914
154.475;-75.3074;0.959686;0.249001;-0.0934171;-11.0622
163.3;-75.3074;0.928104;0.224485;-0.0705872;-10.0912
172.126;-75.3074;0.922018;0.198428;-0.0504077;-9.1067
180.951;-75.3074;0.896167;0.172611;-0.0333061;-8.09705
189.777;-75.3074;0.860502;0.141057;-0.0203796;-7.05344
198.602;-75.3074;0.835382;0.103939;-0.0102226;-5.98819
207.428;-75.3074;0.836327;0.0654562;-0.00471847;-4.92071
216.253;-75.3074;0.840103;0.0248188;0.00218652;-3.83643
225.078;-75.3074;0.789707;-0.014389;0.00953907;-2.7339
233.904;-75.3074;0.77606;-0.0425098;0.0122806;-1.63979
-216.194;-84.1328;0.649413;0.0806773;0.048705;-1.97152
-207.369;-84.1328;0.510359;0.0584427;0.0377577;-2.91589
-198.543;-84.1328;0.415787;0.0377866;0.00868053;-3.88141
-189.718;-84.1328;0.336162;0.0218103;-0.0183086;-4.83887
-180.892;-84.1328;0.309282;0.00338429;-0.0396338;-5.79526
-172.067;-84.1328;0.326409;-0.0202474;-0.0553491;-6.75437
-163.242;-84.1328;0.339865;-0.0418567;-0.0689275;-7.70408
-154.416;-84.1328;0.342576;-0.0577892;-0.081525;-8.61757
-145.591;-84.1328;0.338716;-0.0706028;-0.0948429;-9.49352
-136.765;-84.1328;0.324702;-0.085153;-0.109697;-10.3437
-127.94;-84.1328;0.296056;-0.104099;-0.128403;-11.2067
-119.114;-84.1328;0.26949;-0.120992;-0.148562;-12.056
-110.289;-84.1328;0.26492;-0.126678;-0.169596;-12.8589
-101.463;-84.1328;0.262516;-0.126164;-0.191945;-13.6176
-92.6379;-84.1328;0.246482;-0.128133;-0.209015;-14.3306
-83.8124;-84.1328;0.225029;-0.129782;-0.223588;-15.0114
-74.987;-84.1328;0.222802;-0.12242;-0.240248;-15.6474
-66.1615;-84.1328;0.248267;-0.106792;-0.257363;-16.2444
-57.3361;-84.1328;0.256403;-0.0906284;-0.275721;-16.7821
-48.5106;-84.1328;0.232072;-0.0712804;-0.28974;-17.2427
-39.6852;-84.1328;0.255042;-0.0530896;-0.298126;-17.6653
-30.8597;-84.1328;0.31575;-0.0317145;-0.305688;-18.0602
-22.0342;-84.1328;0.361282;-0.00357738;-0.315559;-18.3832
-13.2088;-84.1328;0.361653;0.0313726;-0.321889;-18.6055
-4.38334;-84.1328;0.35859;0.0680484;-0.317649;-18.7445
4.44212;-84.1328;0.357986;0.103099;-0.310049;-18.816
13.2676;-84.1328;0.362407;0.133266;-0.304712;-18.8292
22.093;-84.1328;0.362752;0.159238;-0.300127;-18.7665
30.9185;-84.1328;0.367239;0.183811;-0.290536;-18.6278
39.7439;-84.1328;0.412763;0.20705;-0.274763;-18.4253
48.5694;-84.1328;0.511299;0.227077;-0.269971;-18.1859
57.3948;-84.1328;0.559998;0.257508;-0.283741;-17.8727
66.2203;-84.1328;0.633201;0.289956;-0.293442;-17.5364
75.0458;-84.1328;0.73443;0.311336;-0.282461;-17.1361
83.8712;-84.1328;0.797352;0.319831;-0.267935;-16.6275
92.6967;-84.1328;0.745083;0.324415;-0.256304;-15.9894
101.522;-84.1328;0.805312;0.318127;-0.237222;-15.3652
110.348;-84.1328;0.920405;0.310978;-0.211727;-14.7519
119.173;-84.1328;1.0245;0.300695;-0.187702;-14.0765
127.998;-84.1328;1.07999;0.288466;-0.163561;-13.3123
136.824;-84.1328;1.16521;0.268016;-0.139732;-12.5183
145.649;-84.1328;1.15346;0.245042;-0.115129;-11.617
154.475;-84.1328;1.09883;0.219536;-0.0889517;-10.6514
163.3;-84.1328;1.05129;0.193164;-0.0622321;-9.66398
172.126;-84.1328;1.04159;0.166933;-0.0390497;-8.67823
180.951;-84.1328;0.997286;0.143366;-0.0207378;-7.6677
189.777;-84.1328;0.931793;0.113427;-0.00682564;-6.61863
198.602;-84.1328;0.875517;0.080976;0.00228657;-5.55568
207.428;-84.1328;0.850479;0.0455461;0.00680328;-4.48442
216.253;-84.1328;0.832491;0.00702747;0.0131057;-3.39415
225.078;-84.1328;0.81011;-0.0228095;0.0170701;-2.32172
233.904;-84.1328;0.830316;-0.044247;0.0162185;-1.30692
-216.194;-92.9583;0.702174;0.0958103;0.0586412;-1.57212
-207.369;-92.9583;0.483982;0.0754939;0.0417368;-2.54652
-198.543;-92.9583;0.394513;0.0529587;0.0120128;-3.5078
-189.718;-92.9583;0.370331;0.0300474;-0.0150979;-4.46595
-180.892;-92.9583;0.352061;0.00944689;-0.0378719;-5.414
-172.067;-92.9583;0.35877;-0.0152504;-0.0545615;-6.35578
-163.242;-92.9583;0.340203;-0.040541;-0.0718918;-7.28296
-154.416;-92.9583;0.313496;-0.0592844;-0.0888557;-8.17889
-145.591;-92.9583;0.307308;-0.0700257;-0.103813;-9.04227
-136.765;-92.9583;0.319233;-0.0785403;-0.117884;-9.88756
-127.94;-92.9583;0.313287;-0.0925834;-0.138339;-10.7252
-119.114;-92.9583;0.298146;-0.108532;-0.161923;-11.5537
-110.289;-92.9583;0.319436;-0.116563;-0.183418;-12.3494
-101.463;-92.9583;0.321344;-0.118829;-0.205763;-13.1016
-92.6379;-92.9583;0.313812;-0.119294;-0.226443;-13.8115
-83.8124;-92.9583;0.307421;-0.117049;-0.243735;-14.481
-74.987;-92.9583;0.310184;-0.109036;-0.258595;-15.1048
-66.1615;-92.9583;0.332291;-0.0956636;-0.271405;-15.6915
-57.3361;-92.9583;0.349804;-0.0806055;-0.283251;-16.2192
-48.5106;-92.9583;0.330027;-0.0627584;-0.294297;-16.6592
-39.6852;-92.9583;0.330358;-0.046224;-0.302984;-17.0437
-30.8597;-92.9583;0.35948;-0.0254455;-0.310579;-17.3942
-22.0342;-92.9583;0.395313;0.00274608;-0.318127;-17.6932
-13.2088;-92.9583;0.414212;0.0354238;-0.32307;-17.9207
-4.38334;-92.9583;0.409867;0.067708;-0.321021;-18.0771
4.44212;-92.9583;0.402055;0.101963;-0.312849;-18.141
13.2676;-92.9583;0.395077;0.129572;-0.306248;-18.1445
22.093;-92.9583;0.380871;0.153002;-0.303495;-18.0805
30.9185;-92.9583;0.363855;0.177713;-0.303016;-17.935
39.7439;-92.9583;0.376496;0.208258;-0.303731;-17.7223
48.5694;-92.9583;0.487471;0.236112;-0.316297;-17.4951
57.3948;-92.9583;0.551066;0.267652;-0.331943;-17.2123
66.2203;-92.9583;0.630783;0.291364;-0.329913;-16.8834
75.0458;-92.9583;0.724261;0.306012;-0.310057;-16.5014
83.8712;-92.9583;0.780072;0.306853;-0.29063;-15.9911
92.6967;-92.9583;0.761836;0.307719;-0.274454;-15.3719
101.522;-92.9583;0.837905;0.302173;-0.249784;-14.7726
110.348;-92.9583;0.952159;0.293711;-0.217952;-14.1726
119.173;-92.9583;1.06438;0.278134;-0.187628;-13.5094
127.998;-92.9583;1.14623;0.261675;-0.157216;-12.7738
136.824;-92.9583;1.18559;0.24195;-0.130854;-11.9484
145.649;-92.9583;1.10536;0.221398;-0.108312;-11.0036
154.475;-92.9583;1.02746;0.19594;-0.0839793;-10.0284
163.3;-92.9583;1.0006;0.167817;-0.0550727;-9.06548
172.126;-92.9583;1.02673;0.138197;-0.0282244;-8.11681
180.951;-92.9583;0.997073;0.115628;-0.00956804;-7.13371
189.777;-92.9583;0.930117;0.0885127;0.00472571;-6.10285
198.602;-92.9583;0.864997;0.0582766;0.0148644;-5.04754
207.428;-92.9583;0.829442;0.0262782;0.0208577;-3.98516
216.253;-92.9583;0.814769;-0.00837793;0.0267235;-2.92119
225.078;-92.9583;0.849997;-0.0339195;0.0272605;-1.91171
-207.369;-101.784;0.457489;0.0932929;0.0463696;-2.10003
-198.543;-101.784;0.388544;0.067172;0.0172499;-3.0902
-189.718;-101.784;0.455483;0.0336496;-0.0112607;-4.10518
-180.892;-101.784;0.46562;0.0116825;-0.0327575;-5.05446
-172.067;-101.784;0.429998;-0.0121261;-0.0499409;-5.95958
-163.242;-101.784;0.383062;-0.03829;-0.069639;-6.84725
-154.416;-101.784;0.344039;-0.0587938;-0.089228;-7.71998
-145.591;-101.784;0.332016;-0.0696413;-0.105288;-8.5778
-136.765;-101.784;0.337374;-0.0756546;-0.119291;-9.41916
-127.94;-101.784;0.32139;-0.085648;-0.139868;-10.229
-119.114;-101.784;0.283981;-0.0992342;-0.164314;-11.0245
-110.289;-101.784;0.298278;-0.106964;-0.185376;-11.7946
-101.463;-101.784;0.288076;-0.110516;-0.206298;-12.5325
-92.6379;-101.784;0.294825;-0.109501;-0.227732;-13.23
-83.8124;-101.784;0.317045;-0.104095;-0.247003;-13.8755
-74.987;-101.784;0.329021;-0.0962704;-0.263419;-14.4688
-66.1615;-101.784;0.330447;-0.0876661;-0.278183;-15.0357
-57.3361;-101.784;0.359065;-0.0740468;-0.285075;-15.5477
-48.5106;-101.784;0.355122;-0.0562966;-0.291452;-15.9881
-39.6852;-101.784;0.33797;-0.0385758;-0.300581;-16.367
-30.8597;-101.784;0.347957;-0.0182632;-0.308146;-16.6899
-22.0342;-101.784;0.380379;0.00793063;-0.312245;-16.9667
-13.2088;-101.784;0.395041;0.0387734;-0.31602;-17.1913
-4.38334;-101.784;0.385617;0.0692192;-0.316921;-17.349
4.44212;-101.784;0.372576;0.102903;-0.310948;-17.4017
13.2676;-101.784;0.35434;0.127112;-0.303247;-17.3953
22.093;-101.784;0.337964;0.149369;-0.302894;-17.3352
30.9185;-101.784;0.328248;0.174876;-0.310767;-17.1937
39.7439;-101.784;0.339061;0.20782;-0.325819;-16.9886
48.5694;-101.784;0.448106;0.239926;-0.347301;-16.7577
57.3948;-101.784;0.506423;0.267853;-0.356844;-16.4713
66.2203;-101.784;0.564621;0.28299;-0.345798;-16.1178
75.0458;-101.784;0.620854;0.285268;-0.320187;-15.6794
83.8712;-101.784;0.649567;0.282694;-0.296675;-15.1597
92.6967;-101.784;0.657558;0.283752;-0.276913;-14.5843
101.522;-101.784;0.751154;0.280392;-0.249469;-14.0215
110.348;-101.784;0.847233;0.272646;-0.21562;-13.4189
119.173;-101.784;0.931605;0.255133;-0.183297;-12.7402
127.998;-101.784;0.988091;0.235419;-0.15242;-11.9919
136.824;-101.784;0.964505;0.215186;-0.126904;-11.1258
145.649;-101.784;0.82754;0.19761;-0.103745;-10.1528
154.475;-101.784;0.777424;0.174173;-0.0780047;-9.23
163.3;-101.784;0.829083;0.146384;-0.0473529;-8.3622
172.126;-101.784;0.8994;0.113948;-0.0184296;-7.46463
180.951;-101.784;0.885107;0.0899909;0.00215287;-6.50266
189.777;-101.784;0.825513;0.0647647;0.0126731;-5.4856
198.602;-101.784;0.776868;0.0390591;0.0215942;-4.45625
207.428;-101.784;0.770582;0.00995114;0.0292204;-3.4288
216.253;-101.784;0.780465;-0.0180178;0.0350538;-2.41108
225.078;-101.784;0.847045;-0.0424695;0.0356407;-1.44297
-198.543;-110.609;0.374494;0.068753;0.0212968;-2.63978
-189.718;-110.609;0.488744;0.0361945;-0.00562932;-3.67454
-180.892;-110.609;0.53663;0.011993;-0.0243752;-4.61978
-172.067;-110.609;0.450198;-0.0150085;-0.04476;-5.51607
-163.242;-110.609;0.416593;-0.0379717;-0.0654143;-6.38454
-154.416;-110.609;0.403253;-0.0566672;-0.0846415;-7.2424
-145.591;-110.609;0.39263;-0.0676259;-0.100628;-8.08792
-136.765;-110.609;0.37755;-0.071639;-0.114943;-8.90774
-127.94;-110.609;0.339126;-0.0759213;-0.132985;-9.68155
-119.114;-110.609;0.276869;-0.085332;-0.155987;-10.4343
-110.289;-110.609;0.250242;-0.0950532;-0.179712;-11.1782
-101.463;-110.609;0.235393;-0.101137;-0.204143;-11.9061
-92.6379;-110.609;0.262347;-0.101681;-0.226597;-12.5986
-83.8124;-110.609;0.286235;-0.0965709;-0.248634;-13.2297
-74.987;-110.609;0.271429;-0.0899762;-0.270806;-13.7854
-66.1615;-110.609;0.250868;-0.0844903;-0.288817;-14.3281
-57.3361;-110.609;0.284314;-0.0725365;-0.295436;-14.8308
-48.5106;-110.609;0.310112;-0.052798;-0.296903;-15.2643
-39.6852;-110.609;0.290947;-0.0332228;-0.302549;-15.6344
-30.8597;-110.609;0.282089;-0.0123567;-0.306029;-15.9406
-22.0342;-110.609;0.30073;0.0128317;-0.307964;-16.1994
-13.2088;-110.609;0.314547;0.0414367;-0.309629;-16.4131
-4.38334;-110.609;0.30986;0.0697649;-0.311152;-16.5737
4.44212;-110.609;0.307886;0.102374;-0.307038;-16.6322
13.2676;-110.609;0.312171;0.124774;-0.299916;-16.6245
22.093;-110.609;0.314813;0.147224;-0.303947;-16.5725
30.9185;-110.609;0.320735;0.171621;-0.31685;-16.4405
39.7439;-110.609;0.349375;0.199157;-0.334121;-16.2463
48.5694;-110.609;0.458454;0.225707;-0.348474;-16.0188
57.3948;-110.609;0.519264;0.249355;-0.349686;-15.7327
66.2203;-110.609;0.559321;0.261616;-0.335703;-15.3612
75.0458;-110.609;0.601053;0.26535;-0.312537;-14.9195
83.8712;-110.609;0.647694;0.265297;-0.289192;-14.4235
92.6967;-110.609;0.688522;0.264096;-0.266669;-13.8915
101.522;-110.609;0.785661;0.257422;-0.238948;-13.337
110.348;-110.609;0.802522;0.247046;-0.209332;-12.6612
119.173;-110.609;0.766508;0.229432;-0.179694;-11.8907
127.998;-110.609;0.709498;0.210175;-0.151969;-11.0733
136.824;-110.609;0.587613;0.190911;-0.127429;-10.1608
145.649;-110.609;0.529717;0.16887;-0.100533;-9.26299
154.475;-110.609;0.606448;0.144214;-0.0684073;-8.46042
163.3;-110.609;0.73698;0.118191;-0.0325019;-7.68428
172.126;-110.609;0.79492;0.0845014;-0.00369882;-6.79782
180.951;-110.609;0.708562;0.0594072;0.0176842;-5.77466
189.777;-110.609;0.66971;0.0362178;0.0267291;-4.78459
198.602;-110.609;0.688757;0.017239;0.0295749;-3.83711
207.428;-110.609;0.776982;-0.00711003;0.0369162;-2.90438
216.253;-110.609;0.830362;-0.032282;0.0465678;-1.93922
-198.543;-119.435;0.341535;0.0619621;0.0276857;-2.1543
-189.718;-119.435;0.416687;0.0401101;0.00515823;-3.1346
-180.892;-119.435;0.466466;0.0118807;-0.0162147;-4.10525
-172.067;-119.435;0.388113;-0.0217705;-0.0396057;-5.00442
-163.242;-119.435;0.403327;-0.040582;-0.0590351;-5.85808
-154.416;-119.435;0.410799;-0.0562404;-0.0779478;-6.69893
-145.591;-119.435;0.389021;-0.0671355;-0.0944939;-7.51326
-136.765;-119.435;0.357531;-0.0693588;-0.108244;-8.30959
-127.94;-119.435;0.312843;-0.0657136;-0.12183;-9.0506
-119.114;-119.435;0.233549;-0.0728101;-0.146319;-9.78276
-110.289;-119.435;0.204623;-0.0805778;-0.172876;-10.5073
-101.463;-119.435;0.19015;-0.0902436;-0.201263;-11.2222
-92.6379;-119.435;0.222986;-0.0942148;-0.228;-11.9062
-83.8124;-119.435;0.24528;-0.0914102;-0.253721;-12.5283
-74.987;-119.435;0.21871;-0.0875848;-0.27766;-13.0662
-66.1615;-119.435;0.184169;-0.0851111;-0.296997;-13.5948
-57.3361;-119.435;0.211942;-0.0760678;-0.306016;-14.0943
-48.5106;-119.435;0.25392;-0.057893;-0.305781;-14.5325
-39.6852;-119.435;0.245282;-0.037587;-0.305338;-14.9003
-30.8597;-119.435;0.218359;-0.0152574;-0.303123;-15.1719
-22.0342;-119.435;0.200347;0.0106571;-0.29964;-15.3838
-13.2088;-119.435;0.198512;0.0392354;-0.295963;-15.5721
-4.38334;-119.435;0.222645;0.0670889;-0.295101;-15.7391
4.44212;-119.435;0.25549;0.097804;-0.295239;-15.824
13.2676;-119.435;0.312559;0.122241;-0.293803;-15.848
22.093;-119.435;0.354279;0.145152;-0.303236;-15.8038
30.9185;-119.435;0.361137;0.166359;-0.317417;-15.6648
39.7439;-119.435;0.365679;0.185777;-0.327947;-15.4509
48.5694;-119.435;0.452367;0.202305;-0.329438;-15.2197
57.3948;-119.435;0.535509;0.220225;-0.324491;-14.9399
66.2203;-119.435;0.577088;0.232988;-0.313681;-14.5693
75.0458;-119.435;0.60525;0.239517;-0.296617;-14.1282
83.8712;-119.435;0.645644;0.239795;-0.275567;-13.6368
92.6967;-119.435;0.685306;0.235004;-0.253802;-13.1034
101.522;-119.435;0.709538;0.227634;-0.229677;-12.4976
110.348;-119.435;0.653183;0.219071;-0.199519;-11.7669
119.173;-119.435;0.542803;0.200945;-0.169638;-10.9469
127.998;-119.435;0.434716;0.18104;-0.145131;-10.1293
136.824;-119.435;0.377765;0.159986;-0.120068;-9.31944
145.649;-119.435;0.460743;0.136218;-0.0880828;-8.55535
154.475;-119.435;0.678014;0.108152;-0.0494443;-7.84795
163.3;-119.435;0.792124;0.0798616;-0.0132478;-7.03741
172.126;-119.435;0.654691;0.0512415;0.0116615;-6.01904
180.951;-119.435;0.479701;0.0273718;0.0314651;-4.93825
189.777;-119.435;0.558894;0.00101091;0.0444555;-4.06188
198.602;-119.435;0.733368;-0.018116;0.05599;-3.27161
207.428;-119.435;0.920447;-0.0350914;0.0606914;-2.45698
216.253;-119.435;0.98772;-0.0534431;0.0622904;-1.53026
-189.718;-128.26;0.330104;0.0355641;0.0135047;-2.58127
-180.892;-128.26;0.386365;0.0111567;-0.00729619;-3.50176
-172.067;-128.26;0.328753;-0.0243734;-0.0335997;-4.4136
-163.242;-128.26;0.347664;-0.0426851;-0.0519609;-5.26058
-154.416;-128.26;0.332685;-0.0603959;-0.0730946;-6.08305
-145.591;-128.26;0.277052;-0.0724563;-0.0909508;-6.85013
-136.765;-128.26;0.235904;-0.0740977;-0.10498;-7.62635
-127.94;-128.26;0.224616;-0.0661906;-0.117676;-8.36706
-119.114;-128.26;0.174165;-0.067057;-0.143132;-9.10051
-110.289;-128.26;0.158062;-0.0723587;-0.171851;-9.80649
-101.463;-128.26;0.128957;-0.0790459;-0.198541;-10.4774
-92.6379;-128.26;0.143242;-0.0845776;-0.228288;-11.1279
-83.8124;-128.26;0.173156;-0.0858322;-0.258237;-11.7489
-74.987;-128.26;0.17153;-0.0846482;-0.281606;-12.3103
-66.1615;-128.26;0.139145;-0.0834137;-0.300461;-12.8281
-57.3361;-128.26;0.142828;-0.077747;-0.312129;-13.3265
-48.5106;-128.26;0.204011;-0.0657958;-0.311687;-13.7809
-39.6852;-128.26;0.181787;-0.0475127;-0.308194;-14.1333
-30.8597;-128.26;0.0809263;-0.0228519;-0.303387;-14.3261
-22.0342;-128.26;7.70001e-05;0.00527258;-0.295501;-14.4602
-13.2088;-128.26;0.0113734;0.0350328;-0.283716;-14.6341
-4.38334;-128.26;0.106092;0.0668322;-0.274863;-14.8526
4.44212;-128.26;0.206621;0.0979665;-0.2792;-14.9995
13.2676;-128.26;0.316959;0.120766;-0.284112;-15.0394
22.093;-128.26;0.407715;0.142695;-0.295668;-14.9962
30.9185;-128.26;0.411597;0.159656;-0.306268;-14.8283
39.7439;-128.26;0.329664;0.172026;-0.310279;-14.5673
48.5694;-128.26;0.357268;0.184247;-0.305888;-14.3077
57.3948;-128.26;0.424296;0.197771;-0.298196;-14.0226
66.2203;-128.26;0.461311;0.209088;-0.289587;-13.6544
75.0458;-128.26;0.46609;0.213981;-0.276382;-13.1981
83.8712;-128.26;0.453032;0.212641;-0.259169;-12.6718
92.6967;-128.26;0.43056;0.207812;-0.240664;-12.0923
101.522;-128.26;0.442368;0.198327;-0.218379;-11.4788
110.348;-128.26;0.456589;0.187418;-0.187349;-10.8042
119.173;-128.26;0.425076;0.171846;-0.155762;-10.0795
127.998;-128.26;0.37355;0.153457;-0.128615;-9.34929
136.824;-128.26;0.401446;0.133563;-0.101481;-8.64555
145.649;-128.26;0.586621;0.109393;-0.0677112;-7.97723
154.475;-128.26;0.682544;0.0845927;-0.0274717;-7.17991
163.3;-128.26;0.591445;0.0492119;-0.00105769;-6.17095
172.126;-128.26;0.334128;0.0215497;0.0200934;-5.05903
180.951;-128.26;0.261674;-0.00308725;0.0402946;-4.08041
189.777;-128.26;0.616094;-0.0352288;0.0609627;-3.44452
198.602;-128.26;1.02082;-0.0561451;0.0796239;-2.84014
207.428;-128.26;1.24325;-0.0681453;0.0805006;-2.10176
-189.718;-137.086;0.203984;0.0211134;0.0203814;-1.98224
-180.892;-137.086;0.280538;0.00281231;-0.001521;-2.87064
-172.067;-137.086;0.26984;-0.0238017;-0.0241004;-3.74617
-163.242;-137.086;0.271118;-0.0445633;-0.045274;-4.60559
-154.416;-137.086;0.204298;-0.0679774;-0.0715073;-5.41273
-145.591;-137.086;0.113352;-0.0840741;-0.0923365;-6.14852
-136.765;-137.086;0.0827192;-0.0864815;-0.107988;-6.91713
-127.94;-137.086;0.121488;-0.0746237;-0.121061;-7.66762
-119.114;-137.086;0.124285;-0.0660482;-0.145937;-8.40202
-110.289;-137.086;0.105864;-0.0673434;-0.17435;-9.0869
-101.463;-137.086;0.0537877;-0.0703603;-0.198991;-9.71036
-92.6379;-137.086;0.0451167;-0.0765081;-0.227972;-10.3289
-83.8124;-137.086;0.100233;-0.0807387;-0.257042;-10.954
-74.987;-137.086;0.141216;-0.0805651;-0.279179;-11.524
-66.1615;-137.086;0.101795;-0.077815;-0.298524;-12.0163
-57.3361;-137.086;0.0532972;-0.0736228;-0.313786;-12.5006
-48.5106;-137.086;0.127575;-0.0699863;-0.31454;-12.9523
-39.6852;-137.086;0.0286172;-0.054466;-0.315301;-13.2238
-30.8597;-137.086;-0.273566;-0.0293883;-0.316014;-13.2365
-22.0342;-137.086;-0.482986;-0.00159752;-0.309666;-13.2352
-13.2088;-137.086;-0.394958;0.0277034;-0.290705;-13.4325
-4.38334;-137.086;-0.160259;0.0668315;-0.268068;-13.8152
4.44212;-137.086;0.0495547;0.0993034;-0.265377;-14.0499
13.2676;-137.086;0.184371;0.117722;-0.275433;-14.0967
22.093;-137.086;0.269426;0.133334;-0.28804;-14.0328
30.9185;-137.086;0.29586;0.146403;-0.294595;-13.8681
39.7439;-137.086;0.265419;0.156364;-0.294122;-13.6251
48.5694;-137.086;0.251233;0.165431;-0.290876;-13.3508
57.3948;-137.086;0.287707;0.175836;-0.286832;-13.0518
66.2203;-137.086;0.319391;0.183854;-0.27686;-12.6761
75.0458;-137.086;0.315743;0.18638;-0.262008;-12.207
83.8712;-137.086;0.274836;0.183683;-0.245189;-11.6595
92.6967;-137.086;0.222079;0.178817;-0.228114;-11.0683
101.522;-137.086;0.240691;0.170222;-0.206257;-10.4866
110.348;-137.086;0.338931;0.159993;-0.1751;-9.91167
119.173;-137.086;0.416958;0.144682;-0.141467;-9.29336
127.998;-137.086;0.452396;0.125612;-0.109596;-8.63471
136.824;-137.086;0.513487;0.103487;-0.080035;-7.95488
145.649;-137.086;0.639541;0.0755257;-0.0547647;-7.2331
154.475;-137.086;0.513453;0.0497066;-0.0286789;-6.27571
163.3;-137.086;0.229613;0.0190677;-0.00418213;-5.15099
172.126;-137.086;0.0130513;-0.00356007;0.0235623;-4.0978
180.951;-137.086;0.237327;-0.0320003;0.0487974;-3.37378
189.777;-137.086;0.937864;-0.0719221;0.0735037;-3.01512
198.602;-137.086;1.47691;-0.0961275;0.0900423;-2.50268
-189.718;-145.911;0.0902346;0.00741257;0.0283454;-1.3466
-180.892;-145.911;0.159943;-0.00541539;0.00544039;-2.21199
-172.067;-145.911;0.170509;-0.026819;-0.0166858;-3.06869
-163.242;-145.911;0.16695;-0.0457321;-0.037435;-3.90987
-154.416;-145.911;0.100799;-0.0681602;-0.0645501;-4.69853
-145.591;-145.911;0.0122636;-0.0870405;-0.0887031;-5.42874
-136.765;-145.911;-0.00793961;-0.0932966;-0.109512;-6.20157
-127.94;-145.911;0.0512452;-0.0819299;-0.125173;-6.95708
-119.114;-145.911;0.0829991;-0.068706;-0.146535;-7.67612
-110.289;-145.911;0.0553347;-0.0664708;-0.170029;-8.3346
-101.463;-145.911;-0.0207305;-0.0679363;-0.194165;-8.92702
-92.6379;-145.911;-0.0390889;-0.0738354;-0.222086;-9.5213
-83.8124;-145.911;0.0526723;-0.0781169;-0.248082;-10.1475
-74.987;-145.911;0.128562;-0.0762697;-0.268462;-10.7215
-66.1615;-145.911;0.0630938;-0.0709263;-0.290104;-11.1784
-57.3361;-145.911;-0.055923;-0.0674068;-0.312606;-11.6006
-48.5106;-145.911;-0.017129;-0.0712684;-0.319983;-11.9953
-39.6852;-145.911;-0.243782;-0.0523448;-0.330186;-12.1358
-30.8597;-145.911;-0.854927;-0.0258223;-0.342592;-11.9563
-22.0342;-145.911;-1.39468;0.00577274;-0.345042;-11.8456
-13.2088;-145.911;-1.38932;0.0377129;-0.327156;-12.0341
-4.38334;-145.911;-0.794729;0.0648139;-0.294191;-12.4907
4.44212;-145.911;-0.285505;0.0950824;-0.278218;-12.9108
13.2676;-145.911;-0.087395;0.10943;-0.28589;-13.0211
22.093;-145.911;0.0158422;0.118907;-0.292701;-12.9665
30.9185;-145.911;0.0982888;0.127084;-0.291785;-12.8244
39.7439;-145.911;0.154099;0.134824;-0.286644;-12.6226
48.5694;-145.911;0.173692;0.143902;-0.28236;-12.3652
57.3948;-145.911;0.203699;0.152907;-0.279874;-12.0635
66.2203;-145.911;0.23575;0.15982;-0.268837;-11.6958
75.0458;-145.911;0.245227;0.161368;-0.250869;-11.2433
83.8712;-145.911;0.217334;0.157777;-0.230679;-10.7143
92.6967;-145.911;0.169748;0.152303;-0.211567;-10.1461
101.522;-145.911;0.201812;0.144251;-0.188454;-9.59966
110.348;-145.911;0.327222;0.133572;-0.158999;-9.07667
119.173;-145.911;0.437788;0.116598;-0.127712;-8.48971
127.998;-145.911;0.495;0.0947741;-0.096457;-7.82446
136.824;-145.911;0.517462;0.070403;-0.0678262;-7.09582
145.649;-145.911;0.45876;0.0490921;-0.0451734;-6.25952
154.475;-145.911;0.306745;0.0218722;-0.0230433;-5.32334
163.3;-145.911;0.153618;-0.0119507;-0.0014394;-4.34134
172.126;-145.911;0.179188;-0.0285158;0.0339994;-3.53163
180.951;-145.911;0.701274;-0.0606828;0.0621313;-3.04323
189.777;-145.911;1.50216;-0.105341;0.0837134;-2.73575
198.602;-145.911;1.90135;-0.138906;0.110468;-2.0313
-172.067;-154.736;0.107577;-0.024774;-0.00219194;-2.39168
-163.242;-154.736;0.0921211;-0.04284;-0.0239805;-3.20692
-154.416;-154.736;0.0501219;-0.05639;-0.0455033;-3.97006
-145.591;-154.736;0.00681184;-0.0746183;-0.0716032;-4.71479
-136.765;-154.736;0.000105508;-0.0862902;-0.0993741;-5.48793
-127.94;-154.736;0.0375059;-0.0817686;-0.120122;-6.23062
-119.114;-154.736;0.0555528;-0.0721043;-0.136704;-6.91815
-110.289;-154.736;0.0243773;-0.0708315;-0.15415;-7.55645
-101.463;-154.736;-0.0737166;-0.0713946;-0.17899;-8.13065
-92.6379;-154.736;-0.0981052;-0.0749171;-0.207477;-8.69992
-83.8124;-154.736;0.00812484;-0.076195;-0.231354;-9.31176
-74.987;-154.736;0.0968296;-0.0721647;-0.25068;-9.87236
-66.1615;-154.736;0.0302963;-0.0672897;-0.275475;-10.3094
-57.3361;-154.736;-0.120442;-0.0674397;-0.304392;-10.6998
-48.5106;-154.736;-0.119171;-0.0724887;-0.318383;-11.065
-39.6852;-154.736;-0.359953;-0.0566354;-0.330927;-11.1786
-30.8597;-154.736;-0.962424;-0.0312995;-0.348792;-10.9841
-22.0342;-154.736;-1.5519;-0.00448556;-0.357249;-10.8331
-13.2088;-154.736;-1.69009;0.0167248;-0.347045;-10.9166
-4.38334;-154.736;-1.19997;0.0348565;-0.324933;-11.2572
4.44212;-154.736;-0.431069;0.0721606;-0.314477;-11.7904
13.2676;-154.736;-0.166366;0.0891431;-0.308829;-11.9762
22.093;-154.736;-0.0484312;0.0968124;-0.301391;-11.9569
30.9185;-154.736;0.0507397;0.102938;-0.291056;-11.8359
39.7439;-154.736;0.133965;0.11049;-0.27936;-11.6473
48.5694;-154.736;0.171547;0.118859;-0.268038;-11.376
57.3948;-154.736;0.202988;0.127386;-0.262259;-11.0709
66.2203;-154.736;0.234152;0.134222;-0.24918;-10.7164
75.0458;-154.736;0.254001;0.136625;-0.229972;-10.3028
83.8712;-154.736;0.251398;0.134125;-0.208066;-9.82709
92.6967;-154.736;0.231654;0.127811;-0.186332;-9.30019
101.522;-154.736;0.278585;0.118929;-0.161558;-8.77363
110.348;-154.736;0.36806;0.107647;-0.135112;-8.23692
119.173;-154.736;0.400611;0.0929117;-0.110211;-7.6098
127.998;-154.736;0.367562;0.0739547;-0.0852743;-6.88766
136.824;-154.736;0.317721;0.0517855;-0.0602137;-6.11006
145.649;-154.736;0.262879;0.0308016;-0.0381544;-5.29499
154.475;-154.736;0.299177;0.00334573;-0.0153991;-4.5383
163.3;-154.736;0.485259;-0.0223036;0.010235;-3.89404
172.126;-154.736;0.865376;-0.0400073;0.0417899;-3.39615
180.951;-154.736;1.47307;-0.0719584;0.069079;-2.99286
189.777;-154.736;1.94556;-0.122059;0.101362;-2.34017
-163.242;-163.562;0.0790152;-0.0320641;-0.00400157;-2.49025
-154.416;-163.562;0.0396887;-0.0427271;-0.0256537;-3.23688
-145.591;-163.562;0.0390774;-0.0548876;-0.046492;-3.98775
-136.765;-163.562;0.0553486;-0.070629;-0.0748315;-4.74862
-127.94;-163.562;0.0618817;-0.0747014;-0.0982484;-5.46786
-119.114;-163.562;0.0588393;-0.0703605;-0.113326;-6.12721
-110.289;-163.562;0.0224944;-0.0734959;-0.129752;-6.75218
-101.463;-163.562;-0.0786302;-0.07307;-0.156109;-7.31737
-92.6379;-163.562;-0.137846;-0.073503;-0.187713;-7.86741
-83.8124;-163.562;-0.0604198;-0.0722515;-0.212077;-8.4455
-74.987;-163.562;0.0199828;-0.0690988;-0.231706;-8.97946
-66.1615;-163.562;-0.0360208;-0.0676988;-0.257378;-9.40634
-57.3361;-163.562;-0.171488;-0.0694862;-0.288225;-9.78726
-48.5106;-163.562;-0.100055;-0.0723281;-0.302897;-10.1864
-39.6852;-163.562;-0.150417;-0.0567956;-0.313386;-10.4392
-30.8597;-163.562;-0.515467;-0.0319029;-0.335975;-10.4338
-22.0342;-163.562;-0.914339;-0.011521;-0.351508;-10.351
-13.2088;-163.562;-1.04325;0.00144266;-0.347558;-10.3579
-4.38334;-163.562;-0.776274;0.0188053;-0.331631;-10.555
4.44212;-163.562;-0.223521;0.0479715;-0.327147;-10.9067
13.2676;-163.562;-0.025849;0.0657163;-0.31591;-11.0592
22.093;-163.562;0.0597839;0.0732965;-0.29786;-11.0324
30.9185;-163.562;0.127753;0.0779725;-0.277981;-10.8911
39.7439;-163.562;0.190742;0.0861207;-0.258901;-10.6863
48.5694;-163.562;0.22681;0.0951373;-0.238685;-10.4087
57.3948;-163.562;0.256232;0.100869;-0.226628;-10.0868
66.2203;-163.562;0.278704;0.105273;-0.212166;-9.72677
75.0458;-163.562;0.284006;0.107545;-0.195222;-9.33398
83.8712;-163.562;0.275785;0.106301;-0.174822;-8.89671
92.6967;-163.562;0.273613;0.100909;-0.151666;-8.40688
101.522;-163.562;0.31994;0.0944517;-0.127381;-7.89662
110.348;-163.562;0.37263;0.0838274;-0.104676;-7.34966
119.173;-163.562;0.361049;0.070927;-0.0847108;-6.71352
127.998;-163.562;0.304855;0.0561159;-0.0649071;-6.00478
136.824;-163.562;0.268893;0.0400013;-0.0428335;-5.27478
145.649;-163.562;0.298098;0.0231197;-0.0195861;-4.56502
154.475;-163.562;0.516715;0.00401424;0.00629929;-3.9756
163.3;-163.562;0.916972;-0.017431;0.0300648;-3.54839
172.126;-163.562;1.33577;-0.0416264;0.0537812;-3.09854
180.951;-163.562;1.76178;-0.082074;0.0761692;-2.54372
189.777;-163.562;1.95386;-0.124357;0.106613;-1.6833
-154.416;-172.387;0.0388049;-0.0331261;-0.00713725;-2.49486
-145.591;-172.387;0.0260543;-0.0499162;-0.030558;-3.22233
-136.765;-172.387;0.0415776;-0.0641024;-0.0553521;-3.96295
-127.94;-172.387;0.0330074;-0.069135;-0.0770645;-4.64572
-119.114;-172.387;0.0175696;-0.0673342;-0.0925349;-5.27784
-110.289;-172.387;-0.00561309;-0.0680752;-0.112217;-5.90801
-101.463;-172.387;-0.0843776;-0.0641522;-0.140681;-6.48538
-92.6379;-172.387;-0.143441;-0.0636891;-0.168389;-7.01801
-83.8124;-172.387;-0.105427;-0.0668031;-0.189505;-7.54101
-74.987;-172.387;-0.0493649;-0.0686058;-0.20917;-8.04891
-66.1615;-172.387;-0.0909403;-0.0690293;-0.232061;-8.4679
-57.3361;-172.387;-0.219694;-0.0690236;-0.259536;-8.83005
-48.5106;-172.387;-0.171459;-0.0653599;-0.274844;-9.22159
-39.6852;-172.387;-0.0325098;-0.0529278;-0.284316;-9.59016
-30.8597;-172.387;-0.102992;-0.0354878;-0.304821;-9.76933
-22.0342;-172.387;-0.230359;-0.0199709;-0.321516;-9.84028
-13.2088;-172.387;-0.213068;-0.00429112;-0.320736;-9.92988
-4.38334;-172.387;-0.0162933;0.0213298;-0.305171;-10.127
4.44212;-172.387;0.151005;0.039915;-0.29869;-10.2487
13.2676;-172.387;0.216118;0.0488358;-0.290077;-10.2494
22.093;-172.387;0.217099;0.0534834;-0.270619;-10.1341
30.9185;-172.387;0.209244;0.0577007;-0.245621;-9.92821
39.7439;-172.387;0.228127;0.0665747;-0.222751;-9.69367
48.5694;-172.387;0.27108;0.0745285;-0.199417;-9.43048
57.3948;-172.387;0.289386;0.0784027;-0.18364;-9.11515
66.2203;-172.387;0.29263;0.0805579;-0.169614;-8.75304
75.0458;-172.387;0.290331;0.0813495;-0.154572;-8.35869
83.8712;-172.387;0.285531;0.0815256;-0.136013;-7.93826
92.6967;-172.387;0.287534;0.0785776;-0.114939;-7.47734
101.522;-172.387;0.323684;0.0723759;-0.0907769;-6.98086
110.348;-172.387;0.381566;0.0598633;-0.0677711;-6.45045
119.173;-172.387;0.392195;0.0479587;-0.0489015;-5.85893
127.998;-172.387;0.374335;0.0385572;-0.03395;-5.22531
136.824;-172.387;0.389772;0.0289165;-0.0179515;-4.58615
145.649;-172.387;0.505516;0.0139857;0.00145228;-3.98682
154.475;-172.387;0.793738;-0.00368147;0.0229422;-3.49368
163.3;-172.387;1.10018;-0.0227068;0.0451019;-2.99962
172.126;-172.387;1.40239;-0.0541729;0.0592148;-2.44542
-145.591;-181.213;-0.00809266;-0.0453306;-0.0162404;-2.43109
-136.765;-181.213;-0.0514037;-0.0590915;-0.0360964;-3.1083
-127.94;-181.213;-0.0842678;-0.0675003;-0.0576805;-3.76872
-119.114;-181.213;-0.122212;-0.0679881;-0.0749505;-4.37255
-110.289;-181.213;-0.135257;-0.0670372;-0.0961654;-4.99658
-101.463;-181.213;-0.197982;-0.0568741;-0.120841;-5.5593
-92.6379;-181.213;-0.265882;-0.0554252;-0.143742;-6.06223
-83.8124;-181.213;-0.245224;-0.0598131;-0.160505;-6.54899
-74.987;-181.213;-0.163419;-0.0640158;-0.178776;-7.06139
-66.1615;-181.213;-0.145048;-0.0658478;-0.197466;-7.49551
-57.3361;-181.213;-0.242558;-0.0646402;-0.218766;-7.83982
-48.5106;-181.213;-0.233608;-0.0574434;-0.233086;-8.19279
-39.6852;-181.213;-0.0604836;-0.0475318;-0.242546;-8.58027
-30.8597;-181.213;0.0214196;-0.036739;-0.255847;-8.84412
-22.0342;-181.213;0.0527812;-0.0250033;-0.266502;-9.01612
-13.2088;-181.213;0.165789;-0.00842725;-0.265553;-9.17732
-4.38334;-181.213;0.36934;0.0145671;-0.255473;-9.35364
4.44212;-181.213;0.385145;0.028405;-0.254379;-9.39412
13.2676;-181.213;0.370838;0.0329699;-0.245958;-9.33274
22.093;-181.213;0.30413;0.0377697;-0.226184;-9.15958
30.9185;-181.213;0.226294;0.0428787;-0.201945;-8.89826
39.7439;-181.213;0.197626;0.0522498;-0.18047;-8.63531
48.5694;-181.213;0.240356;0.0605308;-0.16004;-8.38045
57.3948;-181.213;0.254808;0.0650027;-0.1433;-8.08194
66.2203;-181.213;0.256062;0.0641048;-0.12846;-7.73391
75.0458;-181.213;0.266766;0.0615423;-0.112144;-7.34856
83.8712;-181.213;0.278821;0.0622414;-0.0948106;-6.95086
92.6967;-181.213;0.283494;0.0625247;-0.0800618;-6.5198
101.522;-181.213;0.291821;0.0585272;-0.0635201;-6.03575
110.348;-181.213;0.330293;0.0465342;-0.0444883;-5.52111
119.173;-181.213;0.366243;0.0342248;-0.0267947;-4.97805
127.998;-181.213;0.402605;0.0251407;-0.0137095;-4.41649
136.824;-181.213;0.472044;0.0150688;-0.000617305;-3.84639
145.649;-181.213;0.632686;-0.00027954;0.0131385;-3.31158
154.475;-181.213;0.838849;-0.0190494;0.0275358;-2.77264
163.3;-181.213;1.02199;-0.0412419;0.0458274;-2.19052
-136.765;-190.038;-0.103805;-0.0506296;-0.0127192;-2.24016
-127.94;-190.038;-0.133638;-0.0592089;-0.0272516;-2.86513
-119.114;-190.038;-0.178201;-0.063747;-0.0440244;-3.46312
-110.289;-190.038;-0.214024;-0.0634427;-0.0659724;-4.0647
-101.463;-190.038;-0.312312;-0.0513526;-0.0881759;-4.58174
-92.6379;-190.038;-0.439364;-0.0506094;-0.110025;-5.02785
-83.8124;-190.038;-0.429465;-0.0539433;-0.124993;-5.49813
-74.987;-190.038;-0.299572;-0.0563241;-0.139531;-6.02063
-66.1615;-190.038;-0.195734;-0.0571989;-0.155198;-6.49266
-57.3361;-190.038;-0.215419;-0.0564569;-0.17304;-6.85632
-48.5106;-190.038;-0.205376;-0.0506172;-0.185133;-7.17913
-39.6852;-190.038;-0.113741;-0.0428454;-0.192664;-7.5015
-30.8597;-190.038;-0.0345143;-0.0341076;-0.20013;-7.76365
-22.0342;-190.038;0.0503374;-0.0226676;-0.207148;-7.97478
-13.2088;-190.038;0.176067;-0.00455378;-0.21149;-8.16228
-4.38334;-190.038;0.309871;0.0142357;-0.209785;-8.281
4.44212;-190.038;0.307591;0.02036;-0.205974;-8.27151
13.2676;-190.038;0.229242;0.0207989;-0.197991;-8.16205
22.093;-190.038;0.152682;0.0240271;-0.180912;-7.97454
30.9185;-190.038;0.0879796;0.029855;-0.162668;-7.74252
39.7439;-190.038;0.0704734;0.0380572;-0.145347;-7.5044
48.5694;-190.038;0.11659;0.0462688;-0.127272;-7.26804
57.3948;-190.038;0.141382;0.0505253;-0.110394;-6.99135
66.2203;-190.038;0.164629;0.0486214;-0.0927969;-6.6682
75.0458;-190.038;0.204904;0.0449852;-0.0731123;-6.30727
83.8712;-190.038;0.240165;0.0454314;-0.0560362;-5.93567
92.6967;-190.038;0.253287;0.0471195;-0.0477565;-5.53371
101.522;-190.038;0.253803;0.0448932;-0.0397238;-5.07259
110.348;-190.038;0.275318;0.0369893;-0.0298315;-4.58189
119.173;-190.038;0.309181;0.0273613;-0.0191594;-4.07301
127.998;-190.038;0.359393;0.0174382;-0.00889594;-3.54721
136.824;-190.038;0.437583;0.00674741;0.00197419;-2.99977
145.649;-190.038;0.568834;-0.0106397;0.0170116;-2.45407
154.475;-190.038;0.689671;-0.0315133;0.0349372;-1.86106
-119.114;-198.864;-0.191407;-0.0523688;-0.0107588;-2.56089
-110.289;-198.864;-0.206851;-0.0521367;-0.0290401;-3.11965
-101.463;-198.864;-0.336376;-0.0437732;-0.0543647;-3.62877
-92.6379;-198.864;-0.530313;-0.0458769;-0.0803822;-4.05356
-83.8124;-198.864;-0.529665;-0.0481669;-0.0938351;-4.5323
-74.987;-198.864;-0.387191;-0.0469404;-0.102407;-5.03932
-66.1615;-198.864;-0.234938;-0.0456658;-0.113392;-5.50627
-57.3361;-198.864;-0.167748;-0.0467798;-0.128647;-5.88297
-48.5106;-198.864;-0.157837;-0.043191;-0.141257;-6.19024
-39.6852;-198.864;-0.123925;-0.0378435;-0.15024;-6.45975
-30.8597;-198.864;-0.0933697;-0.0336419;-0.160441;-6.69664
-22.0342;-198.864;-0.0311365;-0.025983;-0.170356;-6.89637
-13.2088;-198.864;0.0687303;-0.0107614;-0.17745;-7.05794
-4.38334;-198.864;0.155685;0.00385452;-0.174574;-7.12383
4.44212;-198.864;0.141318;0.00779006;-0.167175;-7.08429
13.2676;-198.864;0.0949395;0.00665778;-0.156298;-6.97182
22.093;-198.864;0.0464379;0.0104527;-0.14296;-6.81223
30.9185;-198.864;-0.0056406;0.0164094;-0.130476;-6.61332
39.7439;-198.864;-0.0278897;0.0213269;-0.115806;-6.38818
48.5694;-198.864;0.0024192;0.025748;-0.0982491;-6.15562
57.3948;-198.864;0.0397654;0.0288955;-0.0795328;-5.89617
66.2203;-198.864;0.0877512;0.0288523;-0.058911;-5.6024
75.0458;-198.864;0.148636;0.0265844;-0.0369037;-5.2722
83.8712;-198.864;0.197641;0.0261045;-0.0200349;-4.92235
92.6967;-198.864;0.223242;0.0270766;-0.0157602;-4.54335
101.522;-198.864;0.2423;0.0269993;-0.0141715;-4.119
110.348;-198.864;0.271712;0.0237897;-0.0107563;-3.65956
119.173;-198.864;0.296587;0.0177855;-0.00584649;-3.15912
127.998;-198.864;0.320497;0.00803843;-0.00168127;-2.63493
136.824;-198.864;0.36691;-0.00456458;0.00623359;-2.09661
145.649;-198.864;0.459212;-0.0226185;0.0254564;-1.53679
-119.114;-207.689;-0.270276;-0.0406914;0.0131889;-1.6511
-110.289;-207.689;-0.239609;-0.0387115;-0.00489462;-2.19436
-101.463;-207.689;-0.329051;-0.0349613;-0.0315725;-2.69405
-92.6379;-207.689;-0.481461;-0.0408781;-0.0571909;-3.14166
-83.8124;-207.689;-0.458641;-0.0438939;-0.0648555;-3.60814
-74.987;-207.689;-0.369574;-0.0417127;-0.0691659;-4.07637
-66.1615;-207.689;-0.272917;-0.0397641;-0.0804841;-4.49634
-57.3361;-207.689;-0.212231;-0.0403684;-0.0938033;-4.84724
-48.5106;-207.689;-0.190162;-0.0405106;-0.108281;-5.14458
-39.6852;-207.689;-0.18102;-0.0368656;-0.119936;-5.38938
-30.8597;-207.689;-0.15931;-0.0339168;-0.131491;-5.59919
-22.0342;-207.689;-0.115259;-0.0299127;-0.143641;-5.77544
-13.2088;-207.689;-0.0509133;-0.0206612;-0.154213;-5.91338
-4.38334;-207.689;0.00354622;-0.0107597;-0.154836;-5.96906
4.44212;-207.689;0.00477394;-0.00779764;-0.146639;-5.93071
13.2676;-207.689;-0.00385704;-0.00875715;-0.133778;-5.83729
22.093;-207.689;-0.0242656;-0.0029857;-0.11934;-5.70343
30.9185;-207.689;-0.0591217;0.00241359;-0.103886;-5.52385
39.7439;-207.689;-0.0774599;0.00468737;-0.0854032;-5.31734
48.5694;-207.689;-0.0515214;0.00509826;-0.0649419;-5.10036
57.3948;-207.689;0.00848603;0.00598985;-0.0433176;-4.86454
66.2203;-207.689;0.0832326;0.00732731;-0.0209155;-4.59803
75.0458;-207.689;0.150646;0.00566443;0.00126533;-4.28999
83.8712;-207.689;0.20666;0.00432912;0.0166298;-3.96123
92.6967;-207.689;0.258251;0.00583112;0.0198452;-3.60889
101.522;-207.689;0.298289;0.0078896;0.0177751;-3.22625
110.348;-207.689;0.331689;0.00778656;0.0143853;-2.77652
119.173;-207.689;0.342435;0.00168124;0.0145402;-2.27893
127.998;-207.689;0.342419;-0.0081007;0.015674;-1.75336
136.824;-207.689;0.345072;-0.0193786;0.0215122;-1.21449
-83.8124;-216.515;-0.425025;-0.0413315;-0.0386428;-2.66857
-74.987;-216.515;-0.342981;-0.0405454;-0.0424453;-3.08477
-66.1615;-216.515;-0.297231;-0.0383987;-0.0535868;-3.47336
-57.3361;-216.515;-0.273867;-0.0386014;-0.0649683;-3.79598
-48.5106;-216.515;-0.270014;-0.0386609;-0.0783483;-4.07527
-39.6852;-216.515;-0.248733;-0.0360689;-0.0914285;-4.3046
-30.8597;-216.515;-0.207467;-0.0325638;-0.104621;-4.49419
-22.0342;-216.515;-0.160369;-0.0297243;-0.117745;-4.65207
-13.2088;-216.515;-0.115424;-0.0251832;-0.129515;-4.76755
-4.38334;-216.515;-0.0866525;-0.0203534;-0.134531;-4.81994
4.44212;-216.515;-0.0859569;-0.0188966;-0.131083;-4.80516
13.2676;-216.515;-0.084967;-0.0205535;-0.119776;-4.73937
22.093;-216.515;-0.101814;-0.0154758;-0.09909;-4.60722
30.9185;-216.515;-0.121603;-0.0130508;-0.0741541;-4.42912
39.7439;-216.515;-0.108677;-0.0142264;-0.0485402;-4.24791
48.5694;-216.515;-0.0414697;-0.0157892;-0.0230911;-4.08028
57.3948;-216.515;0.0683996;-0.0140731;0.00201929;-3.90563
66.2203;-216.515;0.166545;-0.0104255;0.0235155;-3.686
75.0458;-216.515;0.239702;-0.011015;0.0428067;-3.39321
83.8712;-216.515;0.320798;-0.0119786;0.0572385;-3.10308
92.6967;-216.515;0.405518;-0.0103341;0.0567617;-2.77651
101.522;-216.515;0.466776;-0.0120846;0.0477658;-2.40008
110.348;-216.515;0.457416;-0.0131707;0.035989;-1.93339
-83.8124;-225.34;-0.409622;-0.0380252;-0.0082953;-1.68222
-74.987;-225.34;-0.322957;-0.0401367;-0.0167697;-2.09062
-66.1615;-225.34;-0.290027;-0.0398524;-0.0292564;-2.45403
-57.3361;-225.34;-0.289719;-0.0390534;-0.0382421;-2.754
-48.5106;-225.34;-0.302424;-0.0378176;-0.0459168;-3.01054
-39.6852;-225.34;-0.267676;-0.0359643;-0.0579474;-3.23424
-30.8597;-225.34;-0.210982;-0.0333888;-0.0726629;-3.42649
-22.0342;-225.34;-0.170459;-0.0296184;-0.0880393;-3.57252
-13.2088;-225.34;-0.146156;-0.0253333;-0.0982134;-3.66894
-4.38334;-225.34;-0.140338;-0.0224243;-0.102105;-3.71062
4.44212;-225.34;-0.157586;-0.0227772;-0.102325;-3.69869
13.2676;-225.34;-0.18259;-0.0267196;-0.0956877;-3.63401
22.093;-225.34;-0.20455;-0.026111;-0.0688156;-3.49374
30.9185;-225.34;-0.193569;-0.0263832;-0.036381;-3.34157
39.7439;-225.34;-0.0969596;-0.02802;-0.00607429;-3.22316
48.5694;-225.34;0.0284013;-0.0275603;0.0227754;-3.12041
57.3948;-225.34;0.197788;-0.0249266;0.0498181;-2.99973
66.2203;-225.34;0.277118;-0.0193014;0.0665162;-2.83096
75.0458;-225.34;0.335775;-0.0186543;0.078126;-2.5467
83.8712;-225.34;0.402585;-0.0209433;0.0770833;-2.2143
92.6967;-225.34;0.42696;-0.0194666;0.0724009;-1.85211
-39.6852;-234.166;-0.239044;-0.0351191;-0.0211002;-2.19753
-30.8597;-234.166;-0.18196;-0.0354236;-0.0385103;-2.39477
-22.0342;-234.166;-0.162428;-0.0317492;-0.055983;-2.53318
-13.2088;-234.166;-0.163149;-0.0272261;-0.0640549;-2.60497
-4.38334;-234.166;-0.180063;-0.0238966;-0.0655474;-2.62603
4.44212;-234.166;-0.217999;-0.0247679;-0.0631867;-2.59407
13.2676;-234.166;-0.287226;-0.0300272;-0.0576041;-2.50602
22.093;-234.166;-0.260081;-0.0335284;-0.02983;-2.41265
30.9185;-234.166;-0.127673;-0.0346149;0.00188901;-2.38109
39.7439;-234.166;0.112247;-0.034854;0.0304507;-2.35754
48.5694;-234.166;0.272323;-0.033298;0.0521697;-2.25853
57.3948;-234.166;0.257318;-0.027938;0.0662284;-2.03622
66.2203;-234.166;0.114577;-0.0221822;0.063387;-1.74719
75.0458;-234.166;-0.0343728;-0.0238172;0.0562872;-1.38092
-4.38334;-242.991;-0.169057;-0.0238817;-0.0277722;-1.61364
4.44212;-242.991;-0.202343;-0.0233459;-0.0268913;-1.59515
13.2676;-242.991;-0.250817;-0.0284668;-0.0207599;-1.53739
22.093;-242.991;-0.0625753;-0.034216;0.00365237;-1.56567
30.9185;-242.991;0.271728;-0.0356232;0.0337106;-1.64886
