x[mm];y[mm];z[mm];x-displacement[mm];y-displacement[mm];z-displacement[mm]
-4.38334;224.758;0.115697;-0.0198613;0.0432241;-2.17213
4.44212;224.758;0.0164864;-0.0145599;0.0461151;-2.17852
13.2676;224.758;-0.0263853;-0.00532398;0.0428538;-2.14489
22.093;224.758;-0.0573264;-0.00263689;0.0328549;-2.06084
-39.6852;215.933;-0.0236217;-0.0228763;0.0663609;-2.4813
-30.8597;215.933;-0.110706;-0.0207382;0.0724034;-2.62511
-22.0342;215.933;-0.217603;-0.0177664;0.0672207;-2.69791
-13.2088;215.933;-0.282745;-0.00867987;0.0634187;-2.8137
-4.38334;215.933;-0.258786;-0.010196;0.0683914;-2.94463
4.44212;215.933;-0.243161;-0.00755436;0.0758297;-3.02883
13.2676;215.933;-0.236875;-0.000593703;0.0782453;-3.02792
22.093;215.933;-0.216982;0.00174629;0.0725628;-2.9777
30.9185;215.933;-0.190114;0.00269598;0.0669277;-2.90821
39.7439;215.933;-0.184509;0.00479286;0.0571014;-2.79377
48.5694;215.933;-0.226374;0.00662679;0.0454533;-2.6277
57.3948;215.933;-0.282106;0.00697453;0.0341107;-2.40837
66.2203;215.933;-0.344594;0.00452906;0.0322888;-2.15774
75.0458;215.933;-0.390934;0.00114995;0.0304778;-1.88062
-74.987;207.107;0.310109;-0.0471794;0.0503126;-2.39156
-66.1615;207.107;0.220077;-0.0397282;0.062592;-2.70806
-57.3361;207.107;0.0527837;-0.0340308;0.0760333;-2.96366
-48.5106;207.107;-0.00835472;-0.0329264;0.0885358;-3.24294
-39.6852;207.107;-0.0847791;-0.0291209;0.0969166;-3.44836
-30.8597;207.107;-0.343077;-0.024013;0.10897;-3.49711
-22.0342;207.107;-0.616261;-0.0181686;0.107726;-3.45576
-13.2088;207.107;-0.691359;-0.00829183;0.0987083;-3.5328
-4.38334;207.107;-0.578334;-0.00389856;0.0923071;-3.69291
4.44212;207.107;-0.485139;0.000399607;0.100383;-3.83928
13.2676;207.107;-0.40193;0.00598991;0.106079;-3.90919
22.093;207.107;-0.315914;0.00739594;0.103035;-3.91807
30.9185;207.107;-0.244018;0.00949676;0.0955994;-3.88081
39.7439;207.107;-0.213265;0.014678;0.0826275;-3.77881
48.5694;207.107;-0.231486;0.0186411;0.0674823;-3.61421
57.3948;207.107;-0.284992;0.0199303;0.0573155;-3.38443
66.2203;207.107;-0.341313;0.0198473;0.0568374;-3.12961
75.0458;207.107;-0.380589;0.0174213;0.056264;-2.84447
83.8712;207.107;-0.390712;0.0128955;0.0475812;-2.52639
92.6967;207.107;-0.374898;0.00955176;0.0277893;-2.16177
-110.289;198.282;0.583516;-0.0291065;0.00779484;-1.59488
-101.463;198.282;0.489507;-0.042008;0.0323177;-2.07743
-92.6379;198.282;0.390211;-0.0565127;0.0523345;-2.55217
-83.8124;198.282;0.339983;-0.0626184;0.0632991;-2.99399
-74.987;198.282;0.263229;-0.0562815;0.0721714;-3.3995
-66.1615;198.282;0.117529;-0.0428906;0.0809592;-3.7055
-57.3361;198.282;-0.0883866;-0.0327165;0.0967312;-3.94339
-48.5106;198.282;-0.117861;-0.0324972;0.106863;-4.20287
-39.6852;198.282;-0.151734;-0.0290594;0.112847;-4.42387
-30.8597;198.282;-0.371237;-0.0233896;0.126937;-4.49826
-22.0342;198.282;-0.571981;-0.0189398;0.127812;-4.49107
-13.2088;198.282;-0.599976;-0.0105831;0.117299;-4.57075
-4.38334;198.282;-0.463282;-0.00451897;0.106;-4.72096
4.44212;198.282;-0.364679;0.000602259;0.112562;-4.86521
13.2676;198.282;-0.290782;0.00714776;0.120557;-4.94523
22.093;198.282;-0.237665;0.0117442;0.11955;-4.95167
30.9185;198.282;-0.20546;0.0164849;0.111923;-4.89466
39.7439;198.282;-0.194017;0.0222842;0.0996845;-4.77975
48.5694;198.282;-0.199538;0.0267401;0.086929;-4.61484
57.3948;198.282;-0.240019;0.0294723;0.0777192;-4.38575
66.2203;198.282;-0.284398;0.0327215;0.0768736;-4.12905
75.0458;198.282;-0.313877;0.0329555;0.0736187;-3.83467
83.8712;198.282;-0.315215;0.0294086;0.0645328;-3.4983
92.6967;198.282;-0.30735;0.0240331;0.048963;-3.123
101.522;198.282;-0.292857;0.017648;0.0358505;-2.72076
110.348;198.282;-0.266497;0.00899632;0.0220909;-2.29611
-101.463;189.456;0.583998;-0.0636861;0.0501959;-3.05232
-92.6379;189.456;0.499634;-0.0752223;0.0650502;-3.54189
-83.8124;189.456;0.376132;-0.0785151;0.0802322;-3.97379
-74.987;189.456;0.209713;-0.0677023;0.0915298;-4.33813
-66.1615;189.456;0.0105991;-0.0469691;0.102766;-4.65257
-57.3361;189.456;-0.165576;-0.0320941;0.10704;-4.86221
-48.5106;189.456;-0.22232;-0.0305207;0.114357;-5.10145
-39.6852;189.456;-0.204346;-0.0275736;0.117692;-5.38112
-30.8597;189.456;-0.258025;-0.0216137;0.130067;-5.59654
-22.0342;189.456;-0.310302;-0.0143635;0.13275;-5.72326
-13.2088;189.456;-0.287012;-0.00514015;0.124973;-5.84012
-4.38334;189.456;-0.184105;0.00156595;0.115715;-5.96253
4.44212;189.456;-0.130452;0.00582399;0.121517;-6.05638
13.2676;189.456;-0.107682;0.0117072;0.129176;-6.07813
22.093;189.456;-0.107904;0.0178645;0.1296;-6.03358
30.9185;189.456;-0.11755;0.0235332;0.12319;-5.93878
39.7439;189.456;-0.125036;0.0281371;0.11304;-5.80382
48.5694;189.456;-0.12687;0.0317121;0.103111;-5.62865
57.3948;189.456;-0.15668;0.0359804;0.095521;-5.39505
66.2203;189.456;-0.192424;0.0412939;0.0920188;-5.13009
75.0458;189.456;-0.217161;0.0435339;0.0859919;-4.82557
83.8712;189.456;-0.224744;0.041429;0.0757513;-4.47903
92.6967;189.456;-0.224059;0.0363872;0.0627108;-4.09029
101.522;189.456;-0.222112;0.0298494;0.0505513;-3.66851
110.348;189.456;-0.204009;0.0225493;0.037385;-3.2115
119.173;189.456;-0.165647;0.0128798;0.020942;-2.74159
127.998;189.456;-0.110056;0.000893894;0.00265083;-2.24275
136.824;189.456;-0.089791;-0.0140786;-0.0191378;-1.67858
-127.94;180.631;0.74136;-0.0529736;0.00521199;-2.27017
-119.114;180.631;0.686113;-0.0643626;0.024778;-2.83242
-110.289;180.631;0.664279;-0.0759989;0.0450478;-3.39868
-101.463;180.631;0.664402;-0.0887524;0.0587913;-3.93128
-92.6379;180.631;0.523733;-0.0977513;0.0818093;-4.40243
-83.8124;180.631;0.277093;-0.0993663;0.10893;-4.77079
-74.987;180.631;0.0972331;-0.0846457;0.12427;-5.16448
-66.1615;180.631;0.0192403;-0.0565056;0.121224;-5.5933
-57.3361;180.631;-0.0384827;-0.0349849;0.109118;-5.87882
-48.5106;180.631;-0.169323;-0.029675;0.117651;-6.11342
-39.6852;180.631;-0.144168;-0.0300612;0.121306;-6.37782
-30.8597;180.631;-0.0963;-0.0267317;0.129711;-6.64419
-22.0342;180.631;-0.0527723;-0.0193385;0.132896;-6.84036
-13.2088;180.631;-0.0100783;-0.00957494;0.130159;-6.98189
-4.38334;180.631;0.0303358;-0.00183678;0.12689;-7.08096
4.44212;180.631;0.0252143;0.00258221;0.132546;-7.12983
13.2676;180.631;0.00450403;0.0108077;0.139347;-7.11843
22.093;180.631;-0.018546;0.0199021;0.14062;-7.0568
30.9185;180.631;-0.0338622;0.0270911;0.136141;-6.95526
39.7439;180.631;-0.0388275;0.0315832;0.127949;-6.8154
48.5694;180.631;-0.0408076;0.0349951;0.118832;-6.6282
57.3948;180.631;-0.0684124;0.039774;0.111398;-6.38519
66.2203;180.631;-0.0989539;0.0450893;0.105534;-6.1115
75.0458;180.631;-0.11699;0.0481566;0.0981473;-5.80147
83.8712;180.631;-0.123474;0.0482592;0.0892783;-5.44752
92.6967;180.631;-0.135698;0.046374;0.0796494;-5.04227
101.522;180.631;-0.159817;0.0422473;0.0694132;-4.59164
110.348;180.631;-0.164297;0.0337048;0.0546903;-4.10643
119.173;180.631;-0.142405;0.0230116;0.0371941;-3.60292
127.998;180.631;-0.0925073;0.0125405;0.0179376;-3.08718
136.824;180.631;-0.0336097;0.00108785;-0.000501133;-2.56097
145.649;180.631;-0.0379364;-0.0110246;-0.0228721;-1.95098
154.475;180.631;-0.0880527;-0.0310424;-0.0469972;-1.2483
-136.765;171.805;0.823981;-0.0642087;0.00786846;-2.49775
-127.94;171.805;0.752558;-0.0729679;0.0241974;-3.08557
-119.114;171.805;0.659385;-0.0842219;0.0453717;-3.66646
-110.289;171.805;0.605675;-0.0979588;0.0664114;-4.24685
-101.463;171.805;0.586648;-0.110276;0.0794567;-4.78203
-92.6379;171.805;0.353907;-0.118445;0.109898;-5.21311
-83.8124;171.805;0.0423124;-0.120063;0.149205;-5.5848
-74.987;171.805;0.0235992;-0.103526;0.158664;-6.04659
-66.1615;171.805;0.190632;-0.0717941;0.134374;-6.57586
-57.3361;171.805;0.257199;-0.046086;0.110587;-6.94799
-48.5106;171.805;0.104918;-0.03809;0.121283;-7.19083
-39.6852;171.805;0.0433318;-0.0354022;0.135241;-7.42081
-30.8597;171.805;0.0524267;-0.0316945;0.147015;-7.66243
-22.0342;171.805;0.0785416;-0.0246274;0.151567;-7.84923
-13.2088;171.805;0.0910024;-0.0147961;0.151483;-7.97586
-4.38334;171.805;0.078394;-0.00516939;0.151279;-8.04914
4.44212;171.805;0.0379231;0.00190196;0.154191;-8.07138
13.2676;171.805;0.0116114;0.0111608;0.158679;-8.05511
22.093;171.805;0.000758321;0.0214965;0.160961;-8.00806
30.9185;171.805;0.00878433;0.030476;0.15845;-7.92772
39.7439;171.805;0.025114;0.0372483;0.150931;-7.80088
48.5694;171.805;0.0270535;0.0427746;0.141069;-7.61037
57.3948;171.805;0.00249064;0.0485993;0.132978;-7.36483
66.2203;171.805;-0.0158436;0.0536513;0.125708;-7.09057
75.0458;171.805;-0.019499;0.0566315;0.116602;-6.77484
83.8712;171.805;-0.0225791;0.0576095;0.107037;-6.40542
92.6967;171.805;-0.0516835;0.0577353;0.0998826;-5.97766
101.522;171.805;-0.107861;0.0563755;0.0921646;-5.5014
110.348;171.805;-0.127719;0.0492769;0.0758776;-4.99617
119.173;171.805;-0.118421;0.0394925;0.0563432;-4.47038
127.998;171.805;-0.0956692;0.0286727;0.037104;-3.92372
136.824;171.805;-0.0720438;0.0188776;0.0197102;-3.36177
145.649;171.805;-0.000470801;0.0052945;-0.000956299;-2.78292
154.475;171.805;-0.0605814;-0.00859151;-0.0203832;-2.106
163.3;171.805;-0.197614;-0.0323883;-0.0379908;-1.36851
-145.591;162.98;0.837597;-0.0712719;0.0124811;-2.62703
-136.765;162.98;0.816915;-0.0820149;0.0273212;-3.26779
-127.94;162.98;0.763065;-0.0890161;0.0442205;-3.8917
-119.114;162.98;0.671533;-0.0982262;0.0632669;-4.47409
-110.289;162.98;0.60992;-0.10942;0.08072;-5.05506
-101.463;162.98;0.578392;-0.119314;0.0895508;-5.58774
-92.6379;162.98;0.369591;-0.126038;0.115282;-6.05392
-83.8124;162.98;0.145807;-0.126352;0.147315;-6.48059
-74.987;162.98;0.285139;-0.108461;0.149632;-7.00678
-66.1615;162.98;0.504146;-0.0774078;0.121905;-7.54276
-57.3361;162.98;0.49011;-0.0510084;0.105686;-7.94008
-48.5106;162.98;0.316794;-0.0420378;0.123493;-8.18452
-39.6852;162.98;0.244764;-0.0375513;0.14454;-8.409
-30.8597;162.98;0.227106;-0.0336271;0.161417;-8.63046
-22.0342;162.98;0.207122;-0.0266564;0.170567;-8.80119
-13.2088;162.98;0.171305;-0.0164001;0.17429;-8.91241
-4.38334;162.98;0.1276;-0.00484221;0.176206;-8.97232
4.44212;162.98;0.0853959;0.0052134;0.177042;-8.99143
13.2676;162.98;0.0692868;0.0153499;0.179215;-8.98158
22.093;162.98;0.0652888;0.0249852;0.183016;-8.94612
30.9185;162.98;0.0765865;0.0343886;0.183333;-8.87804
39.7439;162.98;0.0964684;0.0437754;0.177337;-8.76216
48.5694;162.98;0.107276;0.051959;0.167842;-8.57692
57.3948;162.98;0.0852653;0.0587366;0.158961;-8.32792
66.2203;162.98;0.0618384;0.0646478;0.149895;-8.03952
75.0458;162.98;0.0532975;0.0688941;0.13856;-7.70667
83.8712;162.98;0.0460011;0.0707986;0.126754;-7.32004
92.6967;162.98;0.0134802;0.0706259;0.118921;-6.87741
101.522;162.98;-0.0480878;0.0692338;0.112941;-6.39391
110.348;162.98;-0.0498414;0.0637647;0.0955848;-5.89813
119.173;162.98;-0.0175978;0.0555513;0.0732348;-5.37574
127.998;162.98;0.0241493;0.0454183;0.0510212;-4.82076
136.824;162.98;0.0615579;0.0338089;0.0308205;-4.23791
145.649;162.98;0.0962492;0.0205761;0.00952014;-3.63065
154.475;162.98;0.0230146;0.00786647;-0.00811152;-2.93399
163.3;162.98;-0.0723203;-0.00850498;-0.0148146;-2.20571
-163.242;154.154;0.886553;-0.0510784;-0.00697284;-1.92575
-154.416;154.154;0.826943;-0.0687656;0.0125155;-2.64779
-145.591;154.154;0.800904;-0.0840491;0.029182;-3.34972
-136.765;154.154;0.802877;-0.0942518;0.0423703;-4.02509
-127.94;154.154;0.768334;-0.102167;0.0588743;-4.6684
-119.114;154.154;0.703513;-0.109656;0.0755102;-5.27294
-110.289;154.154;0.667398;-0.117648;0.0887508;-5.86221
-101.463;154.154;0.671508;-0.123009;0.0921561;-6.42053
-92.6379;154.154;0.564537;-0.12431;0.103628;-6.94306
-83.8124;154.154;0.484761;-0.119431;0.118897;-7.43103
-74.987;154.154;0.566829;-0.100086;0.124097;-7.98774
-66.1615;154.154;0.636294;-0.0742403;0.111793;-8.46314
-57.3361;154.154;0.552936;-0.053801;0.108286;-8.81501
-48.5106;154.154;0.39265;-0.0463958;0.128049;-9.05894
-39.6852;154.154;0.352508;-0.0408208;0.1509;-9.3077
-30.8597;154.154;0.341842;-0.0351713;0.169429;-9.53424
-22.0342;154.154;0.324446;-0.0260139;0.180199;-9.70645
-13.2088;154.154;0.286319;-0.0152616;0.187336;-9.82275
-4.38334;154.154;0.23356;-0.00490311;0.194559;-9.89365
4.44212;154.154;0.186996;0.00535885;0.198145;-9.92772
13.2676;154.154;0.170387;0.0162262;0.200213;-9.92011
22.093;154.154;0.146456;0.0267178;0.204948;-9.87357
30.9185;154.154;0.129622;0.03744;0.206606;-9.79009
39.7439;154.154;0.126977;0.0492117;0.201216;-9.66633
48.5694;154.154;0.12816;0.0594332;0.192387;-9.47632
57.3948;154.154;0.0921526;0.0675538;0.185042;-9.21357
66.2203;154.154;0.0547012;0.0749536;0.175696;-8.90897
75.0458;154.154;0.049547;0.08045;0.162318;-8.57245
83.8712;154.154;0.0617202;0.0831137;0.146874;-8.19273
92.6967;154.154;0.0582865;0.0823538;0.135176;-7.75616
101.522;154.154;0.0266926;0.079359;0.127912;-7.27211
110.348;154.154;0.0431097;0.0739047;0.11148;-6.77634
119.173;154.154;0.0870945;0.0670367;0.0892066;-6.25187
127.998;154.154;0.129544;0.0577637;0.0654016;-5.68467
136.824;154.154;0.143435;0.0457043;0.0432015;-5.07332
145.649;154.154;0.142593;0.0321614;0.0211565;-4.43353
154.475;154.154;0.0801879;0.018206;0.00370233;-3.73462
163.3;154.154;0.000977632;0.00509333;-0.0040131;-2.98701
172.126;154.154;-0.0531517;-0.00483337;-0.00378069;-2.25654
180.951;154.154;-0.0311223;-0.0136076;-0.00681653;-1.48876
-172.067;145.329;0.807606;-0.0451556;-0.0121191;-1.82312
-163.242;145.329;0.847531;-0.0604932;0.00396738;-2.58577
-154.416;145.329;0.806696;-0.0757815;0.0227614;-3.327
-145.591;145.329;0.782828;-0.0900215;0.0377349;-4.04976
-136.765;145.329;0.780434;-0.104668;0.0537223;-4.75298
-127.94;145.329;0.754241;-0.114542;0.069253;-5.42093
-119.114;145.329;0.712524;-0.121756;0.0834824;-6.0453
-110.289;145.329;0.691507;-0.128432;0.0947578;-6.65321
-101.463;145.329;0.704234;-0.130277;0.0977716;-7.2395
-92.6379;145.329;0.680252;-0.123758;0.0997499;-7.79546
-83.8124;145.329;0.669418;-0.11411;0.107948;-8.32474
-74.987;145.329;0.679457;-0.0983666;0.113742;-8.83554
-66.1615;145.329;0.646387;-0.0802249;0.112434;-9.26483
-57.3361;145.329;0.543389;-0.0656864;0.115689;-9.5996
-48.5106;145.329;0.422617;-0.0585323;0.133135;-9.8603
-39.6852;145.329;0.396665;-0.0503275;0.155516;-10.1408
-30.8597;145.329;0.386366;-0.041466;0.174186;-10.3814
-22.0342;145.329;0.368195;-0.0284549;0.185134;-10.563
-13.2088;145.329;0.326093;-0.0152486;0.194944;-10.693
-4.38334;145.329;0.264675;-0.00473163;0.20783;-10.7776
4.44212;145.329;0.208638;0.00520588;0.216379;-10.8221
13.2676;145.329;0.185411;0.0169995;0.219949;-10.811
22.093;145.329;0.155235;0.029057;0.223183;-10.7507
30.9185;145.329;0.128264;0.0410498;0.223036;-10.6483
39.7439;145.329;0.111464;0.0536824;0.216961;-10.5078
48.5694;145.329;0.100066;0.0641905;0.208988;-10.3063
57.3948;145.329;0.0684286;0.0725769;0.204178;-10.0417
66.2203;145.329;0.0461578;0.0812786;0.195578;-9.73933
75.0458;145.329;0.06268;0.0883555;0.18158;-9.41678
83.8712;145.329;0.100952;0.0924999;0.164256;-9.05895
92.6967;145.329;0.131164;0.0920864;0.149706;-8.64165
101.522;145.329;0.137413;0.0884355;0.139635;-8.1643
110.348;145.329;0.153527;0.0836278;0.12471;-7.65475
119.173;145.329;0.174566;0.078948;0.104723;-7.10469
127.998;145.329;0.187155;0.0716643;0.0817851;-6.50791
136.824;145.329;0.179387;0.0596035;0.0589329;-5.86838
145.649;145.329;0.162699;0.0453463;0.0363616;-5.20537
154.475;145.329;0.118982;0.0302365;0.0165571;-4.49588
163.3;145.329;0.0580524;0.0152497;0.00502014;-3.75239
172.126;145.329;0.00154549;0.00262756;-0.00261566;-2.97831
180.951;145.329;0.00270379;-0.00730793;-0.00651765;-2.2189
189.777;145.329;-0.0437607;-0.0221002;-0.0183347;-1.39387
-172.067;136.504;0.805649;-0.049637;-0.00256328;-2.44142
-163.242;136.504;0.813697;-0.0654549;0.0109962;-3.2327
-154.416;136.504;0.794596;-0.0818861;0.0289587;-3.99125
-145.591;136.504;0.77576;-0.0985203;0.0464422;-4.73328
-136.765;136.504;0.75271;-0.115434;0.0634301;-5.45496
-127.94;136.504;0.723323;-0.124926;0.0769772;-6.13368
-119.114;136.504;0.691541;-0.131103;0.0883574;-6.77236
-110.289;136.504;0.668655;-0.137537;0.0979598;-7.39023
-101.463;136.504;0.664742;-0.139014;0.10344;-7.98346
-92.6379;136.504;0.665932;-0.128489;0.105178;-8.53397
-83.8124;136.504;0.651805;-0.11801;0.115256;-9.06114
-74.987;136.504;0.639557;-0.107054;0.121901;-9.56107
-66.1615;136.504;0.594988;-0.0949978;0.124576;-9.9954
-57.3361;136.504;0.513426;-0.0829681;0.130156;-10.3554
-48.5106;136.504;0.432535;-0.0725789;0.145888;-10.658
-39.6852;136.504;0.396839;-0.0616648;0.166991;-10.9503
-30.8597;136.504;0.368579;-0.0500772;0.185039;-11.1976
-22.0342;136.504;0.331408;-0.034;0.194773;-11.3782
-13.2088;136.504;0.273207;-0.0184087;0.204026;-11.503
-4.38334;136.504;0.201181;-0.00654016;0.218533;-11.5828
4.44212;136.504;0.140583;0.00386967;0.23183;-11.6275
13.2676;136.504;0.122599;0.0176727;0.237695;-11.6296
22.093;136.504;0.114553;0.0328863;0.237412;-11.5834
30.9185;136.504;0.107246;0.0471679;0.232174;-11.4826
39.7439;136.504;0.0950112;0.0602265;0.223489;-11.3299
48.5694;136.504;0.0769003;0.0710306;0.216197;-11.1217
57.3948;136.504;0.0582407;0.0805336;0.213123;-10.8689
66.2203;136.504;0.0627894;0.0910466;0.205345;-10.5771
75.0458;136.504;0.0885316;0.100137;0.192197;-10.2564
83.8712;136.504;0.120064;0.105966;0.176005;-9.89305
92.6967;136.504;0.148358;0.106576;0.161481;-9.47123
101.522;136.504;0.182392;0.103813;0.149187;-9.00118
110.348;136.504;0.193415;0.100541;0.134863;-8.47874
119.173;136.504;0.185475;0.0975546;0.117414;-7.8989
127.998;136.504;0.174166;0.091467;0.0968957;-7.27627
136.824;136.504;0.170106;0.0794736;0.0744601;-6.62569
145.649;136.504;0.157588;0.0640612;0.0513911;-5.94788
154.475;136.504;0.130062;0.0470095;0.0294644;-5.22447
163.3;136.504;0.0786284;0.0311238;0.0139139;-4.46501
172.126;136.504;0.020828;0.0150525;0.000479391;-3.68015
180.951;136.504;-0.00265896;-0.00253111;-0.0120693;-2.89026
189.777;136.504;-0.0116348;-0.0171687;-0.0176909;-2.06273
-180.892;127.678;0.828924;-0.032334;-0.00711811;-2.22087
-172.067;127.678;0.801448;-0.0470124;0.00116326;-3.02243
-163.242;127.678;0.772076;-0.0703018;0.0204456;-3.84399
-154.416;127.678;0.763932;-0.0920882;0.0396742;-4.632
-145.591;127.678;0.747952;-0.112207;0.0581725;-5.39963
-136.765;127.678;0.716373;-0.127514;0.0749409;-6.13494
-127.94;127.678;0.686062;-0.133046;0.0859756;-6.82129
-119.114;127.678;0.656039;-0.136061;0.0940835;-7.47367
-110.289;127.678;0.630273;-0.141432;0.102127;-8.10684
-101.463;127.678;0.619002;-0.14431;0.110516;-8.71384
-92.6379;127.678;0.603199;-0.135486;0.118684;-9.27094
-83.8124;127.678;0.570625;-0.126167;0.130086;-9.79247
-74.987;127.678;0.547975;-0.118129;0.135998;-10.2851
-66.1615;127.678;0.515915;-0.109077;0.140446;-10.727
-57.3361;127.678;0.464648;-0.0974672;0.149295;-11.1062
-48.5106;127.678;0.406221;-0.0840609;0.166786;-11.4307
-39.6852;127.678;0.364236;-0.0711012;0.186915;-11.737
-30.8597;127.678;0.317258;-0.057061;0.204884;-12.0022
-22.0342;127.678;0.264204;-0.0377101;0.214122;-12.1953
-13.2088;127.678;0.195112;-0.0188443;0.221446;-12.3209
-4.38334;127.678;0.121168;-0.00407134;0.234076;-12.3953
4.44212;127.678;0.071985;0.00886398;0.247981;-12.4446
13.2676;127.678;0.0781889;0.0234853;0.253237;-12.4633
22.093;127.678;0.0984438;0.0406099;0.248501;-12.4343
30.9185;127.678;0.115528;0.0573962;0.237633;-12.3421
39.7439;127.678;0.113851;0.0714196;0.226012;-12.1806
48.5694;127.678;0.0891779;0.0830704;0.218554;-11.9602
57.3948;127.678;0.0547438;0.0937725;0.214912;-11.6912
66.2203;127.678;0.0508032;0.105418;0.207703;-11.3779
75.0458;127.678;0.0435258;0.116347;0.19666;-11.0182
83.8712;127.678;0.00996811;0.123117;0.183784;-10.589
92.6967;127.678;-0.0258809;0.125518;0.171622;-10.1108
101.522;127.678;0.0105902;0.124611;0.158813;-9.63551
110.348;127.678;0.038922;0.122211;0.144238;-9.12004
119.173;127.678;0.0469589;0.119439;0.127424;-8.54814
127.998;127.678;0.0627845;0.113437;0.107922;-7.94308
136.824;127.678;0.096991;0.101988;0.0857067;-7.31396
145.649;127.678;0.101026;0.0863241;0.0625415;-6.6282
154.475;127.678;0.0734808;0.0688808;0.0399222;-5.88433
163.3;127.678;0.0277104;0.0526521;0.0229668;-5.1117
172.126;127.678;-0.0133822;0.035387;0.00663579;-4.32172
180.951;127.678;-0.0266013;0.0166137;-0.00762623;-3.52613
189.777;127.678;-0.0626959;0.00186744;-0.0110152;-2.70297
198.602;127.678;-0.103846;-0.0147914;-0.0158436;-1.8223
207.428;127.678;0.108123;-0.0415922;-0.0374552;-0.904541
-189.718;118.853;0.792015;-0.0259317;-0.00673551;-1.94588
-180.892;118.853;0.770748;-0.0355514;-0.00105552;-2.76355
-172.067;118.853;0.756336;-0.0541906;0.0146976;-3.60817
-163.242;118.853;0.721902;-0.0787932;0.0346112;-4.43462
-154.416;118.853;0.712321;-0.103865;0.0542803;-5.24915
-145.591;118.853;0.704309;-0.123857;0.0710482;-6.03641
-136.765;118.853;0.676575;-0.137659;0.0871201;-6.78845
-127.94;118.853;0.650239;-0.141269;0.0972723;-7.4893
-119.114;118.853;0.623314;-0.142339;0.103738;-8.15917
-110.289;118.853;0.605123;-0.145925;0.110073;-8.81017
-101.463;118.853;0.605995;-0.148615;0.118502;-9.43165
-92.6379;118.853;0.576178;-0.142569;0.129237;-10.001
-83.8124;118.853;0.51075;-0.134103;0.139679;-10.5228
-74.987;118.853;0.460758;-0.126515;0.145977;-11.0118
-66.1615;118.853;0.421909;-0.118448;0.154981;-11.4603
-57.3361;118.853;0.382425;-0.107317;0.170118;-11.8576
-48.5106;118.853;0.341352;-0.0931466;0.189919;-12.2033
-39.6852;118.853;0.314086;-0.0799345;0.208274;-12.5261
-30.8597;118.853;0.286054;-0.0639322;0.221956;-12.8063
-22.0342;118.853;0.247791;-0.0425753;0.228686;-13.018
-13.2088;118.853;0.190214;-0.0221544;0.234163;-13.1601
-4.38334;118.853;0.133198;-0.00641002;0.244337;-13.2485
4.44212;118.853;0.106272;0.00719109;0.257315;-13.3109
13.2676;118.853;0.1125;0.0228906;0.262285;-13.3319
22.093;118.853;0.108312;0.0425407;0.255519;-13.2897
30.9185;118.853;0.100004;0.0618671;0.241886;-13.1776
39.7439;118.853;0.0764251;0.0791541;0.229617;-12.999
48.5694;118.853;0.0185353;0.0936039;0.222169;-12.7409
57.3948;118.853;-0.0874984;0.109006;0.218099;-12.403
66.2203;118.853;-0.167016;0.124107;0.211676;-12.0185
75.0458;118.853;-0.205024;0.135538;0.199525;-11.6147
83.8712;118.853;-0.302974;0.145176;0.185406;-11.125
92.6967;118.853;-0.444649;0.147406;0.171896;-10.5404
101.522;118.853;-0.481439;0.147484;0.157246;-9.99336
110.348;118.853;-0.42047;0.144516;0.144371;-9.48963
119.173;118.853;-0.341089;0.141182;0.130639;-8.97385
127.998;118.853;-0.238193;0.134207;0.113659;-8.4343
136.824;118.853;-0.129135;0.124348;0.0923142;-7.85705
145.649;118.853;-0.0921384;0.109449;0.0694035;-7.17456
154.475;118.853;-0.097316;0.0930631;0.0466631;-6.43126
163.3;118.853;-0.110744;0.0767956;0.0288285;-5.66861
172.126;118.853;-0.113219;0.0600661;0.0134451;-4.89818
180.951;118.853;-0.0995761;0.0422976;0.000793493;-4.11612
189.777;118.853;-0.109909;0.0253347;-0.00613227;-3.29336
198.602;118.853;-0.127878;0.00884445;-0.00846515;-2.41921
207.428;118.853;0.0562418;-0.014667;-0.0216947;-1.5216
-189.718;110.027;0.712601;-0.044682;0.00463211;-2.47172
-180.892;110.027;0.682247;-0.0544849;0.0154646;-3.30911
-172.067;110.027;0.686482;-0.0702451;0.0315176;-4.16681
-163.242;110.027;0.66218;-0.0922393;0.0490629;-5.01415
-154.416;110.027;0.653484;-0.11495;0.0659033;-5.84876
-145.591;110.027;0.656086;-0.133327;0.0805406;-6.65457
-136.765;110.027;0.639825;-0.146572;0.0959883;-7.4227
-127.94;110.027;0.608124;-0.152813;0.106792;-8.14008
-119.114;110.027;0.572519;-0.156947;0.115094;-8.83409
-110.289;110.027;0.55261;-0.160795;0.121959;-9.50633
-101.463;110.027;0.551412;-0.161467;0.129316;-10.1422
-92.6379;110.027;0.517923;-0.154616;0.138199;-10.7202
-83.8124;110.027;0.456506;-0.144919;0.145016;-11.2507
-74.987;110.027;0.405808;-0.137928;0.150911;-11.7517
-66.1615;110.027;0.362296;-0.131813;0.162831;-12.2182
-57.3361;110.027;0.329053;-0.122039;0.182571;-12.6356
-48.5106;110.027;0.308854;-0.107394;0.203898;-13.0012
-39.6852;110.027;0.291543;-0.0927682;0.220064;-13.3334
-30.8597;110.027;0.268469;-0.0749438;0.230759;-13.6205
-22.0342;110.027;0.236275;-0.0527483;0.236293;-13.8469
-13.2088;110.027;0.18914;-0.0316661;0.241566;-14.0081
-4.38334;110.027;0.145118;-0.0143967;0.249555;-14.1125
4.44212;110.027;0.123493;0.00158675;0.259425;-14.1809
13.2676;110.027;0.115469;0.0188983;0.26397;-14.1994
22.093;110.027;0.0881116;0.0382065;0.259728;-14.1467
30.9185;110.027;0.0577773;0.0552894;0.24823;-14.0191
39.7439;110.027;0.0150848;0.0759835;0.236146;-13.8318
48.5694;110.027;-0.0517935;0.100665;0.22728;-13.5686
57.3948;110.027;-0.141246;0.126579;0.222111;-13.2267
66.2203;110.027;-0.179126;0.144102;0.218184;-12.8637
75.0458;110.027;-0.173451;0.155723;0.204618;-12.488
83.8712;110.027;-0.276364;0.166413;0.183018;-11.9789
92.6967;110.027;-0.472678;0.168755;0.165878;-11.3192
101.522;110.027;-0.607892;0.168851;0.150952;-10.6706
110.348;110.027;-0.598959;0.165653;0.138148;-10.098
119.173;110.027;-0.528729;0.161745;0.125428;-9.55453
127.998;110.027;-0.410606;0.153417;0.111209;-9.009
136.824;110.027;-0.277395;0.144819;0.0942287;-8.44377
145.649;110.027;-0.192591;0.131561;0.076214;-7.78796
154.475;110.027;-0.160542;0.116513;0.0550218;-7.0599
163.3;110.027;-0.1381;0.0995005;0.0356653;-6.30087
172.126;110.027;-0.113297;0.0816877;0.0203807;-5.52551
180.951;110.027;-0.0866274;0.063559;0.00925979;-4.73264
189.777;110.027;-0.0673527;0.0449873;0.000273575;-3.90508
198.602;110.027;-0.0735435;0.0243426;-0.00461373;-3.04157
207.428;110.027;0.0397552;1.40104e-05;-0.0196922;-2.11538
-198.543;101.202;0.825176;-0.0379463;-0.00504894;-2.14865
-189.718;101.202;0.727355;-0.0540112;0.00892231;-3.00175
-180.892;101.202;0.67054;-0.0693777;0.0243517;-3.86683
-172.067;101.202;0.657773;-0.0866415;0.0387958;-4.73077
-163.242;101.202;0.635369;-0.107111;0.0534961;-5.59402
-154.416;101.202;0.624133;-0.128007;0.068748;-6.44428
-145.591;101.202;0.61711;-0.146143;0.0825102;-7.26398
-136.765;101.202;0.585559;-0.159883;0.0965969;-8.04193
-127.94;101.202;0.530748;-0.168786;0.106769;-8.76954
-119.114;101.202;0.478394;-0.176459;0.116236;-9.47993
-110.289;101.202;0.457962;-0.181389;0.125154;-10.1717
-101.463;101.202;0.470686;-0.179621;0.133797;-10.8277
-92.6379;101.202;0.465853;-0.171034;0.14198;-11.428
-83.8124;101.202;0.443879;-0.16;0.145896;-11.9841
-74.987;101.202;0.402938;-0.15303;0.151559;-12.5097
-66.1615;101.202;0.353035;-0.147364;0.164066;-12.9955
-57.3361;101.202;0.303067;-0.137731;0.185234;-13.4274
-48.5106;101.202;0.263452;-0.12232;0.208408;-13.8042
-39.6852;101.202;0.243559;-0.10503;0.225138;-14.1397
-30.8597;101.202;0.229701;-0.0857189;0.235266;-14.4322
-22.0342;101.202;0.211564;-0.064071;0.241103;-14.673
-13.2088;101.202;0.186334;-0.042555;0.247343;-14.8508
-4.38334;101.202;0.162126;-0.022976;0.25451;-14.9685
4.44212;101.202;0.146074;-0.00436638;0.261447;-15.0439
13.2676;101.202;0.132674;0.0134714;0.265112;-15.0698
22.093;101.202;0.0992203;0.0312706;0.265492;-15.0204
30.9185;101.202;0.0559388;0.0458693;0.25893;-14.8864
39.7439;101.202;0.00434091;0.0727023;0.246691;-14.6981
48.5694;101.202;-0.0302398;0.112427;0.233819;-14.4698
57.3948;101.202;-0.0107591;0.151297;0.225039;-14.2105
66.2203;101.202;0.0730591;0.171427;0.22312;-13.947
75.0458;101.202;0.117496;0.182957;0.207544;-13.5996
83.8712;101.202;0.029797;0.191741;0.181632;-13.0755
92.6967;101.202;-0.160584;0.194602;0.161477;-12.3944
101.522;101.202;-0.342924;0.19637;0.146453;-11.6943
110.348;101.202;-0.378394;0.192737;0.132717;-11.0617
119.173;101.202;-0.34672;0.187418;0.118922;-10.4532
127.998;101.202;-0.276132;0.179604;0.106081;-9.84315
136.824;101.202;-0.19244;0.172104;0.0935804;-9.21959
145.649;101.202;-0.121111;0.159471;0.0804833;-8.53869
154.475;101.202;-0.0876503;0.144266;0.0624245;-7.7906
163.3;101.202;-0.0601142;0.126335;0.0429447;-7.00618
172.126;101.202;-0.0460242;0.107484;0.0263171;-6.19434
180.951;101.202;-0.0498607;0.0883508;0.0134992;-5.35678
189.777;101.202;-0.0489153;0.0675338;0.000260053;-4.49336
198.602;101.202;-0.0149743;0.0404016;-0.0105834;-3.60894
207.428;101.202;0.0338684;0.0131925;-0.0226901;-2.66823
-198.543;92.3763;0.862127;-0.032733;-0.0104028;-2.64087
-189.718;92.3763;0.761483;-0.0480936;0.00386212;-3.52059
-180.892;92.3763;0.688168;-0.072777;0.0234667;-4.39821
-172.067;92.3763;0.661485;-0.0957706;0.0391315;-5.27594
-163.242;92.3763;0.641107;-0.117222;0.052864;-6.15199
-154.416;92.3763;0.613251;-0.1379;0.0687475;-7.01116
-145.591;92.3763;0.57607;-0.155886;0.0831039;-7.83986
-136.765;92.3763;0.519452;-0.170612;0.0956498;-8.62989
-127.94;92.3763;0.453468;-0.18206;0.103312;-9.37503
-119.114;92.3763;0.405294;-0.192311;0.113389;-10.1092
-110.289;92.3763;0.393996;-0.197892;0.125066;-10.8247
-101.463;92.3763;0.41407;-0.194828;0.135977;-11.5058
-92.6379;92.3763;0.431192;-0.185111;0.145535;-12.14
-83.8124;92.3763;0.428687;-0.17476;0.152192;-12.7313
-74.987;92.3763;0.401559;-0.167132;0.159807;-13.2799
-66.1615;92.3763;0.355822;-0.159611;0.170372;-13.7752
-57.3361;92.3763;0.294459;-0.148722;0.188857;-14.2127
-48.5106;92.3763;0.235838;-0.132532;0.210397;-14.603
-39.6852;92.3763;0.21219;-0.112872;0.228481;-14.9497
-30.8597;92.3763;0.211438;-0.0918812;0.240917;-15.2566
-22.0342;92.3763;0.20585;-0.0700878;0.249856;-15.5188
-13.2088;92.3763;0.195131;-0.0469526;0.257983;-15.7148
-4.38334;92.3763;0.184574;-0.0246515;0.264744;-15.8439
4.44212;92.3763;0.175134;-0.00380252;0.269327;-15.9229
13.2676;92.3763;0.159432;0.0151074;0.270771;-15.9496
22.093;92.3763;0.128402;0.0315814;0.272976;-15.9047
30.9185;92.3763;0.0825016;0.0464806;0.270361;-15.7716
39.7439;92.3763;0.0227345;0.0826577;0.256634;-15.5796
48.5694;92.3763;0.00843249;0.136314;0.236102;-15.3686
57.3948;92.3763;0.105378;0.184483;0.218309;-15.1697
66.2203;92.3763;0.278399;0.205019;0.212738;-14.9764
75.0458;92.3763;0.337605;0.214497;0.196874;-14.6209
83.8712;92.3763;0.281467;0.219723;0.174856;-14.0895
92.6967;92.3763;0.150927;0.222936;0.155995;-13.4416
101.522;92.3763;0.0163398;0.225224;0.141215;-12.7655
110.348;92.3763;-0.0144104;0.220899;0.126098;-12.1178
119.173;92.3763;-0.015828;0.213754;0.110578;-11.4492
127.998;92.3763;-0.00754719;0.205135;0.0975726;-10.7558
136.824;92.3763;0.0072196;0.19817;0.0866822;-10.0529
145.649;92.3763;0.0318402;0.186511;0.0758206;-9.32111
154.475;92.3763;0.0470591;0.171814;0.0617954;-8.53799
163.3;92.3763;0.0563037;0.154155;0.0451227;-7.71333
172.126;92.3763;0.0266138;0.134921;0.0293639;-6.84565
180.951;92.3763;-0.0397053;0.113667;0.0163207;-5.94207
189.777;92.3763;-0.0732665;0.0877301;0.0014267;-5.02771
198.602;92.3763;-0.0244876;0.0558768;-0.012871;-4.12463
207.428;92.3763;0.0608972;0.026711;-0.0217257;-3.21326
-216.194;83.5508;0.808671;-0.0376714;-0.0060487;-1.21403
-207.369;83.5508;0.897197;-0.0227797;-0.0174725;-2.15007
-198.543;83.5508;0.867421;-0.0266114;-0.0139727;-3.10398
-189.718;83.5508;0.778533;-0.0412068;-0.00125416;-4.00724
-180.892;83.5508;0.697824;-0.0716024;0.0192634;-4.89936
-172.067;83.5508;0.662529;-0.0993135;0.0359379;-5.78746
-163.242;83.5508;0.630067;-0.122433;0.0497732;-6.66974
-154.416;83.5508;0.571139;-0.143979;0.0663693;-7.53667
-145.591;83.5508;0.51232;-0.161837;0.0795121;-8.37692
-136.765;83.5508;0.453704;-0.176236;0.0882132;-9.18625
-127.94;83.5508;0.405051;-0.187347;0.0917364;-9.95895
-119.114;83.5508;0.37376;-0.196906;0.100747;-10.7159
-110.289;83.5508;0.363348;-0.202207;0.114293;-11.4521
-101.463;83.5508;0.371716;-0.20008;0.127058;-12.1569
-92.6379;83.5508;0.389143;-0.191918;0.136213;-12.8165
-83.8124;83.5508;0.384034;-0.184942;0.148316;-13.4355
-74.987;83.5508;0.366569;-0.177634;0.162352;-14.0054
-66.1615;83.5508;0.336835;-0.167766;0.174659;-14.5209
-57.3361;83.5508;0.289297;-0.154576;0.189276;-14.9826
-48.5106;83.5508;0.240315;-0.137178;0.206621;-15.3969
-39.6852;83.5508;0.222592;-0.115874;0.224143;-15.7591
-30.8597;83.5508;0.228051;-0.0938563;0.238189;-16.0755
-22.0342;83.5508;0.222426;-0.072365;0.249096;-16.3486
-13.2088;83.5508;0.205522;-0.0479599;0.258221;-16.556
-4.38334;83.5508;0.192378;-0.0231816;0.265677;-16.6944
4.44212;83.5508;0.184194;0.000616451;0.270243;-16.7734
13.2676;83.5508;0.164183;0.0231531;0.270046;-16.7916
22.093;83.5508;0.139882;0.0398507;0.270237;-16.7505
30.9185;83.5508;0.107154;0.0599745;0.266745;-16.6278
39.7439;83.5508;0.0423931;0.106274;0.248361;-16.4227
48.5694;83.5508;0.00400331;0.16536;0.218246;-16.1636
57.3948;83.5508;0.0628918;0.211049;0.189742;-15.9023
66.2203;83.5508;0.204602;0.227271;0.177235;-15.657
75.0458;83.5508;0.256343;0.23921;0.167386;-15.2861
83.8712;83.5508;0.231442;0.247076;0.155537;-14.7802
92.6967;83.5508;0.185862;0.252965;0.1434;-14.2069
101.522;83.5508;0.16785;0.254503;0.130305;-13.6073
110.348;83.5508;0.176507;0.249986;0.113479;-12.9759
119.173;83.5508;0.155765;0.241645;0.0955883;-12.2727
127.998;83.5508;0.131606;0.230535;0.0805277;-11.5263
136.824;83.5508;0.120325;0.222848;0.0680251;-10.7815
145.649;83.5508;0.12845;0.211607;0.0569818;-10.0201
154.475;83.5508;0.14377;0.197085;0.0469305;-9.21494
163.3;83.5508;0.138977;0.179833;0.0357445;-8.35642
172.126;83.5508;0.0641645;0.160927;0.0243709;-7.43965
180.951;83.5508;-0.0481373;0.138747;0.0138667;-6.4889
189.777;83.5508;-0.0653549;0.107704;-0.00064721;-5.55633
198.602;83.5508;0.00906635;0.070725;-0.017854;-4.64548
207.428;83.5508;0.133653;0.0375098;-0.0297882;-3.74311
216.253;83.5508;0.240368;0.00930637;-0.0344781;-2.79671
225.078;83.5508;0.270573;-0.0152914;-0.0291943;-1.80912
-216.194;74.7253;0.797787;-0.0463295;-0.00294518;-1.63015
-207.369;74.7253;0.861445;-0.0259522;-0.0136772;-2.58531
-198.543;74.7253;0.845599;-0.0195715;-0.0177558;-3.53079
-189.718;74.7253;0.756001;-0.0414382;-0.00474465;-4.44993
-180.892;74.7253;0.691477;-0.0716327;0.0121361;-5.35552
-172.067;74.7253;0.656529;-0.0994369;0.0271562;-6.25762
-163.242;74.7253;0.604101;-0.123256;0.0402022;-7.14778
-154.416;74.7253;0.518571;-0.145525;0.0548924;-8.03007
-145.591;74.7253;0.462679;-0.162863;0.0634432;-8.89105
-136.765;74.7253;0.426558;-0.176022;0.0664464;-9.72853
-127.94;74.7253;0.410524;-0.184113;0.0655673;-10.5337
-119.114;74.7253;0.385583;-0.190863;0.0727224;-11.3108
-110.289;74.7253;0.354066;-0.195973;0.0862908;-12.0614
-101.463;74.7253;0.337424;-0.196431;0.098507;-12.7849
-92.6379;74.7253;0.345616;-0.191123;0.104888;-13.4652
-83.8124;74.7253;0.340254;-0.187098;0.119978;-14.1035
-74.987;74.7253;0.320019;-0.182032;0.141072;-14.6961
-66.1615;74.7253;0.305516;-0.172698;0.15844;-15.2437
-57.3361;74.7253;0.285593;-0.159;0.170387;-15.7342
-48.5106;74.7253;0.264048;-0.140288;0.182186;-16.1705
-39.6852;74.7253;0.25922;-0.117033;0.19586;-16.5477
-30.8597;74.7253;0.253224;-0.0937406;0.210481;-16.8785
-22.0342;74.7253;0.234743;-0.0719303;0.224643;-17.1735
-13.2088;74.7253;0.19835;-0.0467807;0.236525;-17.3961
-4.38334;74.7253;0.166978;-0.0192392;0.245161;-17.539
4.44212;74.7253;0.146955;0.00923184;0.248382;-17.6086
13.2676;74.7253;0.12655;0.0365615;0.244493;-17.6142
22.093;74.7253;0.124464;0.0545473;0.240038;-17.5786
30.9185;74.7253;0.129943;0.0843991;0.228976;-17.4678
39.7439;74.7253;0.102725;0.138899;0.204623;-17.2622
48.5694;74.7253;0.0811987;0.196611;0.173261;-16.9803
57.3948;74.7253;0.109976;0.233856;0.146583;-16.6619
66.2203;74.7253;0.173281;0.247976;0.132681;-16.3247
75.0458;74.7253;0.191227;0.261533;0.127035;-15.911
83.8712;74.7253;0.18392;0.270744;0.120787;-15.4106
92.6967;74.7253;0.182962;0.277504;0.114243;-14.8656
101.522;74.7253;0.202807;0.279728;0.104883;-14.2859
110.348;74.7253;0.222395;0.274949;0.0894685;-13.6513
119.173;74.7253;0.190651;0.265303;0.0713773;-12.9276
127.998;74.7253;0.159175;0.253875;0.0558182;-12.1692
136.824;74.7253;0.152877;0.245295;0.0435019;-11.4155
145.649;74.7253;0.177187;0.233232;0.0341763;-10.6453
154.475;74.7253;0.209092;0.217452;0.0275118;-9.8309
163.3;74.7253;0.224509;0.198633;0.0216638;-8.96363
172.126;74.7253;0.179452;0.178337;0.0158086;-8.04229
180.951;74.7253;0.112578;0.155305;0.0100974;-7.09631
189.777;74.7253;0.127143;0.122366;-0.00185913;-6.16258
198.602;74.7253;0.218018;0.0839383;-0.0170826;-5.24163
207.428;74.7253;0.296872;0.0496628;-0.028684;-4.30171
216.253;74.7253;0.35189;0.0196287;-0.0331042;-3.29798
225.078;74.7253;0.364278;-0.00771523;-0.0264765;-2.28343
-216.194;65.8999;0.785652;-0.0396509;-0.00547424;-1.96624
-207.369;65.8999;0.809685;-0.0262036;-0.0109964;-2.95652
-198.543;65.8999;0.783638;-0.0240087;-0.0163738;-3.90436
-189.718;65.8999;0.707726;-0.0495688;-0.00837173;-4.84869
-180.892;65.8999;0.672269;-0.0757412;0.000217338;-5.77155
-172.067;65.8999;0.657462;-0.10031;0.00915317;-6.70904
-163.242;65.8999;0.610121;-0.123836;0.0179424;-7.63006
-154.416;65.8999;0.536044;-0.144389;0.0262676;-8.53741
-145.591;65.8999;0.503464;-0.158076;0.0280017;-9.41791
-136.765;65.8999;0.483554;-0.170614;0.0269386;-10.2808
-127.94;65.8999;0.482744;-0.178006;0.0245026;-11.114
-119.114;65.8999;0.449224;-0.18539;0.0311593;-11.9115
-110.289;65.8999;0.396897;-0.193114;0.0438516;-12.6734
-101.463;65.8999;0.372648;-0.19612;0.0531587;-13.4079
-92.6379;65.8999;0.393413;-0.19007;0.0561588;-14.1003
-83.8124;65.8999;0.390122;-0.183998;0.0667952;-14.7497
-74.987;65.8999;0.366802;-0.181083;0.0890236;-15.3641
-66.1615;65.8999;0.347605;-0.174875;0.112603;-15.9452
-57.3361;65.8999;0.326259;-0.162608;0.126976;-16.4591
-48.5106;65.8999;0.308776;-0.143115;0.136747;-16.9138
-39.6852;65.8999;0.307653;-0.118914;0.147474;-17.3129
-30.8597;65.8999;0.304881;-0.0958613;0.163922;-17.6722
-22.0342;65.8999;0.307804;-0.0746658;0.182783;-18.0089
-13.2088;65.8999;0.290483;-0.0505561;0.199699;-18.2669
-4.38334;65.8999;0.264953;-0.0219973;0.209937;-18.4271
4.44212;65.8999;0.237566;0.00933311;0.21122;-18.4913
13.2676;65.8999;0.211079;0.039419;0.204875;-18.4817
22.093;65.8999;0.217066;0.061481;0.197886;-18.4408
30.9185;65.8999;0.23456;0.106473;0.177319;-18.3195
39.7439;65.8999;0.244301;0.170798;0.147835;-18.1216
48.5694;65.8999;0.293256;0.226244;0.122715;-17.8899
57.3948;65.8999;0.38183;0.256539;0.110158;-17.6234
66.2203;65.8999;0.41387;0.275488;0.10558;-17.2536
75.0458;65.8999;0.376922;0.291547;0.101141;-16.7716
83.8712;65.8999;0.344284;0.298759;0.0938647;-16.2237
92.6967;65.8999;0.338723;0.301831;0.0873337;-15.6423
101.522;65.8999;0.354217;0.30264;0.0813586;-15.0298
110.348;65.8999;0.360922;0.299029;0.0712797;-14.3658
119.173;65.8999;0.32353;0.289711;0.0545144;-13.6245
127.998;65.8999;0.290772;0.279147;0.0394917;-12.8534
136.824;65.8999;0.278477;0.267636;0.0284506;-12.0669
145.649;65.8999;0.289293;0.252836;0.0214333;-11.2592
154.475;65.8999;0.313571;0.234705;0.0170952;-10.4198
163.3;65.8999;0.327949;0.214969;0.0120949;-9.53572
172.126;65.8999;0.313663;0.193569;0.00758746;-8.61402
180.951;65.8999;0.294474;0.169812;0.00456742;-7.67678
189.777;65.8999;0.315276;0.137201;-0.00489394;-6.73222
198.602;65.8999;0.377562;0.100569;-0.0159985;-5.78142
207.428;65.8999;0.425456;0.0677194;-0.0228351;-4.8034
216.253;65.8999;0.444272;0.0366552;-0.024539;-3.78411
225.078;65.8999;0.441011;0.00709781;-0.0197566;-2.7129
233.904;65.8999;0.518908;-0.0225839;-0.0177542;-1.59447
-216.194;57.0744;0.753439;-0.0295296;-0.0108517;-2.26777
-207.369;57.0744;0.756039;-0.0229321;-0.014035;-3.26536
-198.543;57.0744;0.703038;-0.0281869;-0.0181965;-4.22188
-189.718;57.0744;0.630993;-0.0564478;-0.013844;-5.18537
-180.892;57.0744;0.617677;-0.0816832;-0.0111301;-6.12908
-172.067;57.0744;0.631743;-0.107104;-0.00839943;-7.09995
-163.242;57.0744;0.623812;-0.132134;-0.00597431;-8.06313
-154.416;57.0744;0.599777;-0.149229;-0.0056419;-9.00511
-145.591;57.0744;0.600417;-0.156084;-0.0102512;-9.91207
-136.765;57.0744;0.584689;-0.166613;-0.0123558;-10.7984
-127.94;57.0744;0.561603;-0.178881;-0.00801023;-11.6586
-119.114;57.0744;0.51495;-0.189463;0.00243016;-12.4763
-110.289;57.0744;0.458432;-0.197086;0.0146646;-13.2493
-101.463;57.0744;0.432567;-0.198812;0.0218747;-13.9961
-92.6379;57.0744;0.461153;-0.192122;0.0252228;-14.7064
-83.8124;57.0744;0.4681;-0.186063;0.0348189;-15.3813
-74.987;57.0744;0.447579;-0.184555;0.0535518;-16.02
-66.1615;57.0744;0.41586;-0.182091;0.0759362;-16.6239
-57.3361;57.0744;0.377873;-0.170849;0.0915958;-17.1519
-48.5106;57.0744;0.35487;-0.149927;0.102485;-17.6227
-39.6852;57.0744;0.361035;-0.125086;0.113254;-18.0525
-30.8597;57.0744;0.366654;-0.101533;0.129726;-18.4445
-22.0342;57.0744;0.385926;-0.0789005;0.151577;-18.8113
-13.2088;57.0744;0.392193;-0.0536374;0.170416;-19.0954
-4.38334;57.0744;0.377864;-0.024178;0.181058;-19.2674
4.44212;57.0744;0.341326;0.0059988;0.18452;-19.3306
13.2676;57.0744;0.299466;0.0327328;0.184374;-19.3155
22.093;57.0744;0.309472;0.0588016;0.178094;-19.2778
30.9185;57.0744;0.334113;0.118636;0.151456;-19.1493
39.7439;57.0744;0.357073;0.194585;0.119413;-18.9439
48.5694;57.0744;0.420724;0.252114;0.0981732;-18.714
57.3948;57.0744;0.506845;0.280111;0.091916;-18.4362
66.2203;57.0744;0.51609;0.302534;0.0914491;-18.0314
75.0458;57.0744;0.442463;0.320443;0.0902898;-17.4967
83.8712;57.0744;0.406091;0.325506;0.0829788;-16.9149
92.6967;57.0744;0.409764;0.326504;0.0748003;-16.3108
101.522;57.0744;0.433113;0.328039;0.0686934;-15.6827
110.348;57.0744;0.445932;0.326408;0.0600253;-15.0031
119.173;57.0744;0.400501;0.316352;0.0458787;-14.2388
127.998;57.0744;0.358907;0.304927;0.0334481;-13.4403
136.824;57.0744;0.337;0.292266;0.0240787;-12.6226
145.649;57.0744;0.338795;0.275618;0.0179113;-11.7842
154.475;57.0744;0.360439;0.256;0.0140319;-10.9311
163.3;57.0744;0.384383;0.236817;0.00891917;-10.0433
172.126;57.0744;0.390127;0.214305;0.00458514;-9.11454
180.951;57.0744;0.387711;0.188287;0.00194247;-8.16333
189.777;57.0744;0.396904;0.154977;-0.005325;-7.19489
198.602;57.0744;0.429269;0.118582;-0.0134064;-6.21491
207.428;57.0744;0.460983;0.0859653;-0.016784;-5.21455
216.253;57.0744;0.479491;0.0539495;-0.0169016;-4.17929
225.078;57.0744;0.492217;0.0181397;-0.0158139;-3.08321
233.904;57.0744;0.572341;-0.0167592;-0.0123846;-1.95008
-225.02;48.249;0.731176;-0.0160781;-0.0158632;-1.56568
-216.194;48.249;0.73356;-0.0294736;-0.0138514;-2.54798
-207.369;48.249;0.726227;-0.0274291;-0.0163183;-3.52564
-198.543;48.249;0.637673;-0.0395494;-0.0186493;-4.50009
-189.718;48.249;0.568256;-0.066736;-0.0155951;-5.47908
-180.892;48.249;0.551947;-0.0932866;-0.0143097;-6.45558
-172.067;48.249;0.553632;-0.123997;-0.0136689;-7.455
-163.242;48.249;0.551068;-0.153519;-0.0140792;-8.44997
-154.416;48.249;0.56325;-0.167569;-0.0188691;-9.40939
-145.591;48.249;0.603853;-0.167046;-0.0277929;-10.3262
-136.765;48.249;0.578412;-0.175626;-0.0266283;-11.2173
-127.94;48.249;0.535617;-0.190427;-0.0175198;-12.0894
-119.114;48.249;0.484166;-0.201459;-0.00428394;-12.9199
-110.289;48.249;0.443934;-0.207745;0.00814024;-13.7103
-101.463;48.249;0.437672;-0.208677;0.0156721;-14.4904
-92.6379;48.249;0.467989;-0.202666;0.0195793;-15.2392
-83.8124;48.249;0.483821;-0.195785;0.0271081;-15.9385
-74.987;48.249;0.456853;-0.196071;0.0411956;-16.5873
-66.1615;48.249;0.410511;-0.194958;0.0609395;-17.2007
-57.3361;48.249;0.367269;-0.184108;0.0783167;-17.7572
-48.5106;48.249;0.35742;-0.162679;0.0919377;-18.2709
-39.6852;48.249;0.384507;-0.135868;0.103876;-18.7485
-30.8597;48.249;0.398629;-0.109682;0.119894;-19.1682
-22.0342;48.249;0.405957;-0.0827015;0.139493;-19.5274
-13.2088;48.249;0.415284;-0.0552494;0.155162;-19.8132
-4.38334;48.249;0.406118;-0.0258771;0.165397;-19.9939
4.44212;48.249;0.37586;0.000864213;0.172955;-20.0718
13.2676;48.249;0.347681;0.0252203;0.179345;-20.0762
22.093;48.249;0.369348;0.0640329;0.172105;-20.0487
30.9185;48.249;0.3968;0.138996;0.145276;-19.9229
39.7439;48.249;0.422986;0.221525;0.115811;-19.7121
48.5694;48.249;0.472738;0.277669;0.0971686;-19.4509
57.3948;48.249;0.521711;0.303442;0.0899968;-19.1136
66.2203;48.249;0.503653;0.326113;0.084866;-18.6589
75.0458;48.249;0.418369;0.344494;0.0802653;-18.0929
83.8712;48.249;0.383591;0.350342;0.0730282;-17.4945
92.6967;48.249;0.388613;0.351796;0.0656203;-16.8711
101.522;48.249;0.414908;0.352838;0.0600022;-16.2204
110.348;48.249;0.438413;0.350743;0.0521164;-15.5241
119.173;48.249;0.393725;0.336868;0.0407504;-14.7283
127.998;48.249;0.348269;0.322777;0.0311477;-13.8996
136.824;48.249;0.326469;0.30879;0.0229105;-13.06
145.649;48.249;0.335113;0.293251;0.0160656;-12.2152
154.475;48.249;0.366684;0.276391;0.0111115;-11.3674
163.3;48.249;0.414261;0.259412;0.00691978;-10.4896
172.126;48.249;0.428349;0.236294;0.00400039;-9.549
180.951;48.249;0.416016;0.20733;0.00258571;-8.56607
189.777;48.249;0.401736;0.171303;-0.00303731;-7.55956
198.602;48.249;0.417766;0.132595;-0.00973632;-6.55416
207.428;48.249;0.447426;0.0968925;-0.0135;-5.53414
216.253;48.249;0.480054;0.060987;-0.0141424;-4.48981
225.078;48.249;0.516555;0.0197386;-0.0137399;-3.40372
233.904;48.249;0.571477;-0.0183788;-0.00985358;-2.2871
-225.02;39.4235;0.683933;-0.015799;-0.0152795;-1.79211
-216.194;39.4235;0.678594;-0.0324585;-0.0134567;-2.79773
-207.369;39.4235;0.64359;-0.0397174;-0.0146629;-3.7807
-198.543;39.4235;0.567028;-0.0567566;-0.0149301;-4.75949
-189.718;39.4235;0.533347;-0.0833227;-0.0125514;-5.75829
-180.892;39.4235;0.527863;-0.108341;-0.0124554;-6.76482
-172.067;39.4235;0.515132;-0.136265;-0.0143699;-7.76677
-163.242;39.4235;0.504779;-0.165085;-0.0178;-8.77031
-154.416;39.4235;0.530709;-0.180876;-0.0255558;-9.743
-145.591;39.4235;0.574364;-0.181642;-0.0347745;-10.6719
-136.765;39.4235;0.532608;-0.187707;-0.0316232;-11.5587
-127.94;39.4235;0.466857;-0.201494;-0.0213424;-12.4336
-119.114;39.4235;0.427457;-0.212519;-0.00807532;-13.2773
-110.289;39.4235;0.415948;-0.220782;0.00368828;-14.0933
-101.463;39.4235;0.421319;-0.224667;0.0129209;-14.907
-92.6379;39.4235;0.433972;-0.220107;0.0183673;-15.686
-83.8124;39.4235;0.439664;-0.210014;0.0237333;-16.4055
-74.987;39.4235;0.41607;-0.207146;0.0319695;-17.0725
-66.1615;39.4235;0.374872;-0.205067;0.0483899;-17.7057
-57.3361;39.4235;0.343384;-0.195557;0.0659989;-18.2999
-48.5106;39.4235;0.357084;-0.175859;0.0802984;-18.8629
-39.6852;39.4235;0.409212;-0.148656;0.0918513;-19.3911
-30.8597;39.4235;0.431242;-0.121383;0.10786;-19.8347
-22.0342;39.4235;0.41322;-0.0916368;0.127998;-20.1853
-13.2088;39.4235;0.417192;-0.0620205;0.14478;-20.4689
-4.38334;39.4235;0.421986;-0.0340733;0.158999;-20.6754
4.44212;39.4235;0.42389;-0.00870117;0.169619;-20.7914
13.2676;39.4235;0.435953;0.0254111;0.172849;-20.8382
22.093;39.4235;0.47674;0.0903421;0.158363;-20.8249
30.9185;39.4235;0.527669;0.179893;0.133379;-20.7259
39.7439;39.4235;0.606123;0.257679;0.112756;-20.5559
48.5694;39.4235;0.65795;0.304529;0.0998111;-20.2758
57.3948;39.4235;0.648823;0.328051;0.0901589;-19.8664
66.2203;39.4235;0.572722;0.350518;0.0751868;-19.3365
75.0458;39.4235;0.469402;0.367524;0.0604876;-18.722
83.8712;39.4235;0.409311;0.375358;0.0518371;-18.0859
92.6967;39.4235;0.386608;0.379446;0.0471521;-17.4287
101.522;39.4235;0.395012;0.380373;0.0437978;-16.7448
110.348;39.4235;0.417713;0.377229;0.0384129;-16.0273
119.173;39.4235;0.392387;0.360713;0.0311759;-15.2114
127.998;39.4235;0.359762;0.342475;0.024637;-14.3581
136.824;39.4235;0.349051;0.325518;0.0174776;-13.5014
145.649;39.4235;0.368246;0.309723;0.00962343;-12.6469
154.475;39.4235;0.409395;0.293558;0.00276046;-11.784
163.3;39.4235;0.478269;0.274169;-0.000393517;-10.8986
172.126;39.4235;0.504975;0.248047;-0.00164563;-9.94591
180.951;39.4235;0.48564;0.213566;-0.00097835;-8.92769
189.777;39.4235;0.445452;0.175919;-0.00455138;-7.88191
198.602;39.4235;0.44835;0.138238;-0.00952934;-6.85645
207.428;39.4235;0.465324;0.103091;-0.0135986;-5.81704
216.253;39.4235;0.503842;0.0649983;-0.0146014;-4.75476
225.078;39.4235;0.529225;0.0204465;-0.015162;-3.66211
233.904;39.4235;0.478669;-0.0201451;-0.0142959;-2.56099
-225.02;30.5981;0.667552;-0.0224472;-0.010019;-2.01741
-216.194;30.5981;0.655921;-0.0399814;-0.0106677;-3.04691
-207.369;30.5981;0.613172;-0.0504864;-0.0125377;-4.03063
-198.543;30.5981;0.566062;-0.0692433;-0.0125143;-5.02209
-189.718;30.5981;0.577787;-0.0932117;-0.0116845;-6.02845
-180.892;30.5981;0.581825;-0.114402;-0.0131212;-7.04408
-172.067;30.5981;0.560382;-0.136052;-0.0172107;-8.03728
-163.242;30.5981;0.539757;-0.162981;-0.0225348;-9.04192
-154.416;30.5981;0.549695;-0.18539;-0.0303031;-10.032
-145.591;30.5981;0.570464;-0.192112;-0.0375955;-10.9678
-136.765;30.5981;0.517251;-0.197252;-0.0348224;-11.8552
-127.94;30.5981;0.444398;-0.208454;-0.0283734;-12.7351
-119.114;30.5981;0.418389;-0.218232;-0.0193679;-13.5952
-110.289;30.5981;0.420507;-0.229427;-0.00964993;-14.4393
-101.463;30.5981;0.421608;-0.237076;0.00122927;-15.2747
-92.6379;30.5981;0.413866;-0.232694;0.00899107;-16.0718
-83.8124;30.5981;0.406418;-0.219465;0.0143579;-16.8166
-74.987;30.5981;0.396855;-0.2126;0.0188932;-17.5149
-66.1615;30.5981;0.372499;-0.209955;0.0313946;-18.1756
-57.3361;30.5981;0.357289;-0.2023;0.0467375;-18.8066
-48.5106;30.5981;0.389201;-0.185035;0.0601523;-19.4127
-39.6852;30.5981;0.458248;-0.159142;0.0711536;-19.9887
-30.8597;30.5981;0.492454;-0.133191;0.0848512;-20.4647
-22.0342;30.5981;0.47049;-0.104376;0.10446;-20.846
-13.2088;30.5981;0.492371;-0.0733286;0.126181;-21.1669
-4.38334;30.5981;0.546833;-0.0475315;0.150229;-21.4426
4.44212;30.5981;0.593486;-0.0181887;0.163541;-21.599
13.2676;30.5981;0.626477;0.0383764;0.151926;-21.6509
22.093;30.5981;0.688029;0.138918;0.119878;-21.6546
30.9185;30.5981;0.83051;0.243088;0.0902624;-21.6569
39.7439;30.5981;1.0449;0.307872;0.080168;-21.6129
48.5694;30.5981;1.11857;0.335806;0.0780149;-21.3205
57.3948;30.5981;1.02965;0.351967;0.0692274;-20.8132
66.2203;30.5981;0.870467;0.372916;0.0488905;-20.1791
75.0458;30.5981;0.715604;0.3878;0.0299623;-19.4718
83.8712;30.5981;0.599751;0.396091;0.021351;-18.7538
92.6967;30.5981;0.542734;0.400157;0.0196028;-18.0447
101.522;30.5981;0.543453;0.398636;0.0188821;-17.3273
110.348;30.5981;0.576391;0.392443;0.0176253;-16.5851
119.173;30.5981;0.577135;0.374918;0.0164574;-15.7613
127.998;30.5981;0.558869;0.354366;0.0153541;-14.8918
136.824;30.5981;0.534356;0.337025;0.0106312;-14.0012
145.649;30.5981;0.51362;0.323284;0.00250732;-13.0991
154.475;30.5981;0.508641;0.30839;-0.00576461;-12.1829
163.3;30.5981;0.559224;0.285034;-0.00865807;-11.2584
172.126;30.5981;0.583425;0.255249;-0.0101598;-10.2842
180.951;30.5981;0.559021;0.222045;-0.00898983;-9.25438
189.777;30.5981;0.51038;0.184344;-0.0099799;-8.18602
198.602;30.5981;0.522342;0.146601;-0.0107158;-7.15615
207.428;30.5981;0.549546;0.11149;-0.0128005;-6.11554
216.253;30.5981;0.580799;0.0731798;-0.0144428;-5.0389
225.078;30.5981;0.607444;0.0285593;-0.0168832;-3.92783
233.904;30.5981;0.615146;-0.0163193;-0.0180879;-2.81897
-225.02;21.7726;0.689977;-0.0268787;-0.00658338;-2.20396
-216.194;21.7726;0.688297;-0.0457877;-0.00938397;-3.26447
-207.369;21.7726;0.652144;-0.0580934;-0.0109705;-4.25876
-198.543;21.7726;0.631162;-0.0767619;-0.0106269;-5.26437
-189.718;21.7726;0.65508;-0.0986631;-0.0115577;-6.28011
-180.892;21.7726;0.656678;-0.116768;-0.0150239;-7.29578
-172.067;21.7726;0.623208;-0.134279;-0.0211048;-8.27641
-163.242;21.7726;0.583805;-0.159462;-0.027581;-9.26898
-154.416;21.7726;0.568894;-0.185821;-0.0345642;-10.2647
-145.591;21.7726;0.573253;-0.197996;-0.0401372;-11.2167
-136.765;21.7726;0.531857;-0.203876;-0.039687;-12.1243
-127.94;21.7726;0.481965;-0.213049;-0.0397575;-13.0231
-119.114;21.7726;0.461129;-0.220515;-0.0369209;-13.9043
-110.289;21.7726;0.453518;-0.232326;-0.0300227;-14.7683
-101.463;21.7726;0.442305;-0.240904;-0.0199445;-15.6068
-92.6379;21.7726;0.428162;-0.235241;-0.0112877;-16.4049
-83.8124;21.7726;0.423428;-0.221085;-0.00455439;-17.1696
-74.987;21.7726;0.429215;-0.214842;0.000142725;-17.9056
-66.1615;21.7726;0.416204;-0.212939;0.00955968;-18.5973
-57.3361;21.7726;0.407818;-0.206203;0.0225524;-19.2557
-48.5106;21.7726;0.441406;-0.1904;0.036843;-19.8902
-39.6852;21.7726;0.512216;-0.165807;0.0512766;-20.5058
-30.8597;21.7726;0.568355;-0.140457;0.0660937;-21.0333
-22.0342;21.7726;0.589243;-0.113472;0.0838833;-21.4768
-13.2088;21.7726;0.666009;-0.0845757;0.109027;-21.8794
-4.38334;21.7726;0.795519;-0.0594716;0.141075;-22.2433
4.44212;21.7726;0.829546;-0.0217582;0.148017;-22.3659
13.2676;21.7726;0.767359;0.0597004;0.112645;-22.3175
22.093;21.7726;0.807164;0.193366;0.0518887;-22.3126
30.9185;21.7726;1.09874;0.297823;0.0141454;-22.391
39.7439;21.7726;1.28281;0.352403;0.0076338;-22.3106
48.5694;21.7726;1.19304;0.36887;0.0128253;-21.89
57.3948;21.7726;1.00255;0.381258;0.0141912;-21.3171
66.2203;21.7726;0.909255;0.398707;0.0072016;-20.7051
75.0458;21.7726;0.846251;0.410474;0.000175163;-20.0402
83.8712;21.7726;0.723457;0.419354;-0.00205412;-19.2989
92.6967;21.7726;0.644532;0.42046;-0.00181356;-18.5425
101.522;21.7726;0.622688;0.416384;-0.00334621;-17.7778
110.348;21.7726;0.627989;0.409158;-0.00305655;-16.9857
119.173;21.7726;0.603482;0.394968;-0.000271536;-16.1268
127.998;21.7726;0.573498;0.376348;0.00275697;-15.2336
136.824;21.7726;0.551746;0.358401;0.000854813;-14.3244
145.649;21.7726;0.53112;0.342969;-0.00557297;-13.4
154.475;21.7726;0.510927;0.326562;-0.0126402;-12.453
163.3;21.7726;0.540462;0.301201;-0.0149198;-11.4999
172.126;21.7726;0.559127;0.271211;-0.0164771;-10.5092
180.951;21.7726;0.52821;0.240226;-0.0151531;-9.45817
189.777;21.7726;0.48384;0.205239;-0.0141113;-8.37705
198.602;21.7726;0.538102;0.164825;-0.0126066;-7.36697
207.428;21.7726;0.609967;0.124583;-0.0137188;-6.34958
216.253;21.7726;0.665222;0.0826704;-0.0145658;-5.28332
225.078;21.7726;0.688117;0.0353423;-0.0166598;-4.16249
233.904;21.7726;0.704914;-0.014972;-0.0205134;-3.01404
242.729;21.7726;0.343296;-0.0410337;-0.0166668;-1.84786
-225.02;12.9472;0.726213;-0.0195663;-0.00891782;-2.32369
-216.194;12.9472;0.725841;-0.0435877;-0.0122135;-3.4014
-207.369;12.9472;0.672497;-0.0607295;-0.0122013;-4.39491
-198.543;12.9472;0.650417;-0.0813515;-0.0108024;-5.40325
-189.718;12.9472;0.660725;-0.103148;-0.0130177;-6.43102
-180.892;12.9472;0.670722;-0.121772;-0.0171458;-7.46233
-172.067;12.9472;0.622312;-0.14086;-0.0231958;-8.43978
-163.242;12.9472;0.550836;-0.165359;-0.0299482;-9.41896
-154.416;12.9472;0.522097;-0.187835;-0.0379134;-10.4085
-145.591;12.9472;0.538477;-0.199955;-0.0447173;-11.3807
-136.765;12.9472;0.52997;-0.207297;-0.0484492;-12.3198
-127.94;12.9472;0.51404;-0.216634;-0.0523026;-13.2457
-119.114;12.9472;0.494617;-0.223582;-0.0513091;-14.1513
-110.289;12.9472;0.472794;-0.23495;-0.0468565;-15.0315
-101.463;12.9472;0.447809;-0.243549;-0.0397763;-15.8818
-92.6379;12.9472;0.424152;-0.238979;-0.0322201;-16.6847
-83.8124;12.9472;0.414244;-0.224529;-0.0257761;-17.4496
-74.987;12.9472;0.428188;-0.218087;-0.0207395;-18.2065
-66.1615;12.9472;0.430688;-0.214036;-0.0135228;-18.9235
-57.3361;12.9472;0.425056;-0.204588;-0.00381763;-19.5992
-48.5106;12.9472;0.448174;-0.188514;0.011001;-20.2497
-39.6852;12.9472;0.520342;-0.165798;0.0312823;-20.8951
-30.8597;12.9472;0.628775;-0.141456;0.0521432;-21.4811
-22.0342;12.9472;0.750705;-0.117374;0.0731057;-22.0076
-13.2088;12.9472;0.886777;-0.0945547;0.0979562;-22.4782
-4.38334;12.9472;0.918625;-0.0569262;0.119717;-22.7851
4.44212;12.9472;0.762969;-0.00105609;0.110051;-22.7384
13.2676;12.9472;0.520514;0.090945;0.0589112;-22.5403
22.093;12.9472;0.424265;0.219393;-0.00665253;-22.4642
30.9185;12.9472;0.58329;0.316527;-0.0466183;-22.4671
39.7439;12.9472;0.5825;0.371227;-0.0625011;-22.2289
48.5694;12.9472;0.500855;0.389702;-0.0625092;-21.75
57.3948;12.9472;0.505271;0.407733;-0.0509126;-21.2971
66.2203;12.9472;0.66021;0.424142;-0.0378636;-20.8692
75.0458;12.9472;0.770601;0.434004;-0.0271618;-20.3421
83.8712;12.9472;0.689739;0.441925;-0.0218731;-19.6272
92.6967;12.9472;0.595222;0.439579;-0.0196395;-18.8271
101.522;12.9472;0.532223;0.433051;-0.020256;-17.9975
110.348;12.9472;0.496348;0.425757;-0.0198674;-17.1509
119.173;12.9472;0.456686;0.413518;-0.015788;-16.2654
127.998;12.9472;0.446523;0.396489;-0.0109764;-15.3804
136.824;12.9472;0.451835;0.379584;-0.0111772;-14.4845
145.649;12.9472;0.454144;0.362802;-0.0156248;-13.5638
154.475;12.9472;0.449011;0.343639;-0.0202977;-12.6126
163.3;12.9472;0.475258;0.318579;-0.0210837;-11.6531
172.126;12.9472;0.495312;0.29059;-0.0208224;-10.6602
180.951;12.9472;0.469334;0.259805;-0.0180622;-9.59225
189.777;12.9472;0.440424;0.224773;-0.0156579;-8.49982
198.602;12.9472;0.512888;0.182132;-0.0137055;-7.48677
207.428;12.9472;0.625062;0.137763;-0.0145414;-6.49404
216.253;12.9472;0.706425;0.0940594;-0.0159826;-5.44702
225.078;12.9472;0.739526;0.0471646;-0.0172349;-4.32484
233.904;12.9472;0.727439;-0.00496925;-0.0201435;-3.1367
242.729;12.9472;0.615942;-0.0418052;-0.0175411;-1.91776
-233.845;4.12171;0.64131;0.00211846;-0.00918929;-1.33937
-225.02;4.12171;0.720313;-0.0103588;-0.0141672;-2.39188
-216.194;4.12171;0.701407;-0.0358862;-0.0156774;-3.44341
-207.369;4.12171;0.590695;-0.0646745;-0.0135723;-4.44942
-198.543;4.12171;0.529861;-0.090681;-0.0116218;-5.45609
-189.718;4.12171;0.54309;-0.112471;-0.0147401;-6.49219
-180.892;4.12171;0.603383;-0.132904;-0.0177922;-7.55201
-172.067;4.12171;0.567089;-0.156587;-0.0221487;-8.56158
-163.242;4.12171;0.47528;-0.180745;-0.0293578;-9.55885
-154.416;4.12171;0.447919;-0.193946;-0.0411569;-10.5526
-145.591;4.12171;0.503964;-0.195261;-0.0530333;-11.5141
-136.765;4.12171;0.511707;-0.205382;-0.060197;-12.4691
-127.94;4.12171;0.496112;-0.216952;-0.0632126;-13.4015
-119.114;4.12171;0.485832;-0.22397;-0.0607055;-14.3057
-110.289;4.12171;0.472993;-0.236844;-0.0542056;-15.2128
-101.463;4.12171;0.442604;-0.246854;-0.0483508;-16.0827
-92.6379;4.12171;0.398254;-0.243422;-0.0450632;-16.888
-83.8124;4.12171;0.369416;-0.230777;-0.0425041;-17.6465
-74.987;4.12171;0.38215;-0.224329;-0.0373353;-18.4067
-66.1615;4.12171;0.400456;-0.218473;-0.0300197;-19.1425
-57.3361;4.12171;0.401448;-0.20649;-0.0235324;-19.8376
-48.5106;4.12171;0.414153;-0.188235;-0.0124342;-20.4979
-39.6852;4.12171;0.474938;-0.164156;0.00695914;-21.1492
-30.8597;4.12171;0.594404;-0.137941;0.0298883;-21.7608
-22.0342;4.12171;0.734883;-0.110585;0.0527294;-22.3243
-13.2088;4.12171;0.807572;-0.0822183;0.0744058;-22.7584
-4.38334;4.12171;0.511373;-0.0330048;0.0860023;-22.8704
4.44212;4.12171;0.0737226;0.0385472;0.0624951;-22.641
13.2676;4.12171;-0.144765;0.136366;0.00490407;-22.4548
22.093;4.12171;0.0490373;0.234012;-0.0504318;-22.4718
30.9185;4.12171;0.212286;0.318436;-0.0847471;-22.4425
39.7439;4.12171;0.1346;0.373941;-0.106809;-22.1076
48.5694;4.12171;0.111664;0.401461;-0.112324;-21.6715
57.3948;4.12171;0.251721;0.426612;-0.0994411;-21.328
66.2203;4.12171;0.50095;0.443982;-0.0782558;-20.9831
75.0458;4.12171;0.655497;0.452995;-0.0578619;-20.5005
83.8712;4.12171;0.576704;0.460476;-0.0469322;-19.7785
92.6967;4.12171;0.444012;0.456807;-0.0426861;-18.9215
101.522;4.12171;0.326647;0.448142;-0.0412676;-18.0202
110.348;4.12171;0.260425;0.43997;-0.0393306;-17.1364
119.173;4.12171;0.257004;0.426894;-0.0337303;-16.2723
127.998;4.12171;0.311554;0.411143;-0.0288881;-15.4401
136.824;4.12171;0.362784;0.396911;-0.0290168;-14.5849
145.649;4.12171;0.394481;0.379645;-0.0310321;-13.6787
154.475;4.12171;0.412147;0.35694;-0.0323446;-12.7253
163.3;4.12171;0.444187;0.331883;-0.0310141;-11.7626
172.126;4.12171;0.468355;0.305018;-0.0280338;-10.7707
180.951;4.12171;0.451117;0.273831;-0.0228449;-9.69915
189.777;4.12171;0.430231;0.237276;-0.0180693;-8.59666
198.602;4.12171;0.47845;0.194026;-0.0151689;-7.54743
207.428;4.12171;0.600553;0.147516;-0.015889;-6.55291
216.253;4.12171;0.686473;0.103123;-0.0181995;-5.50685
225.078;4.12171;0.707491;0.056492;-0.0187697;-4.37606
233.904;4.12171;0.668158;0.00217241;-0.0173161;-3.15488
242.729;4.12171;0.609833;-0.0403614;-0.0121232;-1.92747
251.555;4.12171;0.671823;-0.0365761;-0.00740624;-0.766184
-233.845;-4.70375;0.586829;0.00621979;-0.00889484;-1.34795
-225.02;-4.70375;0.660359;-0.00745686;-0.0117535;-2.41151
-216.194;-4.70375;0.623554;-0.0360786;-0.0132969;-3.45302
-207.369;-4.70375;0.49183;-0.0695233;-0.0125077;-4.45307
-198.543;-4.70375;0.421979;-0.0948258;-0.0135766;-5.44878
-189.718;-4.70375;0.445935;-0.115035;-0.0174641;-6.48848
-180.892;-4.70375;0.554157;-0.137712;-0.0178128;-7.57832
-172.067;-4.70375;0.573258;-0.159339;-0.021555;-8.62302
-163.242;-4.70375;0.522681;-0.172988;-0.0323847;-9.62906
-154.416;-4.70375;0.505238;-0.17633;-0.0492201;-10.628
-145.591;-4.70375;0.540459;-0.177953;-0.0623744;-11.5975
-136.765;-4.70375;0.518629;-0.193825;-0.0694401;-12.5632
-127.94;-4.70375;0.480418;-0.209254;-0.0713513;-13.4932
-119.114;-4.70375;0.475863;-0.218893;-0.0689475;-14.3957
-110.289;-4.70375;0.463953;-0.230769;-0.0643238;-15.3043
-101.463;-4.70375;0.426667;-0.238608;-0.0616142;-16.1756
-92.6379;-4.70375;0.373882;-0.236188;-0.0614264;-16.9866
-83.8124;-4.70375;0.333054;-0.22764;-0.0603836;-17.7554
-74.987;-4.70375;0.336883;-0.224195;-0.0551349;-18.5306
-66.1615;-4.70375;0.356957;-0.218856;-0.0487796;-19.2793
-57.3361;-4.70375;0.363312;-0.206434;-0.0450528;-19.9851
-48.5106;-4.70375;0.376029;-0.18735;-0.0377314;-20.6504
-39.6852;-4.70375;0.420881;-0.161672;-0.0233617;-21.284
-30.8597;-4.70375;0.502915;-0.13187;-0.00521533;-21.863
-22.0342;-4.70375;0.582725;-0.101278;0.0139301;-22.3711
-13.2088;-4.70375;0.52164;-0.0685324;0.0341807;-22.7042
-4.38334;-4.70375;0.045381;-0.0122679;0.0438446;-22.6385
4.44212;-4.70375;-0.382368;0.066676;0.0126853;-22.4102
13.2676;-4.70375;-0.370369;0.170992;-0.0436437;-22.4481
22.093;-4.70375;0.0774708;0.254339;-0.0903259;-22.6207
30.9185;-4.70375;0.20822;0.323365;-0.114168;-22.5758
39.7439;-4.70375;0.128764;0.370752;-0.134561;-22.1803
48.5694;-4.70375;0.142907;0.401693;-0.142781;-21.7778
57.3948;-4.70375;0.279458;0.427226;-0.134301;-21.4281
66.2203;-4.70375;0.45502;0.445202;-0.115041;-21.0342
75.0458;-4.70375;0.543961;0.454219;-0.0936835;-20.5002
83.8712;-4.70375;0.434408;0.461573;-0.0795621;-19.7371
92.6967;-4.70375;0.260757;0.460101;-0.0738882;-18.835
101.522;-4.70375;0.116511;0.453939;-0.0703254;-17.9159
110.348;-4.70375;0.0722964;0.444919;-0.0659437;-17.0565
119.173;-4.70375;0.165077;0.433168;-0.0586437;-16.2882
127.998;-4.70375;0.307964;0.420163;-0.0534774;-15.5379
136.824;-4.70375;0.392569;0.406913;-0.0529311;-14.7098
145.649;-4.70375;0.437831;0.389707;-0.0517962;-13.8059
154.475;-4.70375;0.46951;0.365365;-0.0493523;-12.8432
163.3;-4.70375;0.504238;0.339615;-0.0460673;-11.8684
172.126;-4.70375;0.525109;0.311449;-0.0412042;-10.8657
180.951;-4.70375;0.498228;0.279937;-0.0333634;-9.79046
189.777;-4.70375;0.458899;0.243187;-0.0248399;-8.67793
198.602;-4.70375;0.467099;0.200556;-0.0192445;-7.58923
207.428;-4.70375;0.568109;0.153752;-0.0193171;-6.56079
216.253;-4.70375;0.647953;0.108658;-0.020473;-5.49963
225.078;-4.70375;0.668646;0.0608167;-0.0185567;-4.36126
233.904;-4.70375;0.627412;0.00786324;-0.012877;-3.1415
242.729;-4.70375;0.563226;-0.0334768;-0.0067368;-1.93586
251.555;-4.70375;0.623722;-0.0331925;-0.00445491;-0.789948
-233.845;-13.5292;0.587594;0.0138734;-0.00395332;-1.3322
-225.02;-13.5292;0.641943;0.000738632;-0.00377106;-2.41634
-216.194;-13.5292;0.607711;-0.0275524;-0.00376234;-3.45898
-207.369;-13.5292;0.536124;-0.0617154;-0.00640831;-4.4767
-198.543;-13.5292;0.493033;-0.0873216;-0.0117175;-5.48734
-189.718;-13.5292;0.510879;-0.10801;-0.0176176;-6.52904
-180.892;-13.5292;0.594181;-0.130774;-0.0200682;-7.61187
-172.067;-13.5292;0.596452;-0.148523;-0.0274699;-8.65716
-163.242;-13.5292;0.54583;-0.155283;-0.0421178;-9.65457
-154.416;-13.5292;0.525537;-0.1571;-0.0596971;-10.6562
-145.591;-13.5292;0.541726;-0.164307;-0.0702049;-11.6401
-136.765;-13.5292;0.505707;-0.181809;-0.074258;-12.6066
-127.94;-13.5292;0.46875;-0.195963;-0.076143;-13.5252
-119.114;-13.5292;0.46394;-0.207884;-0.0770304;-14.4318
-110.289;-13.5292;0.441703;-0.218728;-0.07831;-15.3257
-101.463;-13.5292;0.397053;-0.223964;-0.0805947;-16.1826
-92.6379;-13.5292;0.351009;-0.222216;-0.082939;-16.9959
-83.8124;-13.5292;0.323218;-0.217724;-0.0829986;-17.7882
-74.987;-13.5292;0.316737;-0.215475;-0.0816135;-18.5731
-66.1615;-13.5292;0.323542;-0.208599;-0.0794707;-19.3193
-57.3361;-13.5292;0.31604;-0.197008;-0.0758407;-20.0235
-48.5106;-13.5292;0.328747;-0.179727;-0.0673863;-20.6848
-39.6852;-13.5292;0.375191;-0.153264;-0.0577225;-21.3115
-30.8597;-13.5292;0.435156;-0.120545;-0.048958;-21.857
-22.0342;-13.5292;0.456142;-0.0876607;-0.0381937;-22.3008
-13.2088;-13.5292;0.312479;-0.0494284;-0.0227198;-22.5755
-4.38334;-13.5292;-0.0890527;0.0162365;-0.0156306;-22.5415
4.44212;-13.5292;-0.239082;0.103233;-0.0458908;-22.5228
13.2676;-13.5292;-0.000141692;0.200085;-0.0952582;-22.7028
22.093;-13.5292;0.373564;0.274417;-0.131976;-22.8605
30.9185;-13.5292;0.366965;0.324359;-0.142953;-22.7159
39.7439;-13.5292;0.294649;0.359724;-0.157096;-22.2858
48.5694;-13.5292;0.299878;0.390152;-0.165282;-21.8751
57.3948;-13.5292;0.350282;0.41481;-0.161113;-21.4486
66.2203;-13.5292;0.40159;0.433023;-0.146711;-20.9582
75.0458;-13.5292;0.420153;0.44262;-0.12822;-20.3599
83.8712;-13.5292;0.301579;0.451977;-0.11205;-19.5837
92.6967;-13.5292;0.126453;0.457994;-0.103273;-18.6972
101.522;-13.5292;0.0290961;0.456783;-0.0964711;-17.8462
110.348;-13.5292;0.0883011;0.449473;-0.0902039;-17.1031
119.173;-13.5292;0.303357;0.438365;-0.083256;-16.4498
127.998;-13.5292;0.504357;0.426322;-0.078964;-15.7449
136.824;-13.5292;0.541989;0.413843;-0.0754624;-14.8741
145.649;-13.5292;0.549204;0.396537;-0.0693828;-13.9291
154.475;-13.5292;0.586949;0.372211;-0.0647584;-12.9569
163.3;-13.5292;0.625654;0.344438;-0.0600394;-11.9654
172.126;-13.5292;0.615866;0.313718;-0.0539204;-10.9296
180.951;-13.5292;0.555324;0.280539;-0.044605;-9.83223
189.777;-13.5292;0.491494;0.243738;-0.034508;-8.70759
198.602;-13.5292;0.481858;0.202411;-0.0272512;-7.60043
207.428;-13.5292;0.579637;0.155837;-0.0259528;-6.55333
216.253;-13.5292;0.672441;0.108298;-0.0238284;-5.48458
225.078;-13.5292;0.707555;0.0571915;-0.0170531;-4.3479
233.904;-13.5292;0.693299;0.00938669;-0.00884544;-3.15382
242.729;-13.5292;0.677379;-0.0271932;-0.00294958;-1.96056
-233.845;-22.3547;0.594305;0.0195911;0.000169939;-1.30289
-225.02;-22.3547;0.650664;0.0156341;0.000562474;-2.36043
-216.194;-22.3547;0.616242;-0.0164129;0.0012991;-3.42194
-207.369;-22.3547;0.589395;-0.05097;-0.00214053;-4.47071
-198.543;-22.3547;0.599601;-0.0748867;-0.00922263;-5.50172
-189.718;-22.3547;0.618345;-0.0961076;-0.0154827;-6.55003
-180.892;-22.3547;0.648635;-0.116647;-0.0219877;-7.60077
-172.067;-22.3547;0.58451;-0.130243;-0.0350665;-8.61536
-163.242;-22.3547;0.505659;-0.134361;-0.052833;-9.58812
-154.416;-22.3547;0.488878;-0.140058;-0.0677048;-10.5902
-145.591;-22.3547;0.510574;-0.154079;-0.0759505;-11.5908
-136.765;-22.3547;0.49563;-0.171621;-0.0814052;-12.5699
-127.94;-22.3547;0.47266;-0.184928;-0.0866778;-13.5038
-119.114;-22.3547;0.460016;-0.19753;-0.0911861;-14.4216
-110.289;-22.3547;0.416012;-0.206561;-0.0968223;-15.2965
-101.463;-22.3547;0.359792;-0.209944;-0.1032;-16.1299
-92.6379;-22.3547;0.325532;-0.209135;-0.108309;-16.9386
-83.8124;-22.3547;0.32305;-0.207043;-0.110898;-17.747
-74.987;-22.3547;0.319863;-0.203661;-0.114468;-18.5289
-66.1615;-22.3547;0.307588;-0.194753;-0.116899;-19.2576
-57.3361;-22.3547;0.276098;-0.184407;-0.112188;-19.9419
-48.5106;-22.3547;0.282678;-0.168077;-0.101479;-20.5883
-39.6852;-22.3547;0.345994;-0.140179;-0.0956448;-21.2089
-30.8597;-22.3547;0.426049;-0.104899;-0.0974121;-21.7467
-22.0342;-22.3547;0.442885;-0.0691481;-0.0989442;-22.1799
-13.2088;-22.3547;0.334516;-0.0253946;-0.0944149;-22.4567
-4.38334;-22.3547;0.135706;0.0370475;-0.0917697;-22.5322
4.44212;-22.3547;0.213395;0.122239;-0.11684;-22.6702
13.2676;-22.3547;0.429763;0.203641;-0.147259;-22.8103
22.093;-22.3547;0.499363;0.262591;-0.162146;-22.8149
30.9185;-22.3547;0.378285;0.305311;-0.163468;-22.5541
39.7439;-22.3547;0.325632;0.340544;-0.174428;-22.1687
48.5694;-22.3547;0.342644;0.372369;-0.182567;-21.7721
57.3948;-22.3547;0.351324;0.398944;-0.18137;-21.3087
66.2203;-22.3547;0.339289;0.417793;-0.17111;-20.7674
75.0458;-22.3547;0.335253;0.426865;-0.156036;-20.1547
83.8712;-22.3547;0.2797;0.436227;-0.140438;-19.4317
92.6967;-22.3547;0.176577;0.44717;-0.129044;-18.6302
101.522;-22.3547;0.180236;0.448127;-0.118822;-17.8838
110.348;-22.3547;0.346415;0.441797;-0.111034;-17.2393
119.173;-22.3547;0.613049;0.431112;-0.10666;-16.6236
127.998;-22.3547;0.728912;0.421351;-0.103291;-15.8602
136.824;-22.3547;0.64122;0.40907;-0.0954982;-14.8888
145.649;-22.3547;0.587142;0.39452;-0.083953;-13.8988
154.475;-22.3547;0.633909;0.372894;-0.0755396;-12.9357
163.3;-22.3547;0.71162;0.343419;-0.0685004;-11.9685
172.126;-22.3547;0.718391;0.310616;-0.0618981;-10.9402
180.951;-22.3547;0.671426;0.27527;-0.0517463;-9.84994
189.777;-22.3547;0.628721;0.236688;-0.0405348;-8.73806
198.602;-22.3547;0.640301;0.194682;-0.0316234;-7.6418
207.428;-22.3547;0.724415;0.148657;-0.0278913;-6.57988
216.253;-22.3547;0.811812;0.0984875;-0.0221321;-5.4903
225.078;-22.3547;0.853397;0.0452343;-0.0117926;-4.34226
233.904;-22.3547;0.827459;0.000936447;-0.00314933;-3.16378
242.729;-22.3547;0.791608;-0.0244849;0.00189339;-2.0067
-233.845;-31.1801;0.614076;0.0318098;0.00511066;-1.23916
-225.02;-31.1801;0.595656;0.0140369;0.00397193;-2.28306
-216.194;-31.1801;0.562302;-0.00838345;0.00291777;-3.32258
-207.369;-31.1801;0.551527;-0.0413912;-0.000466786;-4.38826
-198.543;-31.1801;0.601751;-0.0657349;-0.00593163;-5.44116
-189.718;-31.1801;0.630051;-0.0873791;-0.0135126;-6.48718
-180.892;-31.1801;0.635522;-0.102491;-0.0245356;-7.51209
-172.067;-31.1801;0.550803;-0.108775;-0.0425663;-8.50643
-163.242;-31.1801;0.471253;-0.112128;-0.0615742;-9.47876
-154.416;-31.1801;0.462374;-0.123333;-0.0739735;-10.4832
-145.591;-31.1801;0.493008;-0.142911;-0.0825697;-11.4895
-136.765;-31.1801;0.500851;-0.162563;-0.0929005;-12.4788
-127.94;-31.1801;0.495423;-0.179426;-0.103709;-13.4427
-119.114;-31.1801;0.471417;-0.191168;-0.110195;-14.3579
-110.289;-31.1801;0.40767;-0.197993;-0.116701;-15.2143
-101.463;-31.1801;0.337795;-0.200545;-0.125241;-16.0276
-92.6379;-31.1801;0.305451;-0.200509;-0.133451;-16.8256
-83.8124;-31.1801;0.318424;-0.19865;-0.140202;-17.6259
-74.987;-31.1801;0.328877;-0.193693;-0.146761;-18.3941
-66.1615;-31.1801;0.303383;-0.186258;-0.150658;-19.085
-57.3361;-31.1801;0.263655;-0.175327;-0.146432;-19.7925
-48.5106;-31.1801;0.26949;-0.121204;-0.133611;-20.9729
-39.6852;-31.1801;0.340344;-0.104554;-0.133654;-21.2841
-30.8597;-31.1801;0.431562;-0.0882036;-0.142245;-21.4904
-22.0342;-31.1801;0.455733;-0.0463641;-0.149576;-21.9429
-13.2088;-31.1801;0.418518;-0.00141868;-0.153397;-22.2285
-4.38334;-31.1801;0.349786;0.0560993;-0.159118;-22.3757
4.44212;-31.1801;0.36403;0.121858;-0.17162;-22.5045
13.2676;-31.1801;0.427513;0.186869;-0.18129;-22.5628
22.093;-31.1801;0.438535;0.243526;-0.184176;-22.4876
30.9185;-31.1801;0.342024;0.28492;-0.184034;-22.2401
39.7439;-31.1801;0.334711;0.318506;-0.189989;-21.9189
48.5694;-31.1801;0.358249;0.352764;-0.195887;-21.5467
57.3948;-31.1801;0.352648;0.383734;-0.195605;-21.0856
66.2203;-31.1801;0.332375;0.404467;-0.187624;-20.5421
75.0458;-31.1801;0.339282;0.412942;-0.174344;-19.9447
83.8712;-31.1801;0.341387;0.42129;-0.160611;-19.2875
92.6967;-31.1801;0.313877;0.432601;-0.147062;-18.567
101.522;-31.1801;0.381321;0.432815;-0.134143;-17.8839
110.348;-31.1801;0.553308;0.427364;-0.125561;-17.2497
119.173;-31.1801;0.74457;0.419951;-0.122975;-16.5763
127.998;-31.1801;0.765873;0.411839;-0.120053;-15.7297
136.824;-31.1801;0.616526;0.398125;-0.108405;-14.6963
145.649;-31.1801;0.552903;0.382521;-0.0941397;-13.6901
154.475;-31.1801;0.617078;0.3632;-0.0839653;-12.7474
163.3;-31.1801;0.721476;0.335909;-0.0750176;-11.8115
172.126;-31.1801;0.768816;0.303445;-0.0661956;-10.8259
180.951;-31.1801;0.762551;0.267628;-0.0553699;-9.77265
189.777;-31.1801;0.75484;0.22741;-0.044821;-8.68759
198.602;-31.1801;0.779572;0.183055;-0.0351179;-7.59831
207.428;-31.1801;0.826531;0.136538;-0.0280011;-6.50875
216.253;-31.1801;0.89464;0.0856133;-0.0194182;-5.4005
225.078;-31.1801;0.947507;0.0336022;-0.00934531;-4.25526
233.904;-31.1801;0.928101;-0.0120786;-0.000511361;-3.05338
242.729;-31.1801;0.878017;-0.0318571;0.00315918;-1.92048
-225.02;-40.0056;0.53267;0.0282519;0.00622165;-2.11892
-216.194;-40.0056;0.463096;0.00284545;0.00194343;-3.15069
-207.369;-40.0056;0.496152;-0.0227798;-0.000910473;-4.21351
-198.543;-40.0056;0.553596;-0.052155;-0.00363672;-5.29927
-189.718;-40.0056;0.559877;-0.0753587;-0.0144329;-6.34448
-180.892;-40.0056;0.550657;-0.0842796;-0.0322956;-7.35587
-172.067;-40.0056;0.517587;-0.0862349;-0.0547291;-8.34759
-163.242;-40.0056;0.483863;-0.0928503;-0.0731674;-9.34124
-154.416;-40.0056;0.475939;-0.108704;-0.0838151;-10.3383
-145.591;-40.0056;0.489866;-0.130926;-0.09331;-11.3303
-136.765;-40.0056;0.497651;-0.153692;-0.106518;-12.3147
-127.94;-40.0056;0.512233;-0.174429;-0.119312;-13.2977
-119.114;-40.0056;0.491157;-0.184769;-0.125795;-14.2148
-110.289;-40.0056;0.427869;-0.190623;-0.131977;-15.0644
-101.463;-40.0056;0.352606;-0.193562;-0.14175;-15.8618
-92.6379;-40.0056;0.311713;-0.193529;-0.153126;-16.6418
-83.8124;-40.0056;0.320076;-0.189978;-0.164251;-17.4217
-74.987;-40.0056;0.32875;-0.183581;-0.172929;-18.1686
-66.1615;-40.0056;0.301596;-0.175845;-0.17758;-18.8552
-30.8597;-40.0056;0.396887;-0.0720837;-0.180125;-21.1759
-22.0342;-40.0056;0.374204;-0.0292091;-0.184178;-21.5985
-13.2088;-40.0056;0.37098;0.0159266;-0.187984;-21.8911
-4.38334;-40.0056;0.359939;0.0689954;-0.195;-22.0699
4.44212;-40.0056;0.358153;0.123074;-0.201832;-22.157
13.2676;-40.0056;0.360885;0.176437;-0.202405;-22.1536
22.093;-40.0056;0.351181;0.22588;-0.198061;-22.047
30.9185;-40.0056;0.316683;0.265878;-0.198496;-21.8267
39.7439;-40.0056;0.306453;0.300683;-0.203044;-21.5305
48.5694;-40.0056;0.307136;0.336515;-0.205979;-21.159
57.3948;-40.0056;0.299846;0.368038;-0.203225;-20.7103
66.2203;-40.0056;0.298297;0.389651;-0.195671;-20.1984
75.0458;-40.0056;0.320123;0.400814;-0.185958;-19.6392
83.8712;-40.0056;0.340604;0.41093;-0.174735;-19.0257
92.6967;-40.0056;0.347603;0.418444;-0.160804;-18.345
101.522;-40.0056;0.404648;0.417128;-0.14689;-17.6579
110.348;-40.0056;0.504101;0.41286;-0.137993;-16.9659
119.173;-40.0056;0.590771;0.407952;-0.135199;-16.2125
127.998;-40.0056;0.572855;0.400343;-0.131896;-15.3255
136.824;-40.0056;0.483158;0.384412;-0.118344;-14.3282
145.649;-40.0056;0.470106;0.366358;-0.103354;-13.3528
154.475;-40.0056;0.542991;0.348225;-0.0914893;-12.4267
163.3;-40.0056;0.639676;0.322797;-0.0804889;-11.4999
172.126;-40.0056;0.70854;0.291242;-0.0710216;-10.5461
180.951;-40.0056;0.734728;0.257279;-0.0617681;-9.53025
189.777;-40.0056;0.749512;0.218756;-0.0531358;-8.47248
198.602;-40.0056;0.767098;0.175641;-0.0441122;-7.38805
207.428;-40.0056;0.77246;0.131094;-0.0347548;-6.28045
216.253;-40.0056;0.816959;0.0835109;-0.0257678;-5.16953
225.078;-40.0056;0.878216;0.033584;-0.0167179;-4.04184
233.904;-40.0056;0.918452;-0.0123262;-0.008396;-2.86879
242.729;-40.0056;0.931893;-0.0313156;-0.00235166;-1.73095
-225.02;-48.831;0.515857;0.0484393;0.00500445;-1.943
-216.194;-48.831;0.424254;0.0166463;-0.00163192;-2.97896
-207.369;-48.831;0.498711;-0.0034513;-0.00230437;-4.03496
-198.543;-48.831;0.547367;-0.0320222;-0.00388545;-5.12724
-189.718;-48.831;0.504605;-0.0509861;-0.0193463;-6.15593
-180.892;-48.831;0.473506;-0.0535813;-0.0450343;-7.14955
-172.067;-48.831;0.501996;-0.0621626;-0.0707142;-8.15324
-163.242;-48.831;0.515844;-0.0798099;-0.0876886;-9.17521
-154.416;-48.831;0.489773;-0.100627;-0.096658;-10.1534
-145.591;-48.831;0.454701;-0.123449;-0.105368;-11.114
-136.765;-48.831;0.445926;-0.145701;-0.117876;-12.0755
-127.94;-48.831;0.478667;-0.161574;-0.128022;-13.0529
-119.114;-48.831;0.494499;-0.169125;-0.134468;-13.9676
-110.289;-48.831;0.448697;-0.17532;-0.142012;-14.8218
-101.463;-48.831;0.388004;-0.180283;-0.151964;-15.6203
-92.6379;-48.831;0.354476;-0.181332;-0.164292;-16.3918
-83.8124;-48.831;0.352069;-0.177312;-0.179133;-17.1509
-74.987;-48.831;0.346714;-0.172263;-0.190128;-17.8558
-66.1615;-48.831;0.319148;-0.162988;-0.197011;-18.5448
-57.3361;-48.831;0.295741;-0.154743;-0.196521;-19.1954
-30.8597;-48.831;0.30573;-0.0618197;-0.210075;-20.7575
-22.0342;-48.831;0.266388;-0.0186021;-0.209164;-21.1495
-13.2088;-48.831;0.289453;0.0255545;-0.208156;-21.4473
-4.38334;-48.831;0.317518;0.0739794;-0.210933;-21.6336
4.44212;-48.831;0.317354;0.122831;-0.216158;-21.7098
13.2676;-48.831;0.295406;0.169401;-0.215812;-21.6779
22.093;-48.831;0.270047;0.211625;-0.209935;-21.5458
30.9185;-48.831;0.253287;0.249491;-0.210609;-21.3295
39.7439;-48.831;0.229512;0.284952;-0.215169;-21.0262
48.5694;-48.831;0.210156;0.3201;-0.218885;-20.6525
57.3948;-48.831;0.209125;0.350342;-0.217399;-20.2238
66.2203;-48.831;0.217038;0.37294;-0.211683;-19.7359
75.0458;-48.831;0.219822;0.387192;-0.205128;-19.1765
83.8712;-48.831;0.205306;0.399216;-0.198541;-18.5491
92.6967;-48.831;0.212207;0.402327;-0.185997;-17.8739
101.522;-48.831;0.228369;0.399749;-0.171163;-17.1601
110.348;-48.831;0.251333;0.396526;-0.160093;-16.4106
119.173;-48.831;0.27681;0.393195;-0.154051;-15.6155
127.998;-48.831;0.294588;0.385697;-0.147525;-14.7625
136.824;-48.831;0.331697;0.368937;-0.132807;-13.8741
145.649;-48.831;0.38887;0.350386;-0.116212;-12.9637
154.475;-48.831;0.455767;0.332428;-0.100449;-12.0497
163.3;-48.831;0.516834;0.307498;-0.0860525;-11.114
172.126;-48.831;0.564363;0.277497;-0.0764381;-10.1557
180.951;-48.831;0.584572;0.247536;-0.0694394;-9.14696
189.777;-48.831;0.593898;0.213617;-0.0628527;-8.09683
198.602;-48.831;0.60205;0.172819;-0.0542643;-7.015
207.428;-48.831;0.60957;0.130427;-0.0441793;-5.92858
216.253;-48.831;0.655738;0.0845028;-0.034534;-4.82989
225.078;-48.831;0.718018;0.0364808;-0.0279737;-3.72511
233.904;-48.831;0.773504;-0.0144895;-0.0217174;-2.56982
242.729;-48.831;0.791984;-0.0432971;-0.0118708;-1.42646
-225.02;-57.6565;0.587531;0.0695418;0.00347532;-1.80426
-216.194;-57.6565;0.49407;0.0307933;-0.0032489;-2.82766
-207.369;-57.6565;0.546607;0.0071023;-0.000321536;-3.87146
-198.543;-57.6565;0.587229;-0.0107055;-0.00346572;-4.93547
-189.718;-57.6565;0.526642;-0.0174921;-0.0261401;-5.95139
-180.892;-57.6565;0.496452;-0.0145264;-0.0542471;-6.92596
-172.067;-57.6565;0.513218;-0.0335108;-0.0777751;-7.9263
-163.242;-57.6565;0.51169;-0.0603613;-0.0923265;-8.93981
-154.416;-57.6565;0.466042;-0.084289;-0.100648;-9.88958
-145.591;-57.6565;0.403086;-0.107834;-0.109588;-10.8211
-136.765;-57.6565;0.375567;-0.128643;-0.122146;-11.7588
-127.94;-57.6565;0.432479;-0.1432;-0.131419;-12.7247
-119.114;-57.6565;0.46182;-0.150241;-0.139155;-13.6317
-110.289;-57.6565;0.424836;-0.156534;-0.149521;-14.4837
-101.463;-57.6565;0.381769;-0.161081;-0.160905;-15.2769
-92.6379;-57.6565;0.353058;-0.16483;-0.1715;-16.0441
-83.8124;-57.6565;0.333775;-0.166242;-0.184458;-16.7948
-74.987;-57.6565;0.319523;-0.162881;-0.200076;-17.4822
-30.8597;-57.6565;0.265825;-0.0577684;-0.237282;-20.2323
-22.0342;-57.6565;0.220834;-0.014221;-0.235835;-20.61
-13.2088;-57.6565;0.222781;0.0307241;-0.234417;-20.8886
-4.38334;-57.6565;0.247654;0.0765853;-0.235496;-21.074
4.44212;-57.6565;0.252111;0.120726;-0.238511;-21.1553
13.2676;-57.6565;0.225845;0.162272;-0.237602;-21.1221
22.093;-57.6565;0.191469;0.200027;-0.231481;-20.9831
30.9185;-57.6565;0.17395;0.235394;-0.230881;-20.7636
39.7439;-57.6565;0.15345;0.270769;-0.236219;-20.4603
48.5694;-57.6565;0.138388;0.303784;-0.242192;-20.1064
57.3948;-57.6565;0.144304;0.332652;-0.244922;-19.7013
66.2203;-57.6565;0.138564;0.356577;-0.243365;-19.2133
75.0458;-57.6565;0.0958834;0.37262;-0.239461;-18.6153
83.8712;-57.6565;0.0292276;0.386944;-0.235998;-17.9575
92.6967;-57.6565;0.0249584;0.389592;-0.226019;-17.2843
101.522;-57.6565;0.0238432;0.387223;-0.212139;-16.5697
110.348;-57.6565;0.0304239;0.384269;-0.199092;-15.8141
119.173;-57.6565;0.0712627;0.380472;-0.188145;-15.0358
127.998;-57.6565;0.181439;0.369816;-0.174716;-14.2642
136.824;-57.6565;0.302636;0.352708;-0.15536;-13.4661
145.649;-57.6565;0.393196;0.334353;-0.133396;-12.6113
154.475;-57.6565;0.45626;0.314958;-0.112532;-11.7171
163.3;-57.6565;0.506113;0.288725;-0.0944812;-10.7858
172.126;-57.6565;0.561556;0.258362;-0.0823107;-9.83311
180.951;-57.6565;0.595027;0.230525;-0.0738734;-8.83553
189.777;-57.6565;0.614899;0.19885;-0.0660126;-7.79988
198.602;-57.6565;0.634278;0.157882;-0.0547129;-6.73168
207.428;-57.6565;0.667311;0.115599;-0.0434538;-5.66874
216.253;-57.6565;0.723814;0.0708156;-0.0346009;-4.59089
225.078;-57.6565;0.755971;0.0242467;-0.029281;-3.48431
233.904;-57.6565;0.771143;-0.0219208;-0.0239312;-2.31578
242.729;-57.6565;0.782254;-0.0651722;-0.0111872;-1.13296
-216.194;-66.4819;0.57222;0.0443225;0.00275881;-2.64107
-207.369;-66.4819;0.575619;0.0190934;0.00417741;-3.65713
-198.543;-66.4819;0.58704;0.00804622;-0.00585341;-4.68032
-189.718;-66.4819;0.554669;0.0135766;-0.0333368;-5.66172
-180.892;-66.4819;0.515707;0.0104609;-0.0571433;-6.63844
-172.067;-66.4819;0.500194;-0.0121133;-0.0750942;-7.63028
-163.242;-66.4819;0.491612;-0.0381909;-0.0870043;-8.62792
-154.416;-66.4819;0.460068;-0.0608972;-0.0968498;-9.57513
-145.591;-66.4819;0.403016;-0.0838639;-0.109085;-10.4979
-136.765;-66.4819;0.353459;-0.106775;-0.123827;-11.413
-127.94;-66.4819;0.348489;-0.128672;-0.136065;-12.3539
-119.114;-66.4819;0.353017;-0.139191;-0.147371;-13.2422
-110.289;-66.4819;0.331421;-0.142335;-0.160701;-14.0727
-101.463;-66.4819;0.308996;-0.144453;-0.174599;-14.8525
-92.6379;-66.4819;0.283221;-0.149587;-0.185668;-15.6128
-83.8124;-66.4819;0.253346;-0.154012;-0.198745;-16.35
-74.987;-66.4819;0.236845;-0.150721;-0.218051;-17.0249
-30.8597;-66.4819;0.265364;-0.0504124;-0.275263;-19.6676
-22.0342;-66.4819;0.240611;-0.0103401;-0.280327;-20.0251
-13.2088;-66.4819;0.203674;0.0347246;-0.283387;-20.2636
-4.38334;-66.4819;0.19594;0.0781929;-0.284473;-20.4298
4.44212;-66.4819;0.206474;0.116506;-0.28422;-20.5142
13.2676;-66.4819;0.19305;0.152983;-0.280329;-20.4928
22.093;-66.4819;0.164562;0.188467;-0.271457;-20.3741
30.9185;-66.4819;0.153206;0.222125;-0.266334;-20.1739
39.7439;-66.4819;0.156183;0.256002;-0.26787;-19.9001
48.5694;-66.4819;0.168478;0.285586;-0.271734;-19.5818
57.3948;-66.4819;0.18255;0.31355;-0.277835;-19.198
66.2203;-66.4819;0.166936;0.340562;-0.281115;-18.7188
75.0458;-66.4819;0.113126;0.361827;-0.276006;-18.1347
83.8712;-66.4819;0.0559162;0.375586;-0.267468;-17.502
92.6967;-66.4819;0.0590242;0.380306;-0.256279;-16.8583
101.522;-66.4819;0.086507;0.379264;-0.242173;-16.1802
110.348;-66.4819;0.142358;0.373375;-0.226967;-15.4595
119.173;-66.4819;0.242274;0.362508;-0.212179;-14.7162
127.998;-66.4819;0.401243;0.34743;-0.194471;-13.9928
136.824;-66.4819;0.58358;0.328504;-0.17331;-13.259
145.649;-66.4819;0.672661;0.309996;-0.148728;-12.4258
154.475;-66.4819;0.694372;0.290042;-0.125137;-11.5128
163.3;-66.4819;0.696603;0.264928;-0.103758;-10.5492
172.126;-66.4819;0.724576;0.235938;-0.0866838;-9.57288
180.951;-66.4819;0.735994;0.209028;-0.0733567;-8.56615
189.777;-66.4819;0.737141;0.177172;-0.0625164;-7.52393
198.602;-66.4819;0.742636;0.135691;-0.0493353;-6.44965
207.428;-66.4819;0.768098;0.0934513;-0.0386476;-5.38115
216.253;-66.4819;0.804414;0.0508701;-0.0313516;-4.30081
225.078;-66.4819;0.786447;0.00876398;-0.0282537;-3.18863
233.904;-66.4819;0.76789;-0.0316871;-0.0230851;-2.02066
-216.194;-75.3074;0.605649;0.066253;0.0131002;-2.38436
-207.369;-75.3074;0.553423;0.0399627;0.010005;-3.36366
-198.543;-75.3074;0.497033;0.0263674;-0.0117254;-4.35828
-189.718;-75.3074;0.415672;0.019028;-0.0420272;-5.34248
-180.892;-75.3074;0.383445;0.00725765;-0.0640839;-6.31749
-172.067;-75.3074;0.388087;-0.0141324;-0.0794625;-7.29165
-163.242;-75.3074;0.40354;-0.0346651;-0.0910612;-8.26847
-154.416;-75.3074;0.407959;-0.0509786;-0.101546;-9.20978
-145.591;-75.3074;0.385525;-0.0686519;-0.114453;-10.1214
-136.765;-75.3074;0.339465;-0.0907146;-0.130373;-11.0064
-127.94;-75.3074;0.298249;-0.114675;-0.147187;-11.9118
-119.114;-75.3074;0.272596;-0.129082;-0.162779;-12.7848
-110.289;-75.3074;0.254781;-0.131209;-0.178797;-13.6026
-101.463;-75.3074;0.245834;-0.13027;-0.196831;-14.3713
-92.6379;-75.3074;0.225623;-0.134952;-0.211656;-15.1216
-83.8124;-75.3074;0.196541;-0.140262;-0.226744;-15.8451
-74.987;-75.3074;0.18578;-0.135438;-0.246228;-16.5074
-66.1615;-75.3074;0.208471;-0.120435;-0.265841;-17.1406
-57.3361;-75.3074;0.215963;-0.104129;-0.285812;-17.6988
-48.5106;-75.3074;0.209383;-0.00269896;-0.34545;-19.4477
-39.6852;-75.3074;0.236846;-0.0623423;-0.312006;-18.6556
-30.8597;-75.3074;0.282622;-0.0367654;-0.319155;-19.0782
-22.0342;-75.3074;0.297428;-0.00314189;-0.329785;-19.4158
-13.2088;-75.3074;0.252745;0.039956;-0.339853;-19.643
-4.38334;-75.3074;0.223328;0.0807595;-0.338733;-19.7936
4.44212;-75.3074;0.240142;0.115873;-0.334705;-19.8821
13.2676;-75.3074;0.25426;0.149144;-0.329131;-19.8852
22.093;-75.3074;0.252437;0.180067;-0.32109;-19.7911
30.9185;-75.3074;0.255173;0.209617;-0.311059;-19.6256
39.7439;-75.3074;0.288289;0.236911;-0.299644;-19.3921
48.5694;-75.3074;0.328097;0.262291;-0.295189;-19.1025
57.3948;-75.3074;0.367727;0.290057;-0.303595;-18.7471
66.2203;-75.3074;0.419531;0.318094;-0.311127;-18.3332
75.0458;-75.3074;0.467786;0.34037;-0.302284;-17.8502
83.8712;-75.3074;0.479251;0.353061;-0.288085;-17.2916
92.6967;-75.3074;0.431047;0.362176;-0.275654;-16.6429
101.522;-75.3074;0.495407;0.358994;-0.259667;-15.9951
110.348;-75.3074;0.613508;0.351196;-0.240294;-15.3332
119.173;-75.3074;0.720651;0.339436;-0.221636;-14.612
127.998;-75.3074;0.790333;0.326277;-0.20256;-13.8341
136.824;-75.3074;0.928388;0.305782;-0.180256;-13.0752
145.649;-75.3074;0.97511;0.284583;-0.154245;-12.2078
154.475;-75.3074;0.959686;0.261894;-0.128613;-11.2619
163.3;-75.3074;0.928104;0.236518;-0.104442;-10.2719
172.126;-75.3074;0.922018;0.20893;-0.083371;-9.26715
180.951;-75.3074;0.896167;0.18316;-0.0662561;-8.23936
189.777;-75.3074;0.860502;0.151079;-0.0530328;-7.18009
198.602;-75.3074;0.835382;0.111666;-0.0407665;-6.0991
207.428;-75.3074;0.836327;0.0707908;-0.032129;-5.01892
216.253;-75.3074;0.840103;0.0294741;-0.0251891;-3.92318
225.078;-75.3074;0.789707;-0.00851335;-0.0221219;-2.81101
233.904;-75.3074;0.77606;-0.0354547;-0.0183858;-1.70359
-216.194;-84.1328;0.649413;0.0860783;0.0211778;-2.0555
-207.369;-84.1328;0.510359;0.0663656;0.0145903;-3.00049
-198.543;-84.1328;0.415787;0.0449292;-0.0148353;-3.9843
-189.718;-84.1328;0.336162;0.0264372;-0.0450148;-4.96501
-180.892;-84.1328;0.309282;0.00832029;-0.0675121;-5.93591
-172.067;-84.1328;0.326409;-0.0138619;-0.0833089;-6.90137
-163.242;-84.1328;0.339865;-0.0344608;-0.0974187;-7.86317
-154.416;-84.1328;0.342576;-0.0496339;-0.11109;-8.79256
-145.591;-84.1328;0.338716;-0.0628531;-0.125541;-9.68734
-136.765;-84.1328;0.324702;-0.0793187;-0.141503;-10.5554
-127.94;-84.1328;0.296056;-0.0997947;-0.161646;-11.4355
-119.114;-84.1328;0.26949;-0.115815;-0.182433;-12.2975
-110.289;-84.1328;0.26492;-0.120481;-0.202546;-13.1138
-101.463;-84.1328;0.262516;-0.119478;-0.226168;-13.8872
-92.6379;-84.1328;0.246482;-0.122422;-0.245939;-14.6236
-83.8124;-84.1328;0.225029;-0.125668;-0.261757;-15.3265
-74.987;-84.1328;0.222802;-0.118898;-0.277742;-15.9777
-66.1615;-84.1328;0.248267;-0.103238;-0.295056;-16.586
-57.3361;-84.1328;0.256403;-0.0856884;-0.316831;-17.1399
-48.5106;-84.1328;0.232072;-0.0642479;-0.333701;-17.6226
-39.6852;-84.1328;0.255042;-0.0434129;-0.342501;-18.0601
-30.8597;-84.1328;0.31575;-0.0203416;-0.349808;-18.4574
-22.0342;-84.1328;0.361282;0.00808299;-0.361114;-18.7806
-13.2088;-84.1328;0.361653;0.0438991;-0.370583;-19.0235
-4.38334;-84.1328;0.35859;0.0809623;-0.366789;-19.1898
4.44212;-84.1328;0.357986;0.116743;-0.358022;-19.2698
13.2676;-84.1328;0.362407;0.14683;-0.351347;-19.2655
22.093;-84.1328;0.362752;0.171692;-0.345253;-19.1802
30.9185;-84.1328;0.367239;0.195939;-0.335446;-19.0401
39.7439;-84.1328;0.412763;0.2192;-0.319894;-18.8439
48.5694;-84.1328;0.511299;0.242929;-0.314941;-18.5946
57.3948;-84.1328;0.559998;0.277212;-0.328907;-18.2596
66.2203;-84.1328;0.633201;0.30976;-0.339361;-17.898
75.0458;-84.1328;0.73443;0.330292;-0.328163;-17.4863
83.8712;-84.1328;0.797352;0.339404;-0.311941;-16.9739
92.6967;-84.1328;0.745083;0.34509;-0.298492;-16.3203
101.522;-84.1328;0.805312;0.33908;-0.278311;-15.6705
110.348;-84.1328;0.920405;0.33096;-0.252191;-15.0271
119.173;-84.1328;1.0245;0.317283;-0.227177;-14.3205
127.998;-84.1328;1.07999;0.30378;-0.201929;-13.5453
136.824;-84.1328;1.16521;0.282313;-0.176519;-12.7432
145.649;-84.1328;1.15346;0.259366;-0.150463;-11.8253
154.475;-84.1328;1.09883;0.23335;-0.122967;-10.8405
163.3;-84.1328;1.05129;0.204941;-0.0950431;-9.83288
172.126;-84.1328;1.04159;0.176089;-0.0714031;-8.82755
180.951;-84.1328;0.997286;0.152223;-0.053409;-7.79981
189.777;-84.1328;0.931793;0.121513;-0.0389651;-6.73543
198.602;-84.1328;0.875517;0.0876925;-0.028677;-5.65918
207.428;-84.1328;0.850479;0.0504859;-0.0218961;-4.57567
216.253;-84.1328;0.832491;0.0108409;-0.0147639;-3.47452
225.078;-84.1328;0.81011;-0.018071;-0.0128911;-2.3921
233.904;-84.1328;0.830316;-0.0390213;-0.0118317;-1.36451
-216.194;-92.9583;0.702174;0.0990101;0.0282474;-1.6565
-207.369;-92.9583;0.483982;0.0796026;0.0158813;-2.63567
-198.543;-92.9583;0.394513;0.0599918;-0.0126668;-3.60327
-189.718;-92.9583;0.370331;0.0372167;-0.0421464;-4.57724
-180.892;-92.9583;0.352061;0.0169218;-0.0658015;-5.54049
-172.067;-92.9583;0.35877;-0.0064072;-0.0822696;-6.48977
-163.242;-92.9583;0.340203;-0.0313835;-0.100144;-7.42823
-154.416;-92.9583;0.313496;-0.0504793;-0.118482;-8.33989
-145.591;-92.9583;0.307308;-0.0622755;-0.134996;-9.22275
-136.765;-92.9583;0.319233;-0.0723915;-0.150398;-10.0873
-127.94;-92.9583;0.313287;-0.087221;-0.171939;-10.9415
-119.114;-92.9583;0.298146;-0.102195;-0.196212;-11.7828
-110.289;-92.9583;0.319436;-0.109936;-0.217834;-12.5931
-101.463;-92.9583;0.321344;-0.112539;-0.241349;-13.3619
-92.6379;-92.9583;0.313812;-0.113543;-0.263777;-14.0923
-83.8124;-92.9583;0.307421;-0.111805;-0.282032;-14.7815
-74.987;-92.9583;0.310184;-0.104186;-0.296749;-15.4193
-66.1615;-92.9583;0.332291;-0.0912665;-0.309713;-16.008
-57.3361;-92.9583;0.349804;-0.0759473;-0.323966;-16.5422
-48.5106;-92.9583;0.330027;-0.056508;-0.337568;-17.0013
-39.6852;-92.9583;0.330358;-0.0363407;-0.346956;-17.4075
-30.8597;-92.9583;0.35948;-0.012289;-0.354444;-17.7744
-22.0342;-92.9583;0.395313;0.0168921;-0.363235;-18.0825
-13.2088;-92.9583;0.414212;0.0505937;-0.371184;-18.3325
-4.38334;-92.9583;0.409867;0.0840667;-0.369629;-18.508
4.44212;-92.9583;0.402055;0.118877;-0.361417;-18.5755
13.2676;-92.9583;0.395077;0.14532;-0.354478;-18.5623
22.093;-92.9583;0.380871;0.166672;-0.351533;-18.4841
30.9185;-92.9583;0.363855;0.190317;-0.350777;-18.3441
39.7439;-92.9583;0.376496;0.22056;-0.34966;-18.1378
48.5694;-92.9583;0.487471;0.252351;-0.359437;-17.8856
57.3948;-92.9583;0.551066;0.2859;-0.373658;-17.5696
66.2203;-92.9583;0.630783;0.309141;-0.372604;-17.2176
75.0458;-92.9583;0.724261;0.323333;-0.354069;-16.829
83.8712;-92.9583;0.780072;0.324664;-0.334858;-16.3155
92.6967;-92.9583;0.761836;0.325841;-0.318008;-15.6833
101.522;-92.9583;0.837905;0.319729;-0.292133;-15.0605
110.348;-92.9583;0.952159;0.31039;-0.258951;-14.4325
119.173;-92.9583;1.06438;0.293349;-0.227163;-13.7439
127.998;-92.9583;1.14623;0.276072;-0.195104;-12.9951
136.824;-92.9583;1.18559;0.255607;-0.166622;-12.159
145.649;-92.9583;1.10536;0.235343;-0.142762;-11.1985
154.475;-92.9583;1.02746;0.209403;-0.117564;-10.2053
163.3;-92.9583;1.0006;0.179148;-0.0879634;-9.22223
172.126;-92.9583;1.02673;0.14721;-0.0607726;-8.25511
180.951;-92.9583;0.997073;0.124021;-0.042222;-7.25726
189.777;-92.9583;0.930117;0.0959849;-0.02736;-6.21336
198.602;-92.9583;0.864997;0.0645876;-0.01655;-5.1466
207.428;-92.9583;0.829442;0.0318548;-0.00985037;-4.07467
216.253;-92.9583;0.814769;-0.00346646;-0.00337055;-2.99791
225.078;-92.9583;0.849997;-0.0291288;-0.00372954;-1.9775
-207.369;-101.784;0.457489;0.0963927;0.0191835;-2.1841
-198.543;-101.784;0.388544;0.0749865;-0.00820925;-3.17474
-189.718;-101.784;0.455483;0.043933;-0.0374233;-4.19628
-180.892;-101.784;0.46562;0.0216814;-0.0594106;-5.16107
-172.067;-101.784;0.429998;-0.00130986;-0.0768479;-6.07775
-163.242;-101.784;0.383062;-0.0280567;-0.0974291;-6.97875
-154.416;-101.784;0.344039;-0.0499066;-0.118589;-7.86808
-145.591;-101.784;0.332016;-0.062162;-0.13647;-8.74532
-136.765;-101.784;0.337374;-0.0691718;-0.152234;-9.60568
-127.94;-101.784;0.32139;-0.0794296;-0.174054;-10.431
-119.114;-101.784;0.283981;-0.092539;-0.199236;-11.2391
-110.289;-101.784;0.298278;-0.100605;-0.220634;-12.0236
-101.463;-101.784;0.288076;-0.104752;-0.241985;-12.7783
-92.6379;-101.784;0.294825;-0.103733;-0.264198;-13.4947
-83.8124;-101.784;0.317045;-0.0981587;-0.284302;-14.1594
-74.987;-101.784;0.329021;-0.0904941;-0.301466;-14.7687
-66.1615;-101.784;0.330447;-0.0822171;-0.317328;-15.3389
-57.3361;-101.784;0.359065;-0.0689839;-0.326403;-15.8533
-48.5106;-101.784;0.355122;-0.050892;-0.334776;-16.3049
-39.6852;-101.784;0.33797;-0.030659;-0.344261;-16.7015
-30.8597;-101.784;0.347957;-0.00735786;-0.351589;-17.0453
-22.0342;-101.784;0.380379;0.0195748;-0.355535;-17.335
-13.2088;-101.784;0.395041;0.0499553;-0.360796;-17.573
-4.38334;-101.784;0.385617;0.0818344;-0.362494;-17.7376
4.44212;-101.784;0.372576;0.117049;-0.35777;-17.7957
13.2676;-101.784;0.35434;0.142345;-0.351423;-17.7872
22.093;-101.784;0.337964;0.163768;-0.351528;-17.7166
30.9185;-101.784;0.328248;0.188236;-0.35897;-17.5736
39.7439;-101.784;0.339061;0.220537;-0.371896;-17.3681
48.5694;-101.784;0.448106;0.255354;-0.389826;-17.1133
57.3948;-101.784;0.506423;0.283928;-0.397203;-16.7933
66.2203;-101.784;0.564621;0.298099;-0.387023;-16.4198
75.0458;-101.784;0.620854;0.299902;-0.363451;-15.9764
83.8712;-101.784;0.649567;0.298073;-0.341023;-15.4535
92.6967;-101.784;0.657558;0.300034;-0.320737;-14.8691
101.522;-101.784;0.751154;0.296593;-0.291757;-14.2909
110.348;-101.784;0.847233;0.288064;-0.256168;-13.6661
119.173;-101.784;0.931605;0.269233;-0.222251;-12.9642
127.998;-101.784;0.988091;0.248317;-0.189549;-12.1983
136.824;-101.784;0.964505;0.227011;-0.161903;-11.3175
145.649;-101.784;0.82754;0.209178;-0.137632;-10.3301
154.475;-101.784;0.777424;0.185503;-0.111329;-9.39195
163.3;-101.784;0.829083;0.156666;-0.0801565;-8.50714
172.126;-101.784;0.8994;0.122705;-0.0507249;-7.59346
180.951;-101.784;0.885107;0.0978971;-0.0300647;-6.61868
189.777;-101.784;0.825513;0.0718556;-0.0189952;-5.59167
198.602;-101.784;0.776868;0.0452997;-0.00968897;-4.55222
207.428;-101.784;0.770582;0.0157817;-0.00165917;-3.51407
216.253;-101.784;0.780465;-0.0123243;0.00472164;-2.48381
225.078;-101.784;0.847045;-0.0372841;0.00531606;-1.50262
-198.543;-110.609;0.374494;0.077319;-0.00469449;-2.71585
-189.718;-110.609;0.488744;0.0466316;-0.0312779;-3.75855
-180.892;-110.609;0.53663;0.0209384;-0.0505995;-4.71949
-172.067;-110.609;0.450198;-0.0050301;-0.0717071;-5.62352
-163.242;-110.609;0.416593;-0.0286579;-0.0927901;-6.50472
-154.416;-110.609;0.403253;-0.0484295;-0.112876;-7.37889
-145.591;-110.609;0.39263;-0.0602606;-0.130334;-8.24258
-136.765;-110.609;0.37755;-0.0648174;-0.146669;-9.07853
-127.94;-110.609;0.339126;-0.0693414;-0.165906;-9.86622
-119.114;-110.609;0.276869;-0.079182;-0.189489;-10.6324
-110.289;-110.609;0.250242;-0.089463;-0.213569;-11.3908
-101.463;-110.609;0.235393;-0.095836;-0.23869;-12.1337
-92.6379;-110.609;0.262347;-0.0960644;-0.262003;-12.84
-83.8124;-110.609;0.286235;-0.0907333;-0.285181;-13.4872
-74.987;-110.609;0.271429;-0.0840273;-0.308736;-14.0639
-66.1615;-110.609;0.250868;-0.0782926;-0.327581;-14.6141
-57.3361;-110.609;0.284314;-0.0667274;-0.335582;-15.1203
-48.5106;-110.609;0.310112;-0.0475697;-0.339237;-15.5641
-39.6852;-110.609;0.290947;-0.0266994;-0.345847;-15.9514
-30.8597;-110.609;0.282089;-0.00376188;-0.349329;-16.2796
-22.0342;-110.609;0.30073;0.0212173;-0.349862;-16.5391
-13.2088;-110.609;0.314547;0.0489534;-0.351218;-16.7476
-4.38334;-110.609;0.30986;0.0782818;-0.353008;-16.902
4.44212;-110.609;0.307886;0.113172;-0.350443;-16.965
13.2676;-110.609;0.312171;0.139227;-0.34587;-16.9745
22.093;-110.609;0.314813;0.161541;-0.349938;-16.9137
30.9185;-110.609;0.320735;0.184842;-0.362079;-16.7728
39.7439;-110.609;0.349375;0.211884;-0.37857;-16.5769
48.5694;-110.609;0.458454;0.240528;-0.391626;-16.3406
57.3948;-110.609;0.519264;0.264951;-0.3915;-16.033
66.2203;-110.609;0.559321;0.276475;-0.377846;-15.6478
75.0458;-110.609;0.601053;0.279387;-0.355521;-15.1991
83.8712;-110.609;0.647694;0.279041;-0.331985;-14.6931
92.6967;-110.609;0.688522;0.278161;-0.308175;-14.1502
101.522;-110.609;0.785661;0.272341;-0.278803;-13.5881
110.348;-110.609;0.802522;0.26211;-0.248227;-12.8968
119.173;-110.609;0.766508;0.243432;-0.217901;-12.1034
127.998;-110.609;0.709498;0.222917;-0.18867;-11.2639
136.824;-110.609;0.587613;0.20188;-0.161937;-10.332
145.649;-110.609;0.529717;0.178527;-0.13387;-9.42018
154.475;-110.609;0.606448;0.153725;-0.101225;-8.60679
163.3;-110.609;0.73698;0.127606;-0.0647448;-7.81797
172.126;-110.609;0.79492;0.0926462;-0.0349887;-6.91441
180.951;-110.609;0.708562;0.0666422;-0.0134153;-5.87881
189.777;-110.609;0.66971;0.0432204;-0.00430238;-4.88155
198.602;-110.609;0.688757;0.0241131;-0.00166767;-3.92685
207.428;-110.609;0.776982;-0.000791576;0.00595668;-2.98319
216.253;-110.609;0.830362;-0.0263805;0.0160918;-2.00602
-198.543;-119.435;0.341535;0.07225;0.000510099;-2.22175
-189.718;-119.435;0.416687;0.0511744;-0.0210412;-3.21171
-180.892;-119.435;0.466466;0.0202013;-0.0430217;-4.19934
-172.067;-119.435;0.388113;-0.0130619;-0.0677289;-5.10619
-163.242;-119.435;0.403327;-0.0322359;-0.0870977;-5.9712
-154.416;-119.435;0.410799;-0.048689;-0.106101;-6.82701
-145.591;-119.435;0.389021;-0.0602785;-0.123186;-7.65882
-136.765;-119.435;0.357531;-0.0627897;-0.138464;-8.47201
-127.94;-119.435;0.312843;-0.0592385;-0.153059;-9.22571
-119.114;-119.435;0.233549;-0.0667756;-0.178108;-9.96823
-110.289;-119.435;0.204623;-0.0753024;-0.20542;-10.7048
-101.463;-119.435;0.19015;-0.0851665;-0.235309;-11.4318
-92.6379;-119.435;0.222986;-0.0887645;-0.263555;-12.1248
-83.8124;-119.435;0.24528;-0.0856129;-0.290374;-12.7589
-74.987;-119.435;0.21871;-0.0813128;-0.315069;-13.3174
-66.1615;-119.435;0.184169;-0.078408;-0.333983;-13.8544
-57.3361;-119.435;0.211942;-0.0696997;-0.342945;-14.3584
-48.5106;-119.435;0.25392;-0.0521879;-0.344676;-14.8081
-39.6852;-119.435;0.245282;-0.0309412;-0.346303;-15.1963
-30.8597;-119.435;0.218359;-0.00702681;-0.345438;-15.4904
-22.0342;-119.435;0.200347;0.0199186;-0.342241;-15.7091
-13.2088;-119.435;0.198512;0.0493549;-0.338691;-15.8882
-4.38334;-119.435;0.222645;0.0780456;-0.33699;-16.0403
4.44212;-119.435;0.25549;0.110166;-0.336523;-16.1204
13.2676;-119.435;0.312559;0.136683;-0.335504;-16.1542
22.093;-119.435;0.354279;0.158792;-0.344641;-16.1038
30.9185;-119.435;0.361137;0.178497;-0.358391;-15.9584
39.7439;-119.435;0.365679;0.197484;-0.369631;-15.7454
48.5694;-119.435;0.452367;0.216228;-0.372364;-15.5136
57.3948;-119.435;0.535509;0.235055;-0.367226;-15.221
66.2203;-119.435;0.577088;0.247358;-0.355944;-14.839
75.0458;-119.435;0.60525;0.252694;-0.338189;-14.3863
83.8712;-119.435;0.645644;0.252081;-0.315987;-13.8817
92.6967;-119.435;0.685306;0.247816;-0.29289;-13.3395
101.522;-119.435;0.709538;0.242231;-0.26809;-12.7322
110.348;-119.435;0.653183;0.233079;-0.237238;-11.985
119.173;-119.435;0.542803;0.214054;-0.206637;-11.1421
127.998;-119.435;0.434716;0.193567;-0.180164;-10.3019
136.824;-119.435;0.377765;0.171038;-0.152877;-9.47197
145.649;-119.435;0.460743;0.145688;-0.120201;-8.69539
154.475;-119.435;0.678014;0.11716;-0.0814387;-7.98148
163.3;-119.435;0.792124;0.0884529;-0.0445159;-7.16054
172.126;-119.435;0.654691;0.0585206;-0.0182639;-6.12365
180.951;-119.435;0.479701;0.033942;0.00197176;-5.02933
189.777;-119.435;0.558894;0.00760405;0.0144393;-4.14639
198.602;-119.435;0.733368;-0.0118886;0.0251997;-3.34939
207.428;-119.435;0.920447;-0.0294049;0.0298367;-2.5269
216.253;-119.435;0.98772;-0.0477651;0.0316389;-1.5921
-189.718;-128.26;0.330104;0.047601;-0.0124231;-2.64913
-180.892;-128.26;0.386365;0.019802;-0.0341663;-3.58671
-172.067;-128.26;0.328753;-0.0158304;-0.0621285;-4.50832
-163.242;-128.26;0.347664;-0.0345732;-0.0809955;-5.36636
-154.416;-128.26;0.332685;-0.0526129;-0.101681;-6.20111
-145.591;-128.26;0.277052;-0.0652688;-0.118984;-6.98294
-136.765;-128.26;0.235904;-0.067392;-0.134419;-7.77736
-127.94;-128.26;0.224616;-0.0592083;-0.14826;-8.53145
-119.114;-128.26;0.174165;-0.059923;-0.174212;-9.27342
-110.289;-128.26;0.158062;-0.0660685;-0.203743;-9.98781
-101.463;-128.26;0.128957;-0.0738378;-0.233365;-10.6744
-92.6379;-128.26;0.143242;-0.0795981;-0.265324;-11.3395
-83.8124;-128.26;0.173156;-0.0802069;-0.295545;-11.9708
-74.987;-128.26;0.17153;-0.0782027;-0.318276;-12.5393
-66.1615;-128.26;0.139145;-0.0768103;-0.335851;-13.0604
-57.3361;-128.26;0.142828;-0.0717636;-0.346379;-13.5638
-48.5106;-128.26;0.204011;-0.0603179;-0.347365;-14.0295
-39.6852;-128.26;0.181787;-0.0410095;-0.346293;-14.3998
-30.8597;-128.26;0.0809263;-0.01472;-0.34374;-14.6117
-22.0342;-128.26;7.70001e-05;0.0159505;-0.3382;-14.7615
-13.2088;-128.26;0.0113734;0.0482438;-0.32785;-14.9337
-4.38334;-128.26;0.106092;0.0807003;-0.317237;-15.1354
4.44212;-128.26;0.206621;0.110614;-0.318522;-15.2647
13.2676;-128.26;0.316959;0.133383;-0.322746;-15.3071
22.093;-128.26;0.407715;0.154489;-0.333816;-15.2684
30.9185;-128.26;0.411597;0.170594;-0.344508;-15.1019
39.7439;-128.26;0.329664;0.183254;-0.34971;-14.8384
48.5694;-128.26;0.357268;0.197125;-0.346731;-14.577
57.3948;-128.26;0.424296;0.211734;-0.339517;-14.2826
66.2203;-128.26;0.461311;0.222587;-0.329802;-13.9026
75.0458;-128.26;0.46609;0.225651;-0.31478;-13.43
83.8712;-128.26;0.453032;0.223172;-0.296466;-12.8895
92.6967;-128.26;0.43056;0.219521;-0.278224;-12.3047
101.522;-128.26;0.442368;0.212183;-0.25621;-11.6888
110.348;-128.26;0.456589;0.199942;-0.224205;-10.999
119.173;-128.26;0.425076;0.182903;-0.191364;-10.2544
127.998;-128.26;0.37355;0.164498;-0.162156;-9.50553
136.824;-128.26;0.401446;0.144532;-0.132932;-8.78633
145.649;-128.26;0.586621;0.119205;-0.0990195;-8.10918
154.475;-128.26;0.682544;0.0933444;-0.059403;-7.30463
163.3;-128.26;0.591445;0.0568393;-0.0320127;-6.28388
172.126;-128.26;0.334128;0.0281879;-0.00920926;-5.15478
180.951;-128.26;0.261674;0.00312148;0.011897;-4.16241
189.777;-128.26;0.616094;-0.029283;0.0321095;-3.51866
198.602;-128.26;1.02082;-0.0508894;0.0495898;-2.90876
207.428;-128.26;1.24325;-0.0629997;0.0500321;-2.16605
-189.718;-137.086;0.203984;0.029698;-0.00454977;-2.04649
-180.892;-137.086;0.280538;0.0107047;-0.0275053;-2.94688
-172.067;-137.086;0.26984;-0.0167852;-0.0523778;-3.83504
-163.242;-137.086;0.271118;-0.0375747;-0.0748692;-4.70523
-154.416;-137.086;0.204298;-0.0593162;-0.100234;-5.51864
-145.591;-137.086;0.113352;-0.0749475;-0.119802;-6.26327
-136.765;-137.086;0.0827192;-0.0783728;-0.136867;-7.05099
-127.94;-137.086;0.121488;-0.0670149;-0.151055;-7.81656
-119.114;-137.086;0.124285;-0.0584831;-0.175804;-8.55664
-110.289;-137.086;0.105864;-0.0605289;-0.205061;-9.24546
-101.463;-137.086;0.0537877;-0.064886;-0.233427;-9.88797
-92.6379;-137.086;0.0451167;-0.0717416;-0.265085;-10.5276
-83.8124;-137.086;0.100233;-0.075315;-0.294216;-11.1649
-74.987;-137.086;0.141216;-0.0740765;-0.315669;-11.7396
-66.1615;-137.086;0.101795;-0.0714425;-0.333933;-12.2317
-57.3361;-137.086;0.0532972;-0.0681972;-0.347895;-12.7192
-48.5106;-137.086;0.127575;-0.0653174;-0.349617;-13.1801
-39.6852;-137.086;0.0286172;-0.0488892;-0.352365;-13.4632
-30.8597;-137.086;-0.273566;-0.0223967;-0.35533;-13.4873
-22.0342;-137.086;-0.482986;0.00780419;-0.351821;-13.501
-13.2088;-137.086;-0.394958;0.0394806;-0.33439;-13.7037
-4.38334;-137.086;-0.160259;0.0791104;-0.30953;-14.0782
4.44212;-137.086;0.0495547;0.109501;-0.302837;-14.2894
13.2676;-137.086;0.184371;0.127495;-0.311746;-14.3322
22.093;-137.086;0.269426;0.14339;-0.324236;-14.2732
30.9185;-137.086;0.29586;0.157296;-0.331355;-14.113
39.7439;-137.086;0.265419;0.168455;-0.332197;-13.8699
48.5694;-137.086;0.251233;0.178549;-0.330575;-13.5964
57.3948;-137.086;0.287707;0.190414;-0.327245;-13.2951
66.2203;-137.086;0.319391;0.197497;-0.315716;-12.905
75.0458;-137.086;0.315743;0.197237;-0.2985;-12.4148
83.8712;-137.086;0.274836;0.192949;-0.280955;-11.8535
92.6967;-137.086;0.222079;0.18991;-0.265567;-11.2628
101.522;-137.086;0.240691;0.183218;-0.243989;-10.6749
110.348;-137.086;0.338931;0.170422;-0.211161;-10.08
119.173;-137.086;0.416958;0.152863;-0.176167;-9.44536
127.998;-137.086;0.452396;0.134445;-0.143104;-8.77817
136.824;-137.086;0.513487;0.114115;-0.112432;-8.08923
145.649;-137.086;0.639541;0.0855774;-0.0872765;-7.36048
154.475;-137.086;0.513453;0.0582282;-0.0613007;-6.39376
163.3;-137.086;0.229613;0.0261912;-0.0358057;-5.25614
172.126;-137.086;0.0130513;0.00275889;-0.00626664;-4.18775
180.951;-137.086;0.237327;-0.0259738;0.0201358;-3.45178
189.777;-137.086;0.937864;-0.0665581;0.045205;-3.08489
198.602;-137.086;1.47691;-0.0912901;0.0609821;-2.56872
-189.718;-145.911;0.0902346;0.013559;0.00296434;-1.40541
-180.892;-145.911;0.159943;0.00153819;-0.0204535;-2.28145
-172.067;-145.911;0.170509;-0.0213343;-0.0443718;-3.15248
-163.242;-145.911;0.16695;-0.0397213;-0.0662214;-4.00276
-154.416;-145.911;0.100799;-0.0585455;-0.0923704;-4.79086
-145.591;-145.911;0.0122636;-0.0761242;-0.11554;-5.52519
-136.765;-145.911;-0.00793961;-0.0840074;-0.137609;-6.31698
-127.94;-145.911;0.0512452;-0.0743233;-0.154079;-7.08948
-119.114;-145.911;0.0829991;-0.0618364;-0.175063;-7.81371
-110.289;-145.911;0.0553347;-0.0600455;-0.200163;-8.47656
-101.463;-145.911;-0.0207305;-0.0619397;-0.228148;-9.08786
-92.6379;-145.911;-0.0390889;-0.0684289;-0.258325;-9.70334
-83.8124;-145.911;0.0526723;-0.0725209;-0.283726;-10.3382
-74.987;-145.911;0.128562;-0.0700654;-0.303687;-10.9162
-66.1615;-145.911;0.0630938;-0.0646694;-0.325185;-11.3769
-57.3361;-145.911;-0.055923;-0.0613687;-0.347551;-11.8049
-48.5106;-145.911;-0.017129;-0.0658213;-0.356002;-12.2085
-39.6852;-145.911;-0.243782;-0.0460521;-0.36738;-12.3563
-30.8597;-145.911;-0.854927;-0.0188407;-0.380396;-12.1745
-22.0342;-145.911;-1.39468;0.0139259;-0.384094;-12.0679
-13.2088;-145.911;-1.38932;0.0475711;-0.367221;-12.2654
-4.38334;-145.911;-0.794729;0.0761937;-0.333669;-12.7271
4.44212;-145.911;-0.285505;0.104818;-0.315206;-13.1309
13.2676;-145.911;-0.087395;0.118035;-0.321996;-13.2338
22.093;-145.911;0.0158422;0.127801;-0.328762;-13.1801
30.9185;-145.911;0.0982888;0.137655;-0.328452;-13.0422
39.7439;-145.911;0.154099;0.147419;-0.324728;-12.8446
48.5694;-145.911;0.173692;0.15792;-0.32275;-12.5958
57.3948;-145.911;0.203699;0.169058;-0.320843;-12.2962
66.2203;-145.911;0.23575;0.174546;-0.307707;-11.9113
75.0458;-145.911;0.245227;0.172171;-0.287111;-11.4341
83.8712;-145.911;0.217334;0.166298;-0.266488;-10.892
92.6967;-145.911;0.169748;0.162825;-0.249402;-10.3274
101.522;-145.911;0.201812;0.155971;-0.225626;-9.76911
110.348;-145.911;0.327222;0.142561;-0.193799;-9.22306
119.173;-145.911;0.437788;0.12347;-0.161539;-8.62457
127.998;-145.911;0.495;0.102476;-0.130272;-7.95916
136.824;-145.911;0.517462;0.0805304;-0.101278;-7.22453
145.649;-145.911;0.45876;0.0587806;-0.078465;-6.37858
154.475;-145.911;0.306745;0.029647;-0.0560031;-5.43182
163.3;-145.911;0.153618;-0.00582217;-0.0332482;-4.43743
172.126;-145.911;0.179188;-0.0231763;0.0032797;-3.61362
180.951;-145.911;0.701274;-0.0552311;0.0320585;-3.11671
189.777;-145.911;1.50216;-0.10025;0.0547892;-2.80467
198.602;-145.911;1.90135;-0.134236;0.0814235;-2.09722
-172.067;-154.736;0.107577;-0.019564;-0.0294241;-2.46369
-163.242;-154.736;0.0921211;-0.0363612;-0.0512226;-3.28577
-154.416;-154.736;0.0501219;-0.0464243;-0.071917;-4.04732
-145.591;-154.736;0.00681184;-0.0638668;-0.0977456;-4.79764
-136.765;-154.736;0.000105508;-0.0772789;-0.126143;-5.58845
-127.94;-154.736;0.0375059;-0.0745449;-0.147479;-6.34792
-119.114;-154.736;0.0555528;-0.0660603;-0.164502;-7.04227
-110.289;-154.736;0.0243773;-0.0648782;-0.184536;-7.68869
-101.463;-154.736;-0.0737166;-0.0647253;-0.212568;-8.27797
-92.6379;-154.736;-0.0981052;-0.0686546;-0.242759;-8.86359
-83.8124;-154.736;0.00812484;-0.0702459;-0.26566;-9.47932
-74.987;-154.736;0.0968296;-0.0660562;-0.284752;-10.0432
-66.1615;-154.736;0.0302963;-0.0609191;-0.30974;-10.4861
-57.3361;-154.736;-0.120442;-0.0607203;-0.338836;-10.8833
-48.5106;-154.736;-0.119171;-0.065698;-0.353872;-11.2552
-39.6852;-154.736;-0.359953;-0.0494001;-0.367421;-11.3784
-30.8597;-154.736;-0.962424;-0.024195;-0.385076;-11.1762
-22.0342;-154.736;-1.5519;0.00296202;-0.393969;-11.0226
-13.2088;-154.736;-1.69009;0.0256687;-0.385303;-11.1159
-4.38334;-154.736;-1.19997;0.0462309;-0.364863;-11.4709
4.44212;-154.736;-0.431069;0.0834944;-0.353303;-11.9982
13.2676;-154.736;-0.166366;0.0983664;-0.346277;-12.1748
22.093;-154.736;-0.0484312;0.105495;-0.337929;-12.1492
30.9185;-154.736;0.0507397;0.113361;-0.327679;-12.0285
39.7439;-154.736;0.133965;0.123196;-0.317255;-11.8457
48.5694;-154.736;0.171547;0.132591;-0.308092;-11.5863
57.3948;-154.736;0.202988;0.14263;-0.302877;-11.284
66.2203;-154.736;0.234152;0.147319;-0.28707;-10.9094
75.0458;-154.736;0.254001;0.145693;-0.265269;-10.4722
83.8712;-154.736;0.251398;0.141506;-0.243675;-9.98879
92.6967;-154.736;0.231654;0.136879;-0.223552;-9.4658
101.522;-154.736;0.278585;0.128532;-0.197329;-8.92433
110.348;-154.736;0.36806;0.116012;-0.168445;-8.3686
119.173;-154.736;0.400611;0.100667;-0.143005;-7.73444
127.998;-154.736;0.367562;0.0826192;-0.118757;-7.01348
136.824;-154.736;0.317721;0.0615571;-0.0938694;-6.2301
145.649;-154.736;0.262879;0.039402;-0.0710109;-5.40234
154.475;-154.736;0.299177;0.00992238;-0.0472713;-4.63357
163.3;-154.736;0.485259;-0.0178915;-0.0207501;-3.97598
172.126;-154.736;0.865376;-0.0364248;0.011125;-3.46743
180.951;-154.736;1.47307;-0.0676889;0.0384588;-3.0607
189.777;-154.736;1.94556;-0.117308;0.0716467;-2.40981
-163.242;-163.562;0.0790152;-0.0251873;-0.0303277;-2.5557
-154.416;-163.562;0.0396887;-0.0340993;-0.0516399;-3.30435
-145.591;-163.562;0.0390774;-0.0462904;-0.073163;-4.06449
-136.765;-163.562;0.0553486;-0.0629363;-0.101972;-4.84018
-127.94;-163.562;0.0618817;-0.0674702;-0.125993;-5.57164
-119.114;-163.562;0.0588393;-0.064413;-0.142065;-6.23912
-110.289;-163.562;0.0224944;-0.0677111;-0.160767;-6.87606
-101.463;-163.562;-0.0786302;-0.06611;-0.188287;-7.45224
-92.6379;-163.562;-0.137846;-0.0671932;-0.221194;-8.01343
-83.8124;-163.562;-0.0604198;-0.0664791;-0.244963;-8.59177
-74.987;-163.562;0.0199828;-0.063234;-0.264542;-9.12854
-66.1615;-163.562;-0.0360208;-0.061607;-0.290407;-9.56171
-57.3361;-163.562;-0.171488;-0.0632657;-0.321613;-9.95003
-48.5106;-163.562;-0.100055;-0.0664966;-0.337055;-10.3563
-39.6852;-163.562;-0.150417;-0.05087;-0.348052;-10.617
-30.8597;-163.562;-0.515467;-0.0259464;-0.371126;-10.6101
-22.0342;-163.562;-0.914339;-0.00525258;-0.388;-10.5285
-13.2088;-163.562;-1.04325;0.00917268;-0.386018;-10.5432
-4.38334;-163.562;-0.776274;0.0295232;-0.371847;-10.7504
4.44212;-163.562;-0.223521;0.0600688;-0.367022;-11.1032
13.2676;-163.562;-0.025849;0.0757778;-0.353848;-11.2467
22.093;-163.562;0.0597839;0.0823153;-0.333995;-11.2079
30.9185;-163.562;0.127753;0.0880658;-0.313498;-11.0606
39.7439;-163.562;0.190742;0.097711;-0.295206;-10.8577
48.5694;-163.562;0.22681;0.106379;-0.276568;-10.5868
57.3948;-163.562;0.256232;0.112477;-0.265132;-10.2682
66.2203;-163.562;0.278704;0.115993;-0.24814;-9.8952
75.0458;-163.562;0.284006;0.115887;-0.228922;-9.48561
83.8712;-163.562;0.275785;0.113103;-0.208731;-9.04061
92.6967;-163.562;0.273613;0.108038;-0.186739;-8.55089
101.522;-163.562;0.31994;0.101416;-0.161747;-8.03023
110.348;-163.562;0.37263;0.0915351;-0.136962;-7.47058
119.173;-163.562;0.361049;0.0798164;-0.116362;-6.82992
127.998;-163.562;0.304855;0.0655962;-0.0969073;-6.1193
136.824;-163.562;0.268893;0.0489428;-0.0749055;-5.38153
145.649;-163.562;0.298098;0.0308589;-0.0512529;-4.66018
154.475;-163.562;0.516715;0.0101945;-0.0244687;-4.05901
163.3;-163.562;0.916972;-0.013612;0.000690717;-3.61822
172.126;-163.562;1.33577;-0.0387209;0.0244245;-3.1619
180.951;-163.562;1.76178;-0.0776863;0.045814;-2.61112
189.777;-163.562;1.95386;-0.119587;0.0758972;-1.75331
-154.416;-172.387;0.0388049;-0.0262781;-0.0325927;-2.55686
-145.591;-172.387;0.0260543;-0.0430276;-0.057059;-3.29386
-136.765;-172.387;0.0415776;-0.0572218;-0.0829451;-4.04504
-127.94;-172.387;0.0330074;-0.0630561;-0.106193;-4.73907
-119.114;-172.387;0.0175696;-0.0626948;-0.122633;-5.37863
-110.289;-172.387;-0.00561309;-0.0629107;-0.141906;-6.0191
-101.463;-172.387;-0.0843776;-0.0579156;-0.170093;-6.60598
-92.6379;-172.387;-0.143441;-0.0579689;-0.199114;-7.1471
-83.8124;-172.387;-0.105427;-0.061374;-0.220889;-7.66975
-74.987;-172.387;-0.0493649;-0.062996;-0.240981;-8.18087
-66.1615;-172.387;-0.0909403;-0.0633579;-0.264055;-8.60518
-57.3361;-172.387;-0.219694;-0.063602;-0.292202;-8.9736
-48.5106;-172.387;-0.171459;-0.0603381;-0.308218;-9.37063
-39.6852;-172.387;-0.0325098;-0.0476366;-0.318153;-9.74752
-30.8597;-172.387;-0.102992;-0.0301849;-0.339952;-9.93182
-22.0342;-172.387;-0.230359;-0.0149313;-0.358282;-10.0068
-13.2088;-172.387;-0.213068;0.00151192;-0.35825;-10.0985
-4.38334;-172.387;-0.0162933;0.0297152;-0.342151;-10.2955
4.44212;-172.387;0.151005;0.049835;-0.335149;-10.4198
13.2676;-172.387;0.216118;0.0581621;-0.325529;-10.4187
22.093;-172.387;0.217099;0.0625624;-0.304863;-10.2942
30.9185;-172.387;0.209244;0.0671445;-0.279283;-10.0791
39.7439;-172.387;0.228127;0.0761102;-0.256809;-9.84127
48.5694;-172.387;0.27108;0.0828536;-0.234862;-9.57958
57.3948;-172.387;0.289386;0.087389;-0.220277;-9.26855
66.2203;-172.387;0.29263;0.091161;-0.203871;-8.89939
75.0458;-172.387;0.290331;0.0913282;-0.186707;-8.49367
83.8712;-172.387;0.285531;0.0893519;-0.168296;-8.06467
92.6967;-172.387;0.287534;0.0848124;-0.148289;-7.60111
101.522;-172.387;0.323684;0.0770035;-0.123999;-7.09694
110.348;-172.387;0.381566;0.066162;-0.0990372;-6.55914
119.173;-172.387;0.392195;0.0562589;-0.0791384;-5.96298
127.998;-172.387;0.374335;0.0471141;-0.0638806;-5.32298
136.824;-172.387;0.389772;0.0364167;-0.0477643;-4.67564
145.649;-172.387;0.505516;0.0207832;-0.0285319;-4.06903
154.475;-172.387;0.793738;0.00231053;-0.00646123;-3.56738
163.3;-172.387;1.10018;-0.0182513;0.0166765;-3.06418
172.126;-172.387;1.40239;-0.0498431;0.0302446;-2.50784
-145.591;-181.213;-0.00809266;-0.0389292;-0.0425564;-2.49652
-136.765;-181.213;-0.0514037;-0.0529695;-0.0639686;-3.18206
-127.94;-181.213;-0.0842678;-0.0626659;-0.087693;-3.85405
-119.114;-181.213;-0.122212;-0.0643377;-0.105406;-4.46449
-110.289;-181.213;-0.135257;-0.0618365;-0.124693;-5.09445
-101.463;-181.213;-0.197982;-0.0506359;-0.148928;-5.66512
-92.6379;-181.213;-0.265882;-0.0493896;-0.17342;-6.17619
-83.8124;-181.213;-0.245224;-0.0539797;-0.191482;-6.66663
-74.987;-181.213;-0.163419;-0.0583548;-0.210186;-7.18177
-66.1615;-181.213;-0.145048;-0.0605656;-0.229095;-7.6194
-57.3361;-181.213;-0.242558;-0.0598493;-0.25118;-7.96771
-48.5106;-181.213;-0.233608;-0.0526554;-0.266023;-8.32394
-39.6852;-181.213;-0.0604836;-0.0417778;-0.275968;-8.71992
-30.8597;-181.213;0.0214196;-0.0307343;-0.290688;-8.9924
-22.0342;-181.213;0.0527812;-0.0194055;-0.302923;-9.17135
-13.2088;-181.213;0.165789;-0.00244632;-0.302134;-9.33395
-4.38334;-181.213;0.36934;0.0219295;-0.289779;-9.50281
4.44212;-181.213;0.385145;0.0363463;-0.287638;-9.54162
13.2676;-181.213;0.370838;0.0406157;-0.278564;-9.48051
22.093;-181.213;0.30413;0.0461043;-0.258336;-9.30288
30.9185;-181.213;0.226294;0.0517765;-0.234323;-9.03615
39.7439;-181.213;0.197626;0.0599975;-0.212948;-8.76824
48.5694;-181.213;0.240356;0.0665054;-0.193917;-8.51552
57.3948;-181.213;0.254808;0.0718183;-0.178245;-8.22114
66.2203;-181.213;0.256062;0.0735732;-0.161632;-7.86804
75.0458;-181.213;0.266766;0.0715292;-0.143984;-7.47477
83.8712;-181.213;0.278821;0.0706438;-0.127284;-7.0701
92.6967;-181.213;0.283494;0.0692922;-0.113286;-6.63613
101.522;-181.213;0.291821;0.0636814;-0.0959207;-6.14413
110.348;-181.213;0.330293;0.0525321;-0.0752163;-5.62055
119.173;-181.213;0.366243;0.0415383;-0.0564317;-5.0697
127.998;-181.213;0.402605;0.032392;-0.0426528;-4.49951
136.824;-181.213;0.472044;0.0211216;-0.0293676;-3.92149
145.649;-181.213;0.632686;0.00511124;-0.0157121;-3.38092
154.475;-181.213;0.838849;-0.0136856;-0.00132131;-2.83655
163.3;-181.213;1.02199;-0.0359273;0.0170412;-2.25043
-136.765;-190.038;-0.103805;-0.0444727;-0.0397971;-2.30781
-127.94;-190.038;-0.133638;-0.0540866;-0.0564572;-2.94178
-119.114;-190.038;-0.178201;-0.058896;-0.0730419;-3.54369
-110.289;-190.038;-0.214024;-0.057239;-0.0933223;-4.14707
-101.463;-190.038;-0.312312;-0.0446215;-0.115755;-4.67018
-92.6379;-190.038;-0.439364;-0.0440466;-0.139589;-5.12531
-83.8124;-190.038;-0.429465;-0.0475646;-0.155914;-5.60321
-74.987;-190.038;-0.299572;-0.0502762;-0.170812;-6.13243
-66.1615;-190.038;-0.195734;-0.0519156;-0.186436;-6.60866
-57.3361;-190.038;-0.215419;-0.052062;-0.204436;-6.97331
-48.5106;-190.038;-0.205376;-0.0458473;-0.216979;-7.29934
-39.6852;-190.038;-0.113741;-0.0365385;-0.225255;-7.62767
-30.8597;-190.038;-0.0345143;-0.0270108;-0.233603;-7.89616
-22.0342;-190.038;0.0503374;-0.0157041;-0.241092;-8.1122
-13.2088;-190.038;0.176067;0.00254701;-0.245225;-8.30222
-4.38334;-190.038;0.309871;0.0216908;-0.241759;-8.41591
4.44212;-190.038;0.307591;0.027864;-0.237694;-8.40452
13.2676;-190.038;0.229242;0.0281149;-0.229936;-8.29744
22.093;-190.038;0.152682;0.0325191;-0.213077;-8.10786
30.9185;-190.038;0.0879796;0.0387988;-0.194861;-7.86993
39.7439;-190.038;0.0704734;0.0456812;-0.177555;-7.62721
48.5694;-190.038;0.11659;0.0521761;-0.160641;-7.39352
57.3948;-190.038;0.141382;0.0569401;-0.144426;-7.11771
66.2203;-190.038;0.164629;0.056474;-0.125879;-6.7917
75.0458;-190.038;0.204904;0.0532401;-0.105684;-6.42639
83.8712;-190.038;0.240165;0.0530902;-0.089225;-6.04964
92.6967;-190.038;0.253287;0.0541413;-0.0808456;-5.64327
101.522;-190.038;0.253803;0.0507848;-0.0714402;-5.17208
110.348;-190.038;0.275318;0.0428972;-0.060214;-4.67053
119.173;-190.038;0.309181;0.0338383;-0.0490241;-4.15337
127.998;-190.038;0.359393;0.0236732;-0.0385121;-3.61991
136.824;-190.038;0.437583;0.0117957;-0.0278072;-3.0648
145.649;-190.038;0.568834;-0.00600501;-0.0128082;-2.51296
154.475;-190.038;0.689671;-0.0266184;0.00526804;-1.91513
-119.114;-198.864;-0.191407;-0.0472741;-0.0392137;-2.63308
-110.289;-198.864;-0.206851;-0.0455253;-0.0559053;-3.19044
-101.463;-198.864;-0.336376;-0.0371405;-0.0815996;-3.70235
-92.6379;-198.864;-0.530313;-0.0394818;-0.109265;-4.13541
-83.8124;-198.864;-0.529665;-0.0417735;-0.123509;-4.62439
-74.987;-198.864;-0.387191;-0.0407337;-0.132235;-5.14018
-66.1615;-198.864;-0.234938;-0.0403336;-0.143178;-5.6133
-57.3361;-198.864;-0.167748;-0.0425957;-0.158417;-5.99329
-48.5106;-198.864;-0.157837;-0.0385842;-0.171672;-6.30334
-39.6852;-198.864;-0.123925;-0.0319199;-0.181652;-6.57602
-30.8597;-198.864;-0.0933697;-0.0268733;-0.192109;-6.81338
-22.0342;-198.864;-0.0311365;-0.0191797;-0.2013;-7.01152
-13.2088;-198.864;0.0687303;-0.00380032;-0.208149;-7.175
-4.38334;-198.864;0.155685;0.0109843;-0.205039;-7.24096
4.44212;-198.864;0.141318;0.0150088;-0.19857;-7.20208
13.2676;-198.864;0.0949395;0.0134133;-0.188585;-7.09219
22.093;-198.864;0.0464379;0.0176741;-0.175169;-6.92782
30.9185;-198.864;-0.0056406;0.0235911;-0.162279;-6.72131
39.7439;-198.864;-0.0278897;0.0279531;-0.147963;-6.49418
48.5694;-198.864;0.0024192;0.0322203;-0.131675;-6.26708
57.3948;-198.864;0.0397654;0.0364387;-0.113166;-6.00745
66.2203;-198.864;0.0877512;0.0363546;-0.0916046;-5.71154
75.0458;-198.864;0.148636;0.0334495;-0.0690576;-5.3785
83.8712;-198.864;0.197641;0.0328156;-0.0527002;-5.0257
92.6967;-198.864;0.223242;0.0338927;-0.0480449;-4.64139
101.522;-198.864;0.2423;0.0332434;-0.0454486;-4.20738
110.348;-198.864;0.271712;0.0298382;-0.0411215;-3.73754
119.173;-198.864;0.296587;0.0238554;-0.036197;-3.23046
127.998;-198.864;0.320497;0.0138918;-0.0320201;-2.70046
136.824;-198.864;0.36691;0.000653319;-0.0244359;-2.15541
145.649;-198.864;0.459212;-0.0174644;-0.0051351;-1.58763
-119.114;-207.689;-0.270276;-0.0361743;-0.0149554;-1.7179
-110.289;-207.689;-0.239609;-0.0327517;-0.031705;-2.25773
-101.463;-207.689;-0.329051;-0.0292201;-0.0586137;-2.75917
-92.6379;-207.689;-0.481461;-0.0353296;-0.0850809;-3.21176
-83.8124;-207.689;-0.458641;-0.0381876;-0.0934462;-3.68827
-74.987;-207.689;-0.369574;-0.0361321;-0.0984717;-4.16512
-66.1615;-207.689;-0.272917;-0.035077;-0.110358;-4.58978
-57.3361;-207.689;-0.212231;-0.0364808;-0.123771;-4.94352
-48.5106;-207.689;-0.190162;-0.0360719;-0.139001;-5.24413
-39.6852;-207.689;-0.18102;-0.0314307;-0.151387;-5.4896
-30.8597;-207.689;-0.15931;-0.028116;-0.162233;-5.6967
-22.0342;-207.689;-0.115259;-0.0243979;-0.172699;-5.8682
-13.2088;-207.689;-0.0509133;-0.0155154;-0.183047;-6.00678
-4.38334;-207.689;0.00354622;-0.00548907;-0.18499;-6.06678
4.44212;-207.689;0.00477394;-0.00165354;-0.17857;-6.03142
13.2676;-207.689;-0.00385704;-0.00289655;-0.166651;-5.94024
22.093;-207.689;-0.0242656;0.00291794;-0.151004;-5.79813
30.9185;-207.689;-0.0591217;0.00804734;-0.13427;-5.60991
39.7439;-207.689;-0.0774599;0.0103623;-0.115973;-5.40276
48.5694;-207.689;-0.0515214;0.0117128;-0.0963938;-5.19142
57.3948;-207.689;0.00848603;0.0143019;-0.07477;-4.95525
66.2203;-207.689;0.0832326;0.0150852;-0.0519698;-4.68783
75.0458;-207.689;0.150646;0.0123757;-0.0294018;-4.37855
83.8712;-207.689;0.20666;0.0110899;-0.0147133;-4.04961
92.6967;-207.689;0.258251;0.0128348;-0.0116023;-3.69349
101.522;-207.689;0.298289;0.0144211;-0.013243;-3.30425
110.348;-207.689;0.331689;0.013715;-0.0158814;-2.84526
119.173;-207.689;0.342435;0.00737525;-0.0156876;-2.34111
127.998;-207.689;0.342419;-0.00216485;-0.014479;-1.81102
136.824;-207.689;0.345072;-0.0132177;-0.00852771;-1.26568
-83.8124;-216.515;-0.425025;-0.0361424;-0.0670494;-2.73712
-74.987;-216.515;-0.342981;-0.0357392;-0.0719249;-3.15962
-66.1615;-216.515;-0.297231;-0.034253;-0.0836235;-3.55087
-57.3361;-216.515;-0.273867;-0.0343449;-0.0949723;-3.87507
-48.5106;-216.515;-0.270014;-0.0331647;-0.108649;-4.15659
-39.6852;-216.515;-0.248733;-0.0301263;-0.122324;-4.38884
-30.8597;-216.515;-0.207467;-0.0270225;-0.134924;-4.57916
-22.0342;-216.515;-0.160369;-0.0251258;-0.146782;-4.73378
-13.2088;-216.515;-0.115424;-0.0216564;-0.158833;-4.84848
-4.38334;-216.515;-0.0866525;-0.0168266;-0.165636;-4.90457
4.44212;-216.515;-0.0859569;-0.0138916;-0.163493;-4.89126
13.2676;-216.515;-0.084967;-0.0152849;-0.152436;-4.8267
22.093;-216.515;-0.101814;-0.00988693;-0.12976;-4.68618
30.9185;-216.515;-0.121603;-0.00721271;-0.103301;-4.50122
39.7439;-216.515;-0.108677;-0.0078249;-0.0778993;-4.31997
48.5694;-216.515;-0.0414697;-0.00837929;-0.0532109;-4.15545
57.3948;-216.515;0.0683996;-0.00555868;-0.0279263;-3.97803
66.2203;-216.515;0.166545;-0.00318885;-0.00624867;-3.75635
75.0458;-216.515;0.239702;-0.00466838;0.012733;-3.4639
83.8712;-216.515;0.320798;-0.0050162;0.026238;-3.17751
92.6967;-216.515;0.405518;-0.0029335;0.0258127;-2.8499
101.522;-216.515;0.466776;-0.00553313;0.0177438;-2.46697
110.348;-216.515;0.457416;-0.00821356;0.00687527;-1.99177
-83.8124;-225.34;-0.409622;-0.0331771;-0.0367762;-1.73864
-74.987;-225.34;-0.322957;-0.0357858;-0.0456137;-2.15205
-66.1615;-225.34;-0.290027;-0.0356666;-0.0576568;-2.51704
-57.3361;-225.34;-0.289719;-0.0340905;-0.0665734;-2.81853
-48.5106;-225.34;-0.302424;-0.0314363;-0.0748053;-3.07726
-39.6852;-225.34;-0.267676;-0.0293069;-0.087747;-3.30578
-30.8597;-225.34;-0.210982;-0.0270605;-0.102613;-3.50256
-22.0342;-225.34;-0.170459;-0.0241172;-0.117777;-3.64841
-13.2088;-225.34;-0.146156;-0.0211912;-0.129316;-3.74373
-4.38334;-225.34;-0.140338;-0.0186033;-0.135296;-3.78849
4.44212;-225.34;-0.157586;-0.017761;-0.135701;-3.77684
13.2676;-225.34;-0.18259;-0.0212931;-0.127762;-3.71166
22.093;-225.34;-0.20455;-0.0201084;-0.098673;-3.56501
30.9185;-225.34;-0.193569;-0.0196207;-0.0651853;-3.40761
39.7439;-225.34;-0.0969596;-0.020673;-0.0352579;-3.28733
48.5694;-225.34;0.0284013;-0.019459;-0.00750426;-3.18528
57.3948;-225.34;0.197788;-0.0163902;0.0188397;-3.06405
66.2203;-225.34;0.277118;-0.0125102;0.0357006;-2.89196
75.0458;-225.34;0.335775;-0.013495;0.0478077;-2.60617
83.8712;-225.34;0.402585;-0.014907;0.0465002;-2.27632
92.6967;-225.34;0.42696;-0.012838;0.0435766;-1.90918
-39.6852;-234.166;-0.239044;-0.0282945;-0.0507516;-2.2601
-30.8597;-234.166;-0.18196;-0.0284293;-0.0684856;-2.4614
-22.0342;-234.166;-0.162428;-0.0250225;-0.085537;-2.59888
-13.2088;-234.166;-0.163149;-0.0214631;-0.0944877;-2.66805
-4.38334;-234.166;-0.180063;-0.0186626;-0.0976027;-2.69085
4.44212;-234.166;-0.217999;-0.0192644;-0.0956744;-2.66079
13.2676;-234.166;-0.287226;-0.0248203;-0.0881499;-2.57197
22.093;-234.166;-0.260081;-0.0282233;-0.0592235;-2.47523
30.9185;-234.166;-0.127673;-0.0289725;-0.027331;-2.43928
39.7439;-234.166;0.112247;-0.0287042;0.000668236;-2.41147
48.5694;-234.166;0.272323;-0.0265419;0.0212038;-2.31125
57.3948;-234.166;0.257318;-0.0209123;0.0338061;-2.09077
66.2203;-234.166;0.114577;-0.0164848;0.0303818;-1.80253
75.0458;-234.166;-0.0343728;-0.0193842;0.0245994;-1.43469
-4.38334;-242.991;-0.169057;-0.0184943;-0.0555228;-1.65969
4.44212;-242.991;-0.202343;-0.0176002;-0.0553742;-1.64346
13.2676;-242.991;-0.250817;-0.0231792;-0.0486468;-1.5866
22.093;-242.991;-0.0625753;-0.0294111;-0.0251508;-1.61474
30.9185;-242.991;0.271728;-0.0317395;0.00510396;-1.69303
