x[mm];y[mm];z[mm];x-displacement[mm];y-displacement[mm];z-displacement[mm]
-4.38334;224.758;0.115697;-0.0174444;0.0479645;-2.19524
4.44212;224.758;0.0164864;-0.0118191;0.0496375;-2.19834
13.2676;224.758;-0.0263853;-0.00253316;0.0459918;-2.16316
22.093;224.758;-0.0573264;0.00059522;0.036647;-2.08166
-39.6852;215.933;-0.0236217;-0.0209038;0.0700465;-2.5054
-30.8597;215.933;-0.110706;-0.0187169;0.0766853;-2.65007
-22.0342;215.933;-0.217603;-0.0154973;0.0717796;-2.72361
-13.2088;215.933;-0.282745;-0.00595999;0.0679194;-2.83986
-4.38334;215.933;-0.258786;-0.00717864;0.0722903;-2.97
4.44212;215.933;-0.243161;-0.0044906;0.0792754;-3.05249
13.2676;215.933;-0.236875;0.00237459;0.0817231;-3.05153
22.093;215.933;-0.216982;0.00492536;0.0767912;-3.00456
30.9185;215.933;-0.190114;0.00599433;0.0717805;-2.93716
39.7439;215.933;-0.184509;0.00824955;0.0625021;-2.82371
48.5694;215.933;-0.226374;0.0103402;0.0507824;-2.65727
57.3948;215.933;-0.282106;0.0109123;0.0389283;-2.43626
66.2203;215.933;-0.344594;0.00848412;0.0368495;-2.18348
75.0458;215.933;-0.390934;0.0051221;0.0350376;-1.90482
-74.987;207.107;0.310109;-0.0449178;0.0530497;-2.41622
-66.1615;207.107;0.220077;-0.0372559;0.0654795;-2.73274
-57.3361;207.107;0.0527837;-0.0314318;0.0787978;-2.98992
-48.5106;207.107;-0.00835472;-0.0304313;0.0910575;-3.27146
-39.6852;207.107;-0.0847791;-0.0269126;0.0998759;-3.47878
-30.8597;207.107;-0.343077;-0.0218042;0.112715;-3.52762
-22.0342;207.107;-0.616261;-0.0156089;0.111656;-3.48582
-13.2088;207.107;-0.691359;-0.00532044;0.102291;-3.56301
-4.38334;207.107;-0.578334;-0.000728657;0.095397;-3.72288
4.44212;207.107;-0.485139;0.00351947;0.103489;-3.8689
13.2676;207.107;-0.40193;0.00896044;0.109863;-3.94051
22.093;207.107;-0.315914;0.0106184;0.107581;-3.95266
30.9185;207.107;-0.244018;0.0129856;0.10035;-3.91584
39.7439;207.107;-0.213265;0.0184809;0.0873009;-3.81274
48.5694;207.107;-0.231486;0.0226924;0.0718176;-3.64743
57.3948;207.107;-0.284992;0.0240605;0.0615581;-3.41714
66.2203;207.107;-0.341313;0.0237846;0.0610061;-3.16028
75.0458;207.107;-0.380589;0.0213205;0.0604784;-2.87341
83.8712;207.107;-0.390712;0.0167856;0.0514637;-2.55284
92.6967;207.107;-0.374898;0.0131609;0.0312744;-2.18571
-110.289;198.282;0.583516;-0.0272315;0.0104204;-1.61438
-101.463;198.282;0.489507;-0.040358;0.035198;-2.09997
-92.6379;198.282;0.390211;-0.0549237;0.0553692;-2.57849
-83.8124;198.282;0.339983;-0.0608881;0.0664879;-3.02394
-74.987;198.282;0.263229;-0.0542402;0.0757719;-3.43278
-66.1615;198.282;0.117529;-0.0405272;0.0845063;-3.73839
-57.3361;198.282;-0.0883866;-0.0299316;0.0997041;-3.97633
-48.5106;198.282;-0.117861;-0.0297404;0.109475;-4.23752
-39.6852;198.282;-0.151734;-0.026672;0.115861;-4.46102
-30.8597;198.282;-0.371237;-0.0209878;0.13056;-4.53585
-22.0342;198.282;-0.571981;-0.0162645;0.131464;-4.52825
-13.2088;198.282;-0.599976;-0.00758198;0.120523;-4.60784
-4.38334;198.282;-0.463282;-0.00133155;0.10888;-4.75831
4.44212;198.282;-0.364679;0.00375478;0.115883;-4.90357
13.2676;198.282;-0.290782;0.0101584;0.124791;-4.98686
22.093;198.282;-0.237665;0.0150847;0.124557;-4.99608
30.9185;198.282;-0.20546;0.0202893;0.117019;-4.9384
39.7439;198.282;-0.194017;0.0264338;0.104306;-4.82105
48.5694;198.282;-0.199538;0.0308602;0.0910048;-4.65494
57.3948;198.282;-0.240019;0.0333891;0.0817467;-4.42535
66.2203;198.282;-0.284398;0.0362373;0.0808948;-4.16588
75.0458;198.282;-0.313877;0.0364001;0.0775212;-3.86828
83.8712;198.282;-0.315215;0.0329814;0.0679633;-3.52877
92.6967;198.282;-0.30735;0.0275382;0.0521625;-3.15116
101.522;198.282;-0.292857;0.0210662;0.0391875;-2.74631
110.348;198.282;-0.266497;0.0125959;0.0253617;-2.31898
-101.463;189.456;0.583998;-0.0616826;0.0524258;-3.07791
-92.6379;189.456;0.499634;-0.0733631;0.0677335;-3.57191
-83.8124;189.456;0.376132;-0.0768788;0.0834423;-4.00832
-74.987;189.456;0.209713;-0.0659382;0.0953712;-4.3764
-66.1615;189.456;0.0105991;-0.0446206;0.10727;-4.69504
-57.3361;189.456;-0.165576;-0.0291969;0.111244;-4.90478
-48.5106;189.456;-0.22232;-0.0275191;0.118136;-5.14379
-39.6852;189.456;-0.204346;-0.0248883;0.121549;-5.4253
-30.8597;189.456;-0.258025;-0.0189688;0.133994;-5.64279
-22.0342;189.456;-0.310302;-0.011591;0.136469;-5.76989
-13.2088;189.456;-0.287012;-0.00217645;0.128355;-5.88662
-4.38334;189.456;-0.184105;0.00466765;0.118943;-6.00962
4.44212;189.456;-0.130452;0.0089516;0.125293;-6.10536
13.2676;189.456;-0.107682;0.0145174;0.133504;-6.12979
22.093;189.456;-0.107904;0.0209328;0.134585;-6.08657
30.9185;189.456;-0.11755;0.0272308;0.128525;-5.99082
39.7439;189.456;-0.125036;0.0323488;0.118176;-5.85419
48.5694;189.456;-0.12687;0.0358176;0.107791;-5.67884
57.3948;189.456;-0.15668;0.0396403;0.100029;-5.44424
66.2203;189.456;-0.192424;0.044506;0.0962453;-5.17511
75.0458;189.456;-0.217161;0.0466634;0.0897702;-4.86548
83.8712;189.456;-0.224744;0.0447913;0.0789313;-4.51478
92.6967;189.456;-0.224059;0.0399186;0.0656428;-4.1241
101.522;189.456;-0.222112;0.0333757;0.0538043;-3.7008
110.348;189.456;-0.204009;0.0260929;0.0409479;-3.24136
119.173;189.456;-0.165647;0.0165957;0.0244012;-2.76975
127.998;189.456;-0.110056;0.00489862;0.00589923;-2.26977
136.824;189.456;-0.089791;-0.00991326;-0.016392;-1.70229
-127.94;180.631;0.74136;-0.0512698;0.00731566;-2.29249
-119.114;180.631;0.686113;-0.0627559;0.027455;-2.85937
-110.289;180.631;0.664279;-0.0743141;0.0475223;-3.42731
-101.463;180.631;0.664402;-0.0868839;0.0612898;-3.96338
-92.6379;180.631;0.523733;-0.0958955;0.0843152;-4.43657
-83.8124;180.631;0.277093;-0.0976289;0.111112;-4.80549
-74.987;180.631;0.0972331;-0.0828259;0.126681;-5.20234
-66.1615;180.631;0.0192403;-0.0541746;0.125277;-5.64057
-57.3361;180.631;-0.0384827;-0.0322568;0.113776;-5.9295
-48.5106;180.631;-0.169323;-0.0266672;0.122053;-6.16327
-39.6852;180.631;-0.144168;-0.0272353;0.125805;-6.4288
-30.8597;180.631;-0.0963;-0.0239322;0.134132;-6.69891
-22.0342;180.631;-0.0527723;-0.0165705;0.136738;-6.89581
-13.2088;180.631;-0.0100783;-0.00676133;0.133427;-7.03723
-4.38334;180.631;0.0303358;0.00103804;0.129854;-7.13687
4.44212;180.631;0.0252143;0.00545012;0.135799;-7.18697
13.2676;180.631;0.00450403;0.0131949;0.142902;-7.17677
22.093;180.631;-0.018546;0.022292;0.144748;-7.11458
30.9185;180.631;-0.0338622;0.0300386;0.140921;-7.01204
39.7439;180.631;-0.0388275;0.0351786;0.133042;-6.87213
48.5694;180.631;-0.0408076;0.0386306;0.123701;-6.68631
57.3948;180.631;-0.0684124;0.0431737;0.116461;-6.44318
66.2203;180.631;-0.0989539;0.0483485;0.110284;-6.16574
75.0458;180.631;-0.11699;0.0515277;0.1023;-5.85038
83.8712;180.631;-0.123474;0.051914;0.0927342;-5.49169
92.6967;180.631;-0.135698;0.0502356;0.0827225;-5.08374
101.522;180.631;-0.159817;0.0461283;0.072731;-4.63141
110.348;180.631;-0.164297;0.0373811;0.0582143;-4.14366
119.173;180.631;-0.142405;0.0266308;0.0402103;-3.63691
127.998;180.631;-0.0925073;0.016483;0.0201071;-3.11729
136.824;180.631;-0.0336097;0.00520661;0.00122848;-2.58554
145.649;180.631;-0.0379364;-0.00695977;-0.02227;-1.9689
154.475;180.631;-0.0880527;-0.0270236;-0.0486425;-1.26004
-136.765;171.805;0.823981;-0.062468;0.00956729;-2.52169
-127.94;171.805;0.752558;-0.0711345;0.0264625;-3.1145
-119.114;171.805;0.659385;-0.0827275;0.0485494;-3.70163
-110.289;171.805;0.605675;-0.0967772;0.0693199;-4.28448
-101.463;171.805;0.586648;-0.10888;0.0825279;-4.8229
-92.6379;171.805;0.353907;-0.116664;0.112758;-5.25398
-83.8124;171.805;0.0423124;-0.118213;0.151242;-5.62393
-74.987;171.805;0.0235992;-0.101726;0.160349;-6.08806
-66.1615;171.805;0.190632;-0.0697548;0.137631;-6.62854
-57.3361;171.805;0.257199;-0.0438174;0.114657;-7.00673
-48.5106;171.805;0.104918;-0.0355414;0.124778;-7.24891
-39.6852;171.805;0.0433318;-0.0328933;0.138699;-7.47883
-30.8597;171.805;0.0524267;-0.0291035;0.150817;-7.72393
-22.0342;171.805;0.0785416;-0.0220132;0.155011;-7.91187
-13.2088;171.805;0.0910024;-0.0121226;0.154323;-8.03837
-4.38334;171.805;0.078394;-0.00234842;0.153838;-8.1121
4.44212;171.805;0.0379231;0.00491481;0.15719;-8.13631
13.2676;171.805;0.0116114;0.0138971;0.162156;-8.12119
22.093;171.805;0.000758321;0.0241235;0.164915;-8.07356
30.9185;171.805;0.00878433;0.0333798;0.162846;-7.99226
39.7439;171.805;0.025114;0.0406354;0.15559;-7.86553
48.5694;171.805;0.0270535;0.0463312;0.145574;-7.6762
57.3948;171.805;0.00249064;0.0520017;0.137813;-7.43007
66.2203;171.805;-0.0158436;0.0569653;0.130568;-7.1522
75.0458;171.805;-0.019499;0.0600869;0.120952;-6.83145
83.8712;171.805;-0.0225791;0.0614272;0.110632;-6.45745
92.6967;171.805;-0.0516835;0.0619553;0.10314;-6.02682
101.522;171.805;-0.107861;0.0607977;0.0958352;-5.54901
110.348;171.805;-0.127719;0.0535058;0.0795134;-5.04066
119.173;171.805;-0.118421;0.0436093;0.0590078;-4.51055
127.998;171.805;-0.0956692;0.033064;0.0385506;-3.95921
136.824;171.805;-0.0720438;0.02354;0.0208693;-3.39197
145.649;171.805;-0.000470801;0.00984037;0.000274267;-2.80866
154.475;171.805;-0.0605814;-0.00390886;-0.0193721;-2.12713
163.3;171.805;-0.197614;-0.0263448;-0.0368506;-1.38867
-145.591;162.98;0.837597;-0.0698839;0.014309;-2.65269
-136.765;162.98;0.816915;-0.0805375;0.029363;-3.29821
-127.94;162.98;0.763065;-0.087472;0.0467412;-3.92762
-119.114;162.98;0.671533;-0.0970258;0.0663927;-4.51612
-110.289;162.98;0.60992;-0.108662;0.0836071;-5.10053
-101.463;162.98;0.578392;-0.118431;0.0926257;-5.63639
-92.6379;162.98;0.369591;-0.124535;0.118357;-6.10316
-83.8124;162.98;0.145807;-0.124707;0.149755;-6.52966
-74.987;162.98;0.285139;-0.10689;0.151758;-7.05848
-66.1615;162.98;0.504146;-0.0756763;0.12512;-7.60361
-57.3361;162.98;0.49011;-0.0490455;0.109345;-8.00728
-48.5106;162.98;0.316794;-0.0399691;0.12629;-8.25208
-39.6852;162.98;0.244764;-0.0354963;0.1471;-8.47586
-30.8597;162.98;0.227106;-0.031434;0.164677;-8.69982
-22.0342;162.98;0.207122;-0.024391;0.174036;-8.8727
-13.2088;162.98;0.171305;-0.0139342;0.177511;-8.98461
-4.38334;162.98;0.1276;-0.0020029;0.179356;-9.0447
4.44212;162.98;0.0853959;0.00832945;0.180927;-9.06704
13.2676;162.98;0.0692868;0.0184625;0.183482;-9.05901
22.093;162.98;0.0652888;0.0281899;0.187372;-9.02249
30.9185;162.98;0.0765865;0.0377444;0.187734;-8.9531
39.7439;162.98;0.0964684;0.0473806;0.181748;-8.83745
48.5694;162.98;0.107276;0.0556535;0.172086;-8.65193
57.3948;162.98;0.0852653;0.062352;0.16368;-8.40085
66.2203;162.98;0.0618384;0.0679477;0.154749;-8.1085
75.0458;162.98;0.0532975;0.0721014;0.142817;-7.77078
83.8712;162.98;0.0460011;0.0744316;0.13029;-7.38003
92.6967;162.98;0.0134802;0.075122;0.12252;-6.93506
101.522;162.98;-0.0480878;0.0742728;0.11733;-6.45025
110.348;162.98;-0.0498414;0.0688028;0.0996209;-5.95044
119.173;162.98;-0.0175978;0.0603388;0.0757791;-5.42229
127.998;162.98;0.0241493;0.0500404;0.0525165;-4.86197
136.824;162.98;0.0615579;0.0383669;0.0327965;-4.27573
145.649;162.98;0.0962492;0.0251081;0.0119664;-3.66549
154.475;162.98;0.0230146;0.0124672;-0.00583224;-2.96304
163.3;162.98;-0.0723203;-0.0031505;-0.0122453;-2.23094
-163.242;154.154;0.886553;-0.0491116;-0.00474795;-1.94591
-154.416;154.154;0.826943;-0.0674393;0.0144581;-2.67369
-145.591;154.154;0.800904;-0.0828262;0.0310402;-3.38091
-136.765;154.154;0.802877;-0.092894;0.0444467;-4.06137
-127.94;154.154;0.768334;-0.100806;0.0613009;-4.71017
-119.114;154.154;0.703513;-0.108708;0.0782802;-5.32083
-110.289;154.154;0.667398;-0.117217;0.0912601;-5.9139
-101.463;154.154;0.671508;-0.122507;0.0947963;-6.47548
-92.6379;154.154;0.564537;-0.123111;0.106395;-7.00041
-83.8124;154.154;0.484761;-0.118121;0.121931;-7.49209
-74.987;154.154;0.566829;-0.0987972;0.126952;-8.05296
-66.1615;154.154;0.636294;-0.0727831;0.115107;-8.53476
-57.3361;154.154;0.552936;-0.0521557;0.112008;-8.89221
-48.5106;154.154;0.39265;-0.0448175;0.131365;-9.13872
-39.6852;154.154;0.352508;-0.0390803;0.153881;-9.38606
-30.8597;154.154;0.341842;-0.0331404;0.173231;-9.61356
-22.0342;154.154;0.324446;-0.0239483;0.184866;-9.78932
-13.2088;154.154;0.286319;-0.0131124;0.192334;-9.90885
-4.38334;154.154;0.23356;-0.00255728;0.199405;-9.98057
4.44212;154.154;0.186996;0.00802786;0.203387;-10.0171
13.2676;154.154;0.170387;0.0191341;0.205395;-10.0098
22.093;154.154;0.146456;0.0299941;0.209725;-9.96109
30.9185;154.154;0.129622;0.0409714;0.211175;-9.87598
39.7439;154.154;0.126977;0.0530213;0.205584;-9.75188
48.5694;154.154;0.12816;0.0633623;0.196438;-9.55965
57.3948;154.154;0.0921526;0.071365;0.189535;-9.29466
66.2203;154.154;0.0547012;0.0783095;0.180525;-8.98709
75.0458;154.154;0.049547;0.0835481;0.16659;-8.64607
83.8712;154.154;0.0617202;0.086506;0.150377;-8.26139
92.6967;154.154;0.0582865;0.0866629;0.138863;-7.82109
101.522;154.154;0.0266926;0.0843408;0.132294;-7.33414
110.348;154.154;0.0431097;0.0792508;0.11547;-6.83484
119.173;154.154;0.0870945;0.0721294;0.0920785;-6.3054
127.998;154.154;0.129544;0.0622355;0.0677255;-5.73339
136.824;154.154;0.143435;0.0496892;0.0462426;-5.11911
145.649;154.154;0.142593;0.0363079;0.0242382;-4.47535
154.475;154.154;0.0801879;0.0224337;0.00616326;-3.77059
163.3;154.154;0.000977632;0.00993381;-0.0014231;-3.01877
172.126;154.154;-0.0531517;0.00146178;-0.000506755;-2.2877
180.951;154.154;-0.0311223;-0.00591306;-0.00251909;-1.51699
-172.067;145.329;0.807606;-0.042234;-0.0101399;-1.84241
-163.242;145.329;0.847531;-0.0589177;0.00659157;-2.61315
-154.416;145.329;0.806696;-0.0746943;0.024971;-3.36038
-145.591;145.329;0.782828;-0.0887569;0.0395735;-4.08762
-136.765;145.329;0.780434;-0.103223;0.055724;-4.79507
-127.94;145.329;0.754241;-0.113305;0.0716127;-5.46849
-119.114;145.329;0.712524;-0.121041;0.0862329;-6.10025
-110.289;145.329;0.691507;-0.128118;0.0973398;-6.71292
-101.463;145.329;0.704234;-0.129845;0.100261;-7.3024
-92.6379;145.329;0.680252;-0.122807;0.102352;-7.86121
-83.8124;145.329;0.669418;-0.112953;0.110949;-8.39537
-74.987;145.329;0.679457;-0.097156;0.11606;-8.91016
-66.1615;145.329;0.646387;-0.0789311;0.114793;-9.34509
-57.3361;145.329;0.543389;-0.0643698;0.119183;-9.68704
-48.5106;145.329;0.422617;-0.0573114;0.137876;-9.95452
-39.6852;145.329;0.396665;-0.0487262;0.160012;-10.2333
-30.8597;145.329;0.386366;-0.0394648;0.179111;-10.4736
-22.0342;145.329;0.368195;-0.0264666;0.191055;-10.6594
-13.2088;145.329;0.326093;-0.0131836;0.201483;-10.7943
-4.38334;145.329;0.264675;-0.00258104;0.213714;-10.879
4.44212;145.329;0.208638;0.00761492;0.221951;-10.9235
13.2676;145.329;0.185411;0.0195714;0.224941;-10.9096
22.093;145.329;0.155235;0.0320254;0.22761;-10.8462
30.9185;145.329;0.128264;0.0444847;0.227431;-10.743
39.7439;145.329;0.111464;0.0575499;0.221204;-10.6018
48.5694;145.329;0.100066;0.0682913;0.212926;-10.3977
57.3948;145.329;0.0684286;0.0766446;0.208567;-10.1313
66.2203;145.329;0.0461578;0.0850756;0.200483;-9.827
75.0458;145.329;0.06268;0.0920133;0.18598;-9.50012
83.8712;145.329;0.100952;0.0962891;0.167656;-9.13567
92.6967;145.329;0.131164;0.0963128;0.15295;-8.71148
101.522;145.329;0.137413;0.0930543;0.143254;-8.22968
110.348;145.329;0.153527;0.0889182;0.128211;-7.71895
119.173;145.329;0.174566;0.0843358;0.107854;-7.16633
127.998;145.329;0.187155;0.0763247;0.084724;-6.56502
136.824;145.329;0.179387;0.0634054;0.0621762;-5.92128
145.649;145.329;0.162699;0.0493091;0.0391289;-5.25276
154.475;145.329;0.118982;0.0345518;0.0184375;-4.53781
163.3;145.329;0.0580524;0.0204457;0.00715169;-3.79139
172.126;145.329;0.00154549;0.00871181;0.000118615;-3.01404
180.951;145.329;0.00270379;-0.00127629;-0.00359297;-2.2468
189.777;145.329;-0.0437607;-0.0173407;-0.0146106;-1.40726
-172.067;136.504;0.805649;-0.0471035;-0.000494541;-2.46681
-163.242;136.504;0.813697;-0.064074;0.0136446;-3.26697
-154.416;136.504;0.794596;-0.0808295;0.0312789;-4.03161
-145.591;136.504;0.77576;-0.0971413;0.0482536;-4.77701
-136.765;136.504;0.75271;-0.113997;0.0653593;-5.50278
-127.94;136.504;0.723323;-0.123967;0.0794689;-6.18804
-119.114;136.504;0.691541;-0.130689;0.091496;-6.83543
-110.289;136.504;0.668655;-0.137248;0.101025;-7.45923
-101.463;136.504;0.664742;-0.138504;0.106373;-8.05656
-92.6379;136.504;0.665932;-0.127741;0.108545;-8.61147
-83.8124;136.504;0.651805;-0.116845;0.119301;-9.14542
-74.987;136.504;0.639557;-0.10574;0.124999;-9.64986
-66.1615;136.504;0.594988;-0.0937749;0.127019;-10.088
-57.3361;136.504;0.513426;-0.0819541;0.133362;-10.4531
-48.5106;136.504;0.432535;-0.0715482;0.15101;-10.7632
-39.6852;136.504;0.396839;-0.0601603;0.171992;-11.055
-30.8597;136.504;0.368579;-0.0482498;0.189983;-11.302
-22.0342;136.504;0.331408;-0.0323003;0.200328;-11.485
-13.2088;136.504;0.273207;-0.0166623;0.210157;-11.6128
-4.38334;136.504;0.201181;-0.00451315;0.224163;-11.6933
4.44212;136.504;0.140583;0.00624716;0.236955;-11.7383
13.2676;136.504;0.122599;0.0203232;0.242163;-11.7371
22.093;136.504;0.114553;0.0358613;0.241521;-11.6877
30.9185;136.504;0.107246;0.0506674;0.236636;-11.5867
39.7439;136.504;0.0950112;0.0643413;0.228018;-11.4342
48.5694;136.504;0.0769003;0.0755137;0.220678;-11.2237
57.3948;136.504;0.0582407;0.0851033;0.218;-10.9688
66.2203;136.504;0.0627894;0.0955364;0.210507;-10.6741
75.0458;136.504;0.0885316;0.104676;0.196663;-10.3483
83.8712;136.504;0.120064;0.110646;0.179345;-9.97757
92.6967;136.504;0.148358;0.111109;0.164421;-9.54678
101.522;136.504;0.182392;0.108392;0.152432;-9.07235
110.348;136.504;0.193415;0.105974;0.138168;-8.55054
119.173;136.504;0.185475;0.103477;0.12068;-7.9693
127.998;136.504;0.174166;0.0966765;0.0998798;-7.34115
136.824;136.504;0.170106;0.083575;0.0772484;-6.68441
145.649;136.504;0.157588;0.0681436;0.0536445;-6.00033
154.475;136.504;0.130062;0.0516267;0.0308609;-5.2715
163.3;136.504;0.0786284;0.036644;0.0154954;-4.50842
172.126;136.504;0.020828;0.0207674;0.00252031;-3.71788
180.951;136.504;-0.00265896;0.0024193;-0.0100935;-2.91787
189.777;136.504;-0.0116348;-0.0134805;-0.0166479;-2.07816
-180.892;127.678;0.828924;-0.029101;-0.00584701;-2.2426
-172.067;127.678;0.801448;-0.0451389;0.00332886;-3.05353
-163.242;127.678;0.772076;-0.0691533;0.0230324;-3.88388
-154.416;127.678;0.763932;-0.0910602;0.04225;-4.67884
-145.591;127.678;0.747952;-0.111066;0.060346;-5.4502
-136.765;127.678;0.716373;-0.126416;0.0770084;-6.18929
-127.94;127.678;0.686062;-0.132528;0.0887035;-6.88252
-119.114;127.678;0.656039;-0.136031;0.0978627;-7.54562
-110.289;127.678;0.630273;-0.141284;0.105839;-8.18485
-101.463;127.678;0.619002;-0.143866;0.11397;-8.79552
-92.6379;127.678;0.603199;-0.13501;0.1225;-9.35759
-83.8124;127.678;0.570625;-0.125278;0.134805;-9.88757
-74.987;127.678;0.547975;-0.117187;0.140344;-10.3869
-66.1615;127.678;0.515915;-0.108285;0.144187;-10.8327
-57.3361;127.678;0.464648;-0.0967167;0.153074;-11.2142
-48.5106;127.678;0.406221;-0.0828861;0.17172;-11.5437
-39.6852;127.678;0.364236;-0.0696109;0.191226;-11.8507
-30.8597;127.678;0.317258;-0.0555578;0.208874;-12.1157
-22.0342;127.678;0.264204;-0.0362884;0.218502;-12.3091
-13.2088;127.678;0.195112;-0.0172847;0.226488;-12.4361
-4.38334;127.678;0.121168;-0.00219277;0.239175;-12.5128
4.44212;127.678;0.071985;0.0112012;0.253276;-12.5655
13.2676;127.678;0.0781889;0.0265036;0.258244;-12.5825
22.093;127.678;0.0984438;0.0439244;0.253205;-12.5502
30.9185;127.678;0.115528;0.0609824;0.242988;-12.4571
39.7439;127.678;0.113851;0.0757484;0.23209;-12.297
48.5694;127.678;0.0891779;0.0880426;0.224761;-12.0753
57.3948;127.678;0.0547438;0.0988242;0.220853;-11.8025
66.2203;127.678;0.0508032;0.11032;0.213002;-11.4839
75.0458;127.678;0.0435258;0.121367;0.200686;-11.1178
83.8712;127.678;0.00996811;0.128249;0.186919;-10.6813
92.6967;127.678;-0.0258809;0.130488;0.175045;-10.1959
101.522;127.678;0.0105902;0.129759;0.163008;-9.718
110.348;127.678;0.038922;0.128328;0.148192;-9.20198
119.173;127.678;0.0469589;0.125937;0.130927;-8.62624
127.998;127.678;0.0627845;0.118944;0.110768;-8.0131
136.824;127.678;0.096991;0.106432;0.0880978;-7.37711
145.649;127.678;0.101026;0.0906387;0.0647924;-6.68572
154.475;127.678;0.0734808;0.0735781;0.0415714;-5.93595
163.3;127.678;0.0277104;0.0578712;0.0244964;-5.15811
172.126;127.678;-0.0133822;0.0403542;0.00805722;-4.36049
180.951;127.678;-0.0266013;0.0206888;-0.00673201;-3.55418
189.777;127.678;-0.0626959;0.00518104;-0.0110217;-2.72255
198.602;127.678;-0.103846;-0.0121434;-0.0163929;-1.83481
207.428;127.678;0.108123;-0.0387778;-0.0388383;-0.912871
-189.718;118.853;0.792015;-0.0216308;-0.0060136;-1.96299
-180.892;118.853;0.770748;-0.0330297;0.000644102;-2.79063
-172.067;118.853;0.756336;-0.0529943;0.0171328;-3.6445
-163.242;118.853;0.721902;-0.0780043;0.0374717;-4.47934
-154.416;118.853;0.712321;-0.103039;0.0573061;-5.30187
-145.591;118.853;0.704309;-0.123122;0.0738267;-6.09414
-136.765;118.853;0.676575;-0.137005;0.089596;-6.85005
-127.94;118.853;0.650239;-0.141081;0.100225;-7.5574
-119.114;118.853;0.623314;-0.142589;0.107674;-8.23792
-110.289;118.853;0.605123;-0.146133;0.114099;-8.89562
-101.463;118.853;0.605995;-0.148504;0.122348;-9.52071
-92.6379;118.853;0.576178;-0.142234;0.13319;-10.0937
-83.8124;118.853;0.51075;-0.133483;0.144331;-10.6229
-74.987;118.853;0.460758;-0.126204;0.150728;-11.1191
-66.1615;118.853;0.421909;-0.118441;0.159361;-11.5728
-57.3361;118.853;0.382425;-0.107103;0.174223;-11.973
-48.5106;118.853;0.341352;-0.0922184;0.19441;-12.3214
-39.6852;118.853;0.314086;-0.0786664;0.211883;-12.6453
-30.8597;118.853;0.286054;-0.062634;0.225479;-12.9269
-22.0342;118.853;0.247791;-0.0409302;0.232856;-13.1395
-13.2088;118.853;0.190214;-0.0201742;0.239178;-13.2835
-4.38334;118.853;0.133198;-0.00438632;0.249813;-13.3758
4.44212;118.853;0.106272;0.00930073;0.263282;-13.4437
13.2676;118.853;0.1125;0.0258731;0.268119;-13.464
22.093;118.853;0.108312;0.0459182;0.261414;-13.4191
30.9185;118.853;0.100004;0.0655066;0.249184;-13.306
39.7439;118.853;0.0764251;0.0837996;0.238249;-13.1294
48.5694;118.853;0.0185353;0.0989936;0.230729;-12.8692
57.3948;118.853;-0.0874984;0.114306;0.225265;-12.5254
66.2203;118.853;-0.167016;0.128766;0.217072;-12.134
75.0458;118.853;-0.205024;0.139853;0.203268;-11.723
83.8712;118.853;-0.302974;0.149494;0.188466;-11.226
92.6967;118.853;-0.444649;0.151856;0.175567;-10.634
101.522;118.853;-0.481439;0.152749;0.161706;-10.0844
110.348;118.853;-0.42047;0.150907;0.148561;-9.57929
119.173;118.853;-0.341089;0.147918;0.134156;-9.05836
127.998;118.853;-0.238193;0.139975;0.116297;-8.50975
136.824;118.853;-0.129135;0.129214;0.0945169;-7.92539
145.649;118.853;-0.0921384;0.114258;0.071664;-7.23823
154.475;118.853;-0.097316;0.0979234;0.0488189;-6.48874
163.3;118.853;-0.110744;0.0816787;0.0307851;-5.71953
172.126;118.853;-0.113219;0.0647543;0.015046;-4.94185
180.951;118.853;-0.0995761;0.0465576;0.00185892;-4.15168
189.777;118.853;-0.109909;0.029005;-0.00584562;-3.32117
198.602;118.853;-0.127878;0.0119288;-0.00861231;-2.4398
207.428;118.853;0.0562418;-0.012072;-0.0224173;-1.53535
-189.718;110.027;0.712601;-0.0405712;0.00586406;-2.49345
-180.892;110.027;0.682247;-0.0521173;0.0176705;-3.34106
-172.067;110.027;0.686482;-0.0690981;0.0343978;-4.20795
-163.242;110.027;0.66218;-0.0912798;0.0521092;-5.06323
-154.416;110.027;0.653484;-0.114054;0.0690806;-5.90609
-145.591;110.027;0.656086;-0.132484;0.0835532;-6.71782
-136.765;110.027;0.639825;-0.145991;0.0988123;-7.4912
-127.94;110.027;0.608124;-0.152747;0.109801;-8.21582
-119.114;110.027;0.572519;-0.157257;0.118218;-8.91665
-110.289;110.027;0.55261;-0.161296;0.125176;-9.59625
-101.463;110.027;0.551412;-0.161978;0.13291;-10.2388
-92.6379;110.027;0.517923;-0.154537;0.141967;-10.8195
-83.8124;110.027;0.456506;-0.144531;0.148757;-11.3536
-74.987;110.027;0.405808;-0.138035;0.15461;-11.8592
-66.1615;110.027;0.362296;-0.132376;0.166544;-12.3311
-57.3361;110.027;0.329053;-0.12239;0.186457;-12.7557
-48.5106;110.027;0.308854;-0.10716;0.207931;-13.126
-39.6852;110.027;0.291543;-0.0921761;0.223882;-13.4622
-30.8597;110.027;0.268469;-0.0738761;0.235089;-13.7526
-22.0342;110.027;0.236275;-0.0507667;0.241465;-13.9813
-13.2088;110.027;0.18914;-0.0290681;0.247533;-14.1449
-4.38334;110.027;0.145118;-0.0117067;0.256151;-14.2537
4.44212;110.027;0.123493;0.00420089;0.26661;-14.3265
13.2676;110.027;0.115469;0.0221531;0.271199;-14.3425
22.093;110.027;0.0881116;0.041448;0.266998;-14.2861
30.9185;110.027;0.0577773;0.0584725;0.256989;-14.1584
39.7439;110.027;0.0150848;0.0806125;0.246311;-13.9752
48.5694;110.027;-0.0517935;0.106718;0.236845;-13.7098
57.3948;110.027;-0.141246;0.132991;0.229443;-13.3618
66.2203;110.027;-0.179126;0.149992;0.223537;-12.9918
75.0458;110.027;-0.173451;0.161046;0.208622;-12.6098
83.8712;110.027;-0.276364;0.171535;0.186422;-12.0921
92.6967;110.027;-0.472678;0.173772;0.169445;-11.4219
101.522;110.027;-0.607892;0.174334;0.155008;-10.7688
110.348;110.027;-0.598959;0.171804;0.142004;-10.1942
119.173;110.027;-0.528729;0.168048;0.128698;-9.64618
127.998;110.027;-0.410606;0.159079;0.113599;-9.09202
136.824;110.027;-0.277395;0.150064;0.0959378;-8.51923
145.649;110.027;-0.192591;0.136626;0.0780603;-7.85874
154.475;110.027;-0.160542;0.121292;0.0570878;-7.12367
163.3;110.027;-0.1381;0.104086;0.0375875;-6.35658
172.126;110.027;-0.113297;0.0864216;0.0219329;-5.5743
180.951;110.027;-0.0866274;0.0684615;0.0104382;-4.77564
189.777;110.027;-0.0673527;0.0494133;0.00102081;-3.94056
198.602;110.027;-0.0735435;0.0280345;-0.0037344;-3.06988
207.428;110.027;0.0397552;0.00281373;-0.0186098;-2.13559
-198.543;101.202;0.825176;-0.033152;-0.00433453;-2.16456
-189.718;101.202;0.727355;-0.0502112;0.010464;-3.02746
-180.892;101.202;0.67054;-0.0670978;0.0267171;-3.90269
-172.067;101.202;0.657773;-0.0853541;0.0414271;-4.77549
-163.242;101.202;0.635369;-0.106042;0.056323;-5.64791
-154.416;101.202;0.624133;-0.127191;0.0721351;-6.50825
-145.591;101.202;0.61711;-0.145066;0.0860584;-7.33491
-136.765;101.202;0.585559;-0.159105;0.100002;-8.11854
-127.94;101.202;0.530748;-0.168512;0.109511;-8.851
-119.114;101.202;0.478394;-0.176472;0.118044;-9.56741
-110.289;101.202;0.457962;-0.181558;0.126567;-10.2661
-101.463;101.202;0.470686;-0.179998;0.13599;-10.93
-92.6379;101.202;0.465853;-0.171079;0.145423;-11.5371
-83.8124;101.202;0.443879;-0.159843;0.149055;-12.0954
-74.987;101.202;0.402938;-0.15339;0.154808;-12.6239
-66.1615;101.202;0.353035;-0.148032;0.16764;-13.1142
-57.3361;101.202;0.303067;-0.137954;0.189148;-13.5531
-48.5106;101.202;0.263452;-0.121684;0.212811;-13.9379
-39.6852;101.202;0.243559;-0.103868;0.230405;-14.2821
-30.8597;101.202;0.229701;-0.0839636;0.2417;-14.5811
-22.0342;101.202;0.211564;-0.0613709;0.248056;-14.824
-13.2088;101.202;0.186334;-0.0394802;0.254438;-15.0031
-4.38334;101.202;0.162126;-0.0198708;0.262098;-15.1263
4.44212;101.202;0.146074;-0.00139362;0.269722;-15.2049
13.2676;101.202;0.132674;0.0168763;0.273358;-15.2244
22.093;101.202;0.0992203;0.0343203;0.272609;-15.166
30.9185;101.202;0.0559388;0.0485757;0.266514;-15.0319
39.7439;101.202;0.00434091;0.0768419;0.255475;-14.8506
48.5694;101.202;-0.0302398;0.118279;0.242058;-14.6218
57.3948;101.202;-0.0107591;0.158208;0.231172;-14.3547
66.2203;101.202;0.0730591;0.178293;0.227606;-14.0848
75.0458;101.202;0.117496;0.190086;0.211652;-13.735
83.8712;101.202;0.029797;0.198684;0.185613;-13.2018
92.6967;101.202;-0.160584;0.20114;0.165246;-12.5087
101.522;101.202;-0.342924;0.202674;0.150234;-11.8011
110.348;101.202;-0.378394;0.198769;0.136148;-11.1653
119.173;101.202;-0.34672;0.193171;0.121498;-10.5516
127.998;101.202;-0.276132;0.185088;0.107622;-9.93278
136.824;101.202;-0.19244;0.177934;0.0947112;-9.30212
145.649;101.202;-0.121111;0.165082;0.0820083;-8.61649
154.475;101.202;-0.0876503;0.149374;0.0644242;-7.86121
163.3;101.202;-0.0601142;0.131162;0.0449633;-7.06787
172.126;101.202;-0.0460242;0.112537;0.0279965;-6.24832
180.951;101.202;-0.0498607;0.0937715;0.0146984;-5.40491
189.777;101.202;-0.0489153;0.0724964;0.00128447;-4.53493
198.602;101.202;-0.0149743;0.044307;-0.00918493;-3.6432
207.428;101.202;0.0338684;0.0165293;-0.0206323;-2.69524
-198.543;92.3763;0.862127;-0.0282737;-0.00960473;-2.66055
-189.718;92.3763;0.761483;-0.0445476;0.00536148;-3.54977
-180.892;92.3763;0.688168;-0.0707296;0.0254614;-4.43738
-172.067;92.3763;0.661485;-0.0944518;0.0410448;-5.3236
-163.242;92.3763;0.641107;-0.115899;0.0548686;-6.20938
-154.416;92.3763;0.613251;-0.136936;0.0716303;-7.08047
-145.591;92.3763;0.57607;-0.154803;0.0866609;-7.91747
-136.765;92.3763;0.519452;-0.169959;0.0992251;-8.71316
-127.94;92.3763;0.453468;-0.181915;0.106267;-9.4642
-119.114;92.3763;0.405294;-0.192242;0.115143;-10.2046
-110.289;92.3763;0.393996;-0.197754;0.126111;-10.9268
-101.463;92.3763;0.41407;-0.194871;0.13784;-11.6158
-92.6379;92.3763;0.431192;-0.185077;0.149353;-12.2605
-83.8124;92.3763;0.428687;-0.174602;0.156004;-12.8576
-74.987;92.3763;0.401559;-0.16728;0.163601;-13.4097
-66.1615;92.3763;0.355822;-0.159859;0.17442;-13.907
-57.3361;92.3763;0.294459;-0.148385;0.193061;-14.3473
-48.5106;92.3763;0.235838;-0.131294;0.215149;-14.7426
-39.6852;92.3763;0.21219;-0.111055;0.234572;-15.1009
-30.8597;92.3763;0.211438;-0.0894205;0.248424;-15.4196
-22.0342;92.3763;0.20585;-0.0668909;0.257286;-15.6841
-13.2088;92.3763;0.195131;-0.0440529;0.264692;-15.8788
-4.38334;92.3763;0.184574;-0.0221464;0.272232;-16.0149
4.44212;92.3763;0.175134;-0.00150626;0.278134;-16.0997
13.2676;92.3763;0.159432;0.0180207;0.279469;-16.1194
22.093;92.3763;0.128402;0.0346906;0.27887;-16.0579
30.9185;92.3763;0.0825016;0.0498468;0.275257;-15.9226
39.7439;92.3763;0.0227345;0.0870617;0.262462;-15.7375
48.5694;92.3763;0.00843249;0.141619;0.242019;-15.5267
57.3948;92.3763;0.105378;0.19061;0.222876;-15.3196
66.2203;92.3763;0.278399;0.211664;0.215985;-15.1225
75.0458;92.3763;0.337605;0.222629;0.200583;-14.7696
83.8712;92.3763;0.281467;0.227855;0.179001;-14.229
92.6967;92.3763;0.150927;0.230587;0.159839;-13.5682
101.522;92.3763;0.0163398;0.232375;0.144661;-12.8827
110.348;92.3763;-0.0144104;0.227416;0.129056;-12.2311
119.173;92.3763;-0.015828;0.21995;0.112551;-11.5559
127.998;92.3763;-0.00754719;0.211183;0.0984655;-10.852
136.824;92.3763;0.0072196;0.204653;0.0873209;-10.1408
145.649;92.3763;0.0318402;0.192502;0.076888;-9.40264
154.475;92.3763;0.0470591;0.177092;0.0634338;-8.61258
163.3;92.3763;0.0563037;0.15909;0.0468888;-7.77944
172.126;92.3763;0.0266138;0.140057;0.0310162;-6.90397
180.951;92.3763;-0.0397053;0.119219;0.0177028;-5.99432
189.777;92.3763;-0.0732665;0.0925476;0.00268497;-5.0737
198.602;92.3763;-0.0244876;0.0592693;-0.0116864;-4.16285
207.428;92.3763;0.0608972;0.0292837;-0.0202194;-3.24383
-216.194;83.5508;0.808671;-0.0330134;-0.00544119;-1.22362
-207.369;83.5508;0.897197;-0.0183695;-0.0170101;-2.16719
-198.543;83.5508;0.867421;-0.022027;-0.0135347;-3.12685
-189.718;83.5508;0.778533;-0.0375665;-0.000356935;-4.03936
-180.892;83.5508;0.697824;-0.069476;0.0208105;-4.94197
-172.067;83.5508;0.662529;-0.0977794;0.0375648;-5.83888
-163.242;83.5508;0.630067;-0.120646;0.0514597;-6.73112
-154.416;83.5508;0.571139;-0.14254;0.0686464;-7.60981
-145.591;83.5508;0.51232;-0.160944;0.0826355;-8.4595
-136.765;83.5508;0.453704;-0.175976;0.0914063;-9.27463
-127.94;83.5508;0.405051;-0.187506;0.0948145;-10.0562
-119.114;83.5508;0.37376;-0.19702;0.10307;-10.8204
-110.289;83.5508;0.363348;-0.202182;0.115953;-11.5622
-101.463;83.5508;0.371716;-0.200136;0.129172;-12.272
-92.6379;83.5508;0.389143;-0.191897;0.140528;-12.9447
-83.8124;83.5508;0.384034;-0.184821;0.15297;-13.5737
-74.987;83.5508;0.366569;-0.177463;0.1664;-14.1485
-66.1615;83.5508;0.336835;-0.167601;0.178317;-14.6646
-57.3361;83.5508;0.289297;-0.154018;0.192872;-15.1247
-48.5106;83.5508;0.240315;-0.135994;0.210766;-15.5405
-39.6852;83.5508;0.222592;-0.114222;0.229629;-15.9157
-30.8597;83.5508;0.228051;-0.0914713;0.2452;-16.2501
-22.0342;83.5508;0.222426;-0.0691278;0.256255;-16.5279
-13.2088;83.5508;0.205522;-0.0450958;0.264853;-16.7331
-4.38334;83.5508;0.192378;-0.0209631;0.27347;-16.8793
4.44212;83.5508;0.184194;0.00252822;0.279778;-16.9682
13.2676;83.5508;0.164183;0.0261068;0.279436;-16.9845
22.093;83.5508;0.139882;0.044552;0.276021;-16.9263
30.9185;83.5508;0.107154;0.0662376;0.270808;-16.7976
39.7439;83.5508;0.0423931;0.112965;0.253023;-16.5924
48.5694;83.5508;0.00400331;0.171139;0.223308;-16.3292
57.3948;83.5508;0.0628918;0.216233;0.193944;-16.0615
66.2203;83.5508;0.204602;0.233774;0.180319;-15.819
75.0458;83.5508;0.256343;0.247266;0.170638;-15.4508
83.8712;83.5508;0.231442;0.254994;0.159163;-14.9332
92.6967;83.5508;0.185862;0.260439;0.146715;-14.3453
101.522;83.5508;0.16785;0.261855;0.133085;-13.7355
110.348;83.5508;0.176507;0.257341;0.115963;-13.0998
119.173;83.5508;0.155765;0.249162;0.097633;-12.3885
127.998;83.5508;0.131606;0.2378;0.0816772;-11.6297
136.824;83.5508;0.120325;0.229729;0.0684611;-10.8731
145.649;83.5508;0.12845;0.217308;0.0571987;-10.1011
154.475;83.5508;0.14377;0.201639;0.0474707;-9.28812
163.3;83.5508;0.138977;0.184098;0.0366041;-8.42332
172.126;83.5508;0.0641645;0.165739;0.0256632;-7.50202
180.951;83.5508;-0.0481373;0.144212;0.0154225;-6.54717
189.777;83.5508;-0.0653549;0.112511;0.000719641;-5.60817
198.602;83.5508;0.00906635;0.0739542;-0.0170329;-4.68875
207.428;83.5508;0.133653;0.0396805;-0.0293276;-3.77759
216.253;83.5508;0.240368;0.010931;-0.0343373;-2.82119
225.078;83.5508;0.270573;-0.0138702;-0.0297603;-1.82319
-216.194;74.7253;0.797787;-0.041914;-0.00236841;-1.64411
-207.369;74.7253;0.861445;-0.0212122;-0.013238;-2.6061
-198.543;74.7253;0.845599;-0.0144078;-0.0176251;-3.55675
-189.718;74.7253;0.756001;-0.0371829;-0.00422206;-4.48511
-180.892;74.7253;0.691477;-0.0689619;0.0135734;-5.40214
-172.067;74.7253;0.656529;-0.0974158;0.0291955;-6.31433
-163.242;74.7253;0.604101;-0.120907;0.0423113;-7.21447
-154.416;74.7253;0.518571;-0.143466;0.0568761;-8.10673
-145.591;74.7253;0.462679;-0.162045;0.0658197;-8.97733
-136.765;74.7253;0.426558;-0.17599;0.0686867;-9.82102
-127.94;74.7253;0.410524;-0.184291;0.0680981;-10.6369
-119.114;74.7253;0.385583;-0.191062;0.0751367;-11.4223
-110.289;74.7253;0.354066;-0.196241;0.0883238;-12.1776
-101.463;74.7253;0.337424;-0.19678;0.100582;-12.9033
-92.6379;74.7253;0.345616;-0.191336;0.108952;-13.5989
-83.8124;74.7253;0.340254;-0.187206;0.124481;-14.2499
-74.987;74.7253;0.320019;-0.181736;0.144387;-14.8473
-66.1615;74.7253;0.305516;-0.172488;0.160659;-15.3957
-57.3361;74.7253;0.285593;-0.158679;0.172931;-15.8882
-48.5106;74.7253;0.264048;-0.139558;0.185726;-16.33
-39.6852;74.7253;0.25922;-0.115773;0.200776;-16.7234
-30.8597;74.7253;0.253224;-0.0917223;0.216795;-17.0759
-22.0342;74.7253;0.234743;-0.0688896;0.231742;-17.3727
-13.2088;74.7253;0.19835;-0.0436899;0.243397;-17.5859
-4.38334;74.7253;0.166978;-0.0162753;0.252821;-17.7316
4.44212;74.7253;0.146955;0.0122944;0.257262;-17.8124
13.2676;74.7253;0.12655;0.0404212;0.253151;-17.8226
22.093;74.7253;0.124464;0.0596561;0.245436;-17.7769
30.9185;74.7253;0.129943;0.091418;0.2332;-17.6618
39.7439;74.7253;0.102725;0.14634;0.209179;-17.4504
48.5694;74.7253;0.0811987;0.202808;0.177978;-17.1588
57.3948;74.7253;0.109976;0.239054;0.150621;-16.833
66.2203;74.7253;0.173281;0.255229;0.136258;-16.5026
75.0458;74.7253;0.191227;0.270188;0.130582;-16.0896
83.8712;74.7253;0.18392;0.278631;0.124152;-15.5752
92.6967;74.7253;0.182962;0.284724;0.117039;-15.0147
101.522;74.7253;0.202807;0.287194;0.107263;-14.4249
110.348;74.7253;0.222395;0.282825;0.092125;-13.7855
119.173;74.7253;0.190651;0.27353;0.0744055;-13.0533
127.998;74.7253;0.159175;0.261818;0.0580746;-12.2832
136.824;74.7253;0.152877;0.252104;0.0443661;-11.5146
145.649;74.7253;0.177187;0.238347;0.0340329;-10.7288
154.475;74.7253;0.209092;0.22123;0.0273436;-9.90401
163.3;74.7253;0.224509;0.202357;0.0219138;-9.03259
172.126;74.7253;0.179452;0.183106;0.0165828;-8.10954
180.951;74.7253;0.112578;0.160863;0.0110508;-7.15979
189.777;74.7253;0.127143;0.127242;-0.00123464;-6.21853
198.602;74.7253;0.218018;0.0874898;-0.0171487;-5.28902
207.428;74.7253;0.296872;0.0521814;-0.0291162;-4.34038
216.253;74.7253;0.35189;0.0214744;-0.0335061;-3.32685
225.078;74.7253;0.364278;-0.00591154;-0.0268193;-2.30353
-216.194;65.8999;0.785652;-0.0355101;-0.00442416;-1.98476
-207.369;65.8999;0.809685;-0.0211698;-0.00973606;-2.98008
-198.543;65.8999;0.783638;-0.0183253;-0.0154384;-3.93219
-189.718;65.8999;0.707726;-0.044658;-0.00725429;-4.88611
-180.892;65.8999;0.672269;-0.0723774;0.00199436;-5.82151
-172.067;65.8999;0.657462;-0.0975933;0.0113142;-6.76955
-163.242;65.8999;0.610121;-0.120831;0.0199023;-7.69989
-154.416;65.8999;0.536044;-0.141766;0.0278275;-8.61733
-145.591;65.8999;0.503464;-0.156988;0.0295289;-9.50871
-136.765;65.8999;0.483554;-0.170339;0.0279671;-10.3778
-127.94;65.8999;0.482744;-0.177711;0.0257045;-11.2201
-119.114;65.8999;0.449224;-0.18512;0.0323721;-12.0251
-110.289;65.8999;0.396897;-0.19308;0.0448906;-12.7914
-101.463;65.8999;0.372648;-0.196361;0.0545061;-13.53
-92.6379;65.8999;0.393413;-0.190428;0.0594977;-14.2416
-83.8124;65.8999;0.390122;-0.184327;0.0706908;-14.9067
-74.987;65.8999;0.366802;-0.180745;0.0914917;-15.5255
-66.1615;65.8999;0.347605;-0.175001;0.113949;-16.1096
-57.3361;65.8999;0.326259;-0.163092;0.129322;-16.6332
-48.5106;65.8999;0.308776;-0.143267;0.140437;-17.1
-39.6852;65.8999;0.307653;-0.118065;0.152626;-17.516
-30.8597;65.8999;0.304881;-0.093778;0.169969;-17.8945
-22.0342;65.8999;0.307804;-0.0717414;0.18971;-18.227
-13.2088;65.8999;0.290483;-0.0472137;0.206254;-18.4692
-4.38334;65.8999;0.264953;-0.0180474;0.216296;-18.6269
4.44212;65.8999;0.237566;0.0139625;0.217679;-18.7013
13.2676;65.8999;0.211079;0.0439588;0.210952;-18.6975
22.093;65.8999;0.217066;0.0651654;0.201912;-18.654
30.9185;65.8999;0.23456;0.110898;0.180893;-18.5349
39.7439;65.8999;0.244301;0.17629;0.151379;-18.3297
48.5694;65.8999;0.293256;0.23166;0.125541;-18.0798
57.3948;65.8999;0.38183;0.261192;0.111849;-17.7947
66.2203;65.8999;0.41387;0.282288;0.108435;-17.4275
75.0458;65.8999;0.376922;0.300273;0.105427;-16.951
83.8712;65.8999;0.344284;0.307574;0.0982371;-16.3974
92.6967;65.8999;0.338723;0.310618;0.0912134;-15.8077
101.522;65.8999;0.354217;0.311544;0.0848991;-15.1872
110.348;65.8999;0.360922;0.307189;0.0747362;-14.514
119.173;65.8999;0.32353;0.297541;0.0575517;-13.7597
127.998;65.8999;0.290772;0.2869;0.0417573;-12.9783
136.824;65.8999;0.278477;0.274705;0.0296217;-12.179
145.649;65.8999;0.289293;0.25852;0.0218278;-11.3546
154.475;65.8999;0.313571;0.239301;0.0174443;-10.5021
163.3;65.8999;0.327949;0.219626;0.0128599;-9.61269
172.126;65.8999;0.313663;0.199068;0.00871261;-8.68916
180.951;65.8999;0.294474;0.175579;0.00550734;-7.74753
189.777;65.8999;0.315276;0.14207;-0.00471716;-6.79372
198.602;65.8999;0.377562;0.104656;-0.0164206;-5.8332
207.428;65.8999;0.425456;0.0709999;-0.0234558;-4.84554
216.253;65.8999;0.444272;0.0391387;-0.0250396;-3.81622
225.078;65.8999;0.441011;0.00935842;-0.0199718;-2.73539
233.904;65.8999;0.518908;-0.020165;-0.0178849;-1.60792
-216.194;57.0744;0.753439;-0.0245888;-0.00916038;-2.28651
-207.369;57.0744;0.756039;-0.0175366;-0.0119135;-3.28961
-198.543;57.0744;0.703038;-0.022858;-0.0161313;-4.25219
-189.718;57.0744;0.630993;-0.0519191;-0.0116897;-5.22599
-180.892;57.0744;0.617677;-0.0782341;-0.00877292;-6.18206
-172.067;57.0744;0.631743;-0.103705;-0.00652223;-7.16182
-163.242;57.0744;0.623812;-0.128184;-0.0048922;-8.13187
-154.416;57.0744;0.599777;-0.14584;-0.005058;-9.08324
-145.591;57.0744;0.600417;-0.154425;-0.0098591;-10.0025
-136.765;57.0744;0.584689;-0.165946;-0.0122827;-10.8984
-127.94;57.0744;0.561603;-0.178045;-0.00795634;-11.7663
-119.114;57.0744;0.51495;-0.188612;0.00268912;-12.5896
-110.289;57.0744;0.458432;-0.196756;0.0154395;-13.3674
-101.463;57.0744;0.432567;-0.199294;0.0238205;-14.1278
-92.6379;57.0744;0.461153;-0.193117;0.0291647;-14.8642
-83.8124;57.0744;0.4681;-0.18659;0.0389935;-15.56
-74.987;57.0744;0.447579;-0.183957;0.0563927;-16.2057
-66.1615;57.0744;0.41586;-0.181884;0.0782016;-16.8129
-57.3361;57.0744;0.377873;-0.171287;0.0950757;-17.3514
-48.5106;57.0744;0.35487;-0.150307;0.106828;-17.8334
-39.6852;57.0744;0.361035;-0.124341;0.117984;-18.2747
-30.8597;57.0744;0.366654;-0.0991203;0.134964;-18.6801
-22.0342;57.0744;0.385926;-0.0764847;0.157435;-19.0421
-13.2088;57.0744;0.392193;-0.0514769;0.17609;-19.3141
-4.38334;57.0744;0.377864;-0.0213211;0.186493;-19.4847
4.44212;57.0744;0.341326;0.0106978;0.18985;-19.5553
13.2676;57.0744;0.299466;0.0381783;0.189303;-19.5381
22.093;57.0744;0.309472;0.0631932;0.181762;-19.5003
30.9185;57.0744;0.334113;0.122824;0.155176;-19.3793
39.7439;57.0744;0.357073;0.199944;0.123018;-19.1684
48.5694;57.0744;0.420724;0.257897;0.100657;-18.9191
57.3948;57.0744;0.506845;0.285188;0.0928843;-18.6204
66.2203;57.0744;0.51609;0.308665;0.0936284;-18.2132
75.0458;57.0744;0.442463;0.327765;0.0942737;-17.6796
83.8712;57.0744;0.406091;0.333939;0.0870102;-17.095
92.6967;57.0744;0.409764;0.336045;0.0785586;-16.4877
101.522;57.0744;0.433113;0.338004;0.0723225;-15.8541
110.348;57.0744;0.445932;0.33507;0.06269;-15.1618
119.173;57.0744;0.400501;0.324279;0.0469876;-14.378
127.998;57.0744;0.358907;0.312933;0.0341252;-13.5701
136.824;57.0744;0.337;0.300264;0.0250005;-12.7454
145.649;57.0744;0.338795;0.283005;0.0190997;-11.8956
154.475;57.0744;0.360439;0.26282;0.015189;-11.0265
163.3;57.0744;0.384383;0.243161;0.0104412;-10.1311
172.126;57.0744;0.390127;0.220774;0.00638406;-9.19907
180.951;57.0744;0.387711;0.194319;0.00332962;-8.24144
189.777;57.0744;0.396904;0.160194;-0.00501136;-7.26195
198.602;57.0744;0.429269;0.123367;-0.0136869;-6.26993
207.428;57.0744;0.460983;0.0899219;-0.0170443;-5.25859
216.253;57.0744;0.479491;0.0568887;-0.0170202;-4.21261
225.078;57.0744;0.492217;0.0206386;-0.0159737;-3.10732
233.904;57.0744;0.572341;-0.0137384;-0.0124429;-1.96733
-225.02;48.249;0.731176;-0.00982283;-0.0149214;-1.57675
-216.194;48.249;0.73356;-0.023307;-0.0124225;-2.56496
-207.369;48.249;0.726227;-0.0216211;-0.0146683;-3.55006
-198.543;48.249;0.637673;-0.0343274;-0.0168117;-4.5325
-189.718;48.249;0.568256;-0.0627785;-0.0132456;-5.52359
-180.892;48.249;0.551947;-0.0901216;-0.0114939;-6.51319
-172.067;48.249;0.553632;-0.120686;-0.0113521;-7.52265
-163.242;48.249;0.551068;-0.149762;-0.0127409;-8.52366
-154.416;48.249;0.56325;-0.164245;-0.0182041;-9.49031
-145.591;48.249;0.603853;-0.165044;-0.0272898;-10.4181
-136.765;48.249;0.578412;-0.174131;-0.0263377;-11.3208
-127.94;48.249;0.535617;-0.189278;-0.0171578;-12.2034
-119.114;48.249;0.484166;-0.200478;-0.00363849;-13.0405
-110.289;48.249;0.443934;-0.207259;0.0096521;-13.8348
-101.463;48.249;0.437672;-0.209109;0.0185555;-14.6333
-92.6379;48.249;0.467989;-0.203703;0.0239847;-15.4101
-83.8124;48.249;0.483821;-0.196369;0.0317959;-16.1341
-74.987;48.249;0.456853;-0.195371;0.0452807;-16.795
-66.1615;48.249;0.410511;-0.194026;0.065236;-17.4145
-57.3361;48.249;0.367269;-0.18339;0.0831844;-17.9759
-48.5106;48.249;0.35742;-0.162205;0.0965343;-18.4901
-39.6852;48.249;0.384507;-0.135148;0.107675;-18.9677
-30.8597;48.249;0.398629;-0.107359;0.123579;-19.3984
-22.0342;48.249;0.405957;-0.0809509;0.143544;-19.7605
-13.2088;48.249;0.415284;-0.0543064;0.159586;-20.0452
-4.38334;48.249;0.406118;-0.0242966;0.170488;-20.2306
4.44212;48.249;0.37586;0.00538906;0.178709;-20.3164
13.2676;48.249;0.347681;0.0319097;0.184766;-20.3121
22.093;48.249;0.369348;0.0709797;0.176174;-20.2827
30.9185;48.249;0.3968;0.145449;0.149213;-20.1639
39.7439;48.249;0.422986;0.228576;0.119796;-19.9499
48.5694;48.249;0.472738;0.284982;0.100448;-19.6745
57.3948;48.249;0.521711;0.31022;0.0919827;-19.3216
66.2203;48.249;0.503653;0.333015;0.0870138;-18.8624
75.0458;48.249;0.418369;0.351731;0.0830881;-18.2874
83.8712;48.249;0.383591;0.358048;0.0756263;-17.6775
92.6967;48.249;0.388613;0.360256;0.0679707;-17.0471
101.522;48.249;0.414908;0.362231;0.0621714;-16.3926
110.348;48.249;0.438413;0.359543;0.0532127;-15.6834
119.173;48.249;0.393725;0.345192;0.0402195;-14.8653
127.998;48.249;0.348269;0.331631;0.0308969;-14.0289
136.824;48.249;0.326469;0.318001;0.0238485;-13.1873
145.649;48.249;0.335113;0.302212;0.0177995;-12.3361
154.475;48.249;0.366684;0.284985;0.0123961;-11.4713
163.3;48.249;0.414261;0.266687;0.00801906;-10.5835
172.126;48.249;0.428349;0.242772;0.0053851;-9.63709
180.951;48.249;0.416016;0.213266;0.0038204;-8.6466
189.777;48.249;0.401736;0.177021;-0.0026301;-7.62852
198.602;48.249;0.417766;0.137985;-0.00997803;-6.60991
207.428;48.249;0.447426;0.101126;-0.0134734;-5.57865
216.253;48.249;0.480054;0.0639028;-0.0138118;-4.52444
225.078;48.249;0.516555;0.0222024;-0.0136479;-3.43093
233.904;48.249;0.571477;-0.0151265;-0.00989123;-2.31115
-225.02;39.4235;0.683933;-0.00895714;-0.014331;-1.80196
-216.194;39.4235;0.678594;-0.0258119;-0.012472;-2.81432
-207.369;39.4235;0.64359;-0.0336719;-0.0139128;-3.80611
-198.543;39.4235;0.567028;-0.0512447;-0.0141803;-4.79388
-189.718;39.4235;0.533347;-0.0790545;-0.0112284;-5.80517
-180.892;39.4235;0.527863;-0.10513;-0.0101556;-6.82618
-172.067;39.4235;0.515132;-0.133656;-0.0117395;-7.84219
-163.242;39.4235;0.504779;-0.162661;-0.0157066;-8.85339
-154.416;39.4235;0.530709;-0.17881;-0.0241356;-9.83169
-145.591;39.4235;0.574364;-0.179851;-0.0337449;-10.7682
-136.765;39.4235;0.532608;-0.185745;-0.0307926;-11.6673
-127.94;39.4235;0.466857;-0.199974;-0.020619;-12.5549
-119.114;39.4235;0.427457;-0.211593;-0.00730443;-13.4079
-110.289;39.4235;0.415948;-0.220485;0.00496831;-14.2292
-101.463;39.4235;0.421319;-0.225015;0.0150481;-15.0595
-92.6379;39.4235;0.433972;-0.220857;0.0212422;-15.8605
-83.8124;39.4235;0.439664;-0.210742;0.027039;-16.6011
-74.987;39.4235;0.41607;-0.207408;0.0360858;-17.2828
-66.1615;39.4235;0.374872;-0.204475;0.0535522;-17.9301
-57.3361;39.4235;0.343384;-0.193956;0.0712097;-18.533
-48.5106;39.4235;0.357084;-0.174034;0.084667;-19.0962
-39.6852;39.4235;0.409212;-0.147318;0.0953318;-19.6185
-30.8597;39.4235;0.431242;-0.118827;0.111112;-20.0658
-22.0342;39.4235;0.41322;-0.0895057;0.130942;-20.4166
-13.2088;39.4235;0.417192;-0.0611194;0.148457;-20.7038
-4.38334;39.4235;0.421986;-0.0331134;0.164323;-20.9231
4.44212;39.4235;0.42389;-0.00432113;0.176238;-21.0564
13.2676;39.4235;0.435953;0.0331109;0.178799;-21.0961
22.093;39.4235;0.47674;0.0996761;0.162232;-21.0724
30.9185;39.4235;0.527669;0.18855;0.136515;-20.974
39.7439;39.4235;0.606123;0.266238;0.116127;-20.803
48.5694;39.4235;0.65795;0.313392;0.103272;-20.5151
57.3948;39.4235;0.648823;0.336538;0.0931428;-20.0928
66.2203;39.4235;0.572722;0.359313;0.0777262;-19.5589
75.0458;39.4235;0.469402;0.377003;0.0625175;-18.9303
83.8712;39.4235;0.409311;0.384267;0.0533588;-18.2743
92.6967;39.4235;0.386608;0.387373;0.0482428;-17.6021
101.522;39.4235;0.395012;0.3887;0.0445105;-16.912
110.348;39.4235;0.417713;0.385386;0.0383977;-16.181
119.173;39.4235;0.392387;0.369238;0.0301994;-15.3469
127.998;39.4235;0.359762;0.352025;0.0241354;-14.4869
136.824;39.4235;0.349051;0.335066;0.0178914;-13.6257
145.649;39.4235;0.368246;0.318631;0.0106486;-12.764
154.475;39.4235;0.409395;0.301983;0.00333564;-11.8876
163.3;39.4235;0.478269;0.280933;-0.000607533;-10.9891
172.126;39.4235;0.504975;0.253517;-0.00192652;-10.0281
180.951;39.4235;0.48564;0.218911;-0.00123212;-9.00258
189.777;39.4235;0.445452;0.181353;-0.00526294;-7.94523
198.602;39.4235;0.44835;0.143506;-0.0104257;-6.90938
207.428;39.4235;0.465324;0.107258;-0.0136941;-5.86174
216.253;39.4235;0.503842;0.0676482;-0.0140429;-4.79237
225.078;39.4235;0.529225;0.0223587;-0.0149101;-3.69461
233.904;39.4235;0.478669;-0.0175289;-0.0145039;-2.58963
-225.02;30.5981;0.667552;-0.0153505;-0.009038;-2.02616
-216.194;30.5981;0.655921;-0.0336686;-0.00955031;-3.06511
-207.369;30.5981;0.613172;-0.0450498;-0.0117097;-4.05987
-198.543;30.5981;0.566062;-0.0641018;-0.0119881;-5.06007
-189.718;30.5981;0.577787;-0.0890777;-0.0110165;-6.07751
-180.892;30.5981;0.581825;-0.111434;-0.0117206;-7.10711
-172.067;30.5981;0.560382;-0.134245;-0.0150156;-8.1168
-163.242;30.5981;0.539757;-0.161857;-0.0202688;-9.13178
-154.416;30.5981;0.549695;-0.184692;-0.0284063;-10.1279
-145.591;30.5981;0.570464;-0.191442;-0.0360788;-11.0708
-136.765;30.5981;0.517251;-0.195929;-0.0335756;-11.9699
-127.94;30.5981;0.444398;-0.207126;-0.0275318;-12.862
-119.114;30.5981;0.418389;-0.21759;-0.0187639;-13.7325
-110.289;30.5981;0.420507;-0.229585;-0.00888358;-14.5853
-101.463;30.5981;0.421608;-0.23766;0.00248906;-15.4361
-92.6379;30.5981;0.413866;-0.233373;0.0105748;-16.249
-83.8124;30.5981;0.406418;-0.220526;0.016315;-17.0084
-74.987;30.5981;0.396855;-0.214256;0.0221047;-17.7207
-66.1615;30.5981;0.372499;-0.210677;0.0357312;-18.4028
-57.3361;30.5981;0.357289;-0.201351;0.0509725;-19.0479
-48.5106;30.5981;0.389201;-0.183622;0.0637663;-19.6577
-39.6852;30.5981;0.458248;-0.158622;0.0746934;-20.2286
-30.8597;30.5981;0.492454;-0.131494;0.0887698;-20.7061
-22.0342;30.5981;0.47049;-0.101502;0.107744;-21.0791
-13.2088;30.5981;0.492371;-0.0716879;0.129583;-21.3978
-4.38334;30.5981;0.546833;-0.0473086;0.154913;-21.6894
4.44212;30.5981;0.593486;-0.0145696;0.169811;-21.88
13.2676;30.5981;0.626477;0.0471152;0.158011;-21.9409
22.093;30.5981;0.688029;0.149981;0.12349;-21.9234
30.9185;30.5981;0.83051;0.252503;0.0925242;-21.9164
39.7439;30.5981;1.0449;0.316665;0.0821253;-21.8703
48.5694;30.5981;1.11857;0.345252;0.0799093;-21.5682
57.3948;30.5981;1.02965;0.361036;0.0715935;-21.0405
66.2203;30.5981;0.870467;0.383349;0.0516063;-20.4022
75.0458;30.5981;0.715604;0.399988;0.0323937;-19.6857
83.8712;30.5981;0.599751;0.407625;0.0229809;-18.9505
92.6967;30.5981;0.542734;0.409307;0.0203239;-18.2239
101.522;30.5981;0.543453;0.406721;0.0192519;-17.4982
110.348;30.5981;0.576391;0.399495;0.0177297;-16.7444
119.173;30.5981;0.577135;0.38325;0.0163841;-15.9105
127.998;30.5981;0.558869;0.364527;0.0156007;-15.0325
136.824;30.5981;0.534356;0.346793;0.0110329;-14.1304
145.649;30.5981;0.51362;0.331376;0.00285433;-13.2146
154.475;30.5981;0.508641;0.315665;-0.0056459;-12.2848
163.3;30.5981;0.559224;0.291142;-0.00928496;-11.3479
172.126;30.5981;0.583425;0.26061;-0.0114334;-10.3649
180.951;30.5981;0.559021;0.227624;-0.0102103;-9.32745
189.777;30.5981;0.51038;0.190293;-0.0111444;-8.24927
198.602;30.5981;0.522342;0.152284;-0.0116764;-7.21005
207.428;30.5981;0.549546;0.116207;-0.0129705;-6.16246
216.253;30.5981;0.580799;0.0766443;-0.0140988;-5.07906
225.078;30.5981;0.607444;0.0307989;-0.0169828;-3.96027
233.904;30.5981;0.615146;-0.0145225;-0.0188283;-2.84339
-225.02;21.7726;0.689977;-0.0203641;-0.00490292;-2.21365
-216.194;21.7726;0.688297;-0.0399531;-0.00760834;-3.28507
-207.369;21.7726;0.652144;-0.0530152;-0.00949975;-4.29137
-198.543;21.7726;0.631162;-0.0722511;-0.00956101;-5.30667
-189.718;21.7726;0.65508;-0.0949626;-0.0107141;-6.33219
-180.892;21.7726;0.656678;-0.114076;-0.014069;-7.35978
-172.067;21.7726;0.623208;-0.132736;-0.0196723;-8.356
-163.242;21.7726;0.583805;-0.158518;-0.0259415;-9.35963
-154.416;21.7726;0.568894;-0.185225;-0.0330654;-10.3621
-145.591;21.7726;0.573253;-0.198094;-0.0388307;-11.3231
-136.765;21.7726;0.531857;-0.203516;-0.0385897;-12.242
-127.94;21.7726;0.481965;-0.212336;-0.0390494;-13.1514
-119.114;21.7726;0.461129;-0.220227;-0.0362745;-14.0421
-110.289;21.7726;0.453518;-0.232873;-0.0290074;-14.9175
-101.463;21.7726;0.442305;-0.241895;-0.018532;-15.775
-92.6379;21.7726;0.428162;-0.236168;-0.00972186;-16.5891
-83.8124;21.7726;0.423428;-0.222525;-0.00283531;-17.3643
-74.987;21.7726;0.429215;-0.217339;0.0022503;-18.1106
-66.1615;21.7726;0.416204;-0.21507;0.0121616;-18.8276
-57.3361;21.7726;0.407818;-0.206847;0.0251137;-19.5053
-48.5106;21.7726;0.441406;-0.190586;0.0393423;-20.1479
-39.6852;21.7726;0.512216;-0.167146;0.0546057;-20.7623
-30.8597;21.7726;0.568355;-0.141091;0.0707199;-21.2984
-22.0342;21.7726;0.589243;-0.111116;0.0882582;-21.7329
-13.2088;21.7726;0.666009;-0.0828481;0.11232;-22.1235
-4.38334;21.7726;0.795519;-0.0615958;0.144037;-22.4883
4.44212;21.7726;0.829546;-0.0219643;0.152189;-22.6396
13.2676;21.7726;0.767359;0.0663897;0.117471;-22.6124
22.093;21.7726;0.807164;0.203342;0.0551121;-22.5924
30.9185;21.7726;1.09874;0.306213;0.0159973;-22.6636
39.7439;21.7726;1.28281;0.361265;0.00862253;-22.5856
48.5694;21.7726;1.19304;0.379428;0.0132585;-22.1577
57.3948;21.7726;1.00255;0.391224;0.0152476;-21.5572
66.2203;21.7726;0.909255;0.409763;0.00910253;-20.9304
75.0458;21.7726;0.846251;0.42294;0.00242285;-20.2525
83.8712;21.7726;0.723457;0.431915;-0.000722432;-19.4965
92.6967;21.7726;0.644532;0.431872;-0.00136813;-18.7276
101.522;21.7726;0.622688;0.426541;-0.00260942;-17.9569
110.348;21.7726;0.627989;0.417096;-0.00222799;-17.1553
119.173;21.7726;0.603482;0.404125;0.000502681;-16.2913
127.998;21.7726;0.573498;0.387409;0.00353244;-15.3869
136.824;21.7726;0.551746;0.368639;0.00127146;-14.4605
145.649;21.7726;0.53112;0.350709;-0.00551411;-13.5175
154.475;21.7726;0.510927;0.333282;-0.0123074;-12.5576
163.3;21.7726;0.540462;0.307605;-0.0148662;-11.5919
172.126;21.7726;0.559127;0.277485;-0.0173702;-10.5938
180.951;21.7726;0.52821;0.246525;-0.0160469;-9.53563
189.777;21.7726;0.48384;0.211087;-0.014854;-8.444
198.602;21.7726;0.538102;0.170241;-0.013301;-7.42346
207.428;21.7726;0.609967;0.129744;-0.0140775;-6.39984
216.253;21.7726;0.665222;0.0874391;-0.0146415;-5.3282
225.078;21.7726;0.688117;0.039357;-0.0168773;-4.19962
233.904;21.7726;0.704914;-0.0125575;-0.0209761;-3.0376
242.729;21.7726;0.343296;-0.0383627;-0.0167216;-1.86215
-225.02;12.9472;0.726213;-0.0142027;-0.00668032;-2.33718
-216.194;12.9472;0.725841;-0.0378899;-0.0100267;-3.42388
-207.369;12.9472;0.672497;-0.0555617;-0.010346;-4.42806
-198.543;12.9472;0.650417;-0.0771013;-0.00933294;-5.44666
-189.718;12.9472;0.660725;-0.0997538;-0.0118232;-6.48446
-180.892;12.9472;0.670722;-0.119021;-0.0161083;-7.527
-172.067;12.9472;0.622312;-0.138686;-0.022046;-8.517
-163.242;12.9472;0.550836;-0.163232;-0.0288745;-9.50575
-154.416;12.9472;0.522097;-0.185744;-0.0372405;-10.5026
-145.591;12.9472;0.538477;-0.199187;-0.0442458;-11.4872
-136.765;12.9472;0.52997;-0.206963;-0.0480077;-12.4398
-127.94;12.9472;0.51404;-0.216145;-0.0519558;-13.3767
-119.114;12.9472;0.494617;-0.223434;-0.0503835;-14.2905
-110.289;12.9472;0.472794;-0.235447;-0.0457037;-15.1827
-101.463;12.9472;0.447809;-0.244384;-0.0384737;-16.0536
-92.6379;12.9472;0.424152;-0.239734;-0.0306421;-16.8758
-83.8124;12.9472;0.414244;-0.225597;-0.0236827;-17.6525
-74.987;12.9472;0.428188;-0.220418;-0.0187073;-18.4187
-66.1615;12.9472;0.430688;-0.216792;-0.0115615;-19.1624
-57.3361;12.9472;0.425056;-0.205832;-0.00197511;-19.8593
-48.5106;12.9472;0.448174;-0.188995;0.0128507;-20.5184
-39.6852;12.9472;0.520342;-0.167786;0.0341579;-21.1644
-30.8597;12.9472;0.628775;-0.143676;0.0570969;-21.7678
-22.0342;12.9472;0.750705;-0.115736;0.0781651;-22.2958
-13.2088;12.9472;0.886777;-0.0910893;0.101218;-22.7501
-4.38334;12.9472;0.918625;-0.058028;0.121367;-23.0357
4.44212;12.9472;0.762969;-0.00246574;0.111793;-22.9939
13.2676;12.9472;0.520514;0.0960937;0.0613495;-22.821
22.093;12.9472;0.424265;0.228194;-0.00500341;-22.7478
30.9185;12.9472;0.58329;0.324844;-0.0459943;-22.754
39.7439;12.9472;0.5825;0.3808;-0.062113;-22.524
48.5694;12.9472;0.500855;0.400587;-0.061918;-22.0342
57.3948;12.9472;0.505271;0.418555;-0.0498302;-21.5528
66.2203;12.9472;0.66021;0.435984;-0.036336;-21.1043
75.0458;12.9472;0.770601;0.446159;-0.025889;-20.5567
83.8712;12.9472;0.689739;0.453952;-0.0221916;-19.8213
92.6967;12.9472;0.595222;0.452025;-0.0205257;-19.0132
101.522;12.9472;0.532223;0.445317;-0.0198694;-18.1826
110.348;12.9472;0.496348;0.435407;-0.0188147;-17.3283
119.173;12.9472;0.456686;0.42301;-0.014902;-16.437
127.998;12.9472;0.446523;0.406922;-0.0104268;-15.5369
136.824;12.9472;0.451835;0.389077;-0.0111193;-14.6226
145.649;12.9472;0.454144;0.370435;-0.0158066;-13.684
154.475;12.9472;0.449011;0.35095;-0.0198089;-12.7205
163.3;12.9472;0.475258;0.325924;-0.0205109;-11.7485
172.126;12.9472;0.495312;0.298033;-0.0212044;-10.7487
180.951;12.9472;0.469334;0.266451;-0.018656;-9.67182
189.777;12.9472;0.440424;0.230068;-0.016275;-8.56739
198.602;12.9472;0.512888;0.186853;-0.0144925;-7.54305
207.428;12.9472;0.625062;0.142703;-0.0153425;-6.54456
216.253;12.9472;0.706425;0.0990817;-0.0166507;-5.49311
225.078;12.9472;0.739526;0.0517;-0.0177083;-4.36337
233.904;12.9472;0.727439;-0.0014186;-0.0205098;-3.1619
242.729;12.9472;0.615942;-0.0385286;-0.01773;-1.93172
-233.845;4.12171;0.64131;0.00518978;-0.00725499;-1.35363
-225.02;4.12171;0.720313;-0.00602352;-0.0121092;-2.41105
-216.194;4.12171;0.701407;-0.0301031;-0.0134664;-3.46747
-207.369;4.12171;0.590695;-0.0598231;-0.0114128;-4.48268
-198.543;4.12171;0.529861;-0.0867444;-0.0097326;-5.49895
-189.718;4.12171;0.54309;-0.109639;-0.0131563;-6.54633
-180.892;4.12171;0.603383;-0.129955;-0.0166842;-7.61683
-172.067;4.12171;0.567089;-0.153262;-0.021225;-8.63576
-163.242;4.12171;0.47528;-0.176929;-0.0286681;-9.6402
-154.416;4.12171;0.447919;-0.189974;-0.0411417;-10.64
-145.591;4.12171;0.503964;-0.192799;-0.0533555;-11.6169
-136.765;4.12171;0.511707;-0.204142;-0.0605937;-12.5895
-127.94;4.12171;0.496112;-0.216076;-0.0635548;-13.5368
-119.114;4.12171;0.485832;-0.223723;-0.0601697;-14.4523
-110.289;4.12171;0.472993;-0.237219;-0.0541886;-15.3731
-101.463;4.12171;0.442604;-0.247471;-0.0490796;-16.2589
-92.6379;4.12171;0.398254;-0.244032;-0.0457464;-17.0791
-83.8124;4.12171;0.369416;-0.231777;-0.0419098;-17.8504
-74.987;4.12171;0.38215;-0.226585;-0.0355003;-18.6289
-66.1615;4.12171;0.400456;-0.221417;-0.0280075;-19.3955
-57.3361;4.12171;0.401448;-0.208013;-0.0219628;-20.1115
-48.5106;4.12171;0.414153;-0.188859;-0.0112669;-20.7746
-39.6852;4.12171;0.474938;-0.166031;0.00866828;-21.4223
-30.8597;4.12171;0.594404;-0.140081;0.0333798;-22.0511
-22.0342;4.12171;0.734883;-0.107875;0.0565061;-22.6276
-13.2088;4.12171;0.807572;-0.0757229;0.0767864;-23.0574
-4.38334;4.12171;0.511373;-0.0306537;0.086791;-23.1401
4.44212;4.12171;0.0737226;0.038927;0.0624986;-22.8969
13.2676;4.12171;-0.144765;0.141323;0.00516383;-22.7283
22.093;4.12171;0.0490373;0.242547;-0.050479;-22.7579
30.9185;4.12171;0.212286;0.32762;-0.0851769;-22.7382
39.7439;4.12171;0.1346;0.384165;-0.10736;-22.4111
48.5694;4.12171;0.111664;0.412307;-0.112188;-21.9596
57.3948;4.12171;0.251721;0.437355;-0.0988504;-21.5871
66.2203;4.12171;0.50095;0.456179;-0.0777319;-21.2241
75.0458;4.12171;0.655497;0.465791;-0.0580526;-20.7239
83.8712;4.12171;0.576704;0.472654;-0.0486976;-19.9774
92.6967;4.12171;0.444012;0.468925;-0.0445086;-19.1095
101.522;4.12171;0.326647;0.461325;-0.0415556;-18.2109
110.348;4.12171;0.260425;0.45108;-0.0387871;-17.3183
119.173;4.12171;0.257004;0.436194;-0.033634;-16.4403
127.998;4.12171;0.311554;0.419478;-0.0292433;-15.5893
136.824;4.12171;0.362784;0.404441;-0.0296362;-14.7189
145.649;4.12171;0.394481;0.387145;-0.031645;-13.801
154.475;4.12171;0.412147;0.365025;-0.0323079;-12.8362
163.3;4.12171;0.444187;0.340025;-0.0308073;-11.861
172.126;4.12171;0.468355;0.313074;-0.0285551;-10.8604
180.951;4.12171;0.451117;0.280348;-0.0236448;-9.77675
189.777;4.12171;0.430231;0.24219;-0.0189799;-8.66131
198.602;4.12171;0.47845;0.198573;-0.0162866;-7.60158
207.428;4.12171;0.600553;0.152303;-0.0170794;-6.60128
216.253;4.12171;0.686473;0.107385;-0.0192103;-5.54911
225.078;4.12171;0.707491;0.060179;-0.0194582;-4.41069
233.904;4.12171;0.668158;0.00582846;-0.017783;-3.17941
242.729;4.12171;0.609833;-0.0362913;-0.0130216;-1.94184
251.555;4.12171;0.671823;-0.0315424;-0.00919024;-0.775316
-233.845;-4.70375;0.586829;0.0103327;-0.00852054;-1.36481
-225.02;-4.70375;0.660359;-0.00275838;-0.0108982;-2.43387
-216.194;-4.70375;0.623554;-0.0302186;-0.0113632;-3.47874
-207.369;-4.70375;0.49183;-0.0648576;-0.0101359;-4.48626
-198.543;-4.70375;0.421979;-0.0915708;-0.0110758;-5.49173
-189.718;-4.70375;0.445935;-0.11204;-0.0153616;-6.54175
-180.892;-4.70375;0.554157;-0.134481;-0.016638;-7.64346
-172.067;-4.70375;0.573258;-0.155913;-0.0207869;-8.69862
-163.242;-4.70375;0.522681;-0.168957;-0.0317507;-9.71154
-154.416;-4.70375;0.505238;-0.171703;-0.0492034;-10.7145
-145.591;-4.70375;0.540459;-0.174569;-0.0627434;-11.6984
-136.765;-4.70375;0.518629;-0.192381;-0.0701817;-12.6841
-127.94;-4.70375;0.480418;-0.208476;-0.0720712;-13.6322
-119.114;-4.70375;0.475863;-0.218679;-0.0685594;-14.5481
-110.289;-4.70375;0.463953;-0.231044;-0.0642512;-15.4707
-101.463;-4.70375;0.426667;-0.239168;-0.0623619;-16.3546
-92.6379;-4.70375;0.373882;-0.236896;-0.062521;-17.1744
-83.8124;-4.70375;0.333054;-0.228725;-0.0607474;-17.9477
-74.987;-4.70375;0.336883;-0.226185;-0.0546142;-18.7384
-66.1615;-4.70375;0.356957;-0.221975;-0.0480741;-19.5146
-57.3361;-4.70375;0.363312;-0.208984;-0.0448195;-20.2415
-48.5106;-4.70375;0.376029;-0.189143;-0.0380868;-20.9105
-39.6852;-4.70375;0.420881;-0.164064;-0.0236855;-21.5384
-30.8597;-4.70375;0.502915;-0.13389;-0.00445017;-22.1335
-22.0342;-4.70375;0.582725;-0.0988254;0.0150893;-22.6674
-13.2088;-4.70375;0.52164;-0.0617472;0.0347818;-23.0185
-4.38334;-4.70375;0.045381;-0.0079341;0.0439177;-22.9331
4.44212;-4.70375;-0.382368;0.0693365;0.0121435;-22.6898
13.2676;-4.70375;-0.370369;0.17586;-0.0444075;-22.7305
22.093;-4.70375;0.0774708;0.262126;-0.0915721;-22.9081
30.9185;-4.70375;0.20822;0.332821;-0.115714;-22.8672
39.7439;-4.70375;0.128764;0.381634;-0.136353;-22.4782
48.5694;-4.70375;0.142907;0.413619;-0.143801;-22.0643
57.3948;-4.70375;0.279458;0.439165;-0.134683;-21.6902
66.2203;-4.70375;0.45502;0.457935;-0.115692;-21.2783
75.0458;-4.70375;0.543961;0.466691;-0.0950716;-20.7257
83.8712;-4.70375;0.434408;0.472118;-0.0817885;-19.9358
92.6967;-4.70375;0.260757;0.469608;-0.0758079;-19.0222
101.522;-4.70375;0.116511;0.46456;-0.0716475;-18.1027
110.348;-4.70375;0.0722964;0.455236;-0.0670441;-17.233
119.173;-4.70375;0.165077;0.442198;-0.0600671;-16.4467
127.998;-4.70375;0.307964;0.427634;-0.0548444;-15.6819
136.824;-4.70375;0.392569;0.414232;-0.0540293;-14.8451
145.649;-4.70375;0.437831;0.398172;-0.0526854;-13.9348
154.475;-4.70375;0.46951;0.374298;-0.0499164;-12.9604
163.3;-4.70375;0.504238;0.348354;-0.0466695;-11.9705
172.126;-4.70375;0.525109;0.319531;-0.0422886;-10.9551
180.951;-4.70375;0.498228;0.286376;-0.0345092;-9.86572
189.777;-4.70375;0.458899;0.248244;-0.0259535;-8.74004
198.602;-4.70375;0.467099;0.205416;-0.020537;-7.64136
207.428;-4.70375;0.568109;0.158605;-0.0207026;-6.60574
216.253;-4.70375;0.647953;0.112197;-0.0215921;-5.53602
225.078;-4.70375;0.668646;0.0636806;-0.0192674;-4.39007
233.904;-4.70375;0.627412;0.0113022;-0.0132902;-3.16329
242.729;-4.70375;0.563226;-0.0296029;-0.00773217;-1.94945
251.555;-4.70375;0.623722;-0.0287173;-0.00652003;-0.799742
-233.845;-13.5292;0.587594;0.0213144;-0.00397274;-1.34003
-225.02;-13.5292;0.641943;0.00764188;-0.00458016;-2.43387
-216.194;-13.5292;0.607711;-0.0210797;-0.00301106;-3.48147
-207.369;-13.5292;0.536124;-0.0564458;-0.004464;-4.50718
-198.543;-13.5292;0.493033;-0.0832996;-0.00893607;-5.52825
-189.718;-13.5292;0.510879;-0.104499;-0.0150662;-6.58178
-180.892;-13.5292;0.594181;-0.127573;-0.0187472;-7.68001
-172.067;-13.5292;0.596452;-0.145643;-0.026759;-8.73916
-163.242;-13.5292;0.54583;-0.152141;-0.0414811;-9.74561
-154.416;-13.5292;0.525537;-0.153244;-0.059423;-10.7508
-145.591;-13.5292;0.541726;-0.161002;-0.070279;-11.7438
-136.765;-13.5292;0.505707;-0.180889;-0.0747623;-12.7287
-127.94;-13.5292;0.46875;-0.195755;-0.0765942;-13.6649
-119.114;-13.5292;0.46394;-0.207713;-0.0767091;-14.5827
-110.289;-13.5292;0.441703;-0.218891;-0.0779445;-15.4892
-101.463;-13.5292;0.397053;-0.224683;-0.0805075;-16.3586
-92.6379;-13.5292;0.351009;-0.223369;-0.0831488;-17.1817
-83.8124;-13.5292;0.323218;-0.21911;-0.083347;-17.9781
-74.987;-13.5292;0.316737;-0.216985;-0.0819752;-18.7719
-66.1615;-13.5292;0.323542;-0.21072;-0.080124;-19.5351
-57.3361;-13.5292;0.31604;-0.198726;-0.0775662;-20.2556
-48.5106;-13.5292;0.328747;-0.180647;-0.0702447;-20.9248
-39.6852;-13.5292;0.375191;-0.154448;-0.0605019;-21.5516
-30.8597;-13.5292;0.435156;-0.121885;-0.0505637;-22.1133
-22.0342;-13.5292;0.456142;-0.0870122;-0.0390649;-22.5896
-13.2088;-13.5292;0.312479;-0.0451816;-0.0237032;-22.8951
-4.38334;-13.5292;-0.0890527;0.0194485;-0.0160275;-22.8497
4.44212;-13.5292;-0.239082;0.105392;-0.0462835;-22.8187
13.2676;-13.5292;-0.000141692;0.203454;-0.0961599;-22.9939
22.093;-13.5292;0.373564;0.280411;-0.133847;-23.1437
30.9185;-13.5292;0.366965;0.333239;-0.145493;-22.9885
39.7439;-13.5292;0.294649;0.371676;-0.159883;-22.5692
48.5694;-13.5292;0.299878;0.404013;-0.167518;-22.1588
57.3948;-13.5292;0.350282;0.428603;-0.162528;-21.7157
66.2203;-13.5292;0.40159;0.446205;-0.147994;-21.2042
75.0458;-13.5292;0.420153;0.454516;-0.129734;-20.5843
83.8712;-13.5292;0.301579;0.461676;-0.113595;-19.7863
92.6967;-13.5292;0.126453;0.466408;-0.104628;-18.893
101.522;-13.5292;0.0290961;0.465714;-0.0984495;-18.0334
110.348;-13.5292;0.0883011;0.458432;-0.0929584;-17.2704
119.173;-13.5292;0.303357;0.446259;-0.086279;-16.5981
127.998;-13.5292;0.504357;0.433341;-0.0815946;-15.8877
136.824;-13.5292;0.541989;0.422023;-0.0772694;-15.0156
145.649;-13.5292;0.549204;0.405359;-0.0708622;-14.0631
154.475;-13.5292;0.586949;0.381005;-0.0659973;-13.0768
163.3;-13.5292;0.625654;0.353296;-0.0613339;-12.0687
172.126;-13.5292;0.615866;0.321977;-0.0550311;-11.0166
180.951;-13.5292;0.555324;0.287388;-0.0453558;-9.90432
189.777;-13.5292;0.491494;0.249329;-0.0352108;-8.76754
198.602;-13.5292;0.481858;0.207553;-0.0283774;-7.65139
207.428;-13.5292;0.579637;0.160667;-0.0272875;-6.59604
216.253;-13.5292;0.672441;0.111912;-0.0247565;-5.5197
225.078;-13.5292;0.707555;0.0602873;-0.0174794;-4.37693
233.904;-13.5292;0.693299;0.0129715;-0.00895772;-3.17682
242.729;-13.5292;0.677379;-0.0237488;-0.00324798;-1.97409
-233.845;-22.3547;0.594305;0.0278355;0.00138188;-1.30376
-225.02;-22.3547;0.650664;0.0228965;-0.000185923;-2.37234
-216.194;-22.3547;0.616242;-0.00946791;0.0012926;-3.44022
-207.369;-22.3547;0.589395;-0.0446795;-0.0010574;-4.4976
-198.543;-22.3547;0.599601;-0.069763;-0.00692406;-5.54046
-189.718;-22.3547;0.618345;-0.091878;-0.0132429;-6.6027
-180.892;-22.3547;0.648635;-0.113137;-0.021057;-7.66809
-172.067;-22.3547;0.58451;-0.127539;-0.0350619;-8.6971
-163.242;-22.3547;0.505659;-0.131914;-0.0530869;-9.6815
-154.416;-22.3547;0.488878;-0.137215;-0.0679454;-10.6897
-145.591;-22.3547;0.510574;-0.151573;-0.0762077;-11.6993
-136.765;-22.3547;0.49563;-0.17105;-0.0818337;-12.6934
-127.94;-22.3547;0.47266;-0.184847;-0.0870576;-13.6402
-119.114;-22.3547;0.460016;-0.197235;-0.0914073;-14.5639
-110.289;-22.3547;0.416012;-0.206614;-0.0969593;-15.4498
-101.463;-22.3547;0.359792;-0.210845;-0.102999;-16.2991
-92.6379;-22.3547;0.325532;-0.210774;-0.107938;-17.125
-83.8124;-22.3547;0.32305;-0.208837;-0.111268;-17.9445
-74.987;-22.3547;0.319863;-0.204916;-0.115642;-18.732
-66.1615;-22.3547;0.307588;-0.195492;-0.11885;-19.4698
-57.3361;-22.3547;0.276098;-0.184117;-0.11565;-20.1671
-48.5106;-22.3547;0.282678;-0.166551;-0.106518;-20.8248
-39.6852;-22.3547;0.345994;-0.139064;-0.100625;-21.4505
-30.8597;-22.3547;0.426049;-0.105096;-0.1008;-22.0095
-22.0342;-22.3547;0.442885;-0.0694629;-0.100956;-22.4834
-13.2088;-22.3547;0.334516;-0.0217552;-0.0964167;-22.7971
-4.38334;-22.3547;0.135706;0.0411545;-0.0933296;-22.8628
4.44212;-22.3547;0.213395;0.125313;-0.118317;-22.9839
13.2676;-22.3547;0.429763;0.206995;-0.149014;-23.1117
22.093;-22.3547;0.499363;0.268536;-0.16459;-23.1002
30.9185;-22.3547;0.378285;0.31548;-0.166453;-22.8163
39.7439;-22.3547;0.325632;0.353892;-0.177823;-22.4399
48.5694;-22.3547;0.342644;0.386969;-0.185586;-22.0491
57.3948;-22.3547;0.351324;0.412415;-0.183613;-21.5727
66.2203;-22.3547;0.339289;0.429229;-0.172868;-21.008
75.0458;-22.3547;0.335253;0.436801;-0.157657;-20.3755
83.8712;-22.3547;0.2797;0.445951;-0.141859;-19.6447
92.6967;-22.3547;0.176577;0.457071;-0.130517;-18.8427
101.522;-22.3547;0.180236;0.458631;-0.120906;-18.0837
110.348;-22.3547;0.346415;0.4516;-0.113944;-17.416
119.173;-22.3547;0.613049;0.438789;-0.11006;-16.783
127.998;-22.3547;0.728912;0.428102;-0.10657;-16.0107
136.824;-22.3547;0.64122;0.417198;-0.0980357;-15.0317
145.649;-22.3547;0.587142;0.402643;-0.0862641;-14.029
154.475;-22.3547;0.633909;0.380522;-0.0778595;-13.0513
163.3;-22.3547;0.71162;0.351609;-0.0706682;-12.0695
172.126;-22.3547;0.718391;0.318758;-0.0633921;-11.0259
180.951;-22.3547;0.671426;0.28236;-0.0527288;-9.92276
189.777;-22.3547;0.628721;0.242681;-0.0414426;-8.80034
198.602;-22.3547;0.640301;0.200135;-0.0327682;-7.69503
207.428;-22.3547;0.724415;0.153643;-0.0289451;-6.62432
216.253;-22.3547;0.811812;0.10261;-0.0227811;-5.52839
225.078;-22.3547;0.853397;0.0490496;-0.0120433;-4.37481
233.904;-22.3547;0.827459;0.00470292;-0.00296298;-3.18867
242.729;-22.3547;0.791608;-0.021321;0.00221346;-2.02035
-233.845;-31.1801;0.614076;0.0401191;0.00762457;-1.23524
-225.02;-31.1801;0.595656;0.0216481;0.00446267;-2.28978
-216.194;-31.1801;0.562302;-0.00180861;0.00304393;-3.34009
-207.369;-31.1801;0.551527;-0.035857;0.000182047;-4.41767
-198.543;-31.1801;0.601751;-0.0613944;-0.00434125;-5.48374
-189.718;-31.1801;0.630051;-0.0834227;-0.0116418;-6.54127
-180.892;-31.1801;0.635522;-0.0992787;-0.0237566;-7.57846
-172.067;-31.1801;0.550803;-0.106505;-0.0428723;-8.58504
-163.242;-31.1801;0.471253;-0.109965;-0.062254;-9.56662
-154.416;-31.1801;0.462374;-0.120775;-0.0745159;-10.5779
-145.591;-31.1801;0.493008;-0.140685;-0.083176;-11.5947
-136.765;-31.1801;0.500851;-0.161448;-0.0937774;-12.5978
-127.94;-31.1801;0.495423;-0.178639;-0.104647;-13.5737
-119.114;-31.1801;0.471417;-0.190522;-0.111341;-14.4948
-110.289;-31.1801;0.40767;-0.197908;-0.117984;-15.3628
-101.463;-31.1801;0.337795;-0.201393;-0.126058;-16.1948
-92.6379;-31.1801;0.305451;-0.202146;-0.133783;-17.0162
-83.8124;-31.1801;0.318424;-0.200506;-0.141417;-17.8305
-74.987;-31.1801;0.328877;-0.194912;-0.149201;-18.6055
-66.1615;-31.1801;0.303383;-0.186564;-0.153888;-19.3029
-57.3361;-31.1801;0.263655;-0.174665;-0.150837;-20.024
-48.5106;-31.1801;0.26949;-0.118856;-0.13922;-21.2242
-39.6852;-31.1801;0.340344;-0.103075;-0.139311;-21.5361
-30.8597;-31.1801;0.431562;-0.0890539;-0.146584;-21.7556
-22.0342;-31.1801;0.455733;-0.0485107;-0.152848;-22.2373
-13.2088;-31.1801;0.418518;0.000406069;-0.15703;-22.547
-4.38334;-31.1801;0.349786;0.0621447;-0.163561;-22.701
4.44212;-31.1801;0.36403;0.128355;-0.176034;-22.8256
13.2676;-31.1801;0.427513;0.192259;-0.185105;-22.8698
22.093;-31.1801;0.438535;0.249198;-0.187573;-22.7732
30.9185;-31.1801;0.342024;0.293508;-0.187687;-22.5103
39.7439;-31.1801;0.334711;0.329458;-0.193877;-22.1874
48.5694;-31.1801;0.358249;0.364659;-0.19951;-21.8122
57.3948;-31.1801;0.352648;0.394006;-0.198648;-21.3321
66.2203;-31.1801;0.332375;0.41228;-0.190141;-20.7616
75.0458;-31.1801;0.339282;0.420399;-0.1766;-20.1478
83.8712;-31.1801;0.341387;0.431796;-0.162922;-19.4988
92.6967;-31.1801;0.313877;0.444965;-0.149598;-18.7845
101.522;-31.1801;0.381321;0.446746;-0.136776;-18.0919
110.348;-31.1801;0.553308;0.440776;-0.128544;-17.4368
119.173;-31.1801;0.74457;0.430305;-0.126466;-16.7439
127.998;-31.1801;0.765873;0.419611;-0.123803;-15.88
136.824;-31.1801;0.616526;0.406554;-0.111514;-14.832
145.649;-31.1801;0.552903;0.390459;-0.0967985;-13.8124
154.475;-31.1801;0.617078;0.370145;-0.086589;-12.8582
163.3;-31.1801;0.721476;0.342936;-0.0774573;-11.9104
172.126;-31.1801;0.768816;0.310054;-0.0680031;-10.9105
180.951;-31.1801;0.762551;0.273272;-0.056884;-9.84455
189.777;-31.1801;0.75484;0.232575;-0.0463304;-8.74952
198.602;-31.1801;0.779572;0.188207;-0.0364822;-7.65167
207.428;-31.1801;0.826531;0.141147;-0.0288948;-6.55345
216.253;-31.1801;0.89464;0.0891607;-0.0197927;-5.43903
225.078;-31.1801;0.947507;0.0367932;-0.00920093;-4.2877
233.904;-31.1801;0.928101;-0.0087867;-7.60423e-05;-3.07693
242.729;-31.1801;0.878017;-0.0290273;0.00373518;-1.93263
-225.02;-40.0056;0.53267;0.0364636;0.00820539;-2.12368
-216.194;-40.0056;0.463096;0.00954296;0.00338731;-3.16871
-207.369;-40.0056;0.496152;-0.0179591;0.000207036;-4.24642
-198.543;-40.0056;0.553596;-0.0487009;-0.0022271;-5.34583
-189.718;-40.0056;0.559877;-0.0719117;-0.0124539;-6.3989
-180.892;-40.0056;0.550657;-0.0814379;-0.031094;-7.42041
-172.067;-40.0056;0.517587;-0.0838288;-0.0545671;-8.42242
-163.242;-40.0056;0.483863;-0.0901514;-0.0732403;-9.42468
-154.416;-40.0056;0.475939;-0.105725;-0.0839619;-10.4297
-145.591;-40.0056;0.489866;-0.128519;-0.0939397;-11.434
-136.765;-40.0056;0.497651;-0.15176;-0.107923;-12.4316
-127.94;-40.0056;0.512233;-0.172588;-0.121004;-13.4246
-119.114;-40.0056;0.491157;-0.183597;-0.127857;-14.3514
-110.289;-40.0056;0.427869;-0.190331;-0.134287;-15.215
-101.463;-40.0056;0.352606;-0.19405;-0.143762;-16.0313
-92.6379;-40.0056;0.311713;-0.194448;-0.154611;-16.8335
-83.8124;-40.0056;0.320076;-0.191031;-0.166614;-17.6226
-74.987;-40.0056;0.32875;-0.184304;-0.176409;-18.3741
-66.1615;-40.0056;0.301596;-0.176193;-0.181524;-19.0679
-30.8597;-40.0056;0.396887;-0.0753425;-0.185052;-21.4382
-22.0342;-40.0056;0.374204;-0.0327506;-0.188832;-21.8683
-13.2088;-40.0056;0.37098;0.0164751;-0.192966;-22.1625
-4.38334;-40.0056;0.359939;0.0758098;-0.201613;-22.3593
4.44212;-40.0056;0.358153;0.131545;-0.208557;-22.4569
13.2676;-40.0056;0.360885;0.18331;-0.20819;-22.4468
22.093;-40.0056;0.351181;0.231397;-0.203039;-22.324
30.9185;-40.0056;0.316683;0.273995;-0.203593;-22.1036
39.7439;-40.0056;0.306453;0.311467;-0.207914;-21.803
48.5694;-40.0056;0.307136;0.349096;-0.210203;-21.4279
57.3948;-40.0056;0.299846;0.380701;-0.206878;-20.9634
66.2203;-40.0056;0.298297;0.400895;-0.199148;-20.4259
75.0458;-40.0056;0.320123;0.410814;-0.18954;-19.8449
83.8712;-40.0056;0.340604;0.421999;-0.178799;-19.2274
92.6967;-40.0056;0.347603;0.43075;-0.165132;-18.5457
101.522;-40.0056;0.404648;0.431894;-0.151056;-17.8544
110.348;-40.0056;0.504101;0.42841;-0.141972;-17.1506
119.173;-40.0056;0.590771;0.420782;-0.139171;-16.3779
127.998;-40.0056;0.572855;0.409614;-0.135794;-15.4661
136.824;-40.0056;0.483158;0.393893;-0.12171;-14.4534
145.649;-40.0056;0.470106;0.375224;-0.106129;-13.4678
154.475;-40.0056;0.542991;0.355702;-0.0941477;-12.5331
163.3;-40.0056;0.639676;0.329454;-0.0830871;-11.596
172.126;-40.0056;0.70854;0.296743;-0.0732134;-10.6294
180.951;-40.0056;0.734728;0.26174;-0.0637128;-9.60044
189.777;-40.0056;0.749512;0.223308;-0.0549927;-8.53215
198.602;-40.0056;0.767098;0.180628;-0.0456216;-7.43884
207.428;-40.0056;0.77246;0.134885;-0.0357084;-6.32156
216.253;-40.0056;0.816959;0.0856411;-0.0261576;-5.20375
225.078;-40.0056;0.878216;0.0353537;-0.0163265;-4.06976
233.904;-40.0056;0.918452;-0.00955637;-0.00814;-2.88978
242.729;-40.0056;0.931893;-0.0281135;-0.00187664;-1.74322
-225.02;-48.831;0.515857;0.0574958;0.00835795;-1.94564
-216.194;-48.831;0.424254;0.0245418;0.00162683;-2.99296
-207.369;-48.831;0.498711;0.00247422;-7.80967e-05;-4.06354
-198.543;-48.831;0.547367;-0.0276724;-0.00206133;-5.16953
-189.718;-48.831;0.504605;-0.0472968;-0.0169287;-6.20684
-180.892;-48.831;0.473506;-0.0506901;-0.0431859;-7.21096
-172.067;-48.831;0.501996;-0.0586301;-0.0696936;-8.22396
-163.242;-48.831;0.515844;-0.075561;-0.0866873;-9.25573
-154.416;-48.831;0.489773;-0.0966676;-0.0961769;-10.2428
-145.591;-48.831;0.454701;-0.120756;-0.105887;-11.2167
-136.765;-48.831;0.445926;-0.143514;-0.119538;-12.1913
-127.94;-48.831;0.478667;-0.159209;-0.130004;-13.1765
-119.114;-48.831;0.494499;-0.167529;-0.136784;-14.1014
-110.289;-48.831;0.448697;-0.174771;-0.144727;-14.9702
-101.463;-48.831;0.388004;-0.180295;-0.154896;-15.7864
-92.6379;-48.831;0.354476;-0.18133;-0.167194;-16.5746
-83.8124;-48.831;0.352069;-0.177239;-0.182554;-17.34
-74.987;-48.831;0.346714;-0.172192;-0.193953;-18.0498
-66.1615;-48.831;0.319148;-0.162732;-0.200772;-18.7462
-57.3361;-48.831;0.295741;-0.154611;-0.199963;-19.4103
-30.8597;-48.831;0.30573;-0.0652087;-0.21563;-21.0161
-22.0342;-48.831;0.266388;-0.0217274;-0.214789;-21.407
-13.2088;-48.831;0.289453;0.0262906;-0.213432;-21.6874
-4.38334;-48.831;0.317518;0.0796465;-0.217423;-21.8848
4.44212;-48.831;0.317354;0.130177;-0.223022;-21.9746
13.2676;-48.831;0.295406;0.176523;-0.222395;-21.9408
22.093;-48.831;0.270047;0.218372;-0.216426;-21.7989
30.9185;-48.831;0.253287;0.258674;-0.217296;-21.5958
39.7439;-48.831;0.229512;0.296697;-0.221087;-21.2965
48.5694;-48.831;0.210156;0.33318;-0.223757;-20.9194
57.3948;-48.831;0.209125;0.364017;-0.221668;-20.4778
66.2203;-48.831;0.217038;0.386371;-0.216278;-19.9695
75.0458;-48.831;0.219822;0.398691;-0.21041;-19.3843
83.8712;-48.831;0.205306;0.409168;-0.204274;-18.7399
92.6967;-48.831;0.212207;0.412156;-0.191658;-18.054
101.522;-48.831;0.228369;0.412353;-0.176822;-17.3383
110.348;-48.831;0.251333;0.410885;-0.165636;-16.5836
119.173;-48.831;0.27681;0.405801;-0.158985;-15.7716
127.998;-48.831;0.294588;0.39565;-0.151406;-14.8923
136.824;-48.831;0.331697;0.379029;-0.13636;-13.9904
145.649;-48.831;0.38887;0.360055;-0.119256;-13.0724
154.475;-48.831;0.455767;0.340641;-0.10324;-12.1497
163.3;-48.831;0.516834;0.314416;-0.0887019;-11.203
172.126;-48.831;0.564363;0.283005;-0.0786469;-10.2338
180.951;-48.831;0.584572;0.252135;-0.071144;-9.2138
189.777;-48.831;0.593898;0.218649;-0.0643686;-8.15365
198.602;-48.831;0.60205;0.178194;-0.0556142;-7.0616
207.428;-48.831;0.60957;0.133999;-0.0452247;-5.96502
216.253;-48.831;0.655738;0.0861095;-0.0352751;-4.85794
225.078;-48.831;0.718018;0.0377264;-0.0283699;-3.74679
233.904;-48.831;0.773504;-0.0115699;-0.0221261;-2.58764
242.729;-48.831;0.791984;-0.0395329;-0.0117664;-1.43766
-225.02;-57.6565;0.587531;0.0785499;0.00681141;-1.80884
-216.194;-57.6565;0.49407;0.0392848;-8.49171e-05;-2.84032
-207.369;-57.6565;0.546607;0.0145362;0.00171162;-3.89509
-198.543;-57.6565;0.587229;-0.00489136;-0.00229269;-4.97203
-189.718;-57.6565;0.526642;-0.0131734;-0.0244157;-5.99812
-180.892;-57.6565;0.496452;-0.0119179;-0.0529178;-6.98596
-172.067;-57.6565;0.513218;-0.0302729;-0.0769907;-7.99703
-163.242;-57.6565;0.51169;-0.0560003;-0.0915218;-9.01895
-154.416;-57.6565;0.466042;-0.079907;-0.100481;-9.97576
-145.591;-57.6565;0.403086;-0.104692;-0.110309;-10.9184
-136.765;-57.6565;0.375567;-0.126408;-0.123763;-11.869
-127.94;-57.6565;0.432479;-0.14048;-0.133128;-12.8425
-119.114;-57.6565;0.46182;-0.148088;-0.141081;-13.7594
-110.289;-57.6565;0.424836;-0.155358;-0.152001;-14.6251
-101.463;-57.6565;0.381769;-0.160417;-0.164016;-15.4339
-92.6379;-57.6565;0.353058;-0.164006;-0.174903;-16.2123
-83.8124;-57.6565;0.333775;-0.165163;-0.188037;-16.9684
-74.987;-57.6565;0.319523;-0.161974;-0.203682;-17.6638
-30.8597;-57.6565;0.265825;-0.0582163;-0.24472;-20.4784
-22.0342;-57.6565;0.220834;-0.0140433;-0.243019;-20.8608
-13.2088;-57.6565;0.222781;0.0331516;-0.240296;-21.1239
-4.38334;-57.6565;0.247654;0.081346;-0.241626;-21.3093
4.44212;-57.6565;0.252111;0.126608;-0.245056;-21.3941
13.2676;-57.6565;0.225845;0.169291;-0.244386;-21.3564
22.093;-57.6565;0.191469;0.207944;-0.238785;-21.2119
30.9185;-57.6565;0.17395;0.245053;-0.238258;-21.0106
39.7439;-57.6565;0.15345;0.281742;-0.242699;-20.7169
48.5694;-57.6565;0.138388;0.314945;-0.247842;-20.356
57.3948;-57.6565;0.144304;0.343535;-0.250341;-19.9355
66.2203;-57.6565;0.138564;0.367404;-0.249242;-19.4299
75.0458;-57.6565;0.0958834;0.382152;-0.246033;-18.8096
83.8712;-57.6565;0.0292276;0.39479;-0.242384;-18.1377
92.6967;-57.6565;0.0249584;0.398163;-0.231706;-17.4587
101.522;-57.6565;0.0238432;0.398243;-0.218001;-16.7416
110.348;-57.6565;0.0304239;0.396162;-0.205172;-15.9787
119.173;-57.6565;0.0712627;0.390595;-0.193471;-15.1844
127.998;-57.6565;0.181439;0.378444;-0.178789;-14.3903
136.824;-57.6565;0.302636;0.361393;-0.159208;-13.5771
145.649;-57.6565;0.393196;0.343104;-0.136822;-12.7142
154.475;-57.6565;0.45626;0.322673;-0.115466;-11.8101
163.3;-57.6565;0.506113;0.29539;-0.0969553;-10.8673
172.126;-57.6565;0.561556;0.264177;-0.0841688;-9.90529
180.951;-57.6565;0.595027;0.235963;-0.0751055;-8.89893
189.777;-57.6565;0.614899;0.204628;-0.0670688;-7.85387
198.602;-57.6565;0.634278;0.16362;-0.0557346;-6.77518
207.428;-57.6565;0.667311;0.119981;-0.044425;-5.70343
216.253;-57.6565;0.723814;0.0737044;-0.0356797;-4.6182
225.078;-57.6565;0.755971;0.0268314;-0.030342;-3.50563
233.904;-57.6565;0.771143;-0.0184247;-0.0246616;-2.33288
242.729;-57.6565;0.782254;-0.0605824;-0.0116591;-1.14593
-216.194;-66.4819;0.57222;0.0533727;0.00508725;-2.65214
-207.369;-66.4819;0.575619;0.0275771;0.00513113;-3.67761
-198.543;-66.4819;0.58704;0.015173;-0.00597668;-4.71172
-189.718;-66.4819;0.554669;0.0192913;-0.0329587;-5.70118
-180.892;-66.4819;0.515707;0.0139616;-0.0564778;-6.69013
-172.067;-66.4819;0.500194;-0.00868384;-0.0746833;-7.69321
-163.242;-66.4819;0.491612;-0.033856;-0.0867238;-8.69887
-154.416;-66.4819;0.460068;-0.056239;-0.0968611;-9.65182
-145.591;-66.4819;0.403016;-0.0800814;-0.109481;-10.5829
-136.765;-66.4819;0.353459;-0.104101;-0.12493;-11.5097
-127.94;-66.4819;0.348489;-0.125882;-0.137484;-12.4636
-119.114;-66.4819;0.353017;-0.136363;-0.149025;-13.3631
-110.289;-66.4819;0.331421;-0.140322;-0.162975;-14.206
-101.463;-66.4819;0.308996;-0.143154;-0.177576;-14.9987
-92.6379;-66.4819;0.283221;-0.148348;-0.189212;-15.7676
-83.8124;-66.4819;0.253346;-0.152468;-0.202641;-16.5126
-74.987;-66.4819;0.236845;-0.149216;-0.222138;-17.1979
-30.8597;-66.4819;0.265364;-0.0479702;-0.283905;-19.8933
-22.0342;-66.4819;0.240611;-0.00694038;-0.288924;-20.2645
-13.2088;-66.4819;0.203674;0.0391142;-0.291334;-20.5022
-4.38334;-66.4819;0.19594;0.0834508;-0.292526;-20.6674
4.44212;-66.4819;0.206474;0.12249;-0.292367;-20.7493
13.2676;-66.4819;0.19305;0.160192;-0.288041;-20.7201
22.093;-66.4819;0.164562;0.196373;-0.2792;-20.5951
30.9185;-66.4819;0.153206;0.230601;-0.273691;-20.4068
39.7439;-66.4819;0.156183;0.264327;-0.27463;-20.1374
48.5694;-66.4819;0.168478;0.293946;-0.278175;-19.8074
57.3948;-66.4819;0.18255;0.321495;-0.284438;-19.4047
66.2203;-66.4819;0.166936;0.348075;-0.287956;-18.9053
75.0458;-66.4819;0.113126;0.368977;-0.283222;-18.3045
83.8712;-66.4819;0.0559162;0.383043;-0.274061;-17.6672
92.6967;-66.4819;0.0590242;0.389734;-0.262344;-17.0239
101.522;-66.4819;0.086507;0.390306;-0.248315;-16.3416
110.348;-66.4819;0.142358;0.383803;-0.233027;-15.6102
119.173;-66.4819;0.242274;0.370916;-0.217407;-14.852
127.998;-66.4819;0.401243;0.355243;-0.198958;-14.1127
136.824;-66.4819;0.58358;0.33626;-0.177715;-13.3654
145.649;-66.4819;0.672661;0.317528;-0.15245;-12.5238
154.475;-66.4819;0.694372;0.296626;-0.127985;-11.601
163.3;-66.4819;0.696603;0.270688;-0.105847;-10.6267
172.126;-66.4819;0.724576;0.241477;-0.0880806;-9.64193
180.951;-66.4819;0.735994;0.21466;-0.0741095;-8.6279
189.777;-66.4819;0.737141;0.182859;-0.0631498;-7.57631
198.602;-66.4819;0.742636;0.14118;-0.0500033;-6.49243
207.428;-66.4819;0.768098;0.0982154;-0.0393249;-5.41709
216.253;-66.4819;0.804414;0.0546247;-0.0320486;-4.3305
225.078;-66.4819;0.786447;0.0120203;-0.0287943;-3.21103
233.904;-66.4819;0.76789;-0.0280741;-0.0235522;-2.03733
-216.194;-75.3074;0.605649;0.07618;0.0152772;-2.39222
-207.369;-75.3074;0.553423;0.0483186;0.0102047;-3.383
-198.543;-75.3074;0.497033;0.0338291;-0.0124793;-4.38514
-189.718;-75.3074;0.415672;0.0267564;-0.0420087;-5.37244
-180.892;-75.3074;0.383445;0.0140393;-0.0632441;-6.35631
-172.067;-75.3074;0.388087;-0.00864069;-0.0788701;-7.34556
-163.242;-75.3074;0.40354;-0.0298306;-0.0908975;-8.33584
-154.416;-75.3074;0.407959;-0.0463314;-0.101452;-9.28539
-145.591;-75.3074;0.385525;-0.0649099;-0.114527;-10.205
-136.765;-75.3074;0.339465;-0.0885796;-0.131406;-11.1019
-127.94;-75.3074;0.298249;-0.112414;-0.149052;-12.0211
-119.114;-75.3074;0.272596;-0.126204;-0.165112;-12.9045
-110.289;-75.3074;0.254781;-0.128998;-0.181782;-13.7327
-101.463;-75.3074;0.245834;-0.128834;-0.200173;-14.5099
-92.6379;-75.3074;0.225623;-0.133632;-0.215561;-15.2685
-83.8124;-75.3074;0.196541;-0.138615;-0.231182;-16.0026
-74.987;-75.3074;0.18578;-0.133869;-0.251172;-16.6754
-66.1615;-75.3074;0.208471;-0.119592;-0.271128;-17.3189
-57.3361;-75.3074;0.215963;-0.102997;-0.291421;-17.8859
-48.5106;-75.3074;0.209383;-0.000186886;-0.352565;-19.6552
-39.6852;-75.3074;0.236846;-0.059997;-0.319452;-18.8534
-30.8597;-75.3074;0.282622;-0.0336163;-0.327152;-19.2826
-22.0342;-75.3074;0.297428;0.00129027;-0.338092;-19.6363
-13.2088;-75.3074;0.252745;0.0455801;-0.349082;-19.8753
-4.38334;-75.3074;0.223328;0.0866903;-0.348446;-20.0287
4.44212;-75.3074;0.240142;0.12136;-0.344203;-20.1156
13.2676;-75.3074;0.25426;0.154871;-0.337853;-20.1144
22.093;-75.3074;0.252437;0.186861;-0.329843;-20.0205
30.9185;-75.3074;0.255173;0.216254;-0.318897;-19.8521
39.7439;-75.3074;0.288289;0.24332;-0.307098;-19.612
48.5694;-75.3074;0.328097;0.269808;-0.302496;-19.3085
57.3948;-75.3074;0.367727;0.298147;-0.311027;-18.9365
66.2203;-75.3074;0.419531;0.324807;-0.318481;-18.5006
75.0458;-75.3074;0.467786;0.346746;-0.309753;-18.0059
83.8712;-75.3074;0.479251;0.36119;-0.294961;-17.4481
92.6967;-75.3074;0.431047;0.372477;-0.282237;-16.8011
101.522;-75.3074;0.495407;0.370117;-0.26615;-16.147
110.348;-75.3074;0.613508;0.36114;-0.246278;-15.4716
119.173;-75.3074;0.720651;0.347535;-0.226634;-14.7361
127.998;-75.3074;0.790333;0.333944;-0.207457;-13.9487
136.824;-75.3074;0.928388;0.313675;-0.184887;-13.1815
145.649;-75.3074;0.97511;0.292447;-0.157934;-12.3064
154.475;-75.3074;0.959686;0.268713;-0.131293;-11.3493
163.3;-75.3074;0.928104;0.242058;-0.106316;-10.3472
172.126;-75.3074;0.922018;0.213874;-0.0845621;-9.33356
180.951;-75.3074;0.896167;0.187907;-0.0667616;-8.29877
189.777;-75.3074;0.860502;0.15578;-0.0534058;-7.23117
198.602;-75.3074;0.835382;0.11637;-0.041172;-6.14198
207.428;-75.3074;0.836327;0.0753514;-0.0326265;-5.0556
216.253;-75.3074;0.840103;0.0330446;-0.0254088;-3.9529
225.078;-75.3074;0.789707;-0.0061033;-0.0217969;-2.83105
233.904;-75.3074;0.77606;-0.0324617;-0.018765;-1.71797
-216.194;-84.1328;0.649413;0.095366;0.0241749;-2.06144
-207.369;-84.1328;0.510359;0.0734138;0.0154162;-3.02004
-198.543;-84.1328;0.415787;0.0513869;-0.0149876;-4.00869
-189.718;-84.1328;0.336162;0.0343507;-0.0445971;-4.99022
-180.892;-84.1328;0.309282;0.0158823;-0.0664862;-5.96953
-172.067;-84.1328;0.326409;-0.0075033;-0.0827145;-6.95136
-163.242;-84.1328;0.339865;-0.0291601;-0.0974841;-7.92882
-154.416;-84.1328;0.342576;-0.0451743;-0.111318;-8.86958
-145.591;-84.1328;0.338716;-0.0596563;-0.125998;-9.77399
-136.765;-84.1328;0.324702;-0.0775899;-0.142832;-10.6526
-127.94;-84.1328;0.296056;-0.0977951;-0.163832;-11.5431
-119.114;-84.1328;0.26949;-0.113245;-0.185176;-12.4155
-110.289;-84.1328;0.26492;-0.118583;-0.206096;-13.2429
-101.463;-84.1328;0.262516;-0.118063;-0.229993;-14.0197
-92.6379;-84.1328;0.246482;-0.120903;-0.25009;-14.7657
-83.8124;-84.1328;0.225029;-0.123983;-0.266344;-15.4786
-74.987;-84.1328;0.222802;-0.11767;-0.282995;-16.1392
-66.1615;-84.1328;0.248267;-0.102731;-0.300603;-16.7557
-57.3361;-84.1328;0.256403;-0.0845723;-0.322864;-17.3192
-48.5106;-84.1328;0.232072;-0.062769;-0.34045;-17.8078
-39.6852;-84.1328;0.255042;-0.0417417;-0.349622;-18.2451
-30.8597;-84.1328;0.31575;-0.0184046;-0.356717;-18.6408
-22.0342;-84.1328;0.361282;0.011653;-0.368553;-18.9769
-13.2088;-84.1328;0.361653;0.0489909;-0.378901;-19.2313
-4.38334;-84.1328;0.35859;0.0856004;-0.375514;-19.4024
4.44212;-84.1328;0.357986;0.120048;-0.366406;-19.4834
13.2676;-84.1328;0.362407;0.15095;-0.359643;-19.482
22.093;-84.1328;0.362752;0.178127;-0.354473;-19.4039
30.9185;-84.1328;0.367239;0.201994;-0.344333;-19.2564
39.7439;-84.1328;0.412763;0.224204;-0.328426;-19.0479
48.5694;-84.1328;0.511299;0.250228;-0.322922;-18.7851
57.3948;-84.1328;0.559998;0.287407;-0.337212;-18.445
66.2203;-84.1328;0.633201;0.318411;-0.34772;-18.0651
75.0458;-84.1328;0.73443;0.337984;-0.336476;-17.6446
83.8712;-84.1328;0.797352;0.348137;-0.319193;-17.1308
92.6967;-84.1328;0.745083;0.354703;-0.305247;-16.4757
101.522;-84.1328;0.805312;0.348895;-0.284877;-15.8162
110.348;-84.1328;0.920405;0.340032;-0.258021;-15.1583
119.173;-84.1328;1.0245;0.324845;-0.231814;-14.4369
127.998;-84.1328;1.07999;0.310455;-0.206605;-13.6528
136.824;-84.1328;1.16521;0.289099;-0.180843;-12.8453
145.649;-84.1328;1.15346;0.266774;-0.153839;-11.9212
154.475;-84.1328;1.09883;0.240493;-0.125398;-10.9262
163.3;-84.1328;1.05129;0.21074;-0.0968135;-9.90622
172.126;-84.1328;1.04159;0.180512;-0.0727369;-8.89154
180.951;-84.1328;0.997286;0.15607;-0.0540879;-7.85666
189.777;-84.1328;0.931793;0.125319;-0.0394294;-6.78464
198.602;-84.1328;0.875517;0.0916923;-0.0289855;-5.70071
207.428;-84.1328;0.850479;0.0548881;-0.0223099;-4.61109
216.253;-84.1328;0.832491;0.0140701;-0.0149265;-3.50122
225.078;-84.1328;0.81011;-0.0160524;-0.0128328;-2.4086
233.904;-84.1328;0.830316;-0.0357278;-0.0133792;-1.37804
-216.194;-92.9583;0.702174;0.105938;0.0307968;-1.66698
-207.369;-92.9583;0.483982;0.0866254;0.0174605;-2.65347
-198.543;-92.9583;0.394513;0.0665615;-0.0120837;-3.62567
-189.718;-92.9583;0.370331;0.0442313;-0.0414654;-4.60325
-180.892;-92.9583;0.352061;0.0235403;-0.0650536;-5.57508
-172.067;-92.9583;0.35877;0.000298232;-0.0821808;-6.53711
-163.242;-92.9583;0.340203;-0.025222;-0.100671;-7.48888
-154.416;-92.9583;0.313496;-0.0456396;-0.119251;-8.41318
-145.591;-92.9583;0.307308;-0.0589189;-0.135959;-9.30668
-136.765;-92.9583;0.319233;-0.069915;-0.151774;-10.1791
-127.94;-92.9583;0.313287;-0.0847052;-0.174001;-11.0422
-119.114;-92.9583;0.298146;-0.0997433;-0.198828;-11.8938
-110.289;-92.9583;0.319436;-0.108268;-0.221015;-12.7148
-101.463;-92.9583;0.321344;-0.110958;-0.24467;-13.4871
-92.6379;-92.9583;0.313812;-0.111657;-0.26737;-14.2223
-83.8124;-92.9583;0.307421;-0.110085;-0.285946;-14.9167
-74.987;-92.9583;0.310184;-0.103324;-0.301016;-15.5613
-66.1615;-92.9583;0.332291;-0.0907918;-0.314252;-16.1592
-57.3361;-92.9583;0.349804;-0.0739907;-0.329565;-16.7106
-48.5106;-92.9583;0.330027;-0.0537389;-0.344123;-17.1795
-39.6852;-92.9583;0.330358;-0.0336356;-0.353907;-17.582
-30.8597;-92.9583;0.35948;-0.010363;-0.361096;-17.9382
-22.0342;-92.9583;0.395313;0.0193865;-0.370221;-18.2522
-13.2088;-92.9583;0.414212;0.0541057;-0.378561;-18.5107
-4.38334;-92.9583;0.409867;0.0871373;-0.376762;-18.6896
4.44212;-92.9583;0.402055;0.120967;-0.368291;-18.7579
13.2676;-92.9583;0.395077;0.148788;-0.36189;-18.7526
22.093;-92.9583;0.380871;0.172366;-0.360094;-18.6849
30.9185;-92.9583;0.363855;0.195166;-0.359573;-18.5375
39.7439;-92.9583;0.376496;0.224533;-0.358841;-18.3214
48.5694;-92.9583;0.487471;0.259057;-0.368315;-18.0633
57.3948;-92.9583;0.551066;0.296617;-0.383239;-17.7498
66.2203;-92.9583;0.630783;0.319537;-0.382351;-17.3865
75.0458;-92.9583;0.724261;0.332551;-0.363062;-16.9887
83.8712;-92.9583;0.780072;0.333716;-0.342014;-16.4689
92.6967;-92.9583;0.761836;0.334397;-0.32441;-15.8313
101.522;-92.9583;0.837905;0.327774;-0.298527;-15.1981
110.348;-92.9583;0.952159;0.31815;-0.264626;-14.5572
119.173;-92.9583;1.06438;0.300185;-0.231489;-13.8544
127.998;-92.9583;1.14623;0.281947;-0.199214;-13.0956
136.824;-92.9583;1.18559;0.261034;-0.170329;-12.2526
145.649;-92.9583;1.10536;0.241414;-0.145635;-11.2858
154.475;-92.9583;1.02746;0.21586;-0.119747;-10.2842
163.3;-92.9583;1.0006;0.18467;-0.0896402;-9.29058
172.126;-92.9583;1.02673;0.151297;-0.0621046;-8.31612
180.951;-92.9583;0.997073;0.127576;-0.0429431;-7.31103
189.777;-92.9583;0.930117;0.0997724;-0.0279322;-6.25906
198.602;-92.9583;0.864997;0.0686394;-0.0167736;-5.18406
207.428;-92.9583;0.829442;0.0362863;-0.0098705;-4.10596
216.253;-92.9583;0.814769;-0.000138844;-0.00345999;-3.02047
225.078;-92.9583;0.849997;-0.0269166;-0.00385552;-1.9904
-207.369;-101.784;0.457489;0.104107;0.0210296;-2.19652
-198.543;-101.784;0.388544;0.0828211;-0.00696184;-3.19085
-189.718;-101.784;0.455483;0.0504931;-0.036324;-4.21992
-180.892;-101.784;0.46562;0.0276014;-0.0587828;-5.19388
-172.067;-101.784;0.429998;0.00631704;-0.0770023;-6.11777
-163.242;-101.784;0.383062;-0.0207986;-0.0981869;-7.02902
-154.416;-101.784;0.344039;-0.0443523;-0.119612;-7.93043
-145.591;-101.784;0.332016;-0.0578905;-0.137406;-8.81788
-136.765;-101.784;0.337374;-0.0652292;-0.153028;-9.68469
-127.94;-101.784;0.32139;-0.0759323;-0.175476;-10.52
-119.114;-101.784;0.283981;-0.0898062;-0.201599;-11.3401
-110.289;-101.784;0.298278;-0.0986824;-0.223541;-12.1354
-101.463;-101.784;0.288076;-0.102988;-0.245254;-12.8949
-92.6379;-101.784;0.294825;-0.101688;-0.267791;-13.614
-83.8124;-101.784;0.317045;-0.0960802;-0.288171;-14.2815
-74.987;-101.784;0.329021;-0.0888394;-0.305669;-14.8966
-66.1615;-101.784;0.330447;-0.0805747;-0.32196;-15.4781
-57.3361;-101.784;0.359065;-0.0658493;-0.332122;-16.0136
-48.5106;-101.784;0.355122;-0.0471624;-0.341223;-16.4795
-39.6852;-101.784;0.33797;-0.027049;-0.350897;-16.8726
-30.8597;-101.784;0.347957;-0.00487933;-0.358182;-17.2031
-22.0342;-101.784;0.380379;0.0215072;-0.36286;-17.4927
-13.2088;-101.784;0.395041;0.0517956;-0.368442;-17.7355
-4.38334;-101.784;0.385617;0.0834901;-0.369935;-17.9018
4.44212;-101.784;0.372576;0.118249;-0.365028;-17.9602
13.2676;-101.784;0.35434;0.144987;-0.35884;-17.9569
22.093;-101.784;0.337964;0.168702;-0.359557;-17.8959
30.9185;-101.784;0.328248;0.192961;-0.367272;-17.7482
39.7439;-101.784;0.339061;0.224804;-0.380515;-17.535
48.5694;-101.784;0.448106;0.261522;-0.398068;-17.2775
57.3948;-101.784;0.506423;0.293733;-0.406202;-16.9611
66.2203;-101.784;0.564621;0.307567;-0.395838;-16.5757
75.0458;-101.784;0.620854;0.308742;-0.371361;-16.1241
83.8712;-101.784;0.649567;0.306725;-0.347624;-15.5952
92.6967;-101.784;0.657558;0.308149;-0.326881;-15.0051
101.522;-101.784;0.751154;0.303804;-0.297931;-14.4187
110.348;-101.784;0.847233;0.294758;-0.261632;-13.7824
119.173;-101.784;0.931605;0.275586;-0.22641;-13.0684
127.998;-101.784;0.988091;0.254098;-0.193186;-12.2918
136.824;-101.784;0.964505;0.232047;-0.164995;-11.4011
145.649;-101.784;0.82754;0.214308;-0.13982;-10.4062
154.475;-101.784;0.777424;0.190936;-0.11301;-9.46138
163.3;-101.784;0.829083;0.161466;-0.0815235;-8.56885
172.126;-101.784;0.8994;0.126448;-0.0517439;-7.64941
180.951;-101.784;0.885107;0.101389;-0.0306175;-6.66893
189.777;-101.784;0.825513;0.0760259;-0.0197592;-5.6337
198.602;-101.784;0.776868;0.0498597;-0.0101678;-4.58567
207.428;-101.784;0.770582;0.0203323;-0.00176926;-3.54108
216.253;-101.784;0.780465;-0.00891577;0.00511124;-2.5017
225.078;-101.784;0.847045;-0.034847;0.00595082;-1.50839
-198.543;-110.609;0.374494;0.0843641;-0.0034205;-2.73064
-189.718;-110.609;0.488744;0.0524445;-0.0303751;-3.78025
-180.892;-110.609;0.53663;0.0267945;-0.0500498;-4.74732
-172.067;-110.609;0.450198;0.00352223;-0.0709412;-5.65334
-163.242;-110.609;0.416593;-0.0212408;-0.0926085;-6.5449
-154.416;-110.609;0.403253;-0.0432382;-0.11334;-7.43173
-145.591;-110.609;0.39263;-0.0560036;-0.130778;-8.30444
-136.765;-110.609;0.37755;-0.0603939;-0.146643;-9.14578
-127.94;-110.609;0.339126;-0.0653113;-0.166593;-9.94359
-119.114;-110.609;0.276869;-0.0760535;-0.191695;-10.7234
-110.289;-110.609;0.250242;-0.0866743;-0.216603;-11.4927
-101.463;-110.609;0.235393;-0.0932696;-0.241952;-12.2403
-92.6379;-110.609;0.262347;-0.0934636;-0.265385;-12.9499
-83.8124;-110.609;0.286235;-0.0882784;-0.288915;-13.6008
-74.987;-110.609;0.271429;-0.0821521;-0.313162;-14.1833
-66.1615;-110.609;0.250868;-0.0766917;-0.33314;-14.7465
-57.3361;-110.609;0.284314;-0.0641402;-0.342452;-15.2719
-48.5106;-110.609;0.310112;-0.0443524;-0.346475;-15.7293
-39.6852;-110.609;0.290947;-0.0233982;-0.353067;-16.1161
-30.8597;-110.609;0.282089;-0.00101721;-0.35658;-16.4356
-22.0342;-110.609;0.30073;0.0238964;-0.357993;-16.6959
-13.2088;-110.609;0.314547;0.0516748;-0.359677;-16.9074
-4.38334;-110.609;0.30986;0.0813039;-0.361358;-17.0621
4.44212;-110.609;0.307886;0.116344;-0.358602;-17.1235
13.2676;-110.609;0.312171;0.142862;-0.353787;-17.1321
22.093;-110.609;0.314813;0.166742;-0.35806;-17.0781
30.9185;-110.609;0.320735;0.19034;-0.370254;-16.9343
39.7439;-110.609;0.349375;0.217341;-0.386509;-16.7312
48.5694;-110.609;0.458454;0.246951;-0.39865;-16.4924
57.3948;-110.609;0.519264;0.273863;-0.39867;-16.185
66.2203;-110.609;0.559321;0.284954;-0.384737;-15.7875
75.0458;-110.609;0.601053;0.287643;-0.362161;-15.3321
83.8712;-110.609;0.647694;0.287567;-0.338196;-14.8229
92.6967;-110.609;0.688522;0.286748;-0.314163;-14.276
101.522;-110.609;0.785661;0.280035;-0.284558;-13.7071
110.348;-110.609;0.802522;0.268795;-0.253124;-13.0045
119.173;-110.609;0.766508;0.24961;-0.221942;-12.2002
127.998;-110.609;0.709498;0.228772;-0.192272;-11.3513
136.824;-110.609;0.587613;0.207007;-0.164815;-10.4101
145.649;-110.609;0.529717;0.183266;-0.135761;-9.48964
154.475;-110.609;0.606448;0.158503;-0.102596;-8.66948
163.3;-110.609;0.73698;0.131887;-0.0658735;-7.87451
172.126;-110.609;0.79492;0.0959427;-0.0357476;-6.96619
180.951;-110.609;0.708562;0.0700495;-0.0138888;-5.92525
189.777;-110.609;0.66971;0.047494;-0.00508211;-4.91982
198.602;-110.609;0.688757;0.0291489;-0.00245619;-3.95811
207.428;-110.609;0.776982;0.00393445;0.00558905;-3.00772
216.253;-110.609;0.830362;-0.0235937;0.0168912;-2.01723
-198.543;-119.435;0.341535;0.0767156;0.00170403;-2.23905
-189.718;-119.435;0.416687;0.0548239;-0.0201161;-3.2357
-180.892;-119.435;0.466466;0.0256622;-0.0419975;-4.22521
-172.067;-119.435;0.388113;-0.00570088;-0.066437;-5.13402
-163.242;-119.435;0.403327;-0.0260469;-0.0867734;-6.00837
-154.416;-119.435;0.410799;-0.043789;-0.106642;-6.87426
-145.591;-119.435;0.389021;-0.0555085;-0.123779;-7.71328
-136.765;-119.435;0.357531;-0.057789;-0.138323;-8.53091
-127.94;-119.435;0.312843;-0.0549273;-0.153341;-9.29521
-119.114;-119.435;0.233549;-0.0630709;-0.180265;-10.0512
-110.289;-119.435;0.204623;-0.07177;-0.208543;-10.7981
-101.463;-119.435;0.19015;-0.0818661;-0.238363;-11.5295
-92.6379;-119.435;0.222986;-0.0857691;-0.266564;-12.2268
-83.8124;-119.435;0.24528;-0.0831202;-0.29419;-12.8671
-74.987;-119.435;0.21871;-0.0795831;-0.320186;-13.4321
-66.1615;-119.435;0.184169;-0.0770702;-0.340748;-13.9808
-57.3361;-119.435;0.211942;-0.0676396;-0.350929;-14.4983
-48.5106;-119.435;0.25392;-0.0493613;-0.352459;-14.9563
-39.6852;-119.435;0.245282;-0.0276883;-0.353544;-15.3426
-30.8597;-119.435;0.218359;-0.00372886;-0.352648;-15.6335
-22.0342;-119.435;0.200347;0.0235705;-0.350101;-15.8545
-13.2088;-119.435;0.198512;0.0538285;-0.346973;-16.0383
-4.38334;-119.435;0.222645;0.0836265;-0.345426;-16.1933
4.44212;-119.435;0.25549;0.116441;-0.344851;-16.2719
13.2676;-119.435;0.312559;0.142806;-0.343877;-16.3048
22.093;-119.435;0.354279;0.165046;-0.353181;-16.2572
30.9185;-119.435;0.361137;0.184839;-0.366842;-16.1096
39.7439;-119.435;0.365679;0.204081;-0.377457;-15.89
48.5694;-119.435;0.452367;0.223268;-0.378945;-15.6542
57.3948;-119.435;0.535509;0.24307;-0.373266;-15.3558
66.2203;-119.435;0.577088;0.254788;-0.361568;-14.9622
75.0458;-119.435;0.60525;0.259884;-0.343641;-14.5034
83.8712;-119.435;0.645644;0.259573;-0.321208;-13.9972
92.6967;-119.435;0.685306;0.255692;-0.298089;-13.454
101.522;-119.435;0.709538;0.249967;-0.273292;-12.8429
110.348;-119.435;0.653183;0.239815;-0.24158;-12.0839
119.173;-119.435;0.542803;0.220027;-0.210415;-11.2295
127.998;-119.435;0.434716;0.199452;-0.184001;-10.3825
136.824;-119.435;0.377765;0.176303;-0.156133;-9.54528
145.649;-119.435;0.460743;0.150204;-0.122582;-8.76064
154.475;-119.435;0.678014;0.121394;-0.0833783;-8.03976
163.3;-119.435;0.792124;0.092006;-0.0459678;-7.2119
172.126;-119.435;0.654691;0.0610152;-0.0188666;-6.16877
180.951;-119.435;0.479701;0.0367608;0.00140449;-5.06847
189.777;-119.435;0.558894;0.0115431;0.0137316;-4.17954
198.602;-119.435;0.733368;-0.00723915;0.0246947;-3.3774
207.428;-119.435;0.920447;-0.0255823;0.0298917;-2.54686
216.253;-119.435;0.98772;-0.0461056;0.032961;-1.59638
-189.718;-128.26;0.330104;0.0508933;-0.0115047;-2.67135
-180.892;-128.26;0.386365;0.0250108;-0.0331287;-3.61067
-172.067;-128.26;0.328753;-0.0110029;-0.0613107;-4.53874
-163.242;-128.26;0.347664;-0.0312086;-0.0809199;-5.40611
-154.416;-128.26;0.332685;-0.0488322;-0.102574;-6.24717
-145.591;-128.26;0.277052;-0.0600442;-0.120114;-7.03343
-136.765;-128.26;0.235904;-0.0617299;-0.134554;-7.83209
-127.94;-128.26;0.224616;-0.0547727;-0.148378;-8.59666
-119.114;-128.26;0.174165;-0.0561174;-0.176012;-9.35046
-110.289;-128.26;0.158062;-0.0625656;-0.206851;-10.0755
-101.463;-128.26;0.128957;-0.0703577;-0.235948;-10.763
-92.6379;-128.26;0.143242;-0.0764401;-0.268234;-11.4321
-83.8124;-128.26;0.173156;-0.0774741;-0.300117;-12.0725
-74.987;-128.26;0.17153;-0.0759786;-0.324229;-12.6481
-66.1615;-128.26;0.139145;-0.0748625;-0.342947;-13.1773
-57.3361;-128.26;0.142828;-0.0693733;-0.354143;-13.6879
-48.5106;-128.26;0.204011;-0.0573084;-0.354534;-14.1576
-39.6852;-128.26;0.181787;-0.0372355;-0.352728;-14.5261
-30.8597;-128.26;0.0809263;-0.0103168;-0.350416;-14.7394
-22.0342;-128.26;7.70001e-05;0.0207867;-0.345318;-14.8914
-13.2088;-128.26;0.0113734;0.0536922;-0.334873;-15.065
-4.38334;-128.26;0.106092;0.0868677;-0.323762;-15.2663
4.44212;-128.26;0.206621;0.117224;-0.324881;-15.3954
13.2676;-128.26;0.316959;0.139707;-0.329559;-15.439
22.093;-128.26;0.407715;0.160966;-0.341744;-15.4077
30.9185;-128.26;0.411597;0.177272;-0.353003;-15.2437
39.7439;-128.26;0.329664;0.190147;-0.357791;-14.9745
48.5694;-128.26;0.357268;0.204009;-0.35418;-14.7084
57.3948;-128.26;0.424296;0.218131;-0.346112;-14.4048
66.2203;-128.26;0.461311;0.228287;-0.335542;-14.0142
75.0458;-128.26;0.46609;0.231244;-0.319813;-13.5354
83.8712;-128.26;0.453032;0.2291;-0.301;-12.9925
92.6967;-128.26;0.43056;0.225768;-0.282864;-12.406
101.522;-128.26;0.442368;0.218439;-0.261231;-11.7878
110.348;-128.26;0.456589;0.205229;-0.228254;-11.0857
119.173;-128.26;0.425076;0.187765;-0.194687;-10.3306
127.998;-128.26;0.37355;0.169511;-0.16553;-9.57624
136.824;-128.26;0.401446;0.149298;-0.136278;-8.85191
145.649;-128.26;0.586621;0.123225;-0.102024;-8.16788
154.475;-128.26;0.682544;0.096644;-0.0618335;-7.35663
163.3;-128.26;0.591445;0.0591696;-0.033378;-6.32843
172.126;-128.26;0.334128;0.0295471;-0.00949239;-5.19169
180.951;-128.26;0.261674;0.00491002;0.0115202;-4.1931
189.777;-128.26;0.616094;-0.0258122;0.0317087;-3.54739
198.602;-128.26;1.02082;-0.0463582;0.0497229;-2.93568
207.428;-128.26;1.24325;-0.0594387;0.0508331;-2.18431
-189.718;-137.086;0.203984;0.0366115;-0.00376394;-2.05645
-180.892;-137.086;0.280538;0.0162391;-0.0272933;-2.96536
-172.067;-137.086;0.26984;-0.0131669;-0.0520428;-3.86299
-163.242;-137.086;0.271118;-0.034787;-0.0747048;-4.74149
-154.416;-137.086;0.204298;-0.0553243;-0.100945;-5.55987
-145.591;-137.086;0.113352;-0.0693268;-0.121111;-6.3093
-136.765;-137.086;0.0827192;-0.0727134;-0.137363;-7.10227
-127.94;-137.086;0.121488;-0.0629309;-0.151388;-7.87745
-119.114;-137.086;0.124285;-0.0547105;-0.177603;-8.62636
-110.289;-137.086;0.105864;-0.0567091;-0.208181;-9.32328
-101.463;-137.086;0.0537877;-0.0611023;-0.235972;-9.96886
-92.6379;-137.086;0.0451167;-0.0683906;-0.268295;-10.614
-83.8124;-137.086;0.100233;-0.0722766;-0.299118;-11.2592
-74.987;-137.086;0.141216;-0.0712422;-0.32151;-11.8378
-66.1615;-137.086;0.101795;-0.0686812;-0.339922;-12.3341
-57.3361;-137.086;0.0532972;-0.0651586;-0.354027;-12.8248
-48.5106;-137.086;0.127575;-0.0620783;-0.355378;-13.2891
-39.6852;-137.086;0.0286172;-0.0450435;-0.357926;-13.5739
-30.8597;-137.086;-0.273566;-0.0176221;-0.361468;-13.6013
-22.0342;-137.086;-0.482986;0.0131011;-0.358219;-13.6161
-13.2088;-137.086;-0.394958;0.0446204;-0.340268;-13.817
-4.38334;-137.086;-0.160259;0.0836951;-0.314145;-14.1869
4.44212;-137.086;0.0495547;0.113918;-0.306597;-14.3962
13.2676;-137.086;0.184371;0.131924;-0.315996;-14.4404
22.093;-137.086;0.269426;0.14863;-0.32999;-14.3894
30.9185;-137.086;0.29586;0.163541;-0.338351;-14.2359
39.7439;-137.086;0.265419;0.175164;-0.339552;-13.9929
48.5694;-137.086;0.251233;0.184839;-0.338146;-13.717
57.3948;-137.086;0.287707;0.195954;-0.334046;-13.4065
66.2203;-137.086;0.319391;0.202559;-0.321504;-13.0055
75.0458;-137.086;0.315743;0.20229;-0.303282;-12.5086
83.8712;-137.086;0.274836;0.198185;-0.285053;-11.9448
92.6967;-137.086;0.222079;0.195151;-0.269808;-11.3521
101.522;-137.086;0.240691;0.188169;-0.24874;-10.7614
110.348;-137.086;0.338931;0.174289;-0.214791;-10.1552
119.173;-137.086;0.416958;0.156551;-0.178667;-9.51171
127.998;-137.086;0.452396;0.138769;-0.145318;-8.84011
136.824;-137.086;0.513487;0.118774;-0.114616;-8.14706
145.649;-137.086;0.639541;0.0895769;-0.0892189;-7.41235
154.475;-137.086;0.513453;0.061247;-0.0628555;-6.43956
163.3;-137.086;0.229613;0.0279874;-0.0364637;-5.29497
172.126;-137.086;0.0130513;0.00344676;-0.00607812;-4.21875
180.951;-137.086;0.237327;-0.0250492;0.0202718;-3.47734
189.777;-137.086;0.937864;-0.0635313;0.0450696;-3.11129
198.602;-137.086;1.47691;-0.0870838;0.0611727;-2.5944
-189.718;-145.911;0.0902346;0.0214455;0.00392759;-1.40521
-180.892;-145.911;0.159943;0.00716317;-0.0198984;-2.29097
-172.067;-145.911;0.170509;-0.016513;-0.0431785;-3.16932
-163.242;-145.911;0.16695;-0.0348432;-0.0647367;-4.02608
-154.416;-145.911;0.100799;-0.0525888;-0.0917261;-4.82016
-145.591;-145.911;0.0122636;-0.0697928;-0.116135;-5.56233
-136.765;-145.911;-0.00793961;-0.0790044;-0.138127;-6.36142
-127.94;-145.911;0.0512452;-0.0711793;-0.154623;-7.14173
-119.114;-145.911;0.0829991;-0.0581876;-0.176497;-7.87102
-110.289;-145.911;0.0553347;-0.0555554;-0.202287;-8.53968
-101.463;-145.911;-0.0207305;-0.0576447;-0.230067;-9.15681
-92.6379;-145.911;-0.0390889;-0.0647622;-0.261377;-9.77885
-83.8124;-145.911;0.0526723;-0.0692604;-0.288225;-10.4205
-74.987;-145.911;0.128562;-0.0671262;-0.308363;-11.0011
-66.1615;-145.911;0.0630938;-0.0619667;-0.329616;-11.463
-57.3361;-145.911;-0.055923;-0.0583087;-0.352175;-11.8924
-48.5106;-145.911;-0.017129;-0.062743;-0.361043;-12.3011
-39.6852;-145.911;-0.243782;-0.0426775;-0.37322;-12.4536
-30.8597;-145.911;-0.854927;-0.0144871;-0.387042;-12.2752
-22.0342;-145.911;-1.39468;0.0192479;-0.390526;-12.1677
-13.2088;-145.911;-1.38932;0.0529142;-0.372618;-12.3615
-4.38334;-145.911;-0.794729;0.0802257;-0.338025;-12.821
4.44212;-145.911;-0.285505;0.107874;-0.318096;-13.2211
13.2676;-145.911;-0.087395;0.121561;-0.325178;-13.3255
22.093;-145.911;0.0158422;0.132392;-0.333084;-13.2777
30.9185;-145.911;0.0982888;0.143019;-0.333708;-13.1454
39.7439;-145.911;0.154099;0.152819;-0.330521;-12.9514
48.5694;-145.911;0.173692;0.163237;-0.329784;-12.71
57.3948;-145.911;0.203699;0.174692;-0.327793;-12.4033
66.2203;-145.911;0.23575;0.179953;-0.313795;-12.0059
75.0458;-145.911;0.245227;0.177305;-0.291978;-11.519
83.8712;-145.911;0.217334;0.171425;-0.270468;-10.9728
92.6967;-145.911;0.169748;0.167818;-0.253447;-10.4066
101.522;-145.911;0.201812;0.16011;-0.229985;-9.84535
110.348;-145.911;0.327222;0.145834;-0.197175;-9.2912
119.173;-145.911;0.437788;0.126892;-0.163782;-8.6859
127.998;-145.911;0.495;0.106766;-0.132001;-8.01566
136.824;-145.911;0.517462;0.0853983;-0.10274;-7.27586
145.649;-145.911;0.45876;0.0631046;-0.0794817;-6.42448
154.475;-145.911;0.306745;0.0330242;-0.0568221;-5.47151
163.3;-145.911;0.153618;-0.00355943;-0.033678;-4.4719
172.126;-145.911;0.179188;-0.0220165;0.00330631;-3.64376
180.951;-145.911;0.701274;-0.0542628;0.0320748;-3.1435
189.777;-145.911;1.50216;-0.0973505;0.0545082;-2.83011
198.602;-145.911;1.90135;-0.130134;0.0816391;-2.1176
-172.067;-154.736;0.107577;-0.0139969;-0.027622;-2.47497
-163.242;-154.736;0.0921211;-0.0295349;-0.0489398;-3.29899
-154.416;-154.736;0.0501219;-0.0382606;-0.0698053;-4.0635
-145.591;-154.736;0.00681184;-0.0569742;-0.0969064;-4.82245
-136.765;-154.736;0.000105508;-0.0731031;-0.125881;-5.62094
-127.94;-154.736;0.0375059;-0.072116;-0.147494;-6.38596
-119.114;-154.736;0.0555528;-0.0625427;-0.16501;-7.08448
-110.289;-154.736;0.0243773;-0.0600329;-0.185313;-7.73723
-101.463;-154.736;-0.0737166;-0.0601242;-0.213801;-8.33492
-92.6379;-154.736;-0.0981052;-0.0643871;-0.245302;-8.92769
-83.8124;-154.736;0.00812484;-0.0662558;-0.269278;-9.54963
-74.987;-154.736;0.0968296;-0.0625562;-0.28841;-10.1179
-66.1615;-154.736;0.0302963;-0.0578337;-0.313272;-10.5635
-57.3361;-154.736;-0.120442;-0.0571337;-0.342583;-10.9618
-48.5106;-154.736;-0.119171;-0.061824;-0.358436;-11.3377
-39.6852;-154.736;-0.359953;-0.0457445;-0.373368;-11.4662
-30.8597;-154.736;-0.962424;-0.0202484;-0.391744;-11.2649
-22.0342;-154.736;-1.5519;0.00765313;-0.400203;-11.1081
-13.2088;-154.736;-1.69009;0.0309675;-0.390688;-11.1995
-4.38334;-154.736;-1.19997;0.0512778;-0.369827;-11.5579
4.44212;-154.736;-0.431069;0.0874438;-0.357257;-12.0842
13.2676;-154.736;-0.166366;0.102641;-0.350318;-12.2627
22.093;-154.736;-0.0484312;0.110474;-0.342269;-12.2396
30.9185;-154.736;0.0507397;0.118526;-0.332275;-12.1221
39.7439;-154.736;0.133965;0.12784;-0.322386;-11.944
48.5694;-154.736;0.171547;0.137798;-0.315284;-11.6982
57.3948;-154.736;0.202988;0.14858;-0.310429;-11.3904
66.2203;-154.736;0.234152;0.152756;-0.293639;-11.0005
75.0458;-154.736;0.254001;0.150404;-0.270378;-10.5488
83.8712;-154.736;0.251398;0.146173;-0.247682;-10.0589
92.6967;-154.736;0.231654;0.141521;-0.227237;-9.53522
101.522;-154.736;0.278585;0.131992;-0.201093;-8.99324
110.348;-154.736;0.36806;0.119173;-0.17174;-8.4332
119.173;-154.736;0.400611;0.1043;-0.145534;-7.79373
127.998;-154.736;0.367562;0.0868937;-0.120612;-7.06698
136.824;-154.736;0.317721;0.0660384;-0.09526;-6.27745
145.649;-154.736;0.262879;0.0435196;-0.0719344;-5.44446
154.475;-154.736;0.299177;0.0133777;-0.0480274;-4.66911
163.3;-154.736;0.485259;-0.0149662;-0.0216394;-4.00785
172.126;-154.736;0.865376;-0.0337598;0.0104006;-3.49864
180.951;-154.736;1.47307;-0.0649291;0.037866;-3.09024
189.777;-154.736;1.94556;-0.113573;0.0712035;-2.43217
-163.242;-163.562;0.0790152;-0.0176606;-0.0282547;-2.56343
-154.416;-163.562;0.0396887;-0.0257148;-0.0494778;-3.31465
-145.591;-163.562;0.0390774;-0.0396762;-0.0715498;-4.08049
-136.765;-163.562;0.0553486;-0.0592261;-0.101394;-4.86365
-127.94;-163.562;0.0618817;-0.0645107;-0.125752;-5.59961
-119.114;-163.562;0.0588393;-0.0606162;-0.142146;-6.27271
-110.289;-163.562;0.0224944;-0.0629214;-0.161022;-6.91608
-101.463;-163.562;-0.0786302;-0.0616321;-0.189686;-7.50161
-92.6379;-163.562;-0.137846;-0.0623576;-0.223841;-8.06925
-83.8124;-163.562;-0.0604198;-0.0616457;-0.248483;-8.6527
-74.987;-163.562;0.0199828;-0.059144;-0.268101;-9.19478
-66.1615;-163.562;-0.0360208;-0.0581112;-0.293703;-9.63133
-57.3361;-163.562;-0.171488;-0.0591112;-0.324527;-10.0196
-48.5106;-163.562;-0.100055;-0.0621664;-0.340526;-10.4284
-39.6852;-163.562;-0.150417;-0.047048;-0.352632;-10.6934
-30.8597;-163.562;-0.515467;-0.0225215;-0.376172;-10.6856
-22.0342;-163.562;-0.914339;-0.0016631;-0.392893;-10.6024
-13.2088;-163.562;-1.04325;0.0135227;-0.390681;-10.6192
-4.38334;-163.562;-0.776274;0.0346983;-0.376687;-10.8327
4.44212;-163.562;-0.223521;0.0652653;-0.372594;-11.1911
13.2676;-163.562;-0.025849;0.0809945;-0.359707;-11.3351
22.093;-163.562;0.0597839;0.0876377;-0.339354;-11.295
30.9185;-163.562;0.127753;0.0930162;-0.318199;-11.1475
39.7439;-163.562;0.190742;0.101562;-0.299706;-10.9451
48.5694;-163.562;0.22681;0.110486;-0.282126;-10.6824
57.3948;-163.562;0.256232;0.117542;-0.271756;-10.3637
66.2203;-163.562;0.278704;0.12097;-0.254658;-9.98115
75.0458;-163.562;0.284006;0.120284;-0.233913;-9.55724
83.8712;-163.562;0.275785;0.11738;-0.212102;-9.10366
92.6967;-163.562;0.273613;0.112083;-0.189364;-8.61279
101.522;-163.562;0.31994;0.104312;-0.164368;-8.09313
110.348;-163.562;0.37263;0.0944676;-0.139682;-7.53106
119.173;-163.562;0.361049;0.0831442;-0.118774;-6.88622
127.998;-163.562;0.304855;0.0690944;-0.0986199;-6.16924
136.824;-163.562;0.268893;0.0524548;-0.0759974;-5.42436
145.649;-163.562;0.298098;0.03445;-0.051861;-4.69882
154.475;-163.562;0.516715;0.0132606;-0.0249868;-4.09155
163.3;-163.562;0.916972;-0.0102218;-0.000512392;-3.64989
172.126;-163.562;1.33577;-0.0349389;0.0234409;-3.19312
180.951;-163.562;1.76178;-0.0741213;0.0458121;-2.63712
189.777;-163.562;1.95386;-0.11489;0.0763421;-1.77103
-154.416;-172.387;0.0388049;-0.018495;-0.0321719;-2.56488
-145.591;-172.387;0.0260543;-0.0372413;-0.0571247;-3.3087
-136.765;-172.387;0.0415776;-0.0533855;-0.0835802;-4.06641
-127.94;-172.387;0.0330074;-0.05911;-0.107034;-4.76527
-119.114;-172.387;0.0175696;-0.0581246;-0.12419;-5.4126
-110.289;-172.387;-0.00561309;-0.0588045;-0.143656;-6.0605
-101.463;-172.387;-0.0843776;-0.0544491;-0.172392;-6.65465
-92.6379;-172.387;-0.143441;-0.0537729;-0.20199;-7.19989
-83.8124;-172.387;-0.105427;-0.0567363;-0.224343;-7.72541
-74.987;-172.387;-0.0493649;-0.0590509;-0.244273;-8.23965
-66.1615;-172.387;-0.0909403;-0.060068;-0.267131;-8.66658
-57.3361;-172.387;-0.219694;-0.0595458;-0.294737;-9.03462
-48.5106;-172.387;-0.171459;-0.0560993;-0.311101;-9.43419
-39.6852;-172.387;-0.0325098;-0.0440322;-0.321418;-9.8126
-30.8597;-172.387;-0.102992;-0.0270845;-0.343017;-9.99541
-22.0342;-172.387;-0.230359;-0.0119914;-0.360998;-10.0709
-13.2088;-172.387;-0.213068;0.00487265;-0.360948;-10.1667
-4.38334;-172.387;-0.0162933;0.0337196;-0.345294;-10.3677
4.44212;-172.387;0.151005;0.0537522;-0.339624;-10.4949
13.2676;-172.387;0.216118;0.0622871;-0.33125;-10.4963
22.093;-172.387;0.217099;0.0670971;-0.310511;-10.3727
30.9185;-172.387;0.209244;0.0716436;-0.2841;-10.1569
39.7439;-172.387;0.228127;0.0796563;-0.260474;-9.91457
48.5694;-172.387;0.27108;0.0863234;-0.237825;-9.65279
57.3948;-172.387;0.289386;0.0918018;-0.223851;-9.34201
66.2203;-172.387;0.29263;0.0957536;-0.208798;-8.97112
75.0458;-172.387;0.290331;0.0958707;-0.191176;-8.55842
83.8712;-172.387;0.285531;0.0936432;-0.170962;-8.12187
92.6967;-172.387;0.287534;0.0885122;-0.149769;-7.6549
101.522;-172.387;0.323684;0.0799092;-0.124865;-7.14978
110.348;-172.387;0.381566;0.0691119;-0.100168;-6.60935
119.173;-172.387;0.392195;0.0590607;-0.0803637;-6.00953
127.998;-172.387;0.374335;0.0496073;-0.0647835;-5.3645
136.824;-172.387;0.389772;0.0390336;-0.0483383;-4.71186
145.649;-172.387;0.505516;0.0237174;-0.0287261;-4.10095
154.475;-172.387;0.793738;0.00486043;-0.00682138;-3.59488
163.3;-172.387;1.10018;-0.0146736;0.015527;-3.09324
172.126;-172.387;1.40239;-0.0460943;0.0297321;-2.5339
-145.591;-181.213;-0.00809266;-0.0353261;-0.0443744;-2.51184
-136.765;-181.213;-0.0514037;-0.0504123;-0.066262;-3.20585
-127.94;-181.213;-0.0842678;-0.0589279;-0.0906634;-3.88318
-119.114;-181.213;-0.122212;-0.060011;-0.109029;-4.49933
-110.289;-181.213;-0.135257;-0.0584835;-0.127749;-5.13406
-101.463;-181.213;-0.197982;-0.0477036;-0.151158;-5.70823
-92.6379;-181.213;-0.265882;-0.0455487;-0.175482;-6.22195
-83.8124;-181.213;-0.245224;-0.0495733;-0.193806;-6.71403
-74.987;-181.213;-0.163419;-0.0546324;-0.2123;-7.23131
-66.1615;-181.213;-0.145048;-0.0574673;-0.231264;-7.67124
-57.3361;-181.213;-0.242558;-0.0559936;-0.253303;-8.02027
-48.5106;-181.213;-0.233608;-0.0488004;-0.268576;-8.38065
-39.6852;-181.213;-0.0604836;-0.0387386;-0.278354;-8.77596
-30.8597;-181.213;0.0214196;-0.0279556;-0.292271;-9.04603
-22.0342;-181.213;0.0527812;-0.0167244;-0.303788;-9.22591
-13.2088;-181.213;0.165789;0.000396353;-0.302953;-9.39258
-4.38334;-181.213;0.36934;0.0250775;-0.291343;-9.56509
4.44212;-181.213;0.385145;0.0389815;-0.290544;-9.60518
13.2676;-181.213;0.370838;0.0431484;-0.282694;-9.54468
22.093;-181.213;0.30413;0.049379;-0.262718;-9.36917
30.9185;-181.213;0.226294;0.0560575;-0.238716;-9.10525
39.7439;-181.213;0.197626;0.0635854;-0.21597;-8.83117
48.5694;-181.213;0.240356;0.0693987;-0.195757;-8.57511
57.3948;-181.213;0.254808;0.0745328;-0.180179;-8.28013
66.2203;-181.213;0.256062;0.0766534;-0.165234;-7.92782
75.0458;-181.213;0.266766;0.0753867;-0.147977;-7.53275
83.8712;-181.213;0.278821;0.0745491;-0.129678;-7.12146
92.6967;-181.213;0.283494;0.0728738;-0.114674;-6.68198
101.522;-181.213;0.291821;0.0669935;-0.0971515;-6.18801
110.348;-181.213;0.330293;0.0555731;-0.0762624;-5.66088
119.173;-181.213;0.366243;0.0440209;-0.0571614;-5.10671
127.998;-181.213;0.402605;0.034655;-0.0433706;-4.53359
136.824;-181.213;0.472044;0.0236262;-0.0298435;-3.95157
145.649;-181.213;0.632686;0.00756345;-0.0156175;-3.4048
154.475;-181.213;0.838849;-0.011078;-0.00169555;-2.85866
163.3;-181.213;1.02199;-0.0324143;0.0161373;-2.27338
-136.765;-190.038;-0.103805;-0.0414955;-0.041724;-2.32528
-127.94;-190.038;-0.133638;-0.0505999;-0.0588994;-2.9672
-119.114;-190.038;-0.178201;-0.0552664;-0.0759637;-3.57216
-110.289;-190.038;-0.214024;-0.054257;-0.0956061;-4.17816
-101.463;-190.038;-0.312312;-0.0414366;-0.116528;-4.70195
-92.6379;-190.038;-0.439364;-0.0397921;-0.140063;-5.1597
-83.8124;-190.038;-0.429465;-0.0428479;-0.156708;-5.6401
-74.987;-190.038;-0.299572;-0.0461996;-0.171674;-6.17146
-66.1615;-190.038;-0.195734;-0.0483474;-0.187616;-6.65052
-57.3361;-190.038;-0.215419;-0.0479743;-0.205961;-7.01836
-48.5106;-190.038;-0.205376;-0.0422122;-0.218783;-7.34873
-39.6852;-190.038;-0.113741;-0.0339931;-0.226607;-7.67615
-30.8597;-190.038;-0.0345143;-0.0246302;-0.234245;-7.9424
-22.0342;-190.038;0.0503374;-0.0132467;-0.241467;-8.16078
-13.2088;-190.038;0.176067;0.00522445;-0.245904;-8.35619
-4.38334;-190.038;0.309871;0.0244834;-0.242996;-8.47213
4.44212;-190.038;0.307591;0.0301669;-0.239393;-8.45959
13.2676;-190.038;0.229242;0.0300723;-0.232654;-8.35373
22.093;-190.038;0.152682;0.0353468;-0.216291;-8.1673
30.9185;-190.038;0.0879796;0.0426069;-0.198497;-7.93223
39.7439;-190.038;0.0704734;0.0489557;-0.180521;-7.68542
48.5694;-190.038;0.11659;0.054362;-0.162454;-7.44723
57.3948;-190.038;0.141382;0.0586297;-0.145668;-7.16898
66.2203;-190.038;0.164629;0.058868;-0.128309;-6.84243
75.0458;-190.038;0.204904;0.056869;-0.108739;-6.47679
83.8712;-190.038;0.240165;0.0570357;-0.0914592;-6.0952
92.6967;-190.038;0.253287;0.0579084;-0.0828838;-5.68365
101.522;-190.038;0.253803;0.054254;-0.0733618;-5.21004
110.348;-190.038;0.275318;0.0458479;-0.0617683;-4.70482
119.173;-190.038;0.309181;0.0361516;-0.0499786;-4.18415
127.998;-190.038;0.359393;0.0259908;-0.0392746;-3.64791
136.824;-190.038;0.437583;0.0146937;-0.028228;-3.08958
145.649;-190.038;0.568834;-0.00318499;-0.0126171;-2.53217
154.475;-190.038;0.689671;-0.0235146;0.00490509;-1.9325
-119.114;-198.864;-0.191407;-0.0436355;-0.0401568;-2.6507
-110.289;-198.864;-0.206851;-0.0425803;-0.0569263;-3.21212
-101.463;-198.864;-0.336376;-0.0332129;-0.0808629;-3.72337
-92.6379;-198.864;-0.530313;-0.0344035;-0.108123;-4.15773
-83.8124;-198.864;-0.529665;-0.0364612;-0.12373;-4.6521
-74.987;-198.864;-0.387191;-0.035875;-0.133376;-5.17181
-66.1615;-198.864;-0.234938;-0.0358428;-0.144326;-5.64742
-57.3361;-198.864;-0.167748;-0.0381187;-0.15885;-6.03009
-48.5106;-198.864;-0.157837;-0.0347715;-0.171786;-6.34325
-39.6852;-198.864;-0.123925;-0.0292124;-0.181049;-6.61534
-30.8597;-198.864;-0.0933697;-0.0245092;-0.191844;-6.85282
-22.0342;-198.864;-0.0311365;-0.0165984;-0.202062;-7.05577
-13.2088;-198.864;0.0687303;-0.000838747;-0.209569;-7.22505
-4.38334;-198.864;0.155685;0.0137946;-0.206231;-7.29105
4.44212;-198.864;0.141318;0.0173119;-0.199384;-7.25038
13.2676;-198.864;0.0949395;0.0153843;-0.18996;-7.1416
22.093;-198.864;0.0464379;0.0206175;-0.176827;-6.97844
30.9185;-198.864;-0.0056406;0.0274705;-0.164385;-6.77271
39.7439;-198.864;-0.0278897;0.0314765;-0.149835;-6.54336
48.5694;-198.864;0.0024192;0.0348018;-0.133151;-6.31456
57.3948;-198.864;0.0397654;0.0388559;-0.114291;-6.05384
66.2203;-198.864;0.0877512;0.0396018;-0.0935461;-5.75706
75.0458;-198.864;0.148636;0.0376251;-0.0710812;-5.42213
83.8712;-198.864;0.197641;0.036827;-0.054101;-5.06362
92.6967;-198.864;0.223242;0.0372936;-0.0498535;-4.67428
101.522;-198.864;0.2423;0.03621;-0.0474731;-4.23883
110.348;-198.864;0.271712;0.0323843;-0.042903;-3.76735
119.173;-198.864;0.296587;0.0259931;-0.0370665;-3.25634
127.998;-198.864;0.320497;0.0162478;-0.0325426;-2.72299
136.824;-198.864;0.36691;0.00365797;-0.024372;-2.17449
145.649;-198.864;0.459212;-0.0143494;-0.00475832;-1.60289
-119.114;-207.689;-0.270276;-0.0318105;-0.0147126;-1.72473
-110.289;-207.689;-0.239609;-0.0294834;-0.0323041;-2.27239
-101.463;-207.689;-0.329051;-0.0247216;-0.0576122;-2.77334
-92.6379;-207.689;-0.481461;-0.0299079;-0.0828891;-3.22433
-83.8124;-207.689;-0.458641;-0.0329695;-0.0929656;-3.70788
-74.987;-207.689;-0.369574;-0.0313568;-0.0993183;-4.19028
-66.1615;-207.689;-0.272917;-0.0307012;-0.110938;-4.61659
-57.3361;-207.689;-0.212231;-0.0324195;-0.123212;-4.97172
-48.5106;-207.689;-0.190162;-0.0326043;-0.137465;-5.27457
-39.6852;-207.689;-0.18102;-0.028656;-0.149231;-5.52045
-30.8597;-207.689;-0.15931;-0.025412;-0.161213;-5.72892
-22.0342;-207.689;-0.115259;-0.0214035;-0.173565;-5.90556
-13.2088;-207.689;-0.0509133;-0.0122368;-0.184778;-6.04802
-4.38334;-207.689;0.00354622;-0.00234022;-0.186052;-6.1074
4.44212;-207.689;0.00477394;0.00123041;-0.178989;-6.07142
13.2676;-207.689;-0.00385704;5.62092e-05;-0.166996;-5.98078
22.093;-207.689;-0.0242656;0.00660225;-0.151442;-5.83811
30.9185;-207.689;-0.0591217;0.0121566;-0.135283;-5.64968
39.7439;-207.689;-0.0774599;0.0142287;-0.117349;-5.44275
48.5694;-207.689;-0.0515214;0.0152523;-0.098479;-5.23271
57.3948;-207.689;0.00848603;0.0181895;-0.0770192;-4.99649
66.2203;-207.689;0.0832326;0.0194594;-0.0542102;-4.72791
75.0458;-207.689;0.150646;0.0169195;-0.0304596;-4.41422
83.8712;-207.689;0.20666;0.0144793;-0.0142434;-4.07662
92.6967;-207.689;0.258251;0.0151954;-0.0115992;-3.71571
101.522;-207.689;0.298289;0.0166661;-0.0141644;-3.32642
110.348;-207.689;0.331689;0.0161949;-0.0170005;-2.86818
119.173;-207.689;0.342435;0.00986027;-0.0166108;-2.36196
127.998;-207.689;0.342419;0.000308416;-0.0152254;-1.82755
136.824;-207.689;0.345072;-0.0106374;-0.00866439;-1.27784
-83.8124;-216.515;-0.425025;-0.031344;-0.0656002;-2.74972
-74.987;-216.515;-0.342981;-0.0314389;-0.071655;-3.17795
-66.1615;-216.515;-0.297231;-0.0304214;-0.083492;-3.57052
-57.3361;-216.515;-0.273867;-0.031382;-0.0943254;-3.8972
-48.5106;-216.515;-0.270014;-0.0309682;-0.107544;-4.18255
-39.6852;-216.515;-0.248733;-0.0277571;-0.120561;-4.41555
-30.8597;-216.515;-0.207467;-0.0239299;-0.134244;-4.6059
-22.0342;-216.515;-0.160369;-0.0217236;-0.148136;-4.76348
-13.2088;-216.515;-0.115424;-0.0181958;-0.16123;-4.88025
-4.38334;-216.515;-0.0866525;-0.0134681;-0.167418;-4.93618
4.44212;-216.515;-0.0859569;-0.0106052;-0.164383;-4.92364
13.2676;-216.515;-0.084967;-0.0116419;-0.152416;-4.8586
22.093;-216.515;-0.101814;-0.00619295;-0.129577;-4.71563
30.9185;-216.515;-0.121603;-0.00384913;-0.103903;-4.53131
39.7439;-216.515;-0.108677;-0.00480535;-0.0790509;-4.35251
48.5694;-216.515;-0.0414697;-0.00533689;-0.0550594;-4.18912
57.3948;-216.515;0.0683996;-0.0019093;-0.0301243;-4.01026
66.2203;-216.515;0.166545;0.000931841;-0.00825252;-3.78804
75.0458;-216.515;0.239702;-0.000610734;0.0128328;-3.49093
83.8712;-216.515;0.320798;-0.0020597;0.0280023;-3.19703
92.6967;-216.515;0.405518;-0.000827129;0.0267866;-2.86655
101.522;-216.515;0.466776;-0.00347282;0.0174811;-2.48392
110.348;-216.515;0.457416;-0.00536308;0.00627889;-2.00771
-83.8124;-225.34;-0.409622;-0.0274097;-0.0346257;-1.74438
-74.987;-225.34;-0.322957;-0.0306136;-0.0445145;-2.16278
-66.1615;-225.34;-0.290027;-0.0316896;-0.0572797;-2.52945
-57.3361;-225.34;-0.289719;-0.0316308;-0.0663185;-2.83431
-48.5106;-225.34;-0.302424;-0.0301379;-0.0747777;-3.09853
-39.6852;-225.34;-0.267676;-0.0275831;-0.0871657;-3.32864
-30.8597;-225.34;-0.210982;-0.0244001;-0.102878;-3.52573
-22.0342;-225.34;-0.170459;-0.0210001;-0.119429;-3.67211
-13.2088;-225.34;-0.146156;-0.0176853;-0.131715;-3.76809
-4.38334;-225.34;-0.140338;-0.0149752;-0.137151;-3.81289
4.44212;-225.34;-0.157586;-0.0143996;-0.136661;-3.80209
13.2676;-225.34;-0.18259;-0.0179546;-0.12739;-3.73476
22.093;-225.34;-0.20455;-0.0176852;-0.0981142;-3.58522
30.9185;-225.34;-0.193569;-0.0179593;-0.0661067;-3.43231
39.7439;-225.34;-0.0969596;-0.0194111;-0.0366047;-3.31596
48.5694;-225.34;0.0284013;-0.0182816;-0.00862423;-3.21469
57.3948;-225.34;0.197788;-0.0146824;0.0178779;-3.0916
66.2203;-225.34;0.277118;-0.00988596;0.0345105;-2.91838
75.0458;-225.34;0.335775;-0.00995222;0.0484816;-2.62759
83.8712;-225.34;0.402585;-0.0115829;0.0473267;-2.29493
92.6967;-225.34;0.42696;-0.0101578;0.0425694;-1.92932
-39.6852;-234.166;-0.239044;-0.0271574;-0.0505695;-2.27703
-30.8597;-234.166;-0.18196;-0.0268578;-0.069481;-2.48111
-22.0342;-234.166;-0.162428;-0.0226819;-0.0871883;-2.61813
-13.2088;-234.166;-0.163149;-0.0180077;-0.0962646;-2.68654
-4.38334;-234.166;-0.180063;-0.014541;-0.0988126;-2.70913
4.44212;-234.166;-0.217999;-0.0154259;-0.0962861;-2.6802
13.2676;-234.166;-0.287226;-0.0216485;-0.0874421;-2.5878
22.093;-234.166;-0.260081;-0.0265122;-0.0584042;-2.49001
30.9185;-234.166;-0.127673;-0.0277963;-0.0283237;-2.46138
39.7439;-234.166;0.112247;-0.0277505;-0.000403656;-2.43757
48.5694;-234.166;0.272323;-0.0254931;0.0207154;-2.33788
57.3948;-234.166;0.257318;-0.0192344;0.0334795;-2.11521
66.2203;-234.166;0.114577;-0.0138058;0.0295326;-1.82435
75.0458;-234.166;-0.0343728;-0.0160813;0.0255462;-1.44578
-4.38334;-242.991;-0.169057;-0.0140878;-0.0555455;-1.66934
4.44212;-242.991;-0.202343;-0.013361;-0.0550959;-1.65501
13.2676;-242.991;-0.250817;-0.0195834;-0.0472928;-1.59506
22.093;-242.991;-0.0625753;-0.0269896;-0.0237717;-1.62611
30.9185;-242.991;0.271728;-0.0294355;0.00419226;-1.71364
