x[mm];y[mm];z[mm];x-displacement[mm];y-displacement[mm];z-displacement[mm]
-4.38334;224.758;0.115697;-0.0359303;0.0449458;-2.20726
4.44212;224.758;0.0164864;-0.0303922;0.046615;-2.21118
13.2676;224.758;-0.0263853;-0.0209127;0.042713;-2.17741
22.093;224.758;-0.0573264;-0.0174976;0.0322453;-2.09221
-39.6852;215.933;-0.0236217;-0.0386184;0.0650747;-2.52058
-30.8597;215.933;-0.110706;-0.0365738;0.0721897;-2.66713
-22.0342;215.933;-0.217603;-0.033595;0.0674447;-2.74076
-13.2088;215.933;-0.282745;-0.0244072;0.0640602;-2.85961
-4.38334;215.933;-0.258786;-0.0260307;0.0693338;-2.99355
4.44212;215.933;-0.243161;-0.0233368;0.0767399;-3.07881
13.2676;215.933;-0.236875;-0.016074;0.0788314;-3.07772
22.093;215.933;-0.216982;-0.0128499;0.0721799;-3.02495
30.9185;215.933;-0.190114;-0.0112037;0.0665023;-2.95518
39.7439;215.933;-0.184509;-0.00973283;0.0579437;-2.84455
48.5694;215.933;-0.226374;-0.0082389;0.0462966;-2.67815
57.3948;215.933;-0.282106;-0.00770991;0.0337802;-2.45258
66.2203;215.933;-0.344594;-0.00942164;0.0313249;-2.19363
75.0458;215.933;-0.390934;-0.0122397;0.028453;-1.9071
-74.987;207.107;0.310109;-0.0652288;0.0499692;-2.43527
-66.1615;207.107;0.220077;-0.0572638;0.0614579;-2.75424
-57.3361;207.107;0.0527837;-0.0502148;0.0739142;-3.01114
-48.5106;207.107;-0.00835472;-0.0494061;0.0864291;-3.29671
-39.6852;207.107;-0.0847791;-0.0457852;0.0956414;-3.50671
-30.8597;207.107;-0.343077;-0.0396718;0.108147;-3.55307
-22.0342;207.107;-0.616261;-0.0328054;0.106453;-3.50693
-13.2088;207.107;-0.691359;-0.0227566;0.0975293;-3.58692
-4.38334;207.107;-0.578334;-0.0187279;0.0918082;-3.75386
4.44212;207.107;-0.485139;-0.0143595;0.100863;-3.90476
13.2676;207.107;-0.40193;-0.00834741;0.107449;-3.97584
22.093;207.107;-0.315914;-0.00595956;0.103922;-3.98204
30.9185;207.107;-0.244018;-0.00330674;0.0958049;-3.94245
39.7439;207.107;-0.213265;0.00123458;0.0828582;-3.84226
48.5694;207.107;-0.231486;0.00443391;0.0676609;-3.67874
57.3948;207.107;-0.284992;0.00554511;0.0569772;-3.44443
66.2203;207.107;-0.341313;0.00565962;0.0558215;-3.18102
75.0458;207.107;-0.380589;0.0037335;0.0541346;-2.88627
83.8712;207.107;-0.390712;-0.000567085;0.0440333;-2.55938
92.6967;207.107;-0.374898;-0.00488357;0.0241879;-2.1927
-110.289;198.282;0.583516;-0.0436634;0.00363881;-1.61685
-101.463;198.282;0.489507;-0.0585562;0.0303434;-2.11227
-92.6379;198.282;0.390211;-0.0739432;0.0515463;-2.5967
-83.8124;198.282;0.339983;-0.080084;0.0621483;-3.04568
-74.987;198.282;0.263229;-0.0735132;0.070683;-3.45727
-66.1615;198.282;0.117529;-0.059727;0.0790176;-3.76703
-57.3361;198.282;-0.0883866;-0.0491466;0.0949949;-4.00836
-48.5106;198.282;-0.117861;-0.0498503;0.10539;-4.2758
-39.6852;198.282;-0.151734;-0.0464772;0.111422;-4.5016
-30.8597;198.282;-0.371237;-0.0390592;0.124819;-4.57195
-22.0342;198.282;-0.571981;-0.0331947;0.125102;-4.56009
-13.2088;198.282;-0.599976;-0.0246598;0.115305;-4.64297
-4.38334;198.282;-0.463282;-0.0192811;0.105533;-4.80185
4.44212;198.282;-0.364679;-0.0139583;0.113546;-4.95178
13.2676;198.282;-0.290782;-0.00700369;0.123479;-5.0358
22.093;198.282;-0.237665;-0.00131705;0.122663;-5.04035
30.9185;198.282;-0.20546;0.00415928;0.113629;-4.9777
39.7439;198.282;-0.194017;0.00963249;0.0997518;-4.85942
48.5694;198.282;-0.199538;0.0130088;0.0865625;-4.69543
57.3948;198.282;-0.240019;0.0147866;0.0781059;-4.4672
66.2203;198.282;-0.284398;0.0175083;0.0774826;-4.20508
75.0458;198.282;-0.313877;0.0179031;0.0732854;-3.90092
83.8712;198.282;-0.315215;0.0149109;0.0626382;-3.55442
92.6967;198.282;-0.30735;0.00954532;0.0466305;-3.1733
101.522;198.282;-0.292857;0.00272918;0.033936;-2.76667
110.348;198.282;-0.266497;-0.00612035;0.0196308;-2.33462
-101.463;189.456;0.583998;-0.082638;0.0490579;-3.10806
-92.6379;189.456;0.499634;-0.0940193;0.0645313;-3.60565
-83.8124;189.456;0.376132;-0.0960237;0.0782687;-4.04106
-74.987;189.456;0.209713;-0.0841744;0.0885617;-4.40869
-66.1615;189.456;0.0105991;-0.0629997;0.100623;-4.73238
-57.3361;189.456;-0.165576;-0.0484209;0.106086;-4.94703
-48.5106;189.456;-0.22232;-0.0468017;0.113176;-5.18913
-39.6852;189.456;-0.204346;-0.0434957;0.115783;-5.47285
-30.8597;189.456;-0.258025;-0.0365259;0.126864;-5.69016
-22.0342;189.456;-0.310302;-0.0286972;0.129323;-5.81736
-13.2088;189.456;-0.287012;-0.0197068;0.122903;-5.93817
-4.38334;189.456;-0.184105;-0.0137037;0.115538;-6.068
4.44212;189.456;-0.130452;-0.00901771;0.122351;-6.16623
13.2676;189.456;-0.107682;-0.00330683;0.131971;-6.1932
22.093;189.456;-0.107904;0.00362563;0.133269;-6.14775
30.9185;189.456;-0.11755;0.0104168;0.12559;-6.0457
39.7439;189.456;-0.125036;0.0155292;0.113059;-5.90359
48.5694;189.456;-0.12687;0.018153;0.102529;-5.72927
57.3948;189.456;-0.15668;0.0209687;0.0965264;-5.50008
66.2203;189.456;-0.192424;0.025299;0.0938953;-5.23168
75.0458;189.456;-0.217161;0.0276922;0.0871036;-4.9172
83.8712;189.456;-0.224744;0.0265918;0.0751123;-4.55852
92.6967;189.456;-0.224059;0.0221494;0.0613129;-4.16129
101.522;189.456;-0.222112;0.0153167;0.0494798;-3.7331
110.348;189.456;-0.204009;0.00750784;0.0359973;-3.26842
119.173;189.456;-0.165647;-0.00226911;0.0189644;-2.79275
127.998;189.456;-0.110056;-0.0140153;0.00138528;-2.29105
136.824;189.456;-0.089791;-0.0286419;-0.019838;-1.72628
-127.94;180.631;0.74136;-0.0697348;0.00227826;-2.30926
-119.114;180.631;0.686113;-0.0822706;0.0227525;-2.88351
-110.289;180.631;0.664279;-0.0962216;0.0441248;-3.46341
-101.463;180.631;0.664402;-0.109003;0.0586651;-4.00595
-92.6379;180.631;0.523733;-0.116216;0.0806713;-4.47803
-83.8124;180.631;0.277093;-0.115711;0.104829;-4.8415
-74.987;180.631;0.0972331;-0.10039;0.119508;-5.23937
-66.1615;180.631;0.0192403;-0.0728109;0.119619;-5.68862
-57.3361;180.631;-0.0384827;-0.0518618;0.109748;-5.98501
-48.5106;180.631;-0.169323;-0.0445289;0.117306;-6.21654
-39.6852;180.631;-0.144168;-0.0439392;0.119922;-6.48292
-30.8597;180.631;-0.0963;-0.0406598;0.126882;-6.75823
-22.0342;180.631;-0.0527723;-0.0338851;0.129716;-6.95934
-13.2088;180.631;-0.0100783;-0.024679;0.128008;-7.10506
-4.38334;180.631;0.0303358;-0.0172254;0.126102;-7.20892
4.44212;180.631;0.0252143;-0.0123622;0.131968;-7.25972
13.2676;180.631;0.00450403;-0.00528731;0.140226;-7.25349
22.093;180.631;-0.018546;0.00369811;0.142705;-7.19169
30.9185;180.631;-0.0338622;0.0121768;0.137809;-7.0836
39.7439;180.631;-0.0388275;0.0181198;0.127959;-6.93618
48.5694;180.631;-0.0408076;0.0210656;0.11838;-6.74955
57.3948;180.631;-0.0684124;0.0243398;0.11258;-6.51096
66.2203;180.631;-0.0989539;0.0288084;0.107475;-6.23348
75.0458;180.631;-0.11699;0.0323473;0.0993803;-5.91277
83.8712;180.631;-0.123474;0.0337466;0.0890713;-5.54628
92.6967;180.631;-0.135698;0.0325945;0.0790816;-5.13278
101.522;180.631;-0.159817;0.0280265;0.0694611;-4.67611
110.348;180.631;-0.164297;0.0187398;0.0543031;-4.1835
119.173;180.631;-0.142405;0.0077621;0.0356796;-3.67194
127.998;180.631;-0.0925073;-0.00259457;0.0163247;-3.1486
136.824;180.631;-0.0336097;-0.0143905;-0.000770709;-2.61987
145.649;180.631;-0.0379364;-0.0260735;-0.0242095;-2.0005
154.475;180.631;-0.0880527;-0.0448423;-0.0509809;-1.28175
-136.765;171.805;0.823981;-0.0803455;0.00482742;-2.53955
-127.94;171.805;0.752558;-0.0899913;0.0225586;-3.14021
-119.114;171.805;0.659385;-0.103331;0.0454407;-3.73665
-110.289;171.805;0.605675;-0.118342;0.0665469;-4.3286
-101.463;171.805;0.586648;-0.129502;0.0795863;-4.87105
-92.6379;171.805;0.353907;-0.134546;0.108209;-5.29736
-83.8124;171.805;0.0423124;-0.134487;0.144682;-5.66231
-74.987;171.805;0.0235992;-0.11952;0.154315;-6.13371
-66.1615;171.805;0.190632;-0.0902514;0.134222;-6.69246
-57.3361;171.805;0.257199;-0.0652932;0.112649;-7.08092
-48.5106;171.805;0.104918;-0.0544474;0.120934;-7.31906
-39.6852;171.805;0.0433318;-0.0498821;0.133316;-7.54774
-30.8597;171.805;0.0524267;-0.0457755;0.144353;-7.79798
-22.0342;171.805;0.0785416;-0.038896;0.148544;-7.99024
-13.2088;171.805;0.0910024;-0.0291021;0.148667;-8.11958
-4.38334;171.805;0.078394;-0.0192229;0.148984;-8.1954
4.44212;171.805;0.0379231;-0.0118688;0.152136;-8.22077
13.2676;171.805;0.0116114;-0.00437181;0.158252;-8.21088
22.093;171.805;0.000758321;0.0051069;0.161871;-8.16527
30.9185;171.805;0.00878433;0.0150236;0.159614;-8.08011
39.7439;171.805;0.025114;0.0233902;0.151477;-7.94692
48.5694;171.805;0.0270535;0.0288645;0.141162;-7.75559
57.3948;171.805;0.00249064;0.0334688;0.134187;-7.51108
66.2203;171.805;-0.0158436;0.0380974;0.127387;-7.23062
75.0458;171.805;-0.019499;0.0417151;0.117722;-6.90463
83.8712;171.805;-0.0225791;0.0438535;0.107351;-6.52473
92.6967;171.805;-0.0516835;0.0446083;0.100412;-6.08863
101.522;171.805;-0.107861;0.0425791;0.0933599;-5.60554
110.348;171.805;-0.127719;0.0346868;0.0757521;-5.0916
119.173;171.805;-0.118421;0.0248026;0.0540709;-4.55433
127.998;171.805;-0.0956692;0.0143987;0.033798;-3.99426
136.824;171.805;-0.0720438;0.0046133;0.0171283;-3.42144
145.649;171.805;-0.000470801;-0.0101943;-0.00262219;-2.84141
154.475;171.805;-0.0605814;-0.0238611;-0.0230972;-2.15392
163.3;171.805;-0.197614;-0.0475851;-0.0397342;-1.40759
-145.591;162.98;0.837597;-0.0875602;0.00865691;-2.67266
-136.765;162.98;0.816915;-0.0992125;0.0249576;-3.32759
-127.94;162.98;0.763065;-0.107619;0.043526;-3.96681
-119.114;162.98;0.671533;-0.118417;0.0635524;-4.56357
-110.289;162.98;0.60992;-0.129835;0.0806631;-5.15398
-101.463;162.98;0.578392;-0.137908;0.089241;-5.69215
-92.6379;162.98;0.369591;-0.142272;0.114379;-6.15794
-83.8124;162.98;0.145807;-0.142316;0.145001;-6.58442
-74.987;162.98;0.285139;-0.12682;0.147881;-7.12405
-66.1615;162.98;0.504146;-0.0976063;0.122954;-7.68564
-57.3361;162.98;0.49011;-0.0707925;0.107353;-8.09767
-48.5106;162.98;0.316794;-0.060105;0.122758;-8.34169
-39.6852;162.98;0.244764;-0.0540903;0.142289;-8.56518
-30.8597;162.98;0.227106;-0.0487673;0.159293;-8.79176
-22.0342;162.98;0.207122;-0.0411724;0.169032;-8.96757
-13.2088;162.98;0.171305;-0.0304574;0.172992;-9.08194
-4.38334;162.98;0.1276;-0.0182435;0.174883;-9.14408
4.44212;162.98;0.0853959;-0.00810912;0.176576;-9.16822
13.2676;162.98;0.0692868;0.000487921;0.180327;-9.16509
22.093;162.98;0.0652888;0.0101698;0.184256;-9.12792
30.9185;162.98;0.0765865;0.0204956;0.184406;-9.05482
39.7439;162.98;0.0964684;0.0305431;0.178417;-8.93622
48.5694;162.98;0.107276;0.0380609;0.168816;-8.75003
57.3948;162.98;0.0852653;0.0441033;0.160742;-8.49777
66.2203;162.98;0.0618384;0.0495969;0.151854;-8.20192
75.0458;162.98;0.0532975;0.0540078;0.139958;-7.86016
83.8712;162.98;0.0460011;0.0567256;0.127796;-7.46439
92.6967;162.98;0.0134802;0.0575147;0.120526;-7.0115
101.522;162.98;-0.0480878;0.0559218;0.114537;-6.51675
110.348;162.98;-0.0498414;0.050155;0.0950129;-6.00967
119.173;162.98;-0.0175978;0.0421317;0.0699016;-5.47421
127.998;162.98;0.0241493;0.0321661;0.0468712;-4.90523
136.824;162.98;0.0615579;0.019823;0.0283139;-4.3125
145.649;162.98;0.0962492;0.00520674;0.00795235;-3.70038
154.475;162.98;0.0230146;-0.0076105;-0.0108275;-2.98924
163.3;162.98;-0.0723203;-0.0241962;-0.0184588;-2.2444
-163.242;154.154;0.886553;-0.0665466;-0.0112705;-1.95934
-154.416;154.154;0.826943;-0.0851686;0.00792961;-2.69617
-145.591;154.154;0.800904;-0.101559;0.0257053;-3.41406
-136.765;154.154;0.802877;-0.11308;0.0402744;-4.10545
-127.94;154.154;0.768334;-0.122809;0.0579316;-4.76512
-119.114;154.154;0.703513;-0.131436;0.0750816;-5.38328
-110.289;154.154;0.667398;-0.138721;0.0879281;-5.98107
-101.463;154.154;0.671508;-0.141759;0.0909928;-6.54445
-92.6379;154.154;0.564537;-0.142203;0.103492;-7.07413
-83.8124;154.154;0.484761;-0.138922;0.119458;-7.57266
-74.987;154.154;0.566829;-0.12033;0.123743;-8.14132
-66.1615;154.154;0.636294;-0.0936442;0.111267;-8.63083
-57.3361;154.154;0.552936;-0.0721757;0.108008;-8.99463
-48.5106;154.154;0.39265;-0.0650891;0.127675;-9.24658
-39.6852;154.154;0.352508;-0.0586789;0.149901;-9.49496
-30.8597;154.154;0.341842;-0.0514249;0.169579;-9.72508
-22.0342;154.154;0.324446;-0.0424913;0.182985;-9.90839
-13.2088;154.154;0.286319;-0.0316166;0.191316;-10.033
-4.38334;154.154;0.23356;-0.019748;0.19719;-10.1033
4.44212;154.154;0.186996;-0.00841727;0.200484;-10.1377
13.2676;154.154;0.170387;0.00150343;0.202986;-10.1327
22.093;154.154;0.146456;0.013026;0.206043;-10.0796
30.9185;154.154;0.129622;0.0251818;0.206872;-9.98908
39.7439;154.154;0.126977;0.03765;0.201666;-9.86257
48.5694;154.154;0.12816;0.0470184;0.192764;-9.66969
57.3948;154.154;0.0921526;0.0543378;0.186125;-9.40303
66.2203;154.154;0.0547012;0.0606936;0.177406;-9.09383
75.0458;154.154;0.049547;0.0657341;0.163557;-8.74997
83.8712;154.154;0.0617202;0.0688713;0.147751;-8.35988
92.6967;154.154;0.0582865;0.069163;0.13678;-7.9103
101.522;154.154;0.0266926;0.0664287;0.129463;-7.41141
110.348;154.154;0.0431097;0.0612787;0.111172;-6.90357
119.173;154.154;0.0870945;0.0545696;0.0870607;-6.36783
127.998;154.154;0.129544;0.0447984;0.063196;-5.78996
136.824;154.154;0.143435;0.0314718;0.0426661;-5.17015
145.649;154.154;0.142593;0.0170491;0.0203996;-4.52015
154.475;154.154;0.0801879;0.00292183;0.000875612;-3.80427
163.3;154.154;0.000977632;-0.0106842;-0.00828787;-3.03746
172.126;154.154;-0.0531517;-0.0207322;-0.00942742;-2.29299
180.951;154.154;-0.0311223;-0.0262314;-0.0128903;-1.5272
-172.067;145.329;0.807606;-0.0603631;-0.0156136;-1.85839
-163.242;145.329;0.847531;-0.0771646;0.000283909;-2.63639
-154.416;145.329;0.806696;-0.0935404;0.0186854;-3.39312
-145.591;145.329;0.782828;-0.108742;0.0344339;-4.13145
-136.765;145.329;0.780434;-0.124077;0.0512609;-4.84866
-127.94;145.329;0.754241;-0.135679;0.0676594;-5.53295
-119.114;145.329;0.712524;-0.144299;0.0829027;-6.17491
-110.289;145.329;0.691507;-0.150232;0.0942991;-6.79505
-101.463;145.329;0.704234;-0.149571;0.0964288;-7.38732
-92.6379;145.329;0.680252;-0.142928;0.0989326;-7.9528
-83.8124;145.329;0.669418;-0.135542;0.107953;-8.49607
-74.987;145.329;0.679457;-0.118948;0.111217;-9.01322
-66.1615;145.329;0.646387;-0.0981882;0.108607;-9.45035
-57.3361;145.329;0.543389;-0.08247;0.113869;-9.79988
-48.5106;145.329;0.422617;-0.0766445;0.134638;-10.0785
-39.6852;145.329;0.396665;-0.0677026;0.156624;-10.3572
-30.8597;145.329;0.386366;-0.0575099;0.176497;-10.6009
-22.0342;145.329;0.368195;-0.0459365;0.191633;-10.801
-13.2088;145.329;0.326093;-0.032897;0.203761;-10.9454
-4.38334;145.329;0.264675;-0.0202918;0.213933;-11.0248
4.44212;145.329;0.208638;-0.00823166;0.220416;-11.0623
13.2676;145.329;0.185411;0.00270322;0.222812;-11.0474
22.093;145.329;0.155235;0.01549;0.223629;-10.9779
30.9185;145.329;0.128264;0.0289509;0.22279;-10.8694
39.7439;145.329;0.111464;0.0429907;0.216925;-10.7267
48.5694;145.329;0.100066;0.0535157;0.208583;-10.5197
57.3948;145.329;0.0684286;0.0610775;0.204612;-10.2515
66.2203;145.329;0.0461578;0.06825;0.197463;-9.94699
75.0458;145.329;0.06268;0.0746376;0.182871;-9.6166
83.8712;145.329;0.100952;0.0791439;0.164215;-9.24434
92.6967;145.329;0.131164;0.0797035;0.149582;-8.80973
101.522;145.329;0.137413;0.0762397;0.139928;-8.31712
110.348;145.329;0.153527;0.0720983;0.124229;-7.79684
119.173;145.329;0.174566;0.0674362;0.103782;-7.2388
127.998;145.329;0.187155;0.0590299;0.081311;-6.63444
136.824;145.329;0.179387;0.0453598;0.0594163;-5.98641
145.649;145.329;0.162699;0.0307677;0.03541;-5.30832
154.475;145.329;0.118982;0.0156864;0.0130411;-4.58068
163.3;145.329;0.0580524;0.000198488;0.000181199;-3.81793
172.126;145.329;0.00154549;-0.0137087;-0.00821145;-3.02557
180.951;145.329;0.00270379;-0.0230134;-0.0131666;-2.25615
189.777;145.329;-0.0437607;-0.0342451;-0.0229766;-1.43567
-172.067;136.504;0.805649;-0.0659809;-0.00573826;-2.49105
-163.242;136.504;0.813697;-0.0831868;0.00798052;-3.30029
-154.416;136.504;0.794596;-0.100798;0.0256005;-4.07557
-145.591;136.504;0.77576;-0.117615;0.0435758;-4.83168
-136.765;136.504;0.75271;-0.134305;0.0610518;-5.56617
-127.94;136.504;0.723323;-0.14549;0.0755094;-6.26283
-119.114;136.504;0.691541;-0.153864;0.0883917;-6.92335
-110.289;136.504;0.668655;-0.16039;0.0986387;-7.55786
-101.463;136.504;0.664742;-0.159508;0.10306;-8.15864
-92.6379;136.504;0.665932;-0.148705;0.104366;-8.71893
-83.8124;136.504;0.651805;-0.139463;0.115059;-9.26083
-74.987;136.504;0.639557;-0.127;0.119445;-9.76776
-66.1615;136.504;0.594988;-0.112571;0.120996;-10.2081
-57.3361;136.504;0.513426;-0.0997388;0.128778;-10.5806
-48.5106;136.504;0.432535;-0.0900544;0.148145;-10.9017
-39.6852;136.504;0.396839;-0.077982;0.168131;-11.1929
-30.8597;136.504;0.368579;-0.0656473;0.186822;-11.4425
-22.0342;136.504;0.331408;-0.0517586;0.201016;-11.6413
-13.2088;136.504;0.273207;-0.036481;0.213479;-11.7827
-4.38334;136.504;0.201181;-0.0221172;0.226145;-11.8617
4.44212;136.504;0.140583;-0.00890743;0.23693;-11.899
13.2676;136.504;0.122599;0.00460359;0.240621;-11.8943
22.093;136.504;0.114553;0.0196264;0.238456;-11.8395
30.9185;136.504;0.107246;0.0345195;0.23371;-11.7354
39.7439;136.504;0.0950112;0.0494909;0.225446;-11.583
48.5694;136.504;0.0769003;0.0615907;0.217044;-11.3669
57.3948;136.504;0.0582407;0.070777;0.21432;-11.1072
66.2203;136.504;0.0627894;0.0796021;0.208311;-10.8112
75.0458;136.504;0.0885316;0.0879764;0.194278;-10.4793
83.8712;136.504;0.120064;0.0941921;0.175631;-10.0969
92.6967;136.504;0.148358;0.0955517;0.159954;-9.65421
101.522;136.504;0.182392;0.0923901;0.148603;-9.17172
110.348;136.504;0.193415;0.0898302;0.134281;-8.64038
119.173;136.504;0.185475;0.0868789;0.116898;-8.05336
127.998;136.504;0.174166;0.0793587;0.0966045;-7.42219
136.824;136.504;0.170106;0.065531;0.0744592;-6.76144
145.649;136.504;0.157588;0.0499044;0.0497641;-6.06634
154.475;136.504;0.130062;0.0330127;0.0256244;-5.32462
163.3;136.504;0.0786284;0.0166063;0.00903257;-4.54623
172.126;136.504;0.020828;-0.000576539;-0.00491269;-3.74222
180.951;136.504;-0.00265896;-0.018786;-0.0185965;-2.9334
189.777;136.504;-0.0116348;-0.0327906;-0.0244272;-2.10086
-180.892;127.678;0.828924;-0.049343;-0.0104353;-2.26707
-172.067;127.678;0.801448;-0.063978;-0.00148269;-3.0856
-163.242;127.678;0.772076;-0.0882441;0.018364;-3.9267
-154.416;127.678;0.763932;-0.111442;0.0377361;-4.73438
-145.591;127.678;0.747952;-0.131189;0.0562404;-5.51568
-136.765;127.678;0.716373;-0.145994;0.0730693;-6.26407
-127.94;127.678;0.686062;-0.153311;0.0848115;-6.97019
-119.114;127.678;0.656039;-0.159139;0.0943656;-7.64733
-110.289;127.678;0.630273;-0.165464;0.103269;-8.29977
-101.463;127.678;0.619002;-0.166361;0.111249;-8.91571
-92.6379;127.678;0.603199;-0.157038;0.119002;-9.48325
-83.8124;127.678;0.570625;-0.147318;0.13107;-10.0205
-74.987;127.678;0.547975;-0.13822;0.136759;-10.5271
-66.1615;127.678;0.515915;-0.128365;0.141441;-10.9806
-57.3361;127.678;0.464648;-0.116246;0.151325;-11.3693
-48.5106;127.678;0.406221;-0.101741;0.169667;-11.7036
-39.6852;127.678;0.364236;-0.0876684;0.186973;-12.0094
-30.8597;127.678;0.317258;-0.0734874;0.204861;-12.2762
-22.0342;127.678;0.264204;-0.0556932;0.217686;-12.4804
-13.2088;127.678;0.195112;-0.0371573;0.228358;-12.6188
-4.38334;127.678;0.121168;-0.0206935;0.24092;-12.6995
4.44212;127.678;0.071985;-0.00510328;0.253974;-12.7496
13.2676;127.678;0.0781889;0.010814;0.25796;-12.7613
22.093;127.678;0.0984438;0.0273283;0.252291;-12.7244
30.9185;127.678;0.115528;0.0432418;0.242919;-12.6304
39.7439;127.678;0.113851;0.0585696;0.2325;-12.4711
48.5694;127.678;0.0891779;0.0725014;0.223743;-12.2434
57.3948;127.678;0.0547438;0.0843298;0.218847;-11.9628
66.2203;127.678;0.0508032;0.0946609;0.212103;-11.6417
75.0458;127.678;0.0435258;0.104941;0.199265;-11.2681
83.8712;127.678;0.00996811;0.11234;0.183615;-10.8186
92.6967;127.678;-0.0258809;0.115305;0.170934;-10.3183
101.522;127.678;0.0105902;0.113609;0.159543;-9.83443
110.348;127.678;0.038922;0.111813;0.144603;-9.31058
119.173;127.678;0.0469589;0.109271;0.127084;-8.72675
127.998;127.678;0.0627845;0.101776;0.106985;-8.10699
136.824;127.678;0.096991;0.088395;0.0846134;-7.46572
145.649;127.678;0.101026;0.0721855;0.0607943;-6.76458
154.475;127.678;0.0734808;0.0548096;0.0367271;-6.00167
163.3;127.678;0.0277104;0.038161;0.0187821;-5.20964
172.126;127.678;-0.0133822;0.0202707;0.0015487;-4.40007
180.951;127.678;-0.0266013;0.00113782;-0.0140245;-3.5822
189.777;127.678;-0.0626959;-0.0144873;-0.0172218;-2.74773
198.602;127.678;-0.103846;-0.0313497;-0.0212729;-1.85717
207.428;127.678;0.108123;-0.0522329;-0.0401416;-0.940878
-189.718;118.853;0.792015;-0.0413583;-0.0110642;-1.9829
-180.892;118.853;0.770748;-0.0520242;-0.00450538;-2.8204
-172.067;118.853;0.756336;-0.0713134;0.0124688;-3.68454
-163.242;118.853;0.721902;-0.0969493;0.0334037;-4.53174
-154.416;118.853;0.712321;-0.123749;0.0538476;-5.36936
-145.591;118.853;0.704309;-0.14404;0.0708403;-6.17368
-136.765;118.853;0.676575;-0.157419;0.0864516;-6.94014
-127.94;118.853;0.650239;-0.162501;0.096378;-7.66106
-119.114;118.853;0.623314;-0.165692;0.103099;-8.35352
-110.289;118.853;0.605123;-0.169766;0.11013;-9.02279
-101.463;118.853;0.605995;-0.170876;0.11934;-9.65543
-92.6379;118.853;0.576178;-0.164625;0.130913;-10.2372
-83.8124;118.853;0.51075;-0.155155;0.142545;-10.7759
-74.987;118.853;0.460758;-0.147535;0.150101;-11.2849
-66.1615;118.853;0.421909;-0.140343;0.159936;-11.752
-57.3361;118.853;0.382425;-0.12924;0.174854;-12.1592
-48.5106;118.853;0.341352;-0.113289;0.19345;-12.5083
-39.6852;118.853;0.314086;-0.0994365;0.209182;-12.8344
-30.8597;118.853;0.286054;-0.0832567;0.22338;-13.1186
-22.0342;118.853;0.247791;-0.0613158;0.233006;-13.334
-13.2088;118.853;0.190214;-0.0405088;0.240717;-13.483
-4.38334;118.853;0.133198;-0.0242569;0.251086;-13.5808
4.44212;118.853;0.106272;-0.00906096;0.263903;-13.6509
13.2676;118.853;0.1125;0.00941073;0.268306;-13.6658
22.093;118.853;0.108312;0.0290424;0.262337;-13.6172
30.9185;118.853;0.100004;0.0471263;0.252138;-13.5026
39.7439;118.853;0.0764251;0.0654329;0.242049;-13.3236
48.5694;118.853;0.0185353;0.0822101;0.233319;-13.0562
57.3948;118.853;-0.0874984;0.0985619;0.226213;-12.7064
66.2203;118.853;-0.167016;0.111874;0.218147;-12.3142
75.0458;118.853;-0.205024;0.122206;0.203459;-11.8959
83.8712;118.853;-0.302974;0.13306;0.186984;-11.3854
92.6967;118.853;-0.444649;0.13656;0.172894;-10.7752
101.522;118.853;-0.481439;0.136729;0.15906;-10.2168
110.348;118.853;-0.42047;0.134445;0.145947;-9.70506
119.173;118.853;-0.341089;0.131461;0.131136;-9.17549
127.998;118.853;-0.238193;0.122956;0.112962;-8.61818
136.824;118.853;-0.129135;0.111248;0.0913014;-8.0281
145.649;118.853;-0.0921384;0.0954238;0.0683181;-7.33385
154.475;118.853;-0.097316;0.0786932;0.0446212;-6.57079
163.3;118.853;-0.110744;0.0621325;0.0253875;-5.78455
172.126;118.853;-0.113219;0.0454323;0.00843064;-4.99081
180.951;118.853;-0.0995761;0.0276543;-0.0054919;-4.18708
189.777;118.853;-0.109909;0.00924382;-0.0124195;-3.34823
198.602;118.853;-0.127878;-0.00929032;-0.0141364;-2.45884
207.428;118.853;0.0562418;-0.0302938;-0.0265715;-1.55445
-189.718;110.027;0.712601;-0.0599447;0.000535526;-2.51946
-180.892;110.027;0.682247;-0.0712831;0.0123923;-3.37779
-172.067;110.027;0.686482;-0.0882081;0.0295995;-4.25626
-163.242;110.027;0.66218;-0.111132;0.0480413;-5.12516
-154.416;110.027;0.653484;-0.135782;0.066178;-5.985
-145.591;110.027;0.656086;-0.155421;0.0821029;-6.81291
-136.765;110.027;0.639825;-0.168191;0.0969686;-7.59774
-127.94;110.027;0.608124;-0.174611;0.106578;-8.33264
-119.114;110.027;0.572519;-0.179123;0.113395;-9.04234
-110.289;110.027;0.55261;-0.183325;0.120648;-9.73309
-101.463;110.027;0.551412;-0.184597;0.130369;-10.3895
-92.6379;110.027;0.517923;-0.178251;0.141144;-10.9845
-83.8124;110.027;0.456506;-0.166102;0.147861;-11.5266
-74.987;110.027;0.405808;-0.158305;0.154315;-12.0441
-66.1615;110.027;0.362296;-0.152916;0.167071;-12.5295
-57.3361;110.027;0.329053;-0.143545;0.18674;-12.9605
-48.5106;110.027;0.308854;-0.128301;0.207029;-13.3327
-39.6852;110.027;0.291543;-0.113852;0.222715;-13.6766
-30.8597;110.027;0.268469;-0.0952184;0.235246;-13.9733
-22.0342;110.027;0.236275;-0.0706447;0.243413;-14.2025
-13.2088;110.027;0.18914;-0.0487575;0.250023;-14.3685
-4.38334;110.027;0.145118;-0.031901;0.258486;-14.4833
4.44212;110.027;0.123493;-0.0154425;0.268594;-14.5599
13.2676;110.027;0.115469;0.00474538;0.272955;-14.5694
22.093;110.027;0.0881116;0.0241749;0.269687;-14.5086
30.9185;110.027;0.0577773;0.0407305;0.261999;-14.3796
39.7439;110.027;0.0150848;0.0634801;0.252304;-14.1919
48.5694;110.027;-0.0517935;0.0912398;0.241524;-13.9183
57.3948;110.027;-0.141246;0.118495;0.231678;-13.5643
66.2203;110.027;-0.179126;0.134596;0.224894;-13.1929
75.0458;110.027;-0.173451;0.144753;0.209166;-12.8034
83.8712;110.027;-0.276364;0.156602;0.186214;-12.2748
92.6967;110.027;-0.472678;0.159467;0.167598;-11.5857
101.522;110.027;-0.607892;0.159072;0.152501;-10.92
110.348;110.027;-0.598959;0.155663;0.139739;-10.3397
119.173;110.027;-0.528729;0.151764;0.126333;-9.78487
127.998;110.027;-0.410606;0.142103;0.110787;-9.22091
136.824;110.027;-0.277395;0.13265;0.0931431;-8.64069
145.649;110.027;-0.192591;0.118384;0.0750806;-7.97145
154.475;110.027;-0.160542;0.102488;0.052997;-7.21997
163.3;110.027;-0.1381;0.085118;0.032163;-6.433
172.126;110.027;-0.113297;0.0676407;0.015378;-5.6321
180.951;110.027;-0.0866274;0.0498286;0.00338478;-4.81945
189.777;110.027;-0.0673527;0.0302029;-0.00539165;-3.97656
198.602;110.027;-0.0735435;0.00710469;-0.00957417;-3.09562
207.428;110.027;0.0397552;-0.0173425;-0.0243819;-2.1529
-198.543;101.202;0.825176;-0.0534461;-0.00870189;-2.18946
-189.718;101.202;0.727355;-0.070586;0.00573084;-3.06254
-180.892;101.202;0.67054;-0.0873525;0.0219854;-3.94815
-172.067;101.202;0.657773;-0.105118;0.036885;-4.83207
-163.242;101.202;0.635369;-0.125845;0.0520208;-5.71779
-154.416;101.202;0.624133;-0.148435;0.0691197;-6.59612
-145.591;101.202;0.61711;-0.168196;0.0852889;-7.44224
-136.765;101.202;0.585559;-0.181697;0.0989286;-8.23911
-127.94;101.202;0.530748;-0.190173;0.106676;-8.98067
-119.114;101.202;0.478394;-0.197549;0.113038;-9.70327
-110.289;101.202;0.457962;-0.203118;0.121592;-10.4144
-101.463;101.202;0.470686;-0.203295;0.133399;-11.0986
-92.6379;101.202;0.465853;-0.196159;0.145325;-11.7246
-83.8124;101.202;0.443879;-0.181968;0.148352;-12.2885
-74.987;101.202;0.402938;-0.173427;0.154453;-12.826
-66.1615;101.202;0.353035;-0.167431;0.168251;-13.328
-57.3361;101.202;0.303067;-0.157009;0.189675;-13.7722
-48.5106;101.202;0.263452;-0.140467;0.212333;-14.1577
-39.6852;101.202;0.243559;-0.123822;0.230206;-14.5136
-30.8597;101.202;0.229701;-0.104094;0.243052;-14.8254
-22.0342;101.202;0.211564;-0.0793759;0.251118;-15.072
-13.2088;101.202;0.186334;-0.0574295;0.258282;-15.2562
-4.38334;101.202;0.162126;-0.0391867;0.266502;-15.3881
4.44212;101.202;0.146074;-0.0212118;0.273955;-15.4695
13.2676;101.202;0.132674;-0.00126584;0.276696;-15.4776
22.093;101.202;0.0992203;0.0166705;0.275234;-15.4084
30.9185;101.202;0.0559388;0.0320451;0.270229;-15.2739
39.7439;101.202;0.00434091;0.0613648;0.260108;-15.0907
48.5694;101.202;-0.0302398;0.103913;0.245972;-14.8555
57.3948;101.202;-0.0107591;0.145218;0.233078;-14.5808
66.2203;101.202;0.0730591;0.165679;0.228306;-14.3071
75.0458;101.202;0.117496;0.17695;0.211828;-13.9461
83.8712;101.202;0.029797;0.186467;0.185748;-13.4025
92.6967;101.202;-0.160584;0.188593;0.163951;-12.6921
101.522;101.202;-0.342924;0.188763;0.147828;-11.9695
110.348;101.202;-0.378394;0.183716;0.133692;-11.3262
119.173;101.202;-0.34672;0.177694;0.119135;-10.7082
127.998;101.202;-0.276132;0.168678;0.105;-10.0791
136.824;101.202;-0.19244;0.161438;0.0922401;-9.4383
145.649;101.202;-0.121111;0.148056;0.0791921;-8.7411
154.475;101.202;-0.0876503;0.131694;0.0605587;-7.96929
163.3;101.202;-0.0601142;0.113244;0.0400812;-7.15672
172.126;101.202;-0.0460242;0.0945181;0.0223681;-6.31881
180.951;101.202;-0.0498607;0.0753914;0.0086224;-5.46045
189.777;101.202;-0.0489153;0.0538817;-0.00452808;-4.58091
198.602;101.202;-0.0149743;0.0254793;-0.0150703;-3.67727
207.428;101.202;0.0338684;-0.00273757;-0.0265101;-2.71656
-198.543;92.3763;0.862127;-0.0482561;-0.0141121;-2.69285
-189.718;92.3763;0.761483;-0.0642148;0.000441334;-3.5919
-180.892;92.3763;0.688168;-0.0902697;0.0209094;-4.49033
-172.067;92.3763;0.661485;-0.113777;0.0368273;-5.38841
-163.242;92.3763;0.641107;-0.135355;0.0505969;-6.28823
-154.416;92.3763;0.613251;-0.15767;0.0682631;-7.17736
-145.591;92.3763;0.57607;-0.177468;0.0853682;-8.03387
-136.765;92.3763;0.519452;-0.192568;0.0976261;-8.84371
-127.94;92.3763;0.453468;-0.203801;0.102983;-9.6056
-119.114;92.3763;0.405294;-0.213556;0.109954;-10.3551
-110.289;92.3763;0.393996;-0.219316;0.120637;-11.0896
-101.463;92.3763;0.41407;-0.217612;0.134141;-11.7956
-92.6379;92.3763;0.431192;-0.209057;0.14759;-12.4559
-83.8124;92.3763;0.428687;-0.196519;0.153787;-13.0605
-74.987;92.3763;0.401559;-0.188041;0.162548;-13.6256
-66.1615;92.3763;0.355822;-0.179688;0.17559;-14.1379
-57.3361;92.3763;0.294459;-0.166376;0.194849;-14.5817
-48.5106;92.3763;0.235838;-0.147782;0.215851;-14.9745
-39.6852;92.3763;0.21219;-0.12919;0.234976;-15.3458
-30.8597;92.3763;0.211438;-0.109048;0.249527;-15.6835
-22.0342;92.3763;0.20585;-0.0841969;0.259437;-15.9546
-13.2088;92.3763;0.195131;-0.0612532;0.268365;-16.1576
-4.38334;92.3763;0.184574;-0.0409918;0.277868;-16.3081
4.44212;92.3763;0.175134;-0.0217759;0.284552;-16.397
13.2676;92.3763;0.159432;-0.00143289;0.28429;-16.4003
22.093;92.3763;0.128402;0.0168866;0.280147;-16.315
30.9185;92.3763;0.0825016;0.0354215;0.275315;-16.1747
39.7439;92.3763;0.0227345;0.0738458;0.262922;-15.9892
48.5694;92.3763;0.00843249;0.128115;0.24303;-15.7771
57.3948;92.3763;0.105378;0.178014;0.223603;-15.5659
66.2203;92.3763;0.278399;0.201373;0.215508;-15.365
75.0458;92.3763;0.337605;0.21288;0.19949;-14.9973
83.8712;92.3763;0.281467;0.218119;0.178222;-14.4451
92.6967;92.3763;0.150927;0.219389;0.158471;-13.7686
101.522;92.3763;0.0163398;0.219591;0.142343;-13.0659
110.348;92.3763;-0.0144104;0.213744;0.126311;-12.4031
119.173;92.3763;-0.015828;0.205687;0.109934;-11.7248
127.998;92.3763;-0.00754719;0.195909;0.0954965;-11.0104
136.824;92.3763;0.0072196;0.189376;0.0843849;-10.2863
145.649;92.3763;0.0318402;0.176942;0.0735617;-9.53313
154.475;92.3763;0.0470591;0.160642;0.0596757;-8.72904
163.3;92.3763;0.0563037;0.142114;0.0427408;-7.88045
172.126;92.3763;0.0266138;0.122629;0.0263849;-6.98951
180.951;92.3763;-0.0397053;0.100996;0.0122904;-6.06446
189.777;92.3763;-0.0732665;0.0744079;-0.00305666;-5.13076
198.602;92.3763;-0.0244876;0.0418436;-0.0181973;-4.20415
207.428;92.3763;0.0608972;0.0116983;-0.0269762;-3.27134
-216.194;83.5508;0.808671;-0.0569318;-0.0084607;-1.24423
-207.369;83.5508;0.897197;-0.0392242;-0.0209918;-2.19532
-198.543;83.5508;0.867421;-0.0413223;-0.0184029;-3.16532
-189.718;83.5508;0.778533;-0.0560669;-0.00553748;-4.08838
-180.892;83.5508;0.697824;-0.0879952;0.0160487;-5.00263
-172.067;83.5508;0.662529;-0.116694;0.0331256;-5.91271
-163.242;83.5508;0.630067;-0.140516;0.0468517;-6.82087
-154.416;83.5508;0.571139;-0.163602;0.0644683;-7.7174
-145.591;83.5508;0.51232;-0.183141;0.0799132;-8.58476
-136.765;83.5508;0.453704;-0.198302;0.088824;-9.41448
-127.94;83.5508;0.405051;-0.20951;0.091402;-10.2104
-119.114;83.5508;0.37376;-0.21874;0.0985642;-10.9894
-110.289;83.5508;0.363348;-0.223661;0.111051;-11.7441
-101.463;83.5508;0.371716;-0.221309;0.12521;-12.4625
-92.6379;83.5508;0.389143;-0.212758;0.137438;-13.1442
-83.8124;83.5508;0.384034;-0.205353;0.149597;-13.7862
-74.987;83.5508;0.366569;-0.198672;0.16445;-14.3815
-66.1615;83.5508;0.336835;-0.188277;0.178981;-14.9158
-57.3361;83.5508;0.289297;-0.171987;0.194513;-15.3783
-48.5106;83.5508;0.240315;-0.151751;0.212137;-15.7923
-39.6852;83.5508;0.222592;-0.132159;0.231266;-16.1863
-30.8597;83.5508;0.228051;-0.112156;0.247425;-16.5485
-22.0342;83.5508;0.222426;-0.0870599;0.258421;-16.8299
-13.2088;83.5508;0.205522;-0.0621818;0.268266;-17.0371
-4.38334;83.5508;0.192378;-0.0398113;0.279497;-17.1956
4.44212;83.5508;0.184194;-0.0186663;0.28757;-17.2934
13.2676;83.5508;0.164183;0.00528709;0.285847;-17.297
22.093;83.5508;0.139882;0.0276661;0.27779;-17.2047
30.9185;83.5508;0.107154;0.05541;0.269766;-17.064
39.7439;83.5508;0.0423931;0.103251;0.251649;-16.8545
48.5694;83.5508;0.00400331;0.159239;0.223293;-16.5935
57.3948;83.5508;0.0628918;0.203445;0.194855;-16.3289
66.2203;83.5508;0.204602;0.224473;0.179104;-16.0811
75.0458;83.5508;0.256343;0.239761;0.167455;-15.698
83.8712;83.5508;0.231442;0.246633;0.156391;-15.1684
92.6967;83.5508;0.185862;0.249675;0.144304;-14.5649
101.522;83.5508;0.16785;0.249629;0.130387;-13.9355
110.348;83.5508;0.176507;0.245035;0.112918;-13.2841
119.173;83.5508;0.155765;0.23651;0.095114;-12.5685
127.998;83.5508;0.131606;0.224253;0.0785148;-11.7986
136.824;83.5508;0.120325;0.215924;0.0645261;-11.0258
145.649;83.5508;0.12845;0.203336;0.0525142;-10.2351
154.475;83.5508;0.14377;0.186663;0.0430821;-9.41088
163.3;83.5508;0.138977;0.168266;0.0327269;-8.53564
172.126;83.5508;0.0641645;0.148907;0.0218715;-7.6028
180.951;83.5508;-0.0481373;0.125937;0.0108772;-6.63307
189.777;83.5508;-0.0653549;0.0942096;-0.00440189;-5.67891
198.602;83.5508;0.00906635;0.0566551;-0.0229595;-4.74278
207.428;83.5508;0.133653;0.0223321;-0.0350328;-3.81816
216.253;83.5508;0.240368;-0.00652605;-0.0392579;-2.85241
225.078;83.5508;0.270573;-0.0300847;-0.0342216;-1.84584
-216.194;74.7253;0.797787;-0.0635621;-0.00638038;-1.66266
-207.369;74.7253;0.861445;-0.0411579;-0.018331;-2.63658
-198.543;74.7253;0.845599;-0.0333567;-0.023171;-3.60047
-189.718;74.7253;0.756001;-0.0561724;-0.00957074;-4.54268
-180.892;74.7253;0.691477;-0.08782;0.00833384;-5.47234
-172.067;74.7253;0.656529;-0.116774;0.0237241;-6.39821
-163.242;74.7253;0.604101;-0.141776;0.0366241;-7.31559
-154.416;74.7253;0.518571;-0.165263;0.0513792;-8.22587
-145.591;74.7253;0.462679;-0.183759;0.0611079;-9.11267
-136.765;74.7253;0.426558;-0.197532;0.0649174;-9.97079
-127.94;74.7253;0.410524;-0.205728;0.0647128;-10.8027
-119.114;74.7253;0.385583;-0.212615;0.0713952;-11.6066
-110.289;74.7253;0.354066;-0.2175;0.0842825;-12.3777
-101.463;74.7253;0.337424;-0.21696;0.0972337;-13.1111
-92.6379;74.7253;0.345616;-0.210324;0.106087;-13.8167
-83.8124;74.7253;0.340254;-0.207041;0.121377;-14.4868
-74.987;74.7253;0.320019;-0.202853;0.141687;-15.1056
-66.1615;74.7253;0.305516;-0.193372;0.159393;-15.6683
-57.3361;74.7253;0.285593;-0.177139;0.173209;-16.1661
-48.5106;74.7253;0.264048;-0.156542;0.187486;-16.6168
-39.6852;74.7253;0.25922;-0.135927;0.203798;-17.0369
-30.8597;74.7253;0.253224;-0.115548;0.21972;-17.4188
-22.0342;74.7253;0.234743;-0.0885089;0.233262;-17.7107
-13.2088;74.7253;0.19835;-0.0600151;0.245519;-17.9124
-4.38334;74.7253;0.166978;-0.03363;0.257071;-18.0607
4.44212;74.7253;0.146955;-0.0085104;0.263387;-18.1529
13.2676;74.7253;0.12655;0.0191782;0.258967;-18.1638
22.093;74.7253;0.124464;0.0446361;0.248739;-18.098
30.9185;74.7253;0.129943;0.0826591;0.234597;-17.974
39.7439;74.7253;0.102725;0.138331;0.21014;-17.7584
48.5694;74.7253;0.0811987;0.192194;0.179577;-17.465
57.3948;74.7253;0.109976;0.227306;0.152135;-17.136
66.2203;74.7253;0.173281;0.24715;0.134253;-16.7932
75.0458;74.7253;0.191227;0.263494;0.12578;-16.3586
83.8712;74.7253;0.18392;0.270712;0.120027;-15.8336
92.6967;74.7253;0.182962;0.274368;0.113624;-15.2601
101.522;74.7253;0.202807;0.275738;0.103583;-14.6496
110.348;74.7253;0.222395;0.27227;0.0882661;-13.9887
119.173;74.7253;0.190651;0.26304;0.0714722;-13.2481
127.998;74.7253;0.159175;0.250369;0.0543696;-12.4647
136.824;74.7253;0.152877;0.239728;0.0390907;-11.6769
145.649;74.7253;0.177187;0.225659;0.0275701;-10.8697
154.475;74.7253;0.209092;0.208018;0.0213243;-10.0299
163.3;74.7253;0.224509;0.187918;0.0171554;-9.15176
172.126;74.7253;0.179452;0.166981;0.0128527;-8.22168
180.951;74.7253;0.112578;0.142819;0.00725812;-7.25982
189.777;74.7253;0.127143;0.109052;-0.00547966;-6.30493
198.602;74.7253;0.218018;0.0697589;-0.0221544;-5.35817
207.428;74.7253;0.296872;0.0341861;-0.0339699;-4.39246
216.253;74.7253;0.35189;0.00402243;-0.0377187;-3.36541
225.078;74.7253;0.364278;-0.022229;-0.0311118;-2.33007
-216.194;65.8999;0.785652;-0.0549257;-0.00947373;-2.00363
-207.369;65.8999;0.809685;-0.0404333;-0.0167449;-3.01442
-198.543;65.8999;0.783638;-0.0383472;-0.0222797;-3.98384
-189.718;65.8999;0.707726;-0.065741;-0.0129677;-4.95565
-180.892;65.8999;0.672269;-0.0931653;-0.00358221;-5.90526
-172.067;65.8999;0.657462;-0.118254;0.00490718;-6.86602
-163.242;65.8999;0.610121;-0.142483;0.0132658;-7.81238
-154.416;65.8999;0.536044;-0.163826;0.0212799;-8.74796
-145.591;65.8999;0.503464;-0.178149;0.0229874;-9.65607
-136.765;65.8999;0.483554;-0.191043;0.022657;-10.5389
-127.94;65.8999;0.482744;-0.198712;0.0215012;-11.3948
-119.114;65.8999;0.449224;-0.206442;0.0280535;-12.216
-110.289;65.8999;0.396897;-0.214258;0.0405421;-13.001
-101.463;65.8999;0.372648;-0.217456;0.0520228;-13.76
-92.6379;65.8999;0.393413;-0.212613;0.0594177;-14.4978
-83.8124;65.8999;0.390122;-0.208245;0.0709474;-15.1895
-74.987;65.8999;0.366802;-0.20458;0.0901649;-15.8239
-66.1615;65.8999;0.347605;-0.198697;0.111907;-16.4132
-57.3361;65.8999;0.326259;-0.185519;0.128948;-16.9486
-48.5106;65.8999;0.308776;-0.165037;0.142642;-17.4367
-39.6852;65.8999;0.307653;-0.142056;0.156679;-17.8811
-30.8597;65.8999;0.304881;-0.119633;0.172553;-18.2759
-22.0342;65.8999;0.307804;-0.0918876;0.189594;-18.5969
-13.2088;65.8999;0.290483;-0.0618152;0.206087;-18.8214
-4.38334;65.8999;0.264953;-0.0325753;0.217429;-18.9733
4.44212;65.8999;0.237566;-0.00408884;0.220197;-19.0574
13.2676;65.8999;0.211079;0.0254842;0.214469;-19.0697
22.093;65.8999;0.217066;0.0531918;0.205768;-19.0293
30.9185;65.8999;0.23456;0.102218;0.184805;-18.9149
39.7439;65.8999;0.244301;0.166714;0.155345;-18.7091
48.5694;65.8999;0.293256;0.22107;0.129087;-18.4461
57.3948;65.8999;0.38183;0.252035;0.113985;-18.1366
66.2203;65.8999;0.41387;0.273925;0.107938;-17.7395
75.0458;65.8999;0.376922;0.292154;0.102573;-17.2373
83.8712;65.8999;0.344284;0.299117;0.09575;-16.6768
92.6967;65.8999;0.338723;0.301353;0.0888362;-16.0804
101.522;65.8999;0.354217;0.301756;0.081358;-15.4437
110.348;65.8999;0.360922;0.297852;0.0701552;-14.7491
119.173;65.8999;0.32353;0.288172;0.0530527;-13.9783
127.998;65.8999;0.290772;0.27589;0.0364019;-13.1828
136.824;65.8999;0.278477;0.261873;0.0233745;-12.3656
145.649;65.8999;0.289293;0.245275;0.0153801;-11.5185
154.475;65.8999;0.313571;0.226479;0.0112469;-10.6408
163.3;65.8999;0.327949;0.205569;0.00789841;-9.74145
172.126;65.8999;0.313663;0.183172;0.00526265;-8.80996
180.951;65.8999;0.294474;0.157925;0.00237207;-7.85646
189.777;65.8999;0.315276;0.124285;-0.00857627;-6.88867
198.602;65.8999;0.377562;0.086409;-0.0211296;-5.91009
207.428;65.8999;0.425456;0.0521824;-0.0282635;-4.90262
216.253;65.8999;0.444272;0.0210699;-0.029277;-3.85703
225.078;65.8999;0.441011;-0.00772999;-0.0242247;-2.76238
233.904;65.8999;0.518908;-0.0373202;-0.0220507;-1.62564
-216.194;57.0744;0.753439;-0.0435718;-0.014951;-2.3114
-207.369;57.0744;0.756039;-0.0369148;-0.0198547;-3.33151
-198.543;57.0744;0.703038;-0.0430083;-0.0240771;-4.31117
-189.718;57.0744;0.630993;-0.0737287;-0.0182584;-5.30437
-180.892;57.0744;0.617677;-0.100259;-0.0149467;-6.27628
-172.067;57.0744;0.631743;-0.12583;-0.0132121;-7.26864
-163.242;57.0744;0.623812;-0.15108;-0.0117296;-8.25346
-154.416;57.0744;0.599777;-0.168416;-0.0121018;-9.22167
-145.591;57.0744;0.600417;-0.175712;-0.0175369;-10.1588
-136.765;57.0744;0.584689;-0.186738;-0.019606;-11.0671
-127.94;57.0744;0.561603;-0.199764;-0.0138957;-11.946
-119.114;57.0744;0.51495;-0.210241;-0.00348684;-12.7803
-110.289;57.0744;0.458432;-0.218347;0.00910613;-13.5775
-101.463;57.0744;0.432567;-0.222759;0.0199679;-14.3706
-92.6379;57.0744;0.461153;-0.220128;0.0282353;-15.1485
-83.8124;57.0744;0.4681;-0.214847;0.0381167;-15.8774
-74.987;57.0744;0.447579;-0.209696;0.054023;-16.5361
-66.1615;57.0744;0.41586;-0.20653;0.0748786;-17.1421
-57.3361;57.0744;0.377873;-0.196335;0.0938507;-17.6987
-48.5106;57.0744;0.35487;-0.176214;0.108912;-18.2121
-39.6852;57.0744;0.361035;-0.150538;0.122162;-18.6794
-30.8597;57.0744;0.366654;-0.124692;0.137042;-19.0857
-22.0342;57.0744;0.385926;-0.0969592;0.157018;-19.4421
-13.2088;57.0744;0.392193;-0.0670249;0.176374;-19.7086
-4.38334;57.0744;0.377864;-0.0365082;0.188357;-19.8777
4.44212;57.0744;0.341326;-0.00692299;0.192333;-19.9534
13.2676;57.0744;0.299466;0.0218919;0.192133;-19.9514
22.093;57.0744;0.309472;0.0543716;0.184752;-19.9147
30.9185;57.0744;0.334113;0.115544;0.158588;-19.7952
39.7439;57.0744;0.357073;0.190632;0.126576;-19.5812
48.5694;57.0744;0.420724;0.248344;0.103826;-19.3158
57.3948;57.0744;0.506845;0.27805;0.0953477;-18.9913
66.2203;57.0744;0.51609;0.299779;0.0950602;-18.5519
75.0458;57.0744;0.442463;0.317931;0.0935084;-17.9905
83.8712;57.0744;0.406091;0.325013;0.0852581;-17.3999
92.6967;57.0744;0.409764;0.327728;0.0761005;-16.7912
101.522;57.0744;0.433113;0.328768;0.0685144;-16.1467
110.348;57.0744;0.445932;0.325152;0.0576319;-15.4349
119.173;57.0744;0.400501;0.314914;0.0404087;-14.6207
127.998;57.0744;0.358907;0.302132;0.0261827;-13.7929
136.824;57.0744;0.337;0.287515;0.0173228;-12.9527
145.649;57.0744;0.338795;0.269299;0.013315;-12.0832
154.475;57.0744;0.360439;0.2495;0.0102714;-11.1836
163.3;57.0744;0.384383;0.228499;0.00619298;-10.2729
172.126;57.0744;0.390127;0.204437;0.00329257;-9.32788
180.951;57.0744;0.387711;0.176641;0.000242869;-8.35552
189.777;57.0744;0.396904;0.142117;-0.00912333;-7.35974
198.602;57.0744;0.429269;0.104386;-0.0188155;-6.34948
207.428;57.0744;0.460983;0.0703965;-0.0224451;-5.31811
216.253;57.0744;0.479491;0.0377923;-0.0221207;-4.25427
225.078;57.0744;0.492217;0.00183519;-0.020702;-3.13408
233.904;57.0744;0.572341;-0.0336617;-0.0168767;-1.98293
-225.02;48.249;0.731176;-0.0296015;-0.019257;-1.59447
-216.194;48.249;0.73356;-0.0434098;-0.0177123;-2.59869
-207.369;48.249;0.726227;-0.0417284;-0.0214412;-3.59925
-198.543;48.249;0.637673;-0.05518;-0.0238796;-4.59839
-189.718;48.249;0.568256;-0.083975;-0.0197048;-5.60649
-180.892;48.249;0.551947;-0.111358;-0.0178494;-6.61323
-172.067;48.249;0.553632;-0.142367;-0.0181374;-7.63746
-163.242;48.249;0.551068;-0.172188;-0.0199979;-8.65313
-154.416;48.249;0.56325;-0.18649;-0.0258453;-9.63524
-145.591;48.249;0.603853;-0.186604;-0.0357507;-10.5812
-136.765;48.249;0.578412;-0.196541;-0.0341812;-11.5018
-127.94;48.249;0.535617;-0.21246;-0.0238297;-12.3962
-119.114;48.249;0.484166;-0.222507;-0.0107913;-13.2415
-110.289;48.249;0.443934;-0.228486;0.00183722;-14.0525
-101.463;48.249;0.437672;-0.232191;0.0123258;-14.877
-92.6379;48.249;0.467989;-0.230741;0.0201507;-15.6911
-83.8124;48.249;0.483821;-0.22523;0.0284592;-16.4521
-74.987;48.249;0.456853;-0.221036;0.0417492;-17.136
-66.1615;48.249;0.410511;-0.217654;0.061638;-17.7572
-57.3361;48.249;0.367269;-0.207411;0.0814456;-18.3339
-48.5106;48.249;0.35742;-0.187689;0.0978551;-18.88
-39.6852;48.249;0.384507;-0.161095;0.111755;-19.3889
-30.8597;48.249;0.398629;-0.132805;0.126898;-19.8205
-22.0342;48.249;0.405957;-0.104453;0.146164;-20.1994
-13.2088;48.249;0.415284;-0.0743977;0.163851;-20.4972
-4.38334;48.249;0.406118;-0.0424043;0.176266;-20.6866
4.44212;48.249;0.37586;-0.0126576;0.183883;-20.7698
13.2676;48.249;0.347681;0.0159588;0.188513;-20.7685
22.093;48.249;0.369348;0.0615468;0.178631;-20.7275
30.9185;48.249;0.3968;0.137523;0.151039;-20.5974
39.7439;48.249;0.422986;0.218905;0.121433;-20.3767
48.5694;48.249;0.472738;0.27556;0.102138;-20.0905
57.3948;48.249;0.521711;0.30291;0.0940014;-19.7215
66.2203;48.249;0.503653;0.323565;0.0893927;-19.239
75.0458;48.249;0.418369;0.341277;0.0836257;-18.6357
83.8712;48.249;0.383591;0.348692;0.0738113;-18.0111
92.6967;48.249;0.388613;0.351379;0.0648675;-17.3744
101.522;48.249;0.414908;0.351519;0.0586939;-16.7082
110.348;48.249;0.438413;0.347051;0.0494464;-15.9772
119.173;48.249;0.393725;0.335485;0.0343818;-15.1209
127.998;48.249;0.348269;0.322491;0.023428;-14.26
136.824;48.249;0.326469;0.307316;0.0167799;-13.4041
145.649;48.249;0.335113;0.289438;0.0129784;-12.5385
154.475;48.249;0.366684;0.271315;0.00850359;-11.6462
163.3;48.249;0.414261;0.251393;0.00425174;-10.7395
172.126;48.249;0.428349;0.226354;0.00213715;-9.77467
180.951;48.249;0.416016;0.196079;0.000314735;-8.76493
189.777;48.249;0.401736;0.159034;-0.00724157;-7.72745
198.602;48.249;0.417766;0.118814;-0.0155397;-6.69108
207.428;48.249;0.447426;0.0812939;-0.019281;-5.64192
216.253;48.249;0.480054;0.0435984;-0.0196166;-4.5694
225.078;48.249;0.516555;0.00065157;-0.019435;-3.45675
233.904;48.249;0.571477;-0.03781;-0.0149914;-2.32323
-225.02;39.4235;0.683933;-0.0285341;-0.019353;-1.82386
-216.194;39.4235;0.678594;-0.0464527;-0.0176515;-2.85414
-207.369;39.4235;0.64359;-0.0548751;-0.0197971;-3.86152
-198.543;39.4235;0.567028;-0.0726749;-0.0204648;-4.86431
-189.718;39.4235;0.533347;-0.0999758;-0.0174073;-5.89171
-180.892;39.4235;0.527863;-0.125738;-0.0166899;-6.93173
-172.067;39.4235;0.515132;-0.15445;-0.018721;-7.96487
-163.242;39.4235;0.504779;-0.183878;-0.0229474;-8.99107
-154.416;39.4235;0.530709;-0.200229;-0.031153;-9.98434
-145.591;39.4235;0.574364;-0.202017;-0.0410711;-10.9408
-136.765;39.4235;0.532608;-0.210304;-0.0373353;-11.8652
-127.94;39.4235;0.466857;-0.225436;-0.026111;-12.7699
-119.114;39.4235;0.427457;-0.235221;-0.0131799;-13.6328
-110.289;39.4235;0.415948;-0.242749;-0.00134944;-14.472
-101.463;39.4235;0.421319;-0.248176;0.0100299;-15.3227
-92.6379;39.4235;0.433972;-0.246434;0.0179759;-16.1501
-83.8124;39.4235;0.439664;-0.238659;0.0244632;-16.9234
-74.987;39.4235;0.41607;-0.234935;0.0342411;-17.6381
-66.1615;39.4235;0.374872;-0.228991;0.0519571;-18.2876
-57.3361;39.4235;0.343384;-0.216156;0.0703476;-18.8945
-48.5106;39.4235;0.357084;-0.196535;0.0857434;-19.4819
-39.6852;39.4235;0.409212;-0.171279;0.0992013;-20.0439
-30.8597;39.4235;0.431242;-0.14302;0.115333;-20.5109
-22.0342;39.4235;0.41322;-0.114748;0.135701;-20.8967
-13.2088;39.4235;0.417192;-0.0854399;0.154845;-21.2066
-4.38334;39.4235;0.421986;-0.0543446;0.17123;-21.4258
4.44212;39.4235;0.42389;-0.0230022;0.181749;-21.5466
13.2676;39.4235;0.435953;0.0166391;0.182431;-21.5807
22.093;39.4235;0.47674;0.0871899;0.164715;-21.5472
30.9185;39.4235;0.527669;0.178302;0.137287;-21.434
39.7439;39.4235;0.606123;0.255438;0.11591;-21.2551
48.5694;39.4235;0.65795;0.302984;0.103088;-20.961
57.3948;39.4235;0.648823;0.327258;0.0937297;-20.5288
66.2203;39.4235;0.572722;0.349385;0.0797353;-19.9794
75.0458;39.4235;0.469402;0.366896;0.063964;-19.3211
83.8712;39.4235;0.409311;0.374682;0.0526161;-18.637
92.6967;39.4235;0.386608;0.377614;0.0459569;-17.9449
101.522;39.4235;0.395012;0.37717;0.0424134;-17.2357
110.348;39.4235;0.417713;0.37199;0.0363782;-16.4782
119.173;39.4235;0.392387;0.360084;0.0261715;-15.6073
127.998;39.4235;0.359762;0.344944;0.0182911;-14.7187
136.824;39.4235;0.349051;0.326515;0.0118148;-13.8404
145.649;39.4235;0.368246;0.307002;0.00572211;-12.9671
154.475;39.4235;0.409395;0.288318;-0.00139867;-12.0721
163.3;39.4235;0.478269;0.265682;-0.00578293;-11.1557
172.126;39.4235;0.504975;0.237867;-0.00676563;-10.1724
180.951;39.4235;0.48564;0.203039;-0.00621328;-9.1231
189.777;39.4235;0.445452;0.164449;-0.0108381;-8.0437
198.602;39.4235;0.44835;0.12507;-0.0161494;-6.99268
207.428;39.4235;0.465324;0.0875742;-0.0192174;-5.93136
216.253;39.4235;0.503842;0.0465711;-0.0196949;-4.84393
225.078;39.4235;0.529225;-0.000401238;-0.0206192;-3.72477
233.904;39.4235;0.478669;-0.0401449;-0.019008;-2.60857
-225.02;30.5981;0.667552;-0.0350703;-0.0143827;-2.05266
-216.194;30.5981;0.655921;-0.0544558;-0.0150213;-3.10894
-207.369;30.5981;0.613172;-0.0662958;-0.0174817;-4.11862
-198.543;30.5981;0.566062;-0.0856069;-0.0179907;-5.13445
-189.718;30.5981;0.577787;-0.110216;-0.0172097;-6.16886
-180.892;30.5981;0.581825;-0.132422;-0.0186243;-7.21887
-172.067;30.5981;0.560382;-0.15547;-0.0221924;-8.24769
-163.242;30.5981;0.539757;-0.183286;-0.0269104;-9.27902
-154.416;30.5981;0.549695;-0.206053;-0.0339451;-10.2903
-145.591;30.5981;0.570464;-0.213672;-0.0415373;-11.2536
-136.765;30.5981;0.517251;-0.22116;-0.0386336;-12.1822
-127.94;30.5981;0.444398;-0.233559;-0.0317796;-13.0958
-119.114;30.5981;0.418389;-0.242448;-0.0232766;-13.9782
-110.289;30.5981;0.420507;-0.253978;-0.0132473;-14.8521
-101.463;30.5981;0.421608;-0.263208;-0.000112115;-15.728
-92.6379;30.5981;0.413866;-0.260139;0.00931116;-16.5647
-83.8124;30.5981;0.406418;-0.249389;0.015235;-17.3521
-74.987;30.5981;0.396855;-0.245454;0.0216118;-18.1037
-66.1615;30.5981;0.372499;-0.237674;0.035361;-18.7912
-57.3361;30.5981;0.357289;-0.223002;0.0504821;-19.4347
-48.5106;30.5981;0.389201;-0.203885;0.0639523;-20.0626
-39.6852;30.5981;0.458248;-0.180584;0.0764223;-20.6761
-30.8597;30.5981;0.492454;-0.153418;0.0910601;-21.1892
-22.0342;30.5981;0.47049;-0.12345;0.111134;-21.6057
-13.2088;30.5981;0.492371;-0.093748;0.135208;-21.9536
-4.38334;30.5981;0.546833;-0.0665727;0.160766;-22.2342
4.44212;30.5981;0.593486;-0.0320983;0.173442;-22.3881
13.2676;30.5981;0.626477;0.0305342;0.160446;-22.4356
22.093;30.5981;0.688029;0.13474;0.125859;-22.4286
30.9185;30.5981;0.83051;0.239846;0.0925618;-22.4184
39.7439;30.5981;1.0449;0.304662;0.0801279;-22.3603
48.5694;30.5981;1.11857;0.333414;0.0775461;-22.049
57.3948;30.5981;1.02965;0.349956;0.0704955;-21.512
66.2203;30.5981;0.870467;0.374114;0.0526362;-20.8594
75.0458;30.5981;0.715604;0.391326;0.0344648;-20.1127
83.8712;30.5981;0.599751;0.398725;0.0241675;-19.341
92.6967;30.5981;0.542734;0.400583;0.0200029;-18.5819
101.522;30.5981;0.543453;0.39786;0.0189536;-17.8317
110.348;30.5981;0.576391;0.388328;0.0169136;-17.0505
119.173;30.5981;0.577135;0.374804;0.013825;-16.1905
127.998;30.5981;0.558869;0.358152;0.0112169;-15.2825
136.824;30.5981;0.534356;0.338881;0.00578482;-14.3566
145.649;30.5981;0.51362;0.320149;-0.00245116;-13.4238
154.475;30.5981;0.508641;0.302213;-0.0109921;-12.4773
163.3;30.5981;0.559224;0.276333;-0.0151261;-11.518
172.126;30.5981;0.583425;0.245327;-0.0170715;-10.5091
180.951;30.5981;0.559021;0.211702;-0.0160991;-9.44633
189.777;30.5981;0.51038;0.172823;-0.0171612;-8.34611
198.602;30.5981;0.522342;0.133473;-0.0169516;-7.2925
207.428;30.5981;0.549546;0.0964606;-0.017447;-6.23381
216.253;30.5981;0.580799;0.0559096;-0.018643;-5.13497
225.078;30.5981;0.607444;0.00936364;-0.0216565;-3.99902
233.904;30.5981;0.615146;-0.0348345;-0.0223159;-2.87459
-225.02;21.7726;0.689977;-0.0404753;-0.0105093;-2.24381
-216.194;21.7726;0.688297;-0.0609313;-0.013258;-3.33245
-207.369;21.7726;0.652144;-0.0743381;-0.0152163;-4.35351
-198.543;21.7726;0.631162;-0.0935346;-0.0153937;-5.38433
-189.718;21.7726;0.65508;-0.116461;-0.0171598;-6.42784
-180.892;21.7726;0.656678;-0.135679;-0.0214893;-7.47514
-172.067;21.7726;0.623208;-0.154673;-0.027198;-8.48978
-163.242;21.7726;0.583805;-0.180936;-0.0323737;-9.51151
-154.416;21.7726;0.568894;-0.207638;-0.0381777;-10.5315
-145.591;21.7726;0.573253;-0.220473;-0.0441814;-11.5115
-136.765;21.7726;0.531857;-0.22826;-0.0441809;-12.4595
-127.94;21.7726;0.481965;-0.238073;-0.0442265;-13.3905
-119.114;21.7726;0.461129;-0.245113;-0.0416459;-14.2918
-110.289;21.7726;0.453518;-0.25901;-0.0337548;-15.1901
-101.463;21.7726;0.442305;-0.270753;-0.0208486;-16.084
-92.6379;21.7726;0.428162;-0.266716;-0.0104959;-16.9315
-83.8124;21.7726;0.423428;-0.254515;-0.00375917;-17.7363
-74.987;21.7726;0.429215;-0.250967;0.000971862;-18.5211
-66.1615;21.7726;0.416204;-0.244484;0.0103885;-19.2484
-57.3361;21.7726;0.407818;-0.231209;0.023001;-19.9296
-48.5106;21.7726;0.441406;-0.213557;0.0373606;-20.5906
-39.6852;21.7726;0.512216;-0.191415;0.0528517;-21.2407
-30.8597;21.7726;0.568355;-0.164808;0.069256;-21.8071
-22.0342;21.7726;0.589243;-0.131352;0.0882101;-22.2761
-13.2088;21.7726;0.666009;-0.100182;0.1154;-22.7021
-4.38334;21.7726;0.795519;-0.0745264;0.149386;-23.0732
4.44212;21.7726;0.829546;-0.0345584;0.156885;-23.1947
13.2676;21.7726;0.767359;0.0511566;0.121502;-23.1508
22.093;21.7726;0.807164;0.186466;0.0587349;-23.1456
30.9185;21.7726;1.09874;0.2929;0.0161983;-23.2098
39.7439;21.7726;1.28281;0.350626;0.00652793;-23.1025
48.5694;21.7726;1.19304;0.369572;0.0111226;-22.6488
57.3948;21.7726;1.00255;0.383026;0.0142712;-22.0351
66.2203;21.7726;0.909255;0.405576;0.00919624;-21.4026
75.0458;21.7726;0.846251;0.419231;0.00324601;-20.701
83.8712;21.7726;0.723457;0.426147;0.000139926;-19.9084
92.6967;21.7726;0.644532;0.426439;-0.00133629;-19.1043
101.522;21.7726;0.622688;0.423303;-0.00238368;-18.3114
110.348;21.7726;0.627989;0.4112;-0.00302537;-17.4776
119.173;21.7726;0.603482;0.39861;-0.00201035;-16.5867
127.998;21.7726;0.573498;0.382697;-0.000943043;-15.6494
136.824;21.7726;0.551746;0.361754;-0.00413023;-14.695
145.649;21.7726;0.53112;0.340043;-0.0109921;-13.7318
154.475;21.7726;0.510927;0.320133;-0.0172525;-12.757
163.3;21.7726;0.540462;0.293304;-0.019782;-11.7653
172.126;21.7726;0.559127;0.262316;-0.0223791;-10.74
180.951;21.7726;0.52821;0.230339;-0.0216468;-9.65979
189.777;21.7726;0.48384;0.193488;-0.0205607;-8.55096
198.602;21.7726;0.538102;0.151486;-0.0181959;-7.514
207.428;21.7726;0.609967;0.109872;-0.0181292;-6.47528
216.253;21.7726;0.665222;0.066179;-0.0186549;-5.38574
225.078;21.7726;0.688117;0.0165044;-0.0210046;-4.2394
233.904;21.7726;0.704914;-0.0355292;-0.0242659;-3.06897
242.729;21.7726;0.343296;-0.0604931;-0.0184119;-1.88229
-225.02;12.9472;0.726213;-0.0345451;-0.0122397;-2.3677
-216.194;12.9472;0.725841;-0.0589794;-0.0156905;-3.47203
-207.369;12.9472;0.672497;-0.0771305;-0.0157131;-4.49231
-198.543;12.9472;0.650417;-0.0984343;-0.0145939;-5.52651
-189.718;12.9472;0.660725;-0.121534;-0.018044;-6.58246
-180.892;12.9472;0.670722;-0.140883;-0.0235327;-7.64373
-172.067;12.9472;0.622312;-0.161091;-0.0296245;-8.65342
-163.242;12.9472;0.550836;-0.186819;-0.0356648;-9.66258
-154.416;12.9472;0.522097;-0.210183;-0.0434878;-10.6787
-145.591;12.9472;0.538477;-0.223473;-0.0512037;-11.684
-136.765;12.9472;0.52997;-0.232465;-0.0554723;-12.6632
-127.94;12.9472;0.51404;-0.241898;-0.059223;-13.6204
-119.114;12.9472;0.494617;-0.248716;-0.0574589;-14.5445
-110.289;12.9472;0.472794;-0.262159;-0.0522192;-15.4557
-101.463;12.9472;0.447809;-0.273811;-0.0431713;-16.3601
-92.6379;12.9472;0.424152;-0.271257;-0.0334171;-17.2201
-83.8124;12.9472;0.414244;-0.258429;-0.0251563;-18.0329
-74.987;12.9472;0.428188;-0.254388;-0.0205213;-18.8412
-66.1615;12.9472;0.430688;-0.249942;-0.0144767;-19.6045
-57.3361;12.9472;0.425056;-0.236215;-0.00511711;-20.3128
-48.5106;12.9472;0.448174;-0.217164;0.0102288;-20.9928
-39.6852;12.9472;0.520342;-0.195366;0.0316621;-21.6682
-30.8597;12.9472;0.628775;-0.170798;0.0546997;-22.2905
-22.0342;12.9472;0.750705;-0.13707;0.0767562;-22.835
-13.2088;12.9472;0.886777;-0.103602;0.10212;-23.3134
-4.38334;12.9472;0.918625;-0.0645689;0.126043;-23.6359
4.44212;12.9472;0.762969;-0.0103973;0.118232;-23.6045
13.2676;12.9472;0.520514;0.0831535;0.0670489;-23.4214
22.093;12.9472;0.424265;0.214948;-0.00167744;-23.3416
30.9185;12.9472;0.58329;0.317472;-0.0465889;-23.3205
39.7439;12.9472;0.5825;0.37701;-0.0646076;-23.05
48.5694;12.9472;0.500855;0.3974;-0.0629625;-22.5265
57.3948;12.9472;0.505271;0.417214;-0.0494948;-22.0277
66.2203;12.9472;0.66021;0.439044;-0.0364962;-21.5732
75.0458;12.9472;0.770601;0.448302;-0.0268655;-21.0074
83.8712;12.9472;0.689739;0.450889;-0.0231808;-20.2359
92.6967;12.9472;0.595222;0.447357;-0.0219747;-19.3901
101.522;12.9472;0.532223;0.444448;-0.0210182;-18.5451
110.348;12.9472;0.496348;0.433097;-0.020401;-17.6633
119.173;12.9472;0.456686;0.419051;-0.0177057;-16.7438
127.998;12.9472;0.446523;0.402128;-0.014998;-15.8081
136.824;12.9472;0.451835;0.381959;-0.016464;-14.8631
145.649;12.9472;0.454144;0.360079;-0.0209267;-13.9022
154.475;12.9472;0.449011;0.33848;-0.023978;-12.9235
163.3;12.9472;0.475258;0.31243;-0.0243746;-11.9253
172.126;12.9472;0.495312;0.283367;-0.0255613;-10.8993
180.951;12.9472;0.469334;0.250792;-0.0238776;-9.8047
189.777;12.9472;0.440424;0.213238;-0.0217675;-8.68662
198.602;12.9472;0.512888;0.168864;-0.0194039;-7.64363
207.428;12.9472;0.625062;0.123382;-0.0194486;-6.62574
216.253;12.9472;0.706425;0.0782447;-0.0203488;-5.55533
225.078;12.9472;0.739526;0.0288945;-0.0212511;-4.4087
233.904;12.9472;0.727439;-0.0271101;-0.0239791;-3.19262
242.729;12.9472;0.615942;-0.0654824;-0.020482;-1.94455
-233.845;4.12171;0.64131;-0.0133152;-0.0131644;-1.36486
-225.02;4.12171;0.720313;-0.0253845;-0.0177616;-2.43704
-216.194;4.12171;0.701407;-0.0509377;-0.0194856;-3.51321
-207.369;4.12171;0.590695;-0.0812308;-0.0170082;-4.54621
-198.543;4.12171;0.529861;-0.10868;-0.014777;-5.58004
-189.718;4.12171;0.54309;-0.131625;-0.0188053;-6.64456
-180.892;4.12171;0.603383;-0.152105;-0.0230588;-7.73485
-172.067;4.12171;0.567089;-0.176769;-0.027955;-8.77606
-163.242;4.12171;0.47528;-0.202253;-0.0354439;-9.80239
-154.416;4.12171;0.447919;-0.216294;-0.0480862;-10.821
-145.591;4.12171;0.503964;-0.219515;-0.0611267;-11.8214
-136.765;4.12171;0.511707;-0.231732;-0.0686385;-12.8216
-127.94;4.12171;0.496112;-0.244072;-0.0715194;-13.7938
-119.114;4.12171;0.485832;-0.251684;-0.0675314;-14.7274
-110.289;4.12171;0.472993;-0.265481;-0.0624082;-15.6586
-101.463;4.12171;0.442604;-0.276262;-0.0578434;-16.5653
-92.6379;4.12171;0.398254;-0.2735;-0.0536295;-17.4165
-83.8124;4.12171;0.369416;-0.26323;-0.0476177;-18.2256
-74.987;4.12171;0.38215;-0.261542;-0.0397588;-19.0484
-66.1615;4.12171;0.400456;-0.257988;-0.0340738;-19.838
-57.3361;4.12171;0.401448;-0.242363;-0.0283304;-20.5684
-48.5106;4.12171;0.414153;-0.219677;-0.0155558;-21.2616
-39.6852;4.12171;0.474938;-0.194985;0.00679851;-21.9517
-30.8597;4.12171;0.594404;-0.169603;0.0322725;-22.6011
-22.0342;4.12171;0.734883;-0.132423;0.0547843;-23.1762
-13.2088;4.12171;0.807572;-0.0917568;0.0750544;-23.6137
-4.38334;4.12171;0.511373;-0.0416639;0.0881478;-23.752
4.44212;4.12171;0.0737226;0.0275041;0.0660989;-23.5448
13.2676;4.12171;-0.144765;0.128214;0.00767849;-23.3653
22.093;4.12171;0.0490373;0.233968;-0.0509557;-23.3629
30.9185;4.12171;0.212286;0.3258;-0.088732;-23.3067
39.7439;4.12171;0.1346;0.384765;-0.111965;-22.9449
48.5694;4.12171;0.111664;0.412792;-0.114292;-22.4661
57.3948;4.12171;0.251721;0.440276;-0.0992463;-22.0826
66.2203;4.12171;0.50095;0.462662;-0.0793119;-21.7077
75.0458;4.12171;0.655497;0.47035;-0.0617302;-21.1771
83.8712;4.12171;0.576704;0.469765;-0.053021;-20.3873
92.6967;4.12171;0.444012;0.462944;-0.0492721;-19.4834
101.522;4.12171;0.326647;0.459622;-0.0455879;-18.5782
110.348;4.12171;0.260425;0.449249;-0.0423465;-17.6653
119.173;4.12171;0.257004;0.431268;-0.0377784;-16.76
127.998;4.12171;0.311554;0.412187;-0.0347334;-15.8691
136.824;4.12171;0.362784;0.395332;-0.0354134;-14.9635
145.649;4.12171;0.394481;0.376706;-0.0368336;-14.0225
154.475;4.12171;0.412147;0.353408;-0.0366065;-13.0421
163.3;4.12171;0.444187;0.327334;-0.0348857;-12.0419
172.126;4.12171;0.468355;0.299118;-0.0330736;-11.0161
180.951;4.12171;0.451117;0.265549;-0.0287104;-9.91585
189.777;4.12171;0.430231;0.226257;-0.02418;-8.78629
198.602;4.12171;0.47845;0.181132;-0.0210723;-7.70623
207.428;4.12171;0.600553;0.133496;-0.0210839;-6.68553
216.253;4.12171;0.686473;0.0881354;-0.0223504;-5.6186
225.078;4.12171;0.707491;0.0398402;-0.0221268;-4.46699
233.904;4.12171;0.668158;-0.0181689;-0.020973;-3.21718
242.729;4.12171;0.609833;-0.0619514;-0.0159097;-1.96056
251.555;4.12171;0.671823;-0.0527412;-0.0090065;-0.799852
-233.845;-4.70375;0.586829;-0.00824302;-0.0132536;-1.37328
-225.02;-4.70375;0.660359;-0.0208788;-0.0163485;-2.45558
-216.194;-4.70375;0.623554;-0.0501154;-0.017984;-3.52067
-207.369;-4.70375;0.49183;-0.0860815;-0.0166474;-4.54789
-198.543;-4.70375;0.421979;-0.113533;-0.0168063;-5.57172
-189.718;-4.70375;0.445935;-0.134314;-0.0207968;-6.63982
-180.892;-4.70375;0.554157;-0.157937;-0.0219385;-7.76551
-172.067;-4.70375;0.573258;-0.181216;-0.0263545;-8.84434
-163.242;-4.70375;0.522681;-0.195857;-0.0375618;-9.87813
-154.416;-4.70375;0.505238;-0.198736;-0.0548284;-10.8973
-145.591;-4.70375;0.540459;-0.200475;-0.0686609;-11.9015
-136.765;-4.70375;0.518629;-0.217611;-0.0771438;-12.9111
-127.94;-4.70375;0.480418;-0.234751;-0.0792713;-13.8873
-119.114;-4.70375;0.475863;-0.245958;-0.0746813;-14.829
-110.289;-4.70375;0.463953;-0.258623;-0.0709014;-15.7675
-101.463;-4.70375;0.426667;-0.266669;-0.0703985;-16.6716
-92.6379;-4.70375;0.373882;-0.265107;-0.0712314;-17.5228
-83.8124;-4.70375;0.333054;-0.25937;-0.0685202;-18.3396
-74.987;-4.70375;0.336883;-0.258042;-0.061178;-19.1697
-66.1615;-4.70375;0.356957;-0.254696;-0.0561053;-19.9688
-57.3361;-4.70375;0.363312;-0.240792;-0.0531525;-20.7146
-48.5106;-4.70375;0.376029;-0.218437;-0.0439866;-21.423
-39.6852;-4.70375;0.420881;-0.191528;-0.0260692;-22.1078
-30.8597;-4.70375;0.502915;-0.162619;-0.0056427;-22.7294
-22.0342;-4.70375;0.582725;-0.125128;0.0123226;-23.2485
-13.2088;-4.70375;0.52164;-0.0842555;0.0301682;-23.586
-4.38334;-4.70375;0.045381;-0.0282117;0.0407006;-23.5488
4.44212;-4.70375;-0.382368;0.0502572;0.0101571;-23.3358
13.2676;-4.70375;-0.370369;0.160248;-0.0469975;-23.3679
22.093;-4.70375;0.0774708;0.253944;-0.0959329;-23.5158
30.9185;-4.70375;0.20822;0.330037;-0.12159;-23.4517
39.7439;-4.70375;0.128764;0.379725;-0.143161;-23.041
48.5694;-4.70375;0.142907;0.411796;-0.148673;-22.6077
57.3948;-4.70375;0.279458;0.4399;-0.138399;-22.2205
66.2203;-4.70375;0.45502;0.461647;-0.120712;-21.7855
75.0458;-4.70375;0.543961;0.470121;-0.102573;-21.1895
83.8712;-4.70375;0.434408;0.469876;-0.0907056;-20.3529
92.6967;-4.70375;0.260757;0.4637;-0.08512;-19.4058
101.522;-4.70375;0.116511;0.45909;-0.0791953;-18.4707
110.348;-4.70375;0.0722964;0.450035;-0.0726946;-17.5863
119.173;-4.70375;0.165077;0.434766;-0.0654991;-16.7801
127.998;-4.70375;0.307964;0.418501;-0.0612829;-15.975
136.824;-4.70375;0.392569;0.404106;-0.0604162;-15.0967
145.649;-4.70375;0.437831;0.387791;-0.0585936;-14.1604
154.475;-4.70375;0.46951;0.362797;-0.0552395;-13.1691
163.3;-4.70375;0.504238;0.335745;-0.0518254;-12.1556
172.126;-4.70375;0.525109;0.30594;-0.0473801;-11.1145
180.951;-4.70375;0.498228;0.272069;-0.0393829;-10.006
189.777;-4.70375;0.458899;0.232744;-0.0305112;-8.86303
198.602;-4.70375;0.467099;0.188046;-0.0247329;-7.74326
207.428;-4.70375;0.568109;0.13986;-0.0243653;-6.68868
216.253;-4.70375;0.647953;0.0941694;-0.0243836;-5.6084
225.078;-4.70375;0.668646;0.0455125;-0.0215804;-4.45114
233.904;-4.70375;0.627412;-0.0107915;-0.0160895;-3.2029
242.729;-4.70375;0.563226;-0.0538211;-0.0108292;-1.96876
251.555;-4.70375;0.623722;-0.0487239;-0.00804672;-0.817631
-233.845;-13.5292;0.587594;0.00222127;-0.00790428;-1.35111
-225.02;-13.5292;0.641943;-0.0107953;-0.00876471;-2.45714
-216.194;-13.5292;0.607711;-0.0401922;-0.00864143;-3.52341
-207.369;-13.5292;0.536124;-0.0766635;-0.0109501;-4.56833
-198.543;-13.5292;0.493033;-0.104865;-0.0154439;-5.60954
-189.718;-13.5292;0.510879;-0.126426;-0.0210025;-6.68248
-180.892;-13.5292;0.594181;-0.150988;-0.0238098;-7.80452
-172.067;-13.5292;0.596452;-0.170883;-0.0319996;-8.88651
-163.242;-13.5292;0.54583;-0.178544;-0.0471316;-9.9125
-154.416;-13.5292;0.525537;-0.179266;-0.0647083;-10.9332
-145.591;-13.5292;0.541726;-0.184996;-0.0754311;-11.9425
-136.765;-13.5292;0.505707;-0.202158;-0.0813709;-12.944
-127.94;-13.5292;0.46875;-0.218333;-0.0842021;-13.9071
-119.114;-13.5292;0.46394;-0.233626;-0.0831691;-14.8578
-110.289;-13.5292;0.441703;-0.246495;-0.0837782;-15.7931
-101.463;-13.5292;0.397053;-0.252374;-0.0870138;-16.6895
-92.6379;-13.5292;0.351009;-0.251519;-0.0909131;-17.5448
-83.8124;-13.5292;0.323218;-0.248638;-0.0919079;-18.3826
-74.987;-13.5292;0.316737;-0.244513;-0.0899178;-19.2066
-66.1615;-13.5292;0.323542;-0.236827;-0.0884969;-19.9914
-57.3361;-13.5292;0.31604;-0.22561;-0.0858759;-20.7392
-48.5106;-13.5292;0.328747;-0.207548;-0.0767866;-21.4526
-39.6852;-13.5292;0.375191;-0.180638;-0.065222;-22.1317
-30.8597;-13.5292;0.435156;-0.148246;-0.0551786;-22.7171
-22.0342;-13.5292;0.456142;-0.111058;-0.0456355;-23.1758
-13.2088;-13.5292;0.312479;-0.0680221;-0.0321649;-23.4629
-4.38334;-13.5292;-0.0890527;-0.00160684;-0.0239142;-23.4652
4.44212;-13.5292;-0.239082;0.0863994;-0.0527874;-23.4609
13.2676;-13.5292;-0.000141692;0.188379;-0.102091;-23.6359
22.093;-13.5292;0.373564;0.269836;-0.139931;-23.7744
30.9185;-13.5292;0.366965;0.324821;-0.151735;-23.611
39.7439;-13.5292;0.294649;0.363544;-0.167791;-23.1702
48.5694;-13.5292;0.299878;0.397011;-0.175409;-22.7393
57.3948;-13.5292;0.350282;0.423695;-0.170356;-22.2695
66.2203;-13.5292;0.40159;0.44431;-0.156749;-21.7222
75.0458;-13.5292;0.420153;0.455381;-0.140321;-21.0572
83.8712;-13.5292;0.301579;0.461701;-0.126029;-20.2196
92.6967;-13.5292;0.126453;0.462845;-0.117401;-19.2931
101.522;-13.5292;0.0290961;0.458656;-0.108348;-18.408
110.348;-13.5292;0.0883011;0.449782;-0.0998873;-17.6272
119.173;-13.5292;0.303357;0.437055;-0.0925551;-16.9357
127.998;-13.5292;0.504357;0.424757;-0.0886732;-16.1847
136.824;-13.5292;0.541989;0.412444;-0.0842706;-15.2681
145.649;-13.5292;0.549204;0.394547;-0.0777232;-14.2876
154.475;-13.5292;0.586949;0.368518;-0.072192;-13.2853
163.3;-13.5292;0.625654;0.339988;-0.0672637;-12.258
172.126;-13.5292;0.615866;0.308557;-0.0606351;-11.1803
180.951;-13.5292;0.555324;0.273426;-0.0503382;-10.0451
189.777;-13.5292;0.491494;0.233937;-0.0396098;-8.8863
198.602;-13.5292;0.481858;0.190093;-0.0326059;-7.74751
207.428;-13.5292;0.579637;0.141721;-0.0311507;-6.6757
216.253;-13.5292;0.672441;0.0938783;-0.0278485;-5.59074
225.078;-13.5292;0.707555;0.0424668;-0.0199793;-4.43632
233.904;-13.5292;0.693299;-0.00809527;-0.0115907;-3.21365
242.729;-13.5292;0.677379;-0.0480334;-0.00647674;-1.98786
-233.845;-22.3547;0.594305;0.00864844;-0.00223969;-1.31883
-225.02;-22.3547;0.650664;0.00362805;-0.00339334;-2.4008
-216.194;-22.3547;0.616242;-0.0287294;-0.00284999;-3.48454
-207.369;-22.3547;0.589395;-0.0641977;-0.00647102;-4.55853
-198.543;-22.3547;0.599601;-0.0902844;-0.0131355;-5.61995
-189.718;-22.3547;0.618345;-0.112878;-0.0189844;-6.70056
-180.892;-22.3547;0.648635;-0.135288;-0.0260596;-7.78749
-172.067;-22.3547;0.58451;-0.151263;-0.040375;-8.83943
-163.242;-22.3547;0.505659;-0.156691;-0.0591124;-9.84546
-154.416;-22.3547;0.488878;-0.161832;-0.0739487;-10.8714
-145.591;-22.3547;0.510574;-0.174628;-0.0823046;-11.8968
-136.765;-22.3547;0.49563;-0.191227;-0.0893832;-12.9042
-127.94;-22.3547;0.47266;-0.2067;-0.0957926;-13.8759
-119.114;-22.3547;0.460016;-0.22367;-0.0995313;-14.8357
-110.289;-22.3547;0.416012;-0.235898;-0.104209;-15.7564
-101.463;-22.3547;0.359792;-0.240759;-0.110157;-16.636
-92.6379;-22.3547;0.325532;-0.24093;-0.115809;-17.4911
-83.8124;-22.3547;0.32305;-0.239145;-0.120335;-18.3451
-74.987;-22.3547;0.319863;-0.231517;-0.124149;-19.1566
-66.1615;-22.3547;0.307588;-0.21854;-0.127086;-19.9141
-57.3361;-22.3547;0.276098;-0.208149;-0.123876;-20.6431
-48.5106;-22.3547;0.282678;-0.192384;-0.114128;-21.3471
-39.6852;-22.3547;0.345994;-0.165193;-0.108254;-22.0195
-30.8597;-22.3547;0.426049;-0.129248;-0.109402;-22.5982
-22.0342;-22.3547;0.442885;-0.0884295;-0.111675;-23.0517
-13.2088;-22.3547;0.334516;-0.0383799;-0.109038;-23.3391
-4.38334;-22.3547;0.135706;0.0270928;-0.10609;-23.4426
4.44212;-22.3547;0.213395;0.11247;-0.128995;-23.6034
13.2676;-22.3547;0.429763;0.19426;-0.158053;-23.7559
22.093;-22.3547;0.499363;0.255449;-0.172528;-23.751
30.9185;-22.3547;0.378285;0.302979;-0.172861;-23.4532
39.7439;-22.3547;0.325632;0.343917;-0.185851;-23.0378
48.5694;-22.3547;0.342644;0.379243;-0.195171;-22.6206
57.3948;-22.3547;0.351324;0.40563;-0.193748;-22.1128
66.2203;-22.3547;0.339289;0.424836;-0.183318;-21.5111
75.0458;-22.3547;0.335253;0.437298;-0.169118;-20.8405
83.8712;-22.3547;0.2797;0.448129;-0.154869;-20.0871
92.6967;-22.3547;0.176577;0.455745;-0.143847;-19.2574
101.522;-22.3547;0.180236;0.453126;-0.131672;-18.473
110.348;-22.3547;0.346415;0.444044;-0.121898;-17.7827
119.173;-22.3547;0.613049;0.431498;-0.116593;-17.1213
127.998;-22.3547;0.728912;0.422287;-0.113018;-16.3005
136.824;-22.3547;0.64122;0.409714;-0.104567;-15.2771
145.649;-22.3547;0.587142;0.392424;-0.0930465;-14.2496
154.475;-22.3547;0.633909;0.367695;-0.0840573;-13.2583
163.3;-22.3547;0.71162;0.338106;-0.0766375;-12.2583
172.126;-22.3547;0.718391;0.305224;-0.069279;-11.1905
180.951;-22.3547;0.671426;0.268031;-0.0581422;-10.063
189.777;-22.3547;0.628721;0.226619;-0.0462079;-8.91645
198.602;-22.3547;0.640301;0.181994;-0.037246;-7.789
207.428;-22.3547;0.724415;0.134304;-0.0330037;-6.7032
216.253;-22.3547;0.811812;0.0844901;-0.0261293;-5.5985
225.078;-22.3547;0.853397;0.0311331;-0.0147569;-4.43093
233.904;-22.3547;0.827459;-0.0148878;-0.00577221;-3.22378
242.729;-22.3547;0.791608;-0.0433412;-0.00154033;-2.03313
-233.845;-31.1801;0.614076;0.0203223;0.00310851;-1.25425
-225.02;-31.1801;0.595656;0.00119584;0.00113805;-2.32261
-216.194;-31.1801;0.562302;-0.0213994;-0.000328859;-3.3848
-207.369;-31.1801;0.551527;-0.0547897;-0.00418696;-4.47511
-198.543;-31.1801;0.601751;-0.0810843;-0.00940821;-5.55764
-189.718;-31.1801;0.630051;-0.104245;-0.0165472;-6.6351
-180.892;-31.1801;0.635522;-0.120577;-0.0285247;-7.69191
-172.067;-31.1801;0.550803;-0.128052;-0.0481254;-8.71943
-163.242;-31.1801;0.471253;-0.132297;-0.068473;-9.72488
-154.416;-31.1801;0.462374;-0.143785;-0.0810997;-10.7578
-145.591;-31.1801;0.493008;-0.163391;-0.090094;-11.7926
-136.765;-31.1801;0.500851;-0.182986;-0.101788;-12.8124
-127.94;-31.1801;0.495423;-0.202173;-0.11385;-13.8158
-119.114;-31.1801;0.471417;-0.218099;-0.120739;-14.7724
-110.289;-31.1801;0.40767;-0.228168;-0.127134;-15.6693
-101.463;-31.1801;0.337795;-0.232684;-0.135021;-16.5218
-92.6379;-31.1801;0.305451;-0.234489;-0.142748;-17.3622
-83.8124;-31.1801;0.318424;-0.233669;-0.15088;-18.2121
-74.987;-31.1801;0.328877;-0.225095;-0.158232;-19.016
-66.1615;-31.1801;0.303383;-0.212236;-0.162887;-19.7375
-57.3361;-31.1801;0.263655;-0.199037;-0.160356;-20.489
-48.5106;-31.1801;0.26949;-0.144086;-0.149282;-21.7478
-39.6852;-31.1801;0.340344;-0.130558;-0.150295;-22.1038
-30.8597;-31.1801;0.431562;-0.115686;-0.158821;-22.3417
-22.0342;-31.1801;0.455733;-0.0671491;-0.166065;-22.8154
-13.2088;-31.1801;0.418518;-0.0129431;-0.171504;-23.0985
-4.38334;-31.1801;0.349786;0.0504265;-0.178166;-23.2487
4.44212;-31.1801;0.36403;0.116922;-0.189502;-23.3983
13.2676;-31.1801;0.427513;0.180908;-0.197887;-23.4828
22.093;-31.1801;0.438535;0.238586;-0.199912;-23.4105
30.9185;-31.1801;0.342024;0.284502;-0.198525;-23.1191
39.7439;-31.1801;0.334711;0.323602;-0.205457;-22.7503
48.5694;-31.1801;0.358249;0.359328;-0.211618;-22.3478
57.3948;-31.1801;0.352648;0.387648;-0.210138;-21.8456
66.2203;-31.1801;0.332375;0.407396;-0.201138;-21.2497
75.0458;-31.1801;0.339282;0.420822;-0.188377;-20.6045
83.8712;-31.1801;0.341387;0.433764;-0.175483;-19.9323
92.6967;-31.1801;0.313877;0.44411;-0.162467;-19.1956
101.522;-31.1801;0.381321;0.444139;-0.148326;-18.4826
110.348;-31.1801;0.553308;0.437272;-0.138116;-17.8019
119.173;-31.1801;0.74457;0.425727;-0.13419;-17.073
127.998;-31.1801;0.765873;0.414348;-0.130574;-16.1583
136.824;-31.1801;0.616526;0.399443;-0.118112;-15.0721
145.649;-31.1801;0.552903;0.380941;-0.103325;-14.0301
154.475;-31.1801;0.617078;0.358025;-0.0924578;-13.0594
163.3;-31.1801;0.721476;0.329882;-0.0829957;-12.0923
172.126;-31.1801;0.768816;0.296786;-0.0736063;-11.0697
180.951;-31.1801;0.762551;0.259148;-0.0620597;-9.98303
189.777;-31.1801;0.75484;0.216716;-0.0507156;-8.8668
198.602;-31.1801;0.779572;0.170238;-0.0403841;-7.7476
207.428;-31.1801;0.826531;0.122837;-0.0324091;-6.63525
216.253;-31.1801;0.89464;0.0725583;-0.0232575;-5.51112
225.078;-31.1801;0.947507;0.0201505;-0.0125149;-4.34333
233.904;-31.1801;0.928101;-0.0269262;-0.00331816;-3.11146
242.729;-31.1801;0.878017;-0.0483429;-0.00047773;-1.9478
-225.02;-40.0056;0.53267;0.0158624;0.00382075;-2.1551
-216.194;-40.0056;0.463096;-0.00983686;-0.000540493;-3.21039
-207.369;-40.0056;0.496152;-0.0361304;-0.00404173;-4.29841
-198.543;-40.0056;0.553596;-0.0679522;-0.00669326;-5.4141
-189.718;-40.0056;0.559877;-0.0930565;-0.0170525;-6.49066
-180.892;-40.0056;0.550657;-0.102499;-0.0360162;-7.53197
-172.067;-40.0056;0.517587;-0.104009;-0.0598579;-8.55314
-163.242;-40.0056;0.483863;-0.110757;-0.0793637;-9.57849
-154.416;-40.0056;0.475939;-0.12752;-0.0906152;-10.6062
-145.591;-40.0056;0.489866;-0.150822;-0.100841;-11.628
-136.765;-40.0056;0.497651;-0.174323;-0.115161;-12.6425
-127.94;-40.0056;0.512233;-0.196794;-0.129365;-13.663
-119.114;-40.0056;0.491157;-0.210412;-0.137153;-14.6227
-110.289;-40.0056;0.427869;-0.218284;-0.143712;-15.5094
-101.463;-40.0056;0.352606;-0.222424;-0.15277;-16.3396
-92.6379;-40.0056;0.311713;-0.225005;-0.163476;-17.1584
-83.8124;-40.0056;0.320076;-0.224703;-0.176445;-17.9933
-74.987;-40.0056;0.32875;-0.217326;-0.18683;-18.7856
-66.1615;-40.0056;0.301596;-0.205259;-0.192336;-19.5076
-30.8597;-40.0056;0.396887;-0.104659;-0.200317;-22.0207
-22.0342;-40.0056;0.374204;-0.0521697;-0.204823;-22.4485
-13.2088;-40.0056;0.37098;0.00422971;-0.209831;-22.7263
-4.38334;-40.0056;0.359939;0.0644056;-0.217737;-22.8916
4.44212;-40.0056;0.358153;0.120712;-0.223858;-22.9889
13.2676;-40.0056;0.360885;0.173011;-0.223345;-23.0108
22.093;-40.0056;0.351181;0.221603;-0.218234;-22.9192
30.9185;-40.0056;0.316683;0.264187;-0.218002;-22.6786
39.7439;-40.0056;0.306453;0.302913;-0.222675;-22.3428
48.5694;-40.0056;0.307136;0.337656;-0.224055;-21.9437
57.3948;-40.0056;0.299846;0.367507;-0.219295;-21.4592
66.2203;-40.0056;0.298297;0.39128;-0.211027;-20.8996
75.0458;-40.0056;0.320123;0.409022;-0.202406;-20.291
83.8712;-40.0056;0.340604;0.421941;-0.191419;-19.6448
92.6967;-40.0056;0.347603;0.42815;-0.177101;-18.9372
101.522;-40.0056;0.404648;0.429738;-0.162482;-18.2269
110.348;-40.0056;0.504101;0.426086;-0.152406;-17.4968
119.173;-40.0056;0.590771;0.415443;-0.148075;-16.6869
127.998;-40.0056;0.572855;0.401103;-0.143474;-15.7321
136.824;-40.0056;0.483158;0.38508;-0.128977;-14.6903
145.649;-40.0056;0.470106;0.365732;-0.112826;-13.682
154.475;-40.0056;0.542991;0.344208;-0.100018;-12.7236
163.3;-40.0056;0.639676;0.316912;-0.088559;-11.7639
172.126;-40.0056;0.70854;0.283794;-0.0785674;-10.7773
180.951;-40.0056;0.734728;0.247785;-0.0684596;-9.73308
189.777;-40.0056;0.749512;0.207513;-0.0588555;-8.64796
198.602;-40.0056;0.767098;0.162825;-0.048948;-7.53522
207.428;-40.0056;0.77246;0.118242;-0.0388904;-6.40621
216.253;-40.0056;0.816959;0.0705229;-0.0298312;-5.2761
225.078;-40.0056;0.878216;0.0186572;-0.0201948;-4.12109
233.904;-40.0056;0.918452;-0.0292561;-0.0115334;-2.91722
242.729;-40.0056;0.931893;-0.0480368;-0.00542426;-1.75476
-225.02;-48.831;0.515857;0.0373626;0.00385807;-1.9767
-216.194;-48.831;0.424254;0.00558505;-0.00264669;-3.03434
-207.369;-48.831;0.498711;-0.0156008;-0.00443286;-4.11571
-198.543;-48.831;0.547367;-0.0467493;-0.00665416;-5.238
-189.718;-48.831;0.504605;-0.0679644;-0.0221104;-6.29904
-180.892;-48.831;0.473506;-0.0708681;-0.0488827;-7.32367
-172.067;-48.831;0.501996;-0.0786352;-0.0755656;-8.35728
-163.242;-48.831;0.515844;-0.0963554;-0.0930125;-9.41031
-154.416;-48.831;0.489773;-0.118638;-0.10306;-10.4181
-145.591;-48.831;0.454701;-0.143243;-0.113008;-11.4071
-136.765;-48.831;0.445926;-0.166008;-0.126506;-12.395
-127.94;-48.831;0.478667;-0.182759;-0.137961;-13.4045
-119.114;-48.831;0.494499;-0.192676;-0.145905;-14.3589
-110.289;-48.831;0.448697;-0.199354;-0.153948;-15.2488
-101.463;-48.831;0.388004;-0.204079;-0.163665;-16.0809
-92.6379;-48.831;0.354476;-0.207315;-0.176144;-16.8934
-83.8124;-48.831;0.352069;-0.207042;-0.193213;-17.7084
-74.987;-48.831;0.346714;-0.200997;-0.207116;-18.4824
-66.1615;-48.831;0.319148;-0.189818;-0.214255;-19.18
-57.3361;-48.831;0.295741;-0.181049;-0.21469;-19.8686
-30.8597;-48.831;0.30573;-0.0967432;-0.23405;-21.5675
-22.0342;-48.831;0.266388;-0.0441724;-0.233965;-21.9592
-13.2088;-48.831;0.289453;0.0137735;-0.232809;-22.2343
-4.38334;-48.831;0.317518;0.0702172;-0.235242;-22.4042
4.44212;-48.831;0.317354;0.121529;-0.239473;-22.4823
13.2676;-48.831;0.295406;0.166726;-0.237826;-22.467
22.093;-48.831;0.270047;0.207264;-0.230677;-22.3524
30.9185;-48.831;0.253287;0.246066;-0.23128;-22.1354
39.7439;-48.831;0.229512;0.283016;-0.236239;-21.8096
48.5694;-48.831;0.210156;0.317039;-0.238718;-21.4115
57.3948;-48.831;0.209125;0.347656;-0.235776;-20.95
66.2203;-48.831;0.217038;0.374605;-0.229675;-20.4186
75.0458;-48.831;0.219822;0.395198;-0.224125;-19.811
83.8712;-48.831;0.205306;0.407834;-0.217444;-19.1468
92.6967;-48.831;0.212207;0.409371;-0.203723;-18.4395
101.522;-48.831;0.228369;0.409504;-0.188322;-17.6951
110.348;-48.831;0.251333;0.406494;-0.176527;-16.9064
119.173;-48.831;0.27681;0.397099;-0.168777;-16.0599
127.998;-48.831;0.294588;0.383276;-0.160169;-15.1488
136.824;-48.831;0.331697;0.368428;-0.144653;-14.2226
145.649;-48.831;0.38887;0.35013;-0.126576;-13.2796
154.475;-48.831;0.455767;0.329311;-0.109561;-12.3277
163.3;-48.831;0.516834;0.302152;-0.0946016;-11.355
172.126;-48.831;0.564363;0.270005;-0.0841096;-10.3689
180.951;-48.831;0.584572;0.237794;-0.0757458;-9.33585
189.777;-48.831;0.593898;0.202158;-0.0681924;-8.26152
198.602;-48.831;0.60205;0.159921;-0.0590558;-7.15436
207.428;-48.831;0.60957;0.117547;-0.0485438;-6.04854
216.253;-48.831;0.655738;0.0705807;-0.0390414;-4.92704
225.078;-48.831;0.718018;0.0188891;-0.0319041;-3.791
233.904;-48.831;0.773504;-0.0352307;-0.0250826;-2.6049
242.729;-48.831;0.791984;-0.0632132;-0.0153016;-1.44142
-225.02;-57.6565;0.587531;0.059839;0.0036427;-1.83613
-216.194;-57.6565;0.49407;0.0209494;-0.00313504;-2.87825
-207.369;-57.6565;0.546607;-0.00419532;-0.00144569;-3.94668
-198.543;-57.6565;0.587229;-0.0235843;-0.00600382;-5.04038
-189.718;-57.6565;0.526642;-0.0317909;-0.0294034;-6.08882
-180.892;-57.6565;0.496452;-0.0295212;-0.0586316;-7.09679
-172.067;-57.6565;0.513218;-0.0491253;-0.0832425;-8.13044
-163.242;-57.6565;0.51169;-0.0769243;-0.0983957;-9.17423
-154.416;-57.6565;0.466042;-0.102514;-0.108068;-10.15
-145.591;-57.6565;0.403086;-0.127783;-0.118237;-11.1062
-136.765;-57.6565;0.375567;-0.14889;-0.13139;-12.0674
-127.94;-57.6565;0.432479;-0.163872;-0.141315;-13.0618
-119.114;-57.6565;0.46182;-0.172996;-0.150119;-14.0073
-110.289;-57.6565;0.424836;-0.178058;-0.160757;-14.8939
-101.463;-57.6565;0.381769;-0.181462;-0.172498;-15.723
-92.6379;-57.6565;0.353058;-0.187073;-0.184217;-16.5283
-83.8124;-57.6565;0.333775;-0.191194;-0.199707;-17.3241
-74.987;-57.6565;0.319523;-0.18564;-0.217179;-18.0742
-66.1615;-57.6565;0.308185;-0.17607;-0.230677;-18.7542
-57.3361;-57.6565;0.290254;-0.165467;-0.235656;-19.4012
-30.8597;-57.6565;0.265825;-0.0865039;-0.263603;-20.9756
-22.0342;-57.6565;0.220834;-0.0381299;-0.263356;-21.3657
-13.2088;-57.6565;0.222781;0.0155922;-0.260907;-21.6496
-4.38334;-57.6565;0.247654;0.0685891;-0.260928;-21.8294
4.44212;-57.6565;0.252111;0.116343;-0.262465;-21.9013
13.2676;-57.6565;0.225845;0.15817;-0.259433;-21.8649
22.093;-57.6565;0.191469;0.195471;-0.251051;-21.7323
30.9185;-57.6565;0.17395;0.230894;-0.250579;-21.5125
39.7439;-57.6565;0.15345;0.266603;-0.257651;-21.1967
48.5694;-57.6565;0.138388;0.300499;-0.264341;-20.8198
57.3948;-57.6565;0.144304;0.331361;-0.266992;-20.3839
66.2203;-57.6565;0.138564;0.358621;-0.264571;-19.8552
75.0458;-57.6565;0.0958834;0.377057;-0.259697;-19.2098
83.8712;-57.6565;0.0292276;0.39189;-0.256071;-18.5328
92.6967;-57.6565;0.0249584;0.395448;-0.24575;-17.8441
101.522;-57.6565;0.0238432;0.394961;-0.231583;-17.0928
110.348;-57.6565;0.0304239;0.389961;-0.217512;-16.2895
119.173;-57.6565;0.0712627;0.380511;-0.204322;-15.4642
127.998;-57.6565;0.181439;0.366633;-0.188779;-14.6415
136.824;-57.6565;0.302636;0.351074;-0.16835;-13.797
145.649;-57.6565;0.393196;0.333082;-0.144669;-12.9076
154.475;-57.6565;0.45626;0.311114;-0.122337;-11.9769
163.3;-57.6565;0.506113;0.282626;-0.103419;-11.0102
172.126;-57.6565;0.561556;0.250666;-0.0901365;-10.0306
180.951;-57.6565;0.595027;0.221149;-0.0801506;-9.01078
189.777;-57.6565;0.614899;0.187732;-0.0714898;-7.95286
198.602;-57.6565;0.634278;0.1451;-0.0598691;-6.86301
207.428;-57.6565;0.667311;0.102084;-0.0481833;-5.78421
216.253;-57.6565;0.723814;0.0543634;-0.0389837;-4.67705
225.078;-57.6565;0.755971;0.00331957;-0.0327764;-3.53701
233.904;-57.6565;0.771143;-0.0449182;-0.0268148;-2.343
242.729;-57.6565;0.782254;-0.0874262;-0.014699;-1.14296
-216.194;-66.4819;0.57222;0.0335343;0.00266526;-2.6883
-207.369;-66.4819;0.575619;0.00630616;0.00265062;-3.72923
-198.543;-66.4819;0.58704;-0.0053953;-0.00909013;-4.78083
-189.718;-66.4819;0.554669;0.00142656;-0.0371699;-5.78621
-180.892;-66.4819;0.515707;-0.00217277;-0.0614458;-6.79149
-172.067;-66.4819;0.500194;-0.0258207;-0.0804349;-7.81381
-163.242;-66.4819;0.491612;-0.0532207;-0.0933559;-8.83953
-154.416;-66.4819;0.460068;-0.0777291;-0.104524;-9.81255
-145.591;-66.4819;0.403016;-0.102217;-0.117687;-10.7601
-136.765;-66.4819;0.353459;-0.125356;-0.132589;-11.6996
-127.94;-66.4819;0.348489;-0.148083;-0.145011;-12.674
-119.114;-66.4819;0.353017;-0.160854;-0.157542;-13.6034
-110.289;-66.4819;0.331421;-0.162276;-0.171561;-14.4677
-101.463;-66.4819;0.308996;-0.163045;-0.186415;-15.2823
-92.6379;-66.4819;0.283221;-0.170362;-0.199062;-16.0734
-83.8124;-66.4819;0.253346;-0.177549;-0.214765;-16.848
-74.987;-66.4819;0.236845;-0.172221;-0.235318;-17.5742
-66.1615;-66.4819;0.247248;-0.160943;-0.255906;-18.2429
-57.3361;-66.4819;0.245448;-0.146327;-0.268849;-18.8506
-30.8597;-66.4819;0.265364;-0.0687228;-0.302085;-20.3506
-22.0342;-66.4819;0.240611;-0.027714;-0.3086;-20.7415
-13.2088;-66.4819;0.203674;0.01765;-0.312323;-21.0152
-4.38334;-66.4819;0.19594;0.064924;-0.312746;-21.1843
4.44212;-66.4819;0.206474;0.107653;-0.310174;-21.2505
13.2676;-66.4819;0.19305;0.14652;-0.303151;-21.2111
22.093;-66.4819;0.164562;0.183374;-0.292019;-21.0841
30.9185;-66.4819;0.153206;0.217513;-0.286973;-20.871
39.7439;-66.4819;0.156183;0.252313;-0.290866;-20.581
48.5694;-66.4819;0.168478;0.284159;-0.296662;-20.2408
57.3948;-66.4819;0.18255;0.314005;-0.303512;-19.829
66.2203;-66.4819;0.166936;0.340737;-0.305223;-19.3098
75.0458;-66.4819;0.113126;0.359554;-0.29732;-18.6792
83.8712;-66.4819;0.0559162;0.375354;-0.288501;-18.0312
92.6967;-66.4819;0.0590242;0.383988;-0.278523;-17.3757
101.522;-66.4819;0.086507;0.38438;-0.264503;-16.6628
110.348;-66.4819;0.142358;0.37502;-0.24738;-15.8977
119.173;-66.4819;0.242274;0.360199;-0.229416;-15.1156
127.998;-66.4819;0.401243;0.3452;-0.209812;-14.3475
136.824;-66.4819;0.58358;0.326846;-0.187156;-13.564
145.649;-66.4819;0.672661;0.307265;-0.160266;-12.6992
154.475;-66.4819;0.694372;0.284394;-0.134683;-11.7569
163.3;-66.4819;0.696603;0.256963;-0.112092;-10.7631
172.126;-66.4819;0.724576;0.227111;-0.0939716;-9.76079
180.951;-66.4819;0.735994;0.199577;-0.0792745;-8.73098
189.777;-66.4819;0.737141;0.16617;-0.0678029;-7.66553
198.602;-66.4819;0.742636;0.123102;-0.0543737;-6.57223
207.428;-66.4819;0.768098;0.0799373;-0.0433104;-5.49132
216.253;-66.4819;0.804414;0.034275;-0.0352564;-4.38274
225.078;-66.4819;0.786447;-0.0123478;-0.0309138;-3.23786
233.904;-66.4819;0.76789;-0.055;-0.0252905;-2.04421
-216.194;-75.3074;0.605649;0.0551532;0.012075;-2.4254
-207.369;-75.3074;0.553423;0.0253899;0.00719274;-3.43292
-198.543;-75.3074;0.497033;0.0121534;-0.0159789;-4.4518
-189.718;-75.3074;0.415672;0.0065092;-0.0463834;-5.45467
-180.892;-75.3074;0.383445;-0.00455865;-0.0682964;-6.45199
-172.067;-75.3074;0.388087;-0.0268277;-0.0845661;-7.4558
-163.242;-75.3074;0.40354;-0.0491193;-0.0974837;-8.46327
-154.416;-75.3074;0.407959;-0.0671624;-0.109097;-9.43167
-145.591;-75.3074;0.385525;-0.0858987;-0.122601;-10.3684
-136.765;-75.3074;0.339465;-0.108271;-0.138709;-11.2813
-127.94;-75.3074;0.298249;-0.132875;-0.156272;-12.2206
-119.114;-75.3074;0.272596;-0.149285;-0.173651;-13.1301
-110.289;-75.3074;0.254781;-0.150988;-0.191083;-13.9788
-101.463;-75.3074;0.245834;-0.149534;-0.210214;-14.7815
-92.6379;-75.3074;0.225623;-0.155731;-0.226123;-15.5556
-83.8124;-75.3074;0.196541;-0.16282;-0.243398;-16.3118
-74.987;-75.3074;0.18578;-0.157158;-0.265171;-17.0191
-66.1615;-75.3074;0.208471;-0.143743;-0.288309;-17.6803
-57.3361;-75.3074;0.215963;-0.126127;-0.308428;-18.2608
-48.5106;-75.3074;0.209383;-0.0541104;-0.35261;-19.5475
-39.6852;-75.3074;0.236846;-0.0206339;-0.363557;-20.0363
-30.8597;-75.3074;0.282622;-0.049275;-0.345946;-19.704
-22.0342;-75.3074;0.297428;-0.0155368;-0.358627;-20.0781
-13.2088;-75.3074;0.252745;0.0243888;-0.371268;-20.3479
-4.38334;-75.3074;0.223328;0.0659399;-0.369737;-20.499
4.44212;-75.3074;0.240142;0.103879;-0.363112;-20.575
13.2676;-75.3074;0.25426;0.140475;-0.355426;-20.5763
22.093;-75.3074;0.252437;0.174527;-0.346824;-20.479
30.9185;-75.3074;0.255173;0.205712;-0.336701;-20.2873
39.7439;-75.3074;0.288289;0.233951;-0.325417;-20.0267
48.5694;-75.3074;0.328097;0.261174;-0.321657;-19.7129
57.3948;-75.3074;0.367727;0.289279;-0.330524;-19.3353
66.2203;-75.3074;0.419531;0.313935;-0.336502;-18.8862
75.0458;-75.3074;0.467786;0.332721;-0.324785;-18.3637
83.8712;-75.3074;0.479251;0.348677;-0.309905;-17.7843
92.6967;-75.3074;0.431047;0.363531;-0.298911;-17.1179
101.522;-75.3074;0.495407;0.36227;-0.282766;-16.4384
110.348;-75.3074;0.613508;0.350888;-0.2608;-15.7363
119.173;-75.3074;0.720651;0.33573;-0.238662;-14.9825
127.998;-75.3074;0.790333;0.32246;-0.218322;-14.1717
136.824;-75.3074;0.928388;0.302604;-0.194117;-13.3722
145.649;-75.3074;0.97511;0.280535;-0.16554;-12.4762
154.475;-75.3074;0.959686;0.255057;-0.137692;-11.5012
163.3;-75.3074;0.928104;0.226931;-0.112162;-10.4807
172.126;-75.3074;0.922018;0.198328;-0.0901566;-9.44893
180.951;-75.3074;0.896167;0.172055;-0.071843;-8.39812
189.777;-75.3074;0.860502;0.138785;-0.0580236;-7.31529
198.602;-75.3074;0.835382;0.0983521;-0.0454291;-6.21473
207.428;-75.3074;0.836327;0.0571047;-0.0364059;-5.12087
216.253;-75.3074;0.840103;0.0139924;-0.0286635;-4.00242
225.078;-75.3074;0.789707;-0.0276367;-0.0246657;-2.86173
233.904;-75.3074;0.77606;-0.0570274;-0.0208775;-1.72671
-216.194;-84.1328;0.649413;0.0759089;0.0193737;-2.08784
-207.369;-84.1328;0.510359;0.0537247;0.0108272;-3.06042
-198.543;-84.1328;0.415787;0.0315169;-0.0196049;-4.06589
-189.718;-84.1328;0.336162;0.0137342;-0.0496415;-5.06396
-180.892;-84.1328;0.309282;-0.00390272;-0.0718366;-6.05652
-172.067;-84.1328;0.326409;-0.0270606;-0.0885189;-7.05396
-163.242;-84.1328;0.339865;-0.0493966;-0.103876;-8.04777
-154.416;-84.1328;0.342576;-0.0661566;-0.118356;-9.00505
-145.591;-84.1328;0.338716;-0.0801688;-0.13325;-9.92527
-136.765;-84.1328;0.324702;-0.0968819;-0.149895;-10.823
-127.94;-84.1328;0.296056;-0.117861;-0.171493;-11.7348
-119.114;-84.1328;0.26949;-0.135173;-0.194298;-12.6288
-110.289;-84.1328;0.26492;-0.140362;-0.216412;-13.4733
-101.463;-84.1328;0.262516;-0.139238;-0.241294;-14.2722
-92.6379;-84.1328;0.246482;-0.141977;-0.261619;-15.0333
-83.8124;-84.1328;0.225029;-0.145445;-0.278953;-15.7656
-74.987;-84.1328;0.222802;-0.1398;-0.297956;-16.4525
-66.1615;-84.1328;0.248267;-0.126854;-0.318601;-17.1037
-57.3361;-84.1328;0.256403;-0.107983;-0.340494;-17.6772
-48.5106;-84.1328;0.232072;-0.0853829;-0.357792;-18.1742
-39.6852;-84.1328;0.255042;-0.0610072;-0.367784;-18.6208
-30.8597;-84.1328;0.31575;-0.0337483;-0.376915;-19.0326
-22.0342;-84.1328;0.361282;-0.00331267;-0.390346;-19.3787
-13.2088;-84.1328;0.361653;0.031391;-0.401447;-19.6323
-4.38334;-84.1328;0.35859;0.0694666;-0.396685;-19.7877
4.44212;-84.1328;0.357986;0.103197;-0.385658;-19.879
13.2676;-84.1328;0.362407;0.135483;-0.378574;-19.8985
22.093;-84.1328;0.362752;0.165562;-0.37383;-19.8248
30.9185;-84.1328;0.367239;0.192047;-0.363795;-19.6594
39.7439;-84.1328;0.412763;0.215353;-0.346479;-19.4311
48.5694;-84.1328;0.511299;0.240977;-0.340668;-19.1516
57.3948;-84.1328;0.559998;0.277698;-0.355345;-18.7945
66.2203;-84.1328;0.633201;0.307718;-0.365468;-18.4074
75.0458;-84.1328;0.73443;0.325273;-0.352286;-17.9751
83.8712;-84.1328;0.797352;0.335777;-0.334249;-17.4419
92.6967;-84.1328;0.745083;0.344854;-0.320659;-16.7656
101.522;-84.1328;0.805312;0.339832;-0.300074;-16.0853
110.348;-84.1328;0.920405;0.329034;-0.271523;-15.4042
119.173;-84.1328;1.0245;0.312065;-0.243154;-14.664
127.998;-84.1328;1.07999;0.296769;-0.216822;-13.8599
136.824;-84.1328;1.16521;0.275404;-0.189631;-13.0283
145.649;-84.1328;1.15346;0.252611;-0.161419;-12.0869
154.475;-84.1328;1.09883;0.225327;-0.131874;-11.074
163.3;-84.1328;1.05129;0.194611;-0.102509;-10.0347
172.126;-84.1328;1.04159;0.164192;-0.0779719;-9.00291
180.951;-84.1328;0.997286;0.139083;-0.0589375;-7.95423
189.777;-84.1328;0.931793;0.107419;-0.0440432;-6.86718
198.602;-84.1328;0.875517;0.0727597;-0.0331133;-5.76801
207.428;-84.1328;0.850479;0.0353586;-0.0255051;-4.66529
216.253;-84.1328;0.832491;-0.00454007;-0.0178383;-3.54614
225.078;-84.1328;0.81011;-0.0352716;-0.0161058;-2.44092
233.904;-84.1328;0.830316;-0.0580462;-0.0158076;-1.38733
-216.194;-92.9583;0.702174;0.0884306;0.0267865;-1.68151
-207.369;-92.9583;0.483982;0.0685125;0.0122659;-2.68479
-198.543;-92.9583;0.394513;0.0475357;-0.0171603;-3.6723
-189.718;-92.9583;0.370331;0.0243244;-0.0466515;-4.66576
-180.892;-92.9583;0.352061;0.00398928;-0.0704941;-5.65283
-172.067;-92.9583;0.35877;-0.0207403;-0.0882699;-6.63617
-163.242;-92.9583;0.340203;-0.0469777;-0.106849;-7.60387
-154.416;-92.9583;0.313496;-0.0670365;-0.12533;-8.54091
-145.591;-92.9583;0.307308;-0.0793708;-0.142048;-9.4475
-136.765;-92.9583;0.319233;-0.0899318;-0.15853;-10.3391
-127.94;-92.9583;0.313287;-0.1057;-0.181838;-11.223
-119.114;-92.9583;0.298146;-0.121349;-0.207945;-12.0926
-110.289;-92.9583;0.319436;-0.12908;-0.231516;-12.9268
-101.463;-92.9583;0.321344;-0.131028;-0.256113;-13.7143
-92.6379;-92.9583;0.313812;-0.130736;-0.278718;-14.4621
-83.8124;-92.9583;0.307421;-0.129291;-0.298059;-15.175
-74.987;-92.9583;0.310184;-0.124886;-0.315843;-15.8508
-66.1615;-92.9583;0.332291;-0.11505;-0.332607;-16.4914
-57.3361;-92.9583;0.349804;-0.096646;-0.34724;-17.0524
-48.5106;-92.9583;0.330027;-0.0747857;-0.361106;-17.5221
-39.6852;-92.9583;0.330358;-0.0523055;-0.37192;-17.9265
-30.8597;-92.9583;0.35948;-0.0266488;-0.381629;-18.2948
-22.0342;-92.9583;0.395313;0.00293828;-0.392087;-18.6168
-13.2088;-92.9583;0.414212;0.0346763;-0.400289;-18.8708
-4.38334;-92.9583;0.409867;0.0676668;-0.396813;-19.0407
4.44212;-92.9583;0.402055;0.100392;-0.387194;-19.1228
13.2676;-92.9583;0.395077;0.131853;-0.38075;-19.1278
22.093;-92.9583;0.380871;0.159832;-0.378901;-19.0546
30.9185;-92.9583;0.363855;0.183826;-0.37786;-18.892
39.7439;-92.9583;0.376496;0.21181;-0.376485;-18.6688
48.5694;-92.9583;0.487471;0.246716;-0.387021;-18.4056
57.3948;-92.9583;0.551066;0.287171;-0.403202;-18.0832
66.2203;-92.9583;0.630783;0.310828;-0.401435;-17.7063
75.0458;-92.9583;0.724261;0.322905;-0.379739;-17.292
83.8712;-92.9583;0.780072;0.324124;-0.356783;-16.7532
92.6967;-92.9583;0.761836;0.325146;-0.338278;-16.0959
101.522;-92.9583;0.837905;0.317482;-0.312087;-15.4453
110.348;-92.9583;0.952159;0.306144;-0.276975;-14.7836
119.173;-92.9583;1.06438;0.286726;-0.241895;-14.06
127.998;-92.9583;1.14623;0.267446;-0.20834;-13.2822
136.824;-92.9583;1.18559;0.246184;-0.178282;-12.4216
145.649;-92.9583;1.10536;0.226106;-0.153102;-11.4414
154.475;-92.9583;1.02746;0.199978;-0.126429;-10.4223
163.3;-92.9583;1.0006;0.16813;-0.0950915;-9.40849
172.126;-92.9583;1.02673;0.13448;-0.0664958;-8.41879
180.951;-92.9583;0.997073;0.109719;-0.0470608;-7.40414
189.777;-92.9583;0.930117;0.0810682;-0.0321024;-6.33954
198.602;-92.9583;0.864997;0.0487395;-0.0204453;-5.24818
207.428;-92.9583;0.829442;0.0149604;-0.0126081;-4.15286
216.253;-92.9583;0.814769;-0.0196315;-0.00621338;-3.05953
225.078;-92.9583;0.849997;-0.0450172;-0.00744943;-2.02321
-207.369;-101.784;0.457489;0.0849828;0.0162079;-2.2239
-198.543;-101.784;0.388544;0.0625948;-0.012092;-3.23348
-189.718;-101.784;0.455483;0.0308518;-0.0416157;-4.27574
-180.892;-101.784;0.46562;0.00799407;-0.064668;-5.26642
-172.067;-101.784;0.429998;-0.0162624;-0.0839072;-6.21448
-163.242;-101.784;0.383062;-0.0438071;-0.104627;-7.1401
-154.416;-101.784;0.344039;-0.0660029;-0.125188;-8.0507
-145.591;-101.784;0.332016;-0.0785126;-0.14286;-8.94929
-136.765;-101.784;0.337374;-0.0862314;-0.159575;-9.83287
-127.94;-101.784;0.32139;-0.0978494;-0.183028;-10.6869
-119.114;-101.784;0.283981;-0.111444;-0.209943;-11.5223
-110.289;-101.784;0.298278;-0.11876;-0.23324;-12.3287
-101.463;-101.784;0.288076;-0.12268;-0.256239;-13.1015
-92.6379;-101.784;0.294825;-0.121338;-0.2793;-13.8343
-83.8124;-101.784;0.317045;-0.11732;-0.300722;-14.5219
-74.987;-101.784;0.329021;-0.113602;-0.320355;-15.1679
-66.1615;-101.784;0.330447;-0.107582;-0.33892;-15.786
-57.3361;-101.784;0.359065;-0.0913336;-0.348454;-16.3339
-48.5106;-101.784;0.355122;-0.0704375;-0.357822;-16.8038
-39.6852;-101.784;0.33797;-0.04706;-0.368541;-17.1971
-30.8597;-101.784;0.347957;-0.0226888;-0.377666;-17.5336
-22.0342;-101.784;0.380379;0.00306594;-0.383498;-17.8314
-13.2088;-101.784;0.395041;0.0310257;-0.389053;-18.0817
-4.38334;-101.784;0.385617;0.0621144;-0.389385;-18.2505
4.44212;-101.784;0.372576;0.0959511;-0.383948;-18.3168
13.2676;-101.784;0.35434;0.127718;-0.377354;-18.3018
22.093;-101.784;0.337964;0.156414;-0.377699;-18.2282
30.9185;-101.784;0.328248;0.18087;-0.385131;-18.0727
39.7439;-101.784;0.339061;0.210858;-0.398676;-17.8584
48.5694;-101.784;0.448106;0.247758;-0.417578;-17.6013
57.3948;-101.784;0.506423;0.283788;-0.426571;-17.2793
66.2203;-101.784;0.564621;0.299056;-0.4149;-16.8759
75.0458;-101.784;0.620854;0.299923;-0.387897;-16.4037
83.8712;-101.784;0.649567;0.297584;-0.361878;-15.8552
92.6967;-101.784;0.657558;0.298359;-0.33986;-15.2464
101.522;-101.784;0.751154;0.291817;-0.310572;-14.6446
110.348;-101.784;0.847233;0.281083;-0.273082;-13.9884
119.173;-101.784;0.931605;0.26142;-0.235846;-13.2533
127.998;-101.784;0.988091;0.239713;-0.201024;-12.4562
136.824;-101.784;0.964505;0.217341;-0.171799;-11.5485
145.649;-101.784;0.82754;0.198784;-0.146576;-10.5415
154.475;-101.784;0.777424;0.174534;-0.119197;-9.58103
163.3;-101.784;0.829083;0.144103;-0.0863322;-8.67042
172.126;-101.784;0.8994;0.108391;-0.0552972;-7.73755
180.951;-101.784;0.885107;0.0825424;-0.0339221;-6.7505
189.777;-101.784;0.825513;0.0565445;-0.0230493;-5.70703
198.602;-101.784;0.776868;0.0292847;-0.0129592;-4.6446
207.428;-101.784;0.770582;-0.000962749;-0.00405109;-3.58312
216.253;-101.784;0.780465;-0.0282676;0.00208511;-2.53574
225.078;-101.784;0.847045;-0.0521625;0.00209135;-1.53805
-198.543;-110.609;0.374494;0.0640223;-0.00820741;-2.76721
-189.718;-110.609;0.488744;0.0331078;-0.0347836;-3.82886
-180.892;-110.609;0.53663;0.00631149;-0.0553451;-4.8138
-172.067;-110.609;0.450198;-0.0199585;-0.0783734;-5.74365
-163.242;-110.609;0.416593;-0.0443242;-0.0999053;-6.64653
-154.416;-110.609;0.403253;-0.0650419;-0.119735;-7.54138
-145.591;-110.609;0.39263;-0.0774475;-0.137085;-8.42686
-136.765;-110.609;0.37755;-0.0822943;-0.153935;-9.28398
-127.94;-110.609;0.339126;-0.0875832;-0.174534;-10.0972
-119.114;-110.609;0.276869;-0.0975581;-0.199871;-10.8894
-110.289;-110.609;0.250242;-0.107559;-0.225932;-11.6712
-101.463;-110.609;0.235393;-0.113839;-0.252835;-12.4324
-92.6379;-110.609;0.262347;-0.112995;-0.277179;-13.1543
-83.8124;-110.609;0.286235;-0.108591;-0.301781;-13.8233
-74.987;-110.609;0.271429;-0.105753;-0.327342;-14.4304
-66.1615;-110.609;0.250868;-0.102477;-0.348761;-15.0213
-57.3361;-110.609;0.284314;-0.089407;-0.35794;-15.5606
-48.5106;-110.609;0.310112;-0.0686706;-0.362631;-16.0251
-39.6852;-110.609;0.290947;-0.045112;-0.369747;-16.4098
-30.8597;-110.609;0.282089;-0.021116;-0.3739;-16.7288
-22.0342;-110.609;0.30073;0.00418235;-0.376673;-17.0049
-13.2088;-110.609;0.314547;0.031882;-0.379682;-17.2377
-4.38334;-110.609;0.30986;0.0624114;-0.381442;-17.4046
4.44212;-110.609;0.307886;0.097043;-0.378178;-17.4685
13.2676;-110.609;0.312171;0.125391;-0.372571;-17.4565
22.093;-110.609;0.314813;0.152921;-0.376761;-17.3943
30.9185;-110.609;0.320735;0.177536;-0.389046;-17.2455
39.7439;-110.609;0.349375;0.204001;-0.405403;-17.0354
48.5694;-110.609;0.458454;0.233384;-0.4176;-16.7886
57.3948;-110.609;0.519264;0.26274;-0.417372;-16.4707
66.2203;-110.609;0.559321;0.274202;-0.402164;-16.0559
75.0458;-110.609;0.601053;0.276231;-0.378137;-15.5874
83.8712;-110.609;0.647694;0.27563;-0.352657;-15.0682
92.6967;-110.609;0.688522;0.274891;-0.326996;-14.5034
101.522;-110.609;0.785661;0.266305;-0.296476;-13.9176
110.348;-110.609;0.802522;0.253848;-0.263748;-13.196
119.173;-110.609;0.766508;0.234298;-0.230647;-12.3711
127.998;-110.609;0.709498;0.213374;-0.199469;-11.5019
136.824;-110.609;0.587613;0.191351;-0.171259;-10.543
145.649;-110.609;0.529717;0.166626;-0.141995;-9.61057
154.475;-110.609;0.606448;0.140885;-0.108189;-8.77539
163.3;-110.609;0.73698;0.113294;-0.0701267;-7.96288
172.126;-110.609;0.79492;0.0768978;-0.0387166;-7.04114
180.951;-110.609;0.708562;0.0504601;-0.0163509;-5.99192
189.777;-110.609;0.66971;0.0270453;-0.00704287;-4.97813
198.602;-110.609;0.688757;0.00711169;-0.00338037;-4.00113
207.428;-110.609;0.776982;-0.0176283;0.00494625;-3.03723
216.253;-110.609;0.830362;-0.0422798;0.0149125;-2.04334
-198.543;-119.435;0.341535;0.0580829;-0.00276155;-2.26513
-189.718;-119.435;0.416687;0.0365765;-0.0244086;-3.27326
-180.892;-119.435;0.466466;0.00436802;-0.0474851;-4.28267
-172.067;-119.435;0.388113;-0.0282064;-0.0730602;-5.20718
-163.242;-119.435;0.403327;-0.0478015;-0.0930549;-6.09104
-154.416;-119.435;0.410799;-0.0653659;-0.112463;-6.96848
-145.591;-119.435;0.389021;-0.0779246;-0.130052;-7.82398
-136.765;-119.435;0.357531;-0.0807588;-0.145581;-8.65635
-127.94;-119.435;0.312843;-0.0774121;-0.161341;-9.43386
-119.114;-119.435;0.233549;-0.0848687;-0.188552;-10.2031
-110.289;-119.435;0.204623;-0.0931388;-0.217694;-10.9622
-101.463;-119.435;0.19015;-0.10302;-0.249039;-11.7074
-92.6379;-119.435;0.222986;-0.104263;-0.278107;-12.4151
-83.8124;-119.435;0.24528;-0.101094;-0.306586;-13.0699
-74.987;-119.435;0.21871;-0.100427;-0.333512;-13.6534
-66.1615;-119.435;0.184169;-0.0995453;-0.355691;-14.2236
-57.3361;-119.435;0.211942;-0.0898577;-0.366769;-14.7565
-48.5106;-119.435;0.25392;-0.0710461;-0.368843;-15.2226
-39.6852;-119.435;0.245282;-0.0474991;-0.369475;-15.6032
-30.8597;-119.435;0.218359;-0.0229393;-0.3683;-15.8918
-22.0342;-119.435;0.200347;0.0042595;-0.366691;-16.1249
-13.2088;-119.435;0.198512;0.0354455;-0.365031;-16.3269
-4.38334;-119.435;0.222645;0.067509;-0.364378;-16.4934
4.44212;-119.435;0.25549;0.0998007;-0.363852;-16.5768
13.2676;-119.435;0.312559;0.124595;-0.362996;-16.6052
22.093;-119.435;0.354279;0.148263;-0.372772;-16.5625
30.9185;-119.435;0.361137;0.17032;-0.386448;-16.4098
39.7439;-119.435;0.365679;0.190878;-0.39607;-16.1734
48.5694;-119.435;0.452367;0.210515;-0.39617;-15.918
57.3948;-119.435;0.535509;0.231342;-0.389396;-15.6031
66.2203;-119.435;0.577088;0.242415;-0.376981;-15.1955
75.0458;-119.435;0.60525;0.246295;-0.358465;-14.7303
83.8712;-119.435;0.645644;0.245077;-0.334951;-14.2195
92.6967;-119.435;0.685306;0.241257;-0.310393;-13.6621
101.522;-119.435;0.709538;0.23468;-0.284489;-13.035
110.348;-119.435;0.653183;0.223995;-0.251308;-12.2605
119.173;-119.435;0.542803;0.204012;-0.218367;-11.3872
127.998;-119.435;0.434716;0.183536;-0.19066;-10.5182
136.824;-119.435;0.377765;0.160223;-0.161951;-9.66073
145.649;-119.435;0.460743;0.133001;-0.128052;-8.86513
154.475;-119.435;0.678014;0.103105;-0.0881641;-8.13439
163.3;-119.435;0.792124;0.0729623;-0.0496868;-7.2918
172.126;-119.435;0.654691;0.0423481;-0.0214435;-6.23262
180.951;-119.435;0.479701;0.0176754;-0.000314283;-5.12109
189.777;-119.435;0.558894;-0.00928672;0.0133639;-4.22123
198.602;-119.435;0.733368;-0.0290701;0.0255677;-3.4072
207.428;-119.435;0.920447;-0.0460613;0.030348;-2.56957
216.253;-119.435;0.98772;-0.0641235;0.031931;-1.61697
-189.718;-128.26;0.330104;0.0325961;-0.0157616;-2.6985
-180.892;-128.26;0.386365;0.0032587;-0.0384458;-3.65648
-172.067;-128.26;0.328753;-0.0315452;-0.0660867;-4.59111
-163.242;-128.26;0.347664;-0.0502737;-0.0851208;-5.46601
-154.416;-128.26;0.332685;-0.0691795;-0.107046;-6.32307
-145.591;-128.26;0.277052;-0.0829185;-0.125956;-7.13001
-136.765;-128.26;0.235904;-0.0857136;-0.141757;-7.94435
-127.94;-128.26;0.224616;-0.0779469;-0.156559;-8.72103
-119.114;-128.26;0.174165;-0.0786656;-0.184993;-9.48823
-110.289;-128.26;0.158062;-0.0844919;-0.216318;-10.2245
-101.463;-128.26;0.128957;-0.0920818;-0.247114;-10.9281
-92.6379;-128.26;0.143242;-0.095115;-0.279605;-11.6034
-83.8124;-128.26;0.173156;-0.0953699;-0.311636;-12.2518
-74.987;-128.26;0.17153;-0.0963199;-0.337107;-12.8457
-66.1615;-128.26;0.139145;-0.0966022;-0.358318;-13.397
-57.3361;-128.26;0.142828;-0.0910007;-0.371151;-13.9251
-48.5106;-128.26;0.204011;-0.0773249;-0.371093;-14.3996
-39.6852;-128.26;0.181787;-0.0550562;-0.367495;-14.7584
-30.8597;-128.26;0.0809263;-0.0279725;-0.364109;-14.9685
-22.0342;-128.26;7.70001e-05;0.00240404;-0.359395;-15.1263
-13.2088;-128.26;0.0113734;0.0362362;-0.349757;-15.3086
-4.38334;-128.26;0.106092;0.0719605;-0.339407;-15.5175
4.44212;-128.26;0.206621;0.101694;-0.341422;-15.6614
13.2676;-128.26;0.316959;0.122618;-0.346837;-15.7107
22.093;-128.26;0.407715;0.143463;-0.360398;-15.6903
30.9185;-128.26;0.411597;0.160844;-0.371785;-15.5237
39.7439;-128.26;0.329664;0.176202;-0.374761;-15.2324
48.5694;-128.26;0.357268;0.190687;-0.369642;-14.9464
57.3948;-128.26;0.424296;0.204583;-0.360327;-14.6255
66.2203;-128.26;0.461311;0.214104;-0.349071;-14.22
75.0458;-128.26;0.46609;0.216506;-0.33268;-13.7333
83.8712;-128.26;0.453032;0.213918;-0.312916;-13.1854
92.6967;-128.26;0.43056;0.210537;-0.293935;-12.5884
101.522;-128.26;0.442368;0.202821;-0.271421;-11.9583
110.348;-128.26;0.456589;0.1893;-0.236917;-11.2438
119.173;-128.26;0.425076;0.171605;-0.201653;-10.4714
127.998;-128.26;0.37355;0.15348;-0.171303;-9.69573
136.824;-128.26;0.401446;0.133244;-0.141067;-8.95049
145.649;-128.26;0.586621;0.105833;-0.106355;-8.2587
154.475;-128.26;0.682544;0.078326;-0.0655195;-7.44112
163.3;-128.26;0.591445;0.0404049;-0.0367322;-6.40115
172.126;-128.26;0.334128;0.0113007;-0.0120469;-5.2488
180.951;-128.26;0.261674;-0.0137875;0.0100185;-4.23669
189.777;-128.26;0.616094;-0.0467332;0.0317875;-3.58102
198.602;-128.26;1.02082;-0.0680169;0.0502207;-2.96157
207.428;-128.26;1.24325;-0.0796523;0.0505742;-2.20459
-189.718;-137.086;0.203984;0.0160878;-0.00787698;-2.07678
-180.892;-137.086;0.280538;-0.00462961;-0.0315973;-2.99682
-172.067;-137.086;0.26984;-0.0315999;-0.0555938;-3.89893
-163.242;-137.086;0.271118;-0.0528989;-0.0780927;-4.78702
-154.416;-137.086;0.204298;-0.0768047;-0.105599;-5.62615
-145.591;-137.086;0.113352;-0.0939724;-0.127525;-6.39677
-136.765;-137.086;0.0827192;-0.0976348;-0.144919;-7.20215
-127.94;-137.086;0.121488;-0.0861995;-0.159834;-7.98647
-119.114;-137.086;0.124285;-0.0774001;-0.18703;-8.74996
-110.289;-137.086;0.105864;-0.0795325;-0.217958;-9.46133
-101.463;-137.086;0.0537877;-0.0834551;-0.246977;-10.12
-92.6379;-137.086;0.0451167;-0.0877459;-0.27906;-10.7678
-83.8124;-137.086;0.100233;-0.0909969;-0.310009;-11.4182
-74.987;-137.086;0.141216;-0.0922533;-0.333775;-12.0123
-66.1615;-137.086;0.101795;-0.0914945;-0.355115;-12.5306
-57.3361;-137.086;0.0532972;-0.0885181;-0.370956;-13.0398
-48.5106;-137.086;0.127575;-0.0834554;-0.37103;-13.5075
-39.6852;-137.086;0.0286172;-0.0643876;-0.371428;-13.7841
-30.8597;-137.086;-0.273566;-0.0365341;-0.37391;-13.8098
-22.0342;-137.086;-0.482986;-0.0062247;-0.37082;-13.8264
-13.2088;-137.086;-0.394958;0.0258193;-0.353263;-14.0308
-4.38334;-137.086;-0.160259;0.0664459;-0.327119;-14.4082
4.44212;-137.086;0.0495547;0.0982223;-0.319912;-14.6285
13.2676;-137.086;0.184371;0.116528;-0.329866;-14.675
22.093;-137.086;0.269426;0.133054;-0.345182;-14.6282
30.9185;-137.086;0.29586;0.148206;-0.353997;-14.475
39.7439;-137.086;0.265419;0.161156;-0.353871;-14.2217
48.5694;-137.086;0.251233;0.171983;-0.351027;-13.9258
57.3948;-137.086;0.287707;0.182451;-0.345775;-13.5957
66.2203;-137.086;0.319391;0.187718;-0.332528;-13.1826
75.0458;-137.086;0.315743;0.186463;-0.314115;-12.682
83.8712;-137.086;0.274836;0.182023;-0.295842;-12.1159
92.6967;-137.086;0.222079;0.179245;-0.280459;-11.5137
101.522;-137.086;0.240691;0.172185;-0.258681;-10.9128
110.348;-137.086;0.338931;0.158052;-0.22308;-10.2941
119.173;-137.086;0.416958;0.139884;-0.185253;-9.63471
127.998;-137.086;0.452396;0.12203;-0.150859;-8.9451
136.824;-137.086;0.513487;0.102042;-0.119106;-8.23328
145.649;-137.086;0.639541;0.0714179;-0.0930073;-7.49155
154.475;-137.086;0.513453;0.0421695;-0.0660958;-6.51219
163.3;-137.086;0.229613;0.00848694;-0.0396897;-5.35755
172.126;-137.086;0.0130513;-0.015823;-0.0088399;-4.27004
180.951;-137.086;0.237327;-0.0448074;0.0185925;-3.51695
189.777;-137.086;0.937864;-0.085171;0.044322;-3.14789
198.602;-137.086;1.47691;-0.109129;0.0603747;-2.62522
-189.718;-145.911;0.0902346;0.00182221;0.00155003;-1.41635
-180.892;-145.911;0.159943;-0.012517;-0.0234079;-2.31277
-172.067;-145.911;0.170509;-0.0359379;-0.0474845;-3.20094
-163.242;-145.911;0.16695;-0.0557097;-0.0698814;-4.07203
-154.416;-145.911;0.100799;-0.0779103;-0.0986495;-4.88815
-145.591;-145.911;0.0122636;-0.0969953;-0.124114;-5.64585
-136.765;-145.911;-0.00793961;-0.103856;-0.145995;-6.44852
-127.94;-145.911;0.0512452;-0.0928173;-0.162447;-7.23173
-119.114;-145.911;0.0829991;-0.0800223;-0.185258;-7.97591
-110.289;-145.911;0.0553347;-0.0791448;-0.211737;-8.66329
-101.463;-145.911;-0.0207305;-0.0807202;-0.240123;-9.29291
-92.6379;-145.911;-0.0390889;-0.0848474;-0.271324;-9.9184
-83.8124;-145.911;0.0526723;-0.0882231;-0.298904;-10.5648
-74.987;-145.911;0.128562;-0.0872314;-0.320393;-11.1558
-66.1615;-145.911;0.0630938;-0.0831513;-0.343224;-11.6309
-57.3361;-145.911;-0.055923;-0.0798497;-0.366378;-12.0706
-48.5106;-145.911;-0.017129;-0.0839905;-0.373937;-12.4835
-39.6852;-145.911;-0.243782;-0.0642384;-0.385072;-12.6362
-30.8597;-145.911;-0.854927;-0.0355724;-0.399408;-12.4641
-22.0342;-145.911;-1.39468;-0.000882497;-0.403136;-12.3572
-13.2088;-145.911;-1.38932;0.0338754;-0.384864;-12.5495
-4.38334;-145.911;-0.794729;0.0615123;-0.349733;-13.0138
4.44212;-145.911;-0.285505;0.0910628;-0.329459;-13.4209
13.2676;-145.911;-0.087395;0.107318;-0.336679;-13.5207
22.093;-145.911;0.0158422;0.119228;-0.345277;-13.4698
30.9185;-145.911;0.0982888;0.129679;-0.346524;-13.3388
39.7439;-145.911;0.154099;0.1395;-0.343311;-13.1458
48.5694;-145.911;0.173692;0.150595;-0.341788;-12.8944
57.3948;-145.911;0.203699;0.160816;-0.338644;-12.5693
66.2203;-145.911;0.23575;0.164242;-0.323894;-12.1615
75.0458;-145.911;0.245227;0.160494;-0.302035;-11.6721
83.8712;-145.911;0.217334;0.154584;-0.280926;-11.1239
92.6967;-145.911;0.169748;0.151511;-0.264093;-10.5487
101.522;-145.911;0.201812;0.143706;-0.240136;-9.98003
110.348;-145.911;0.327222;0.129255;-0.205578;-9.4138
119.173;-145.911;0.437788;0.109631;-0.170233;-8.79326
127.998;-145.911;0.495;0.0888211;-0.137337;-8.10772
136.824;-145.911;0.517462;0.0669083;-0.107386;-7.35281
145.649;-145.911;0.45876;0.043396;-0.0834847;-6.49277
154.475;-145.911;0.306745;0.0128958;-0.0603145;-5.53483
163.3;-145.911;0.153618;-0.0238328;-0.0370003;-4.52706
172.126;-145.911;0.179188;-0.0423474;0.00116224;-3.68837
180.951;-145.911;0.701274;-0.0753706;0.0308289;-3.18166
189.777;-145.911;1.50216;-0.119589;0.0536055;-2.86685
198.602;-145.911;1.90135;-0.152933;0.0807692;-2.14799
-172.067;-154.736;0.107577;-0.0349278;-0.0324855;-2.50298
-163.242;-154.736;0.0921211;-0.0536943;-0.0552851;-3.34596
-154.416;-154.736;0.0501219;-0.0667901;-0.0778172;-4.13103
-145.591;-154.736;0.00681184;-0.0851593;-0.105056;-4.89897
-136.765;-154.736;0.000105508;-0.0970416;-0.13303;-5.69526
-127.94;-154.736;0.0375059;-0.0925064;-0.153858;-6.45946
-119.114;-154.736;0.0555528;-0.0838965;-0.17217;-7.17036
-110.289;-154.736;0.0243773;-0.0840193;-0.193659;-7.84293
-101.463;-154.736;-0.0737166;-0.084192;-0.222832;-8.45579
-92.6379;-154.736;-0.0981052;-0.08639;-0.255109;-9.05719
-83.8124;-154.736;0.00812484;-0.0865805;-0.28011;-9.68449
-74.987;-154.736;0.0968296;-0.081676;-0.29955;-10.2557
-66.1615;-154.736;0.0302963;-0.0755878;-0.324227;-10.7021
-57.3361;-154.736;-0.120442;-0.0742119;-0.353303;-11.1021
-48.5106;-154.736;-0.119171;-0.0794404;-0.368781;-11.4833
-39.6852;-154.736;-0.359953;-0.0664779;-0.384567;-11.6245
-30.8597;-154.736;-0.962424;-0.0416504;-0.404531;-11.4351
-22.0342;-154.736;-1.5519;-0.0123912;-0.413325;-11.278
-13.2088;-154.736;-1.69009;0.0125635;-0.402982;-11.3629
-4.38334;-154.736;-1.19997;0.0335034;-0.381358;-11.7207
4.44212;-154.736;-0.431069;0.0714876;-0.368593;-12.2551
13.2676;-154.736;-0.166366;0.0894819;-0.361175;-12.4296
22.093;-154.736;-0.0484312;0.0991781;-0.352826;-12.3997
30.9185;-154.736;0.0507397;0.107666;-0.343341;-12.2818
39.7439;-154.736;0.133965;0.116388;-0.334788;-12.1104
48.5694;-154.736;0.171547;0.124648;-0.328317;-11.8652
57.3948;-154.736;0.202988;0.133239;-0.32255;-11.5464
66.2203;-154.736;0.234152;0.135516;-0.30478;-11.1475
75.0458;-154.736;0.254001;0.132878;-0.280848;-10.6874
83.8712;-154.736;0.251398;0.129426;-0.257882;-10.1887
92.6967;-154.736;0.231654;0.125258;-0.237341;-9.65576
101.522;-154.736;0.278585;0.115257;-0.21113;-9.11251
110.348;-154.736;0.36806;0.10244;-0.180271;-8.54245
119.173;-154.736;0.400611;0.0871928;-0.151897;-7.88759
127.998;-154.736;0.367562;0.0689581;-0.125396;-7.14586
136.824;-154.736;0.317721;0.0468415;-0.0994782;-6.34509
145.649;-154.736;0.262879;0.0229736;-0.0760456;-5.50494
154.475;-154.736;0.299177;-0.00702694;-0.0519894;-4.72461
163.3;-154.736;0.485259;-0.0343208;-0.0246668;-4.05704
172.126;-154.736;0.865376;-0.0532821;0.00937317;-3.53649
180.951;-154.736;1.47307;-0.0853963;0.0378473;-3.12117
189.777;-154.736;1.94556;-0.135507;0.0709312;-2.46307
-163.242;-163.562;0.0790152;-0.0428487;-0.0338178;-2.6033
-154.416;-163.562;0.0396887;-0.0531834;-0.0558419;-3.36914
-145.591;-163.562;0.0390774;-0.0661612;-0.0775201;-4.14264
-136.765;-163.562;0.0553486;-0.0828491;-0.106362;-4.92779
-127.94;-163.562;0.0618817;-0.0871683;-0.13058;-5.66885
-119.114;-163.562;0.0588393;-0.0836375;-0.147944;-6.3496
-110.289;-163.562;0.0224944;-0.087485;-0.168377;-7.00659
-101.463;-163.562;-0.0786302;-0.0867513;-0.198421;-7.60728
-92.6379;-163.562;-0.137846;-0.0872652;-0.234057;-8.18928
-83.8124;-163.562;-0.0604198;-0.0856632;-0.259586;-8.78176
-74.987;-163.562;0.0199828;-0.0811155;-0.27852;-9.32322
-66.1615;-163.562;-0.0360208;-0.0773583;-0.303078;-9.75429
-57.3361;-163.562;-0.171488;-0.0769133;-0.333991;-10.1411
-48.5106;-163.562;-0.100055;-0.0814011;-0.351097;-10.5595
-39.6852;-163.562;-0.150417;-0.068825;-0.364567;-10.8399
-30.8597;-163.562;-0.515467;-0.0448597;-0.389014;-10.8389
-22.0342;-163.562;-0.914339;-0.0231447;-0.405973;-10.7545
-13.2088;-163.562;-1.04325;-0.00614685;-0.403508;-10.7677
-4.38334;-163.562;-0.776274;0.0175736;-0.389107;-10.9811
4.44212;-163.562;-0.223521;0.050484;-0.384995;-11.3484
13.2676;-163.562;-0.025849;0.0685716;-0.37059;-11.486
22.093;-163.562;0.0597839;0.0772504;-0.348756;-11.4341
30.9185;-163.562;0.127753;0.0833414;-0.327617;-11.2824
39.7439;-163.562;0.190742;0.0905363;-0.310459;-11.0858
48.5694;-163.562;0.22681;0.0958018;-0.293899;-10.8295
57.3948;-163.562;0.256232;0.100383;-0.283968;-10.5109
66.2203;-163.562;0.278704;0.102775;-0.266984;-10.1235
75.0458;-163.562;0.284006;0.103013;-0.245327;-9.68501
83.8712;-163.562;0.275785;0.101432;-0.221857;-9.21345
92.6967;-163.562;0.273613;0.0961221;-0.198138;-8.71316
101.522;-163.562;0.31994;0.0870235;-0.173459;-8.198
110.348;-163.562;0.37263;0.0776211;-0.147673;-7.62587
119.173;-163.562;0.361049;0.0666822;-0.124662;-6.96524
127.998;-163.562;0.304855;0.0521109;-0.102777;-6.23515
136.824;-163.562;0.268893;0.033947;-0.0797676;-5.48391
145.649;-163.562;0.298098;0.0142749;-0.0557312;-4.75285
154.475;-163.562;0.516715;-0.00649489;-0.0286348;-4.13969
163.3;-163.562;0.916972;-0.0292334;-0.00276494;-3.68793
172.126;-163.562;1.33577;-0.0548141;0.0229825;-3.22037
180.951;-163.562;1.76178;-0.0951149;0.0454648;-2.66152
189.777;-163.562;1.95386;-0.135965;0.0752719;-1.79593
-154.416;-172.387;0.0388049;-0.0433691;-0.0359975;-2.60263
-145.591;-172.387;0.0260543;-0.0616865;-0.0610966;-3.35606
-136.765;-172.387;0.0415776;-0.0769959;-0.0871124;-4.12171
-127.94;-172.387;0.0330074;-0.0819517;-0.110106;-4.8249
-119.114;-172.387;0.0175696;-0.0802598;-0.127498;-5.4748
-110.289;-172.387;-0.00561309;-0.0808109;-0.149373;-6.12975
-101.463;-172.387;-0.0843776;-0.0765626;-0.179587;-6.73452
-92.6379;-172.387;-0.143441;-0.0764154;-0.210242;-7.29301
-83.8124;-172.387;-0.105427;-0.0806732;-0.233309;-7.83361
-74.987;-172.387;-0.0493649;-0.0824241;-0.252592;-8.35028
-66.1615;-172.387;-0.0909403;-0.0810036;-0.274788;-8.77316
-57.3361;-172.387;-0.219694;-0.0794291;-0.303148;-9.14308
-48.5106;-172.387;-0.171459;-0.0780734;-0.321687;-9.55676
-39.6852;-172.387;-0.0325098;-0.0671415;-0.332904;-9.94636
-30.8597;-172.387;-0.102992;-0.0501177;-0.354484;-10.1311
-22.0342;-172.387;-0.230359;-0.0348001;-0.372864;-10.2063
-13.2088;-172.387;-0.213068;-0.0165826;-0.373561;-10.3027
-4.38334;-172.387;-0.0162933;0.015929;-0.357861;-10.5075
4.44212;-172.387;0.151005;0.0379657;-0.350965;-10.6372
13.2676;-172.387;0.216118;0.0485954;-0.340823;-10.6313
22.093;-172.387;0.217099;0.0555476;-0.318691;-10.4956
30.9185;-172.387;0.209244;0.0603339;-0.292177;-10.2741
39.7439;-172.387;0.228127;0.0662369;-0.269334;-10.0339
48.5694;-172.387;0.27108;0.069965;-0.247433;-9.77538
57.3948;-172.387;0.289386;0.0743109;-0.234172;-9.46549
66.2203;-172.387;0.29263;0.0790649;-0.219529;-9.08827
75.0458;-172.387;0.290331;0.0802659;-0.201544;-8.66391
83.8712;-172.387;0.285531;0.0779007;-0.179591;-8.21463
92.6967;-172.387;0.287534;0.0714042;-0.156678;-7.74211
101.522;-172.387;0.323684;0.0610587;-0.132188;-7.24168
110.348;-172.387;0.381566;0.0509874;-0.107406;-6.69016
119.173;-172.387;0.392195;0.0417797;-0.0863726;-6.07641
127.998;-172.387;0.374335;0.032501;-0.0694246;-5.4215
136.824;-172.387;0.389772;0.0211342;-0.0524198;-4.7643
145.649;-172.387;0.505516;0.00418443;-0.0322266;-4.14782
154.475;-172.387;0.793738;-0.0152445;-0.00933317;-3.63262
163.3;-172.387;1.10018;-0.0361375;0.0144766;-3.11558
172.126;-172.387;1.40239;-0.0684787;0.0294953;-2.54697
-145.591;-181.213;-0.00809266;-0.055853;-0.0465038;-2.53935
-136.765;-181.213;-0.0514037;-0.0700733;-0.0679636;-3.23921
-127.94;-181.213;-0.0842678;-0.0782109;-0.0907958;-3.91862
-119.114;-181.213;-0.122212;-0.0784798;-0.108717;-4.5352
-110.289;-181.213;-0.135257;-0.0781117;-0.130579;-5.17991
-101.463;-181.213;-0.197982;-0.068256;-0.156337;-5.76614
-92.6379;-181.213;-0.265882;-0.0667316;-0.181492;-6.29095
-83.8124;-181.213;-0.245224;-0.0718781;-0.199881;-6.79482
-74.987;-181.213;-0.163419;-0.0768164;-0.218036;-7.31671
-66.1615;-181.213;-0.145048;-0.0783013;-0.237032;-7.75788
-57.3361;-181.213;-0.242558;-0.0765519;-0.260018;-8.11375
-48.5106;-181.213;-0.233608;-0.0712565;-0.277626;-8.48928
-39.6852;-181.213;-0.0604836;-0.061432;-0.287805;-8.8914
-30.8597;-181.213;0.0214196;-0.0499773;-0.301427;-9.16195
-22.0342;-181.213;0.0527812;-0.0386891;-0.313818;-9.34463
-13.2088;-181.213;0.165789;-0.020819;-0.314554;-9.5157
-4.38334;-181.213;0.36934;0.00611278;-0.302526;-9.68829
4.44212;-181.213;0.385145;0.0214623;-0.300364;-9.72925
13.2676;-181.213;0.370838;0.0269381;-0.291788;-9.66635
22.093;-181.213;0.30413;0.0342072;-0.271531;-9.48402
30.9185;-181.213;0.226294;0.0399202;-0.247423;-9.21553
39.7439;-181.213;0.197626;0.0448303;-0.225012;-8.94145
48.5694;-181.213;0.240356;0.0486048;-0.205532;-8.68802
57.3948;-181.213;0.254808;0.0540902;-0.190065;-8.39189
66.2203;-181.213;0.256062;0.0585071;-0.174857;-8.03028
75.0458;-181.213;0.266766;0.058481;-0.157224;-7.62403
83.8712;-181.213;0.278821;0.0567249;-0.13713;-7.20427
92.6967;-181.213;0.283494;0.0534072;-0.120448;-6.76327
101.522;-181.213;0.291821;0.0469879;-0.102812;-6.26893
110.348;-181.213;0.330293;0.0368801;-0.0820891;-5.72903
119.173;-181.213;0.366243;0.0261111;-0.0627163;-5.16219
127.998;-181.213;0.402605;0.0167077;-0.0480461;-4.58027
136.824;-181.213;0.472044;0.00503607;-0.0338183;-3.99284
145.649;-181.213;0.632686;-0.0119287;-0.0188345;-3.44166
154.475;-181.213;0.838849;-0.0319202;-0.00348221;-2.88369
163.3;-181.213;1.02199;-0.0553791;0.0157156;-2.28298
-136.765;-190.038;-0.103805;-0.0613265;-0.0431372;-2.34492
-127.94;-190.038;-0.133638;-0.0705294;-0.0591547;-2.98924
-119.114;-190.038;-0.178201;-0.0750276;-0.0758998;-3.59811
-110.289;-190.038;-0.214024;-0.0747836;-0.0973195;-4.21297
-101.463;-190.038;-0.312312;-0.0628442;-0.120528;-4.74883
-92.6379;-190.038;-0.439364;-0.0616976;-0.145029;-5.21561
-83.8124;-190.038;-0.429465;-0.0651297;-0.161719;-5.70422
-74.987;-190.038;-0.299572;-0.0680224;-0.176537;-6.23916
-66.1615;-190.038;-0.195734;-0.0689879;-0.192525;-6.72144
-57.3361;-190.038;-0.215419;-0.0678676;-0.211349;-7.09725
-48.5106;-190.038;-0.205376;-0.0628971;-0.225673;-7.43848
-39.6852;-190.038;-0.113741;-0.0543075;-0.233556;-7.76941
-30.8597;-190.038;-0.0345143;-0.0437708;-0.240983;-8.03535
-22.0342;-190.038;0.0503374;-0.0323824;-0.24963;-8.25819
-13.2088;-190.038;0.176067;-0.014138;-0.255937;-8.45976
-4.38334;-190.038;0.309871;0.00527791;-0.252405;-8.5739
4.44212;-190.038;0.307591;0.0113982;-0.248155;-8.56248
13.2676;-190.038;0.229242;0.0114063;-0.241965;-8.45932
22.093;-190.038;0.152682;0.0166231;-0.226116;-8.27116
30.9185;-190.038;0.0879796;0.0223808;-0.207778;-8.03249
39.7439;-190.038;0.0704734;0.0268674;-0.189517;-7.78526
48.5694;-190.038;0.11659;0.0316791;-0.17187;-7.54744
57.3948;-190.038;0.141382;0.0376193;-0.154434;-7.26367
66.2203;-190.038;0.164629;0.0396499;-0.13633;-6.92854
75.0458;-190.038;0.204904;0.0382858;-0.116173;-6.55372
83.8712;-190.038;0.240165;0.0378406;-0.0975775;-6.16665
92.6967;-190.038;0.253287;0.0377555;-0.0876986;-5.75347
101.522;-190.038;0.253803;0.0344607;-0.0779837;-5.27578
110.348;-190.038;0.275318;0.0275117;-0.0662902;-4.75878
119.173;-190.038;0.309181;0.0182976;-0.0544801;-4.22715
127.998;-190.038;0.359393;0.00747039;-0.0433057;-3.68238
136.824;-190.038;0.437583;-0.00481433;-0.0317518;-3.11795
145.649;-190.038;0.568834;-0.023223;-0.0156355;-2.55621
154.475;-190.038;0.689671;-0.0443457;0.00330206;-1.9463
-119.114;-198.864;-0.191407;-0.0649976;-0.0409014;-2.67189
-110.289;-198.864;-0.206851;-0.0644736;-0.0590511;-3.24286
-101.463;-198.864;-0.336376;-0.0555296;-0.0848316;-3.76518
-92.6379;-198.864;-0.530313;-0.0575198;-0.113834;-4.20989
-83.8124;-198.864;-0.529665;-0.060096;-0.129086;-4.70958
-74.987;-198.864;-0.387191;-0.0590679;-0.138044;-5.23178
-66.1615;-198.864;-0.234938;-0.057457;-0.148828;-5.70955
-57.3361;-198.864;-0.167748;-0.057885;-0.164192;-6.09642
-48.5106;-198.864;-0.157837;-0.0541817;-0.177928;-6.41677
-39.6852;-198.864;-0.123925;-0.0472272;-0.186824;-6.68806
-30.8597;-198.864;-0.0933697;-0.0408267;-0.197097;-6.92265
-22.0342;-198.864;-0.0311365;-0.0329129;-0.208578;-7.12924
-13.2088;-198.864;0.0687303;-0.0182536;-0.217595;-7.30486
-4.38334;-198.864;0.155685;-0.00490628;-0.214122;-7.37073
4.44212;-198.864;0.141318;-0.00169363;-0.207142;-7.33171
13.2676;-198.864;0.0949395;-0.00377612;-0.198608;-7.22594
22.093;-198.864;0.0464379;0.00124101;-0.185698;-7.06176
30.9185;-198.864;-0.0056406;0.00717724;-0.171986;-6.8518
39.7439;-198.864;-0.0278897;0.0105857;-0.15667;-6.62083
48.5694;-198.864;0.0024192;0.0142909;-0.13997;-6.39023
57.3948;-198.864;0.0397654;0.0198958;-0.120023;-6.12019
66.2203;-198.864;0.0877512;0.0207903;-0.0985938;-5.81698
75.0458;-198.864;0.148636;0.0187799;-0.0764517;-5.47891
83.8712;-198.864;0.197641;0.0181555;-0.0595472;-5.11956
92.6967;-198.864;0.223242;0.0184265;-0.0540583;-4.72731
101.522;-198.864;0.2423;0.0174358;-0.0512069;-4.28684
110.348;-198.864;0.271712;0.0143606;-0.0460667;-3.80536
119.173;-198.864;0.296587;0.00805276;-0.0403054;-3.28607
127.998;-198.864;0.320497;-0.0024673;-0.0355714;-2.74486
136.824;-198.864;0.36691;-0.0162879;-0.0274707;-2.19032
145.649;-198.864;0.459212;-0.0347491;-0.00755517;-1.61444
-119.114;-207.689;-0.270276;-0.0526966;-0.016301;-1.74
-110.289;-207.689;-0.239609;-0.0505967;-0.0345979;-2.29512
-101.463;-207.689;-0.329051;-0.0462597;-0.0615911;-2.80591
-92.6379;-207.689;-0.481461;-0.0526023;-0.0891198;-3.2686
-83.8124;-207.689;-0.458641;-0.0559151;-0.097878;-3.75346
-74.987;-207.689;-0.369574;-0.0536993;-0.103013;-4.23704
-66.1615;-207.689;-0.272917;-0.0517912;-0.11532;-4.66742
-57.3361;-207.689;-0.212231;-0.0524408;-0.129555;-5.02846
-48.5106;-207.689;-0.190162;-0.0519448;-0.144304;-5.33549
-39.6852;-207.689;-0.18102;-0.0472019;-0.155308;-5.58024
-30.8597;-207.689;-0.15931;-0.0429575;-0.16632;-5.78608
-22.0342;-207.689;-0.115259;-0.0387137;-0.179225;-5.96478
-13.2088;-207.689;-0.0509133;-0.0303101;-0.191437;-6.11213
-4.38334;-207.689;0.00354622;-0.0215288;-0.192995;-6.17188
4.44212;-207.689;0.00477394;-0.0177263;-0.185787;-6.13479
13.2676;-207.689;-0.00385704;-0.0182556;-0.174001;-6.04285
22.093;-207.689;-0.0242656;-0.0116351;-0.158034;-5.89743
30.9185;-207.689;-0.0591217;-0.0068795;-0.140404;-5.70569
39.7439;-207.689;-0.0774599;-0.00496;-0.121601;-5.49679
48.5694;-207.689;-0.0515214;-0.00325595;-0.101733;-5.27994
57.3948;-207.689;0.00848603;0.00096201;-0.0784015;-5.02948
66.2203;-207.689;0.0832326;0.00125487;-0.0555548;-4.75722
75.0458;-207.689;0.150646;-0.00150648;-0.0341655;-4.44772
83.8712;-207.689;0.20666;-0.00299394;-0.0195658;-4.11553
92.6967;-207.689;0.258251;-0.00223465;-0.0158729;-3.75366
101.522;-207.689;0.298289;-0.00151956;-0.0176262;-3.36117
110.348;-207.689;0.331689;-0.00214863;-0.0198931;-2.89494
119.173;-207.689;0.342435;-0.00876861;-0.0190311;-2.38007
127.998;-207.689;0.342419;-0.0191046;-0.0172997;-1.83787
136.824;-207.689;0.345072;-0.0312897;-0.0107103;-1.28067
-83.8124;-216.515;-0.425025;-0.0531397;-0.0696669;-2.77929
-74.987;-216.515;-0.342981;-0.0529072;-0.0751211;-3.21041
-66.1615;-216.515;-0.297231;-0.0512874;-0.0882469;-3.60981
-57.3361;-216.515;-0.273867;-0.051312;-0.100909;-3.94091
-48.5106;-216.515;-0.270014;-0.0502298;-0.114429;-4.22713
-39.6852;-216.515;-0.248733;-0.0483001;-0.127361;-4.4626
-30.8597;-216.515;-0.207467;-0.0461049;-0.140514;-4.65699
-22.0342;-216.515;-0.160369;-0.0436195;-0.154239;-4.81741
-13.2088;-216.515;-0.115424;-0.0393018;-0.167634;-4.93726
-4.38334;-216.515;-0.0866525;-0.0343387;-0.174272;-4.99214
4.44212;-216.515;-0.0859569;-0.0306331;-0.170997;-4.97603
13.2676;-216.515;-0.084967;-0.0299006;-0.158177;-4.9047
22.093;-216.515;-0.101814;-0.0240889;-0.134661;-4.75884
30.9185;-216.515;-0.121603;-0.0229046;-0.107987;-4.57401
39.7439;-216.515;-0.108677;-0.0242005;-0.0828199;-4.39491
48.5694;-216.515;-0.0414697;-0.0236703;-0.0574812;-4.22263
57.3948;-216.515;0.0683996;-0.0185008;-0.0297109;-4.02612
66.2203;-216.515;0.166545;-0.0171701;-0.00766206;-3.8009
75.0458;-216.515;0.239702;-0.0191196;0.00966195;-3.51243
83.8712;-216.515;0.320798;-0.0200037;0.0227228;-3.2255
92.6967;-216.515;0.405518;-0.0187562;0.0225545;-2.89378
101.522;-216.515;0.466776;-0.022008;0.0137742;-2.50982
110.348;-216.515;0.457416;-0.0244528;0.00250841;-2.0299
-83.8124;-225.34;-0.409622;-0.0498169;-0.0377693;-1.76034
-74.987;-225.34;-0.322957;-0.0536497;-0.0482945;-2.18631
-66.1615;-225.34;-0.290027;-0.0540992;-0.0626102;-2.5608
-57.3361;-225.34;-0.289719;-0.0523875;-0.0726754;-2.86681
-48.5106;-225.34;-0.302424;-0.0493006;-0.0808421;-3.12736
-39.6852;-225.34;-0.267676;-0.0486582;-0.0938419;-3.36127
-30.8597;-225.34;-0.210982;-0.0490248;-0.109769;-3.56609
-22.0342;-225.34;-0.170459;-0.0456313;-0.125856;-3.71655
-13.2088;-225.34;-0.146156;-0.0406622;-0.138082;-3.81479
-4.38334;-225.34;-0.140338;-0.0371907;-0.14372;-3.85728
4.44212;-225.34;-0.157586;-0.0361909;-0.143257;-3.84415
13.2676;-225.34;-0.18259;-0.0375545;-0.133044;-3.77079
22.093;-225.34;-0.20455;-0.0371001;-0.103494;-3.62204
30.9185;-225.34;-0.193569;-0.0390049;-0.0708802;-3.47155
39.7439;-225.34;-0.0969596;-0.0403518;-0.0412127;-3.35484
48.5694;-225.34;0.0284013;-0.0379532;-0.0121735;-3.24679
57.3948;-225.34;0.197788;-0.0324302;0.0170576;-3.10811
66.2203;-225.34;0.277118;-0.0283546;0.0345052;-2.93095
75.0458;-225.34;0.335775;-0.028926;0.0444342;-2.64792
83.8712;-225.34;0.402585;-0.0308423;0.0427343;-2.31294
92.6967;-225.34;0.42696;-0.0288079;0.0393602;-1.94
-39.6852;-234.166;-0.239044;-0.0470064;-0.0560725;-2.29486
-30.8597;-234.166;-0.18196;-0.0491685;-0.0748163;-2.50307
-22.0342;-234.166;-0.162428;-0.0455132;-0.0923713;-2.64401
-13.2088;-234.166;-0.163149;-0.0401786;-0.101956;-2.71654
-4.38334;-234.166;-0.180063;-0.036561;-0.104611;-2.73829
4.44212;-234.166;-0.217999;-0.0378303;-0.102064;-2.7072
13.2676;-234.166;-0.287226;-0.042528;-0.0925957;-2.61036
22.093;-234.166;-0.260081;-0.047482;-0.0635442;-2.51553
30.9185;-234.166;-0.127673;-0.0498408;-0.03268;-2.48995
39.7439;-234.166;0.112247;-0.048611;-0.00407181;-2.46361
48.5694;-234.166;0.272323;-0.0449924;0.0184175;-2.35514
57.3948;-234.166;0.257318;-0.039071;0.0333165;-2.12109
66.2203;-234.166;0.114577;-0.0349382;0.0294744;-1.82778
75.0458;-234.166;-0.0343728;-0.0365588;0.0211716;-1.45771
-4.38334;-242.991;-0.169057;-0.0357534;-0.0607483;-1.68869
4.44212;-242.991;-0.202343;-0.0352288;-0.0596246;-1.67019
13.2676;-242.991;-0.250817;-0.0391197;-0.0498783;-1.60008
22.093;-242.991;-0.0625753;-0.0465457;-0.0258188;-1.63073
30.9185;-242.991;0.271728;-0.0492905;0.00289579;-1.71964
