x[mm];y[mm];z[mm];x-displacement[mm];y-displacement[mm];z-displacement[mm]
-4.38334;224.758;0.115697;-0.0141805;0.0639468;-2.19873
4.44212;224.758;0.0164864;-0.00869852;0.065512;-2.20248
13.2676;224.758;-0.0263853;0.000628181;0.0606562;-2.16786
22.093;224.758;-0.0573264;0.0041663;0.0505274;-2.08824
-39.6852;215.933;-0.0236217;-0.0164697;0.0851071;-2.51542
-30.8597;215.933;-0.110706;-0.0145512;0.0919662;-2.66205
-22.0342;215.933;-0.217603;-0.0114769;0.0866088;-2.73672
-13.2088;215.933;-0.282745;-0.00210034;0.0828408;-2.85809
-4.38334;215.933;-0.258786;-0.00361961;0.0884694;-2.99248
4.44212;215.933;-0.243161;-0.00128599;0.0957094;-3.07624
13.2676;215.933;-0.236875;0.00586397;0.0973483;-3.07778
22.093;215.933;-0.216982;0.0092383;0.091838;-3.03321
30.9185;215.933;-0.190114;0.0106632;0.0861164;-2.96475
39.7439;215.933;-0.184509;0.0126672;0.0763439;-2.84933
48.5694;215.933;-0.226374;0.0145792;0.0642379;-2.67903
57.3948;215.933;-0.282106;0.0152635;0.0523246;-2.4529
66.2203;215.933;-0.344594;0.0128;0.0502866;-2.19452
75.0458;215.933;-0.390934;0.00919561;0.0478365;-1.91026
-74.987;207.107;0.310109;-0.0410898;0.0642165;-2.42459
-66.1615;207.107;0.220077;-0.0327583;0.0750992;-2.74354
-57.3361;207.107;0.0527837;-0.0259899;0.0889412;-3.00572
-48.5106;207.107;-0.00835472;-0.0250354;0.102997;-3.2962
-39.6852;207.107;-0.0847791;-0.0217723;0.113545;-3.51173
-30.8597;207.107;-0.343077;-0.0167591;0.126434;-3.56137
-22.0342;207.107;-0.616261;-0.0107358;0.124896;-3.5184
-13.2088;207.107;-0.691359;-0.00044557;0.116373;-3.60144
-4.38334;207.107;-0.578334;0.00406005;0.111069;-3.76836
4.44212;207.107;-0.485139;0.00832333;0.119805;-3.91859
13.2676;207.107;-0.40193;0.0141356;0.125627;-3.99202
22.093;207.107;-0.315914;0.0169016;0.123298;-4.00771
30.9185;207.107;-0.244018;0.0195165;0.115323;-3.96958
39.7439;207.107;-0.213265;0.024352;0.10117;-3.86365
48.5694;207.107;-0.231486;0.0279367;0.0850594;-3.6949
57.3948;207.107;-0.284992;0.0293539;0.0747933;-3.46038
66.2203;207.107;-0.341313;0.0290792;0.0742602;-3.19751
75.0458;207.107;-0.380589;0.026409;0.0733726;-2.9036
83.8712;207.107;-0.390712;0.0216418;0.0644145;-2.57639
92.6967;207.107;-0.374898;0.0179388;0.0443254;-2.20168
-110.289;198.282;0.583516;-0.0240845;0.0242752;-1.62231
-101.463;198.282;0.489507;-0.0363206;0.0468098;-2.11043
-92.6379;198.282;0.390211;-0.0508571;0.0663269;-2.59451
-83.8124;198.282;0.339983;-0.0574477;0.077176;-3.04828
-74.987;198.282;0.263229;-0.0507252;0.0855811;-3.4638
-66.1615;198.282;0.117529;-0.0361364;0.093186;-3.77362
-57.3361;198.282;-0.0883866;-0.0243583;0.108955;-4.01677
-48.5106;198.282;-0.117861;-0.0240872;0.120106;-4.28796
-39.6852;198.282;-0.151734;-0.0210311;0.127036;-4.5196
-30.8597;198.282;-0.371237;-0.0153766;0.140598;-4.59419
-22.0342;198.282;-0.571981;-0.0107058;0.141147;-4.5874
-13.2088;198.282;-0.599976;-0.00179068;0.132097;-4.67538
-4.38334;198.282;-0.463282;0.00466743;0.122857;-4.83549
4.44212;198.282;-0.364679;0.00984602;0.13078;-4.98601
13.2676;198.282;-0.290782;0.0164411;0.139673;-5.07217
22.093;198.282;-0.237665;0.0224011;0.139839;-5.08415
30.9185;198.282;-0.20546;0.028069;0.131678;-5.02393
39.7439;198.282;-0.194017;0.0337196;0.117616;-4.90187
48.5694;198.282;-0.199538;0.0372269;0.103722;-4.73204
57.3948;198.282;-0.240019;0.0394246;0.0950302;-4.49896
66.2203;198.282;-0.284398;0.0418036;0.0940881;-4.23175
75.0458;198.282;-0.313877;0.0417518;0.0902783;-3.92576
83.8712;198.282;-0.315215;0.0383388;0.0804131;-3.5782
92.6967;198.282;-0.30735;0.0330355;0.0643107;-3.19114
101.522;198.282;-0.292857;0.0260809;0.0506897;-2.77644
110.348;198.282;-0.266497;0.0166992;0.035565;-2.33777
-101.463;189.456;0.583998;-0.058116;0.0627839;-3.11357
-92.6379;189.456;0.499634;-0.0697374;0.0777571;-3.61514
-83.8124;189.456;0.376132;-0.0737181;0.0936644;-4.0606
-74.987;189.456;0.209713;-0.0622555;0.105244;-4.43642
-66.1615;189.456;0.0105991;-0.039699;0.116198;-4.76126
-57.3361;189.456;-0.165576;-0.0234293;0.120191;-4.97656
-48.5106;189.456;-0.22232;-0.0214911;0.127681;-5.22389
-39.6852;189.456;-0.204346;-0.0186671;0.130731;-5.51353
-30.8597;189.456;-0.258025;-0.0130752;0.140491;-5.7303
-22.0342;189.456;-0.310302;-0.00579085;0.142633;-5.86128
-13.2088;189.456;-0.287012;0.00386643;0.13685;-5.98794
-4.38334;189.456;-0.184105;0.0109941;0.130276;-6.12194
4.44212;189.456;-0.130452;0.015337;0.137393;-6.22317
13.2676;189.456;-0.107682;0.0204337;0.145726;-6.24897
22.093;189.456;-0.107904;0.0274212;0.147605;-6.20643
30.9185;189.456;-0.11755;0.0346251;0.14148;-6.10807
39.7439;189.456;-0.125036;0.0401591;0.130263;-5.96717
48.5694;189.456;-0.12687;0.042964;0.119871;-5.78934
57.3948;189.456;-0.15668;0.0460348;0.113079;-5.55133
66.2203;189.456;-0.192424;0.0499224;0.109056;-5.27251
75.0458;189.456;-0.217161;0.0517716;0.101868;-4.95194
83.8712;189.456;-0.224744;0.0501743;0.0902405;-4.59031
92.6967;189.456;-0.224059;0.0455826;0.0764043;-4.18856
101.522;189.456;-0.222112;0.0387367;0.0640211;-3.75376
110.348;189.456;-0.204009;0.0306216;0.0505938;-3.28167
119.173;189.456;-0.165647;0.0203647;0.0334543;-2.79652
127.998;189.456;-0.110056;0.00876694;0.0155419;-2.28629
136.824;189.456;-0.089791;-0.00702019;-0.00593209;-1.71053
-127.94;180.631;0.74136;-0.0471584;0.0171514;-2.31496
-119.114;180.631;0.686113;-0.0596131;0.0381917;-2.89744
-110.289;180.631;0.664279;-0.0718522;0.0579303;-3.47884
-101.463;180.631;0.664402;-0.0844832;0.0711809;-4.0249
-92.6379;180.631;0.523733;-0.0933099;0.0941583;-4.50515
-83.8124;180.631;0.277093;-0.094558;0.121557;-4.87973
-74.987;180.631;0.0972331;-0.0786835;0.13748;-5.2867
-66.1615;180.631;0.0192403;-0.0490949;0.135511;-5.73698
-57.3361;180.631;-0.0384827;-0.026976;0.123218;-6.03361
-48.5106;180.631;-0.169323;-0.0208612;0.131047;-6.27345
-39.6852;180.631;-0.144168;-0.0209293;0.13447;-6.54951
-30.8597;180.631;-0.0963;-0.0176991;0.140472;-6.8252
-22.0342;180.631;-0.0527723;-0.0104408;0.142305;-7.02702
-13.2088;180.631;-0.0100783;-0.000693374;0.140263;-7.17482
-4.38334;180.631;0.0303358;0.00695916;0.138668;-7.28193
4.44212;180.631;0.0252143;0.0111999;0.144927;-7.33674
13.2676;180.631;0.00450403;0.0178105;0.152265;-7.32734
22.093;180.631;-0.018546;0.026821;0.155046;-7.26431
30.9185;180.631;-0.0338622;0.0358327;0.151741;-7.15993
39.7439;180.631;-0.0388275;0.04256;0.143877;-7.01838
48.5694;180.631;-0.0408076;0.0461058;0.135321;-6.83292
57.3948;180.631;-0.0684124;0.0500464;0.129219;-6.58776
66.2203;180.631;-0.0989539;0.0543398;0.122717;-6.2999
75.0458;180.631;-0.11699;0.057243;0.113993;-5.97106
83.8712;180.631;-0.123474;0.0578761;0.103686;-5.59858
92.6967;180.631;-0.135698;0.0562837;0.0932198;-5.17737
101.522;180.631;-0.159817;0.0516689;0.082749;-4.71188
110.348;180.631;-0.164297;0.0422266;0.0676841;-4.20979
119.173;180.631;-0.142405;0.0309313;0.0493023;-3.68765
127.998;180.631;-0.0925073;0.0210743;0.0307519;-3.15635
136.824;180.631;-0.0336097;0.00972823;0.0140294;-2.61623
145.649;180.631;-0.0379364;-0.00370018;-0.00870504;-1.98927
154.475;180.631;-0.0880527;-0.0257887;-0.0362129;-1.26256
-136.765;171.805;0.823981;-0.0601016;0.0202751;-2.55637
-127.94;171.805;0.752558;-0.0692754;0.0380741;-3.16568
-119.114;171.805;0.659385;-0.0812103;0.0604004;-3.7682
-110.289;171.805;0.605675;-0.0952662;0.0799257;-4.36219
-101.463;171.805;0.586648;-0.107515;0.0923262;-4.91068
-92.6379;171.805;0.353907;-0.115007;0.122887;-5.34771
-83.8124;171.805;0.0423124;-0.115443;0.162038;-5.72153
-74.987;171.805;0.0235992;-0.0980469;0.171786;-6.19877
-66.1615;171.805;0.190632;-0.065793;0.148898;-6.75843
-57.3361;171.805;0.257199;-0.0399987;0.124651;-7.14924
-48.5106;171.805;0.104918;-0.0310458;0.133071;-7.39727
-39.6852;171.805;0.0433318;-0.0275054;0.146827;-7.63888
-30.8597;171.805;0.0524267;-0.0229507;0.158401;-7.89457
-22.0342;171.805;0.0785416;-0.0151345;0.162499;-8.08957
-13.2088;171.805;0.0910024;-0.00483342;0.162477;-8.22106
-4.38334;171.805;0.078394;0.0048277;0.162907;-8.29964
4.44212;171.805;0.0379231;0.0117325;0.166132;-8.3287
13.2676;171.805;0.0116114;0.0190962;0.171529;-8.31569
22.093;171.805;0.000758321;0.0287275;0.175271;-8.2659
30.9185;171.805;0.00878433;0.0387996;0.173679;-8.17902
39.7439;171.805;0.025114;0.0472835;0.166372;-8.04676
48.5694;171.805;0.0270535;0.0530364;0.157094;-7.85596
57.3948;171.805;0.00249064;0.0582884;0.150064;-7.6071
66.2203;171.805;-0.0158436;0.0629428;0.142087;-7.31903
75.0458;171.805;-0.019499;0.0664307;0.131903;-6.9868
83.8712;171.805;-0.0225791;0.0684847;0.12183;-6.60114
92.6967;171.805;-0.0516835;0.0691111;0.114887;-6.15582
101.522;171.805;-0.107861;0.0672505;0.107168;-5.66244
110.348;171.805;-0.127719;0.0591926;0.0896323;-5.13771
119.173;171.805;-0.118421;0.0487485;0.068154;-4.58953
127.998;171.805;-0.0956692;0.0382947;0.0483999;-4.02109
136.824;171.805;-0.0720438;0.0287121;0.0323776;-3.43921
145.649;171.805;-0.000470801;0.0134576;0.0128499;-2.84657
154.475;171.805;-0.0605814;-0.00203491;-0.00792313;-2.14681
163.3;171.805;-0.197614;-0.0243417;-0.0240201;-1.39593
-145.591;162.98;0.837597;-0.0682144;0.0243782;-2.69618
-136.765;162.98;0.816915;-0.0790512;0.0404166;-3.36052
-127.94;162.98;0.763065;-0.086192;0.0587886;-4.00879
-119.114;162.98;0.671533;-0.0960051;0.0787605;-4.61415
-110.289;162.98;0.60992;-0.107715;0.0945528;-5.20932
-101.463;162.98;0.578392;-0.11778;0.103088;-5.75573
-92.6379;162.98;0.369591;-0.124206;0.129512;-6.23148
-83.8124;162.98;0.145807;-0.123529;0.161241;-6.66347
-74.987;162.98;0.285139;-0.10493;0.162925;-7.20619
-66.1615;162.98;0.504146;-0.0731402;0.136106;-7.77344
-57.3361;162.98;0.49011;-0.0460695;0.119429;-8.19471
-48.5106;162.98;0.316794;-0.0363611;0.134869;-8.44856
-39.6852;162.98;0.244764;-0.030955;0.155502;-8.68296
-30.8597;162.98;0.227106;-0.0255267;0.17423;-8.91833
-22.0342;162.98;0.207122;-0.0172326;0.184802;-9.10008
-13.2088;162.98;0.171305;-0.00601085;0.188842;-9.21806
-4.38334;162.98;0.1276;0.00606679;0.190714;-9.28259
4.44212;162.98;0.0853959;0.016164;0.192638;-9.31059
13.2676;162.98;0.0692868;0.0252071;0.196247;-9.30855
22.093;162.98;0.0652888;0.0354603;0.200377;-9.27038
30.9185;162.98;0.0765865;0.0457907;0.200409;-9.19203
39.7439;162.98;0.0964684;0.0549135;0.193831;-9.06389
48.5694;162.98;0.107276;0.061834;0.184923;-8.87165
57.3948;162.98;0.0852653;0.0680541;0.176682;-8.61361
66.2203;162.98;0.0618384;0.0734883;0.166167;-8.30981
75.0458;162.98;0.0532975;0.0779275;0.153362;-7.96135
83.8712;162.98;0.0460011;0.0811093;0.141894;-7.56063
92.6967;162.98;0.0134802;0.0825228;0.135694;-7.1013
101.522;162.98;-0.0480878;0.0817687;0.130342;-6.59959
110.348;162.98;-0.0498414;0.0759139;0.111014;-6.08193
119.173;162.98;-0.0175978;0.0667467;0.0854621;-5.5335
127.998;162.98;0.0241493;0.0558988;0.0618928;-4.95347
136.824;162.98;0.0615579;0.0436394;0.0431906;-4.35108
145.649;162.98;0.0962492;0.0291386;0.023027;-3.72806
154.475;162.98;0.0230146;0.0156094;0.00452632;-3.00619
163.3;162.98;-0.0723203;-0.000454378;-0.00217561;-2.25503
-163.242;154.154;0.886553;-0.0462415;0.00577026;-1.97214
-154.416;154.154;0.826943;-0.0660568;0.0247076;-2.72371
-145.591;154.154;0.800904;-0.0821824;0.0415576;-3.45278
-136.765;154.154;0.802877;-0.0917854;0.055686;-4.15438
-127.94;154.154;0.768334;-0.0995167;0.0735276;-4.82462
-119.114;154.154;0.703513;-0.107854;0.0910703;-5.4545
-110.289;154.154;0.667398;-0.116803;0.102962;-6.06029
-101.463;154.154;0.671508;-0.122509;0.106308;-6.63539
-92.6379;154.154;0.564537;-0.124029;0.119173;-7.17439
-83.8124;154.154;0.484761;-0.119067;0.134544;-7.67461
-74.987;154.154;0.566829;-0.0983967;0.136402;-8.24456
-66.1615;154.154;0.636294;-0.0706553;0.123556;-8.74671
-57.3361;154.154;0.552936;-0.0490894;0.121349;-9.12731
-48.5106;154.154;0.39265;-0.0416348;0.141419;-9.38944
-39.6852;154.154;0.352508;-0.0351912;0.164078;-9.6445
-30.8597;154.154;0.341842;-0.0280384;0.185445;-9.88278
-22.0342;154.154;0.324446;-0.0185139;0.199406;-10.0721
-13.2088;154.154;0.286319;-0.0070171;0.207485;-10.2008
-4.38334;154.154;0.23356;0.0050164;0.213731;-10.2745
4.44212;154.154;0.186996;0.0167318;0.218177;-10.3134
13.2676;154.154;0.170387;0.0276549;0.221397;-10.3155
22.093;154.154;0.146456;0.0402749;0.224648;-10.2661
30.9185;154.154;0.129622;0.052656;0.224907;-10.1699
39.7439;154.154;0.126977;0.0637894;0.218451;-10.0281
48.5694;154.154;0.12816;0.0721195;0.210115;-9.82417
57.3948;154.154;0.0921526;0.0791498;0.20311;-9.54827
66.2203;154.154;0.0547012;0.0848985;0.192913;-9.22759
75.0458;154.154;0.049547;0.0893309;0.178086;-8.87343
83.8712;154.154;0.0617202;0.0926109;0.162607;-8.47625
92.6967;154.154;0.0582865;0.0934307;0.152094;-8.01915
101.522;154.154;0.0266926;0.0917051;0.145437;-7.51434
110.348;154.154;0.0431097;0.0869324;0.127773;-6.99821
119.173;154.154;0.0870945;0.0794531;0.103429;-6.4498
127.998;154.154;0.129544;0.0685964;0.0785529;-5.85751
136.824;154.154;0.143435;0.0549178;0.0570339;-5.22451
145.649;154.154;0.142593;0.0408663;0.0350167;-4.56351
154.475;154.154;0.0801879;0.0267432;0.0161371;-3.8386
163.3;154.154;0.000977632;0.0136989;0.00804839;-3.06504
172.126;154.154;-0.0531517;0.00313962;0.00837919;-2.30919
180.951;154.154;-0.0311223;-0.0058389;0.00721858;-1.52021
-172.067;145.329;0.807606;-0.0390578;0.00163402;-1.87104
-163.242;145.329;0.847531;-0.0563679;0.0169825;-2.66305
-154.416;145.329;0.806696;-0.0738363;0.0355374;-3.43468
-145.591;145.329;0.782828;-0.0889433;0.0506709;-4.18664
-136.765;145.329;0.780434;-0.102503;0.0670499;-4.91666
-127.94;145.329;0.754241;-0.112449;0.0837643;-5.61447
-119.114;145.329;0.712524;-0.120946;0.0994059;-6.26985
-110.289;145.329;0.691507;-0.128663;0.110412;-6.90131
-101.463;145.329;0.704234;-0.130591;0.113313;-7.50842
-92.6379;145.329;0.680252;-0.124613;0.116126;-8.08517
-83.8124;145.329;0.669418;-0.115183;0.122927;-8.62828
-74.987;145.329;0.679457;-0.0978418;0.122187;-9.14204
-66.1615;145.329;0.646387;-0.0772797;0.119962;-9.59431
-57.3361;145.329;0.543389;-0.0612768;0.127944;-9.96593
-48.5106;145.329;0.422617;-0.0542294;0.149393;-10.2548
-39.6852;145.329;0.396665;-0.0450302;0.171442;-10.5385
-30.8597;145.329;0.386366;-0.0349135;0.192499;-10.7903
-22.0342;145.329;0.368195;-0.022656;0.207791;-10.9961
-13.2088;145.329;0.326093;-0.00883312;0.219565;-11.1448
-4.38334;145.329;0.264675;0.00449532;0.231072;-11.2303
4.44212;145.329;0.208638;0.0174077;0.239671;-11.2726
13.2676;145.329;0.185411;0.0298952;0.243481;-11.2663
22.093;145.329;0.155235;0.0439521;0.244453;-11.2022
30.9185;145.329;0.128264;0.0578213;0.24285;-11.0896
39.7439;145.329;0.111464;0.0713439;0.235903;-10.9359
48.5694;145.329;0.100066;0.0814789;0.227993;-10.7193
57.3948;145.329;0.0684286;0.0886434;0.223314;-10.4386
66.2203;145.329;0.0461578;0.0946389;0.215391;-10.1185
75.0458;145.329;0.06268;0.0996191;0.200371;-9.77376
83.8712;145.329;0.100952;0.103633;0.181244;-9.39027
92.6967;145.329;0.131164;0.103733;0.164873;-8.94097
101.522;145.329;0.137413;0.1007;0.154697;-8.43876
110.348;145.329;0.153527;0.0973651;0.140304;-7.91281
119.173;145.329;0.174566;0.0927591;0.120508;-7.34488
127.998;145.329;0.187155;0.0833391;0.0970456;-6.72478
136.824;145.329;0.179387;0.0685418;0.0735723;-6.05959
145.649;145.329;0.162699;0.054051;0.0497061;-5.36813
154.475;145.329;0.118982;0.039419;0.0278215;-4.63022
163.3;145.329;0.0580524;0.024851;0.0158834;-3.8602
172.126;145.329;0.00154549;0.0110688;0.00868944;-3.05784
180.951;145.329;0.00270379;-0.000863282;0.00524972;-2.26794
189.777;145.329;-0.0437607;-0.0168803;-0.00433642;-1.41343
-172.067;136.504;0.805649;-0.0438389;0.0105177;-2.51842
-163.242;136.504;0.813697;-0.0617518;0.0241029;-3.34221
-154.416;136.504;0.794596;-0.0797655;0.0420029;-4.13119
-145.591;136.504;0.77576;-0.0967723;0.0592638;-4.90137
-136.765;136.504;0.75271;-0.113181;0.0759438;-5.65059
-127.94;136.504;0.723323;-0.123648;0.0900853;-6.36163
-119.114;136.504;0.691541;-0.13156;0.102735;-7.03454
-110.289;136.504;0.668655;-0.138815;0.113363;-7.68407
-101.463;136.504;0.664742;-0.139813;0.119324;-8.30483
-92.6379;136.504;0.665932;-0.129672;0.12099;-8.88061
-83.8124;136.504;0.651805;-0.118987;0.127302;-9.41893
-74.987;136.504;0.639557;-0.106638;0.128447;-9.92441
-66.1615;136.504;0.594988;-0.0928136;0.131781;-10.3814
-57.3361;136.504;0.513426;-0.0794279;0.143957;-10.7801
-48.5106;136.504;0.432535;-0.0683576;0.164836;-11.1165
-39.6852;136.504;0.396839;-0.0565252;0.184337;-11.4105
-30.8597;136.504;0.368579;-0.0441181;0.203375;-11.6661
-22.0342;136.504;0.331408;-0.029091;0.21838;-11.8723
-13.2088;136.504;0.273207;-0.0125223;0.231942;-12.0221
-4.38334;136.504;0.201181;0.00297989;0.246565;-12.1095
4.44212;136.504;0.140583;0.0173373;0.258768;-12.1513
13.2676;136.504;0.122599;0.0322758;0.263023;-12.1495
22.093;136.504;0.114553;0.0482313;0.261057;-12.0971
30.9185;136.504;0.107246;0.0637236;0.256374;-11.9924
39.7439;136.504;0.0950112;0.0793702;0.247737;-11.8377
48.5694;136.504;0.0769003;0.0922904;0.239051;-11.617
57.3948;136.504;0.0582407;0.101555;0.234982;-11.3432
66.2203;136.504;0.0627894;0.109143;0.228814;-11.0301
75.0458;136.504;0.0885316;0.115903;0.215096;-10.6828
83.8712;136.504;0.120064;0.121364;0.195523;-10.2852
92.6967;136.504;0.148358;0.121351;0.176345;-9.81895
101.522;136.504;0.182392;0.117809;0.163411;-9.32074
110.348;136.504;0.193415;0.115981;0.150716;-8.78355
119.173;136.504;0.185475;0.113251;0.134227;-8.18701
127.998;136.504;0.174166;0.104201;0.112367;-7.53739
136.824;136.504;0.170106;0.0883974;0.0880455;-6.85547
145.649;136.504;0.157588;0.0727423;0.0634701;-6.14508
154.475;136.504;0.130062;0.0567672;0.0397041;-5.3912
163.3;136.504;0.0786284;0.0414879;0.0238322;-4.60333
172.126;136.504;0.020828;0.0241693;0.0107247;-3.78765
180.951;136.504;-0.00265896;0.00427194;-0.00208642;-2.96232
189.777;136.504;-0.0116348;-0.0121938;-0.00746657;-2.10348
-180.892;127.678;0.828924;-0.0246387;0.00509006;-2.29071
-172.067;127.678;0.801448;-0.0419698;0.0143637;-3.12987
-163.242;127.678;0.772076;-0.0669925;0.0342931;-3.98766
-154.416;127.678;0.763932;-0.0891974;0.0533517;-4.80713
-145.591;127.678;0.747952;-0.109531;0.0715153;-5.60412
-136.765;127.678;0.716373;-0.125307;0.0877783;-6.36954
-127.94;127.678;0.686062;-0.132692;0.0987954;-7.09057
-119.114;127.678;0.656039;-0.137612;0.10735;-7.77899
-110.289;127.678;0.630273;-0.143384;0.116638;-8.44833
-101.463;127.678;0.619002;-0.145149;0.126204;-9.08805
-92.6379;127.678;0.603199;-0.136173;0.134299;-9.67576
-83.8124;127.678;0.570625;-0.126042;0.142247;-10.2121
-74.987;127.678;0.547975;-0.11751;0.14627;-10.7203
-66.1615;127.678;0.515915;-0.108055;0.154113;-11.1909
-57.3361;127.678;0.464648;-0.0952037;0.169719;-11.6092
-48.5106;127.678;0.406221;-0.0799122;0.189986;-11.9632
-39.6852;127.678;0.364236;-0.0666052;0.205731;-12.2725
-30.8597;127.678;0.317258;-0.0522185;0.222415;-12.5392
-22.0342;127.678;0.264204;-0.0333006;0.235776;-12.7478
-13.2088;127.678;0.195112;-0.0133895;0.248403;-12.8972
-4.38334;127.678;0.121168;0.00424004;0.263526;-12.9886
4.44212;127.678;0.071985;0.0204635;0.276959;-13.0397
13.2676;127.678;0.0781889;0.0372787;0.280768;-13.0501
22.093;127.678;0.0984438;0.0547177;0.275908;-13.0139
30.9185;127.678;0.115528;0.0713359;0.267304;-12.9221
39.7439;127.678;0.113851;0.0875773;0.256146;-12.7643
48.5694;127.678;0.0891779;0.103474;0.246918;-12.5373
57.3948;127.678;0.0547438;0.117061;0.241363;-12.247
66.2203;127.678;0.0508032;0.126622;0.235061;-11.9105
75.0458;127.678;0.0435258;0.134611;0.222074;-11.5172
83.8712;127.678;0.00996811;0.140862;0.205025;-11.0468
92.6967;127.678;-0.0258809;0.143138;0.189268;-10.5212
101.522;127.678;0.0105902;0.141294;0.176925;-10.0199
110.348;127.678;0.038922;0.140064;0.163346;-9.48773
119.173;127.678;0.0469589;0.136982;0.145514;-8.88969
127.998;127.678;0.0627845;0.12657;0.122261;-8.24459
136.824;127.678;0.096991;0.110704;0.0970915;-7.57877
145.649;127.678;0.101026;0.095297;0.0738534;-6.86473
154.475;127.678;0.0734808;0.0794764;0.0506153;-6.09047
163.3;127.678;0.0277104;0.063711;0.0332395;-5.28563
172.126;127.678;-0.0133822;0.0449554;0.0162308;-4.45975
180.951;127.678;-0.0266013;0.0239173;0.000807626;-3.62487
189.777;127.678;-0.0626959;0.00744792;-0.00215895;-2.77048
198.602;127.678;-0.103846;-0.0102678;-0.00592171;-1.86131
207.428;127.678;0.108123;-0.0363295;-0.0264598;-0.916485
-189.718;118.853;0.792015;-0.0171032;0.00551052;-2.00418
-180.892;118.853;0.770748;-0.0292801;0.0123235;-2.86155
-172.067;118.853;0.756336;-0.0504585;0.0293025;-3.74719
-163.242;118.853;0.721902;-0.0760935;0.0495707;-4.61145
-154.416;118.853;0.712321;-0.101328;0.0693296;-5.4615
-145.591;118.853;0.704309;-0.121714;0.0863143;-6.28348
-136.765;118.853;0.676575;-0.136568;0.102216;-7.07108
-127.94;118.853;0.650239;-0.142082;0.111535;-7.80942
-119.114;118.853;0.623314;-0.144631;0.116868;-8.51525
-110.289;118.853;0.605123;-0.14815;0.123956;-9.20369
-101.463;118.853;0.605995;-0.149387;0.134517;-9.86145
-92.6379;118.853;0.576178;-0.143007;0.147129;-10.4668
-83.8124;118.853;0.51075;-0.133779;0.156854;-11.012
-74.987;118.853;0.460758;-0.126649;0.164507;-11.5285
-66.1615;118.853;0.421909;-0.119282;0.177462;-12.0125
-57.3361;118.853;0.382425;-0.107125;0.19682;-12.4467
-48.5106;118.853;0.341352;-0.0905609;0.216676;-12.8157
-39.6852;118.853;0.314086;-0.0774957;0.231017;-13.1477
-30.8597;118.853;0.286054;-0.0613398;0.243621;-13.4297
-22.0342;118.853;0.247791;-0.0389807;0.252741;-13.6462
-13.2088;118.853;0.190214;-0.0172863;0.261631;-13.8044
-4.38334;118.853;0.133198;0.000184399;0.274477;-13.914
4.44212;118.853;0.106272;0.0159723;0.287661;-13.9856
13.2676;118.853;0.1125;0.0350195;0.292526;-13.9994
22.093;118.853;0.108312;0.0553239;0.28802;-13.949
30.9185;118.853;0.100004;0.0732238;0.277019;-13.8286
39.7439;118.853;0.0764251;0.0911562;0.263977;-13.6418
48.5694;118.853;0.0185353;0.11027;0.255557;-13.3773
57.3948;118.853;-0.0874984;0.129704;0.250277;-13.0264
66.2203;118.853;-0.167016;0.143312;0.243579;-12.624
75.0458;118.853;-0.205024;0.151323;0.227414;-12.1829
83.8712;118.853;-0.302974;0.161229;0.209089;-11.647
92.6967;118.853;-0.444649;0.164339;0.192529;-11.0079
101.522;118.853;-0.481439;0.164792;0.178417;-10.4325
110.348;118.853;-0.42047;0.163823;0.16645;-9.91323
119.173;118.853;-0.341089;0.161006;0.150896;-9.36954
127.998;118.853;-0.238193;0.149338;0.128933;-8.78429
136.824;118.853;-0.129135;0.134527;0.103872;-8.16762
145.649;118.853;-0.0921384;0.120095;0.0819376;-7.4641
154.475;118.853;-0.097316;0.105197;0.0593291;-6.68963
163.3;118.853;-0.110744;0.0889441;0.0406539;-5.88625
172.126;118.853;-0.113219;0.0708373;0.023474;-5.07156
180.951;118.853;-0.0995761;0.0512001;0.00902948;-4.24814
189.777;118.853;-0.109909;0.0322242;0.00206202;-3.39107
198.602;118.853;-0.127878;0.0139689;0.000782478;-2.48496
207.428;118.853;0.0562418;-0.0104783;-0.0119944;-1.55498
-189.718;110.027;0.712601;-0.0372477;0.0175992;-2.5546
-180.892;110.027;0.682247;-0.0490167;0.0295652;-3.43148
-172.067;110.027;0.686482;-0.0667158;0.0467623;-4.3295
-163.242;110.027;0.66218;-0.0895596;0.0644574;-5.21655
-154.416;110.027;0.653484;-0.112283;0.0815312;-6.0906
-145.591;110.027;0.656086;-0.131164;0.0975232;-6.93884
-136.765;110.027;0.639825;-0.146183;0.113987;-7.75292
-127.94;110.027;0.608124;-0.154603;0.124345;-8.51498
-119.114;110.027;0.572519;-0.159908;0.130529;-9.24482
-110.289;110.027;0.55261;-0.164075;0.137671;-9.95629
-101.463;110.027;0.551412;-0.164841;0.14831;-10.636
-92.6379;110.027;0.517923;-0.157525;0.160381;-11.2545
-83.8124;110.027;0.456506;-0.145846;0.16732;-11.813
-74.987;110.027;0.405808;-0.138486;0.174825;-12.3473
-66.1615;110.027;0.362296;-0.132643;0.189386;-12.851
-57.3361;110.027;0.329053;-0.121962;0.210517;-13.301
-48.5106;110.027;0.308854;-0.105546;0.230986;-13.6873
-39.6852;110.027;0.291543;-0.0911281;0.246403;-14.0382
-30.8597;110.027;0.268469;-0.0728125;0.258491;-14.3367
-22.0342;110.027;0.236275;-0.0486843;0.26632;-14.5686
-13.2088;110.027;0.18914;-0.0268626;0.272947;-14.7427
-4.38334;110.027;0.145118;-0.00923241;0.282603;-14.8672
4.44212;110.027;0.123493;0.00826141;0.293499;-14.9456
13.2676;110.027;0.115469;0.0298499;0.29964;-14.9565
22.093;110.027;0.0881116;0.0510778;0.298514;-14.8968
30.9185;110.027;0.0577773;0.0676735;0.288839;-14.7545
39.7439;110.027;0.0150848;0.0887234;0.274171;-14.5437
48.5694;110.027;-0.0517935;0.117713;0.263043;-14.2661
57.3948;110.027;-0.141246;0.147815;0.256006;-13.9153
66.2203;110.027;-0.179126;0.165487;0.251098;-13.5378
75.0458;110.027;-0.173451;0.174712;0.23317;-13.1248
83.8712;110.027;-0.276364;0.18714;0.208748;-12.578
92.6967;110.027;-0.472678;0.189222;0.188188;-11.8646
101.522;110.027;-0.607892;0.188296;0.171962;-11.1788
110.348;110.027;-0.598959;0.186163;0.159306;-10.5862
119.173;110.027;-0.528729;0.183491;0.14551;-10.0178
127.998;110.027;-0.410606;0.17133;0.127197;-9.42704
136.824;110.027;-0.277395;0.157835;0.10613;-8.81588
145.649;110.027;-0.192591;0.144002;0.0882579;-8.12986
154.475;110.027;-0.160542;0.129529;0.0673658;-7.36325
163.3;110.027;-0.1381;0.11229;0.0476024;-6.55721
172.126;110.027;-0.113297;0.0937468;0.0307869;-5.73485
180.951;110.027;-0.0866274;0.0746483;0.017933;-4.90165
189.777;110.027;-0.0673527;0.0540112;0.00881105;-4.03884
198.602;110.027;-0.0735435;0.0308541;0.00493028;-3.14043
207.428;110.027;0.0397552;0.00444636;-0.00983629;-2.17512
-198.543;101.202;0.825176;-0.0301691;0.00738647;-2.21611
-189.718;101.202;0.727355;-0.0471725;0.0216522;-3.10794
-180.892;101.202;0.67054;-0.0643677;0.0380883;-4.0132
-172.067;101.202;0.657773;-0.0831199;0.053059;-4.91769
-163.242;101.202;0.635369;-0.103977;0.0675665;-5.8214
-154.416;101.202;0.624133;-0.124961;0.0837985;-6.71482
-145.591;101.202;0.61711;-0.143329;0.099665;-7.58164
-136.765;101.202;0.585559;-0.159339;0.115222;-8.41278
-127.94;101.202;0.530748;-0.170731;0.124809;-9.18951
-119.114;101.202;0.478394;-0.179773;0.13154;-9.93744
-110.289;101.202;0.457962;-0.185953;0.140319;-10.6718
-101.463;101.202;0.470686;-0.185976;0.153039;-11.3806
-92.6379;101.202;0.465853;-0.177508;0.16563;-12.029
-83.8124;101.202;0.443879;-0.162936;0.170015;-12.6176
-74.987;101.202;0.402938;-0.154518;0.177234;-13.1792
-66.1615;101.202;0.353035;-0.148231;0.191626;-13.7015
-57.3361;101.202;0.303067;-0.136866;0.212646;-14.1619
-48.5106;101.202;0.263452;-0.119254;0.234557;-14.5568
-39.6852;101.202;0.243559;-0.101716;0.252742;-14.9193
-30.8597;101.202;0.229701;-0.0814946;0.267188;-15.2377
-22.0342;101.202;0.211564;-0.0572364;0.277246;-15.4945
-13.2088;101.202;0.186334;-0.0357487;0.284364;-15.6903
-4.38334;101.202;0.162126;-0.0173469;0.292173;-15.827
4.44212;101.202;0.146074;0.00209103;0.300498;-15.9086
13.2676;101.202;0.132674;0.0248125;0.306395;-15.9225
22.093;101.202;0.0992203;0.0457726;0.308357;-15.8664
30.9185;101.202;0.0559388;0.0617262;0.301921;-15.72
39.7439;101.202;0.00434091;0.0893515;0.286346;-15.5036
48.5694;101.202;-0.0302398;0.132486;0.270325;-15.2542
57.3948;101.202;-0.0107591;0.175109;0.259342;-14.9824
66.2203;101.202;0.0730591;0.197081;0.255583;-14.6996
75.0458;101.202;0.117496;0.208539;0.236482;-14.31
83.8712;101.202;0.029797;0.219574;0.209125;-13.7501
92.6967;101.202;-0.160584;0.220706;0.185501;-13.0185
101.522;101.202;-0.342924;0.218911;0.166927;-12.2704
110.348;101.202;-0.378394;0.214409;0.151308;-11.6057
119.173;101.202;-0.34672;0.210554;0.136879;-10.9756
127.998;101.202;-0.276132;0.200386;0.121858;-10.3251
136.824;101.202;-0.19244;0.188764;0.10634;-9.65102
145.649;101.202;-0.121111;0.174852;0.0925742;-8.92878
154.475;101.202;-0.0876503;0.159534;0.074856;-8.13799
163.3;101.202;-0.0601142;0.141218;0.0556968;-7.30529
172.126;101.202;-0.0460242;0.12197;0.0383772;-6.44583
180.951;101.202;-0.0498607;0.102569;0.0239375;-5.56646
189.777;101.202;-0.0489153;0.0794805;0.0097668;-4.66282
198.602;101.202;-0.0149743;0.0491058;-0.000906284;-3.73526
207.428;101.202;0.0338684;0.0190778;-0.0129651;-2.75133
-198.543;92.3763;0.862127;-0.0251434;0.00102144;-2.73223
-189.718;92.3763;0.761483;-0.0414646;0.0157266;-3.65257
-180.892;92.3763;0.688168;-0.0684421;0.0364288;-4.57321
-172.067;92.3763;0.661485;-0.0928664;0.0521633;-5.49265
-163.242;92.3763;0.641107;-0.114389;0.0651443;-6.40911
-154.416;92.3763;0.613251;-0.135409;0.0824156;-7.31407
-145.591;92.3763;0.57607;-0.153785;0.0994229;-8.19279
-136.765;92.3763;0.519452;-0.170665;0.113251;-9.03894
-127.94;92.3763;0.453468;-0.184463;0.119836;-9.83599
-119.114;92.3763;0.405294;-0.196262;0.127462;-10.6136
-110.289;92.3763;0.393996;-0.203473;0.139139;-11.3764
-101.463;92.3763;0.41407;-0.202444;0.154382;-12.1142
-92.6379;92.3763;0.431192;-0.192903;0.168095;-12.8
-83.8124;92.3763;0.428687;-0.178777;0.174635;-13.4288
-74.987;92.3763;0.401559;-0.169664;0.184064;-14.018
-66.1615;92.3763;0.355822;-0.160985;0.198192;-14.5518
-57.3361;92.3763;0.294459;-0.147134;0.217967;-15.0158
-48.5106;92.3763;0.235838;-0.127554;0.239473;-15.4262
-39.6852;92.3763;0.21219;-0.107743;0.258678;-15.8068
-30.8597;92.3763;0.211438;-0.0865701;0.274713;-16.1518
-22.0342;92.3763;0.20585;-0.0616063;0.287944;-16.44
-13.2088;92.3763;0.195131;-0.0385763;0.297725;-16.6609
-4.38334;92.3763;0.184574;-0.0179861;0.307042;-16.8128
4.44212;92.3763;0.175134;0.00329724;0.314968;-16.8995
13.2676;92.3763;0.159432;0.02706;0.318259;-16.9123
22.093;92.3763;0.128402;0.0480611;0.317772;-16.8528
30.9185;92.3763;0.0825016;0.0668044;0.311505;-16.7028
39.7439;92.3763;0.0227345;0.105028;0.294164;-16.4838
48.5694;92.3763;0.00843249;0.161113;0.271387;-16.2524
57.3948;92.3763;0.105378;0.211881;0.251838;-16.0371
66.2203;92.3763;0.278399;0.235025;0.242387;-15.8131
75.0458;92.3763;0.337605;0.246276;0.223014;-15.4089
83.8712;92.3763;0.281467;0.253017;0.200994;-14.8379
92.6967;92.3763;0.150927;0.253106;0.180167;-14.1385
101.522;92.3763;0.0163398;0.250051;0.16131;-13.403
110.348;92.3763;-0.0144104;0.243464;0.142648;-12.7079
119.173;92.3763;-0.015828;0.237968;0.126674;-12.02
127.998;92.3763;-0.00754719;0.229571;0.113188;-11.2953
136.824;92.3763;0.0072196;0.218989;0.099896;-10.5377
145.649;92.3763;0.0318402;0.204572;0.0875814;-9.75114
154.475;92.3763;0.0470591;0.18823;0.0738592;-8.92251
163.3;92.3763;0.0563037;0.169788;0.05818;-8.05233
172.126;92.3763;0.0266138;0.150364;0.0424057;-7.13869
180.951;92.3763;-0.0397053;0.129368;0.0275886;-6.19084
189.777;92.3763;-0.0732665;0.101249;0.0112187;-5.22965
198.602;92.3763;-0.0244876;0.0661962;-0.0039502;-4.27535
207.428;92.3763;0.0608972;0.0339546;-0.0129606;-3.31756
-216.194;83.5508;0.808671;-0.0310161;0.00635327;-1.24608
-207.369;83.5508;0.897197;-0.014821;-0.00676111;-2.22172
-198.543;83.5508;0.867421;-0.0175388;-0.00443567;-3.21697
-189.718;83.5508;0.778533;-0.0330529;0.00866737;-4.16404
-180.892;83.5508;0.697824;-0.0662125;0.0305044;-5.10217
-172.067;83.5508;0.662529;-0.0958357;0.0472038;-6.03422
-163.242;83.5508;0.630067;-0.119144;0.0595413;-6.95585
-154.416;83.5508;0.571139;-0.141762;0.0773856;-7.87138
-145.591;83.5508;0.51232;-0.161081;0.0938528;-8.76698
-136.765;83.5508;0.453704;-0.177592;0.104664;-9.6364
-127.94;83.5508;0.405051;-0.190708;0.108014;-10.4665
-119.114;83.5508;0.37376;-0.201778;0.115698;-11.2748
-110.289;83.5508;0.363348;-0.208261;0.129363;-12.0615
-101.463;83.5508;0.371716;-0.206803;0.145845;-12.82
-92.6379;83.5508;0.389143;-0.197822;0.158213;-13.532
-83.8124;83.5508;0.384034;-0.188518;0.169482;-14.1973
-74.987;83.5508;0.366569;-0.180533;0.18437;-14.8146
-66.1615;83.5508;0.336835;-0.169114;0.201229;-15.3711
-57.3361;83.5508;0.289297;-0.1519;0.220167;-15.8623
-48.5106;83.5508;0.240315;-0.131025;0.240299;-16.3047
-39.6852;83.5508;0.222592;-0.111214;0.260197;-16.7165
-30.8597;83.5508;0.228051;-0.0907015;0.277059;-17.088
-22.0342;83.5508;0.222426;-0.064663;0.290148;-17.3877
-13.2088;83.5508;0.205522;-0.0387194;0.301096;-17.615
-4.38334;83.5508;0.192378;-0.0150592;0.313419;-17.776
4.44212;83.5508;0.184194;0.00866486;0.323283;-17.8704
13.2676;83.5508;0.164183;0.0354867;0.323606;-17.8823
22.093;83.5508;0.139882;0.0587928;0.316104;-17.8138
30.9185;83.5508;0.107154;0.0850503;0.303835;-17.6566
39.7439;83.5508;0.0423931;0.134071;0.281156;-17.4202
48.5694;83.5508;0.00400331;0.194232;0.250783;-17.1427
57.3948;83.5508;0.0628918;0.241231;0.221579;-16.8644
66.2203;83.5508;0.204602;0.260397;0.202505;-16.5778
75.0458;83.5508;0.256343;0.274322;0.186715;-16.1575
83.8712;83.5508;0.231442;0.282864;0.176227;-15.6124
92.6967;83.5508;0.185862;0.284771;0.164892;-14.9822
101.522;83.5508;0.16785;0.280883;0.149306;-14.3107
110.348;83.5508;0.176507;0.274424;0.128942;-13.6183
119.173;83.5508;0.155765;0.268649;0.111355;-12.895
127.998;83.5508;0.131606;0.259953;0.0964526;-12.1232
136.824;83.5508;0.120325;0.247216;0.0805982;-11.3138
145.649;83.5508;0.12845;0.23042;0.066536;-10.4811
154.475;83.5508;0.14377;0.21182;0.056358;-9.62569
163.3;83.5508;0.138977;0.193503;0.0469633;-8.72732
172.126;83.5508;0.0641645;0.17544;0.0368273;-7.77199
180.951;83.5508;-0.0481373;0.153992;0.0252595;-6.77783
189.777;83.5508;-0.0653549;0.121194;0.0094353;-5.79504
198.602;83.5508;0.00906635;0.0811866;-0.00910578;-4.82936
207.428;83.5508;0.133653;0.0444978;-0.0216402;-3.87732
216.253;83.5508;0.240368;0.0127379;-0.0263301;-2.88273
225.078;83.5508;0.270573;-0.0136104;-0.0199757;-1.84709
-216.194;74.7253;0.797787;-0.0380752;0.00827187;-1.67859
-207.369;74.7253;0.861445;-0.0159365;-0.00473556;-2.67603
-198.543;74.7253;0.845599;-0.00709677;-0.0108192;-3.6612
-189.718;74.7253;0.756001;-0.0297446;0.0025159;-4.62572
-180.892;74.7253;0.691477;-0.0631121;0.0206673;-5.58111
-172.067;74.7253;0.656529;-0.0932456;0.0357434;-6.53052
-163.242;74.7253;0.604101;-0.117516;0.0467174;-7.45978
-154.416;74.7253;0.518571;-0.141979;0.0621823;-8.39471
-145.591;74.7253;0.462679;-0.162437;0.0741938;-9.31913
-136.765;74.7253;0.426558;-0.178247;0.0810406;-10.2232
-127.94;74.7253;0.410524;-0.188255;0.0821921;-11.092
-119.114;74.7253;0.385583;-0.196424;0.0892629;-11.9273
-110.289;74.7253;0.354066;-0.201851;0.102508;-12.7307
-101.463;74.7253;0.337424;-0.20123;0.116857;-13.5045
-92.6379;74.7253;0.345616;-0.194383;0.125589;-14.2403
-83.8124;74.7253;0.340254;-0.190446;0.13991;-14.936
-74.987;74.7253;0.320019;-0.185293;0.159948;-15.5812
-66.1615;74.7253;0.305516;-0.17371;0.180514;-16.1726
-57.3361;74.7253;0.285593;-0.15583;0.198823;-16.7019
-48.5106;74.7253;0.264048;-0.13547;0.216737;-17.1869
-39.6852;74.7253;0.25922;-0.116796;0.235466;-17.6381
-30.8597;74.7253;0.253224;-0.0967766;0.253052;-18.0393
-22.0342;74.7253;0.234743;-0.0673828;0.267674;-18.3479
-13.2088;74.7253;0.19835;-0.0366861;0.280984;-18.568
-4.38334;74.7253;0.166978;-0.00835439;0.294584;-18.7252
4.44212;74.7253;0.146955;0.0192524;0.302317;-18.819
13.2676;74.7253;0.12655;0.0496103;0.296313;-18.8305
22.093;74.7253;0.124464;0.0761294;0.281319;-18.7633
30.9185;74.7253;0.129943;0.112708;0.260937;-18.6149
39.7439;74.7253;0.102725;0.169399;0.23286;-18.3803
48.5694;74.7253;0.0811987;0.227401;0.201888;-18.077
57.3948;74.7253;0.109976;0.266214;0.174675;-17.7307
66.2203;74.7253;0.173281;0.284085;0.153935;-17.3433
75.0458;74.7253;0.191227;0.300006;0.142426;-16.8822
83.8712;74.7253;0.18392;0.308566;0.138331;-16.3439
92.6967;74.7253;0.182962;0.311336;0.133541;-15.7415
101.522;74.7253;0.202807;0.309314;0.122006;-15.0813
110.348;74.7253;0.222395;0.304081;0.103511;-14.3704
119.173;74.7253;0.190651;0.298673;0.0865747;-13.6156
127.998;74.7253;0.159175;0.289042;0.0707793;-12.8205
136.824;74.7253;0.152877;0.272507;0.0543492;-11.9887
145.649;74.7253;0.177187;0.252721;0.0410146;-11.1382
154.475;74.7253;0.209092;0.232781;0.0334613;-10.267
163.3;74.7253;0.224509;0.213349;0.030005;-9.36768
172.126;74.7253;0.179452;0.194264;0.0267791;-8.41663
180.951;74.7253;0.112578;0.170744;0.0212807;-7.42766
189.777;74.7253;0.127143;0.134987;0.0082516;-6.44038
198.602;74.7253;0.218018;0.093459;-0.00855719;-5.4629
207.428;74.7253;0.296872;0.0562652;-0.0208818;-4.46819
216.253;74.7253;0.35189;0.0228915;-0.0252255;-3.40771
225.078;74.7253;0.364278;-0.00656471;-0.0175519;-2.34059
-216.194;65.8999;0.785652;-0.0302454;0.00522529;-2.03145
-207.369;65.8999;0.809685;-0.0142996;-0.00322801;-3.06244
-198.543;65.8999;0.783638;-0.00876392;-0.0110387;-4.0472
-189.718;65.8999;0.707726;-0.0353934;-0.00266705;-5.04044
-180.892;65.8999;0.672269;-0.0645555;0.00656048;-6.01788
-172.067;65.8999;0.657462;-0.0906849;0.0148037;-7.00651
-163.242;65.8999;0.610121;-0.114554;0.0217213;-7.97283
-154.416;65.8999;0.536044;-0.138218;0.0303706;-8.93833
-145.591;65.8999;0.503464;-0.156381;0.03411;-9.88805
-136.765;65.8999;0.483554;-0.172268;0.0372026;-10.822
-127.94;65.8999;0.482744;-0.181981;0.0382375;-11.721
-119.114;65.8999;0.449224;-0.190861;0.0457374;-12.58
-110.289;65.8999;0.396897;-0.198272;0.0582854;-13.3981
-101.463;65.8999;0.372648;-0.200085;0.0695034;-14.1889
-92.6379;65.8999;0.393413;-0.194928;0.0765546;-14.9516
-83.8124;65.8999;0.390122;-0.190987;0.0878036;-15.6716
-74.987;65.8999;0.366802;-0.187715;0.107534;-16.3432
-66.1615;65.8999;0.347605;-0.180193;0.13181;-16.9762
-57.3361;65.8999;0.326259;-0.166124;0.15212;-17.547
-48.5106;65.8999;0.308776;-0.147051;0.168995;-18.0723
-39.6852;65.8999;0.307653;-0.126617;0.186366;-18.5554
-30.8597;65.8999;0.304881;-0.102856;0.205721;-18.9768
-22.0342;65.8999;0.307804;-0.0698519;0.223453;-19.3071
-13.2088;65.8999;0.290483;-0.0362612;0.240502;-19.5446
-4.38334;65.8999;0.264953;-0.00516145;0.254016;-19.7145
4.44212;65.8999;0.237566;0.0252043;0.258318;-19.8119
13.2676;65.8999;0.211079;0.0575662;0.249727;-19.8188
22.093;65.8999;0.217066;0.0879639;0.234825;-19.7539
30.9185;65.8999;0.23456;0.138174;0.208104;-19.6075
39.7439;65.8999;0.244301;0.202845;0.17682;-19.3879
48.5694;65.8999;0.293256;0.257966;0.151757;-19.125
57.3948;65.8999;0.38183;0.290671;0.13771;-18.8104
66.2203;65.8999;0.41387;0.314025;0.129319;-18.3849
75.0458;65.8999;0.376922;0.333611;0.121927;-17.8525
83.8712;65.8999;0.344284;0.340781;0.115784;-17.2572
92.6967;65.8999;0.338723;0.340646;0.108452;-16.612
101.522;65.8999;0.354217;0.33791;0.0981284;-15.9194
110.348;65.8999;0.360922;0.334017;0.0840884;-15.1788
119.173;65.8999;0.32353;0.328087;0.0673088;-14.3885
127.998;65.8999;0.290772;0.315471;0.0516903;-13.5634
136.824;65.8999;0.278477;0.295391;0.0388101;-12.6996
145.649;65.8999;0.289293;0.274814;0.0300328;-11.8167
154.475;65.8999;0.313571;0.255771;0.0246763;-10.9162
163.3;65.8999;0.327949;0.236159;0.0215987;-9.99619
172.126;65.8999;0.313663;0.214525;0.0199581;-9.03832
180.951;65.8999;0.294474;0.187804;0.0175393;-8.04985
189.777;65.8999;0.315276;0.150206;0.00597735;-7.04161
198.602;65.8999;0.377562;0.110057;-0.00723613;-6.0306
207.428;65.8999;0.425456;0.0749247;-0.0147586;-4.99403
216.253;65.8999;0.444272;0.0408598;-0.0160713;-3.91391
225.078;65.8999;0.441011;0.00907423;-0.0104596;-2.78633
233.904;65.8999;0.518908;-0.0204032;-0.0068634;-1.62665
-216.194;57.0744;0.753439;-0.0193933;-0.000610001;-2.34942
-207.369;57.0744;0.756039;-0.0117699;-0.00621268;-3.39069
-198.543;57.0744;0.703038;-0.0156111;-0.011841;-4.38984
-189.718;57.0744;0.630993;-0.0459766;-0.00706197;-5.40595
-180.892;57.0744;0.617677;-0.0723202;-0.00502161;-6.40212
-172.067;57.0744;0.631743;-0.0961927;-0.00465147;-7.41949
-163.242;57.0744;0.623812;-0.1202;-0.00411453;-8.43238
-154.416;57.0744;0.599777;-0.140675;-0.00374978;-9.44001
-145.591;57.0744;0.600417;-0.153236;-0.00753652;-10.4241
-136.765;57.0744;0.584689;-0.166731;-0.0076282;-11.3808
-127.94;57.0744;0.561603;-0.181502;0.000418498;-12.308
-119.114;57.0744;0.51495;-0.193969;0.0128968;-13.1901
-110.289;57.0744;0.458432;-0.202556;0.0268602;-14.0272
-101.463;57.0744;0.432567;-0.205724;0.0371521;-14.8485
-92.6379;57.0744;0.461153;-0.202504;0.0441172;-15.6491
-83.8124;57.0744;0.4681;-0.197903;0.0539929;-16.4076
-74.987;57.0744;0.447579;-0.193412;0.0719737;-17.1072
-66.1615;57.0744;0.41586;-0.189308;0.0946744;-17.7633
-57.3361;57.0744;0.377873;-0.179511;0.115458;-18.3629
-48.5106;57.0744;0.35487;-0.161859;0.133302;-18.9177
-39.6852;57.0744;0.361035;-0.138383;0.150733;-19.4254
-30.8597;57.0744;0.366654;-0.109565;0.169905;-19.8632
-22.0342;57.0744;0.385926;-0.0738871;0.189161;-20.2245
-13.2088;57.0744;0.392193;-0.0396616;0.207601;-20.5019
-4.38334;57.0744;0.377864;-0.00764792;0.221225;-20.6937
4.44212;57.0744;0.341326;0.0222567;0.228083;-20.7941
13.2676;57.0744;0.299466;0.0511256;0.227881;-20.7985
22.093;57.0744;0.309472;0.0859423;0.21708;-20.7395
30.9185;57.0744;0.334113;0.152689;0.185917;-20.582
39.7439;57.0744;0.357073;0.231107;0.151619;-20.3446
48.5694;57.0744;0.420724;0.290244;0.129105;-20.0694
57.3948;57.0744;0.506845;0.321328;0.12082;-19.7349
66.2203;57.0744;0.51609;0.346181;0.1184;-19.2732
75.0458;57.0744;0.442463;0.366631;0.115244;-18.6785
83.8712;57.0744;0.406091;0.371615;0.10602;-18.0382
92.6967;57.0744;0.409764;0.369755;0.0952889;-17.367
101.522;57.0744;0.433113;0.367666;0.085256;-16.6653
110.348;57.0744;0.445932;0.365456;0.0730302;-15.9198
119.173;57.0744;0.400501;0.359189;0.0573902;-15.0969
127.998;57.0744;0.358907;0.343888;0.0436111;-14.2277
136.824;57.0744;0.337;0.323642;0.0341;-13.3302
145.649;57.0744;0.338795;0.302904;0.029312;-12.4178
154.475;57.0744;0.360439;0.283036;0.025439;-11.4947
163.3;57.0744;0.384383;0.262236;0.0211505;-10.5577
172.126;57.0744;0.390127;0.238535;0.0192557;-9.58146
180.951;57.0744;0.387711;0.209154;0.0171088;-8.57011
189.777;57.0744;0.396904;0.170029;0.00669391;-7.52957
198.602;57.0744;0.429269;0.129515;-0.00402605;-6.48489
207.428;57.0744;0.460983;0.0942832;-0.00805948;-5.42286
216.253;57.0744;0.479491;0.0593176;-0.00764511;-4.32564
225.078;57.0744;0.492217;0.0206144;-0.00584907;-3.17219
233.904;57.0744;0.572341;-0.014128;-0.00123015;-1.99818
-225.02;48.249;0.731176;-0.005546;-0.0045261;-1.61756
-216.194;48.249;0.73356;-0.0183755;-0.00396679;-2.64363
-207.369;48.249;0.726227;-0.0169937;-0.00814216;-3.66885
-198.543;48.249;0.637673;-0.0307385;-0.0107368;-4.69555
-189.718;48.249;0.568256;-0.0604488;-0.00709683;-5.73024
-180.892;48.249;0.551947;-0.0867726;-0.00717113;-6.75762
-172.067;48.249;0.553632;-0.113936;-0.0104883;-7.79913
-163.242;48.249;0.551068;-0.141524;-0.0135354;-8.84545
-154.416;48.249;0.56325;-0.159317;-0.0177609;-9.87641
-145.591;48.249;0.603853;-0.164823;-0.0252846;-10.8774
-136.765;48.249;0.578412;-0.17595;-0.0222675;-11.8406
-127.94;48.249;0.535617;-0.193117;-0.0105021;-12.7822
-119.114;48.249;0.484166;-0.205965;0.00468128;-13.6806
-110.289;48.249;0.443934;-0.213786;0.0197301;-14.5405
-101.463;48.249;0.437672;-0.217303;0.0303021;-15.403
-92.6379;48.249;0.467989;-0.215303;0.0365714;-16.2494
-83.8124;48.249;0.483821;-0.209672;0.0443057;-17.0429
-74.987;48.249;0.456853;-0.205695;0.0605518;-17.7645
-66.1615;48.249;0.410511;-0.201291;0.0829737;-18.4339
-57.3361;48.249;0.367269;-0.191826;0.105296;-19.0578
-48.5106;48.249;0.35742;-0.175123;0.125122;-19.6513
-39.6852;48.249;0.384507;-0.151308;0.143336;-20.205
-30.8597;48.249;0.398629;-0.121278;0.16146;-20.6738
-22.0342;48.249;0.405957;-0.0851413;0.178411;-21.0687
-13.2088;48.249;0.415284;-0.0500594;0.194012;-21.3835
-4.38334;48.249;0.406118;-0.0152948;0.207421;-21.5903
4.44212;48.249;0.37586;0.0146704;0.218406;-21.6932
13.2676;48.249;0.347681;0.0419803;0.225917;-21.7096
22.093;48.249;0.369348;0.0894164;0.215163;-21.6626
30.9185;48.249;0.3968;0.173901;0.182816;-21.4969
39.7439;48.249;0.422986;0.262524;0.149403;-21.24
48.5694;48.249;0.472738;0.323039;0.128887;-20.9241
57.3948;48.249;0.521711;0.352388;0.120355;-20.5283
66.2203;48.249;0.503653;0.375921;0.113946;-20.0144
75.0458;48.249;0.418369;0.395242;0.106838;-19.3791
83.8712;48.249;0.383591;0.400139;0.0956745;-18.7096
92.6967;48.249;0.388613;0.398082;0.0856998;-18.0112
101.522;48.249;0.414908;0.394447;0.0784186;-17.2858
110.348;48.249;0.438413;0.390973;0.0689675;-16.5273
119.173;48.249;0.393725;0.383257;0.0552599;-15.6734
127.998;48.249;0.348269;0.367801;0.0432874;-14.7664
136.824;48.249;0.326469;0.348235;0.0344585;-13.8406
145.649;48.249;0.335113;0.327798;0.0290928;-12.9143
154.475;48.249;0.366684;0.307328;0.0241784;-11.9872
163.3;48.249;0.414261;0.28479;0.0195767;-11.0434
172.126;48.249;0.428349;0.258839;0.017882;-10.0386
180.951;48.249;0.416016;0.227824;0.0167092;-8.98799
189.777;48.249;0.401736;0.187872;0.00852452;-7.90896
198.602;48.249;0.417766;0.144958;-0.000705266;-6.8371
207.428;48.249;0.447426;0.105749;-0.0047197;-5.75511
216.253;48.249;0.480054;0.0667053;-0.00453337;-4.65171
225.078;48.249;0.516555;0.0227481;-0.00339865;-3.5108
233.904;48.249;0.571477;-0.0160724;0.00160126;-2.35128
-225.02;39.4235;0.683933;-0.00425734;-0.00397555;-1.85361
-216.194;39.4235;0.678594;-0.0201576;-0.00385743;-2.90472
-207.369;39.4235;0.64359;-0.0291836;-0.00632792;-3.93895
-198.543;39.4235;0.567028;-0.0482874;-0.00692488;-4.97352
-189.718;39.4235;0.533347;-0.077554;-0.004216;-6.03121
-180.892;39.4235;0.527863;-0.103331;-0.00535012;-7.09323
-172.067;39.4235;0.515132;-0.129298;-0.0106543;-8.14187
-163.242;39.4235;0.504779;-0.157225;-0.0159286;-9.20068
-154.416;39.4235;0.530709;-0.175945;-0.0223572;-10.2452
-145.591;39.4235;0.574364;-0.18101;-0.0299053;-11.2575
-136.765;39.4235;0.532608;-0.189139;-0.0251658;-12.2192
-127.94;39.4235;0.466857;-0.205505;-0.0129899;-13.1683
-119.114;39.4235;0.427457;-0.218534;0.0011175;-14.0853
-110.289;39.4235;0.415948;-0.228667;0.0148591;-14.9783
-101.463;39.4235;0.421319;-0.234948;0.0265637;-15.8748
-92.6379;39.4235;0.433972;-0.233265;0.033753;-16.7451
-83.8124;39.4235;0.439664;-0.225033;0.0402274;-17.5605
-74.987;39.4235;0.41607;-0.221122;0.0533378;-18.3194
-66.1615;39.4235;0.374872;-0.213938;0.0741038;-19.0167
-57.3361;39.4235;0.343384;-0.201982;0.0956752;-19.6746
-48.5106;39.4235;0.357084;-0.18533;0.11465;-20.3159
-39.6852;39.4235;0.409212;-0.163021;0.132034;-20.9305
-30.8597;39.4235;0.431242;-0.135265;0.150866;-21.444
-22.0342;39.4235;0.41322;-0.102499;0.170236;-21.8669
-13.2088;39.4235;0.417192;-0.0674652;0.18755;-22.2058
-4.38334;39.4235;0.421986;-0.0298296;0.204044;-22.4344
4.44212;39.4235;0.42389;0.00390478;0.216563;-22.5573
13.2676;39.4235;0.435953;0.042565;0.220281;-22.6089
22.093;39.4235;0.47674;0.115156;0.201799;-22.5826
30.9185;39.4235;0.527669;0.216098;0.169631;-22.4385
39.7439;39.4235;0.606123;0.302173;0.143832;-22.2156
48.5694;39.4235;0.65795;0.354434;0.129008;-21.8758
57.3948;39.4235;0.648823;0.380913;0.119035;-21.4003
66.2203;39.4235;0.572722;0.405137;0.103908;-20.8058
75.0458;39.4235;0.469402;0.423;0.0878364;-20.1191
83.8712;39.4235;0.409311;0.429419;0.0763102;-19.4007
92.6967;39.4235;0.386608;0.429241;0.0701415;-18.6542
101.522;39.4235;0.395012;0.425004;0.0668456;-17.8843
110.348;39.4235;0.417713;0.420005;0.0602639;-17.095
119.173;39.4235;0.392387;0.408372;0.0489726;-16.2093
127.998;39.4235;0.359762;0.389495;0.0383576;-15.265
136.824;39.4235;0.349051;0.368088;0.0290438;-14.3136
145.649;39.4235;0.368246;0.346742;0.0215183;-13.3747
154.475;39.4235;0.409395;0.324253;0.0145565;-12.4372
163.3;39.4235;0.478269;0.297553;0.00977866;-11.4775
172.126;39.4235;0.504975;0.268303;0.00777365;-10.449
180.951;39.4235;0.48564;0.232852;0.00849239;-9.3563
189.777;39.4235;0.445452;0.192516;0.00390301;-8.23683
198.602;39.4235;0.44835;0.150976;-0.00196966;-7.14635
207.428;39.4235;0.465324;0.112067;-0.00503862;-6.04953
216.253;39.4235;0.503842;0.0709395;-0.00458159;-4.93251
225.078;39.4235;0.529225;0.0237948;-0.00423696;-3.78666
233.904;39.4235;0.478669;-0.01867;-0.00251098;-2.64116
-225.02;30.5981;0.667552;-0.0113388;0.00125628;-2.08714
-216.194;30.5981;0.655921;-0.0279575;-0.000604059;-3.16473
-207.369;30.5981;0.613172;-0.0409217;-0.00337087;-4.20326
-198.543;30.5981;0.566062;-0.0620683;-0.00408446;-5.25223
-189.718;30.5981;0.577787;-0.0880283;-0.00364403;-6.31814
-180.892;30.5981;0.581825;-0.111348;-0.00597481;-7.39661
-172.067;30.5981;0.560382;-0.133748;-0.0115287;-8.44841
-163.242;30.5981;0.539757;-0.16077;-0.017056;-9.51351
-154.416;30.5981;0.549695;-0.18434;-0.023291;-10.5712
-145.591;30.5981;0.570464;-0.194039;-0.029779;-11.5855
-136.765;30.5981;0.517251;-0.201159;-0.0265032;-12.5507
-127.94;30.5981;0.444398;-0.214742;-0.0186257;-13.5084
-119.114;30.5981;0.418389;-0.226397;-0.00942235;-14.4458
-110.289;30.5981;0.420507;-0.240195;0.00171977;-15.3761
-101.463;30.5981;0.421608;-0.250705;0.0150166;-16.3007
-92.6379;30.5981;0.413866;-0.24853;0.0245814;-17.1872
-83.8124;30.5981;0.406418;-0.237747;0.0311493;-18.0262
-74.987;30.5981;0.396855;-0.233564;0.0401894;-18.8305
-66.1615;30.5981;0.372499;-0.224727;0.0565249;-19.568
-57.3361;30.5981;0.357289;-0.211467;0.0749086;-20.2672
-48.5106;30.5981;0.389201;-0.19485;0.0917487;-20.9551
-39.6852;30.5981;0.458248;-0.173093;0.107582;-21.6284
-30.8597;30.5981;0.492454;-0.147224;0.125283;-22.1916
-22.0342;30.5981;0.47049;-0.117989;0.146353;-22.6571
-13.2088;30.5981;0.492371;-0.0836304;0.169711;-23.0394
-4.38334;30.5981;0.546833;-0.0456491;0.195763;-23.3289
4.44212;30.5981;0.593486;-0.00376558;0.209869;-23.4865
13.2676;30.5981;0.626477;0.0601625;0.19713;-23.5508
22.093;30.5981;0.688029;0.167579;0.160191;-23.5496
30.9185;30.5981;0.83051;0.283712;0.123078;-23.5069
39.7439;30.5981;1.0449;0.356465;0.107867;-23.4087
48.5694;30.5981;1.11857;0.387869;0.102806;-23.0465
57.3948;30.5981;1.02965;0.405379;0.0934725;-22.4564
66.2203;30.5981;0.870467;0.430826;0.0747205;-21.7503
75.0458;30.5981;0.715604;0.448568;0.0577475;-20.9695
83.8712;30.5981;0.599751;0.455766;0.0485332;-20.1609
92.6967;30.5981;0.542734;0.455622;0.0454663;-19.3468
101.522;30.5981;0.543453;0.449929;0.0447547;-18.5315
110.348;30.5981;0.576391;0.441275;0.0405751;-17.7061
119.173;30.5981;0.577135;0.42433;0.0342398;-16.7999
127.998;30.5981;0.558869;0.401202;0.0289718;-15.8319
136.824;30.5981;0.534356;0.379098;0.0220202;-14.8459
145.649;30.5981;0.51362;0.359391;0.0137176;-13.8589
154.475;30.5981;0.508641;0.336994;0.00575842;-12.8624
163.3;30.5981;0.559224;0.307337;0.00120503;-11.8575
172.126;30.5981;0.583425;0.277698;-0.00210422;-10.8126
180.951;30.5981;0.559021;0.244276;-0.00122077;-9.70717
189.777;30.5981;0.51038;0.203457;-0.00217382;-8.56006
198.602;30.5981;0.522342;0.160346;-0.00266113;-7.4595
207.428;30.5981;0.549546;0.12059;-0.00334265;-6.35905
216.253;30.5981;0.580799;0.0795821;-0.00365286;-5.22731
225.078;30.5981;0.607444;0.0322897;-0.00554941;-4.06152
233.904;30.5981;0.615146;-0.0159592;-0.00621594;-2.90498
-225.02;21.7726;0.689977;-0.0166388;0.00472073;-2.28028
-216.194;21.7726;0.688297;-0.0349339;0.00151755;-3.3933
-207.369;21.7726;0.652144;-0.0499682;-0.000753522;-4.44495
-198.543;21.7726;0.631162;-0.0718431;-0.0014756;-5.51041
-189.718;21.7726;0.65508;-0.0947721;-0.00345825;-6.58474
-180.892;21.7726;0.656678;-0.115424;-0.00774605;-7.66711
-172.067;21.7726;0.623208;-0.135363;-0.0140333;-8.71666
-163.242;21.7726;0.583805;-0.160856;-0.0198806;-9.77367
-154.416;21.7726;0.568894;-0.186856;-0.0259662;-10.833
-145.591;21.7726;0.573253;-0.202005;-0.032003;-11.8622
-136.765;21.7726;0.531857;-0.210309;-0.0321111;-12.8508
-127.94;21.7726;0.481965;-0.221266;-0.031079;-13.8291
-119.114;21.7726;0.461129;-0.230244;-0.0273966;-14.7889
-110.289;21.7726;0.453518;-0.245601;-0.0184922;-15.745
-101.463;21.7726;0.442305;-0.258639;-0.00544947;-16.6871
-92.6379;21.7726;0.428162;-0.256263;0.00538725;-17.5854
-83.8124;21.7726;0.423428;-0.244881;0.0126436;-18.4463
-74.987;21.7726;0.429215;-0.241341;0.0187409;-19.2878
-66.1615;21.7726;0.416204;-0.234253;0.0297349;-20.0687
-57.3361;21.7726;0.407818;-0.223136;0.0450629;-20.8123
-48.5106;21.7726;0.441406;-0.207151;0.0623027;-21.5396
-39.6852;21.7726;0.512216;-0.183392;0.0810383;-22.2553
-30.8597;21.7726;0.568355;-0.154876;0.101292;-22.8744
-22.0342;21.7726;0.589243;-0.125166;0.123069;-23.3994
-13.2088;21.7726;0.666009;-0.0927497;0.150487;-23.8606
-4.38334;21.7726;0.795519;-0.0569303;0.185847;-24.2391
4.44212;21.7726;0.829546;-0.00691178;0.195066;-24.3702
13.2676;21.7726;0.767359;0.0849169;0.158618;-24.3429
22.093;21.7726;0.807164;0.228402;0.092125;-24.3395
30.9185;21.7726;1.09874;0.345848;0.0476808;-24.3772
39.7439;21.7726;1.28281;0.408629;0.0369503;-24.2362
48.5694;21.7726;1.19304;0.426635;0.0390444;-23.7279
57.3948;21.7726;1.00255;0.439095;0.039069;-23.0587
66.2203;21.7726;0.909255;0.461821;0.0319124;-22.3689
75.0458;21.7726;0.846251;0.47669;0.0254584;-21.6179
83.8712;21.7726;0.723457;0.483507;0.0221459;-20.7754
92.6967;21.7726;0.644532;0.481099;0.0211111;-19.9069
101.522;21.7726;0.622688;0.475346;0.0204477;-19.0397
110.348;21.7726;0.627989;0.465913;0.0179419;-18.1502
119.173;21.7726;0.603482;0.449135;0.0156404;-17.1991
127.998;21.7726;0.573498;0.425378;0.0148536;-16.2031
136.824;21.7726;0.551746;0.401269;0.0114136;-15.1967
145.649;21.7726;0.53112;0.379401;0.00551992;-14.1853
154.475;21.7726;0.510927;0.35526;2.99044e-05;-13.1532
163.3;21.7726;0.540462;0.32536;-0.00285827;-12.1142
172.126;21.7726;0.559127;0.297495;-0.00715968;-11.0553
180.951;21.7726;0.52821;0.266195;-0.00678633;-9.93255
189.777;21.7726;0.48384;0.226213;-0.00555375;-8.7737
198.602;21.7726;0.538102;0.179287;-0.0034194;-7.68919
207.428;21.7726;0.609967;0.134207;-0.00333824;-6.60875
216.253;21.7726;0.665222;0.089569;-0.00319302;-5.48567
225.078;21.7726;0.688117;0.0397104;-0.0047326;-4.31042
233.904;21.7726;0.704914;-0.0156421;-0.00807838;-3.10787
242.729;21.7726;0.343296;-0.0429526;-0.00319611;-1.89438
-225.02;12.9472;0.726213;-0.010289;0.00221541;-2.40737
-216.194;12.9472;0.725841;-0.033977;-0.00107064;-3.53969
-207.369;12.9472;0.672497;-0.0536908;-0.00126614;-4.59051
-198.543;12.9472;0.650417;-0.0780343;-0.000955092;-5.65969
-189.718;12.9472;0.660725;-0.100634;-0.00449898;-6.74596
-180.892;12.9472;0.670722;-0.120861;-0.00988852;-7.84338
-172.067;12.9472;0.622312;-0.141809;-0.016468;-8.8906
-163.242;12.9472;0.550836;-0.166359;-0.0232759;-9.93594
-154.416;12.9472;0.522097;-0.188386;-0.0315292;-10.991
-145.591;12.9472;0.538477;-0.204083;-0.0393678;-12.0463
-136.765;12.9472;0.52997;-0.214326;-0.0434703;-13.0706
-127.94;12.9472;0.51404;-0.225157;-0.0463394;-14.0779
-119.114;12.9472;0.494617;-0.233957;-0.0435539;-15.0639
-110.289;12.9472;0.472794;-0.248956;-0.0372216;-16.0333
-101.463;12.9472;0.447809;-0.262178;-0.0281408;-16.9909
-92.6379;12.9472;0.424152;-0.261714;-0.0182004;-17.9059
-83.8124;12.9472;0.414244;-0.250719;-0.00918675;-18.7781
-74.987;12.9472;0.428188;-0.247885;-0.00326287;-19.6465
-66.1615;12.9472;0.430688;-0.243428;0.004008;-20.4682
-57.3361;12.9472;0.425056;-0.232519;0.0154407;-21.247
-48.5106;12.9472;0.448174;-0.21456;0.0330748;-21.9995
-39.6852;12.9472;0.520342;-0.188586;0.0579523;-22.7422
-30.8597;12.9472;0.628775;-0.158484;0.0852046;-23.4225
-22.0342;12.9472;0.750705;-0.129482;0.110514;-24.0385
-13.2088;12.9472;0.886777;-0.101682;0.137221;-24.5743
-4.38334;12.9472;0.918625;-0.0541345;0.162173;-24.8946
4.44212;12.9472;0.762969;0.0141264;0.15559;-24.8537
13.2676;12.9472;0.520514;0.119549;0.103138;-24.6751
22.093;12.9472;0.424265;0.260736;0.0309616;-24.5988
30.9185;12.9472;0.58329;0.370435;-0.0154143;-24.5602
39.7439;12.9472;0.5825;0.433316;-0.0337157;-24.2516
48.5694;12.9472;0.500855;0.45476;-0.033869;-23.6829
57.3948;12.9472;0.505271;0.474698;-0.0233068;-23.1348
66.2203;12.9472;0.66021;0.495619;-0.013803;-22.6189
75.0458;12.9472;0.770601;0.506119;-0.00695899;-21.9919
83.8712;12.9472;0.689739;0.509345;-0.00427353;-21.1623
92.6967;12.9472;0.595222;0.50269;-0.00284531;-20.2416
101.522;12.9472;0.532223;0.495491;-0.00160507;-19.3035
110.348;12.9472;0.496348;0.486727;-0.00183726;-18.3502
119.173;12.9472;0.456686;0.4712;-0.00127625;-17.3661
127.998;12.9472;0.446523;0.448114;9.79806e-05;-16.3743
136.824;12.9472;0.451835;0.423807;-0.00153408;-15.3755
145.649;12.9472;0.454144;0.400455;-0.00522077;-14.3639
154.475;12.9472;0.449011;0.375018;-0.00754912;-13.326
163.3;12.9472;0.475258;0.346752;-0.00806008;-12.2781
172.126;12.9472;0.495312;0.319404;-0.0109021;-11.2092
180.951;12.9472;0.469334;0.28559;-0.00981571;-10.0667
189.777;12.9472;0.440424;0.244439;-0.00738116;-8.90212
198.602;12.9472;0.512888;0.195959;-0.00451435;-7.81886
207.428;12.9472;0.625062;0.147376;-0.00409144;-6.76341
216.253;12.9472;0.706425;0.100994;-0.00445405;-5.66023
225.078;12.9472;0.739526;0.0514859;-0.00494033;-4.48485
233.904;12.9472;0.727439;-0.00504891;-0.00709171;-3.24199
242.729;12.9472;0.615942;-0.045201;-0.00399879;-1.9662
-233.845;4.12171;0.64131;0.0130433;0.00148752;-1.37369
-225.02;4.12171;0.720313;-0.0020161;-0.00356638;-2.48403
-216.194;4.12171;0.701407;-0.0271308;-0.0049412;-3.58786
-207.369;4.12171;0.590695;-0.0583582;-0.0020889;-4.65076
-198.543;4.12171;0.529861;-0.0882786;-0.00077914;-5.71909
-189.718;4.12171;0.54309;-0.111845;-0.00522245;-6.81678
-180.892;4.12171;0.603383;-0.131811;-0.0100237;-7.93871
-172.067;4.12171;0.567089;-0.154994;-0.0155449;-9.01307
-163.242;4.12171;0.47528;-0.178758;-0.023595;-10.0777
-154.416;4.12171;0.447919;-0.192876;-0.0363815;-11.1445
-145.591;4.12171;0.503964;-0.198835;-0.0491526;-12.1937
-136.765;4.12171;0.511707;-0.212102;-0.0562644;-13.2369
-127.94;4.12171;0.496112;-0.225293;-0.0588494;-14.2553
-119.114;4.12171;0.485832;-0.235561;-0.0546915;-15.2488
-110.289;4.12171;0.472993;-0.252186;-0.0497405;-16.2437
-101.463;4.12171;0.442604;-0.265198;-0.0456946;-17.2111
-92.6379;4.12171;0.398254;-0.264462;-0.0412772;-18.1223
-83.8124;4.12171;0.369416;-0.256569;-0.0338671;-18.9952
-74.987;4.12171;0.38215;-0.257141;-0.0241647;-19.8843
-66.1615;4.12171;0.400456;-0.253263;-0.0175642;-20.7384
-57.3361;4.12171;0.401448;-0.239905;-0.0102891;-21.5442
-48.5106;4.12171;0.414153;-0.218548;0.00444289;-22.3118
-39.6852;4.12171;0.474938;-0.190635;0.0304136;-23.0665
-30.8597;4.12171;0.594404;-0.159603;0.0604242;-23.782
-22.0342;4.12171;0.734883;-0.126232;0.0865733;-24.4524
-13.2088;4.12171;0.807572;-0.0900943;0.107385;-24.9664
-4.38334;4.12171;0.511373;-0.0307988;0.12035;-25.0906
4.44212;4.12171;0.0737226;0.0543038;0.0982687;-24.8553
13.2676;4.12171;-0.144765;0.168296;0.038288;-24.6742
22.093;4.12171;0.0490373;0.279709;-0.0224086;-24.6825
30.9185;4.12171;0.212286;0.375036;-0.0617091;-24.6089
39.7439;4.12171;0.1346;0.438075;-0.085852;-24.1958
48.5694;4.12171;0.111664;0.47064;-0.0898872;-23.6747
57.3948;4.12171;0.251721;0.500349;-0.0776391;-23.2419
66.2203;4.12171;0.50095;0.521682;-0.0612094;-22.7986
75.0458;4.12171;0.655497;0.529199;-0.0463554;-22.1998
83.8712;4.12171;0.576704;0.52973;-0.0380877;-21.3507
92.6967;4.12171;0.444012;0.521361;-0.0339207;-20.3709
101.522;4.12171;0.326647;0.511333;-0.0300242;-19.356
110.348;4.12171;0.260425;0.501101;-0.0268014;-18.3597
119.173;4.12171;0.257004;0.484737;-0.0228145;-17.3953
127.998;4.12171;0.311554;0.463408;-0.0206024;-16.4527
136.824;4.12171;0.362784;0.441675;-0.0221062;-15.4852
145.649;4.12171;0.394481;0.418341;-0.0237094;-14.4822
154.475;4.12171;0.412147;0.391707;-0.0227761;-13.4461
163.3;4.12171;0.444187;0.364728;-0.0205258;-12.4003
172.126;4.12171;0.468355;0.335597;-0.0194088;-11.3218
180.951;4.12171;0.451117;0.297592;-0.015504;-10.1653
189.777;4.12171;0.430231;0.254194;-0.0105799;-8.99101
198.602;4.12171;0.47845;0.206831;-0.00655193;-7.87828
207.428;4.12171;0.600553;0.157426;-0.00577071;-6.82499
216.253;4.12171;0.686473;0.109764;-0.00677734;-5.72314
225.078;4.12171;0.707491;0.0601471;-0.00653974;-4.54022
233.904;4.12171;0.668158;0.00220083;-0.00440133;-3.26508
242.729;4.12171;0.609833;-0.0435204;0.0010573;-1.97927
251.555;4.12171;0.671823;-0.0343576;0.00631209;-0.78648
-233.845;-4.70375;0.586829;0.0182695;0.00184981;-1.38393
-225.02;-4.70375;0.660359;0.00137111;-0.00167798;-2.50608
-216.194;-4.70375;0.623554;-0.0270266;-0.00231621;-3.59894
-207.369;-4.70375;0.49183;-0.062682;-6.73706e-05;-4.65554
-198.543;-4.70375;0.421979;-0.0929207;-0.00126293;-5.71668
-189.718;-4.70375;0.445935;-0.11535;-0.00657802;-6.82118
-180.892;-4.70375;0.554157;-0.135008;-0.00863378;-7.96699
-172.067;-4.70375;0.573258;-0.154205;-0.0132071;-9.07199
-163.242;-4.70375;0.522681;-0.167865;-0.0245289;-10.1481
-154.416;-4.70375;0.505238;-0.173718;-0.0423474;-11.2281
-145.591;-4.70375;0.540459;-0.180342;-0.0567849;-12.2867
-136.765;-4.70375;0.518629;-0.201032;-0.0646506;-13.3452
-127.94;-4.70375;0.480418;-0.217893;-0.0667263;-14.3634
-119.114;-4.70375;0.475863;-0.230699;-0.0620504;-15.3596
-110.289;-4.70375;0.463953;-0.245671;-0.0589993;-16.3603
-101.463;-4.70375;0.426667;-0.255848;-0.0591887;-17.3276
-92.6379;-4.70375;0.373882;-0.256306;-0.0596651;-18.2423
-83.8124;-4.70375;0.333054;-0.252669;-0.0553668;-19.1259
-74.987;-4.70375;0.336883;-0.2526;-0.0472692;-20.0238
-66.1615;-4.70375;0.356957;-0.249034;-0.0419692;-20.891
-57.3361;-4.70375;0.363312;-0.238011;-0.0379588;-21.715
-48.5106;-4.70375;0.376029;-0.218957;-0.0270726;-22.4996
-39.6852;-4.70375;0.420881;-0.191943;-0.00631514;-23.2436
-30.8597;-4.70375;0.502915;-0.158204;0.0183186;-23.9355
-22.0342;-4.70375;0.582725;-0.119933;0.0398463;-24.5598
-13.2088;-4.70375;0.52164;-0.076595;0.0576891;-24.9849
-4.38334;-4.70375;0.045381;-0.00983437;0.0667198;-24.9348
4.44212;-4.70375;-0.382368;0.0832356;0.0337371;-24.6956
13.2676;-4.70375;-0.370369;0.204807;-0.0260408;-24.7258
22.093;-4.70375;0.0774708;0.302372;-0.0765566;-24.8777
30.9185;-4.70375;0.20822;0.380542;-0.103243;-24.7831
39.7439;-4.70375;0.128764;0.434534;-0.126136;-24.3044
48.5694;-4.70375;0.142907;0.471431;-0.133238;-23.8202
57.3948;-4.70375;0.279458;0.502374;-0.124454;-23.3804
66.2203;-4.70375;0.45502;0.523641;-0.108125;-22.8776
75.0458;-4.70375;0.543961;0.530546;-0.0912063;-22.215
83.8712;-4.70375;0.434408;0.530887;-0.0799402;-21.318
92.6967;-4.70375;0.260757;0.52564;-0.0744391;-20.2975
101.522;-4.70375;0.116511;0.516742;-0.0681563;-19.264
110.348;-4.70375;0.0722964;0.504558;-0.0607063;-18.2942
119.173;-4.70375;0.165077;0.490211;-0.0528954;-17.4304
127.998;-4.70375;0.307964;0.473709;-0.04905;-16.5703
136.824;-4.70375;0.392569;0.453953;-0.0495037;-15.6202
145.649;-4.70375;0.437831;0.430688;-0.0483293;-14.6119
154.475;-4.70375;0.46951;0.403689;-0.0440295;-13.5735
163.3;-4.70375;0.504238;0.37702;-0.0393286;-12.5277
172.126;-4.70375;0.525109;0.344565;-0.0345287;-11.435
180.951;-4.70375;0.498228;0.304089;-0.0265238;-10.2642
189.777;-4.70375;0.458899;0.259537;-0.0172544;-9.06935
198.602;-4.70375;0.467099;0.213544;-0.0106068;-7.91554
207.428;-4.70375;0.568109;0.16465;-0.0094201;-6.83067
216.253;-4.70375;0.647953;0.115235;-0.00925356;-5.7123
225.078;-4.70375;0.668646;0.0640895;-0.00658657;-4.52239
233.904;-4.70375;0.627412;0.00878799;2.56898e-05;-3.25274
242.729;-4.70375;0.563226;-0.035143;0.00647356;-1.99054
251.555;-4.70375;0.623722;-0.0307203;0.00877514;-0.81065
-233.845;-13.5292;0.587594;0.0285103;0.00752163;-1.36378
-225.02;-13.5292;0.641943;0.0138159;0.00681797;-2.5035
-216.194;-13.5292;0.607711;-0.0164639;0.00782548;-3.60029
-207.369;-13.5292;0.536124;-0.0541172;0.00665487;-4.67892
-198.543;-13.5292;0.493033;-0.0853155;0.00175262;-5.75915
-189.718;-13.5292;0.510879;-0.109499;-0.00514659;-6.87026
-180.892;-13.5292;0.594181;-0.128882;-0.00884454;-8.0067
-172.067;-13.5292;0.596452;-0.14301;-0.0171242;-9.11018
-163.242;-13.5292;0.54583;-0.149421;-0.0327446;-10.1791
-154.416;-13.5292;0.525537;-0.154143;-0.051754;-11.2641
-145.591;-13.5292;0.541726;-0.1662;-0.0636989;-12.3365
-136.765;-13.5292;0.505707;-0.189709;-0.0690815;-13.3975
-127.94;-13.5292;0.46875;-0.205779;-0.0718565;-14.4037
-119.114;-13.5292;0.46394;-0.220057;-0.070723;-15.4012
-110.289;-13.5292;0.441703;-0.23345;-0.0720329;-16.3912
-101.463;-13.5292;0.397053;-0.24141;-0.0759295;-17.3491
-92.6379;-13.5292;0.351009;-0.242774;-0.079881;-18.2693
-83.8124;-13.5292;0.323218;-0.240983;-0.0803631;-19.174
-74.987;-13.5292;0.316737;-0.237334;-0.0784611;-20.0684
-66.1615;-13.5292;0.323542;-0.230504;-0.0769857;-20.927
-57.3361;-13.5292;0.31604;-0.224487;-0.0739379;-21.7607
-48.5106;-13.5292;0.328747;-0.211792;-0.0647032;-22.5571
-39.6852;-13.5292;0.375191;-0.186105;-0.0517022;-23.3006
-30.8597;-13.5292;0.435156;-0.14859;-0.038338;-23.9518
-22.0342;-13.5292;0.456142;-0.104305;-0.0256692;-24.4969
-13.2088;-13.5292;0.312479;-0.0536281;-0.0125387;-24.8682
-4.38334;-13.5292;-0.0890527;0.0216476;-0.00666406;-24.862
4.44212;-13.5292;-0.239082;0.121715;-0.0394269;-24.8417
13.2676;-13.5292;-0.000141692;0.235054;-0.0925019;-25.0108
22.093;-13.5292;0.373564;0.323329;-0.1318;-25.1366
30.9185;-13.5292;0.366965;0.38118;-0.14304;-24.931
39.7439;-13.5292;0.294649;0.42278;-0.159753;-24.4155
48.5694;-13.5292;0.299878;0.458776;-0.168484;-23.9221
57.3948;-13.5292;0.350282;0.487523;-0.16295;-23.3979
66.2203;-13.5292;0.40159;0.507864;-0.148082;-22.7911
75.0458;-13.5292;0.420153;0.516393;-0.131606;-22.0643
83.8712;-13.5292;0.301579;0.522113;-0.118951;-21.1595
92.6967;-13.5292;0.126453;0.525869;-0.11113;-20.1576
101.522;-13.5292;0.0290961;0.519694;-0.102035;-19.1903
110.348;-13.5292;0.0883011;0.508107;-0.0920826;-18.3421
119.173;-13.5292;0.303357;0.496595;-0.0826192;-17.5987
127.998;-13.5292;0.504357;0.483024;-0.078169;-16.782
136.824;-13.5292;0.541989;0.461222;-0.0754189;-15.7751
145.649;-13.5292;0.549204;0.435016;-0.0697607;-14.7181
154.475;-13.5292;0.586949;0.408532;-0.0626057;-13.6778
163.3;-13.5292;0.625654;0.381415;-0.0560499;-12.6307
172.126;-13.5292;0.615866;0.347376;-0.0487187;-11.5134
180.951;-13.5292;0.555324;0.306211;-0.0379503;-10.3184
189.777;-13.5292;0.491494;0.262265;-0.0265129;-9.10285
198.602;-13.5292;0.481858;0.217724;-0.0186166;-7.92441
207.428;-13.5292;0.579637;0.168111;-0.0163463;-6.82223
216.253;-13.5292;0.672441;0.115168;-0.0127212;-5.69798
225.078;-13.5292;0.707555;0.0607621;-0.00529127;-4.5106
233.904;-13.5292;0.693299;0.0119174;0.00378775;-3.26693
242.729;-13.5292;0.677379;-0.0262755;0.0105197;-2.01816
-233.845;-22.3547;0.594305;0.0354642;0.0136264;-1.33301
-225.02;-22.3547;0.650664;0.0330231;0.0128836;-2.43919
-216.194;-22.3547;0.616242;-0.000549682;0.0137048;-3.55387
-207.369;-22.3547;0.589395;-0.039947;0.0108472;-4.66722
-198.543;-22.3547;0.599601;-0.0706113;0.00422804;-5.77055
-189.718;-22.3547;0.618345;-0.0954868;-0.00254554;-6.88671
-180.892;-22.3547;0.648635;-0.114272;-0.010177;-7.99327
-172.067;-22.3547;0.58451;-0.125134;-0.0251583;-9.06759
-163.242;-22.3547;0.505659;-0.129664;-0.0450968;-10.1141
-154.416;-22.3547;0.488878;-0.13845;-0.061198;-11.1989
-145.591;-22.3547;0.510574;-0.1561;-0.0704703;-12.2859
-136.765;-22.3547;0.49563;-0.17841;-0.0772502;-13.3551
-127.94;-22.3547;0.47266;-0.194063;-0.0837603;-14.3736
-119.114;-22.3547;0.460016;-0.208952;-0.0873216;-15.3772
-110.289;-22.3547;0.416012;-0.221116;-0.092428;-16.349
-101.463;-22.3547;0.359792;-0.22875;-0.0991589;-17.2902
-92.6379;-22.3547;0.325532;-0.231902;-0.105666;-18.2122
-83.8124;-22.3547;0.32305;-0.230859;-0.111055;-19.1324
-74.987;-22.3547;0.319863;-0.22384;-0.11558;-20.0169
-66.1615;-22.3547;0.307588;-0.212886;-0.119009;-20.8521
-57.3361;-22.3547;0.276098;-0.208225;-0.116841;-21.6667
-48.5106;-22.3547;0.282678;-0.198515;-0.109199;-22.4586
-39.6852;-22.3547;0.345994;-0.173168;-0.103613;-23.2006
-30.8597;-22.3547;0.426049;-0.131399;-0.102847;-23.8359
-22.0342;-22.3547;0.442885;-0.0785207;-0.103339;-24.3487
-13.2088;-22.3547;0.334516;-0.0206517;-0.102489;-24.722
-4.38334;-22.3547;0.135706;0.049566;-0.101462;-24.8408
4.44212;-22.3547;0.213395;0.145083;-0.127422;-24.9837
13.2676;-22.3547;0.429763;0.239022;-0.158261;-25.1019
22.093;-22.3547;0.499363;0.30904;-0.171642;-25.0631
30.9185;-22.3547;0.378285;0.360204;-0.16973;-24.7359
39.7439;-22.3547;0.325632;0.40305;-0.183125;-24.2715
48.5694;-22.3547;0.342644;0.439774;-0.193416;-23.7877
57.3948;-22.3547;0.351324;0.467974;-0.191284;-23.2194
66.2203;-22.3547;0.339289;0.486798;-0.179207;-22.5599
75.0458;-22.3547;0.335253;0.496121;-0.164578;-21.8264
83.8712;-22.3547;0.2797;0.506345;-0.151953;-20.9908
92.6967;-22.3547;0.176577;0.516876;-0.141276;-20.0758
101.522;-22.3547;0.180236;0.511607;-0.129402;-19.2093
110.348;-22.3547;0.346415;0.500723;-0.118377;-18.4594
119.173;-22.3547;0.613049;0.491727;-0.110144;-17.7507
127.998;-22.3547;0.728912;0.482909;-0.104258;-16.8804
136.824;-22.3547;0.64122;0.460096;-0.0966853;-15.7772
145.649;-22.3547;0.587142;0.431892;-0.0861741;-14.67
154.475;-22.3547;0.633909;0.405719;-0.0749234;-13.6377
163.3;-22.3547;0.71162;0.376712;-0.0659626;-12.6152
172.126;-22.3547;0.718391;0.341961;-0.0579014;-11.5152
180.951;-22.3547;0.671426;0.30094;-0.0458864;-10.3367
189.777;-22.3547;0.628721;0.256878;-0.0328169;-9.13888
198.602;-22.3547;0.640301;0.212165;-0.0230122;-7.97303
207.428;-22.3547;0.724415;0.162183;-0.0180678;-6.85427
216.253;-22.3547;0.811812;0.105756;-0.0110061;-5.70458
225.078;-22.3547;0.853397;0.0493319;-0.000317075;-4.5023
233.904;-22.3547;0.827459;0.00444648;0.00891844;-3.27142
242.729;-22.3547;0.791608;-0.0207916;0.0149552;-2.06081
-233.845;-31.1801;0.614076;0.0478437;0.0213447;-1.26971
-225.02;-31.1801;0.595656;0.0316551;0.0182815;-2.35897
-216.194;-31.1801;0.562302;0.00805431;0.0161618;-3.45072
-207.369;-31.1801;0.551527;-0.0310039;0.0125622;-4.58284
-198.543;-31.1801;0.601751;-0.0607472;0.00712537;-5.70452
-189.718;-31.1801;0.630051;-0.0831496;-0.000415131;-6.81094
-180.892;-31.1801;0.635522;-0.0978753;-0.0124197;-7.89526
-172.067;-31.1801;0.550803;-0.104445;-0.033486;-8.95582
-163.242;-31.1801;0.471253;-0.10966;-0.0557632;-10.0038
-154.416;-31.1801;0.462374;-0.123217;-0.0691429;-11.0863
-145.591;-31.1801;0.493008;-0.144714;-0.0784665;-12.1726
-136.765;-31.1801;0.500851;-0.166976;-0.090206;-13.2464
-127.94;-31.1801;0.495423;-0.185805;-0.102312;-14.2961
-119.114;-31.1801;0.471417;-0.200372;-0.108914;-15.297
-110.289;-31.1801;0.40767;-0.211138;-0.11565;-16.2469
-101.463;-31.1801;0.337795;-0.219284;-0.124602;-17.1643
-92.6379;-31.1801;0.305451;-0.224905;-0.133805;-18.0745
-83.8124;-31.1801;0.318424;-0.225648;-0.143573;-18.9895
-74.987;-31.1801;0.328877;-0.218514;-0.152462;-19.866
-66.1615;-31.1801;0.303383;-0.207704;-0.158722;-20.6597
-57.3361;-31.1801;0.263655;-0.195717;-0.158653;-21.4833
-48.5106;-31.1801;0.26949;-0.142798;-0.150799;-22.8525
-39.6852;-31.1801;0.340344;-0.132297;-0.153188;-23.2639
-30.8597;-31.1801;0.431562;-0.113171;-0.161308;-23.5364
-22.0342;-31.1801;0.455733;-0.0524196;-0.168855;-24.0498
-13.2088;-31.1801;0.418518;0.0063324;-0.177149;-24.4133
-4.38334;-31.1801;0.349786;0.0722173;-0.185682;-24.6178
4.44212;-31.1801;0.36403;0.148599;-0.197549;-24.7606
13.2676;-31.1801;0.427513;0.223829;-0.204863;-24.7945
22.093;-31.1801;0.438535;0.288233;-0.20461;-24.6724
30.9185;-31.1801;0.342024;0.337644;-0.20092;-24.3639
39.7439;-31.1801;0.334711;0.377892;-0.207859;-23.9666
48.5694;-31.1801;0.358249;0.4161;-0.214137;-23.5041
57.3948;-31.1801;0.352648;0.447138;-0.212017;-22.9333
66.2203;-31.1801;0.332375;0.46677;-0.202033;-22.2714
75.0458;-31.1801;0.339282;0.476643;-0.188799;-21.5624
83.8712;-31.1801;0.341387;0.488876;-0.175667;-20.8083
92.6967;-31.1801;0.313877;0.500724;-0.161465;-19.9807
101.522;-31.1801;0.381321;0.494431;-0.147324;-19.179
110.348;-31.1801;0.553308;0.48324;-0.13637;-18.4354
119.173;-31.1801;0.74457;0.476257;-0.129818;-17.6656
127.998;-31.1801;0.765873;0.470485;-0.1232;-16.7222
136.824;-31.1801;0.616526;0.449603;-0.111012;-15.5774
145.649;-31.1801;0.552903;0.422669;-0.0967945;-14.4631
154.475;-31.1801;0.617078;0.398786;-0.0834062;-13.4455
163.3;-31.1801;0.721476;0.370836;-0.0722711;-12.445
172.126;-31.1801;0.768816;0.334608;-0.0621834;-11.3816
180.951;-31.1801;0.762551;0.291281;-0.0498736;-10.2416
189.777;-31.1801;0.75484;0.244978;-0.0373422;-9.07613
198.602;-31.1801;0.779572;0.198731;-0.0262369;-7.92295
207.428;-31.1801;0.826531;0.148725;-0.0177759;-6.77628
216.253;-31.1801;0.89464;0.0923524;-0.0082395;-5.60752
225.078;-31.1801;0.947507;0.0370142;0.00226995;-4.40465
233.904;-31.1801;0.928101;-0.00901266;0.0115402;-3.14907
242.729;-31.1801;0.878017;-0.0272664;0.0161568;-1.96654
-225.02;-40.0056;0.53267;0.0469183;0.0212971;-2.18713
-216.194;-40.0056;0.463096;0.0198123;0.0157607;-3.27108
-207.369;-40.0056;0.496152;-0.0122871;0.0127679;-4.39983
-198.543;-40.0056;0.553596;-0.0455839;0.0102488;-5.55057
-189.718;-40.0056;0.559877;-0.0672707;-0.000144704;-6.65208
-180.892;-40.0056;0.550657;-0.0765021;-0.0190271;-7.72644
-172.067;-40.0056;0.517587;-0.0806308;-0.0450464;-8.78816
-163.242;-40.0056;0.483863;-0.0892699;-0.0668244;-9.8536
-154.416;-40.0056;0.475939;-0.106834;-0.0786782;-10.9237
-145.591;-40.0056;0.489866;-0.131167;-0.089559;-11.9942
-136.765;-40.0056;0.497651;-0.156105;-0.105107;-13.0617
-127.94;-40.0056;0.512233;-0.17794;-0.11948;-14.1278
-119.114;-40.0056;0.491157;-0.191186;-0.126949;-15.1331
-110.289;-40.0056;0.427869;-0.20067;-0.134421;-16.075
-101.463;-40.0056;0.352606;-0.208514;-0.14506;-16.9705
-92.6379;-40.0056;0.311713;-0.214808;-0.157199;-17.8559
-83.8124;-40.0056;0.320076;-0.216873;-0.171803;-18.7548
-74.987;-40.0056;0.32875;-0.212121;-0.184019;-19.6157
-66.1615;-40.0056;0.301596;-0.201055;-0.191472;-20.403
-30.8597;-40.0056;0.396887;-0.0925062;-0.207456;-23.1464
-22.0342;-40.0056;0.374204;-0.0334928;-0.214503;-23.6163
-13.2088;-40.0056;0.37098;0.0221625;-0.222634;-23.972
-4.38334;-40.0056;0.359939;0.0822837;-0.2325;-24.2207
4.44212;-40.0056;0.358153;0.148064;-0.237918;-24.3272
13.2676;-40.0056;0.360885;0.212526;-0.234692;-24.2991
22.093;-40.0056;0.351181;0.269148;-0.226591;-24.1455
30.9185;-40.0056;0.316683;0.31556;-0.224897;-23.8699
39.7439;-40.0056;0.306453;0.355588;-0.229159;-23.5012
48.5694;-40.0056;0.307136;0.39467;-0.229526;-23.0435
57.3948;-40.0056;0.299846;0.427088;-0.223609;-22.4956
66.2203;-40.0056;0.298297;0.449433;-0.214727;-21.8787
75.0458;-40.0056;0.320123;0.463206;-0.205994;-21.2172
83.8712;-40.0056;0.340604;0.475324;-0.193629;-20.5033
92.6967;-40.0056;0.347603;0.481088;-0.17702;-19.7105
101.522;-40.0056;0.404648;0.473492;-0.160977;-18.9067
110.348;-40.0056;0.504101;0.462;-0.14982;-18.1008
119.173;-40.0056;0.590771;0.453472;-0.143734;-17.2446
127.998;-40.0056;0.572855;0.446564;-0.137144;-16.2687
136.824;-40.0056;0.483158;0.430168;-0.12274;-15.1886
145.649;-40.0056;0.470106;0.408262;-0.106602;-14.1248
154.475;-40.0056;0.542991;0.386294;-0.091643;-13.1142
163.3;-40.0056;0.639676;0.35866;-0.0786181;-12.1098
172.126;-40.0056;0.70854;0.321844;-0.067801;-11.0719
180.951;-40.0056;0.734728;0.278976;-0.0568861;-9.97244
189.777;-40.0056;0.749512;0.233871;-0.0459544;-8.84029
198.602;-40.0056;0.767098;0.189494;-0.0349191;-7.69653
207.428;-40.0056;0.77246;0.141082;-0.024392;-6.52819
216.253;-40.0056;0.816959;0.0881907;-0.0146226;-5.35797
225.078;-40.0056;0.878216;0.0354764;-0.00469547;-4.17619
233.904;-40.0056;0.918452;-0.010313;0.00395917;-2.95343
242.729;-40.0056;0.931893;-0.0276292;0.0108716;-1.76983
-225.02;-48.831;0.515857;0.0694901;0.0206888;-2.00206
-216.194;-48.831;0.424254;0.0367017;0.0132595;-3.08572
-207.369;-48.831;0.498711;0.0105158;0.0128089;-4.20476
-198.543;-48.831;0.547367;-0.0220323;0.0119967;-5.3618
-189.718;-48.831;0.504605;-0.0401324;-0.00309827;-6.44997
-180.892;-48.831;0.473506;-0.0438309;-0.0303775;-7.50996
-172.067;-48.831;0.501996;-0.0525782;-0.0591266;-8.57806
-163.242;-48.831;0.515844;-0.0698355;-0.0782105;-9.66039
-154.416;-48.831;0.489773;-0.0926269;-0.0889562;-10.708
-145.591;-48.831;0.454701;-0.120266;-0.100588;-11.7508
-136.765;-48.831;0.445926;-0.146873;-0.116917;-12.7991
-127.94;-48.831;0.478667;-0.164465;-0.129048;-13.8586
-119.114;-48.831;0.494499;-0.174008;-0.137033;-14.8569
-110.289;-48.831;0.448697;-0.182853;-0.146856;-15.8
-101.463;-48.831;0.388004;-0.19073;-0.158606;-16.6938
-92.6379;-48.831;0.354476;-0.196431;-0.172677;-17.5696
-83.8124;-48.831;0.352069;-0.197894;-0.191516;-18.4438
-74.987;-48.831;0.346714;-0.194852;-0.206611;-19.2536
-66.1615;-48.831;0.319148;-0.184282;-0.216421;-20.0417
-57.3361;-48.831;0.295741;-0.173994;-0.218509;-20.7877
-30.8597;-48.831;0.30573;-0.0767277;-0.243255;-22.6346
-22.0342;-48.831;0.266388;-0.0207255;-0.246119;-23.0689
-13.2088;-48.831;0.289453;0.0317681;-0.24807;-23.4198
-4.38334;-48.831;0.317518;0.0868305;-0.251704;-23.6648
4.44212;-48.831;0.317354;0.146359;-0.255573;-23.7573
13.2676;-48.831;0.295406;0.202641;-0.252129;-23.707
22.093;-48.831;0.270047;0.251324;-0.242688;-23.5368
30.9185;-48.831;0.253287;0.294869;-0.241684;-23.2699
39.7439;-48.831;0.229512;0.335287;-0.245453;-22.8979
48.5694;-48.831;0.210156;0.373986;-0.246443;-22.4434
57.3948;-48.831;0.209125;0.406326;-0.242399;-21.9288
66.2203;-48.831;0.217038;0.431139;-0.23613;-21.3493
75.0458;-48.831;0.219822;0.447716;-0.230941;-20.6899
83.8712;-48.831;0.205306;0.459081;-0.222694;-19.9564
92.6967;-48.831;0.212207;0.459197;-0.206183;-19.1755
101.522;-48.831;0.228369;0.451622;-0.187464;-18.3522
110.348;-48.831;0.251333;0.441129;-0.173043;-17.4907
119.173;-48.831;0.27681;0.430206;-0.16403;-16.5886
127.998;-48.831;0.294588;0.419324;-0.155073;-15.6461
136.824;-48.831;0.331697;0.407803;-0.139362;-14.6968
145.649;-48.831;0.38887;0.391532;-0.120826;-13.7149
154.475;-48.831;0.455767;0.369086;-0.102126;-12.7073
163.3;-48.831;0.516834;0.340213;-0.0857855;-11.684
172.126;-48.831;0.564363;0.305361;-0.0742245;-10.6458
180.951;-48.831;0.584572;0.268043;-0.0645765;-9.56185
189.777;-48.831;0.593898;0.228775;-0.0553326;-8.44425
198.602;-48.831;0.60205;0.186252;-0.0449328;-7.30409
207.428;-48.831;0.60957;0.138205;-0.0341692;-6.15145
216.253;-48.831;0.655738;0.0870272;-0.0241067;-4.99529
225.078;-48.831;0.718018;0.0374582;-0.0166646;-3.84658
233.904;-48.831;0.773504;-0.01407;-0.0101683;-2.64627
242.729;-48.831;0.791984;-0.0425645;-0.000102871;-1.45533
-225.02;-57.6565;0.587531;0.0935521;0.0197548;-1.85483
-216.194;-57.6565;0.49407;0.0536962;0.0125296;-2.92326
-207.369;-57.6565;0.546607;0.0242614;0.0156415;-4.02606
-198.543;-57.6565;0.587229;0.00187787;0.0133183;-5.15581
-189.718;-57.6565;0.526642;-0.00585583;-0.00950677;-6.23796
-180.892;-57.6565;0.496452;-0.00565277;-0.0406876;-7.28217
-172.067;-57.6565;0.513218;-0.0220952;-0.0665454;-8.33756
-163.242;-57.6565;0.51169;-0.0462823;-0.0817984;-9.40119
-154.416;-57.6565;0.466042;-0.0716028;-0.0916804;-10.4144
-145.591;-57.6565;0.403086;-0.100386;-0.104104;-11.4251
-136.765;-57.6565;0.375567;-0.127144;-0.120771;-12.4504
-127.94;-57.6565;0.432479;-0.144211;-0.131441;-13.4963
-119.114;-57.6565;0.46182;-0.153205;-0.140789;-14.4828
-110.289;-57.6565;0.424836;-0.161661;-0.154343;-15.4214
-101.463;-57.6565;0.381769;-0.168531;-0.168603;-16.3098
-92.6379;-57.6565;0.353058;-0.175089;-0.181769;-17.1734
-83.8124;-57.6565;0.333775;-0.17866;-0.19889;-18.0219
-74.987;-57.6565;0.319523;-0.174961;-0.219313;-18.7982
-30.8597;-57.6565;0.265825;-0.0675118;-0.275285;-21.9993
-22.0342;-57.6565;0.220834;-0.0153242;-0.277363;-22.4255
-13.2088;-57.6565;0.222781;0.0354592;-0.27693;-22.761
-4.38334;-57.6565;0.247654;0.0882923;-0.277948;-22.985
4.44212;-57.6565;0.252111;0.141883;-0.280098;-23.0698
13.2676;-57.6565;0.225845;0.190952;-0.277142;-23.0204
22.093;-57.6565;0.191469;0.234553;-0.267947;-22.853
30.9185;-57.6565;0.17395;0.276039;-0.265316;-22.5831
39.7439;-57.6565;0.15345;0.317157;-0.270273;-22.2131
48.5694;-57.6565;0.138388;0.354351;-0.27539;-21.7858
57.3948;-57.6565;0.144304;0.385692;-0.277153;-21.3058
66.2203;-57.6565;0.138564;0.41164;-0.274852;-20.7333
75.0458;-57.6565;0.0958834;0.4287;-0.270804;-20.0338
83.8712;-57.6565;0.0292276;0.442796;-0.26597;-19.2756
92.6967;-57.6565;0.0249584;0.442761;-0.252566;-18.5126
101.522;-57.6565;0.0238432;0.437884;-0.234249;-17.7039
110.348;-57.6565;0.0304239;0.431029;-0.217029;-16.8522
119.173;-57.6565;0.0712627;0.421731;-0.202824;-15.9797
127.998;-57.6565;0.181439;0.406914;-0.186657;-15.1183
136.824;-57.6565;0.302636;0.392448;-0.164911;-14.2481
145.649;-57.6565;0.393196;0.375752;-0.139747;-13.3228
154.475;-57.6565;0.45626;0.349127;-0.115474;-12.3317
163.3;-57.6565;0.506113;0.31695;-0.095128;-11.3128
172.126;-57.6565;0.561556;0.283246;-0.0805584;-10.2895
180.951;-57.6565;0.595027;0.250499;-0.0688302;-9.22565
189.777;-57.6565;0.614899;0.214614;-0.0583995;-8.12841
198.602;-57.6565;0.634278;0.171222;-0.0459621;-7.0045
207.428;-57.6565;0.667311;0.123076;-0.0346004;-5.87858
216.253;-57.6565;0.723814;0.0741641;-0.0250041;-4.74679
225.078;-57.6565;0.755971;0.026342;-0.0184218;-3.59705
233.904;-57.6565;0.771143;-0.0217748;-0.0127643;-2.38216
242.729;-57.6565;0.782254;-0.0666431;-0.000692689;-1.15169
-216.194;-66.4819;0.57222;0.0663811;0.0182047;-2.7298
-207.369;-66.4819;0.575619;0.0364154;0.0189474;-3.80087
-198.543;-66.4819;0.58704;0.0227162;0.00913827;-4.88456
-189.718;-66.4819;0.554669;0.0281711;-0.0180158;-5.92734
-180.892;-66.4819;0.515707;0.0226293;-0.0455294;-6.97049
-172.067;-66.4819;0.500194;0.00104177;-0.0659569;-8.01935
-163.242;-66.4819;0.491612;-0.0247848;-0.0779748;-9.07173
-154.416;-66.4819;0.460068;-0.0492071;-0.0884855;-10.0811
-145.591;-66.4819;0.403016;-0.0757256;-0.103133;-11.0751
-136.765;-66.4819;0.353459;-0.103518;-0.120659;-12.0695
-127.94;-66.4819;0.348489;-0.127675;-0.133268;-13.085
-119.114;-66.4819;0.353017;-0.138685;-0.146767;-14.0472
-110.289;-66.4819;0.331421;-0.143834;-0.164776;-14.9618
-101.463;-66.4819;0.308996;-0.148442;-0.182532;-15.8342
-92.6379;-66.4819;0.283221;-0.156294;-0.196567;-16.6804
-83.8124;-66.4819;0.253346;-0.162002;-0.21418;-17.5045
-74.987;-66.4819;0.236845;-0.157397;-0.239224;-18.2601
-30.8597;-66.4819;0.265364;-0.0537281;-0.317429;-21.3189
-22.0342;-66.4819;0.240611;-0.00809279;-0.325287;-21.7344
-13.2088;-66.4819;0.203674;0.0389075;-0.329125;-22.0314
-4.38334;-66.4819;0.19594;0.0890239;-0.330771;-22.2222
4.44212;-66.4819;0.206474;0.136972;-0.330187;-22.2977
13.2676;-66.4819;0.19305;0.179925;-0.324889;-22.26
22.093;-66.4819;0.164562;0.220702;-0.314044;-22.1192
30.9185;-66.4819;0.153206;0.260092;-0.306775;-21.8637
39.7439;-66.4819;0.156183;0.299859;-0.307845;-21.5237
48.5694;-66.4819;0.168478;0.333404;-0.311844;-21.1425
57.3948;-66.4819;0.18255;0.363316;-0.317873;-20.6958
66.2203;-66.4819;0.166936;0.391086;-0.319781;-20.1386
75.0458;-66.4819;0.113126;0.412464;-0.312668;-19.4589
83.8712;-66.4819;0.0559162;0.427512;-0.302842;-18.7361
92.6967;-66.4819;0.0590242;0.428885;-0.289309;-18.0094
101.522;-66.4819;0.086507;0.424329;-0.271014;-17.2467
110.348;-66.4819;0.142358;0.417433;-0.251185;-16.45
119.173;-66.4819;0.242274;0.408028;-0.232381;-15.6361
127.998;-66.4819;0.401243;0.391037;-0.210809;-14.82
136.824;-66.4819;0.58358;0.372174;-0.185729;-14.0006
145.649;-66.4819;0.672661;0.351668;-0.156298;-13.0886
154.475;-66.4819;0.694372;0.323288;-0.128258;-12.0837
163.3;-66.4819;0.696603;0.290981;-0.104137;-11.0384
172.126;-66.4819;0.724576;0.258679;-0.0847459;-9.99905
180.951;-66.4819;0.735994;0.227725;-0.068024;-8.92876
189.777;-66.4819;0.737141;0.192114;-0.054805;-7.82668
198.602;-66.4819;0.742636;0.148544;-0.0410913;-6.70189
207.428;-66.4819;0.768098;0.101642;-0.0305289;-5.58085
216.253;-66.4819;0.804414;0.0555937;-0.0219156;-4.44981
225.078;-66.4819;0.786447;0.0117558;-0.0169104;-3.29324
233.904;-66.4819;0.76789;-0.0313416;-0.0117026;-2.07764
-216.194;-75.3074;0.605649;0.0894028;0.028689;-2.4604
-207.369;-75.3074;0.553423;0.0584418;0.0227349;-3.49236
-198.543;-75.3074;0.497033;0.0436675;0.00100693;-4.53951
-189.718;-75.3074;0.415672;0.0380081;-0.0281758;-5.57337
-180.892;-75.3074;0.383445;0.0248009;-0.0523116;-6.60725
-172.067;-75.3074;0.388087;0.0011939;-0.0710003;-7.64558
-163.242;-75.3074;0.40354;-0.0221971;-0.0844344;-8.68729
-154.416;-75.3074;0.407959;-0.0409217;-0.0956836;-9.69205
-145.591;-75.3074;0.385525;-0.0616366;-0.109672;-10.6695
-136.765;-75.3074;0.339465;-0.0881202;-0.12715;-11.6271
-127.94;-75.3074;0.298249;-0.11316;-0.144452;-12.6033
-119.114;-75.3074;0.272596;-0.126344;-0.162996;-13.5435
-110.289;-75.3074;0.254781;-0.130419;-0.184961;-14.4401
-101.463;-75.3074;0.245834;-0.131827;-0.20696;-15.2952
-92.6379;-75.3074;0.225623;-0.138459;-0.223992;-16.1214
-83.8124;-75.3074;0.196541;-0.144544;-0.243307;-16.9244
-74.987;-75.3074;0.18578;-0.1394;-0.269284;-17.665
-66.1615;-75.3074;0.208471;-0.126503;-0.294485;-18.3814
-57.3361;-75.3074;0.215963;-0.110175;-0.317254;-19.0134
-30.8597;-75.3074;0.282622;-0.0334404;-0.364396;-20.5933
-22.0342;-75.3074;0.297428;0.00438089;-0.377598;-20.9903
-13.2088;-75.3074;0.252745;0.0474635;-0.389359;-21.2777
-4.38334;-75.3074;0.223328;0.0939773;-0.388903;-21.4377
4.44212;-75.3074;0.240142;0.138251;-0.38478;-21.5145
13.2676;-75.3074;0.25426;0.179254;-0.379149;-21.5167
22.093;-75.3074;0.252437;0.215962;-0.370834;-21.4105
30.9185;-75.3074;0.255173;0.249197;-0.359126;-21.1876
39.7439;-75.3074;0.288289;0.280168;-0.345117;-20.8886
48.5694;-75.3074;0.328097;0.308164;-0.339476;-20.5452
57.3948;-75.3074;0.367727;0.336982;-0.347618;-20.14
66.2203;-75.3074;0.419531;0.364246;-0.353369;-19.6562
75.0458;-75.3074;0.467786;0.38632;-0.341468;-19.0889
83.8712;-75.3074;0.479251;0.400415;-0.325295;-18.4481
92.6967;-75.3074;0.431047;0.406509;-0.310916;-17.7167
101.522;-75.3074;0.495407;0.399384;-0.290517;-16.9868
110.348;-75.3074;0.613508;0.390084;-0.265619;-16.2553
119.173;-75.3074;0.720651;0.37955;-0.241976;-15.4703
127.998;-75.3074;0.790333;0.363583;-0.219063;-14.6008
136.824;-75.3074;0.928388;0.343708;-0.192078;-13.7603
145.649;-75.3074;0.97511;0.320548;-0.161115;-12.8207
154.475;-75.3074;0.959686;0.290525;-0.130953;-11.7933
163.3;-75.3074;0.928104;0.258027;-0.10372;-10.7269
172.126;-75.3074;0.922018;0.227312;-0.0803148;-9.66255
180.951;-75.3074;0.896167;0.198069;-0.0599666;-8.57401
189.777;-75.3074;0.860502;0.16336;-0.0444712;-7.45774
198.602;-75.3074;0.835382;0.122837;-0.0317995;-6.32917
207.428;-75.3074;0.836327;0.0789313;-0.0233896;-5.20308
216.253;-75.3074;0.840103;0.0346985;-0.0156703;-4.06116
225.078;-75.3074;0.789707;-0.0051652;-0.0105108;-2.90491
233.904;-75.3074;0.77606;-0.0334495;-0.00704509;-1.75229
-216.194;-84.1328;0.649413;0.10779;0.0383764;-2.12156
-207.369;-84.1328;0.510359;0.0846598;0.0271924;-3.11507
-198.543;-84.1328;0.415787;0.0625724;-0.00247065;-4.14307
-189.718;-84.1328;0.336162;0.0461754;-0.0305043;-5.1645
-180.892;-84.1328;0.309282;0.0264698;-0.0540825;-6.18982
-172.067;-84.1328;0.326409;0.00114121;-0.0743222;-7.22222
-163.242;-84.1328;0.339865;-0.0222524;-0.0920106;-8.25056
-154.416;-84.1328;0.342576;-0.0399534;-0.107172;-9.24295
-145.591;-84.1328;0.338716;-0.0565745;-0.122232;-10.2009
-136.765;-84.1328;0.324702;-0.0769466;-0.139253;-11.1355
-127.94;-84.1328;0.296056;-0.0980663;-0.160473;-12.0825
-119.114;-84.1328;0.26949;-0.112802;-0.184971;-13.0108
-110.289;-84.1328;0.26492;-0.119528;-0.211726;-13.9037
-101.463;-84.1328;0.262516;-0.119756;-0.239419;-14.7518
-92.6379;-84.1328;0.246482;-0.122556;-0.260612;-15.5589
-83.8124;-84.1328;0.225029;-0.125564;-0.279763;-16.3338
-74.987;-84.1328;0.222802;-0.120087;-0.30215;-17.0607
-66.1615;-84.1328;0.248267;-0.107784;-0.324862;-17.7474
-57.3361;-84.1328;0.256403;-0.0901961;-0.347533;-18.3446
-48.5106;-84.1328;0.232072;-0.0213243;-0.397164;-19.6062
-39.6852;-84.1328;0.255042;0.0341099;-0.423755;-20.3962
-30.8597;-84.1328;0.31575;-0.0127864;-0.395152;-19.8094
-22.0342;-84.1328;0.361282;0.0190097;-0.408708;-20.1822
-13.2088;-84.1328;0.361653;0.0566504;-0.420945;-20.4799
-4.38334;-84.1328;0.35859;0.101971;-0.416781;-20.637
4.44212;-84.1328;0.357986;0.140911;-0.406536;-20.7279
13.2676;-84.1328;0.362407;0.175832;-0.400078;-20.7472
22.093;-84.1328;0.362752;0.207645;-0.395364;-20.6637
30.9185;-84.1328;0.367239;0.236221;-0.384411;-20.4707
39.7439;-84.1328;0.412763;0.262712;-0.365794;-20.211
48.5694;-84.1328;0.511299;0.287218;-0.35968;-19.9192
57.3948;-84.1328;0.559998;0.323193;-0.373616;-19.5414
66.2203;-84.1328;0.633201;0.355181;-0.382033;-19.1133
75.0458;-84.1328;0.73443;0.375375;-0.367117;-18.6256
83.8712;-84.1328;0.797352;0.384491;-0.347497;-18.0335
92.6967;-84.1328;0.745083;0.388172;-0.331096;-17.2993
101.522;-84.1328;0.805312;0.37882;-0.306871;-16.5768
110.348;-84.1328;0.920405;0.367774;-0.275267;-15.8701
119.173;-84.1328;1.0245;0.351445;-0.244641;-15.0982
127.998;-84.1328;1.07999;0.331067;-0.214824;-14.2307
136.824;-84.1328;1.16521;0.308435;-0.184984;-13.3542
145.649;-84.1328;1.15346;0.286169;-0.155412;-12.3833
154.475;-84.1328;1.09883;0.257939;-0.124248;-11.3379
163.3;-84.1328;1.05129;0.224815;-0.0928319;-10.2622
172.126;-84.1328;1.04159;0.192499;-0.0662821;-9.19848
180.951;-84.1328;0.997286;0.164348;-0.0451212;-8.11203
189.777;-84.1328;0.931793;0.13164;-0.0288376;-6.99364
198.602;-84.1328;0.875517;0.09629;-0.0176395;-5.86672
207.428;-84.1328;0.850479;0.0570394;-0.0110438;-4.73716
216.253;-84.1328;0.832491;0.0153527;-0.00455252;-3.59443
225.078;-84.1328;0.81011;-0.0145312;-0.00176757;-2.46852
233.904;-84.1328;0.830316;-0.0347948;-0.0015844;-1.40026
-216.194;-92.9583;0.702174;0.118085;0.0471291;-1.71098
-207.369;-92.9583;0.483982;0.0976916;0.0308353;-2.73583
-198.543;-92.9583;0.394513;0.0792233;0.00093682;-3.73972
-189.718;-92.9583;0.370331;0.0571275;-0.026874;-4.75343
-180.892;-92.9583;0.352061;0.0334969;-0.0517221;-5.7712
-172.067;-92.9583;0.35877;0.00818397;-0.0728616;-6.78161
-163.242;-92.9583;0.340203;-0.0183;-0.0942784;-7.78047
-154.416;-92.9583;0.313496;-0.0402478;-0.1144;-8.75363
-145.591;-92.9583;0.307308;-0.0557709;-0.131754;-9.69847
-136.765;-92.9583;0.319233;-0.0684761;-0.148135;-10.6231
-127.94;-92.9583;0.313287;-0.0835136;-0.17101;-11.5382
-119.114;-92.9583;0.298146;-0.0986136;-0.199242;-12.4447
-110.289;-92.9583;0.319436;-0.108886;-0.227139;-13.3287
-101.463;-92.9583;0.321344;-0.111869;-0.254349;-14.162
-92.6379;-92.9583;0.313812;-0.111453;-0.278336;-14.9524
-83.8124;-92.9583;0.307421;-0.109607;-0.299546;-15.7038
-74.987;-92.9583;0.310184;-0.104942;-0.319637;-16.412
-66.1615;-92.9583;0.332291;-0.0951622;-0.336718;-17.0781
-57.3361;-92.9583;0.349804;-0.0756002;-0.35211;-17.6744
-48.5106;-92.9583;0.330027;-0.0526642;-0.369745;-18.1772
-39.6852;-92.9583;0.330358;-0.0289524;-0.386227;-18.6084
-30.8597;-92.9583;0.35948;-0.00184352;-0.40026;-19.0006
-22.0342;-92.9583;0.395313;0.0290225;-0.412186;-19.3497
-13.2088;-92.9583;0.414212;0.0618704;-0.419957;-19.634
-4.38334;-92.9583;0.409867;0.0998654;-0.416486;-19.8134
4.44212;-92.9583;0.402055;0.136103;-0.406411;-19.8981
13.2676;-92.9583;0.395077;0.170203;-0.399892;-19.8987
22.093;-92.9583;0.380871;0.201676;-0.397639;-19.8097
30.9185;-92.9583;0.363855;0.230561;-0.39577;-19.6208
39.7439;-92.9583;0.376496;0.262406;-0.394951;-19.3676
48.5694;-92.9583;0.487471;0.293003;-0.407352;-19.0924
57.3948;-92.9583;0.551066;0.328643;-0.422361;-18.7421
66.2203;-92.9583;0.630783;0.352988;-0.417291;-18.3299
75.0458;-92.9583;0.724261;0.367049;-0.392288;-17.8678
83.8712;-92.9583;0.780072;0.367223;-0.367028;-17.2767
92.6967;-92.9583;0.761836;0.367162;-0.346099;-16.5704
101.522;-92.9583;0.837905;0.358633;-0.316782;-15.8853
110.348;-92.9583;0.952159;0.345794;-0.278493;-15.1977
119.173;-92.9583;1.06438;0.324378;-0.240723;-14.4438
127.998;-92.9583;1.14623;0.299105;-0.203457;-13.6092
136.824;-92.9583;1.18559;0.274534;-0.170962;-12.7015
145.649;-92.9583;1.10536;0.255018;-0.145015;-11.6968
154.475;-92.9583;1.02746;0.230163;-0.117085;-10.6565
163.3;-92.9583;1.0006;0.197222;-0.0831541;-9.61309
172.126;-92.9583;1.02673;0.161521;-0.0518319;-8.59216
180.951;-92.9583;0.997073;0.134008;-0.0311962;-7.5427
189.777;-92.9583;0.930117;0.104461;-0.0158152;-6.44997
198.602;-92.9583;0.864997;0.0711527;-0.00412504;-5.33217
207.428;-92.9583;0.829442;0.036366;0.00290056;-4.2125
216.253;-92.9583;0.814769;-0.000446496;0.00865731;-3.09265
225.078;-92.9583;0.849997;-0.0260381;0.00829908;-2.02953
-207.369;-101.784;0.457489;0.115309;0.0359523;-2.2611
-198.543;-101.784;0.388544;0.0956606;0.00694238;-3.28769
-189.718;-101.784;0.455483;0.0648369;-0.0221587;-4.3504
-180.892;-101.784;0.46562;0.039426;-0.0457976;-5.36757
-172.067;-101.784;0.429998;0.0152621;-0.0667726;-6.33783
-163.242;-101.784;0.383062;-0.0135034;-0.089958;-7.29517
-154.416;-101.784;0.344039;-0.0392545;-0.112911;-8.24526
-145.591;-101.784;0.332016;-0.0550967;-0.132073;-9.1827
-136.765;-101.784;0.337374;-0.062916;-0.148591;-10.0969
-127.94;-101.784;0.32139;-0.0718649;-0.171415;-10.9746
-119.114;-101.784;0.283981;-0.0861141;-0.200329;-11.8447
-110.289;-101.784;0.298278;-0.0971676;-0.227825;-12.6983
-101.463;-101.784;0.288076;-0.102921;-0.253754;-13.5145
-92.6379;-101.784;0.294825;-0.101771;-0.279081;-14.2883
-83.8124;-101.784;0.317045;-0.0976235;-0.303025;-15.0127
-74.987;-101.784;0.329021;-0.0941127;-0.324723;-15.6883
-66.1615;-101.784;0.330447;-0.0880831;-0.341894;-16.3279
-57.3361;-101.784;0.359065;-0.070378;-0.351179;-16.9042
-48.5106;-101.784;0.355122;-0.04769;-0.363488;-17.4028
-39.6852;-101.784;0.33797;-0.0225378;-0.378765;-17.8202
-30.8597;-101.784;0.347957;0.00297451;-0.392075;-18.1758
-22.0342;-101.784;0.380379;0.029506;-0.400262;-18.4919
-13.2088;-101.784;0.395041;0.0586776;-0.406909;-18.7602
-4.38334;-101.784;0.385617;0.0927613;-0.40832;-18.9377
4.44212;-101.784;0.372576;0.128719;-0.402943;-19.011
13.2676;-101.784;0.35434;0.163911;-0.396867;-18.9951
22.093;-101.784;0.337964;0.196172;-0.396839;-18.904
30.9185;-101.784;0.328248;0.225464;-0.403483;-18.7275
39.7439;-101.784;0.339061;0.259417;-0.417649;-18.4876
48.5694;-101.784;0.448106;0.293121;-0.438978;-18.213
57.3948;-101.784;0.506423;0.323497;-0.446388;-17.86
66.2203;-101.784;0.564621;0.339307;-0.431077;-17.4318
75.0458;-101.784;0.620854;0.341565;-0.399286;-16.9251
83.8712;-101.784;0.649567;0.338486;-0.369785;-16.3374
92.6967;-101.784;0.657558;0.338711;-0.34509;-15.6833
101.522;-101.784;0.751154;0.331555;-0.312556;-15.0411
110.348;-101.784;0.847233;0.318701;-0.271616;-14.3539
119.173;-101.784;0.931605;0.29692;-0.231732;-13.5923
127.998;-101.784;0.988091;0.270782;-0.193973;-12.7526
136.824;-101.784;0.964505;0.245147;-0.162798;-11.8018
145.649;-101.784;0.82754;0.226569;-0.136881;-10.7663
154.475;-101.784;0.777424;0.203026;-0.108037;-9.78177
163.3;-101.784;0.829083;0.170922;-0.0723955;-8.84189
172.126;-101.784;0.8994;0.133307;-0.0388766;-7.88265
180.951;-101.784;0.885107;0.105386;-0.0167157;-6.86661
189.777;-101.784;0.825513;0.0795834;-0.00648611;-5.80084
198.602;-101.784;0.776868;0.0517212;0.00339762;-4.71556
207.428;-101.784;0.770582;0.019955;0.0121004;-3.63056
216.253;-101.784;0.780465;-0.00997267;0.0184212;-2.55599
225.078;-101.784;0.847045;-0.0352212;0.0189447;-1.52958
-198.543;-110.609;0.374494;0.0951838;0.0118071;-2.81031
-189.718;-110.609;0.488744;0.066392;-0.0148063;-3.89188
-180.892;-110.609;0.53663;0.0417243;-0.0346145;-4.89519
-172.067;-110.609;0.450198;0.0145118;-0.0585665;-5.85032
-163.242;-110.609;0.416593;-0.0132395;-0.0830869;-6.78835
-154.416;-110.609;0.403253;-0.0379109;-0.106146;-7.72096
-145.591;-110.609;0.39263;-0.0528323;-0.125625;-8.63975
-136.765;-110.609;0.37755;-0.0574436;-0.14264;-9.52617
-127.94;-110.609;0.339126;-0.0604597;-0.162856;-10.3631
-119.114;-110.609;0.276869;-0.0718587;-0.190236;-11.1883
-110.289;-110.609;0.250242;-0.0853603;-0.219973;-12.0098
-101.463;-110.609;0.235393;-0.0933248;-0.249446;-12.8085
-92.6379;-110.609;0.262347;-0.0931555;-0.276157;-13.5684
-83.8124;-110.609;0.286235;-0.0891099;-0.303398;-14.2722
-74.987;-110.609;0.271429;-0.0863988;-0.331343;-14.9049
-66.1615;-110.609;0.250868;-0.0826491;-0.351921;-15.5129
-57.3361;-110.609;0.284314;-0.068253;-0.36116;-16.0758
-48.5106;-110.609;0.310112;-0.0448784;-0.367096;-16.5653
-39.6852;-110.609;0.290947;-0.0187877;-0.376637;-16.9755
-30.8597;-110.609;0.282089;0.00673675;-0.384109;-17.3172
-22.0342;-110.609;0.30073;0.0318866;-0.389434;-17.6016
-13.2088;-110.609;0.314547;0.0593236;-0.39455;-17.8359
-4.38334;-110.609;0.30986;0.0906241;-0.397982;-18.0042
4.44212;-110.609;0.307886;0.1262;-0.395732;-18.0802
13.2676;-110.609;0.312171;0.158211;-0.391597;-18.0786
22.093;-110.609;0.314813;0.188285;-0.395681;-17.9989
30.9185;-110.609;0.320735;0.216489;-0.407208;-17.8304
39.7439;-110.609;0.349375;0.246692;-0.423256;-17.5997
48.5694;-110.609;0.458454;0.275994;-0.43668;-17.3344
57.3948;-110.609;0.519264;0.301557;-0.434817;-16.99
66.2203;-110.609;0.559321;0.313767;-0.415654;-16.5545
75.0458;-110.609;0.601053;0.316525;-0.386725;-16.0563
83.8712;-110.609;0.647694;0.314694;-0.357748;-15.5034
92.6967;-110.609;0.688522;0.312162;-0.329458;-14.8988
101.522;-110.609;0.785661;0.301648;-0.295546;-14.2688
110.348;-110.609;0.802522;0.285547;-0.258926;-13.5105
119.173;-110.609;0.766508;0.26454;-0.223408;-12.6641
127.998;-110.609;0.709498;0.24207;-0.190416;-11.7675
136.824;-110.609;0.587613;0.219628;-0.161381;-10.7751
145.649;-110.609;0.529717;0.194901;-0.131347;-9.81198
154.475;-110.609;0.606448;0.168251;-0.0957958;-8.94675
163.3;-110.609;0.73698;0.137676;-0.0553132;-8.10355
172.126;-110.609;0.79492;0.0990355;-0.0220281;-7.15988
180.951;-110.609;0.708562;0.0720447;0.000733765;-6.09041
189.777;-110.609;0.66971;0.0501654;0.00910278;-5.0586
198.602;-110.609;0.688757;0.0308907;0.0127133;-4.06374
207.428;-110.609;0.776982;0.00317772;0.02139;-3.0757
216.253;-110.609;0.830362;-0.0251773;0.0319292;-2.05462
-198.543;-119.435;0.341535;0.0846963;0.0183103;-2.30084
-189.718;-119.435;0.416687;0.064694;-0.00436988;-3.33127
-180.892;-119.435;0.466466;0.0384917;-0.0255983;-4.35249
-172.067;-119.435;0.388113;0.0063045;-0.0515911;-5.3008
-163.242;-119.435;0.403327;-0.0168341;-0.0748915;-6.2173
-154.416;-119.435;0.410799;-0.0377057;-0.0976541;-7.12584
-145.591;-119.435;0.389021;-0.0520238;-0.117354;-8.00696
-136.765;-119.435;0.357531;-0.0554769;-0.133617;-8.86575
-127.94;-119.435;0.312843;-0.0521341;-0.150178;-9.67167
-119.114;-119.435;0.233549;-0.0604664;-0.178879;-10.4738
-110.289;-119.435;0.204623;-0.0711174;-0.210893;-11.2679
-101.463;-119.435;0.19015;-0.0822613;-0.243822;-12.0444
-92.6379;-119.435;0.222986;-0.0845543;-0.274767;-12.7845
-83.8124;-119.435;0.24528;-0.0813863;-0.305827;-13.4686
-74.987;-119.435;0.21871;-0.079666;-0.335408;-14.0731
-66.1615;-119.435;0.184169;-0.0779577;-0.357502;-14.6569
-57.3361;-119.435;0.211942;-0.0677151;-0.369957;-15.2082
-48.5106;-119.435;0.25392;-0.0474633;-0.373155;-15.6988
-39.6852;-119.435;0.245282;-0.0208841;-0.374554;-16.1073
-30.8597;-119.435;0.218359;0.00540647;-0.37474;-16.4171
-22.0342;-119.435;0.200347;0.0321286;-0.3749;-16.6594
-13.2088;-119.435;0.198512;0.0620399;-0.375137;-16.8613
-4.38334;-119.435;0.222645;0.0938281;-0.375847;-17.0266
4.44212;-119.435;0.25549;0.126517;-0.376594;-17.1234
13.2676;-119.435;0.312559;0.153921;-0.377873;-17.1647
22.093;-119.435;0.354279;0.179212;-0.38798;-17.102
30.9185;-119.435;0.361137;0.204178;-0.400865;-16.9246
39.7439;-119.435;0.365679;0.228408;-0.409533;-16.6713
48.5694;-119.435;0.452367;0.249545;-0.409421;-16.4036
57.3948;-119.435;0.535509;0.269287;-0.40143;-16.074
66.2203;-119.435;0.577088;0.281562;-0.386164;-15.6482
75.0458;-119.435;0.60525;0.286597;-0.364576;-15.1574
83.8712;-119.435;0.645644;0.284578;-0.338516;-14.6157
92.6967;-119.435;0.685306;0.277995;-0.31132;-14.0187
101.522;-119.435;0.709538;0.267559;-0.281554;-13.3445
110.348;-119.435;0.653183;0.252373;-0.244098;-12.5337
119.173;-119.435;0.542803;0.230526;-0.208604;-11.6391
127.998;-119.435;0.434716;0.210301;-0.180458;-10.7517
136.824;-119.435;0.377765;0.187711;-0.151634;-9.86965
145.649;-119.435;0.460743;0.160455;-0.116641;-9.04499
154.475;-119.435;0.678014;0.129149;-0.075133;-8.28429
163.3;-119.435;0.792124;0.0953373;-0.0345483;-7.41184
172.126;-119.435;0.654691;0.0615977;-0.00496232;-6.33083
180.951;-119.435;0.479701;0.0372594;0.0162704;-5.20115
189.777;-119.435;0.558894;0.0126892;0.029506;-4.28498
198.602;-119.435;0.733368;-0.00719942;0.0423191;-3.45236
207.428;-119.435;0.920447;-0.0271859;0.0476081;-2.595
216.253;-119.435;0.98772;-0.0476586;0.0493384;-1.62402
-189.718;-128.26;0.330104;0.0583637;0.0039038;-2.74631
-180.892;-128.26;0.386365;0.0348518;-0.0170284;-3.71452
-172.067;-128.26;0.328753;-0.00271588;-0.0468157;-4.67949
-163.242;-128.26;0.347664;-0.0244811;-0.0689985;-5.584
-154.416;-128.26;0.332685;-0.0440442;-0.0929974;-6.46348
-145.591;-128.26;0.277052;-0.0579338;-0.113019;-7.28901
-136.765;-128.26;0.235904;-0.0613872;-0.129454;-8.12524
-127.94;-128.26;0.224616;-0.0538189;-0.145203;-8.92829
-119.114;-128.26;0.174165;-0.0540026;-0.174476;-9.72506
-110.289;-128.26;0.158062;-0.0612003;-0.208107;-10.4935
-101.463;-128.26;0.128957;-0.0702136;-0.239418;-11.221
-92.6379;-128.26;0.143242;-0.0745815;-0.273723;-11.921
-83.8124;-128.26;0.173156;-0.0745635;-0.308528;-12.5943
-74.987;-128.26;0.17153;-0.073887;-0.336094;-13.2101
-66.1615;-128.26;0.139145;-0.0734342;-0.357764;-13.7749
-57.3361;-128.26;0.142828;-0.0683179;-0.373435;-14.32
-48.5106;-128.26;0.204011;-0.0544777;-0.37527;-14.8183
-39.6852;-128.26;0.181787;-0.0294293;-0.371714;-15.2044
-30.8597;-128.26;0.0809263;-0.000449838;-0.367901;-15.432
-22.0342;-128.26;7.70001e-05;0.0296892;-0.363906;-15.6012
-13.2088;-128.26;0.0113734;0.0623915;-0.355799;-15.7913
-4.38334;-128.26;0.106092;0.0984487;-0.34678;-16.0048
4.44212;-128.26;0.206621;0.128768;-0.34928;-16.1577
13.2676;-128.26;0.316959;0.151652;-0.356625;-16.2127
22.093;-128.26;0.407715;0.173189;-0.370484;-16.1645
30.9185;-128.26;0.411597;0.192402;-0.381024;-15.9716
39.7439;-128.26;0.329664;0.210479;-0.382327;-15.6706
48.5694;-128.26;0.357268;0.22629;-0.376118;-15.3751
57.3948;-128.26;0.424296;0.240487;-0.365971;-15.0424
66.2203;-128.26;0.461311;0.251468;-0.354174;-14.6223
75.0458;-128.26;0.46609;0.256124;-0.337597;-14.1215
83.8712;-128.26;0.453032;0.253901;-0.316637;-13.5517
92.6967;-128.26;0.43056;0.247158;-0.294573;-12.9149
101.522;-128.26;0.442368;0.23354;-0.267837;-12.235
110.348;-128.26;0.456589;0.213845;-0.228089;-11.4772
119.173;-128.26;0.425076;0.19495;-0.190238;-10.684
127.998;-128.26;0.37355;0.178166;-0.159521;-9.89416
136.824;-128.26;0.401446;0.159041;-0.129325;-9.12917
145.649;-128.26;0.586621;0.131663;-0.0937117;-8.41178
154.475;-128.26;0.682544;0.103028;-0.0519421;-7.56923
163.3;-128.26;0.591445;0.0614245;-0.0210468;-6.50226
172.126;-128.26;0.334128;0.0288353;0.00463141;-5.32714
180.951;-128.26;0.261674;0.00406759;0.0269429;-4.2953
189.777;-128.26;0.616094;-0.0270176;0.0490655;-3.62395
198.602;-128.26;1.02082;-0.0488719;0.0687007;-2.99029
207.428;-128.26;1.24325;-0.0621808;0.069265;-2.2205
-189.718;-137.086;0.203984;0.0424896;0.0106164;-2.10937
-180.892;-137.086;0.280538;0.0226879;-0.0121807;-3.04653
-172.067;-137.086;0.26984;-0.00842619;-0.0384467;-3.97828
-163.242;-137.086;0.271118;-0.0305276;-0.0628886;-4.88956
-154.416;-137.086;0.204298;-0.0516632;-0.0909883;-5.74294
-145.591;-137.086;0.113352;-0.0679425;-0.113662;-6.53027
-136.765;-137.086;0.0827192;-0.0735837;-0.132501;-7.35878
-127.94;-137.086;0.121488;-0.0636092;-0.149219;-8.1699
-119.114;-137.086;0.124285;-0.0532405;-0.177264;-8.95885
-110.289;-137.086;0.105864;-0.0550714;-0.208997;-9.6982
-101.463;-137.086;0.0537877;-0.0603669;-0.238544;-10.3783
-92.6379;-137.086;0.0451167;-0.0665328;-0.27275;-11.0469
-83.8124;-137.086;0.100233;-0.069592;-0.306115;-11.7168
-74.987;-137.086;0.141216;-0.0692501;-0.331598;-12.3325
-66.1615;-137.086;0.101795;-0.0681775;-0.354069;-12.8669
-57.3361;-137.086;0.0532972;-0.0661132;-0.373222;-13.3949
-48.5106;-137.086;0.127575;-0.0608944;-0.375098;-13.8826
-39.6852;-137.086;0.0286172;-0.0400169;-0.374934;-14.1795
-30.8597;-137.086;-0.273566;-0.0104124;-0.375285;-14.2138
-22.0342;-137.086;-0.482986;0.0207058;-0.371127;-14.2359
-13.2088;-137.086;-0.394958;0.0531933;-0.354826;-14.4508
-4.38334;-137.086;-0.160259;0.0958722;-0.331167;-14.84
4.44212;-137.086;0.0495547;0.129546;-0.325038;-15.0698
13.2676;-137.086;0.184371;0.149286;-0.337753;-15.1236
22.093;-137.086;0.269426;0.165648;-0.353832;-15.0577
30.9185;-137.086;0.29586;0.179988;-0.360465;-14.88
39.7439;-137.086;0.265419;0.192633;-0.35654;-14.6115
48.5694;-137.086;0.251233;0.204921;-0.352621;-14.2967
57.3948;-137.086;0.287707;0.21516;-0.346791;-13.938
66.2203;-137.086;0.319391;0.221455;-0.334466;-13.5155
75.0458;-137.086;0.315743;0.223085;-0.317508;-13.0172
83.8712;-137.086;0.274836;0.220028;-0.298832;-12.4412
92.6967;-137.086;0.222079;0.213376;-0.279842;-11.7989
101.522;-137.086;0.240691;0.200323;-0.254249;-11.1524
110.348;-137.086;0.338931;0.181812;-0.214299;-10.4989
119.173;-137.086;0.416958;0.16462;-0.174662;-9.82523
127.998;-137.086;0.452396;0.149077;-0.139774;-9.12377
136.824;-137.086;0.513487;0.129741;-0.107517;-8.3932
145.649;-137.086;0.639541;0.0978634;-0.0798016;-7.62557
154.475;-137.086;0.513453;0.0660353;-0.0514525;-6.61915
163.3;-137.086;0.229613;0.0283023;-0.0228992;-5.43693
172.126;-137.086;0.0130513;0.00147104;0.00894499;-4.32841
180.951;-137.086;0.237327;-0.0271536;0.0369274;-3.5566
189.777;-137.086;0.937864;-0.0668776;0.0630564;-3.17422
198.602;-137.086;1.47691;-0.090738;0.079583;-2.64525
-189.718;-145.911;0.0902346;0.0254067;0.0187718;-1.4419
-180.892;-145.911;0.159943;0.011503;-0.00472286;-2.35108
-172.067;-145.911;0.170509;-0.0136908;-0.029565;-3.25962
-163.242;-145.911;0.16695;-0.0323658;-0.0527358;-4.14643
-154.416;-145.911;0.100799;-0.0494566;-0.0810328;-4.97162
-145.591;-145.911;0.0122636;-0.0682601;-0.107677;-5.75025
-136.765;-145.911;-0.00793961;-0.0798934;-0.132887;-6.58309
-127.94;-145.911;0.0512452;-0.072543;-0.152894;-7.39663
-119.114;-145.911;0.0829991;-0.05752;-0.176524;-8.16198
-110.289;-145.911;0.0553347;-0.0545747;-0.202219;-8.87102
-101.463;-145.911;-0.0207305;-0.0572389;-0.231179;-9.51934
-92.6379;-145.911;-0.0390889;-0.0641416;-0.264771;-10.1644
-83.8124;-145.911;0.0526723;-0.0677275;-0.294805;-10.8286
-74.987;-145.911;0.128562;-0.0653488;-0.318577;-11.4399
-66.1615;-145.911;0.0630938;-0.0611978;-0.344012;-11.9347
-57.3361;-145.911;-0.055923;-0.0580591;-0.369776;-12.393
-48.5106;-145.911;-0.017129;-0.0617866;-0.378499;-12.8221
-39.6852;-145.911;-0.243782;-0.0409666;-0.38956;-12.9865
-30.8597;-145.911;-0.854927;-0.0114505;-0.402104;-12.8121
-22.0342;-145.911;-1.39468;0.0248496;-0.403563;-12.7025
-13.2088;-145.911;-1.38932;0.0617858;-0.38393;-12.8972
-4.38334;-145.911;-0.794729;0.0911842;-0.349309;-13.3722
4.44212;-145.911;-0.285505;0.123602;-0.331993;-13.8073
13.2676;-145.911;-0.087395;0.141554;-0.342919;-13.9179
22.093;-145.911;0.0158422;0.153898;-0.351989;-13.8547
30.9185;-145.911;0.0982888;0.163261;-0.349426;-13.7026
39.7439;-145.911;0.154099;0.171063;-0.340789;-13.4873
48.5694;-145.911;0.173692;0.180886;-0.338428;-13.2003
57.3948;-145.911;0.203699;0.189361;-0.335815;-12.8403
66.2203;-145.911;0.23575;0.192584;-0.322356;-12.4248
75.0458;-145.911;0.245227;0.191273;-0.302074;-11.944
83.8712;-145.911;0.217334;0.186782;-0.280551;-11.3912
92.6967;-145.911;0.169748;0.180019;-0.259989;-10.779
101.522;-145.911;0.201812;0.168884;-0.233381;-10.1792
110.348;-145.911;0.327222;0.154124;-0.196517;-9.59577
119.173;-145.911;0.437788;0.137433;-0.160642;-8.96863
127.998;-145.911;0.495;0.119;-0.127416;-8.27195
136.824;-145.911;0.517462;0.096558;-0.0960929;-7.49675
145.649;-145.911;0.45876;0.0700755;-0.0695461;-6.6099
154.475;-145.911;0.306745;0.0353318;-0.0441604;-5.62056
163.3;-145.911;0.153618;-0.00556261;-0.0180909;-4.58471
172.126;-145.911;0.179188;-0.0248967;0.02064;-3.73187
180.951;-145.911;0.701274;-0.0571838;0.0504667;-3.2147
189.777;-145.911;1.50216;-0.100849;0.0726781;-2.89197
198.602;-145.911;1.90135;-0.133609;0.0992863;-2.17154
-172.067;-154.736;0.107577;-0.011696;-0.013106;-2.54131
-163.242;-154.736;0.0921211;-0.0273664;-0.0352071;-3.39035
-154.416;-154.736;0.0501219;-0.0350467;-0.0568194;-4.18085
-145.591;-154.736;0.00681184;-0.0551148;-0.0858544;-4.97255
-136.765;-154.736;0.000105508;-0.0735426;-0.118765;-5.80475
-127.94;-154.736;0.0375059;-0.0730868;-0.144142;-6.60135
-119.114;-154.736;0.0555528;-0.0622333;-0.162585;-7.3318
-110.289;-154.736;0.0243773;-0.0597521;-0.182326;-8.01977
-101.463;-154.736;-0.0737166;-0.0607807;-0.212314;-8.6488
-92.6379;-154.736;-0.0981052;-0.0661072;-0.247483;-9.27081
-83.8124;-154.736;0.00812484;-0.0669914;-0.275318;-9.91734
-74.987;-154.736;0.0968296;-0.0613267;-0.297161;-10.5053
-66.1615;-154.736;0.0302963;-0.0551658;-0.324271;-10.9687
-57.3361;-154.736;-0.120442;-0.0532989;-0.354602;-11.3848
-48.5106;-154.736;-0.119171;-0.0575934;-0.370457;-11.7794
-39.6852;-154.736;-0.359953;-0.0447072;-0.387454;-11.9215
-30.8597;-154.736;-0.962424;-0.0191274;-0.407649;-11.7293
-22.0342;-154.736;-1.5519;0.0121203;-0.414656;-11.5661
-13.2088;-154.736;-1.69009;0.0390102;-0.400818;-11.6429
-4.38334;-154.736;-1.19997;0.0604261;-0.376378;-12.0021
4.44212;-154.736;-0.431069;0.100733;-0.367485;-12.5712
13.2676;-154.736;-0.166366;0.121288;-0.364755;-12.7611
22.093;-154.736;-0.0484312;0.132971;-0.357349;-12.728
30.9185;-154.736;0.0507397;0.141256;-0.344105;-12.5943
39.7439;-154.736;0.133965;0.147975;-0.330262;-12.4033
48.5694;-154.736;0.171547;0.154172;-0.3231;-12.1335
57.3948;-154.736;0.202988;0.160043;-0.318514;-11.7854
66.2203;-154.736;0.234152;0.161508;-0.302559;-11.3784
75.0458;-154.736;0.254001;0.159566;-0.278573;-10.9144
83.8712;-154.736;0.251398;0.155171;-0.252625;-10.3965
92.6967;-154.736;0.231654;0.148353;-0.22854;-9.8336
101.522;-154.736;0.278585;0.138403;-0.201008;-9.27704
110.348;-154.736;0.36806;0.128028;-0.169637;-8.70055
119.173;-154.736;0.400611;0.115246;-0.141608;-8.03971
127.998;-154.736;0.367562;0.0977786;-0.114858;-7.2852
136.824;-154.736;0.317721;0.0746295;-0.0869944;-6.46351
145.649;-154.736;0.262879;0.0479952;-0.0605485;-5.59955
154.475;-154.736;0.299177;0.013453;-0.0338211;-4.78957
163.3;-154.736;0.485259;-0.0174355;-0.00437252;-4.09842
172.126;-154.736;0.865376;-0.0361651;0.0293729;-3.57025
180.951;-154.736;1.47307;-0.0670981;0.0573422;-3.15278
189.777;-154.736;1.94556;-0.116291;0.0893141;-2.4915
-163.242;-163.562;0.0790152;-0.0156183;-0.012644;-2.62917
-154.416;-163.562;0.0396887;-0.0232961;-0.0345753;-3.40383
-145.591;-163.562;0.0390774;-0.038625;-0.0584851;-4.20122
-136.765;-163.562;0.0553486;-0.0599693;-0.0916459;-5.01686
-127.94;-163.562;0.0618817;-0.0650564;-0.118675;-5.78035
-119.114;-163.562;0.0588393;-0.0602428;-0.135755;-6.48043
-110.289;-163.562;0.0224944;-0.0625168;-0.154232;-7.14728
-101.463;-163.562;-0.0786302;-0.0621542;-0.185446;-7.76105
-92.6379;-163.562;-0.137846;-0.0657182;-0.223983;-8.36653
-83.8124;-163.562;-0.0604198;-0.0650841;-0.252447;-8.98138
-74.987;-163.562;0.0199828;-0.0603946;-0.273979;-9.5365
-66.1615;-163.562;-0.0360208;-0.0569833;-0.30077;-9.98117
-57.3361;-163.562;-0.171488;-0.0564242;-0.331975;-10.382
-48.5106;-163.562;-0.100055;-0.0597224;-0.348678;-10.8121
-39.6852;-163.562;-0.150417;-0.047008;-0.362835;-11.0928
-30.8597;-163.562;-0.515467;-0.0221573;-0.389273;-11.0909
-22.0342;-163.562;-0.914339;0.00103825;-0.406331;-10.9998
-13.2088;-163.562;-1.04325;0.0191616;-0.401102;-11.0035
-4.38334;-163.562;-0.776274;0.0428932;-0.383518;-11.2153
4.44212;-163.562;-0.223521;0.074925;-0.381211;-11.5904
13.2676;-163.562;-0.025849;0.0961219;-0.371329;-11.7473
22.093;-163.562;0.0597839;0.108692;-0.351501;-11.7062
30.9185;-163.562;0.127753;0.116209;-0.328825;-11.5499
39.7439;-163.562;0.190742;0.121859;-0.307825;-11.3401
48.5694;-163.562;0.22681;0.125015;-0.2899;-11.0748
57.3948;-163.562;0.256232;0.128204;-0.281248;-10.7443
66.2203;-163.562;0.278704;0.130106;-0.266208;-10.3504
75.0458;-163.562;0.284006;0.130108;-0.242446;-9.89414
83.8712;-163.562;0.275785;0.126447;-0.213327;-9.38975
92.6967;-163.562;0.273613;0.119091;-0.186043;-8.86369
101.522;-163.562;0.31994;0.110284;-0.160596;-8.34065
110.348;-163.562;0.37263;0.102486;-0.134771;-7.75955
119.173;-163.562;0.361049;0.0921005;-0.111985;-7.08674
127.998;-163.562;0.304855;0.0768981;-0.089766;-6.3405
136.824;-163.562;0.268893;0.057945;-0.0649269;-5.57099
145.649;-163.562;0.298098;0.0373934;-0.0382946;-4.82472
154.475;-163.562;0.516715;0.0131087;-0.00843349;-4.18804
163.3;-163.562;0.916972;-0.0118337;0.0182981;-3.72
172.126;-163.562;1.33577;-0.0368306;0.0428077;-3.2461
180.951;-163.562;1.76178;-0.0763333;0.0642444;-2.68263
189.777;-163.562;1.95386;-0.119136;0.093656;-1.81528
-154.416;-172.387;0.0388049;-0.0173635;-0.0162726;-2.62835
-145.591;-172.387;0.0260543;-0.0370392;-0.0436469;-3.40009
-136.765;-172.387;0.0415776;-0.0539445;-0.0722131;-4.18758
-127.94;-172.387;0.0330074;-0.0592708;-0.0966192;-4.91291
-119.114;-172.387;0.0175696;-0.0576905;-0.113922;-5.58445
-110.289;-172.387;-0.00561309;-0.0577169;-0.134487;-6.24523
-101.463;-172.387;-0.0843776;-0.0534662;-0.165097;-6.85815
-92.6379;-172.387;-0.143441;-0.0548825;-0.1971;-7.43786
-83.8124;-172.387;-0.105427;-0.0593822;-0.222482;-8.00117
-74.987;-172.387;-0.0493649;-0.0611691;-0.244985;-8.52947
-66.1615;-172.387;-0.0909403;-0.0603333;-0.270057;-8.96235
-57.3361;-172.387;-0.219694;-0.0588451;-0.298656;-9.34202
-48.5106;-172.387;-0.171459;-0.0561339;-0.31573;-9.76374
-39.6852;-172.387;-0.0325098;-0.0447486;-0.326302;-10.1566
-30.8597;-172.387;-0.102992;-0.0267298;-0.349792;-10.3462
-22.0342;-172.387;-0.230359;-0.0100152;-0.369972;-10.4234
-13.2088;-172.387;-0.213068;0.00905901;-0.370224;-10.5171
-4.38334;-172.387;-0.0162933;0.0413549;-0.353058;-10.7193
4.44212;-172.387;0.151005;0.0623799;-0.346967;-10.8493
13.2676;-172.387;0.216118;0.0746661;-0.339745;-10.8514
22.093;-172.387;0.217099;0.0850349;-0.319607;-10.7242
30.9185;-172.387;0.209244;0.0917132;-0.293287;-10.5038
39.7439;-172.387;0.228127;0.0957743;-0.267399;-10.2502
48.5694;-172.387;0.27108;0.0972567;-0.242215;-9.97937
57.3948;-172.387;0.289386;0.101027;-0.227985;-9.65888
66.2203;-172.387;0.29263;0.106753;-0.215213;-9.27767
75.0458;-172.387;0.290331;0.109288;-0.195976;-8.84628
83.8712;-172.387;0.285531;0.105327;-0.169065;-8.37425
92.6967;-172.387;0.287534;0.0964254;-0.143207;-7.8794
101.522;-172.387;0.323684;0.0843264;-0.117775;-7.36453
110.348;-172.387;0.381566;0.0746707;-0.092268;-6.79974
119.173;-172.387;0.392195;0.0654255;-0.071181;-6.172
127.998;-172.387;0.374335;0.05491;-0.053918;-5.49954
136.824;-172.387;0.389772;0.0425674;-0.0354243;-4.82514
145.649;-172.387;0.505516;0.0259587;-0.013918;-4.19855
154.475;-172.387;0.793738;0.00516125;0.0106971;-3.66753
163.3;-172.387;1.10018;-0.015657;0.034459;-3.14084
172.126;-172.387;1.40239;-0.0478747;0.0486287;-2.56322
-145.591;-181.213;-0.00809266;-0.0346025;-0.0287995;-2.57068
-136.765;-181.213;-0.0514037;-0.049325;-0.051513;-3.28764
-127.94;-181.213;-0.0842678;-0.0583005;-0.0758841;-3.99296
-119.114;-181.213;-0.122212;-0.0594413;-0.0940658;-4.63264
-110.289;-181.213;-0.135257;-0.0575206;-0.115776;-5.27889
-101.463;-181.213;-0.197982;-0.0459299;-0.141078;-5.86606
-92.6379;-181.213;-0.265882;-0.0446176;-0.166244;-6.40609
-83.8124;-181.213;-0.245224;-0.0501509;-0.185789;-6.9284
-74.987;-181.213;-0.163419;-0.0555154;-0.207072;-7.462
-66.1615;-181.213;-0.145048;-0.0574143;-0.229127;-7.91144
-57.3361;-181.213;-0.242558;-0.0554752;-0.252681;-8.2736
-48.5106;-181.213;-0.233608;-0.0488984;-0.268569;-8.65431
-39.6852;-181.213;-0.0604836;-0.0383633;-0.277516;-9.06315
-30.8597;-181.213;0.0214196;-0.0261684;-0.292263;-9.34272
-22.0342;-181.213;0.0527812;-0.0139317;-0.306553;-9.53014
-13.2088;-181.213;0.165789;0.00429385;-0.307491;-9.69893
-4.38334;-181.213;0.36934;0.030851;-0.29515;-9.86938
4.44212;-181.213;0.385145;0.0454562;-0.293855;-9.91168
13.2676;-181.213;0.370838;0.0518046;-0.287517;-9.8537
22.093;-181.213;0.30413;0.0613741;-0.268141;-9.67182
30.9185;-181.213;0.226294;0.0679046;-0.242764;-9.39668
39.7439;-181.213;0.197626;0.0711275;-0.218166;-9.1104
48.5694;-181.213;0.240356;0.0717947;-0.195435;-8.84119
57.3948;-181.213;0.254808;0.0765989;-0.17886;-8.53199
66.2203;-181.213;0.256062;0.0831061;-0.16536;-8.1701
75.0458;-181.213;0.266766;0.0861367;-0.147742;-7.7691
83.8712;-181.213;0.278821;0.0836238;-0.124491;-7.3359
92.6967;-181.213;0.283494;0.0774845;-0.105687;-6.87227
101.522;-181.213;0.291821;0.0690593;-0.0874642;-6.36049
110.348;-181.213;0.330293;0.0589719;-0.065864;-5.8105
119.173;-181.213;0.366243;0.0485275;-0.0461639;-5.23493
127.998;-181.213;0.402605;0.0385788;-0.0310938;-4.63961
136.824;-181.213;0.472044;0.026257;-0.0161389;-4.03691
145.649;-181.213;0.632686;0.00900856;-0.000615999;-3.47395
154.475;-181.213;0.838849;-0.0107453;0.0155573;-2.90661
163.3;-181.213;1.02199;-0.0330864;0.0350181;-2.29851
-136.765;-190.038;-0.103805;-0.0406317;-0.0257367;-2.37333
-127.94;-190.038;-0.133638;-0.0503589;-0.0431122;-3.04309
-119.114;-190.038;-0.178201;-0.055216;-0.0600435;-3.67085
-110.289;-190.038;-0.214024;-0.0536442;-0.0825102;-4.29173
-101.463;-190.038;-0.312312;-0.0395165;-0.10495;-4.827
-92.6379;-190.038;-0.439364;-0.0380173;-0.128248;-5.3026
-83.8124;-190.038;-0.429465;-0.0421467;-0.145064;-5.80326
-74.987;-190.038;-0.299572;-0.0461483;-0.16192;-6.35
-66.1615;-190.038;-0.195734;-0.0478013;-0.18055;-6.84265
-57.3361;-190.038;-0.215419;-0.0463848;-0.200844;-7.22597
-48.5106;-190.038;-0.205376;-0.0403822;-0.214209;-7.57159
-39.6852;-190.038;-0.113741;-0.031001;-0.221097;-7.91108
-30.8597;-190.038;-0.0345143;-0.020301;-0.22909;-8.18639
-22.0342;-190.038;0.0503374;-0.00855895;-0.238837;-8.41138
-13.2088;-190.038;0.176067;0.00984617;-0.244912;-8.60684
-4.38334;-190.038;0.309871;0.0294641;-0.241292;-8.71966
4.44212;-190.038;0.307591;0.0353993;-0.238224;-8.71294
13.2676;-190.038;0.229242;0.035733;-0.233669;-8.61375
22.093;-190.038;0.152682;0.042146;-0.217619;-8.42065
30.9185;-190.038;0.0879796;0.0482553;-0.197063;-8.17166
39.7439;-190.038;0.0704734;0.0513302;-0.177542;-7.91395
48.5694;-190.038;0.11659;0.0530096;-0.158697;-7.66437
57.3948;-190.038;0.141382;0.0581107;-0.14099;-7.36844
66.2203;-190.038;0.164629;0.062182;-0.123918;-7.03076
75.0458;-190.038;0.204904;0.0638883;-0.104398;-6.66229
83.8712;-190.038;0.240165;0.0631001;-0.0840854;-6.26645
92.6967;-190.038;0.253287;0.0608576;-0.0726713;-5.83513
101.522;-190.038;0.253803;0.0562805;-0.0625902;-5.34233
110.348;-190.038;0.275318;0.0490574;-0.049977;-4.81745
119.173;-190.038;0.309181;0.0399964;-0.0374799;-4.27996
127.998;-190.038;0.359393;0.0292384;-0.0256043;-3.72587
136.824;-190.038;0.437583;0.0168152;-0.0131964;-3.14868
145.649;-190.038;0.568834;-0.00229263;0.00349395;-2.57503
154.475;-190.038;0.689671;-0.0234919;0.0228654;-1.95751
-119.114;-198.864;-0.191407;-0.0436401;-0.0236981;-2.71831
-110.289;-198.864;-0.206851;-0.0417578;-0.0424899;-3.29495
-101.463;-198.864;-0.336376;-0.0314226;-0.0675543;-3.81949
-92.6379;-198.864;-0.530313;-0.032791;-0.0944292;-4.26695
-83.8124;-198.864;-0.529665;-0.0359571;-0.1098;-4.77586
-74.987;-198.864;-0.387191;-0.0363326;-0.120391;-5.31172
-66.1615;-198.864;-0.234938;-0.0359522;-0.133329;-5.80395
-57.3361;-198.864;-0.167748;-0.0365497;-0.150567;-6.2022
-48.5106;-198.864;-0.157837;-0.0320908;-0.164766;-6.52781
-39.6852;-198.864;-0.123925;-0.0248287;-0.173728;-6.80779
-30.8597;-198.864;-0.0933697;-0.0192147;-0.185457;-7.05092
-22.0342;-198.864;-0.0311365;-0.0115459;-0.197748;-7.25681
-13.2088;-198.864;0.0687303;0.00362661;-0.205863;-7.42325
-4.38334;-198.864;0.155685;0.0184047;-0.201728;-7.48813
4.44212;-198.864;0.141318;0.0222545;-0.195271;-7.45551
13.2676;-198.864;0.0949395;0.0201656;-0.187902;-7.35399
22.093;-198.864;0.0464379;0.0257145;-0.174592;-7.18166
30.9185;-198.864;-0.0056406;0.0315353;-0.158909;-6.95946
39.7439;-198.864;-0.0278897;0.0342494;-0.143;-6.7226
48.5694;-198.864;0.0024192;0.0364837;-0.126774;-6.48929
57.3948;-198.864;0.0397654;0.0420168;-0.107877;-6.21395
66.2203;-198.864;0.0877512;0.0442101;-0.0869007;-5.905
75.0458;-198.864;0.148636;0.0436307;-0.0645553;-5.56347
83.8712;-198.864;0.197641;0.0423391;-0.046185;-5.1931
92.6967;-198.864;0.223242;0.0412164;-0.0394939;-4.78713
101.522;-198.864;0.2423;0.0396013;-0.0362565;-4.33512
110.348;-198.864;0.271712;0.0362621;-0.0303763;-3.84642
119.173;-198.864;0.296587;0.0298575;-0.0236805;-3.32072
127.998;-198.864;0.320497;0.0195168;-0.0180856;-2.77215
136.824;-198.864;0.36691;0.00590354;-0.00882797;-2.20814
145.649;-198.864;0.459212;-0.0135264;0.0121757;-1.62111
-119.114;-207.689;-0.270276;-0.0312198;0.0024431;-1.76061
-110.289;-207.689;-0.239609;-0.0275579;-0.0151038;-2.321
-101.463;-207.689;-0.329051;-0.0226951;-0.0416668;-2.837
-92.6379;-207.689;-0.481461;-0.0286445;-0.0680234;-3.30286
-83.8124;-207.689;-0.458641;-0.032712;-0.0782256;-3.80033
-74.987;-207.689;-0.369574;-0.0316681;-0.0848002;-4.29621
-66.1615;-207.689;-0.272917;-0.0306528;-0.097879;-4.73663
-57.3361;-207.689;-0.212231;-0.0314238;-0.112503;-5.10528
-48.5106;-207.689;-0.190162;-0.0305443;-0.128201;-5.41824
-39.6852;-207.689;-0.18102;-0.0253978;-0.139893;-5.67024
-30.8597;-207.689;-0.15931;-0.021644;-0.152937;-5.88321
-22.0342;-207.689;-0.115259;-0.0178382;-0.167334;-6.06328
-13.2088;-207.689;-0.0509133;-0.00892102;-0.179205;-6.20536
-4.38334;-207.689;0.00354622;0.0015422;-0.180184;-6.26497
4.44212;-207.689;0.00477394;0.00596143;-0.172857;-6.23227
13.2676;-207.689;-0.00385704;0.00465448;-0.1616;-6.14274
22.093;-207.689;-0.0242656;0.0111221;-0.145144;-5.98723
30.9185;-207.689;-0.0591217;0.0157111;-0.126185;-5.78272
39.7439;-207.689;-0.0774599;0.0175288;-0.107008;-5.56991
48.5694;-207.689;-0.0515214;0.0191025;-0.0884987;-5.35672
57.3948;-207.689;0.00848603;0.0237222;-0.0671351;-5.10806
66.2203;-207.689;0.0832326;0.0246958;-0.0440603;-4.82988
75.0458;-207.689;0.150646;0.0224904;-0.0211048;-4.51108
83.8712;-207.689;0.20666;0.0206166;-0.00555474;-4.16751
92.6967;-207.689;0.258251;0.0206046;-0.00140806;-3.79448
101.522;-207.689;0.298289;0.0209829;-0.00258967;-3.39137
110.348;-207.689;0.331689;0.0199585;-0.00340131;-2.91615
119.173;-207.689;0.342435;0.0132031;-0.00168995;-2.3947
127.998;-207.689;0.342419;0.00319734;0.000399586;-1.84643
136.824;-207.689;0.345072;-0.00847932;0.00737966;-1.28396
-83.8124;-216.515;-0.425025;-0.0306455;-0.0513835;-2.81177
-74.987;-216.515;-0.342981;-0.0308764;-0.0572844;-3.25191
-66.1615;-216.515;-0.297231;-0.0293549;-0.0690238;-3.65307
-57.3361;-216.515;-0.273867;-0.0296892;-0.0818259;-3.98818
-48.5106;-216.515;-0.270014;-0.0290865;-0.0966597;-4.28193
-39.6852;-216.515;-0.248733;-0.0259553;-0.110323;-4.52296
-30.8597;-216.515;-0.207467;-0.022538;-0.125543;-4.72152
-22.0342;-216.515;-0.160369;-0.0204571;-0.141057;-4.88469
-13.2088;-216.515;-0.115424;-0.0166892;-0.154427;-5.00172
-4.38334;-216.515;-0.0866525;-0.0110167;-0.160707;-5.0567
4.44212;-216.515;-0.0859569;-0.00716545;-0.156902;-5.04207
13.2676;-216.515;-0.084967;-0.00826913;-0.144042;-4.97308
22.093;-216.515;-0.101814;-0.00295386;-0.120047;-4.81831
30.9185;-216.515;-0.121603;-0.00120182;-0.0930478;-4.62409
39.7439;-216.515;-0.108677;-0.00192693;-0.0675412;-4.44245
48.5694;-216.515;-0.0414697;-0.00142746;-0.0427523;-4.27376
57.3948;-216.515;0.0683996;0.00324499;-0.0157896;-4.07813
66.2203;-216.515;0.166545;0.0043584;0.00759313;-3.84454
75.0458;-216.515;0.239702;0.00328091;0.0264228;-3.54776
83.8712;-216.515;0.320798;0.00321147;0.0389031;-3.25491
92.6967;-216.515;0.405518;0.00429235;0.0381088;-2.91528
101.522;-216.515;0.466776;0.000382088;0.0303937;-2.51914
110.348;-216.515;0.457416;-0.00250284;0.02144;-2.02578
-83.8124;-225.34;-0.409622;-0.0267527;-0.0205765;-1.77802
-74.987;-225.34;-0.322957;-0.0295657;-0.0304218;-2.20651
-66.1615;-225.34;-0.290027;-0.0299881;-0.0428763;-2.57894
-57.3361;-225.34;-0.289719;-0.0295596;-0.0534294;-2.88957
-48.5106;-225.34;-0.302424;-0.0281164;-0.0632239;-3.16067
-39.6852;-225.34;-0.267676;-0.0263451;-0.0768673;-3.40039
-30.8597;-225.34;-0.210982;-0.023955;-0.0941319;-3.60678
-22.0342;-225.34;-0.170459;-0.0205741;-0.111705;-3.75975
-13.2088;-225.34;-0.146156;-0.0167297;-0.123803;-3.8569
-4.38334;-225.34;-0.140338;-0.0131452;-0.129498;-3.90103
4.44212;-225.34;-0.157586;-0.0121523;-0.128666;-3.88758
13.2676;-225.34;-0.18259;-0.016209;-0.118058;-3.81553
22.093;-225.34;-0.20455;-0.0162947;-0.0878089;-3.65845
30.9185;-225.34;-0.193569;-0.0167376;-0.0555052;-3.5027
39.7439;-225.34;-0.0969596;-0.017436;-0.0253627;-3.38408
48.5694;-225.34;0.0284013;-0.0152781;0.00434351;-3.27504
57.3948;-225.34;0.197788;-0.0105487;0.0343217;-3.13231
66.2203;-225.34;0.277118;-0.007528;0.054478;-2.94574
75.0458;-225.34;0.335775;-0.00654488;0.0650165;-2.65927
83.8712;-225.34;0.402585;-0.0072691;0.0610993;-2.3247
92.6967;-225.34;0.42696;-0.00615679;0.0563779;-1.94726
-39.6852;-234.166;-0.239044;-0.0257583;-0.039586;-2.31709
-30.8597;-234.166;-0.18196;-0.0258802;-0.0588831;-2.52691
-22.0342;-234.166;-0.162428;-0.0216374;-0.0772092;-2.66872
-13.2088;-234.166;-0.163149;-0.0165268;-0.0864819;-2.74004
-4.38334;-234.166;-0.180063;-0.0127134;-0.0896542;-2.76428
4.44212;-234.166;-0.217999;-0.014012;-0.0877792;-2.7354
13.2676;-234.166;-0.287226;-0.0213247;-0.0779939;-2.6398
22.093;-234.166;-0.260081;-0.0260687;-0.0479445;-2.5395
30.9185;-234.166;-0.127673;-0.0267545;-0.0168749;-2.51102
39.7439;-234.166;0.112247;-0.0252215;0.0123822;-2.48143
48.5694;-234.166;0.272323;-0.0218153;0.0352087;-2.36928
57.3948;-234.166;0.257318;-0.0153215;0.0506263;-2.12725
66.2203;-234.166;0.114577;-0.0115813;0.049392;-1.82349
75.0458;-234.166;-0.0343728;-0.0130101;0.0430538;-1.44679
-4.38334;-242.991;-0.169057;-0.0119828;-0.045011;-1.69638
4.44212;-242.991;-0.202343;-0.0119792;-0.0453074;-1.68296
13.2676;-242.991;-0.250817;-0.0190219;-0.0371633;-1.61951
22.093;-242.991;-0.0625753;-0.0251571;-0.0120792;-1.64461
30.9185;-242.991;0.271728;-0.026112;0.0178515;-1.72935
