x[mm];y[mm];z[mm];x-displacement[mm];y-displacement[mm];z-displacement[mm]
-4.38334;224.758;0.115697;-0.0241931;0.0764468;-2.18279
4.44212;224.758;0.0164864;-0.0182818;0.0787948;-2.18896
13.2676;224.758;-0.0263853;-0.00884098;0.0744839;-2.157
22.093;224.758;-0.0573264;-0.00553104;0.0631643;-2.07587
-39.6852;215.933;-0.0236217;-0.0266049;0.0975143;-2.50122
-30.8597;215.933;-0.110706;-0.0248182;0.10451;-2.64973
-22.0342;215.933;-0.217603;-0.0217959;0.0996775;-2.72662
-13.2088;215.933;-0.282745;-0.0123887;0.0957301;-2.85003
-4.38334;215.933;-0.258786;-0.0135077;0.101834;-2.98622
4.44212;215.933;-0.243161;-0.0106885;0.109966;-3.07274
13.2676;215.933;-0.236875;-0.00348208;0.111422;-3.07519
22.093;215.933;-0.216982;-0.000190724;0.104818;-3.02792
30.9185;215.933;-0.190114;0.00138161;0.0991705;-2.95775
39.7439;215.933;-0.184509;0.003347;0.0905135;-2.8427
48.5694;215.933;-0.226374;0.0052663;0.0790162;-2.67374
57.3948;215.933;-0.282106;0.00601454;0.0671637;-2.44893
66.2203;215.933;-0.344594;0.00355529;0.0645058;-2.18871
75.0458;215.933;-0.390934;3.50005e-05;0.0613862;-1.90126
-74.987;207.107;0.310109;-0.0511223;0.0760211;-2.41334
-66.1615;207.107;0.220077;-0.0428503;0.0875593;-2.73608
-57.3361;207.107;0.0527837;-0.0357229;0.101729;-3.00007
-48.5106;207.107;-0.00835472;-0.0349003;0.115537;-3.29118
-39.6852;207.107;-0.0847791;-0.0318198;0.125225;-3.50575
-30.8597;207.107;-0.343077;-0.0265074;0.137905;-3.5552
-22.0342;207.107;-0.616261;-0.0201494;0.136854;-3.51321
-13.2088;207.107;-0.691359;-0.00978237;0.128367;-3.59815
-4.38334;207.107;-0.578334;-0.00521166;0.123509;-3.76785
4.44212;207.107;-0.485139;-0.000850661;0.132845;-3.92109
13.2676;207.107;-0.40193;0.00482325;0.138865;-3.99653
22.093;207.107;-0.315914;0.00737382;0.136046;-4.01037
30.9185;207.107;-0.244018;0.0100916;0.128508;-3.9719
39.7439;207.107;-0.213265;0.0148989;0.115368;-3.86734
48.5694;207.107;-0.231486;0.0184019;0.099327;-3.69976
57.3948;207.107;-0.284992;0.020043;0.0882409;-3.46419
66.2203;207.107;-0.341313;0.0199554;0.0872617;-3.19848
75.0458;207.107;-0.380589;0.0172783;0.0860517;-2.90009
83.8712;207.107;-0.390712;0.0122195;0.0769262;-2.56778
92.6967;207.107;-0.374898;0.0079324;0.0576943;-2.19035
-110.289;198.282;0.583516;-0.0331594;0.0352254;-1.60506
-101.463;198.282;0.489507;-0.0460263;0.0573886;-2.09932
-92.6379;198.282;0.390211;-0.0604;0.076778;-2.58569
-83.8124;198.282;0.339983;-0.0664759;0.0872909;-3.0399
-74.987;198.282;0.263229;-0.0597266;0.0955639;-3.45666
-66.1615;198.282;0.117529;-0.0454256;0.10306;-3.76975
-57.3361;198.282;-0.0883866;-0.0339936;0.119785;-4.01834
-48.5106;198.282;-0.117861;-0.0341239;0.131307;-4.29358
-39.6852;198.282;-0.151734;-0.0310956;0.13802;-4.52596
-30.8597;198.282;-0.371237;-0.0248925;0.151426;-4.5995
-22.0342;198.282;-0.571981;-0.0197351;0.152155;-4.59306
-13.2088;198.282;-0.599976;-0.010849;0.142969;-4.683
-4.38334;198.282;-0.463282;-0.00471541;0.133868;-4.8464
4.44212;198.282;-0.364679;0.000358569;0.142161;-4.99977
13.2676;198.282;-0.290782;0.00653422;0.151671;-5.08848
22.093;198.282;-0.237665;0.0123638;0.152069;-5.10013
30.9185;198.282;-0.20546;0.0183995;0.144347;-5.03956
39.7439;198.282;-0.194017;0.0243821;0.130639;-4.91743
48.5694;198.282;-0.199538;0.0278111;0.116472;-4.74744
57.3948;198.282;-0.240019;0.0299762;0.10729;-4.51342
66.2203;198.282;-0.284398;0.0325804;0.106708;-4.24514
75.0458;198.282;-0.313877;0.0325168;0.103109;-3.93514
83.8712;198.282;-0.315215;0.0287897;0.0930638;-3.58197
92.6967;198.282;-0.30735;0.0230014;0.0768503;-3.19057
101.522;198.282;-0.292857;0.0158379;0.0631184;-2.77436
110.348;198.282;-0.266497;0.00647855;0.0480822;-2.33417
-101.463;189.456;0.583998;-0.0690282;0.0724151;-3.11425
-92.6379;189.456;0.499634;-0.0801324;0.0874744;-3.61773
-83.8124;189.456;0.376132;-0.0827356;0.102967;-4.06206
-74.987;189.456;0.209713;-0.0706326;0.114176;-4.43777
-66.1615;189.456;0.0105991;-0.048475;0.124839;-4.7669
-57.3361;189.456;-0.165576;-0.0330013;0.129555;-4.98838
-48.5106;189.456;-0.22232;-0.0312948;0.13735;-5.24013
-39.6852;189.456;-0.204346;-0.0283888;0.140572;-5.53251
-30.8597;189.456;-0.258025;-0.022385;0.150508;-5.75052
-22.0342;189.456;-0.310302;-0.014884;0.152809;-5.8833
-13.2088;189.456;-0.287012;-0.00545907;0.146828;-6.01229
-4.38334;189.456;-0.184105;0.00132376;0.140132;-6.14921
4.44212;189.456;-0.130452;0.00588499;0.147374;-6.2525
13.2676;189.456;-0.107682;0.0104915;0.15677;-6.28078
22.093;189.456;-0.107904;0.0172803;0.159284;-6.23865
30.9185;189.456;-0.11755;0.0250325;0.153391;-6.13924
39.7439;189.456;-0.125036;0.0313148;0.141969;-5.9961
48.5694;189.456;-0.12687;0.03394;0.131471;-5.81715
57.3948;189.456;-0.15668;0.0365507;0.124904;-5.57949
66.2203;189.456;-0.192424;0.0405115;0.121618;-5.30117
75.0458;189.456;-0.217161;0.0425191;0.114707;-4.9773
83.8712;189.456;-0.224744;0.04094;0.102726;-4.60943
92.6967;189.456;-0.224059;0.0360063;0.0883674;-4.20221
101.522;189.456;-0.222112;0.0287917;0.075616;-3.76337
110.348;189.456;-0.204009;0.0204503;0.0624007;-3.28732
119.173;189.456;-0.165647;0.0100249;0.0459087;-2.79838
127.998;189.456;-0.110056;-0.00178193;0.0283242;-2.28396
136.824;189.456;-0.089791;-0.0169136;0.0070774;-1.70332
-127.94;180.631;0.74136;-0.0568602;0.0265662;-2.31207
-119.114;180.631;0.686113;-0.069769;0.0473877;-2.89945
-110.289;180.631;0.664279;-0.0833644;0.0675338;-3.48772
-101.463;180.631;0.664402;-0.0963022;0.0807561;-4.03791
-92.6379;180.631;0.523733;-0.104204;0.103429;-4.51772
-83.8124;180.631;0.277093;-0.103724;0.130173;-4.88879
-74.987;180.631;0.0972331;-0.0872096;0.145969;-5.29708
-66.1615;180.631;0.0192403;-0.0581825;0.144127;-5.75584
-57.3361;180.631;-0.0384827;-0.0368254;0.132262;-6.06052
-48.5106;180.631;-0.169323;-0.0303811;0.139774;-6.30366
-39.6852;180.631;-0.144168;-0.0302174;0.143126;-6.58222
-30.8597;180.631;-0.0963;-0.02682;0.149548;-6.86082
-22.0342;180.631;-0.0527723;-0.0197353;0.151772;-7.06572
-13.2088;180.631;-0.0100783;-0.010315;0.149754;-7.21634
-4.38334;180.631;0.0303358;-0.00265656;0.14802;-7.32562
4.44212;180.631;0.0252143;0.00233362;0.154206;-7.38191
13.2676;180.631;0.00450403;0.00847501;0.16259;-7.37572
22.093;180.631;-0.018546;0.0170323;0.166216;-7.31383
30.9185;180.631;-0.0338622;0.0265222;0.16303;-7.2078
39.7439;180.631;-0.0388275;0.0342006;0.154769;-7.06299
48.5694;180.631;-0.0408076;0.0375618;0.146397;-6.87641
57.3948;180.631;-0.0684124;0.0408491;0.140951;-6.63218
66.2203;180.631;-0.0989539;0.045068;0.134971;-6.34358
75.0458;180.631;-0.11699;0.0481802;0.126245;-6.01036
83.8712;180.631;-0.123474;0.0489451;0.115624;-5.63115
92.6967;180.631;-0.135698;0.0471073;0.104988;-5.20387
101.522;180.631;-0.159817;0.0420753;0.0944071;-4.73277
110.348;180.631;-0.164297;0.0321813;0.0793639;-4.22503
119.173;180.631;-0.142405;0.0204896;0.0612344;-3.69673
127.998;180.631;-0.0925073;0.0102849;0.0424887;-3.15853
136.824;180.631;-0.0336097;-0.000806768;0.0257374;-2.61356
145.649;180.631;-0.0379364;-0.0132436;0.00332794;-1.98169
154.475;180.631;-0.0880527;-0.0343664;-0.0226143;-1.25238
-136.765;171.805;0.823981;-0.0687762;0.0289002;-2.55436
-127.94;171.805;0.752558;-0.0783686;0.0466532;-3.17033
-119.114;171.805;0.659385;-0.0912201;0.0689853;-3.77954
-110.289;171.805;0.605675;-0.105967;0.0889882;-4.37993
-101.463;171.805;0.586648;-0.118165;0.100966;-4.93167
-92.6379;171.805;0.353907;-0.124394;0.130802;-5.36675
-83.8124;171.805;0.0423124;-0.123645;0.169574;-5.73804
-74.987;171.805;0.0235992;-0.106824;0.18008;-6.22057
-66.1615;171.805;0.190632;-0.0759221;0.157864;-6.79335
-57.3361;171.805;0.257199;-0.0508179;0.133799;-7.19437
-48.5106;171.805;0.104918;-0.0413122;0.141709;-7.44632
-39.6852;171.805;0.0433318;-0.0370042;0.155369;-7.68973
-30.8597;171.805;0.0524267;-0.0317046;0.167324;-7.94758
-22.0342;171.805;0.0785416;-0.0238441;0.171794;-8.14555
-13.2088;171.805;0.0910024;-0.0137263;0.171906;-8.27989
-4.38334;171.805;0.078394;-0.00378387;0.172226;-8.36
4.44212;171.805;0.0379231;0.00388376;0.175297;-8.39059
13.2676;171.805;0.0116114;0.0104093;0.181379;-8.38139
22.093;171.805;0.000758321;0.0193063;0.185967;-8.3328
30.9185;171.805;0.00878433;0.0295848;0.184703;-8.24386
39.7439;171.805;0.025114;0.0387952;0.177226;-8.10836
48.5694;171.805;0.0270535;0.0444504;0.167865;-7.91586
57.3948;171.805;0.00249064;0.0493238;0.161123;-7.66652
66.2203;171.805;-0.0158436;0.0540712;0.153119;-7.37468
75.0458;171.805;-0.019499;0.0577537;0.14297;-7.03697
83.8712;171.805;-0.0225791;0.0599249;0.133236;-6.64569
92.6967;171.805;-0.0516835;0.0605732;0.126775;-6.19488
101.522;171.805;-0.107861;0.0584824;0.119055;-5.69426
110.348;171.805;-0.127719;0.0498905;0.101333;-5.16208
119.173;171.805;-0.118421;0.0388788;0.079818;-4.60593
127.998;171.805;-0.0956692;0.0279505;0.0599503;-4.02905
136.824;171.805;-0.0720438;0.0184121;0.0440188;-3.44088
145.649;171.805;-0.000470801;0.0032524;0.0252547;-2.84702
154.475;171.805;-0.0605814;-0.0118675;0.00543924;-2.1464
163.3;171.805;-0.197614;-0.0352514;-0.0108656;-1.39094
-145.591;162.98;0.837597;-0.0768533;0.0330325;-2.69657
-136.765;162.98;0.816915;-0.0883;0.0490394;-3.36963
-127.94;162.98;0.763065;-0.096172;0.0673385;-4.02622
-119.114;162.98;0.671533;-0.10649;0.087477;-4.63871
-110.289;162.98;0.60992;-0.118057;0.103601;-5.23921
-101.463;162.98;0.578392;-0.127496;0.111387;-5.78829
-92.6379;162.98;0.369591;-0.133002;0.137002;-6.26429
-83.8124;162.98;0.145807;-0.132283;0.16901;-6.69813
-74.987;162.98;0.285139;-0.114896;0.171817;-7.24926
-66.1615;162.98;0.504146;-0.084076;0.1451;-7.8283
-57.3361;162.98;0.49011;-0.057023;0.127834;-8.25808
-48.5106;162.98;0.316794;-0.0471399;0.143305;-8.51733
-39.6852;162.98;0.244764;-0.0408533;0.164564;-8.75482
-30.8597;162.98;0.227106;-0.0340044;0.183434;-8.99117
-22.0342;162.98;0.207122;-0.0254132;0.194207;-9.17598
-13.2088;162.98;0.171305;-0.0144019;0.19853;-9.2978
-4.38334;162.98;0.1276;-0.00215311;0.200615;-9.36464
4.44212;162.98;0.0853959;0.0081858;0.20257;-9.39394
13.2676;162.98;0.0692868;0.0164686;0.206694;-9.39463
22.093;162.98;0.0652888;0.0265525;0.210677;-9.3564
30.9185;162.98;0.0765865;0.0374562;0.21049;-9.27446
39.7439;162.98;0.0964684;0.0470139;0.204029;-9.14207
48.5694;162.98;0.107276;0.0533392;0.195353;-8.94902
57.3948;162.98;0.0852653;0.0592239;0.187209;-8.68856
66.2203;162.98;0.0618384;0.0648626;0.176451;-8.37888
75.0458;162.98;0.0532975;0.0694072;0.163858;-8.02475
83.8712;162.98;0.0460011;0.0726175;0.153117;-7.61932
92.6967;162.98;0.0134802;0.0742833;0.147565;-7.15433
101.522;162.98;-0.0480878;0.0738904;0.142023;-6.64286
110.348;162.98;-0.0498414;0.0676342;0.122622;-6.11674
119.173;162.98;-0.0175978;0.0578665;0.0970821;-5.56056
127.998;162.98;0.0241493;0.0464967;0.0736265;-4.97333
136.824;162.98;0.0615579;0.0338502;0.0551187;-4.36556
145.649;162.98;0.0962492;0.0188738;0.0354327;-3.74169
154.475;162.98;0.0230146;0.005257;0.017245;-3.01495
163.3;162.98;-0.0723203;-0.0111222;0.0110242;-2.25722
-163.242;154.154;0.886553;-0.0544258;0.0147658;-1.96873
-154.416;154.154;0.826943;-0.0745633;0.0339881;-2.72815
-145.591;154.154;0.800904;-0.0912029;0.0509592;-3.46599
-136.765;154.154;0.802877;-0.102045;0.0650868;-4.17896
-127.94;154.154;0.768334;-0.11088;0.0830241;-4.86004
-119.114;154.154;0.703513;-0.119314;0.100605;-5.49684
-110.289;154.154;0.667398;-0.127485;0.1125;-6.10696
-101.463;154.154;0.671508;-0.132438;0.115018;-6.68627
-92.6379;154.154;0.564537;-0.133887;0.127405;-7.23054
-83.8124;154.154;0.484761;-0.129889;0.143317;-7.73788
-74.987;154.154;0.566829;-0.109536;0.145703;-8.31616
-66.1615;154.154;0.636294;-0.0811295;0.131948;-8.82409
-57.3361;154.154;0.552936;-0.0589034;0.128604;-9.20891
-48.5106;154.154;0.39265;-0.0519965;0.149179;-9.47715
-39.6852;154.154;0.352508;-0.0453831;0.173182;-9.73899
-30.8597;154.154;0.341842;-0.0373585;0.19499;-9.98066
-22.0342;154.154;0.324446;-0.028237;0.20966;-10.1754
-13.2088;154.154;0.286319;-0.0171499;0.218136;-10.3086
-4.38334;154.154;0.23356;-0.00438888;0.224356;-10.383
4.44212;154.154;0.186996;0.00824388;0.228519;-10.4189
13.2676;154.154;0.170387;0.0190438;0.232141;-10.4222
22.093;154.154;0.146456;0.0325061;0.234552;-10.3715
30.9185;154.154;0.129622;0.0459227;0.23402;-10.2714
39.7439;154.154;0.126977;0.0569678;0.227614;-10.125
48.5694;154.154;0.12816;0.0641;0.220119;-9.92041
57.3948;154.154;0.0921526;0.0706621;0.213284;-9.63989
66.2203;154.154;0.0547012;0.0766925;0.202789;-9.31124
75.0458;154.154;0.049547;0.0811632;0.188196;-8.95107
83.8712;154.154;0.0617202;0.0843242;0.173514;-8.54961
92.6967;154.154;0.0582865;0.0853239;0.163697;-8.08691
101.522;154.154;0.0266926;0.0841939;0.157199;-7.57208
110.348;154.154;0.0431097;0.079107;0.139995;-7.04786
119.173;154.154;0.0870945;0.0711165;0.11586;-6.49252
127.998;154.154;0.129544;0.0598264;0.0908881;-5.89366
136.824;154.154;0.143435;0.0457008;0.0691196;-5.25401
145.649;154.154;0.142593;0.0308651;0.0470368;-4.58848
154.475;154.154;0.0801879;0.0164239;0.0282183;-3.85585
163.3;154.154;0.000977632;0.00289763;0.0197652;-3.07166
172.126;154.154;-0.0531517;-0.00819662;0.0208871;-2.30614
180.951;154.154;-0.0311223;-0.0191903;0.02143;-1.50863
-172.067;145.329;0.807606;-0.0478341;0.0103933;-1.86754
-163.242;145.329;0.847531;-0.0647565;0.0254965;-2.66803
-154.416;145.329;0.806696;-0.0825194;0.0444949;-3.4491
-145.591;145.329;0.782828;-0.0982358;0.0600022;-4.21254
-136.765;145.329;0.780434;-0.113051;0.07673;-4.95577
-127.94;145.329;0.754241;-0.124067;0.0937546;-5.6658
-119.114;145.329;0.712524;-0.132721;0.109544;-6.33023
-110.289;145.329;0.691507;-0.139732;0.120308;-6.96659
-101.463;145.329;0.704234;-0.141049;0.122488;-7.57965
-92.6379;145.329;0.680252;-0.135422;0.124981;-8.16576
-83.8124;145.329;0.669418;-0.127241;0.132336;-8.71999
-74.987;145.329;0.679457;-0.109124;0.131428;-9.23995
-66.1615;145.329;0.646387;-0.0865788;0.127847;-9.69405
-57.3361;145.329;0.543389;-0.0695101;0.134731;-10.0675
-48.5106;145.329;0.422617;-0.0634754;0.156682;-10.3617
-39.6852;145.329;0.396665;-0.05475;0.180198;-10.6545
-30.8597;145.329;0.386366;-0.0445399;0.201609;-10.9123
-22.0342;145.329;0.368195;-0.0336037;0.217735;-11.1251
-13.2088;145.329;0.326093;-0.0204983;0.229861;-11.277
-4.38334;145.329;0.264675;-0.00580369;0.241532;-11.3604
4.44212;145.329;0.208638;0.00912938;0.249773;-11.3958
13.2676;145.329;0.185411;0.0222192;0.254334;-11.3906
22.093;145.329;0.155235;0.0373152;0.254983;-11.3276
30.9185;145.329;0.128264;0.0518765;0.252735;-11.2144
39.7439;145.329;0.111464;0.064702;0.245501;-11.0568
48.5694;145.329;0.100066;0.073595;0.238427;-10.8377
57.3948;145.329;0.0684286;0.0805568;0.233819;-10.5498
66.2203;145.329;0.0461578;0.0866783;0.225934;-10.222
75.0458;145.329;0.06268;0.091544;0.211355;-9.87177
83.8712;145.329;0.100952;0.0953983;0.192811;-9.48294
92.6967;145.329;0.131164;0.0957029;0.176594;-9.02629
101.522;145.329;0.137413;0.0932219;0.166618;-8.51433
110.348;145.329;0.153527;0.0894337;0.152931;-7.9819
119.173;145.329;0.174566;0.0844384;0.133356;-7.40698
127.998;145.329;0.187155;0.0748077;0.109528;-6.77848
136.824;145.329;0.179387;0.059639;0.085516;-6.10398
145.649;145.329;0.162699;0.0445704;0.0615156;-5.40401
154.475;145.329;0.118982;0.0298192;0.0397579;-4.65656
163.3;145.329;0.0580524;0.0145058;0.0269281;-3.87344
172.126;145.329;0.00154549;4.59749e-05;0.0195049;-3.06054
180.951;145.329;0.00270379;-0.0120222;0.0177371;-2.26566
189.777;145.329;-0.0437607;-0.0276213;0.0104354;-1.41166
-172.067;136.504;0.805649;-0.052663;0.0193269;-2.52469
-163.242;136.504;0.813697;-0.0703216;0.0325044;-3.35792
-154.416;136.504;0.794596;-0.0889295;0.0507564;-4.15825
-145.591;136.504;0.77576;-0.106452;0.0684279;-4.94016
-136.765;136.504;0.75271;-0.123434;0.0853689;-5.70123
-127.94;136.504;0.723323;-0.134713;0.0996671;-6.4242
-119.114;136.504;0.691541;-0.143234;0.112334;-7.10741
-110.289;136.504;0.668655;-0.15046;0.122884;-7.7655
-101.463;136.504;0.664742;-0.150926;0.128455;-8.39462
-92.6379;136.504;0.665932;-0.140851;0.129652;-8.98093
-83.8124;136.504;0.651805;-0.130974;0.136001;-9.52958
-74.987;136.504;0.639557;-0.117425;0.136838;-10.0412
-66.1615;136.504;0.594988;-0.101543;0.139408;-10.5002
-57.3361;136.504;0.513426;-0.0872019;0.151165;-10.9012
-48.5106;136.504;0.432535;-0.0770346;0.172351;-11.2427
-39.6852;136.504;0.396839;-0.0656373;0.192989;-11.5484
-30.8597;136.504;0.368579;-0.0534017;0.21239;-11.8101
-22.0342;136.504;0.331408;-0.0402343;0.228736;-12.0234
-13.2088;136.504;0.273207;-0.0245901;0.243073;-12.1761
-4.38334;136.504;0.201181;-0.00744092;0.257749;-12.26
4.44212;136.504;0.140583;0.0094889;0.269092;-12.2907
13.2676;136.504;0.122599;0.0252639;0.274247;-12.2894
22.093;136.504;0.114553;0.0417216;0.273058;-12.2417
30.9185;136.504;0.107246;0.0570847;0.268416;-12.1402
39.7439;136.504;0.0950112;0.0717297;0.259034;-11.9825
48.5694;136.504;0.0769003;0.084221;0.250151;-11.7573
57.3948;136.504;0.0582407;0.0940535;0.245941;-11.4755
66.2203;136.504;0.0627894;0.101464;0.240767;-11.159
75.0458;136.504;0.0885316;0.107852;0.228089;-10.8082
83.8712;136.504;0.120064;0.113178;0.208708;-10.4024
92.6967;136.504;0.148358;0.113696;0.188697;-9.92422
101.522;136.504;0.182392;0.110542;0.175296;-9.41503
110.348;136.504;0.193415;0.107987;0.162987;-8.87208
119.173;136.504;0.185475;0.104868;0.146508;-8.26743
127.998;136.504;0.174166;0.0957038;0.124324;-7.60746
136.824;136.504;0.170106;0.0796014;0.0997688;-6.91462
145.649;136.504;0.157588;0.0637204;0.0754399;-6.19404
154.475;136.504;0.130062;0.0478466;0.0520787;-5.4302
163.3;136.504;0.0786284;0.0319534;0.0354987;-4.62882
172.126;136.504;0.020828;0.0140238;0.0215842;-3.80029
180.951;136.504;-0.00265896;-0.00613845;0.00921855;-2.96708
189.777;136.504;-0.0116348;-0.0229604;0.00607853;-2.10666
-180.892;127.678;0.828924;-0.0337666;0.0145843;-2.29836
-172.067;127.678;0.801448;-0.0503338;0.0231133;-3.14604
-163.242;127.678;0.772076;-0.0755584;0.0429348;-4.01472
-154.416;127.678;0.763932;-0.0988649;0.0622952;-4.84734
-145.591;127.678;0.747952;-0.119568;0.0808695;-5.65622
-136.765;127.678;0.716373;-0.135332;0.0971659;-6.4324
-127.94;127.678;0.686062;-0.143323;0.10791;-7.1649
-119.114;127.678;0.656039;-0.149323;0.11619;-7.86534
-110.289;127.678;0.630273;-0.155687;0.125543;-8.5467
-101.463;127.678;0.619002;-0.156827;0.135101;-9.19681
-92.6379;127.678;0.603199;-0.147297;0.142689;-9.79569
-83.8124;127.678;0.570625;-0.137238;0.150118;-10.3409
-74.987;127.678;0.547975;-0.128066;0.154244;-10.8558
-66.1615;127.678;0.515915;-0.117666;0.162321;-11.3307
-57.3361;127.678;0.464648;-0.10438;0.178106;-11.7533
-48.5106;127.678;0.406221;-0.0894182;0.198418;-12.1149
-39.6852;127.678;0.364236;-0.0760375;0.215582;-12.4383
-30.8597;127.678;0.317258;-0.0610022;0.233799;-12.7147
-22.0342;127.678;0.264204;-0.0434621;0.249868;-12.9338
-13.2088;127.678;0.195112;-0.0244795;0.263738;-13.0873
-4.38334;127.678;0.121168;-0.00556126;0.278169;-13.1727
4.44212;127.678;0.071985;0.0130251;0.289286;-13.2077
13.2676;127.678;0.0781889;0.0300966;0.293245;-13.2147
22.093;127.678;0.0984438;0.0475774;0.289715;-13.1821
30.9185;127.678;0.115528;0.0638644;0.28175;-13.0948
39.7439;127.678;0.113851;0.0795124;0.269087;-12.9333
48.5694;127.678;0.0891779;0.0958191;0.258338;-12.6982
57.3948;127.678;0.0547438;0.11044;0.252473;-12.4007
66.2203;127.678;0.0508032;0.119337;0.248122;-12.066
75.0458;127.678;0.0435258;0.126531;0.23673;-11.6712
83.8712;127.678;0.00996811;0.132745;0.219566;-11.1889
92.6967;127.678;-0.0258809;0.136109;0.202298;-10.6458
101.522;127.678;0.0105902;0.134507;0.18882;-10.1308
110.348;127.678;0.038922;0.132424;0.175287;-9.59065
119.173;127.678;0.0469589;0.128822;0.157239;-8.98362
127.998;127.678;0.0627845;0.118201;0.133743;-8.32894
136.824;127.678;0.096991;0.101972;0.10881;-7.65343
145.649;127.678;0.101026;0.0862332;0.0861114;-6.93025
154.475;127.678;0.0734808;0.0704802;0.0633824;-6.14611
163.3;127.678;0.0277104;0.0544851;0.045562;-5.32688
172.126;127.678;-0.0133822;0.0357531;0.0278919;-4.48639
180.951;127.678;-0.0266013;0.0147046;0.0123234;-3.63991
189.777;127.678;-0.0626959;-0.00281458;0.0100496;-2.77403
198.602;127.678;-0.103846;-0.0222461;0.00590662;-1.8562
207.428;127.678;0.108123;-0.046768;-0.0155952;-0.913611
-189.718;118.853;0.792015;-0.0255087;0.0147578;-2.0087
-180.892;118.853;0.770748;-0.0371659;0.0213027;-2.87637
-172.067;118.853;0.756336;-0.0582565;0.0381375;-3.77326
-163.242;118.853;0.721902;-0.0845927;0.0586374;-4.64966
-154.416;118.853;0.712321;-0.110936;0.0785282;-5.51288
-145.591;118.853;0.704309;-0.1317;0.0957778;-6.34746
-136.765;118.853;0.676575;-0.14639;0.11152;-7.14642
-127.94;118.853;0.650239;-0.152509;0.120164;-7.89692
-119.114;118.853;0.623314;-0.156101;0.124958;-8.61633
-110.289;118.853;0.605123;-0.160113;0.132078;-9.3182
-101.463;118.853;0.605995;-0.160842;0.142906;-9.98793
-92.6379;118.853;0.576178;-0.153903;0.15507;-10.6054
-83.8124;118.853;0.51075;-0.144824;0.164631;-11.1605
-74.987;118.853;0.460758;-0.138199;0.172864;-11.6857
-66.1615;118.853;0.421909;-0.131022;0.186482;-12.177
-57.3361;118.853;0.382425;-0.118759;0.20638;-12.6186
-48.5106;118.853;0.341352;-0.102157;0.226624;-12.9978
-39.6852;118.853;0.314086;-0.0889664;0.24295;-13.3453
-30.8597;118.853;0.286054;-0.0716968;0.258048;-13.6401
-22.0342;118.853;0.247791;-0.0500733;0.270591;-13.8718
-13.2088;118.853;0.190214;-0.0285386;0.280949;-14.038
-4.38334;118.853;0.133198;-0.00932742;0.292502;-14.1413
4.44212;118.853;0.106272;0.00881734;0.302453;-14.1947
13.2676;118.853;0.1125;0.0273105;0.306789;-14.2031
22.093;118.853;0.108312;0.0475575;0.303265;-14.1531
30.9185;118.853;0.100004;0.0658939;0.292227;-14.0337
39.7439;118.853;0.0764251;0.0842619;0.277077;-13.8401
48.5694;118.853;0.0185353;0.10393;0.266439;-13.564
57.3948;118.853;-0.0874984;0.123774;0.260987;-13.205
66.2203;118.853;-0.167016;0.136373;0.256463;-12.8046
75.0458;118.853;-0.205024;0.144056;0.242026;-12.3599
83.8712;118.853;-0.302974;0.154115;0.223775;-11.8093
92.6967;118.853;-0.444649;0.157945;0.206251;-11.1531
101.522;118.853;-0.481439;0.157958;0.191763;-10.566
110.348;118.853;-0.42047;0.15624;0.179552;-10.0358
119.173;118.853;-0.341089;0.153273;0.163149;-9.47956
127.998;118.853;-0.238193;0.141631;0.140517;-8.88391
136.824;118.853;-0.129135;0.12601;0.115412;-8.25801
145.649;118.853;-0.0921384;0.110772;0.0939639;-7.54626
154.475;118.853;-0.097316;0.0957626;0.0714097;-6.76069
163.3;118.853;-0.110744;0.079584;0.0521464;-5.94145
172.126;118.853;-0.113219;0.0618918;0.0344301;-5.11042
180.951;118.853;-0.0995761;0.0424476;0.0199566;-4.27309
189.777;118.853;-0.109909;0.0223924;0.0136161;-3.40276
198.602;118.853;-0.127878;0.00225403;0.0122416;-2.48236
207.428;118.853;0.0562418;-0.0220899;-0.00129449;-1.54451
-189.718;110.027;0.712601;-0.044765;0.0263093;-2.56471
-180.892;110.027;0.682247;-0.0561688;0.0382206;-3.45373
-172.067;110.027;0.686482;-0.0741726;0.0555486;-4.3654
-163.242;110.027;0.66218;-0.097905;0.0734933;-5.266
-154.416;110.027;0.653484;-0.12178;0.0905698;-6.15285
-145.591;110.027;0.656086;-0.141052;0.106545;-7.01332
-136.765;110.027;0.639825;-0.155908;0.122598;-7.83957
-127.94;110.027;0.608124;-0.164655;0.132332;-8.61557
-119.114;110.027;0.572519;-0.170599;0.138409;-9.36111
-110.289;110.027;0.55261;-0.175239;0.145805;-10.088
-101.463;110.027;0.551412;-0.176149;0.156733;-10.7815
-92.6379;110.027;0.517923;-0.168844;0.168471;-11.4125
-83.8124;110.027;0.456506;-0.157339;0.175488;-11.9814
-74.987;110.027;0.405808;-0.150576;0.183054;-12.5253
-66.1615;110.027;0.362296;-0.144952;0.197474;-13.0381
-57.3361;110.027;0.329053;-0.134;0.219307;-13.4988
-48.5106;110.027;0.308854;-0.117407;0.241554;-13.8973
-39.6852;110.027;0.291543;-0.103083;0.259606;-14.2645
-30.8597;110.027;0.268469;-0.0835076;0.273985;-14.5754
-22.0342;110.027;0.236275;-0.0597062;0.284438;-14.8229
-13.2088;110.027;0.18914;-0.037613;0.29226;-15.0091
-4.38334;110.027;0.145118;-0.0180104;0.301406;-15.1341
4.44212;110.027;0.123493;0.00168057;0.310238;-15.2005
13.2676;110.027;0.115469;0.0224492;0.31573;-15.2061
22.093;110.027;0.0881116;0.0435157;0.314373;-15.141
30.9185;110.027;0.0577773;0.0611416;0.30341;-14.992
39.7439;110.027;0.0150848;0.0833805;0.286771;-14.7719
48.5694;110.027;-0.0517935;0.112461;0.274418;-14.4842
57.3948;110.027;-0.141246;0.141418;0.268143;-14.1291
66.2203;110.027;-0.179126;0.158059;0.264867;-13.7495
75.0458;110.027;-0.173451;0.167624;0.248079;-13.3268
83.8712;110.027;-0.276364;0.179725;0.223704;-12.7644
92.6967;110.027;-0.472678;0.18219;0.202981;-12.0404
101.522;110.027;-0.607892;0.181576;0.186274;-11.3415
110.348;110.027;-0.598959;0.179719;0.172481;-10.7318
119.173;110.027;-0.528729;0.177411;0.15715;-10.1457
127.998;110.027;-0.410606;0.165139;0.138112;-9.54255
136.824;110.027;-0.277395;0.150062;0.117054;-8.9203
145.649;110.027;-0.192591;0.135273;0.0992732;-8.22252
154.475;110.027;-0.160542;0.120795;0.0782956;-7.44408
163.3;110.027;-0.1381;0.103737;0.0584201;-6.62472
172.126;110.027;-0.113297;0.0853384;0.0416098;-5.78795
180.951;110.027;-0.0866274;0.0661191;0.0289799;-4.93997
189.777;110.027;-0.0673527;0.0445531;0.0207124;-4.06355
198.602;110.027;-0.0735435;0.0201756;0.0174363;-3.15144
207.428;110.027;0.0397552;-0.00602816;0.00281064;-2.1758
-198.543;101.202;0.825176;-0.0385569;0.0159735;-2.22363
-189.718;101.202;0.727355;-0.0546023;0.0300772;-3.12622
-180.892;101.202;0.67054;-0.0713331;0.0465928;-4.04433
-172.067;101.202;0.657773;-0.0904277;0.0616984;-4.96375
-163.242;101.202;0.635369;-0.112284;0.0761726;-5.88241
-154.416;101.202;0.624133;-0.134393;0.0923154;-6.78859
-145.591;101.202;0.61711;-0.153252;0.10806;-7.66734
-136.765;101.202;0.585559;-0.169153;0.123118;-8.51122
-127.94;101.202;0.530748;-0.180924;0.132439;-9.30487
-119.114;101.202;0.478394;-0.190774;0.139991;-10.0752
-110.289;101.202;0.457962;-0.197607;0.149478;-10.8285
-101.463;101.202;0.470686;-0.197931;0.162046;-11.55
-92.6379;101.202;0.465853;-0.189569;0.173804;-12.2099
-83.8124;101.202;0.443879;-0.17476;0.178225;-12.8076
-74.987;101.202;0.402938;-0.166637;0.185191;-13.38
-66.1615;101.202;0.353035;-0.160072;0.199085;-13.9132
-57.3361;101.202;0.303067;-0.147737;0.220645;-14.3851
-48.5106;101.202;0.263452;-0.129459;0.244566;-14.7928
-39.6852;101.202;0.243559;-0.112334;0.26592;-15.1745
-30.8597;101.202;0.229701;-0.091266;0.282635;-15.5061
-22.0342;101.202;0.211564;-0.0675804;0.29423;-15.7744
-13.2088;101.202;0.186334;-0.0463473;0.302032;-15.9821
-4.38334;101.202;0.162126;-0.0259771;0.310745;-16.1284
4.44212;101.202;0.146074;-0.00397279;0.318707;-16.2069
13.2676;101.202;0.132674;0.0185896;0.324088;-16.214
22.093;101.202;0.0992203;0.0383045;0.32498;-16.1483
30.9185;101.202;0.0559388;0.0546051;0.317318;-15.9927
39.7439;101.202;0.00434091;0.0840081;0.300649;-15.7676
48.5694;101.202;-0.0302398;0.127807;0.28408;-15.5081
57.3948;101.202;-0.0107591;0.168976;0.273895;-15.2317
66.2203;101.202;0.0730591;0.190129;0.270727;-14.9419
75.0458;101.202;0.117496;0.201826;0.252016;-14.5388
83.8712;101.202;0.029797;0.211595;0.224353;-13.9638
92.6967;101.202;-0.160584;0.212678;0.20081;-13.225
101.522;101.202;-0.342924;0.21195;0.18157;-12.4635
110.348;101.202;-0.378394;0.208956;0.164143;-11.7755
119.173;101.202;-0.34672;0.205734;0.148071;-11.1249
127.998;101.202;-0.276132;0.195578;0.133138;-10.4642
136.824;101.202;-0.19244;0.18199;0.118025;-9.77774
145.649;101.202;-0.121111;0.167176;0.103947;-9.03731
154.475;101.202;-0.0876503;0.151813;0.0858415;-8.23154
163.3;101.202;-0.0601142;0.133447;0.0668342;-7.38681
172.126;101.202;-0.0460242;0.113854;0.049775;-6.51431
180.951;101.202;-0.0498607;0.0939392;0.0354896;-5.61913
189.777;101.202;-0.0489153;0.0703401;0.0217827;-4.69966
198.602;101.202;-0.0149743;0.0398385;0.0117319;-3.75955
207.428;101.202;0.0338684;0.0108181;0.000940133;-2.76568
-198.543;92.3763;0.862127;-0.0331695;0.00925872;-2.74874
-189.718;92.3763;0.761483;-0.0482617;0.0235842;-3.67844
-180.892;92.3763;0.688168;-0.0751148;0.0445802;-4.6123
-172.067;92.3763;0.661485;-0.100212;0.0606681;-5.54823
-163.242;92.3763;0.641107;-0.122838;0.0737354;-6.48196
-154.416;92.3763;0.613251;-0.144845;0.0910278;-7.4011
-145.591;92.3763;0.57607;-0.163781;0.10792;-8.29276
-136.765;92.3763;0.519452;-0.180733;0.121126;-9.15269
-127.94;92.3763;0.453468;-0.194963;0.12751;-9.9688
-119.114;92.3763;0.405294;-0.20744;0.135873;-10.7705
-110.289;92.3763;0.393996;-0.215073;0.148233;-11.5542
-101.463;92.3763;0.41407;-0.214079;0.163223;-12.3058
-92.6379;92.3763;0.431192;-0.204462;0.175706;-13.0036
-83.8124;92.3763;0.428687;-0.190199;0.182822;-13.6455
-74.987;92.3763;0.401559;-0.181466;0.192963;-14.2508
-66.1615;92.3763;0.355822;-0.172392;0.207255;-14.7983
-57.3361;92.3763;0.294459;-0.157721;0.226695;-15.2703
-48.5106;92.3763;0.235838;-0.137823;0.249213;-15.6907
-39.6852;92.3763;0.21219;-0.118389;0.271875;-16.094
-30.8597;92.3763;0.211438;-0.0960122;0.291288;-16.4585
-22.0342;92.3763;0.20585;-0.0712555;0.305896;-16.7572
-13.2088;92.3763;0.195131;-0.0488216;0.315727;-16.984
-4.38334;92.3763;0.184574;-0.0259176;0.326078;-17.1451
4.44212;92.3763;0.175134;-0.00124264;0.334031;-17.2297
13.2676;92.3763;0.159432;0.0226717;0.33679;-17.233
22.093;92.3763;0.128402;0.0392254;0.335938;-17.1685
30.9185;92.3763;0.0825016;0.0564631;0.330312;-17.0213
39.7439;92.3763;0.0227345;0.097102;0.312667;-16.7977
48.5694;92.3763;0.00843249;0.155661;0.288259;-16.5491
57.3948;92.3763;0.105378;0.206549;0.267823;-16.3192
66.2203;92.3763;0.278399;0.229674;0.258385;-16.0866
75.0458;92.3763;0.337605;0.240996;0.238631;-15.6686
83.8712;92.3763;0.281467;0.245894;0.215693;-15.0817
92.6967;92.3763;0.150927;0.245628;0.195011;-14.3735
101.522;92.3763;0.0163398;0.243702;0.175734;-13.6243
110.348;92.3763;-0.0144104;0.238986;0.155469;-12.9033
119.173;92.3763;-0.015828;0.2339;0.138272;-12.1955
127.998;92.3763;-0.00754719;0.225323;0.125585;-11.4633
136.824;92.3763;0.0072196;0.212854;0.112965;-10.693
145.649;92.3763;0.0318402;0.197667;0.100216;-9.88343
154.475;92.3763;0.0470591;0.181103;0.0857703;-9.03505
163.3;92.3763;0.0563037;0.162275;0.0701806;-8.15063
172.126;92.3763;0.0266138;0.142244;0.0545385;-7.22228
180.951;92.3763;-0.0397053;0.120667;0.0394429;-6.25646
189.777;92.3763;-0.0732665;0.0924389;0.0227233;-5.27698
198.602;92.3763;-0.0244876;0.0579298;0.00795807;-4.30878
207.428;92.3763;0.0608972;0.0267138;0.000358419;-3.34084
-216.194;83.5508;0.808671;-0.041517;0.0171244;-1.24939
-207.369;83.5508;0.897197;-0.0243482;0.00207202;-2.23834
-198.543;83.5508;0.867421;-0.0249305;0.0034661;-3.24292
-189.718;83.5508;0.778533;-0.0390626;0.0161022;-4.1986
-180.892;83.5508;0.697824;-0.0723744;0.0383008;-5.14955
-172.067;83.5508;0.662529;-0.103009;0.0556118;-6.09915
-163.242;83.5508;0.630067;-0.127581;0.0686392;-7.04141
-154.416;83.5508;0.571139;-0.151021;0.0865993;-7.97356
-145.591;83.5508;0.51232;-0.170932;0.102655;-8.88362
-136.765;83.5508;0.453704;-0.187656;0.112476;-9.76742
-127.94;83.5508;0.405051;-0.200999;0.115442;-10.6175
-119.114;83.5508;0.37376;-0.212329;0.123295;-11.4488
-110.289;83.5508;0.363348;-0.218917;0.137166;-12.2557
-101.463;83.5508;0.371716;-0.217285;0.153331;-13.0272
-92.6379;83.5508;0.389143;-0.207875;0.165041;-13.7548
-83.8124;83.5508;0.384034;-0.198847;0.177586;-14.4406
-74.987;83.5508;0.366569;-0.191648;0.194353;-15.0808
-66.1615;83.5508;0.336835;-0.180087;0.212565;-15.6549
-57.3361;83.5508;0.289297;-0.162904;0.231174;-16.1553
-48.5106;83.5508;0.240315;-0.142909;0.251308;-16.6087
-39.6852;83.5508;0.222592;-0.123788;0.27354;-17.0421
-30.8597;83.5508;0.228051;-0.101357;0.293554;-17.4327
-22.0342;83.5508;0.222426;-0.0750282;0.308175;-17.7418
-13.2088;83.5508;0.205522;-0.0490594;0.319423;-17.9737
-4.38334;83.5508;0.192378;-0.0220212;0.332411;-18.1397
4.44212;83.5508;0.184194;0.00617795;0.341959;-18.2282
13.2676;83.5508;0.164183;0.0328872;0.341799;-18.2303
22.093;83.5508;0.139882;0.0479939;0.335876;-18.1706
30.9185;83.5508;0.107154;0.0710799;0.326153;-18.0349
39.7439;83.5508;0.0423931;0.123033;0.302492;-17.795
48.5694;83.5508;0.00400331;0.187345;0.268223;-17.4861
57.3948;83.5508;0.0628918;0.236404;0.236251;-17.1771
66.2203;83.5508;0.204602;0.256986;0.217876;-16.8858
75.0458;83.5508;0.256343;0.271525;0.201214;-16.4531
83.8712;83.5508;0.231442;0.278705;0.189263;-15.8881
92.6967;83.5508;0.185862;0.28065;0.178324;-15.245
101.522;83.5508;0.16785;0.277535;0.16309;-14.5592
110.348;83.5508;0.176507;0.271733;0.141965;-13.8429
119.173;83.5508;0.155765;0.265373;0.123483;-13.1004
127.998;83.5508;0.131606;0.255642;0.10931;-12.3188
136.824;83.5508;0.120325;0.241259;0.0941755;-11.496
145.649;83.5508;0.12845;0.223724;0.0800461;-10.6406
154.475;83.5508;0.14377;0.204844;0.0690696;-9.76236
163.3;83.5508;0.138977;0.186134;0.0595582;-8.84503
172.126;83.5508;0.0641645;0.167592;0.0491461;-7.86979
180.951;83.5508;-0.0481373;0.145591;0.0367446;-6.85407
189.777;83.5508;-0.0653549;0.11255;0.020543;-5.85363
198.602;83.5508;0.00906635;0.0730278;0.00235333;-4.87347
207.428;83.5508;0.133653;0.0368745;-0.00898271;-3.90971
216.253;83.5508;0.240368;0.00516889;-0.0123724;-2.90293
225.078;83.5508;0.270573;-0.0205329;-0.00551688;-1.85542
-216.194;74.7253;0.797787;-0.0475086;0.0173026;-1.6884
-207.369;74.7253;0.861445;-0.0242091;0.00326648;-2.69968
-198.543;74.7253;0.845599;-0.0134947;-0.00334049;-3.6957
-189.718;74.7253;0.756001;-0.0351654;0.00966876;-4.67004
-180.892;74.7253;0.691477;-0.0687651;0.0280387;-5.63828
-172.067;74.7253;0.656529;-0.0999275;0.0437834;-6.60534
-163.242;74.7253;0.604101;-0.125534;0.0560728;-7.55815
-154.416;74.7253;0.518571;-0.150701;0.0717004;-8.51251
-145.591;74.7253;0.462679;-0.171705;0.0827795;-9.4529
-136.765;74.7253;0.426558;-0.18767;0.0881278;-10.3706
-127.94;74.7253;0.410524;-0.197683;0.0887758;-11.2591
-119.114;74.7253;0.385583;-0.205936;0.0957142;-12.1163
-110.289;74.7253;0.354066;-0.211601;0.108981;-12.9403
-101.463;74.7253;0.337424;-0.211019;0.123397;-13.7296
-92.6379;74.7253;0.345616;-0.203471;0.132705;-14.4888
-83.8124;74.7253;0.340254;-0.199708;0.148671;-15.213
-74.987;74.7253;0.320019;-0.195329;0.170543;-15.8847
-66.1615;74.7253;0.305516;-0.183573;0.192143;-16.49
-57.3361;74.7253;0.285593;-0.166159;0.210484;-17.0316
-48.5106;74.7253;0.264048;-0.147794;0.228072;-17.5325
-39.6852;74.7253;0.25922;-0.130742;0.247787;-18.0044
-30.8597;74.7253;0.253224;-0.108185;0.26739;-18.4188
-22.0342;74.7253;0.234743;-0.0782984;0.284737;-18.7415
-13.2088;74.7253;0.19835;-0.0471449;0.299986;-18.9761
-4.38334;74.7253;0.166978;-0.0157273;0.313892;-19.1373
4.44212;74.7253;0.146955;0.0161377;0.320262;-19.2235
13.2676;74.7253;0.12655;0.0472374;0.31333;-19.2316
22.093;74.7253;0.124464;0.0669509;0.300998;-19.1891
30.9185;74.7253;0.129943;0.101431;0.282488;-19.061
39.7439;74.7253;0.102725;0.161558;0.251954;-18.8111
48.5694;74.7253;0.0811987;0.223355;0.216779;-18.4662
57.3948;74.7253;0.109976;0.263155;0.187704;-18.084
66.2203;74.7253;0.173281;0.282041;0.168103;-17.6912
75.0458;74.7253;0.191227;0.298277;0.155703;-17.2154
83.8712;74.7253;0.18392;0.307371;0.150102;-16.6538
92.6967;74.7253;0.182962;0.311778;0.145885;-16.0357
101.522;74.7253;0.202807;0.310476;0.135257;-15.3628
110.348;74.7253;0.222395;0.304237;0.116309;-14.6289
119.173;74.7253;0.190651;0.296712;0.0985244;-13.8512
127.998;74.7253;0.159175;0.285353;0.0830689;-13.0373
136.824;74.7253;0.152877;0.267565;0.0671181;-12.187
145.649;74.7253;0.177187;0.246884;0.0540047;-11.3154
154.475;74.7253;0.209092;0.22636;0.0460671;-10.4234
163.3;74.7253;0.224509;0.206689;0.0425656;-9.50176
172.126;74.7253;0.179452;0.187117;0.0391541;-8.52781
180.951;74.7253;0.112578;0.16272;0.0329484;-7.51687
189.777;74.7253;0.127143;0.126313;0.0195123;-6.51155
198.602;74.7253;0.218018;0.0846537;0.00292444;-5.51762
207.428;74.7253;0.296872;0.0478844;-0.00847395;-4.50876
216.253;74.7253;0.35189;0.0152216;-0.0118085;-3.43586
225.078;74.7253;0.364278;-0.0131933;-0.00381031;-2.35812
-216.194;65.8999;0.785652;-0.0370102;0.0119831;-2.04018
-207.369;65.8999;0.809685;-0.0198982;0.00319371;-3.08553
-198.543;65.8999;0.783638;-0.0138089;-0.00441554;-4.08525
-189.718;65.8999;0.707726;-0.0403588;0.00356585;-5.09194
-180.892;65.8999;0.672269;-0.069784;0.0126736;-6.08358
-172.067;65.8999;0.657462;-0.0967193;0.0214992;-7.09063
-163.242;65.8999;0.610121;-0.121717;0.0296251;-8.08065
-154.416;65.8999;0.536044;-0.146063;0.038577;-9.06837
-145.591;65.8999;0.503464;-0.164639;0.0413976;-10.0366
-136.765;65.8999;0.483554;-0.180514;0.0428204;-10.9829
-127.94;65.8999;0.482744;-0.19073;0.0435417;-11.9011
-119.114;65.8999;0.449224;-0.200121;0.0510299;-12.7816
-110.289;65.8999;0.396897;-0.208108;0.0636665;-13.6221
-101.463;65.8999;0.372648;-0.210505;0.075584;-14.4367
-92.6379;65.8999;0.393413;-0.205417;0.0841774;-15.2334
-83.8124;65.8999;0.390122;-0.20168;0.0972597;-15.9886
-74.987;65.8999;0.366802;-0.198759;0.118275;-16.6868
-66.1615;65.8999;0.347605;-0.190128;0.141953;-17.3254
-57.3361;65.8999;0.326259;-0.175397;0.161602;-17.9069
-48.5106;65.8999;0.308776;-0.157577;0.177546;-18.4499
-39.6852;65.8999;0.307653;-0.138946;0.194763;-18.9538
-30.8597;65.8999;0.304881;-0.114165;0.216426;-19.3894
-22.0342;65.8999;0.307804;-0.081334;0.239473;-19.7497
-13.2088;65.8999;0.290483;-0.0477096;0.261114;-20.0183
-4.38334;65.8999;0.264953;-0.0153367;0.275193;-20.1952
4.44212;65.8999;0.237566;0.0169367;0.276771;-20.2798
13.2676;65.8999;0.211079;0.0502939;0.266263;-20.2816
22.093;65.8999;0.217066;0.0786126;0.2534;-20.2394
30.9185;65.8999;0.23456;0.130243;0.227043;-20.0983
39.7439;65.8999;0.244301;0.200487;0.193168;-19.855
48.5694;65.8999;0.293256;0.259745;0.16558;-19.5578
57.3948;65.8999;0.38183;0.291912;0.151477;-19.2177
66.2203;65.8999;0.41387;0.313391;0.143927;-18.78
75.0458;65.8999;0.376922;0.332167;0.135783;-18.2272
83.8712;65.8999;0.344284;0.340935;0.129018;-17.6078
92.6967;65.8999;0.338723;0.343174;0.121829;-16.9416
101.522;65.8999;0.354217;0.341227;0.111204;-16.2282
110.348;65.8999;0.360922;0.335852;0.0958044;-15.4612
119.173;65.8999;0.32353;0.327547;0.0793326;-14.6513
127.998;65.8999;0.290772;0.313542;0.0646451;-13.8036
136.824;65.8999;0.278477;0.292498;0.0516776;-12.9135
145.649;65.8999;0.289293;0.270708;0.0423637;-12.0043
154.475;65.8999;0.313571;0.250192;0.0369232;-11.0864
163.3;65.8999;0.327949;0.230265;0.0339841;-10.1444
172.126;65.8999;0.313663;0.20818;0.0321383;-9.16182
180.951;65.8999;0.294474;0.18067;0.0291214;-8.14947
189.777;65.8999;0.315276;0.142048;0.0172044;-7.12112
198.602;65.8999;0.377562;0.101108;0.00423908;-6.09217
207.428;65.8999;0.425456;0.066233;-0.0021586;-5.04221
216.253;65.8999;0.444272;0.0333251;-0.00228963;-3.95198
225.078;65.8999;0.441011;0.00227899;0.00363979;-2.81197
233.904;65.8999;0.518908;-0.0280111;0.00655938;-1.63291
-216.194;57.0744;0.753439;-0.0239591;0.00545735;-2.35741
-207.369;57.0744;0.756039;-0.0152626;-0.00058993;-3.41257
-198.543;57.0744;0.703038;-0.0194167;-0.00592632;-4.42937
-189.718;57.0744;0.630993;-0.0507042;-0.00160308;-5.463
-180.892;57.0744;0.617677;-0.0774204;5.91638e-05;-6.47585
-172.067;57.0744;0.631743;-0.101836;0.00075993;-7.51371
-163.242;57.0744;0.623812;-0.126759;0.00191595;-8.55013
-154.416;57.0744;0.599777;-0.147888;0.00240198;-9.58087
-145.591;57.0744;0.600417;-0.160717;-0.00194618;-10.5851
-136.765;57.0744;0.584689;-0.174449;-0.00276539;-11.5559
-127.94;57.0744;0.561603;-0.190541;0.00526631;-12.5017
-119.114;57.0744;0.51495;-0.203732;0.0175605;-13.4011
-110.289;57.0744;0.458432;-0.212437;0.0312593;-14.2547
-101.463;57.0744;0.432567;-0.216229;0.0425759;-15.1027
-92.6379;57.0744;0.461153;-0.214655;0.0513156;-15.9449
-83.8124;57.0744;0.4681;-0.211186;0.0632582;-16.7443
-74.987;57.0744;0.447579;-0.206598;0.0822892;-17.4727
-66.1615;57.0744;0.41586;-0.200494;0.103837;-18.1403
-57.3361;57.0744;0.377873;-0.189943;0.123403;-18.7527
-48.5106;57.0744;0.35487;-0.173584;0.140899;-19.3308
-39.6852;57.0744;0.361035;-0.151744;0.159314;-19.8668
-30.8597;57.0744;0.366654;-0.122613;0.181558;-20.327
-22.0342;57.0744;0.385926;-0.0861413;0.206621;-20.7241
-13.2088;57.0744;0.392193;-0.0504742;0.229044;-21.0327
-4.38334;57.0744;0.377864;-0.01745;0.242475;-21.231
4.44212;57.0744;0.341326;0.0131524;0.246259;-21.3144
13.2676;57.0744;0.299466;0.0434645;0.244353;-21.3039
22.093;57.0744;0.309472;0.0783268;0.234801;-21.2567
30.9185;57.0744;0.334113;0.146382;0.20345;-21.1024
39.7439;57.0744;0.357073;0.229493;0.167741;-20.8494
48.5694;57.0744;0.420724;0.29215;0.144639;-20.5521
57.3948;57.0744;0.506845;0.322591;0.13679;-20.1947
66.2203;57.0744;0.51609;0.345686;0.133839;-19.7106
75.0458;57.0744;0.442463;0.365528;0.129815;-19.0903
83.8712;57.0744;0.406091;0.372913;0.120033;-18.4229
92.6967;57.0744;0.409764;0.373757;0.109092;-17.7257
101.522;57.0744;0.433113;0.372431;0.0983933;-16.9958
110.348;57.0744;0.445932;0.36881;0.0845447;-16.2181
119.173;57.0744;0.400501;0.359489;0.0703375;-15.3786
127.998;57.0744;0.358907;0.342985;0.0579142;-14.4872
136.824;57.0744;0.337;0.322074;0.0477941;-13.5597
145.649;57.0744;0.338795;0.299955;0.0414797;-12.6161
154.475;57.0744;0.360439;0.27791;0.0372401;-11.6742
163.3;57.0744;0.384383;0.256663;0.0329708;-10.7142
172.126;57.0744;0.390127;0.232765;0.0308232;-9.71234
180.951;57.0744;0.387711;0.203213;0.0284379;-8.67725
189.777;57.0744;0.396904;0.162866;0.0179597;-7.61543
198.602;57.0744;0.429269;0.121153;0.00772848;-6.55227
207.428;57.0744;0.460983;0.0856226;0.00476825;-5.47612
216.253;57.0744;0.479491;0.0514225;0.00626093;-4.36796
225.078;57.0744;0.492217;0.0133808;0.00826178;-3.20076
233.904;57.0744;0.572341;-0.022962;0.0119451;-2.00338
-225.02;48.249;0.731176;-0.0110849;0.00291899;-1.61705
-216.194;48.249;0.73356;-0.0236904;0.00253464;-2.65711
-207.369;48.249;0.726227;-0.0218224;-0.00208906;-3.69788
-198.543;48.249;0.637673;-0.0358864;-0.00464685;-4.74271
-189.718;48.249;0.568256;-0.0657109;-0.00142144;-5.79524
-180.892;48.249;0.551947;-0.0918412;-0.00190041;-6.84017
-172.067;48.249;0.553632;-0.119334;-0.0052428;-7.90324
-163.242;48.249;0.551068;-0.147714;-0.00831348;-8.9731
-154.416;48.249;0.56325;-0.166304;-0.0126334;-10.0275
-145.591;48.249;0.603853;-0.172567;-0.0204311;-11.0504
-136.765;48.249;0.578412;-0.184138;-0.0174015;-12.0329
-127.94;48.249;0.535617;-0.202443;-0.00579163;-12.9944
-119.114;48.249;0.484166;-0.215606;0.00894296;-13.9082
-110.289;48.249;0.443934;-0.222943;0.0235198;-14.7793
-101.463;48.249;0.437672;-0.226778;0.0353722;-15.666
-92.6379;48.249;0.467989;-0.227008;0.0431144;-16.551
-83.8124;48.249;0.483821;-0.223509;0.0526397;-17.3867
-74.987;48.249;0.456853;-0.219574;0.0705034;-18.1423
-66.1615;48.249;0.410511;-0.214129;0.0926896;-18.8353
-57.3361;48.249;0.367269;-0.205004;0.115238;-19.4876
-48.5106;48.249;0.35742;-0.189803;0.136563;-20.1182
-39.6852;48.249;0.384507;-0.16656;0.157474;-20.7116
-30.8597;48.249;0.398629;-0.134445;0.178445;-21.2128
-22.0342;48.249;0.405957;-0.0958469;0.19684;-21.6196
-13.2088;48.249;0.415284;-0.0585961;0.212588;-21.9447
-4.38334;48.249;0.406118;-0.0236427;0.225635;-22.1632
4.44212;48.249;0.37586;0.00711441;0.236036;-22.2665
13.2676;48.249;0.347681;0.0370944;0.243384;-22.2638
22.093;48.249;0.369348;0.0859985;0.232274;-22.2086
30.9185;48.249;0.3968;0.170101;0.198972;-22.0487
39.7439;48.249;0.422986;0.260998;0.16515;-21.7878
48.5694;48.249;0.472738;0.323884;0.145567;-21.456
57.3948;48.249;0.521711;0.353342;0.137817;-21.0317
66.2203;48.249;0.503653;0.37704;0.130298;-20.4883
75.0458;48.249;0.418369;0.39663;0.121559;-19.8202
83.8712;48.249;0.383591;0.403188;0.109134;-19.1175
92.6967;48.249;0.388613;0.403104;0.0994431;-18.3934
101.522;48.249;0.414908;0.401228;0.0931822;-17.6451
110.348;48.249;0.438413;0.397701;0.082895;-16.854
119.173;48.249;0.393725;0.38441;0.0690427;-15.9723
127.998;48.249;0.348269;0.366124;0.0577297;-15.0402
136.824;48.249;0.326469;0.345505;0.0479327;-14.084
145.649;48.249;0.335113;0.324221;0.0408105;-13.1251
154.475;48.249;0.366684;0.302198;0.0355653;-12.175
163.3;48.249;0.414261;0.279284;0.0310062;-11.2056
172.126;48.249;0.428349;0.253091;0.0290723;-10.1751
180.951;48.249;0.416016;0.222035;0.0280769;-9.10217
189.777;48.249;0.401736;0.180948;0.0202429;-8.00203
198.602;48.249;0.417766;0.136568;0.0115692;-6.91028
207.428;48.249;0.447426;0.0965415;0.00808981;-5.81014
216.253;48.249;0.480054;0.0574159;0.00874218;-4.69078
225.078;48.249;0.516555;0.0133132;0.00967372;-3.53311
233.904;48.249;0.571477;-0.0262928;0.0138262;-2.35165
-225.02;39.4235;0.683933;-0.00899269;0.0043731;-1.85559
-216.194;39.4235;0.678594;-0.0254831;0.00378296;-2.92341
-207.369;39.4235;0.64359;-0.0356019;0.000928678;-3.97727
-198.543;39.4235;0.567028;-0.0550749;0.000349952;-5.03107
-189.718;39.4235;0.533347;-0.0833372;0.00236216;-6.10545
-180.892;39.4235;0.527863;-0.108425;0.000623622;-7.18498
-172.067;39.4235;0.515132;-0.134596;-0.00502851;-8.25487
-163.242;39.4235;0.504779;-0.16339;-0.0104549;-9.33827
-154.416;39.4235;0.530709;-0.183236;-0.0168184;-10.4084
-145.591;39.4235;0.574364;-0.189403;-0.0245186;-11.4451
-136.765;39.4235;0.532608;-0.198076;-0.0193122;-12.4318
-127.94;39.4235;0.466857;-0.215157;-0.0068797;-13.4049
-119.114;39.4235;0.427457;-0.228275;0.00646843;-14.3412
-110.289;39.4235;0.415948;-0.23794;0.0194369;-15.2489
-101.463;39.4235;0.421319;-0.244217;0.0324746;-16.1728
-92.6379;39.4235;0.433972;-0.243798;0.0411848;-17.0799
-83.8124;39.4235;0.439664;-0.237434;0.0492993;-17.9347
-74.987;39.4235;0.41607;-0.234785;0.0643118;-18.7274
-66.1615;39.4235;0.374872;-0.2284;0.0858865;-19.4614
-57.3361;39.4235;0.343384;-0.218046;0.108654;-20.1629
-48.5106;39.4235;0.357084;-0.202868;0.129798;-20.8488
-39.6852;39.4235;0.409212;-0.180157;0.149944;-21.5006
-30.8597;39.4235;0.431242;-0.148872;0.170347;-22.0423
-22.0342;39.4235;0.41322;-0.111865;0.186733;-22.4543
-13.2088;39.4235;0.417192;-0.0751243;0.200959;-22.7839
-4.38334;39.4235;0.421986;-0.0398364;0.218448;-23.0373
4.44212;39.4235;0.42389;-0.00413883;0.234638;-23.1967
13.2676;39.4235;0.435953;0.0406404;0.239913;-23.2344
22.093;39.4235;0.47674;0.118464;0.219115;-23.1785
30.9185;39.4235;0.527669;0.218027;0.185075;-23.0386
39.7439;39.4235;0.606123;0.304152;0.158761;-22.8179
48.5694;39.4235;0.65795;0.357872;0.144985;-22.4604
57.3948;39.4235;0.648823;0.38534;0.136335;-21.948
66.2203;39.4235;0.572722;0.410675;0.12082;-21.3178
75.0458;39.4235;0.469402;0.428762;0.102321;-20.5863
83.8712;39.4235;0.409311;0.434793;0.0887037;-19.8273
92.6967;39.4235;0.386608;0.43464;0.0833598;-19.0585
101.522;39.4235;0.395012;0.432265;0.0828094;-18.2746
110.348;39.4235;0.417713;0.427865;0.0759318;-17.4525
119.173;39.4235;0.392387;0.410666;0.06265;-16.5276
127.998;39.4235;0.359762;0.387778;0.0520541;-15.5568
136.824;39.4235;0.349051;0.365065;0.0421802;-14.5781
145.649;39.4235;0.368246;0.343434;0.0335001;-13.6067
154.475;39.4235;0.409395;0.320055;0.0264249;-12.6387
163.3;39.4235;0.478269;0.292887;0.0220848;-11.6506
172.126;39.4235;0.504975;0.262789;0.0201067;-10.5988
180.951;39.4235;0.48564;0.226425;0.0211533;-9.48521
189.777;39.4235;0.445452;0.184651;0.0167459;-8.3427
198.602;39.4235;0.44835;0.141799;0.0112632;-7.22971
207.428;39.4235;0.465324;0.102064;0.00824964;-6.10951
216.253;39.4235;0.503842;0.0601251;0.00853387;-4.97033
225.078;39.4235;0.529225;0.0121802;0.00834647;-3.80416
233.904;39.4235;0.478669;-0.0300937;0.00949633;-2.64012
-225.02;30.5981;0.667552;-0.015077;0.00995423;-2.0934
-216.194;30.5981;0.655921;-0.0324248;0.00778696;-3.18986
-207.369;30.5981;0.613172;-0.0467069;0.00436429;-4.24824
-198.543;30.5981;0.566062;-0.0684878;0.00350352;-5.31654
-189.718;30.5981;0.577787;-0.0943255;0.0034226;-6.40074
-180.892;30.5981;0.581825;-0.117294;0.000579349;-7.49746
-172.067;30.5981;0.560382;-0.139722;-0.00552876;-8.56983
-163.242;30.5981;0.539757;-0.167455;-0.0111259;-9.66092
-154.416;30.5981;0.549695;-0.192102;-0.0169573;-10.7475
-145.591;30.5981;0.570464;-0.202772;-0.0235801;-11.7883
-136.765;30.5981;0.517251;-0.210448;-0.0196509;-12.7821
-127.94;30.5981;0.444398;-0.224507;-0.010907;-13.7671
-119.114;30.5981;0.418389;-0.236331;-0.00253225;-14.7283
-110.289;30.5981;0.420507;-0.250491;0.00750864;-15.6798
-101.463;30.5981;0.421608;-0.261603;0.0218977;-16.6379
-92.6379;30.5981;0.413866;-0.259981;0.0331772;-17.5624
-83.8124;30.5981;0.406418;-0.250104;0.0413448;-18.4389
-74.987;30.5981;0.396855;-0.247684;0.052047;-19.2766
-66.1615;30.5981;0.372499;-0.240551;0.0692151;-20.0549
-57.3361;30.5981;0.357289;-0.229438;0.0888108;-20.8035
-48.5106;30.5981;0.389201;-0.214157;0.107123;-21.5372
-39.6852;30.5981;0.458248;-0.191982;0.124303;-22.2407
-30.8597;30.5981;0.492454;-0.16261;0.142886;-22.8328
-22.0342;30.5981;0.47049;-0.127085;0.161699;-23.2981
-13.2088;30.5981;0.492371;-0.090209;0.183096;-23.6824
-4.38334;30.5981;0.546833;-0.0578153;0.212379;-24.0104
4.44212;30.5981;0.593486;-0.0157749;0.232034;-24.2094
13.2676;30.5981;0.626477;0.0575761;0.219967;-24.2558
22.093;30.5981;0.688029;0.175485;0.1791;-24.2091
30.9185;30.5981;0.83051;0.291233;0.140127;-24.1671
39.7439;30.5981;1.0449;0.363852;0.123777;-24.0739
48.5694;30.5981;1.11857;0.397465;0.118245;-23.6933
57.3948;30.5981;1.02965;0.416546;0.109479;-23.0608
66.2203;30.5981;0.870467;0.441837;0.0911038;-22.3102
75.0458;30.5981;0.715604;0.45808;0.0722477;-21.4729
83.8712;30.5981;0.599751;0.463592;0.0609458;-20.6156
92.6967;30.5981;0.542734;0.462275;0.05868;-19.7788
101.522;30.5981;0.543453;0.457215;0.0603915;-18.9486
110.348;30.5981;0.576391;0.44785;0.0552554;-18.0838
119.173;30.5981;0.577135;0.426449;0.0459567;-17.129
127.998;30.5981;0.558869;0.399808;0.0403025;-16.1306
136.824;30.5981;0.534356;0.376929;0.0336844;-15.1198
145.649;30.5981;0.51362;0.357328;0.0254031;-14.1032
154.475;30.5981;0.508641;0.334305;0.0175175;-13.0737
163.3;30.5981;0.559224;0.30397;0.0141501;-12.0448
172.126;30.5981;0.583425;0.273402;0.0115159;-10.9814
180.951;30.5981;0.559021;0.238387;0.0124803;-9.85398
189.777;30.5981;0.51038;0.19562;0.011287;-8.67955
198.602;30.5981;0.522342;0.15141;0.0111642;-7.55396
207.428;30.5981;0.549546;0.111032;0.0106191;-6.42951
216.253;30.5981;0.580799;0.0689921;0.0101235;-5.27421
225.078;30.5981;0.607444;0.0208411;0.00772041;-4.08705
233.904;30.5981;0.615146;-0.0271827;0.00649961;-2.91225
-225.02;21.7726;0.689977;-0.0206401;0.0132484;-2.29239
-216.194;21.7726;0.688297;-0.0389197;0.00995374;-3.4236
-207.369;21.7726;0.652144;-0.05432;0.00687315;-4.49278
-198.543;21.7726;0.631162;-0.0771158;0.00600967;-5.578
-189.718;21.7726;0.65508;-0.101369;0.00398868;-6.67383
-180.892;21.7726;0.656678;-0.122788;-0.000351821;-7.77701
-172.067;21.7726;0.623208;-0.142673;-0.00711817;-8.84629
-163.242;21.7726;0.583805;-0.16828;-0.0131843;-9.92857
-154.416;21.7726;0.568894;-0.194907;-0.0190969;-11.018
-145.591;21.7726;0.573253;-0.210546;-0.0257014;-12.0724
-136.765;21.7726;0.531857;-0.219437;-0.0253621;-13.091
-127.94;21.7726;0.481965;-0.230801;-0.0233106;-14.0981
-119.114;21.7726;0.461129;-0.240199;-0.0202612;-15.0831
-110.289;21.7726;0.453518;-0.256928;-0.0120965;-16.0657
-101.463;21.7726;0.442305;-0.271942;0.00251925;-17.0484
-92.6379;21.7726;0.428162;-0.27101;0.0157261;-17.9909
-83.8124;21.7726;0.423428;-0.260341;0.0244309;-18.8921
-74.987;21.7726;0.429215;-0.256967;0.0309729;-19.7676
-66.1615;21.7726;0.416204;-0.249659;0.0421524;-20.5871
-57.3361;21.7726;0.407818;-0.239717;0.0586023;-21.3797
-48.5106;21.7726;0.441406;-0.22542;0.0767474;-22.1537
-39.6852;21.7726;0.512216;-0.203493;0.0957292;-22.8978
-30.8597;21.7726;0.568355;-0.174407;0.117063;-23.5513
-22.0342;21.7726;0.589243;-0.137735;0.139187;-24.0969
-13.2088;21.7726;0.666009;-0.10057;0.166967;-24.5839
-4.38334;21.7726;0.795519;-0.0702148;0.207047;-25.0144
4.44212;21.7726;0.829546;-0.0220025;0.220911;-25.1728
13.2676;21.7726;0.767359;0.0785162;0.183552;-25.1211
22.093;21.7726;0.807164;0.232883;0.112396;-25.0727
30.9185;21.7726;1.09874;0.350764;0.066095;-25.1066
39.7439;21.7726;1.28281;0.415993;0.0548043;-24.96
48.5694;21.7726;1.19304;0.440128;0.0556077;-24.4336
57.3948;21.7726;1.00255;0.456027;0.0543635;-23.7177
66.2203;21.7726;0.909255;0.477856;0.0473192;-22.968
75.0458;21.7726;0.846251;0.490442;0.0400122;-22.1546
83.8712;21.7726;0.723457;0.496581;0.0358011;-21.2564
92.6967;21.7726;0.644532;0.493069;0.0355217;-20.3594
101.522;21.7726;0.622688;0.485254;0.0357443;-19.4746
110.348;21.7726;0.627989;0.470861;0.0322179;-18.5492
119.173;21.7726;0.603482;0.448643;0.0273067;-17.5449
127.998;21.7726;0.573498;0.422537;0.0263274;-16.5143
136.824;21.7726;0.551746;0.399343;0.0233359;-15.4818
145.649;21.7726;0.53112;0.37851;0.0172456;-14.4394
154.475;21.7726;0.510927;0.353879;0.0113233;-13.3707
163.3;21.7726;0.540462;0.322947;0.00955276;-12.3097
172.126;21.7726;0.559127;0.294147;0.00614598;-11.2336
180.951;21.7726;0.52821;0.261086;0.00637411;-10.0843
189.777;21.7726;0.48384;0.219623;0.00719803;-8.89434
198.602;21.7726;0.538102;0.171664;0.00992131;-7.78658
207.428;21.7726;0.609967;0.125653;0.0104714;-6.68376
216.253;21.7726;0.665222;0.0794473;0.010633;-5.53736
225.078;21.7726;0.688117;0.0280382;0.00876347;-4.33926
233.904;21.7726;0.704914;-0.0274962;0.00495201;-3.11705
242.729;21.7726;0.343296;-0.0540779;0.0117291;-1.88544
-225.02;12.9472;0.726213;-0.0151259;0.010387;-2.42448
-216.194;12.9472;0.725841;-0.0383918;0.00696336;-3.5739
-207.369;12.9472;0.672497;-0.057994;0.00633545;-4.64099
-198.543;12.9472;0.650417;-0.0832306;0.00665806;-5.73018
-189.718;12.9472;0.660725;-0.107415;0.00335965;-6.83944
-180.892;12.9472;0.670722;-0.129161;-0.00179575;-7.95975
-172.067;12.9472;0.622312;-0.150264;-0.00856029;-9.02804
-163.242;12.9472;0.550836;-0.174357;-0.0156738;-10.0969
-154.416;12.9472;0.522097;-0.196491;-0.0242684;-11.18
-145.591;12.9472;0.538477;-0.212564;-0.0330983;-12.2605
-136.765;12.9472;0.52997;-0.223566;-0.0373191;-13.315
-127.94;12.9472;0.51404;-0.234709;-0.039534;-14.3522
-119.114;12.9472;0.494617;-0.244208;-0.037033;-15.3672
-110.289;12.9472;0.472794;-0.260524;-0.0300868;-16.3716
-101.463;12.9472;0.447809;-0.275964;-0.0185167;-17.3725
-92.6379;12.9472;0.424152;-0.278358;-0.00605255;-18.3337
-83.8124;12.9472;0.414244;-0.269517;0.00385052;-19.2481
-74.987;12.9472;0.428188;-0.265463;0.00907982;-20.1514
-66.1615;12.9472;0.430688;-0.256891;0.0164168;-21.0091
-57.3361;12.9472;0.425056;-0.245074;0.0292515;-21.8357
-48.5106;12.9472;0.448174;-0.229701;0.0477831;-22.6381
-39.6852;12.9472;0.520342;-0.208418;0.0728173;-23.4153
-30.8597;12.9472;0.628775;-0.180108;0.10183;-24.1314
-22.0342;12.9472;0.750705;-0.143307;0.128956;-24.7717
-13.2088;12.9472;0.886777;-0.10621;0.156059;-25.3356
-4.38334;12.9472;0.918625;-0.0604358;0.184306;-25.7136
4.44212;12.9472;0.762969;0.00455299;0.181442;-25.7056
13.2676;12.9472;0.520514;0.11403;0.127998;-25.5156
22.093;12.9472;0.424265;0.264189;0.0515321;-25.3969
30.9185;12.9472;0.58329;0.376821;0.00372185;-25.3401
39.7439;12.9472;0.5825;0.443873;-0.0153416;-25.0125
48.5694;12.9472;0.500855;0.470604;-0.0177459;-24.4028
57.3948;12.9472;0.505271;0.493509;-0.00943921;-23.7966
66.2203;12.9472;0.66021;0.513782;-0.000659471;-23.2206
75.0458;12.9472;0.770601;0.52209;0.00523633;-22.5333
83.8712;12.9472;0.689739;0.525356;0.00834635;-21.642
92.6967;12.9472;0.595222;0.518043;0.0112872;-20.6924
101.522;12.9472;0.532223;0.509368;0.0129354;-19.7488
110.348;12.9472;0.496348;0.494188;0.0119114;-18.771
119.173;12.9472;0.456686;0.471298;0.011452;-17.7339
127.998;12.9472;0.446523;0.445883;0.0131109;-16.7017
136.824;12.9472;0.451835;0.423297;0.0115098;-15.6749
145.649;12.9472;0.454144;0.400925;0.00682367;-14.6288
154.475;12.9472;0.449011;0.374279;0.00341642;-13.549
163.3;12.9472;0.475258;0.344557;0.00353887;-12.4756
172.126;12.9472;0.495312;0.315879;0.00143382;-11.3838
180.951;12.9472;0.469334;0.280466;0.0024783;-10.2113
189.777;12.9472;0.440424;0.238466;0.00482162;-9.01655
198.602;12.9472;0.512888;0.18916;0.00846522;-7.9126
207.428;12.9472;0.625062;0.139263;0.00957463;-6.83637
216.253;12.9472;0.706425;0.090813;0.00942844;-5.71128
225.078;12.9472;0.739526;0.0394755;0.00872162;-4.51411
233.904;12.9472;0.727439;-0.0176278;0.00615418;-3.25076
242.729;12.9472;0.615942;-0.0565788;0.0112473;-1.95636
-233.845;4.12171;0.64131;0.00755564;0.00928669;-1.3768
-225.02;4.12171;0.720313;-0.00716053;0.00447663;-2.50302
-216.194;4.12171;0.701407;-0.032045;0.00305905;-3.6234
-207.369;4.12171;0.590695;-0.0640931;0.00605817;-4.70456
-198.543;4.12171;0.529861;-0.0947344;0.00760921;-5.7927
-189.718;4.12171;0.54309;-0.119109;0.00336411;-6.91239
-180.892;4.12171;0.603383;-0.13989;-0.00155877;-8.05724
-172.067;4.12171;0.567089;-0.163394;-0.00716979;-9.15512
-163.242;4.12171;0.47528;-0.186783;-0.0153727;-10.2437
-154.416;4.12171;0.447919;-0.200618;-0.0286912;-11.3359
-145.591;4.12171;0.503964;-0.207509;-0.0425292;-12.4134
-136.765;4.12171;0.511707;-0.22236;-0.0497317;-13.4902
-127.94;4.12171;0.496112;-0.23614;-0.0520695;-14.5413
-119.114;4.12171;0.485832;-0.247022;-0.0481881;-15.5655
-110.289;4.12171;0.472993;-0.263634;-0.0418989;-16.6026
-101.463;4.12171;0.442604;-0.277489;-0.0357709;-17.6143
-92.6379;4.12171;0.398254;-0.279643;-0.0295324;-18.5717
-83.8124;4.12171;0.369416;-0.274668;-0.0215556;-19.4893
-74.987;4.12171;0.38215;-0.274255;-0.0122174;-20.4132
-66.1615;4.12171;0.400456;-0.265979;-0.00524207;-21.303
-57.3361;4.12171;0.401448;-0.252023;0.00344918;-22.1594
-48.5106;4.12171;0.414153;-0.23325;0.0187145;-22.9812
-39.6852;4.12171;0.474938;-0.208821;0.0447768;-23.7773
-30.8597;4.12171;0.594404;-0.178237;0.0765326;-24.5237
-22.0342;4.12171;0.734883;-0.137501;0.104752;-25.2088
-13.2088;4.12171;0.807572;-0.0932456;0.126007;-25.7476
-4.38334;4.12171;0.511373;-0.0349676;0.141342;-25.9386
4.44212;4.12171;0.0737226;0.0491838;0.121646;-25.7474
13.2676;4.12171;-0.144765;0.167656;0.0594406;-25.5562
22.093;4.12171;0.0490373;0.287395;-0.00521665;-25.5192
30.9185;4.12171;0.212286;0.387101;-0.0459053;-25.4152
39.7439;4.12171;0.1346;0.453647;-0.0710042;-24.9784
48.5694;4.12171;0.111664;0.487746;-0.0770361;-24.3976
57.3948;4.12171;0.251721;0.517457;-0.0663803;-23.8973
66.2203;4.12171;0.50095;0.538475;-0.0505765;-23.4024
75.0458;4.12171;0.655497;0.545573;-0.0369502;-22.7522
83.8712;4.12171;0.576704;0.546;-0.0278426;-21.8371
92.6967;4.12171;0.444012;0.53479;-0.021688;-20.8175
101.522;4.12171;0.326647;0.525154;-0.0177563;-19.8046
110.348;4.12171;0.260425;0.511856;-0.0150473;-18.7948
119.173;4.12171;0.257004;0.489988;-0.0109929;-17.7785
127.998;4.12171;0.311554;0.465627;-0.00795324;-16.7934
136.824;4.12171;0.362784;0.444273;-0.00938263;-15.7975
145.649;4.12171;0.394481;0.420096;-0.0119531;-14.7567
154.475;4.12171;0.412147;0.390918;-0.0120189;-13.6739
163.3;4.12171;0.444187;0.362412;-0.00929152;-12.5978
172.126;4.12171;0.468355;0.331678;-0.00763066;-11.4899
180.951;4.12171;0.451117;0.292364;-0.00360024;-10.3028
189.777;4.12171;0.430231;0.248252;0.00159685;-9.10095
198.602;4.12171;0.47845;0.199985;0.00639843;-7.96697
207.428;4.12171;0.600553;0.149081;0.00783927;-6.89328
216.253;4.12171;0.686473;0.0996849;0.00708126;-5.77288
225.078;4.12171;0.707491;0.0485774;0.00720528;-4.5715
233.904;4.12171;0.668158;-0.009956;0.00871834;-3.27663
242.729;4.12171;0.609833;-0.0537916;0.0150783;-1.97266
251.555;4.12171;0.671823;-0.0438609;0.0226129;-0.762002
-233.845;-4.70375;0.586829;0.0138337;0.0109859;-1.38425
-225.02;-4.70375;0.660359;-0.00326194;0.00750196;-2.52399
-216.194;-4.70375;0.623554;-0.0319273;0.00656162;-3.63407
-207.369;-4.70375;0.49183;-0.0689554;0.00896832;-4.7102
-198.543;-4.70375;0.421979;-0.100419;0.00813364;-5.79166
-189.718;-4.70375;0.445935;-0.122884;0.00271146;-6.91606
-180.892;-4.70375;0.554157;-0.142853;-0.000211157;-8.08628
-172.067;-4.70375;0.573258;-0.161864;-0.00525869;-9.21633
-163.242;-4.70375;0.522681;-0.174885;-0.0167185;-10.3166
-154.416;-4.70375;0.505238;-0.18046;-0.0347877;-11.4197
-145.591;-4.70375;0.540459;-0.188187;-0.0497304;-12.5065
-136.765;-4.70375;0.518629;-0.210922;-0.0574625;-13.5987
-127.94;-4.70375;0.480418;-0.228473;-0.059218;-14.6494
-119.114;-4.70375;0.475863;-0.242456;-0.0550312;-15.6783
-110.289;-4.70375;0.463953;-0.257798;-0.0514574;-16.7199
-101.463;-4.70375;0.426667;-0.268573;-0.0507537;-17.7297
-92.6379;-4.70375;0.373882;-0.27119;-0.050256;-18.6894
-83.8124;-4.70375;0.333054;-0.270269;-0.0455354;-19.618
-74.987;-4.70375;0.336883;-0.270254;-0.0371429;-20.5512
-66.1615;-4.70375;0.356957;-0.265326;-0.031452;-21.4634
-57.3361;-4.70375;0.363312;-0.254459;-0.0269049;-22.347
-48.5106;-4.70375;0.376029;-0.235891;-0.0163407;-23.1911
-39.6852;-4.70375;0.420881;-0.208607;0.00430211;-23.9889
-30.8597;-4.70375;0.502915;-0.173567;0.0300907;-24.7171
-22.0342;-4.70375;0.582725;-0.130925;0.0535851;-25.3569
-13.2088;-4.70375;0.52164;-0.0849571;0.0728797;-25.8067
-4.38334;-4.70375;0.045381;-0.0187645;0.0837671;-25.8176
4.44212;-4.70375;-0.382368;0.0773356;0.0511185;-25.6184
13.2676;-4.70375;-0.370369;0.205988;-0.011684;-25.6351
22.093;-4.70375;0.0774708;0.311813;-0.0657713;-25.7429
30.9185;-4.70375;0.20822;0.394407;-0.0932766;-25.615
39.7439;-4.70375;0.128764;0.451662;-0.116688;-25.1172
48.5694;-4.70375;0.142907;0.488711;-0.124555;-24.5717
57.3948;-4.70375;0.279458;0.518218;-0.115961;-24.0633
66.2203;-4.70375;0.45502;0.539393;-0.099751;-23.5111
75.0458;-4.70375;0.543961;0.547546;-0.0840286;-22.7995
83.8712;-4.70375;0.434408;0.547138;-0.0721767;-21.8364
92.6967;-4.70375;0.260757;0.535392;-0.0653035;-20.7612
101.522;-4.70375;0.116511;0.525146;-0.0596066;-19.7089
110.348;-4.70375;0.0722964;0.513546;-0.0530628;-18.7162
119.173;-4.70375;0.165077;0.497515;-0.0450608;-17.7969
127.998;-4.70375;0.307964;0.477545;-0.0399865;-16.9001
136.824;-4.70375;0.392569;0.45677;-0.0396395;-15.9276
145.649;-4.70375;0.437831;0.431345;-0.0381057;-14.8838
154.475;-4.70375;0.46951;0.402331;-0.0336239;-13.8025
163.3;-4.70375;0.504238;0.374714;-0.0281108;-12.7265
172.126;-4.70375;0.525109;0.341067;-0.0227545;-11.6058
180.951;-4.70375;0.498228;0.299357;-0.0146308;-10.4053
189.777;-4.70375;0.458899;0.253641;-0.00506136;-9.18161
198.602;-4.70375;0.467099;0.20626;0.00238524;-8.00294
207.428;-4.70375;0.568109;0.155869;0.0046042;-6.89673
216.253;-4.70375;0.647953;0.105741;0.00528059;-5.76282
225.078;-4.70375;0.668646;0.0541276;0.00807858;-4.55719
233.904;-4.70375;0.627412;-0.00212672;0.0136877;-3.26667
242.729;-4.70375;0.563226;-0.045095;0.0200842;-1.98654
251.555;-4.70375;0.623722;-0.0395815;0.0233977;-0.78883
-233.845;-13.5292;0.587594;0.0231946;0.0173509;-1.36366
-225.02;-13.5292;0.641943;0.00729674;0.0165392;-2.52577
-216.194;-13.5292;0.607711;-0.0217197;0.0167418;-3.63826
-207.369;-13.5292;0.536124;-0.0598828;0.015834;-4.73436
-198.543;-13.5292;0.493033;-0.0923119;0.0116704;-5.83372
-189.718;-13.5292;0.510879;-0.116623;0.00467965;-6.96419
-180.892;-13.5292;0.594181;-0.135718;-0.00022249;-8.12561
-172.067;-13.5292;0.596452;-0.149165;-0.00920863;-9.25471
-163.242;-13.5292;0.54583;-0.154747;-0.0249772;-10.3477
-154.416;-13.5292;0.525537;-0.159235;-0.0441386;-11.4538
-145.591;-13.5292;0.541726;-0.172625;-0.056284;-12.5521
-136.765;-13.5292;0.505707;-0.197946;-0.0616078;-13.6431
-127.94;-13.5292;0.46875;-0.214797;-0.0641957;-14.6813
-119.114;-13.5292;0.46394;-0.231364;-0.0637999;-15.7187
-110.289;-13.5292;0.441703;-0.246254;-0.0654268;-16.7488
-101.463;-13.5292;0.397053;-0.255079;-0.0691783;-17.7478
-92.6379;-13.5292;0.351009;-0.257529;-0.0726513;-18.7115
-83.8124;-13.5292;0.323218;-0.257273;-0.0727456;-19.659
-74.987;-13.5292;0.316737;-0.255202;-0.0705972;-20.5897
-66.1615;-13.5292;0.323542;-0.250621;-0.0690985;-21.4999
-57.3361;-13.5292;0.31604;-0.245999;-0.0661437;-22.3977
-48.5106;-13.5292;0.328747;-0.231772;-0.0575895;-23.2515
-39.6852;-13.5292;0.375191;-0.203452;-0.0452299;-24.0477
-30.8597;-13.5292;0.435156;-0.164792;-0.0317198;-24.7481
-22.0342;-13.5292;0.456142;-0.120416;-0.0178825;-25.3292
-13.2088;-13.5292;0.312479;-0.0703091;-0.00314913;-25.7261
-4.38334;-13.5292;-0.0890527;0.00698504;0.00321837;-25.7593
4.44212;-13.5292;-0.239082;0.113418;-0.0309812;-25.7671
13.2676;-13.5292;-0.000141692;0.234802;-0.0873615;-25.9305
22.093;-13.5292;0.373564;0.329768;-0.12893;-26.0244
30.9185;-13.5292;0.366965;0.391374;-0.139195;-25.785
39.7439;-13.5292;0.294649;0.437475;-0.155343;-25.2549
48.5694;-13.5292;0.299878;0.474789;-0.16361;-24.7108
57.3948;-13.5292;0.350282;0.502583;-0.157571;-24.1218
66.2203;-13.5292;0.40159;0.523175;-0.142746;-23.4589
75.0458;-13.5292;0.420153;0.533833;-0.127214;-22.6776
83.8712;-13.5292;0.301579;0.538291;-0.114113;-21.713
92.6967;-13.5292;0.126453;0.534077;-0.105692;-20.657
101.522;-13.5292;0.0290961;0.525863;-0.0970497;-19.6471
110.348;-13.5292;0.0883011;0.514811;-0.08752;-18.7448
119.173;-13.5292;0.303357;0.500399;-0.0778045;-17.9385
127.998;-13.5292;0.504357;0.482295;-0.0722735;-17.0911
136.824;-13.5292;0.541989;0.461304;-0.0678062;-16.0701
145.649;-13.5292;0.549204;0.434839;-0.0604943;-14.983
154.475;-13.5292;0.586949;0.407215;-0.0527535;-13.9032
163.3;-13.5292;0.625654;0.379456;-0.0450402;-12.8265
172.126;-13.5292;0.615866;0.343961;-0.0369288;-11.6859
180.951;-13.5292;0.555324;0.301378;-0.02616;-10.4644
189.777;-13.5292;0.491494;0.256077;-0.0146288;-9.22053
198.602;-13.5292;0.481858;0.210048;-0.00571113;-8.01506
207.428;-13.5292;0.579637;0.159204;-0.0018129;-6.88909
216.253;-13.5292;0.672441;0.106559;0.00269232;-5.74963
225.078;-13.5292;0.707555;0.0526032;0.010289;-4.54794
233.904;-13.5292;0.693299;0.0025076;0.0183352;-3.28415
242.729;-13.5292;0.677379;-0.0369894;0.0241641;-2.01667
-233.845;-22.3547;0.594305;0.0307121;0.022826;-1.32874
-225.02;-22.3547;0.650664;0.0264762;0.0219149;-2.46039
-216.194;-22.3547;0.616242;-0.00589865;0.0221151;-3.59186
-207.369;-22.3547;0.589395;-0.0452051;0.0199748;-4.72185
-198.543;-22.3547;0.599601;-0.0767272;0.0143692;-5.84363
-189.718;-22.3547;0.618345;-0.102057;0.00725417;-6.98017
-180.892;-22.3547;0.648635;-0.12048;-0.00152595;-8.11056
-172.067;-22.3547;0.58451;-0.130467;-0.0172513;-9.21048
-163.242;-22.3547;0.505659;-0.134497;-0.0372536;-10.2838
-154.416;-22.3547;0.488878;-0.143615;-0.0534347;-11.393
-145.591;-22.3547;0.510574;-0.162509;-0.0629157;-12.5036
-136.765;-22.3547;0.49563;-0.186053;-0.0700196;-13.5992
-127.94;-22.3547;0.47266;-0.202402;-0.0765143;-14.6501
-119.114;-22.3547;0.460016;-0.220135;-0.0807016;-15.701
-110.289;-22.3547;0.416012;-0.234451;-0.0864747;-16.7157
-101.463;-22.3547;0.359792;-0.243173;-0.0935689;-17.6976
-92.6379;-22.3547;0.325532;-0.246741;-0.100168;-18.6616
-83.8124;-22.3547;0.32305;-0.246135;-0.105464;-19.6225
-74.987;-22.3547;0.319863;-0.240943;-0.110256;-20.5406
-66.1615;-22.3547;0.307588;-0.233931;-0.114064;-21.4258
-57.3361;-22.3547;0.276098;-0.231591;-0.112178;-22.305
-48.5106;-22.3547;0.282678;-0.219095;-0.104896;-23.1489
-39.6852;-22.3547;0.345994;-0.18989;-0.100061;-23.937
-30.8597;-22.3547;0.426049;-0.148632;-0.100107;-24.6257
-22.0342;-22.3547;0.442885;-0.100816;-0.100977;-25.1903
-13.2088;-22.3547;0.334516;-0.042383;-0.0996563;-25.5777
-4.38334;-22.3547;0.135706;0.0346198;-0.099097;-25.7061
4.44212;-22.3547;0.213395;0.138641;-0.126807;-25.8765
13.2676;-22.3547;0.429763;0.238674;-0.159568;-26.0093
22.093;-22.3547;0.499363;0.312597;-0.172959;-25.955
30.9185;-22.3547;0.378285;0.368223;-0.169135;-25.583
39.7439;-22.3547;0.325632;0.416716;-0.181739;-25.0877
48.5694;-22.3547;0.342644;0.455063;-0.191174;-24.5628
57.3948;-22.3547;0.351324;0.482966;-0.188684;-23.9416
66.2203;-22.3547;0.339289;0.503073;-0.17689;-23.2274
75.0458;-22.3547;0.335253;0.515029;-0.162913;-22.4402
83.8712;-22.3547;0.2797;0.523095;-0.149964;-21.558
92.6967;-22.3547;0.176577;0.526641;-0.13902;-20.6015
101.522;-22.3547;0.180236;0.519723;-0.126359;-19.687
110.348;-22.3547;0.346415;0.507298;-0.114284;-18.8731
119.173;-22.3547;0.613049;0.491911;-0.105821;-18.1054
127.998;-22.3547;0.728912;0.476772;-0.0997324;-17.1992
136.824;-22.3547;0.64122;0.456129;-0.0903558;-16.0719
145.649;-22.3547;0.587142;0.430669;-0.0772822;-14.9313
154.475;-22.3547;0.633909;0.404895;-0.0651855;-13.859
163.3;-22.3547;0.71162;0.375042;-0.0550498;-12.8062
172.126;-22.3547;0.718391;0.338539;-0.0460301;-11.6833
180.951;-22.3547;0.671426;0.29603;-0.0340481;-10.48
189.777;-22.3547;0.628721;0.250662;-0.0209945;-9.25645
198.602;-22.3547;0.640301;0.204511;-0.0100311;-8.06525
207.428;-22.3547;0.724415;0.15338;-0.00319622;-6.92247
216.253;-22.3547;0.811812;0.0978178;0.00523625;-5.75681
225.078;-22.3547;0.853397;0.0420185;0.0161637;-4.54031
233.904;-22.3547;0.827459;-0.00378016;0.0246716;-3.29328
242.729;-22.3547;0.791608;-0.0310164;0.0300135;-2.06606
-233.845;-31.1801;0.614076;0.0448175;0.0304891;-1.25936
-225.02;-31.1801;0.595656;0.0263199;0.0270951;-2.37536
-216.194;-31.1801;0.562302;0.0030284;0.0247726;-3.48543
-207.369;-31.1801;0.551527;-0.0355934;0.0221816;-4.63403
-198.543;-31.1801;0.601751;-0.0653041;0.0175118;-5.77335
-189.718;-31.1801;0.630051;-0.0882442;0.00938015;-6.90135
-180.892;-31.1801;0.635522;-0.102866;-0.00364787;-8.00845
-172.067;-31.1801;0.550803;-0.109276;-0.0256288;-9.09451
-163.242;-31.1801;0.471253;-0.114956;-0.0479752;-10.1715
-154.416;-31.1801;0.462374;-0.129549;-0.061475;-11.2825
-145.591;-31.1801;0.493008;-0.152205;-0.0712088;-12.3941
-136.765;-31.1801;0.500851;-0.175301;-0.0836766;-13.4936
-127.94;-31.1801;0.495423;-0.194462;-0.0958802;-14.5746
-119.114;-31.1801;0.471417;-0.211393;-0.102875;-15.6214
-110.289;-31.1801;0.40767;-0.224173;-0.110352;-16.6162
-101.463;-31.1801;0.337795;-0.233728;-0.120132;-17.5783
-92.6379;-31.1801;0.305451;-0.24011;-0.13022;-18.536
-83.8124;-31.1801;0.318424;-0.241104;-0.140515;-19.4923
-74.987;-31.1801;0.328877;-0.234567;-0.14985;-20.3961
-66.1615;-31.1801;0.303383;-0.227127;-0.156536;-21.2326
-57.3361;-31.1801;0.263655;-0.217534;-0.15692;-22.1181
-48.5106;-31.1801;0.26949;-0.159801;-0.149025;-23.549
-39.6852;-31.1801;0.340344;-0.144619;-0.152446;-23.9873
-30.8597;-31.1801;0.431562;-0.127047;-0.162289;-24.2988
-22.0342;-31.1801;0.455733;-0.0739045;-0.171514;-24.8825
-13.2088;-31.1801;0.418518;-0.0123843;-0.180165;-25.2574
-4.38334;-31.1801;0.349786;0.063786;-0.188766;-25.4424
4.44212;-31.1801;0.36403;0.145612;-0.200529;-25.5972
13.2676;-31.1801;0.427513;0.223121;-0.207837;-25.6567
22.093;-31.1801;0.438535;0.291011;-0.207298;-25.5362
30.9185;-31.1801;0.342024;0.344939;-0.202593;-25.1833
39.7439;-31.1801;0.334711;0.390598;-0.208685;-24.7391
48.5694;-31.1801;0.358249;0.430132;-0.213973;-24.2339
57.3948;-31.1801;0.352648;0.462396;-0.211568;-23.6228
66.2203;-31.1801;0.332375;0.484505;-0.201646;-22.9176
75.0458;-31.1801;0.339282;0.49614;-0.188181;-22.158
83.8712;-31.1801;0.341387;0.505493;-0.174556;-21.3582
92.6967;-31.1801;0.313877;0.512203;-0.159819;-20.4988
101.522;-31.1801;0.381321;0.506227;-0.143937;-19.6572
110.348;-31.1801;0.553308;0.494475;-0.131284;-18.8595
119.173;-31.1801;0.74457;0.480598;-0.124726;-18.0359
127.998;-31.1801;0.765873;0.466187;-0.118528;-17.0478
136.824;-31.1801;0.616526;0.445751;-0.104595;-15.8651
145.649;-31.1801;0.552903;0.421567;-0.0879594;-14.7161
154.475;-31.1801;0.617078;0.398493;-0.0738274;-13.6631
163.3;-31.1801;0.721476;0.369836;-0.0616544;-12.6335
172.126;-31.1801;0.768816;0.332106;-0.0506822;-11.5454
180.951;-31.1801;0.762551;0.287347;-0.0384711;-10.3797
189.777;-31.1801;0.75484;0.239496;-0.0258681;-9.18927
198.602;-31.1801;0.779572;0.191433;-0.0132582;-8.0122
207.428;-31.1801;0.826531;0.140245;-0.00301467;-6.84239
216.253;-31.1801;0.89464;0.0843824;0.00780285;-5.65658
225.078;-31.1801;0.947507;0.0296479;0.0188909;-4.4408
233.904;-31.1801;0.928101;-0.0170183;0.0274315;-3.17169
242.729;-31.1801;0.878017;-0.0368209;0.0316988;-1.97401
-225.02;-40.0056;0.53267;0.0422727;0.0307709;-2.19962
-216.194;-40.0056;0.463096;0.0145794;0.0253328;-3.30247
-207.369;-40.0056;0.496152;-0.0165577;0.023054;-4.44718
-198.543;-40.0056;0.553596;-0.0488014;0.0207711;-5.61499
-189.718;-40.0056;0.559877;-0.0708934;0.00979164;-6.7387
-180.892;-40.0056;0.550657;-0.0802583;-0.00968714;-7.83494
-172.067;-40.0056;0.517587;-0.0846822;-0.0366188;-8.92103
-163.242;-40.0056;0.483863;-0.0945077;-0.0585713;-10.0165
-154.416;-40.0056;0.475939;-0.113631;-0.0708886;-11.1179
-145.591;-40.0056;0.489866;-0.13913;-0.0825319;-12.2136
-136.765;-40.0056;0.497651;-0.164835;-0.0989844;-13.3043
-127.94;-40.0056;0.512233;-0.186784;-0.11336;-14.4002
-119.114;-40.0056;0.491157;-0.201318;-0.120983;-15.4432
-110.289;-40.0056;0.427869;-0.212107;-0.129205;-16.421
-101.463;-40.0056;0.352606;-0.22192;-0.140912;-17.3571
-92.6379;-40.0056;0.311713;-0.230124;-0.15459;-18.2981
-83.8124;-40.0056;0.320076;-0.233131;-0.170058;-19.2402
-74.987;-40.0056;0.32875;-0.228444;-0.182904;-20.1321
-66.1615;-40.0056;0.301596;-0.219677;-0.191111;-20.9626
-30.8597;-40.0056;0.396887;-0.105428;-0.211001;-23.8836
-22.0342;-40.0056;0.374204;-0.052912;-0.220206;-24.424
-13.2088;-40.0056;0.37098;0.00869321;-0.228963;-24.7851
-4.38334;-40.0056;0.359939;0.0804687;-0.238166;-24.9941
4.44212;-40.0056;0.358153;0.149314;-0.242927;-25.0965
13.2676;-40.0056;0.360885;0.213022;-0.239418;-25.0924
22.093;-40.0056;0.351181;0.271642;-0.230845;-24.9534
30.9185;-40.0056;0.316683;0.323329;-0.227742;-24.6531
39.7439;-40.0056;0.306453;0.367971;-0.23061;-24.2412
48.5694;-40.0056;0.307136;0.406766;-0.230082;-23.7432
57.3948;-40.0056;0.299846;0.439801;-0.223607;-23.1512
66.2203;-40.0056;0.298297;0.463674;-0.214247;-22.4823
75.0458;-40.0056;0.320123;0.477028;-0.204741;-21.7614
83.8712;-40.0056;0.340604;0.487335;-0.191473;-21.0007
92.6967;-40.0056;0.347603;0.491448;-0.173724;-20.184
101.522;-40.0056;0.404648;0.486777;-0.156122;-19.3557
110.348;-40.0056;0.504101;0.477371;-0.143933;-18.5156
119.173;-40.0056;0.590771;0.464758;-0.137992;-17.6156
127.998;-40.0056;0.572855;0.449384;-0.131368;-16.5896
136.824;-40.0056;0.483158;0.429706;-0.115146;-15.4626
145.649;-40.0056;0.470106;0.407271;-0.0975328;-14.3648
154.475;-40.0056;0.542991;0.385262;-0.0824337;-13.3275
163.3;-40.0056;0.639676;0.356973;-0.0685718;-12.2968
172.126;-40.0056;0.70854;0.319211;-0.0569333;-11.2303
180.951;-40.0056;0.734728;0.275007;-0.0458843;-10.1024
189.777;-40.0056;0.749512;0.228063;-0.0344325;-8.94423
198.602;-40.0056;0.767098;0.182284;-0.0215926;-7.77887
207.428;-40.0056;0.77246;0.13329;-0.00988739;-6.58914
216.253;-40.0056;0.816959;0.0804019;0.00030568;-5.40224
225.078;-40.0056;0.878216;0.0271355;0.0106978;-4.2061
233.904;-40.0056;0.918452;-0.0198161;0.0187171;-2.96902
242.729;-40.0056;0.931893;-0.0379779;0.025043;-1.77118
-225.02;-48.831;0.515857;0.0650712;0.031331;-2.013
-216.194;-48.831;0.424254;0.0309688;0.0239044;-3.11605
-207.369;-48.831;0.498711;0.00606712;0.0234525;-4.25093
-198.543;-48.831;0.547367;-0.0248621;0.0223945;-5.42468
-189.718;-48.831;0.504605;-0.0433845;0.00687353;-6.53464
-180.892;-48.831;0.473506;-0.0473855;-0.0204381;-7.61571
-172.067;-48.831;0.501996;-0.0555172;-0.0495042;-8.7045
-163.242;-48.831;0.515844;-0.0734381;-0.0686992;-9.81487
-154.416;-48.831;0.489773;-0.0977634;-0.0803285;-10.8922
-145.591;-48.831;0.454701;-0.126712;-0.0931857;-11.9589
-136.765;-48.831;0.445926;-0.154507;-0.110621;-13.0294
-127.94;-48.831;0.478667;-0.172908;-0.122741;-14.1217
-119.114;-48.831;0.494499;-0.183135;-0.130878;-15.1548
-110.289;-48.831;0.448697;-0.192598;-0.141497;-16.1313
-101.463;-48.831;0.388004;-0.202066;-0.153923;-17.0605
-92.6379;-48.831;0.354476;-0.210005;-0.169026;-17.9791
-83.8124;-48.831;0.352069;-0.213093;-0.189109;-18.8936
-74.987;-48.831;0.346714;-0.21028;-0.205217;-19.7375
-66.1615;-48.831;0.319148;-0.201448;-0.215749;-20.5681
-57.3361;-48.831;0.295741;-0.193587;-0.219406;-21.3758
-30.8597;-48.831;0.30573;-0.0889668;-0.248243;-23.3263
-22.0342;-48.831;0.266388;-0.0377178;-0.253243;-23.8182
-13.2088;-48.831;0.289453;0.0212806;-0.255204;-24.1749
-4.38334;-48.831;0.317518;0.0851543;-0.258255;-24.3916
4.44212;-48.831;0.317354;0.147538;-0.261806;-24.4786
13.2676;-48.831;0.295406;0.204785;-0.258441;-24.4384
22.093;-48.831;0.270047;0.256121;-0.248932;-24.2747
30.9185;-48.831;0.253287;0.30418;-0.246469;-24.0018
39.7439;-48.831;0.229512;0.346725;-0.24791;-23.6034
48.5694;-48.831;0.210156;0.383261;-0.248403;-23.1116
57.3948;-48.831;0.209125;0.414797;-0.243874;-22.5454
66.2203;-48.831;0.217038;0.440296;-0.236734;-21.9099
75.0458;-48.831;0.219822;0.45691;-0.230531;-21.1982
83.8712;-48.831;0.205306;0.470243;-0.221771;-20.4322
92.6967;-48.831;0.212207;0.470699;-0.203296;-19.6218
101.522;-48.831;0.228369;0.464069;-0.183154;-18.7689
110.348;-48.831;0.251333;0.454755;-0.168177;-17.8767
119.173;-48.831;0.27681;0.442943;-0.158816;-16.9388
127.998;-48.831;0.294588;0.427223;-0.14864;-15.9513
136.824;-48.831;0.331697;0.410015;-0.130957;-14.955
145.649;-48.831;0.38887;0.389941;-0.111638;-13.9407
154.475;-48.831;0.455767;0.366351;-0.0931876;-12.9138
163.3;-48.831;0.516834;0.336766;-0.0760437;-11.869
172.126;-48.831;0.564363;0.30145;-0.0632628;-10.7995
180.951;-48.831;0.584572;0.263131;-0.0527912;-9.68616
189.777;-48.831;0.593898;0.222436;-0.0427009;-8.54311
198.602;-48.831;0.60205;0.179287;-0.0310345;-7.38244
207.428;-48.831;0.60957;0.1315;-0.0202902;-6.20884
216.253;-48.831;0.655738;0.0798102;-0.0106907;-5.03526
225.078;-48.831;0.718018;0.0282335;-0.00244843;-3.86732
233.904;-48.831;0.773504;-0.0252987;0.00368376;-2.65025
242.729;-48.831;0.791984;-0.0542959;0.0129101;-1.44867
-225.02;-57.6565;0.587531;0.0892437;0.0317121;-1.86592
-216.194;-57.6565;0.49407;0.0483526;0.0245663;-2.9519
-207.369;-57.6565;0.546607;0.0201796;0.027066;-4.06964
-198.543;-57.6565;0.587229;-0.000765687;0.0238009;-5.21575
-189.718;-57.6565;0.526642;-0.00949257;0.000491622;-6.32096
-180.892;-57.6565;0.496452;-0.00966874;-0.0309947;-7.38612
-172.067;-57.6565;0.513218;-0.0246402;-0.056476;-8.45892
-163.242;-57.6565;0.51169;-0.0485565;-0.0716114;-9.54711
-154.416;-57.6565;0.466042;-0.0746656;-0.0824384;-10.5843
-145.591;-57.6565;0.403086;-0.104715;-0.0961598;-11.6171
-136.765;-57.6565;0.375567;-0.133172;-0.113783;-12.666
-127.94;-57.6565;0.432479;-0.151991;-0.124466;-13.749
-119.114;-57.6565;0.46182;-0.161815;-0.134079;-14.7727
-110.289;-57.6565;0.424836;-0.170618;-0.148809;-15.7449
-101.463;-57.6565;0.381769;-0.178484;-0.163844;-16.6633
-92.6379;-57.6565;0.353058;-0.186052;-0.17815;-17.5577
-83.8124;-57.6565;0.333775;-0.190151;-0.196528;-18.4374
-74.987;-57.6565;0.319523;-0.18721;-0.217716;-19.2479
-30.8597;-57.6565;0.265825;-0.0789412;-0.280995;-22.6441
-22.0342;-57.6565;0.220834;-0.0279153;-0.284831;-23.1068
-13.2088;-57.6565;0.222781;0.0292007;-0.283864;-23.4441
-4.38334;-57.6565;0.247654;0.087188;-0.284882;-23.665
4.44212;-57.6565;0.252111;0.143524;-0.287381;-23.7519
13.2676;-57.6565;0.225845;0.195696;-0.285064;-23.6988
22.093;-57.6565;0.191469;0.242101;-0.276482;-23.5226
30.9185;-57.6565;0.17395;0.285659;-0.273036;-23.2577
39.7439;-57.6565;0.15345;0.326435;-0.275447;-22.8768
48.5694;-57.6565;0.138388;0.36158;-0.27999;-22.4144
57.3948;-57.6565;0.144304;0.392304;-0.281323;-21.8808
66.2203;-57.6565;0.138564;0.418936;-0.278125;-21.258
75.0458;-57.6565;0.0958834;0.436869;-0.272809;-20.5227
83.8712;-57.6565;0.0292276;0.453611;-0.267403;-19.7452
92.6967;-57.6565;0.0249584;0.455232;-0.25191;-18.9478
101.522;-57.6565;0.0238432;0.448326;-0.231756;-18.0983
110.348;-57.6565;0.0304239;0.438563;-0.213484;-17.2047
119.173;-57.6565;0.0712627;0.427636;-0.198584;-16.2944
127.998;-57.6565;0.181439;0.410896;-0.181195;-15.3992
136.824;-57.6565;0.302636;0.393543;-0.157596;-14.4953
145.649;-57.6565;0.393196;0.37376;-0.131251;-13.5376
154.475;-57.6565;0.45626;0.345922;-0.106662;-12.5247
163.3;-57.6565;0.506113;0.312753;-0.0853268;-11.4866
172.126;-57.6565;0.561556;0.278362;-0.069097;-10.4359
180.951;-57.6565;0.595027;0.244854;-0.0560905;-9.34533
189.777;-57.6565;0.614899;0.207822;-0.0449989;-8.2248
198.602;-57.6565;0.634278;0.164124;-0.0324536;-7.0817
207.428;-57.6565;0.667311;0.116239;-0.0221301;-5.93344
216.253;-57.6565;0.723814;0.0655222;-0.0120076;-4.77973
225.078;-57.6565;0.755971;0.0150326;-0.00295795;-3.60808
233.904;-57.6565;0.771143;-0.0346498;0.00347446;-2.37717
242.729;-57.6565;0.782254;-0.0797259;0.0141895;-1.13772
-216.194;-66.4819;0.57222;0.0621617;0.0308895;-2.7543
-207.369;-66.4819;0.575619;0.033537;0.0310937;-3.83902
-198.543;-66.4819;0.58704;0.0207619;0.0201383;-4.93796
-189.718;-66.4819;0.554669;0.0250256;-0.00791113;-6.00176
-180.892;-66.4819;0.515707;0.0195577;-0.0362432;-7.06338
-172.067;-66.4819;0.500194;-0.00105645;-0.056064;-8.12957
-163.242;-66.4819;0.491612;-0.0269989;-0.0677282;-9.20655
-154.416;-66.4819;0.460068;-0.0521833;-0.078925;-10.2397
-145.591;-66.4819;0.403016;-0.0797563;-0.0947359;-11.2559
-136.765;-66.4819;0.353459;-0.108837;-0.112977;-12.2735
-127.94;-66.4819;0.348489;-0.134513;-0.125342;-13.3255
-119.114;-66.4819;0.353017;-0.146264;-0.139221;-14.3256
-110.289;-66.4819;0.331421;-0.151966;-0.158917;-15.2734
-101.463;-66.4819;0.308996;-0.157313;-0.17765;-16.1712
-92.6379;-66.4819;0.283221;-0.165164;-0.193435;-17.0455
-83.8124;-66.4819;0.253346;-0.170651;-0.212311;-17.8951
-74.987;-66.4819;0.236845;-0.167218;-0.237826;-18.6821
-30.8597;-66.4819;0.265364;-0.067153;-0.324172;-21.9165
-22.0342;-66.4819;0.240611;-0.0185792;-0.33366;-22.351
-13.2088;-66.4819;0.203674;0.0369287;-0.337987;-22.6557
-4.38334;-66.4819;0.19594;0.0904862;-0.340431;-22.8585
4.44212;-66.4819;0.206474;0.139763;-0.340637;-22.9387
13.2676;-66.4819;0.19305;0.185009;-0.335779;-22.8871
22.093;-66.4819;0.164562;0.226931;-0.324961;-22.7274
30.9185;-66.4819;0.153206;0.266784;-0.317565;-22.4838
39.7439;-66.4819;0.156183;0.305805;-0.316749;-22.1401
48.5694;-66.4819;0.168478;0.339363;-0.319246;-21.723
57.3948;-66.4819;0.18255;0.370215;-0.324107;-21.2199
66.2203;-66.4819;0.166936;0.398731;-0.324876;-20.6131
75.0458;-66.4819;0.113126;0.419751;-0.316205;-19.9023
83.8712;-66.4819;0.0559162;0.435037;-0.30469;-19.1643
92.6967;-66.4819;0.0590242;0.439985;-0.289415;-18.4096
101.522;-66.4819;0.086507;0.436161;-0.269757;-17.6123
110.348;-66.4819;0.142358;0.425784;-0.248642;-16.7719
119.173;-66.4819;0.242274;0.410876;-0.228447;-15.9141
127.998;-66.4819;0.401243;0.391817;-0.205341;-15.0741
136.824;-66.4819;0.58358;0.372303;-0.178559;-14.2362
145.649;-66.4819;0.672661;0.350634;-0.147805;-13.298
154.475;-66.4819;0.694372;0.320953;-0.119094;-12.2659
163.3;-66.4819;0.696603;0.287268;-0.0940443;-11.1952
172.126;-66.4819;0.724576;0.253943;-0.0732295;-10.1311
180.951;-66.4819;0.735994;0.222154;-0.0554597;-9.03839
189.777;-66.4819;0.737141;0.185124;-0.0418172;-7.91615
198.602;-66.4819;0.742636;0.14101;-0.0285704;-6.77379
207.428;-66.4819;0.768098;0.0941986;-0.0192218;-5.63162
216.253;-66.4819;0.804414;0.046305;-0.00951722;-4.47786
225.078;-66.4819;0.786447;1.05816e-05;-0.000897218;-3.29682
233.904;-66.4819;0.76789;-0.0445846;0.00553457;-2.0634
-216.194;-75.3074;0.605649;0.0855384;0.0415629;-2.48055
-207.369;-75.3074;0.553423;0.0566116;0.0347249;-3.5236
-198.543;-75.3074;0.497033;0.0426085;0.0115857;-4.5833
-189.718;-75.3074;0.415672;0.036222;-0.0188727;-5.63481
-180.892;-75.3074;0.383445;0.0227069;-0.0435643;-6.68741
-172.067;-75.3074;0.388087;-0.00011263;-0.0609988;-7.74429
-163.242;-75.3074;0.40354;-0.0238509;-0.0739318;-8.80998
-154.416;-75.3074;0.407959;-0.0439648;-0.0860525;-9.84098
-145.591;-75.3074;0.385525;-0.0660466;-0.101525;-10.8446
-136.765;-75.3074;0.339465;-0.0931328;-0.119968;-11.8268
-127.94;-75.3074;0.298249;-0.11855;-0.137119;-12.8313
-119.114;-75.3074;0.272596;-0.132196;-0.155937;-13.8013
-110.289;-75.3074;0.254781;-0.137733;-0.179386;-14.7286
-101.463;-75.3074;0.245834;-0.140021;-0.201933;-15.61
-92.6379;-75.3074;0.225623;-0.145714;-0.220542;-16.4621
-83.8124;-75.3074;0.196541;-0.15092;-0.241213;-17.2888
-74.987;-75.3074;0.18578;-0.147137;-0.268203;-18.0605
-66.1615;-75.3074;0.208471;-0.135433;-0.293305;-18.8133
-57.3361;-75.3074;0.215963;-0.121324;-0.31779;-19.481
-30.8597;-75.3074;0.282622;-0.0492524;-0.372979;-21.1541
-22.0342;-75.3074;0.297428;-0.00730393;-0.387392;-21.5616
-13.2088;-75.3074;0.252745;0.0445806;-0.399744;-21.8539
-4.38334;-75.3074;0.223328;0.0950859;-0.401189;-22.0341
4.44212;-75.3074;0.240142;0.140162;-0.398029;-22.1149
13.2676;-75.3074;0.25426;0.180067;-0.391545;-22.0922
22.093;-75.3074;0.252437;0.215457;-0.382834;-21.9642
30.9185;-75.3074;0.255173;0.249848;-0.371382;-21.7553
39.7439;-75.3074;0.288289;0.281664;-0.355873;-21.4559
48.5694;-75.3074;0.328097;0.31104;-0.347546;-21.0768
57.3948;-75.3074;0.367727;0.341879;-0.353087;-20.6123
66.2203;-75.3074;0.419531;0.371316;-0.357333;-20.0784
75.0458;-75.3074;0.467786;0.393433;-0.344109;-19.4772
83.8712;-75.3074;0.479251;0.406675;-0.326001;-18.8185
92.6967;-75.3074;0.431047;0.415597;-0.310312;-18.0709
101.522;-75.3074;0.495407;0.41006;-0.288924;-17.3187
110.348;-75.3074;0.613508;0.397857;-0.26236;-16.5504
119.173;-75.3074;0.720651;0.381687;-0.236463;-15.7234
127.998;-75.3074;0.790333;0.363718;-0.211743;-14.8307
136.824;-75.3074;0.928388;0.342975;-0.183624;-13.9763
145.649;-75.3074;0.97511;0.318511;-0.151919;-13.0123
154.475;-75.3074;0.959686;0.287336;-0.121209;-11.9583
163.3;-75.3074;0.928104;0.253976;-0.0932566;-10.8676
172.126;-75.3074;0.922018;0.222345;-0.0688661;-9.7813
180.951;-75.3074;0.896167;0.192206;-0.0477471;-8.67307
189.777;-75.3074;0.860502;0.156135;-0.0319133;-7.53793
198.602;-75.3074;0.835382;0.114884;-0.0194753;-6.39166
207.428;-75.3074;0.836327;0.0712907;-0.0118356;-5.24716
216.253;-75.3074;0.840103;0.0264569;-0.00319972;-4.08529
225.078;-75.3074;0.789707;-0.015492;0.00545065;-2.90508
233.904;-75.3074;0.77606;-0.0458455;0.0100524;-1.73252
-216.194;-84.1328;0.649413;0.102719;0.0519679;-2.13795
-207.369;-84.1328;0.510359;0.0819458;0.0396318;-3.14054
-198.543;-84.1328;0.415787;0.0616905;0.00794627;-4.17685
-189.718;-84.1328;0.336162;0.0446869;-0.0212677;-5.21492
-180.892;-84.1328;0.309282;0.0241662;-0.0450165;-6.26045
-172.067;-84.1328;0.326409;-0.000434943;-0.0641134;-7.31197
-163.242;-84.1328;0.339865;-0.0239179;-0.0817017;-8.36153
-154.416;-84.1328;0.342576;-0.0430853;-0.0980778;-9.37929
-145.591;-84.1328;0.338716;-0.0612366;-0.114925;-10.365
-136.765;-84.1328;0.324702;-0.0819816;-0.133178;-11.3285
-127.94;-84.1328;0.296056;-0.1027;-0.154317;-12.3008
-119.114;-84.1328;0.26949;-0.117752;-0.179024;-13.2527
-110.289;-84.1328;0.26492;-0.126376;-0.206839;-14.1704
-101.463;-84.1328;0.262516;-0.127268;-0.234449;-15.0423
-92.6379;-84.1328;0.246482;-0.128424;-0.255956;-15.8671
-83.8124;-84.1328;0.225029;-0.130116;-0.276402;-16.664
-74.987;-84.1328;0.222802;-0.125727;-0.300955;-17.4256
-66.1615;-84.1328;0.248267;-0.113325;-0.324312;-18.1483
-57.3361;-84.1328;0.256403;-0.0962704;-0.347569;-18.7694
-48.5106;-84.1328;0.232072;-0.0278484;-0.400261;-20.0802
-39.6852;-84.1328;0.255042;0.0240684;-0.431517;-20.9192
-30.8597;-84.1328;0.31575;-0.027533;-0.405784;-20.3404
-22.0342;-84.1328;0.361282;0.00612799;-0.41974;-20.7271
-13.2088;-84.1328;0.361653;0.049489;-0.431092;-21.035
-4.38334;-84.1328;0.35859;0.0971555;-0.428308;-21.2143
4.44212;-84.1328;0.357986;0.139966;-0.418887;-21.2964
13.2676;-84.1328;0.362407;0.174868;-0.41111;-21.2796
22.093;-84.1328;0.362752;0.204295;-0.405465;-21.1684
30.9185;-84.1328;0.367239;0.232997;-0.394547;-20.9836
39.7439;-84.1328;0.412763;0.259444;-0.374664;-20.7206
48.5694;-84.1328;0.511299;0.284889;-0.365181;-20.395
57.3948;-84.1328;0.559998;0.322659;-0.377025;-19.9727
66.2203;-84.1328;0.633201;0.359002;-0.385505;-19.5102
75.0458;-84.1328;0.73443;0.381431;-0.370136;-18.9919
83.8712;-84.1328;0.797352;0.389866;-0.348339;-18.3794
92.6967;-84.1328;0.745083;0.39408;-0.329886;-17.627
101.522;-84.1328;0.805312;0.384941;-0.303984;-16.8802
110.348;-84.1328;0.920405;0.371972;-0.270438;-16.1397
119.173;-84.1328;1.0245;0.352993;-0.237536;-15.3342
127.998;-84.1328;1.07999;0.331692;-0.20592;-14.4439
136.824;-84.1328;1.16521;0.307236;-0.175715;-13.548
145.649;-84.1328;1.15346;0.282818;-0.145609;-12.5519
154.475;-84.1328;1.09883;0.253248;-0.113799;-11.4832
163.3;-84.1328;1.05129;0.219659;-0.0815393;-10.3882
172.126;-84.1328;1.04159;0.18674;-0.0538149;-9.30528
180.951;-84.1328;0.997286;0.15787;-0.0318084;-8.20094
189.777;-84.1328;0.931793;0.124183;-0.0152714;-7.06386
198.602;-84.1328;0.875517;0.088505;-0.00414021;-5.91905
207.428;-84.1328;0.850479;0.049992;0.00202294;-4.77305
216.253;-84.1328;0.832491;0.00859518;0.0090745;-3.61289
225.078;-84.1328;0.81011;-0.0234556;0.0140061;-2.46883
233.904;-84.1328;0.830316;-0.0459979;0.0152605;-1.38312
-216.194;-92.9583;0.702174;0.112561;0.060369;-1.72043
-207.369;-92.9583;0.483982;0.0950306;0.0435178;-2.74949
-198.543;-92.9583;0.394513;0.0783552;0.0124542;-3.76381
-189.718;-92.9583;0.370331;0.0548718;-0.0161849;-4.79738
-180.892;-92.9583;0.352061;0.0299512;-0.0415638;-5.83677
-172.067;-92.9583;0.35877;0.00523014;-0.0627882;-6.86493
-163.242;-92.9583;0.340203;-0.0211438;-0.0847904;-7.88141
-154.416;-92.9583;0.313496;-0.0441204;-0.106104;-8.87613
-145.591;-92.9583;0.307308;-0.0607718;-0.124888;-9.84661
-136.765;-92.9583;0.319233;-0.0737222;-0.141997;-10.8009
-127.94;-92.9583;0.313287;-0.0882958;-0.164451;-11.7408
-119.114;-92.9583;0.298146;-0.103852;-0.193031;-12.6695
-110.289;-92.9583;0.319436;-0.115732;-0.222133;-13.5754
-101.463;-92.9583;0.321344;-0.118749;-0.249477;-14.4311
-92.6379;-92.9583;0.313812;-0.116486;-0.273486;-15.2372
-83.8124;-92.9583;0.307421;-0.113357;-0.296421;-16.0112
-74.987;-92.9583;0.310184;-0.109302;-0.319552;-16.7547
-66.1615;-92.9583;0.332291;-0.0995185;-0.337119;-17.4541
-57.3361;-92.9583;0.349804;-0.0803885;-0.35134;-18.0633
-48.5106;-92.9583;0.330027;-0.0586312;-0.370897;-18.5928
-39.6852;-92.9583;0.330358;-0.0388371;-0.391854;-19.0721
-30.8597;-92.9583;0.35948;-0.0141405;-0.409942;-19.5049
-22.0342;-92.9583;0.395313;0.0180467;-0.422217;-19.8634
-13.2088;-92.9583;0.414212;0.0554834;-0.428456;-20.1516
-4.38334;-92.9583;0.409867;0.0974896;-0.425195;-20.3381
4.44212;-92.9583;0.402055;0.138604;-0.415173;-20.4085
13.2676;-92.9583;0.395077;0.171046;-0.407425;-20.3768
22.093;-92.9583;0.380871;0.198355;-0.403706;-20.2633
30.9185;-92.9583;0.363855;0.225952;-0.401426;-20.0677
39.7439;-92.9583;0.376496;0.259062;-0.400611;-19.8016
48.5694;-92.9583;0.487471;0.292812;-0.412503;-19.5053
57.3948;-92.9583;0.551066;0.331242;-0.427871;-19.1405
66.2203;-92.9583;0.630783;0.357483;-0.422512;-18.7056
75.0458;-92.9583;0.724261;0.372304;-0.396514;-18.218
83.8712;-92.9583;0.780072;0.371722;-0.368327;-17.6066
92.6967;-92.9583;0.761836;0.370401;-0.344344;-16.876
101.522;-92.9583;0.837905;0.360459;-0.312431;-16.16
110.348;-92.9583;0.952159;0.346418;-0.272209;-15.4414
119.173;-92.9583;1.06438;0.32436;-0.232731;-14.6621
127.998;-92.9583;1.14623;0.298049;-0.19387;-13.805
136.824;-92.9583;1.18559;0.271831;-0.161157;-12.8746
145.649;-92.9583;1.10536;0.250187;-0.13438;-11.8432
154.475;-92.9583;1.02746;0.223621;-0.105232;-10.7811
163.3;-92.9583;1.0006;0.190474;-0.069982;-9.72296
172.126;-92.9583;1.02673;0.155053;-0.0374445;-8.68702
180.951;-92.9583;0.997073;0.127119;-0.016048;-7.62115
189.777;-92.9583;0.930117;0.0972551;-0.000775545;-6.51147
198.602;-92.9583;0.864997;0.0642869;0.010766;-5.37708
207.428;-92.9583;0.829442;0.0302997;0.01763;-4.24131
216.253;-92.9583;0.814769;-0.00681081;0.0236606;-3.10565
225.078;-92.9583;0.849997;-0.0344652;0.0245993;-2.03342
-207.369;-101.784;0.457489;0.113469;0.0485256;-2.26734
-198.543;-101.784;0.388544;0.0947168;0.019069;-3.30669
-189.718;-101.784;0.455483;0.0613616;-0.0102927;-4.3913
-180.892;-101.784;0.46562;0.0338588;-0.0352718;-5.43157
-172.067;-101.784;0.429998;0.0102238;-0.0575111;-6.4173
-163.242;-101.784;0.383062;-0.01821;-0.0812514;-7.38805
-154.416;-101.784;0.344039;-0.0444631;-0.104847;-8.3554
-145.591;-101.784;0.332016;-0.060798;-0.124779;-9.31489
-136.765;-101.784;0.337374;-0.0684702;-0.141061;-10.2542
-127.94;-101.784;0.32139;-0.0770521;-0.162729;-11.1552
-119.114;-101.784;0.283981;-0.0917839;-0.191868;-12.0477
-110.289;-101.784;0.298278;-0.104181;-0.221111;-12.9234
-101.463;-101.784;0.288076;-0.110086;-0.248329;-13.7617
-92.6379;-101.784;0.294825;-0.107871;-0.273968;-14.5495
-83.8124;-101.784;0.317045;-0.10335;-0.299338;-15.2929
-74.987;-101.784;0.329021;-0.100894;-0.32372;-15.9997
-66.1615;-101.784;0.330447;-0.0956528;-0.340776;-16.67
-57.3361;-101.784;0.359065;-0.0782209;-0.348741;-17.2556
-48.5106;-101.784;0.355122;-0.0550172;-0.362407;-17.7668
-39.6852;-101.784;0.33797;-0.0310476;-0.380988;-18.2166
-30.8597;-101.784;0.347957;-0.0060272;-0.397548;-18.6096
-22.0342;-101.784;0.380379;0.0223982;-0.406688;-18.939
-13.2088;-101.784;0.395041;0.0570043;-0.413269;-19.2092
-4.38334;-101.784;0.385617;0.0955791;-0.414939;-19.3913
4.44212;-101.784;0.372576;0.134925;-0.409246;-19.4564
13.2676;-101.784;0.35434;0.165962;-0.402106;-19.4191
22.093;-101.784;0.337964;0.194168;-0.400532;-19.3127
30.9185;-101.784;0.328248;0.222359;-0.405861;-19.1186
39.7439;-101.784;0.339061;0.25782;-0.420188;-18.8615
48.5694;-101.784;0.448106;0.295311;-0.443054;-18.5741
57.3948;-101.784;0.506423;0.328349;-0.451715;-18.2198
66.2203;-101.784;0.564621;0.34366;-0.435108;-17.7726
75.0458;-101.784;0.620854;0.343946;-0.401037;-17.2372
83.8712;-101.784;0.649567;0.339319;-0.368754;-16.6251
92.6967;-101.784;0.657558;0.338751;-0.341777;-15.9495
101.522;-101.784;0.751154;0.331387;-0.307034;-15.2823
110.348;-101.784;0.847233;0.318024;-0.264441;-14.5713
119.173;-101.784;0.931605;0.295108;-0.22331;-13.7894
127.998;-101.784;0.988091;0.26697;-0.184299;-12.9305
136.824;-101.784;0.964505;0.240625;-0.152876;-11.9605
145.649;-101.784;0.82754;0.221368;-0.125691;-10.8984
154.475;-101.784;0.777424;0.196329;-0.0951125;-9.89097
163.3;-101.784;0.829083;0.163538;-0.0580456;-8.93594
172.126;-101.784;0.8994;0.126455;-0.0235123;-7.96374
180.951;-101.784;0.885107;0.0984085;-0.000478911;-6.93333
189.777;-101.784;0.825513;0.0722004;0.0100467;-5.85186
198.602;-101.784;0.776868;0.0446794;0.0197883;-4.75153
207.428;-101.784;0.770582;0.0132909;0.0278977;-3.65123
216.253;-101.784;0.780465;-0.0173424;0.033817;-2.56355
225.078;-101.784;0.847045;-0.0435661;0.0352115;-1.53141
-198.543;-110.609;0.374494;0.0945673;0.0229041;-2.82307
-189.718;-110.609;0.488744;0.0626228;-0.00459504;-3.92657
-180.892;-110.609;0.53663;0.0348642;-0.0263106;-4.95403
-172.067;-110.609;0.450198;0.0078373;-0.0505584;-5.92523
-163.242;-110.609;0.416593;-0.0193889;-0.0741275;-6.87596
-154.416;-110.609;0.403253;-0.0442331;-0.0971178;-7.82371
-145.591;-110.609;0.39263;-0.0593942;-0.117661;-8.76149
-136.765;-110.609;0.37755;-0.0635276;-0.134783;-9.66678
-127.94;-110.609;0.339126;-0.0657032;-0.153706;-10.5213
-119.114;-110.609;0.276869;-0.0770607;-0.180771;-11.3656
-110.289;-110.609;0.250242;-0.0914662;-0.212343;-12.2093
-101.463;-110.609;0.235393;-0.100211;-0.243633;-13.0306
-92.6379;-110.609;0.262347;-0.0997614;-0.270871;-13.803
-83.8124;-110.609;0.286235;-0.0955108;-0.298968;-14.5202
-74.987;-110.609;0.271429;-0.0933477;-0.328833;-15.1796
-66.1615;-110.609;0.250868;-0.0902527;-0.349945;-15.8176
-57.3361;-110.609;0.284314;-0.075639;-0.359334;-16.3925
-48.5106;-110.609;0.310112;-0.0505012;-0.366157;-16.8847
-39.6852;-110.609;0.290947;-0.0234151;-0.375712;-17.3022
-30.8597;-110.609;0.282089;0.00192075;-0.382991;-17.6574
-22.0342;-110.609;0.30073;0.0277574;-0.38991;-17.9626
-13.2088;-110.609;0.314547;0.0583079;-0.397071;-18.2179
-4.38334;-110.609;0.30986;0.0932689;-0.401608;-18.3995
4.44212;-110.609;0.307886;0.12992;-0.399464;-18.4751
13.2676;-110.609;0.312171;0.159128;-0.3948;-18.4546
22.093;-110.609;0.314813;0.188393;-0.398006;-18.365
30.9185;-110.609;0.320735;0.216666;-0.40795;-18.1797
39.7439;-110.609;0.349375;0.247271;-0.42361;-17.9345
48.5694;-110.609;0.458454;0.278373;-0.438646;-17.6615
57.3948;-110.609;0.519264;0.305311;-0.437441;-17.316
66.2203;-110.609;0.559321;0.316306;-0.415779;-16.8579
75.0458;-110.609;0.601053;0.31775;-0.384196;-16.3301
83.8712;-110.609;0.647694;0.314983;-0.353126;-15.7498
92.6967;-110.609;0.688522;0.311579;-0.323768;-15.124
101.522;-110.609;0.785661;0.301249;-0.288726;-14.4726
110.348;-110.609;0.802522;0.284515;-0.250598;-13.6974
119.173;-110.609;0.766508;0.261719;-0.213962;-12.8359
127.998;-110.609;0.709498;0.237447;-0.180082;-11.9236
136.824;-110.609;0.587613;0.215231;-0.150808;-10.9122
145.649;-110.609;0.529717;0.190673;-0.119407;-9.926
154.475;-110.609;0.606448;0.162364;-0.0820864;-9.0405
163.3;-110.609;0.73698;0.130129;-0.0402568;-8.18222
172.126;-110.609;0.79492;0.0918365;-0.00635886;-7.22698
180.951;-110.609;0.708562;0.0646393;0.0171333;-6.14399
189.777;-110.609;0.66971;0.0418949;0.0263125;-5.09803
198.602;-110.609;0.688757;0.0223218;0.0305662;-4.08912
207.428;-110.609;0.776982;-0.00489602;0.0384203;-3.08841
216.253;-110.609;0.830362;-0.0329377;0.0481495;-2.05773
-198.543;-119.435;0.341535;0.0846652;0.0291554;-2.30671
-189.718;-119.435;0.416687;0.0620726;0.00515208;-3.35493
-180.892;-119.435;0.466466;0.0329965;-0.0182696;-4.39813
-172.067;-119.435;0.388113;0.000228272;-0.0433239;-5.36259
-163.242;-119.435;0.403327;-0.022899;-0.0647704;-6.29289
-154.416;-119.435;0.410799;-0.044087;-0.0875618;-7.21728
-145.591;-119.435;0.389021;-0.0586231;-0.109102;-8.11747
-136.765;-119.435;0.357531;-0.0614307;-0.126357;-8.99365
-127.94;-119.435;0.312843;-0.0568121;-0.142084;-9.81273
-119.114;-119.435;0.233549;-0.0647314;-0.16949;-10.6287
-110.289;-119.435;0.204623;-0.0757837;-0.202645;-11.4419
-101.463;-119.435;0.19015;-0.0879168;-0.238206;-12.2408
-92.6379;-119.435;0.222986;-0.0898813;-0.270219;-12.993
-83.8124;-119.435;0.24528;-0.0861539;-0.301525;-13.6877
-74.987;-119.435;0.21871;-0.0845347;-0.33194;-14.3139
-66.1615;-119.435;0.184169;-0.0833072;-0.355132;-14.9239
-57.3361;-119.435;0.211942;-0.0731323;-0.368878;-15.4902
-48.5106;-119.435;0.25392;-0.052215;-0.372959;-15.9857
-39.6852;-119.435;0.245282;-0.0238352;-0.371871;-16.3926
-30.8597;-119.435;0.218359;0.00292728;-0.369711;-16.7083
-22.0342;-119.435;0.200347;0.0285722;-0.370942;-16.9732
-13.2088;-119.435;0.198512;0.0573521;-0.373833;-17.2031
-4.38334;-119.435;0.222645;0.0904301;-0.37637;-17.3819
4.44212;-119.435;0.25549;0.123522;-0.377802;-17.4778
13.2676;-119.435;0.312559;0.151848;-0.379124;-17.4975
22.093;-119.435;0.354279;0.180481;-0.388957;-17.4261
30.9185;-119.435;0.361137;0.206965;-0.400664;-17.2387
39.7439;-119.435;0.365679;0.230334;-0.408398;-16.9749
48.5694;-119.435;0.452367;0.250834;-0.409199;-16.7019
57.3948;-119.435;0.535509;0.270217;-0.401347;-16.3682
66.2203;-119.435;0.577088;0.281743;-0.383423;-15.9206
75.0458;-119.435;0.60525;0.286846;-0.359585;-15.4028
83.8712;-119.435;0.645644;0.284662;-0.332191;-14.8344
92.6967;-119.435;0.685306;0.277056;-0.304337;-14.215
101.522;-119.435;0.709538;0.266045;-0.273388;-13.5187
110.348;-119.435;0.653183;0.249571;-0.234259;-12.6916
119.173;-119.435;0.542803;0.226092;-0.197262;-11.7845
127.998;-119.435;0.434716;0.204855;-0.168862;-10.8852
136.824;-119.435;0.377765;0.182638;-0.14009;-9.98747
145.649;-119.435;0.460743;0.155389;-0.103779;-9.14323
154.475;-119.435;0.678014;0.122456;-0.0604538;-8.36418
163.3;-119.435;0.792124;0.0872609;-0.0185752;-7.47689
172.126;-119.435;0.654691;0.0538897;0.0115121;-6.38372
180.951;-119.435;0.479701;0.0291666;0.0333209;-5.23991
189.777;-119.435;0.558894;0.00341019;0.0472103;-4.31141
198.602;-119.435;0.733368;-0.0165155;0.0602109;-3.46914
207.428;-119.435;0.920447;-0.0354589;0.0648603;-2.60339
216.253;-119.435;0.98772;-0.0551343;0.0665203;-1.62277
-189.718;-128.26;0.330104;0.0559473;0.0141312;-2.75887
-180.892;-128.26;0.386365;0.0302904;-0.00876555;-3.7449
-172.067;-128.26;0.328753;-0.00821908;-0.0374836;-4.72451
-163.242;-128.26;0.347664;-0.0307009;-0.0583567;-5.64359
-154.416;-128.26;0.332685;-0.0510302;-0.0828547;-6.53997
-145.591;-128.26;0.277052;-0.0649219;-0.105161;-7.38486
-136.765;-128.26;0.235904;-0.0672771;-0.123069;-8.23647
-127.94;-128.26;0.224616;-0.0583466;-0.138181;-9.05137
-119.114;-128.26;0.174165;-0.057767;-0.165095;-9.86003
-110.289;-128.26;0.158062;-0.0650266;-0.198926;-10.6449
-101.463;-128.26;0.128957;-0.0756079;-0.235328;-11.3965
-92.6379;-128.26;0.143242;-0.0797495;-0.272752;-12.1143
-83.8124;-128.26;0.173156;-0.0788397;-0.307651;-12.8
-74.987;-128.26;0.17153;-0.0780916;-0.333929;-13.4278
-66.1615;-128.26;0.139145;-0.0782011;-0.355338;-14.0092
-57.3361;-128.26;0.142828;-0.0735995;-0.371925;-14.5672
-48.5106;-128.26;0.204011;-0.059978;-0.37424;-15.0734
-39.6852;-128.26;0.181787;-0.0335641;-0.367953;-15.4592
-30.8597;-128.26;0.0809263;-0.00402672;-0.361898;-15.6937
-22.0342;-128.26;7.70001e-05;0.0240903;-0.358446;-15.8825
-13.2088;-128.26;0.0113734;0.0533985;-0.35234;-16.0972
-4.38334;-128.26;0.106092;0.0889487;-0.345112;-16.3199
4.44212;-128.26;0.206621;0.121056;-0.348045;-16.4641
13.2676;-128.26;0.316959;0.146361;-0.355959;-16.5029
22.093;-128.26;0.407715;0.172847;-0.370512;-16.4503
30.9185;-128.26;0.411597;0.194523;-0.379913;-16.2509
39.7439;-128.26;0.329664;0.210879;-0.379245;-15.9417
48.5694;-128.26;0.357268;0.226655;-0.373442;-15.6368
57.3948;-128.26;0.424296;0.24104;-0.363261;-15.2953
66.2203;-128.26;0.461311;0.251731;-0.350571;-14.8608
75.0458;-128.26;0.46609;0.256186;-0.333214;-14.3418
83.8712;-128.26;0.453032;0.253455;-0.310843;-13.7505
92.6967;-128.26;0.43056;0.245404;-0.286672;-13.091
101.522;-128.26;0.442368;0.229997;-0.258014;-12.388
110.348;-128.26;0.456589;0.208871;-0.216186;-11.6117
119.173;-128.26;0.425076;0.189391;-0.177626;-10.8076
127.998;-128.26;0.37355;0.172049;-0.147208;-10.0076
136.824;-128.26;0.401446;0.152396;-0.116976;-9.22752
145.649;-128.26;0.586621;0.124038;-0.0795844;-8.49242
154.475;-128.26;0.682544;0.0942472;-0.0356662;-7.63392
163.3;-128.26;0.591445;0.0526314;-0.00422569;-6.55475
172.126;-128.26;0.334128;0.0204055;0.0217862;-5.36692
180.951;-128.26;0.261674;-0.00484804;0.0444498;-4.32127
189.777;-128.26;0.616094;-0.037147;0.0669688;-3.6422
198.602;-128.26;1.02082;-0.0590135;0.0866917;-3.00303
207.428;-128.26;1.24325;-0.0710119;0.0868668;-2.22585
-189.718;-137.086;0.203984;0.0401006;0.0230744;-2.10797
-180.892;-137.086;0.280538;0.0188851;-0.00187345;-3.06072
-172.067;-137.086;0.26984;-0.0131159;-0.0279672;-4.00616
-163.242;-137.086;0.271118;-0.0364267;-0.0520043;-4.93171
-154.416;-137.086;0.204298;-0.0594654;-0.0812222;-5.80381
-145.591;-137.086;0.113352;-0.0764097;-0.106545;-6.61175
-136.765;-137.086;0.0827192;-0.080829;-0.127084;-7.45463
-127.94;-137.086;0.121488;-0.0691589;-0.143381;-8.27708
-119.114;-137.086;0.124285;-0.0577812;-0.168914;-9.07813
-110.289;-137.086;0.105864;-0.0589202;-0.199454;-9.8315
-101.463;-137.086;0.0537877;-0.0654543;-0.233751;-10.5321
-92.6379;-137.086;0.0451167;-0.0719457;-0.272183;-11.2181
-83.8124;-137.086;0.100233;-0.0747719;-0.306432;-11.9012
-74.987;-137.086;0.141216;-0.0747965;-0.329626;-12.5271
-66.1615;-137.086;0.101795;-0.0747498;-0.350546;-13.0708
-57.3361;-137.086;0.0532972;-0.0732405;-0.369678;-13.6074
-48.5106;-137.086;0.127575;-0.0675165;-0.371464;-14.102
-39.6852;-137.086;0.0286172;-0.045594;-0.369954;-14.4029
-30.8597;-137.086;-0.273566;-0.0150911;-0.369221;-14.4431
-22.0342;-137.086;-0.482986;0.0153118;-0.365195;-14.4766
-13.2088;-137.086;-0.394958;0.0457962;-0.350102;-14.7056
-4.38334;-137.086;-0.160259;0.0882281;-0.328115;-15.0987
4.44212;-137.086;0.0495547;0.122735;-0.322071;-15.3206
13.2676;-137.086;0.184371;0.143714;-0.335546;-15.3675
22.093;-137.086;0.269426;0.162578;-0.352234;-15.3062
30.9185;-137.086;0.29586;0.177772;-0.35728;-15.1308
39.7439;-137.086;0.265419;0.188996;-0.350493;-14.8541
48.5694;-137.086;0.251233;0.202845;-0.347323;-14.5228
57.3948;-137.086;0.287707;0.215044;-0.342361;-14.1564
66.2203;-137.086;0.319391;0.221795;-0.331245;-13.7258
75.0458;-137.086;0.315743;0.223217;-0.314402;-13.2139
83.8712;-137.086;0.274836;0.219424;-0.293509;-12.6178
92.6967;-137.086;0.222079;0.21102;-0.270595;-11.9534
101.522;-137.086;0.240691;0.195378;-0.243071;-11.2881
110.348;-137.086;0.338931;0.176202;-0.202262;-10.6197
119.173;-137.086;0.416958;0.159284;-0.162604;-9.93427
127.998;-137.086;0.452396;0.143256;-0.127612;-9.22056
136.824;-137.086;0.513487;0.122463;-0.0944437;-8.47577
145.649;-137.086;0.639541;0.089108;-0.0645767;-7.69271
154.475;-137.086;0.513453;0.0567432;-0.0347923;-6.67295
163.3;-137.086;0.229613;0.019364;-0.00618539;-5.47928
172.126;-137.086;0.0130513;-0.0075649;0.0257376;-4.35819
180.951;-137.086;0.237327;-0.0368864;0.0538102;-3.57564
189.777;-137.086;0.937864;-0.0778059;0.0803358;-3.19309
198.602;-137.086;1.47691;-0.101494;0.0973068;-2.66116
-189.718;-145.911;0.0902346;0.0227574;0.0329852;-1.42918
-180.892;-145.911;0.159943;0.00719397;0.00662832;-2.35748
-172.067;-145.911;0.170509;-0.0184895;-0.0191967;-3.27842
-163.242;-145.911;0.16695;-0.0380602;-0.0424429;-4.1777
-154.416;-145.911;0.100799;-0.057265;-0.0714437;-5.01962
-145.591;-145.911;0.0122636;-0.0774405;-0.100248;-5.81709
-136.765;-145.911;-0.00793961;-0.0885607;-0.127496;-6.66491
-127.94;-145.911;0.0512452;-0.0796379;-0.147946;-7.49106
-119.114;-145.911;0.0829991;-0.0633868;-0.169793;-8.2694
-110.289;-145.911;0.0553347;-0.0590474;-0.193096;-8.98816
-101.463;-145.911;-0.0207305;-0.0616273;-0.223948;-9.64845
-92.6379;-145.911;-0.0390889;-0.0691658;-0.261382;-10.3079
-83.8124;-145.911;0.0526723;-0.0733413;-0.293115;-10.9874
-74.987;-145.911;0.128562;-0.0718898;-0.315085;-11.6095
-66.1615;-145.911;0.0630938;-0.0687773;-0.339394;-12.1144
-57.3361;-145.911;-0.055923;-0.0655323;-0.364847;-12.5797
-48.5106;-145.911;-0.017129;-0.0688037;-0.373841;-13.0147
-39.6852;-145.911;-0.243782;-0.047883;-0.384682;-13.1846
-30.8597;-145.911;-0.854927;-0.0179656;-0.396947;-13.0115
-22.0342;-145.911;-1.39468;0.0194594;-0.397999;-12.9028
-13.2088;-145.911;-1.38932;0.057441;-0.37814;-13.0987
-4.38334;-145.911;-0.794729;0.0867996;-0.343918;-13.5762
4.44212;-145.911;-0.285505;0.118431;-0.327256;-14.0153
13.2676;-145.911;-0.087395;0.137107;-0.339152;-14.1236
22.093;-145.911;0.0158422;0.150734;-0.3479;-14.0612
30.9185;-145.911;0.0982888;0.159554;-0.34234;-13.9091
39.7439;-145.911;0.154099;0.165277;-0.329916;-13.6855
48.5694;-145.911;0.173692;0.176977;-0.329801;-13.3839
57.3948;-145.911;0.203699;0.187427;-0.329613;-13.0257
66.2203;-145.911;0.23575;0.191688;-0.318551;-12.6096
75.0458;-145.911;0.245227;0.190816;-0.298614;-12.1177
83.8712;-145.911;0.217334;0.185837;-0.274227;-11.5441
92.6967;-145.911;0.169748;0.177095;-0.249019;-10.9105
101.522;-145.911;0.201812;0.163363;-0.22141;-10.2997
110.348;-145.911;0.327222;0.148547;-0.184933;-9.70617
119.173;-145.911;0.437788;0.132233;-0.148996;-9.06512
127.998;-145.911;0.495;0.113217;-0.114928;-8.35251
136.824;-145.911;0.517462;0.0891751;-0.0824295;-7.56465
145.649;-145.911;0.45876;0.0616738;-0.054184;-6.66524
154.475;-145.911;0.306745;0.0266884;-0.0279507;-5.66509
163.3;-145.911;0.153618;-0.013969;-0.00201315;-4.6197
172.126;-145.911;0.179188;-0.0338948;0.0365609;-3.75676
180.951;-145.911;0.701274;-0.0673108;0.0660923;-3.23482
189.777;-145.911;1.50216;-0.111716;0.0886783;-2.91522
198.602;-145.911;1.90135;-0.144225;0.116378;-2.1869
-172.067;-154.736;0.107577;-0.0174202;-0.00335498;-2.55503
-163.242;-154.736;0.0921211;-0.0339847;-0.0260208;-3.41655
-154.416;-154.736;0.0501219;-0.0427767;-0.0476574;-4.21969
-145.591;-154.736;0.00681184;-0.0635845;-0.0774092;-5.02496
-136.765;-154.736;0.000105508;-0.0819546;-0.112064;-5.87151
-127.94;-154.736;0.0375059;-0.0806637;-0.138639;-6.68204
-119.114;-154.736;0.0555528;-0.0686688;-0.156054;-7.42468
-110.289;-154.736;0.0243773;-0.0650678;-0.173024;-8.11851
-101.463;-154.736;-0.0737166;-0.0654151;-0.202114;-8.7537
-92.6379;-154.736;-0.0981052;-0.0711872;-0.239842;-9.38708
-83.8124;-154.736;0.00812484;-0.0725875;-0.269801;-10.0487
-74.987;-154.736;0.0968296;-0.0673189;-0.29143;-10.6475
-66.1615;-154.736;0.0302963;-0.0611603;-0.318375;-11.12
-57.3361;-154.736;-0.120442;-0.0584958;-0.348671;-11.5421
-48.5106;-154.736;-0.119171;-0.0633472;-0.365389;-11.945
-39.6852;-154.736;-0.359953;-0.0522096;-0.384067;-12.0986
-30.8597;-154.736;-0.962424;-0.0275042;-0.404616;-11.9061
-22.0342;-154.736;-1.5519;0.00505706;-0.410286;-11.7366
-13.2088;-154.736;-1.69009;0.0343049;-0.394443;-11.8069
-4.38334;-154.736;-1.19997;0.0565623;-0.368752;-12.1669
4.44212;-154.736;-0.431069;0.0959072;-0.361114;-12.75
13.2676;-154.736;-0.166366;0.11809;-0.359883;-12.9359
22.093;-154.736;-0.0484312;0.131147;-0.351448;-12.8957
30.9185;-154.736;0.0507397;0.13828;-0.334814;-12.7579
39.7439;-154.736;0.133965;0.142046;-0.317656;-12.5611
48.5694;-154.736;0.171547;0.148383;-0.31182;-12.2813
57.3948;-154.736;0.202988;0.155052;-0.309564;-11.9361
66.2203;-154.736;0.234152;0.157798;-0.296802;-11.5325
75.0458;-154.736;0.254001;0.15743;-0.27336;-11.0612
83.8712;-154.736;0.251398;0.153433;-0.244137;-10.5253
92.6967;-154.736;0.231654;0.144939;-0.215952;-9.94372
101.522;-154.736;0.278585;0.132927;-0.188587;-9.38234
110.348;-154.736;0.36806;0.122381;-0.158012;-8.79762
119.173;-154.736;0.400611;0.109184;-0.129691;-8.12139
127.998;-154.736;0.367562;0.0907368;-0.101786;-7.34996
136.824;-154.736;0.317721;0.0667537;-0.0728372;-6.51693
145.649;-154.736;0.262879;0.0401424;-0.0455846;-5.64381
154.475;-154.736;0.299177;0.00563856;-0.0185612;-4.82681
163.3;-154.736;0.485259;-0.0250022;0.0111005;-4.13034
172.126;-154.736;0.865376;-0.0442482;0.0447871;-3.59571
180.951;-154.736;1.47307;-0.0758754;0.072594;-3.17521
189.777;-154.736;1.94556;-0.125464;0.104791;-2.51144
-163.242;-163.562;0.0790152;-0.0229263;-0.00372135;-2.64786
-154.416;-163.562;0.0396887;-0.0308886;-0.025476;-3.43305
-145.591;-163.562;0.0390774;-0.0454627;-0.0486119;-4.23601
-136.765;-163.562;0.0553486;-0.0660523;-0.0816524;-5.05963
-127.94;-163.562;0.0618817;-0.0709801;-0.109089;-5.83486
-119.114;-163.562;0.0588393;-0.0659381;-0.125971;-6.54659
-110.289;-163.562;0.0224944;-0.0685683;-0.143348;-7.2231
-101.463;-163.562;-0.0786302;-0.069008;-0.174498;-7.84776
-92.6379;-163.562;-0.137846;-0.0726678;-0.214366;-8.46356
-83.8124;-163.562;-0.0604198;-0.0722776;-0.244025;-9.09072
-74.987;-163.562;0.0199828;-0.0673673;-0.26632;-9.65595
-66.1615;-163.562;-0.0360208;-0.0627273;-0.293585;-10.1069
-57.3361;-163.562;-0.171488;-0.0607923;-0.324982;-10.5118
-48.5106;-163.562;-0.100055;-0.0656059;-0.343186;-10.9529
-39.6852;-163.562;-0.150417;-0.055174;-0.359504;-11.2479
-30.8597;-163.562;-0.515467;-0.0308786;-0.387083;-11.2503
-22.0342;-163.562;-0.914339;-0.00632602;-0.403331;-11.1544
-13.2088;-163.562;-1.04325;0.01379;-0.395668;-11.1495
-4.38334;-163.562;-0.776274;0.0384131;-0.375675;-11.3588
4.44212;-163.562;-0.223521;0.0698273;-0.374055;-11.7462
13.2676;-163.562;-0.025849;0.0934167;-0.365024;-11.8964
22.093;-163.562;0.0597839;0.107718;-0.344138;-11.8431
30.9185;-163.562;0.127753;0.113928;-0.319209;-11.6819
39.7439;-163.562;0.190742;0.116625;-0.296467;-11.4743
48.5694;-163.562;0.22681;0.118651;-0.278568;-11.2056
57.3948;-163.562;0.256232;0.121803;-0.270572;-10.8691
66.2203;-163.562;0.278704;0.124557;-0.258239;-10.4748
75.0458;-163.562;0.284006;0.126626;-0.235148;-10.0148
83.8712;-163.562;0.275785;0.123961;-0.203054;-9.49715
92.6967;-163.562;0.273613;0.115377;-0.172376;-8.95532
101.522;-163.562;0.31994;0.10528;-0.147148;-8.42758
110.348;-163.562;0.37263;0.096778;-0.12202;-7.83684
119.173;-163.562;0.361049;0.0851153;-0.098843;-7.14942
127.998;-163.562;0.304855;0.0687681;-0.075623;-6.38993
136.824;-163.562;0.268893;0.0496783;-0.0502006;-5.61305
145.649;-163.562;0.298098;0.0295347;-0.0231827;-4.85918
154.475;-163.562;0.516715;0.00498653;0.00695007;-4.21672
163.3;-163.562;0.916972;-0.0199472;0.0336297;-3.74632
172.126;-163.562;1.33577;-0.0447946;0.0579338;-3.26996
180.951;-163.562;1.76178;-0.0842679;0.0800065;-2.70234
189.777;-163.562;1.95386;-0.126528;0.110396;-1.82546
-154.416;-172.387;0.0388049;-0.0237872;-0.00629371;-2.64646
-145.591;-172.387;0.0260543;-0.0425823;-0.0324382;-3.42261
-136.765;-172.387;0.0415776;-0.0586104;-0.0597009;-4.21321
-127.94;-172.387;0.0330074;-0.063805;-0.0836221;-4.94564
-119.114;-172.387;0.0175696;-0.0625861;-0.100919;-5.62688
-110.289;-172.387;-0.00561309;-0.0648484;-0.123602;-6.3056
-101.463;-172.387;-0.0843776;-0.0619725;-0.155168;-6.93357
-92.6379;-172.387;-0.143441;-0.0629515;-0.186928;-7.51997
-83.8124;-172.387;-0.105427;-0.0672297;-0.21146;-8.08885
-74.987;-172.387;-0.0493649;-0.0683941;-0.234632;-8.62495
-66.1615;-172.387;-0.0909403;-0.066055;-0.26083;-9.06345
-57.3361;-172.387;-0.219694;-0.0632766;-0.29036;-9.44848
-48.5106;-172.387;-0.171459;-0.0624445;-0.309015;-9.88334
-39.6852;-172.387;-0.0325098;-0.0530701;-0.321792;-10.2919
-30.8597;-172.387;-0.102992;-0.0350249;-0.345992;-10.4864
-22.0342;-172.387;-0.230359;-0.0172275;-0.365697;-10.5608
-13.2088;-172.387;-0.213068;0.00290458;-0.364674;-10.651
-4.38334;-172.387;-0.0162933;0.0357783;-0.345931;-10.8538
4.44212;-172.387;0.151005;0.0571599;-0.338487;-10.9878
13.2676;-172.387;0.216118;0.0715172;-0.330906;-10.9801
22.093;-172.387;0.217099;0.0831623;-0.311042;-10.8399
30.9185;-172.387;0.209244;0.0886914;-0.284986;-10.6174
39.7439;-172.387;0.228127;0.0906781;-0.258519;-10.3718
48.5694;-172.387;0.27108;0.0911424;-0.23256;-10.0976
57.3948;-172.387;0.289386;0.0950493;-0.217372;-9.76481
66.2203;-172.387;0.29263;0.101346;-0.206097;-9.37929
75.0458;-172.387;0.290331;0.105221;-0.187616;-8.94691
83.8712;-172.387;0.285531;0.102047;-0.158611;-8.467
92.6967;-172.387;0.287534;0.0921904;-0.129381;-7.95489
101.522;-172.387;0.323684;0.0790449;-0.103048;-7.43054
110.348;-172.387;0.381566;0.0685729;-0.0779801;-6.85539
119.173;-172.387;0.392195;0.0582623;-0.0568271;-6.21798
127.998;-172.387;0.374335;0.0469326;-0.0388455;-5.53826
136.824;-172.387;0.389772;0.034517;-0.0199114;-4.85899
145.649;-172.387;0.505516;0.0179153;0.00199424;-4.2245
154.475;-172.387;0.793738;-0.00375018;0.0267908;-3.68653
163.3;-172.387;1.10018;-0.0250836;0.0502246;-3.15764
172.126;-172.387;1.40239;-0.0564044;0.0636503;-2.57976
-145.591;-181.213;-0.00809266;-0.0379585;-0.0172789;-2.58113
-136.765;-181.213;-0.0514037;-0.0525139;-0.0386233;-3.3029
-127.94;-181.213;-0.0842678;-0.0620953;-0.0621374;-4.01177
-119.114;-181.213;-0.122212;-0.0646644;-0.0815476;-4.66126
-110.289;-181.213;-0.135257;-0.0652625;-0.105293;-5.32618
-101.463;-181.213;-0.197982;-0.0552623;-0.131456;-5.92901
-92.6379;-181.213;-0.265882;-0.0529547;-0.155977;-6.47278
-83.8124;-181.213;-0.245224;-0.0575097;-0.173948;-6.99578
-74.987;-181.213;-0.163419;-0.062021;-0.195366;-7.53412
-66.1615;-181.213;-0.145048;-0.0627704;-0.218471;-7.99018
-57.3361;-181.213;-0.242558;-0.059944;-0.242954;-8.35995
-48.5106;-181.213;-0.233608;-0.054981;-0.259937;-8.75233
-39.6852;-181.213;-0.0604836;-0.0461345;-0.270822;-9.17519
-30.8597;-181.213;0.0214196;-0.0338577;-0.285263;-9.45718
-22.0342;-181.213;0.0527812;-0.0212846;-0.298724;-9.64172
-13.2088;-181.213;0.165789;-0.00317265;-0.299452;-9.81155
-4.38334;-181.213;0.36934;0.0236615;-0.287859;-9.98968
4.44212;-181.213;0.385145;0.0397163;-0.284628;-10.0306
13.2676;-181.213;0.370838;0.0473637;-0.277888;-9.9627
22.093;-181.213;0.30413;0.0571519;-0.260444;-9.77291
30.9185;-181.213;0.226294;0.0634476;-0.237168;-9.49896
39.7439;-181.213;0.197626;0.0658577;-0.210935;-9.21595
48.5694;-181.213;0.240356;0.065485;-0.186132;-8.94195
57.3948;-181.213;0.254808;0.0700972;-0.168489;-8.62357
66.2203;-181.213;0.256062;0.077194;-0.1559;-8.25578
75.0458;-181.213;0.266766;0.0812184;-0.139013;-7.85279
83.8712;-181.213;0.278821;0.0792579;-0.11426;-7.41358
92.6967;-181.213;0.283494;0.0720587;-0.0920577;-6.93442
101.522;-181.213;0.291821;0.0626644;-0.0727947;-6.41445
110.348;-181.213;0.330293;0.0524591;-0.051712;-5.85506
119.173;-181.213;0.366243;0.041717;-0.032052;-5.27109
127.998;-181.213;0.402605;0.0311895;-0.0160936;-4.66954
136.824;-181.213;0.472044;0.018517;-0.000669137;-4.06224
145.649;-181.213;0.632686;0.000998301;0.0152469;-3.49068
154.475;-181.213;0.838849;-0.0197455;0.0315992;-2.9157
163.3;-181.213;1.02199;-0.0424597;0.0506908;-2.30547
-136.765;-190.038;-0.103805;-0.0446632;-0.0138617;-2.38288
-127.94;-190.038;-0.133638;-0.0550608;-0.0305886;-3.05601
-119.114;-190.038;-0.178201;-0.061154;-0.0481213;-3.69175
-110.289;-190.038;-0.214024;-0.0613794;-0.0715157;-4.32596
-101.463;-190.038;-0.312312;-0.0485648;-0.0943753;-4.8739
-92.6379;-190.038;-0.439364;-0.0460812;-0.117303;-5.35175
-83.8124;-190.038;-0.429465;-0.0491015;-0.133105;-5.85401
-74.987;-190.038;-0.299572;-0.0523755;-0.1498;-6.40604
-66.1615;-190.038;-0.195734;-0.0532382;-0.16863;-6.90469
-57.3361;-190.038;-0.215419;-0.0510662;-0.188932;-7.29274
-48.5106;-190.038;-0.205376;-0.0458996;-0.202983;-7.64603
-39.6852;-190.038;-0.113741;-0.0377406;-0.211554;-7.99564
-30.8597;-190.038;-0.0345143;-0.0269504;-0.219089;-8.27295
-22.0342;-190.038;0.0503374;-0.0152895;-0.228199;-8.4978
-13.2088;-190.038;0.176067;0.00253234;-0.23464;-8.69655
-4.38334;-190.038;0.309871;0.022311;-0.232612;-8.81794
4.44212;-190.038;0.307591;0.0291775;-0.228037;-8.80828
13.2676;-190.038;0.229242;0.0297994;-0.223633;-8.7013
22.093;-190.038;0.152682;0.0359042;-0.210349;-8.50394
30.9185;-190.038;0.0879796;0.0422728;-0.191868;-8.25747
39.7439;-190.038;0.0704734;0.0452243;-0.170145;-7.99967
48.5694;-190.038;0.11659;0.0460694;-0.148247;-7.74341
57.3948;-190.038;0.141382;0.0506673;-0.129188;-7.44086
66.2203;-190.038;0.164629;0.0551391;-0.113097;-7.10054
75.0458;-190.038;0.204904;0.0577067;-0.0948974;-6.73154
83.8712;-190.038;0.240165;0.0572794;-0.0739387;-6.32963
92.6967;-190.038;0.253287;0.054194;-0.0595723;-5.88516
101.522;-190.038;0.253803;0.0489433;-0.0486079;-5.38656
110.348;-190.038;0.275318;0.0421078;-0.0364198;-4.85373
119.173;-190.038;0.309181;0.0333064;-0.0239541;-4.30708
127.998;-190.038;0.359393;0.0221771;-0.0113291;-3.74553
136.824;-190.038;0.437583;0.00919478;0.00146083;-3.16292
145.649;-190.038;0.568834;-0.0102745;0.0184617;-2.58033
154.475;-190.038;0.689671;-0.0321021;0.0388551;-1.95518
-119.114;-198.864;-0.191407;-0.0493545;-0.0108669;-2.72829
-110.289;-198.864;-0.206851;-0.0486004;-0.029434;-3.31403
-101.463;-198.864;-0.336376;-0.0391579;-0.054901;-3.84812
-92.6379;-198.864;-0.530313;-0.0399226;-0.0822126;-4.2994
-83.8124;-198.864;-0.529665;-0.0427036;-0.0969027;-4.8123
-74.987;-198.864;-0.387191;-0.043057;-0.106896;-5.3557
-66.1615;-198.864;-0.234938;-0.0422575;-0.119517;-5.85376
-57.3361;-198.864;-0.167748;-0.042042;-0.136501;-6.25192
-48.5106;-198.864;-0.157837;-0.0376768;-0.150872;-6.58174
-39.6852;-198.864;-0.123925;-0.0307128;-0.161416;-6.86835
-30.8597;-198.864;-0.0933697;-0.0241295;-0.173484;-7.11414
-22.0342;-198.864;-0.0311365;-0.0158698;-0.185553;-7.32205
-13.2088;-198.864;0.0687303;-0.00134401;-0.193988;-7.49067
-4.38334;-198.864;0.155685;0.0128886;-0.191241;-7.5612
4.44212;-198.864;0.141318;0.0168875;-0.183157;-7.52547
13.2676;-198.864;0.0949395;0.0143585;-0.1762;-7.42011
22.093;-198.864;0.0464379;0.0196813;-0.165591;-7.24691
30.9185;-198.864;-0.0056406;0.0260194;-0.151802;-7.02728
39.7439;-198.864;-0.0278897;0.0285065;-0.13377;-6.78765
48.5694;-198.864;0.0024192;0.0295726;-0.114164;-6.54637
57.3948;-198.864;0.0397654;0.0344461;-0.0939347;-6.2655
66.2203;-198.864;0.0877512;0.0369991;-0.0745276;-5.95671
75.0458;-198.864;0.148636;0.0370286;-0.0542442;-5.61599
83.8712;-198.864;0.197641;0.0357198;-0.0358788;-5.23955
92.6967;-198.864;0.223242;0.0338246;-0.0268003;-4.82261
101.522;-198.864;0.2423;0.0316712;-0.0224685;-4.36621
110.348;-198.864;0.271712;0.0287923;-0.0168314;-3.87124
119.173;-198.864;0.296587;0.0228485;-0.0103155;-3.33683
127.998;-198.864;0.320497;0.0126696;-0.00462346;-2.7815
136.824;-198.864;0.36691;-0.000953503;0.00449112;-2.21327
145.649;-198.864;0.459212;-0.0210602;0.0266461;-1.6168
-119.114;-207.689;-0.270276;-0.0360428;0.0161425;-1.75479
-110.289;-207.689;-0.239609;-0.0333029;-0.000605186;-2.32352
-101.463;-207.689;-0.329051;-0.0291855;-0.0272174;-2.84836
-92.6379;-207.689;-0.481461;-0.0347534;-0.0540845;-3.32081
-83.8124;-207.689;-0.458641;-0.0388345;-0.0636222;-3.82302
-74.987;-207.689;-0.369574;-0.0379186;-0.0701395;-4.3269
-66.1615;-207.689;-0.272917;-0.0368667;-0.0846584;-4.77577
-57.3361;-207.689;-0.212231;-0.0373721;-0.100167;-5.14623
-48.5106;-207.689;-0.190162;-0.0363436;-0.114741;-5.45875
-39.6852;-207.689;-0.18102;-0.0312242;-0.127416;-5.71437
-30.8597;-207.689;-0.15931;-0.0263482;-0.141072;-5.93017
-22.0342;-207.689;-0.115259;-0.0215661;-0.155246;-6.11259
-13.2088;-207.689;-0.0509133;-0.0130485;-0.167113;-6.2561
-4.38334;-207.689;0.00354622;-0.00349311;-0.168586;-6.3181
4.44212;-207.689;0.00477394;0.000768874;-0.159463;-6.28303
13.2676;-207.689;-0.00385704;-0.000704239;-0.148297;-6.19233
22.093;-207.689;-0.0242656;0.00624097;-0.134164;-6.03693
30.9185;-207.689;-0.0591217;0.0113902;-0.117206;-5.83367
39.7439;-207.689;-0.0774599;0.0126562;-0.0966133;-5.61699
48.5694;-207.689;-0.0515214;0.0129095;-0.0752056;-5.39573
57.3948;-207.689;0.00848603;0.0169853;-0.0524793;-5.14002
66.2203;-207.689;0.0832326;0.0181464;-0.0308872;-4.86176
75.0458;-207.689;0.150646;0.0162136;-0.00993408;-4.54391
83.8712;-207.689;0.20666;0.0139222;0.00573174;-4.19494
92.6967;-207.689;0.258251;0.0129152;0.0116924;-3.81357
101.522;-207.689;0.298289;0.0128546;0.0113237;-3.40821
110.348;-207.689;0.331689;0.0123962;0.00977774;-2.92993
119.173;-207.689;0.342435;0.00591722;0.0115475;-2.40099
127.998;-207.689;0.342419;-0.00369428;0.0136551;-1.8473
136.824;-207.689;0.345072;-0.0151255;0.0210002;-1.28041
-83.8124;-216.515;-0.425025;-0.0375688;-0.0368475;-2.82389
-74.987;-216.515;-0.342981;-0.0378669;-0.0440847;-3.27123
-66.1615;-216.515;-0.297231;-0.0360005;-0.058536;-3.68225
-57.3361;-216.515;-0.273867;-0.0359877;-0.0714243;-4.01814
-48.5106;-216.515;-0.270014;-0.035222;-0.0838781;-4.30769
-39.6852;-216.515;-0.248733;-0.0325328;-0.0977394;-4.54996
-30.8597;-216.515;-0.207467;-0.0289471;-0.11422;-4.75162
-22.0342;-216.515;-0.160369;-0.0263025;-0.129955;-4.917
-13.2088;-216.515;-0.115424;-0.0228395;-0.143079;-5.03594
-4.38334;-216.515;-0.0866525;-0.0177673;-0.149388;-5.09377
4.44212;-216.515;-0.0859569;-0.0135173;-0.143928;-5.07927
13.2676;-216.515;-0.084967;-0.0137436;-0.13041;-5.00984
22.093;-216.515;-0.101814;-0.00753135;-0.108066;-4.85447
30.9185;-216.515;-0.121603;-0.0055792;-0.0828773;-4.65887
39.7439;-216.515;-0.108677;-0.00707675;-0.0566812;-4.47268
48.5694;-216.515;-0.0414697;-0.00738382;-0.0300866;-4.29787
57.3948;-216.515;0.0683996;-0.00255594;-0.00206844;-4.0959
66.2203;-216.515;0.166545;-0.00158797;0.02073;-3.86103
75.0458;-216.515;0.239702;-0.00337757;0.0391309;-3.5629
83.8712;-216.515;0.320798;-0.00443466;0.052555;-3.2659
92.6967;-216.515;0.405518;-0.003835;0.0524276;-2.92391
101.522;-216.515;0.466776;-0.00752992;0.0436986;-2.52946
110.348;-216.515;0.457416;-0.0100592;0.0333525;-2.03596
-83.8124;-225.34;-0.409622;-0.0343476;-0.00583919;-1.77582
-74.987;-225.34;-0.322957;-0.0373176;-0.0176429;-2.21205
-66.1615;-225.34;-0.290027;-0.0374197;-0.0326771;-2.59442
-57.3361;-225.34;-0.289719;-0.0365069;-0.0423231;-2.90468
-48.5106;-225.34;-0.302424;-0.0345813;-0.0495886;-3.17086
-39.6852;-225.34;-0.267676;-0.0333474;-0.0632326;-3.41109
-30.8597;-225.34;-0.210982;-0.0317218;-0.0825295;-3.62064
-22.0342;-225.34;-0.170459;-0.0283121;-0.101423;-3.77788
-13.2088;-225.34;-0.146156;-0.0246222;-0.113924;-3.88037
-4.38334;-225.34;-0.140338;-0.0213917;-0.119537;-3.92806
4.44212;-225.34;-0.157586;-0.0198827;-0.117279;-3.91438
13.2676;-225.34;-0.18259;-0.0225616;-0.105259;-3.83906
22.093;-225.34;-0.20455;-0.022205;-0.0756081;-3.68061
30.9185;-225.34;-0.193569;-0.0229429;-0.0442063;-3.52236
39.7439;-225.34;-0.0969596;-0.0240375;-0.0135922;-3.40037
48.5694;-225.34;0.0284013;-0.0218148;0.0169309;-3.2897
57.3948;-225.34;0.197788;-0.0166781;0.0473815;-3.14647
66.2203;-225.34;0.277118;-0.0139037;0.0679039;-2.95705
75.0458;-225.34;0.335775;-0.0147539;0.0797472;-2.6638
83.8712;-225.34;0.402585;-0.0156763;0.0760668;-2.32734
92.6967;-225.34;0.42696;-0.0134804;0.0704078;-1.95015
-39.6852;-234.166;-0.239044;-0.0326744;-0.0248417;-2.31389
-30.8597;-234.166;-0.18196;-0.0332367;-0.0463656;-2.52858
-22.0342;-234.166;-0.162428;-0.0293758;-0.0668206;-2.67693
-13.2088;-234.166;-0.163149;-0.0246067;-0.0769436;-2.75443
-4.38334;-234.166;-0.180063;-0.0210475;-0.0798535;-2.78073
4.44212;-234.166;-0.217999;-0.0221757;-0.0764786;-2.74945
13.2676;-234.166;-0.287226;-0.0287028;-0.0648624;-2.64692
22.093;-234.166;-0.260081;-0.0337576;-0.0347198;-2.54551
30.9185;-234.166;-0.127673;-0.0344674;-0.00348334;-2.5173
39.7439;-234.166;0.112247;-0.0325423;0.0266511;-2.48813
48.5694;-234.166;0.272323;-0.0288632;0.0502602;-2.37646
57.3948;-234.166;0.257318;-0.0227638;0.0656151;-2.13421
66.2203;-234.166;0.114577;-0.0196205;0.0643926;-1.82346
75.0458;-234.166;-0.0343728;-0.0217003;0.0578675;-1.43867
-4.38334;-242.991;-0.169057;-0.0205284;-0.0348211;-1.70135
4.44212;-242.991;-0.202343;-0.0200466;-0.033247;-1.68243
13.2676;-242.991;-0.250817;-0.0259765;-0.0230976;-1.61081
22.093;-242.991;-0.0625753;-0.0324753;0.000961294;-1.641
30.9185;-242.991;0.271728;-0.0334076;0.031504;-1.73134
