x[mm];y[mm];z[mm];x-displacement[mm];y-displacement[mm];z-displacement[mm]
-4.38334;224.758;0.115697;-0.022945;0.0830753;-2.1566
4.44212;224.758;0.0164864;-0.017053;0.0849355;-2.16186
13.2676;224.758;-0.0263853;-0.00744104;0.0799933;-2.12933
22.093;224.758;-0.0573264;-0.00422791;0.0685957;-2.04811
-39.6852;215.933;-0.0236217;-0.0238234;0.105482;-2.48119
-30.8597;215.933;-0.110706;-0.0223664;0.112116;-2.62688
-22.0342;215.933;-0.217603;-0.0197099;0.106697;-2.70042
-13.2088;215.933;-0.282745;-0.0106312;0.102351;-2.82223
-4.38334;215.933;-0.258786;-0.0119718;0.10852;-2.95779
4.44212;215.933;-0.243161;-0.00921287;0.116436;-3.04404
13.2676;215.933;-0.236875;-0.00197158;0.117297;-3.04667
22.093;215.933;-0.216982;0.000795243;0.110645;-2.99957
30.9185;215.933;-0.190114;0.00178837;0.105943;-2.93176
39.7439;215.933;-0.184509;0.00320632;0.0979647;-2.81741
48.5694;215.933;-0.226374;0.00469566;0.0859929;-2.6465
57.3948;215.933;-0.282106;0.0052456;0.0730529;-2.41818
66.2203;215.933;-0.344594;0.00286033;0.0701732;-2.1584
75.0458;215.933;-0.390934;-0.000934751;0.0671558;-1.87149
-74.987;207.107;0.310109;-0.0492792;0.0836763;-2.39387
-66.1615;207.107;0.220077;-0.0406821;0.0952056;-2.71367
-57.3361;207.107;0.0527837;-0.0331974;0.10928;-2.97666
-48.5106;207.107;-0.00835472;-0.031896;0.123013;-3.26759
-39.6852;207.107;-0.0847791;-0.0288586;0.132446;-3.48291
-30.8597;207.107;-0.343077;-0.023914;0.144681;-3.53009
-22.0342;207.107;-0.616261;-0.0180742;0.143248;-3.48475
-13.2088;207.107;-0.691359;-0.00807418;0.134656;-3.56813
-4.38334;207.107;-0.578334;-0.00372422;0.130189;-3.73841
4.44212;207.107;-0.485139;0.000669769;0.139678;-3.89281
13.2676;207.107;-0.40193;0.00617932;0.145485;-3.96893
22.093;207.107;-0.315914;0.00807552;0.14261;-3.98242
30.9185;207.107;-0.244018;0.0103431;0.135697;-3.94593
39.7439;207.107;-0.213265;0.0148386;0.123001;-3.84259
48.5694;207.107;-0.231486;0.0179947;0.106567;-3.67376
57.3948;207.107;-0.284992;0.0194863;0.0942688;-3.43477
66.2203;207.107;-0.341313;0.0193975;0.0929784;-3.16951
75.0458;207.107;-0.380589;0.0163207;0.0919772;-2.87207
83.8712;207.107;-0.390712;0.0107665;0.0835357;-2.54117
92.6967;207.107;-0.374898;0.00651585;0.0648698;-2.16246
-110.289;198.282;0.583516;-0.0325187;0.0457672;-1.59326
-101.463;198.282;0.489507;-0.0450714;0.0666925;-2.0856
-92.6379;198.282;0.390211;-0.059129;0.0852658;-2.57
-83.8124;198.282;0.339983;-0.065078;0.095607;-3.02241
-74.987;198.282;0.263229;-0.0581666;0.103594;-3.43695
-66.1615;198.282;0.117529;-0.0435887;0.11167;-3.74841
-57.3361;198.282;-0.0883866;-0.0318111;0.127662;-3.99409
-48.5106;198.282;-0.117861;-0.0313189;0.1384;-4.26636
-39.6852;198.282;-0.151734;-0.0282327;0.144641;-4.49844
-30.8597;198.282;-0.371237;-0.0224238;0.158233;-4.57229
-22.0342;198.282;-0.571981;-0.0177905;0.158958;-4.56457
-13.2088;198.282;-0.599976;-0.00918546;0.149488;-4.65383
-4.38334;198.282;-0.463282;-0.00311871;0.140356;-4.81787
4.44212;198.282;-0.364679;0.00204523;0.148864;-4.97249
13.2676;198.282;-0.290782;0.00802709;0.158385;-5.06203
22.093;198.282;-0.237665;0.013305;0.158635;-5.07246
30.9185;198.282;-0.20546;0.0189982;0.151042;-5.01196
39.7439;198.282;-0.194017;0.0247949;0.137409;-4.89052
48.5694;198.282;-0.199538;0.027906;0.123084;-4.72075
57.3948;198.282;-0.240019;0.0299675;0.113223;-4.4845
66.2203;198.282;-0.284398;0.0325123;0.112418;-4.21589
75.0458;198.282;-0.313877;0.0319993;0.109123;-3.90672
83.8712;198.282;-0.315215;0.0277571;0.099874;-3.55523
92.6967;198.282;-0.30735;0.0219884;0.0844746;-3.16434
101.522;198.282;-0.292857;0.0150262;0.0711392;-2.74776
110.348;198.282;-0.266497;0.00546444;0.0556933;-2.30653
-101.463;189.456;0.583998;-0.0683124;0.0815962;-3.10181
-92.6379;189.456;0.499634;-0.0788662;0.0958112;-3.60219
-83.8124;189.456;0.376132;-0.081246;0.111251;-4.04375
-74.987;189.456;0.209713;-0.0691647;0.122256;-4.41757
-66.1615;189.456;0.0105991;-0.0469657;0.133079;-4.74666
-57.3361;189.456;-0.165576;-0.0312647;0.137035;-4.96558
-48.5106;189.456;-0.22232;-0.0289076;0.144214;-5.21317
-39.6852;189.456;-0.204346;-0.0258541;0.147479;-5.50447
-30.8597;189.456;-0.258025;-0.0201148;0.158487;-5.72484
-22.0342;189.456;-0.310302;-0.0129627;0.160858;-5.85792
-13.2088;189.456;-0.287012;-0.0036505;0.154076;-5.98618
-4.38334;189.456;-0.184105;0.0031398;0.146725;-6.12262
4.44212;189.456;-0.130452;0.00762827;0.154176;-6.22645
13.2676;189.456;-0.107682;0.0120124;0.163588;-6.25518
22.093;189.456;-0.107904;0.0184454;0.165811;-6.2117
30.9185;189.456;-0.11755;0.0259256;0.159649;-6.1109
39.7439;189.456;-0.125036;0.0319701;0.148144;-5.96735
48.5694;189.456;-0.12687;0.0341756;0.137759;-5.78959
57.3948;189.456;-0.15668;0.0367995;0.130911;-5.55121
66.2203;189.456;-0.192424;0.0407632;0.12742;-5.27179
75.0458;189.456;-0.217161;0.0423863;0.120761;-4.94812
83.8712;189.456;-0.224744;0.0402276;0.109602;-4.58234
92.6967;189.456;-0.224059;0.035141;0.096139;-4.17658
101.522;189.456;-0.222112;0.0280386;0.0840758;-3.73851
110.348;189.456;-0.204009;0.0197387;0.0707409;-3.26278
119.173;189.456;-0.165647;0.00896303;0.0535478;-2.77219
127.998;189.456;-0.110056;-0.00319845;0.0354454;-2.25561
136.824;189.456;-0.089791;-0.0183463;0.0155295;-1.67585
-127.94;180.631;0.74136;-0.0566356;0.0358808;-2.30307
-119.114;180.631;0.686113;-0.0694755;0.0567702;-2.89057
-110.289;180.631;0.664279;-0.0833402;0.0773091;-3.47914
-101.463;180.631;0.664402;-0.0960736;0.0902196;-4.02783
-92.6379;180.631;0.523733;-0.10351;0.112521;-4.50473
-83.8124;180.631;0.277093;-0.102656;0.139141;-4.87222
-74.987;180.631;0.0972331;-0.0861569;0.154477;-5.27884
-66.1615;180.631;0.0192403;-0.0571559;0.152014;-5.73796
-57.3361;180.631;-0.0384827;-0.03553;0.139127;-6.04044
-48.5106;180.631;-0.169323;-0.028513;0.146454;-6.27956
-39.6852;180.631;-0.144168;-0.0281672;0.150499;-6.55669
-30.8597;180.631;-0.0963;-0.0248998;0.158446;-6.83774
-22.0342;180.631;-0.0527723;-0.0178844;0.160648;-7.04331
-13.2088;180.631;-0.0100783;-0.00835825;0.157591;-7.19309
-4.38334;180.631;0.0303358;-0.000712683;0.154978;-7.30115
4.44212;180.631;0.0252143;0.00388868;0.161381;-7.35669
13.2676;180.631;0.00450403;0.00984154;0.169818;-7.35064
22.093;180.631;-0.018546;0.0182752;0.172978;-7.28777
30.9185;180.631;-0.0338622;0.0275536;0.169281;-7.17988
39.7439;180.631;-0.0388275;0.0348477;0.160915;-7.03411
48.5694;180.631;-0.0408076;0.0377145;0.152877;-6.84949
57.3948;180.631;-0.0684124;0.0409769;0.147316;-6.60517
66.2203;180.631;-0.0989539;0.045137;0.141083;-6.31486
75.0458;180.631;-0.11699;0.0478598;0.13246;-5.98114
83.8712;180.631;-0.123474;0.0481053;0.122421;-5.60361
92.6967;180.631;-0.135698;0.0461057;0.112554;-5.17829
101.522;180.631;-0.159817;0.041117;0.102844;-4.70876
110.348;180.631;-0.164297;0.0313894;0.0881366;-4.2022
119.173;180.631;-0.142405;0.0197144;0.0699696;-3.67362
127.998;180.631;-0.0925073;0.00940266;0.0511764;-3.13471
136.824;180.631;-0.0336097;-0.00176638;0.0352261;-2.59023
145.649;180.631;-0.0379364;-0.0140957;0.0134301;-1.95935
154.475;180.631;-0.0880527;-0.0347497;-0.0139413;-1.22844
-136.765;171.805;0.823981;-0.0694275;0.038705;-2.54793
-127.94;171.805;0.752558;-0.0786628;0.056074;-3.16287
-119.114;171.805;0.659385;-0.0913054;0.0782855;-3.77158
-110.289;171.805;0.605675;-0.106175;0.0987956;-4.37222
-101.463;171.805;0.586648;-0.118356;0.110469;-4.92292
-92.6379;171.805;0.353907;-0.124335;0.139943;-5.35573
-83.8124;171.805;0.0423124;-0.12324;0.178784;-5.72443
-74.987;171.805;0.0235992;-0.106253;0.188861;-6.20566
-66.1615;171.805;0.190632;-0.0751438;0.165681;-6.77846
-57.3361;171.805;0.257199;-0.0496755;0.140507;-7.1775
-48.5106;171.805;0.104918;-0.0397887;0.148689;-7.42571
-39.6852;171.805;0.0433318;-0.035457;0.163107;-7.6671
-30.8597;171.805;0.0524267;-0.0302483;0.176173;-7.92566
-22.0342;171.805;0.0785416;-0.0222387;0.180608;-8.12401
-13.2088;171.805;0.0910024;-0.0118862;0.179956;-8.25784
-4.38334;171.805;0.078394;-0.00199736;0.17959;-8.33687
4.44212;171.805;0.0379231;0.00516033;0.182727;-8.36573
13.2676;171.805;0.0116114;0.011605;0.188869;-8.35623
22.093;171.805;0.000758321;0.0206614;0.193026;-8.30696
30.9185;171.805;0.00878433;0.0308177;0.191267;-8.21676
39.7439;171.805;0.025114;0.0394605;0.183717;-8.08063
48.5694;171.805;0.0270535;0.0445768;0.174969;-7.89039
57.3948;171.805;0.00249064;0.0492676;0.168363;-7.64198
66.2203;171.805;-0.0158436;0.053749;0.160213;-7.34946
75.0458;171.805;-0.019499;0.057082;0.14986;-7.01089
83.8712;171.805;-0.0225791;0.0589464;0.140042;-6.6194
92.6967;171.805;-0.0516835;0.059437;0.133786;-6.16911
101.522;171.805;-0.107861;0.0572197;0.126863;-5.67013
110.348;171.805;-0.127719;0.0487658;0.110052;-5.13961
119.173;171.805;-0.118421;0.0378463;0.0891827;-4.58434
127.998;171.805;-0.0956692;0.026875;0.0695629;-4.00774
136.824;171.805;-0.0720438;0.01716;0.0536406;-3.41935
145.649;171.805;-0.000470801;0.0019524;0.0350212;-2.82392
154.475;171.805;-0.0605814;-0.0129851;0.0143628;-2.12028
163.3;171.805;-0.197614;-0.0357824;-0.00418971;-1.36218
-145.591;162.98;0.837597;-0.077522;0.0427432;-2.69045
-136.765;162.98;0.816915;-0.0888439;0.0584184;-3.36305
-127.94;162.98;0.763065;-0.096481;0.0763798;-4.01889
-119.114;162.98;0.671533;-0.106581;0.0967094;-4.63104
-110.289;162.98;0.60992;-0.118159;0.113178;-5.23121
-101.463;162.98;0.578392;-0.127567;0.120547;-5.779
-92.6379;162.98;0.369591;-0.13293;0.145564;-6.25336
-83.8124;162.98;0.145807;-0.131915;0.177616;-6.68567
-74.987;162.98;0.285139;-0.114275;0.18011;-7.23582
-66.1615;162.98;0.504146;-0.0831561;0.152837;-7.81474
-57.3361;162.98;0.49011;-0.055794;0.135192;-8.24307
-48.5106;162.98;0.316794;-0.0457735;0.151072;-8.49937
-39.6852;162.98;0.244764;-0.0396765;0.172694;-8.73482
-30.8597;162.98;0.227106;-0.0329623;0.192015;-8.97076
-22.0342;162.98;0.207122;-0.0241963;0.202691;-9.1551
-13.2088;162.98;0.171305;-0.012887;0.206577;-9.27597
-4.38334;162.98;0.1276;-0.000534254;0.208204;-9.34156
4.44212;162.98;0.0853959;0.00952639;0.209822;-9.36913
13.2676;162.98;0.0692868;0.0178574;0.214134;-9.36953
22.093;162.98;0.0652888;0.0280346;0.218278;-9.33133
30.9185;162.98;0.0765865;0.0386949;0.217992;-9.24888
39.7439;162.98;0.0964684;0.0476043;0.211215;-9.11572
48.5694;162.98;0.107276;0.0534981;0.202905;-8.92449
57.3948;162.98;0.0852653;0.0591043;0.194941;-8.6658
66.2203;162.98;0.0618384;0.0645168;0.184282;-8.35597
75.0458;162.98;0.0532975;0.0688025;0.171523;-8.00105
83.8712;162.98;0.0460011;0.0717901;0.160393;-7.59472
92.6967;162.98;0.0134802;0.0732622;0.154406;-7.12862
101.522;162.98;-0.0480878;0.0724637;0.149272;-6.61803
110.348;162.98;-0.0498414;0.0660632;0.130782;-6.09347
119.173;162.98;-0.0175978;0.0563179;0.106119;-5.5386
127.998;162.98;0.0241493;0.0450169;0.0828688;-4.95201
136.824;162.98;0.0615579;0.0323956;0.0640043;-4.34407
145.649;162.98;0.0962492;0.0175017;0.04423;-3.71803
154.475;162.98;0.0230146;0.00382206;0.0259879;-2.98966
163.3;162.98;-0.0723203;-0.0127232;0.0186982;-2.22991
-163.242;154.154;0.886553;-0.0563155;0.0250797;-1.96351
-154.416;154.154;0.826943;-0.0751618;0.0435905;-2.72066
-145.591;154.154;0.800904;-0.0914749;0.060144;-3.45835
-136.765;154.154;0.802877;-0.102326;0.0741818;-4.17143
-127.94;154.154;0.768334;-0.111091;0.0921845;-4.85256
-119.114;154.154;0.703513;-0.119407;0.110039;-5.48994
-110.289;154.154;0.667398;-0.127533;0.12207;-6.09944
-101.463;154.154;0.671508;-0.132267;0.124059;-6.677
-92.6379;154.154;0.564537;-0.133512;0.135564;-7.21962
-83.8124;154.154;0.484761;-0.129255;0.151107;-7.72584
-74.987;154.154;0.566829;-0.108802;0.153624;-8.30349
-66.1615;154.154;0.636294;-0.0803463;0.140085;-8.81176
-57.3361;154.154;0.552936;-0.0580324;0.136857;-9.19609
-48.5106;154.154;0.39265;-0.0510102;0.157742;-9.46193
-39.6852;154.154;0.352508;-0.044306;0.181535;-9.72109
-30.8597;154.154;0.341842;-0.0362163;0.203307;-9.96146
-22.0342;154.154;0.324446;-0.0269547;0.217962;-10.155
-13.2088;154.154;0.286319;-0.0157225;0.226375;-10.2869
-4.38334;154.154;0.23356;-0.00292339;0.232326;-10.3604
4.44212;154.154;0.186996;0.00955485;0.236004;-10.3956
13.2676;154.154;0.170387;0.0203869;0.2398;-10.3991
22.093;154.154;0.146456;0.0337508;0.242909;-10.3487
30.9185;154.154;0.129622;0.0468567;0.242708;-10.248
39.7439;154.154;0.126977;0.0574248;0.235733;-10.1001
48.5694;154.154;0.12816;0.0643651;0.228035;-9.89626
57.3948;154.154;0.0921526;0.070659;0.221238;-9.61762
66.2203;154.154;0.0547012;0.0763711;0.211064;-9.28991
75.0458;154.154;0.049547;0.0805862;0.196499;-8.92955
83.8712;154.154;0.0617202;0.0835849;0.181435;-8.5272
92.6967;154.154;0.0582865;0.084333;0.171101;-8.06318
101.522;154.154;0.0266926;0.0827935;0.164755;-7.54883
110.348;154.154;0.0431097;0.0775358;0.147853;-7.02529
119.173;154.154;0.0870945;0.0694064;0.124016;-6.47031
127.998;154.154;0.129544;0.058015;0.0991108;-5.87165
136.824;154.154;0.143435;0.0439423;0.0772657;-5.23221
145.649;154.154;0.142593;0.0294024;0.0554512;-4.56521
154.475;154.154;0.0801879;0.0148011;0.0371365;-3.83294
163.3;154.154;0.000977632;0.00114374;0.0284961;-3.04904
172.126;154.154;-0.0531517;-0.0107115;0.0287857;-2.28038
180.951;154.154;-0.0311223;-0.0206977;0.0290343;-1.48259
-172.067;145.329;0.807606;-0.0501369;0.0214489;-1.86491
-163.242;145.329;0.847531;-0.0665721;0.0359092;-2.66529
-154.416;145.329;0.806696;-0.0829734;0.0540641;-3.44354
-145.591;145.329;0.782828;-0.0981578;0.0691901;-4.20521
-136.765;145.329;0.780434;-0.113349;0.0863125;-4.94898
-127.94;145.329;0.754241;-0.12451;0.103651;-5.65964
-119.114;145.329;0.712524;-0.133072;0.119458;-6.32438
-110.289;145.329;0.691507;-0.139964;0.130038;-6.96061
-101.463;145.329;0.704234;-0.140922;0.131759;-7.57214
-92.6379;145.329;0.680252;-0.134986;0.133596;-8.15648
-83.8124;145.329;0.669418;-0.126576;0.140713;-8.70966
-74.987;145.329;0.679457;-0.108423;0.139927;-9.22948
-66.1615;145.329;0.646387;-0.0860039;0.136641;-9.68411
-57.3361;145.329;0.543389;-0.0690358;0.143737;-10.0574
-48.5106;145.329;0.422617;-0.0628451;0.165823;-10.3493
-39.6852;145.329;0.396665;-0.0535825;0.188792;-10.6388
-30.8597;145.329;0.386366;-0.0430872;0.21002;-10.8946
-22.0342;145.329;0.368195;-0.0321196;0.226237;-11.1067
-13.2088;145.329;0.326093;-0.0190916;0.238498;-11.2581
-4.38334;145.329;0.264675;-0.00454668;0.249926;-11.3407
4.44212;145.329;0.208638;0.0102032;0.25758;-11.3758
13.2676;145.329;0.185411;0.0232462;0.262089;-11.3706
22.093;145.329;0.155235;0.0382008;0.263447;-11.3071
30.9185;145.329;0.128264;0.0525973;0.2617;-11.1923
39.7439;145.329;0.111464;0.0652945;0.254049;-11.0328
48.5694;145.329;0.100066;0.0741544;0.24647;-10.8136
57.3948;145.329;0.0684286;0.0807282;0.241807;-10.5279
66.2203;145.329;0.0461578;0.0864207;0.234188;-10.2017
75.0458;145.329;0.06268;0.0909827;0.219697;-9.85175
83.8712;145.329;0.100952;0.0946971;0.200917;-9.46227
92.6967;145.329;0.131164;0.094791;0.18452;-9.00419
101.522;145.329;0.137413;0.0921201;0.174712;-8.49252
110.348;145.329;0.153527;0.0882635;0.160881;-7.96046
119.173;145.329;0.174566;0.08295;0.141078;-7.3855
127.998;145.329;0.187155;0.0729002;0.117257;-6.75672
136.824;145.329;0.179387;0.0576205;0.0936323;-6.08218
145.649;145.329;0.162699;0.0428466;0.06998;-5.38156
154.475;145.329;0.118982;0.0279292;0.0486529;-4.63512
163.3;145.329;0.0580524;0.0126116;0.0362133;-3.85436
172.126;145.329;0.00154549;-0.00196821;0.0285534;-3.04056
180.951;145.329;0.00270379;-0.0143523;0.025992;-2.24136
189.777;145.329;-0.0437607;-0.0294838;0.0177594;-1.38626
-172.067;136.504;0.805649;-0.0547294;0.030207;-2.52286
-163.242;136.504;0.813697;-0.0720737;0.0428001;-3.35573
-154.416;136.504;0.794596;-0.089414;0.0602677;-4.15326
-145.591;136.504;0.77576;-0.106519;0.0777888;-4.93418
-136.765;136.504;0.75271;-0.123977;0.0953156;-5.69631
-127.94;136.504;0.723323;-0.135372;0.109997;-6.41968
-119.114;136.504;0.691541;-0.143694;0.122552;-7.10288
-110.289;136.504;0.668655;-0.150753;0.132622;-7.76057
-101.463;136.504;0.664742;-0.151029;0.137762;-8.38866
-92.6379;136.504;0.665932;-0.140778;0.138791;-8.97379
-83.8124;136.504;0.651805;-0.130774;0.145471;-9.52224
-74.987;136.504;0.639557;-0.117129;0.14634;-10.0342
-66.1615;136.504;0.594988;-0.101304;0.148906;-10.494
-57.3361;136.504;0.513426;-0.0870432;0.160668;-10.895
-48.5106;136.504;0.432535;-0.0766687;0.181702;-11.2338
-39.6852;136.504;0.396839;-0.064455;0.201759;-11.5352
-30.8597;136.504;0.368579;-0.0518188;0.220938;-11.7951
-22.0342;136.504;0.331408;-0.0387133;0.237187;-12.0082
-13.2088;136.504;0.273207;-0.0233309;0.251511;-12.1605
-4.38334;136.504;0.201181;-0.00645773;0.266023;-12.2437
4.44212;136.504;0.140583;0.0102891;0.27692;-12.2747
13.2676;136.504;0.122599;0.0259429;0.281846;-12.2728
22.093;136.504;0.114553;0.0423349;0.280967;-12.2237
30.9185;136.504;0.107246;0.0578523;0.276757;-12.1201
39.7439;136.504;0.0950112;0.0726572;0.267348;-11.9603
48.5694;136.504;0.0769003;0.0850787;0.258246;-11.7347
57.3948;136.504;0.0582407;0.0943742;0.25406;-11.4551
66.2203;136.504;0.0627894;0.10135;0.248796;-11.1396
75.0458;136.504;0.0885316;0.107426;0.235979;-10.7888
83.8712;136.504;0.120064;0.112638;0.21655;-10.3824
92.6967;136.504;0.148358;0.112981;0.196798;-9.90248
101.522;136.504;0.182392;0.109822;0.183741;-9.39333
110.348;136.504;0.193415;0.107291;0.171301;-8.85117
119.173;136.504;0.185475;0.103817;0.154624;-8.24706
127.998;136.504;0.174166;0.0940882;0.132515;-7.58672
136.824;136.504;0.170106;0.0777337;0.108445;-6.89325
145.649;136.504;0.157588;0.0619198;0.0841971;-6.172
154.475;136.504;0.130062;0.0458006;0.0608074;-5.40824
163.3;136.504;0.0786284;0.0298845;0.0446233;-4.60903
172.126;136.504;0.020828;0.0123632;0.0315111;-3.78367
180.951;136.504;-0.00265896;-0.00732996;0.0191726;-2.95103
189.777;136.504;-0.0116348;-0.0240666;0.0143652;-2.08749
-180.892;127.678;0.828924;-0.035965;0.0251772;-2.29532
-172.067;127.678;0.801448;-0.0525027;0.0336575;-3.14381
-163.242;127.678;0.772076;-0.0776584;0.0534178;-4.0126
-154.416;127.678;0.763932;-0.100055;0.0722972;-4.84359
-145.591;127.678;0.747952;-0.120228;0.090547;-5.65206
-136.765;127.678;0.716373;-0.136126;0.107157;-6.42923
-127.94;127.678;0.686062;-0.143896;0.118347;-7.16158
-119.114;127.678;0.656039;-0.149476;0.126686;-7.86103
-110.289;127.678;0.630273;-0.155704;0.135656;-8.54191
-101.463;127.678;0.619002;-0.157079;0.144842;-9.19209
-92.6379;127.678;0.603199;-0.147734;0.152466;-9.79057
-83.8124;127.678;0.570625;-0.137773;0.160326;-10.3361
-74.987;127.678;0.547975;-0.128506;0.164355;-10.8517
-66.1615;127.678;0.515915;-0.11803;0.172174;-11.3275
-57.3361;127.678;0.464648;-0.104674;0.187844;-11.75
-48.5106;127.678;0.406221;-0.0894368;0.20807;-12.1086
-39.6852;127.678;0.364236;-0.0751958;0.224651;-12.4278
-30.8597;127.678;0.317258;-0.0597668;0.242526;-12.7027
-22.0342;127.678;0.264204;-0.0421556;0.258214;-12.9218
-13.2088;127.678;0.195112;-0.0233002;0.271905;-13.0753
-4.38334;127.678;0.121168;-0.00459229;0.286392;-13.1605
4.44212;127.678;0.071985;0.0137804;0.297671;-13.1957
13.2676;127.678;0.0781889;0.0306614;0.301632;-13.2021
22.093;127.678;0.0984438;0.0480808;0.297821;-13.1679
30.9185;127.678;0.115528;0.0646806;0.289795;-13.078
39.7439;127.678;0.113851;0.0805484;0.277377;-12.9144
48.5694;127.678;0.0891779;0.0966304;0.266818;-12.6792
57.3948;127.678;0.0547438;0.110705;0.260916;-12.3822
66.2203;127.678;0.0508032;0.119263;0.25612;-12.0468
75.0458;127.678;0.0435258;0.12628;0.244414;-11.651
83.8712;127.678;0.00996811;0.132502;0.227288;-11.1684
92.6967;127.678;-0.0258809;0.135739;0.210388;-10.6244
101.522;127.678;0.0105902;0.134171;0.197331;-10.1093
110.348;127.678;0.038922;0.132122;0.183829;-9.57028
119.173;127.678;0.0469589;0.12826;0.165932;-8.96415
127.998;127.678;0.0627845;0.117188;0.14269;-8.309
136.824;127.678;0.096991;0.100795;0.117887;-7.63266
145.649;127.678;0.101026;0.0848131;0.0950902;-6.90776
154.475;127.678;0.0734808;0.0685779;0.0719359;-6.12267
163.3;127.678;0.0277104;0.0523982;0.0543292;-5.30499
172.126;127.678;-0.0133822;0.0340363;0.0377273;-4.46847
180.951;127.678;-0.0266013;0.0135969;0.022993;-3.62603
189.777;127.678;-0.0626959;-0.00384442;0.0193552;-2.75906
198.602;127.678;-0.103846;-0.0234859;0.0131997;-1.83902
207.428;127.678;0.108123;-0.0473042;-0.00901273;-0.899176
-189.718;118.853;0.792015;-0.028167;0.0246443;-2.00401
-180.892;118.853;0.770748;-0.0397924;0.0315758;-2.87267
-172.067;118.853;0.756336;-0.0605372;0.0486256;-3.76972
-163.242;118.853;0.721902;-0.0869064;0.0693755;-4.64747
-154.416;118.853;0.712321;-0.112873;0.0890546;-5.51077
-145.591;118.853;0.704309;-0.132999;0.105765;-6.34503
-136.765;118.853;0.676575;-0.147421;0.121505;-7.14442
-127.94;118.853;0.650239;-0.152999;0.130701;-7.89431
-119.114;118.853;0.623314;-0.156014;0.135751;-8.61202
-110.289;118.853;0.605123;-0.15993;0.142692;-9.31367
-101.463;118.853;0.605995;-0.1611;0.153257;-9.98436
-92.6379;118.853;0.576178;-0.154375;0.165185;-10.6014
-83.8124;118.853;0.51075;-0.145552;0.174929;-11.1567
-74.987;118.853;0.460758;-0.139036;0.18304;-11.6828
-66.1615;118.853;0.421909;-0.131932;0.196473;-12.1755
-57.3361;118.853;0.382425;-0.119632;0.216342;-12.618
-48.5106;118.853;0.341352;-0.102734;0.236527;-12.9951
-39.6852;118.853;0.314086;-0.0887792;0.252263;-13.3388
-30.8597;118.853;0.286054;-0.0710429;0.266911;-13.6316
-22.0342;118.853;0.247791;-0.0491752;0.279103;-13.8629
-13.2088;118.853;0.190214;-0.0276124;0.289334;-14.029
-4.38334;118.853;0.133198;-0.00852959;0.301222;-14.1324
4.44212;118.853;0.106272;0.00935012;0.311898;-14.1861
13.2676;118.853;0.1125;0.0275968;0.316489;-14.1938
22.093;118.853;0.108312;0.0478173;0.312288;-14.1418
30.9185;118.853;0.100004;0.066394;0.300774;-14.0199
39.7439;118.853;0.0764251;0.084957;0.285912;-13.8253
48.5694;118.853;0.0185353;0.104469;0.27588;-13.5492
57.3948;118.853;-0.0874984;0.123879;0.270424;-13.1895
66.2203;118.853;-0.167016;0.136319;0.265241;-12.7858
75.0458;118.853;-0.205024;0.143771;0.250272;-12.3392
83.8712;118.853;-0.302974;0.15374;0.231822;-11.7892
92.6967;118.853;-0.444649;0.157423;0.214306;-11.1337
101.522;118.853;-0.481439;0.15746;0.199764;-10.5466
110.348;118.853;-0.42047;0.155824;0.187694;-10.0166
119.173;118.853;-0.341089;0.152769;0.171759;-9.46094
127.998;118.853;-0.238193;0.140885;0.14957;-8.865
136.824;118.853;-0.129135;0.125169;0.124673;-8.23855
145.649;118.853;-0.0921384;0.109451;0.102977;-7.52469
154.475;118.853;-0.097316;0.093937;0.0801071;-6.73862
163.3;118.853;-0.110744;0.0775582;0.0609851;-5.92051
172.126;118.853;-0.113219;0.0599377;0.0439339;-5.09092
180.951;118.853;-0.0995761;0.0406362;0.0298762;-4.25387
189.777;118.853;-0.109909;0.0205802;0.0229489;-3.38315
198.602;118.853;-0.127878;0.0004636;0.0207472;-2.46279
207.428;118.853;0.0562418;-0.0228913;0.00798355;-1.52888
-189.718;110.027;0.712601;-0.0473373;0.0361168;-2.55994
-180.892;110.027;0.682247;-0.0585214;0.0480747;-3.4499
-172.067;110.027;0.686482;-0.0759517;0.0655548;-4.36165
-163.242;110.027;0.66218;-0.0997449;0.0838902;-5.26351
-154.416;110.027;0.653484;-0.123652;0.10074;-6.15123
-145.591;110.027;0.656086;-0.142625;0.116354;-7.01203
-136.765;110.027;0.639825;-0.157115;0.132645;-7.83836
-127.94;110.027;0.608124;-0.165211;0.142778;-8.61312
-119.114;110.027;0.572519;-0.170506;0.148808;-9.35707
-110.289;110.027;0.55261;-0.174871;0.155882;-10.0838
-101.463;110.027;0.551412;-0.175975;0.166546;-10.7784
-92.6379;110.027;0.517923;-0.169049;0.178343;-11.4095
-83.8124;110.027;0.456506;-0.157799;0.185425;-11.9782
-74.987;110.027;0.405808;-0.151243;0.193007;-12.5226
-66.1615;110.027;0.362296;-0.145775;0.207571;-13.0368
-57.3361;110.027;0.329053;-0.134744;0.229436;-13.499
-48.5106;110.027;0.308854;-0.117774;0.251311;-13.8966
-39.6852;110.027;0.291543;-0.102849;0.268992;-14.2608
-30.8597;110.027;0.268469;-0.0831316;0.283102;-14.5702
-22.0342;110.027;0.236275;-0.0593352;0.293422;-14.8174
-13.2088;110.027;0.18914;-0.0372918;0.301393;-15.0031
-4.38334;110.027;0.145118;-0.0177034;0.310948;-15.128
4.44212;110.027;0.123493;0.00191833;0.320294;-15.1942
13.2676;110.027;0.115469;0.0224891;0.325928;-15.1991
22.093;110.027;0.0881116;0.0434695;0.323896;-15.1322
30.9185;110.027;0.0577773;0.0612278;0.312413;-14.9805
39.7439;110.027;0.0150848;0.0836392;0.296032;-14.76
48.5694;110.027;-0.0517935;0.112672;0.284211;-14.4729
57.3948;110.027;-0.141246;0.141394;0.277904;-14.1166
66.2203;110.027;-0.179126;0.157876;0.274072;-13.7327
75.0458;110.027;-0.173451;0.167132;0.25685;-13.3079
83.8712;110.027;-0.276364;0.179239;0.232238;-12.7468
92.6967;110.027;-0.472678;0.181611;0.211254;-12.0235
101.522;110.027;-0.607892;0.180946;0.194154;-11.324
110.348;110.027;-0.598959;0.178967;0.180382;-10.7135
119.173;110.027;-0.528729;0.176429;0.165517;-10.127
127.998;110.027;-0.410606;0.163966;0.147111;-9.52382
136.824;110.027;-0.277395;0.149066;0.126728;-8.90266
145.649;110.027;-0.192591;0.134143;0.109141;-8.20464
154.475;110.027;-0.160542;0.119423;0.0878957;-7.42608
163.3;110.027;-0.1381;0.102113;0.0676922;-6.60675
172.126;110.027;-0.113297;0.0834656;0.0507169;-5.76882
180.951;110.027;-0.0866274;0.0640771;0.0378293;-4.91807
189.777;110.027;-0.0673527;0.0424521;0.0290482;-4.04019
198.602;110.027;-0.0735435;0.0179398;0.0253939;-3.12777
207.428;110.027;0.0397552;-0.00811492;0.0120474;-2.15447
-198.543;101.202;0.825176;-0.0400618;0.0260497;-2.21556
-189.718;101.202;0.727355;-0.0566275;0.0397655;-3.12153
-180.892;101.202;0.67054;-0.0732059;0.0559177;-4.04108
-172.067;101.202;0.657773;-0.0917748;0.0709616;-4.96026
-163.242;101.202;0.635369;-0.113517;0.0857112;-5.87914
-154.416;101.202;0.624133;-0.135922;0.101708;-6.78641
-145.591;101.202;0.61711;-0.154943;0.117402;-7.66644
-136.765;101.202;0.585559;-0.170451;0.132902;-8.51062
-127.94;101.202;0.530748;-0.181451;0.142538;-9.30327
-119.114;101.202;0.478394;-0.19044;0.149751;-10.0715
-110.289;101.202;0.457962;-0.19679;0.15877;-10.8244
-101.463;101.202;0.470686;-0.197279;0.171278;-11.5476
-92.6379;101.202;0.465853;-0.189515;0.183396;-12.208
-83.8124;101.202;0.443879;-0.175007;0.18788;-12.8056
-74.987;101.202;0.402938;-0.167114;0.19504;-13.3786
-66.1615;101.202;0.353035;-0.160685;0.209294;-13.9132
-57.3361;101.202;0.303067;-0.148178;0.230963;-14.3865
-48.5106;101.202;0.263452;-0.129443;0.254666;-14.7938
-39.6852;101.202;0.243559;-0.111893;0.27582;-15.1738
-30.8597;101.202;0.229701;-0.0909822;0.292317;-15.5047
-22.0342;101.202;0.211564;-0.0675977;0.303672;-15.7727
-13.2088;101.202;0.186334;-0.046514;0.31175;-15.9795
-4.38334;101.202;0.162126;-0.0260787;0.320761;-16.1248
4.44212;101.202;0.146074;-0.00398323;0.328853;-16.2027
13.2676;101.202;0.132674;0.0184451;0.334141;-16.2096
22.093;101.202;0.0992203;0.0380611;0.334618;-16.1426
30.9185;101.202;0.0559388;0.0545367;0.326474;-15.9839
39.7439;101.202;0.00434091;0.0841297;0.309816;-15.7576
48.5694;101.202;-0.0302398;0.12789;0.293444;-15.4985
57.3948;101.202;-0.0107591;0.168861;0.283278;-15.2213
66.2203;101.202;0.0730591;0.189976;0.279864;-14.928
75.0458;101.202;0.117496;0.201508;0.260962;-14.5233
83.8712;101.202;0.029797;0.211387;0.233127;-13.9493
92.6967;101.202;-0.160584;0.212483;0.209349;-13.2105
101.522;101.202;-0.342924;0.211617;0.189582;-12.4475
110.348;101.202;-0.378394;0.208201;0.172069;-11.758
119.173;101.202;-0.34672;0.20461;0.156452;-11.106
127.998;101.202;-0.276132;0.19428;0.142085;-10.445
136.824;101.202;-0.19244;0.18099;0.127694;-9.76066
145.649;101.202;-0.121111;0.16635;0.114184;-9.02182
154.475;101.202;-0.0876503;0.150901;0.0960143;-8.21646
163.3;101.202;-0.0601142;0.132224;0.0765143;-7.37106
172.126;101.202;-0.0460242;0.112271;0.0588465;-6.49663
180.951;101.202;-0.0498607;0.092232;0.0440437;-5.5992
189.777;101.202;-0.0489153;0.068954;0.0302284;-4.68032
198.602;101.202;-0.0149743;0.038659;0.020064;-3.74111
207.428;101.202;0.0338684;0.00857159;0.00954716;-2.74463
-198.543;92.3763;0.862127;-0.0347727;0.0187755;-2.74142
-189.718;92.3763;0.761483;-0.050296;0.0327834;-3.67526
-180.892;92.3763;0.688168;-0.0769326;0.0533532;-4.61052
-172.067;92.3763;0.661485;-0.101527;0.069344;-5.54581
-163.242;92.3763;0.641107;-0.123988;0.0827508;-6.47902
-154.416;92.3763;0.613251;-0.146282;0.100124;-7.39909
-145.591;92.3763;0.57607;-0.165385;0.117036;-8.29234
-136.765;92.3763;0.519452;-0.18198;0.130771;-9.15341
-127.94;92.3763;0.453468;-0.195449;0.137472;-9.96939
-119.114;92.3763;0.405294;-0.20698;0.145451;-10.7682
-110.289;92.3763;0.393996;-0.214111;0.157277;-11.5501
-101.463;92.3763;0.41407;-0.213435;0.172222;-12.303
-92.6379;92.3763;0.431192;-0.204603;0.185171;-13.0022
-83.8124;92.3763;0.428687;-0.190586;0.192363;-13.6448
-74.987;92.3763;0.401559;-0.181961;0.202619;-14.2512
-66.1615;92.3763;0.355822;-0.172957;0.217182;-14.8004
-57.3361;92.3763;0.294459;-0.158116;0.236845;-15.2743
-48.5106;92.3763;0.235838;-0.137847;0.259463;-15.6948
-39.6852;92.3763;0.21219;-0.118123;0.282103;-16.0971
-30.8597;92.3763;0.211438;-0.0958384;0.301294;-16.461
-22.0342;92.3763;0.20585;-0.0713378;0.315562;-16.7595
-13.2088;92.3763;0.195131;-0.0490695;0.325688;-16.9856
-4.38334;92.3763;0.184574;-0.0260792;0.336255;-17.1455
4.44212;92.3763;0.175134;-0.00122963;0.344126;-17.229
13.2676;92.3763;0.159432;0.0225783;0.346626;-17.2322
22.093;92.3763;0.128402;0.0390084;0.345511;-17.1669
30.9185;92.3763;0.0825016;0.0565326;0.339509;-17.0168
39.7439;92.3763;0.0227345;0.0973456;0.32163;-16.7908
48.5694;92.3763;0.00843249;0.155771;0.29716;-16.5411
57.3948;92.3763;0.105378;0.206425;0.276759;-16.3107
66.2203;92.3763;0.278399;0.229745;0.2673;-16.0758
75.0458;92.3763;0.337605;0.241139;0.247622;-15.657
83.8712;92.3763;0.281467;0.246155;0.224542;-15.07
92.6967;92.3763;0.150927;0.24588;0.20353;-14.3608
101.522;92.3763;0.0163398;0.243664;0.183714;-13.6093
110.348;92.3763;-0.0144104;0.238316;0.163383;-12.8869
119.173;92.3763;-0.015828;0.232936;0.146774;-12.177
127.998;92.3763;-0.00754719;0.2243;0.134507;-11.4443
136.824;92.3763;0.0072196;0.211932;0.122215;-10.6754
145.649;92.3763;0.0318402;0.196799;0.109855;-9.86775
154.475;92.3763;0.0470591;0.180247;0.0955225;-9.02028
163.3;92.3763;0.0563037;0.161204;0.0796204;-8.13532
172.126;92.3763;0.0266138;0.140783;0.0635159;-7.20554
180.951;92.3763;-0.0397053;0.119062;0.0482559;-6.23936
189.777;92.3763;-0.0732665;0.0912757;0.0317696;-5.2628
198.602;92.3763;-0.0244876;0.0568949;0.0170616;-4.29522
207.428;92.3763;0.0608972;0.025097;0.00910583;-3.32372
-216.194;83.5508;0.808671;-0.0436472;0.026118;-1.23849
-207.369;83.5508;0.897197;-0.0257539;0.0106513;-2.2282
-198.543;83.5508;0.867421;-0.0268409;0.0118119;-3.23666
-189.718;83.5508;0.778533;-0.0412648;0.0244277;-4.1962
-180.892;83.5508;0.697824;-0.0741566;0.0465417;-5.14824
-172.067;83.5508;0.662529;-0.10434;0.0639368;-6.09713
-163.242;83.5508;0.630067;-0.128926;0.0772806;-7.03879
-154.416;83.5508;0.571139;-0.152473;0.0953927;-7.97153
-145.591;83.5508;0.51232;-0.172151;0.111321;-8.88272
-136.765;83.5508;0.453704;-0.188563;0.121633;-9.76842
-127.94;83.5508;0.405051;-0.201355;0.124907;-10.6189
-119.114;83.5508;0.37376;-0.211974;0.132602;-11.4482
-110.289;83.5508;0.363348;-0.218238;0.146225;-12.2536
-101.463;83.5508;0.371716;-0.217011;0.162507;-13.0268
-92.6379;83.5508;0.389143;-0.208396;0.174615;-13.7558
-83.8124;83.5508;0.384034;-0.199557;0.187152;-14.4423
-74.987;83.5508;0.366569;-0.192304;0.203739;-15.0837
-66.1615;83.5508;0.336835;-0.180751;0.221893;-15.6598
-57.3361;83.5508;0.289297;-0.163576;0.24072;-16.162
-48.5106;83.5508;0.240315;-0.143469;0.261215;-16.6157
-39.6852;83.5508;0.222592;-0.124071;0.283686;-17.0487
-30.8597;83.5508;0.228051;-0.101349;0.303463;-17.4386
-22.0342;83.5508;0.222426;-0.0751295;0.317654;-17.747
-13.2088;83.5508;0.205522;-0.0493365;0.329171;-17.9792
-4.38334;83.5508;0.192378;-0.0222153;0.3424;-18.1445
4.44212;83.5508;0.184194;0.00628187;0.351969;-18.2317
13.2676;83.5508;0.164183;0.0330147;0.351659;-18.2334
22.093;83.5508;0.139882;0.0479402;0.345389;-18.1736
30.9185;83.5508;0.107154;0.0712697;0.335506;-18.0358
39.7439;83.5508;0.0423931;0.123323;0.311874;-17.7931
48.5694;83.5508;0.00400331;0.187515;0.277537;-17.4822
57.3948;83.5508;0.0628918;0.236464;0.245321;-17.1722
66.2203;83.5508;0.204602;0.257373;0.226749;-16.8787
75.0458;83.5508;0.256343;0.272013;0.210214;-16.4447
83.8712;83.5508;0.231442;0.279228;0.198076;-15.8787
92.6967;83.5508;0.185862;0.280958;0.186582;-15.2337
101.522;83.5508;0.16785;0.277347;0.170876;-14.5456
110.348;83.5508;0.176507;0.270879;0.149778;-13.8285
119.173;83.5508;0.155765;0.264476;0.132036;-13.0842
127.998;83.5508;0.131606;0.254888;0.11817;-12.3018
136.824;83.5508;0.120325;0.240381;0.102986;-11.4792
145.649;83.5508;0.12845;0.222643;0.0888864;-10.6254
154.475;83.5508;0.14377;0.203848;0.0780319;-9.74746
163.3;83.5508;0.138977;0.185116;0.0684649;-8.82971
172.126;83.5508;0.0641645;0.166335;0.0580476;-7.85383
180.951;83.5508;-0.0481373;0.144233;0.0459703;-6.83866
189.777;83.5508;-0.0653549;0.111453;0.0300187;-5.84044
198.602;83.5508;0.00906635;0.0718131;0.0118519;-4.85912
207.428;83.5508;0.133653;0.0350139;0.000246538;-3.88938
216.253;83.5508;0.240368;0.00320391;-0.00328733;-2.87893
225.078;83.5508;0.270573;-0.0226514;0.00384029;-1.83218
-216.194;74.7253;0.797787;-0.0497499;0.0246159;-1.68046
-207.369;74.7253;0.861445;-0.0260692;0.0105537;-2.69192
-198.543;74.7253;0.845599;-0.0157398;0.00388086;-3.6902
-189.718;74.7253;0.756001;-0.0375155;0.0174479;-4.66713
-180.892;74.7253;0.691477;-0.0705952;0.0361787;-5.63624
-172.067;74.7253;0.656529;-0.101306;0.0521241;-6.60295
-163.242;74.7253;0.604101;-0.126881;0.0642776;-7.55495
-154.416;74.7253;0.518571;-0.151914;0.0797842;-8.5094
-145.591;74.7253;0.462679;-0.172295;0.0905939;-9.45028
-136.765;74.7253;0.426558;-0.18803;0.0963597;-10.3705
-127.94;74.7253;0.410524;-0.197794;0.0972383;-11.2599
-119.114;74.7253;0.385583;-0.205726;0.104282;-12.117
-110.289;74.7253;0.354066;-0.211295;0.117758;-12.9413
-101.463;74.7253;0.337424;-0.211072;0.13264;-13.7331
-92.6379;74.7253;0.345616;-0.204167;0.142294;-14.4932
-83.8124;74.7253;0.340254;-0.20066;0.158258;-15.2182
-74.987;74.7253;0.320019;-0.19613;0.179834;-15.8909
-66.1615;74.7253;0.305516;-0.184331;0.201242;-16.4982
-57.3361;74.7253;0.285593;-0.167074;0.219751;-17.0412
-48.5106;74.7253;0.264048;-0.148764;0.237757;-17.5431
-39.6852;74.7253;0.25922;-0.13143;0.25774;-18.0146
-30.8597;74.7253;0.253224;-0.108411;0.276934;-18.4271
-22.0342;74.7253;0.234743;-0.0786811;0.293955;-18.7494
-13.2088;74.7253;0.19835;-0.0478407;0.309457;-18.9851
-4.38334;74.7253;0.166978;-0.0163246;0.323708;-19.1465
4.44212;74.7253;0.146955;0.0160112;0.33024;-19.2313
13.2676;74.7253;0.12655;0.0473804;0.323238;-19.2379
22.093;74.7253;0.124464;0.0669197;0.31044;-19.195
30.9185;74.7253;0.129943;0.101453;0.292108;-19.0656
39.7439;74.7253;0.102725;0.161471;0.262048;-18.814
48.5694;74.7253;0.0811987;0.223169;0.226945;-18.4672
57.3948;74.7253;0.109976;0.263178;0.197302;-18.0829
66.2203;74.7253;0.173281;0.282622;0.177179;-17.6877
75.0458;74.7253;0.191227;0.298957;0.164517;-17.2103
83.8712;74.7253;0.18392;0.307838;0.15874;-16.6464
92.6967;74.7253;0.182962;0.311848;0.154195;-16.0258
101.522;74.7253;0.202807;0.309987;0.143246;-15.3508
110.348;74.7253;0.222395;0.303113;0.124175;-14.6169
119.173;74.7253;0.190651;0.295663;0.107059;-13.8387
127.998;74.7253;0.159175;0.284561;0.0918473;-13.0245
136.824;74.7253;0.152877;0.266658;0.0758223;-12.1741
145.649;74.7253;0.177187;0.245741;0.0627671;-11.3037
154.475;74.7253;0.209092;0.225229;0.0550596;-10.4112
163.3;74.7253;0.224509;0.205604;0.0515215;-9.48801
172.126;74.7253;0.179452;0.185982;0.0482243;-8.51275
180.951;74.7253;0.112578;0.161611;0.042363;-7.50173
189.777;74.7253;0.127143;0.125252;0.0291581;-6.49691
198.602;74.7253;0.218018;0.0831147;0.0124905;-5.50091
207.428;74.7253;0.296872;0.045486;0.000989874;-4.48733
216.253;74.7253;0.35189;0.0126945;-0.00214577;-3.41313
225.078;74.7253;0.364278;-0.015458;0.00651936;-2.33784
-216.194;65.8999;0.785652;-0.0400593;0.0197099;-2.03596
-207.369;65.8999;0.809685;-0.022545;0.0107717;-3.0813
-198.543;65.8999;0.783638;-0.0164908;0.00302645;-4.08145
-189.718;65.8999;0.707726;-0.0430994;0.0117625;-5.0896
-180.892;65.8999;0.672269;-0.0722286;0.0214992;-6.08244
-172.067;65.8999;0.657462;-0.098615;0.0303457;-7.08985
-163.242;65.8999;0.610121;-0.122961;0.0376534;-8.07788
-154.416;65.8999;0.536044;-0.146793;0.0459469;-9.06434
-145.591;65.8999;0.503464;-0.164635;0.0483569;-10.0322
-136.765;65.8999;0.483554;-0.180477;0.050124;-10.9814
-127.94;65.8999;0.482744;-0.190542;0.0510148;-11.9015
-119.114;65.8999;0.449224;-0.199754;0.058754;-12.7831
-110.289;65.8999;0.396897;-0.207817;0.0719655;-13.6253
-101.463;65.8999;0.372648;-0.210679;0.0847663;-14.443
-92.6379;65.8999;0.393413;-0.206264;0.0938994;-15.2413
-83.8124;65.8999;0.390122;-0.202831;0.106909;-15.9974
-74.987;65.8999;0.366802;-0.199699;0.127403;-16.6963
-66.1615;65.8999;0.347605;-0.191061;0.151228;-17.337
-57.3361;65.8999;0.326259;-0.176575;0.171131;-17.92
-48.5106;65.8999;0.308776;-0.158862;0.187221;-18.4641
-39.6852;65.8999;0.307653;-0.139945;0.204589;-18.9673
-30.8597;65.8999;0.304881;-0.114578;0.225816;-19.4003
-22.0342;65.8999;0.307804;-0.0819009;0.248658;-19.7601
-13.2088;65.8999;0.290483;-0.0487307;0.270521;-20.0302
-4.38334;65.8999;0.264953;-0.0163463;0.284941;-20.2086
4.44212;65.8999;0.237566;0.0163814;0.286661;-20.2931
13.2676;65.8999;0.211079;0.0500113;0.275982;-20.2931
22.093;65.8999;0.217066;0.0782458;0.262753;-20.2493
30.9185;65.8999;0.23456;0.129814;0.236595;-20.1068
39.7439;65.8999;0.244301;0.199989;0.203291;-19.8622
48.5694;65.8999;0.293256;0.25939;0.175902;-19.564
57.3948;65.8999;0.38183;0.292057;0.161281;-19.2226
66.2203;65.8999;0.41387;0.314069;0.153331;-18.7816
75.0458;65.8999;0.376922;0.332919;0.144759;-18.2256
83.8712;65.8999;0.344284;0.341265;0.137754;-17.6032
92.6967;65.8999;0.338723;0.34299;0.130403;-16.9345
101.522;65.8999;0.354217;0.340587;0.119651;-16.2191
110.348;65.8999;0.360922;0.334833;0.104153;-15.4509
119.173;65.8999;0.32353;0.326696;0.0883368;-14.6415
127.998;65.8999;0.290772;0.31293;0.0738848;-13.7945
136.824;65.8999;0.278477;0.291804;0.0607555;-12.9045
145.649;65.8999;0.289293;0.269877;0.0515655;-11.9958
154.475;65.8999;0.313571;0.249289;0.0464033;-11.0764
163.3;65.8999;0.327949;0.22919;0.043245;-10.132
172.126;65.8999;0.313663;0.206938;0.0413459;-9.14762
180.951;65.8999;0.294474;0.17942;0.0384212;-8.1349
189.777;65.8999;0.315276;0.140787;0.0265599;-7.10641
198.602;65.8999;0.377562;0.0992369;0.0135554;-6.0751
207.428;65.8999;0.425456;0.0636434;0.00731827;-5.02144
216.253;65.8999;0.444272;0.0306965;0.00771567;-3.93018
225.078;65.8999;0.441011;-0.000112133;0.0143339;-2.79217
233.904;65.8999;0.518908;-0.0307029;0.0177165;-1.61621
-216.194;57.0744;0.753439;-0.0280909;0.0144697;-2.35711
-207.369;57.0744;0.756039;-0.0188032;0.00813547;-3.41225
-198.543;57.0744;0.703038;-0.0225781;0.0021076;-4.42818
-189.718;57.0744;0.630993;-0.0539431;0.00670043;-5.46282
-180.892;57.0744;0.617677;-0.0805651;0.00889503;-6.47732
-172.067;57.0744;0.631743;-0.104772;0.00990689;-7.51697
-163.242;57.0744;0.623812;-0.129104;0.010615;-8.55284
-154.416;57.0744;0.599777;-0.149015;0.0102898;-9.58103
-145.591;57.0744;0.600417;-0.160813;0.00511405;-10.5833
-136.765;57.0744;0.584689;-0.174446;0.00425859;-11.5557
-127.94;57.0744;0.561603;-0.190203;0.0123727;-12.5027
-119.114;57.0744;0.51495;-0.203128;0.0247846;-13.4035
-110.289;57.0744;0.458432;-0.21216;0.0389526;-14.2596
-101.463;57.0744;0.432567;-0.216717;0.0511804;-15.1112
-92.6379;57.0744;0.461153;-0.215621;0.0604788;-15.9543
-83.8124;57.0744;0.4681;-0.212195;0.0722358;-16.7536
-74.987;57.0744;0.447579;-0.207378;0.0908582;-17.4827
-66.1615;57.0744;0.41586;-0.20142;0.112929;-18.1537
-57.3361;57.0744;0.377873;-0.191284;0.133003;-18.7688
-48.5106;57.0744;0.35487;-0.175178;0.150644;-19.348
-39.6852;57.0744;0.361035;-0.153107;0.169026;-19.8833
-30.8597;57.0744;0.366654;-0.123326;0.191014;-20.3422
-22.0342;57.0744;0.385926;-0.0868694;0.215995;-20.7389
-13.2088;57.0744;0.392193;-0.0514406;0.238661;-21.0483
-4.38334;57.0744;0.377864;-0.0183102;0.252257;-21.2478
4.44212;57.0744;0.341326;0.0127627;0.256023;-21.3317
13.2676;57.0744;0.299466;0.0434145;0.254014;-21.3197
22.093;57.0744;0.309472;0.0782589;0.244154;-21.2707
30.9185;57.0744;0.334113;0.146231;0.212828;-21.1147
39.7439;57.0744;0.357073;0.229294;0.177444;-20.8606
48.5694;57.0744;0.420724;0.292096;0.154551;-20.5625
57.3948;57.0744;0.506845;0.322948;0.146417;-20.2042
66.2203;57.0744;0.51609;0.346329;0.143293;-19.7162
75.0458;57.0744;0.442463;0.36624;0.139053;-19.0909
83.8712;57.0744;0.406091;0.373272;0.129285;-18.4206
92.6967;57.0744;0.409764;0.373683;0.118317;-17.722
101.522;57.0744;0.433113;0.372013;0.107427;-16.9905
110.348;57.0744;0.445932;0.368183;0.093367;-16.2104
119.173;57.0744;0.400501;0.35904;0.0798354;-15.3717
127.998;57.0744;0.358907;0.342659;0.0674994;-14.4814
136.824;57.0744;0.337;0.32158;0.0571774;-13.5538
145.649;57.0744;0.338795;0.29933;0.050855;-12.6096
154.475;57.0744;0.360439;0.277154;0.0467871;-11.6662
163.3;57.0744;0.384383;0.255713;0.0421917;-10.7023
172.126;57.0744;0.390127;0.231426;0.0398942;-9.69889
180.951;57.0744;0.387711;0.201539;0.0374741;-8.66378
189.777;57.0744;0.396904;0.161166;0.0269837;-7.6013
198.602;57.0744;0.429269;0.119147;0.0168009;-6.53671
207.428;57.0744;0.460983;0.0833157;0.0142287;-5.45797
216.253;57.0744;0.479491;0.0490974;0.0163735;-4.34818
225.078;57.0744;0.492217;0.0110642;0.0190947;-3.18132
233.904;57.0744;0.572341;-0.0254859;0.0236087;-1.98638
-225.02;48.249;0.731176;-0.013975;0.0114923;-1.61433
-216.194;48.249;0.73356;-0.0270568;0.0116632;-2.65669
-207.369;48.249;0.726227;-0.0247521;0.00695951;-3.69721
-198.543;48.249;0.637673;-0.038549;0.00354901;-4.74144
-189.718;48.249;0.568256;-0.0682916;0.00628126;-5.79451
-180.892;48.249;0.551947;-0.0944701;0.0060588;-6.84146
-172.067;48.249;0.553632;-0.122095;0.00341441;-7.90714
-163.242;48.249;0.551068;-0.150272;0.000619395;-8.97788
-154.416;48.249;0.56325;-0.167968;-0.00410862;-10.0309
-145.591;48.249;0.603853;-0.173105;-0.0128362;-11.0519
-136.765;48.249;0.578412;-0.184557;-0.00999246;-12.0358
-127.94;48.249;0.535617;-0.202628;0.00171863;-12.9985
-119.114;48.249;0.484166;-0.215727;0.0165855;-13.9137
-110.289;48.249;0.443934;-0.223349;0.0313862;-14.787
-101.463;48.249;0.437672;-0.227526;0.0435902;-15.6755
-92.6379;48.249;0.467989;-0.227723;0.0516417;-16.56
-83.8124;48.249;0.483821;-0.224027;0.0610381;-17.3951
-74.987;48.249;0.456853;-0.219813;0.0783626;-18.1517
-66.1615;48.249;0.410511;-0.21456;0.101183;-18.8494
-57.3361;48.249;0.367269;-0.205978;0.124442;-19.5053
-48.5106;48.249;0.35742;-0.191223;0.146084;-20.1374
-39.6852;48.249;0.384507;-0.167967;0.166979;-20.7305
-30.8597;48.249;0.398629;-0.135331;0.18795;-21.2323
-22.0342;48.249;0.405957;-0.0965692;0.206564;-21.6401
-13.2088;48.249;0.415284;-0.0592487;0.222773;-21.9654
-4.38334;48.249;0.406118;-0.0241075;0.235803;-22.184
4.44212;48.249;0.37586;0.00707767;0.245798;-22.2872
13.2676;48.249;0.347681;0.0374961;0.252988;-22.2835
22.093;48.249;0.369348;0.0864745;0.241772;-22.227
30.9185;48.249;0.3968;0.170531;0.208454;-22.0658
39.7439;48.249;0.422986;0.261324;0.174652;-21.8037
48.5694;48.249;0.472738;0.324163;0.155036;-21.4705
57.3948;48.249;0.521711;0.353772;0.146954;-21.0442
66.2203;48.249;0.503653;0.377622;0.13939;-20.4965
75.0458;48.249;0.418369;0.397276;0.130824;-19.8229
83.8712;48.249;0.383591;0.403596;0.118766;-19.1174
92.6967;48.249;0.388613;0.403259;0.109093;-18.3926
101.522;48.249;0.414908;0.401239;0.10247;-17.6433
110.348;48.249;0.438413;0.3976;0.0917587;-16.849
119.173;48.249;0.393725;0.384299;0.0783253;-15.9678
127.998;48.249;0.348269;0.365983;0.0671316;-15.0365
136.824;48.249;0.326469;0.345123;0.0573498;-14.0797
145.649;48.249;0.335113;0.323683;0.0502472;-13.1197
154.475;48.249;0.366684;0.301534;0.0449922;-12.1685
163.3;48.249;0.414261;0.278479;0.0399933;-11.1943
172.126;48.249;0.428349;0.251749;0.0379757;-10.1625
180.951;48.249;0.416016;0.220212;0.0370319;-9.08969
189.777;48.249;0.401736;0.179017;0.0293086;-7.98811
198.602;48.249;0.417766;0.134769;0.0209447;-6.89648
207.428;48.249;0.447426;0.094788;0.0178491;-5.79543
216.253;48.249;0.480054;0.0555643;0.0189921;-4.67423
225.078;48.249;0.516555;0.0112787;0.0206953;-3.51504
233.904;48.249;0.571477;-0.0283827;0.0256367;-2.33527
-225.02;39.4235;0.683933;-0.011834;0.0126161;-1.85383
-216.194;39.4235;0.678594;-0.0290478;0.0125006;-2.92414
-207.369;39.4235;0.64359;-0.0387426;0.00991963;-3.97696
-198.543;39.4235;0.567028;-0.0576028;0.00862247;-5.02931
-189.718;39.4235;0.533347;-0.0856136;0.0100051;-6.10402
-180.892;39.4235;0.527863;-0.110501;0.00833372;-7.18527
-172.067;39.4235;0.515132;-0.136596;0.00330286;-8.25699
-163.242;39.4235;0.504779;-0.165338;-0.00176182;-9.34128
-154.416;39.4235;0.530709;-0.184815;-0.00841062;-10.4113
-145.591;39.4235;0.574364;-0.190211;-0.016791;-11.448
-136.765;39.4235;0.532608;-0.198968;-0.0116132;-12.4373
-127.94;39.4235;0.466857;-0.216255;0.000956213;-13.4127
-119.114;39.4235;0.427457;-0.22939;0.0146595;-14.3502
-110.289;39.4235;0.415948;-0.238981;0.027932;-15.2585
-101.463;39.4235;0.421319;-0.245076;0.0410519;-16.1827
-92.6379;39.4235;0.433972;-0.24434;0.049795;-17.0893
-83.8124;39.4235;0.439664;-0.237842;0.0577389;-17.9446
-74.987;39.4235;0.41607;-0.234889;0.0720649;-18.7399
-66.1615;39.4235;0.374872;-0.228671;0.0941767;-19.4785
-57.3361;39.4235;0.343384;-0.218949;0.117663;-20.1838
-48.5106;39.4235;0.357084;-0.204238;0.139294;-20.8714
-39.6852;39.4235;0.409212;-0.181432;0.159613;-21.5233
-30.8597;39.4235;0.431242;-0.14971;0.179933;-22.0665
-22.0342;39.4235;0.41322;-0.112349;0.196577;-22.4805
-13.2088;39.4235;0.417192;-0.0753458;0.21152;-22.8099
-4.38334;39.4235;0.421986;-0.0400209;0.229033;-23.0624
4.44212;39.4235;0.42389;-0.00415122;0.244429;-23.2208
13.2676;39.4235;0.435953;0.0410552;0.249317;-23.2575
22.093;39.4235;0.47674;0.11899;0.22871;-23.2006
30.9185;39.4235;0.527669;0.218522;0.194769;-23.0605
39.7439;39.4235;0.606123;0.304574;0.168318;-22.8391
48.5694;39.4235;0.65795;0.358214;0.154186;-22.4791
57.3948;39.4235;0.648823;0.385739;0.144943;-21.9632
66.2203;39.4235;0.572722;0.411243;0.129484;-21.329
75.0458;39.4235;0.469402;0.42936;0.111495;-20.5925
83.8712;39.4235;0.409311;0.435164;0.0983817;-19.8308
92.6967;39.4235;0.386608;0.434876;0.0928765;-19.0609
101.522;39.4235;0.395012;0.432521;0.0917265;-18.2754
110.348;39.4235;0.417713;0.428033;0.0843623;-17.4493
119.173;39.4235;0.392387;0.410705;0.071335;-16.5247
127.998;39.4235;0.359762;0.387653;0.0610526;-15.5538
136.824;39.4235;0.349051;0.364655;0.051501;-14.5741
145.649;39.4235;0.368246;0.342835;0.0428774;-13.6014
154.475;39.4235;0.409395;0.319393;0.035559;-12.6321
163.3;39.4235;0.478269;0.292032;0.0308228;-11.6416
172.126;39.4235;0.504975;0.261488;0.0289577;-10.5871
180.951;39.4235;0.48564;0.224995;0.0302709;-9.47184
189.777;39.4235;0.445452;0.183504;0.0262863;-8.32882
198.602;39.4235;0.44835;0.140637;0.021062;-7.21616
207.428;39.4235;0.465324;0.100508;0.0181926;-6.09621
216.253;39.4235;0.503842;0.0581764;0.0186883;-4.95638
225.078;39.4235;0.529225;0.0100943;0.0187829;-3.78937
233.904;39.4235;0.478669;-0.0319678;0.0199584;-2.62661
-225.02;30.5981;0.667552;-0.0186719;0.0178971;-2.0931
-216.194;30.5981;0.655921;-0.0370839;0.0160215;-3.19288
-207.369;30.5981;0.613172;-0.0508786;0.0132023;-4.25008
-198.543;30.5981;0.566062;-0.0712145;0.0118987;-5.31537
-189.718;30.5981;0.577787;-0.0961634;0.011322;-6.39857
-180.892;30.5981;0.581825;-0.118846;0.00844991;-7.49687
-172.067;30.5981;0.560382;-0.141093;0.00264599;-8.57008
-163.242;30.5981;0.539757;-0.168775;-0.00293094;-9.66126
-154.416;30.5981;0.549695;-0.193416;-0.00909002;-10.7481
-145.591;30.5981;0.570464;-0.203645;-0.0158966;-11.7904
-136.765;30.5981;0.517251;-0.211516;-0.0117303;-12.7881
-127.94;30.5981;0.444398;-0.226077;-0.0030317;-13.7769
-119.114;30.5981;0.418389;-0.237763;0.0057189;-14.739
-110.289;30.5981;0.420507;-0.251454;0.0162459;-15.6904
-101.463;30.5981;0.421608;-0.262218;0.0307686;-16.6481
-92.6379;30.5981;0.413866;-0.260552;0.0419625;-17.5732
-83.8124;30.5981;0.406418;-0.25085;0.0499167;-18.4522
-74.987;30.5981;0.396855;-0.248169;0.0599515;-19.2933
-66.1615;30.5981;0.372499;-0.241232;0.0776337;-20.0762
-57.3361;30.5981;0.357289;-0.230801;0.0978597;-20.8289
-48.5106;30.5981;0.389201;-0.215832;0.116703;-21.5642
-39.6852;30.5981;0.458248;-0.193261;0.134256;-22.2672
-30.8597;30.5981;0.492454;-0.163444;0.152564;-22.8604
-22.0342;30.5981;0.47049;-0.127473;0.17133;-23.3271
-13.2088;30.5981;0.492371;-0.0902971;0.19343;-23.7114
-4.38334;30.5981;0.546833;-0.0580963;0.222849;-24.0391
4.44212;30.5981;0.593486;-0.0161817;0.241615;-24.2373
13.2676;30.5981;0.626477;0.0574333;0.229235;-24.2825
22.093;30.5981;0.688029;0.175462;0.188768;-24.2349
30.9185;30.5981;0.83051;0.291112;0.149905;-24.1937
39.7439;30.5981;1.0449;0.36386;0.133314;-24.1
48.5694;30.5981;1.11857;0.397784;0.127288;-23.716
57.3948;30.5981;1.02965;0.417056;0.117969;-23.0791
66.2203;30.5981;0.870467;0.442371;0.0998798;-22.3258
75.0458;30.5981;0.715604;0.458626;0.0817122;-21.4846
83.8712;30.5981;0.599751;0.46381;0.070723;-20.6251
92.6967;30.5981;0.542734;0.462335;0.0679684;-19.7862
101.522;30.5981;0.543453;0.457367;0.0689742;-18.9529
110.348;30.5981;0.576391;0.447976;0.0637438;-18.0833
119.173;30.5981;0.577135;0.426422;0.0549156;-17.1274
127.998;30.5981;0.558869;0.39946;0.0498348;-16.1281
136.824;30.5981;0.534356;0.376266;0.0435671;-15.1157
145.649;30.5981;0.51362;0.356461;0.0351104;-14.098
154.475;30.5981;0.508641;0.333319;0.026617;-13.0684
163.3;30.5981;0.559224;0.302919;0.0227522;-12.0377
172.126;30.5981;0.583425;0.27204;0.0201775;-10.9705
180.951;30.5981;0.559021;0.237108;0.0213903;-9.84061
189.777;30.5981;0.51038;0.194978;0.020552;-8.66647
198.602;30.5981;0.522342;0.150555;0.0205356;-7.54092
207.428;30.5981;0.549546;0.109217;0.0199721;-6.41582
216.253;30.5981;0.580799;0.0664673;0.0196652;-5.25932
225.078;30.5981;0.607444;0.0182353;0.0173684;-4.07099
233.904;30.5981;0.615146;-0.0293761;0.0160543;-2.896
-225.02;21.7726;0.689977;-0.0249592;0.0217494;-2.29279
-216.194;21.7726;0.688297;-0.0442847;0.0185196;-3.428
-207.369;21.7726;0.652144;-0.0594195;0.0158806;-4.49684
-198.543;21.7726;0.631162;-0.0800621;0.0146733;-5.5776
-189.718;21.7726;0.65508;-0.102814;0.012215;-6.67065
-180.892;21.7726;0.656678;-0.123619;0.00757872;-7.77419
-172.067;21.7726;0.623208;-0.143518;0.00071567;-8.84517
-163.242;21.7726;0.583805;-0.169419;-0.00550058;-9.92867
-154.416;21.7726;0.568894;-0.196236;-0.0114889;-11.0186
-145.591;21.7726;0.573253;-0.21156;-0.0176355;-12.0747
-136.765;21.7726;0.531857;-0.220588;-0.0168798;-13.0973
-127.94;21.7726;0.481965;-0.232324;-0.0152871;-14.1085
-119.114;21.7726;0.461129;-0.24124;-0.0122088;-15.0943
-110.289;21.7726;0.453518;-0.257269;-0.00369314;-16.0774
-101.463;21.7726;0.442305;-0.272159;0.011028;-17.0598
-92.6379;21.7726;0.428162;-0.271769;0.0242198;-18.0042
-83.8124;21.7726;0.423428;-0.261435;0.0329017;-18.9089
-74.987;21.7726;0.429215;-0.257774;0.039024;-19.7874
-66.1615;21.7726;0.416204;-0.250764;0.0506724;-20.6111
-57.3361;21.7726;0.407818;-0.241472;0.0674929;-21.4078
-48.5106;21.7726;0.441406;-0.227345;0.0859477;-22.1834
-39.6852;21.7726;0.512216;-0.204933;0.105355;-22.9278
-30.8597;21.7726;0.568355;-0.175385;0.126619;-23.5824
-22.0342;21.7726;0.589243;-0.138263;0.148425;-24.1298
-13.2088;21.7726;0.666009;-0.100818;0.176682;-24.6166
-4.38334;21.7726;0.795519;-0.0707103;0.216876;-25.0455
4.44212;21.7726;0.829546;-0.0226708;0.230182;-25.2038
13.2676;21.7726;0.767359;0.0780866;0.19311;-25.1539
22.093;21.7726;0.807164;0.232568;0.122462;-25.1057
30.9185;21.7726;1.09874;0.350614;0.0760841;-25.1387
39.7439;21.7726;1.28281;0.416301;0.0642747;-24.9898
48.5694;21.7726;1.19304;0.440834;0.0646413;-24.4586
57.3948;21.7726;1.00255;0.456968;0.0632471;-23.7377
66.2203;21.7726;0.909255;0.478745;0.05656;-22.9846
75.0458;21.7726;0.846251;0.491066;0.0498675;-22.1704
83.8712;21.7726;0.723457;0.496895;0.0456945;-21.2713
92.6967;21.7726;0.644532;0.493145;0.0448001;-20.3713
101.522;21.7726;0.622688;0.485392;0.0442832;-19.4824
110.348;21.7726;0.627989;0.470982;0.0407702;-18.5523
119.173;21.7726;0.603482;0.44843;0.0365214;-17.5456
127.998;21.7726;0.573498;0.421951;0.0361581;-16.5131
136.824;21.7726;0.551746;0.39849;0.033355;-15.4786
145.649;21.7726;0.53112;0.37745;0.0269402;-14.435
154.475;21.7726;0.510927;0.352598;0.020363;-13.3662
163.3;21.7726;0.540462;0.321522;0.0181637;-12.3035
172.126;21.7726;0.559127;0.292556;0.014902;-11.2236
180.951;21.7726;0.52821;0.259525;0.01548;-10.0717
189.777;21.7726;0.48384;0.218297;0.0165775;-8.88138
198.602;21.7726;0.538102;0.170138;0.0192853;-7.77334
207.428;21.7726;0.609967;0.123582;0.0197053;-6.67018
216.253;21.7726;0.665222;0.0770445;0.0200509;-5.52277
225.078;21.7726;0.688117;0.0256985;0.0182949;-4.3234
233.904;21.7726;0.704914;-0.0292888;0.014291;-3.10086
242.729;21.7726;0.343296;-0.0550351;0.0199442;-1.87047
-225.02;12.9472;0.726213;-0.0200835;0.0194401;-2.42648
-216.194;12.9472;0.725841;-0.0434405;0.0159146;-3.57733
-207.369;12.9472;0.672497;-0.0629066;0.0151251;-4.64412
-198.543;12.9472;0.650417;-0.0860013;0.0150262;-5.72887
-189.718;12.9472;0.660725;-0.108595;0.0113381;-6.83533
-180.892;12.9472;0.670722;-0.129418;0.00597907;-7.95581
-172.067;12.9472;0.622312;-0.150783;-0.000841096;-9.02682
-163.242;12.9472;0.550836;-0.175707;-0.00797934;-10.0982
-154.416;12.9472;0.522097;-0.198142;-0.0163923;-11.1816
-145.591;12.9472;0.538477;-0.213924;-0.0244309;-12.265
-136.765;12.9472;0.52997;-0.22503;-0.0283342;-13.3236
-127.94;12.9472;0.51404;-0.236241;-0.0313103;-14.3642
-119.114;12.9472;0.494617;-0.245004;-0.0289632;-15.3792
-110.289;12.9472;0.472794;-0.260693;-0.0220156;-16.3838
-101.463;12.9472;0.447809;-0.276364;-0.0104139;-17.3857
-92.6379;12.9472;0.424152;-0.279538;0.00228717;-18.35
-83.8124;12.9472;0.414244;-0.270737;0.0123696;-19.2675
-74.987;12.9472;0.428188;-0.2662;0.017347;-20.1721
-66.1615;12.9472;0.430688;-0.25788;0.0247746;-21.0325
-57.3361;12.9472;0.425056;-0.24673;0.0377105;-21.8626
-48.5106;12.9472;0.448174;-0.231687;0.0566196;-22.6676
-39.6852;12.9472;0.520342;-0.210274;0.0821997;-23.4475
-30.8597;12.9472;0.628775;-0.181806;0.111077;-24.1671
-22.0342;12.9472;0.750705;-0.14425;0.137748;-24.8089
-13.2088;12.9472;0.886777;-0.10621;0.165016;-25.3699
-4.38334;12.9472;0.918625;-0.0606722;0.193416;-25.7445
4.44212;12.9472;0.762969;0.00390469;0.190302;-25.7374
13.2676;12.9472;0.520514;0.11354;0.137364;-25.5517
22.093;12.9472;0.424265;0.26407;0.0613484;-25.434
30.9185;12.9472;0.58329;0.377201;0.0133793;-25.3741
39.7439;12.9472;0.5825;0.444685;-0.00620454;-25.0418
48.5694;12.9472;0.500855;0.471798;-0.00861639;-24.4282
57.3948;12.9472;0.505271;0.494898;-1.28317e-05;-23.8187
66.2203;12.9472;0.66021;0.515173;0.00906698;-23.2407
75.0458;12.9472;0.770601;0.522936;0.0151673;-22.5519
83.8712;12.9472;0.689739;0.525601;0.0177896;-21.658
92.6967;12.9472;0.595222;0.51817;0.0201829;-20.7055
101.522;12.9472;0.532223;0.50956;0.0214805;-19.7582
110.348;12.9472;0.496348;0.494332;0.0205025;-18.7766
119.173;12.9472;0.456686;0.471118;0.0204498;-17.736
127.998;12.9472;0.446523;0.445314;0.0225852;-16.7021
136.824;12.9472;0.451835;0.422596;0.0210783;-15.6733
145.649;12.9472;0.454144;0.40007;0.0160858;-14.6253
154.475;12.9472;0.449011;0.373055;0.0121589;-13.544
163.3;12.9472;0.475258;0.342991;0.0120837;-12.4684
172.126;12.9472;0.495312;0.314289;0.0103759;-11.3736
180.951;12.9472;0.469334;0.278737;0.0118974;-10.1988
189.777;12.9472;0.440424;0.236536;0.0144542;-9.00349
198.602;12.9472;0.512888;0.187146;0.0180275;-7.89955
207.428;12.9472;0.625062;0.137366;0.0189136;-6.82409
216.253;12.9472;0.706425;0.0891635;0.0190548;-5.69931
225.078;12.9472;0.739526;0.0379004;0.0185007;-4.50123
233.904;12.9472;0.727439;-0.0189005;0.0155539;-3.23739
242.729;12.9472;0.615942;-0.0574064;0.0191355;-1.94345
-233.845;4.12171;0.64131;0.00119824;0.0184365;-1.38581
-225.02;4.12171;0.720313;-0.0126446;0.0136665;-2.50766
-216.194;4.12171;0.701407;-0.0364285;0.0120396;-3.62545
-207.369;4.12171;0.590695;-0.0678627;0.0144912;-4.70498
-198.543;4.12171;0.529861;-0.0969291;0.0153883;-5.79024
-189.718;4.12171;0.54309;-0.119828;0.0105868;-6.90799
-180.892;4.12171;0.603383;-0.140245;0.00586131;-8.05421
-172.067;4.12171;0.567089;-0.164325;0.000665453;-9.15517
-163.242;4.12171;0.47528;-0.188699;-0.00736987;-10.2468
-154.416;4.12171;0.447919;-0.202911;-0.0206935;-11.3404
-145.591;4.12171;0.503964;-0.209025;-0.034243;-12.4203
-136.765;4.12171;0.511707;-0.223678;-0.0413954;-13.5006
-127.94;4.12171;0.496112;-0.237367;-0.0443193;-14.5543
-119.114;4.12171;0.485832;-0.247927;-0.0405458;-15.5792
-110.289;4.12171;0.472993;-0.264556;-0.0341342;-16.6158
-101.463;4.12171;0.442604;-0.278862;-0.0277205;-17.6289
-92.6379;4.12171;0.398254;-0.281423;-0.02113;-18.5889
-83.8124;4.12171;0.369416;-0.276257;-0.0128821;-19.508
-74.987;4.12171;0.38215;-0.275014;-0.00369277;-20.4329
-66.1615;4.12171;0.400456;-0.266758;0.00313515;-21.3241
-57.3361;4.12171;0.401448;-0.253592;0.0117169;-22.1835
-48.5106;4.12171;0.414153;-0.235614;0.0273893;-23.0097
-39.6852;4.12171;0.474938;-0.211462;0.0540398;-23.8109
-30.8597;4.12171;0.594404;-0.180509;0.0857375;-24.5617
-22.0342;4.12171;0.734883;-0.138449;0.113474;-25.2471
-13.2088;4.12171;0.807572;-0.0931308;0.134765;-25.7833
-4.38334;4.12171;0.511373;-0.0353243;0.150122;-25.9718
4.44212;4.12171;0.0737226;0.048223;0.130335;-25.7818
13.2676;4.12171;-0.144765;0.166935;0.0685843;-25.5938
22.093;4.12171;0.0490373;0.287486;0.00419869;-25.5564
30.9185;4.12171;0.212286;0.387682;-0.0365804;-25.4489
39.7439;4.12171;0.1346;0.454249;-0.0619876;-25.0072
48.5694;4.12171;0.111664;0.488725;-0.0677805;-24.4239
57.3948;4.12171;0.251721;0.518768;-0.0566608;-23.921
66.2203;4.12171;0.50095;0.539792;-0.0407176;-23.4232
75.0458;4.12171;0.655497;0.546406;-0.0271575;-22.7707
83.8712;4.12171;0.576704;0.546339;-0.0186578;-21.8535
92.6967;4.12171;0.444012;0.53501;-0.0128158;-20.8311
101.522;4.12171;0.326647;0.525329;-0.0089716;-19.8151
110.348;4.12171;0.260425;0.511919;-0.00623152;-18.8025
119.173;4.12171;0.257004;0.489718;-0.00206145;-17.7823
127.998;4.12171;0.311554;0.465069;0.00123426;-16.7951
136.824;4.12171;0.362784;0.443806;-0.000309316;-15.7973
145.649;4.12171;0.394481;0.419633;-0.00327808;-14.7539
154.475;4.12171;0.412147;0.390022;-0.00370914;-13.6678
163.3;4.12171;0.444187;0.361055;-0.000783781;-12.5892
172.126;4.12171;0.468355;0.33025;0.00142564;-11.4788
180.951;4.12171;0.451117;0.290581;0.00569928;-10.2898
189.777;4.12171;0.430231;0.246096;0.0109059;-9.08755
198.602;4.12171;0.47845;0.19791;0.0158252;-7.95446
207.428;4.12171;0.600553;0.147479;0.0171655;-6.88264
216.253;4.12171;0.686473;0.0983934;0.0165948;-5.76272
225.078;4.12171;0.707491;0.0473369;0.0168191;-4.56083
233.904;4.12171;0.668158;-0.0108437;0.0176491;-3.26621
242.729;4.12171;0.609833;-0.0549516;0.0223855;-1.96153
251.555;4.12171;0.671823;-0.0444951;0.0282385;-0.743311
-233.845;-4.70375;0.586829;0.0072861;0.0186961;-1.39379
-225.02;-4.70375;0.660359;-0.00936682;0.0157545;-2.52983
-216.194;-4.70375;0.623554;-0.036164;0.0151617;-3.63616
-207.369;-4.70375;0.49183;-0.071877;0.0174068;-4.71009
-198.543;-4.70375;0.421979;-0.10192;0.0158854;-5.78977
-189.718;-4.70375;0.445935;-0.123236;0.0097257;-6.91319
-180.892;-4.70375;0.554157;-0.143788;0.00707502;-8.08548
-172.067;-4.70375;0.573258;-0.164059;0.00259969;-9.21903
-163.242;-4.70375;0.522681;-0.177597;-0.00871239;-10.3216
-154.416;-4.70375;0.505238;-0.182541;-0.0271141;-11.4251
-145.591;-4.70375;0.540459;-0.189297;-0.042213;-12.5139
-136.765;-4.70375;0.518629;-0.211502;-0.0498692;-13.6083
-127.94;-4.70375;0.480418;-0.229193;-0.0520585;-14.6613
-119.114;-4.70375;0.475863;-0.243333;-0.0481177;-15.6912
-110.289;-4.70375;0.463953;-0.258724;-0.0444448;-16.7325
-101.463;-4.70375;0.426667;-0.269674;-0.0432777;-17.7429
-92.6379;-4.70375;0.373882;-0.272635;-0.0421252;-18.705
-83.8124;-4.70375;0.333054;-0.271896;-0.036796;-19.637
-74.987;-4.70375;0.336883;-0.271386;-0.0283858;-20.5728
-66.1615;-4.70375;0.356957;-0.266296;-0.0228604;-21.4866
-57.3361;-4.70375;0.363312;-0.256061;-0.0185747;-22.3727
-48.5106;-4.70375;0.376029;-0.238353;-0.0077607;-23.2208
-39.6852;-4.70375;0.420881;-0.211423;0.0134183;-24.0229
-30.8597;-4.70375;0.502915;-0.175749;0.0393657;-24.7542
-22.0342;-4.70375;0.582725;-0.131523;0.0626735;-25.3944
-13.2088;-4.70375;0.52164;-0.08477;0.0818951;-25.845
-4.38334;-4.70375;0.045381;-0.0193191;0.0927292;-25.8566
4.44212;-4.70375;-0.382368;0.0762207;0.0602254;-25.6576
13.2676;-4.70375;-0.370369;0.205253;-0.00226279;-25.6737
22.093;-4.70375;0.0774708;0.3119;-0.0562846;-25.7796
30.9185;-4.70375;0.20822;0.394636;-0.0840135;-25.6502
39.7439;-4.70375;0.128764;0.451561;-0.107761;-25.149
48.5694;-4.70375;0.142907;0.488945;-0.115506;-24.601
57.3948;-4.70375;0.279458;0.519028;-0.1065;-24.089
66.2203;-4.70375;0.45502;0.540391;-0.0902369;-23.5324
75.0458;-4.70375;0.543961;0.548166;-0.074558;-22.8182
83.8712;-4.70375;0.434408;0.547506;-0.0629307;-21.8539
92.6967;-4.70375;0.260757;0.535868;-0.0560996;-20.7768
101.522;-4.70375;0.116511;0.525498;-0.0505518;-19.7214
110.348;-4.70375;0.0722964;0.51346;-0.0442709;-18.7252
119.173;-4.70375;0.165077;0.496993;-0.0362228;-17.8026
127.998;-4.70375;0.307964;0.476993;-0.0308014;-16.9028
136.824;-4.70375;0.392569;0.456404;-0.0306242;-15.9283
145.649;-4.70375;0.437831;0.430995;-0.0295225;-14.8814
154.475;-4.70375;0.46951;0.401595;-0.0253187;-13.7959
163.3;-4.70375;0.504238;0.373543;-0.019306;-12.7171
172.126;-4.70375;0.525109;0.339659;-0.0135867;-11.5946
180.951;-4.70375;0.498228;0.297518;-0.00582001;-10.3924
189.777;-4.70375;0.458899;0.251484;0.0034631;-9.16837
198.602;-4.70375;0.467099;0.204305;0.0113824;-7.9915
207.428;-4.70375;0.568109;0.154379;0.0140005;-6.88752
216.253;-4.70375;0.647953;0.104172;0.0147543;-5.75037
225.078;-4.70375;0.668646;0.0520541;0.0177074;-4.54079
233.904;-4.70375;0.627412;-0.00426417;0.0227942;-3.25099
242.729;-4.70375;0.563226;-0.0475133;0.0277427;-1.9715
251.555;-4.70375;0.623722;-0.0418433;0.0300211;-0.769941
-233.845;-13.5292;0.587594;0.0188643;0.0243848;-1.36566
-225.02;-13.5292;0.641943;0.00369193;0.0239227;-2.52297
-216.194;-13.5292;0.607711;-0.024554;0.0249379;-3.6362
-207.369;-13.5292;0.536124;-0.0618882;0.0242602;-4.73356
-198.543;-13.5292;0.493033;-0.093594;0.0195801;-5.834
-189.718;-13.5292;0.510879;-0.116989;0.011794;-6.96372
-180.892;-13.5292;0.594181;-0.137846;0.00684541;-8.12805
-172.067;-13.5292;0.596452;-0.152714;-0.00188003;-9.26013
-163.242;-13.5292;0.54583;-0.15821;-0.0175975;-10.3543
-154.416;-13.5292;0.525537;-0.161292;-0.0369565;-11.4599
-145.591;-13.5292;0.541726;-0.17299;-0.0490377;-12.5576
-136.765;-13.5292;0.505707;-0.198257;-0.0536655;-13.6511
-127.94;-13.5292;0.46875;-0.215463;-0.056564;-14.6919
-119.114;-13.5292;0.46394;-0.232262;-0.0567894;-15.7298
-110.289;-13.5292;0.441703;-0.246948;-0.0585694;-16.7602
-101.463;-13.5292;0.397053;-0.255629;-0.0618734;-17.7596
-92.6379;-13.5292;0.351009;-0.258405;-0.0645751;-18.7249
-83.8124;-13.5292;0.323218;-0.258653;-0.0641119;-19.6764
-74.987;-13.5292;0.316737;-0.256469;-0.0620262;-20.6116
-66.1615;-13.5292;0.323542;-0.251962;-0.0606511;-21.5254
-57.3361;-13.5292;0.31604;-0.247663;-0.0577343;-22.4259
-48.5106;-13.5292;0.328747;-0.233661;-0.0488214;-23.2837
-39.6852;-13.5292;0.375191;-0.205484;-0.0363276;-24.081
-30.8597;-13.5292;0.435156;-0.166368;-0.0228487;-24.7826
-22.0342;-13.5292;0.456142;-0.120665;-0.00890211;-25.3657
-13.2088;-13.5292;0.312479;-0.0699186;0.00589928;-25.7685
-4.38334;-13.5292;-0.0890527;0.00670397;0.0124967;-25.8046
4.44212;-13.5292;-0.239082;0.112675;-0.0213644;-25.811
13.2676;-13.5292;-0.000141692;0.234259;-0.0773769;-25.9711
22.093;-13.5292;0.373564;0.3296;-0.119079;-26.0633
30.9185;-13.5292;0.366965;0.391084;-0.129951;-25.8249
39.7439;-13.5292;0.294649;0.436816;-0.146705;-25.2923
48.5694;-13.5292;0.299878;0.474331;-0.155086;-24.7445
57.3948;-13.5292;0.350282;0.502793;-0.148684;-24.1509
66.2203;-13.5292;0.40159;0.52372;-0.13367;-23.4828
75.0458;-13.5292;0.420153;0.533987;-0.117941;-22.6985
83.8712;-13.5292;0.301579;0.538354;-0.104535;-21.7319
92.6967;-13.5292;0.126453;0.534524;-0.0959592;-20.6735
101.522;-13.5292;0.0290961;0.52629;-0.0875278;-19.6598
110.348;-13.5292;0.0883011;0.514836;-0.0784173;-18.7537
119.173;-13.5292;0.303357;0.499937;-0.0688502;-17.9445
127.998;-13.5292;0.504357;0.481809;-0.062997;-17.095
136.824;-13.5292;0.541989;0.46116;-0.0585829;-16.0735
145.649;-13.5292;0.549204;0.43476;-0.0513726;-14.9837
154.475;-13.5292;0.586949;0.406542;-0.0437015;-13.8984
163.3;-13.5292;0.625654;0.378407;-0.0351033;-12.8178
172.126;-13.5292;0.615866;0.342939;-0.0268043;-11.6756
180.951;-13.5292;0.555324;0.300105;-0.0169568;-10.4522
189.777;-13.5292;0.491494;0.254447;-0.00606949;-9.20703
198.602;-13.5292;0.481858;0.208458;0.0035138;-8.00228
207.428;-13.5292;0.579637;0.157789;0.00810678;-6.87814
216.253;-13.5292;0.672441;0.104642;0.0127405;-5.73554
225.078;-13.5292;0.707555;0.0495718;0.0203834;-4.52877
233.904;-13.5292;0.693299;-0.00100358;0.0279864;-3.26352
242.729;-13.5292;0.677379;-0.0403345;0.0326686;-1.99809
-233.845;-22.3547;0.594305;0.0270834;0.0303347;-1.32922
-225.02;-22.3547;0.650664;0.022953;0.0295572;-2.45811
-216.194;-22.3547;0.616242;-0.0085243;0.0305355;-3.59017
-207.369;-22.3547;0.589395;-0.0469997;0.0285714;-4.72189
-198.543;-22.3547;0.599601;-0.0781879;0.0222451;-5.84547
-189.718;-22.3547;0.618345;-0.102987;0.0146015;-6.98022
-180.892;-22.3547;0.648635;-0.12282;0.00590129;-8.11254
-172.067;-22.3547;0.58451;-0.134265;-0.0100279;-9.21618
-163.242;-22.3547;0.505659;-0.138325;-0.0305008;-10.292
-154.416;-22.3547;0.488878;-0.145987;-0.046767;-11.4002
-145.591;-22.3547;0.510574;-0.163244;-0.0558614;-12.5085
-136.765;-22.3547;0.49563;-0.186736;-0.0617927;-13.606
-127.94;-22.3547;0.47266;-0.203462;-0.0682408;-14.6606
-119.114;-22.3547;0.460016;-0.221315;-0.0731441;-15.7119
-110.289;-22.3547;0.416012;-0.235151;-0.0792431;-16.7271
-101.463;-22.3547;0.359792;-0.24365;-0.0859531;-17.7098
-92.6379;-22.3547;0.325532;-0.247579;-0.0917635;-18.6752
-83.8124;-22.3547;0.32305;-0.247345;-0.096862;-19.639
-74.987;-22.3547;0.319863;-0.242021;-0.102192;-20.5612
-66.1615;-22.3547;0.307588;-0.235518;-0.106199;-21.4516
-57.3361;-22.3547;0.276098;-0.233399;-0.103911;-22.3339
-48.5106;-22.3547;0.282678;-0.220475;-0.0959566;-23.1798
-39.6852;-22.3547;0.345994;-0.190959;-0.0912101;-23.9676
-30.8597;-22.3547;0.426049;-0.149608;-0.0918105;-24.6578
-22.0342;-22.3547;0.442885;-0.101177;-0.0928199;-25.2269
-13.2088;-22.3547;0.334516;-0.0419379;-0.0912881;-25.6231
-4.38334;-22.3547;0.135706;0.0350317;-0.0903747;-25.7531
4.44212;-22.3547;0.213395;0.138386;-0.117812;-25.9193
13.2676;-22.3547;0.429763;0.237853;-0.150345;-26.0488
22.093;-22.3547;0.499363;0.311676;-0.163965;-25.9948
30.9185;-22.3547;0.378285;0.367549;-0.16057;-25.6253
39.7439;-22.3547;0.325632;0.416007;-0.173444;-25.1274
48.5694;-22.3547;0.342644;0.454448;-0.183035;-24.5989
57.3948;-22.3547;0.351324;0.482782;-0.180253;-23.9738
66.2203;-22.3547;0.339289;0.5031;-0.168133;-23.2548
75.0458;-22.3547;0.335253;0.514732;-0.153845;-22.4633
83.8712;-22.3547;0.2797;0.522675;-0.140408;-21.5777
92.6967;-22.3547;0.176577;0.52657;-0.129165;-20.6176
101.522;-22.3547;0.180236;0.51987;-0.116416;-19.7001
110.348;-22.3547;0.346415;0.507195;-0.104445;-18.8826
119.173;-22.3547;0.613049;0.491479;-0.0961078;-18.1109
127.998;-22.3547;0.728912;0.476453;-0.0901998;-17.2022
136.824;-22.3547;0.64122;0.456285;-0.0812443;-16.0752
145.649;-22.3547;0.587142;0.431112;-0.0683085;-14.9339
154.475;-22.3547;0.633909;0.40455;-0.0560997;-13.8562
163.3;-22.3547;0.71162;0.374197;-0.0448796;-12.7987
172.126;-22.3547;0.718391;0.337772;-0.0354355;-11.6735
180.951;-22.3547;0.671426;0.295199;-0.0240767;-10.4678
189.777;-22.3547;0.628721;0.249458;-0.0115892;-9.24214
198.602;-22.3547;0.640301;0.203171;-0.000168256;-8.05107
207.428;-22.3547;0.724415;0.152106;0.00715515;-6.90978
216.253;-22.3547;0.811812;0.096106;0.0156252;-5.74378
225.078;-22.3547;0.853397;0.0393849;0.0262559;-4.52414
233.904;-22.3547;0.827459;-0.00694609;0.0342704;-3.27436
242.729;-22.3547;0.791608;-0.0340434;0.0388701;-2.04803
-233.845;-31.1801;0.614076;0.0406666;0.0385595;-1.2631
-225.02;-31.1801;0.595656;0.0229023;0.0350418;-2.37621
-216.194;-31.1801;0.562302;0.000962971;0.0330396;-3.48501
-207.369;-31.1801;0.551527;-0.0364043;0.0305746;-4.63344
-198.543;-31.1801;0.601751;-0.0662494;0.0251344;-5.77439
-189.718;-31.1801;0.630051;-0.0892792;0.0169107;-6.90081
-180.892;-31.1801;0.635522;-0.104859;0.00426855;-8.00868
-172.067;-31.1801;0.550803;-0.1125;-0.0180069;-9.0983
-163.242;-31.1801;0.471253;-0.118527;-0.0412434;-10.1796
-154.416;-31.1801;0.462374;-0.13217;-0.0548375;-11.2912
-145.591;-31.1801;0.493008;-0.153655;-0.0642825;-12.402
-136.765;-31.1801;0.500851;-0.176568;-0.0759051;-13.5023
-127.94;-31.1801;0.495423;-0.19623;-0.0878424;-14.5853
-119.114;-31.1801;0.471417;-0.213126;-0.0952804;-15.6335
-110.289;-31.1801;0.40767;-0.225112;-0.103028;-16.6289
-101.463;-31.1801;0.337795;-0.234523;-0.112359;-17.593
-92.6379;-31.1801;0.305451;-0.241379;-0.121536;-18.5526
-83.8124;-31.1801;0.318424;-0.242379;-0.131813;-19.511
-74.987;-31.1801;0.328877;-0.235381;-0.142103;-20.4164
-66.1615;-31.1801;0.303383;-0.228644;-0.149103;-21.2578
-57.3361;-31.1801;0.263655;-0.219536;-0.14897;-22.1471
-48.5106;-31.1801;0.26949;-0.161205;-0.140038;-23.5794
-39.6852;-31.1801;0.340344;-0.145441;-0.14348;-24.0161
-30.8597;-31.1801;0.431562;-0.127922;-0.154107;-24.3297
-22.0342;-31.1801;0.455733;-0.0750156;-0.164171;-24.9195
-13.2088;-31.1801;0.418518;-0.0125752;-0.17306;-25.3011
-4.38334;-31.1801;0.349786;0.0644931;-0.18154;-25.4854
4.44212;-31.1801;0.36403;0.146188;-0.193151;-25.6358
13.2676;-31.1801;0.427513;0.222871;-0.200341;-25.692
22.093;-31.1801;0.438535;0.290137;-0.199716;-25.5715
30.9185;-31.1801;0.342024;0.34445;-0.194601;-25.2205
39.7439;-31.1801;0.334711;0.390343;-0.200196;-24.7737
48.5694;-31.1801;0.358249;0.429956;-0.20562;-24.2666
57.3948;-31.1801;0.352648;0.462189;-0.203252;-23.654
66.2203;-31.1801;0.332375;0.484189;-0.1932;-22.9454
75.0458;-31.1801;0.339282;0.495712;-0.179546;-22.1806
83.8712;-31.1801;0.341387;0.505053;-0.165611;-21.3761
92.6967;-31.1801;0.313877;0.511796;-0.150176;-20.5131
101.522;-31.1801;0.381321;0.506047;-0.13374;-19.6699
110.348;-31.1801;0.553308;0.494175;-0.120883;-18.869
119.173;-31.1801;0.74457;0.480169;-0.114444;-18.0411
127.998;-31.1801;0.765873;0.465963;-0.108694;-17.0499
136.824;-31.1801;0.616526;0.445933;-0.0954307;-15.8667
145.649;-31.1801;0.552903;0.422249;-0.0792061;-14.7181
154.475;-31.1801;0.617078;0.39863;-0.0649843;-13.6614
163.3;-31.1801;0.721476;0.369483;-0.0520119;-12.6277
172.126;-31.1801;0.768816;0.331589;-0.0404584;-11.5362
180.951;-31.1801;0.762551;0.286488;-0.0282839;-10.3667
189.777;-31.1801;0.75484;0.238071;-0.0160191;-9.17371
198.602;-31.1801;0.779572;0.18993;-0.00357384;-7.9975
207.428;-31.1801;0.826531;0.138846;0.00676854;-6.82854
216.253;-31.1801;0.89464;0.0831088;0.0176373;-5.64439
225.078;-31.1801;0.947507;0.0282379;0.028324;-4.42825
233.904;-31.1801;0.928101;-0.0187804;0.0362846;-3.15653
242.729;-31.1801;0.878017;-0.0390522;0.0403306;-1.95684
-225.02;-40.0056;0.53267;0.0394217;0.0383457;-2.2011
-216.194;-40.0056;0.463096;0.0132813;0.0327536;-3.30205
-207.369;-40.0056;0.496152;-0.0169689;0.0306584;-4.44608
-198.543;-40.0056;0.553596;-0.0495301;0.0279507;-5.61467
-189.718;-40.0056;0.559877;-0.0716966;0.0172492;-6.73695
-180.892;-40.0056;0.550657;-0.0816069;-0.00163985;-7.8333
-172.067;-40.0056;0.517587;-0.087147;-0.0287153;-8.92282
-163.242;-40.0056;0.483863;-0.0974985;-0.0516534;-10.0233
-154.416;-40.0056;0.475939;-0.116023;-0.0640438;-11.1265
-145.591;-40.0056;0.489866;-0.140615;-0.0757319;-12.2224
-136.765;-40.0056;0.497651;-0.166348;-0.0921142;-13.3141
-127.94;-40.0056;0.512233;-0.189186;-0.106115;-14.4124
-119.114;-40.0056;0.491157;-0.203552;-0.113764;-15.4566
-110.289;-40.0056;0.427869;-0.213239;-0.122243;-16.4353
-101.463;-40.0056;0.352606;-0.222843;-0.133559;-17.3751
-92.6379;-40.0056;0.311713;-0.231574;-0.146165;-18.3187
-83.8124;-40.0056;0.320076;-0.234559;-0.16141;-19.2611
-74.987;-40.0056;0.32875;-0.229187;-0.174922;-20.1535
-66.1615;-40.0056;0.301596;-0.220853;-0.183627;-20.9883
-30.8597;-40.0056;0.396887;-0.106612;-0.202664;-23.9142
-22.0342;-40.0056;0.374204;-0.0540915;-0.212613;-24.459
-13.2088;-40.0056;0.37098;0.00834049;-0.222088;-24.8239
-4.38334;-40.0056;0.359939;0.0813697;-0.231247;-25.0318
4.44212;-40.0056;0.358153;0.150371;-0.235843;-25.1315
13.2676;-40.0056;0.360885;0.213202;-0.232304;-25.126
22.093;-40.0056;0.351181;0.27086;-0.223463;-24.9876
30.9185;-40.0056;0.316683;0.322502;-0.219318;-24.688
39.7439;-40.0056;0.306453;0.367505;-0.221487;-24.2741
48.5694;-40.0056;0.307136;0.406718;-0.221348;-23.7745
57.3948;-40.0056;0.299846;0.439816;-0.215234;-23.1809
66.2203;-40.0056;0.298297;0.463493;-0.206023;-22.5088
75.0458;-40.0056;0.320123;0.476742;-0.196698;-21.7826
83.8712;-40.0056;0.340604;0.487152;-0.18328;-21.017
92.6967;-40.0056;0.347603;0.491312;-0.164551;-20.1976
101.522;-40.0056;0.404648;0.486482;-0.14625;-19.3663
110.348;-40.0056;0.504101;0.477001;-0.133846;-18.5229
119.173;-40.0056;0.590771;0.464495;-0.128073;-17.6196
127.998;-40.0056;0.572855;0.449201;-0.121794;-16.5911
136.824;-40.0056;0.483158;0.429547;-0.105843;-15.463
145.649;-40.0056;0.470106;0.407512;-0.0885215;-14.3652
154.475;-40.0056;0.542991;0.385384;-0.0733516;-13.3255
163.3;-40.0056;0.639676;0.356785;-0.0591623;-12.2913
172.126;-40.0056;0.70854;0.318639;-0.0471854;-11.2211
180.951;-40.0056;0.734728;0.273902;-0.0359822;-10.0896
189.777;-40.0056;0.749512;0.226485;-0.0246302;-8.93016
198.602;-40.0056;0.767098;0.180846;-0.012156;-7.76672
207.428;-40.0056;0.77246;0.131701;-0.000703686;-6.57566
216.253;-40.0056;0.816959;0.0789775;0.00938577;-5.38787
225.078;-40.0056;0.878216;0.0263719;0.0193325;-4.1926
233.904;-40.0056;0.918452;-0.0207996;0.027174;-2.95392
242.729;-40.0056;0.931893;-0.0389933;0.0327107;-1.75419
-225.02;-48.831;0.515857;0.0626506;0.0391805;-2.01339
-216.194;-48.831;0.424254;0.029908;0.0314173;-3.11324
-207.369;-48.831;0.498711;0.00479952;0.0308464;-4.24878
-198.543;-48.831;0.547367;-0.0265573;0.029315;-5.42405
-189.718;-48.831;0.504605;-0.0443296;0.0139691;-6.53206
-180.892;-48.831;0.473506;-0.0482007;-0.012744;-7.61268
-172.067;-48.831;0.501996;-0.0575269;-0.0419142;-8.70501
-163.242;-48.831;0.515844;-0.0759403;-0.0619386;-9.81977
-154.416;-48.831;0.489773;-0.0997051;-0.0736052;-10.8992
-145.591;-48.831;0.454701;-0.128113;-0.086646;-11.9672
-136.765;-48.831;0.445926;-0.15607;-0.104359;-13.0395
-127.94;-48.831;0.478667;-0.175098;-0.116102;-14.1335
-119.114;-48.831;0.494499;-0.185291;-0.123913;-15.1679
-110.289;-48.831;0.448697;-0.19384;-0.134885;-16.1449
-101.463;-48.831;0.388004;-0.203058;-0.147425;-17.0764
-92.6379;-48.831;0.354476;-0.211497;-0.161813;-17.9969
-83.8124;-48.831;0.352069;-0.214808;-0.181263;-18.9143
-74.987;-48.831;0.346714;-0.211467;-0.197484;-19.7601
-66.1615;-48.831;0.319148;-0.202673;-0.208058;-20.5939
-57.3361;-48.831;0.295741;-0.194956;-0.211831;-21.4037
-30.8597;-48.831;0.30573;-0.0898636;-0.239293;-23.3558
-22.0342;-48.831;0.266388;-0.0385013;-0.244969;-23.8505
-13.2088;-48.831;0.289453;0.0213381;-0.247932;-24.2087
-4.38334;-48.831;0.317518;0.0859241;-0.251094;-24.4258
4.44212;-48.831;0.317354;0.148287;-0.25466;-24.5116
13.2676;-48.831;0.295406;0.204799;-0.251533;-24.4712
22.093;-48.831;0.270047;0.255368;-0.241808;-24.3094
30.9185;-48.831;0.253287;0.303084;-0.238245;-24.0366
39.7439;-48.831;0.229512;0.345827;-0.238721;-23.6358
48.5694;-48.831;0.210156;0.383062;-0.239436;-23.1412
57.3948;-48.831;0.209125;0.414945;-0.235186;-22.5725
66.2203;-48.831;0.217038;0.440313;-0.228335;-21.9338
75.0458;-48.831;0.219822;0.456695;-0.222766;-21.2181
83.8712;-48.831;0.205306;0.470194;-0.213976;-20.449
92.6967;-48.831;0.212207;0.470501;-0.194443;-19.6348
101.522;-48.831;0.228369;0.463758;-0.173527;-18.777
110.348;-48.831;0.251333;0.454505;-0.158524;-17.8806
119.173;-48.831;0.27681;0.442804;-0.149654;-16.9403
127.998;-48.831;0.294588;0.426935;-0.139763;-15.9522
136.824;-48.831;0.331697;0.409326;-0.121733;-14.9556
145.649;-48.831;0.38887;0.389423;-0.102206;-13.94
154.475;-48.831;0.455767;0.366034;-0.0836213;-12.9103
163.3;-48.831;0.516834;0.33635;-0.0665274;-11.8622
172.126;-48.831;0.564363;0.300505;-0.0539341;-10.7896
180.951;-48.831;0.584572;0.261467;-0.0436216;-9.67425
189.777;-48.831;0.593898;0.220402;-0.0335945;-8.53147
198.602;-48.831;0.60205;0.177586;-0.022126;-7.37279
207.428;-48.831;0.60957;0.129888;-0.0115955;-6.19714
216.253;-48.831;0.655738;0.0784357;-0.00214599;-5.02089
225.078;-48.831;0.718018;0.0274463;0.00601482;-3.85179
233.904;-48.831;0.773504;-0.0253371;0.0120974;-2.63459
242.729;-48.831;0.791984;-0.0532058;0.0203483;-1.43339
-225.02;-57.6565;0.587531;0.0865694;0.0392397;-1.8676
-216.194;-57.6565;0.49407;0.0462998;0.031842;-2.95061
-207.369;-57.6565;0.546607;0.0172291;0.0342967;-4.06898
-198.543;-57.6565;0.587229;-0.00416415;0.0307098;-5.21677
-189.718;-57.6565;0.526642;-0.0113238;0.007317;-6.31926
-180.892;-57.6565;0.496452;-0.0110375;-0.0239858;-7.38337
-172.067;-57.6565;0.513218;-0.0265478;-0.0497875;-8.45769
-163.242;-57.6565;0.51169;-0.0506853;-0.0653465;-9.54959
-154.416;-57.6565;0.466042;-0.0766691;-0.0762171;-10.5899
-145.591;-57.6565;0.403086;-0.106809;-0.0899763;-11.6259
-136.765;-57.6565;0.375567;-0.13536;-0.107451;-12.6773
-127.94;-57.6565;0.432479;-0.154079;-0.11733;-13.7603
-119.114;-57.6565;0.46182;-0.163727;-0.126555;-14.7851
-110.289;-57.6565;0.424836;-0.172033;-0.141923;-15.7583
-101.463;-57.6565;0.381769;-0.179721;-0.157592;-16.6784
-92.6379;-57.6565;0.353058;-0.18758;-0.171658;-17.5746
-83.8124;-57.6565;0.333775;-0.192046;-0.189477;-18.458
-74.987;-57.6565;0.319523;-0.189194;-0.210394;-19.2712
-30.8597;-57.6565;0.265825;-0.0802465;-0.272436;-22.6744
-22.0342;-57.6565;0.220834;-0.0289153;-0.276648;-23.1379
-13.2088;-57.6565;0.222781;0.0291766;-0.275921;-23.4737
-4.38334;-57.6565;0.247654;0.0876371;-0.276965;-23.695
4.44212;-57.6565;0.252111;0.143892;-0.279947;-23.7812
13.2676;-57.6565;0.225845;0.195582;-0.278512;-23.7286
22.093;-57.6565;0.191469;0.241614;-0.270108;-23.5557
30.9185;-57.6565;0.17395;0.284731;-0.265852;-23.2914
39.7439;-57.6565;0.15345;0.325427;-0.267065;-22.9078
48.5694;-57.6565;0.138388;0.361129;-0.271417;-22.441
57.3948;-57.6565;0.144304;0.392205;-0.27282;-21.9038
66.2203;-57.6565;0.138564;0.418824;-0.269985;-21.2782
75.0458;-57.6565;0.0958834;0.436739;-0.265543;-20.5412
83.8712;-57.6565;0.0292276;0.453454;-0.260093;-19.762
92.6967;-57.6565;0.0249584;0.454911;-0.243553;-18.9606
101.522;-57.6565;0.0238432;0.448121;-0.22239;-18.1052
110.348;-57.6565;0.0304239;0.43847;-0.20407;-17.2064
119.173;-57.6565;0.0712627;0.427411;-0.189954;-16.2938
127.998;-57.6565;0.181439;0.410371;-0.172892;-15.4
136.824;-57.6565;0.302636;0.392553;-0.148792;-14.4964
145.649;-57.6565;0.393196;0.372981;-0.121886;-13.5357
154.475;-57.6565;0.45626;0.345474;-0.0970258;-12.5187
163.3;-57.6565;0.506113;0.312323;-0.0757793;-11.4779
172.126;-57.6565;0.561556;0.277444;-0.0598762;-10.4252
180.951;-57.6565;0.595027;0.24304;-0.0471888;-9.33419
189.777;-57.6565;0.614899;0.205682;-0.0363076;-8.21448
198.602;-57.6565;0.634278;0.162551;-0.024167;-7.07301
207.428;-57.6565;0.667311;0.115212;-0.0141055;-5.92424
216.253;-57.6565;0.723814;0.0646162;-0.00395482;-4.76844
225.078;-57.6565;0.755971;0.0142399;0.00542835;-3.59373
233.904;-57.6565;0.771143;-0.0345176;0.0120858;-2.36236
242.729;-57.6565;0.782254;-0.0786402;0.0225078;-1.12296
-216.194;-66.4819;0.57222;0.0595898;0.037246;-2.75309
-207.369;-66.4819;0.575619;0.0293391;0.0375563;-3.83935
-198.543;-66.4819;0.58704;0.0162701;0.0266247;-4.94063
-189.718;-66.4819;0.554669;0.0219655;-0.00111114;-6.00334
-180.892;-66.4819;0.515707;0.0166841;-0.0295998;-7.06568
-172.067;-66.4819;0.500194;-0.00329405;-0.0495937;-8.13102
-163.242;-66.4819;0.491612;-0.028066;-0.06086;-9.20652
-154.416;-66.4819;0.460068;-0.0528782;-0.0716991;-10.2411
-145.591;-66.4819;0.403016;-0.0811702;-0.0872937;-11.2619
-136.765;-66.4819;0.353459;-0.11089;-0.105105;-12.2838
-127.94;-66.4819;0.348489;-0.1365;-0.116799;-13.3361
-119.114;-66.4819;0.353017;-0.148325;-0.130955;-14.338
-110.289;-66.4819;0.331421;-0.154078;-0.151553;-15.2885
-101.463;-66.4819;0.308996;-0.159196;-0.171096;-16.1883
-92.6379;-66.4819;0.283221;-0.166862;-0.18687;-17.0641
-83.8124;-66.4819;0.253346;-0.172399;-0.205486;-17.9153
-74.987;-66.4819;0.236845;-0.169102;-0.230832;-18.703
-30.8597;-66.4819;0.265364;-0.0689838;-0.316657;-21.9466
-22.0342;-66.4819;0.240611;-0.0200547;-0.326278;-22.3806
-13.2088;-66.4819;0.203674;0.0365643;-0.329664;-22.6821
-4.38334;-66.4819;0.19594;0.0907014;-0.331763;-22.8838
4.44212;-66.4819;0.206474;0.139983;-0.332735;-22.9644
13.2676;-66.4819;0.19305;0.184995;-0.329245;-22.914
22.093;-66.4819;0.164562;0.226694;-0.319172;-22.757
30.9185;-66.4819;0.153206;0.266102;-0.311432;-22.5142
39.7439;-66.4819;0.156183;0.304935;-0.309464;-22.1679
48.5694;-66.4819;0.168478;0.338667;-0.311382;-21.7465
57.3948;-66.4819;0.18255;0.369699;-0.316009;-21.2393
66.2203;-66.4819;0.166936;0.398394;-0.316939;-20.6295
75.0458;-66.4819;0.113126;0.419727;-0.308826;-19.9172
83.8712;-66.4819;0.0559162;0.434974;-0.297387;-19.1773
92.6967;-66.4819;0.0590242;0.43979;-0.281508;-18.4189
101.522;-66.4819;0.086507;0.435992;-0.261185;-17.6174
110.348;-66.4819;0.142358;0.425698;-0.240035;-16.7743
119.173;-66.4819;0.242274;0.41071;-0.22034;-15.916
127.998;-66.4819;0.401243;0.391227;-0.197536;-15.077
136.824;-66.4819;0.58358;0.371682;-0.17013;-14.2386
145.649;-66.4819;0.672661;0.350287;-0.138602;-13.2947
154.475;-66.4819;0.694372;0.320862;-0.10959;-12.2577
163.3;-66.4819;0.696603;0.287218;-0.0847043;-11.1862
172.126;-66.4819;0.724576;0.253507;-0.0640126;-10.1222
180.951;-66.4819;0.735994;0.220759;-0.0462197;-9.02852
189.777;-66.4819;0.737141;0.183362;-0.0327451;-7.90646
198.602;-66.4819;0.742636;0.140008;-0.0202872;-6.76544
207.428;-66.4819;0.768098;0.0939767;-0.0112502;-5.62202
216.253;-66.4819;0.804414;0.045718;-0.00144652;-4.46565
225.078;-66.4819;0.786447;-0.00145967;0.0074647;-3.28139
233.904;-66.4819;0.76789;-0.0456978;0.0140309;-2.04869
-216.194;-75.3074;0.605649;0.0823173;0.046581;-2.47899
-207.369;-75.3074;0.553423;0.0511538;0.0398432;-3.52403
-198.543;-75.3074;0.497033;0.0377519;0.0180696;-4.58527
-189.718;-75.3074;0.415672;0.0326908;-0.0113013;-5.63721
-180.892;-75.3074;0.383445;0.0191859;-0.0366307;-6.69187
-172.067;-75.3074;0.388087;-0.00299542;-0.0549464;-7.74772
-163.242;-75.3074;0.40354;-0.025249;-0.0675928;-8.81033
-154.416;-75.3074;0.407959;-0.0444753;-0.0790772;-9.84143
-145.591;-75.3074;0.385525;-0.0671107;-0.0939067;-10.8495
-136.765;-75.3074;0.339465;-0.0953665;-0.111801;-11.8373
-127.94;-75.3074;0.298249;-0.120843;-0.128676;-12.8424
-119.114;-75.3074;0.272596;-0.134602;-0.147967;-13.8138
-110.289;-75.3074;0.254781;-0.140467;-0.171951;-14.7443
-101.463;-75.3074;0.245834;-0.142292;-0.194917;-15.6274
-92.6379;-75.3074;0.225623;-0.147356;-0.213499;-16.4803
-83.8124;-75.3074;0.196541;-0.152247;-0.234252;-17.307
-74.987;-75.3074;0.18578;-0.14835;-0.261357;-18.0771
-66.1615;-75.3074;0.208471;-0.136549;-0.286338;-18.8275
-57.3361;-75.3074;0.215963;-0.122548;-0.310268;-19.4957
-30.8597;-75.3074;0.282622;-0.0512273;-0.366397;-21.1817
-22.0342;-75.3074;0.297428;-0.00894158;-0.380602;-21.5891
-13.2088;-75.3074;0.252745;0.0439911;-0.391369;-21.8774
-4.38334;-75.3074;0.223328;0.0950789;-0.392372;-22.0564
4.44212;-75.3074;0.240142;0.140108;-0.390083;-22.139
13.2676;-75.3074;0.25426;0.179744;-0.384795;-22.1181
22.093;-75.3074;0.252437;0.21479;-0.376765;-21.9911
30.9185;-75.3074;0.255173;0.248734;-0.365367;-21.7815
39.7439;-75.3074;0.288289;0.280506;-0.348904;-21.4801
48.5694;-75.3074;0.328097;0.310066;-0.339842;-21.0978
57.3948;-75.3074;0.367727;0.341047;-0.344889;-20.6298
66.2203;-75.3074;0.419531;0.370751;-0.349024;-20.0926
75.0458;-75.3074;0.467786;0.393261;-0.336074;-19.4888
83.8712;-75.3074;0.479251;0.40657;-0.318211;-18.8276
92.6967;-75.3074;0.431047;0.415386;-0.302561;-18.0776
101.522;-75.3074;0.495407;0.409803;-0.280986;-17.3231
110.348;-75.3074;0.613508;0.397619;-0.254558;-16.5533
119.173;-75.3074;0.720651;0.381457;-0.229104;-15.7264
127.998;-75.3074;0.790333;0.363217;-0.204588;-14.834
136.824;-75.3074;0.928388;0.342619;-0.17562;-13.9781
145.649;-75.3074;0.97511;0.318134;-0.143064;-13.0092
154.475;-75.3074;0.959686;0.286892;-0.111998;-11.951
163.3;-75.3074;0.928104;0.253665;-0.0841425;-10.8595
172.126;-75.3074;0.922018;0.222063;-0.0596819;-9.77352
180.951;-75.3074;0.896167;0.191167;-0.0382603;-8.66376
189.777;-75.3074;0.860502;0.154809;-0.022624;-7.52886
198.602;-75.3074;0.835382;0.114106;-0.0109972;-6.38363
207.428;-75.3074;0.836327;0.0710825;-0.00360468;-5.23734
216.253;-75.3074;0.840103;0.0257331;0.00482317;-4.07188
225.078;-75.3074;0.789707;-0.0172092;0.0134148;-2.88964
233.904;-75.3074;0.77606;-0.0479058;0.0178632;-1.71961
-216.194;-84.1328;0.649413;0.100364;0.0569167;-2.13256
-207.369;-84.1328;0.510359;0.0768019;0.0435326;-3.13807
-198.543;-84.1328;0.415787;0.0568365;0.014132;-4.17663
-189.718;-84.1328;0.336162;0.0414081;-0.013334;-5.21523
-180.892;-84.1328;0.309282;0.0213064;-0.0377428;-6.26278
-172.067;-84.1328;0.326409;-0.00293405;-0.0584049;-7.31444
-163.242;-84.1328;0.339865;-0.0255421;-0.0761251;-8.36286
-154.416;-84.1328;0.342576;-0.0439223;-0.0919046;-9.38153
-145.591;-84.1328;0.338716;-0.0623885;-0.107984;-10.3715
-136.765;-84.1328;0.324702;-0.0843484;-0.125769;-11.3398
-127.94;-84.1328;0.296056;-0.105255;-0.146912;-12.3126
-119.114;-84.1328;0.26949;-0.120155;-0.172076;-13.2652
-110.289;-84.1328;0.26492;-0.129033;-0.199953;-14.1856
-101.463;-84.1328;0.262516;-0.129276;-0.227149;-15.0567
-92.6379;-84.1328;0.246482;-0.129651;-0.24851;-15.8823
-83.8124;-84.1328;0.225029;-0.130967;-0.269226;-16.6789
-74.987;-84.1328;0.222802;-0.126457;-0.29405;-17.4381
-66.1615;-84.1328;0.248267;-0.114038;-0.317107;-18.1578
-57.3361;-84.1328;0.256403;-0.0970323;-0.339484;-18.779
-48.5106;-84.1328;0.232072;-0.028653;-0.391797;-20.0922
-39.6852;-84.1328;0.255042;0.0226252;-0.424161;-20.9379
-30.8597;-84.1328;0.31575;-0.0295405;-0.399884;-20.3636
-22.0342;-84.1328;0.361282;0.0044378;-0.413462;-20.7505
-13.2088;-84.1328;0.361653;0.0485375;-0.423326;-21.054
-4.38334;-84.1328;0.35859;0.0962429;-0.420287;-21.2333
4.44212;-84.1328;0.357986;0.139128;-0.411783;-21.3179
13.2676;-84.1328;0.362407;0.174069;-0.404619;-21.3032
22.093;-84.1328;0.362752;0.20319;-0.399055;-21.1907
30.9185;-84.1328;0.367239;0.231676;-0.387815;-21.0051
39.7439;-84.1328;0.412763;0.258007;-0.367325;-20.7418
48.5694;-84.1328;0.511299;0.283737;-0.357117;-20.4139
57.3948;-84.1328;0.559998;0.321792;-0.368562;-19.9882
66.2203;-84.1328;0.633201;0.35824;-0.376773;-19.5232
75.0458;-84.1328;0.73443;0.3808;-0.361619;-19.0029
83.8712;-84.1328;0.797352;0.389546;-0.340264;-18.3877
92.6967;-84.1328;0.745083;0.393944;-0.322175;-17.633
101.522;-84.1328;0.805312;0.38485;-0.296333;-16.8839
110.348;-84.1328;0.920405;0.371868;-0.262928;-16.142
119.173;-84.1328;1.0245;0.352918;-0.230477;-15.3359
127.998;-84.1328;1.07999;0.33144;-0.199172;-14.4448
136.824;-84.1328;1.16521;0.30684;-0.168158;-13.5477
145.649;-84.1328;1.15346;0.282211;-0.13732;-12.5495
154.475;-84.1328;1.09883;0.252523;-0.105274;-11.4784
163.3;-84.1328;1.05129;0.219046;-0.072988;-10.3814
172.126;-84.1328;1.04159;0.186221;-0.0448262;-9.297
180.951;-84.1328;0.997286;0.156753;-0.022318;-8.19078
189.777;-84.1328;0.931793;0.123037;-0.00639012;-7.05461
198.602;-84.1328;0.875517;0.0870718;0.00458099;-5.90973
207.428;-84.1328;0.850479;0.0484037;0.0108269;-4.76255
216.253;-84.1328;0.832491;0.00688819;0.0170655;-3.59979
225.078;-84.1328;0.81011;-0.0251618;0.0213012;-2.45561
233.904;-84.1328;0.830316;-0.0478178;0.0220542;-1.37332
-216.194;-92.9583;0.702174;0.111509;0.0668712;-1.71051
-207.369;-92.9583;0.483982;0.0912119;0.0478816;-2.74765
-198.543;-92.9583;0.394513;0.0741477;0.0185193;-3.7627
-189.718;-92.9583;0.370331;0.0523183;-0.00818257;-4.79477
-180.892;-92.9583;0.352061;0.0284689;-0.0340481;-5.83479
-172.067;-92.9583;0.35877;0.00360506;-0.0570635;-6.86542
-163.242;-92.9583;0.340203;-0.022405;-0.0792137;-7.88342
-154.416;-92.9583;0.313496;-0.0447905;-0.099893;-8.88017
-145.591;-92.9583;0.307308;-0.0616659;-0.117984;-9.85408
-136.765;-92.9583;0.319233;-0.0756357;-0.134983;-10.8104
-127.94;-92.9583;0.313287;-0.0905487;-0.157808;-11.751
-119.114;-92.9583;0.298146;-0.10564;-0.186833;-12.6793
-110.289;-92.9583;0.319436;-0.117567;-0.215561;-13.5861
-101.463;-92.9583;0.321344;-0.12001;-0.242235;-14.4415
-92.6379;-92.9583;0.313812;-0.117199;-0.266074;-15.2489
-83.8124;-92.9583;0.307421;-0.114006;-0.289233;-16.0239
-74.987;-92.9583;0.310184;-0.110175;-0.31237;-16.7667
-66.1615;-92.9583;0.332291;-0.100435;-0.32901;-17.4637
-57.3361;-92.9583;0.349804;-0.0812876;-0.342321;-18.0722
-48.5106;-92.9583;0.330027;-0.0596625;-0.362363;-18.6025
-39.6852;-92.9583;0.330358;-0.0407961;-0.384914;-19.0865
-30.8597;-92.9583;0.35948;-0.0165851;-0.404251;-19.5241
-22.0342;-92.9583;0.395313;0.0162391;-0.41619;-19.8826
-13.2088;-92.9583;0.414212;0.0545448;-0.421366;-20.1652
-4.38334;-92.9583;0.409867;0.0963008;-0.418291;-20.3519
4.44212;-92.9583;0.402055;0.137586;-0.409036;-20.4247
13.2676;-92.9583;0.395077;0.170101;-0.401319;-20.3955
22.093;-92.9583;0.380871;0.197147;-0.39709;-20.2798
30.9185;-92.9583;0.363855;0.224746;-0.394515;-20.0835
39.7439;-92.9583;0.376496;0.257595;-0.39381;-19.8197
48.5694;-92.9583;0.487471;0.29179;-0.405342;-19.5222
57.3948;-92.9583;0.551066;0.33066;-0.420294;-19.1536
66.2203;-92.9583;0.630783;0.357052;-0.414345;-18.7155
75.0458;-92.9583;0.724261;0.371973;-0.388396;-18.2258
83.8712;-92.9583;0.780072;0.3718;-0.360762;-17.6133
92.6967;-92.9583;0.761836;0.370683;-0.337149;-16.8814
101.522;-92.9583;0.837905;0.360645;-0.305082;-16.1631
110.348;-92.9583;0.952159;0.346423;-0.264622;-15.4428
119.173;-92.9583;1.06438;0.324364;-0.225406;-14.6622
127.998;-92.9583;1.14623;0.298023;-0.186689;-13.803
136.824;-92.9583;1.18559;0.271543;-0.153355;-12.8717
145.649;-92.9583;1.10536;0.249629;-0.12625;-11.8407
154.475;-92.9583;1.02746;0.223034;-0.0971342;-10.7778
163.3;-92.9583;1.0006;0.189855;-0.0616644;-9.71686
172.126;-92.9583;1.02673;0.15417;-0.0283116;-8.67731
180.951;-92.9583;0.997073;0.125852;-0.00675841;-7.60985
189.777;-92.9583;0.930117;0.0958718;0.0077188;-6.50003
198.602;-92.9583;0.864997;0.0620429;0.0194279;-5.36448
207.428;-92.9583;0.829442;0.0268782;0.0268774;-4.22749
216.253;-92.9583;0.814769;-0.00993594;0.0318712;-3.09331
225.078;-92.9583;0.849997;-0.0362344;0.0316791;-2.02155
-207.369;-101.784;0.457489;0.110617;0.0530952;-2.26722
-198.543;-101.784;0.388544;0.0910973;0.0243493;-3.3085
-189.718;-101.784;0.455483;0.0591765;-0.00329063;-4.39086
-180.892;-101.784;0.46562;0.03322;-0.028216;-5.42801
-172.067;-101.784;0.429998;0.00927846;-0.0514663;-6.41578
-163.242;-101.784;0.383062;-0.0192185;-0.0748005;-7.3906
-154.416;-101.784;0.344039;-0.045017;-0.0974413;-8.36043
-145.591;-101.784;0.332016;-0.0613536;-0.116743;-9.32077
-136.765;-101.784;0.337374;-0.0697173;-0.133454;-10.2594
-127.94;-101.784;0.32139;-0.0786718;-0.155877;-11.1609
-119.114;-101.784;0.283981;-0.0928394;-0.185534;-12.0522
-110.289;-101.784;0.298278;-0.105182;-0.214176;-12.9279
-101.463;-101.784;0.288076;-0.110769;-0.240798;-13.7671
-92.6379;-101.784;0.294825;-0.108501;-0.266526;-14.5575
-83.8124;-101.784;0.317045;-0.104525;-0.292516;-15.3036
-74.987;-101.784;0.329021;-0.102748;-0.317027;-16.0112
-66.1615;-101.784;0.330447;-0.09728;-0.332675;-16.6822
-57.3361;-101.784;0.359065;-0.0796732;-0.339685;-17.2664
-48.5106;-101.784;0.355122;-0.0565168;-0.354058;-17.776
-39.6852;-101.784;0.33797;-0.0329745;-0.373768;-18.227
-30.8597;-101.784;0.347957;-0.00775083;-0.391025;-18.6221
-22.0342;-101.784;0.380379;0.0216123;-0.399679;-18.9513
-13.2088;-101.784;0.395041;0.0567997;-0.406005;-19.2176
-4.38334;-101.784;0.385617;0.0948702;-0.408225;-19.3995
4.44212;-101.784;0.372576;0.13399;-0.403297;-19.4666
13.2676;-101.784;0.35434;0.164574;-0.396218;-19.4335
22.093;-101.784;0.337964;0.192465;-0.393957;-19.328
30.9185;-101.784;0.328248;0.221149;-0.398789;-19.1344
39.7439;-101.784;0.339061;0.257022;-0.413357;-18.8781
48.5694;-101.784;0.448106;0.294704;-0.436197;-18.5893
57.3948;-101.784;0.506423;0.328092;-0.444569;-18.2309
66.2203;-101.784;0.564621;0.343646;-0.427451;-17.7801
75.0458;-101.784;0.620854;0.344067;-0.393447;-17.2421
83.8712;-101.784;0.649567;0.339765;-0.361688;-16.6294
92.6967;-101.784;0.657558;0.339255;-0.335005;-15.9537
101.522;-101.784;0.751154;0.331521;-0.299889;-15.2847
110.348;-101.784;0.847233;0.317756;-0.256718;-14.5717
119.173;-101.784;0.931605;0.294865;-0.215595;-13.7883
127.998;-101.784;0.988091;0.266992;-0.176418;-12.9273
136.824;-101.784;0.964505;0.240727;-0.144345;-11.9553
145.649;-101.784;0.82754;0.221164;-0.117199;-10.8951
154.475;-101.784;0.777424;0.196024;-0.0870301;-9.8875
163.3;-101.784;0.829083;0.163024;-0.0498456;-8.92912
172.126;-101.784;0.8994;0.125329;-0.0146044;-7.9526
180.951;-101.784;0.885107;0.0968445;0.00834793;-6.92013
189.777;-101.784;0.825513;0.0707084;0.0178153;-5.83809
198.602;-101.784;0.776868;0.0423894;0.0278522;-4.73632
207.428;-101.784;0.770582;0.0102792;0.036694;-3.63611
216.253;-101.784;0.780465;-0.019812;0.0420114;-2.54887
225.078;-101.784;0.847045;-0.0451536;0.042253;-1.51955
-198.543;-110.609;0.374494;0.0926227;0.0288516;-2.82091
-189.718;-110.609;0.488744;0.0613768;0.00291659;-3.92208
-180.892;-110.609;0.53663;0.0346906;-0.0184802;-4.94545
-172.067;-110.609;0.450198;0.00741988;-0.0434912;-5.91888
-163.242;-110.609;0.416593;-0.0207996;-0.0666343;-6.87514
-154.416;-110.609;0.403253;-0.0458998;-0.0887109;-7.82615
-145.591;-110.609;0.39263;-0.0608707;-0.108782;-8.76392
-136.765;-110.609;0.37755;-0.0651438;-0.12654;-9.66869
-127.94;-110.609;0.339126;-0.0676019;-0.146199;-10.5232
-119.114;-110.609;0.276869;-0.0785343;-0.173669;-11.3664
-110.289;-110.609;0.250242;-0.0927801;-0.204567;-12.2104
-101.463;-110.609;0.235393;-0.101138;-0.235598;-13.033
-92.6379;-110.609;0.262347;-0.100457;-0.263503;-13.8081
-83.8124;-110.609;0.286235;-0.0964916;-0.292677;-14.5286
-74.987;-110.609;0.271429;-0.0948428;-0.322956;-15.1902
-66.1615;-110.609;0.250868;-0.0916996;-0.342738;-15.8282
-57.3361;-110.609;0.284314;-0.0768247;-0.350912;-16.3996
-48.5106;-110.609;0.310112;-0.0516179;-0.357924;-16.889
-39.6852;-110.609;0.290947;-0.0244787;-0.368003;-17.3061
-30.8597;-110.609;0.282089;0.00126136;-0.37544;-17.6615
-22.0342;-110.609;0.30073;0.027808;-0.382035;-17.9688
-13.2088;-110.609;0.314547;0.0583545;-0.389495;-18.2237
-4.38334;-110.609;0.30986;0.0926278;-0.394711;-18.405
4.44212;-110.609;0.307886;0.128684;-0.393152;-18.4822
13.2676;-110.609;0.312171;0.157215;-0.388701;-18.4665
22.093;-110.609;0.314813;0.186443;-0.391439;-18.38
30.9185;-110.609;0.320735;0.215657;-0.40061;-18.1957
39.7439;-110.609;0.349375;0.247177;-0.415949;-17.9488
48.5694;-110.609;0.458454;0.278112;-0.430946;-17.6735
57.3948;-110.609;0.519264;0.305138;-0.429745;-17.3247
66.2203;-110.609;0.559321;0.316282;-0.407912;-16.8642
75.0458;-110.609;0.601053;0.31782;-0.376437;-16.3345
83.8712;-110.609;0.647694;0.315272;-0.345803;-15.7535
92.6967;-110.609;0.688522;0.311804;-0.31677;-15.1276
101.522;-110.609;0.785661;0.300877;-0.281491;-14.4751
110.348;-110.609;0.802522;0.283843;-0.242885;-13.6975
119.173;-110.609;0.766508;0.261208;-0.206093;-12.834
127.998;-110.609;0.709498;0.237244;-0.171892;-11.9211
136.824;-110.609;0.587613;0.215037;-0.141911;-10.91
145.649;-110.609;0.529717;0.19036;-0.110658;-9.92441
154.475;-110.609;0.606448;0.162078;-0.0741189;-9.03726
163.3;-110.609;0.73698;0.129677;-0.0326113;-8.17523
172.126;-110.609;0.79492;0.0906167;0.00176721;-7.21564
180.951;-110.609;0.708562;0.0627013;0.0250946;-6.13079
189.777;-110.609;0.66971;0.0400379;0.0333493;-5.08364
198.602;-110.609;0.688757;0.0202994;0.0377913;-4.07335
207.428;-110.609;0.776982;-0.00679941;0.0461903;-3.0736
216.253;-110.609;0.830362;-0.0348485;0.0555992;-2.04296
-198.543;-119.435;0.341535;0.0848651;0.0361812;-2.29731
-189.718;-119.435;0.416687;0.061961;0.012851;-3.34611
-180.892;-119.435;0.466466;0.033078;-0.0102192;-4.38744
-172.067;-119.435;0.388113;7.18744e-05;-0.0360869;-5.3534
-163.242;-119.435;0.403327;-0.0244945;-0.0572298;-6.28886
-154.416;-119.435;0.410799;-0.0463112;-0.079349;-7.21662
-145.591;-119.435;0.389021;-0.060502;-0.100468;-8.11644
-136.765;-119.435;0.357531;-0.0631535;-0.117813;-8.99132
-127.94;-119.435;0.312843;-0.0592284;-0.133854;-9.81282
-119.114;-119.435;0.233549;-0.0672813;-0.161329;-10.6312
-110.289;-119.435;0.204623;-0.0777177;-0.193962;-11.4429
-101.463;-119.435;0.19015;-0.0889519;-0.229485;-12.2415
-92.6379;-119.435;0.222986;-0.0903196;-0.262701;-12.9956
-83.8124;-119.435;0.24528;-0.0867637;-0.295581;-13.6944
-74.987;-119.435;0.21871;-0.0856298;-0.326623;-14.3238
-66.1615;-119.435;0.184169;-0.0843732;-0.348276;-14.9303
-57.3361;-119.435;0.211942;-0.073765;-0.360688;-15.4911
-48.5106;-119.435;0.25392;-0.0527939;-0.36472;-15.9844
-39.6852;-119.435;0.245282;-0.0244231;-0.364058;-16.3926
-30.8597;-119.435;0.218359;0.00260955;-0.361871;-16.7087
-22.0342;-119.435;0.200347;0.028654;-0.362827;-16.976
-13.2088;-119.435;0.198512;0.0571559;-0.365873;-17.2085
-4.38334;-119.435;0.222645;0.0894563;-0.368775;-17.3888
4.44212;-119.435;0.25549;0.12182;-0.370503;-17.485
13.2676;-119.435;0.312559;0.14977;-0.372395;-17.5083
22.093;-119.435;0.354279;0.178763;-0.38205;-17.439
30.9185;-119.435;0.361137;0.206316;-0.393027;-17.2515
39.7439;-119.435;0.365679;0.230493;-0.400157;-16.9853
48.5694;-119.435;0.452367;0.250837;-0.400971;-16.7091
57.3948;-119.435;0.535509;0.270097;-0.393678;-16.3739
66.2203;-119.435;0.577088;0.281618;-0.37595;-15.9256
75.0458;-119.435;0.60525;0.28657;-0.35208;-15.4069
83.8712;-119.435;0.645644;0.284279;-0.324763;-14.8383
92.6967;-119.435;0.685306;0.276695;-0.297205;-14.2187
101.522;-119.435;0.709538;0.265434;-0.266139;-13.5222
110.348;-119.435;0.653183;0.249043;-0.226655;-12.6932
119.173;-119.435;0.542803;0.225692;-0.189481;-11.7833
127.998;-119.435;0.434716;0.204403;-0.160603;-10.882
136.824;-119.435;0.377765;0.182049;-0.131215;-9.98433
145.649;-119.435;0.460743;0.154839;-0.0950756;-9.14081
154.475;-119.435;0.678014;0.122193;-0.0526256;-8.36002
163.3;-119.435;0.792124;0.0867978;-0.0111592;-7.46874
172.126;-119.435;0.654691;0.0523744;0.0195482;-6.37157
180.951;-119.435;0.479701;0.026927;0.0411847;-5.22862
189.777;-119.435;0.558894;0.00162637;0.0543559;-4.29973
198.602;-119.435;0.733368;-0.0179051;0.0672101;-3.45561
207.428;-119.435;0.920447;-0.0371179;0.0723241;-2.588
216.253;-119.435;0.98772;-0.05767;0.0737508;-1.60687
-189.718;-128.26;0.330104;0.0554097;0.0216916;-2.75184
-180.892;-128.26;0.386365;0.0291717;-0.0013278;-3.74064
-172.067;-128.26;0.328753;-0.00863932;-0.0298824;-4.71738
-163.242;-128.26;0.347664;-0.0317826;-0.0507512;-5.63748
-154.416;-128.26;0.332685;-0.0521229;-0.074848;-6.53467
-145.591;-128.26;0.277052;-0.0658027;-0.097116;-7.3794
-136.765;-128.26;0.235904;-0.0687505;-0.11487;-8.23106
-127.94;-128.26;0.224616;-0.0612457;-0.129945;-9.05059
-119.114;-128.26;0.174165;-0.0612884;-0.156373;-9.86477
-110.289;-128.26;0.158062;-0.0673395;-0.189372;-10.6487
-101.463;-128.26;0.128957;-0.0759233;-0.226252;-11.396
-92.6379;-128.26;0.143242;-0.0792899;-0.265448;-12.1135
-83.8124;-128.26;0.173156;-0.0790379;-0.302001;-12.8041
-74.987;-128.26;0.17153;-0.0792262;-0.328472;-13.4347
-66.1615;-128.26;0.139145;-0.079324;-0.348215;-14.0119
-57.3361;-128.26;0.142828;-0.0739803;-0.363611;-14.5645
-48.5106;-128.26;0.204011;-0.0602984;-0.366141;-15.0703
-39.6852;-128.26;0.181787;-0.0341488;-0.360493;-15.4596
-30.8597;-128.26;0.0809263;-0.00449746;-0.35449;-15.6935
-22.0342;-128.26;7.70001e-05;0.0240006;-0.350798;-15.8833
-13.2088;-128.26;0.0113734;0.0530244;-0.344451;-16.101
-4.38334;-128.26;0.106092;0.0875724;-0.337055;-16.3271
4.44212;-128.26;0.206621;0.1191;-0.340122;-16.4709
13.2676;-128.26;0.316959;0.144426;-0.348809;-16.5105
22.093;-128.26;0.407715;0.171343;-0.363373;-16.4594
30.9185;-128.26;0.411597;0.193811;-0.372225;-16.2595
39.7439;-128.26;0.329664;0.211008;-0.371115;-15.9466
48.5694;-128.26;0.357268;0.226809;-0.365593;-15.6391
57.3948;-128.26;0.424296;0.241279;-0.356151;-15.2967
66.2203;-128.26;0.461311;0.251834;-0.343643;-14.8628
75.0458;-128.26;0.46609;0.255812;-0.326002;-14.3441
83.8712;-128.26;0.453032;0.252666;-0.303287;-13.7532
92.6967;-128.26;0.43056;0.24457;-0.278939;-13.0942
101.522;-128.26;0.442368;0.229244;-0.250002;-12.3914
110.348;-128.26;0.456589;0.208393;-0.207987;-11.6138
119.173;-128.26;0.425076;0.188946;-0.169304;-10.8063
127.998;-128.26;0.37355;0.171484;-0.138624;-10.0032
136.824;-128.26;0.401446;0.151682;-0.108235;-9.22186
145.649;-128.26;0.586621;0.123504;-0.0712986;-8.48696
154.475;-128.26;0.682544;0.0941612;-0.0280034;-7.62771
163.3;-128.26;0.591445;0.0519132;0.00360189;-6.54469
172.126;-128.26;0.334128;0.0184076;0.03036;-5.35372
180.951;-128.26;0.261674;-0.00717093;0.0527431;-4.31113
189.777;-128.26;0.616094;-0.0386066;0.0749363;-3.63104
198.602;-128.26;1.02082;-0.0601979;0.0948474;-2.98849
207.428;-128.26;1.24325;-0.0731579;0.09542;-2.20823
-189.718;-137.086;0.203984;0.0360117;0.0288698;-2.11513
-180.892;-137.086;0.280538;0.0156653;0.00457795;-3.06732
-172.067;-137.086;0.26984;-0.0149926;-0.0207309;-4.00554
-163.242;-137.086;0.271118;-0.0381462;-0.0444961;-4.92767
-154.416;-137.086;0.204298;-0.0608305;-0.0737039;-5.79878
-145.591;-137.086;0.113352;-0.077384;-0.0995406;-6.60627
-136.765;-137.086;0.0827192;-0.0822348;-0.11983;-7.44876
-127.94;-137.086;0.121488;-0.071813;-0.135898;-8.27479
-119.114;-137.086;0.124285;-0.0609454;-0.160692;-9.08059
-110.289;-137.086;0.105864;-0.0609976;-0.19023;-9.8327
-101.463;-137.086;0.0537877;-0.0656512;-0.224796;-10.528
-92.6379;-137.086;0.0451167;-0.0713179;-0.264487;-11.2131
-83.8124;-137.086;0.100233;-0.0748387;-0.30024;-11.9015
-74.987;-137.086;0.141216;-0.0760027;-0.323489;-12.5293
-66.1615;-137.086;0.101795;-0.0760517;-0.343022;-13.0716
-57.3361;-137.086;0.0532972;-0.0737648;-0.361356;-13.6056
-48.5106;-137.086;0.127575;-0.0677574;-0.363678;-14.1006
-39.6852;-137.086;0.0286172;-0.0461069;-0.362809;-14.4044
-30.8597;-137.086;-0.273566;-0.0154752;-0.361807;-14.441
-22.0342;-137.086;-0.482986;0.0153446;-0.357399;-14.4713
-13.2088;-137.086;-0.394958;0.0455404;-0.342038;-14.7021
-4.38334;-137.086;-0.160259;0.0869013;-0.319752;-15.1013
4.44212;-137.086;0.0495547;0.120836;-0.313918;-15.3229
13.2676;-137.086;0.184371;0.142313;-0.328177;-15.3694
22.093;-137.086;0.269426;0.161623;-0.344973;-15.3089
30.9185;-137.086;0.29586;0.177157;-0.349615;-15.1335
39.7439;-137.086;0.265419;0.188783;-0.342447;-14.8548
48.5694;-137.086;0.251233;0.202762;-0.339347;-14.5222
57.3948;-137.086;0.287707;0.215105;-0.33467;-14.1564
66.2203;-137.086;0.319391;0.221748;-0.323742;-13.7258
75.0458;-137.086;0.315743;0.222619;-0.306847;-13.2138
83.8712;-137.086;0.274836;0.218327;-0.285704;-12.6183
92.6967;-137.086;0.222079;0.210105;-0.262347;-11.9545
101.522;-137.086;0.240691;0.194716;-0.234296;-11.2898
110.348;-137.086;0.338931;0.175761;-0.193435;-10.6212
119.173;-137.086;0.416958;0.158883;-0.153841;-9.93312
127.998;-137.086;0.452396;0.142875;-0.118993;-9.21588
136.824;-137.086;0.513487;0.122119;-0.0861043;-8.46878
145.649;-137.086;0.639541;0.0888413;-0.0566248;-7.68483
154.475;-137.086;0.513453;0.0564442;-0.0269386;-6.66348
163.3;-137.086;0.229613;0.0182754;0.00218146;-5.46699
172.126;-137.086;0.0130513;-0.00964141;0.0345935;-4.34451
180.951;-137.086;0.237327;-0.0389114;0.0622946;-3.56441
189.777;-137.086;0.937864;-0.0787636;0.08919;-3.17772
198.602;-137.086;1.47691;-0.102553;0.106681;-2.64185
-189.718;-145.911;0.0902346;0.0194574;0.0383607;-1.43379
-180.892;-145.911;0.159943;0.00450287;0.013161;-2.35963
-172.067;-145.911;0.170509;-0.0205186;-0.0118407;-3.27599
-163.242;-145.911;0.16695;-0.0404365;-0.0349943;-4.17398
-154.416;-145.911;0.100799;-0.0599271;-0.0644528;-5.01784
-145.591;-145.911;0.0122636;-0.0794556;-0.0938412;-5.81519
-136.765;-145.911;-0.00793961;-0.0899617;-0.120783;-6.6601
-127.94;-145.911;0.0512452;-0.0813073;-0.141061;-7.48572
-119.114;-145.911;0.0829991;-0.0653318;-0.162525;-8.2665
-110.289;-145.911;0.0553347;-0.0607043;-0.185007;-8.98403
-101.463;-145.911;-0.0207305;-0.0627818;-0.215776;-9.64203
-92.6379;-145.911;-0.0390889;-0.0697544;-0.253242;-10.3008
-83.8124;-145.911;0.0526723;-0.0739054;-0.285593;-10.9832
-74.987;-145.911;0.128562;-0.0728396;-0.307722;-11.6072
-66.1615;-145.911;0.0630938;-0.0698532;-0.331363;-12.1124
-57.3361;-145.911;-0.055923;-0.0663667;-0.356635;-12.5779
-48.5106;-145.911;-0.017129;-0.0688165;-0.366062;-13.0126
-39.6852;-145.911;-0.243782;-0.0480874;-0.377254;-13.184
-30.8597;-145.911;-0.854927;-0.0185929;-0.388661;-13.0066
-22.0342;-145.911;-1.39468;0.0189397;-0.389066;-12.8925
-13.2088;-145.911;-1.38932;0.0570863;-0.368925;-13.088
-4.38334;-145.911;-0.794729;0.0855995;-0.334772;-13.5727
4.44212;-145.911;-0.285505;0.116929;-0.318697;-14.0133
13.2676;-145.911;-0.087395;0.136724;-0.331314;-14.1211
22.093;-145.911;0.0158422;0.150939;-0.340244;-14.0595
30.9185;-145.911;0.0982888;0.159528;-0.334511;-13.9077
39.7439;-145.911;0.154099;0.164698;-0.321775;-13.6828
48.5694;-145.911;0.173692;0.176323;-0.321317;-13.382
57.3948;-145.911;0.203699;0.186839;-0.320725;-13.0243
66.2203;-145.911;0.23575;0.19103;-0.309763;-12.6071
75.0458;-145.911;0.245227;0.189803;-0.290457;-12.1141
83.8712;-145.911;0.217334;0.184638;-0.266559;-11.5408
92.6967;-145.911;0.169748;0.176356;-0.240915;-10.908
101.522;-145.911;0.201812;0.162677;-0.212331;-10.2978
110.348;-145.911;0.327222;0.147721;-0.175651;-9.70438
119.173;-145.911;0.437788;0.131629;-0.140073;-9.06234
127.998;-145.911;0.495;0.113052;-0.106608;-8.34779
136.824;-145.911;0.517462;0.0891842;-0.074528;-7.55802
145.649;-145.911;0.45876;0.0615064;-0.0462283;-6.65715
154.475;-145.911;0.306745;0.0264146;-0.0198878;-5.65494
163.3;-145.911;0.153618;-0.0148177;0.00646445;-4.60672
172.126;-145.911;0.179188;-0.0354023;0.0452611;-3.74225
180.951;-145.911;0.701274;-0.068902;0.0744111;-3.22163
189.777;-145.911;1.50216;-0.112461;0.0974958;-2.89846
198.602;-145.911;1.90135;-0.144874;0.125061;-2.17138
-172.067;-154.736;0.107577;-0.0186;0.00493168;-2.54622
-163.242;-154.736;0.0921211;-0.0361442;-0.0189474;-3.41125
-154.416;-154.736;0.0501219;-0.0465147;-0.0418533;-4.22219
-145.591;-154.736;0.00681184;-0.0668104;-0.0715041;-5.02839
-136.765;-154.736;0.000105508;-0.0837263;-0.105464;-5.86896
-127.94;-154.736;0.0375059;-0.0818596;-0.131977;-6.67524
-119.114;-154.736;0.0555528;-0.0700289;-0.149644;-7.41994
-110.289;-154.736;0.0243773;-0.0666692;-0.16624;-8.11332
-101.463;-154.736;-0.0737166;-0.0675215;-0.195192;-8.74856
-92.6379;-154.736;-0.0981052;-0.0735451;-0.23224;-9.38243
-83.8124;-154.736;0.00812484;-0.0743011;-0.261647;-10.0443
-74.987;-154.736;0.0968296;-0.0682494;-0.282868;-10.6422
-66.1615;-154.736;0.0302963;-0.0618873;-0.309801;-11.115
-57.3361;-154.736;-0.120442;-0.0593317;-0.34071;-11.5388
-48.5106;-154.736;-0.119171;-0.0634964;-0.357995;-11.9413
-39.6852;-154.736;-0.359953;-0.0528497;-0.376654;-12.0954
-30.8597;-154.736;-0.962424;-0.0286492;-0.395999;-11.8989
-22.0342;-154.736;-1.5519;0.00403088;-0.400832;-11.7247
-13.2088;-154.736;-1.69009;0.0335454;-0.38495;-11.7939
-4.38334;-154.736;-1.19997;0.0552438;-0.359683;-12.159
4.44212;-154.736;-0.431069;0.0939387;-0.352537;-12.7466
13.2676;-154.736;-0.166366;0.117338;-0.351873;-12.9332
22.093;-154.736;-0.0484312;0.131282;-0.343759;-12.8938
30.9185;-154.736;0.0507397;0.138453;-0.327159;-12.7566
39.7439;-154.736;0.133965;0.14185;-0.309748;-12.5598
48.5694;-154.736;0.171547;0.147891;-0.303093;-12.2794
57.3948;-154.736;0.202988;0.154241;-0.300213;-11.9336
66.2203;-154.736;0.234152;0.156702;-0.287659;-11.5277
75.0458;-154.736;0.254001;0.156203;-0.265288;-11.0548
83.8712;-154.736;0.251398;0.152458;-0.237031;-10.519
92.6967;-154.736;0.231654;0.1444;-0.208478;-9.93814
101.522;-154.736;0.278585;0.131928;-0.1796;-9.37672
110.348;-154.736;0.36806;0.121066;-0.14864;-8.79157
119.173;-154.736;0.400611;0.108667;-0.12117;-8.11675
127.998;-154.736;0.367562;0.0911406;-0.0942826;-7.34654
136.824;-154.736;0.317721;0.0669804;-0.0653541;-6.51305
145.649;-154.736;0.262879;0.0397191;-0.0373575;-5.63713
154.475;-154.736;0.299177;0.00531261;-0.00989296;-4.8164
163.3;-154.736;0.485259;-0.0259587;0.0200402;-4.11558
172.126;-154.736;0.865376;-0.0460719;0.0536311;-3.57979
180.951;-154.736;1.47307;-0.0780696;0.0809462;-3.16153
189.777;-154.736;1.94556;-0.126549;0.112755;-2.50042
-163.242;-163.562;0.0790152;-0.0246703;0.0037423;-2.63981
-154.416;-163.562;0.0396887;-0.0347989;-0.0199901;-3.43452
-145.591;-163.562;0.0390774;-0.049561;-0.0427148;-4.23979
-136.765;-163.562;0.0553486;-0.0690491;-0.0751354;-5.06076
-127.94;-163.562;0.0618817;-0.0735511;-0.103101;-5.8358
-119.114;-163.562;0.0588393;-0.0682705;-0.120622;-6.54991
-110.289;-163.562;0.0224944;-0.0703681;-0.137909;-7.22397
-101.463;-163.562;-0.0786302;-0.0709757;-0.168869;-7.84554
-92.6379;-163.562;-0.137846;-0.0757118;-0.207642;-8.46113
-83.8124;-163.562;-0.0604198;-0.0748529;-0.236004;-9.08767
-74.987;-163.562;0.0199828;-0.0686714;-0.257547;-9.65057
-66.1615;-163.562;-0.0360208;-0.0634618;-0.285059;-10.1016
-57.3361;-163.562;-0.171488;-0.0617071;-0.317406;-10.5089
-48.5106;-163.562;-0.100055;-0.0657901;-0.336193;-10.9493
-39.6852;-163.562;-0.150417;-0.0552698;-0.352173;-11.2427
-30.8597;-163.562;-0.515467;-0.0314584;-0.378719;-11.2411
-22.0342;-163.562;-0.914339;-0.00718513;-0.394395;-11.1415
-13.2088;-163.562;-1.04325;0.0127829;-0.38691;-11.1362
-4.38334;-163.562;-0.776274;0.0367255;-0.367361;-11.3498
4.44212;-163.562;-0.223521;0.0670607;-0.366061;-11.7418
13.2676;-163.562;-0.025849;0.0917294;-0.357511;-11.8936
22.093;-163.562;0.0597839;0.107268;-0.336836;-11.8415
30.9185;-163.562;0.127753;0.114149;-0.311681;-11.6811
39.7439;-163.562;0.190742;0.117076;-0.288466;-11.4734
48.5694;-163.562;0.22681;0.118956;-0.269752;-11.202
57.3948;-163.562;0.256232;0.12158;-0.261684;-10.865
66.2203;-163.562;0.278704;0.123858;-0.249791;-10.4705
75.0458;-163.562;0.284006;0.125884;-0.227464;-10.0098
83.8712;-163.562;0.275785;0.123518;-0.196046;-9.49212
92.6967;-163.562;0.273613;0.115084;-0.165125;-8.95068
101.522;-163.562;0.31994;0.104039;-0.138315;-8.42087
110.348;-163.562;0.37263;0.0954473;-0.112932;-7.8296
119.173;-163.562;0.361049;0.0849151;-0.0909367;-7.14486
127.998;-163.562;0.304855;0.0693794;-0.0687769;-6.38702
136.824;-163.562;0.268893;0.0495221;-0.0427749;-5.60805
145.649;-163.562;0.298098;0.0283994;-0.0146097;-4.85094
154.475;-163.562;0.516715;0.00413044;0.0160317;-4.2058
163.3;-163.562;0.916972;-0.0215392;0.0429339;-3.73095
172.126;-163.562;1.33577;-0.0471986;0.0669404;-3.25332
180.951;-163.562;1.76178;-0.0863588;0.0877135;-2.68838
189.777;-163.562;1.95386;-0.127112;0.117701;-1.81116
-154.416;-172.387;0.0388049;-0.0284243;-0.000767998;-2.64569
-145.591;-172.387;0.0260543;-0.0474841;-0.0272126;-3.42505
-136.765;-172.387;0.0415776;-0.0626823;-0.0541712;-4.21625
-127.94;-172.387;0.0330074;-0.0672466;-0.0780168;-4.94969
-119.114;-172.387;0.0175696;-0.0652829;-0.0955358;-5.63355
-110.289;-172.387;-0.00561309;-0.0659156;-0.117523;-6.30506
-101.463;-172.387;-0.0843776;-0.0626292;-0.148799;-6.92682
-92.6379;-172.387;-0.143441;-0.0648601;-0.179995;-7.51368
-83.8124;-172.387;-0.105427;-0.0697354;-0.203748;-8.08515
-74.987;-172.387;-0.0493649;-0.0703515;-0.226806;-8.62207
-66.1615;-172.387;-0.0909403;-0.0674163;-0.25347;-9.06115
-57.3361;-172.387;-0.219694;-0.0647865;-0.283706;-9.44779
-48.5106;-172.387;-0.171459;-0.0632948;-0.302424;-9.88029
-39.6852;-172.387;-0.0325098;-0.0532131;-0.314343;-10.2845
-30.8597;-172.387;-0.102992;-0.035281;-0.338001;-10.4766
-22.0342;-172.387;-0.230359;-0.0178803;-0.35794;-10.5497
-13.2088;-172.387;-0.213068;0.00164931;-0.357681;-10.6395
-4.38334;-172.387;-0.0162933;0.0337835;-0.340013;-10.8461
4.44212;-172.387;0.151005;0.0545362;-0.332883;-10.9846
13.2676;-172.387;0.216118;0.0697318;-0.325041;-10.9774
22.093;-172.387;0.217099;0.0826224;-0.304642;-10.837
30.9185;-172.387;0.209244;0.0890413;-0.277749;-10.6153
39.7439;-172.387;0.228127;0.0913385;-0.250304;-10.3686
48.5694;-172.387;0.27108;0.0917716;-0.223161;-10.0898
57.3948;-172.387;0.289386;0.0951546;-0.208097;-9.75547
66.2203;-172.387;0.29263;0.100574;-0.197798;-9.37312
75.0458;-172.387;0.290331;0.104374;-0.180122;-8.94311
83.8712;-172.387;0.285531;0.101559;-0.151391;-8.46399
92.6967;-172.387;0.287534;0.0919386;-0.122119;-7.95273
101.522;-172.387;0.323684;0.0783352;-0.0950692;-7.4265
110.348;-172.387;0.381566;0.0679599;-0.0696331;-6.85009
119.173;-172.387;0.392195;0.058198;-0.0490398;-6.2128
127.998;-172.387;0.374335;0.0469367;-0.0316431;-5.53193
136.824;-172.387;0.389772;0.0335424;-0.0120541;-4.84905
145.649;-172.387;0.505516;0.0163194;0.0105597;-4.21247
154.475;-172.387;0.793738;-0.00495263;0.0352361;-3.67487
163.3;-172.387;1.10018;-0.0271625;0.0590859;-3.14252
172.126;-172.387;1.40239;-0.0587042;0.0723123;-2.56355
-145.591;-181.213;-0.00809266;-0.0430702;-0.0110255;-2.58064
-136.765;-181.213;-0.0514037;-0.0570852;-0.0328767;-3.30459
-127.94;-181.213;-0.0842678;-0.0656377;-0.0557286;-4.01341
-119.114;-181.213;-0.122212;-0.066974;-0.0744755;-4.66325
-110.289;-181.213;-0.135257;-0.0657743;-0.0976573;-5.32115
-101.463;-181.213;-0.197982;-0.0549872;-0.123836;-5.91825
-92.6379;-181.213;-0.265882;-0.0537175;-0.148251;-6.46336
-83.8124;-181.213;-0.245224;-0.059165;-0.166681;-6.99109
-74.987;-181.213;-0.163419;-0.0635722;-0.188724;-7.53201
-66.1615;-181.213;-0.145048;-0.0640809;-0.212348;-7.9887
-57.3361;-181.213;-0.242558;-0.0617888;-0.236838;-8.35889
-48.5106;-181.213;-0.233608;-0.0565511;-0.253105;-8.74759
-39.6852;-181.213;-0.0604836;-0.0469139;-0.26282;-9.16495
-30.8597;-181.213;0.0214196;-0.0344676;-0.27725;-9.44734
-22.0342;-181.213;0.0527812;-0.0219488;-0.291709;-9.63468
-13.2088;-181.213;0.165789;-0.00437206;-0.293317;-9.80543
-4.38334;-181.213;0.36934;0.0217813;-0.282569;-9.98517
4.44212;-181.213;0.385145;0.0377909;-0.279862;-10.0279
13.2676;-181.213;0.370838;0.0462801;-0.272844;-9.9593
22.093;-181.213;0.30413;0.0569635;-0.255205;-9.76864
30.9185;-181.213;0.226294;0.0632636;-0.2314;-9.49713
39.7439;-181.213;0.197626;0.065163;-0.204101;-9.21485
48.5694;-181.213;0.240356;0.0648071;-0.177762;-8.93612
57.3948;-181.213;0.254808;0.0690722;-0.16004;-8.61486
66.2203;-181.213;0.256062;0.0752734;-0.148081;-8.24934
75.0458;-181.213;0.266766;0.079185;-0.131483;-7.84801
83.8712;-181.213;0.278821;0.0777077;-0.106705;-7.40947
92.6967;-181.213;0.283494;0.0715457;-0.0846201;-6.93297
101.522;-181.213;0.291821;0.0624898;-0.0655434;-6.41052
110.348;-181.213;0.330293;0.0522702;-0.0442494;-5.84853
119.173;-181.213;0.366243;0.0414146;-0.0244482;-5.26312
127.998;-181.213;0.402605;0.0306054;-0.00819875;-4.65975
136.824;-181.213;0.472044;0.0173887;0.00773611;-4.0496
145.649;-181.213;0.632686;-6.91515e-05;0.0233261;-3.47854
154.475;-181.213;0.838849;-0.0207248;0.0391901;-2.9054
163.3;-181.213;1.02199;-0.0446672;0.0594595;-2.29116
-136.765;-190.038;-0.103805;-0.0484938;-0.00755038;-2.38018
-127.94;-190.038;-0.133638;-0.0571887;-0.0233512;-3.05011
-119.114;-190.038;-0.178201;-0.0618039;-0.0401073;-3.68458
-110.289;-190.038;-0.214024;-0.0612173;-0.0629133;-4.31631
-101.463;-190.038;-0.312312;-0.0479791;-0.0860239;-4.86185
-92.6379;-190.038;-0.439364;-0.0463279;-0.109492;-5.34235
-83.8124;-190.038;-0.429465;-0.0498776;-0.125968;-5.8481
-74.987;-190.038;-0.299572;-0.0528273;-0.143085;-6.40056
-66.1615;-190.038;-0.195734;-0.0536359;-0.16186;-6.89828
-57.3361;-190.038;-0.215419;-0.0524612;-0.181526;-7.28638
-48.5106;-190.038;-0.205376;-0.0475803;-0.194972;-7.63693
-39.6852;-190.038;-0.113741;-0.0390201;-0.202649;-7.98206
-30.8597;-190.038;-0.0345143;-0.0280877;-0.210694;-8.26141
-22.0342;-190.038;0.0503374;-0.0161207;-0.221052;-8.49099
-13.2088;-190.038;0.176067;0.00163508;-0.228014;-8.69275
-4.38334;-190.038;0.309871;0.020718;-0.226245;-8.81476
4.44212;-190.038;0.307591;0.0272596;-0.221878;-8.80531
13.2676;-190.038;0.229242;0.0288746;-0.216982;-8.69495
22.093;-190.038;0.152682;0.0356051;-0.204262;-8.49699
30.9185;-190.038;0.0879796;0.0415264;-0.186464;-8.25477
39.7439;-190.038;0.0704734;0.0438562;-0.164626;-8.00106
48.5694;-190.038;0.11659;0.0447068;-0.141165;-7.74264
57.3948;-190.038;0.141382;0.0489977;-0.121726;-7.43681
66.2203;-190.038;0.164629;0.0527738;-0.105635;-7.09471
75.0458;-190.038;0.204904;0.0551478;-0.0869496;-6.72364
83.8712;-190.038;0.240165;0.055213;-0.0655878;-6.32185
92.6967;-190.038;0.253287;0.0536066;-0.0519344;-5.88167
101.522;-190.038;0.253803;0.0490744;-0.0418875;-5.38032
110.348;-190.038;0.275318;0.0420378;-0.0294252;-4.84537
119.173;-190.038;0.309181;0.0329351;-0.0163875;-4.29864
127.998;-190.038;0.359393;0.0216922;-0.00312484;-3.73652
136.824;-190.038;0.437583;0.00864931;0.010041;-3.15234
145.649;-190.038;0.568834;-0.0101867;0.0257184;-2.57305
154.475;-190.038;0.689671;-0.0326591;0.0458959;-1.94744
-119.114;-198.864;-0.191407;-0.048973;-0.00306755;-2.71599
-110.289;-198.864;-0.206851;-0.0481057;-0.0213701;-3.30172
-101.463;-198.864;-0.336376;-0.0393806;-0.0471564;-3.8368
-92.6379;-198.864;-0.530313;-0.0408622;-0.0752062;-4.29154
-83.8124;-198.864;-0.529665;-0.0432776;-0.0903202;-4.80559
-74.987;-198.864;-0.387191;-0.0427347;-0.0999784;-5.34607
-66.1615;-198.864;-0.234938;-0.0417174;-0.111477;-5.8411
-57.3361;-198.864;-0.167748;-0.0424245;-0.127338;-6.23993
-48.5106;-198.864;-0.157837;-0.038852;-0.141581;-6.56903
-39.6852;-198.864;-0.123925;-0.0319421;-0.151975;-6.85321
-30.8597;-198.864;-0.0933697;-0.0252872;-0.164897;-7.09946
-22.0342;-198.864;-0.0311365;-0.0170237;-0.178153;-7.3116
-13.2088;-198.864;0.0687303;-0.00264122;-0.187104;-7.48623
-4.38334;-198.864;0.155685;0.0110332;-0.184257;-7.5589
4.44212;-198.864;0.141318;0.0146294;-0.175816;-7.52255
13.2676;-198.864;0.0949395;0.0127952;-0.168205;-7.41285
22.093;-198.864;0.0464379;0.0183229;-0.158357;-7.23975
30.9185;-198.864;-0.0056406;0.0241042;-0.145578;-7.02422
39.7439;-198.864;-0.0278897;0.0262821;-0.127502;-6.78837
48.5694;-198.864;0.0024192;0.0280275;-0.106861;-6.54727
57.3948;-198.864;0.0397654;0.0332892;-0.0866701;-6.26523
66.2203;-198.864;0.0877512;0.0356348;-0.0671675;-5.95324
75.0458;-198.864;0.148636;0.0353528;-0.0459732;-5.60665
83.8712;-198.864;0.197641;0.0343214;-0.0269066;-5.22833
92.6967;-198.864;0.223242;0.0337241;-0.0189994;-4.81503
101.522;-198.864;0.2423;0.0321864;-0.0157805;-4.35628
110.348;-198.864;0.271712;0.0287266;-0.00958763;-3.86126
119.173;-198.864;0.296587;0.0223578;-0.00219776;-3.32847
127.998;-198.864;0.320497;0.0120157;0.00399031;-2.77338
136.824;-198.864;0.36691;-0.00157077;0.0129954;-2.20371
145.649;-198.864;0.459212;-0.0211404;0.0334962;-1.611
-119.114;-207.689;-0.270276;-0.0364822;0.02308;-1.74531
-110.289;-207.689;-0.239609;-0.0336123;0.00621691;-2.31299
-101.463;-207.689;-0.329051;-0.0308783;-0.0212068;-2.84036
-92.6379;-207.689;-0.481461;-0.0370542;-0.0485899;-3.31526
-83.8124;-207.689;-0.458641;-0.039894;-0.0580243;-3.81585
-74.987;-207.689;-0.369574;-0.0379357;-0.0638666;-4.31601
-66.1615;-207.689;-0.272917;-0.0368692;-0.0767003;-4.76185
-57.3361;-207.689;-0.212231;-0.0378831;-0.0906953;-5.13298
-48.5106;-207.689;-0.190162;-0.0375557;-0.105514;-5.44678
-39.6852;-207.689;-0.18102;-0.0325596;-0.118622;-5.70225
-30.8597;-207.689;-0.15931;-0.0277467;-0.13285;-5.91844
-22.0342;-207.689;-0.115259;-0.0233009;-0.148121;-6.10316
-13.2088;-207.689;-0.0509133;-0.015128;-0.160721;-6.25029
-4.38334;-207.689;0.00354622;-0.00566483;-0.162018;-6.31563
4.44212;-207.689;0.00477394;-0.00157378;-0.152023;-6.27915
13.2676;-207.689;-0.00385704;-0.00314209;-0.14039;-6.18509
22.093;-207.689;-0.0242656;0.0033963;-0.127076;-6.03174
30.9185;-207.689;-0.0591217;0.0081324;-0.110652;-5.83122
39.7439;-207.689;-0.0774599;0.00951157;-0.0892716;-5.61443
48.5694;-207.689;-0.0515214;0.0110627;-0.0669799;-5.39299
57.3948;-207.689;0.00848603;0.0163119;-0.0447366;-5.13892
66.2203;-207.689;0.0832326;0.018057;-0.0235008;-4.85959
75.0458;-207.689;0.150646;0.0159569;-0.00193079;-4.5353
83.8712;-207.689;0.20666;0.0138007;0.0142155;-4.18258
92.6967;-207.689;0.258251;0.0137199;0.0194021;-3.80267
101.522;-207.689;0.298289;0.0140535;0.0187788;-3.39448
110.348;-207.689;0.331689;0.0126477;0.0183252;-2.91708
119.173;-207.689;0.342435;0.00556022;0.0206395;-2.39082
127.998;-207.689;0.342419;-0.00438404;0.0227383;-1.83771
136.824;-207.689;0.345072;-0.0160024;0.0291082;-1.26987
-83.8124;-216.515;-0.425025;-0.0386575;-0.0306842;-2.81598
-74.987;-216.515;-0.342981;-0.0380297;-0.0366549;-3.25951
-66.1615;-216.515;-0.297231;-0.0364788;-0.0496953;-3.66805
-57.3361;-216.515;-0.273867;-0.0366672;-0.0622178;-4.00575
-48.5106;-216.515;-0.270014;-0.0360038;-0.0754863;-4.2976
-39.6852;-216.515;-0.248733;-0.0335554;-0.0899278;-4.54108
-30.8597;-216.515;-0.207467;-0.0304021;-0.106792;-4.7436
-22.0342;-216.515;-0.160369;-0.0284791;-0.123429;-4.91212
-13.2088;-216.515;-0.115424;-0.0251995;-0.13688;-5.03356
-4.38334;-216.515;-0.0866525;-0.0197327;-0.142827;-5.09126
4.44212;-216.515;-0.0859569;-0.0154478;-0.136291;-5.0733
13.2676;-216.515;-0.084967;-0.0163287;-0.123148;-5.00151
22.093;-216.515;-0.101814;-0.0108301;-0.102101;-4.85016
30.9185;-216.515;-0.121603;-0.00904239;-0.0770934;-4.65693
39.7439;-216.515;-0.108677;-0.010287;-0.0494443;-4.46761
48.5694;-216.515;-0.0414697;-0.0096055;-0.0214784;-4.2899
57.3948;-216.515;0.0683996;-0.00368935;0.00632661;-4.08986
66.2203;-216.515;0.166545;-0.00131871;0.0280473;-3.85758
75.0458;-216.515;0.239702;-0.00292014;0.0461453;-3.55655
83.8712;-216.515;0.320798;-0.0037737;0.0596632;-3.25728
92.6967;-216.515;0.405518;-0.00266946;0.0599553;-2.91356
101.522;-216.515;0.466776;-0.00630345;0.0526414;-2.51412
110.348;-216.515;0.457416;-0.00932597;0.043957;-2.0179
-83.8124;-225.34;-0.409622;-0.034348;0.00152152;-1.76604
-74.987;-225.34;-0.322957;-0.0375554;-0.00900229;-2.20092
-66.1615;-225.34;-0.290027;-0.0380291;-0.0227808;-2.58085
-57.3361;-225.34;-0.289719;-0.0370862;-0.033028;-2.89354
-48.5106;-225.34;-0.302424;-0.0350081;-0.04163;-3.16194
-39.6852;-225.34;-0.267676;-0.0340843;-0.0558994;-3.40346
-30.8597;-225.34;-0.210982;-0.0332372;-0.0755373;-3.61424
-22.0342;-225.34;-0.170459;-0.0306661;-0.0951026;-3.77361
-13.2088;-225.34;-0.146156;-0.0268476;-0.107902;-3.87691
-4.38334;-225.34;-0.140338;-0.0226972;-0.113147;-3.92392
4.44212;-225.34;-0.157586;-0.0208919;-0.110067;-3.90766
13.2676;-225.34;-0.18259;-0.0243147;-0.0989175;-3.83042
22.093;-225.34;-0.20455;-0.0243125;-0.0705599;-3.67482
30.9185;-225.34;-0.193569;-0.0250175;-0.0390646;-3.51847
39.7439;-225.34;-0.0969596;-0.0262673;-0.00663823;-3.39307
48.5694;-225.34;0.0284013;-0.0240987;0.0255026;-3.27885
57.3948;-225.34;0.197788;-0.018316;0.0558193;-3.13627
66.2203;-225.34;0.277118;-0.0135748;0.0749674;-2.95178
75.0458;-225.34;0.335775;-0.0132919;0.0852529;-2.66118
83.8712;-225.34;0.402585;-0.0147789;0.0821742;-2.32185
92.6967;-225.34;0.42696;-0.0134364;0.0775407;-1.94126
-39.6852;-234.166;-0.239044;-0.0337022;-0.0180963;-2.30788
-30.8597;-234.166;-0.18196;-0.0350362;-0.0397349;-2.52241
-22.0342;-234.166;-0.162428;-0.031504;-0.0601048;-2.66949
-13.2088;-234.166;-0.163149;-0.0261775;-0.0704447;-2.74613
-4.38334;-234.166;-0.180063;-0.0217275;-0.073492;-2.77319
4.44212;-234.166;-0.217999;-0.0224269;-0.0706129;-2.74447
13.2676;-234.166;-0.287226;-0.0295192;-0.0593096;-2.64241
22.093;-234.166;-0.260081;-0.0343707;-0.0291437;-2.53878
30.9185;-234.166;-0.127673;-0.0351522;0.00285048;-2.50926
39.7439;-234.166;0.112247;-0.0337357;0.0343331;-2.47836
48.5694;-234.166;0.272323;-0.0302894;0.0586678;-2.36565
57.3948;-234.166;0.257318;-0.0237239;0.0737718;-2.12502
66.2203;-234.166;0.114577;-0.018529;0.0717495;-1.81706
75.0458;-234.166;-0.0343728;-0.0204152;0.064237;-1.43307
-4.38334;-242.991;-0.169057;-0.0208475;-0.0277644;-1.68985
4.44212;-242.991;-0.202343;-0.0206353;-0.027111;-1.67635
13.2676;-242.991;-0.250817;-0.0270636;-0.0175764;-1.60784
22.093;-242.991;-0.0625753;-0.0336637;0.00801232;-1.63321
30.9185;-242.991;0.271728;-0.0345328;0.039729;-1.72013
