x[mm];y[mm];z[mm];x-displacement[mm];y-displacement[mm];z-displacement[mm]
-4.38334;224.758;0.115697;-0.02347;0.0804886;-2.17269
4.44212;224.758;0.0164864;-0.0173962;0.0825042;-2.17966
13.2676;224.758;-0.0263853;-0.00774138;0.0784456;-2.14919
22.093;224.758;-0.0573264;-0.00451377;0.0676804;-2.06899
-39.6852;215.933;-0.0236217;-0.0249171;0.102963;-2.49669
-30.8597;215.933;-0.110706;-0.0231611;0.109627;-2.6438
-22.0342;215.933;-0.217603;-0.020511;0.103971;-2.71814
-13.2088;215.933;-0.282745;-0.0113082;0.0997621;-2.84011
-4.38334;215.933;-0.258786;-0.0125534;0.10585;-2.97606
4.44212;215.933;-0.243161;-0.0096715;0.113789;-3.06271
13.2676;215.933;-0.236875;-0.00244394;0.115284;-3.06635
22.093;215.933;-0.216982;0.000322423;0.109101;-3.0202
30.9185;215.933;-0.190114;0.00140586;0.104654;-2.95366
39.7439;215.933;-0.184509;0.00289114;0.0967899;-2.84088
48.5694;215.933;-0.226374;0.0043697;0.085373;-2.67129
57.3948;215.933;-0.282106;0.00485359;0.0732515;-2.44328
66.2203;215.933;-0.344594;0.00259076;0.0707329;-2.18252
75.0458;215.933;-0.390934;-0.000676558;0.0675631;-1.89487
-74.987;207.107;0.310109;-0.0506573;0.0798423;-2.40453
-66.1615;207.107;0.220077;-0.0424225;0.0908031;-2.72306
-57.3361;207.107;0.0527837;-0.0353079;0.105344;-2.9887
-48.5106;207.107;-0.00835472;-0.033876;0.11976;-3.2825
-39.6852;207.107;-0.0847791;-0.0302036;0.130149;-3.50025
-30.8597;207.107;-0.343077;-0.0249506;0.142449;-3.54877
-22.0342;207.107;-0.616261;-0.0189946;0.140563;-3.50422
-13.2088;207.107;-0.691359;-0.00880283;0.132027;-3.58836
-4.38334;207.107;-0.578334;-0.00436371;0.127702;-3.75875
4.44212;207.107;-0.485139;-2.27283e-05;0.137307;-3.91289
13.2676;207.107;-0.40193;0.00540514;0.143685;-3.98967
22.093;207.107;-0.315914;0.00731939;0.141412;-4.00482
30.9185;207.107;-0.244018;0.00954781;0.134886;-3.96968
39.7439;207.107;-0.213265;0.0140642;0.122569;-3.8679
48.5694;207.107;-0.231486;0.0174666;0.106658;-3.70005
57.3948;207.107;-0.284992;0.0190838;0.0950517;-3.46133
66.2203;207.107;-0.341313;0.0191384;0.0936408;-3.19444
75.0458;207.107;-0.380589;0.0166385;0.0921796;-2.89567
83.8712;207.107;-0.390712;0.0117506;0.0829972;-2.56286
92.6967;207.107;-0.374898;0.00774143;0.0640651;-2.18477
-110.289;198.282;0.583516;-0.0313031;0.038378;-1.59146
-101.463;198.282;0.489507;-0.0440282;0.0607325;-2.08721
-92.6379;198.282;0.390211;-0.0588451;0.080219;-2.57561
-83.8124;198.282;0.339983;-0.0657819;0.0913469;-3.03227
-74.987;198.282;0.263229;-0.0593082;0.0999054;-3.44954
-66.1615;198.282;0.117529;-0.0448984;0.10757;-3.75963
-57.3361;198.282;-0.0883866;-0.0333755;0.123912;-4.00763
-48.5106;198.282;-0.117861;-0.0331218;0.135424;-4.28396
-39.6852;198.282;-0.151734;-0.0297583;0.142335;-4.51803
-30.8597;198.282;-0.371237;-0.0236493;0.155438;-4.59102
-22.0342;198.282;-0.571981;-0.0187213;0.155571;-4.58317
-13.2088;198.282;-0.599976;-0.00991532;0.146549;-4.6738
-4.38334;198.282;-0.463282;-0.00391902;0.138284;-4.83936
4.44212;198.282;-0.364679;0.000991974;0.147262;-4.99455
13.2676;198.282;-0.290782;0.00685772;0.157398;-5.08504
22.093;198.282;-0.237665;0.0121864;0.15834;-5.09792
30.9185;198.282;-0.20546;0.0177492;0.151171;-5.0391
39.7439;198.282;-0.194017;0.0234333;0.137987;-4.91872
48.5694;198.282;-0.199538;0.0268846;0.124026;-4.74884
57.3948;198.282;-0.240019;0.0291612;0.114534;-4.51275
66.2203;198.282;-0.284398;0.0318071;0.113243;-4.24284
75.0458;198.282;-0.313877;0.0318477;0.10926;-3.93216
83.8712;198.282;-0.315215;0.0283175;0.0992473;-3.57825
92.6967;198.282;-0.30735;0.0227826;0.0833912;-3.18631
101.522;198.282;-0.292857;0.0159437;0.0699019;-2.77046
110.348;198.282;-0.266497;0.00701688;0.0546863;-2.33032
-101.463;189.456;0.583998;-0.0669892;0.0763708;-3.10431
-92.6379;189.456;0.499634;-0.0784748;0.0912205;-3.60863
-83.8124;189.456;0.376132;-0.0819885;0.10717;-4.05453
-74.987;189.456;0.209713;-0.0702015;0.118528;-4.43021
-66.1615;189.456;0.0105991;-0.0477989;0.129409;-4.75858
-57.3361;189.456;-0.165576;-0.0321466;0.13356;-4.97891
-48.5106;189.456;-0.22232;-0.0303219;0.141171;-5.23044
-39.6852;189.456;-0.204346;-0.0272447;0.144548;-5.5234
-30.8597;189.456;-0.258025;-0.0212783;0.154546;-5.7411
-22.0342;189.456;-0.310302;-0.0138857;0.156563;-5.87363
-13.2088;189.456;-0.287012;-0.00452005;0.150738;-6.00431
-4.38334;189.456;-0.184105;0.00208144;0.144819;-6.14409
4.44212;189.456;-0.130452;0.00625289;0.152959;-6.24962
13.2676;189.456;-0.107682;0.010518;0.162899;-6.27963
22.093;189.456;-0.107904;0.0169227;0.165719;-6.23845
30.9185;189.456;-0.11755;0.0243329;0.16003;-6.13986
39.7439;189.456;-0.125036;0.0304086;0.148959;-5.99749
48.5694;189.456;-0.12687;0.033028;0.138806;-5.81878
57.3948;189.456;-0.15668;0.0357666;0.13207;-5.58
66.2203;189.456;-0.192424;0.039765;0.128054;-5.29957
75.0458;189.456;-0.217161;0.0419373;0.120707;-4.97439
83.8712;189.456;-0.224744;0.0406099;0.108862;-4.60607
92.6967;189.456;-0.224059;0.0359108;0.0950922;-4.19893
101.522;189.456;-0.222112;0.0289085;0.0826108;-3.76031
110.348;189.456;-0.204009;0.0208175;0.0690139;-3.28342
119.173;189.456;-0.165647;0.0103732;0.0518864;-2.79169
127.998;189.456;-0.110056;-0.00112229;0.0339263;-2.27575
136.824;189.456;-0.089791;-0.0161549;0.0130357;-1.69761
-127.94;180.631;0.74136;-0.0554052;0.0300245;-2.30232
-119.114;180.631;0.686113;-0.0682555;0.0509995;-2.89028
-110.289;180.631;0.664279;-0.0817049;0.0715931;-3.47919
-101.463;180.631;0.664402;-0.0945142;0.0849626;-4.02944
-92.6379;180.631;0.523733;-0.102782;0.107812;-4.50977
-83.8124;180.631;0.277093;-0.102964;0.134612;-4.88083
-74.987;180.631;0.0972331;-0.0866952;0.150148;-5.28872
-66.1615;180.631;0.0192403;-0.0574019;0.148184;-5.74781
-57.3361;180.631;-0.0384827;-0.035729;0.135745;-6.0522
-48.5106;180.631;-0.169323;-0.0292429;0.143256;-6.2955
-39.6852;180.631;-0.144168;-0.0290181;0.146911;-6.57442
-30.8597;180.631;-0.0963;-0.0256827;0.15379;-6.85291
-22.0342;180.631;-0.0527723;-0.0187181;0.155903;-7.05773
-13.2088;180.631;-0.0100783;-0.00943682;0.153933;-7.20947
-4.38334;180.631;0.0303358;-0.0020662;0.152768;-7.32089
4.44212;180.631;0.0252143;0.00231573;0.159847;-7.37899
13.2676;180.631;0.00450403;0.00804345;0.168678;-7.37377
22.093;180.631;-0.018546;0.0163431;0.172346;-7.31322
30.9185;180.631;-0.0338622;0.0256963;0.169254;-7.20843
39.7439;180.631;-0.0388275;0.0333209;0.161412;-7.06448
48.5694;180.631;-0.0408076;0.0366673;0.153537;-6.87852
57.3948;180.631;-0.0684124;0.0399771;0.147977;-6.63349
66.2203;180.631;-0.0989539;0.044305;0.141374;-6.34265
75.0458;180.631;-0.11699;0.0477268;0.132287;-6.00792
83.8712;180.631;-0.123474;0.0488175;0.12182;-5.62834
92.6967;180.631;-0.135698;0.0470951;0.111736;-5.20137
101.522;180.631;-0.159817;0.0421442;0.101451;-4.73026
110.348;180.631;-0.164297;0.032319;0.0860642;-4.22142
119.173;180.631;-0.142405;0.0206862;0.0677327;-3.69166
127.998;180.631;-0.0925073;0.0107803;0.0493871;-3.15405
136.824;180.631;-0.0336097;1.35493e-07;0.0334781;-2.61219
145.649;180.631;-0.0379364;-0.0124746;0.010537;-1.98297
154.475;180.631;-0.0880527;-0.0344063;-0.0190354;-1.25046
-136.765;171.805;0.823981;-0.0680198;0.0323929;-2.54596
-127.94;171.805;0.752558;-0.077593;0.0502063;-3.16278
-119.114;171.805;0.659385;-0.0905395;0.0727742;-3.77341
-110.289;171.805;0.605675;-0.105277;0.093211;-4.37454
-101.463;171.805;0.586648;-0.117194;0.105217;-4.92533
-92.6379;171.805;0.353907;-0.12359;0.135016;-5.35961
-83.8124;171.805;0.0423124;-0.123143;0.173805;-5.73012
-74.987;171.805;0.0235992;-0.106322;0.183948;-6.21207
-66.1615;171.805;0.190632;-0.0750016;0.161487;-6.7857
-57.3361;171.805;0.257199;-0.0494629;0.136898;-7.18702
-48.5106;171.805;0.104918;-0.0399684;0.145079;-7.43938
-39.6852;171.805;0.0433318;-0.0358365;0.159165;-7.68356
-30.8597;171.805;0.0524267;-0.0306869;0.171793;-7.94198
-22.0342;171.805;0.0785416;-0.0229373;0.176335;-8.13992
-13.2088;171.805;0.0910024;-0.0129579;0.17646;-8.27459
-4.38334;171.805;0.078394;-0.00331767;0.177183;-8.35584
4.44212;171.805;0.0379231;0.00375009;0.181036;-8.38746
13.2676;171.805;0.0116114;0.00994659;0.187617;-8.37923
22.093;171.805;0.000758321;0.0186929;0.192267;-8.33226
30.9185;171.805;0.00878433;0.0288286;0.191059;-8.24498
39.7439;171.805;0.025114;0.0378768;0.183941;-8.11065
48.5694;171.805;0.0270535;0.0435284;0.175223;-7.91895
57.3948;171.805;0.00249064;0.0483357;0.168541;-7.66926
66.2203;171.805;-0.0158436;0.0531694;0.160141;-7.37567
75.0458;171.805;-0.019499;0.0571352;0.149557;-7.03633
83.8712;171.805;-0.0225791;0.0596047;0.13966;-6.64414
92.6967;171.805;-0.0516835;0.0603161;0.133437;-6.19306
101.522;171.805;-0.107861;0.0582666;0.126028;-5.69242
110.348;171.805;-0.127719;0.0497234;0.108402;-5.15971
119.173;171.805;-0.118421;0.0388087;0.0872083;-4.6032
127.998;171.805;-0.0956692;0.0281219;0.0679463;-4.02702
136.824;171.805;-0.0720438;0.0186804;0.0522918;-3.43977
145.649;171.805;-0.000470801;0.00334167;0.0330507;-2.8457
154.475;171.805;-0.0605814;-0.0118631;0.0110482;-2.13898
163.3;171.805;-0.197614;-0.0356029;-0.0085411;-1.37372
-145.591;162.98;0.837597;-0.0762724;0.0364078;-2.6894
-136.765;162.98;0.816915;-0.0875832;0.0523066;-3.3622
-127.94;162.98;0.763065;-0.0954339;0.070709;-4.01957
-119.114;162.98;0.671533;-0.106002;0.0912493;-4.63396
-110.289;162.98;0.60992;-0.117829;0.107608;-5.23525
-101.463;162.98;0.578392;-0.127185;0.115206;-5.78306
-92.6379;162.98;0.369591;-0.132573;0.140594;-6.25744
-83.8124;162.98;0.145807;-0.131741;0.172626;-6.69031
-74.987;162.98;0.285139;-0.114085;0.175102;-7.24072
-66.1615;162.98;0.504146;-0.0828213;0.14829;-7.82041
-57.3361;162.98;0.49011;-0.0554562;0.130991;-8.25094
-48.5106;162.98;0.316794;-0.0457237;0.146868;-8.51108
-39.6852;162.98;0.244764;-0.0398691;0.168529;-8.75008
-30.8597;162.98;0.227106;-0.0332911;0.188135;-8.98783
-22.0342;162.98;0.207122;-0.024833;0.199187;-9.1728
-13.2088;162.98;0.171305;-0.013936;0.203567;-9.29443
-4.38334;162.98;0.1276;-0.00188763;0.205894;-9.36178
4.44212;162.98;0.0853959;0.00806822;0.208344;-9.3917
13.2676;162.98;0.0692868;0.016204;0.213137;-9.3933
22.093;162.98;0.0652888;0.0260964;0.21756;-9.35652
30.9185;162.98;0.0765865;0.0367346;0.217535;-9.27589
39.7439;162.98;0.0964684;0.0460705;0.211087;-9.14426
48.5694;162.98;0.107276;0.0524757;0.202816;-8.95205
57.3948;162.98;0.0852653;0.0582963;0.194873;-8.69205
66.2203;162.98;0.0618384;0.0639864;0.183968;-8.38126
75.0458;162.98;0.0532975;0.0687134;0.171065;-8.02593
83.8712;162.98;0.0460011;0.0721392;0.160063;-7.61988
92.6967;162.98;0.0134802;0.0738301;0.154384;-7.15435
101.522;162.98;-0.0480878;0.0734515;0.14898;-6.64215
110.348;162.98;-0.0498414;0.067186;0.129795;-6.11528
119.173;162.98;-0.0175978;0.0575238;0.104713;-5.55857
127.998;162.98;0.0241493;0.0463458;0.0814869;-4.97098
136.824;162.98;0.0615579;0.0337601;0.0624969;-4.36251
145.649;162.98;0.0962492;0.018653;0.0419616;-3.73584
154.475;162.98;0.0230146;0.00494846;0.0230641;-3.00534
163.3;162.98;-0.0723203;-0.0115991;0.0158536;-2.24293
-163.242;154.154;0.886553;-0.0540878;0.0185191;-1.96236
-154.416;154.154;0.826943;-0.0737605;0.0369853;-2.72044
-145.591;154.154;0.800904;-0.0903616;0.053785;-3.45813
-136.765;154.154;0.802877;-0.101094;0.0680513;-4.1711
-127.94;154.154;0.768334;-0.109948;0.0863156;-4.85315
-119.114;154.154;0.703513;-0.118721;0.104334;-5.4924
-110.289;154.154;0.667398;-0.127273;0.116296;-6.10322
-101.463;154.154;0.671508;-0.132118;0.118486;-6.68104
-92.6379;154.154;0.564537;-0.133195;0.130406;-7.2234
-83.8124;154.154;0.484761;-0.128933;0.146354;-7.73041
-74.987;154.154;0.566829;-0.10856;0.148835;-8.30889
-66.1615;154.154;0.636294;-0.0801011;0.135301;-8.81759
-57.3361;154.154;0.552936;-0.0577701;0.132171;-9.20308
-48.5106;154.154;0.39265;-0.0509689;0.153242;-9.47217
-39.6852;154.154;0.352508;-0.044626;0.177576;-9.73542
-30.8597;154.154;0.341842;-0.03688;0.199993;-9.97871
-22.0342;154.154;0.324446;-0.0280838;0.215249;-10.1741
-13.2088;154.154;0.286319;-0.0172959;0.224075;-10.3074
-4.38334;154.154;0.23356;-0.00469216;0.230465;-10.3822
4.44212;154.154;0.186996;0.00786917;0.23479;-10.4189
13.2676;154.154;0.170387;0.0186418;0.239095;-10.4233
22.093;154.154;0.146456;0.0318968;0.242268;-10.3738
30.9185;154.154;0.129622;0.0450707;0.241968;-10.274
39.7439;154.154;0.126977;0.0559986;0.23516;-10.1272
48.5694;154.154;0.12816;0.0633517;0.227632;-9.9231
57.3948;154.154;0.0921526;0.0698982;0.220945;-9.6434
66.2203;154.154;0.0547012;0.0759296;0.210494;-9.31421
75.0458;154.154;0.049547;0.0804874;0.19575;-8.95342
83.8712;154.154;0.0617202;0.0838297;0.180851;-8.55202
92.6967;154.154;0.0582865;0.0848623;0.170875;-8.08906
101.522;154.154;0.0266926;0.08375;0.164428;-7.57339
110.348;154.154;0.0431097;0.0786346;0.147093;-7.04745
119.173;154.154;0.0870945;0.0706138;0.12285;-6.49075
127.998;154.154;0.129544;0.0594073;0.0976938;-5.89109
136.824;154.154;0.143435;0.0454505;0.0754934;-5.2502
145.649;154.154;0.142593;0.0305836;0.0531542;-4.58196
154.475;154.154;0.0801879;0.0160219;0.034443;-3.84732
163.3;154.154;0.000977632;0.00246648;0.0258388;-3.06264
172.126;154.154;-0.0531517;-0.00898581;0.0264651;-2.29518
180.951;154.154;-0.0311223;-0.0188127;0.0265342;-1.49444
-172.067;145.329;0.807606;-0.0477356;0.0148454;-1.86172
-163.242;145.329;0.847531;-0.0646109;0.0296707;-2.66331
-154.416;145.329;0.806696;-0.0816428;0.0480566;-3.44299
-145.591;145.329;0.782828;-0.0970805;0.0633109;-4.20535
-136.765;145.329;0.780434;-0.112029;0.0801619;-4.94849
-127.94;145.329;0.754241;-0.123203;0.0972885;-5.65916
-119.114;145.329;0.712524;-0.132105;0.113259;-6.32522
-110.289;145.329;0.691507;-0.139361;0.124039;-6.96224
-101.463;145.329;0.704234;-0.140484;0.126051;-7.57436
-92.6379;145.329;0.680252;-0.13442;0.128233;-8.15913
-83.8124;145.329;0.669418;-0.12612;0.135858;-8.71392
-74.987;145.329;0.679457;-0.108293;0.135102;-9.23473
-66.1615;145.329;0.646387;-0.0859931;0.131672;-9.68971
-57.3361;145.329;0.543389;-0.06896;0.13878;-10.0636
-48.5106;145.329;0.422617;-0.0629404;0.161348;-10.3582
-39.6852;145.329;0.396665;-0.0541552;0.185221;-10.6523
-30.8597;145.329;0.386366;-0.0441388;0.207144;-10.9113
-22.0342;145.329;0.368195;-0.0337771;0.223996;-11.1253
-13.2088;145.329;0.326093;-0.021226;0.23661;-11.2775
-4.38334;145.329;0.264675;-0.00670994;0.248377;-11.3613
4.44212;145.329;0.208638;0.00836324;0.256441;-11.3977
13.2676;145.329;0.185411;0.0214757;0.261508;-11.3941
22.093;145.329;0.155235;0.036437;0.262965;-11.3324
30.9185;145.329;0.128264;0.0509197;0.26104;-11.2188
39.7439;145.329;0.111464;0.0637927;0.253405;-11.0597
48.5694;145.329;0.100066;0.0730028;0.246053;-10.8407
57.3948;145.329;0.0684286;0.079883;0.241497;-10.5538
66.2203;145.329;0.0461578;0.0859639;0.233651;-10.2258
75.0458;145.329;0.06268;0.0909046;0.218948;-9.87523
83.8712;145.329;0.100952;0.0949705;0.200215;-9.48666
92.6967;145.329;0.131164;0.0953605;0.183996;-9.0297
101.522;145.329;0.137413;0.0930355;0.174169;-8.51688
110.348;145.329;0.153527;0.0892104;0.160174;-7.98241
119.173;145.329;0.174566;0.0840066;0.1401;-7.40614
127.998;145.329;0.187155;0.07432;0.115905;-6.77693
136.824;145.329;0.179387;0.0593406;0.0917446;-6.10087
145.649;145.329;0.162699;0.0442204;0.0677137;-5.39808
154.475;145.329;0.118982;0.0292842;0.0461495;-4.64988
163.3;145.329;0.0580524;0.0140508;0.0334646;-3.86874
172.126;145.329;0.00154549;-0.000441281;0.0255905;-3.05563
180.951;145.329;0.00270379;-0.0124336;0.0234335;-2.25716
189.777;145.329;-0.0437607;-0.0282601;0.0150375;-1.3958
-172.067;136.504;0.805649;-0.0524698;0.0237757;-2.51886
-163.242;136.504;0.813697;-0.0702444;0.0368094;-3.35304
-154.416;136.504;0.794596;-0.0878681;0.0546436;-4.15168
-145.591;136.504;0.77576;-0.105053;0.0721511;-4.93272
-136.765;136.504;0.75271;-0.122421;0.089171;-5.69452
-127.94;136.504;0.723323;-0.133905;0.103415;-6.41818
-119.114;136.504;0.691541;-0.142499;0.116135;-7.10264
-110.289;136.504;0.668655;-0.149821;0.12673;-7.76103
-101.463;136.504;0.664742;-0.150227;0.132311;-8.38957
-92.6379;136.504;0.665932;-0.139935;0.133448;-8.97513
-83.8124;136.504;0.651805;-0.130173;0.140259;-9.52525
-74.987;136.504;0.639557;-0.116945;0.141261;-10.0383
-66.1615;136.504;0.594988;-0.101273;0.143802;-10.4983
-57.3361;136.504;0.513426;-0.0870044;0.155649;-10.8995
-48.5106;136.504;0.432535;-0.0769009;0.177412;-11.2412
-39.6852;136.504;0.396839;-0.0652858;0.198517;-11.5473
-30.8597;136.504;0.368579;-0.0531082;0.218444;-11.8105
-22.0342;136.504;0.331408;-0.0405804;0.235432;-12.026
-13.2088;136.504;0.273207;-0.0255821;0.25011;-12.1795
-4.38334;136.504;0.201181;-0.00862204;0.264741;-12.2638
4.44212;136.504;0.140583;0.00840313;0.275788;-12.2949
13.2676;136.504;0.122599;0.0241607;0.281291;-12.2954
22.093;136.504;0.114553;0.0405981;0.280715;-12.249
30.9185;136.504;0.107246;0.0560838;0.276438;-12.1469
39.7439;136.504;0.0950112;0.0709345;0.26693;-11.9875
48.5694;136.504;0.0769003;0.0837024;0.257954;-11.762
57.3948;136.504;0.0582407;0.0933992;0.253788;-11.4809
66.2203;136.504;0.0627894;0.100793;0.248469;-11.1641
75.0458;136.504;0.0885316;0.107309;0.235521;-10.8128
83.8712;136.504;0.120064;0.112863;0.215886;-10.4067
92.6967;136.504;0.148358;0.113476;0.196027;-9.92738
101.522;136.504;0.182392;0.110625;0.183037;-9.41723
110.348;136.504;0.193415;0.108062;0.170686;-8.87321
119.173;136.504;0.185475;0.104691;0.153889;-8.26826
127.998;136.504;0.174166;0.0953944;0.131373;-7.60773
136.824;136.504;0.170106;0.0793502;0.10658;-6.91254
145.649;136.504;0.157588;0.0632961;0.0818622;-6.1884
154.475;136.504;0.130062;0.0472468;0.0583943;-5.42459
163.3;136.504;0.0786284;0.0315477;0.0419433;-4.62551
172.126;136.504;0.020828;0.0138471;0.028059;-3.79818
180.951;136.504;-0.00265896;-0.00593494;0.0153966;-2.96378
189.777;136.504;-0.0116348;-0.0222289;0.0112653;-2.09866
-180.892;127.678;0.828924;-0.032607;0.0187669;-2.28852
-172.067;127.678;0.801448;-0.0496816;0.0273522;-3.13858
-163.242;127.678;0.772076;-0.0751463;0.0471717;-4.00833
-154.416;127.678;0.763932;-0.0977496;0.0664808;-4.84019
-145.591;127.678;0.747952;-0.118221;0.0848824;-5.64882
-136.765;127.678;0.716373;-0.134311;0.101088;-6.4259
-127.94;127.678;0.686062;-0.142335;0.111821;-7.15886
-119.114;127.678;0.656039;-0.148262;0.120349;-7.85981
-110.289;127.678;0.630273;-0.154757;0.129962;-8.54176
-101.463;127.678;0.619002;-0.156149;0.139567;-9.19221
-92.6379;127.678;0.603199;-0.146787;0.147077;-9.79092
-83.8124;127.678;0.570625;-0.136987;0.154779;-10.3378
-74.987;127.678;0.547975;-0.127948;0.158967;-10.8544
-66.1615;127.678;0.515915;-0.117517;0.166988;-11.3304
-57.3361;127.678;0.464648;-0.104298;0.182978;-11.7538
-48.5106;127.678;0.406221;-0.0896392;0.203976;-12.1158
-39.6852;127.678;0.364236;-0.0761286;0.221657;-12.4397
-30.8597;127.678;0.317258;-0.0611225;0.240346;-12.7176
-22.0342;127.678;0.264204;-0.0441104;0.256805;-12.9392
-13.2088;127.678;0.195112;-0.02564;0.27075;-13.0938
-4.38334;127.678;0.121168;-0.00686642;0.285147;-13.1795
4.44212;127.678;0.071985;0.0117617;0.296342;-13.2148
13.2676;127.678;0.0781889;0.0287339;0.300762;-13.2233
22.093;127.678;0.0984438;0.0462414;0.29749;-13.1915
30.9185;127.678;0.115528;0.0627691;0.289641;-13.1033
39.7439;127.678;0.113851;0.0786393;0.276962;-12.9405
48.5694;127.678;0.0891779;0.0950751;0.266238;-12.7053
57.3948;127.678;0.0547438;0.109676;0.260321;-12.4071
66.2203;127.678;0.0508032;0.118639;0.255669;-12.0712
75.0458;127.678;0.0435258;0.125991;0.243908;-11.6757
83.8712;127.678;0.00996811;0.132444;0.226441;-11.1928
92.6967;127.678;-0.0258809;0.135918;0.209258;-10.648
101.522;127.678;0.0105902;0.134611;0.196351;-10.1318
110.348;127.678;0.038922;0.132597;0.183146;-9.5922
119.173;127.678;0.0469589;0.128884;0.165228;-8.98601
127.998;127.678;0.0627845;0.118158;0.141597;-8.33047
136.824;127.678;0.096991;0.10191;0.116115;-7.65179
145.649;127.678;0.101026;0.0859703;0.0927758;-6.92479
154.475;127.678;0.0734808;0.0701276;0.0697144;-6.14075
163.3;127.678;0.0277104;0.0542527;0.0518965;-5.32334
172.126;127.678;-0.0133822;0.0356575;0.0343103;-4.48362
180.951;127.678;-0.0266013;0.0149134;0.0184837;-3.6359
189.777;127.678;-0.0626959;-0.00236458;0.0153819;-2.76822
198.602;127.678;-0.103846;-0.0216474;0.0106211;-1.84987
207.428;127.678;0.108123;-0.0450512;-0.0119166;-0.912822
-189.718;118.853;0.792015;-0.0236737;0.0190366;-1.99493
-180.892;118.853;0.770748;-0.035602;0.0257546;-2.86495
-172.067;118.853;0.756336;-0.0569511;0.0425446;-3.76357
-163.242;118.853;0.721902;-0.0836309;0.0630087;-4.64173
-154.416;118.853;0.712321;-0.11;0.0831919;-5.50629
-145.591;118.853;0.704309;-0.130713;0.100245;-6.34125
-136.765;118.853;0.676575;-0.145534;0.115677;-7.14062
-127.94;118.853;0.650239;-0.151501;0.124365;-7.89089
-119.114;118.853;0.623314;-0.154988;0.129625;-8.61037
-110.289;118.853;0.605123;-0.159126;0.13714;-9.31342
-101.463;118.853;0.605995;-0.160032;0.147872;-9.98394
-92.6379;118.853;0.576178;-0.153434;0.159877;-10.601
-83.8124;118.853;0.51075;-0.144747;0.169428;-11.1577
-74.987;118.853;0.460758;-0.138272;0.177653;-11.6849
-66.1615;118.853;0.421909;-0.131093;0.191407;-12.178
-57.3361;118.853;0.382425;-0.119024;0.211812;-12.6216
-48.5106;118.853;0.341352;-0.102922;0.232809;-13.0023
-39.6852;118.853;0.314086;-0.0898354;0.249575;-13.3506
-30.8597;118.853;0.286054;-0.0726487;0.265042;-13.6463
-22.0342;118.853;0.247791;-0.051383;0.277803;-13.8797
-13.2088;118.853;0.190214;-0.0300662;0.288063;-14.0465
-4.38334;118.853;0.133198;-0.0107423;0.299718;-14.15
4.44212;118.853;0.106272;0.00752695;0.310178;-14.2039
13.2676;118.853;0.1125;0.0258943;0.315121;-14.2135
22.093;118.853;0.108312;0.0461795;0.311439;-14.1635
30.9185;118.853;0.100004;0.0646247;0.300217;-14.0436
39.7439;118.853;0.0764251;0.0831513;0.285176;-13.8498
48.5694;118.853;0.0185353;0.103007;0.274817;-13.5735
57.3948;118.853;-0.0874984;0.123037;0.26924;-13.2125
66.2203;118.853;-0.167016;0.135806;0.264208;-12.8091
75.0458;118.853;-0.205024;0.143464;0.249229;-12.3634
83.8712;118.853;-0.302974;0.153582;0.230537;-11.8129
92.6967;118.853;-0.444649;0.157503;0.212849;-11.1559
101.522;118.853;-0.481439;0.157832;0.198676;-10.5677
110.348;118.853;-0.42047;0.156309;0.187045;-10.0383
119.173;118.853;-0.341089;0.15341;0.171123;-9.48324
127.998;118.853;-0.238193;0.141739;0.148533;-8.88655
136.824;118.853;-0.129135;0.126114;0.123069;-8.25751
145.649;118.853;-0.0921384;0.110818;0.101177;-7.54261
154.475;118.853;-0.097316;0.0957271;0.0782572;-6.7571
163.3;118.853;-0.110744;0.0794417;0.0587544;-5.93849
172.126;118.853;-0.113219;0.0614922;0.0408307;-5.10636
180.951;118.853;-0.0995761;0.0418137;0.0259964;-4.26591
189.777;118.853;-0.109909;0.0216504;0.0192035;-3.39359
198.602;118.853;-0.127878;0.00155977;0.0175897;-2.47318
207.428;118.853;0.0562418;-0.0219471;0.00403092;-1.54031
-189.718;110.027;0.712601;-0.0433282;0.0310365;-2.55303
-180.892;110.027;0.682247;-0.0545927;0.0427509;-3.44273
-172.067;110.027;0.686482;-0.0724066;0.0598924;-4.35468
-163.242;110.027;0.66218;-0.0965075;0.0780153;-5.25702
-154.416;110.027;0.653484;-0.120881;0.0956043;-6.14682
-145.591;110.027;0.656086;-0.140367;0.111696;-7.00892
-136.765;110.027;0.639825;-0.15536;0.127659;-7.83558
-127.94;110.027;0.608124;-0.163897;0.137141;-8.6102
-119.114;110.027;0.572519;-0.169688;0.143236;-9.35584
-110.289;110.027;0.55261;-0.174354;0.150911;-10.0844
-101.463;110.027;0.551412;-0.175315;0.162052;-10.7793
-92.6379;110.027;0.517923;-0.168194;0.173673;-11.4092
-83.8124;110.027;0.456506;-0.157068;0.180519;-11.9793
-74.987;110.027;0.405808;-0.150562;0.188074;-12.525
-66.1615;110.027;0.362296;-0.145188;0.202902;-13.0398
-57.3361;110.027;0.329053;-0.134623;0.225369;-13.5033
-48.5106;110.027;0.308854;-0.118494;0.248043;-13.9041
-39.6852;110.027;0.291543;-0.104284;0.266467;-14.272
-30.8597;110.027;0.268469;-0.084911;0.281098;-14.5835
-22.0342;110.027;0.236275;-0.061494;0.291727;-14.8319
-13.2088;110.027;0.18914;-0.0395348;0.299621;-15.0182
-4.38334;110.027;0.145118;-0.0196779;0.309057;-15.1441
4.44212;110.027;0.123493;0.000234446;0.318405;-15.2116
13.2676;110.027;0.115469;0.0209056;0.324383;-15.2183
22.093;110.027;0.0881116;0.0420002;0.322682;-15.1526
30.9185;110.027;0.0577773;0.0596755;0.311393;-15.0024
39.7439;110.027;0.0150848;0.0820371;0.294919;-14.7824
48.5694;110.027;-0.0517935;0.111374;0.28298;-14.495
57.3948;110.027;-0.141246;0.140747;0.276597;-14.1375
66.2203;110.027;-0.179126;0.157559;0.272858;-13.7548
75.0458;110.027;-0.173451;0.166963;0.255577;-13.3318
83.8712;110.027;-0.276364;0.17902;0.230722;-12.7701
92.6967;110.027;-0.472678;0.18166;0.209836;-12.0456
101.522;110.027;-0.607892;0.181424;0.19323;-11.345
110.348;110.027;-0.598959;0.179698;0.179772;-10.7349
119.173;110.027;-0.528729;0.177415;0.164719;-10.1488
127.998;110.027;-0.410606;0.165207;0.145727;-9.54457
136.824;110.027;-0.277395;0.150215;0.124642;-8.91978
145.649;110.027;-0.192591;0.13575;0.107119;-8.22107
154.475;110.027;-0.160542;0.121373;0.0858904;-7.44289
163.3;110.027;-0.1381;0.103984;0.0653249;-6.62293
172.126;110.027;-0.113297;0.0849972;0.0478314;-5.7837
180.951;110.027;-0.0866274;0.0653482;0.0347991;-4.93192
189.777;110.027;-0.0673527;0.0436216;0.0264274;-4.05319
198.602;110.027;-0.0735435;0.0190636;0.0229279;-3.13822
207.428;110.027;0.0397552;-0.00770576;0.00857214;-2.1622
-198.543;101.202;0.825176;-0.0368722;0.02121;-2.21161
-189.718;101.202;0.727355;-0.0530369;0.0347254;-3.11544
-180.892;101.202;0.67054;-0.0696242;0.0507682;-4.03373
-172.067;101.202;0.657773;-0.0884744;0.0656657;-4.95305
-163.242;101.202;0.635369;-0.110517;0.0803223;-5.87266
-154.416;101.202;0.624133;-0.133279;0.0969417;-6.78191
-145.591;101.202;0.61711;-0.152674;0.113094;-7.6636
-136.765;101.202;0.585559;-0.168831;0.128488;-8.50931
-127.94;101.202;0.530748;-0.180423;0.137803;-9.30269
-119.114;101.202;0.478394;-0.189969;0.144979;-10.0722
-110.289;101.202;0.457962;-0.196663;0.154315;-10.8261
-101.463;101.202;0.470686;-0.197053;0.167267;-11.5493
-92.6379;101.202;0.465853;-0.188833;0.1794;-12.2091
-83.8124;101.202;0.443879;-0.174264;0.183649;-12.8075
-74.987;101.202;0.402938;-0.166465;0.190683;-13.381
-66.1615;101.202;0.353035;-0.160395;0.205126;-13.9159
-57.3361;101.202;0.303067;-0.148624;0.227286;-14.39
-48.5106;101.202;0.263452;-0.130746;0.251553;-14.7999
-39.6852;101.202;0.243559;-0.113632;0.273127;-15.1829
-30.8597;101.202;0.229701;-0.0927094;0.28992;-15.5152
-22.0342;101.202;0.211564;-0.069433;0.301505;-15.7837
-13.2088;101.202;0.186334;-0.0484067;0.309611;-15.9917
-4.38334;101.202;0.162126;-0.0278804;0.318758;-16.1397
4.44212;101.202;0.146074;-0.00571403;0.32709;-16.22
13.2676;101.202;0.132674;0.0167417;0.332672;-16.2284
22.093;101.202;0.0992203;0.0365718;0.333207;-16.1616
30.9185;101.202;0.0559388;0.0531024;0.325161;-16.0038
39.7439;101.202;0.00434091;0.0827167;0.308524;-15.7779
48.5694;101.202;-0.0302398;0.126757;0.292205;-15.5184
57.3948;101.202;-0.0107591;0.168315;0.281975;-15.2404
66.2203;101.202;0.0730591;0.189663;0.2786;-14.9488
75.0458;101.202;0.117496;0.201207;0.259617;-14.5462
83.8712;101.202;0.029797;0.210974;0.231625;-13.9721
92.6967;101.202;-0.160584;0.212412;0.208147;-13.233
101.522;101.202;-0.342924;0.212081;0.188878;-12.4691
110.348;101.202;-0.378394;0.209075;0.171388;-11.7795
119.173;101.202;-0.34672;0.205789;0.155342;-11.128
127.998;101.202;-0.276132;0.195764;0.140408;-10.4664
136.824;101.202;-0.19244;0.182275;0.125451;-9.77809
145.649;101.202;-0.121111;0.167964;0.112029;-9.03799
154.475;101.202;-0.0876503;0.152864;0.0938479;-8.23246
163.3;101.202;-0.0601142;0.134193;0.0740736;-7.38662
172.126;101.202;-0.0460242;0.114127;0.0562634;-6.512
180.951;101.202;-0.0498607;0.0941184;0.0417753;-5.61488
189.777;101.202;-0.0489153;0.0706127;0.0282862;-4.69453
198.602;101.202;-0.0149743;0.0399752;0.0178865;-3.75113
207.428;101.202;0.0338684;0.0089758;0.006922;-2.7504
-198.543;92.3763;0.862127;-0.0318413;0.0145503;-2.73852
-189.718;92.3763;0.761483;-0.0472098;0.0283095;-3.6706
-180.892;92.3763;0.688168;-0.0739417;0.0489139;-4.60541
-172.067;92.3763;0.661485;-0.0986633;0.0647489;-5.5409
-163.242;92.3763;0.641107;-0.121194;0.0778136;-6.47389
-154.416;92.3763;0.613251;-0.143607;0.0952787;-7.39448
-145.591;92.3763;0.57607;-0.162996;0.112408;-8.28873
-136.765;92.3763;0.519452;-0.180324;0.126182;-9.1517
-127.94;92.3763;0.453468;-0.194507;0.132968;-9.9692
-119.114;92.3763;0.405294;-0.206606;0.141015;-10.7696
-110.289;92.3763;0.393996;-0.214018;0.153039;-11.5524
-101.463;92.3763;0.41407;-0.213228;0.168324;-12.3052
-92.6379;92.3763;0.431192;-0.203939;0.181454;-13.0051
-83.8124;92.3763;0.428687;-0.189932;0.188516;-13.648
-74.987;92.3763;0.401559;-0.181442;0.19871;-14.2537
-66.1615;92.3763;0.355822;-0.172878;0.213456;-14.8023
-57.3361;92.3763;0.294459;-0.158828;0.233484;-15.2768
-48.5106;92.3763;0.235838;-0.139358;0.256495;-15.6997
-39.6852;92.3763;0.21219;-0.119942;0.279397;-16.1045
-30.8597;92.3763;0.211438;-0.0974859;0.298779;-16.4697
-22.0342;92.3763;0.20585;-0.0729255;0.3132;-16.7685
-13.2088;92.3763;0.195131;-0.0507247;0.3234;-16.9962
-4.38334;92.3763;0.184574;-0.0278233;0.334237;-17.1589
4.44212;92.3763;0.175134;-0.00308401;0.342444;-17.2445
13.2676;92.3763;0.159432;0.02072;0.34514;-17.2486
22.093;92.3763;0.128402;0.0374915;0.343942;-17.1835
30.9185;92.3763;0.0825016;0.0551943;0.338058;-17.0343
39.7439;92.3763;0.0227345;0.0961173;0.320335;-16.8091
48.5694;92.3763;0.00843249;0.154767;0.295858;-16.5593
57.3948;92.3763;0.105378;0.205827;0.275314;-16.3285
66.2203;92.3763;0.278399;0.229263;0.265944;-16.0955
75.0458;92.3763;0.337605;0.240599;0.246258;-15.6784
83.8712;92.3763;0.281467;0.24564;0.223169;-15.0917
92.6967;92.3763;0.150927;0.245825;0.202502;-14.3826
101.522;92.3763;0.0163398;0.244169;0.183037;-13.6306
110.348;92.3763;-0.0144104;0.239213;0.162458;-12.9077
119.173;92.3763;-0.015828;0.234002;0.145281;-12.1991
127.998;92.3763;-0.00754719;0.225662;0.132748;-11.4667
136.824;92.3763;0.0072196;0.213249;0.120307;-10.6951
145.649;92.3763;0.0318402;0.198447;0.107999;-9.88614
154.475;92.3763;0.0470591;0.18224;0.093517;-9.03787
163.3;92.3763;0.0563037;0.163276;0.0772728;-8.15205
172.126;92.3763;0.0266138;0.142903;0.0609813;-7.2217
180.951;92.3763;-0.0397053;0.121381;0.0458977;-6.25532
189.777;92.3763;-0.0732665;0.0931188;0.0294219;-5.27597
198.602;92.3763;-0.0244876;0.0580194;0.0143552;-4.30416
207.428;92.3763;0.0608972;0.0256246;0.00587782;-3.32905
-216.194;83.5508;0.808671;-0.0398852;0.0235266;-1.23447
-207.369;83.5508;0.897197;-0.0223358;0.00746014;-2.22495
-198.543;83.5508;0.867421;-0.0237109;0.00824548;-3.2333
-189.718;83.5508;0.778533;-0.0385705;0.0206711;-4.19357
-180.892;83.5508;0.697824;-0.0717058;0.0427064;-5.14634
-172.067;83.5508;0.662529;-0.101821;0.0598832;-6.09513
-163.242;83.5508;0.630067;-0.126083;0.0727787;-7.03473
-154.416;83.5508;0.571139;-0.149613;0.0906509;-7.96636
-145.591;83.5508;0.51232;-0.169633;0.106626;-8.87776
-136.765;83.5508;0.453704;-0.18677;0.116981;-9.76521
-127.94;83.5508;0.405051;-0.200208;0.120478;-10.6177
-119.114;83.5508;0.37376;-0.211268;0.128298;-11.4485
-110.289;83.5508;0.363348;-0.217695;0.142043;-12.2545
-101.463;83.5508;0.371716;-0.216373;0.158495;-13.0275
-92.6379;83.5508;0.389143;-0.20757;0.170776;-13.7579
-83.8124;83.5508;0.384034;-0.199067;0.183394;-14.4454
-74.987;83.5508;0.366569;-0.192022;0.200113;-15.0859
-66.1615;83.5508;0.336835;-0.180823;0.218489;-15.6609
-57.3361;83.5508;0.289297;-0.164264;0.237582;-16.1639
-48.5106;83.5508;0.240315;-0.144856;0.258362;-16.6201
-39.6852;83.5508;0.222592;-0.125839;0.281076;-17.0557
-30.8597;83.5508;0.228051;-0.103054;0.300996;-17.4467
-22.0342;83.5508;0.222426;-0.0768177;0.31519;-17.7551
-13.2088;83.5508;0.205522;-0.0509967;0.326859;-17.9889
-4.38334;83.5508;0.192378;-0.0239315;0.340389;-18.1562
4.44212;83.5508;0.184194;0.00446831;0.350217;-18.2446
13.2676;83.5508;0.164183;0.0312592;0.349992;-18.2465
22.093;83.5508;0.139882;0.0465596;0.343808;-18.187
30.9185;83.5508;0.107154;0.0701672;0.334158;-18.0513
39.7439;83.5508;0.0423931;0.122327;0.310576;-17.8102
48.5694;83.5508;0.00400331;0.18658;0.276065;-17.4995
57.3948;83.5508;0.0628918;0.235704;0.243713;-17.1891
66.2203;83.5508;0.204602;0.25677;0.225384;-16.8974
75.0458;83.5508;0.256343;0.271529;0.208977;-16.4647
83.8712;83.5508;0.231442;0.278956;0.196835;-15.8985
92.6967;83.5508;0.185862;0.281256;0.185504;-15.2534
101.522;83.5508;0.16785;0.278158;0.169901;-14.5649
110.348;83.5508;0.176507;0.271853;0.148526;-13.8474
119.173;83.5508;0.155765;0.265349;0.130285;-13.1051
127.998;83.5508;0.131606;0.255986;0.116508;-12.3241
136.824;83.5508;0.120325;0.241674;0.10141;-11.5005
145.649;83.5508;0.12845;0.224295;0.0873251;-10.6458
154.475;83.5508;0.14377;0.205691;0.0762078;-9.76723
163.3;83.5508;0.138977;0.187002;0.0661997;-8.84784
172.126;83.5508;0.0641645;0.16832;0.0554282;-7.87005
180.951;83.5508;-0.0481373;0.146485;0.0432197;-6.85369
189.777;83.5508;-0.0653549;0.113399;0.0272196;-5.85394
198.602;83.5508;0.00906635;0.0734629;0.00876075;-4.87102
207.428;83.5508;0.133653;0.0369736;-0.00348741;-3.90212
216.253;83.5508;0.240368;0.004958;-0.00780626;-2.89191
225.078;83.5508;0.270573;-0.0215474;-0.000698293;-1.8447
-216.194;74.7253;0.797787;-0.0443224;0.0217746;-1.67089
-207.369;74.7253;0.861445;-0.0215181;0.00754934;-2.68534
-198.543;74.7253;0.845599;-0.0120514;0.000729663;-3.68586
-189.718;74.7253;0.756001;-0.034658;0.0138751;-4.66514
-180.892;74.7253;0.691477;-0.0680227;0.0322845;-5.63533
-172.067;74.7253;0.656529;-0.0985573;0.0480515;-6.60158
-163.242;74.7253;0.604101;-0.123803;0.0602101;-7.55087
-154.416;74.7253;0.518571;-0.148932;0.0756497;-8.50377
-145.591;74.7253;0.462679;-0.169844;0.0865279;-9.44479
-136.765;74.7253;0.426558;-0.186207;0.0922138;-10.3663
-127.94;74.7253;0.410524;-0.196408;0.0931655;-11.2575
-119.114;74.7253;0.385583;-0.204606;0.100265;-12.1156
-110.289;74.7253;0.354066;-0.210236;0.113727;-12.9399
-101.463;74.7253;0.337424;-0.209942;0.12853;-13.7309
-92.6379;74.7253;0.345616;-0.203139;0.138245;-14.4925
-83.8124;74.7253;0.340254;-0.200242;0.15455;-15.2193
-74.987;74.7253;0.320019;-0.196102;0.176478;-15.892
-66.1615;74.7253;0.305516;-0.184588;0.198095;-16.4988
-57.3361;74.7253;0.285593;-0.167732;0.216796;-17.043
-48.5106;74.7253;0.264048;-0.149987;0.235081;-17.5466
-39.6852;74.7253;0.25922;-0.133061;0.255363;-18.0203
-30.8597;74.7253;0.253224;-0.11006;0.274707;-18.4346
-22.0342;74.7253;0.234743;-0.0803785;0.29176;-18.7576
-13.2088;74.7253;0.19835;-0.049507;0.307391;-18.9942
-4.38334;74.7253;0.166978;-0.0179777;0.321779;-19.1568
4.44212;74.7253;0.146955;0.0143568;0.328398;-19.2426
13.2676;74.7253;0.12655;0.045841;0.321504;-19.2492
22.093;74.7253;0.124464;0.065686;0.309046;-19.2068
30.9185;74.7253;0.129943;0.100494;0.290834;-19.08
39.7439;74.7253;0.102725;0.160603;0.260582;-18.8301
48.5694;74.7253;0.0811987;0.22231;0.2252;-18.4837
57.3948;74.7253;0.109976;0.262403;0.195487;-18.0991
66.2203;74.7253;0.173281;0.282026;0.175637;-17.7048
75.0458;74.7253;0.191227;0.298474;0.163156;-17.2277
83.8712;74.7253;0.18392;0.307762;0.157294;-16.6644
92.6967;74.7253;0.182962;0.31238;0.152704;-16.0445
101.522;74.7253;0.202807;0.310952;0.141764;-15.3695
110.348;74.7253;0.222395;0.304117;0.122698;-14.6351
119.173;74.7253;0.190651;0.296495;0.10533;-13.8581
127.998;74.7253;0.159175;0.285539;0.0902767;-13.0451
136.824;74.7253;0.152877;0.267953;0.0741908;-12.1943
145.649;74.7253;0.177187;0.24742;0.0609122;-11.3223
154.475;74.7253;0.209092;0.227021;0.0528106;-10.4293
163.3;74.7253;0.224509;0.207465;0.0488941;-9.50531
172.126;74.7253;0.179452;0.187982;0.0452606;-8.52881
180.951;74.7253;0.112578;0.163784;0.0391028;-7.51684
189.777;74.7253;0.127143;0.12736;0.0258811;-6.51193
198.602;74.7253;0.218018;0.0854041;0.00921292;-5.51632
207.428;74.7253;0.296872;0.0483795;-0.00300691;-4.50337
216.253;74.7253;0.35189;0.0154872;-0.00712583;-3.42735
225.078;74.7253;0.364278;-0.0134358;0.00109547;-2.34851
-216.194;65.8999;0.785652;-0.0345874;0.0168626;-2.02801
-207.369;65.8999;0.809685;-0.0177729;0.00832538;-3.07575
-198.543;65.8999;0.783638;-0.0122659;0.0004523;-4.07672
-189.718;65.8999;0.707726;-0.0397054;0.00841251;-5.08628
-180.892;65.8999;0.672269;-0.0687691;0.0173835;-6.07881
-172.067;65.8999;0.657462;-0.0949519;0.0260607;-7.08566
-163.242;65.8999;0.610121;-0.119604;0.0339377;-8.07332
-154.416;65.8999;0.536044;-0.143924;0.042534;-9.0599
-145.591;65.8999;0.503464;-0.162564;0.0451233;-10.0287
-136.765;65.8999;0.483554;-0.178918;0.0466945;-10.9783
-127.94;65.8999;0.482744;-0.189386;0.0474714;-11.8995
-119.114;65.8999;0.449224;-0.198888;0.0551707;-12.7819
-110.289;65.8999;0.396897;-0.206955;0.0682128;-13.6233
-101.463;65.8999;0.372648;-0.209622;0.080693;-14.4392
-92.6379;65.8999;0.393413;-0.205272;0.0897909;-15.2381
-83.8124;65.8999;0.390122;-0.202492;0.103405;-15.9963
-74.987;65.8999;0.366802;-0.199965;0.12458;-16.6966
-66.1615;65.8999;0.347605;-0.191606;0.148489;-17.3379
-57.3361;65.8999;0.326259;-0.177284;0.168456;-17.9216
-48.5106;65.8999;0.308776;-0.159704;0.184919;-18.4658
-39.6852;65.8999;0.307653;-0.140802;0.202645;-18.9694
-30.8597;65.8999;0.304881;-0.115714;0.22389;-19.4049
-22.0342;65.8999;0.307804;-0.0833013;0.246873;-19.7671
-13.2088;65.8999;0.290483;-0.0502547;0.268828;-20.0383
-4.38334;65.8999;0.264953;-0.0179119;0.283172;-20.2176
4.44212;65.8999;0.237566;0.0148261;0.284777;-20.303
13.2676;65.8999;0.211079;0.048546;0.274186;-20.3032
22.093;65.8999;0.217066;0.0769827;0.261283;-20.2596
30.9185;65.8999;0.23456;0.128878;0.234904;-20.119
39.7439;65.8999;0.244301;0.199323;0.201134;-19.876
48.5694;65.8999;0.293256;0.258838;0.173477;-19.5781
57.3948;65.8999;0.38183;0.291491;0.158955;-19.236
66.2203;65.8999;0.41387;0.313573;0.151136;-18.7949
75.0458;65.8999;0.376922;0.332361;0.142805;-18.2395
83.8712;65.8999;0.344284;0.341058;0.135854;-17.6192
92.6967;65.8999;0.338723;0.343329;0.128535;-16.953
101.522;65.8999;0.354217;0.341379;0.117828;-16.2387
110.348;65.8999;0.360922;0.335856;0.102378;-15.4699
119.173;65.8999;0.32353;0.327689;0.0864087;-14.6596
127.998;65.8999;0.290772;0.314035;0.0717258;-13.8121
136.824;65.8999;0.278477;0.293184;0.0585812;-12.9215
145.649;65.8999;0.289293;0.271463;0.0490996;-12.0113
154.475;65.8999;0.313571;0.250996;0.0434946;-11.0924
163.3;65.8999;0.327949;0.231301;0.0401727;-10.1485
172.126;65.8999;0.313663;0.209525;0.038093;-9.16372
180.951;65.8999;0.294474;0.182128;0.0349691;-8.14989
189.777;65.8999;0.315276;0.143246;0.0232236;-7.12171
198.602;65.8999;0.377562;0.101853;0.0104551;-6.09178
207.428;65.8999;0.425456;0.0665863;0.00362365;-5.03876
216.253;65.8999;0.444272;0.0334211;0.00312969;-3.94551
225.078;65.8999;0.441011;0.00208398;0.00910776;-2.8041
233.904;65.8999;0.518908;-0.0284214;0.0119287;-1.6238
-216.194;57.0744;0.753439;-0.0234757;0.0115817;-2.35209
-207.369;57.0744;0.756039;-0.0148525;0.00620162;-3.40932
-198.543;57.0744;0.703038;-0.0187698;0.000653661;-4.42445
-189.718;57.0744;0.630993;-0.0506157;0.00458603;-5.45901
-180.892;57.0744;0.617677;-0.0769826;0.00580777;-6.47219
-172.067;57.0744;0.631743;-0.100498;0.00613882;-7.50989
-163.242;57.0744;0.623812;-0.124815;0.00702061;-8.54544
-154.416;57.0744;0.599777;-0.145857;0.00711464;-9.57572
-145.591;57.0744;0.600417;-0.158774;0.0021673;-10.5799
-136.765;57.0744;0.584689;-0.173071;0.00115394;-11.5535
-127.94;57.0744;0.561603;-0.189352;0.0090929;-12.5011
-119.114;57.0744;0.51495;-0.202729;0.0215669;-13.4024
-110.289;57.0744;0.458432;-0.211857;0.0357715;-14.2583
-101.463;57.0744;0.432567;-0.216219;0.0477481;-15.1085
-92.6379;57.0744;0.461153;-0.215166;0.0569945;-15.9521
-83.8124;57.0744;0.4681;-0.212263;0.0694573;-16.7534
-74.987;57.0744;0.447579;-0.208052;0.0888737;-17.4845
-66.1615;57.0744;0.41586;-0.202435;0.11098;-18.1562
-57.3361;57.0744;0.377873;-0.192246;0.130868;-18.7709
-48.5106;57.0744;0.35487;-0.175808;0.148608;-19.3486
-39.6852;57.0744;0.361035;-0.153459;0.167206;-19.8828
-30.8597;57.0744;0.366654;-0.123964;0.189167;-20.3431
-22.0342;57.0744;0.385926;-0.0881388;0.214157;-20.7437
-13.2088;57.0744;0.392193;-0.0530504;0.237008;-21.0554
-4.38334;57.0744;0.377864;-0.0200562;0.250557;-21.2562
4.44212;57.0744;0.341326;0.0110755;0.254076;-21.3405
13.2676;57.0744;0.299466;0.0420049;0.251959;-21.3283
22.093;57.0744;0.309472;0.0770894;0.242235;-21.2787
30.9185;57.0744;0.334113;0.145286;0.210678;-21.1237
39.7439;57.0744;0.357073;0.228594;0.174929;-20.8706
48.5694;57.0744;0.420724;0.291593;0.151821;-20.5729
57.3948;57.0744;0.506845;0.322557;0.143686;-20.2144
66.2203;57.0744;0.51609;0.345991;0.140644;-19.7268
75.0458;57.0744;0.442463;0.36579;0.136658;-19.1033
83.8712;57.0744;0.406091;0.373089;0.127016;-18.4361
92.6967;57.0744;0.409764;0.373952;0.116118;-17.74
101.522;57.0744;0.433113;0.372667;0.105292;-17.0092
110.348;57.0744;0.445932;0.369112;0.091263;-16.2278
119.173;57.0744;0.400501;0.360024;0.077383;-15.387
127.998;57.0744;0.358907;0.343791;0.0648863;-14.496
136.824;57.0744;0.337;0.322924;0.0544624;-13.568
145.649;57.0744;0.338795;0.300723;0.0479146;-12.6231
154.475;57.0744;0.360439;0.278679;0.0435182;-11.6804
163.3;57.0744;0.384383;0.257966;0.0389356;-10.7178
172.126;57.0744;0.390127;0.234589;0.0366678;-9.71431
180.951;57.0744;0.387711;0.205009;0.0342433;-8.67822
189.777;57.0744;0.396904;0.164056;0.0238128;-7.61582
198.602;57.0744;0.429269;0.121801;0.0137957;-6.55273
207.428;57.0744;0.460983;0.0859923;0.0107667;-5.47492
216.253;57.0744;0.479491;0.0516927;0.0122323;-4.36471
225.078;57.0744;0.492217;0.0133373;0.0143435;-3.19526
233.904;57.0744;0.572341;-0.0233643;0.0180191;-1.99617
-225.02;48.249;0.731176;-0.0104523;0.00874301;-1.60997
-216.194;48.249;0.73356;-0.0230656;0.00851318;-2.65275
-207.369;48.249;0.726227;-0.0210771;0.00444882;-3.69382
-198.543;48.249;0.637673;-0.0349557;0.00175791;-4.7372
-189.718;48.249;0.568256;-0.0651052;0.00442188;-5.78993
-180.892;48.249;0.551947;-0.0909626;0.00356998;-6.83528
-172.067;48.249;0.553632;-0.117764;9.16706e-05;-7.89798
-163.242;48.249;0.551068;-0.145804;-0.00281059;-8.96839
-154.416;48.249;0.56325;-0.164561;-0.00713149;-10.0242
-145.591;48.249;0.603853;-0.171043;-0.0154348;-11.0486
-136.765;48.249;0.578412;-0.183044;-0.012675;-12.033
-127.94;48.249;0.535617;-0.201602;-0.001148;-12.9959
-119.114;48.249;0.484166;-0.215098;0.0137442;-13.9113
-110.289;48.249;0.443934;-0.223033;0.0287499;-14.7848
-101.463;48.249;0.437672;-0.227444;0.0408866;-15.6732
-92.6379;48.249;0.467989;-0.227835;0.048858;-16.5587
-83.8124;48.249;0.483821;-0.224425;0.0587352;-17.3955
-74.987;48.249;0.456853;-0.220781;0.0769113;-18.1543
-66.1615;48.249;0.410511;-0.215975;0.0996685;-18.8526
-57.3361;48.249;0.367269;-0.20742;0.122667;-19.5083
-48.5106;48.249;0.35742;-0.192214;0.144269;-20.1386
-39.6852;48.249;0.384507;-0.168385;0.165247;-20.7293
-30.8597;48.249;0.398629;-0.135811;0.186105;-21.2306
-22.0342;48.249;0.405957;-0.0976556;0.20463;-21.6416
-13.2088;48.249;0.415284;-0.0608902;0.220933;-21.9704
-4.38334;48.249;0.406118;-0.0260117;0.233989;-22.1911
4.44212;48.249;0.37586;0.00530016;0.243836;-22.2945
13.2676;48.249;0.347681;0.0361896;0.250759;-22.2903
22.093;48.249;0.369348;0.0854263;0.239551;-22.2331
30.9185;48.249;0.3968;0.169514;0.20619;-22.0723
39.7439;48.249;0.422986;0.260395;0.172256;-21.8107
48.5694;48.249;0.472738;0.323473;0.152495;-21.4779
57.3948;48.249;0.521711;0.353374;0.144292;-21.0519
66.2203;48.249;0.503653;0.377405;0.136739;-20.5055
75.0458;48.249;0.418369;0.397034;0.12829;-19.8345
83.8712;48.249;0.383591;0.403571;0.116257;-19.132
92.6967;48.249;0.388613;0.403574;0.106628;-18.4088
101.522;48.249;0.414908;0.401821;0.100044;-17.6593
110.348;48.249;0.438413;0.398451;0.0893991;-16.8641
119.173;48.249;0.393725;0.38517;0.0755331;-15.9809
127.998;48.249;0.348269;0.366941;0.0640093;-15.0493
136.824;48.249;0.326469;0.346271;0.0541252;-14.0928
145.649;48.249;0.335113;0.324912;0.0470706;-13.1326
154.475;48.249;0.366684;0.3029;0.0417524;-12.1815
163.3;48.249;0.414261;0.280508;0.0368408;-11.2079
172.126;48.249;0.428349;0.254696;0.0349108;-10.1757
180.951;48.249;0.416016;0.223566;0.0339027;-9.10218
189.777;48.249;0.401736;0.182161;0.0260263;-8.00172
198.602;48.249;0.417766;0.137445;0.0175274;-6.91124
207.428;48.249;0.447426;0.0971548;0.0140488;-5.81026
216.253;48.249;0.480054;0.0578392;0.014671;-4.68906
225.078;48.249;0.516555;0.013403;0.0156746;-3.52912
233.904;48.249;0.571477;-0.0265423;0.0200802;-2.34595
-225.02;39.4235;0.683933;-0.00853961;0.00935233;-1.84824
-216.194;39.4235;0.678594;-0.0247915;0.0085732;-2.9181
-207.369;39.4235;0.64359;-0.0343412;0.00615142;-3.97013
-198.543;39.4235;0.567028;-0.0534337;0.00545544;-5.02222
-189.718;39.4235;0.533347;-0.0816257;0.007161;-6.09666
-180.892;39.4235;0.527863;-0.106736;0.00557199;-7.17767
-172.067;39.4235;0.515132;-0.132771;8.56612e-05;-8.24759
-163.242;39.4235;0.504779;-0.161645;-0.00511042;-9.33251
-154.416;39.4235;0.530709;-0.181773;-0.0114145;-10.4056
-145.591;39.4235;0.574364;-0.188051;-0.0192386;-11.4454
-136.765;39.4235;0.532608;-0.197134;-0.0139767;-12.4343
-127.94;39.4235;0.466857;-0.21463;-0.00150498;-13.4093
-119.114;39.4235;0.427457;-0.228266;0.0122128;-14.3474
-110.289;39.4235;0.415948;-0.23855;0.0256711;-15.2564
-101.463;39.4235;0.421319;-0.245293;0.038815;-16.1815
-92.6379;39.4235;0.433972;-0.244924;0.0475312;-17.0891
-83.8124;39.4235;0.439664;-0.238452;0.055704;-17.9448
-74.987;39.4235;0.41607;-0.235824;0.0706433;-18.7411
-66.1615;39.4235;0.374872;-0.230046;0.0925803;-19.48
-57.3361;39.4235;0.343384;-0.220504;0.115864;-20.1855
-48.5106;39.4235;0.357084;-0.205468;0.137459;-20.8722
-39.6852;39.4235;0.409212;-0.182037;0.157745;-21.5219
-30.8597;39.4235;0.431242;-0.150121;0.177958;-22.0637
-22.0342;39.4235;0.41322;-0.113134;0.194523;-22.4795
-13.2088;39.4235;0.417192;-0.0767906;0.20937;-22.8123
-4.38334;39.4235;0.421986;-0.0417923;0.226935;-23.0671
4.44212;39.4235;0.42389;-0.00575986;0.242464;-23.2258
13.2676;39.4235;0.435953;0.0399318;0.247188;-23.2622
22.093;39.4235;0.47674;0.118077;0.226556;-23.2053
30.9185;39.4235;0.527669;0.217557;0.192627;-23.0656
39.7439;39.4235;0.606123;0.303592;0.166154;-22.8446
48.5694;39.4235;0.65795;0.357401;0.152005;-22.4851
57.3948;39.4235;0.648823;0.385162;0.142755;-21.9695
66.2203;39.4235;0.572722;0.410969;0.127192;-21.3369
75.0458;39.4235;0.469402;0.429234;0.109061;-20.6027
83.8712;39.4235;0.409311;0.435228;0.0957692;-19.8431
92.6967;39.4235;0.386608;0.43521;0.0902638;-19.074
101.522;39.4235;0.395012;0.43309;0.0891811;-18.2884
110.348;39.4235;0.417713;0.428891;0.0819077;-17.4629
119.173;39.4235;0.392387;0.411508;0.0684777;-16.5375
127.998;39.4235;0.359762;0.388534;0.0577494;-15.567
136.824;39.4235;0.349051;0.365805;0.0481127;-14.5878
145.649;39.4235;0.368246;0.344227;0.0397656;-13.6148
154.475;39.4235;0.409395;0.321005;0.0326696;-12.6449
163.3;39.4235;0.478269;0.294147;0.0280443;-11.6546
172.126;39.4235;0.504975;0.264145;0.0260052;-10.6003
180.951;39.4235;0.48564;0.22804;0.0267554;-9.48537
189.777;39.4235;0.445452;0.186705;0.0221872;-8.34302
198.602;39.4235;0.44835;0.143534;0.0168734;-7.23024
207.428;39.4235;0.465324;0.10282;0.0139365;-6.1086
216.253;39.4235;0.503842;0.0600335;0.014226;-4.96717
225.078;39.4235;0.529225;0.0118713;0.0140564;-3.79931
233.904;39.4235;0.478669;-0.0300382;0.0151559;-2.63553
-225.02;30.5981;0.667552;-0.01511;0.0151266;-2.08753
-216.194;30.5981;0.655921;-0.0322183;0.012902;-3.18541
-207.369;30.5981;0.613172;-0.0458704;0.0098866;-4.24144
-198.543;30.5981;0.566062;-0.0668533;0.00886222;-5.30749
-189.718;30.5981;0.577787;-0.0918296;0.00848227;-6.39023
-180.892;30.5981;0.581825;-0.114929;0.00591078;-7.4885
-172.067;30.5981;0.560382;-0.137734;-0.000110333;-8.56169
-163.242;30.5981;0.539757;-0.165772;-0.00589141;-9.65477
-154.416;30.5981;0.549695;-0.190544;-0.0120086;-10.7444
-145.591;30.5981;0.570464;-0.201264;-0.0185056;-11.7889
-136.765;30.5981;0.517251;-0.209458;-0.0142159;-12.7859
-127.94;30.5981;0.444398;-0.224072;-0.00544685;-13.7737
-119.114;30.5981;0.418389;-0.236385;0.00340783;-14.7368
-110.289;30.5981;0.420507;-0.251155;0.0140665;-15.6885
-101.463;30.5981;0.421608;-0.262922;0.0287474;-16.6479
-92.6379;30.5981;0.413866;-0.261676;0.0401217;-17.5739
-83.8124;30.5981;0.406418;-0.25173;0.0483346;-18.4525
-74.987;30.5981;0.396855;-0.248974;0.0587185;-19.2931
-66.1615;30.5981;0.372499;-0.242237;0.0760187;-20.0751
-57.3361;30.5981;0.357289;-0.231953;0.0960064;-20.8273
-48.5106;30.5981;0.389201;-0.216853;0.114858;-21.562
-39.6852;30.5981;0.458248;-0.193912;0.132349;-22.2643
-30.8597;30.5981;0.492454;-0.163821;0.150596;-22.8568
-22.0342;30.5981;0.47049;-0.128054;0.169226;-23.3247
-13.2088;30.5981;0.492371;-0.091433;0.191094;-23.7115
-4.38334;30.5981;0.546833;-0.0594775;0.220525;-24.0405
4.44212;30.5981;0.593486;-0.0174533;0.239602;-24.2388
13.2676;30.5981;0.626477;0.0564998;0.227231;-24.2845
22.093;30.5981;0.688029;0.174639;0.186728;-24.2373
30.9185;30.5981;0.83051;0.290381;0.147819;-24.1966
39.7439;30.5981;1.0449;0.363187;0.131252;-24.1039
48.5694;30.5981;1.11857;0.397044;0.125348;-23.7209
57.3948;30.5981;1.02965;0.416237;0.116158;-23.0847
66.2203;30.5981;0.870467;0.441794;0.0978622;-22.3327
75.0458;30.5981;0.715604;0.458364;0.0793031;-21.4924
83.8712;30.5981;0.599751;0.46376;0.0680551;-20.6341
92.6967;30.5981;0.542734;0.462574;0.065318;-19.7959
101.522;30.5981;0.543453;0.457898;0.0664263;-18.9632
110.348;30.5981;0.576391;0.448765;0.0611347;-18.0948
119.173;30.5981;0.577135;0.42718;0.0519068;-17.1388
127.998;30.5981;0.558869;0.400498;0.0463995;-16.1401
136.824;30.5981;0.534356;0.377725;0.0399728;-15.1286
145.649;30.5981;0.51362;0.358226;0.0317045;-14.1105
154.475;30.5981;0.508641;0.335345;0.0236028;-13.0797
163.3;30.5981;0.559224;0.305471;0.0201259;-12.0505
172.126;30.5981;0.583425;0.275149;0.0175413;-10.9862
180.951;30.5981;0.559021;0.240376;0.0179978;-9.85654
189.777;30.5981;0.51038;0.198522;0.0164743;-8.68134
198.602;30.5981;0.522342;0.153952;0.0164107;-7.55499
207.428;30.5981;0.549546;0.112101;0.0159841;-6.42777
216.253;30.5981;0.580799;0.0688394;0.0156651;-5.2696
225.078;30.5981;0.607444;0.0205174;0.0133337;-4.08151
233.904;30.5981;0.615146;-0.0266846;0.012032;-2.90876
-225.02;21.7726;0.689977;-0.0206711;0.0193212;-2.28763
-216.194;21.7726;0.688297;-0.0389458;0.0161791;-3.42029
-207.369;21.7726;0.652144;-0.0541615;0.0134385;-4.4884
-198.543;21.7726;0.631162;-0.0756152;0.0122713;-5.57015
-189.718;21.7726;0.65508;-0.0984756;0.00986698;-6.66275
-180.892;21.7726;0.656678;-0.119933;0.0057464;-7.76662
-172.067;21.7726;0.623208;-0.140442;-0.00106197;-8.83815
-163.242;21.7726;0.583805;-0.166424;-0.00766944;-9.92298
-154.416;21.7726;0.568894;-0.193082;-0.0141438;-11.0149
-145.591;21.7726;0.573253;-0.208948;-0.020494;-12.0724
-136.765;21.7726;0.531857;-0.218548;-0.0197583;-13.0949
-127.94;21.7726;0.481965;-0.23041;-0.0179741;-14.1051
-119.114;21.7726;0.461129;-0.239974;-0.0146564;-15.0914
-110.289;21.7726;0.453518;-0.257314;-0.00592596;-16.075
-101.463;21.7726;0.442305;-0.273467;0.00918449;-17.0596
-92.6379;21.7726;0.428162;-0.273473;0.0227535;-18.0052
-83.8124;21.7726;0.423428;-0.262762;0.0317865;-18.9095
-74.987;21.7726;0.429215;-0.258779;0.0381221;-19.7871
-66.1615;21.7726;0.416204;-0.251545;0.049265;-20.6088
-57.3361;21.7726;0.407818;-0.242128;0.0658754;-21.4039
-48.5106;21.7726;0.441406;-0.227961;0.0844545;-22.1789
-39.6852;21.7726;0.512216;-0.20554;0.103799;-22.9231
-30.8597;21.7726;0.568355;-0.175954;0.124898;-23.5781
-22.0342;21.7726;0.589243;-0.138913;0.146503;-24.1263
-13.2088;21.7726;0.666009;-0.10189;0.174447;-24.6147
-4.38334;21.7726;0.795519;-0.0719088;0.214559;-25.0439
4.44212;21.7726;0.829546;-0.0237536;0.228045;-25.2016
13.2676;21.7726;0.767359;0.0771707;0.190885;-25.1518
22.093;21.7726;0.807164;0.231695;0.120231;-25.1046
30.9185;21.7726;1.09874;0.35002;0.0738709;-25.1384
39.7439;21.7726;1.28281;0.415869;0.0622284;-24.9908
48.5694;21.7726;1.19304;0.440252;0.0626468;-24.4609
57.3948;21.7726;1.00255;0.456133;0.0611751;-23.7407
66.2203;21.7726;0.909255;0.478061;0.0541379;-22.9889
75.0458;21.7726;0.846251;0.490772;0.0469722;-22.1747
83.8712;21.7726;0.723457;0.49685;0.0426291;-21.2767
92.6967;21.7726;0.644532;0.493496;0.0417995;-20.3779
101.522;21.7726;0.622688;0.486042;0.0414362;-19.49
110.348;21.7726;0.627989;0.471642;0.037864;-18.5605
119.173;21.7726;0.603482;0.449098;0.0333349;-17.5545
127.998;21.7726;0.573498;0.423148;0.0327108;-16.5234
136.824;21.7726;0.551746;0.400317;0.0297294;-15.4902
145.649;21.7726;0.53112;0.379597;0.0232814;-14.4464
154.475;21.7726;0.510927;0.35485;0.0169974;-13.3767
163.3;21.7726;0.540462;0.324089;0.0152862;-12.3164
172.126;21.7726;0.559127;0.295596;0.0121218;-11.2399
180.951;21.7726;0.52821;0.262653;0.0120916;-10.0882
189.777;21.7726;0.48384;0.221684;0.0126892;-8.89673
198.602;21.7726;0.538102;0.173726;0.0154207;-7.788
207.428;21.7726;0.609967;0.127074;0.015905;-6.68306
216.253;21.7726;0.665222;0.0802188;0.016056;-5.53424
225.078;21.7726;0.688117;0.0290028;0.0141359;-4.33628
233.904;21.7726;0.704914;-0.0255368;0.0101009;-3.11756
242.729;21.7726;0.343296;-0.0516866;0.0157446;-1.88641
-225.02;12.9472;0.726213;-0.0150084;0.0171534;-2.41989
-216.194;12.9472;0.725841;-0.0384338;0.0137827;-3.57068
-207.369;12.9472;0.672497;-0.0580696;0.0131042;-4.63831
-198.543;12.9472;0.650417;-0.0816651;0.0128214;-5.72376
-189.718;12.9472;0.660725;-0.104536;0.00909614;-6.82946
-180.892;12.9472;0.670722;-0.126262;0.00444147;-7.95022
-172.067;12.9472;0.622312;-0.14782;-0.00217198;-9.02101
-163.242;12.9472;0.550836;-0.172218;-0.00975904;-10.092
-154.416;12.9472;0.522097;-0.194585;-0.018752;-11.1768
-145.591;12.9472;0.538477;-0.211325;-0.026955;-12.2614
-136.765;12.9472;0.52997;-0.223267;-0.0307466;-13.3207
-127.94;12.9472;0.51404;-0.23464;-0.0335164;-14.3604
-119.114;12.9472;0.494617;-0.243981;-0.0310651;-15.3758
-110.289;12.9472;0.472794;-0.2609;-0.0238218;-16.3826
-101.463;12.9472;0.447809;-0.277745;-0.0118685;-17.387
-92.6379;12.9472;0.424152;-0.281357;0.0010021;-18.3517
-83.8124;12.9472;0.414244;-0.272399;0.0111646;-19.2678
-74.987;12.9472;0.428188;-0.267679;0.0162888;-20.1723
-66.1615;12.9472;0.430688;-0.25885;0.0234682;-21.0311
-57.3361;12.9472;0.425056;-0.247211;0.0363988;-21.8592
-48.5106;12.9472;0.448174;-0.232057;0.0554698;-22.6631
-39.6852;12.9472;0.520342;-0.210887;0.0809281;-23.4425
-30.8597;12.9472;0.628775;-0.182587;0.109535;-24.162
-22.0342;12.9472;0.750705;-0.144988;0.135965;-24.8039
-13.2088;12.9472;0.886777;-0.106939;0.162939;-25.3655
-4.38334;12.9472;0.918625;-0.0614542;0.191227;-25.7405
4.44212;12.9472;0.762969;0.0030878;0.188143;-25.7329
13.2676;12.9472;0.520514;0.112716;0.135069;-25.5471
22.093;12.9472;0.424265;0.263216;0.0590735;-25.431
30.9185;12.9472;0.58329;0.376604;0.0113667;-25.3724
39.7439;12.9472;0.5825;0.444196;-0.00792596;-25.0417
48.5694;12.9472;0.500855;0.471008;-0.0106706;-24.429
57.3948;12.9472;0.505271;0.493941;-0.00271055;-23.8202
66.2203;12.9472;0.66021;0.51443;0.00574758;-23.2418
75.0458;12.9472;0.770601;0.522797;0.0115643;-22.5523
83.8712;12.9472;0.689739;0.525911;0.0143974;-21.6607
92.6967;12.9472;0.595222;0.518942;0.0169196;-20.7106
101.522;12.9472;0.532223;0.510607;0.0182369;-19.7652
110.348;12.9472;0.496348;0.495154;0.0171982;-18.7839
119.173;12.9472;0.456686;0.471822;0.0172328;-17.745
127.998;12.9472;0.446523;0.446692;0.0193213;-16.712
136.824;12.9472;0.451835;0.42468;0.0176782;-15.6842
145.649;12.9472;0.454144;0.40241;0.0125232;-14.6362
154.475;12.9472;0.449011;0.375291;0.00871443;-13.5545
163.3;12.9472;0.475258;0.345145;0.00897726;-12.4805
172.126;12.9472;0.495312;0.316513;0.00722907;-11.3874
180.951;12.9472;0.469334;0.281179;0.00834142;-10.2135
189.777;12.9472;0.440424;0.239467;0.0106293;-9.01836
198.602;12.9472;0.512888;0.190505;0.0141565;-7.91382
207.428;12.9472;0.625062;0.140732;0.0148626;-6.83596
216.253;12.9472;0.706425;0.0922039;0.0145806;-5.70903
225.078;12.9472;0.739526;0.0409623;0.0137509;-4.51167
233.904;12.9472;0.727439;-0.0151564;0.0108071;-3.25203
242.729;12.9472;0.615942;-0.0542303;0.0149756;-1.95667
-233.845;4.12171;0.64131;0.00866541;0.015914;-1.3671
-225.02;4.12171;0.720313;-0.00709278;0.01115;-2.49788
-216.194;4.12171;0.701407;-0.0323428;0.00937649;-3.62006
-207.369;4.12171;0.590695;-0.0640543;0.0120391;-4.70237
-198.543;4.12171;0.529861;-0.0932462;0.0127311;-5.78798
-189.718;4.12171;0.54309;-0.116621;0.00802648;-6.90469
-180.892;4.12171;0.603383;-0.137542;0.0040011;-8.05011
-172.067;4.12171;0.567089;-0.16123;-0.00102364;-9.1499
-163.242;4.12171;0.47528;-0.184615;-0.00940696;-10.2396
-154.416;4.12171;0.447919;-0.198761;-0.0229686;-11.3324
-145.591;4.12171;0.503964;-0.206692;-0.0359906;-12.4158
-136.765;4.12171;0.511707;-0.222327;-0.0426242;-13.498
-127.94;4.12171;0.496112;-0.236189;-0.0452765;-14.5513
-119.114;4.12171;0.485832;-0.246941;-0.0415878;-15.5753
-110.289;4.12171;0.472993;-0.264503;-0.0350687;-16.6155
-101.463;4.12171;0.442604;-0.279765;-0.0285484;-17.6319
-92.6379;4.12171;0.398254;-0.282599;-0.022165;-18.5924
-83.8124;4.12171;0.369416;-0.277297;-0.014285;-19.5095
-74.987;4.12171;0.38215;-0.2764;-0.00533149;-20.4332
-66.1615;4.12171;0.400456;-0.267847;0.00168869;-21.323
-57.3361;4.12171;0.401448;-0.254154;0.0104228;-22.1811
-48.5106;4.12171;0.414153;-0.236;0.026049;-23.0064
-39.6852;4.12171;0.474938;-0.21209;0.0524066;-23.8063
-30.8597;4.12171;0.594404;-0.181336;0.0838476;-24.5558
-22.0342;4.12171;0.734883;-0.139214;0.111357;-25.2407
-13.2088;4.12171;0.807572;-0.0937483;0.132461;-25.7771
-4.38334;4.12171;0.511373;-0.0358253;0.147786;-25.9658
4.44212;4.12171;0.0737226;0.047643;0.128077;-25.7761
13.2676;4.12171;-0.144765;0.166268;0.0663777;-25.5894
22.093;4.12171;0.0490373;0.286818;0.00203602;-25.5533
30.9185;4.12171;0.212286;0.387284;-0.0384866;-25.4462
39.7439;4.12171;0.1346;0.453986;-0.0636303;-25.0057
48.5694;4.12171;0.111664;0.488083;-0.0699321;-24.4234
57.3948;4.12171;0.251721;0.517983;-0.0597031;-23.9222
66.2203;4.12171;0.50095;0.539334;-0.0444271;-23.4249
75.0458;4.12171;0.655497;0.54663;-0.0310111;-22.7718
83.8712;4.12171;0.576704;0.546955;-0.0221206;-21.8563
92.6967;4.12171;0.444012;0.536086;-0.0161526;-20.8367
101.522;4.12171;0.326647;0.526684;-0.0125026;-19.8224
110.348;4.12171;0.260425;0.513141;-0.00992056;-18.8098
119.173;4.12171;0.257004;0.490833;-0.00545153;-17.7915
127.998;4.12171;0.311554;0.466659;-0.0019848;-16.8047
136.824;4.12171;0.362784;0.44585;-0.00342913;-15.8073
145.649;4.12171;0.394481;0.421836;-0.00640423;-14.7642
154.475;4.12171;0.412147;0.392106;-0.00675324;-13.6785
163.3;4.12171;0.444187;0.362918;-0.00384271;-12.6001
172.126;4.12171;0.468355;0.331892;-0.00195307;-11.4902
180.951;4.12171;0.451117;0.292681;0.00209254;-10.303
189.777;4.12171;0.430231;0.24893;0.00720587;-9.10186
198.602;4.12171;0.47845;0.201033;0.0118595;-7.9675
207.428;4.12171;0.600553;0.15032;0.0128034;-6.89195
216.253;4.12171;0.686473;0.100867;0.0119848;-5.76973
225.078;4.12171;0.707491;0.0496127;0.012039;-4.56727
233.904;4.12171;0.668158;-0.00836742;0.0130642;-3.27397
242.729;4.12171;0.609833;-0.0525421;0.0187326;-1.96875
251.555;4.12171;0.671823;-0.0432213;0.0242319;-0.754184
-233.845;-4.70375;0.586829;0.0155544;0.0171482;-1.37221
-225.02;-4.70375;0.660359;-0.00257232;0.0133907;-2.5162
-216.194;-4.70375;0.623554;-0.0318731;0.011946;-3.62961
-207.369;-4.70375;0.49183;-0.0687951;0.0141935;-4.70802
-198.543;-4.70375;0.421979;-0.0993017;0.0126662;-5.78878
-189.718;-4.70375;0.445935;-0.121122;0.00679135;-6.91132
-180.892;-4.70375;0.554157;-0.141502;0.0047516;-8.08186
-172.067;-4.70375;0.573258;-0.160921;0.000497662;-9.2135
-163.242;-4.70375;0.522681;-0.173708;-0.0108413;-10.3141
-154.416;-4.70375;0.505238;-0.179124;-0.0291413;-11.4165
-145.591;-4.70375;0.540459;-0.187888;-0.0436391;-12.5096
-136.765;-4.70375;0.518629;-0.210913;-0.0506062;-13.6062
-127.94;-4.70375;0.480418;-0.228367;-0.0525941;-14.659
-119.114;-4.70375;0.475863;-0.242387;-0.0488402;-15.6884
-110.289;-4.70375;0.463953;-0.258678;-0.0451422;-16.7332
-101.463;-4.70375;0.426667;-0.27052;-0.0438944;-17.7466
-92.6379;-4.70375;0.373882;-0.273534;-0.0430067;-18.7082
-83.8124;-4.70375;0.333054;-0.272546;-0.0381592;-19.637
-74.987;-4.70375;0.336883;-0.272627;-0.0300665;-20.5723
-66.1615;-4.70375;0.356957;-0.267545;-0.0243958;-21.4854
-57.3361;-4.70375;0.363312;-0.256789;-0.0200565;-22.3701
-48.5106;-4.70375;0.376029;-0.23872;-0.00939537;-23.2168
-39.6852;-4.70375;0.420881;-0.211827;0.011458;-24.0169
-30.8597;-4.70375;0.502915;-0.176309;0.0372399;-24.7469
-22.0342;-4.70375;0.582725;-0.132293;0.0603231;-25.3869
-13.2088;-4.70375;0.52164;-0.0856398;0.0794479;-25.8376
-4.38334;-4.70375;0.045381;-0.0200459;0.0901936;-25.8482
4.44212;-4.70375;-0.382368;0.0756276;0.0576689;-25.6506
13.2676;-4.70375;-0.370369;0.204821;-0.00465905;-25.67
22.093;-4.70375;0.0774708;0.311574;-0.0585065;-25.7773
30.9185;-4.70375;0.20822;0.394289;-0.0862514;-25.6474
39.7439;-4.70375;0.128764;0.451444;-0.1098;-25.1457
48.5694;-4.70375;0.142907;0.488666;-0.117881;-24.5987
57.3948;-4.70375;0.279458;0.518613;-0.109571;-24.0892
66.2203;-4.70375;0.45502;0.540193;-0.0938545;-23.5348
75.0458;-4.70375;0.543961;0.548489;-0.0783512;-22.821
83.8712;-4.70375;0.434408;0.548078;-0.0665209;-21.8575
92.6967;-4.70375;0.260757;0.536657;-0.0596336;-20.7819
101.522;-4.70375;0.116511;0.526446;-0.0542821;-19.7266
110.348;-4.70375;0.0722964;0.514606;-0.0481616;-18.7301
119.173;-4.70375;0.165077;0.498256;-0.0399026;-17.8088
127.998;-4.70375;0.307964;0.478355;-0.0343592;-16.9103
136.824;-4.70375;0.392569;0.45792;-0.033866;-15.9364
145.649;-4.70375;0.437831;0.432819;-0.0324837;-14.8911
154.475;-4.70375;0.46951;0.403723;-0.0280959;-13.8074
163.3;-4.70375;0.504238;0.37567;-0.0224801;-12.7283
172.126;-4.70375;0.525109;0.34166;-0.0172139;-11.6063
180.951;-4.70375;0.498228;0.300087;-0.00940624;-10.4059
189.777;-4.70375;0.458899;0.254712;-3.50376e-05;-9.18251
198.602;-4.70375;0.467099;0.207501;0.00747835;-8.00342
207.428;-4.70375;0.568109;0.156978;0.00958788;-6.89552
216.253;-4.70375;0.647953;0.106392;0.0104905;-5.75917
225.078;-4.70375;0.668646;0.0540001;0.0137796;-4.55017
233.904;-4.70375;0.627412;-0.00190047;0.0193199;-3.25952
242.729;-4.70375;0.563226;-0.0444735;0.0249994;-1.98084
251.555;-4.70375;0.623722;-0.0388662;0.0259601;-0.783704
-233.845;-13.5292;0.587594;0.026068;0.023986;-1.35052
-225.02;-13.5292;0.641943;0.0108408;0.0226367;-2.51135
-216.194;-13.5292;0.607711;-0.0195473;0.0227249;-3.62816
-207.369;-13.5292;0.536124;-0.0583603;0.0217786;-4.72902
-198.543;-13.5292;0.493033;-0.0912785;0.0169367;-5.83205
-189.718;-13.5292;0.510879;-0.115489;0.00938826;-6.96211
-180.892;-13.5292;0.594181;-0.135339;0.00468843;-8.12311
-172.067;-13.5292;0.596452;-0.149123;-0.00387416;-9.25218
-163.242;-13.5292;0.54583;-0.15446;-0.0194576;-10.3454
-154.416;-13.5292;0.525537;-0.158669;-0.0386403;-11.4523
-145.591;-13.5292;0.541726;-0.172307;-0.0503696;-12.5537
-136.765;-13.5292;0.505707;-0.198046;-0.0546377;-13.6484
-127.94;-13.5292;0.46875;-0.214892;-0.0574593;-14.6892
-119.114;-13.5292;0.46394;-0.231561;-0.057881;-15.7283
-110.289;-13.5292;0.441703;-0.247122;-0.0596066;-16.7612
-101.463;-13.5292;0.397053;-0.256623;-0.0627514;-17.762
-92.6379;-13.5292;0.351009;-0.259385;-0.0656159;-18.7258
-83.8124;-13.5292;0.323218;-0.259341;-0.0655011;-19.6743
-74.987;-13.5292;0.316737;-0.257707;-0.0636005;-20.6103
-66.1615;-13.5292;0.323542;-0.253263;-0.0620997;-21.5242
-57.3361;-13.5292;0.31604;-0.248278;-0.0591514;-22.4227
-48.5106;-13.5292;0.328747;-0.233755;-0.0503288;-23.2782
-39.6852;-13.5292;0.375191;-0.205459;-0.0379494;-24.0736
-30.8597;-13.5292;0.435156;-0.166507;-0.0244843;-24.7739
-22.0342;-13.5292;0.456142;-0.121317;-0.0108481;-25.3573
-13.2088;-13.5292;0.312479;-0.0708754;0.00385893;-25.76
-4.38334;-13.5292;-0.0890527;0.00580862;0.0100691;-25.7942
4.44212;-13.5292;-0.239082;0.112057;-0.0241311;-25.8025
13.2676;-13.5292;-0.000141692;0.233973;-0.0801997;-25.9668
22.093;-13.5292;0.373564;0.329423;-0.121678;-26.061
30.9185;-13.5292;0.366965;0.39052;-0.132705;-25.822
39.7439;-13.5292;0.294649;0.436546;-0.149306;-25.2874
48.5694;-13.5292;0.299878;0.474339;-0.15773;-24.7403
57.3948;-13.5292;0.350282;0.502863;-0.151678;-24.1489
66.2203;-13.5292;0.40159;0.523865;-0.13712;-23.4835
75.0458;-13.5292;0.420153;0.534356;-0.121737;-22.7009
83.8712;-13.5292;0.301579;0.538877;-0.108474;-21.735
92.6967;-13.5292;0.126453;0.535007;-0.0998737;-20.6773
101.522;-13.5292;0.0290961;0.526848;-0.0914496;-19.6629
110.348;-13.5292;0.0883011;0.515701;-0.0822677;-18.7562
119.173;-13.5292;0.303357;0.500951;-0.0725075;-17.9481
127.998;-13.5292;0.504357;0.482717;-0.0665271;-17.1008
136.824;-13.5292;0.541989;0.462116;-0.0616586;-16.0807
145.649;-13.5292;0.549204;0.436162;-0.0543643;-14.9935
154.475;-13.5292;0.586949;0.408477;-0.0469286;-13.9109
163.3;-13.5292;0.625654;0.380442;-0.0393181;-12.8311
172.126;-13.5292;0.615866;0.345001;-0.0315589;-11.6888
180.951;-13.5292;0.555324;0.302692;-0.0212746;-10.4665
189.777;-13.5292;0.491494;0.257644;-0.00984397;-9.22231
198.602;-13.5292;0.481858;0.211603;-0.000523106;-8.01662
207.428;-13.5292;0.579637;0.16031;0.00366165;-6.88925
216.253;-13.5292;0.672441;0.106887;0.00855164;-5.74735
225.078;-13.5292;0.707555;0.0517337;0.0169636;-4.54148
233.904;-13.5292;0.693299;0.00192123;0.0252497;-3.27686
242.729;-13.5292;0.677379;-0.0360557;0.0308929;-2.01187
-233.845;-22.3547;0.594305;0.0310592;0.0300662;-1.32321
-225.02;-22.3547;0.650664;0.0289422;0.028769;-2.44976
-216.194;-22.3547;0.616242;-0.00341255;0.0293514;-3.58199
-207.369;-22.3547;0.589395;-0.0430359;0.0271298;-4.71589
-198.543;-22.3547;0.599601;-0.0758557;0.0204393;-5.8432
-189.718;-22.3547;0.618345;-0.101067;0.0127326;-6.97857
-180.892;-22.3547;0.648635;-0.119694;0.00439504;-8.1074
-172.067;-22.3547;0.58451;-0.130011;-0.0110037;-9.20755
-163.242;-22.3547;0.505659;-0.134121;-0.0310787;-10.2826
-154.416;-22.3547;0.488878;-0.143054;-0.0473527;-11.393
-145.591;-22.3547;0.510574;-0.161985;-0.0565695;-12.5042
-136.765;-22.3547;0.49563;-0.186319;-0.0626192;-13.6029
-127.94;-22.3547;0.47266;-0.202745;-0.0692317;-14.6568
-119.114;-22.3547;0.460016;-0.220729;-0.0742505;-15.7098
-110.289;-22.3547;0.416012;-0.235372;-0.0802208;-16.7268
-101.463;-22.3547;0.359792;-0.244518;-0.086779;-17.7097
-92.6379;-22.3547;0.325532;-0.248479;-0.0928143;-18.6731
-83.8124;-22.3547;0.32305;-0.248073;-0.0981926;-19.6353
-74.987;-22.3547;0.319863;-0.24307;-0.103524;-20.559
-66.1615;-22.3547;0.307588;-0.236487;-0.107363;-21.4502
-57.3361;-22.3547;0.276098;-0.233621;-0.105082;-22.3305
-48.5106;-22.3547;0.282678;-0.220253;-0.0972179;-23.1739
-39.6852;-22.3547;0.345994;-0.190723;-0.0924194;-23.9598
-30.8597;-22.3547;0.426049;-0.149584;-0.0928461;-24.6488
-22.0342;-22.3547;0.442885;-0.101583;-0.0940699;-25.2182
-13.2088;-22.3547;0.334516;-0.0424654;-0.0924801;-25.6144
-4.38334;-22.3547;0.135706;0.0345694;-0.0919923;-25.7437
4.44212;-22.3547;0.213395;0.138123;-0.120108;-25.9121
13.2676;-22.3547;0.429763;0.237616;-0.153125;-26.0442
22.093;-22.3547;0.499363;0.311161;-0.166751;-25.9909
30.9185;-22.3547;0.378285;0.366684;-0.16326;-25.6198
39.7439;-22.3547;0.325632;0.41559;-0.17623;-25.1218
48.5694;-22.3547;0.342644;0.454558;-0.185776;-24.5944
57.3948;-22.3547;0.351324;0.483218;-0.18314;-23.9707
66.2203;-22.3547;0.339289;0.503704;-0.171395;-23.2528
75.0458;-22.3547;0.335253;0.515475;-0.157545;-22.4619
83.8712;-22.3547;0.2797;0.52341;-0.144388;-21.5784
92.6967;-22.3547;0.176577;0.527181;-0.133215;-20.6208
101.522;-22.3547;0.180236;0.520417;-0.120542;-19.7026
110.348;-22.3547;0.346415;0.508029;-0.108591;-18.8845
119.173;-22.3547;0.613049;0.492378;-0.100197;-18.114
127.998;-22.3547;0.728912;0.477097;-0.0940141;-17.2076
136.824;-22.3547;0.64122;0.457084;-0.0843393;-16.0817
145.649;-22.3547;0.587142;0.4323;-0.0712761;-14.9422
154.475;-22.3547;0.633909;0.406206;-0.0595655;-13.8671
163.3;-22.3547;0.71162;0.376054;-0.0495483;-12.8113
172.126;-22.3547;0.718391;0.339773;-0.0407414;-11.6866
180.951;-22.3547;0.671426;0.297639;-0.0290015;-10.4819
189.777;-22.3547;0.628721;0.252322;-0.0158135;-9.25693
198.602;-22.3547;0.640301;0.20583;-0.0043343;-8.0649
207.428;-22.3547;0.724415;0.154192;0.00273958;-6.92143
216.253;-22.3547;0.811812;0.0980496;0.0109363;-5.75675
225.078;-22.3547;0.853397;0.0418138;0.0219672;-4.53931
233.904;-22.3547;0.827459;-0.0035992;0.0305402;-3.29053
242.729;-22.3547;0.791608;-0.0294626;0.0360852;-2.06383
-233.845;-31.1801;0.614076;0.0432226;0.0376431;-1.26031
-225.02;-31.1801;0.595656;0.0266384;0.0339007;-2.37242
-216.194;-31.1801;0.562302;0.00396469;0.0320775;-3.48153
-207.369;-31.1801;0.551527;-0.0346125;0.0294325;-4.6318
-198.543;-31.1801;0.601751;-0.0654084;0.0236765;-5.77469
-189.718;-31.1801;0.630051;-0.0875498;0.0154794;-6.89932
-180.892;-31.1801;0.635522;-0.101512;0.00341132;-8.00341
-172.067;-31.1801;0.550803;-0.108302;-0.0181442;-9.0905
-163.242;-31.1801;0.471253;-0.114512;-0.0408679;-10.1712
-154.416;-31.1801;0.462374;-0.129195;-0.0547203;-11.2844
-145.591;-31.1801;0.493008;-0.15202;-0.0645278;-12.3974
-136.765;-31.1801;0.500851;-0.1758;-0.0763435;-13.4992
-127.94;-31.1801;0.495423;-0.195267;-0.0884041;-14.5815
-119.114;-31.1801;0.471417;-0.212582;-0.095835;-15.6316
-110.289;-31.1801;0.40767;-0.225319;-0.103294;-16.6288
-101.463;-31.1801;0.337795;-0.235162;-0.112482;-17.5926
-92.6379;-31.1801;0.305451;-0.242039;-0.122119;-18.5501
-83.8124;-31.1801;0.318424;-0.242977;-0.132855;-19.5071
-74.987;-31.1801;0.328877;-0.235985;-0.143172;-20.4132
-66.1615;-31.1801;0.303383;-0.228999;-0.150146;-21.2547
-57.3361;-31.1801;0.263655;-0.219409;-0.15025;-22.1431
-48.5106;-31.1801;0.26949;-0.16102;-0.141687;-23.5737
-39.6852;-31.1801;0.340344;-0.145517;-0.145113;-24.0094
-30.8597;-31.1801;0.431562;-0.128241;-0.155553;-24.3223
-22.0342;-31.1801;0.455733;-0.0753893;-0.165447;-24.9111
-13.2088;-31.1801;0.418518;-0.0127941;-0.174034;-25.2928
-4.38334;-31.1801;0.349786;0.0642827;-0.182869;-25.4779
4.44212;-31.1801;0.36403;0.145845;-0.195269;-25.6303
13.2676;-31.1801;0.427513;0.222386;-0.202936;-25.6878
22.093;-31.1801;0.438535;0.289539;-0.202246;-25.5671
30.9185;-31.1801;0.342024;0.343704;-0.197224;-25.2155
39.7439;-31.1801;0.334711;0.389981;-0.203158;-24.7698
48.5694;-31.1801;0.358249;0.430106;-0.20838;-24.2632
57.3948;-31.1801;0.352648;0.462663;-0.205911;-23.6511
66.2203;-31.1801;0.332375;0.484893;-0.196095;-22.9425
75.0458;-31.1801;0.339282;0.496683;-0.182849;-22.177
83.8712;-31.1801;0.341387;0.505852;-0.169155;-21.3755
92.6967;-31.1801;0.313877;0.512629;-0.154108;-20.5162
101.522;-31.1801;0.381321;0.506965;-0.137953;-19.6725
110.348;-31.1801;0.553308;0.495474;-0.12521;-18.8714
119.173;-31.1801;0.74457;0.481413;-0.118765;-18.0449
127.998;-31.1801;0.765873;0.466756;-0.112857;-17.0547
136.824;-31.1801;0.616526;0.446944;-0.099018;-15.872
145.649;-31.1801;0.552903;0.423543;-0.0825111;-14.7241
154.475;-31.1801;0.617078;0.400289;-0.0684627;-13.6697
163.3;-31.1801;0.721476;0.371392;-0.056332;-12.6385
172.126;-31.1801;0.768816;0.333842;-0.0456146;-11.5503
180.951;-31.1801;0.762551;0.289325;-0.0336538;-10.3838
189.777;-31.1801;0.75484;0.241196;-0.0209403;-9.19045
198.602;-31.1801;0.779572;0.192418;-0.00797018;-8.00997
207.428;-31.1801;0.826531;0.140691;0.00234168;-6.83965
216.253;-31.1801;0.89464;0.0849923;0.0125376;-5.65728
225.078;-31.1801;0.947507;0.0309235;0.0229712;-4.44368
233.904;-31.1801;0.928101;-0.0148567;0.031188;-3.17365
242.729;-31.1801;0.878017;-0.0343823;0.0363891;-1.97451
-225.02;-40.0056;0.53267;0.042883;0.0367573;-2.19852
-216.194;-40.0056;0.463096;0.0154495;0.0313545;-3.30156
-207.369;-40.0056;0.496152;-0.015697;0.0292494;-4.44621
-198.543;-40.0056;0.553596;-0.0489846;0.0265228;-5.61556
-189.718;-40.0056;0.559877;-0.0701177;0.01624;-6.73558
-180.892;-40.0056;0.550657;-0.0786807;-0.00203726;-7.82933
-172.067;-40.0056;0.517587;-0.0842158;-0.0286018;-8.91841
-163.242;-40.0056;0.483863;-0.0949593;-0.0512908;-10.0179
-154.416;-40.0056;0.475939;-0.114103;-0.0640558;-11.1214
-145.591;-40.0056;0.489866;-0.139502;-0.0760084;-12.2185
-136.765;-40.0056;0.497651;-0.165493;-0.0922996;-13.3106
-127.94;-40.0056;0.512233;-0.188285;-0.106235;-14.4086
-119.114;-40.0056;0.491157;-0.203285;-0.113912;-15.455
-110.289;-40.0056;0.427869;-0.213739;-0.122003;-16.436
-101.463;-40.0056;0.352606;-0.223678;-0.133103;-17.3761
-92.6379;-40.0056;0.311713;-0.232358;-0.146321;-18.3181
-83.8124;-40.0056;0.320076;-0.235221;-0.162282;-19.2586
-74.987;-40.0056;0.32875;-0.229654;-0.176173;-20.1494
-66.1615;-40.0056;0.301596;-0.220891;-0.185165;-20.9825
-30.8597;-40.0056;0.396887;-0.10716;-0.204883;-23.9082
-22.0342;-40.0056;0.374204;-0.0546263;-0.214735;-24.4523
-13.2088;-40.0056;0.37098;0.00804722;-0.223986;-24.8174
-4.38334;-40.0056;0.359939;0.0811677;-0.233401;-25.0264
4.44212;-40.0056;0.358153;0.150159;-0.238401;-25.1271
13.2676;-40.0056;0.360885;0.21314;-0.234963;-25.1217
22.093;-40.0056;0.351181;0.271048;-0.226054;-24.9824
30.9185;-40.0056;0.316683;0.32269;-0.222363;-24.6823
39.7439;-40.0056;0.306453;0.367653;-0.224934;-24.2692
48.5694;-40.0056;0.307136;0.407075;-0.224296;-23.7706
57.3948;-40.0056;0.299846;0.440478;-0.217796;-23.1772
66.2203;-40.0056;0.298297;0.464411;-0.208587;-22.5046
75.0458;-40.0056;0.320123;0.477795;-0.199364;-21.7787
83.8712;-40.0056;0.340604;0.487893;-0.186114;-21.0161
92.6967;-40.0056;0.347603;0.491878;-0.168045;-20.1994
101.522;-40.0056;0.404648;0.487685;-0.150207;-19.3691
110.348;-40.0056;0.504101;0.478877;-0.137949;-18.5264
119.173;-40.0056;0.590771;0.466251;-0.132193;-17.6242
127.998;-40.0056;0.572855;0.450372;-0.12602;-16.5963
136.824;-40.0056;0.483158;0.430878;-0.109984;-15.4681
145.649;-40.0056;0.470106;0.408984;-0.0924194;-14.3699
154.475;-40.0056;0.542991;0.387195;-0.0770263;-13.3318
163.3;-40.0056;0.639676;0.358815;-0.0631299;-12.3006
172.126;-40.0056;0.70854;0.320927;-0.0519162;-11.2357
180.951;-40.0056;0.734728;0.276684;-0.0412672;-10.1081
189.777;-40.0056;0.749512;0.22947;-0.0298283;-8.94738
198.602;-40.0056;0.767098;0.183144;-0.0168234;-7.77768
207.428;-40.0056;0.77246;0.133572;-0.00521918;-6.5862
216.253;-40.0056;0.816959;0.0807279;0.00485072;-5.39876
225.078;-40.0056;0.878216;0.0286742;0.0146538;-4.20471
233.904;-40.0056;0.918452;-0.017163;0.0226516;-2.96902
242.729;-40.0056;0.931893;-0.034527;0.0293977;-1.77197
-225.02;-48.831;0.515857;0.0678975;0.0372562;-2.00601
-216.194;-48.831;0.424254;0.0341905;0.0293922;-3.10892
-207.369;-48.831;0.498711;0.00877471;0.0291903;-4.24482
-198.543;-48.831;0.547367;-0.0236806;0.028207;-5.42172
-189.718;-48.831;0.504605;-0.0419219;0.0134744;-6.53066
-180.892;-48.831;0.473506;-0.0458202;-0.012896;-7.61158
-172.067;-48.831;0.501996;-0.0563836;-0.0418814;-8.70584
-163.242;-48.831;0.515844;-0.075378;-0.0618787;-9.81912
-154.416;-48.831;0.489773;-0.0989639;-0.0737056;-10.8967
-145.591;-48.831;0.454701;-0.127188;-0.0866628;-11.9635
-136.765;-48.831;0.445926;-0.155338;-0.104171;-13.0358
-127.94;-48.831;0.478667;-0.174631;-0.116179;-14.129
-119.114;-48.831;0.494499;-0.18574;-0.124312;-15.1661
-110.289;-48.831;0.448697;-0.194768;-0.135102;-16.1451
-101.463;-48.831;0.388004;-0.20401;-0.147327;-17.0767
-92.6379;-48.831;0.354476;-0.212282;-0.162083;-17.9971
-83.8124;-48.831;0.352069;-0.215425;-0.182351;-18.9123
-74.987;-48.831;0.346714;-0.211751;-0.199063;-19.755
-66.1615;-48.831;0.319148;-0.20244;-0.20979;-20.5855
-57.3361;-48.831;0.295741;-0.194602;-0.213522;-21.3939
-30.8597;-48.831;0.30573;-0.0903983;-0.242355;-23.3512
-22.0342;-48.831;0.266388;-0.0390353;-0.248002;-23.8464
-13.2088;-48.831;0.289453;0.0210404;-0.250665;-24.205
-4.38334;-48.831;0.317518;0.0859346;-0.25371;-24.422
4.44212;-48.831;0.317354;0.14846;-0.257246;-24.5083
13.2676;-48.831;0.295406;0.205222;-0.25397;-24.4676
22.093;-48.831;0.270047;0.256054;-0.244258;-24.3046
30.9185;-48.831;0.253287;0.303785;-0.241289;-24.0311
39.7439;-48.831;0.229512;0.34628;-0.242269;-23.6308
48.5694;-48.831;0.210156;0.383414;-0.242557;-23.1375
57.3948;-48.831;0.209125;0.415549;-0.23791;-22.5693
66.2203;-48.831;0.217038;0.441208;-0.230939;-21.9306
75.0458;-48.831;0.219822;0.457552;-0.225175;-21.2155
83.8712;-48.831;0.205306;0.470688;-0.216382;-20.449
92.6967;-48.831;0.212207;0.471037;-0.197518;-19.6376
101.522;-48.831;0.228369;0.465038;-0.177203;-18.7809
110.348;-48.831;0.251333;0.456407;-0.162403;-17.8845
119.173;-48.831;0.27681;0.444703;-0.153442;-16.9448
127.998;-48.831;0.294588;0.42854;-0.143637;-15.9585
136.824;-48.831;0.331697;0.410907;-0.125925;-14.9615
145.649;-48.831;0.38887;0.390899;-0.106403;-13.9449
154.475;-48.831;0.455767;0.367796;-0.0875409;-12.9164
163.3;-48.831;0.516834;0.338276;-0.0704495;-11.8708
172.126;-48.831;0.564363;0.302479;-0.0582636;-10.8027
180.951;-48.831;0.584572;0.263767;-0.0482615;-9.68967
189.777;-48.831;0.593898;0.222946;-0.0382021;-8.54636
198.602;-48.831;0.60205;0.17988;-0.0264276;-7.38465
207.428;-48.831;0.60957;0.131987;-0.015699;-6.20775
216.253;-48.831;0.655738;0.0802307;-0.00574332;-5.03054
225.078;-48.831;0.718018;0.0292273;0.00279534;-3.86078
233.904;-48.831;0.773504;-0.0230215;0.00939009;-2.64369
242.729;-48.831;0.791984;-0.050062;0.0191058;-1.44299
-225.02;-57.6565;0.587531;0.0929413;0.0376052;-1.85722
-216.194;-57.6565;0.49407;0.0526757;0.0305816;-2.94085
-207.369;-57.6565;0.546607;0.0236911;0.0332396;-4.05957
-198.543;-57.6565;0.587229;0.00117026;0.0301428;-5.21033
-189.718;-57.6565;0.526642;-0.00778618;0.00747207;-6.31791
-180.892;-57.6565;0.496452;-0.00876424;-0.023684;-7.38521
-172.067;-57.6565;0.513218;-0.0264094;-0.0495235;-8.46314
-163.242;-57.6565;0.51169;-0.0510853;-0.0650859;-9.55389
-154.416;-57.6565;0.466042;-0.0761369;-0.0759617;-10.59
-145.591;-57.6565;0.403086;-0.105517;-0.0894219;-11.6225
-136.765;-57.6565;0.375567;-0.134499;-0.106825;-12.6735
-127.94;-57.6565;0.432479;-0.154256;-0.117434;-13.7567
-119.114;-57.6565;0.46182;-0.164907;-0.127331;-14.7842
-110.289;-57.6565;0.424836;-0.172832;-0.142753;-15.7572
-101.463;-57.6565;0.381769;-0.17988;-0.158006;-16.6757
-92.6379;-57.6565;0.353058;-0.187546;-0.17213;-17.5719
-83.8124;-57.6565;0.333775;-0.192133;-0.190522;-18.4544
-74.987;-57.6565;0.319523;-0.189105;-0.211725;-19.2657
-30.8597;-57.6565;0.265825;-0.0800294;-0.275473;-22.67
-22.0342;-57.6565;0.220834;-0.028805;-0.279814;-23.1339
-13.2088;-57.6565;0.222781;0.0294412;-0.278606;-23.4718
-4.38334;-57.6565;0.247654;0.0880273;-0.279317;-23.6934
4.44212;-57.6565;0.252111;0.144214;-0.282012;-23.78
13.2676;-57.6565;0.225845;0.19595;-0.280378;-23.7265
22.093;-57.6565;0.191469;0.242131;-0.272047;-23.5517
30.9185;-57.6565;0.17395;0.285391;-0.268238;-23.2865
39.7439;-57.6565;0.15345;0.325987;-0.270041;-22.903
48.5694;-57.6565;0.138388;0.361452;-0.274366;-22.4378
57.3948;-57.6565;0.144304;0.392636;-0.275599;-21.9017
66.2203;-57.6565;0.138564;0.419457;-0.272661;-21.2766
75.0458;-57.6565;0.0958834;0.43722;-0.267941;-20.5401
83.8712;-57.6565;0.0292276;0.453646;-0.262373;-19.7633
92.6967;-57.6565;0.0249584;0.455337;-0.246294;-18.9646
101.522;-57.6565;0.0238432;0.449141;-0.225802;-18.11
110.348;-57.6565;0.0304239;0.439953;-0.207737;-17.2106
119.173;-57.6565;0.0712627;0.429061;-0.193396;-16.2974
127.998;-57.6565;0.181439;0.412131;-0.176273;-15.4047
136.824;-57.6565;0.302636;0.394153;-0.152463;-14.5021
145.649;-57.6565;0.393196;0.37431;-0.125697;-13.5419
154.475;-57.6565;0.45626;0.346927;-0.100739;-12.5264
163.3;-57.6565;0.506113;0.313853;-0.0795004;-11.4865
172.126;-57.6565;0.561556;0.27894;-0.0636886;-10.4356
180.951;-57.6565;0.595027;0.244865;-0.0510835;-9.3455
189.777;-57.6565;0.614899;0.207955;-0.0401508;-8.22586
198.602;-57.6565;0.634278;0.165088;-0.0276859;-7.084
207.428;-57.6565;0.667311;0.117715;-0.0172813;-5.93556
216.253;-57.6565;0.723814;0.0668888;-0.00670195;-4.77936
225.078;-57.6565;0.755971;0.0163155;0.00271299;-3.60334
233.904;-57.6565;0.771143;-0.0327445;0.00956849;-2.36862
242.729;-57.6565;0.782254;-0.0759513;0.0211248;-1.12641
-216.194;-66.4819;0.57222;0.0641498;0.0362891;-2.7456
-207.369;-66.4819;0.575619;0.0345744;0.0369232;-3.83157
-198.543;-66.4819;0.58704;0.0202694;0.0263733;-4.93649
-189.718;-66.4819;0.554669;0.0252377;-0.000739743;-6.00188
-180.892;-66.4819;0.515707;0.0182667;-0.0291792;-7.06879
-172.067;-66.4819;0.500194;-0.00385904;-0.0491367;-8.13948
-163.242;-66.4819;0.491612;-0.0290376;-0.0605499;-9.21506
-154.416;-66.4819;0.460068;-0.0530027;-0.0715705;-10.2456
-145.591;-66.4819;0.403016;-0.0805856;-0.0871712;-11.2622
-136.765;-66.4819;0.353459;-0.110511;-0.10517;-12.2825
-127.94;-66.4819;0.348489;-0.137307;-0.117784;-13.3369
-119.114;-66.4819;0.353017;-0.149937;-0.132369;-14.3405
-110.289;-66.4819;0.331421;-0.15416;-0.152718;-15.2868
-101.463;-66.4819;0.308996;-0.158045;-0.171533;-16.1826
-92.6379;-66.4819;0.283221;-0.16574;-0.187278;-17.0573
-83.8124;-66.4819;0.253346;-0.171948;-0.206456;-17.9099
-74.987;-66.4819;0.236845;-0.168938;-0.232051;-18.6992
-30.8597;-66.4819;0.265364;-0.0679735;-0.319108;-21.9401
-22.0342;-66.4819;0.240611;-0.0191623;-0.328956;-22.3751
-13.2088;-66.4819;0.203674;0.0372427;-0.331977;-22.6798
-4.38334;-66.4819;0.19594;0.0911259;-0.333802;-22.8836
4.44212;-66.4819;0.206474;0.139982;-0.334595;-22.9646
13.2676;-66.4819;0.19305;0.184811;-0.330972;-22.9122
22.093;-66.4819;0.164562;0.226802;-0.320678;-22.7529
30.9185;-66.4819;0.153206;0.266755;-0.312938;-22.5092
39.7439;-66.4819;0.156183;0.305824;-0.311485;-22.1625
48.5694;-66.4819;0.168478;0.339278;-0.313925;-21.7427
57.3948;-66.4819;0.18255;0.370235;-0.31878;-21.2367
66.2203;-66.4819;0.166936;0.398962;-0.319764;-20.6282
75.0458;-66.4819;0.113126;0.420114;-0.311582;-19.9171
83.8712;-66.4819;0.0559162;0.435329;-0.300045;-19.1798
92.6967;-66.4819;0.0590242;0.440629;-0.284341;-18.4244
101.522;-66.4819;0.086507;0.437307;-0.264434;-17.6241
110.348;-66.4819;0.142358;0.427224;-0.243396;-16.7786
119.173;-66.4819;0.242274;0.412181;-0.223452;-15.9167
127.998;-66.4819;0.401243;0.392718;-0.200504;-15.0779
136.824;-66.4819;0.58358;0.372974;-0.173387;-14.2426
145.649;-66.4819;0.672661;0.351541;-0.141948;-13.3031
154.475;-66.4819;0.694372;0.322126;-0.112892;-12.2683
163.3;-66.4819;0.696603;0.288374;-0.0880343;-11.196
172.126;-66.4819;0.724576;0.254611;-0.0675145;-10.1318
180.951;-66.4819;0.735994;0.222409;-0.0499281;-9.03897
189.777;-66.4819;0.737141;0.185784;-0.0365557;-7.91713
198.602;-66.4819;0.742636;0.142738;-0.0237206;-6.77613
207.428;-66.4819;0.768098;0.096392;-0.0141963;-5.63476
216.253;-66.4819;0.804414;0.047791;-0.00390121;-4.48027
225.078;-66.4819;0.786447;0.000248387;0.00497513;-3.29537
233.904;-66.4819;0.76789;-0.0442471;0.0116001;-2.05668
-216.194;-75.3074;0.605649;0.0865106;0.046157;-2.47121
-207.369;-75.3074;0.553423;0.0552823;0.0397385;-3.51957
-198.543;-75.3074;0.497033;0.0401234;0.0177551;-4.58544
-189.718;-75.3074;0.415672;0.0346616;-0.0118255;-5.63784
-180.892;-75.3074;0.383445;0.020557;-0.0370229;-6.69327
-172.067;-75.3074;0.388087;-0.00295709;-0.0550237;-7.75224
-163.242;-75.3074;0.40354;-0.0257695;-0.0676134;-8.81603
-154.416;-75.3074;0.407959;-0.0449483;-0.0792803;-9.84571
-145.591;-75.3074;0.385525;-0.0672579;-0.0943579;-10.8511
-136.765;-75.3074;0.339465;-0.0951688;-0.112533;-11.8366
-127.94;-75.3074;0.298249;-0.12134;-0.130193;-12.8446
-119.114;-75.3074;0.272596;-0.135811;-0.149684;-13.8182
-110.289;-75.3074;0.254781;-0.140026;-0.173094;-14.7434
-101.463;-75.3074;0.245834;-0.140457;-0.19507;-15.6206
-92.6379;-75.3074;0.225623;-0.145659;-0.213751;-16.4714
-83.8124;-75.3074;0.196541;-0.151546;-0.235284;-17.3009
-74.987;-75.3074;0.18578;-0.148191;-0.262725;-18.0753
-66.1615;-75.3074;0.208471;-0.136478;-0.287651;-18.829
-57.3361;-75.3074;0.215963;-0.122183;-0.311655;-19.4962
-30.8597;-75.3074;0.282622;-0.0499366;-0.368157;-21.1742
-22.0342;-75.3074;0.297428;-0.0079389;-0.382808;-21.5822
-13.2088;-75.3074;0.252745;0.044374;-0.393632;-21.8744
-4.38334;-75.3074;0.223328;0.0950374;-0.394617;-22.0574
4.44212;-75.3074;0.240142;0.139788;-0.392403;-22.1409
13.2676;-75.3074;0.25426;0.179383;-0.386887;-22.1171
22.093;-75.3074;0.252437;0.215014;-0.378262;-21.9869
30.9185;-75.3074;0.255173;0.250012;-0.366366;-21.7762
39.7439;-75.3074;0.288289;0.282168;-0.350427;-21.4743
48.5694;-75.3074;0.328097;0.3112;-0.34241;-21.0933
57.3948;-75.3074;0.367727;0.341816;-0.348025;-20.6263
66.2203;-75.3074;0.419531;0.371406;-0.352116;-20.0916
75.0458;-75.3074;0.467786;0.393773;-0.338948;-19.4903
83.8712;-75.3074;0.479251;0.40726;-0.321029;-18.8313
92.6967;-75.3074;0.431047;0.416671;-0.3054;-18.0832
101.522;-75.3074;0.495407;0.411477;-0.28402;-17.3299
110.348;-75.3074;0.613508;0.399235;-0.257488;-16.5585
119.173;-75.3074;0.720651;0.382682;-0.231678;-15.7277
127.998;-75.3074;0.790333;0.364392;-0.206914;-14.8339
136.824;-75.3074;0.928388;0.343763;-0.178504;-13.9805
145.649;-75.3074;0.97511;0.31953;-0.146263;-13.0161
154.475;-75.3074;0.959686;0.288494;-0.115207;-11.961
163.3;-75.3074;0.928104;0.255116;-0.0873844;-10.8701
172.126;-75.3074;0.922018;0.223248;-0.0632122;-9.78456
180.951;-75.3074;0.896167;0.192932;-0.042005;-8.67484
189.777;-75.3074;0.860502;0.157455;-0.0264558;-7.53976
198.602;-75.3074;0.835382;0.116915;-0.0146329;-6.3943
207.428;-75.3074;0.836327;0.0734501;-0.00691558;-5.25085
216.253;-75.3074;0.840103;0.0274023;0.0022241;-4.08956
225.078;-75.3074;0.789707;-0.016263;0.0112764;-2.90735
233.904;-75.3074;0.77606;-0.0462524;0.0158045;-1.73265
-216.194;-84.1328;0.649413;0.104547;0.0570164;-2.12422
-207.369;-84.1328;0.510359;0.0807773;0.0441283;-3.13652
-198.543;-84.1328;0.415787;0.058948;0.0137872;-4.17964
-189.718;-84.1328;0.336162;0.0432983;-0.01438;-5.21648
-180.892;-84.1328;0.309282;0.0229604;-0.0385686;-6.26154
-172.067;-84.1328;0.326409;-0.00242251;-0.0586983;-7.31406
-163.242;-84.1328;0.339865;-0.0258544;-0.076107;-8.36442
-154.416;-84.1328;0.342576;-0.044603;-0.0918093;-9.38323
-145.591;-84.1328;0.338716;-0.062826;-0.108096;-10.3713
-136.765;-84.1328;0.324702;-0.0840028;-0.126348;-11.3373
-127.94;-84.1328;0.296056;-0.104802;-0.148329;-12.3116
-119.114;-84.1328;0.26949;-0.120183;-0.173685;-13.2655
-110.289;-84.1328;0.26492;-0.128189;-0.201071;-14.1817
-101.463;-84.1328;0.262516;-0.127759;-0.227497;-15.0494
-92.6379;-84.1328;0.246482;-0.128441;-0.249007;-15.8733
-83.8124;-84.1328;0.225029;-0.130462;-0.270507;-16.673
-74.987;-84.1328;0.222802;-0.126107;-0.295707;-17.437
-66.1615;-84.1328;0.248267;-0.113612;-0.318822;-18.1602
-57.3361;-84.1328;0.256403;-0.0964978;-0.341443;-18.7825
-48.5106;-84.1328;0.232072;-0.0278621;-0.39363;-20.0946
-39.6852;-84.1328;0.255042;0.0236194;-0.425491;-20.9357
-30.8597;-84.1328;0.31575;-0.0286444;-0.401092;-20.3582
-22.0342;-84.1328;0.361282;0.00484865;-0.415369;-20.7459
-13.2088;-84.1328;0.361653;0.0482824;-0.425825;-21.0535
-4.38334;-84.1328;0.35859;0.0956103;-0.42302;-21.2377
4.44212;-84.1328;0.357986;0.138806;-0.414498;-21.3226
13.2676;-84.1328;0.362407;0.174005;-0.406986;-21.3042
22.093;-84.1328;0.362752;0.203767;-0.400705;-21.189
30.9185;-84.1328;0.367239;0.233222;-0.389104;-21.0025
39.7439;-84.1328;0.412763;0.259893;-0.369185;-20.738
48.5694;-84.1328;0.511299;0.284881;-0.360308;-20.4109
57.3948;-84.1328;0.559998;0.322473;-0.372257;-19.9858
66.2203;-84.1328;0.633201;0.359086;-0.380218;-19.5234
75.0458;-84.1328;0.73443;0.381693;-0.364577;-19.0051
83.8712;-84.1328;0.797352;0.39039;-0.342973;-18.3916
92.6967;-84.1328;0.745083;0.395247;-0.324835;-17.6369
101.522;-84.1328;0.805312;0.386359;-0.299035;-16.8892
110.348;-84.1328;0.920405;0.373221;-0.265472;-16.1474
119.173;-84.1328;1.0245;0.353891;-0.232674;-15.3391
127.998;-84.1328;1.07999;0.3324;-0.200954;-14.4458
136.824;-84.1328;1.16521;0.307992;-0.170544;-13.5488
145.649;-84.1328;1.15346;0.283848;-0.140044;-12.5531
154.475;-84.1328;1.09883;0.254496;-0.10802;-11.4855
163.3;-84.1328;1.05129;0.220876;-0.0758389;-10.391
172.126;-84.1328;1.04159;0.18769;-0.048116;-9.308
180.951;-84.1328;0.997286;0.15855;-0.0258537;-8.20121
189.777;-84.1328;0.931793;0.125139;-0.00959341;-7.06387
198.602;-84.1328;0.875517;0.0897765;0.00103727;-5.92028
207.428;-84.1328;0.850479;0.0514143;0.00693666;-4.77678
216.253;-84.1328;0.832491;0.00887119;0.0141938;-3.618
225.078;-84.1328;0.81011;-0.024322;0.0197707;-2.47251
233.904;-84.1328;0.830316;-0.0467512;0.0207076;-1.38973
-216.194;-92.9583;0.702174;0.11475;0.0658013;-1.70606
-207.369;-92.9583;0.483982;0.0945715;0.0484769;-2.74595
-198.543;-92.9583;0.394513;0.0764476;0.0185587;-3.76495
-189.718;-92.9583;0.370331;0.0543135;-0.00869849;-4.79587
-180.892;-92.9583;0.352061;0.030062;-0.0343416;-5.83309
-172.067;-92.9583;0.35877;0.00394285;-0.0568419;-6.86344
-163.242;-92.9583;0.340203;-0.02282;-0.0786878;-7.88269
-154.416;-92.9583;0.313496;-0.0453676;-0.0991818;-8.87939
-145.591;-92.9583;0.307308;-0.0618677;-0.117529;-9.85198
-136.765;-92.9583;0.319233;-0.0750616;-0.135259;-10.8074
-127.94;-92.9583;0.313287;-0.0894421;-0.159082;-11.7483
-119.114;-92.9583;0.298146;-0.10471;-0.188333;-12.6778
-110.289;-92.9583;0.319436;-0.11643;-0.217027;-13.5836
-101.463;-92.9583;0.321344;-0.11926;-0.243471;-14.4386
-92.6379;-92.9583;0.313812;-0.117035;-0.267328;-15.2448
-83.8124;-92.9583;0.307421;-0.113916;-0.290775;-16.0198
-74.987;-92.9583;0.310184;-0.109533;-0.31416;-16.7644
-66.1615;-92.9583;0.332291;-0.0995075;-0.331108;-17.4649
-57.3361;-92.9583;0.349804;-0.0806112;-0.344872;-18.0763
-48.5106;-92.9583;0.330027;-0.0591862;-0.36453;-18.6062
-39.6852;-92.9583;0.330358;-0.040336;-0.386431;-19.087
-30.8597;-92.9583;0.35948;-0.0161763;-0.405594;-19.5221
-22.0342;-92.9583;0.395313;0.0162504;-0.418107;-19.8811
-13.2088;-92.9583;0.414212;0.0539571;-0.423971;-20.1681
-4.38334;-92.9583;0.409867;0.0960573;-0.420718;-20.3569
4.44212;-92.9583;0.402055;0.137631;-0.411155;-20.4302
13.2676;-92.9583;0.395077;0.170371;-0.403164;-20.3986
22.093;-92.9583;0.380871;0.197856;-0.398757;-20.2813
30.9185;-92.9583;0.363855;0.226158;-0.396255;-20.0852
39.7439;-92.9583;0.376496;0.259395;-0.395936;-19.8199
48.5694;-92.9583;0.487471;0.293095;-0.408341;-19.5215
57.3948;-92.9583;0.551066;0.331534;-0.42372;-19.1526
66.2203;-92.9583;0.630783;0.357977;-0.417787;-18.7173
75.0458;-92.9583;0.724261;0.372791;-0.391278;-18.2295
83.8712;-92.9583;0.780072;0.372389;-0.363166;-17.6168
92.6967;-92.9583;0.761836;0.371598;-0.339281;-16.8832
101.522;-92.9583;0.837905;0.361751;-0.307283;-16.1665
110.348;-92.9583;0.952159;0.347546;-0.266977;-15.448
119.173;-92.9583;1.06438;0.325358;-0.227652;-14.6673
127.998;-92.9583;1.14623;0.298986;-0.188518;-13.8063
136.824;-92.9583;1.18559;0.272664;-0.155515;-12.873
145.649;-92.9583;1.10536;0.25128;-0.128598;-11.8422
154.475;-92.9583;1.02746;0.22499;-0.0995202;-10.782
163.3;-92.9583;1.0006;0.191607;-0.0642387;-9.7237
172.126;-92.9583;1.02673;0.155683;-0.0313992;-8.68503
180.951;-92.9583;0.997073;0.127486;-0.00984486;-7.61804
189.777;-92.9583;0.930117;0.0975119;0.00523273;-6.50847
198.602;-92.9583;0.864997;0.0646411;0.0161204;-5.37564
207.428;-92.9583;0.829442;0.0306699;0.022533;-4.24217
216.253;-92.9583;0.814769;-0.00699157;0.0290553;-3.10803
225.078;-92.9583;0.849997;-0.0353056;0.0307083;-2.03606
-207.369;-101.784;0.457489;0.113722;0.0544621;-2.26234
-198.543;-101.784;0.388544;0.093487;0.0254748;-3.30613
-189.718;-101.784;0.455483;0.0613443;-0.00248936;-4.38927
-180.892;-101.784;0.46562;0.0351387;-0.0276312;-5.42616
-172.067;-101.784;0.429998;0.0098094;-0.0507412;-6.41466
-163.242;-101.784;0.383062;-0.0192649;-0.074254;-7.3895
-154.416;-101.784;0.344039;-0.0449638;-0.0970691;-8.35883
-145.591;-101.784;0.332016;-0.0609277;-0.116773;-9.31907
-136.765;-101.784;0.337374;-0.0688756;-0.134155;-10.2582
-127.94;-101.784;0.32139;-0.0775879;-0.157563;-11.1603
-119.114;-101.784;0.283981;-0.0920028;-0.187434;-12.0536
-110.289;-101.784;0.298278;-0.104191;-0.216481;-12.9296
-101.463;-101.784;0.288076;-0.110227;-0.243121;-13.7681
-92.6379;-101.784;0.294825;-0.108462;-0.268569;-14.5574
-83.8124;-101.784;0.317045;-0.104429;-0.294366;-15.3018
-74.987;-101.784;0.329021;-0.102157;-0.318943;-16.0078
-66.1615;-101.784;0.330447;-0.0965409;-0.334899;-16.6809
-57.3361;-101.784;0.359065;-0.0792796;-0.34216;-17.2673
-48.5106;-101.784;0.355122;-0.0563263;-0.3561;-17.7771
-39.6852;-101.784;0.33797;-0.0328193;-0.375343;-18.2272
-30.8597;-101.784;0.347957;-0.00758615;-0.392728;-18.6223
-22.0342;-101.784;0.380379;0.0217341;-0.40214;-18.952
-13.2088;-101.784;0.395041;0.0570438;-0.408623;-19.2199
-4.38334;-101.784;0.385617;0.0956887;-0.410204;-19.4018
4.44212;-101.784;0.372576;0.134892;-0.404646;-19.4696
13.2676;-101.784;0.35434;0.165647;-0.397496;-19.435
22.093;-101.784;0.337964;0.193679;-0.395829;-19.3283
30.9185;-101.784;0.328248;0.222427;-0.401314;-19.1355
39.7439;-101.784;0.339061;0.258246;-0.416123;-18.8794
48.5694;-101.784;0.448106;0.295887;-0.439011;-18.589
57.3948;-101.784;0.506423;0.328991;-0.447499;-18.2299
66.2203;-101.784;0.564621;0.34442;-0.43035;-17.7816
75.0458;-101.784;0.620854;0.344628;-0.395811;-17.2457
83.8712;-101.784;0.649567;0.340229;-0.363629;-16.6329
92.6967;-101.784;0.657558;0.340055;-0.336759;-15.9557
101.522;-101.784;0.751154;0.332619;-0.301913;-15.2881
110.348;-101.784;0.847233;0.319066;-0.25916;-14.5774
119.173;-101.784;0.931605;0.296177;-0.218096;-13.7949
127.998;-101.784;0.988091;0.268104;-0.1786;-12.9327
136.824;-101.784;0.964505;0.241732;-0.146739;-11.9588
145.649;-101.784;0.82754;0.22258;-0.119728;-10.8978
154.475;-101.784;0.777424;0.197736;-0.0896713;-9.89194
163.3;-101.784;0.829083;0.164544;-0.0527044;-8.93524
172.126;-101.784;0.8994;0.126711;-0.0177462;-7.95894
180.951;-101.784;0.885107;0.0984324;0.00549525;-6.92802
189.777;-101.784;0.825513;0.0721281;0.0157969;-5.84773
198.602;-101.784;0.776868;0.0447551;0.0249017;-4.74939
207.428;-101.784;0.770582;0.0137703;0.0327079;-3.65111
216.253;-101.784;0.780465;-0.0167787;0.0390875;-2.56327
225.078;-101.784;0.847045;-0.0436951;0.041119;-1.53256
-198.543;-110.609;0.374494;0.0935224;0.0300418;-2.82053
-189.718;-110.609;0.488744;0.0628914;0.00379483;-3.92077
-180.892;-110.609;0.53663;0.0371806;-0.0178723;-4.94322
-172.067;-110.609;0.450198;0.0089623;-0.0430132;-5.91709
-163.242;-110.609;0.416593;-0.0198029;-0.0673331;-6.87414
-154.416;-110.609;0.403253;-0.0448987;-0.0903929;-7.82574
-145.591;-110.609;0.39263;-0.0596984;-0.110657;-8.76403
-136.765;-110.609;0.37755;-0.0638173;-0.128324;-9.6688
-127.94;-110.609;0.339126;-0.0663008;-0.148319;-10.5247
-119.114;-110.609;0.276869;-0.0777646;-0.175701;-11.3707
-110.289;-110.609;0.250242;-0.0921563;-0.207031;-12.215
-101.463;-110.609;0.235393;-0.100651;-0.238097;-13.0356
-92.6379;-110.609;0.262347;-0.100126;-0.265348;-13.8083
-83.8124;-110.609;0.286235;-0.096335;-0.293999;-14.5264
-74.987;-110.609;0.271429;-0.0947697;-0.324272;-15.1863
-66.1615;-110.609;0.250868;-0.0914251;-0.344453;-15.8264
-57.3361;-110.609;0.284314;-0.0766245;-0.352943;-16.4005
-48.5106;-110.609;0.310112;-0.0513618;-0.359636;-16.8904
-39.6852;-110.609;0.290947;-0.0242018;-0.369447;-17.3063
-30.8597;-110.609;0.282089;0.00150814;-0.377315;-17.6623
-22.0342;-110.609;0.30073;0.028109;-0.384798;-17.9702
-13.2088;-110.609;0.314547;0.0591298;-0.392185;-18.2248
-4.38334;-110.609;0.30986;0.0940658;-0.396549;-18.4051
4.44212;-110.609;0.307886;0.130343;-0.394237;-18.482
13.2676;-110.609;0.312171;0.159096;-0.389768;-18.4644
22.093;-110.609;0.314813;0.188109;-0.393497;-18.3771
30.9185;-110.609;0.320735;0.216743;-0.403722;-18.1943
39.7439;-110.609;0.349375;0.247837;-0.419299;-17.9492
48.5694;-110.609;0.458454;0.279;-0.43392;-17.6732
57.3948;-110.609;0.519264;0.305908;-0.432536;-17.3236
66.2203;-110.609;0.559321;0.317031;-0.410356;-16.8647
75.0458;-110.609;0.601053;0.318558;-0.378431;-16.3371
83.8712;-110.609;0.647694;0.316027;-0.347557;-15.7571
92.6967;-110.609;0.688522;0.312811;-0.318595;-15.131
101.522;-110.609;0.785661;0.302255;-0.283602;-14.4795
110.348;-110.609;0.802522;0.285354;-0.245274;-13.7036
119.173;-110.609;0.766508;0.262699;-0.208549;-12.8411
127.998;-110.609;0.709498;0.238602;-0.174203;-11.9273
136.824;-110.609;0.587613;0.216282;-0.144566;-10.9144
145.649;-110.609;0.529717;0.191633;-0.11347;-9.92896
154.475;-110.609;0.606448;0.163481;-0.0770036;-9.04354
163.3;-110.609;0.73698;0.131075;-0.0356732;-8.1821
172.126;-110.609;0.79492;0.0920244;-0.00128237;-7.22118
180.951;-110.609;0.708562;0.0644956;0.0226011;-6.13815
189.777;-110.609;0.66971;0.0417312;0.0316323;-5.0939
198.602;-110.609;0.688757;0.0224901;0.0354069;-4.08697
207.428;-110.609;0.776982;-0.00404146;0.0429369;-3.08808
216.253;-110.609;0.830362;-0.0321496;0.0529024;-2.05779
-198.543;-119.435;0.341535;0.0830808;0.036523;-2.30321
-189.718;-119.435;0.416687;0.0610643;0.0128724;-3.34947
-180.892;-119.435;0.466466;0.0341022;-0.0102949;-4.38745
-172.067;-119.435;0.388113;0.000756353;-0.0365416;-5.3548
-163.242;-119.435;0.403327;-0.0237839;-0.0592295;-6.29125
-154.416;-119.435;0.410799;-0.0449783;-0.082077;-7.21823
-145.591;-119.435;0.389021;-0.0588979;-0.102739;-8.11701
-136.765;-119.435;0.357531;-0.0617514;-0.11994;-8.99227
-127.94;-119.435;0.312843;-0.057849;-0.136021;-9.81388
-119.114;-119.435;0.233549;-0.0661271;-0.163419;-10.6326
-110.289;-119.435;0.204623;-0.0771235;-0.196105;-11.4455
-101.463;-119.435;0.19015;-0.0888513;-0.231458;-12.2431
-92.6379;-119.435;0.222986;-0.0904241;-0.264076;-12.9952
-83.8124;-119.435;0.24528;-0.0868958;-0.296517;-13.6925
-74.987;-119.435;0.21871;-0.0856795;-0.327425;-14.3218
-66.1615;-119.435;0.184169;-0.0840849;-0.349549;-14.9317
-57.3361;-119.435;0.211942;-0.0734038;-0.362491;-15.4959
-48.5106;-119.435;0.25392;-0.0523989;-0.366613;-15.9894
-39.6852;-119.435;0.245282;-0.0239618;-0.365778;-16.3946
-30.8597;-119.435;0.218359;0.0030181;-0.363874;-16.7101
-22.0342;-119.435;0.200347;0.029037;-0.365454;-16.9772
-13.2088;-119.435;0.198512;0.0579582;-0.368612;-17.209
-4.38334;-119.435;0.222645;0.0908692;-0.371108;-17.3882
4.44212;-119.435;0.25549;0.123577;-0.372184;-17.4833
13.2676;-119.435;0.312559;0.151818;-0.373726;-17.5048
22.093;-119.435;0.354279;0.180361;-0.38425;-17.4347
30.9185;-119.435;0.361137;0.207119;-0.396157;-17.249
39.7439;-119.435;0.365679;0.23093;-0.403258;-16.985
48.5694;-119.435;0.452367;0.251422;-0.403725;-16.7095
57.3948;-119.435;0.535509;0.270694;-0.396217;-16.374
66.2203;-119.435;0.577088;0.282373;-0.378037;-15.9264
75.0458;-119.435;0.60525;0.287484;-0.353872;-15.4089
83.8712;-119.435;0.645644;0.285238;-0.326516;-14.8412
92.6967;-119.435;0.685306;0.27774;-0.299032;-14.2219
101.522;-119.435;0.709538;0.266811;-0.268006;-13.5255
110.348;-119.435;0.653183;0.250379;-0.228743;-12.6969
119.173;-119.435;0.542803;0.227075;-0.191754;-11.7885
127.998;-119.435;0.434716;0.206062;-0.163074;-10.8886
136.824;-119.435;0.377765;0.183763;-0.133991;-9.99052
145.649;-119.435;0.460743;0.156235;-0.0978756;-9.14728
154.475;-119.435;0.678014;0.123351;-0.0553628;-8.36826
163.3;-119.435;0.792124;0.0881956;-0.0140536;-7.4779
172.126;-119.435;0.654691;0.0540375;0.016709;-6.37807
180.951;-119.435;0.479701;0.0287246;0.0388557;-5.2348
189.777;-119.435;0.558894;0.00330029;0.0524335;-4.30725
198.602;-119.435;0.733368;-0.0161971;0.0649147;-3.46541
207.428;-119.435;0.920447;-0.0351206;0.0692458;-2.60012
216.253;-119.435;0.98772;-0.0552442;0.0707337;-1.62261
-189.718;-128.26;0.330104;0.0532621;0.0205442;-2.75721
-180.892;-128.26;0.386365;0.030174;-0.00200985;-3.73789
-172.067;-128.26;0.328753;-0.00886193;-0.0321535;-4.72077
-163.242;-128.26;0.347664;-0.0321917;-0.0543154;-5.64439
-154.416;-128.26;0.332685;-0.0514304;-0.07823;-6.53968
-145.591;-128.26;0.277052;-0.0642401;-0.0986803;-7.37955
-136.765;-128.26;0.235904;-0.0671142;-0.115968;-8.2301
-127.94;-128.26;0.224616;-0.0594672;-0.131387;-9.0481
-119.114;-128.26;0.174165;-0.0592194;-0.158217;-9.85938
-110.289;-128.26;0.158062;-0.0660477;-0.191332;-10.6433
-101.463;-128.26;0.128957;-0.0763142;-0.22739;-11.3942
-92.6379;-128.26;0.143242;-0.0801357;-0.266125;-12.1148
-83.8124;-128.26;0.173156;-0.0793382;-0.302873;-12.8071
-74.987;-128.26;0.17153;-0.078817;-0.329576;-13.4381
-66.1615;-128.26;0.139145;-0.0784411;-0.349643;-14.0175
-57.3361;-128.26;0.142828;-0.0732009;-0.365592;-14.572
-48.5106;-128.26;0.204011;-0.0598318;-0.368539;-15.0773
-39.6852;-128.26;0.181787;-0.033805;-0.362856;-15.463
-30.8597;-128.26;0.0809263;-0.00428506;-0.356728;-15.6955
-22.0342;-128.26;7.70001e-05;0.0242845;-0.353095;-15.8854
-13.2088;-128.26;0.0113734;0.0537404;-0.346851;-16.1025
-4.38334;-128.26;0.106092;0.0887067;-0.339593;-16.3271
4.44212;-128.26;0.206621;0.12029;-0.342286;-16.4703
13.2676;-128.26;0.316959;0.145618;-0.350555;-16.5089
22.093;-128.26;0.407715;0.172298;-0.365666;-16.4571
30.9185;-128.26;0.411597;0.194429;-0.374945;-16.2581
39.7439;-128.26;0.329664;0.211414;-0.373421;-15.9472
48.5694;-128.26;0.357268;0.227206;-0.367647;-15.6409
57.3948;-128.26;0.424296;0.241457;-0.358353;-15.2998
66.2203;-128.26;0.461311;0.252293;-0.345771;-14.8661
75.0458;-128.26;0.46609;0.256725;-0.328064;-14.3465
83.8712;-128.26;0.453032;0.25381;-0.305401;-13.755
92.6967;-128.26;0.43056;0.245671;-0.281215;-13.0965
101.522;-128.26;0.442368;0.230493;-0.252041;-12.394
110.348;-128.26;0.456589;0.209461;-0.210166;-11.6167
119.173;-128.26;0.425076;0.190193;-0.171752;-10.8111
127.998;-128.26;0.37355;0.173374;-0.141365;-10.0109
136.824;-128.26;0.401446;0.153996;-0.110971;-9.23087
145.649;-128.26;0.586621;0.125394;-0.0737822;-8.49613
154.475;-128.26;0.682544;0.0953798;-0.0305477;-7.63677
163.3;-128.26;0.591445;0.0534985;0.000817642;-6.55501
172.126;-128.26;0.334128;0.0203595;0.0276483;-5.3623
180.951;-128.26;0.261674;-0.00563675;0.0504157;-4.31788
189.777;-128.26;0.616094;-0.0372461;0.072568;-3.63584
198.602;-128.26;1.02082;-0.0586571;0.0920928;-2.99488
207.428;-128.26;1.24325;-0.0711424;0.0918082;-2.21912
-189.718;-137.086;0.203984;0.0365932;0.0271692;-2.11359
-180.892;-137.086;0.280538;0.0181781;0.00417163;-3.05815
-172.067;-137.086;0.26984;-0.0147684;-0.0233284;-4.00644
-163.242;-137.086;0.271118;-0.0383733;-0.0483923;-4.93478
-154.416;-137.086;0.204298;-0.0595843;-0.0766572;-5.8034
-145.591;-137.086;0.113352;-0.0752141;-0.0998508;-6.60368
-136.765;-137.086;0.0827192;-0.0803746;-0.119874;-7.44568
-127.94;-137.086;0.121488;-0.0700259;-0.136745;-8.27137
-119.114;-137.086;0.124285;-0.0586756;-0.162153;-9.07436
-110.289;-137.086;0.105864;-0.0598298;-0.192138;-9.82858
-101.463;-137.086;0.0537877;-0.0664591;-0.226103;-10.5299
-92.6379;-137.086;0.0451167;-0.0723241;-0.265493;-11.2177
-83.8124;-137.086;0.100233;-0.0749279;-0.301498;-11.9068
-74.987;-137.086;0.141216;-0.0750769;-0.32542;-12.5367
-66.1615;-137.086;0.101795;-0.0747525;-0.345085;-13.0779
-57.3361;-137.086;0.0532972;-0.0727597;-0.363598;-13.611
-48.5106;-137.086;0.127575;-0.0673567;-0.366341;-14.1059
-39.6852;-137.086;0.0286172;-0.0460448;-0.365762;-14.4089
-30.8597;-137.086;-0.273566;-0.0155567;-0.364639;-14.4466
-22.0342;-137.086;-0.482986;0.0155719;-0.359862;-14.4782
-13.2088;-137.086;-0.394958;0.04641;-0.344237;-14.7072
-4.38334;-137.086;-0.160259;0.0880773;-0.322168;-15.103
4.44212;-137.086;0.0495547;0.121748;-0.316451;-15.325
13.2676;-137.086;0.184371;0.142924;-0.330449;-15.3715
22.093;-137.086;0.269426;0.162206;-0.34731;-15.3099
30.9185;-137.086;0.29586;0.177808;-0.351898;-15.1338
39.7439;-137.086;0.265419;0.18937;-0.344304;-14.8559
48.5694;-137.086;0.251233;0.203094;-0.341178;-14.525
57.3948;-137.086;0.287707;0.21506;-0.336969;-14.1607
66.2203;-137.086;0.319391;0.22204;-0.326165;-13.7308
75.0458;-137.086;0.315743;0.223585;-0.309102;-13.2177
83.8712;-137.086;0.274836;0.219698;-0.287836;-12.6207
92.6967;-137.086;0.222079;0.21124;-0.264771;-11.9575
101.522;-137.086;0.240691;0.195812;-0.23664;-11.2929
110.348;-137.086;0.338931;0.176522;-0.195814;-10.6233
119.173;-137.086;0.416958;0.159844;-0.156596;-9.93675
127.998;-137.086;0.452396;0.144641;-0.122189;-9.2233
136.824;-137.086;0.513487;0.124401;-0.0892763;-8.47847
145.649;-137.086;0.639541;0.0906798;-0.0594009;-7.6943
154.475;-137.086;0.513453;0.0577693;-0.0297443;-6.67237
163.3;-137.086;0.229613;0.0198948;-0.000683694;-5.47715
172.126;-137.086;0.0130513;-0.00772695;0.0320859;-4.35498
180.951;-137.086;0.237327;-0.0375509;0.0601581;-3.57379
189.777;-137.086;0.937864;-0.0775395;0.0865336;-3.18254
198.602;-137.086;1.47691;-0.100828;0.103386;-2.64719
-189.718;-145.911;0.0902346;0.0210314;0.0368637;-1.42995
-180.892;-145.911;0.159943;0.00708628;0.013251;-2.34904
-172.067;-145.911;0.170509;-0.0198053;-0.0134941;-3.27424
-163.242;-145.911;0.16695;-0.0396918;-0.0377195;-4.17819
-154.416;-145.911;0.100799;-0.057411;-0.0663685;-5.01998
-145.591;-145.911;0.0122636;-0.0764877;-0.0937816;-5.81093
-136.765;-145.911;-0.00793961;-0.08815;-0.120931;-6.65747
-127.94;-145.911;0.0512452;-0.0800618;-0.141861;-7.48473
-119.114;-145.911;0.0829991;-0.0636467;-0.163295;-8.26349
-110.289;-145.911;0.0553347;-0.0602736;-0.18628;-8.98488
-101.463;-145.911;-0.0207305;-0.0637761;-0.217129;-9.64746
-92.6379;-145.911;-0.0390889;-0.0701743;-0.25467;-10.3058
-83.8124;-145.911;0.0526723;-0.0733311;-0.28744;-10.9873
-74.987;-145.911;0.128562;-0.0717452;-0.310393;-11.6133
-66.1615;-145.911;0.0630938;-0.0687771;-0.33403;-12.1183
-57.3361;-145.911;-0.055923;-0.0654899;-0.358798;-12.582
-48.5106;-145.911;-0.017129;-0.0686643;-0.368447;-13.0165
-39.6852;-145.911;-0.243782;-0.0480372;-0.380084;-13.19
-30.8597;-145.911;-0.854927;-0.0182933;-0.391813;-13.0165
-22.0342;-145.911;-1.39468;0.0194916;-0.392133;-12.9043
-13.2088;-145.911;-1.38932;0.0578889;-0.371816;-13.0976
-4.38334;-145.911;-0.794729;0.0867457;-0.337512;-13.5775
4.44212;-145.911;-0.285505;0.11778;-0.321324;-14.0182
13.2676;-145.911;-0.087395;0.136849;-0.333721;-14.1268
22.093;-145.911;0.0158422;0.150878;-0.342401;-14.0635
30.9185;-145.911;0.0982888;0.159894;-0.336287;-13.9094
39.7439;-145.911;0.154099;0.165618;-0.323243;-13.6844
48.5694;-145.911;0.173692;0.176819;-0.323271;-13.3843
57.3948;-145.911;0.203699;0.186908;-0.323244;-13.0288
66.2203;-145.911;0.23575;0.191441;-0.312363;-12.6134
75.0458;-145.911;0.245227;0.190925;-0.292629;-12.1206
83.8712;-145.911;0.217334;0.186116;-0.268346;-11.5462
92.6967;-145.911;0.169748;0.177466;-0.243072;-10.9133
101.522;-145.911;0.201812;0.163658;-0.214664;-10.3012
110.348;-145.911;0.327222;0.148377;-0.177859;-9.70573
119.173;-145.911;0.437788;0.132492;-0.14265;-9.06508
127.998;-145.911;0.495;0.114659;-0.109825;-8.35455
136.824;-145.911;0.517462;0.0913246;-0.077996;-7.5674
145.649;-145.911;0.45876;0.0632603;-0.0493807;-6.66623
154.475;-145.911;0.306745;0.0275429;-0.0229618;-5.66346
163.3;-145.911;0.153618;-0.0136996;0.00369403;-4.61636
172.126;-145.911;0.179188;-0.0337982;0.0433735;-3.75325
180.951;-145.911;0.701274;-0.0672051;0.073237;-3.2299
189.777;-145.911;1.50216;-0.110834;0.0957865;-2.90046
198.602;-145.911;1.90135;-0.143281;0.122954;-2.17394
-172.067;-154.736;0.107577;-0.0184681;0.00332364;-2.54773
-163.242;-154.736;0.0921211;-0.0357988;-0.0211581;-3.41924
-154.416;-154.736;0.0501219;-0.044322;-0.0439875;-4.23019
-145.591;-154.736;0.00681184;-0.0641128;-0.0730312;-5.03041
-136.765;-154.736;0.000105508;-0.0820863;-0.106823;-5.87044
-127.94;-154.736;0.0375059;-0.0808897;-0.132743;-6.67682
-119.114;-154.736;0.0555528;-0.0689441;-0.149703;-7.41964
-110.289;-154.736;0.0243773;-0.0665842;-0.166625;-8.11636
-101.463;-154.736;-0.0737166;-0.0683154;-0.196208;-8.75436
-92.6379;-154.736;-0.0981052;-0.0731052;-0.23381;-9.38544
-83.8124;-154.736;0.00812484;-0.0728557;-0.263932;-10.0458
-74.987;-154.736;0.0968296;-0.0668461;-0.285809;-10.6464
-66.1615;-154.736;0.0302963;-0.0609982;-0.312426;-11.121
-57.3361;-154.736;-0.120442;-0.0586761;-0.342373;-11.5437
-48.5106;-154.736;-0.119171;-0.0636092;-0.359565;-11.9463
-39.6852;-154.736;-0.359953;-0.052857;-0.378466;-12.1016
-30.8597;-154.736;-0.962424;-0.0281975;-0.398335;-11.9088
-22.0342;-154.736;-1.5519;0.00466228;-0.403583;-11.7366
-13.2088;-154.736;-1.69009;0.0342841;-0.387886;-11.8045
-4.38334;-154.736;-1.19997;0.05658;-0.362358;-12.1654
4.44212;-154.736;-0.431069;0.0956942;-0.354904;-12.7511
13.2676;-154.736;-0.166366;0.11794;-0.354006;-12.9382
22.093;-154.736;-0.0484312;0.131178;-0.345485;-12.8972
30.9185;-154.736;0.0507397;0.13857;-0.328602;-12.7592
39.7439;-154.736;0.133965;0.142796;-0.311322;-12.5655
48.5694;-154.736;0.171547;0.148508;-0.304999;-12.2846
57.3948;-154.736;0.202988;0.154559;-0.302578;-11.9394
66.2203;-154.736;0.234152;0.157333;-0.290035;-11.5354
75.0458;-154.736;0.254001;0.157301;-0.267252;-11.0636
83.8712;-154.736;0.251398;0.153615;-0.238674;-10.5271
92.6967;-154.736;0.231654;0.145376;-0.210585;-9.94539
101.522;-154.736;0.278585;0.132882;-0.181837;-9.37973
110.348;-154.736;0.36806;0.121806;-0.150471;-8.79255
119.173;-154.736;0.400611;0.109525;-0.123172;-8.11939
127.998;-154.736;0.367562;0.0926261;-0.0969931;-7.35282
136.824;-154.736;0.317721;0.069186;-0.068555;-6.52141
145.649;-154.736;0.262879;0.0418462;-0.0402373;-5.64581
154.475;-154.736;0.299177;0.0065401;-0.0125837;-4.82381
163.3;-154.736;0.485259;-0.0252001;0.018146;-4.12013
172.126;-154.736;0.865376;-0.0447309;0.0530249;-3.58183
180.951;-154.736;1.47307;-0.0762305;0.081025;-3.1617
189.777;-154.736;1.94556;-0.12524;0.112149;-2.50049
-163.242;-163.562;0.0790152;-0.0253726;0.00100293;-2.65329
-154.416;-163.562;0.0396887;-0.0343783;-0.0233617;-3.45115
-145.591;-163.562;0.0390774;-0.0479751;-0.0460268;-4.25056
-136.765;-163.562;0.0553486;-0.0670488;-0.0769766;-5.06445
-127.94;-163.562;0.0618817;-0.0716717;-0.102899;-5.83507
-119.114;-163.562;0.0588393;-0.0671642;-0.120293;-6.54912
-110.289;-163.562;0.0224944;-0.0704781;-0.137775;-7.22625
-101.463;-163.562;-0.0786302;-0.0709665;-0.168963;-7.8484
-92.6379;-163.562;-0.137846;-0.0744219;-0.209068;-8.46204
-83.8124;-163.562;-0.0604198;-0.0728582;-0.238912;-9.08809
-74.987;-163.562;0.0199828;-0.0669504;-0.260801;-9.65335
-66.1615;-163.562;-0.0360208;-0.0623759;-0.287591;-10.1066
-57.3361;-163.562;-0.171488;-0.0610694;-0.318963;-10.5141
-48.5106;-163.562;-0.100055;-0.0664497;-0.337852;-10.9559
-39.6852;-163.562;-0.150417;-0.056726;-0.354057;-11.2504
-30.8597;-163.562;-0.515467;-0.0324154;-0.380756;-11.2503
-22.0342;-163.562;-0.914339;-0.00741892;-0.39677;-11.1519
-13.2088;-163.562;-1.04325;0.0131828;-0.389637;-11.1461
-4.38334;-163.562;-0.776274;0.038055;-0.369754;-11.3559
4.44212;-163.562;-0.223521;0.0693348;-0.368004;-11.7459
13.2676;-163.562;-0.025849;0.0926369;-0.359116;-11.8971
22.093;-163.562;0.0597839;0.107108;-0.338031;-11.843
30.9185;-163.562;0.127753;0.113806;-0.312942;-11.6839
39.7439;-163.562;0.190742;0.117236;-0.290332;-11.4819
48.5694;-163.562;0.22681;0.119006;-0.271602;-11.211
57.3948;-163.562;0.256232;0.121705;-0.263463;-10.8724
66.2203;-163.562;0.278704;0.12417;-0.25152;-10.4773
75.0458;-163.562;0.284006;0.126334;-0.229389;-10.017
83.8712;-163.562;0.275785;0.124;-0.198324;-9.49927
92.6967;-163.562;0.273613;0.115868;-0.168217;-8.95783
101.522;-163.562;0.31994;0.105007;-0.141369;-8.42471
110.348;-163.562;0.37263;0.0962977;-0.114911;-7.83159
119.173;-163.562;0.361049;0.0858749;-0.0925203;-7.14839
127.998;-163.562;0.304855;0.0709628;-0.0708927;-6.39411
136.824;-163.562;0.268893;0.052017;-0.0454012;-5.61769
145.649;-163.562;0.298098;0.031248;-0.0167885;-4.86058
154.475;-163.562;0.516715;0.0061093;0.0140514;-4.21237
163.3;-163.562;0.916972;-0.0200254;0.0417217;-3.73319
172.126;-163.562;1.33577;-0.0453795;0.0664958;-3.25467
180.951;-163.562;1.76178;-0.0844565;0.0872739;-2.69145
189.777;-163.562;1.95386;-0.126915;0.115875;-1.82042
-154.416;-172.387;0.0388049;-0.0281353;-0.00399306;-2.66028
-145.591;-172.387;0.0260543;-0.0456388;-0.0293026;-3.4312
-136.765;-172.387;0.0415776;-0.0597659;-0.0548478;-4.21519
-127.94;-172.387;0.0330074;-0.064702;-0.0777747;-4.94738
-119.114;-172.387;0.0175696;-0.0636568;-0.0959762;-5.63271
-110.289;-172.387;-0.00561309;-0.065777;-0.118114;-6.30744
-101.463;-172.387;-0.0843776;-0.0618424;-0.148739;-6.92854
-92.6379;-172.387;-0.143441;-0.0632313;-0.181249;-7.51555
-83.8124;-172.387;-0.105427;-0.0677775;-0.207107;-8.08723
-74.987;-172.387;-0.0493649;-0.0687047;-0.230231;-8.62448
-66.1615;-172.387;-0.0909403;-0.0661817;-0.25553;-9.06369
-57.3361;-172.387;-0.219694;-0.0637964;-0.284407;-9.45003
-48.5106;-172.387;-0.171459;-0.0636091;-0.303429;-9.88554
-39.6852;-172.387;-0.0325098;-0.0550072;-0.316058;-10.2921
-30.8597;-172.387;-0.102992;-0.0368652;-0.340104;-10.4854
-22.0342;-172.387;-0.230359;-0.0185365;-0.360136;-10.5592
-13.2088;-172.387;-0.213068;0.00195843;-0.359556;-10.6486
-4.38334;-172.387;-0.0162933;0.0349201;-0.340756;-10.8523
4.44212;-172.387;0.151005;0.0558207;-0.333497;-10.9883
13.2676;-172.387;0.216118;0.0696854;-0.325694;-10.9801
22.093;-172.387;0.217099;0.0816859;-0.30522;-10.8384
30.9185;-172.387;0.209244;0.0880672;-0.278745;-10.6185
39.7439;-172.387;0.228127;0.0907044;-0.252143;-10.3767
48.5694;-172.387;0.27108;0.0911185;-0.224965;-10.101
57.3948;-172.387;0.289386;0.0950344;-0.209778;-9.76574
66.2203;-172.387;0.29263;0.101041;-0.199479;-9.38084
75.0458;-172.387;0.290331;0.104971;-0.1823;-8.94835
83.8712;-172.387;0.285531;0.101953;-0.154224;-8.46755
92.6967;-172.387;0.287534;0.0925845;-0.125477;-7.95722
101.522;-172.387;0.323684;0.079291;-0.0986341;-7.42999
110.348;-172.387;0.381566;0.0691431;-0.0718443;-6.85285
119.173;-172.387;0.392195;0.0595818;-0.0505525;-6.21759
127.998;-172.387;0.374335;0.0488146;-0.0336361;-5.54048
136.824;-172.387;0.389772;0.036151;-0.0145061;-4.86034
145.649;-172.387;0.505516;0.0190667;0.00869913;-4.22283
154.475;-172.387;0.793738;-0.00301067;0.0337434;-3.68128
163.3;-172.387;1.10018;-0.024869;0.0576702;-3.14815
172.126;-172.387;1.40239;-0.0559279;0.0708728;-2.57068
-145.591;-181.213;-0.00809266;-0.0421574;-0.0137489;-2.58405
-136.765;-181.213;-0.0514037;-0.0557438;-0.0343821;-3.30497
-127.94;-181.213;-0.0842678;-0.0636673;-0.0569933;-4.01502
-119.114;-181.213;-0.122212;-0.0654223;-0.0768056;-4.66732
-110.289;-181.213;-0.135257;-0.0654366;-0.0994238;-5.32631
-101.463;-181.213;-0.197982;-0.0538931;-0.123898;-5.92018
-92.6379;-181.213;-0.265882;-0.0521835;-0.148956;-6.46588
-83.8124;-181.213;-0.245224;-0.0576651;-0.168827;-6.99491
-74.987;-181.213;-0.163419;-0.0624725;-0.19091;-7.53453
-66.1615;-181.213;-0.145048;-0.0632276;-0.213276;-7.98914
-57.3361;-181.213;-0.242558;-0.0609025;-0.236375;-8.35856
-48.5106;-181.213;-0.233608;-0.0565207;-0.253258;-8.75182
-39.6852;-181.213;-0.0604836;-0.0480665;-0.264404;-9.17307
-30.8597;-181.213;0.0214196;-0.0355364;-0.279582;-9.45607
-22.0342;-181.213;0.0527812;-0.0223496;-0.293753;-9.64238
-13.2088;-181.213;0.165789;-0.00396774;-0.294532;-9.81215
-4.38334;-181.213;0.36934;0.0225126;-0.282834;-9.99008
4.44212;-181.213;0.385145;0.0375423;-0.280133;-10.0319
13.2676;-181.213;0.370838;0.044612;-0.273008;-9.96311
22.093;-181.213;0.30413;0.0547815;-0.255181;-9.77212
30.9185;-181.213;0.226294;0.0619343;-0.231677;-9.50085
39.7439;-181.213;0.197626;0.0647325;-0.205139;-9.21886
48.5694;-181.213;0.240356;0.0645552;-0.179208;-8.94346
57.3948;-181.213;0.254808;0.0695785;-0.161759;-8.62399
66.2203;-181.213;0.256062;0.0768945;-0.149826;-8.25675
75.0458;-181.213;0.266766;0.0810563;-0.13354;-7.85368
83.8712;-181.213;0.278821;0.0792476;-0.109125;-7.41401
92.6967;-181.213;0.283494;0.0725854;-0.0872501;-6.93622
101.522;-181.213;0.291821;0.0632082;-0.0681035;-6.4141
110.348;-181.213;0.330293;0.0532464;-0.0459493;-5.85274
119.173;-181.213;0.366243;0.0428137;-0.0259491;-5.26922
127.998;-181.213;0.402605;0.0323517;-0.0104109;-4.66819
136.824;-181.213;0.472044;0.0193756;0.00506938;-4.05948
145.649;-181.213;0.632686;0.00153534;0.021583;-3.48561
154.475;-181.213;0.838849;-0.0193376;0.0378939;-2.90988
163.3;-181.213;1.02199;-0.0421453;0.0575482;-2.29884
-136.765;-190.038;-0.103805;-0.0481954;-0.00909679;-2.38247
-127.94;-190.038;-0.133638;-0.0567808;-0.0250283;-3.05611
-119.114;-190.038;-0.178201;-0.0615732;-0.0422858;-3.69239
-110.289;-190.038;-0.214024;-0.0614474;-0.0651755;-4.32401
-101.463;-190.038;-0.312312;-0.0471984;-0.0865383;-4.86488
-92.6379;-190.038;-0.439364;-0.0450563;-0.109378;-5.34557
-83.8124;-190.038;-0.429465;-0.0486987;-0.126318;-5.85244
-74.987;-190.038;-0.299572;-0.0521377;-0.14379;-6.40377
-66.1615;-190.038;-0.195734;-0.0534041;-0.162383;-6.90022
-57.3361;-190.038;-0.215419;-0.0524249;-0.181435;-7.28891
-48.5106;-190.038;-0.205376;-0.0479191;-0.195482;-7.64388
-39.6852;-190.038;-0.113741;-0.0396136;-0.205103;-7.99381
-30.8597;-190.038;-0.0345143;-0.0283298;-0.213684;-8.27232
-22.0342;-190.038;0.0503374;-0.0160732;-0.223082;-8.49792
-13.2088;-190.038;0.176067;0.00200829;-0.229318;-8.69728
-4.38334;-190.038;0.309871;0.0213929;-0.227791;-8.81895
4.44212;-190.038;0.307591;0.0275001;-0.223369;-8.80929
13.2676;-190.038;0.229242;0.0278676;-0.218037;-8.69978
22.093;-190.038;0.152682;0.0341496;-0.204603;-8.49994
30.9185;-190.038;0.0879796;0.0407445;-0.186734;-8.2551
39.7439;-190.038;0.0704734;0.0438436;-0.16531;-7.99997
48.5694;-190.038;0.11659;0.0450714;-0.142817;-7.74459
57.3948;-190.038;0.141382;0.0502032;-0.123887;-7.44153
66.2203;-190.038;0.164629;0.055185;-0.107628;-7.0992
75.0458;-190.038;0.204904;0.05803;-0.0889269;-6.72843
83.8712;-190.038;0.240165;0.0579753;-0.0678467;-6.32764
92.6967;-190.038;0.253287;0.0553434;-0.0538895;-5.88593
101.522;-190.038;0.253803;0.0499439;-0.043598;-5.38615
110.348;-190.038;0.275318;0.0430641;-0.0307692;-4.85153
119.173;-190.038;0.309181;0.0343687;-0.0180165;-4.30481
127.998;-190.038;0.359393;0.0231959;-0.00573361;-3.74283
136.824;-190.038;0.437583;0.0100685;0.00692829;-3.15909
145.649;-190.038;0.568834;-0.00934086;0.0240531;-2.57589
154.475;-190.038;0.689671;-0.0314569;0.0448291;-1.94924
-119.114;-198.864;-0.191407;-0.0496155;-0.00427434;-2.72384
-110.289;-198.864;-0.206851;-0.0488749;-0.0231862;-3.30973
-101.463;-198.864;-0.336376;-0.0386006;-0.0479183;-3.84066
-92.6379;-198.864;-0.530313;-0.0394586;-0.0747485;-4.29488
-83.8124;-198.864;-0.529665;-0.0419366;-0.0904312;-4.81069
-74.987;-198.864;-0.387191;-0.0418128;-0.101194;-5.35143
-66.1615;-198.864;-0.234938;-0.0416572;-0.113362;-5.84688
-57.3361;-198.864;-0.167748;-0.0433552;-0.129028;-6.24784
-48.5106;-198.864;-0.157837;-0.0396957;-0.144205;-6.58223
-39.6852;-198.864;-0.123925;-0.0323114;-0.156492;-6.87004
-30.8597;-198.864;-0.0933697;-0.0249791;-0.169156;-7.11345
-22.0342;-198.864;-0.0311365;-0.016493;-0.180744;-7.31884
-13.2088;-198.864;0.0687303;-0.00201577;-0.189216;-7.48971
-4.38334;-198.864;0.155685;0.0120601;-0.187455;-7.56385
4.44212;-198.864;0.141318;0.0158104;-0.178901;-7.52795
13.2676;-198.864;0.0949395;0.0131048;-0.170451;-7.41843
22.093;-198.864;0.0464379;0.0183502;-0.159096;-7.24121
30.9185;-198.864;-0.0056406;0.0248951;-0.145724;-7.02184
39.7439;-198.864;-0.0278897;0.0278277;-0.128438;-6.78516
48.5694;-198.864;0.0024192;0.0293847;-0.109075;-6.54582
57.3948;-198.864;0.0397654;0.0345395;-0.089329;-6.26465
66.2203;-198.864;0.0877512;0.0373697;-0.0690637;-5.95268
75.0458;-198.864;0.148636;0.0377252;-0.0475906;-5.60936
83.8712;-198.864;0.197641;0.0370322;-0.0291274;-5.23502
92.6967;-198.864;0.223242;0.0355561;-0.0209685;-4.82208
101.522;-198.864;0.2423;0.0330664;-0.0176762;-4.36551
110.348;-198.864;0.271712;0.0299777;-0.0112026;-3.8688
119.173;-198.864;0.296587;0.0241578;-0.00420396;-3.33477
127.998;-198.864;0.320497;0.0139228;0.0012544;-2.77903
136.824;-198.864;0.36691;0.000112967;0.0100287;-2.20966
145.649;-198.864;0.459212;-0.0197734;0.0319566;-1.61357
-119.114;-207.689;-0.270276;-0.036463;0.0224208;-1.74998
-110.289;-207.689;-0.239609;-0.0338751;0.00500297;-2.31921
-101.463;-207.689;-0.329051;-0.0296217;-0.0217858;-2.84387
-92.6379;-207.689;-0.481461;-0.0353525;-0.0486204;-3.318
-83.8124;-207.689;-0.458641;-0.0384532;-0.0589994;-3.82068
-74.987;-207.689;-0.369574;-0.03663;-0.0656892;-4.32144
-66.1615;-207.689;-0.272917;-0.0361086;-0.0785424;-4.76636
-57.3361;-207.689;-0.212231;-0.0381033;-0.0925281;-5.13831
-48.5106;-207.689;-0.190162;-0.0377625;-0.109194;-5.45736
-39.6852;-207.689;-0.18102;-0.03229;-0.12356;-5.71594
-30.8597;-207.689;-0.15931;-0.0269868;-0.137265;-5.93032
-22.0342;-207.689;-0.115259;-0.0223348;-0.15118;-6.10974
-13.2088;-207.689;-0.0509133;-0.014065;-0.163909;-6.2552
-4.38334;-207.689;0.00354622;-0.00443955;-0.166487;-6.32272
4.44212;-207.689;0.00477394;-0.000210482;-0.156329;-6.28676
13.2676;-207.689;-0.00385704;-0.00213629;-0.143774;-6.19107
22.093;-207.689;-0.0242656;0.00463092;-0.128266;-6.03125
30.9185;-207.689;-0.0591217;0.0101728;-0.110763;-5.82722
39.7439;-207.689;-0.0774599;0.012103;-0.0905482;-5.61226
48.5694;-207.689;-0.0515214;0.0130438;-0.0701358;-5.39384
57.3948;-207.689;0.00848603;0.0174953;-0.0485044;-5.13966
66.2203;-207.689;0.0832326;0.018871;-0.0258555;-4.85933
75.0458;-207.689;0.150646;0.017221;-0.00371708;-4.53906
83.8712;-207.689;0.20666;0.015335;0.0122476;-4.19071
92.6967;-207.689;0.258251;0.0146251;0.0169486;-3.81217
101.522;-207.689;0.298289;0.0142302;0.015622;-3.40666
110.348;-207.689;0.331689;0.0137064;0.0151932;-2.92682
119.173;-207.689;0.342435;0.0074716;0.0175872;-2.39884
127.998;-207.689;0.342419;-0.00235234;0.0195245;-1.84487
136.824;-207.689;0.345072;-0.0141797;0.026273;-1.27715
-83.8124;-216.515;-0.425025;-0.0379925;-0.0329636;-2.82173
-74.987;-216.515;-0.342981;-0.0372591;-0.0388902;-3.26434
-66.1615;-216.515;-0.297231;-0.0358549;-0.0513092;-3.67116
-57.3361;-216.515;-0.273867;-0.0369039;-0.0644307;-4.01028
-48.5106;-216.515;-0.270014;-0.0364989;-0.0797739;-4.30782
-39.6852;-216.515;-0.248733;-0.0336121;-0.0949287;-4.55364
-30.8597;-216.515;-0.207467;-0.0299973;-0.110491;-4.75454
-22.0342;-216.515;-0.160369;-0.0276244;-0.125698;-4.91866
-13.2088;-216.515;-0.115424;-0.0240952;-0.139668;-5.03993
-4.38334;-216.515;-0.0866525;-0.0187294;-0.146773;-5.09863
4.44212;-216.515;-0.0859569;-0.0143186;-0.140564;-5.08051
13.2676;-216.515;-0.084967;-0.0151864;-0.127046;-5.00762
22.093;-216.515;-0.101814;-0.00914222;-0.103673;-4.84991
30.9185;-216.515;-0.121603;-0.00694398;-0.0772941;-4.65385
39.7439;-216.515;-0.108677;-0.00805838;-0.0512221;-4.46933
48.5694;-216.515;-0.0414697;-0.00790109;-0.0258128;-4.29813
57.3948;-216.515;0.0683996;-0.00254652;0.00124566;-4.09893
66.2203;-216.515;0.166545;-0.000948869;0.0248787;-3.8631
75.0458;-216.515;0.239702;-0.00244354;0.0441745;-3.56218
83.8712;-216.515;0.320798;-0.0032253;0.0580774;-3.26428
92.6967;-216.515;0.405518;-0.00265347;0.0571112;-2.92191
101.522;-216.515;0.466776;-0.00659332;0.0474652;-2.5267
110.348;-216.515;0.457416;-0.00899093;0.0378324;-2.03215
-83.8124;-225.34;-0.409622;-0.0354826;-0.00163376;-1.77485
-74.987;-225.34;-0.322957;-0.0380168;-0.0119601;-2.20682
-66.1615;-225.34;-0.290027;-0.0384939;-0.0258076;-2.58598
-57.3361;-225.34;-0.289719;-0.0380039;-0.0370946;-2.90093
-48.5106;-225.34;-0.302424;-0.0361335;-0.0470057;-3.17453
-39.6852;-225.34;-0.267676;-0.0345219;-0.0610906;-3.41705
-30.8597;-225.34;-0.210982;-0.0327809;-0.0784365;-3.62538
-22.0342;-225.34;-0.170459;-0.0294565;-0.0963294;-3.78143
-13.2088;-225.34;-0.146156;-0.025429;-0.109213;-3.88467
-4.38334;-225.34;-0.140338;-0.0215748;-0.115328;-3.93164
4.44212;-225.34;-0.157586;-0.0196097;-0.11315;-3.91514
13.2676;-225.34;-0.18259;-0.0227183;-0.102549;-3.83838
22.093;-225.34;-0.20455;-0.0226275;-0.0727752;-3.67899
30.9185;-225.34;-0.193569;-0.0238022;-0.0401839;-3.51995
39.7439;-225.34;-0.0969596;-0.0253301;-0.00953577;-3.40016
48.5694;-225.34;0.0284013;-0.0232823;0.0204455;-3.29302
57.3948;-225.34;0.197788;-0.0177301;0.0510607;-3.1507
66.2203;-225.34;0.277118;-0.0139611;0.0723125;-2.95845
75.0458;-225.34;0.335775;-0.0138117;0.0846247;-2.66245
83.8712;-225.34;0.402585;-0.0144342;0.0812132;-2.32382
92.6967;-225.34;0.42696;-0.0123424;0.0751;-1.94531
-39.6852;-234.166;-0.239044;-0.0333619;-0.0228619;-2.32007
-30.8597;-234.166;-0.18196;-0.0337952;-0.042436;-2.53293
-22.0342;-234.166;-0.162428;-0.0295785;-0.0612815;-2.67814
-13.2088;-234.166;-0.163149;-0.0242655;-0.0710727;-2.75412
-4.38334;-234.166;-0.180063;-0.0201727;-0.0746193;-2.78052
4.44212;-234.166;-0.217999;-0.0207077;-0.0730232;-2.75204
13.2676;-234.166;-0.287226;-0.0267805;-0.0635421;-2.65197
22.093;-234.166;-0.260081;-0.032333;-0.0333133;-2.54926
30.9185;-234.166;-0.127673;-0.0343616;-0.000456733;-2.51712
39.7439;-234.166;0.112247;-0.0335272;0.0307219;-2.48771
48.5694;-234.166;0.272323;-0.0302089;0.0548296;-2.37638
57.3948;-234.166;0.257318;-0.0234086;0.0710084;-2.13138
66.2203;-234.166;0.114577;-0.0192171;0.070601;-1.81611
75.0458;-234.166;-0.0343728;-0.0202793;0.0636699;-1.43191
-4.38334;-242.991;-0.169057;-0.0195146;-0.0287871;-1.69571
4.44212;-242.991;-0.202343;-0.0191229;-0.0287847;-1.6802
13.2676;-242.991;-0.250817;-0.0244851;-0.0207444;-1.61201
22.093;-242.991;-0.0625753;-0.0315914;0.00395558;-1.64185
30.9185;-242.991;0.271728;-0.0337879;0.0361056;-1.72861
