x[mm];y[mm];z[mm];x-displacement[mm];y-displacement[mm];z-displacement[mm]
-4.38334;224.758;0.115697;-0.023651;0.0702768;-2.21421
4.44212;224.758;0.0164864;-0.0180468;0.0723425;-2.22004
13.2676;224.758;-0.0263853;-0.0080761;0.0681448;-2.18899
22.093;224.758;-0.0573264;-0.0037728;0.0575862;-2.10974
-39.6852;215.933;-0.0236217;-0.0262018;0.0899384;-2.53227
-30.8597;215.933;-0.110706;-0.0243153;0.0969935;-2.68162
-22.0342;215.933;-0.217603;-0.0211412;0.092341;-2.75953
-13.2088;215.933;-0.282745;-0.0116872;0.0888435;-2.88204
-4.38334;215.933;-0.258786;-0.0133558;0.0949789;-3.01872
4.44212;215.933;-0.243161;-0.0109343;0.103154;-3.10508
13.2676;215.933;-0.236875;-0.00296701;0.105392;-3.10909
22.093;215.933;-0.216982;0.00114827;0.0993217;-3.06295
30.9185;215.933;-0.190114;0.00283069;0.0934452;-2.99344
39.7439;215.933;-0.184509;0.00427929;0.0844317;-2.87992
48.5694;215.933;-0.226374;0.0059119;0.0723684;-2.71054
57.3948;215.933;-0.282106;0.00670946;0.0602626;-2.4841
66.2203;215.933;-0.344594;0.00521572;0.0584725;-2.22557
75.0458;215.933;-0.390934;0.00222139;0.0556227;-1.93684
-74.987;207.107;0.310109;-0.051641;0.0676229;-2.44146
-66.1615;207.107;0.220077;-0.0433537;0.0789302;-2.76299
-57.3361;207.107;0.0527837;-0.0363723;0.0931537;-3.02752
-48.5106;207.107;-0.00835472;-0.0353474;0.10726;-3.32019
-39.6852;207.107;-0.0847791;-0.0318119;0.117431;-3.53738
-30.8597;207.107;-0.343077;-0.026214;0.130307;-3.58743
-22.0342;207.107;-0.616261;-0.0195989;0.129619;-3.5464
-13.2088;207.107;-0.691359;-0.00926624;0.121397;-3.63197
-4.38334;207.107;-0.578334;-0.00505987;0.116424;-3.80311
4.44212;207.107;-0.485139;-0.000717529;0.126147;-3.95752
13.2676;207.107;-0.40193;0.00588188;0.132959;-4.03305
22.093;207.107;-0.315914;0.00919845;0.130721;-4.04781
30.9185;207.107;-0.244018;0.0118237;0.122871;-4.00976
39.7439;207.107;-0.213265;0.0161287;0.109065;-3.90608
48.5694;207.107;-0.231486;0.0194716;0.0926079;-3.73835
57.3948;207.107;-0.284992;0.0211278;0.081705;-3.50205
66.2203;207.107;-0.341313;0.0216057;0.0812187;-3.23699
75.0458;207.107;-0.380589;0.0195228;0.0800365;-2.93805
83.8712;207.107;-0.390712;0.0148559;0.070495;-2.60358
92.6967;207.107;-0.374898;0.0105266;0.0507373;-2.22435
-110.289;198.282;0.583516;-0.0323033;0.0255285;-1.62768
-101.463;198.282;0.489507;-0.0454995;0.0480332;-2.1234
-92.6379;198.282;0.390211;-0.0604477;0.0673468;-2.61202
-83.8124;198.282;0.339983;-0.0668732;0.0778683;-3.06822
-74.987;198.282;0.263229;-0.0600441;0.0863453;-3.48593
-66.1615;198.282;0.117529;-0.0455169;0.0945926;-3.79867
-57.3361;198.282;-0.0883866;-0.0343387;0.11184;-4.04705
-48.5106;198.282;-0.117861;-0.0344981;0.123441;-4.32348
-39.6852;198.282;-0.151734;-0.031206;0.129886;-4.55784
-30.8597;198.282;-0.371237;-0.0247765;0.143093;-4.63155
-22.0342;198.282;-0.571981;-0.0193525;0.144296;-4.6269
-13.2088;198.282;-0.599976;-0.0103952;0.135823;-4.71908
-4.38334;198.282;-0.463282;-0.00436463;0.127043;-4.88511
4.44212;198.282;-0.364679;0.000939861;0.135653;-5.04013
13.2676;198.282;-0.290782;0.0079615;0.146076;-5.12952
22.093;198.282;-0.237665;0.0144568;0.147052;-5.14157
30.9185;198.282;-0.20546;0.0204877;0.13898;-5.08064
39.7439;198.282;-0.194017;0.0260546;0.124476;-4.95855
48.5694;198.282;-0.199538;0.029215;0.110011;-4.78862
57.3948;198.282;-0.240019;0.0311207;0.101116;-4.55432
66.2203;198.282;-0.284398;0.0336804;0.100638;-4.28499
75.0458;198.282;-0.313877;0.0340275;0.0968692;-3.97397
83.8712;198.282;-0.315215;0.0307756;0.0864091;-3.61884
92.6967;198.282;-0.30735;0.025122;0.0700122;-3.22604
101.522;198.282;-0.292857;0.0180889;0.0567542;-2.80883
110.348;198.282;-0.266497;0.00908869;0.041861;-2.36769
-101.463;189.456;0.583998;-0.0689717;0.0636565;-3.14177
-92.6379;189.456;0.499634;-0.0804579;0.0783832;-3.64683
-83.8124;189.456;0.376132;-0.0831378;0.0932708;-4.09267
-74.987;189.456;0.209713;-0.0707533;0.104502;-4.46982
-66.1615;189.456;0.0105991;-0.0484168;0.116142;-4.79825
-57.3361;189.456;-0.165576;-0.0331021;0.121932;-5.01956
-48.5106;189.456;-0.22232;-0.0314558;0.129927;-5.27267
-39.6852;189.456;-0.204346;-0.0283093;0.132533;-5.56708
-30.8597;189.456;-0.258025;-0.0220979;0.141784;-5.78463
-22.0342;189.456;-0.310302;-0.0144126;0.144432;-5.91882
-13.2088;189.456;-0.287012;-0.00496833;0.139345;-6.0505
-4.38334;189.456;-0.184105;0.00175383;0.133256;-6.19038
4.44212;189.456;-0.130452;0.00648284;0.140587;-6.29547
13.2676;189.456;-0.107682;0.0115161;0.150758;-6.32535
22.093;189.456;-0.107904;0.0188494;0.153999;-6.2839
30.9185;189.456;-0.11755;0.0269136;0.14787;-6.18387
39.7439;189.456;-0.125036;0.0331262;0.135538;-6.03976
48.5694;189.456;-0.12687;0.0353234;0.124696;-5.86041
57.3948;189.456;-0.15668;0.0373496;0.11828;-5.62194
66.2203;189.456;-0.192424;0.0410881;0.115075;-5.34185
75.0458;189.456;-0.217161;0.0434089;0.108045;-5.01598
83.8712;189.456;-0.224744;0.0423063;0.0958454;-4.64599
92.6967;189.456;-0.224059;0.0375473;0.0815809;-4.23813
101.522;189.456;-0.222112;0.0304855;0.0693514;-3.79974
110.348;189.456;-0.204009;0.0224763;0.0560308;-3.32324
119.173;189.456;-0.165647;0.0123245;0.0388482;-2.83299
127.998;189.456;-0.110056;0.000873762;0.0214859;-2.31811
136.824;189.456;-0.089791;-0.0144006;0.001304;-1.74137
-127.94;180.631;0.74136;-0.0573529;0.0179153;-2.33677
-119.114;180.631;0.686113;-0.0701253;0.0388484;-2.92624
-110.289;180.631;0.664279;-0.0835086;0.0590683;-3.51656
-101.463;180.631;0.664402;-0.096496;0.0722906;-4.06719
-92.6379;180.631;0.523733;-0.104621;0.0947907;-4.54865
-83.8124;180.631;0.277093;-0.103996;0.12107;-4.92161
-74.987;180.631;0.0972331;-0.0872699;0.136848;-5.33172
-66.1615;180.631;0.0192403;-0.0582966;0.135568;-5.78917
-57.3361;180.631;-0.0384827;-0.0371224;0.124536;-6.09315
-48.5106;180.631;-0.169323;-0.0306738;0.132252;-6.33771
-39.6852;180.631;-0.144168;-0.0301424;0.135324;-6.61934
-30.8597;180.631;-0.0963;-0.0263093;0.14107;-6.8978
-22.0342;180.631;-0.0527723;-0.0190429;0.14345;-7.10356
-13.2088;180.631;-0.0100783;-0.00975445;0.142027;-7.25591
-4.38334;180.631;0.0303358;-0.00228579;0.140714;-7.36709
4.44212;180.631;0.0252143;0.00266063;0.146729;-7.42544
13.2676;180.631;0.00450403;0.00874937;0.155826;-7.42218
22.093;180.631;-0.018546;0.0176566;0.160266;-7.36174
30.9185;180.631;-0.0338622;0.0278472;0.157154;-7.2559
39.7439;180.631;-0.0388275;0.0360367;0.148255;-7.11044
48.5694;180.631;-0.0408076;0.0389656;0.139536;-6.92281
57.3948;180.631;-0.0684124;0.041532;0.133992;-6.67671
66.2203;180.631;-0.0989539;0.0456602;0.128022;-6.38598
75.0458;180.631;-0.11699;0.0492428;0.119416;-6.05082
83.8712;180.631;-0.123474;0.0504756;0.108891;-5.67002
92.6967;180.631;-0.135698;0.0485759;0.0983616;-5.24256
101.522;180.631;-0.159817;0.0434058;0.0881721;-4.77243
110.348;180.631;-0.164297;0.0336402;0.0727603;-4.26426
119.173;180.631;-0.142405;0.0222931;0.0538342;-3.73436
127.998;180.631;-0.0925073;0.0125243;0.0355772;-3.1961
136.824;180.631;-0.0336097;0.00101921;0.0205251;-2.65475
145.649;180.631;-0.0379364;-0.0117572;-0.00110389;-2.02449
154.475;180.631;-0.0880527;-0.0316243;-0.0276948;-1.29258
-136.765;171.805;0.823981;-0.0698673;0.0207605;-2.58183
-127.94;171.805;0.752558;-0.0796087;0.0387918;-3.1994
-119.114;171.805;0.659385;-0.0923415;0.0617253;-3.81032
-110.289;171.805;0.605675;-0.106706;0.0812358;-4.41119
-101.463;171.805;0.586648;-0.118603;0.0927193;-4.96146
-92.6379;171.805;0.353907;-0.124739;0.12244;-5.39717
-83.8124;171.805;0.0423124;-0.123582;0.160951;-5.7708
-74.987;171.805;0.0235992;-0.106672;0.171459;-6.2563
-66.1615;171.805;0.190632;-0.0761449;0.149659;-6.82866
-57.3361;171.805;0.257199;-0.0513989;0.126201;-7.22972
-48.5106;171.805;0.104918;-0.0418474;0.134015;-7.48358
-39.6852;171.805;0.0433318;-0.037118;0.147804;-7.73063
-30.8597;171.805;0.0524267;-0.0312252;0.159514;-7.98844
-22.0342;171.805;0.0785416;-0.0230267;0.164;-8.18691
-13.2088;171.805;0.0910024;-0.0128704;0.164232;-8.32217
-4.38334;171.805;0.078394;-0.00299428;0.164604;-8.40314
4.44212;171.805;0.0379231;0.00460876;0.167459;-8.43594
13.2676;171.805;0.0116114;0.0107489;0.174229;-8.4307
22.093;171.805;0.000758321;0.0197533;0.179541;-8.38404
30.9185;171.805;0.00878433;0.0306801;0.17851;-8.29527
39.7439;171.805;0.025114;0.0405211;0.170879;-8.15916
48.5694;171.805;0.0270535;0.0458762;0.161454;-7.96529
57.3948;171.805;0.00249064;0.0500857;0.154319;-7.71256
66.2203;171.805;-0.0158436;0.054887;0.146129;-7.41811
75.0458;171.805;-0.019499;0.0591086;0.136208;-7.07978
83.8712;171.805;-0.0225791;0.0616605;0.126884;-6.68887
92.6967;171.805;-0.0516835;0.062011;0.120694;-6.23801
101.522;171.805;-0.107861;0.0595377;0.113218;-5.73746
110.348;171.805;-0.127719;0.051109;0.0946912;-5.20445
119.173;171.805;-0.118421;0.0406899;0.0721381;-4.64657
127.998;171.805;-0.0956692;0.0305132;0.0523188;-4.06829
136.824;171.805;-0.0720438;0.0209299;0.037265;-3.47931
145.649;171.805;-0.000470801;0.00474511;0.0193685;-2.887
154.475;171.805;-0.0605814;-0.0104678;-0.000935979;-2.18065
163.3;171.805;-0.197614;-0.0317559;-0.0172475;-1.42334
-145.591;162.98;0.837597;-0.0777877;0.0249972;-2.72526
-136.765;162.98;0.816915;-0.0895743;0.0411984;-3.4003
-127.94;162.98;0.763065;-0.097684;0.0599575;-4.0592
-119.114;162.98;0.671533;-0.107859;0.0803157;-4.67314
-110.289;162.98;0.60992;-0.11904;0.0956961;-5.27257
-101.463;162.98;0.578392;-0.128058;0.103178;-5.8192
-92.6379;162.98;0.369591;-0.133348;0.129237;-6.29487
-83.8124;162.98;0.145807;-0.132232;0.161067;-6.73109
-74.987;162.98;0.285139;-0.114848;0.163462;-7.2862
-66.1615;162.98;0.504146;-0.084444;0.136773;-7.86664
-57.3361;162.98;0.49011;-0.057743;0.119723;-8.29774
-48.5106;162.98;0.316794;-0.0477931;0.135241;-8.55944
-39.6852;162.98;0.244764;-0.0411642;0.157018;-8.80035
-30.8597;162.98;0.227106;-0.0337833;0.176192;-9.03718
-22.0342;162.98;0.207122;-0.0246862;0.186916;-9.22163
-13.2088;162.98;0.171305;-0.0133229;0.190917;-9.34313
-4.38334;162.98;0.1276;-0.0008901;0.192713;-9.41029
4.44212;162.98;0.0853959;0.00952247;0.194651;-9.44122
13.2676;162.98;0.0692868;0.0173945;0.199091;-9.44597
22.093;162.98;0.0652888;0.0273905;0.20308;-9.40883
30.9185;162.98;0.0765865;0.0386476;0.202899;-9.32603
39.7439;162.98;0.0964684;0.0486847;0.197071;-9.19351
48.5694;162.98;0.107276;0.0547662;0.189183;-9.00036
57.3948;162.98;0.0852653;0.0601634;0.180586;-8.7366
66.2203;162.98;0.0618384;0.0658797;0.169224;-8.42422
75.0458;162.98;0.0532975;0.0708273;0.156685;-8.07014
83.8712;162.98;0.0460011;0.0742935;0.146575;-7.66617
92.6967;162.98;0.0134802;0.075641;0.141597;-7.20112
101.522;162.98;-0.0480878;0.0750709;0.136187;-6.688
110.348;162.98;-0.0498414;0.0690415;0.115761;-6.16043
119.173;162.98;-0.0175978;0.0598255;0.0890946;-5.60268
127.998;162.98;0.0241493;0.0490684;0.065646;-5.01403
136.824;162.98;0.0615579;0.0365204;0.0482099;-4.40515
145.649;162.98;0.0962492;0.0209103;0.0289483;-3.77876
154.475;162.98;0.0230146;0.0069489;0.0100073;-3.04598
163.3;162.98;-0.0723203;-0.00876668;0.00309097;-2.28449
-163.242;154.154;0.886553;-0.0555921;0.00663115;-1.99592
-154.416;154.154;0.826943;-0.0753478;0.0255658;-2.75491
-145.591;154.154;0.800904;-0.092115;0.0426018;-3.49462
-136.765;154.154;0.802877;-0.103203;0.0570237;-4.21111
-127.94;154.154;0.768334;-0.112123;0.0751396;-4.89568
-119.114;154.154;0.703513;-0.120459;0.092668;-5.53435
-110.289;154.154;0.667398;-0.12844;0.103868;-6.14269
-101.463;154.154;0.671508;-0.133055;0.106616;-6.72026
-92.6379;154.154;0.564537;-0.134403;0.120031;-7.26495
-83.8124;154.154;0.484761;-0.130344;0.136009;-7.77479
-74.987;154.154;0.566829;-0.110089;0.137454;-8.35731
-66.1615;154.154;0.636294;-0.0818204;0.123239;-8.86771
-57.3361;154.154;0.552936;-0.0596109;0.119844;-9.25407
-48.5106;154.154;0.39265;-0.052602;0.140476;-9.52448
-39.6852;154.154;0.352508;-0.0459085;0.165554;-9.78977
-30.8597;154.154;0.341842;-0.0375639;0.187893;-10.0325
-22.0342;154.154;0.324446;-0.028123;0.202251;-10.2261
-13.2088;154.154;0.286319;-0.0166067;0.209998;-10.3577
-4.38334;154.154;0.23356;-0.00319833;0.215921;-10.4328
4.44212;154.154;0.186996;0.00964312;0.220462;-10.4694
13.2676;154.154;0.170387;0.0200383;0.224295;-10.4758
22.093;154.154;0.146456;0.0334305;0.226204;-10.4254
30.9185;154.154;0.129622;0.0470933;0.225326;-10.3239
39.7439;154.154;0.126977;0.058458;0.22002;-10.1779
48.5694;154.154;0.12816;0.0654781;0.214001;-9.97512
57.3948;154.154;0.0921526;0.0718284;0.206932;-9.69175
66.2203;154.154;0.0547012;0.077946;0.195475;-9.35987
75.0458;154.154;0.049547;0.0825979;0.180603;-8.99865
83.8712;154.154;0.0617202;0.0857834;0.166422;-8.59778
92.6967;154.154;0.0582865;0.0865197;0.157094;-8.13519
101.522;154.154;0.0266926;0.0855868;0.150628;-7.61891
110.348;154.154;0.0431097;0.0806493;0.132762;-7.09276
119.173;154.154;0.0870945;0.0728216;0.108004;-6.53626
127.998;154.154;0.129544;0.0618535;0.0832489;-5.93716
136.824;154.154;0.143435;0.0480613;0.062338;-5.29659
145.649;154.154;0.142593;0.0330562;0.0403555;-4.62772
154.475;154.154;0.0801879;0.0184781;0.0206507;-3.88977
163.3;154.154;0.000977632;0.00530171;0.0119136;-3.10341
172.126;154.154;-0.0531517;-0.00592966;0.0119895;-2.33509
180.951;154.154;-0.0311223;-0.017137;0.00868692;-1.53141
-172.067;145.329;0.807606;-0.0484408;0.00289509;-1.89641
-163.242;145.329;0.847531;-0.0663806;0.0178493;-2.69938
-154.416;145.329;0.806696;-0.0837798;0.0365084;-3.47942
-145.591;145.329;0.782828;-0.099421;0.052146;-4.24396
-136.765;145.329;0.780434;-0.114219;0.0690067;-4.99055
-127.94;145.329;0.754241;-0.125179;0.0857853;-5.70418
-119.114;145.329;0.712524;-0.133802;0.101064;-6.36955
-110.289;145.329;0.691507;-0.140785;0.11123;-7.00457
-101.463;145.329;0.704234;-0.141816;0.113786;-7.61771
-92.6379;145.329;0.680252;-0.136206;0.117601;-8.20736
-83.8124;145.329;0.669418;-0.128235;0.125437;-8.76665
-74.987;145.329;0.679457;-0.11027;0.123987;-9.29065
-66.1615;145.329;0.646387;-0.0875707;0.119744;-9.74595
-57.3361;145.329;0.543389;-0.0701689;0.126022;-10.1185
-48.5106;145.329;0.422617;-0.0640003;0.147506;-10.4125
-39.6852;145.329;0.396665;-0.0553372;0.172058;-10.7098
-30.8597;145.329;0.386366;-0.0450057;0.193854;-10.9687
-22.0342;145.329;0.368195;-0.0340585;0.209643;-11.1794
-13.2088;145.329;0.326093;-0.0207247;0.221001;-11.3286
-4.38334;145.329;0.264675;-0.00510596;0.232618;-11.4144
4.44212;145.329;0.208638;0.0101425;0.241594;-11.4498
13.2676;145.329;0.185411;0.0228317;0.246757;-11.4461
22.093;145.329;0.155235;0.0378708;0.247143;-11.3839
30.9185;145.329;0.128264;0.0527503;0.244388;-11.2709
39.7439;145.329;0.111464;0.0658945;0.237946;-11.1134
48.5694;145.329;0.100066;0.0750079;0.232184;-10.8962
57.3948;145.329;0.0684286;0.0817907;0.227647;-10.6062
66.2203;145.329;0.0461578;0.087845;0.21918;-10.2754
75.0458;145.329;0.06268;0.092726;0.204388;-9.92326
83.8712;145.329;0.100952;0.0964544;0.185924;-9.53361
92.6967;145.329;0.131164;0.0966861;0.169552;-9.07741
101.522;145.329;0.137413;0.0946959;0.159383;-8.5652
110.348;145.329;0.153527;0.0908529;0.145635;-8.03048
119.173;145.329;0.174566;0.0856467;0.126013;-7.45428
127.998;145.329;0.187155;0.0762593;0.102363;-6.82556
136.824;145.329;0.179387;0.0617282;0.0785748;-6.14915
145.649;145.329;0.162699;0.0466707;0.0542337;-5.44504
154.475;145.329;0.118982;0.0318594;0.0318162;-4.69406
163.3;145.329;0.0580524;0.0171245;0.0194833;-3.91108
172.126;145.329;0.00154549;0.00307621;0.0123029;-3.09725
180.951;145.329;0.00270379;-0.0098071;0.00820313;-2.2949
189.777;145.329;-0.0437607;-0.0266025;-0.00062445;-1.43299
-172.067;136.504;0.805649;-0.0537247;0.0119272;-2.55544
-163.242;136.504;0.813697;-0.0722145;0.0249217;-3.39157
-154.416;136.504;0.794596;-0.0905358;0.043007;-4.1918
-145.591;136.504;0.77576;-0.107884;0.0609886;-4.97501
-136.765;136.504;0.75271;-0.12473;0.0780922;-5.73866
-127.94;136.504;0.723323;-0.135999;0.0919349;-6.46462
-119.114;136.504;0.691541;-0.144616;0.103751;-7.14822
-110.289;136.504;0.668655;-0.151851;0.113749;-7.80562
-101.463;136.504;0.664742;-0.151965;0.11941;-8.43551
-92.6379;136.504;0.665932;-0.141931;0.121376;-9.02696
-83.8124;136.504;0.651805;-0.132277;0.12816;-9.58274
-74.987;136.504;0.639557;-0.118856;0.129376;-10.0991
-66.1615;136.504;0.594988;-0.102705;0.131891;-10.5587
-57.3361;136.504;0.513426;-0.0879389;0.143074;-10.9569
-48.5106;136.504;0.432535;-0.0776832;0.163459;-11.2961
-39.6852;136.504;0.396839;-0.0663209;0.184738;-11.6058
-30.8597;136.504;0.368579;-0.053907;0.204449;-11.8692
-22.0342;136.504;0.331408;-0.0407719;0.22094;-12.082
-13.2088;136.504;0.273207;-0.0250863;0.234993;-12.233
-4.38334;136.504;0.201181;-0.00748311;0.249656;-12.3168
4.44212;136.504;0.140583;0.00984165;0.261534;-12.3473
13.2676;136.504;0.122599;0.025502;0.267563;-12.3485
22.093;136.504;0.114553;0.0419362;0.266761;-12.3028
30.9185;136.504;0.107246;0.0575116;0.261629;-12.2016
39.7439;136.504;0.0950112;0.0725435;0.252118;-12.0438
48.5694;136.504;0.0769003;0.0852565;0.243542;-11.8188
57.3948;136.504;0.0582407;0.0947814;0.239529;-11.5352
66.2203;136.504;0.0627894;0.101994;0.234687;-11.2172
75.0458;136.504;0.0885316;0.108571;0.222366;-10.8657
83.8712;136.504;0.120064;0.114013;0.202793;-10.4588
92.6967;136.504;0.148358;0.114839;0.181875;-9.98083
101.522;136.504;0.182392;0.112218;0.167914;-9.471
110.348;136.504;0.193415;0.109308;0.156021;-8.92543
119.173;136.504;0.185475;0.105768;0.139738;-8.31915
127.998;136.504;0.174166;0.0969363;0.117375;-7.65817
136.824;136.504;0.170106;0.081543;0.0924038;-6.96166
145.649;136.504;0.157588;0.0655935;0.0675226;-6.23602
154.475;136.504;0.130062;0.0496111;0.0439258;-5.47029
163.3;136.504;0.0786284;0.0342866;0.0280784;-4.6697
172.126;136.504;0.020828;0.0168838;0.0144875;-3.84
180.951;136.504;-0.00265896;-0.00343227;0.000790916;-3.00032
189.777;136.504;-0.0116348;-0.0210357;-0.00425634;-2.13141
-180.892;127.678;0.828924;-0.0343995;0.00726371;-2.32535
-172.067;127.678;0.801448;-0.0516267;0.0159369;-3.17693
-163.242;127.678;0.772076;-0.0771018;0.0353582;-4.04772
-154.416;127.678;0.763932;-0.100234;0.054675;-4.88211
-145.591;127.678;0.747952;-0.1208;0.0735427;-5.69255
-136.765;127.678;0.716373;-0.136585;0.089976;-6.47114
-127.94;127.678;0.686062;-0.144811;0.1002;-7.20709
-119.114;127.678;0.656039;-0.151036;0.107669;-7.90879
-110.289;127.678;0.630273;-0.15735;0.116649;-8.59012
-101.463;127.678;0.619002;-0.158051;0.12598;-9.24033
-92.6379;127.678;0.603199;-0.14845;0.133131;-9.84262
-83.8124;127.678;0.570625;-0.138449;0.140628;-10.3941
-74.987;127.678;0.547975;-0.129374;0.145661;-10.9144
-66.1615;127.678;0.515915;-0.118854;0.154421;-11.3914
-57.3361;127.678;0.464648;-0.105413;0.170239;-11.8128
-48.5106;127.678;0.406221;-0.0904794;0.190048;-12.1733
-39.6852;127.678;0.364236;-0.0768726;0.208014;-12.4998
-30.8597;127.678;0.317258;-0.061332;0.226842;-12.7782
-22.0342;127.678;0.264204;-0.0438275;0.243375;-12.9986
-13.2088;127.678;0.195112;-0.0249903;0.257182;-13.1514
-4.38334;127.678;0.121168;-0.00584829;0.271451;-13.2356
4.44212;127.678;0.071985;0.0131897;0.282617;-13.2701
13.2676;127.678;0.0781889;0.030229;0.287084;-13.2795
22.093;127.678;0.0984438;0.0477749;0.284311;-13.2486
30.9185;127.678;0.115528;0.0642702;0.276154;-13.1612
39.7439;127.678;0.113851;0.080029;0.262836;-12.9993
48.5694;127.678;0.0891779;0.0961465;0.251425;-12.7638
57.3948;127.678;0.0547438;0.110568;0.245545;-12.4639
66.2203;127.678;0.0508032;0.119348;0.242007;-12.1293
75.0458;127.678;0.0435258;0.127041;0.231585;-11.7357
83.8712;127.678;0.00996811;0.133792;0.214413;-11.2526
92.6967;127.678;-0.0258809;0.137786;0.195954;-10.7079
101.522;127.678;0.0105902;0.136553;0.181629;-10.1893
110.348;127.678;0.038922;0.133852;0.16863;-9.64652
119.173;127.678;0.0469589;0.129808;0.150625;-9.03809
127.998;127.678;0.0627845;0.119596;0.126585;-8.38231
136.824;127.678;0.096991;0.103861;0.101067;-7.70254
145.649;127.678;0.101026;0.087953;0.0780178;-6.97433
154.475;127.678;0.0734808;0.0721119;0.0553582;-6.18847
163.3;127.678;0.0277104;0.0563504;0.037959;-5.36863
172.126;127.678;-0.0133822;0.0377553;0.0200759;-4.52525
180.951;127.678;-0.0266013;0.0165862;0.00309731;-3.67235
189.777;127.678;-0.0626959;-0.00124994;-0.000794006;-2.8031
198.602;127.678;-0.103846;-0.0205929;-0.00402729;-1.88373
207.428;127.678;0.108123;-0.0440617;-0.0203242;-0.940588
-189.718;118.853;0.792015;-0.026457;0.00735853;-2.03348
-180.892;118.853;0.770748;-0.0383401;0.0140869;-2.90465
-172.067;118.853;0.756336;-0.0595824;0.0311129;-3.8039
-163.242;118.853;0.721902;-0.0857889;0.0511781;-4.68186
-154.416;118.853;0.712321;-0.111814;0.0708567;-5.54761
-145.591;118.853;0.704309;-0.132458;0.0882484;-6.38398
-136.765;118.853;0.676575;-0.147266;0.103839;-7.18523
-127.94;118.853;0.650239;-0.153711;0.111654;-7.93954
-119.114;118.853;0.623314;-0.157497;0.115851;-8.66218
-110.289;118.853;0.605123;-0.161394;0.123068;-9.36492
-101.463;118.853;0.605995;-0.161817;0.133923;-10.0342
-92.6379;118.853;0.576178;-0.154632;0.145031;-10.6523
-83.8124;118.853;0.51075;-0.145773;0.154692;-11.2121
-74.987;118.853;0.460758;-0.139416;0.163791;-11.7429
-66.1615;118.853;0.421909;-0.132409;0.178152;-12.2379
-57.3361;118.853;0.382425;-0.120353;0.198429;-12.6807
-48.5106;118.853;0.341352;-0.103938;0.218824;-13.0611
-39.6852;118.853;0.314086;-0.0904084;0.236252;-13.4115
-30.8597;118.853;0.286054;-0.0724033;0.251996;-13.709
-22.0342;118.853;0.247791;-0.0507241;0.264958;-13.9446
-13.2088;118.853;0.190214;-0.0291332;0.275237;-14.1117
-4.38334;118.853;0.133198;-0.00946348;0.286256;-14.2126
4.44212;118.853;0.106272;0.0093619;0.295846;-14.2644
13.2676;118.853;0.1125;0.0277168;0.300423;-14.2746
22.093;118.853;0.108312;0.0480131;0.297419;-14.2258
30.9185;118.853;0.100004;0.0665779;0.286309;-14.108
39.7439;118.853;0.0764251;0.0850825;0.270845;-13.9153
48.5694;118.853;0.0185353;0.104506;0.259445;-13.6371
57.3948;118.853;-0.0874984;0.124348;0.253453;-13.2746
66.2203;118.853;-0.167016;0.137343;0.249192;-12.872
75.0458;118.853;-0.205024;0.1455;0.23603;-12.4275
83.8712;118.853;-0.302974;0.155896;0.218186;-11.876
92.6967;118.853;-0.444649;0.160132;0.199822;-11.2181
101.522;118.853;-0.481439;0.16014;0.184914;-10.6275
110.348;118.853;-0.42047;0.157771;0.173073;-10.0936
119.173;118.853;-0.341089;0.15453;0.156606;-9.53524
127.998;118.853;-0.238193;0.143541;0.133373;-8.93906
136.824;118.853;-0.129135;0.128307;0.107539;-8.31004
145.649;118.853;-0.0921384;0.112762;0.0858167;-7.59448
154.475;118.853;-0.097316;0.0975559;0.063644;-6.80727
163.3;118.853;-0.110744;0.0811569;0.044698;-5.9853
172.126;118.853;-0.113219;0.063151;0.0264135;-5.14911
180.951;118.853;-0.0995761;0.0434913;0.0106141;-4.30516
189.777;118.853;-0.109909;0.0233374;0.00303836;-3.43245
198.602;118.853;-0.127878;0.00343777;0.0018354;-2.51339
207.428;118.853;0.0562418;-0.01963;-0.00857377;-1.5781
-189.718;110.027;0.712601;-0.0454849;0.0185256;-2.59126
-180.892;110.027;0.682247;-0.0573803;0.0308932;-3.48399
-172.067;110.027;0.686482;-0.0754852;0.0485447;-4.3978
-163.242;110.027;0.66218;-0.098818;0.0660171;-5.29895
-154.416;110.027;0.653484;-0.122511;0.0830507;-6.18836
-145.591;110.027;0.656086;-0.141769;0.0992005;-7.05132
-136.765;110.027;0.639825;-0.15683;0.114694;-7.88022
-127.94;110.027;0.608124;-0.165787;0.123323;-8.65899
-119.114;110.027;0.572519;-0.1719;0.129344;-9.40994
-110.289;110.027;0.55261;-0.176365;0.137308;-10.1391
-101.463;110.027;0.551412;-0.176814;0.14822;-10.8317
-92.6379;110.027;0.517923;-0.169579;0.159295;-11.4628
-83.8124;110.027;0.456506;-0.15875;0.166592;-12.0359
-74.987;110.027;0.405808;-0.152295;0.174242;-12.5842
-66.1615;110.027;0.362296;-0.146713;0.188418;-13.1003
-57.3361;110.027;0.329053;-0.135937;0.210365;-13.5637
-48.5106;110.027;0.308854;-0.119582;0.233583;-13.9656
-39.6852;110.027;0.291543;-0.104874;0.252901;-14.3357
-30.8597;110.027;0.268469;-0.0846528;0.267988;-14.6497
-22.0342;110.027;0.236275;-0.0607714;0.278912;-14.9022
-13.2088;110.027;0.18914;-0.0383662;0.286514;-15.0906
-4.38334;110.027;0.145118;-0.0180538;0.294804;-15.2139
4.44212;110.027;0.123493;0.00241076;0.303174;-15.2787
13.2676;110.027;0.115469;0.0229569;0.308783;-15.2853
22.093;110.027;0.0881116;0.0440664;0.307425;-15.2193
30.9185;110.027;0.0577773;0.0620066;0.296163;-15.0718
39.7439;110.027;0.0150848;0.0845289;0.279898;-14.8543
48.5694;110.027;-0.0517935;0.11343;0.267534;-14.5655
57.3948;110.027;-0.141246;0.142467;0.260862;-14.2061
66.2203;110.027;-0.179126;0.159531;0.257315;-13.822
75.0458;110.027;-0.173451;0.169322;0.241517;-13.3968
83.8712;110.027;-0.276364;0.181175;0.21754;-12.8324
92.6967;110.027;-0.472678;0.184098;0.196185;-12.1094
101.522;110.027;-0.607892;0.183767;0.178919;-11.4068
110.348;110.027;-0.598959;0.181537;0.165109;-10.7912
119.173;110.027;-0.528729;0.1791;0.149721;-10.2011
127.998;110.027;-0.410606;0.167657;0.130391;-9.59769
136.824;110.027;-0.277395;0.152645;0.108687;-8.97214
145.649;110.027;-0.192591;0.137761;0.0908749;-8.2721
154.475;110.027;-0.160542;0.123041;0.0703016;-7.49217
163.3;110.027;-0.1381;0.105451;0.0506539;-6.66995
172.126;110.027;-0.113297;0.0865055;0.0333657;-5.82815
180.951;110.027;-0.0866274;0.0671043;0.0198252;-4.97382
189.777;110.027;-0.0673527;0.0455485;0.0108928;-4.09416
198.602;110.027;-0.0735435;0.0210316;0.00724538;-3.18078
207.428;110.027;0.0397552;-0.00489655;-0.0058252;-2.20411
-198.543;101.202;0.825176;-0.0382264;0.00788044;-2.2464
-189.718;101.202;0.727355;-0.0548808;0.0222977;-3.15337
-180.892;101.202;0.67054;-0.0721763;0.0392922;-4.07494
-172.067;101.202;0.657773;-0.0915087;0.0545239;-4.99665
-163.242;101.202;0.635369;-0.11309;0.0684363;-5.91702
-154.416;101.202;0.624133;-0.134799;0.0842515;-6.82515
-145.591;101.202;0.61711;-0.153673;0.100013;-7.70628
-136.765;101.202;0.585559;-0.170087;0.114606;-8.55338
-127.94;101.202;0.530748;-0.182344;0.123394;-9.3507
-119.114;101.202;0.478394;-0.192571;0.131499;-10.1267
-110.289;101.202;0.457962;-0.199473;0.141887;-10.8845
-101.463;101.202;0.470686;-0.199545;0.154436;-11.6077
-92.6379;101.202;0.465853;-0.191123;0.165349;-12.2665
-83.8124;101.202;0.443879;-0.176783;0.170048;-12.8671
-74.987;101.202;0.402938;-0.168521;0.176477;-13.4423
-66.1615;101.202;0.353035;-0.16172;0.189602;-13.9789
-57.3361;101.202;0.303067;-0.149577;0.211429;-14.4556
-48.5106;101.202;0.263452;-0.131629;0.236804;-14.8702
-39.6852;101.202;0.243559;-0.114242;0.259043;-15.2547
-30.8597;101.202;0.229701;-0.0927089;0.276085;-15.5872
-22.0342;101.202;0.211564;-0.0688825;0.288079;-15.858
-13.2088;101.202;0.186334;-0.0471434;0.295769;-16.0675
-4.38334;101.202;0.162126;-0.0259653;0.303837;-16.2136
4.44212;101.202;0.146074;-0.0033441;0.311402;-16.2917
13.2676;101.202;0.132674;0.0188747;0.316853;-16.2996
22.093;101.202;0.0992203;0.038606;0.317379;-16.2308
30.9185;101.202;0.0559388;0.0553496;0.309322;-16.0746
39.7439;101.202;0.00434091;0.0852733;0.293379;-15.8517
48.5694;101.202;-0.0302398;0.12918;0.27733;-15.592
57.3948;101.202;-0.0107591;0.170533;0.267141;-15.3116
66.2203;101.202;0.0730591;0.19179;0.263836;-15.0179
75.0458;101.202;0.117496;0.203436;0.245716;-14.6128
83.8712;101.202;0.029797;0.212626;0.217991;-14.0356
92.6967;101.202;-0.160584;0.214182;0.193896;-13.2983
101.522;101.202;-0.342924;0.213982;0.174054;-12.5338
110.348;101.202;-0.378394;0.210942;0.156236;-11.8389
119.173;101.202;-0.34672;0.207591;0.139956;-11.1828
127.998;101.202;-0.276132;0.198219;0.125227;-10.5216
136.824;101.202;-0.19244;0.184376;0.109794;-9.83139
145.649;101.202;-0.121111;0.169541;0.095609;-9.0881
154.475;101.202;-0.0876503;0.154258;0.0776989;-8.28103
163.3;101.202;-0.0601142;0.135519;0.0587943;-7.43441
172.126;101.202;-0.0460242;0.115476;0.0416207;-6.55859
180.951;101.202;-0.0498607;0.0956423;0.0272937;-5.65956
189.777;101.202;-0.0489153;0.0721863;0.0135781;-4.73666
198.602;101.202;-0.0149743;0.0413737;0.00345994;-3.79243
207.428;101.202;0.0338684;0.0108786;-0.00797394;-2.79128
-198.543;92.3763;0.862127;-0.0334562;0.00196281;-2.77569
-189.718;92.3763;0.761483;-0.0486562;0.0162325;-3.70815
-180.892;92.3763;0.688168;-0.0756844;0.0372757;-4.64405
-172.067;92.3763;0.661485;-0.100883;0.0530769;-5.58192
-163.242;92.3763;0.641107;-0.12339;0.0654867;-6.51852
-154.416;92.3763;0.613251;-0.14489;0.0821601;-7.43901
-145.591;92.3763;0.57607;-0.163641;0.0989049;-8.33213
-136.765;92.3763;0.519452;-0.181167;0.111836;-9.19532
-127.94;92.3763;0.453468;-0.196208;0.118264;-10.0167
-119.114;92.3763;0.405294;-0.209299;0.127458;-10.8249
-110.289;92.3763;0.393996;-0.217204;0.140677;-11.6134
-101.463;92.3763;0.41407;-0.216228;0.155516;-12.3669
-92.6379;92.3763;0.431192;-0.206472;0.166835;-13.0651
-83.8124;92.3763;0.428687;-0.192131;0.173986;-13.7107
-74.987;92.3763;0.401559;-0.182809;0.18381;-14.3194
-66.1615;92.3763;0.355822;-0.17355;0.197823;-14.8709
-57.3361;92.3763;0.294459;-0.159342;0.217843;-15.3501
-48.5106;92.3763;0.235838;-0.139983;0.241766;-15.7786
-39.6852;92.3763;0.21219;-0.120411;0.265123;-16.1842
-30.8597;92.3763;0.211438;-0.097622;0.284778;-16.5472
-22.0342;92.3763;0.20585;-0.0725734;0.299708;-16.8453
-13.2088;92.3763;0.195131;-0.0495228;0.309631;-17.0732
-4.38334;92.3763;0.184574;-0.0259184;0.319427;-17.2344
4.44212;92.3763;0.175134;-0.000873897;0.326752;-17.3183
13.2676;92.3763;0.159432;0.0226817;0.329353;-17.3212
22.093;92.3763;0.128402;0.0392243;0.328361;-17.2537
30.9185;92.3763;0.0825016;0.056785;0.32295;-17.1064
39.7439;92.3763;0.0227345;0.0979465;0.305758;-16.884
48.5694;92.3763;0.00843249;0.156935;0.281491;-16.634
57.3948;92.3763;0.105378;0.208273;0.261239;-16.4004
66.2203;92.3763;0.278399;0.231527;0.252394;-16.1669
75.0458;92.3763;0.337605;0.242977;0.232865;-15.7495
83.8712;92.3763;0.281467;0.247471;0.209233;-15.1609
92.6967;92.3763;0.150927;0.247391;0.188226;-14.4524
101.522;92.3763;0.0163398;0.245721;0.168679;-13.7002
110.348;92.3763;-0.0144104;0.241036;0.147907;-12.9723
119.173;92.3763;-0.015828;0.235808;0.130214;-12.2588
127.998;92.3763;-0.00754719;0.227719;0.117872;-11.5256
136.824;92.3763;0.0072196;0.214811;0.105056;-10.7517
145.649;92.3763;0.0318402;0.19961;0.0921227;-9.93897
154.475;92.3763;0.0470591;0.183483;0.0776777;-9.0884
163.3;92.3763;0.0563037;0.164723;0.0620937;-8.20193
172.126;92.3763;0.0266138;0.144414;0.0463281;-7.27092
180.951;92.3763;-0.0397053;0.12284;0.0313666;-6.30292
189.777;92.3763;-0.0732665;0.0946861;0.0149186;-5.32059
198.602;92.3763;-0.0244876;0.0596602;-6.66543e-05;-4.34727
207.428;92.3763;0.0608972;0.0272811;-0.00895221;-3.37075
-216.194;83.5508;0.808671;-0.04194;0.0103876;-1.27139
-207.369;83.5508;0.897197;-0.024593;-0.00486272;-2.26297
-198.543;83.5508;0.867421;-0.0255245;-0.00349887;-3.27314
-189.718;83.5508;0.778533;-0.0396;0.00886377;-4.23146
-180.892;83.5508;0.697824;-0.072625;0.0306586;-5.18313
-172.067;83.5508;0.662529;-0.103234;0.0475717;-6.13419
-163.242;83.5508;0.630067;-0.128042;0.0602986;-7.08109
-154.416;83.5508;0.571139;-0.151251;0.0777703;-8.01541
-145.591;83.5508;0.51232;-0.170768;0.0936394;-8.92614
-136.765;83.5508;0.453704;-0.187831;0.103411;-9.81232
-127.94;83.5508;0.405051;-0.201932;0.106657;-10.6683
-119.114;83.5508;0.37376;-0.213832;0.115031;-11.5064
-110.289;83.5508;0.363348;-0.220674;0.129333;-12.3185
-101.463;83.5508;0.371716;-0.21915;0.145423;-13.0929
-92.6379;83.5508;0.389143;-0.209711;0.156182;-13.8229
-83.8124;83.5508;0.384034;-0.20023;0.168376;-14.512
-74.987;83.5508;0.366569;-0.192374;0.185178;-15.1553
-66.1615;83.5508;0.336835;-0.180957;0.203742;-15.7338
-57.3361;83.5508;0.289297;-0.16451;0.222762;-16.243
-48.5106;83.5508;0.240315;-0.145154;0.24357;-16.7037
-39.6852;83.5508;0.222592;-0.12586;0.266443;-17.1384
-30.8597;83.5508;0.228051;-0.102945;0.287095;-17.5263
-22.0342;83.5508;0.222426;-0.0763829;0.302163;-17.8346
-13.2088;83.5508;0.205522;-0.0497646;0.3138;-18.0692
-4.38334;83.5508;0.192378;-0.0220693;0.326258;-18.235
4.44212;83.5508;0.184194;0.00650323;0.334768;-18.3206
13.2676;83.5508;0.164183;0.0330774;0.333929;-18.3201
22.093;83.5508;0.139882;0.0481524;0.328447;-18.2607
30.9185;83.5508;0.107154;0.0714346;0.319854;-18.1312
39.7439;83.5508;0.0423931;0.123742;0.296192;-17.8931
48.5694;83.5508;0.00400331;0.18852;0.261226;-17.58
57.3948;83.5508;0.0628918;0.238195;0.229295;-17.2658
66.2203;83.5508;0.204602;0.259441;0.212273;-16.9752
75.0458;83.5508;0.256343;0.274616;0.195658;-16.5427
83.8712;83.5508;0.231442;0.2818;0.182667;-15.976
92.6967;83.5508;0.185862;0.283623;0.171722;-15.3309
101.522;83.5508;0.16785;0.280281;0.156637;-14.6414
110.348;83.5508;0.176507;0.274242;0.134936;-13.9185
119.173;83.5508;0.155765;0.267573;0.115474;-13.1702
127.998;83.5508;0.131606;0.257845;0.101469;-12.3864
136.824;83.5508;0.120325;0.243053;0.0863017;-11.5615
145.649;83.5508;0.12845;0.225405;0.0721612;-10.7046
154.475;83.5508;0.14377;0.207069;0.0610385;-9.8224
163.3;83.5508;0.138977;0.188734;0.0513882;-8.9002
172.126;83.5508;0.0641645;0.170039;0.0406918;-7.92006
180.951;83.5508;-0.0481373;0.147694;0.0282507;-6.90085
189.777;83.5508;-0.0653549;0.114602;0.0123131;-5.89862
198.602;83.5508;0.00906635;0.074685;-0.00618552;-4.91439
207.428;83.5508;0.133653;0.0377743;-0.0187244;-3.94245
216.253;83.5508;0.240368;0.00600216;-0.0229176;-2.92951
225.078;83.5508;0.270573;-0.0204316;-0.0162343;-1.87771
-216.194;74.7253;0.797787;-0.0474454;0.0102745;-1.7099
-207.369;74.7253;0.861445;-0.0243734;-0.00393297;-2.72619
-198.543;74.7253;0.845599;-0.0139041;-0.010768;-3.72768
-189.718;74.7253;0.756001;-0.0353282;0.00180964;-4.70427
-180.892;74.7253;0.691477;-0.0685692;0.0197852;-5.67325
-172.067;74.7253;0.656529;-0.0997362;0.035422;-6.64182
-163.242;74.7253;0.604101;-0.125928;0.0479985;-7.60113
-154.416;74.7253;0.518571;-0.151403;0.0635695;-8.55978
-145.591;74.7253;0.462679;-0.172119;0.0744858;-9.50127
-136.765;74.7253;0.426558;-0.188177;0.0800276;-10.4201
-127.94;74.7253;0.410524;-0.198635;0.0809682;-11.3134
-119.114;74.7253;0.385583;-0.207223;0.0879598;-12.1768
-110.289;74.7253;0.354066;-0.213011;0.101078;-13.0071
-101.463;74.7253;0.337424;-0.212505;0.115489;-13.8019
-92.6379;74.7253;0.345616;-0.205107;0.124299;-14.5646
-83.8124;74.7253;0.340254;-0.201003;0.13988;-15.2912
-74.987;74.7253;0.320019;-0.196182;0.16202;-15.9658
-66.1615;74.7253;0.305516;-0.184485;0.184371;-16.5766
-57.3361;74.7253;0.285593;-0.167581;0.202545;-17.1259
-48.5106;74.7253;0.264048;-0.149578;0.219906;-17.632
-39.6852;74.7253;0.25922;-0.132142;0.239999;-18.1036
-30.8597;74.7253;0.253224;-0.109153;0.260664;-18.5152
-22.0342;74.7253;0.234743;-0.079716;0.278539;-18.8409
-13.2088;74.7253;0.19835;-0.048508;0.29425;-19.0787
-4.38334;74.7253;0.166978;-0.0160422;0.308166;-19.2421
4.44212;74.7253;0.146955;0.0169978;0.313668;-19.3263
13.2676;74.7253;0.12655;0.0481461;0.305206;-19.3287
22.093;74.7253;0.124464;0.066993;0.292923;-19.2848
30.9185;74.7253;0.129943;0.101764;0.275573;-19.1652
39.7439;74.7253;0.102725;0.162432;0.245244;-18.92
48.5694;74.7253;0.0811987;0.224723;0.209621;-18.5729
57.3948;74.7253;0.109976;0.265073;0.180705;-18.1851
66.2203;74.7253;0.173281;0.284726;0.162635;-17.7911
75.0458;74.7253;0.191227;0.301573;0.150152;-17.3109
83.8712;74.7253;0.18392;0.311307;0.1437;-16.7462
92.6967;74.7253;0.182962;0.316197;0.139413;-16.1268
101.522;74.7253;0.202807;0.314869;0.128636;-15.4519
110.348;74.7253;0.222395;0.308107;0.108656;-14.7115
119.173;74.7253;0.190651;0.299601;0.0895721;-13.9259
127.998;74.7253;0.159175;0.287644;0.074553;-13.1086
136.824;74.7253;0.152877;0.269689;0.0590911;-12.2577
145.649;74.7253;0.177187;0.249017;0.0460552;-11.3848
154.475;74.7253;0.209092;0.228798;0.037668;-10.4885
163.3;74.7253;0.224509;0.209426;0.0339858;-9.5606
172.126;74.7253;0.179452;0.189686;0.0303657;-8.58001
180.951;74.7253;0.112578;0.164589;0.0239294;-7.56328
189.777;74.7253;0.127143;0.127982;0.0105086;-6.55601
198.602;74.7253;0.218018;0.0861905;-0.0062175;-5.55924
207.428;74.7253;0.296872;0.0489711;-0.0183215;-4.54375
216.253;74.7253;0.35189;0.0161594;-0.0219179;-3.46523
225.078;74.7253;0.364278;-0.0126893;-0.0138002;-2.38343
-216.194;65.8999;0.785652;-0.0379428;0.00557206;-2.06625
-207.369;65.8999;0.809685;-0.0209334;-0.00392432;-3.11609
-198.543;65.8999;0.783638;-0.0141887;-0.0123441;-4.11783
-189.718;65.8999;0.707726;-0.0401965;-0.00454456;-5.12577
-180.892;65.8999;0.672269;-0.0693677;0.00435002;-6.11894
-172.067;65.8999;0.657462;-0.096274;0.0130729;-7.12842
-163.242;65.8999;0.610121;-0.12165;0.0212502;-8.12446
-154.416;65.8999;0.536044;-0.146571;0.0302225;-9.11787
-145.591;65.8999;0.503464;-0.165238;0.0328811;-10.0889
-136.765;65.8999;0.483554;-0.181205;0.0347232;-11.0361
-127.94;65.8999;0.482744;-0.191859;0.0358532;-11.9571
-119.114;65.8999;0.449224;-0.201617;0.0434449;-12.8432
-110.289;65.8999;0.396897;-0.209744;0.0557994;-13.6918
-101.463;65.8999;0.372648;-0.212206;0.0675616;-14.5152
-92.6379;65.8999;0.393413;-0.207364;0.0755381;-15.3158
-83.8124;65.8999;0.390122;-0.203853;0.0883956;-16.0731
-74.987;65.8999;0.366802;-0.200763;0.110035;-16.7743
-66.1615;65.8999;0.347605;-0.191279;0.13497;-17.4197
-57.3361;65.8999;0.326259;-0.17599;0.154258;-18.0053
-48.5106;65.8999;0.308776;-0.157913;0.169282;-18.5496
-39.6852;65.8999;0.307653;-0.138968;0.186087;-19.0526
-30.8597;65.8999;0.304881;-0.114567;0.208722;-19.49
-22.0342;65.8999;0.307804;-0.0834713;0.232035;-19.8573
-13.2088;65.8999;0.290483;-0.0505196;0.254302;-20.1296
-4.38334;65.8999;0.264953;-0.016717;0.269138;-20.3109
4.44212;65.8999;0.237566;0.0176053;0.270555;-20.3983
13.2676;65.8999;0.211079;0.0510398;0.258343;-20.3965
22.093;65.8999;0.217066;0.0773918;0.244962;-20.3476
30.9185;65.8999;0.23456;0.128832;0.219137;-20.2084
39.7439;65.8999;0.244301;0.200806;0.18555;-19.9682
48.5694;65.8999;0.293256;0.262335;0.158149;-19.672
57.3948;65.8999;0.38183;0.295749;0.144594;-19.3293
66.2203;65.8999;0.41387;0.316822;0.137787;-18.8854
75.0458;65.8999;0.376922;0.33502;0.129601;-18.3236
83.8712;65.8999;0.344284;0.344426;0.122619;-17.7019
92.6967;65.8999;0.338723;0.347888;0.115646;-17.038
101.522;65.8999;0.354217;0.34655;0.104644;-16.3247
110.348;65.8999;0.360922;0.340493;0.0875089;-15.5503
119.173;65.8999;0.32353;0.330662;0.0697196;-14.7297
127.998;65.8999;0.290772;0.315978;0.0556624;-13.8763
136.824;65.8999;0.278477;0.29501;0.0434596;-12.9849
145.649;65.8999;0.289293;0.273296;0.034191;-12.0746
154.475;65.8999;0.313571;0.25289;0.0280004;-11.1538
163.3;65.8999;0.327949;0.233199;0.0250259;-10.2056
172.126;65.8999;0.313663;0.210975;0.0233749;-9.21517
180.951;65.8999;0.294474;0.182655;0.0202082;-8.19537
189.777;65.8999;0.315276;0.143491;0.00812991;-7.16467
198.602;65.8999;0.377562;0.102363;-0.00485931;-6.13396
207.428;65.8999;0.425456;0.0672413;-0.0115568;-5.07979
216.253;65.8999;0.444272;0.0341101;-0.0115967;-3.9852
225.078;65.8999;0.441011;0.00291566;-0.00522314;-2.84222
233.904;65.8999;0.518908;-0.0272868;-0.00229508;-1.65879
-216.194;57.0744;0.753439;-0.0266376;-0.000218115;-2.39018
-207.369;57.0744;0.756039;-0.0182309;-0.00707228;-3.45015
-198.543;57.0744;0.703038;-0.0211054;-0.0134016;-4.4657
-189.718;57.0744;0.630993;-0.0517438;-0.00912458;-5.4999
-180.892;57.0744;0.617677;-0.0779757;-0.00788842;-6.51472
-172.067;57.0744;0.631743;-0.101965;-0.00778065;-7.5552
-163.242;57.0744;0.623812;-0.126773;-0.00697739;-8.59566
-154.416;57.0744;0.599777;-0.148017;-0.00661373;-9.63033
-145.591;57.0744;0.600417;-0.16074;-0.0111929;-10.6368
-136.765;57.0744;0.584689;-0.174704;-0.0115457;-11.6091
-127.94;57.0744;0.561603;-0.191179;-0.00338362;-12.5564
-119.114;57.0744;0.51495;-0.204941;0.00921047;-13.461
-110.289;57.0744;0.458432;-0.214158;0.0232568;-14.3245
-101.463;57.0744;0.432567;-0.21823;0.0348753;-15.1831
-92.6379;57.0744;0.461153;-0.216892;0.0428057;-16.0286
-83.8124;57.0744;0.4681;-0.213727;0.0541907;-16.8293
-74.987;57.0744;0.447579;-0.20913;0.0737793;-17.5615
-66.1615;57.0744;0.41586;-0.201749;0.0967395;-18.2389
-57.3361;57.0744;0.377873;-0.190132;0.116292;-18.8555
-48.5106;57.0744;0.35487;-0.17343;0.132964;-19.433
-39.6852;57.0744;0.361035;-0.151707;0.150582;-19.9678
-30.8597;57.0744;0.366654;-0.123163;0.173234;-20.4337
-22.0342;57.0744;0.385926;-0.0887137;0.19869;-20.8396
-13.2088;57.0744;0.392193;-0.053549;0.221918;-21.1519
-4.38334;57.0744;0.377864;-0.0189397;0.236244;-21.3545
4.44212;57.0744;0.341326;0.0141421;0.240161;-21.4435
13.2676;57.0744;0.299466;0.0453726;0.236806;-21.4333
22.093;57.0744;0.309472;0.0783042;0.226364;-21.3775
30.9185;57.0744;0.334113;0.145294;0.195156;-21.2195
39.7439;57.0744;0.357073;0.229826;0.15992;-20.9669
48.5694;57.0744;0.420724;0.295027;0.13737;-20.6727
57.3948;57.0744;0.506845;0.326929;0.129997;-20.3158
66.2203;57.0744;0.51609;0.349169;0.127209;-19.8241
75.0458;57.0744;0.442463;0.367748;0.123045;-19.1929
83.8712;57.0744;0.406091;0.375555;0.113423;-18.5233
92.6967;57.0744;0.409764;0.3779;0.10298;-17.829
101.522;57.0744;0.433113;0.377492;0.0921103;-17.0978
110.348;57.0744;0.445932;0.373121;0.0766353;-16.3088
119.173;57.0744;0.400501;0.362313;0.0609148;-15.4554
127.998;57.0744;0.358907;0.345157;0.0486524;-14.5566
136.824;57.0744;0.337;0.324046;0.0392482;-13.6265
145.649;57.0744;0.338795;0.302024;0.0331691;-12.6829
154.475;57.0744;0.360439;0.280256;0.0282163;-11.74
163.3;57.0744;0.384383;0.259315;0.0239476;-10.7742
172.126;57.0744;0.390127;0.235448;0.0222094;-9.76425
180.951;57.0744;0.387711;0.205378;0.0197899;-8.72229
189.777;57.0744;0.396904;0.16421;0.00907396;-7.65832
198.602;57.0744;0.429269;0.122017;-0.00114065;-6.59457
207.428;57.0744;0.460983;0.0863548;-0.00412416;-5.51557
216.253;57.0744;0.479491;0.0519919;-0.00241393;-4.40382
225.078;57.0744;0.492217;0.0138329;6.42276e-05;-3.23334
233.904;57.0744;0.572341;-0.0221756;0.00392764;-2.03286
-225.02;48.249;0.731176;-0.0113483;-0.00367138;-1.64167
-216.194;48.249;0.73356;-0.0250167;-0.00335557;-2.68915
-207.369;48.249;0.726227;-0.0232778;-0.0087773;-3.73236
-198.543;48.249;0.637673;-0.0367215;-0.0122477;-4.77624
-189.718;48.249;0.568256;-0.0669371;-0.00890368;-5.83147
-180.892;48.249;0.551947;-0.0926138;-0.00986746;-6.88027
-172.067;48.249;0.553632;-0.119221;-0.0140201;-7.94667
-163.242;48.249;0.551068;-0.147441;-0.0174802;-9.02013
-154.416;48.249;0.56325;-0.166663;-0.0215848;-10.0789
-145.591;48.249;0.603853;-0.173033;-0.0293608;-11.1046
-136.765;48.249;0.578412;-0.184689;-0.0263856;-12.0892
-127.94;48.249;0.535617;-0.203137;-0.014913;-13.0522
-119.114;48.249;0.484166;-0.217074;0.000276201;-13.9712
-110.289;48.249;0.443934;-0.225285;0.0157547;-14.8526
-101.463;48.249;0.437672;-0.229317;0.0280526;-15.7477
-92.6379;48.249;0.467989;-0.229063;0.0348159;-16.6345
-83.8124;48.249;0.483821;-0.22537;0.0433954;-17.4717
-74.987;48.249;0.456853;-0.221805;0.0618529;-18.2347
-66.1615;48.249;0.410511;-0.215752;0.0852297;-18.941
-57.3361;48.249;0.367269;-0.206058;0.107902;-19.6006
-48.5106;48.249;0.35742;-0.190692;0.128547;-20.2305
-39.6852;48.249;0.384507;-0.167506;0.148585;-20.8191
-30.8597;48.249;0.398629;-0.135403;0.169969;-21.3226
-22.0342;48.249;0.405957;-0.0972712;0.189396;-21.7417
-13.2088;48.249;0.415284;-0.0598835;0.206048;-22.0733
-4.38334;48.249;0.406118;-0.0240443;0.219668;-22.2951
4.44212;48.249;0.37586;0.00834424;0.230042;-22.4018
13.2676;48.249;0.347681;0.0399292;0.236362;-22.4023
22.093;48.249;0.369348;0.0880459;0.224646;-22.3418
30.9185;48.249;0.3968;0.170888;0.191338;-22.1772
39.7439;48.249;0.422986;0.261971;0.157985;-21.9144
48.5694;48.249;0.472738;0.326217;0.138845;-21.5841
57.3948;48.249;0.521711;0.356816;0.131225;-21.1602
66.2203;48.249;0.503653;0.380294;0.12353;-20.6112
75.0458;48.249;0.418369;0.398814;0.114402;-19.932
83.8712;48.249;0.383591;0.405567;0.102008;-19.2252
92.6967;48.249;0.388613;0.406761;0.0929643;-18.5018
101.522;48.249;0.414908;0.405677;0.086981;-17.7495
110.348;48.249;0.438413;0.401382;0.0755641;-16.9441
119.173;48.249;0.393725;0.387156;0.0603057;-16.0481
127.998;48.249;0.348269;0.368422;0.048681;-15.1083
136.824;48.249;0.326469;0.347382;0.0392145;-14.1495
145.649;48.249;0.335113;0.325961;0.0323287;-13.191
154.475;48.249;0.366684;0.304196;0.0265487;-12.2392
163.3;48.249;0.414261;0.281484;0.0218464;-11.2635
172.126;48.249;0.428349;0.255361;0.0203018;-10.2256
180.951;48.249;0.416016;0.22403;0.0192537;-9.14744
189.777;48.249;0.401736;0.182286;0.0111236;-8.04618
198.602;48.249;0.417766;0.137411;0.00249851;-6.9548
207.428;48.249;0.447426;0.0971944;-0.000973847;-5.85067
216.253;48.249;0.480054;0.0579235;-0.000220625;-4.72629
225.078;48.249;0.516555;0.0137667;0.00108294;-3.56509
233.904;48.249;0.571477;-0.0256495;0.00549329;-2.38051
-225.02;39.4235;0.683933;-0.0098081;-0.00320582;-1.88062
-216.194;39.4235;0.678594;-0.026452;-0.00309874;-2.95433
-207.369;39.4235;0.64359;-0.0356568;-0.00670183;-4.00636
-198.543;39.4235;0.567028;-0.0545758;-0.0080997;-5.05877
-189.718;39.4235;0.533347;-0.0834844;-0.00588614;-6.13734
-180.892;39.4235;0.527863;-0.108442;-0.0078705;-7.22352
-172.067;39.4235;0.515132;-0.13404;-0.0139468;-8.29886
-163.242;39.4235;0.504779;-0.162911;-0.0193411;-9.38673
-154.416;39.4235;0.530709;-0.183528;-0.0250535;-10.4615
-145.591;39.4235;0.574364;-0.189918;-0.0325882;-11.5018
-136.765;39.4235;0.532608;-0.198958;-0.0278007;-12.4926
-127.94;39.4235;0.466857;-0.216245;-0.0154595;-13.4693
-119.114;39.4235;0.427457;-0.230046;-0.00187916;-14.4116
-110.289;39.4235;0.415948;-0.240397;0.011446;-15.3274
-101.463;39.4235;0.421319;-0.246533;0.0243559;-16.2574
-92.6379;39.4235;0.433972;-0.24513;0.0320715;-17.1663
-83.8124;39.4235;0.439664;-0.238387;0.0395529;-18.0254
-74.987;39.4235;0.41607;-0.236278;0.0553162;-18.8305
-66.1615;39.4235;0.374872;-0.230125;0.0779137;-19.5781
-57.3361;39.4235;0.343384;-0.220168;0.100945;-20.2859
-48.5106;39.4235;0.357084;-0.205126;0.121599;-20.9706
-39.6852;39.4235;0.409212;-0.181863;0.140931;-21.6182
-30.8597;39.4235;0.431242;-0.149599;0.161854;-22.1617
-22.0342;39.4235;0.41322;-0.111618;0.179392;-22.5866
-13.2088;39.4235;0.417192;-0.0740492;0.194269;-22.926
-4.38334;39.4235;0.421986;-0.0387686;0.212196;-23.1819
4.44212;39.4235;0.42389;-0.00324285;0.228616;-23.3364
13.2676;39.4235;0.435953;0.0429587;0.233354;-23.3757
22.093;39.4235;0.47674;0.120969;0.21229;-23.3191
30.9185;39.4235;0.527669;0.219915;0.178234;-23.179
39.7439;39.4235;0.606123;0.305704;0.152304;-22.9573
48.5694;39.4235;0.65795;0.359628;0.138778;-22.5977
57.3948;39.4235;0.648823;0.387889;0.130094;-22.0832
66.2203;39.4235;0.572722;0.413961;0.114146;-21.4488
75.0458;39.4235;0.469402;0.431651;0.0949502;-20.7063
83.8712;39.4235;0.409311;0.437877;0.0811227;-19.9408
92.6967;39.4235;0.386608;0.438758;0.0764131;-19.1699
101.522;39.4235;0.395012;0.436717;0.0763524;-18.3797
110.348;39.4235;0.417713;0.43123;0.0686545;-17.5433
119.173;39.4235;0.392387;0.413758;0.0544322;-16.6076
127.998;39.4235;0.359762;0.39093;0.0434006;-15.6307
136.824;39.4235;0.349051;0.367781;0.0335108;-14.6493
145.649;39.4235;0.368246;0.345652;0.0248829;-13.6765
154.475;39.4235;0.409395;0.322403;0.017467;-12.7047
163.3;39.4235;0.478269;0.295505;0.0128212;-11.7112
172.126;39.4235;0.504975;0.265384;0.0109945;-10.6538
180.951;39.4235;0.48564;0.228647;0.0117405;-9.53623
189.777;39.4235;0.445452;0.186565;0.00713069;-8.39276
198.602;39.4235;0.44835;0.143131;0.00143981;-7.27762
207.428;39.4235;0.465324;0.102775;-0.00164079;-6.14997
216.253;39.4235;0.503842;0.0605052;-0.00118123;-5.0033
225.078;39.4235;0.529225;0.0128135;-0.000956311;-3.83306
233.904;39.4235;0.478669;-0.0290267;0.000634857;-2.66791
-225.02;30.5981;0.667552;-0.0169777;0.00253323;-2.1203
-216.194;30.5981;0.655921;-0.0348441;0.000673877;-3.22269
-207.369;30.5981;0.613172;-0.0478407;-0.00310098;-4.27849
-198.543;30.5981;0.566062;-0.0685079;-0.00459257;-5.34519
-189.718;30.5981;0.577787;-0.0940109;-0.00473663;-6.43209
-180.892;30.5981;0.581825;-0.116954;-0.00791733;-7.5359
-172.067;30.5981;0.560382;-0.139584;-0.0141609;-8.61506
-163.242;30.5981;0.539757;-0.16757;-0.0193643;-9.71136
-154.416;30.5981;0.549695;-0.192211;-0.0243996;-10.8014
-145.591;30.5981;0.570464;-0.202999;-0.0307731;-11.8465
-136.765;30.5981;0.517251;-0.211522;-0.0273909;-12.8465
-127.94;30.5981;0.444398;-0.226049;-0.0185299;-13.8381
-119.114;30.5981;0.418389;-0.238265;-0.0101157;-14.8067
-110.289;30.5981;0.420507;-0.25264;-0.000483249;-15.7639
-101.463;30.5981;0.421608;-0.263457;0.0130077;-16.7254
-92.6379;30.5981;0.413866;-0.261087;0.0232858;-17.6518
-83.8124;30.5981;0.406418;-0.251006;0.0310634;-18.5343
-74.987;30.5981;0.396855;-0.248911;0.0422299;-19.3858
-66.1615;30.5981;0.372499;-0.242197;0.0604103;-20.1766
-57.3361;30.5981;0.357289;-0.231839;0.0805832;-20.9309
-48.5106;30.5981;0.389201;-0.216726;0.0987856;-21.6655
-39.6852;30.5981;0.458248;-0.193502;0.11552;-22.3714
-30.8597;30.5981;0.492454;-0.162982;0.134444;-22.9674
-22.0342;30.5981;0.47049;-0.126538;0.153588;-23.4406
-13.2088;30.5981;0.492371;-0.089001;0.174731;-23.8303
-4.38334;30.5981;0.546833;-0.0570446;0.204249;-24.159
4.44212;30.5981;0.593486;-0.0158969;0.22479;-24.3512
13.2676;30.5981;0.626477;0.0581757;0.213257;-24.3975
22.093;30.5981;0.688029;0.176558;0.172308;-24.3542
30.9185;30.5981;0.83051;0.292669;0.13343;-24.3181
39.7439;30.5981;1.0449;0.365821;0.11746;-24.2264
48.5694;30.5981;1.11857;0.399392;0.112237;-23.8398
57.3948;30.5981;1.02965;0.419133;0.103172;-23.2024
66.2203;30.5981;0.870467;0.445278;0.0841338;-22.4456
75.0458;30.5981;0.715604;0.461485;0.0645084;-21.5984
83.8712;30.5981;0.599751;0.467482;0.0532706;-20.735
92.6967;30.5981;0.542734;0.467492;0.0517646;-19.8948
101.522;30.5981;0.543453;0.46235;0.0538818;-19.0555
110.348;30.5981;0.576391;0.451359;0.048045;-18.1774
119.173;30.5981;0.577135;0.429748;0.0381395;-17.2148
127.998;30.5981;0.558869;0.403324;0.0318456;-16.2118
136.824;30.5981;0.534356;0.380112;0.0249302;-15.1965
145.649;30.5981;0.51362;0.359946;0.016639;-14.1749
154.475;30.5981;0.508641;0.337097;0.0087794;-13.1405
163.3;30.5981;0.559224;0.307651;0.00528646;-12.1083
172.126;30.5981;0.583425;0.277386;0.0028309;-11.0404
180.951;30.5981;0.559021;0.241561;0.00338919;-9.908
189.777;30.5981;0.51038;0.197981;0.00180775;-8.73131
198.602;30.5981;0.522342;0.152741;0.00115817;-7.60146
207.428;30.5981;0.549546;0.111352;0.000392633;-6.46796
216.253;30.5981;0.580799;0.0688128;0.000103846;-5.30482
225.078;30.5981;0.607444;0.0210528;-0.00184434;-4.11438
233.904;30.5981;0.615146;-0.0261588;-0.00272175;-2.94036
-225.02;21.7726;0.689977;-0.0227581;0.0067413;-2.32017
-216.194;21.7726;0.688297;-0.0427229;0.00322215;-3.45964
-207.369;21.7726;0.652144;-0.057607;5.27207e-05;-4.52907
-198.543;21.7726;0.631162;-0.078672;-0.00116912;-5.61291
-189.718;21.7726;0.65508;-0.101499;-0.00355107;-6.70959
-180.892;21.7726;0.656678;-0.122907;-0.00843627;-7.81867
-172.067;21.7726;0.623208;-0.143375;-0.0152843;-8.89441
-163.242;21.7726;0.583805;-0.169108;-0.020926;-9.98093
-154.416;21.7726;0.568894;-0.195189;-0.0262161;-11.0723
-145.591;21.7726;0.573253;-0.210883;-0.032555;-12.131
-136.765;21.7726;0.531857;-0.22087;-0.0326848;-13.1569
-127.94;21.7726;0.481965;-0.232635;-0.0304486;-14.1716
-119.114;21.7726;0.461129;-0.242126;-0.0273348;-15.1653
-110.289;21.7726;0.453518;-0.258837;-0.0195252;-16.1546
-101.463;21.7726;0.442305;-0.273827;-0.00586918;-17.1393
-92.6379;21.7726;0.428162;-0.272891;0.0064789;-18.0837
-83.8124;21.7726;0.423428;-0.262229;0.0146162;-18.9905
-74.987;21.7726;0.429215;-0.258698;0.0210511;-19.8769
-66.1615;21.7726;0.416204;-0.25125;0.033076;-20.7057
-57.3361;21.7726;0.407818;-0.24158;0.0503236;-21.5037
-48.5106;21.7726;0.441406;-0.227384;0.0685921;-22.2827
-39.6852;21.7726;0.512216;-0.204693;0.0875389;-23.0395
-30.8597;21.7726;0.568355;-0.175008;0.109442;-23.7031
-22.0342;21.7726;0.589243;-0.137725;0.131202;-24.2516
-13.2088;21.7726;0.666009;-0.100369;0.157532;-24.7353
-4.38334;21.7726;0.795519;-0.0703054;0.196912;-25.1598
4.44212;21.7726;0.829546;-0.0225707;0.21166;-25.3167
13.2676;21.7726;0.767359;0.0781752;0.175716;-25.2717
22.093;21.7726;0.807164;0.233697;0.105341;-25.2316
30.9185;21.7726;1.09874;0.353396;0.0594809;-25.2693
39.7439;21.7726;1.28281;0.419545;0.0482198;-25.1193
48.5694;21.7726;1.19304;0.442843;0.0487097;-24.5799
57.3948;21.7726;1.00255;0.458809;0.0468425;-23.8561
66.2203;21.7726;0.909255;0.480759;0.0395392;-23.098
75.0458;21.7726;0.846251;0.493541;0.0320746;-22.2792
83.8712;21.7726;0.723457;0.500787;0.028653;-21.381
92.6967;21.7726;0.644532;0.499017;0.0290114;-20.4835
101.522;21.7726;0.622688;0.490766;0.0291811;-19.5875
110.348;21.7726;0.627989;0.474649;0.0251922;-18.6477
119.173;21.7726;0.603482;0.451779;0.0196787;-17.6351
127.998;21.7726;0.573498;0.425866;0.0177366;-16.5993
136.824;21.7726;0.551746;0.402678;0.0142747;-15.5611
145.649;21.7726;0.53112;0.381525;0.00823532;-14.5116
154.475;21.7726;0.510927;0.357036;0.0026885;-13.4366
163.3;21.7726;0.540462;0.326812;0.00117527;-12.3731
172.126;21.7726;0.559127;0.298264;-0.0021434;-11.2933
180.951;21.7726;0.52821;0.264157;-0.00244221;-10.1375
189.777;21.7726;0.48384;0.221234;-0.00229911;-8.94153
198.602;21.7726;0.538102;0.172152;-0.00022086;-7.82995
207.428;21.7726;0.609967;0.125667;0.000154369;-6.7207
216.253;21.7726;0.665222;0.0792476;0.000645762;-5.56837
225.078;21.7726;0.688117;0.0281862;-0.000789846;-4.36784
233.904;21.7726;0.704914;-0.0264183;-0.00443245;-3.14759
242.729;21.7726;0.343296;-0.052734;0.00132001;-1.91563
-225.02;12.9472;0.726213;-0.0165964;0.00491308;-2.45059
-216.194;12.9472;0.725841;-0.0419584;0.000917712;-3.60874
-207.369;12.9472;0.672497;-0.0619723;-0.000307193;-4.67967
-198.543;12.9472;0.650417;-0.0854896;-0.000263163;-5.76927
-189.718;12.9472;0.660725;-0.108013;-0.00393077;-6.88003
-180.892;12.9472;0.670722;-0.129655;-0.00940326;-8.0058
-172.067;12.9472;0.622312;-0.150922;-0.0163833;-9.07843
-163.242;12.9472;0.550836;-0.175036;-0.0234801;-10.1503
-154.416;12.9472;0.522097;-0.197342;-0.0319256;-11.2363
-145.591;12.9472;0.538477;-0.213876;-0.0407456;-12.3202
-136.765;12.9472;0.52997;-0.225734;-0.0452344;-13.3808
-127.94;12.9472;0.51404;-0.236578;-0.0472952;-14.4245
-119.114;12.9472;0.494617;-0.245984;-0.0445716;-15.4495
-110.289;12.9472;0.472794;-0.262375;-0.0374678;-16.4637
-101.463;12.9472;0.447809;-0.278045;-0.0260818;-17.4696
-92.6379;12.9472;0.424152;-0.28088;-0.0139273;-18.4335
-83.8124;12.9472;0.414244;-0.272477;-0.00453113;-19.3516
-74.987;12.9472;0.428188;-0.268185;-6.64149e-05;-20.261
-66.1615;12.9472;0.430688;-0.258605;0.00735359;-21.1217
-57.3361;12.9472;0.425056;-0.24638;0.0207681;-21.9521
-48.5106;12.9472;0.448174;-0.231364;0.0396073;-22.7636
-39.6852;12.9472;0.520342;-0.210409;0.0649525;-23.5615
-30.8597;12.9472;0.628775;-0.182327;0.094481;-24.2955
-22.0342;12.9472;0.750705;-0.144274;0.12129;-24.9389
-13.2088;12.9472;0.886777;-0.105527;0.146749;-25.4924
-4.38334;12.9472;0.918625;-0.0604039;0.173797;-25.8597
4.44212;12.9472;0.762969;0.00328871;0.171487;-25.853
13.2676;12.9472;0.520514;0.112752;0.120246;-25.6753
22.093;12.9472;0.424265;0.264637;0.0449978;-25.5662
30.9185;12.9472;0.58329;0.380159;-0.00268361;-25.5053
39.7439;12.9472;0.5825;0.448263;-0.0220212;-25.1684
48.5694;12.9472;0.500855;0.475152;-0.0258782;-24.5536
57.3948;12.9472;0.505271;0.498206;-0.0187301;-23.9426
66.2203;12.9472;0.66021;0.518143;-0.00967956;-23.3549
75.0458;12.9472;0.770601;0.526244;-0.00295869;-22.6598
83.8712;12.9472;0.689739;0.530146;0.00154784;-21.769
92.6967;12.9472;0.595222;0.524239;0.00491798;-20.8187
101.522;12.9472;0.532223;0.515054;0.0062477;-19.8637
110.348;12.9472;0.496348;0.498573;0.00481005;-18.8731
119.173;12.9472;0.456686;0.474498;0.0039674;-17.827
127.998;12.9472;0.446523;0.449053;0.00470021;-16.7894
136.824;12.9472;0.451835;0.426905;0.00253917;-15.7573
145.649;12.9472;0.454144;0.404461;-0.00220252;-14.7036
154.475;12.9472;0.449011;0.377417;-0.00515012;-13.616
163.3;12.9472;0.475258;0.347495;-0.00467927;-12.538
172.126;12.9472;0.495312;0.3188;-0.00704422;-11.4423
180.951;12.9472;0.469334;0.282601;-0.006637;-10.2628
189.777;12.9472;0.440424;0.23931;-0.00505194;-9.06062
198.602;12.9472;0.512888;0.189207;-0.0020233;-7.95351
207.428;12.9472;0.625062;0.139572;-0.000857903;-6.87379
216.253;12.9472;0.706425;0.0915865;-0.000342543;-5.74556
225.078;12.9472;0.739526;0.0403726;-0.0003416;-4.54609
233.904;12.9472;0.727439;-0.0166545;-0.00270912;-3.28312
242.729;12.9472;0.615942;-0.0559931;0.0011279;-1.98741
-233.845;4.12171;0.64131;0.00633304;0.00535235;-1.39915
-225.02;4.12171;0.720313;-0.00801255;-0.000383873;-2.5268
-216.194;4.12171;0.701407;-0.0343516;-0.00262657;-3.65418
-207.369;4.12171;0.590695;-0.066848;-0.00113823;-4.74052
-198.543;4.12171;0.529861;-0.0962744;-0.00014489;-5.8312
-189.718;4.12171;0.54309;-0.11932;-0.0044959;-6.95357
-180.892;4.12171;0.603383;-0.139482;-0.0091558;-8.10284
-172.067;4.12171;0.567089;-0.162921;-0.014944;-9.20464
-163.242;4.12171;0.47528;-0.186644;-0.0235425;-10.2965
-154.416;4.12171;0.447919;-0.201388;-0.0371679;-11.3923
-145.591;4.12171;0.503964;-0.209896;-0.0509683;-12.4767
-136.765;4.12171;0.511707;-0.224946;-0.0583058;-13.5589
-127.94;4.12171;0.496112;-0.23785;-0.0606903;-14.6144
-119.114;4.12171;0.485832;-0.248579;-0.0569274;-15.6466
-110.289;4.12171;0.472993;-0.26515;-0.0505861;-16.6951
-101.463;4.12171;0.442604;-0.278835;-0.0441222;-17.7139
-92.6379;4.12171;0.398254;-0.281128;-0.0372555;-18.6742
-83.8124;4.12171;0.369416;-0.276896;-0.0293029;-19.5929
-74.987;4.12171;0.38215;-0.276871;-0.0211464;-20.5226
-66.1615;4.12171;0.400456;-0.267516;-0.0148912;-21.4127
-57.3361;4.12171;0.401448;-0.253495;-0.00585566;-22.2721
-48.5106;4.12171;0.414153;-0.23606;0.0101121;-23.1047
-39.6852;4.12171;0.474938;-0.213203;0.036905;-23.9215
-30.8597;4.12171;0.594404;-0.182968;0.0691714;-24.6882
-22.0342;4.12171;0.734883;-0.139484;0.0974431;-25.3813
-13.2088;4.12171;0.807572;-0.092142;0.117902;-25.9148
-4.38334;4.12171;0.511373;-0.0348299;0.132421;-26.0932
4.44212;4.12171;0.0737226;0.0471012;0.112929;-25.8994
13.2676;4.12171;-0.144765;0.165733;0.0523282;-25.7205
22.093;4.12171;0.0490373;0.287929;-0.0118555;-25.6903
30.9185;4.12171;0.212286;0.390472;-0.0529811;-25.5789
39.7439;4.12171;0.1346;0.457602;-0.0782221;-25.1304
48.5694;4.12171;0.111664;0.492902;-0.0859556;-24.5534
57.3948;4.12171;0.251721;0.523469;-0.0765569;-24.0542
66.2203;4.12171;0.50095;0.544278;-0.060473;-23.5475
75.0458;4.12171;0.655497;0.55097;-0.045815;-22.884
83.8712;4.12171;0.576704;0.551286;-0.0354963;-21.9659
92.6967;4.12171;0.444012;0.541084;-0.0292142;-20.9447
101.522;4.12171;0.326647;0.531538;-0.0256702;-19.9235
110.348;4.12171;0.260425;0.51745;-0.023214;-18.903
119.173;4.12171;0.257004;0.493829;-0.0190464;-17.876
127.998;4.12171;0.311554;0.468852;-0.0164527;-16.884
136.824;4.12171;0.362784;0.448039;-0.0181251;-15.8832
145.649;4.12171;0.394481;0.42384;-0.0207976;-14.8349
154.475;4.12171;0.412147;0.393645;-0.0206351;-13.7425
163.3;4.12171;0.444187;0.364478;-0.0177614;-12.6604
172.126;4.12171;0.468355;0.333693;-0.0165288;-11.5484
180.951;4.12171;0.451117;0.293893;-0.0129339;-10.3547
189.777;4.12171;0.430231;0.24885;-0.00829708;-9.14539
198.602;4.12171;0.47845;0.200116;-0.00404741;-8.00774
207.428;4.12171;0.600553;0.149826;-0.00243485;-6.93177
216.253;4.12171;0.686473;0.101095;-0.00230778;-5.80934
225.078;4.12171;0.707491;0.0499556;-0.00124369;-4.60564
233.904;4.12171;0.668158;-0.00891636;0.00104565;-3.31019
242.729;4.12171;0.609833;-0.0538419;0.00635609;-2.00422
251.555;4.12171;0.671823;-0.0442503;0.0122077;-0.793175
-233.845;-4.70375;0.586829;0.0112918;0.0050674;-1.40964
-225.02;-4.70375;0.660359;-0.00435727;0.00154322;-2.54884
-216.194;-4.70375;0.623554;-0.0333511;0.000206123;-3.66273
-207.369;-4.70375;0.49183;-0.0707416;0.00114421;-4.74376
-198.543;-4.70375;0.421979;-0.100916;-0.000638563;-5.82736
-189.718;-4.70375;0.445935;-0.122251;-0.00602933;-6.95431
-180.892;-4.70375;0.554157;-0.142749;-0.00811817;-8.13127
-172.067;-4.70375;0.573258;-0.162765;-0.0129981;-9.26866
-163.242;-4.70375;0.522681;-0.176274;-0.0247202;-10.3737
-154.416;-4.70375;0.505238;-0.182194;-0.0429146;-11.4792
-145.591;-4.70375;0.540459;-0.190988;-0.0575232;-12.5729
-136.765;-4.70375;0.518629;-0.213219;-0.0656995;-13.6696
-127.94;-4.70375;0.480418;-0.229807;-0.067674;-14.7244
-119.114;-4.70375;0.475863;-0.24382;-0.0638823;-15.7591
-110.289;-4.70375;0.463953;-0.259372;-0.0607641;-16.8112
-101.463;-4.70375;0.426667;-0.269938;-0.0601061;-17.828
-92.6379;-4.70375;0.373882;-0.27238;-0.0590212;-18.7913
-83.8124;-4.70375;0.333054;-0.272014;-0.0540128;-19.7244
-74.987;-4.70375;0.336883;-0.272584;-0.0466038;-20.6683
-66.1615;-4.70375;0.356957;-0.267085;-0.0414773;-21.5843
-57.3361;-4.70375;0.363312;-0.256327;-0.0364957;-22.4702
-48.5106;-4.70375;0.376029;-0.239142;-0.0252121;-23.3216
-39.6852;-4.70375;0.420881;-0.213916;-0.00410516;-24.1296
-30.8597;-4.70375;0.502915;-0.1794;0.0220318;-24.872
-22.0342;-4.70375;0.582725;-0.133683;0.0458828;-25.5234
-13.2088;-4.70375;0.52164;-0.0843553;0.0652927;-25.9795
-4.38334;-4.70375;0.045381;-0.0190956;0.0759418;-25.9815
4.44212;-4.70375;-0.382368;0.0753661;0.0433779;-25.7755
13.2676;-4.70375;-0.370369;0.204895;-0.0192594;-25.7992
22.093;-4.70375;0.0774708;0.312978;-0.073762;-25.9132
30.9185;-4.70375;0.20822;0.397025;-0.101946;-25.7816
39.7439;-4.70375;0.128764;0.454015;-0.125025;-25.2698
48.5694;-4.70375;0.142907;0.492407;-0.133946;-24.7278
57.3948;-4.70375;0.279458;0.523454;-0.126232;-24.2225
66.2203;-4.70375;0.45502;0.544868;-0.109994;-23.6599
75.0458;-4.70375;0.543961;0.552645;-0.0938368;-22.9316
83.8712;-4.70375;0.434408;0.551843;-0.0817278;-21.963
92.6967;-4.70375;0.260757;0.541148;-0.0748424;-20.887
101.522;-4.70375;0.116511;0.531452;-0.0693178;-19.829
110.348;-4.70375;0.0722964;0.519457;-0.0626939;-18.8272
119.173;-4.70375;0.165077;0.501527;-0.0543391;-17.8969
127.998;-4.70375;0.307964;0.48043;-0.0493079;-16.9915
136.824;-4.70375;0.392569;0.459957;-0.0486804;-16.0141
145.649;-4.70375;0.437831;0.434486;-0.0471484;-14.9629
154.475;-4.70375;0.46951;0.404664;-0.0426014;-13.8716
163.3;-4.70375;0.504238;0.376907;-0.0372739;-12.7898
172.126;-4.70375;0.525109;0.343541;-0.0320846;-11.6658
180.951;-4.70375;0.498228;0.301293;-0.0237094;-10.4587
189.777;-4.70375;0.458899;0.254497;-0.0141453;-9.2271
198.602;-4.70375;0.467099;0.206628;-0.00716901;-8.04404
207.428;-4.70375;0.568109;0.156762;-0.00536577;-6.93593
216.253;-4.70375;0.647953;0.106787;-0.00426651;-5.79988
225.078;-4.70375;0.668646;0.0545561;-0.000903365;-4.59123
233.904;-4.70375;0.627412;-0.00188201;0.00568021;-3.29997
242.729;-4.70375;0.563226;-0.0450228;0.0117991;-2.01877
251.555;-4.70375;0.623722;-0.0401364;0.0133074;-0.819166
-233.845;-13.5292;0.587594;0.0210019;0.00990366;-1.38899
-225.02;-13.5292;0.641943;0.00650198;0.00884863;-2.55114
-216.194;-13.5292;0.607711;-0.0225944;0.00987339;-3.66615
-207.369;-13.5292;0.536124;-0.0610994;0.00819567;-4.76719
-198.543;-13.5292;0.493033;-0.0931284;0.0029231;-5.87075
-189.718;-13.5292;0.510879;-0.116424;-0.00430098;-7.00389
-180.892;-13.5292;0.594181;-0.136225;-0.00837619;-8.17176
-172.067;-13.5292;0.596452;-0.151019;-0.0172324;-9.30873
-163.242;-13.5292;0.54583;-0.157278;-0.033165;-10.4078
-154.416;-13.5292;0.525537;-0.161631;-0.0520921;-11.5175
-145.591;-13.5292;0.541726;-0.174765;-0.0636971;-12.6187
-136.765;-13.5292;0.505707;-0.199395;-0.0695712;-13.7132
-127.94;-13.5292;0.46875;-0.215692;-0.072471;-14.7568
-119.114;-13.5292;0.46394;-0.23262;-0.0723019;-15.8002
-110.289;-13.5292;0.441703;-0.248128;-0.0745659;-16.8389
-101.463;-13.5292;0.397053;-0.257061;-0.0788179;-17.8435
-92.6379;-13.5292;0.351009;-0.259308;-0.0822272;-18.8105
-83.8124;-13.5292;0.323218;-0.259212;-0.0822979;-19.7666
-74.987;-13.5292;0.316737;-0.25765;-0.0806739;-20.7118
-66.1615;-13.5292;0.323542;-0.252996;-0.079369;-21.6313
-57.3361;-13.5292;0.31604;-0.248077;-0.0761845;-22.5331
-48.5106;-13.5292;0.328747;-0.234077;-0.0676052;-23.392
-39.6852;-13.5292;0.375191;-0.206875;-0.055287;-24.1916
-30.8597;-13.5292;0.435156;-0.168831;-0.041373;-24.8982
-22.0342;-13.5292;0.456142;-0.12251;-0.0268072;-25.4905
-13.2088;-13.5292;0.312479;-0.0692346;-0.0116963;-25.903
-4.38334;-13.5292;-0.0890527;0.00804989;-0.00551469;-25.9362
4.44212;-13.5292;-0.239082;0.113748;-0.039851;-25.9348
13.2676;-13.5292;-0.000141692;0.235731;-0.0966811;-26.0978
22.093;-13.5292;0.373564;0.331363;-0.138715;-26.1976
30.9185;-13.5292;0.366965;0.392491;-0.14932;-25.9603
39.7439;-13.5292;0.294649;0.437842;-0.164735;-25.4132
48.5694;-13.5292;0.299878;0.476308;-0.173157;-24.8647
57.3948;-13.5292;0.350282;0.506128;-0.167356;-24.2757
66.2203;-13.5292;0.40159;0.527603;-0.152695;-23.6036
75.0458;-13.5292;0.420153;0.538002;-0.13755;-22.8065
83.8712;-13.5292;0.301579;0.542048;-0.125202;-21.8349
92.6967;-13.5292;0.126453;0.538775;-0.116897;-20.7775
101.522;-13.5292;0.0290961;0.531297;-0.107722;-19.7632
110.348;-13.5292;0.0883011;0.519507;-0.0973222;-18.851
119.173;-13.5292;0.303357;0.502939;-0.0873832;-18.0335
127.998;-13.5292;0.504357;0.4839;-0.0821286;-17.1795
136.824;-13.5292;0.541989;0.4642;-0.077357;-16.1574
145.649;-13.5292;0.549204;0.438163;-0.070072;-15.0638
154.475;-13.5292;0.586949;0.409727;-0.0623967;-13.9729
163.3;-13.5292;0.625654;0.382076;-0.0553311;-12.8897
172.126;-13.5292;0.615866;0.346947;-0.0472581;-11.7458
180.951;-13.5292;0.555324;0.303888;-0.0354339;-10.5181
189.777;-13.5292;0.491494;0.257449;-0.02304;-9.26666
198.602;-13.5292;0.481858;0.210713;-0.0144963;-8.05662
207.428;-13.5292;0.579637;0.159933;-0.0115579;-6.92952
216.253;-13.5292;0.672441;0.106768;-0.00737518;-5.78814
225.078;-13.5292;0.707555;0.0516017;0.000347016;-4.582
233.904;-13.5292;0.693299;0.00148507;0.00926116;-3.31551
242.729;-13.5292;0.677379;-0.0363639;0.01589;-2.04798
-233.845;-22.3547;0.594305;0.02824;0.0154799;-1.35645
-225.02;-22.3547;0.650664;0.0248174;0.0139115;-2.48946
-216.194;-22.3547;0.616242;-0.0066901;0.0149572;-3.62142
-207.369;-22.3547;0.589395;-0.0455429;0.0124473;-4.75336
-198.543;-22.3547;0.599601;-0.0772244;0.00597131;-5.87878
-189.718;-22.3547;0.618345;-0.101364;-0.00139303;-7.01675
-180.892;-22.3547;0.648635;-0.120273;-0.00960355;-8.15312
-172.067;-22.3547;0.58451;-0.131907;-0.0252166;-9.2622
-163.242;-22.3547;0.505659;-0.136883;-0.045371;-10.3433
-154.416;-22.3547;0.488878;-0.14563;-0.06143;-11.4561
-145.591;-22.3547;0.510574;-0.163712;-0.0705235;-12.5679
-136.765;-22.3547;0.49563;-0.186821;-0.0780536;-13.6665
-127.94;-22.3547;0.47266;-0.203296;-0.0848444;-14.7241
-119.114;-22.3547;0.460016;-0.221664;-0.0890666;-15.7836
-110.289;-22.3547;0.416012;-0.236684;-0.0952848;-16.8058
-101.463;-22.3547;0.359792;-0.245622;-0.102927;-17.7913
-92.6379;-22.3547;0.325532;-0.249019;-0.109799;-18.7571
-83.8124;-22.3547;0.32305;-0.248301;-0.115394;-19.7278
-74.987;-22.3547;0.319863;-0.243442;-0.120328;-20.6605
-66.1615;-22.3547;0.307588;-0.236826;-0.124244;-21.5575
-57.3361;-22.3547;0.276098;-0.2342;-0.122564;-22.4416
-48.5106;-22.3547;0.282678;-0.220824;-0.115925;-23.2896
-39.6852;-22.3547;0.345994;-0.191512;-0.111346;-24.0775
-30.8597;-22.3547;0.426049;-0.150579;-0.111017;-24.7714
-22.0342;-22.3547;0.442885;-0.101625;-0.111217;-25.3536
-13.2088;-22.3547;0.334516;-0.0389664;-0.10997;-25.7659
-4.38334;-22.3547;0.135706;0.0395006;-0.109752;-25.9003
4.44212;-22.3547;0.213395;0.141882;-0.137418;-26.0554
13.2676;-22.3547;0.429763;0.239871;-0.170063;-26.1776
22.093;-22.3547;0.499363;0.312326;-0.183109;-26.1248
30.9185;-22.3547;0.378285;0.367089;-0.17894;-25.7601
39.7439;-22.3547;0.325632;0.415985;-0.191313;-25.2527
48.5694;-22.3547;0.342644;0.455904;-0.200529;-24.7179
57.3948;-22.3547;0.351324;0.485734;-0.197931;-24.0918
66.2203;-22.3547;0.339289;0.506641;-0.186507;-23.3679
75.0458;-22.3547;0.335253;0.518342;-0.173377;-22.5641
83.8712;-22.3547;0.2797;0.526007;-0.161315;-21.6731
92.6967;-22.3547;0.176577;0.530402;-0.150682;-20.7144
101.522;-22.3547;0.180236;0.524447;-0.137375;-19.7985
110.348;-22.3547;0.346415;0.511039;-0.124389;-18.9771
119.173;-22.3547;0.613049;0.493289;-0.115551;-18.1999
127.998;-22.3547;0.728912;0.47731;-0.109441;-17.2856
136.824;-22.3547;0.64122;0.458397;-0.099682;-16.1567
145.649;-22.3547;0.587142;0.434204;-0.0865418;-15.0113
154.475;-22.3547;0.633909;0.408206;-0.0744549;-13.929
163.3;-22.3547;0.71162;0.378259;-0.0652097;-12.8685
172.126;-22.3547;0.718391;0.341778;-0.0566211;-11.7404
180.951;-22.3547;0.671426;0.298806;-0.0437681;-10.5304
189.777;-22.3547;0.628721;0.252475;-0.0297024;-9.29983
198.602;-22.3547;0.640301;0.205575;-0.0190509;-8.10457
207.428;-22.3547;0.724415;0.154;-0.0132972;-6.9611
216.253;-22.3547;0.811812;0.0976124;-0.00584757;-5.79502
225.078;-22.3547;0.853397;0.0406379;0.00492711;-4.57407
233.904;-22.3547;0.827459;-0.00557546;0.0140762;-3.32038
242.729;-22.3547;0.791608;-0.0312214;0.0202568;-2.08907
-233.845;-31.1801;0.614076;0.0412271;0.0234719;-1.29126
-225.02;-31.1801;0.595656;0.0242583;0.0197732;-2.40745
-216.194;-31.1801;0.562302;0.00198414;0.017699;-3.51778
-207.369;-31.1801;0.551527;-0.0361933;0.0145891;-4.6673
-198.543;-31.1801;0.601751;-0.0662234;0.00944351;-5.8091
-189.718;-31.1801;0.630051;-0.0879164;0.00124285;-6.93749
-180.892;-31.1801;0.635522;-0.102522;-0.0115113;-8.04878
-172.067;-31.1801;0.550803;-0.110145;-0.0331788;-9.14238
-163.242;-31.1801;0.471253;-0.116594;-0.0555508;-10.2263
-154.416;-31.1801;0.462374;-0.130875;-0.0692562;-11.3419
-145.591;-31.1801;0.493008;-0.152891;-0.0789764;-12.4568
-136.765;-31.1801;0.500851;-0.17586;-0.0917181;-13.5605
-127.94;-31.1801;0.495423;-0.195621;-0.104316;-14.6474
-119.114;-31.1801;0.471417;-0.213249;-0.111475;-15.7036
-110.289;-31.1801;0.40767;-0.226449;-0.119145;-16.7054
-101.463;-31.1801;0.337795;-0.23611;-0.129165;-17.6713
-92.6379;-31.1801;0.305451;-0.242351;-0.139408;-18.631
-83.8124;-31.1801;0.318424;-0.243086;-0.149945;-19.5944
-74.987;-31.1801;0.328877;-0.236548;-0.159309;-20.5094
-66.1615;-31.1801;0.303383;-0.229932;-0.166263;-21.357
-57.3361;-31.1801;0.263655;-0.221035;-0.166984;-22.2491
-48.5106;-31.1801;0.26949;-0.162157;-0.159953;-23.6895
-39.6852;-31.1801;0.340344;-0.146463;-0.163447;-24.1264
-30.8597;-31.1801;0.431562;-0.129296;-0.173038;-24.4436
-22.0342;-31.1801;0.455733;-0.0762158;-0.18223;-25.0416
-13.2088;-31.1801;0.418518;-0.0106336;-0.191687;-25.4345
-4.38334;-31.1801;0.349786;0.0684974;-0.200654;-25.6313
4.44212;-31.1801;0.36403;0.149549;-0.212262;-25.781
13.2676;-31.1801;0.427513;0.224368;-0.219242;-25.8279
22.093;-31.1801;0.438535;0.290149;-0.218295;-25.6982
30.9185;-31.1801;0.342024;0.344561;-0.213289;-25.3487
39.7439;-31.1801;0.334711;0.391545;-0.219698;-24.897
48.5694;-31.1801;0.358249;0.432409;-0.224543;-24.3875
57.3948;-31.1801;0.352648;0.465204;-0.221838;-23.7724
66.2203;-31.1801;0.332375;0.48694;-0.212286;-23.0552
75.0458;-31.1801;0.339282;0.498098;-0.199595;-22.2755
83.8712;-31.1801;0.341387;0.507516;-0.18598;-21.4657
92.6967;-31.1801;0.313877;0.51551;-0.171485;-20.6062
101.522;-31.1801;0.381321;0.511158;-0.15515;-19.7661
110.348;-31.1801;0.553308;0.499263;-0.141863;-18.9639
119.173;-31.1801;0.74457;0.48344;-0.134887;-18.1313
127.998;-31.1801;0.765873;0.467529;-0.12859;-17.1322
136.824;-31.1801;0.616526;0.447904;-0.11422;-15.9439
145.649;-31.1801;0.552903;0.425024;-0.0970268;-14.7924
154.475;-31.1801;0.617078;0.402459;-0.0825179;-13.7345
163.3;-31.1801;0.721476;0.37411;-0.0709437;-12.6978
172.126;-31.1801;0.768816;0.33605;-0.0605647;-11.6028
180.951;-31.1801;0.762551;0.290311;-0.0479585;-10.4281
189.777;-31.1801;0.75484;0.241233;-0.0348695;-9.22927
198.602;-31.1801;0.779572;0.192364;-0.0228181;-8.04795
207.428;-31.1801;0.826531;0.140296;-0.0134501;-6.87796
216.253;-31.1801;0.89464;0.0840583;-0.00337393;-5.69277
225.078;-31.1801;0.947507;0.0287006;0.00724379;-4.47235
233.904;-31.1801;0.928101;-0.0187658;0.0163875;-3.19373
242.729;-31.1801;0.878017;-0.0383347;0.0214539;-1.98906
-225.02;-40.0056;0.53267;0.0409188;0.024555;-2.23127
-216.194;-40.0056;0.463096;0.0138302;0.0187756;-3.33567
-207.369;-40.0056;0.496152;-0.0178939;0.0154818;-4.48323
-198.543;-40.0056;0.553596;-0.0506945;0.0128107;-5.6536
-189.718;-40.0056;0.559877;-0.0717071;0.00189925;-6.7775
-180.892;-40.0056;0.550657;-0.080474;-0.0177473;-7.87589
-172.067;-40.0056;0.517587;-0.0854791;-0.0443506;-8.96718
-163.242;-40.0056;0.483863;-0.0956074;-0.0662956;-10.0676
-154.416;-40.0056;0.475939;-0.114451;-0.0789002;-11.1738
-145.591;-40.0056;0.489866;-0.139622;-0.0906123;-12.2737
-136.765;-40.0056;0.497651;-0.165444;-0.107002;-13.3685
-127.94;-40.0056;0.512233;-0.188119;-0.121648;-14.4697
-119.114;-40.0056;0.491157;-0.203266;-0.129581;-15.522
-110.289;-40.0056;0.427869;-0.214076;-0.137958;-16.5093
-101.463;-40.0056;0.352606;-0.223965;-0.149822;-17.4532
-92.6379;-40.0056;0.311713;-0.232287;-0.16351;-18.3954
-83.8124;-40.0056;0.320076;-0.2349;-0.179282;-19.3421
-74.987;-40.0056;0.32875;-0.229613;-0.192239;-20.2417
-66.1615;-40.0056;0.301596;-0.221702;-0.200531;-21.0823
-30.8597;-40.0056;0.396887;-0.108932;-0.221387;-24.0287
-22.0342;-40.0056;0.374204;-0.0568738;-0.231049;-24.5774
-13.2088;-40.0056;0.37098;0.00792723;-0.240954;-24.9469
-4.38334;-40.0056;0.359939;0.0840254;-0.250699;-25.1678
4.44212;-40.0056;0.358153;0.153991;-0.255593;-25.2742
13.2676;-40.0056;0.360885;0.215854;-0.251831;-25.2634
22.093;-40.0056;0.351181;0.271783;-0.242772;-25.113
30.9185;-40.0056;0.316683;0.322915;-0.239436;-24.8112
39.7439;-40.0056;0.306453;0.368417;-0.242869;-24.3953
48.5694;-40.0056;0.307136;0.409219;-0.241812;-23.898
57.3948;-40.0056;0.299846;0.442816;-0.234998;-23.3017
66.2203;-40.0056;0.298297;0.465708;-0.225876;-22.6168
75.0458;-40.0056;0.320123;0.478323;-0.216615;-21.8742
83.8712;-40.0056;0.340604;0.489094;-0.202737;-21.1043
92.6967;-40.0056;0.347603;0.495008;-0.18497;-20.291
101.522;-40.0056;0.404648;0.49244;-0.167136;-19.465
110.348;-40.0056;0.504101;0.48392;-0.154646;-18.6214
119.173;-40.0056;0.590771;0.4703;-0.148563;-17.7123
127.998;-40.0056;0.572855;0.453083;-0.142146;-16.6733
136.824;-40.0056;0.483158;0.43255;-0.125554;-15.5362
145.649;-40.0056;0.470106;0.410183;-0.107005;-14.4348
154.475;-40.0056;0.542991;0.388927;-0.0912819;-13.3967
163.3;-40.0056;0.639676;0.361251;-0.0777692;-12.3617
172.126;-40.0056;0.70854;0.323034;-0.0665076;-11.2886
180.951;-40.0056;0.734728;0.277661;-0.0549825;-10.1509
189.777;-40.0056;0.749512;0.229612;-0.0433654;-8.98455
198.602;-40.0056;0.767098;0.183367;-0.0316131;-7.81592
207.428;-40.0056;0.77246;0.133084;-0.0203003;-6.6251
216.253;-40.0056;0.816959;0.0798855;-0.00997626;-5.43559
225.078;-40.0056;0.878216;0.0270573;0.000121943;-4.23488
233.904;-40.0056;0.918452;-0.0202478;0.00847481;-2.98977
242.729;-40.0056;0.931893;-0.0387558;0.0160089;-1.78548
-225.02;-48.831;0.515857;0.0653256;0.0252525;-2.04013
-216.194;-48.831;0.424254;0.0315238;0.0174264;-3.14578
-207.369;-48.831;0.498711;0.00519768;0.0159208;-4.28586
-198.543;-48.831;0.547367;-0.0266665;0.0145746;-5.46344
-189.718;-48.831;0.504605;-0.0443879;-0.000792571;-6.57426
-180.892;-48.831;0.473506;-0.0476038;-0.0287286;-7.65673
-172.067;-48.831;0.501996;-0.0564459;-0.0580914;-8.75047
-163.242;-48.831;0.515844;-0.0744622;-0.0775939;-9.86515
-154.416;-48.831;0.489773;-0.0983072;-0.0894682;-10.9465
-145.591;-48.831;0.454701;-0.127202;-0.102278;-12.0172
-136.765;-48.831;0.445926;-0.155523;-0.119312;-13.0918
-127.94;-48.831;0.478667;-0.174602;-0.131134;-14.1879
-119.114;-48.831;0.494499;-0.185487;-0.139111;-15.2311
-110.289;-48.831;0.448697;-0.19465;-0.1496;-16.2171
-101.463;-48.831;0.388004;-0.203928;-0.162435;-17.1532
-92.6379;-48.831;0.354476;-0.212084;-0.178305;-18.0742
-83.8124;-48.831;0.352069;-0.21502;-0.199035;-18.9956
-74.987;-48.831;0.346714;-0.211376;-0.215209;-19.8454
-66.1615;-48.831;0.319148;-0.202624;-0.225726;-20.6833
-57.3361;-48.831;0.295741;-0.196154;-0.229499;-21.499
-30.8597;-48.831;0.30573;-0.0923442;-0.258964;-23.4732
-22.0342;-48.831;0.266388;-0.0415531;-0.26447;-23.9724
-13.2088;-48.831;0.289453;0.0206093;-0.267733;-24.3314
-4.38334;-48.831;0.317518;0.0882226;-0.271436;-24.5535
4.44212;-48.831;0.317354;0.152144;-0.275026;-24.644
13.2676;-48.831;0.295406;0.208269;-0.270874;-24.6012
22.093;-48.831;0.270047;0.256981;-0.260103;-24.4307
30.9185;-48.831;0.253287;0.303533;-0.257435;-24.1559
39.7439;-48.831;0.229512;0.346339;-0.259925;-23.7553
48.5694;-48.831;0.210156;0.385268;-0.260402;-23.2611
57.3948;-48.831;0.209125;0.418097;-0.255662;-22.6891
66.2203;-48.831;0.217038;0.44322;-0.248594;-22.0398
75.0458;-48.831;0.219822;0.459075;-0.242339;-21.3108
83.8712;-48.831;0.205306;0.473338;-0.232964;-20.5433
92.6967;-48.831;0.212207;0.475409;-0.214551;-19.7364
101.522;-48.831;0.228369;0.470267;-0.194405;-18.8798
110.348;-48.831;0.251333;0.461608;-0.179325;-17.9786
119.173;-48.831;0.27681;0.449519;-0.169964;-17.0309
127.998;-48.831;0.294588;0.432772;-0.160038;-16.034
136.824;-48.831;0.331697;0.413664;-0.142072;-15.0266
145.649;-48.831;0.38887;0.392249;-0.121731;-14.0049
154.475;-48.831;0.455767;0.369058;-0.102619;-12.9775
163.3;-48.831;0.516834;0.339886;-0.0858183;-11.9319
172.126;-48.831;0.564363;0.304166;-0.0732303;-10.8574
180.951;-48.831;0.584572;0.264849;-0.0621408;-9.73553
189.777;-48.831;0.593898;0.223155;-0.0517012;-8.58603
198.602;-48.831;0.60205;0.179837;-0.0409657;-7.42402
207.428;-48.831;0.60957;0.131287;-0.030215;-6.24773
216.253;-48.831;0.655738;0.0793111;-0.0196338;-5.06842
225.078;-48.831;0.718018;0.0283203;-0.0112948;-3.8955
233.904;-48.831;0.773504;-0.0238134;-0.0049112;-2.67505
242.729;-48.831;0.791984;-0.0521103;0.00554624;-1.46877
-225.02;-57.6565;0.587531;0.0908083;0.0244903;-1.88875
-216.194;-57.6565;0.49407;0.0505161;0.0170286;-2.97508
-207.369;-57.6565;0.546607;0.0212074;0.019115;-4.09713
-198.543;-57.6565;0.587229;-0.000719668;0.0160163;-5.24808
-189.718;-57.6565;0.526642;-0.00864019;-0.00661066;-6.35421
-180.892;-57.6565;0.496452;-0.00886462;-0.0383185;-7.42238
-172.067;-57.6565;0.513218;-0.0255328;-0.0649646;-8.50287
-163.242;-57.6565;0.51169;-0.0501367;-0.0812186;-9.59931
-154.416;-57.6565;0.466042;-0.075874;-0.0927081;-10.6407
-145.591;-57.6565;0.403086;-0.105831;-0.106316;-11.6766
-136.765;-57.6565;0.375567;-0.134533;-0.123244;-12.7284
-127.94;-57.6565;0.432479;-0.153842;-0.133088;-13.8137
-119.114;-57.6565;0.46182;-0.164462;-0.142208;-14.8471
-110.289;-57.6565;0.424836;-0.172522;-0.156453;-15.8261
-101.463;-57.6565;0.381769;-0.179609;-0.171907;-16.748
-92.6379;-57.6565;0.353058;-0.187719;-0.187528;-17.6481
-83.8124;-57.6565;0.333775;-0.192788;-0.20724;-18.539
-74.987;-57.6565;0.319523;-0.189422;-0.228391;-19.3546
-30.8597;-57.6565;0.265825;-0.0812288;-0.291298;-22.7817
-22.0342;-57.6565;0.220834;-0.0302012;-0.296131;-23.2533
-13.2088;-57.6565;0.222781;0.0294466;-0.297085;-23.5949
-4.38334;-57.6565;0.247654;0.0896146;-0.29843;-23.8164
4.44212;-57.6565;0.252111;0.146847;-0.300249;-23.9002
13.2676;-57.6565;0.225845;0.198515;-0.296321;-23.8428
22.093;-57.6565;0.191469;0.243549;-0.285861;-23.6654
30.9185;-57.6565;0.17395;0.285891;-0.282389;-23.4036
39.7439;-57.6565;0.15345;0.326762;-0.286708;-23.022
48.5694;-57.6565;0.138388;0.363777;-0.291885;-22.5526
57.3948;-57.6565;0.144304;0.395763;-0.293088;-22.0102
66.2203;-57.6565;0.138564;0.422694;-0.289822;-21.3781
75.0458;-57.6565;0.0958834;0.440768;-0.284603;-20.6371
83.8712;-57.6565;0.0292276;0.457685;-0.279033;-19.8619
92.6967;-57.6565;0.0249584;0.460143;-0.263624;-19.0639
101.522;-57.6565;0.0238432;0.453827;-0.243529;-18.2036
110.348;-57.6565;0.0304239;0.443912;-0.225093;-17.2953
119.173;-57.6565;0.0712627;0.432511;-0.209907;-16.3747
127.998;-57.6565;0.181439;0.415404;-0.192445;-15.4766
136.824;-57.6565;0.302636;0.397029;-0.168826;-14.5671
145.649;-57.6565;0.393196;0.375949;-0.141593;-13.6018
154.475;-57.6565;0.45626;0.347956;-0.116234;-12.5856
163.3;-57.6565;0.506113;0.314848;-0.0951321;-11.5451
172.126;-57.6565;0.561556;0.280172;-0.0791966;-10.4898
180.951;-57.6565;0.595027;0.245876;-0.0656507;-9.39349
189.777;-57.6565;0.614899;0.207921;-0.0538824;-8.26729
198.602;-57.6565;0.634278;0.164255;-0.0416989;-7.12131
207.428;-57.6565;0.667311;0.116417;-0.0312335;-5.96923
216.253;-57.6565;0.723814;0.0656389;-0.0201783;-4.80918
225.078;-57.6565;0.755971;0.0154145;-0.0113649;-3.63174
233.904;-57.6565;0.771143;-0.0330388;-0.00504288;-2.3995
242.729;-57.6565;0.782254;-0.0778806;0.00716924;-1.15614
-216.194;-66.4819;0.57222;0.0641117;0.022382;-2.77473
-207.369;-66.4819;0.575619;0.0338292;0.0225701;-3.86475
-198.543;-66.4819;0.58704;0.0199701;0.0121113;-4.97052
-189.718;-66.4819;0.554669;0.0255536;-0.014668;-6.03564
-180.892;-66.4819;0.515707;0.0194897;-0.0425559;-7.10243
-172.067;-66.4819;0.500194;-0.00191952;-0.0634096;-8.17463
-163.242;-66.4819;0.491612;-0.0276336;-0.0763764;-9.25612
-154.416;-66.4819;0.460068;-0.0524031;-0.0882961;-10.2925
-145.591;-66.4819;0.403016;-0.0801088;-0.104153;-11.3127
-136.765;-66.4819;0.353459;-0.109451;-0.122175;-12.3345
-127.94;-66.4819;0.348489;-0.135628;-0.134232;-13.3898
-119.114;-66.4819;0.353017;-0.148516;-0.148044;-14.3971
-110.289;-66.4819;0.331421;-0.153582;-0.166961;-15.3486
-101.463;-66.4819;0.308996;-0.158038;-0.18581;-16.2493
-92.6379;-66.4819;0.283221;-0.166546;-0.202751;-17.1316
-83.8124;-66.4819;0.253346;-0.173463;-0.223112;-17.9932
-74.987;-66.4819;0.236845;-0.169994;-0.24865;-18.7849
-30.8597;-66.4819;0.265364;-0.0683893;-0.334383;-22.0444
-22.0342;-66.4819;0.240611;-0.0195188;-0.345007;-22.4837
-13.2088;-66.4819;0.203674;0.0368666;-0.350633;-22.7902
-4.38334;-66.4819;0.19594;0.0912237;-0.352971;-22.9929
4.44212;-66.4819;0.206474;0.140848;-0.352096;-23.0697
13.2676;-66.4819;0.19305;0.186303;-0.34556;-23.0132
22.093;-66.4819;0.164562;0.228621;-0.33352;-22.8551
30.9185;-66.4819;0.153206;0.268472;-0.32641;-22.6166
39.7439;-66.4819;0.156183;0.307807;-0.32782;-22.2718
48.5694;-66.4819;0.168478;0.341999;-0.331037;-21.8469
57.3948;-66.4819;0.18255;0.37345;-0.335696;-21.3347
66.2203;-66.4819;0.166936;0.402595;-0.336341;-20.7229
75.0458;-66.4819;0.113126;0.42411;-0.327813;-20.0119
83.8712;-66.4819;0.0559162;0.438837;-0.316407;-19.2721
92.6967;-66.4819;0.0590242;0.444635;-0.300744;-18.5112
101.522;-66.4819;0.086507;0.441426;-0.280844;-17.7027
110.348;-66.4819;0.142358;0.430377;-0.259587;-16.8488
119.173;-66.4819;0.242274;0.414184;-0.239271;-15.9824
127.998;-66.4819;0.401243;0.395404;-0.216463;-15.1469
136.824;-66.4819;0.58358;0.376007;-0.190232;-14.3103
145.649;-66.4819;0.672661;0.353706;-0.158752;-13.3662
154.475;-66.4819;0.694372;0.323272;-0.128805;-12.3274
163.3;-66.4819;0.696603;0.289056;-0.103446;-11.2525
172.126;-66.4819;0.724576;0.255437;-0.0829029;-10.1839
180.951;-66.4819;0.735994;0.223071;-0.0647072;-9.08573
189.777;-66.4819;0.737141;0.185265;-0.0502792;-7.95639
198.602;-66.4819;0.742636;0.141208;-0.0369527;-6.80883
207.428;-66.4819;0.768098;0.0945754;-0.0273091;-5.66206
216.253;-66.4819;0.804414;0.0466055;-0.0171776;-4.50527
225.078;-66.4819;0.786447;-8.60687e-05;-0.00952725;-3.32105
233.904;-66.4819;0.76789;-0.0441707;-0.00332668;-2.08673
-216.194;-75.3074;0.605649;0.0860624;0.0324201;-2.50208
-207.369;-75.3074;0.553423;0.0540347;0.0260717;-3.55447
-198.543;-75.3074;0.497033;0.0400427;0.00361215;-4.61994
-189.718;-75.3074;0.415672;0.035304;-0.0260787;-5.67272
-180.892;-75.3074;0.383445;0.0215745;-0.0507905;-6.72993
-172.067;-75.3074;0.388087;-0.00183056;-0.0692287;-7.79236
-163.242;-75.3074;0.40354;-0.0250271;-0.0828554;-8.86048
-154.416;-75.3074;0.407959;-0.0443157;-0.0951065;-9.89295
-145.591;-75.3074;0.385525;-0.066049;-0.110356;-10.8987
-136.765;-75.3074;0.339465;-0.0932645;-0.128737;-11.8839
-127.94;-75.3074;0.298249;-0.119559;-0.146027;-12.8934
-119.114;-75.3074;0.272596;-0.134645;-0.165182;-13.87
-110.289;-75.3074;0.254781;-0.14004;-0.188113;-14.8009
-101.463;-75.3074;0.245834;-0.141403;-0.210575;-15.6862
-92.6379;-75.3074;0.225623;-0.14727;-0.229978;-16.5456
-83.8124;-75.3074;0.196541;-0.15342;-0.251772;-17.3816
-74.987;-75.3074;0.18578;-0.149542;-0.278726;-18.157
-66.1615;-75.3074;0.208471;-0.136924;-0.303393;-18.9078
-57.3361;-75.3074;0.215963;-0.123405;-0.328357;-19.5828
-30.8597;-75.3074;0.282622;-0.0506782;-0.383844;-21.2744
-22.0342;-75.3074;0.297428;-0.00798887;-0.399057;-21.6838
-13.2088;-75.3074;0.252745;0.044066;-0.411916;-21.9764
-4.38334;-75.3074;0.223328;0.0945007;-0.412645;-22.1569
4.44212;-75.3074;0.240142;0.139672;-0.408801;-22.2388
13.2676;-75.3074;0.25426;0.180148;-0.401907;-22.2173
22.093;-75.3074;0.252437;0.216272;-0.392922;-22.0888
30.9185;-75.3074;0.255173;0.251316;-0.38197;-21.8782
39.7439;-75.3074;0.288289;0.283429;-0.367475;-21.5743
48.5694;-75.3074;0.328097;0.312795;-0.359241;-21.1883
57.3948;-75.3074;0.367727;0.343938;-0.364459;-20.7178
66.2203;-75.3074;0.419531;0.374374;-0.368523;-20.1828
75.0458;-75.3074;0.467786;0.396967;-0.355223;-19.5793
83.8712;-75.3074;0.479251;0.409778;-0.337193;-18.9138
92.6967;-75.3074;0.431047;0.419597;-0.32104;-18.1586
101.522;-75.3074;0.495407;0.414601;-0.299555;-17.3997
110.348;-75.3074;0.613508;0.401738;-0.273257;-16.6241
119.173;-75.3074;0.720651;0.384847;-0.247691;-15.7936
127.998;-75.3074;0.790333;0.367415;-0.223154;-14.9035
136.824;-75.3074;0.928388;0.346791;-0.195566;-14.049
145.649;-75.3074;0.97511;0.321409;-0.163097;-13.0785
154.475;-75.3074;0.959686;0.289261;-0.131086;-12.0174
163.3;-75.3074;0.928104;0.255596;-0.102516;-10.9224
172.126;-75.3074;0.922018;0.224086;-0.0782144;-9.83192
180.951;-75.3074;0.896167;0.193573;-0.056835;-8.71843
189.777;-75.3074;0.860502;0.15704;-0.0404952;-7.57674
198.602;-75.3074;0.835382;0.115738;-0.0277948;-6.425
207.428;-75.3074;0.836327;0.071797;-0.019595;-5.27593
216.253;-75.3074;0.840103;0.0262659;-0.0108372;-4.11412
225.078;-75.3074;0.789707;-0.0165297;-0.0036108;-2.93397
233.904;-75.3074;0.77606;-0.0472463;0.000761241;-1.75829
-216.194;-84.1328;0.649413;0.102663;0.0423689;-2.16181
-207.369;-84.1328;0.510359;0.0786145;0.0304383;-3.17567
-198.543;-84.1328;0.415787;0.0590899;-0.000377834;-4.21503
-189.718;-84.1328;0.336162;0.0442103;-0.0293705;-5.25221
-180.892;-84.1328;0.309282;0.0232021;-0.0535889;-6.30206
-172.067;-84.1328;0.326409;-0.00236366;-0.0734234;-7.35951
-163.242;-84.1328;0.339865;-0.0257875;-0.0907982;-8.41224
-154.416;-84.1328;0.342576;-0.0442494;-0.106533;-9.43173
-145.591;-84.1328;0.338716;-0.0617799;-0.122882;-10.4192
-136.765;-84.1328;0.324702;-0.0825661;-0.141455;-11.3854
-127.94;-84.1328;0.296056;-0.104426;-0.163255;-12.363
-119.114;-84.1328;0.26949;-0.120688;-0.188577;-13.3213
-110.289;-84.1328;0.26492;-0.129283;-0.216411;-14.2437
-101.463;-84.1328;0.262516;-0.129279;-0.244129;-15.118
-92.6379;-84.1328;0.246482;-0.130012;-0.266107;-15.9483
-83.8124;-84.1328;0.225029;-0.131844;-0.287134;-16.7514
-74.987;-84.1328;0.222802;-0.127189;-0.311492;-17.5153
-66.1615;-84.1328;0.248267;-0.11395;-0.33465;-18.2353
-57.3361;-84.1328;0.256403;-0.0975041;-0.358628;-18.8635
-48.5106;-84.1328;0.232072;-0.0300574;-0.412;-20.1871
-39.6852;-84.1328;0.255042;0.0213488;-0.443371;-21.0334
-30.8597;-84.1328;0.31575;-0.0304019;-0.417084;-20.4509
-22.0342;-84.1328;0.361282;0.00426318;-0.431541;-20.8392
-13.2088;-84.1328;0.361653;0.0483018;-0.443253;-21.1476
-4.38334;-84.1328;0.35859;0.0956244;-0.440103;-21.3314
4.44212;-84.1328;0.357986;0.13903;-0.430761;-21.4161
13.2676;-84.1328;0.362407;0.17485;-0.423052;-21.4009
22.093;-84.1328;0.362752;0.204878;-0.417495;-21.2871
30.9185;-84.1328;0.367239;0.233961;-0.406506;-21.0986
39.7439;-84.1328;0.412763;0.260111;-0.386577;-20.8299
48.5694;-84.1328;0.511299;0.285631;-0.376884;-20.4958
57.3948;-84.1328;0.559998;0.324165;-0.388706;-20.0674
66.2203;-84.1328;0.633201;0.361704;-0.396737;-19.6068
75.0458;-84.1328;0.73443;0.384127;-0.38083;-19.0873
83.8712;-84.1328;0.797352;0.392281;-0.359256;-18.4689
92.6967;-84.1328;0.745083;0.396962;-0.34082;-17.7103
101.522;-84.1328;0.805312;0.388047;-0.314969;-16.9589
110.348;-84.1328;0.920405;0.374848;-0.281787;-16.2141
119.173;-84.1328;1.0245;0.356062;-0.249504;-15.4068
127.998;-84.1328;1.07999;0.335634;-0.217647;-14.5171
136.824;-84.1328;1.16521;0.310745;-0.187121;-13.6165
145.649;-84.1328;1.15346;0.28527;-0.156339;-12.6131
154.475;-84.1328;1.09883;0.255045;-0.123827;-11.5388
163.3;-84.1328;1.05129;0.221515;-0.0912049;-10.4398
172.126;-84.1328;1.04159;0.188886;-0.0633777;-9.35222
180.951;-84.1328;0.997286;0.159783;-0.0413001;-8.24377
189.777;-84.1328;0.931793;0.126129;-0.0248418;-7.10354
198.602;-84.1328;0.875517;0.0900796;-0.0131261;-5.95469
207.428;-84.1328;0.850479;0.0506472;-0.00603763;-4.80473
216.253;-84.1328;0.832491;0.00783073;0.00130143;-3.64492
225.078;-84.1328;0.81011;-0.0251238;0.00524277;-2.49981
233.904;-84.1328;0.830316;-0.0485357;0.00588223;-1.40959
-216.194;-92.9583;0.702174;0.111958;0.0507494;-1.74696
-207.369;-92.9583;0.483982;0.0919516;0.033932;-2.7874
-198.543;-92.9583;0.394513;0.0757891;0.00376681;-3.80154
-189.718;-92.9583;0.370331;0.0547183;-0.024529;-4.83183
-180.892;-92.9583;0.352061;0.0298176;-0.0502663;-5.8739
-172.067;-92.9583;0.35877;0.00390194;-0.071713;-6.90791
-163.242;-92.9583;0.340203;-0.0227005;-0.0929165;-7.92895
-154.416;-92.9583;0.313496;-0.0452828;-0.113335;-8.92688
-145.591;-92.9583;0.307308;-0.0615867;-0.131824;-9.89985
-136.765;-92.9583;0.319233;-0.0747856;-0.149842;-10.8564
-127.94;-92.9583;0.313287;-0.0906009;-0.173629;-11.8019
-119.114;-92.9583;0.298146;-0.106752;-0.202901;-12.7357
-110.289;-92.9583;0.319436;-0.118109;-0.231875;-13.6437
-101.463;-92.9583;0.321344;-0.120461;-0.259456;-14.5017
-92.6379;-92.9583;0.313812;-0.117663;-0.283889;-15.3136
-83.8124;-92.9583;0.307421;-0.114295;-0.307175;-16.0934
-74.987;-92.9583;0.310184;-0.11014;-0.330362;-16.8396
-66.1615;-92.9583;0.332291;-0.0998742;-0.347991;-17.5367
-57.3361;-92.9583;0.349804;-0.0809849;-0.362687;-18.1504
-48.5106;-92.9583;0.330027;-0.0606723;-0.382023;-18.6836
-39.6852;-92.9583;0.330358;-0.0424105;-0.402793;-19.1645
-30.8597;-92.9583;0.35948;-0.0180834;-0.420873;-19.6
-22.0342;-92.9583;0.395313;0.0150706;-0.433598;-19.9641
-13.2088;-92.9583;0.414212;0.0535449;-0.440599;-20.2567
-4.38334;-92.9583;0.409867;0.096187;-0.437868;-20.4475
4.44212;-92.9583;0.402055;0.13832;-0.427945;-20.5192
13.2676;-92.9583;0.395077;0.171159;-0.419825;-20.4895
22.093;-92.9583;0.380871;0.198308;-0.415925;-20.3735
30.9185;-92.9583;0.363855;0.22649;-0.413501;-20.178
39.7439;-92.9583;0.376496;0.259765;-0.412822;-19.9108
48.5694;-92.9583;0.487471;0.294248;-0.424807;-19.6056
57.3948;-92.9583;0.551066;0.333323;-0.44014;-19.2318
66.2203;-92.9583;0.630783;0.359954;-0.434013;-18.7939
75.0458;-92.9583;0.724261;0.374658;-0.407175;-18.3045
83.8712;-92.9583;0.780072;0.374123;-0.379512;-17.6902
92.6967;-92.9583;0.761836;0.372741;-0.355796;-16.9555
101.522;-92.9583;0.837905;0.362542;-0.323695;-16.2357
110.348;-92.9583;0.952159;0.348671;-0.283656;-15.5141
119.173;-92.9583;1.06438;0.327299;-0.244873;-14.7334
127.998;-92.9583;1.14623;0.301475;-0.20543;-13.8746
136.824;-92.9583;1.18559;0.274633;-0.17165;-12.9376
145.649;-92.9583;1.10536;0.252358;-0.144443;-11.8995
154.475;-92.9583;1.02746;0.225577;-0.115357;-10.8331
163.3;-92.9583;1.0006;0.192399;-0.0801308;-9.77082
172.126;-92.9583;1.02673;0.15678;-0.0472415;-8.72874
180.951;-92.9583;0.997073;0.128484;-0.0257057;-7.66011
189.777;-92.9583;0.930117;0.0984935;-0.0103195;-6.54987
198.602;-92.9583;0.864997;0.0652064;0.0017642;-5.41383
207.428;-92.9583;0.829442;0.0304893;0.00952007;-4.27433
216.253;-92.9583;0.814769;-0.00777661;0.0161678;-3.1361
225.078;-92.9583;0.849997;-0.0362427;0.0163035;-2.0607
-207.369;-101.784;0.457489;0.11146;0.0394963;-2.29961
-198.543;-101.784;0.388544;0.0920558;0.0101408;-3.34259
-189.718;-101.784;0.455483;0.061136;-0.0188544;-4.42501
-180.892;-101.784;0.46562;0.035115;-0.0433641;-5.46412
-172.067;-101.784;0.429998;0.0104509;-0.0650627;-6.45396
-163.242;-101.784;0.383062;-0.0184262;-0.0880643;-7.43007
-154.416;-101.784;0.344039;-0.0445323;-0.111221;-8.40146
-145.591;-101.784;0.332016;-0.0608683;-0.131372;-9.36354
-136.765;-101.784;0.337374;-0.0691396;-0.148973;-10.3043
-127.94;-101.784;0.32139;-0.0789899;-0.172402;-11.2112
-119.114;-101.784;0.283981;-0.093995;-0.202239;-12.1081
-110.289;-101.784;0.298278;-0.10554;-0.230952;-12.9845
-101.463;-101.784;0.288076;-0.111221;-0.258162;-13.8258
-92.6379;-101.784;0.294825;-0.109148;-0.284248;-14.6212
-83.8124;-101.784;0.317045;-0.104895;-0.31012;-15.3715
-74.987;-101.784;0.329021;-0.102781;-0.334859;-16.081
-66.1615;-101.784;0.330447;-0.0977036;-0.352541;-16.7505
-57.3361;-101.784;0.359065;-0.0798749;-0.36045;-17.337
-48.5106;-101.784;0.355122;-0.0565734;-0.373279;-17.8475
-39.6852;-101.784;0.33797;-0.0334551;-0.391461;-18.2978
-30.8597;-101.784;0.347957;-0.00879463;-0.407808;-18.6934
-22.0342;-101.784;0.380379;0.0206725;-0.417142;-19.0288
-13.2088;-101.784;0.395041;0.0565892;-0.424537;-19.3025
-4.38334;-101.784;0.385617;0.0958649;-0.427093;-19.4865
4.44212;-101.784;0.372576;0.13556;-0.421467;-19.5528
13.2676;-101.784;0.35434;0.165973;-0.413913;-19.5208
22.093;-101.784;0.337964;0.193634;-0.412275;-19.4149
30.9185;-101.784;0.328248;0.222849;-0.417734;-19.2221
39.7439;-101.784;0.339061;0.259094;-0.432394;-18.9644
48.5694;-101.784;0.448106;0.297164;-0.455401;-18.669
57.3948;-101.784;0.506423;0.330506;-0.463852;-18.3056
66.2203;-101.784;0.564621;0.34593;-0.446335;-17.8536
75.0458;-101.784;0.620854;0.346244;-0.411693;-17.3152
83.8712;-101.784;0.649567;0.341933;-0.37994;-16.7006
92.6967;-101.784;0.657558;0.34118;-0.353252;-16.0231
101.522;-101.784;0.751154;0.333456;-0.3182;-15.3526
110.348;-101.784;0.847233;0.320379;-0.275634;-14.6394
119.173;-101.784;0.931605;0.298062;-0.235029;-13.8563
127.998;-101.784;0.988091;0.269644;-0.19523;-12.9938
136.824;-101.784;0.964505;0.242811;-0.162403;-12.0185
145.649;-101.784;0.82754;0.223473;-0.134887;-10.9518
154.475;-101.784;0.777424;0.198442;-0.104877;-9.94143
163.3;-101.784;0.829083;0.165263;-0.068159;-8.98212
172.126;-101.784;0.8994;0.127382;-0.0331656;-8.00257
180.951;-101.784;0.885107;0.0983514;-0.00994411;-6.96913
189.777;-101.784;0.825513;0.0717639;0.000610189;-5.88707
198.602;-101.784;0.776868;0.0440936;0.0108298;-4.785
207.428;-101.784;0.770582;0.0125409;0.0199854;-3.68056
216.253;-101.784;0.780465;-0.0184756;0.0267489;-2.58829
225.078;-101.784;0.847045;-0.0451766;0.0278087;-1.55184
-198.543;-110.609;0.374494;0.0929548;0.0149444;-2.85184
-189.718;-110.609;0.488744;0.0630232;-0.0121642;-3.95363
-180.892;-110.609;0.53663;0.037918;-0.0329964;-4.97693
-172.067;-110.609;0.450198;0.0102411;-0.0573923;-5.95245
-163.242;-110.609;0.416593;-0.018189;-0.0816985;-6.91042
-154.416;-110.609;0.403253;-0.0433721;-0.105132;-7.8631
-145.591;-110.609;0.39263;-0.0586106;-0.125641;-8.80308
-136.765;-110.609;0.37755;-0.0634696;-0.14337;-9.71032
-127.94;-110.609;0.339126;-0.066938;-0.163151;-10.5703
-119.114;-110.609;0.276869;-0.0787849;-0.190437;-11.4194
-110.289;-110.609;0.250242;-0.0928038;-0.221459;-12.2657
-101.463;-110.609;0.235393;-0.101356;-0.252819;-13.0898
-92.6379;-110.609;0.262347;-0.101006;-0.280513;-13.8688
-83.8124;-110.609;0.286235;-0.0974689;-0.309356;-14.5932
-74.987;-110.609;0.271429;-0.09643;-0.339918;-15.2553
-66.1615;-110.609;0.250868;-0.0936795;-0.361642;-15.8931
-57.3361;-110.609;0.284314;-0.0780388;-0.370523;-16.4662
-48.5106;-110.609;0.310112;-0.0515837;-0.376195;-16.9558
-39.6852;-110.609;0.290947;-0.0243522;-0.385652;-17.3743
-30.8597;-110.609;0.282089;0.00118017;-0.393072;-17.7343
-22.0342;-110.609;0.30073;0.0277799;-0.400166;-18.0458
-13.2088;-110.609;0.314547;0.0587234;-0.407881;-18.3022
-4.38334;-110.609;0.30986;0.0937409;-0.413064;-18.4823
4.44212;-110.609;0.307886;0.130365;-0.410749;-18.5587
13.2676;-110.609;0.312171;0.159239;-0.405661;-18.5433
22.093;-110.609;0.314813;0.188489;-0.409194;-18.4561
30.9185;-110.609;0.320735;0.217803;-0.419558;-18.2726
39.7439;-110.609;0.349375;0.249192;-0.435445;-18.0262
48.5694;-110.609;0.458454;0.280176;-0.450398;-17.747
57.3948;-110.609;0.519264;0.306991;-0.44888;-17.3945
66.2203;-110.609;0.559321;0.318259;-0.426519;-16.9326
75.0458;-110.609;0.601053;0.31996;-0.394469;-16.4015
83.8712;-110.609;0.647694;0.317536;-0.363685;-15.8181
92.6967;-110.609;0.688522;0.314079;-0.334711;-15.1913
101.522;-110.609;0.785661;0.303665;-0.299664;-14.5379
110.348;-110.609;0.802522;0.287033;-0.261776;-13.7607
119.173;-110.609;0.766508;0.26421;-0.225274;-12.8963
127.998;-110.609;0.709498;0.239557;-0.190517;-11.9802
136.824;-110.609;0.587613;0.217088;-0.159698;-10.9654
145.649;-110.609;0.529717;0.192611;-0.127978;-9.9769
154.475;-110.609;0.606448;0.164211;-0.091468;-9.0899
163.3;-110.609;0.73698;0.131364;-0.0502297;-8.22747
172.126;-110.609;0.79492;0.0918644;-0.01557;-7.26356
180.951;-110.609;0.708562;0.0635649;0.00845391;-6.17619
189.777;-110.609;0.66971;0.0405005;0.0172628;-5.12901
198.602;-110.609;0.688757;0.0209286;0.0212152;-4.11779
207.428;-110.609;0.776982;-0.00600125;0.0298361;-3.11377
216.253;-110.609;0.830362;-0.0342304;0.0400911;-2.08043
-198.543;-119.435;0.341535;0.0839226;0.0216187;-2.32857
-189.718;-119.435;0.416687;0.0620456;-0.00224881;-3.37816
-180.892;-119.435;0.466466;0.035252;-0.0246738;-4.41815
-172.067;-119.435;0.388113;0.00240947;-0.0503499;-5.38757
-163.242;-119.435;0.403327;-0.0216983;-0.0729281;-6.32486
-154.416;-119.435;0.410799;-0.0433748;-0.0961997;-7.25388
-145.591;-119.435;0.389021;-0.0582653;-0.117208;-8.15615
-136.765;-119.435;0.357531;-0.0619566;-0.134452;-9.03487
-127.94;-119.435;0.312843;-0.0584745;-0.150565;-9.85857
-119.114;-119.435;0.233549;-0.0663562;-0.177948;-10.6779
-110.289;-119.435;0.204623;-0.0768776;-0.210666;-11.4937
-101.463;-119.435;0.19015;-0.088833;-0.246447;-12.2948
-92.6379;-119.435;0.222986;-0.0908072;-0.279222;-13.0526
-83.8124;-119.435;0.24528;-0.0880574;-0.311632;-13.7552
-74.987;-119.435;0.21871;-0.0879236;-0.342725;-14.3846
-66.1615;-119.435;0.184169;-0.0867118;-0.366321;-14.9937
-57.3361;-119.435;0.211942;-0.0750133;-0.37915;-15.5569
-48.5106;-119.435;0.25392;-0.0529596;-0.382318;-16.0509
-39.6852;-119.435;0.245282;-0.0244835;-0.381551;-16.4583
-30.8597;-119.435;0.218359;0.00244817;-0.379873;-16.7768
-22.0342;-119.435;0.200347;0.0282084;-0.381057;-17.0451
-13.2088;-119.435;0.198512;0.0565368;-0.383994;-17.2782
-4.38334;-119.435;0.222645;0.0893209;-0.386751;-17.4582
4.44212;-119.435;0.25549;0.122806;-0.387837;-17.5532
13.2676;-119.435;0.312559;0.152029;-0.388949;-17.574
22.093;-119.435;0.354279;0.181625;-0.399493;-17.5042
30.9185;-119.435;0.361137;0.208916;-0.411898;-17.3197
39.7439;-119.435;0.365679;0.232404;-0.419856;-17.0566
48.5694;-119.435;0.452367;0.252345;-0.420516;-16.7794
57.3948;-119.435;0.535509;0.271239;-0.412474;-16.4413
66.2203;-119.435;0.577088;0.283167;-0.394234;-15.9889
75.0458;-119.435;0.60525;0.288581;-0.370159;-15.4676
83.8712;-119.435;0.645644;0.286352;-0.342834;-14.8986
92.6967;-119.435;0.685306;0.278881;-0.315105;-14.278
101.522;-119.435;0.709538;0.267836;-0.283936;-13.5797
110.348;-119.435;0.653183;0.251035;-0.244941;-12.7498
119.173;-119.435;0.542803;0.227076;-0.207969;-11.8384
127.998;-119.435;0.434716;0.205786;-0.17891;-10.9353
136.824;-119.435;0.377765;0.183884;-0.148978;-10.0352
145.649;-119.435;0.460743;0.156811;-0.112452;-9.19015
154.475;-119.435;0.678014;0.123704;-0.069883;-8.41031
163.3;-119.435;0.792124;0.0879417;-0.0285034;-7.51956
172.126;-119.435;0.654691;0.0532997;0.00266389;-6.41834
180.951;-119.435;0.479701;0.0277899;0.0252878;-5.271
189.777;-119.435;0.558894;0.00231667;0.0387776;-4.34033
198.602;-119.435;0.733368;-0.0171045;0.0508139;-3.49586
207.428;-119.435;0.920447;-0.0359858;0.0553382;-2.62829
216.253;-119.435;0.98772;-0.0561474;0.0567563;-1.6477
-189.718;-128.26;0.330104;0.0541965;0.00601092;-2.78404
-180.892;-128.26;0.386365;0.0306698;-0.0157321;-3.76823
-172.067;-128.26;0.328753;-0.00723885;-0.0448846;-4.75213
-163.242;-128.26;0.347664;-0.0303731;-0.0669439;-5.67802
-154.416;-128.26;0.332685;-0.0509176;-0.0915841;-6.57872
-145.591;-128.26;0.277052;-0.0654995;-0.113166;-7.42571
-136.765;-128.26;0.235904;-0.0693253;-0.131341;-8.2806
-127.94;-128.26;0.224616;-0.0613687;-0.147148;-9.09892
-119.114;-128.26;0.174165;-0.0599799;-0.174019;-9.90873
-110.289;-128.26;0.158062;-0.0661044;-0.207237;-10.6953
-101.463;-128.26;0.128957;-0.0765805;-0.243122;-11.4484
-92.6379;-128.26;0.143242;-0.080684;-0.281181;-12.1703
-83.8124;-128.26;0.173156;-0.0806882;-0.317689;-12.8647
-74.987;-128.26;0.17153;-0.0811981;-0.344667;-13.4962
-66.1615;-128.26;0.139145;-0.0808752;-0.365993;-14.0751
-57.3361;-128.26;0.142828;-0.074584;-0.381692;-14.6291
-48.5106;-128.26;0.204011;-0.0604659;-0.383573;-15.1352
-39.6852;-128.26;0.181787;-0.0344784;-0.377902;-15.5222
-30.8597;-128.26;0.0809263;-0.00502792;-0.372347;-15.7562
-22.0342;-128.26;7.70001e-05;0.02291;-0.368621;-15.9463
-13.2088;-128.26;0.0113734;0.0513648;-0.362033;-16.1659
-4.38334;-128.26;0.106092;0.0863572;-0.354465;-16.3929
4.44212;-128.26;0.206621;0.119478;-0.357257;-16.5348
13.2676;-128.26;0.316959;0.145984;-0.365219;-16.5711
22.093;-128.26;0.407715;0.173888;-0.380467;-16.5199
30.9185;-128.26;0.411597;0.19638;-0.390672;-16.3235
39.7439;-128.26;0.329664;0.212516;-0.390582;-16.0161
48.5694;-128.26;0.357268;0.227894;-0.384895;-15.7085
57.3948;-128.26;0.424296;0.241895;-0.374619;-15.3638
66.2203;-128.26;0.461311;0.252319;-0.361544;-14.9263
75.0458;-128.26;0.46609;0.256715;-0.34396;-14.4038
83.8712;-128.26;0.453032;0.254114;-0.321634;-13.8099
92.6967;-128.26;0.43056;0.246243;-0.297272;-13.1496
101.522;-128.26;0.442368;0.231066;-0.267999;-12.4448
110.348;-128.26;0.456589;0.209297;-0.225823;-11.6646
119.173;-128.26;0.425076;0.189499;-0.187276;-10.8568
127.998;-128.26;0.37355;0.172542;-0.156631;-10.054
136.824;-128.26;0.401446;0.153298;-0.125929;-9.27131
145.649;-128.26;0.586621;0.124999;-0.0888582;-8.53443
154.475;-128.26;0.682544;0.0951608;-0.045508;-7.67471
163.3;-128.26;0.591445;0.0530346;-0.0139897;-6.59299
172.126;-128.26;0.334128;0.0198485;0.0130414;-5.40067
180.951;-128.26;0.261674;-0.00585021;0.0365921;-4.3529
189.777;-128.26;0.616094;-0.0376315;0.0595289;-3.66941
198.602;-128.26;1.02082;-0.0592855;0.0789296;-3.02758
207.428;-128.26;1.24325;-0.0716474;0.0783566;-2.25
-189.718;-137.086;0.203984;0.0368779;0.0137325;-2.13975
-180.892;-137.086;0.280538;0.0181404;-0.00952433;-3.08774
-172.067;-137.086;0.26984;-0.013464;-0.0361444;-4.03592
-163.242;-137.086;0.271118;-0.0373531;-0.0612584;-4.96816
-154.416;-137.086;0.204298;-0.0604462;-0.0904639;-5.84492
-145.591;-137.086;0.113352;-0.0778714;-0.114953;-6.65361
-136.765;-137.086;0.0827192;-0.0836228;-0.135751;-7.49859
-127.94;-137.086;0.121488;-0.0727114;-0.152819;-8.32295
-119.114;-137.086;0.124285;-0.0601883;-0.17822;-9.12314
-110.289;-137.086;0.105864;-0.0606725;-0.208244;-9.87779
-101.463;-137.086;0.0537877;-0.0674536;-0.241431;-10.5788
-92.6379;-137.086;0.0451167;-0.0735582;-0.279701;-11.2666
-83.8124;-137.086;0.100233;-0.0766605;-0.315388;-11.9578
-74.987;-137.086;0.141216;-0.0773691;-0.339608;-12.5869
-66.1615;-137.086;0.101795;-0.0767218;-0.360638;-13.1309
-57.3361;-137.086;0.0532972;-0.0739323;-0.379493;-13.6657
-48.5106;-137.086;0.127575;-0.0679262;-0.381162;-14.1603
-39.6852;-137.086;0.0286172;-0.0465381;-0.380326;-14.464
-30.8597;-137.086;-0.273566;-0.0160819;-0.379393;-14.5008
-22.0342;-137.086;-0.482986;0.0143778;-0.374613;-14.5314
-13.2088;-137.086;-0.394958;0.0442965;-0.359036;-14.7629
-4.38334;-137.086;-0.160259;0.0863837;-0.336592;-15.1614
4.44212;-137.086;0.0495547;0.121231;-0.330628;-15.382
13.2676;-137.086;0.184371;0.14293;-0.344184;-15.4263
22.093;-137.086;0.269426;0.162684;-0.361318;-15.3659
30.9185;-137.086;0.29586;0.178662;-0.36723;-15.1932
39.7439;-137.086;0.265419;0.190302;-0.361418;-14.9181
48.5694;-137.086;0.251233;0.204003;-0.358516;-14.5855
57.3948;-137.086;0.287707;0.216011;-0.353808;-14.2204
66.2203;-137.086;0.319391;0.222499;-0.342392;-13.7882
75.0458;-137.086;0.315743;0.22366;-0.325254;-13.272
83.8712;-137.086;0.274836;0.219776;-0.304232;-12.6719
92.6967;-137.086;0.222079;0.211529;-0.280969;-12.007
101.522;-137.086;0.240691;0.196238;-0.252706;-11.3415
110.348;-137.086;0.338931;0.176834;-0.21157;-10.6713
119.173;-137.086;0.416958;0.160265;-0.172047;-9.9846
127.998;-137.086;0.452396;0.144997;-0.137181;-9.269
136.824;-137.086;0.513487;0.124541;-0.103939;-8.52106
145.649;-137.086;0.639541;0.0907914;-0.0744253;-7.73351
154.475;-137.086;0.513453;0.0577733;-0.044601;-6.70937
163.3;-137.086;0.229613;0.0198696;-0.0154082;-5.51372
172.126;-137.086;0.0130513;-0.0076366;0.01715;-4.39169
180.951;-137.086;0.237327;-0.0372418;0.0458182;-3.60674
189.777;-137.086;0.937864;-0.0778588;0.0735491;-3.21803
198.602;-137.086;1.47691;-0.101653;0.0907112;-2.68357
-189.718;-145.911;0.0902346;0.0200897;0.0234607;-1.45764
-180.892;-145.911;0.159943;0.00705859;-0.000357484;-2.37518
-172.067;-145.911;0.170509;-0.0186188;-0.0264536;-3.2986
-163.242;-145.911;0.16695;-0.0392344;-0.0507202;-4.20582
-154.416;-145.911;0.100799;-0.0590996;-0.0805287;-5.05644
-145.591;-145.911;0.0122636;-0.0793892;-0.10886;-5.8549
-136.765;-145.911;-0.00793961;-0.0908555;-0.136002;-6.70271
-127.94;-145.911;0.0512452;-0.0821729;-0.156849;-7.52914
-119.114;-145.911;0.0829991;-0.0653123;-0.178789;-8.30788
-110.289;-145.911;0.0553347;-0.0614704;-0.20209;-9.02925
-101.463;-145.911;-0.0207305;-0.0649284;-0.231941;-9.68996
-92.6379;-145.911;-0.0390889;-0.0716671;-0.268379;-10.348
-83.8124;-145.911;0.0526723;-0.0751211;-0.300847;-11.0324
-74.987;-145.911;0.128562;-0.0734987;-0.324378;-11.6598
-66.1615;-145.911;0.0630938;-0.0701003;-0.349229;-12.1675
-57.3361;-145.911;-0.055923;-0.0665893;-0.374593;-12.6337
-48.5106;-145.911;-0.017129;-0.0696388;-0.383472;-13.069
-39.6852;-145.911;-0.243782;-0.0491397;-0.395027;-13.2434
-30.8597;-145.911;-0.854927;-0.0197215;-0.406814;-13.0681
-22.0342;-145.911;-1.39468;0.0178612;-0.406997;-12.9531
-13.2088;-145.911;-1.38932;0.0564882;-0.386516;-13.146
-4.38334;-145.911;-0.794729;0.0860544;-0.352152;-13.6277
4.44212;-145.911;-0.285505;0.117511;-0.335522;-14.0666
13.2676;-145.911;-0.087395;0.136472;-0.347132;-14.173
22.093;-145.911;0.0158422;0.150754;-0.356015;-14.1112
30.9185;-145.911;0.0982888;0.160202;-0.351302;-13.9611
39.7439;-145.911;0.154099;0.166141;-0.339925;-13.738
48.5694;-145.911;0.173692;0.177855;-0.340211;-13.4367
57.3948;-145.911;0.203699;0.188132;-0.340671;-13.085
66.2203;-145.911;0.23575;0.192638;-0.329739;-12.6702
75.0458;-145.911;0.245227;0.191892;-0.309645;-12.1736
83.8712;-145.911;0.217334;0.186764;-0.284987;-11.5941
92.6967;-145.911;0.169748;0.177923;-0.259348;-10.959
101.522;-145.911;0.201812;0.164114;-0.230989;-10.3495
110.348;-145.911;0.327222;0.149405;-0.19451;-9.75643
119.173;-145.911;0.437788;0.134113;-0.158992;-9.11601
127.998;-145.911;0.495;0.116272;-0.125248;-8.40261
136.824;-145.911;0.517462;0.0923966;-0.092588;-7.61132
145.649;-145.911;0.45876;0.0638546;-0.0640945;-6.70541
154.475;-145.911;0.306745;0.0275208;-0.0371921;-5.69916
163.3;-145.911;0.153618;-0.0138025;-0.0103549;-4.6518
172.126;-145.911;0.179188;-0.0342807;0.0285313;-3.78707
180.951;-145.911;0.701274;-0.0677513;0.0582124;-3.26036
189.777;-145.911;1.50216;-0.111813;0.0817008;-2.93652
198.602;-145.911;1.90135;-0.144024;0.109152;-2.21013
-172.067;-154.736;0.107577;-0.0171027;-0.0102513;-2.56994
-163.242;-154.736;0.0921211;-0.0345487;-0.0332767;-3.43741
-154.416;-154.736;0.0501219;-0.0448859;-0.0560294;-4.2518
-145.591;-154.736;0.00681184;-0.0658638;-0.0856428;-5.05815
-136.765;-154.736;0.000105508;-0.0837549;-0.119954;-5.90232
-127.94;-154.736;0.0375059;-0.0822292;-0.146694;-6.71269
-119.114;-154.736;0.0555528;-0.0703587;-0.164982;-7.45998
-110.289;-154.736;0.0243773;-0.0674486;-0.182553;-8.15631
-101.463;-154.736;-0.0737166;-0.0689034;-0.211084;-8.79124
-92.6379;-154.736;-0.0981052;-0.0740882;-0.247234;-9.42135
-83.8124;-154.736;0.00812484;-0.0743081;-0.277095;-10.0852
-74.987;-154.736;0.0968296;-0.068228;-0.299834;-10.6902
-66.1615;-154.736;0.0302963;-0.061864;-0.327273;-11.1683
-57.3361;-154.736;-0.120442;-0.0593586;-0.357528;-11.5929
-48.5106;-154.736;-0.119171;-0.0643748;-0.374275;-11.9946
-39.6852;-154.736;-0.359953;-0.0539778;-0.393766;-12.1513
-30.8597;-154.736;-0.962424;-0.0299636;-0.413891;-11.9575
-22.0342;-154.736;-1.5519;0.00273182;-0.418934;-11.7835
-13.2088;-154.736;-1.69009;0.0327692;-0.402998;-11.8506
-4.38334;-154.736;-1.19997;0.0553636;-0.377766;-12.213
4.44212;-154.736;-0.431069;0.0942298;-0.370084;-12.7975
13.2676;-154.736;-0.166366;0.116728;-0.367933;-12.9815
22.093;-154.736;-0.0484312;0.130593;-0.359352;-12.9414
30.9185;-154.736;0.0507397;0.138613;-0.343596;-12.806
39.7439;-154.736;0.133965;0.142905;-0.327644;-12.6111
48.5694;-154.736;0.171547;0.149101;-0.321791;-12.3297
57.3948;-154.736;0.202988;0.155308;-0.32001;-11.9902
66.2203;-154.736;0.234152;0.158495;-0.307312;-11.5881
75.0458;-154.736;0.254001;0.15884;-0.284058;-11.1131
83.8712;-154.736;0.251398;0.155122;-0.255009;-10.5716
92.6967;-154.736;0.231654;0.146337;-0.226571;-9.98816
101.522;-154.736;0.278585;0.133441;-0.198308;-9.42808
110.348;-154.736;0.36806;0.122835;-0.167799;-8.84396
119.173;-154.736;0.400611;0.110904;-0.139896;-8.16853
127.998;-154.736;0.367562;0.093842;-0.112212;-7.39695
136.824;-154.736;0.317721;0.0699506;-0.0829623;-6.56234
145.649;-154.736;0.262879;0.0421125;-0.0552408;-5.68465
154.475;-154.736;0.299177;0.00579898;-0.0270608;-4.86022
163.3;-154.736;0.485259;-0.0263804;0.0035757;-4.15814
172.126;-154.736;0.865376;-0.0468301;0.0375093;-3.61881
180.951;-154.736;1.47307;-0.0786566;0.0654214;-3.19292
189.777;-154.736;1.94556;-0.126672;0.097508;-2.53
-163.242;-163.562;0.0790152;-0.0234103;-0.0115184;-2.66971
-154.416;-163.562;0.0396887;-0.0330797;-0.034367;-3.46478
-145.591;-163.562;0.0390774;-0.048333;-0.0573867;-4.26909
-136.765;-163.562;0.0553486;-0.0688887;-0.0905857;-5.09319
-127.94;-163.562;0.0618817;-0.0738756;-0.11881;-5.87268
-119.114;-163.562;0.0588393;-0.0688325;-0.136854;-6.58968
-110.289;-163.562;0.0224944;-0.0709516;-0.154371;-7.26356
-101.463;-163.562;-0.0786302;-0.0713434;-0.184507;-7.88301
-92.6379;-163.562;-0.137846;-0.0752915;-0.222737;-8.49592
-83.8124;-163.562;-0.0604198;-0.0745015;-0.252162;-9.12513
-74.987;-163.562;0.0199828;-0.0688843;-0.274973;-9.69678
-66.1615;-163.562;-0.0360208;-0.0639295;-0.302375;-10.1538
-57.3361;-163.562;-0.171488;-0.0620337;-0.333787;-10.5609
-48.5106;-163.562;-0.100055;-0.0668996;-0.352472;-10.9989
-39.6852;-163.562;-0.150417;-0.0568382;-0.36952;-11.2943
-30.8597;-163.562;-0.515467;-0.0327189;-0.396788;-11.296
-22.0342;-163.562;-0.914339;-0.00793643;-0.412699;-11.1983
-13.2088;-163.562;-1.04325;0.0123775;-0.405264;-11.1919
-4.38334;-163.562;-0.776274;0.0365358;-0.385706;-11.4023
4.44212;-163.562;-0.223521;0.0673428;-0.383764;-11.7922
13.2676;-163.562;-0.025849;0.091399;-0.373731;-11.9411
22.093;-163.562;0.0597839;0.106575;-0.352398;-11.8871
30.9185;-163.562;0.127753;0.113749;-0.327754;-11.7276
39.7439;-163.562;0.190742;0.117289;-0.305989;-11.5226
48.5694;-163.562;0.22681;0.119424;-0.288083;-11.2528
57.3948;-163.562;0.256232;0.122154;-0.280277;-10.9176
66.2203;-163.562;0.278704;0.125116;-0.267583;-10.5231
75.0458;-163.562;0.284006;0.128062;-0.245079;-10.061
83.8712;-163.562;0.275785;0.126186;-0.214129;-9.5409
92.6967;-163.562;0.273613;0.117559;-0.18366;-8.99864
101.522;-163.562;0.31994;0.105888;-0.157136;-8.46983
110.348;-163.562;0.37263;0.0968408;-0.131548;-7.87769
119.173;-163.562;0.361049;0.0860289;-0.108309;-7.18959
127.998;-163.562;0.304855;0.0707862;-0.08513;-6.42998
136.824;-163.562;0.268893;0.0518547;-0.0596497;-5.65369
145.649;-163.562;0.298098;0.0311711;-0.0325969;-4.89959
154.475;-163.562;0.516715;0.00525244;-0.00137581;-4.25158
163.3;-163.562;0.916972;-0.0214382;0.0264453;-3.77334
172.126;-163.562;1.33577;-0.0476832;0.0512539;-3.2898
180.951;-163.562;1.76178;-0.0868224;0.0730403;-2.71985
189.777;-163.562;1.95386;-0.128109;0.103839;-1.843
-154.416;-172.387;0.0388049;-0.0267473;-0.0151913;-2.67573
-145.591;-172.387;0.0260543;-0.0461525;-0.0414102;-3.45355
-136.765;-172.387;0.0415776;-0.0623328;-0.0691383;-4.24698
-127.94;-172.387;0.0330074;-0.0673996;-0.0941879;-4.98509
-119.114;-172.387;0.0175696;-0.0655282;-0.112445;-5.66997
-110.289;-172.387;-0.00561309;-0.0659207;-0.133979;-6.34207
-101.463;-172.387;-0.0843776;-0.0623132;-0.165133;-6.96422
-92.6379;-172.387;-0.143441;-0.063988;-0.19651;-7.55035
-83.8124;-172.387;-0.105427;-0.0694258;-0.2213;-8.12329
-74.987;-172.387;-0.0493649;-0.0709865;-0.244911;-8.66673
-66.1615;-172.387;-0.0909403;-0.0684286;-0.270902;-9.10985
-57.3361;-172.387;-0.219694;-0.0656244;-0.300156;-9.49571
-48.5106;-172.387;-0.171459;-0.0647995;-0.319258;-9.9281
-39.6852;-172.387;-0.0325098;-0.0551589;-0.332264;-10.3354
-30.8597;-172.387;-0.102992;-0.0363916;-0.356279;-10.5292
-22.0342;-172.387;-0.230359;-0.0179722;-0.375985;-10.6031
-13.2088;-172.387;-0.213068;0.00202169;-0.375606;-10.6938
-4.38334;-172.387;-0.0162933;0.03413;-0.357719;-10.9002
4.44212;-172.387;0.151005;0.0551406;-0.350076;-11.0351
13.2676;-172.387;0.216118;0.0698282;-0.341285;-11.0247
22.093;-172.387;0.217099;0.0820813;-0.320102;-10.8815
30.9185;-172.387;0.209244;0.0882205;-0.293285;-10.6585
39.7439;-172.387;0.228127;0.0910514;-0.267479;-10.4156
48.5694;-172.387;0.27108;0.0919868;-0.241798;-10.1413
57.3948;-172.387;0.289386;0.0958964;-0.226486;-9.80597
66.2203;-172.387;0.29263;0.102047;-0.214846;-9.41951
75.0458;-172.387;0.290331;0.106363;-0.197285;-8.98745
83.8712;-172.387;0.285531;0.103993;-0.169788;-8.50861
92.6967;-172.387;0.287534;0.0943211;-0.140984;-7.99655
101.522;-172.387;0.323684;0.0800638;-0.113248;-7.46979
110.348;-172.387;0.381566;0.0688099;-0.0869596;-6.89249
119.173;-172.387;0.392195;0.0584956;-0.0652605;-6.25365
127.998;-172.387;0.374335;0.0474496;-0.0474392;-5.57305
136.824;-172.387;0.389772;0.0350802;-0.0287917;-4.89412
145.649;-172.387;0.505516;0.0185886;-0.00747937;-4.2617
154.475;-172.387;0.793738;-0.00355312;0.0177356;-3.72219
163.3;-172.387;1.10018;-0.0257536;0.0423303;-3.18651
172.126;-172.387;1.40239;-0.057772;0.0567214;-2.60348
-145.591;-181.213;-0.00809266;-0.0429813;-0.0248382;-2.60978
-136.765;-181.213;-0.0514037;-0.0570582;-0.0467762;-3.33504
-127.94;-181.213;-0.0842678;-0.0647513;-0.0711438;-4.04643
-119.114;-181.213;-0.122212;-0.0654743;-0.0910143;-4.69507
-110.289;-181.213;-0.135257;-0.0650745;-0.114625;-5.3567
-101.463;-181.213;-0.197982;-0.054724;-0.141062;-5.95658
-92.6379;-181.213;-0.265882;-0.0534046;-0.165509;-6.50149
-83.8124;-181.213;-0.245224;-0.0593911;-0.183932;-7.02869
-74.987;-181.213;-0.163419;-0.0645899;-0.206019;-7.5733
-66.1615;-181.213;-0.145048;-0.0654147;-0.228975;-8.03216
-57.3361;-181.213;-0.242558;-0.0628601;-0.25287;-8.40215
-48.5106;-181.213;-0.233608;-0.0580456;-0.270005;-8.79469
-39.6852;-181.213;-0.0604836;-0.0484688;-0.280666;-9.21604
-30.8597;-181.213;0.0214196;-0.035025;-0.294952;-9.49683
-22.0342;-181.213;0.0527812;-0.0215529;-0.308522;-9.68131
-13.2088;-181.213;0.165789;-0.00352946;-0.310122;-9.85351
-4.38334;-181.213;0.36934;0.0224821;-0.299835;-10.0357
4.44212;-181.213;0.385145;0.0386161;-0.297048;-10.0768
13.2676;-181.213;0.370838;0.0465496;-0.289204;-10.0058
22.093;-181.213;0.30413;0.0566175;-0.270326;-9.81121
30.9185;-181.213;0.226294;0.0627556;-0.246295;-9.53632
39.7439;-181.213;0.197626;0.0653527;-0.220608;-9.25772
48.5694;-181.213;0.240356;0.0653564;-0.19598;-8.98444
57.3948;-181.213;0.254808;0.0699923;-0.177751;-8.66322
66.2203;-181.213;0.256062;0.0769834;-0.164183;-8.29249
75.0458;-181.213;0.266766;0.0813008;-0.147593;-7.88951
83.8712;-181.213;0.278821;0.0800802;-0.124118;-7.45246
92.6967;-181.213;0.283494;0.0730926;-0.102662;-6.97255
101.522;-181.213;0.291821;0.0632528;-0.0825496;-6.44888
110.348;-181.213;0.330293;0.0524859;-0.0603608;-5.88869
119.173;-181.213;0.366243;0.0414882;-0.0401056;-5.30392
127.998;-181.213;0.402605;0.0307126;-0.0242322;-4.70036
136.824;-181.213;0.472044;0.0178997;-0.00897714;-4.09172
145.649;-181.213;0.632686;0.00071681;0.00617624;-3.52159
154.475;-181.213;0.838849;-0.0195815;0.0224596;-2.94702
163.3;-181.213;1.02199;-0.0427424;0.0427889;-2.33269
-136.765;-190.038;-0.103805;-0.0484335;-0.020619;-2.41041
-127.94;-190.038;-0.133638;-0.0568484;-0.0376189;-3.08381
-119.114;-190.038;-0.178201;-0.061087;-0.0560113;-3.71777
-110.289;-190.038;-0.214024;-0.061307;-0.0804844;-4.35368
-101.463;-190.038;-0.312312;-0.0486825;-0.104168;-4.90256
-92.6379;-190.038;-0.439364;-0.0470893;-0.126638;-5.38228
-83.8124;-190.038;-0.429465;-0.0507654;-0.142256;-5.88571
-74.987;-190.038;-0.299572;-0.0538026;-0.15879;-6.43786
-66.1615;-190.038;-0.195734;-0.0546133;-0.177273;-6.93709
-57.3361;-190.038;-0.215419;-0.0533611;-0.197242;-7.32851
-48.5106;-190.038;-0.205376;-0.0487619;-0.211343;-7.68391
-39.6852;-190.038;-0.113741;-0.0397021;-0.219803;-8.03151
-30.8597;-190.038;-0.0345143;-0.027686;-0.227479;-8.30636
-22.0342;-190.038;0.0503374;-0.0150468;-0.236711;-8.53052
-13.2088;-190.038;0.176067;0.00292719;-0.244023;-8.73304
-4.38334;-190.038;0.309871;0.0218726;-0.243366;-8.85927
4.44212;-190.038;0.307591;0.0283671;-0.239115;-8.85124
13.2676;-190.038;0.229242;0.0292779;-0.233305;-8.73942
22.093;-190.038;0.152682;0.0350202;-0.218944;-8.53772
30.9185;-190.038;0.0879796;0.040924;-0.200779;-8.29264
39.7439;-190.038;0.0704734;0.0440977;-0.180368;-8.04079
48.5694;-190.038;0.11659;0.0451928;-0.158591;-7.78528
57.3948;-190.038;0.141382;0.0495523;-0.138479;-7.47974
66.2203;-190.038;0.164629;0.0539949;-0.121059;-7.13511
75.0458;-190.038;0.204904;0.0569615;-0.102594;-6.76546
83.8712;-190.038;0.240165;0.0573173;-0.0825068;-6.3655
92.6967;-190.038;0.253287;0.0546001;-0.0689119;-5.92039
101.522;-190.038;0.253803;0.0492305;-0.0577099;-5.41805
110.348;-190.038;0.275318;0.0418242;-0.0448929;-4.88459
119.173;-190.038;0.309181;0.0327251;-0.0322109;-4.33771
127.998;-190.038;0.359393;0.0215442;-0.0196471;-3.77426
136.824;-190.038;0.437583;0.00868243;-0.00667104;-3.18899
145.649;-190.038;0.568834;-0.00996109;0.00973193;-2.60739
154.475;-190.038;0.689671;-0.0313723;0.0301279;-1.98071
-119.114;-198.864;-0.191407;-0.0500695;-0.0190767;-2.75169
-110.289;-198.864;-0.206851;-0.0494909;-0.0391002;-3.33984
-101.463;-198.864;-0.336376;-0.0403468;-0.0651327;-3.87642
-92.6379;-198.864;-0.530313;-0.0419158;-0.0915461;-4.33012
-83.8124;-198.864;-0.529665;-0.0442589;-0.105978;-4.842
-74.987;-198.864;-0.387191;-0.0430974;-0.115388;-5.37992
-66.1615;-198.864;-0.234938;-0.0418805;-0.126906;-5.87568
-57.3361;-198.864;-0.167748;-0.0433563;-0.142935;-6.28065
-48.5106;-198.864;-0.157837;-0.0402464;-0.15802;-6.61487
-39.6852;-198.864;-0.123925;-0.0327506;-0.16909;-6.89983
-30.8597;-198.864;-0.0933697;-0.0248346;-0.181818;-7.14138
-22.0342;-198.864;-0.0311365;-0.0157856;-0.194191;-7.34835
-13.2088;-198.864;0.0687303;-0.00139019;-0.203457;-7.52213
-4.38334;-198.864;0.155685;0.0120525;-0.201562;-7.59901
4.44212;-198.864;0.141318;0.0156467;-0.193274;-7.56476
13.2676;-198.864;0.0949395;0.0133313;-0.184922;-7.45407
22.093;-198.864;0.0464379;0.0180723;-0.173699;-7.27784
30.9185;-198.864;-0.0056406;0.0241031;-0.160409;-7.06064
39.7439;-198.864;-0.0278897;0.0272067;-0.143057;-6.8251
48.5694;-198.864;0.0024192;0.028944;-0.123318;-6.58229
57.3948;-198.864;0.0397654;0.0336409;-0.102528;-6.29943
66.2203;-198.864;0.0877512;0.036129;-0.0823585;-5.98847
75.0458;-198.864;0.148636;0.0365012;-0.0617443;-5.64733
83.8712;-198.864;0.197641;0.0358815;-0.043815;-5.27224
92.6967;-198.864;0.223242;0.0345315;-0.0352346;-4.85574
101.522;-198.864;0.2423;0.032084;-0.0308592;-4.39553
110.348;-198.864;0.271712;0.0283078;-0.0248427;-3.89893
119.173;-198.864;0.296587;0.0220977;-0.0184485;-3.3647
127.998;-198.864;0.320497;0.0120954;-0.0128599;-2.80828
136.824;-198.864;0.36691;-0.00130539;-0.0032384;-2.23597
145.649;-198.864;0.459212;-0.0203837;0.0184938;-1.63965
-119.114;-207.689;-0.270276;-0.0376125;0.00720635;-1.77781
-110.289;-207.689;-0.239609;-0.0350257;-0.0107885;-2.34741
-101.463;-207.689;-0.329051;-0.0308941;-0.0376154;-2.8735
-92.6379;-207.689;-0.481461;-0.0371974;-0.0637003;-3.34779
-83.8124;-207.689;-0.458641;-0.0401747;-0.0728641;-3.84792
-74.987;-207.689;-0.369574;-0.0378923;-0.078718;-4.34684
-66.1615;-207.689;-0.272917;-0.0369917;-0.0917604;-4.79398
-57.3361;-207.689;-0.212231;-0.0389671;-0.10626;-5.17093
-48.5106;-207.689;-0.190162;-0.0391814;-0.122465;-5.48829
-39.6852;-207.689;-0.18102;-0.0336027;-0.135901;-5.74269
-30.8597;-207.689;-0.15931;-0.0276676;-0.149575;-5.95568
-22.0342;-207.689;-0.115259;-0.0222659;-0.164083;-6.13783
-13.2088;-207.689;-0.0509133;-0.0141954;-0.177067;-6.28419
-4.38334;-207.689;0.00354622;-0.0053656;-0.179188;-6.35264
4.44212;-207.689;0.00477394;-0.00136556;-0.169671;-6.31804
13.2676;-207.689;-0.00385704;-0.00262358;-0.157791;-6.22193
22.093;-207.689;-0.0242656;0.00369642;-0.143575;-6.06518
30.9185;-207.689;-0.0591217;0.00888094;-0.126413;-5.86429
39.7439;-207.689;-0.0774599;0.0111711;-0.10494;-5.64771
48.5694;-207.689;-0.0515214;0.0128108;-0.0827235;-5.42291
57.3948;-207.689;0.00848603;0.0172274;-0.0601704;-5.16712
66.2203;-207.689;0.0832326;0.0183874;-0.0387957;-4.8903
75.0458;-207.689;0.150646;0.0166184;-0.0177376;-4.57248
83.8712;-207.689;0.20666;0.0147706;-0.00223157;-4.22403
92.6967;-207.689;0.258251;0.0143072;0.00343552;-3.84349
101.522;-207.689;0.298289;0.0136921;0.0035308;-3.43326
110.348;-207.689;0.331689;0.0121262;0.00241586;-2.95317
119.173;-207.689;0.342435;0.00545955;0.00360997;-2.42673
127.998;-207.689;0.342419;-0.00382027;0.00521262;-1.87392
136.824;-207.689;0.345072;-0.0154138;0.0127559;-1.30231
-83.8124;-216.515;-0.425025;-0.0392806;-0.0460188;-2.84559
-74.987;-216.515;-0.342981;-0.0388462;-0.0517253;-3.29003
-66.1615;-216.515;-0.297231;-0.0375322;-0.0648261;-3.69997
-57.3361;-216.515;-0.273867;-0.0383346;-0.0783257;-4.04108
-48.5106;-216.515;-0.270014;-0.0375861;-0.0929327;-4.33364
-39.6852;-216.515;-0.248733;-0.0346384;-0.107187;-4.57665
-30.8597;-216.515;-0.207467;-0.0308238;-0.122728;-4.77798
-22.0342;-216.515;-0.160369;-0.027983;-0.138377;-4.94284
-13.2088;-216.515;-0.115424;-0.0248171;-0.152123;-5.06225
-4.38334;-216.515;-0.0866525;-0.0202033;-0.158927;-5.12273
4.44212;-216.515;-0.0859569;-0.0161355;-0.153527;-5.10776
13.2676;-216.515;-0.084967;-0.0162654;-0.140695;-5.03477
22.093;-216.515;-0.101814;-0.0105228;-0.11892;-4.87964
30.9185;-216.515;-0.121603;-0.0083638;-0.0928077;-4.68613
39.7439;-216.515;-0.108677;-0.00884747;-0.064681;-4.49731
48.5694;-216.515;-0.0414697;-0.00771228;-0.0366874;-4.31755
57.3948;-216.515;0.0683996;-0.00228528;-0.00901833;-4.11627
66.2203;-216.515;0.166545;-0.000968085;0.0129089;-3.88579
75.0458;-216.515;0.239702;-0.00251206;0.0309258;-3.58832
83.8712;-216.515;0.320798;-0.00321273;0.0438348;-3.29144
92.6967;-216.515;0.405518;-0.00248987;0.0438652;-2.94746
101.522;-216.515;0.466776;-0.00665281;0.0362412;-2.54747
110.348;-216.515;0.457416;-0.00974773;0.0268756;-2.05178
-83.8124;-225.34;-0.409622;-0.0359717;-0.0149449;-1.7959
-74.987;-225.34;-0.322957;-0.0394836;-0.0249247;-2.23172
-66.1615;-225.34;-0.290027;-0.0401728;-0.0391995;-2.61416
-57.3361;-225.34;-0.289719;-0.0392251;-0.0503986;-2.92823
-48.5106;-225.34;-0.302424;-0.0367086;-0.059986;-3.19703
-39.6852;-225.34;-0.267676;-0.0351107;-0.0734734;-3.43852
-30.8597;-225.34;-0.210982;-0.0338527;-0.0912305;-3.64886
-22.0342;-225.34;-0.170459;-0.0303397;-0.109444;-3.80298
-13.2088;-225.34;-0.146156;-0.0264971;-0.121699;-3.90167
-4.38334;-225.34;-0.140338;-0.0232694;-0.126946;-3.94955
4.44212;-225.34;-0.157586;-0.0219929;-0.12502;-3.93729
13.2676;-225.34;-0.18259;-0.0247609;-0.115054;-3.86189
22.093;-225.34;-0.20455;-0.0245946;-0.0866728;-3.70461
30.9185;-225.34;-0.193569;-0.0253912;-0.0542227;-3.5474
39.7439;-225.34;-0.0969596;-0.0261332;-0.0214723;-3.4223
48.5694;-225.34;0.0284013;-0.0233047;0.010617;-3.30758
57.3948;-225.34;0.197788;-0.0176427;0.0410975;-3.16457
66.2203;-225.34;0.277118;-0.0139704;0.0605929;-2.98051
75.0458;-225.34;0.335775;-0.0136615;0.070928;-2.68948
83.8712;-225.34;0.402585;-0.0146235;0.0669027;-2.35045
92.6967;-225.34;0.42696;-0.0131415;0.0619564;-1.96887
-39.6852;-234.166;-0.239044;-0.0343455;-0.0360802;-2.34493
-30.8597;-234.166;-0.18196;-0.0353659;-0.056431;-2.56012
-22.0342;-234.166;-0.162428;-0.0309275;-0.0755942;-2.70225
-13.2088;-234.166;-0.163149;-0.0254419;-0.0846345;-2.77321
-4.38334;-234.166;-0.180063;-0.0214844;-0.0868949;-2.79831
4.44212;-234.166;-0.217999;-0.0227152;-0.0843482;-2.77122
13.2676;-234.166;-0.287226;-0.0291186;-0.0754791;-2.67412
22.093;-234.166;-0.260081;-0.0346509;-0.0461685;-2.57442
30.9185;-234.166;-0.127673;-0.0364421;-0.0133873;-2.54334
39.7439;-234.166;0.112247;-0.0349848;0.0189322;-2.50988
48.5694;-234.166;0.272323;-0.0309996;0.0439817;-2.39456
57.3948;-234.166;0.257318;-0.0238841;0.0595282;-2.15166
66.2203;-234.166;0.114577;-0.0193869;0.0572768;-1.84543
75.0458;-234.166;-0.0343728;-0.0206893;0.0494512;-1.46299
-4.38334;-242.991;-0.169057;-0.020079;-0.0416261;-1.71702
4.44212;-242.991;-0.202343;-0.0193093;-0.040788;-1.70143
13.2676;-242.991;-0.250817;-0.0250628;-0.0328552;-1.63463
22.093;-242.991;-0.0625753;-0.0334906;-0.00926273;-1.66714
30.9185;-242.991;0.271728;-0.0362829;0.0222603;-1.75536
