x[mm];y[mm];z[mm];x-displacement[mm];y-displacement[mm];z-displacement[mm]
-4.38334;224.758;0.115697;-0.0230195;0.0692677;-2.2151
4.44212;224.758;0.0164864;-0.0172919;0.0708327;-2.21924
13.2676;224.758;-0.0263853;-0.00733828;0.0659265;-2.18706
22.093;224.758;-0.0573264;-0.00346027;0.054979;-2.1077
-39.6852;215.933;-0.0236217;-0.0255849;0.0893189;-2.53515
-30.8597;215.933;-0.110706;-0.0234124;0.0960248;-2.68207
-22.0342;215.933;-0.217603;-0.0200114;0.0908923;-2.75778
-13.2088;215.933;-0.282745;-0.0106853;0.0874392;-2.88027
-4.38334;215.933;-0.258786;-0.0126917;0.0936788;-3.01804
4.44212;215.933;-0.243161;-0.0101858;0.101392;-3.10405
13.2676;215.933;-0.236875;-0.00227303;0.103135;-3.10778
22.093;215.933;-0.216982;0.00149919;0.09693;-3.0623
30.9185;215.933;-0.190114;0.00266046;0.0913248;-2.99269
39.7439;215.933;-0.184509;0.00391182;0.0825964;-2.8784
48.5694;215.933;-0.226374;0.00559312;0.0705317;-2.7081
57.3948;215.933;-0.282106;0.00664586;0.057826;-2.47933
66.2203;215.933;-0.344594;0.00485231;0.0552535;-2.21749
75.0458;215.933;-0.390934;0.00178296;0.0526111;-1.92846
-74.987;207.107;0.310109;-0.0502452;0.0661074;-2.43959
-66.1615;207.107;0.220077;-0.0422207;0.0778517;-2.76386
-57.3361;207.107;0.0527837;-0.0352823;0.09253;-3.03092
-48.5106;207.107;-0.00835472;-0.0345646;0.10715;-3.32524
-39.6852;207.107;-0.0847791;-0.0313228;0.117352;-3.54131
-30.8597;207.107;-0.343077;-0.0257247;0.129849;-3.58863
-22.0342;207.107;-0.616261;-0.0189526;0.128452;-3.54479
-13.2088;207.107;-0.691359;-0.00856964;0.119942;-3.62991
-4.38334;207.107;-0.578334;-0.00447856;0.114833;-3.802
4.44212;207.107;-0.485139;-7.80553e-05;0.124152;-3.95643
13.2676;207.107;-0.40193;0.00652131;0.13054;-4.03132
22.093;207.107;-0.315914;0.00975983;0.128137;-4.04557
30.9185;207.107;-0.244018;0.012082;0.120409;-4.00628
39.7439;207.107;-0.213265;0.0161285;0.106929;-3.90226
48.5694;207.107;-0.231486;0.0193902;0.0907056;-3.73518
57.3948;207.107;-0.284992;0.0210023;0.0795383;-3.49835
66.2203;207.107;-0.341313;0.0210447;0.0784528;-3.23044
75.0458;207.107;-0.380589;0.0188238;0.0774572;-2.93072
83.8712;207.107;-0.390712;0.0142156;0.0682151;-2.59739
92.6967;207.107;-0.374898;0.00994009;0.0481772;-2.21997
-110.289;198.282;0.583516;-0.0325903;0.0256493;-1.6327
-101.463;198.282;0.489507;-0.0452744;0.0476736;-2.12567
-92.6379;198.282;0.390211;-0.0595028;0.0663803;-2.61093
-83.8124;198.282;0.339983;-0.0658554;0.0763798;-3.0653
-74.987;198.282;0.263229;-0.0593134;0.0843089;-3.48197
-66.1615;198.282;0.117529;-0.0448293;0.093182;-3.79905
-57.3361;198.282;-0.0883866;-0.0333164;0.111254;-4.05135
-48.5106;198.282;-0.117861;-0.0335986;0.123646;-4.32979
-39.6852;198.282;-0.151734;-0.0307134;0.130268;-4.56318
-30.8597;198.282;-0.371237;-0.0243933;0.142721;-4.63364
-22.0342;198.282;-0.571981;-0.018814;0.143165;-4.6262
-13.2088;198.282;-0.599976;-0.00966884;0.134345;-4.71725
-4.38334;198.282;-0.463282;-0.00362972;0.125476;-4.88352
4.44212;198.282;-0.364679;0.0016231;0.133831;-5.0387
13.2676;198.282;-0.290782;0.00867145;0.143907;-5.12726
22.093;198.282;-0.237665;0.0150505;0.144551;-5.13789
30.9185;198.282;-0.20546;0.0206831;0.136465;-5.0755
39.7439;198.282;-0.194017;0.0257967;0.12232;-4.95347
48.5694;198.282;-0.199538;0.0287887;0.10821;-4.78502
57.3948;198.282;-0.240019;0.0307255;0.0991056;-4.55135
66.2203;198.282;-0.284398;0.0330982;0.0980553;-4.27972
75.0458;198.282;-0.313877;0.0334099;0.0942086;-3.96713
83.8712;198.282;-0.315215;0.0303771;0.0840549;-3.61291
92.6967;198.282;-0.30735;0.0249862;0.0677859;-3.22216
101.522;198.282;-0.292857;0.017925;0.0539667;-2.80454
110.348;198.282;-0.266497;0.00860185;0.0389127;-2.36213
-101.463;189.456;0.583998;-0.0684608;0.0629009;-3.14189
-92.6379;189.456;0.499634;-0.079727;0.0774609;-3.64568
-83.8124;189.456;0.376132;-0.0825824;0.0920645;-4.09066
-74.987;189.456;0.209713;-0.0705322;0.102776;-4.46713
-66.1615;189.456;0.0105991;-0.048191;0.114832;-4.79854
-57.3361;189.456;-0.165576;-0.0325025;0.121393;-5.02341
-48.5106;189.456;-0.22232;-0.0306359;0.129965;-5.27809
-39.6852;189.456;-0.204346;-0.0277901;0.132708;-5.57157
-30.8597;189.456;-0.258025;-0.021821;0.141272;-5.78671
-22.0342;189.456;-0.310302;-0.0140383;0.14332;-5.91906
-13.2088;189.456;-0.287012;-0.0043619;0.137899;-6.04925
-4.38334;189.456;-0.184105;0.00249287;0.13174;-6.18856
4.44212;189.456;-0.130452;0.00726801;0.138957;-6.29372
13.2676;189.456;-0.107682;0.0124032;0.14885;-6.32288
22.093;189.456;-0.107904;0.019571;0.151715;-6.28018
30.9185;189.456;-0.11755;0.0270968;0.145513;-6.17871
39.7439;189.456;-0.125036;0.032725;0.133507;-6.03438
48.5694;189.456;-0.12687;0.0347988;0.122974;-5.85645
57.3948;189.456;-0.15668;0.0369896;0.1164;-5.61908
66.2203;189.456;-0.192424;0.040629;0.112526;-5.33697
75.0458;189.456;-0.217161;0.0429693;0.10521;-5.00964
83.8712;189.456;-0.224744;0.0421273;0.093176;-4.64018
92.6967;189.456;-0.224059;0.0377126;0.0790796;-4.23369
101.522;189.456;-0.222112;0.0307193;0.0665647;-3.79502
110.348;189.456;-0.204009;0.0225591;0.0533129;-3.31861
119.173;189.456;-0.165647;0.0121925;0.0367239;-2.82946
127.998;189.456;-0.110056;0.000152538;0.0196358;-2.31488
136.824;189.456;-0.089791;-0.01551;-0.00160826;-1.73508
-127.94;180.631;0.74136;-0.057094;0.0180849;-2.33988
-119.114;180.631;0.686113;-0.0696643;0.0385402;-2.92744
-110.289;180.631;0.664279;-0.0826716;0.0577723;-3.51439
-101.463;180.631;0.664402;-0.0956428;0.0712662;-4.06565
-92.6379;180.631;0.523733;-0.103759;0.0940073;-4.54785
-83.8124;180.631;0.277093;-0.10328;0.120114;-4.92126
-74.987;180.631;0.0972331;-0.086881;0.135636;-5.3312
-66.1615;180.631;0.0192403;-0.0581515;0.134727;-5.78992
-57.3361;180.631;-0.0384827;-0.0368918;0.124146;-6.09589
-48.5106;180.631;-0.169323;-0.0300398;0.13192;-6.34112
-39.6852;180.631;-0.144168;-0.029614;0.135085;-6.62261
-30.8597;180.631;-0.0963;-0.0261126;0.140518;-6.89981
-22.0342;180.631;-0.0527723;-0.0188826;0.142588;-7.10462
-13.2088;180.631;-0.0100783;-0.0094096;0.140871;-7.25563
-4.38334;180.631;0.0303358;-0.00173741;0.139348;-7.36557
4.44212;180.631;0.0252143;0.00341211;0.145199;-7.42335
13.2676;180.631;0.00450403;0.0096664;0.154043;-7.41965
22.093;180.631;-0.018546;0.0184343;0.15821;-7.35829
30.9185;180.631;-0.0338622;0.0281308;0.154957;-7.25096
39.7439;180.631;-0.0388275;0.0357949;0.146147;-7.10453
48.5694;180.631;-0.0408076;0.0386968;0.137626;-6.91781
57.3948;180.631;-0.0684124;0.0413925;0.131982;-6.67264
66.2203;180.631;-0.0989539;0.0453484;0.125387;-6.38038
75.0458;180.631;-0.11699;0.0488286;0.11639;-6.044
83.8712;180.631;-0.123474;0.0502347;0.105876;-5.66324
92.6967;180.631;-0.135698;0.0487402;0.095388;-5.23608
101.522;180.631;-0.159817;0.0438294;0.0849523;-4.76546
110.348;180.631;-0.164297;0.034104;0.0697887;-4.25846
119.173;180.631;-0.142405;0.0225489;0.0514617;-3.72999
127.998;180.631;-0.0925073;0.012401;0.0333302;-3.19137
136.824;180.631;-0.0336097;0.000938001;0.0173644;-2.64714
145.649;180.631;-0.0379364;-0.0118672;-0.00555171;-2.01323
154.475;180.631;-0.0880527;-0.033277;-0.0343886;-1.2753
-136.765;171.805;0.823981;-0.0696422;0.0205859;-2.58444
-127.94;171.805;0.752558;-0.0792995;0.0384619;-3.20115
-119.114;171.805;0.659385;-0.0916362;0.060504;-3.80919
-110.289;171.805;0.605675;-0.10565;0.0793036;-4.40726
-101.463;171.805;0.586648;-0.117579;0.0915496;-4.95911
-92.6379;171.805;0.353907;-0.123666;0.1218;-5.3968
-83.8124;171.805;0.0423124;-0.122567;0.160145;-5.77149
-74.987;171.805;0.0235992;-0.106021;0.170541;-6.25725
-66.1615;171.805;0.190632;-0.0759378;0.149032;-6.82968
-57.3361;171.805;0.257199;-0.0513057;0.125794;-7.23132
-48.5106;171.805;0.104918;-0.0414043;0.133442;-7.48528
-39.6852;171.805;0.0433318;-0.0365835;0.147238;-7.73218
-30.8597;171.805;0.0524267;-0.0309017;0.159003;-7.98998
-22.0342;171.805;0.0785416;-0.0228309;0.163334;-8.18792
-13.2088;171.805;0.0910024;-0.0126574;0.163229;-8.3221
-4.38334;171.805;0.078394;-0.00269024;0.16326;-8.40199
4.44212;171.805;0.0379231;0.00508167;0.165903;-8.43407
13.2676;171.805;0.0116114;0.0113515;0.172507;-8.42847
22.093;171.805;0.000758321;0.0203445;0.17765;-8.38064
30.9185;171.805;0.00878433;0.0310228;0.176338;-8.2899
39.7439;171.805;0.025114;0.0405321;0.168419;-8.15212
48.5694;171.805;0.0270535;0.0458887;0.159074;-7.95865
57.3948;171.805;0.00249064;0.0501284;0.151947;-7.70651
66.2203;171.805;-0.0158436;0.0546721;0.143272;-7.41106
75.0458;171.805;-0.019499;0.0586787;0.132979;-7.07177
83.8712;171.805;-0.0225791;0.0613008;0.123578;-6.68041
92.6967;171.805;-0.0516835;0.0620007;0.117277;-6.22894
101.522;171.805;-0.107861;0.0598876;0.10948;-5.72811
110.348;171.805;-0.127719;0.0515741;0.0912397;-5.19666
119.173;171.805;-0.118421;0.0408233;0.0692067;-4.64006
127.998;171.805;-0.0956692;0.0300902;0.0497166;-4.06215
136.824;171.805;-0.0720438;0.0204052;0.0346801;-3.47385
145.649;171.805;-0.000470801;0.00466496;0.0166968;-2.88139
154.475;171.805;-0.0605814;-0.0107073;-0.00396879;-2.17373
163.3;171.805;-0.197614;-0.0332657;-0.0215386;-1.41067
-145.591;162.98;0.837597;-0.0774179;0.0244375;-2.72695
-136.765;162.98;0.816915;-0.0893707;0.0408198;-3.4023
-127.94;162.98;0.763065;-0.0974277;0.0594015;-4.06024
-119.114;162.98;0.671533;-0.107207;0.0790153;-4.67162
-110.289;162.98;0.60992;-0.118118;0.0939898;-5.26929
-101.463;162.98;0.578392;-0.127293;0.10228;-5.8179
-92.6379;162.98;0.369591;-0.132662;0.129003;-6.29592
-83.8124;162.98;0.145807;-0.131596;0.160776;-6.73312
-74.987;162.98;0.285139;-0.114393;0.16304;-7.28827
-66.1615;162.98;0.504146;-0.0842042;0.136311;-7.8679
-57.3361;162.98;0.49011;-0.0575227;0.11907;-8.29811
-48.5106;162.98;0.316794;-0.047295;0.134224;-8.55917
-39.6852;162.98;0.244764;-0.0404285;0.156016;-8.8003
-30.8597;162.98;0.227106;-0.0330301;0.175358;-9.03724
-22.0342;162.98;0.207122;-0.0240881;0.186129;-9.2212
-13.2088;162.98;0.171305;-0.0129785;0.190028;-9.34221
-4.38334;162.98;0.1276;-0.000755549;0.191648;-9.40933
4.44212;162.98;0.0853959;0.00964895;0.193397;-9.44006
13.2676;162.98;0.0692868;0.0176688;0.197673;-9.44385
22.093;162.98;0.0652888;0.0277139;0.201418;-9.40547
30.9185;162.98;0.0765865;0.0387814;0.200874;-9.32112
39.7439;162.98;0.0964684;0.048486;0.194633;-9.18694
48.5694;162.98;0.107276;0.0545447;0.186799;-8.99356
57.3948;162.98;0.0852653;0.0600554;0.178267;-8.72984
66.2203;162.98;0.0618384;0.0656484;0.166561;-8.41678
75.0458;162.98;0.0532975;0.0704467;0.153663;-8.06236
83.8712;162.98;0.0460011;0.0739448;0.143406;-7.6584
92.6967;162.98;0.0134802;0.0754209;0.138272;-7.19247
101.522;162.98;-0.0480878;0.0749793;0.132455;-6.67853
110.348;162.98;-0.0498414;0.0689959;0.112111;-6.15204
119.173;162.98;-0.0175978;0.0594748;0.0858912;-5.5949
127.998;162.98;0.0241493;0.0481984;0.0628202;-5.00655
136.824;162.98;0.0615579;0.0353256;0.0456093;-4.39935
145.649;162.98;0.0962492;0.0199889;0.0270275;-3.77524
154.475;162.98;0.0230146;0.00621016;0.00830513;-3.04317
163.3;162.98;-0.0723203;-0.00938247;0.00161449;-2.28293
-163.242;154.154;0.886553;-0.0555464;0.00618353;-1.99826
-154.416;154.154;0.826943;-0.075253;0.025495;-2.75822
-145.591;154.154;0.800904;-0.0919346;0.0424323;-3.49798
-136.765;154.154;0.802877;-0.103065;0.0567817;-4.21412
-127.94;154.154;0.768334;-0.111817;0.074707;-4.89731
-119.114;154.154;0.703513;-0.119793;0.0917364;-5.53387
-110.289;154.154;0.667398;-0.127503;0.102645;-6.14103
-101.463;154.154;0.671508;-0.132243;0.105803;-6.71946
-92.6379;154.154;0.564537;-0.13381;0.119838;-7.26557
-83.8124;154.154;0.484761;-0.129968;0.136034;-7.77624
-74.987;154.154;0.566829;-0.109779;0.137399;-8.35893
-66.1615;154.154;0.636294;-0.0815284;0.122909;-8.86883
-57.3361;154.154;0.552936;-0.0593302;0.119105;-9.25407
-48.5106;154.154;0.39265;-0.0522135;0.13929;-9.52312
-39.6852;154.154;0.352508;-0.0451785;0.16433;-9.78904
-30.8597;154.154;0.341842;-0.0366711;0.186726;-10.0314
-22.0342;154.154;0.324446;-0.0273263;0.201273;-10.225
-13.2088;154.154;0.286319;-0.0161733;0.209211;-10.3571
-4.38334;154.154;0.23356;-0.00321442;0.215144;-10.4322
4.44212;154.154;0.186996;0.00964132;0.219404;-10.4684
13.2676;154.154;0.170387;0.0202665;0.222823;-10.4728
22.093;154.154;0.146456;0.0336448;0.2244;-10.4211
30.9185;154.154;0.129622;0.0470405;0.223269;-10.3191
39.7439;154.154;0.126977;0.0580626;0.217679;-10.1721
48.5694;154.154;0.12816;0.0650927;0.21181;-9.96848
57.3948;154.154;0.0921526;0.0716199;0.204843;-9.68464
66.2203;154.154;0.0547012;0.0776526;0.193131;-9.3526
75.0458;154.154;0.049547;0.0822103;0.177938;-8.99186
83.8712;154.154;0.0617202;0.0855301;0.163629;-8.59171
92.6967;154.154;0.0582865;0.0863478;0.154169;-8.12813
101.522;154.154;0.0266926;0.0851851;0.147406;-7.61078
110.348;154.154;0.0431097;0.0801744;0.129591;-7.08493
119.173;154.154;0.0870945;0.0722411;0.104987;-6.52843
127.998;154.154;0.129544;0.0610197;0.0803101;-5.92916
136.824;154.154;0.143435;0.0469168;0.059582;-5.2896
145.649;154.154;0.142593;0.0319134;0.0382386;-4.62236
154.475;154.154;0.0801879;0.0174728;0.0188065;-3.88624
163.3;154.154;0.000977632;0.00481639;0.0106756;-3.10261
172.126;154.154;-0.0531517;-0.00570845;0.0118525;-2.33809
180.951;154.154;-0.0311223;-0.0176544;0.00878557;-1.53255
-172.067;145.329;0.807606;-0.0477818;0.00165053;-1.89471
-163.242;145.329;0.847531;-0.0663336;0.0177774;-2.70172
-154.416;145.329;0.806696;-0.0838553;0.0365414;-3.48417
-145.591;145.329;0.782828;-0.0991284;0.0516835;-4.24809
-136.765;145.329;0.780434;-0.113664;0.0682425;-4.99338
-127.94;145.329;0.754241;-0.124515;0.0850581;-5.70576
-119.114;145.329;0.712524;-0.132949;0.100076;-6.36931
-110.289;145.329;0.691507;-0.139689;0.109974;-7.00355
-101.463;145.329;0.704234;-0.140739;0.112635;-7.61638
-92.6379;145.329;0.680252;-0.135398;0.117005;-8.20602
-83.8124;145.329;0.669418;-0.127804;0.125228;-8.76592
-74.987;145.329;0.679457;-0.109928;0.123964;-9.29118
-66.1615;145.329;0.646387;-0.0872328;0.119522;-9.74683
-57.3361;145.329;0.543389;-0.0699171;0.125411;-10.1187
-48.5106;145.329;0.422617;-0.0638334;0.146502;-10.4112
-39.6852;145.329;0.396665;-0.0548938;0.170905;-10.7084
-30.8597;145.329;0.386366;-0.0443128;0.192566;-10.9666
-22.0342;145.329;0.368195;-0.0332641;0.208503;-11.1782
-13.2088;145.329;0.326093;-0.0201279;0.220145;-11.3294
-4.38334;145.329;0.264675;-0.00510262;0.231868;-11.4138
4.44212;145.329;0.208638;0.0101757;0.240559;-11.4483
13.2676;145.329;0.185411;0.0231384;0.24515;-11.4419
22.093;145.329;0.155235;0.0380766;0.245109;-11.3782
30.9185;145.329;0.128264;0.0526724;0.24217;-11.2651
39.7439;145.329;0.111464;0.0655983;0.235602;-11.1074
48.5694;145.329;0.100066;0.0747671;0.230043;-10.8893
57.3948;145.329;0.0684286;0.0816906;0.225603;-10.5985
66.2203;145.329;0.0461578;0.0876357;0.21692;-10.2677
75.0458;145.329;0.06268;0.0924246;0.201891;-9.91614
83.8712;145.329;0.100952;0.0963759;0.183433;-9.5274
92.6967;145.329;0.131164;0.0967411;0.167019;-9.07022
101.522;145.329;0.137413;0.0944151;0.156742;-8.55681
110.348;145.329;0.153527;0.0904598;0.143228;-8.02226
119.173;145.329;0.174566;0.0852556;0.123624;-7.44628
127.998;145.329;0.187155;0.0757081;0.0997904;-6.81787
136.824;145.329;0.179387;0.0608263;0.07607;-6.14265
145.649;145.329;0.162699;0.0456701;0.0520934;-5.43923
154.475;145.329;0.118982;0.0311893;0.0296402;-4.6895
163.3;145.329;0.0580524;0.0167979;0.0177585;-3.90856
172.126;145.329;0.00154549;0.00305816;0.0116331;-3.09701
180.951;145.329;0.00270379;-0.00949259;0.00769356;-2.29553
189.777;145.329;-0.0437607;-0.0267219;-0.00289334;-1.42894
-172.067;136.504;0.805649;-0.0531012;0.0112071;-2.55497
-163.242;136.504;0.813697;-0.0721319;0.0250531;-3.39365
-154.416;136.504;0.794596;-0.0904699;0.0425938;-4.19519
-145.591;136.504;0.77576;-0.107155;0.0596462;-4.97674
-136.765;136.504;0.75271;-0.123681;0.0764642;-5.73897
-127.94;136.504;0.723323;-0.135036;0.0906426;-6.46435
-119.114;136.504;0.691541;-0.143698;0.102523;-7.14736
-110.289;136.504;0.668655;-0.150769;0.112413;-7.80416
-101.463;136.504;0.664742;-0.150828;0.118078;-8.4336
-92.6379;136.504;0.665932;-0.140954;0.120393;-9.02476
-83.8124;136.504;0.651805;-0.131733;0.127652;-9.5808
-74.987;136.504;0.639557;-0.118482;0.129082;-10.0987
-66.1615;136.504;0.594988;-0.102363;0.131489;-10.559
-57.3361;136.504;0.513426;-0.0876738;0.142443;-10.957
-48.5106;136.504;0.432535;-0.0775181;0.162667;-11.2958
-39.6852;136.504;0.396839;-0.0659876;0.183852;-11.6057
-30.8597;136.504;0.368579;-0.0532905;0.203306;-11.8686
-22.0342;136.504;0.331408;-0.0400588;0.219777;-12.0806
-13.2088;136.504;0.273207;-0.0246203;0.233991;-12.2312
-4.38334;136.504;0.201181;-0.00731474;0.248766;-12.3151
4.44212;136.504;0.140583;0.0100408;0.260452;-12.3449
13.2676;136.504;0.122599;0.0259118;0.265955;-12.3433
22.093;136.504;0.114553;0.0421987;0.264682;-12.2961
30.9185;136.504;0.107246;0.0575599;0.259371;-12.195
39.7439;136.504;0.0950112;0.0724428;0.249812;-12.0369
48.5694;136.504;0.0769003;0.0851714;0.241298;-11.8106
57.3948;136.504;0.0582407;0.0948033;0.237301;-11.5266
66.2203;136.504;0.0627894;0.101959;0.232247;-11.2086
75.0458;136.504;0.0885316;0.108444;0.219798;-10.8571
83.8712;136.504;0.120064;0.11404;0.20041;-10.4503
92.6967;136.504;0.148358;0.114934;0.179503;-9.97117
101.522;136.504;0.182392;0.112119;0.165562;-9.46063
110.348;136.504;0.193415;0.109219;0.154003;-8.91566
119.173;136.504;0.185475;0.105666;0.137727;-8.31002
127.998;136.504;0.174166;0.0965116;0.115045;-7.64981
136.824;136.504;0.170106;0.0806736;0.0900953;-6.95494
145.649;136.504;0.157588;0.0646966;0.0654629;-6.22942
154.475;136.504;0.130062;0.0493512;0.0415356;-5.4641
163.3;136.504;0.0786284;0.0343035;0.0257563;-4.66471
172.126;136.504;0.020828;0.0165477;0.0128414;-3.83618
180.951;136.504;-0.00265896;-0.00367068;-0.000321417;-2.99782
189.777;136.504;-0.0116348;-0.020861;-0.00631694;-2.12845
-180.892;127.678;0.828924;-0.0337791;0.00622707;-2.32576
-172.067;127.678;0.801448;-0.0510885;0.0154726;-3.1775
-163.242;127.678;0.772076;-0.0769599;0.0353805;-4.04962
-154.416;127.678;0.763932;-0.0999054;0.0536481;-4.88322
-145.591;127.678;0.747952;-0.119885;0.0717282;-5.69215
-136.765;127.678;0.716373;-0.135477;0.0881057;-6.46972
-127.94;127.678;0.686062;-0.1439;0.0988295;-7.20504
-119.114;127.678;0.656039;-0.150307;0.106663;-7.90679
-110.289;127.678;0.630273;-0.156569;0.115723;-8.58831
-101.463;127.678;0.619002;-0.15719;0.124984;-9.23874
-92.6379;127.678;0.603199;-0.147669;0.132166;-9.84117
-83.8124;127.678;0.570625;-0.138054;0.139917;-10.3927
-74.987;127.678;0.547975;-0.129148;0.144989;-10.9135
-66.1615;127.678;0.515915;-0.118576;0.153612;-11.3903
-57.3361;127.678;0.464648;-0.105027;0.169286;-11.8112
-48.5106;127.678;0.406221;-0.0900594;0.189156;-12.1715
-39.6852;127.678;0.364236;-0.0764202;0.20729;-12.4992
-30.8597;127.678;0.317258;-0.0607208;0.225916;-12.7773
-22.0342;127.678;0.264204;-0.0431415;0.242294;-12.9962
-13.2088;127.678;0.195112;-0.0244354;0.256101;-13.1479
-4.38334;127.678;0.121168;-0.00541674;0.270437;-13.2323
4.44212;127.678;0.071985;0.0136126;0.281503;-13.2663
13.2676;127.678;0.0781889;0.0306973;0.285694;-13.2738
22.093;127.678;0.0984438;0.0480276;0.282586;-13.2417
30.9185;127.678;0.115528;0.0643168;0.274238;-13.1542
39.7439;127.678;0.113851;0.0798661;0.260707;-12.9913
48.5694;127.678;0.0891779;0.0959179;0.249158;-12.7543
57.3948;127.678;0.0547438;0.110473;0.243232;-12.4544
66.2203;127.678;0.0508032;0.119386;0.239523;-12.1203
75.0458;127.678;0.0435258;0.127136;0.229036;-11.7261
83.8712;127.678;0.00996811;0.133856;0.212052;-11.2418
92.6967;127.678;-0.0258809;0.137593;0.193513;-10.6956
101.522;127.678;0.0105902;0.136243;0.179133;-10.1773
110.348;127.678;0.038922;0.133735;0.166237;-9.63486
119.173;127.678;0.0469589;0.129646;0.148075;-9.02657
127.998;127.678;0.0627845;0.118947;0.123618;-8.37101
136.824;127.678;0.096991;0.102785;0.0982642;-7.69251
145.649;127.678;0.101026;0.0870106;0.0757095;-6.96446
154.475;127.678;0.0734808;0.0718457;0.052713;-6.17954
163.3;127.678;0.0277104;0.056436;0.0351609;-5.36151
172.126;127.678;-0.0133822;0.0374225;0.0174977;-4.51913
180.951;127.678;-0.0266013;0.0158728;0.00110845;-3.66693
189.777;127.678;-0.0626959;-0.00165422;-0.00220219;-2.79913
198.602;127.678;-0.103846;-0.0208632;-0.00565083;-1.87996
207.428;127.678;0.108123;-0.0444785;-0.0236222;-0.938905
-189.718;118.853;0.792015;-0.0256526;0.00635465;-2.03444
-180.892;118.853;0.770748;-0.0375617;0.0131018;-2.90502
-172.067;118.853;0.756336;-0.0589685;0.0305849;-3.80463
-163.242;118.853;0.721902;-0.0853944;0.050788;-4.68338
-154.416;118.853;0.712321;-0.111452;0.0696708;-5.54792
-145.591;118.853;0.704309;-0.131841;0.0866176;-6.38323
-136.765;118.853;0.676575;-0.146454;0.102282;-7.18347
-127.94;118.853;0.650239;-0.152917;0.110512;-7.93644
-119.114;118.853;0.623314;-0.156855;0.115173;-8.65889
-110.289;118.853;0.605123;-0.160764;0.12251;-9.36278
-101.463;118.853;0.605995;-0.161023;0.133089;-10.0333
-92.6379;118.853;0.576178;-0.154215;0.144508;-10.6527
-83.8124;118.853;0.51075;-0.145601;0.154037;-11.2121
-74.987;118.853;0.460758;-0.139384;0.162999;-11.7419
-66.1615;118.853;0.421909;-0.132243;0.177181;-12.2355
-57.3361;118.853;0.382425;-0.119882;0.197256;-12.6773
-48.5106;118.853;0.341352;-0.103239;0.217762;-13.0578
-39.6852;118.853;0.314086;-0.0897069;0.235417;-13.4096
-30.8597;118.853;0.286054;-0.0717168;0.251156;-13.707
-22.0342;118.853;0.247791;-0.0500339;0.264012;-13.9409
-13.2088;118.853;0.190214;-0.0284694;0.274203;-14.1066
-4.38334;118.853;0.133198;-0.00882403;0.285173;-14.2074
4.44212;118.853;0.106272;0.00992944;0.294618;-14.259
13.2676;118.853;0.1125;0.0281507;0.299158;-14.2683
22.093;118.853;0.108312;0.04814;0.296036;-14.2187
30.9185;118.853;0.100004;0.0665099;0.284699;-14.1005
39.7439;118.853;0.0764251;0.0847927;0.268791;-13.906
48.5694;118.853;0.0185353;0.104096;0.257135;-13.6264
57.3948;118.853;-0.0874984;0.123961;0.251314;-13.2649
66.2203;118.853;-0.167016;0.137159;0.247145;-12.8637
75.0458;118.853;-0.205024;0.14551;0.233741;-12.418
83.8712;118.853;-0.302974;0.155743;0.215762;-11.8644
92.6967;118.853;-0.444649;0.159487;0.197115;-11.205
101.522;118.853;-0.481439;0.159351;0.182186;-10.615
110.348;118.853;-0.42047;0.157315;0.170444;-10.0811
119.173;118.853;-0.341089;0.154088;0.153851;-9.52252
127.998;118.853;-0.238193;0.14261;0.13018;-8.92632
136.824;118.853;-0.129135;0.127123;0.104482;-8.29897
145.649;118.853;-0.0921384;0.111915;0.0832625;-7.5842
154.475;118.853;-0.097316;0.0972089;0.0609001;-6.79765
163.3;118.853;-0.110744;0.0812383;0.0418433;-5.97796
172.126;118.853;-0.113219;0.0630615;0.023694;-5.14353
180.951;118.853;-0.0995761;0.0428643;0.00836502;-4.30008
189.777;118.853;-0.109909;0.0225959;0.00174338;-3.42802
198.602;118.853;-0.127878;0.00310703;0.000960078;-2.5094
207.428;118.853;0.0562418;-0.0197679;-0.0112231;-1.57448
-189.718;110.027;0.712601;-0.0446471;0.0175633;-2.59039
-180.892;110.027;0.682247;-0.0565647;0.0299266;-3.48335
-172.067;110.027;0.686482;-0.0747886;0.0478768;-4.39814
-163.242;110.027;0.66218;-0.0983029;0.0654699;-5.30038
-154.416;110.027;0.653484;-0.122299;0.0822125;-6.18951
-145.591;110.027;0.656086;-0.141639;0.0981757;-7.05147
-136.765;110.027;0.639825;-0.156344;0.113589;-7.87852
-127.94;110.027;0.608124;-0.165019;0.122414;-8.656
-119.114;110.027;0.572519;-0.171143;0.128708;-9.40637
-110.289;110.027;0.55261;-0.175851;0.136997;-10.1376
-101.463;110.027;0.551412;-0.176504;0.148161;-10.8331
-92.6379;110.027;0.517923;-0.169326;0.159227;-11.4649
-83.8124;110.027;0.456506;-0.158449;0.166189;-12.0366
-74.987;110.027;0.405808;-0.152053;0.173669;-12.5828
-66.1615;110.027;0.362296;-0.146443;0.187675;-13.097
-57.3361;110.027;0.329053;-0.135433;0.209318;-13.5592
-48.5106;110.027;0.308854;-0.118778;0.232476;-13.9616
-39.6852;110.027;0.291543;-0.104165;0.251915;-14.3324
-30.8597;110.027;0.268469;-0.0839512;0.267016;-14.646
-22.0342;110.027;0.236275;-0.060028;0.277862;-14.8972
-13.2088;110.027;0.18914;-0.0376338;0.285396;-15.0849
-4.38334;110.027;0.145118;-0.0173885;0.293646;-15.2081
4.44212;110.027;0.123493;0.00292884;0.301949;-15.2728
13.2676;110.027;0.115469;0.0232019;0.307645;-15.2792
22.093;110.027;0.0881116;0.0440021;0.30629;-15.2128
30.9185;110.027;0.0577773;0.0618222;0.294795;-15.0645
39.7439;110.027;0.0150848;0.0842158;0.277984;-14.8448
48.5694;110.027;-0.0517935;0.113023;0.26518;-14.5542
57.3948;110.027;-0.141246;0.142046;0.258672;-14.1957
66.2203;110.027;-0.179126;0.159317;0.25535;-13.813
75.0458;110.027;-0.173451;0.169341;0.239287;-13.3871
83.8712;110.027;-0.276364;0.18112;0.21498;-12.821
92.6967;110.027;-0.472678;0.183512;0.19326;-12.0961
101.522;110.027;-0.607892;0.182932;0.176084;-11.3941
110.348;110.027;-0.598959;0.180986;0.162484;-10.7788
119.173;110.027;-0.528729;0.178593;0.147114;-10.1891
127.998;110.027;-0.410606;0.166739;0.127411;-9.58631
136.824;110.027;-0.277395;0.151757;0.105962;-8.96378
145.649;110.027;-0.192591;0.137112;0.0885979;-8.26492
154.475;110.027;-0.160542;0.122758;0.0682039;-7.48602
163.3;110.027;-0.1381;0.105634;0.0485951;-6.66572
172.126;110.027;-0.113297;0.0866789;0.03131;-5.82506
180.951;110.027;-0.0866274;0.0666829;0.0179117;-4.97062
189.777;110.027;-0.0673527;0.0448067;0.00969615;-4.09178
198.602;110.027;-0.0735435;0.0209386;0.00645503;-3.17903
207.428;110.027;0.0397552;-0.00453745;-0.0080531;-2.20254
-198.543;101.202;0.825176;-0.0371241;0.00711249;-2.24402
-189.718;101.202;0.727355;-0.0539131;0.0214539;-3.15161
-180.892;101.202;0.67054;-0.0713318;0.0385245;-4.07433
-172.067;101.202;0.657773;-0.0908546;0.053959;-4.99764
-163.242;101.202;0.635369;-0.112631;0.0678442;-5.91865
-154.416;101.202;0.624133;-0.134872;0.0837635;-6.82709
-145.591;101.202;0.61711;-0.153999;0.0995506;-7.70767
-136.765;101.202;0.585559;-0.16988;0.113877;-8.55277
-127.94;101.202;0.530748;-0.181695;0.122567;-9.34921
-119.114;101.202;0.478394;-0.191952;0.130739;-10.1252
-110.289;101.202;0.457962;-0.199202;0.141372;-10.8845
-101.463;101.202;0.470686;-0.199485;0.154274;-11.6096
-92.6379;101.202;0.465853;-0.190922;0.165318;-12.269
-83.8124;101.202;0.443879;-0.176308;0.169712;-12.8678
-74.987;101.202;0.402938;-0.168125;0.176092;-13.4409
-66.1615;101.202;0.353035;-0.161409;0.189122;-13.9756
-57.3361;101.202;0.303067;-0.149035;0.21061;-14.4512
-48.5106;101.202;0.263452;-0.130756;0.235638;-14.8647
-39.6852;101.202;0.243559;-0.113514;0.257848;-15.2489
-30.8597;101.202;0.229701;-0.0920133;0.274904;-15.5808
-22.0342;101.202;0.211564;-0.0681506;0.286963;-15.852
-13.2088;101.202;0.186334;-0.0464836;0.294726;-16.0624
-4.38334;101.202;0.162126;-0.0254087;0.302779;-16.2087
4.44212;101.202;0.146074;-0.00284668;0.310237;-16.286
13.2676;101.202;0.132674;0.0191898;0.31564;-16.2932
22.093;101.202;0.0992203;0.0385842;0.316135;-16.2245
30.9185;101.202;0.0559388;0.0551544;0.308;-16.0683
39.7439;101.202;0.00434091;0.0849228;0.291759;-15.8438
48.5694;101.202;-0.0302398;0.128718;0.275264;-15.5821
57.3948;101.202;-0.0107591;0.170068;0.264974;-15.301
66.2203;101.202;0.0730591;0.19149;0.261722;-15.0079
75.0458;101.202;0.117496;0.203351;0.243416;-14.6025
83.8712;101.202;0.029797;0.212644;0.215444;-14.0245
92.6967;101.202;-0.160584;0.213794;0.191134;-13.2852
101.522;101.202;-0.342924;0.213388;0.171403;-12.5212
110.348;101.202;-0.378394;0.210602;0.153842;-11.8273
119.173;101.202;-0.34672;0.20731;0.137734;-11.1722
127.998;101.202;-0.276132;0.197523;0.122591;-10.5116
136.824;101.202;-0.19244;0.183718;0.107434;-9.82397
145.649;101.202;-0.121111;0.168924;0.0937017;-9.08204
154.475;101.202;-0.0876503;0.153807;0.0762311;-8.27652
163.3;101.202;-0.0601142;0.135481;0.0575008;-7.43157
172.126;101.202;-0.0460242;0.115525;0.0402476;-6.55633
180.951;101.202;-0.0498607;0.095137;0.0256763;-5.65639
189.777;101.202;-0.0489153;0.0713888;0.0120886;-4.73381
198.602;101.202;-0.0149743;0.0414165;0.00198625;-3.79102
207.428;101.202;0.0338684;0.0114025;-0.0101234;-2.79054
-198.543;92.3763;0.862127;-0.0318316;0.000725143;-2.77048
-189.718;92.3763;0.761483;-0.0476647;0.0154473;-3.70602
-180.892;92.3763;0.688168;-0.0751305;0.0368047;-4.64483
-172.067;92.3763;0.661485;-0.100474;0.0526609;-5.58397
-163.242;92.3763;0.641107;-0.123098;0.064735;-6.51997
-154.416;92.3763;0.613251;-0.145174;0.0816271;-7.44098
-145.591;92.3763;0.57607;-0.16417;0.0985652;-8.33419
-136.765;92.3763;0.519452;-0.181184;0.111307;-9.19612
-127.94;92.3763;0.453468;-0.19581;0.117447;-10.017
-119.114;92.3763;0.405294;-0.208971;0.126477;-10.8244
-110.289;92.3763;0.393996;-0.217196;0.139792;-11.6131
-101.463;92.3763;0.41407;-0.216285;0.154926;-12.3671
-92.6379;92.3763;0.431192;-0.20625;0.166359;-13.0653
-83.8124;92.3763;0.428687;-0.191664;0.173375;-13.7095
-74.987;92.3763;0.401559;-0.182477;0.183316;-14.3164
-66.1615;92.3763;0.355822;-0.173354;0.197293;-14.8661
-57.3361;92.3763;0.294459;-0.158834;0.217111;-15.3456
-48.5106;92.3763;0.235838;-0.139112;0.240668;-15.7725
-39.6852;92.3763;0.21219;-0.119635;0.263918;-16.1768
-30.8597;92.3763;0.211438;-0.0969637;0.283561;-16.5393
-22.0342;92.3763;0.20585;-0.0719679;0.298634;-16.8388
-13.2088;92.3763;0.195131;-0.0490444;0.308725;-17.0685
-4.38334;92.3763;0.184574;-0.025493;0.318613;-17.2299
4.44212;92.3763;0.175134;-0.00035242;0.325863;-17.3126
13.2676;92.3763;0.159432;0.0231858;0.32826;-17.3143
22.093;92.3763;0.128402;0.039377;0.327025;-17.2471
30.9185;92.3763;0.0825016;0.0567987;0.321601;-17.1002
39.7439;92.3763;0.0227345;0.097766;0.304441;-16.8771
48.5694;92.3763;0.00843249;0.156542;0.279893;-16.6258
57.3948;92.3763;0.105378;0.207766;0.259224;-16.3905
66.2203;92.3763;0.278399;0.231004;0.250068;-16.156
75.0458;92.3763;0.337605;0.242571;0.230443;-15.7381
83.8712;92.3763;0.281467;0.247272;0.20676;-15.1492
92.6967;92.3763;0.150927;0.247035;0.185658;-14.4394
101.522;92.3763;0.0163398;0.245348;0.166227;-13.6877
110.348;92.3763;-0.0144104;0.24095;0.145878;-12.9616
119.173;92.3763;-0.015828;0.235783;0.128601;-12.2495
127.998;92.3763;-0.00754719;0.227278;0.115766;-11.5161
136.824;92.3763;0.0072196;0.214235;0.102872;-10.7429
145.649;92.3763;0.0318402;0.198858;0.0901303;-9.93091
154.475;92.3763;0.0470591;0.1827;0.0762233;-9.08232
163.3;92.3763;0.0563037;0.16425;0.0609966;-8.19803
172.126;92.3763;0.0266138;0.144115;0.045214;-7.26777
180.951;92.3763;-0.0397053;0.122153;0.0298109;-6.29823
189.777;92.3763;-0.0732665;0.0938543;0.013207;-5.31528
198.602;92.3763;-0.0244876;0.0595419;-0.00154386;-4.34392
207.428;92.3763;0.0608972;0.0274488;-0.0101994;-3.36869
-216.194;83.5508;0.808671;-0.0399905;0.00821146;-1.26537
-207.369;83.5508;0.897197;-0.0223763;-0.0064479;-2.25548
-198.543;83.5508;0.867421;-0.0239383;-0.00500701;-3.26692
-189.718;83.5508;0.778533;-0.0390524;0.00803188;-4.22992
-180.892;83.5508;0.697824;-0.0726984;0.0303345;-5.18548
-172.067;83.5508;0.662529;-0.103314;0.0472034;-6.13731
-163.242;83.5508;0.630067;-0.128068;0.0593459;-7.08236
-154.416;83.5508;0.571139;-0.151783;0.0770568;-8.0173
-145.591;83.5508;0.51232;-0.171369;0.0932596;-8.92862
-136.765;83.5508;0.453704;-0.188004;0.103023;-9.81431
-127.94;83.5508;0.405051;-0.20181;0.105953;-10.6697
-119.114;83.5508;0.37376;-0.213753;0.114094;-11.5065
-110.289;83.5508;0.363348;-0.220722;0.128369;-12.3175
-101.463;83.5508;0.371716;-0.219065;0.14456;-13.0909
-92.6379;83.5508;0.389143;-0.209294;0.155409;-13.8203
-83.8124;83.5508;0.384034;-0.199778;0.167675;-14.5086
-74.987;83.5508;0.366569;-0.192065;0.184705;-15.151
-66.1615;83.5508;0.336835;-0.180761;0.203297;-15.7291
-57.3361;83.5508;0.289297;-0.16409;0.222186;-16.2391
-48.5106;83.5508;0.240315;-0.144433;0.242715;-16.6987
-39.6852;83.5508;0.222592;-0.125125;0.265392;-17.1319
-30.8597;83.5508;0.228051;-0.102372;0.285906;-17.519
-22.0342;83.5508;0.222426;-0.0759319;0.30095;-17.828
-13.2088;83.5508;0.205522;-0.0494312;0.312649;-18.0634
-4.38334;83.5508;0.192378;-0.021728;0.325272;-18.2292
4.44212;83.5508;0.184194;0.00695351;0.333892;-18.3138
13.2676;83.5508;0.164183;0.0335428;0.332952;-18.3122
22.093;83.5508;0.139882;0.0483581;0.32708;-18.2528
30.9185;83.5508;0.107154;0.0716961;0.318387;-18.1228
39.7439;83.5508;0.0423931;0.123911;0.294942;-17.8844
48.5694;83.5508;0.00400331;0.188391;0.259903;-17.5713
57.3948;83.5508;0.0628918;0.237705;0.227443;-17.2563
66.2203;83.5508;0.204602;0.258664;0.209917;-16.9638
75.0458;83.5508;0.256343;0.27383;0.193221;-16.5299
83.8712;83.5508;0.231442;0.281183;0.180205;-15.9628
92.6967;83.5508;0.185862;0.283036;0.16906;-15.3174
101.522;83.5508;0.16785;0.279837;0.154133;-14.6289
110.348;83.5508;0.176507;0.274134;0.13322;-13.9079
119.173;83.5508;0.155765;0.267525;0.114451;-13.1616
127.998;83.5508;0.131606;0.257519;0.100061;-12.3774
136.824;83.5508;0.120325;0.242462;0.0843462;-11.5513
145.649;83.5508;0.12845;0.224587;0.0700196;-10.6939
154.475;83.5508;0.14377;0.206139;0.0593112;-9.81372
163.3;83.5508;0.138977;0.188027;0.0500828;-8.89482
172.126;83.5508;0.0641645;0.169677;0.0395693;-7.91643
180.951;83.5508;-0.0481373;0.147299;0.026821;-6.89601
189.777;83.5508;-0.0653549;0.11416;0.0106989;-5.89321
198.602;83.5508;0.00906635;0.0747937;-0.00753922;-4.91101
207.428;83.5508;0.133653;0.0380014;-0.019841;-3.94196
216.253;83.5508;0.240368;0.00530378;-0.0241444;-2.92827
225.078;83.5508;0.270573;-0.021138;-0.0171905;-1.87474
-216.194;74.7253;0.797787;-0.0467987;0.00871552;-1.70908
-207.369;74.7253;0.861445;-0.0228058;-0.00561079;-2.72067
-198.543;74.7253;0.845599;-0.0128392;-0.0125255;-3.72217
-189.718;74.7253;0.756001;-0.0354419;0.000717715;-4.70332
-180.892;74.7253;0.691477;-0.0691037;0.019194;-5.67568
-172.067;74.7253;0.656529;-0.100077;0.0347822;-6.64471
-163.242;74.7253;0.604101;-0.126222;0.0468825;-7.6021
-154.416;74.7253;0.518571;-0.152217;0.0628114;-8.56168
-145.591;74.7253;0.462679;-0.17279;0.0741374;-9.50387
-136.765;74.7253;0.426558;-0.18841;0.0797314;-10.4224
-127.94;74.7253;0.410524;-0.198675;0.0804343;-11.3146
-119.114;74.7253;0.385583;-0.207226;0.0872067;-12.1766
-110.289;74.7253;0.354066;-0.212889;0.10014;-13.0049
-101.463;74.7253;0.337424;-0.212088;0.114339;-13.7973
-92.6379;74.7253;0.345616;-0.204412;0.123291;-14.5592
-83.8124;74.7253;0.340254;-0.200365;0.139198;-15.2858
-74.987;74.7253;0.320019;-0.195671;0.16159;-15.9605
-66.1615;74.7253;0.305516;-0.18417;0.183886;-16.5721
-57.3361;74.7253;0.285593;-0.167304;0.201957;-17.1222
-48.5106;74.7253;0.264048;-0.149217;0.219103;-17.6274
-39.6852;74.7253;0.25922;-0.131668;0.23898;-18.0983
-30.8597;74.7253;0.253224;-0.108606;0.259489;-18.5104
-22.0342;74.7253;0.234743;-0.0792092;0.277208;-18.8343
-13.2088;74.7253;0.19835;-0.0480242;0.292807;-19.0709
-4.38334;74.7253;0.166978;-0.0156521;0.306793;-19.2337
4.44212;74.7253;0.146955;0.0172559;0.312473;-19.3178
13.2676;74.7253;0.12655;0.048341;0.304099;-19.32
22.093;74.7253;0.124464;0.0671737;0.29158;-19.2761
30.9185;74.7253;0.129943;0.102068;0.274222;-19.1555
39.7439;74.7253;0.102725;0.162777;0.244051;-18.9095
48.5694;74.7253;0.0811987;0.224819;0.208303;-18.5622
57.3948;74.7253;0.109976;0.264649;0.178879;-18.1745
66.2203;74.7253;0.173281;0.283906;0.160466;-17.7785
75.0458;74.7253;0.191227;0.300862;0.147757;-17.2967
83.8712;74.7253;0.18392;0.310644;0.141143;-16.7316
92.6967;74.7253;0.182962;0.31538;0.136557;-16.1123
101.522;74.7253;0.202807;0.314037;0.125887;-15.4384
110.348;74.7253;0.222395;0.307569;0.106827;-14.7003
119.173;74.7253;0.190651;0.299192;0.0884016;-13.9173
127.998;74.7253;0.159175;0.287158;0.0732863;-13.101
136.824;74.7253;0.152877;0.268907;0.0573341;-12.249
145.649;74.7253;0.177187;0.248101;0.0440338;-11.3747
154.475;74.7253;0.209092;0.227865;0.0358472;-10.4795
163.3;74.7253;0.224509;0.208727;0.0325257;-9.55455
172.126;74.7253;0.179452;0.189469;0.0292547;-8.57644
180.951;74.7253;0.112578;0.164687;0.0228639;-7.56024
189.777;74.7253;0.127143;0.128176;0.00933809;-6.55302
198.602;74.7253;0.218018;0.0868191;-0.00745715;-5.55873
207.428;74.7253;0.296872;0.0496242;-0.0195821;-4.54536
216.253;74.7253;0.35189;0.0161911;-0.0230457;-3.46554
225.078;74.7253;0.364278;-0.0131868;-0.0144312;-2.38057
-216.194;65.8999;0.785652;-0.0374154;0.00421442;-2.06512
-207.369;65.8999;0.809685;-0.0197608;-0.00538081;-3.11241
-198.543;65.8999;0.783638;-0.0137494;-0.0137806;-4.11495
-189.718;65.8999;0.707726;-0.0407703;-0.00554948;-5.12616
-180.892;65.8999;0.672269;-0.0697866;0.00353286;-6.12056
-172.067;65.8999;0.657462;-0.0962179;0.0120772;-7.12924
-163.242;65.8999;0.610121;-0.121851;0.0201751;-8.12451
-154.416;65.8999;0.536044;-0.147441;0.029613;-9.11912
-145.591;65.8999;0.503464;-0.1659;0.0325416;-10.0905
-136.765;65.8999;0.483554;-0.181392;0.0343167;-11.037
-127.94;65.8999;0.482744;-0.191907;0.0352812;-11.9572
-119.114;65.8999;0.449224;-0.201635;0.0426644;-12.842
-110.289;65.8999;0.396897;-0.209659;0.0546992;-13.6885
-101.463;65.8999;0.372648;-0.21189;0.0660614;-14.5091
-92.6379;65.8999;0.393413;-0.20672;0.0742863;-15.3087
-83.8124;65.8999;0.390122;-0.203019;0.0876332;-16.0663
-74.987;65.8999;0.366802;-0.200058;0.109452;-16.7684
-66.1615;65.8999;0.347605;-0.190891;0.134201;-17.4142
-57.3361;65.8999;0.326259;-0.175757;0.1534;-18.0001
-48.5106;65.8999;0.308776;-0.157644;0.168268;-18.5435
-39.6852;65.8999;0.307653;-0.138509;0.184971;-19.0464
-30.8597;65.8999;0.304881;-0.113838;0.207666;-19.4854
-22.0342;65.8999;0.307804;-0.0826606;0.230998;-19.8505
-13.2088;65.8999;0.290483;-0.0497649;0.2532;-20.121
-4.38334;65.8999;0.264953;-0.016226;0.267992;-20.3014
4.44212;65.8999;0.237566;0.0177609;0.269415;-20.3887
13.2676;65.8999;0.211079;0.051039;0.257243;-20.3871
22.093;65.8999;0.217066;0.0776051;0.243821;-20.3383
30.9185;65.8999;0.23456;0.129284;0.217988;-20.1979
39.7439;65.8999;0.244301;0.201096;0.184456;-19.9562
48.5694;65.8999;0.293256;0.26211;0.156837;-19.6595
57.3948;65.8999;0.38183;0.295034;0.142653;-19.3169
66.2203;65.8999;0.41387;0.315968;0.135376;-18.8713
75.0458;65.8999;0.376922;0.334482;0.127064;-18.3088
83.8712;65.8999;0.344284;0.343825;0.12;-17.6868
92.6967;65.8999;0.338723;0.346903;0.112814;-17.0224
101.522;65.8999;0.354217;0.345348;0.101862;-16.3095
110.348;65.8999;0.360922;0.339604;0.0854475;-15.537
119.173;65.8999;0.32353;0.330042;0.0682098;-14.7198
127.998;65.8999;0.290772;0.315241;0.0539816;-13.8685
136.824;65.8999;0.278477;0.294098;0.0417803;-12.977
145.649;65.8999;0.289293;0.272424;0.0324119;-12.0655
154.475;65.8999;0.313571;0.252187;0.0263131;-11.1443
163.3;65.8999;0.327949;0.232706;0.0236313;-10.1985
172.126;65.8999;0.313663;0.210954;0.022331;-9.21123
180.951;65.8999;0.294474;0.183131;0.0194815;-8.19407
189.777;65.8999;0.315276;0.144259;0.00734792;-7.16519
198.602;65.8999;0.377562;0.103614;-0.00595095;-6.1367
207.428;65.8999;0.425456;0.0684797;-0.0128088;-5.0829
216.253;65.8999;0.444272;0.0347743;-0.0127466;-3.98636
225.078;65.8999;0.441011;0.00274821;-0.00617203;-2.84034
233.904;65.8999;0.518908;-0.0278392;-0.00317113;-1.65729
-216.194;57.0744;0.753439;-0.0259041;-0.00185361;-2.38846
-207.369;57.0744;0.756039;-0.0170958;-0.0083769;-3.44731
-198.543;57.0744;0.703038;-0.0206225;-0.0144718;-4.46373
-189.718;57.0744;0.630993;-0.0519703;-0.0098673;-5.49969
-180.892;57.0744;0.617677;-0.0779087;-0.00861138;-6.51445
-172.067;57.0744;0.631743;-0.10151;-0.00875607;-7.55391
-163.242;57.0744;0.623812;-0.126619;-0.00793341;-8.594
-154.416;57.0744;0.599777;-0.148402;-0.0072769;-9.62975
-145.591;57.0744;0.600417;-0.161182;-0.0117095;-10.6374
-136.765;57.0744;0.584689;-0.1749;-0.0122468;-11.6091
-127.94;57.0744;0.561603;-0.191304;-0.00419371;-12.556
-119.114;57.0744;0.51495;-0.205106;0.00828535;-13.4597
-110.289;57.0744;0.458432;-0.21436;0.0220905;-14.321
-101.463;57.0744;0.432567;-0.218308;0.0334448;-15.1772
-92.6379;57.0744;0.461153;-0.216577;0.0417699;-16.022
-83.8124;57.0744;0.4681;-0.213123;0.0535169;-16.8225
-74.987;57.0744;0.447579;-0.208642;0.072953;-17.5547
-66.1615;57.0744;0.41586;-0.20149;0.0956231;-18.2311
-57.3361;57.0744;0.377873;-0.189916;0.115118;-18.8475
-48.5106;57.0744;0.35487;-0.17311;0.131794;-19.4248
-39.6852;57.0744;0.361035;-0.151229;0.149446;-19.96
-30.8597;57.0744;0.366654;-0.12242;0.172361;-20.427
-22.0342;57.0744;0.385926;-0.0878677;0.198034;-20.8328
-13.2088;57.0744;0.392193;-0.0528687;0.221297;-21.1444
-4.38334;57.0744;0.377864;-0.0186225;0.23547;-21.3461
4.44212;57.0744;0.341326;0.0141128;0.239146;-21.4344
13.2676;57.0744;0.299466;0.0452697;0.235686;-21.4234
22.093;57.0744;0.309472;0.0786164;0.225333;-21.3669
30.9185;57.0744;0.334113;0.145922;0.194096;-21.2075
39.7439;57.0744;0.357073;0.230172;0.158685;-20.9537
48.5694;57.0744;0.420724;0.294698;0.135751;-20.6587
57.3948;57.0744;0.506845;0.326035;0.127862;-20.3013
66.2203;57.0744;0.51609;0.348291;0.124715;-19.8091
75.0458;57.0744;0.442463;0.367348;0.120566;-19.1781
83.8712;57.0744;0.406091;0.375121;0.110869;-18.5077
92.6967;57.0744;0.409764;0.376956;0.100238;-17.812
101.522;57.0744;0.433113;0.37617;0.0894151;-17.0805
110.348;57.0744;0.445932;0.372114;0.0745658;-16.2938
119.173;57.0744;0.400501;0.36161;0.0592944;-15.4445
127.998;57.0744;0.358907;0.344255;0.047081;-14.5479
136.824;57.0744;0.337;0.323088;0.0378091;-13.6184
145.649;57.0744;0.338795;0.301345;0.0318643;-12.6743
154.475;57.0744;0.360439;0.279847;0.0269911;-11.7312
163.3;57.0744;0.384383;0.258997;0.0227562;-10.7673
172.126;57.0744;0.390127;0.235562;0.0213518;-9.76091
180.951;57.0744;0.387711;0.20598;0.0192948;-8.72249
189.777;57.0744;0.396904;0.165316;0.00858221;-7.66149
198.602;57.0744;0.429269;0.123766;-0.00189333;-6.59913
207.428;57.0744;0.460983;0.088107;-0.00505415;-5.5192
216.253;57.0744;0.479491;0.0530491;-0.00341811;-4.40517
225.078;57.0744;0.492217;0.0138228;-0.00106391;-3.233
233.904;57.0744;0.572341;-0.0229928;0.00246875;-2.03311
-225.02;48.249;0.731176;-0.0108571;-0.00531512;-1.64217
-216.194;48.249;0.73356;-0.024723;-0.00510708;-2.68875
-207.369;48.249;0.726227;-0.0229386;-0.0101417;-3.73248
-198.543;48.249;0.637673;-0.0367428;-0.0132128;-4.77691
-189.718;48.249;0.568256;-0.066636;-0.00972629;-5.83104
-180.892;48.249;0.551947;-0.0920889;-0.0105252;-6.8788
-172.067;48.249;0.553632;-0.118788;-0.0147793;-7.94496
-163.242;48.249;0.551068;-0.147224;-0.0182713;-9.01813
-154.416;48.249;0.56325;-0.166672;-0.0223495;-10.0772
-145.591;48.249;0.603853;-0.173316;-0.0300482;-11.1044
-136.765;48.249;0.578412;-0.184882;-0.0271041;-12.089
-127.94;48.249;0.535617;-0.203144;-0.0158265;-13.0516
-119.114;48.249;0.484166;-0.217103;-0.000802397;-13.9696
-110.289;48.249;0.443934;-0.225366;0.0145895;-14.8486
-101.463;48.249;0.437672;-0.229326;0.0270219;-15.7426
-92.6379;48.249;0.467989;-0.228912;0.0343257;-16.6297
-83.8124;48.249;0.483821;-0.225143;0.0432069;-17.467
-74.987;48.249;0.456853;-0.221488;0.0610771;-18.2278
-66.1615;48.249;0.410511;-0.215342;0.084023;-18.9317
-57.3361;48.249;0.367269;-0.205589;0.10668;-19.5903
-48.5106;48.249;0.35742;-0.190252;0.127446;-20.2203
-39.6852;48.249;0.384507;-0.167126;0.147561;-20.8098
-30.8597;48.249;0.398629;-0.134929;0.169192;-21.3148
-22.0342;48.249;0.405957;-0.0968504;0.188834;-21.7346
-13.2088;48.249;0.415284;-0.0596072;0.205482;-22.0663
-4.38334;48.249;0.406118;-0.0239581;0.218866;-22.2876
4.44212;48.249;0.37586;0.00828652;0.228928;-22.393
13.2676;48.249;0.347681;0.0399432;0.235113;-22.3919
22.093;48.249;0.369348;0.0885133;0.22352;-22.3302
30.9185;48.249;0.3968;0.171641;0.190219;-22.1643
39.7439;48.249;0.422986;0.26242;0.156582;-21.9008
48.5694;48.249;0.472738;0.326037;0.136953;-21.5696
57.3948;48.249;0.521711;0.356059;0.128987;-21.1445
66.2203;48.249;0.503653;0.379473;0.121114;-20.5954
75.0458;48.249;0.418369;0.398419;0.112012;-19.9172
83.8712;48.249;0.383591;0.405193;0.0994623;-19.2093
92.6967;48.249;0.388613;0.405836;0.090225;-18.4836
101.522;48.249;0.414908;0.404298;0.0843114;-17.7307
110.348;48.249;0.438413;0.400471;0.0735445;-16.9287
119.173;48.249;0.393725;0.386621;0.0587315;-16.0375
127.998;48.249;0.348269;0.367678;0.047261;-15.0998
136.824;48.249;0.326469;0.346647;0.037941;-14.1416
145.649;48.249;0.335113;0.325415;0.0310785;-13.1826
154.475;48.249;0.366684;0.303589;0.0252639;-12.231
163.3;48.249;0.414261;0.280736;0.0206179;-11.2565
172.126;48.249;0.428349;0.255067;0.019428;-10.222
180.951;48.249;0.416016;0.224355;0.0186844;-9.14752
189.777;48.249;0.401736;0.183355;0.0106794;-8.04931
198.602;48.249;0.417766;0.139285;0.00215597;-6.95877
207.428;48.249;0.447426;0.0991497;-0.00122432;-5.85395
216.253;48.249;0.480054;0.059144;-0.000582773;-4.72839
225.078;48.249;0.516555;0.013845;0.000463757;-3.56685
233.904;48.249;0.571477;-0.026502;0.00449792;-2.38332
-225.02;39.4235;0.683933;-0.00893632;-0.00508909;-1.88174
-216.194;39.4235;0.678594;-0.0257682;-0.00527216;-2.95367
-207.369;39.4235;0.64359;-0.0358871;-0.00878536;-4.00946
-198.543;39.4235;0.567028;-0.0555411;-0.00977799;-5.06341
-189.718;39.4235;0.533347;-0.0839293;-0.00726829;-6.13995
-180.892;39.4235;0.527863;-0.108462;-0.00876377;-7.22369
-172.067;39.4235;0.515132;-0.133968;-0.014747;-8.29827
-163.242;39.4235;0.504779;-0.162767;-0.0201065;-9.38537
-154.416;39.4235;0.530709;-0.18341;-0.0258183;-10.4598
-145.591;39.4235;0.574364;-0.190115;-0.0331503;-11.5012
-136.765;39.4235;0.532608;-0.198972;-0.0283023;-12.4919
-127.94;39.4235;0.466857;-0.215942;-0.0162098;-13.4679
-119.114;39.4235;0.427457;-0.229757;-0.00293372;-14.4091
-110.289;39.4235;0.415948;-0.240156;0.0102778;-15.3222
-101.463;39.4235;0.421319;-0.246294;0.023482;-16.2518
-92.6379;39.4235;0.433972;-0.244983;0.031768;-17.1618
-83.8124;39.4235;0.439664;-0.238271;0.0395072;-18.021
-74.987;39.4235;0.41607;-0.235824;0.0545599;-18.8227
-66.1615;39.4235;0.374872;-0.229436;0.0766577;-19.5675
-57.3361;39.4235;0.343384;-0.219414;0.0995936;-20.2742
-48.5106;39.4235;0.357084;-0.204485;0.120411;-20.9593
-39.6852;39.4235;0.409212;-0.181465;0.139947;-21.608
-30.8597;39.4235;0.431242;-0.149449;0.161068;-22.1532
-22.0342;39.4235;0.41322;-0.111711;0.178811;-22.579
-13.2088;39.4235;0.417192;-0.0742011;0.193573;-22.9184
-4.38334;39.4235;0.421986;-0.0388196;0.211149;-23.1737
4.44212;39.4235;0.42389;-0.00314191;0.227312;-23.3275
13.2676;39.4235;0.435953;0.0432179;0.231968;-23.3656
22.093;39.4235;0.47674;0.121666;0.210996;-23.3078
30.9185;39.4235;0.527669;0.220785;0.177037;-23.1665
39.7439;39.4235;0.606123;0.306206;0.15095;-22.944
48.5694;39.4235;0.65795;0.359651;0.137003;-22.5834
57.3948;39.4235;0.648823;0.387501;0.127989;-22.0677
66.2203;39.4235;0.572722;0.413237;0.111928;-21.433
75.0458;39.4235;0.469402;0.431121;0.0925917;-20.6915
83.8712;39.4235;0.409311;0.437226;0.0784788;-19.9249
92.6967;39.4235;0.386608;0.437464;0.0736333;-19.1512
101.522;39.4235;0.395012;0.435054;0.0737769;-18.3603
110.348;39.4235;0.417713;0.430423;0.0668271;-17.5287
119.173;39.4235;0.392387;0.413448;0.0530389;-16.5981
127.998;39.4235;0.359762;0.390369;0.0421201;-15.6228
136.824;39.4235;0.349051;0.367081;0.0322466;-14.6413
145.649;39.4235;0.368246;0.344918;0.0235184;-13.6681
154.475;39.4235;0.409395;0.32125;0.0159355;-12.6965
163.3;39.4235;0.478269;0.293757;0.011201;-11.7023
172.126;39.4235;0.504975;0.263774;0.0095754;-10.6464
180.951;39.4235;0.48564;0.228007;0.0103669;-9.53254
189.777;39.4235;0.445452;0.186859;0.00577314;-8.39162
198.602;39.4235;0.44835;0.144421;0.000836489;-7.27833
207.428;39.4235;0.465324;0.104513;-0.00152464;-6.15267
216.253;39.4235;0.503842;0.0618921;-0.000971147;-5.00741
225.078;39.4235;0.529225;0.0133015;-0.00100579;-3.83765
233.904;39.4235;0.478669;-0.0295423;0.000119736;-2.67108
-225.02;30.5981;0.667552;-0.0154031;0.00108689;-2.118
-216.194;30.5981;0.655921;-0.0327206;-0.000907124;-3.21721
-207.369;30.5981;0.613172;-0.0473005;-0.00511564;-4.27854
-198.543;30.5981;0.566062;-0.0695169;-0.00654778;-5.34965
-189.718;30.5981;0.577787;-0.0951451;-0.00655417;-6.43671
-180.892;30.5981;0.581825;-0.117787;-0.00917678;-7.53827
-172.067;30.5981;0.560382;-0.139925;-0.0151937;-8.61579
-163.242;30.5981;0.539757;-0.167397;-0.0202469;-9.71045
-154.416;30.5981;0.549695;-0.191959;-0.0251949;-10.7999
-145.591;30.5981;0.570464;-0.202995;-0.0312613;-11.8454
-136.765;30.5981;0.517251;-0.211385;-0.0276558;-12.8454
-127.94;30.5981;0.444398;-0.225669;-0.0190278;-13.8363
-119.114;30.5981;0.418389;-0.237915;-0.0109979;-14.8035
-110.289;30.5981;0.420507;-0.252297;-0.00166253;-15.7579
-101.463;30.5981;0.421608;-0.263095;0.0120368;-16.7192
-92.6379;30.5981;0.413866;-0.26079;0.0228859;-17.6465
-83.8124;30.5981;0.406418;-0.250569;0.0309522;-18.5285
-74.987;30.5981;0.396855;-0.248118;0.0415429;-19.3768
-66.1615;30.5981;0.372499;-0.241444;0.0592019;-20.1656
-57.3361;30.5981;0.357289;-0.231115;0.0792244;-20.9189
-48.5106;30.5981;0.389201;-0.216006;0.0975917;-21.6534
-39.6852;30.5981;0.458248;-0.192981;0.114552;-22.3599
-30.8597;30.5981;0.492454;-0.162947;0.133626;-22.9576
-22.0342;30.5981;0.47049;-0.126883;0.153135;-23.4321
-13.2088;30.5981;0.492371;-0.089272;0.174257;-23.8218
-4.38334;30.5981;0.546833;-0.0569761;0.203353;-24.15
4.44212;30.5981;0.593486;-0.0155426;0.223547;-24.3422
13.2676;30.5981;0.626477;0.0585941;0.211878;-24.388
22.093;30.5981;0.688029;0.177313;0.170985;-24.3437
30.9185;30.5981;0.83051;0.293414;0.132224;-24.3057
39.7439;30.5981;1.0449;0.36613;0.116261;-24.2126
48.5694;30.5981;1.11857;0.399541;0.11079;-23.8252
57.3948;30.5981;1.02965;0.419013;0.10147;-23.1874
66.2203;30.5981;0.870467;0.444583;0.0822364;-22.4316
75.0458;30.5981;0.715604;0.460851;0.0621946;-21.5844
83.8712;30.5981;0.599751;0.466356;0.0505022;-20.7197
92.6967;30.5981;0.542734;0.465456;0.0489009;-19.876
101.522;30.5981;0.543453;0.460042;0.0512946;-19.0358
110.348;30.5981;0.576391;0.450339;0.0461519;-18.1638
119.173;30.5981;0.577135;0.429445;0.0365183;-17.2061
127.998;30.5981;0.558869;0.402864;0.0302996;-16.2037
136.824;30.5981;0.534356;0.379383;0.0235164;-15.1877
145.649;30.5981;0.51362;0.359056;0.0153294;-14.166
154.475;30.5981;0.508641;0.335771;0.00734731;-13.1323
163.3;30.5981;0.559224;0.305588;0.0036512;-12.0984
172.126;30.5981;0.583425;0.275117;0.00122571;-11.0307
180.951;30.5981;0.559021;0.240101;0.00145947;-9.90161
189.777;30.5981;0.51038;0.19765;-0.000326405;-8.72855
198.602;30.5981;0.522342;0.153669;-0.000149795;-7.60173
207.428;30.5981;0.549546;0.113173;7.37719e-05;-6.47229
216.253;30.5981;0.580799;0.0708361;0.000148975;-5.31218
225.078;30.5981;0.607444;0.0224396;-0.00184632;-4.12214
233.904;30.5981;0.615146;-0.0260173;-0.00294418;-2.94517
-225.02;21.7726;0.689977;-0.0210932;0.00559664;-2.31597
-216.194;21.7726;0.688297;-0.0397686;0.00228221;-3.4513
-207.369;21.7726;0.652144;-0.0560101;-0.00148936;-4.52539
-198.543;21.7726;0.631162;-0.0789046;-0.00299777;-5.61436
-189.718;21.7726;0.65508;-0.102642;-0.00561332;-6.71317
-180.892;21.7726;0.656678;-0.123684;-0.0103431;-7.82005
-172.067;21.7726;0.623208;-0.143524;-0.0170793;-8.89363
-163.242;21.7726;0.583805;-0.168802;-0.0224138;-9.97915
-154.416;21.7726;0.568894;-0.19477;-0.0274176;-11.0709
-145.591;21.7726;0.573253;-0.210686;-0.0333718;-12.1299
-136.765;21.7726;0.531857;-0.220766;-0.0330642;-13.1564
-127.94;21.7726;0.481965;-0.232491;-0.0309144;-14.1705
-119.114;21.7726;0.461129;-0.241997;-0.0281906;-15.1624
-110.289;21.7726;0.453518;-0.258645;-0.0208485;-16.1489
-101.463;21.7726;0.442305;-0.273483;-0.00699657;-17.1331
-92.6379;21.7726;0.428162;-0.272318;0.00609722;-18.0773
-83.8124;21.7726;0.423428;-0.261264;0.0146596;-18.9825
-74.987;21.7726;0.429215;-0.257681;0.0205188;-19.8673
-66.1615;21.7726;0.416204;-0.250794;0.0319349;-20.6962
-57.3361;21.7726;0.407818;-0.241267;0.0489984;-21.4939
-48.5106;21.7726;0.441406;-0.226825;0.0673965;-22.2722
-39.6852;21.7726;0.512216;-0.20405;0.0864515;-23.0284
-30.8597;21.7726;0.568355;-0.174794;0.108388;-23.6922
-22.0342;21.7726;0.589243;-0.137948;0.130472;-24.2419
-13.2088;21.7726;0.666009;-0.100455;0.156939;-24.7261
-4.38334;21.7726;0.795519;-0.0699281;0.19605;-25.1507
4.44212;21.7726;0.829546;-0.021932;0.210437;-25.3072
13.2676;21.7726;0.767359;0.0787567;0.174479;-25.2619
22.093;21.7726;0.807164;0.233945;0.104159;-25.2201
30.9185;21.7726;1.09874;0.353379;0.0581123;-25.2553
39.7439;21.7726;1.28281;0.419449;0.0469025;-25.1037
48.5694;21.7726;1.19304;0.442903;0.0472326;-24.5637
57.3948;21.7726;1.00255;0.458933;0.0450996;-23.8401
66.2203;21.7726;0.909255;0.480793;0.0376056;-23.084
75.0458;21.7726;0.846251;0.493279;0.0298386;-22.2664
83.8712;21.7726;0.723457;0.499793;0.0259346;-21.3652
92.6967;21.7726;0.644532;0.496853;0.0261719;-20.4622
101.522;21.7726;0.622688;0.488182;0.0265285;-19.5654
110.348;21.7726;0.627989;0.473253;0.0230688;-18.6331
119.173;21.7726;0.603482;0.451209;0.0177;-17.6261
127.998;21.7726;0.573498;0.425328;0.0160043;-16.5913
136.824;21.7726;0.551746;0.401903;0.0128694;-15.5523
145.649;21.7726;0.53112;0.380617;0.00698827;-14.5029
154.475;21.7726;0.510927;0.355932;0.00125637;-13.4295
163.3;21.7726;0.540462;0.325272;-0.00043831;-12.3654
172.126;21.7726;0.559127;0.296293;-0.0035843;-11.2856
180.951;21.7726;0.52821;0.262741;-0.00390174;-10.1336
189.777;21.7726;0.48384;0.221153;-0.0037857;-8.94316
198.602;21.7726;0.538102;0.173497;-0.00138478;-7.83387
207.428;21.7726;0.609967;0.127856;-0.000509602;-6.72778
216.253;21.7726;0.665222;0.0818125;0.000272571;-5.57778
225.078;21.7726;0.688117;0.0303285;-0.000915441;-4.37726
233.904;21.7726;0.704914;-0.025899;-0.00429407;-3.15353
242.729;21.7726;0.343296;-0.0535118;0.000601288;-1.91653
-225.02;12.9472;0.726213;-0.0157632;0.00340478;-2.44842
-216.194;12.9472;0.725841;-0.0399997;-0.000400313;-3.60357
-207.369;12.9472;0.672497;-0.06021;-0.00199961;-4.67526
-198.543;12.9472;0.650417;-0.0849639;-0.00213206;-5.76726
-189.718;12.9472;0.660725;-0.108673;-0.00601589;-6.8799
-180.892;12.9472;0.670722;-0.129864;-0.0115522;-8.00401
-172.067;12.9472;0.622312;-0.150669;-0.0185601;-9.07496
-163.242;12.9472;0.550836;-0.17468;-0.025449;-10.1464
-154.416;12.9472;0.522097;-0.196873;-0.0336329;-11.233
-145.591;12.9472;0.538477;-0.213745;-0.0420108;-12.3199
-136.765;12.9472;0.52997;-0.225757;-0.0460155;-13.382
-127.94;12.9472;0.51404;-0.236582;-0.0478641;-14.4247
-119.114;12.9472;0.494617;-0.245882;-0.0455272;-15.4467
-110.289;12.9472;0.472794;-0.262197;-0.0388899;-16.4583
-101.463;12.9472;0.447809;-0.27765;-0.027184;-17.4629
-92.6379;12.9472;0.424152;-0.280044;-0.0141467;-18.4256
-83.8124;12.9472;0.414244;-0.27128;-0.00429233;-19.3423
-74.987;12.9472;0.428188;-0.267176;-0.000390455;-20.2512
-66.1615;12.9472;0.430688;-0.258391;0.00636907;-21.1137
-57.3361;12.9472;0.425056;-0.24642;0.0194157;-21.9449
-48.5106;12.9472;0.448174;-0.2311;0.0382133;-22.7558
-39.6852;12.9472;0.520342;-0.209796;0.0636308;-23.5518
-30.8597;12.9472;0.628775;-0.181747;0.0931668;-24.2838
-22.0342;12.9472;0.750705;-0.143956;0.120112;-24.9271
-13.2088;12.9472;0.886777;-0.105223;0.145764;-25.4815
-4.38334;12.9472;0.918625;-0.0597827;0.173021;-25.8496
4.44212;12.9472;0.762969;0.00397848;0.170675;-25.8429
13.2676;12.9472;0.520514;0.113152;0.119449;-25.6646
22.093;12.9472;0.424265;0.264629;0.0441072;-25.5537
30.9185;12.9472;0.58329;0.380085;-0.0038513;-25.4911
39.7439;12.9472;0.5825;0.448211;-0.0232802;-25.154
48.5694;12.9472;0.500855;0.474907;-0.0273587;-24.538
57.3948;12.9472;0.505271;0.497909;-0.0205263;-23.9273
66.2203;12.9472;0.66021;0.518118;-0.0115953;-23.3423
75.0458;12.9472;0.770601;0.526221;-0.00492871;-22.6483
83.8712;12.9472;0.689739;0.529608;-0.000765206;-21.7528
92.6967;12.9472;0.595222;0.522592;0.00238412;-20.7962
101.522;12.9472;0.532223;0.512979;0.00372983;-19.8413
110.348;12.9472;0.496348;0.496963;0.00253754;-18.8572
119.173;12.9472;0.456686;0.473567;0.00179153;-17.8171
127.998;12.9472;0.446523;0.448487;0.00279351;-16.7811
136.824;12.9472;0.451835;0.426227;0.00101024;-15.7488
145.649;12.9472;0.454144;0.403626;-0.0036213;-14.6958
154.475;12.9472;0.449011;0.3766;-0.00681375;-13.6101
163.3;12.9472;0.475258;0.346701;-0.00638567;-12.5329
172.126;12.9472;0.495312;0.317601;-0.00839378;-11.4374
180.951;12.9472;0.469334;0.281753;-0.00767053;-10.262
189.777;12.9472;0.440424;0.239642;-0.0059244;-9.06546
198.602;12.9472;0.512888;0.19076;-0.00296199;-7.95983
207.428;12.9472;0.625062;0.141685;-0.00181025;-6.88146
216.253;12.9472;0.706425;0.09395;-0.00118464;-5.75434
225.078;12.9472;0.739526;0.0423979;-0.000926178;-4.55478
233.904;12.9472;0.727439;-0.01598;-0.00301178;-3.28929
242.729;12.9472;0.615942;-0.0564548;7.82209e-05;-1.98884
-233.845;4.12171;0.64131;0.00645341;0.00259955;-1.40026
-225.02;4.12171;0.720313;-0.00834491;-0.00284808;-2.52916
-216.194;4.12171;0.701407;-0.0343821;-0.005011;-3.65497
-207.369;4.12171;0.590695;-0.0660121;-0.00359767;-4.7383
-198.543;4.12171;0.529861;-0.095912;-0.0023908;-5.82835
-189.718;4.12171;0.54309;-0.119836;-0.0066099;-6.9515
-180.892;4.12171;0.603383;-0.140226;-0.0109279;-8.10091
-172.067;4.12171;0.567089;-0.163079;-0.0167077;-9.20024
-163.242;4.12171;0.47528;-0.1864;-0.0254225;-10.2904
-154.416;4.12171;0.447919;-0.201308;-0.0390426;-11.3878
-145.591;4.12171;0.503964;-0.209925;-0.0525334;-12.4755
-136.765;4.12171;0.511707;-0.224859;-0.059304;-13.5588
-127.94;4.12171;0.496112;-0.237548;-0.0613817;-14.6128
-119.114;4.12171;0.485832;-0.248208;-0.0578399;-15.6416
-110.289;4.12171;0.472993;-0.264983;-0.0516287;-16.6901
-101.463;4.12171;0.442604;-0.278675;-0.0449806;-17.7088
-92.6379;4.12171;0.398254;-0.280658;-0.0378076;-18.668
-83.8124;4.12171;0.369416;-0.276287;-0.029581;-19.5858
-74.987;4.12171;0.38215;-0.276362;-0.0213233;-20.5141
-66.1615;4.12171;0.400456;-0.267319;-0.0154746;-21.4038
-57.3361;4.12171;0.401448;-0.253391;-0.00700787;-22.2631
-48.5106;4.12171;0.414153;-0.235606;0.00864087;-23.0951
-39.6852;4.12171;0.474938;-0.212239;0.0354661;-23.9103
-30.8597;4.12171;0.594404;-0.181835;0.0676934;-24.6749
-22.0342;4.12171;0.734883;-0.138615;0.0959734;-25.3674
-13.2088;4.12171;0.807572;-0.0915415;0.116636;-25.9019
-4.38334;4.12171;0.511373;-0.0340331;0.1316;-26.0815
4.44212;4.12171;0.0737226;0.0479447;0.112335;-25.8883
13.2676;4.12171;-0.144765;0.166164;0.051827;-25.708
22.093;4.12171;0.0490373;0.288058;-0.0125474;-25.6761
30.9185;4.12171;0.212286;0.390643;-0.0539586;-25.5642
39.7439;4.12171;0.1346;0.457786;-0.0793994;-25.1167
48.5694;4.12171;0.111664;0.492488;-0.0874262;-24.5376
57.3948;4.12171;0.251721;0.522766;-0.0783229;-24.0383
66.2203;4.12171;0.50095;0.543833;-0.0622586;-23.5338
75.0458;4.12171;0.655497;0.550798;-0.0474633;-22.8713
83.8712;4.12171;0.576704;0.550915;-0.0372414;-21.9496
92.6967;4.12171;0.444012;0.539734;-0.031132;-20.9233
101.522;4.12171;0.326647;0.529642;-0.0275935;-19.9021
110.348;4.12171;0.260425;0.515724;-0.0249845;-18.8863
119.173;4.12171;0.257004;0.4926;-0.0208839;-17.8644
127.998;4.12171;0.311554;0.468121;-0.0182164;-16.8744
136.824;4.12171;0.362784;0.447343;-0.0196865;-15.8748
145.649;4.12171;0.394481;0.422988;-0.0223956;-14.8276
154.475;4.12171;0.412147;0.3929;-0.0224909;-13.7369
163.3;4.12171;0.444187;0.363972;-0.0196287;-12.6556
172.126;4.12171;0.468355;0.332973;-0.0180313;-11.5445
180.951;4.12171;0.451117;0.293434;-0.0140843;-10.3544
189.777;4.12171;0.430231;0.249259;-0.00925466;-9.14945
198.602;4.12171;0.47845;0.201356;-0.0051481;-8.01304
207.428;4.12171;0.600553;0.151339;-0.0037409;-6.93724
216.253;4.12171;0.686473;0.102826;-0.00372555;-5.81595
225.078;4.12171;0.707491;0.0514993;-0.00272253;-4.61272
233.904;4.12171;0.668158;-0.00855819;-0.000947402;-3.31456
242.729;4.12171;0.609833;-0.0540001;0.00423201;-2.0058
251.555;4.12171;0.671823;-0.0456324;0.0103874;-0.790525
-233.845;-4.70375;0.586829;0.011611;0.00298682;-1.4111
-225.02;-4.70375;0.660359;-0.00435372;-0.000759341;-2.55112
-216.194;-4.70375;0.623554;-0.0335052;-0.00249543;-3.66397
-207.369;-4.70375;0.49183;-0.0704214;-0.00143149;-4.74223
-198.543;-4.70375;0.421979;-0.101217;-0.00260973;-5.82599
-189.718;-4.70375;0.445935;-0.123394;-0.00735677;-6.95464
-180.892;-4.70375;0.554157;-0.143615;-0.00895716;-8.13053
-172.067;-4.70375;0.573258;-0.162617;-0.0138046;-9.26382
-163.242;-4.70375;0.522681;-0.176004;-0.0257085;-10.367
-154.416;-4.70375;0.505238;-0.182465;-0.0441187;-11.4746
-145.591;-4.70375;0.540459;-0.190751;-0.0586765;-12.5694
-136.765;-4.70375;0.518629;-0.213067;-0.0664518;-13.6675
-127.94;-4.70375;0.480418;-0.229715;-0.0683599;-14.7217
-119.114;-4.70375;0.475863;-0.243923;-0.0648169;-15.7543
-110.289;-4.70375;0.463953;-0.259635;-0.0615691;-16.8067
-101.463;-4.70375;0.426667;-0.270102;-0.0607903;-17.8241
-92.6379;-4.70375;0.373882;-0.272288;-0.0599009;-18.7871
-83.8124;-4.70375;0.333054;-0.271811;-0.0550427;-19.7188
-74.987;-4.70375;0.336883;-0.272244;-0.0470129;-20.6604
-66.1615;-4.70375;0.356957;-0.26668;-0.0419076;-21.5737
-57.3361;-4.70375;0.363312;-0.256053;-0.0374261;-22.458
-48.5106;-4.70375;0.376029;-0.238812;-0.0264788;-23.3091
-39.6852;-4.70375;0.420881;-0.213127;-0.00523518;-24.1173
-30.8597;-4.70375;0.502915;-0.178195;0.0208182;-24.8582
-22.0342;-4.70375;0.582725;-0.132802;0.0443794;-25.5095
-13.2088;-4.70375;0.52164;-0.0837868;0.063744;-25.966
-4.38334;-4.70375;0.045381;-0.0182594;0.0747895;-25.9695
4.44212;-4.70375;-0.382368;0.0762993;0.0425872;-25.7641
13.2676;-4.70375;-0.370369;0.205414;-0.0197825;-25.7857
22.093;-4.70375;0.0774708;0.313217;-0.074336;-25.8976
30.9185;-4.70375;0.20822;0.39737;-0.102784;-25.7656
39.7439;-4.70375;0.128764;0.454348;-0.126097;-25.2555
48.5694;-4.70375;0.142907;0.49204;-0.135303;-24.7114
57.3948;-4.70375;0.279458;0.522784;-0.127766;-24.2063
66.2203;-4.70375;0.45502;0.544405;-0.111472;-23.6459
75.0458;-4.70375;0.543961;0.552408;-0.0951525;-22.9186
83.8712;-4.70375;0.434408;0.551228;-0.0830018;-21.9475
92.6967;-4.70375;0.260757;0.539521;-0.0761599;-20.8677
101.522;-4.70375;0.116511;0.529437;-0.0706223;-19.8096
110.348;-4.70375;0.0722964;0.517662;-0.0640837;-18.8101
119.173;-4.70375;0.165077;0.500158;-0.056004;-17.883
127.998;-4.70375;0.307964;0.479432;-0.0509386;-16.9805
136.824;-4.70375;0.392569;0.459092;-0.0501274;-16.0054
145.649;-4.70375;0.437831;0.433541;-0.04866;-14.9554
154.475;-4.70375;0.46951;0.403828;-0.0443489;-13.8654
163.3;-4.70375;0.504238;0.376307;-0.039187;-12.7842
172.126;-4.70375;0.525109;0.342818;-0.0338147;-11.6613
180.951;-4.70375;0.498228;0.300837;-0.0252598;-10.4572
189.777;-4.70375;0.458899;0.254757;-0.015619;-9.22901
198.602;-4.70375;0.467099;0.207494;-0.00875715;-8.04657
207.428;-4.70375;0.568109;0.157721;-0.00702784;-6.93852
216.253;-4.70375;0.647953;0.107882;-0.00597844;-5.80339
225.078;-4.70375;0.668646;0.0552249;-0.00252392;-4.59442
233.904;-4.70375;0.627412;-0.00245495;0.00341729;-3.3006
242.729;-4.70375;0.563226;-0.0456253;0.0093224;-2.01986
251.555;-4.70375;0.623722;-0.0404809;0.0117111;-0.820454
-233.845;-13.5292;0.587594;0.0220336;0.00879646;-1.38939
-225.02;-13.5292;0.641943;0.0080428;0.00738672;-2.54874
-216.194;-13.5292;0.607711;-0.0216423;0.008113;-3.66304
-207.369;-13.5292;0.536124;-0.060959;0.0065963;-4.76552
-198.543;-13.5292;0.493033;-0.0937905;0.00169743;-5.87169
-189.718;-13.5292;0.510879;-0.117933;-0.00468526;-7.00768
-180.892;-13.5292;0.594181;-0.1371;-0.00836541;-8.17402
-172.067;-13.5292;0.596452;-0.151163;-0.0172171;-9.30806
-163.242;-13.5292;0.54583;-0.157358;-0.0333673;-10.4053
-154.416;-13.5292;0.525537;-0.161935;-0.052643;-11.5144
-145.591;-13.5292;0.541726;-0.174957;-0.0643527;-12.6158
-136.765;-13.5292;0.505707;-0.199997;-0.069808;-13.7117
-127.94;-13.5292;0.46875;-0.216437;-0.072755;-14.7555
-119.114;-13.5292;0.46394;-0.233052;-0.0731741;-15.7963
-110.289;-13.5292;0.441703;-0.248302;-0.0754517;-16.8336
-101.463;-13.5292;0.397053;-0.257047;-0.0796767;-17.8385
-92.6379;-13.5292;0.351009;-0.259126;-0.0834053;-18.8064
-83.8124;-13.5292;0.323218;-0.258924;-0.0837981;-19.7618
-74.987;-13.5292;0.316737;-0.25718;-0.0814482;-20.7047
-66.1615;-13.5292;0.323542;-0.252459;-0.0799293;-21.6209
-57.3361;-13.5292;0.31604;-0.247783;-0.0768545;-22.5206
-48.5106;-13.5292;0.328747;-0.233936;-0.0681793;-23.3795
-39.6852;-13.5292;0.375191;-0.206455;-0.0556288;-24.1802
-30.8597;-13.5292;0.435156;-0.168021;-0.0420069;-24.8862
-22.0342;-13.5292;0.456142;-0.121972;-0.028111;-25.4781
-13.2088;-13.5292;0.312479;-0.0691696;-0.0133237;-25.8903
-4.38334;-13.5292;-0.0890527;0.0083869;-0.00687349;-25.9236
4.44212;-13.5292;-0.239082;0.114308;-0.0409182;-25.922
13.2676;-13.5292;-0.000141692;0.236097;-0.0974706;-26.0831
22.093;-13.5292;0.373564;0.331589;-0.139372;-26.1814
30.9185;-13.5292;0.366965;0.393013;-0.150145;-25.9435
39.7439;-13.5292;0.294649;0.438288;-0.165779;-25.3978
48.5694;-13.5292;0.299878;0.476169;-0.174438;-24.8486
57.3948;-13.5292;0.350282;0.505724;-0.168687;-24.261
66.2203;-13.5292;0.40159;0.527271;-0.153905;-23.5913
75.0458;-13.5292;0.420153;0.537699;-0.138639;-22.7949
83.8712;-13.5292;0.301579;0.541159;-0.126267;-21.8216
92.6967;-13.5292;0.126453;0.537045;-0.11783;-20.7613
101.522;-13.5292;0.0290961;0.529448;-0.108856;-19.7459
110.348;-13.5292;0.0883011;0.518177;-0.0988663;-18.8348
119.173;-13.5292;0.303357;0.502106;-0.089143;-18.0199
127.998;-13.5292;0.504357;0.483235;-0.0836716;-17.1684
136.824;-13.5292;0.541989;0.463393;-0.0785885;-16.1481
145.649;-13.5292;0.549204;0.43719;-0.0713404;-15.0557
154.475;-13.5292;0.586949;0.408863;-0.0638755;-13.9661
163.3;-13.5292;0.625654;0.381445;-0.057195;-12.883
172.126;-13.5292;0.615866;0.346361;-0.0491989;-11.7405
180.951;-13.5292;0.555324;0.303617;-0.03718;-10.5162
189.777;-13.5292;0.491494;0.257801;-0.0245474;-9.26806
198.602;-13.5292;0.481858;0.211646;-0.015983;-8.05899
207.428;-13.5292;0.579637;0.161082;-0.0130943;-6.9317
216.253;-13.5292;0.672441;0.10784;-0.00864594;-5.78947
225.078;-13.5292;0.707555;0.0516127;-0.000342841;-4.58064
233.904;-13.5292;0.693299;0.000353905;0.00820973;-3.31265
242.729;-13.5292;0.677379;-0.0373743;0.0138202;-2.04927
-233.845;-22.3547;0.594305;0.0302358;0.015258;-1.35462
-225.02;-22.3547;0.650664;0.027181;0.0132525;-2.4838
-216.194;-22.3547;0.616242;-0.00592332;0.014304;-3.61717
-207.369;-22.3547;0.589395;-0.0464617;0.011846;-4.75417
-198.543;-22.3547;0.599601;-0.0785363;0.00521733;-5.88349
-189.718;-22.3547;0.618345;-0.103377;-0.00143033;-7.02418
-180.892;-22.3547;0.648635;-0.122212;-0.00919539;-8.15954
-172.067;-22.3547;0.58451;-0.13291;-0.024792;-9.26552
-163.242;-22.3547;0.505659;-0.137371;-0.0450786;-10.3448
-154.416;-22.3547;0.488878;-0.146161;-0.0614984;-11.4562
-145.591;-22.3547;0.510574;-0.164363;-0.0707503;-12.5667
-136.765;-22.3547;0.49563;-0.187907;-0.0779878;-13.6658
-127.94;-22.3547;0.47266;-0.20416;-0.0849761;-14.7236
-119.114;-22.3547;0.460016;-0.2217;-0.0899429;-15.7791
-110.289;-22.3547;0.416012;-0.236213;-0.0963182;-16.7986
-101.463;-22.3547;0.359792;-0.245102;-0.103931;-17.7842
-92.6379;-22.3547;0.325532;-0.248608;-0.110885;-18.7521
-83.8124;-22.3547;0.32305;-0.247897;-0.116713;-19.7233
-74.987;-22.3547;0.319863;-0.242971;-0.121312;-20.6539
-66.1615;-22.3547;0.307588;-0.236371;-0.125047;-21.5479
-57.3361;-22.3547;0.276098;-0.233852;-0.123089;-22.4297
-48.5106;-22.3547;0.282678;-0.220598;-0.115966;-23.2773
-39.6852;-22.3547;0.345994;-0.191189;-0.111201;-24.0665
-30.8597;-22.3547;0.426049;-0.150066;-0.111332;-24.761
-22.0342;-22.3547;0.442885;-0.101201;-0.11223;-25.3425
-13.2088;-22.3547;0.334516;-0.0394018;-0.111268;-25.7541
-4.38334;-22.3547;0.135706;0.0390859;-0.110936;-25.8867
4.44212;-22.3547;0.213395;0.14188;-0.138436;-26.0404
13.2676;-22.3547;0.429763;0.240205;-0.170987;-26.1624
22.093;-22.3547;0.499363;0.312902;-0.184039;-26.1102
30.9185;-22.3547;0.378285;0.368035;-0.179987;-25.7445
39.7439;-22.3547;0.325632;0.416707;-0.192539;-25.2362
48.5694;-22.3547;0.342644;0.45606;-0.202021;-24.703
57.3948;-22.3547;0.351324;0.485387;-0.199409;-24.0797
66.2203;-22.3547;0.339289;0.506081;-0.187701;-23.358
75.0458;-22.3547;0.335253;0.517777;-0.174321;-22.5541
83.8712;-22.3547;0.2797;0.525072;-0.162259;-21.6624
92.6967;-22.3547;0.176577;0.528847;-0.151396;-20.702
101.522;-22.3547;0.180236;0.522814;-0.138516;-19.7846
110.348;-22.3547;0.346415;0.510055;-0.126114;-18.9637
119.173;-22.3547;0.613049;0.492953;-0.11741;-18.1879
127.998;-22.3547;0.728912;0.477084;-0.110913;-17.2748
136.824;-22.3547;0.64122;0.457845;-0.100768;-16.1462
145.649;-22.3547;0.587142;0.433382;-0.0877635;-15.002
154.475;-22.3547;0.633909;0.407284;-0.0760332;-13.9215
163.3;-22.3547;0.71162;0.377423;-0.0671544;-12.8619
172.126;-22.3547;0.718391;0.34124;-0.0586177;-11.7358
180.951;-22.3547;0.671426;0.298785;-0.0455753;-10.5301
189.777;-22.3547;0.628721;0.253194;-0.0312893;-9.30367
198.602;-22.3547;0.640301;0.207116;-0.020403;-8.11038
207.428;-22.3547;0.724415;0.156169;-0.0143094;-6.96681
216.253;-22.3547;0.811812;0.0996195;-0.00602545;-5.79688
225.078;-22.3547;0.853397;0.041269;0.0055397;-4.57104
233.904;-22.3547;0.827459;-0.00553076;0.0144338;-3.31847
242.729;-22.3547;0.791608;-0.0304781;0.019332;-2.09554
-233.845;-31.1801;0.614076;0.043517;0.0227275;-1.28776
-225.02;-31.1801;0.595656;0.0262694;0.018559;-2.4022
-216.194;-31.1801;0.562302;0.00250248;0.0168531;-3.51526
-207.369;-31.1801;0.551527;-0.0369519;0.0139549;-4.66965
-198.543;-31.1801;0.601751;-0.0666992;0.0084885;-5.81364
-189.718;-31.1801;0.630051;-0.0896936;0.00081972;-6.94468
-180.892;-31.1801;0.635522;-0.105045;-0.0112895;-8.05603
-172.067;-31.1801;0.550803;-0.11149;-0.0328597;-9.14608
-163.242;-31.1801;0.471253;-0.117003;-0.0553038;-10.2279
-154.416;-31.1801;0.462374;-0.131221;-0.0692648;-11.3414
-145.591;-31.1801;0.493008;-0.153356;-0.0790589;-12.4543
-136.765;-31.1801;0.500851;-0.176441;-0.0916212;-13.5574
-127.94;-31.1801;0.495423;-0.195759;-0.104375;-14.6448
-119.114;-31.1801;0.471417;-0.212681;-0.112046;-15.6975
-110.289;-31.1801;0.40767;-0.225526;-0.119793;-16.6973
-101.463;-31.1801;0.337795;-0.235347;-0.12972;-17.6639
-92.6379;-31.1801;0.305451;-0.241945;-0.139833;-18.6257
-83.8124;-31.1801;0.318424;-0.242857;-0.150594;-19.5897
-74.987;-31.1801;0.328877;-0.236409;-0.160287;-20.5029
-66.1615;-31.1801;0.303383;-0.229685;-0.167303;-21.3479
-57.3361;-31.1801;0.263655;-0.220391;-0.167667;-22.2375
-48.5106;-31.1801;0.26949;-0.16145;-0.160209;-23.6767
-39.6852;-31.1801;0.340344;-0.145754;-0.163688;-24.1143
-30.8597;-31.1801;0.431562;-0.128421;-0.173755;-24.4318
-22.0342;-31.1801;0.455733;-0.0751973;-0.183409;-25.0298
-13.2088;-31.1801;0.418518;-0.0104722;-0.193035;-25.4234
-4.38334;-31.1801;0.349786;0.068222;-0.201753;-25.6177
4.44212;-31.1801;0.36403;0.14975;-0.213148;-25.765
13.2676;-31.1801;0.427513;0.225076;-0.220098;-25.812
22.093;-31.1801;0.438535;0.290904;-0.219247;-25.684
30.9185;-31.1801;0.342024;0.345276;-0.214405;-25.3337
39.7439;-31.1801;0.334711;0.39193;-0.221013;-24.8819
48.5694;-31.1801;0.358249;0.432361;-0.226171;-24.3734
57.3948;-31.1801;0.352648;0.46481;-0.223474;-23.7599
66.2203;-31.1801;0.332375;0.486354;-0.213611;-23.044
75.0458;-31.1801;0.339282;0.497444;-0.200588;-22.2651
83.8712;-31.1801;0.341387;0.506746;-0.186963;-21.4563
92.6967;-31.1801;0.313877;0.514204;-0.172292;-20.5964
101.522;-31.1801;0.381321;0.509577;-0.156459;-19.7551
110.348;-31.1801;0.553308;0.498065;-0.143715;-18.9528
119.173;-31.1801;0.74457;0.482775;-0.13676;-18.1203
127.998;-31.1801;0.765873;0.467039;-0.129998;-17.1204
136.824;-31.1801;0.616526;0.447337;-0.115261;-15.9326
145.649;-31.1801;0.552903;0.424225;-0.0982928;-14.7826
154.475;-31.1801;0.617078;0.401346;-0.0842928;-13.7265
163.3;-31.1801;0.721476;0.372845;-0.072996;-12.6912
172.126;-31.1801;0.768816;0.335137;-0.0625238;-11.5992
180.951;-31.1801;0.762551;0.290224;-0.0497792;-10.4297
189.777;-31.1801;0.75484;0.24225;-0.0365702;-9.23584
198.602;-31.1801;0.779572;0.194519;-0.0239203;-8.05736
207.428;-31.1801;0.826531;0.143462;-0.013838;-6.88734
216.253;-31.1801;0.89464;0.0871948;-0.00320955;-5.69761
225.078;-31.1801;0.947507;0.0309978;0.00786286;-4.47378
233.904;-31.1801;0.928101;-0.0163915;0.0166745;-3.19943
242.729;-31.1801;0.878017;-0.0352454;0.0208539;-2.00209
-225.02;-40.0056;0.53267;0.0414593;0.0221594;-2.22969
-216.194;-40.0056;0.463096;0.013191;0.0168111;-3.33811
-207.369;-40.0056;0.496152;-0.0184243;0.0141394;-4.48701
-198.543;-40.0056;0.553596;-0.0500866;0.0113729;-5.65562
-189.718;-40.0056;0.559877;-0.0724442;0.000831242;-6.78083
-180.892;-40.0056;0.550657;-0.0824397;-0.0178534;-7.88018
-172.067;-40.0056;0.517587;-0.0866926;-0.0441894;-8.96928
-163.242;-40.0056;0.483863;-0.0962049;-0.0662573;-10.0691
-154.416;-40.0056;0.475939;-0.115021;-0.0790309;-11.1735
-145.591;-40.0056;0.489866;-0.140085;-0.0907071;-12.2706
-136.765;-40.0056;0.497651;-0.165408;-0.106972;-13.3628
-127.94;-40.0056;0.512233;-0.187758;-0.121653;-14.4647
-119.114;-40.0056;0.491157;-0.202669;-0.1297;-15.5165
-110.289;-40.0056;0.427869;-0.213407;-0.13802;-16.5025
-101.463;-40.0056;0.352606;-0.223448;-0.149794;-17.4458
-92.6379;-40.0056;0.311713;-0.23196;-0.16336;-18.3911
-83.8124;-40.0056;0.320076;-0.234765;-0.179536;-19.3373
-74.987;-40.0056;0.32875;-0.229771;-0.193301;-20.2353
-66.1615;-40.0056;0.301596;-0.221773;-0.201978;-21.0743
-30.8597;-40.0056;0.396887;-0.108107;-0.222594;-24.0163
-22.0342;-40.0056;0.374204;-0.0554273;-0.232548;-24.5645
-13.2088;-40.0056;0.37098;0.00896308;-0.242559;-24.9353
-4.38334;-40.0056;0.359939;0.0843461;-0.251686;-25.1543
4.44212;-40.0056;0.358153;0.154235;-0.256114;-25.2577
13.2676;-40.0056;0.360885;0.216288;-0.252346;-25.2462
22.093;-40.0056;0.351181;0.272344;-0.243546;-25.098
30.9185;-40.0056;0.316683;0.32338;-0.240311;-24.7964
39.7439;-40.0056;0.306453;0.368799;-0.243841;-24.3797
48.5694;-40.0056;0.307136;0.409288;-0.242895;-23.8835
57.3948;-40.0056;0.299846;0.442681;-0.236075;-23.2885
66.2203;-40.0056;0.298297;0.465464;-0.226816;-22.6048
75.0458;-40.0056;0.320123;0.477998;-0.217466;-21.8638
83.8712;-40.0056;0.340604;0.4887;-0.203785;-21.0951
92.6967;-40.0056;0.347603;0.494122;-0.185941;-20.2803
101.522;-40.0056;0.404648;0.491002;-0.168448;-19.4527
110.348;-40.0056;0.504101;0.482355;-0.156238;-18.6089
119.173;-40.0056;0.590771;0.468904;-0.150054;-17.6997
127.998;-40.0056;0.572855;0.451915;-0.143297;-16.6599
136.824;-40.0056;0.483158;0.431789;-0.126591;-15.5253
145.649;-40.0056;0.470106;0.409517;-0.108267;-14.4268
154.475;-40.0056;0.542991;0.387879;-0.0929498;-13.3902
163.3;-40.0056;0.639676;0.35992;-0.0794565;-12.3563
172.126;-40.0056;0.70854;0.322056;-0.0682417;-11.286
180.951;-40.0056;0.734728;0.277639;-0.056978;-10.1531
189.777;-40.0056;0.749512;0.230735;-0.0454793;-8.99109
198.602;-40.0056;0.767098;0.185457;-0.0327723;-7.82451
207.428;-40.0056;0.77246;0.135863;-0.0205446;-6.63281
216.253;-40.0056;0.816959;0.0826634;-0.0102696;-5.44142
225.078;-40.0056;0.878216;0.0293993;-0.000394042;-4.24075
233.904;-40.0056;0.918452;-0.0180408;0.0081037;-2.99895
242.729;-40.0056;0.931893;-0.035934;0.015173;-1.79986
-225.02;-48.831;0.515857;0.0638129;0.0228844;-2.04243
-216.194;-48.831;0.424254;0.0292566;0.0151829;-3.15003
-207.369;-48.831;0.498711;0.0039979;0.0144024;-4.28879
-198.543;-48.831;0.547367;-0.0264258;0.0130904;-5.46393
-189.718;-48.831;0.504605;-0.0444298;-0.00220883;-6.57406
-180.892;-48.831;0.473506;-0.0487277;-0.0291238;-7.65785
-172.067;-48.831;0.501996;-0.0577334;-0.0581569;-8.75219
-163.242;-48.831;0.515844;-0.0760974;-0.0778678;-9.86904
-154.416;-48.831;0.489773;-0.10024;-0.0897927;-10.95
-145.591;-48.831;0.454701;-0.128801;-0.102377;-12.0174
-136.765;-48.831;0.445926;-0.156257;-0.11921;-13.0878
-127.94;-48.831;0.478667;-0.174901;-0.131124;-14.1845
-119.114;-48.831;0.494499;-0.185229;-0.139256;-15.2274
-110.289;-48.831;0.448697;-0.194078;-0.149823;-16.2125
-101.463;-48.831;0.388004;-0.203154;-0.162757;-17.1477
-92.6379;-48.831;0.354476;-0.211173;-0.178382;-18.069
-83.8124;-48.831;0.352069;-0.214224;-0.19918;-18.9891
-74.987;-48.831;0.346714;-0.211063;-0.216064;-19.8386
-66.1615;-48.831;0.319148;-0.202618;-0.227159;-20.6766
-57.3361;-48.831;0.295741;-0.195678;-0.23117;-21.4923
-30.8597;-48.831;0.30573;-0.0913969;-0.259819;-23.4588
-22.0342;-48.831;0.266388;-0.0398682;-0.265573;-23.958
-13.2088;-48.831;0.289453;0.0221951;-0.26897;-24.3187
-4.38334;-48.831;0.317518;0.0890289;-0.272081;-24.541
4.44212;-48.831;0.317354;0.152454;-0.275199;-24.6282
13.2676;-48.831;0.295406;0.208502;-0.271029;-24.583
22.093;-48.831;0.270047;0.257483;-0.260528;-24.4138
30.9185;-48.831;0.253287;0.304041;-0.258024;-24.1401
39.7439;-48.831;0.229512;0.346836;-0.260649;-23.7401
48.5694;-48.831;0.210156;0.385477;-0.26119;-23.2479
57.3948;-48.831;0.209125;0.418064;-0.256485;-22.6772
66.2203;-48.831;0.217038;0.442999;-0.249365;-22.0289
75.0458;-48.831;0.219822;0.458777;-0.243085;-21.3017
83.8712;-48.831;0.205306;0.473025;-0.233891;-20.5348
92.6967;-48.831;0.212207;0.474731;-0.215494;-19.7249
101.522;-48.831;0.228369;0.469049;-0.19549;-18.8664
110.348;-48.831;0.251333;0.460036;-0.180431;-17.9652
119.173;-48.831;0.27681;0.447866;-0.170911;-17.0182
127.998;-48.831;0.294588;0.431314;-0.160861;-16.0214
136.824;-48.831;0.331697;0.412761;-0.143118;-15.0178
145.649;-48.831;0.38887;0.391789;-0.123018;-14.0005
154.475;-48.831;0.455767;0.368368;-0.1041;-12.9745
163.3;-48.831;0.516834;0.338986;-0.087017;-11.9285
172.126;-48.831;0.564363;0.303736;-0.0746404;-10.8549
180.951;-48.831;0.584572;0.265527;-0.0642166;-9.73701
189.777;-48.831;0.593898;0.224978;-0.0543135;-8.59075
198.602;-48.831;0.60205;0.18202;-0.0427692;-7.42858
207.428;-48.831;0.60957;0.133162;-0.0310872;-6.2503
216.253;-48.831;0.655738;0.0813275;-0.0211888;-5.07318
225.078;-48.831;0.718018;0.0298901;-0.0133976;-3.90257
233.904;-48.831;0.773504;-0.0239458;-0.00636584;-2.68099
242.729;-48.831;0.791984;-0.0526577;0.00445394;-1.47579
-225.02;-57.6565;0.587531;0.0879706;0.0231074;-1.896
-216.194;-57.6565;0.49407;0.0470329;0.0154136;-2.98377
-207.369;-57.6565;0.546607;0.0187155;0.017899;-4.10398
-198.543;-57.6565;0.587229;-0.00212963;0.0150576;-5.25229
-189.718;-57.6565;0.526642;-0.00973709;-0.00784581;-6.35619
-180.892;-57.6565;0.496452;-0.0100694;-0.0392366;-7.42445
-172.067;-57.6565;0.513218;-0.0271249;-0.0658662;-8.50688
-163.242;-57.6565;0.51169;-0.0520936;-0.0819714;-9.60422
-154.416;-57.6565;0.466042;-0.0777144;-0.0929886;-10.6449
-145.591;-57.6565;0.403086;-0.107112;-0.106129;-11.6776
-136.765;-57.6565;0.375567;-0.13556;-0.123116;-12.726
-127.94;-57.6565;0.432479;-0.154478;-0.133416;-13.8121
-119.114;-57.6565;0.46182;-0.164148;-0.142832;-14.8445
-110.289;-57.6565;0.424836;-0.171682;-0.157305;-15.8228
-101.463;-57.6565;0.381769;-0.178491;-0.172965;-16.7441
-92.6379;-57.6565;0.353058;-0.186503;-0.188154;-17.6434
-83.8124;-57.6565;0.333775;-0.191678;-0.207295;-18.5326
-74.987;-57.6565;0.319523;-0.188599;-0.228792;-19.3474
-30.8597;-57.6565;0.265825;-0.0801881;-0.291418;-22.7701
-22.0342;-57.6565;0.220834;-0.0287834;-0.296449;-23.2408
-13.2088;-57.6565;0.222781;0.0308703;-0.297987;-23.5853
-4.38334;-57.6565;0.247654;0.0904729;-0.299199;-23.8079
4.44212;-57.6565;0.252111;0.147294;-0.300671;-23.8887
13.2676;-57.6565;0.225845;0.19884;-0.296567;-23.8274
22.093;-57.6565;0.191469;0.244067;-0.286162;-23.6489
30.9185;-57.6565;0.17395;0.286395;-0.282977;-23.3876
39.7439;-57.6565;0.15345;0.327091;-0.287465;-23.0081
48.5694;-57.6565;0.138388;0.363789;-0.292714;-22.5413
57.3948;-57.6565;0.144304;0.395447;-0.293936;-22.0006
66.2203;-57.6565;0.138564;0.422078;-0.290623;-21.3694
75.0458;-57.6565;0.0958834;0.440089;-0.285319;-20.6298
83.8712;-57.6565;0.0292276;0.457102;-0.279767;-19.8553
92.6967;-57.6565;0.0249584;0.459396;-0.264394;-19.055
101.522;-57.6565;0.0238432;0.452854;-0.244419;-18.194
110.348;-57.6565;0.0304239;0.442809;-0.226061;-17.2864
119.173;-57.6565;0.0712627;0.431257;-0.210848;-16.3662
127.998;-57.6565;0.181439;0.414005;-0.193308;-15.4673
136.824;-57.6565;0.302636;0.395922;-0.169727;-14.5608
145.649;-57.6565;0.393196;0.37539;-0.142871;-13.6001
154.475;-57.6565;0.45626;0.347598;-0.117749;-12.5856
163.3;-57.6565;0.506113;0.314519;-0.0962941;-11.5439
172.126;-57.6565;0.561556;0.28022;-0.080438;-10.4881
180.951;-57.6565;0.595027;0.246966;-0.0676064;-9.39453
189.777;-57.6565;0.614899;0.210103;-0.0566254;-8.27147
198.602;-57.6565;0.634278;0.166287;-0.0439054;-7.12531
207.428;-57.6565;0.667311;0.117341;-0.0324181;-5.97132
216.253;-57.6565;0.723814;0.0670215;-0.0224864;-4.81505
225.078;-57.6565;0.755971;0.0165415;-0.0145063;-3.639
233.904;-57.6565;0.771143;-0.033793;-0.00741311;-2.40151
242.729;-57.6565;0.782254;-0.0789232;0.00539364;-1.15604
-216.194;-66.4819;0.57222;0.0638969;0.0216986;-2.779
-207.369;-66.4819;0.575619;0.0345123;0.0222474;-3.8661
-198.543;-66.4819;0.58704;0.0203275;0.0120142;-4.97017
-189.718;-66.4819;0.554669;0.0240003;-0.0159145;-6.03769
-180.892;-66.4819;0.515707;0.0189128;-0.0443774;-7.10265
-172.067;-66.4819;0.500194;-0.00253925;-0.065285;-8.17593
-163.242;-66.4819;0.491612;-0.0284089;-0.0774615;-9.2574
-154.416;-66.4819;0.460068;-0.0529541;-0.0883795;-10.2934
-145.591;-66.4819;0.403016;-0.0803563;-0.103658;-11.3119
-136.765;-66.4819;0.353459;-0.110009;-0.121905;-12.3319
-127.94;-66.4819;0.348489;-0.136669;-0.134912;-13.3898
-119.114;-66.4819;0.353017;-0.148513;-0.148907;-14.3969
-110.289;-66.4819;0.331421;-0.152742;-0.168122;-15.3477
-101.463;-66.4819;0.308996;-0.156776;-0.187192;-16.2462
-92.6379;-66.4819;0.283221;-0.165308;-0.203833;-17.1284
-83.8124;-66.4819;0.253346;-0.172406;-0.223483;-17.9886
-74.987;-66.4819;0.236845;-0.16895;-0.248981;-18.7779
-30.8597;-66.4819;0.265364;-0.0674254;-0.334312;-22.0347
-22.0342;-66.4819;0.240611;-0.0185667;-0.345151;-22.4747
-13.2088;-66.4819;0.203674;0.0378481;-0.351643;-22.7854
-4.38334;-66.4819;0.19594;0.0919044;-0.354271;-22.99
4.44212;-66.4819;0.206474;0.141564;-0.353217;-23.064
13.2676;-66.4819;0.19305;0.18707;-0.346447;-23.0032
22.093;-66.4819;0.164562;0.229311;-0.33416;-22.8421
30.9185;-66.4819;0.153206;0.26881;-0.327257;-22.6024
39.7439;-66.4819;0.156183;0.307727;-0.328789;-22.2596
48.5694;-66.4819;0.168478;0.341669;-0.332139;-21.8375
57.3948;-66.4819;0.18255;0.37286;-0.336714;-21.327
66.2203;-66.4819;0.166936;0.40165;-0.337136;-20.7152
75.0458;-66.4819;0.113126;0.423081;-0.328337;-20.0045
83.8712;-66.4819;0.0559162;0.437978;-0.316932;-19.2656
92.6967;-66.4819;0.0590242;0.443623;-0.301531;-18.5048
101.522;-66.4819;0.086507;0.440259;-0.281898;-17.6975
110.348;-66.4819;0.142358;0.429218;-0.26086;-16.8449
119.173;-66.4819;0.242274;0.412915;-0.240616;-15.9778
127.998;-66.4819;0.401243;0.393704;-0.217514;-15.1396
136.824;-66.4819;0.58358;0.374234;-0.190935;-14.3036
145.649;-66.4819;0.672661;0.35273;-0.159874;-13.3631
154.475;-66.4819;0.694372;0.323129;-0.13035;-12.3268
163.3;-66.4819;0.696603;0.289141;-0.104722;-11.2509
172.126;-66.4819;0.724576;0.255512;-0.0839128;-10.181
180.951;-66.4819;0.735994;0.223811;-0.0661734;-9.08554
189.777;-66.4819;0.737141;0.187012;-0.0526522;-7.96133
198.602;-66.4819;0.742636;0.142874;-0.0392509;-6.81606
207.428;-66.4819;0.768098;0.0952766;-0.0285237;-5.66854
216.253;-66.4819;0.804414;0.0475801;-0.0189794;-4.51278
225.078;-66.4819;0.786447;0.000786775;-0.0120824;-3.32586
233.904;-66.4819;0.76789;-0.0444883;-0.00543337;-2.08611
-216.194;-75.3074;0.605649;0.0893282;0.0326107;-2.49963
-207.369;-75.3074;0.553423;0.0599143;0.0270431;-3.54343
-198.543;-75.3074;0.497033;0.0428909;0.00449621;-4.61231
-189.718;-75.3074;0.415672;0.0345152;-0.0267045;-5.6726
-180.892;-75.3074;0.383445;0.020715;-0.0524924;-6.73064
-172.067;-75.3074;0.388087;-0.0022898;-0.0709753;-7.79137
-163.242;-75.3074;0.40354;-0.025425;-0.083713;-8.85804
-154.416;-75.3074;0.407959;-0.0444743;-0.094998;-9.8901
-145.591;-75.3074;0.385525;-0.0660539;-0.109777;-10.8959
-136.765;-75.3074;0.339465;-0.0938989;-0.128312;-11.8816
-127.94;-75.3074;0.298249;-0.120761;-0.146584;-12.8942
-119.114;-75.3074;0.272596;-0.134827;-0.165779;-13.8721
-110.289;-75.3074;0.254781;-0.139201;-0.18885;-14.803
-101.463;-75.3074;0.245834;-0.139968;-0.211472;-15.6835
-92.6379;-75.3074;0.225623;-0.14601;-0.230935;-16.5435
-83.8124;-75.3074;0.196541;-0.152495;-0.252416;-17.3783
-74.987;-75.3074;0.18578;-0.148432;-0.279233;-18.1498
-66.1615;-75.3074;0.208471;-0.13611;-0.304197;-18.8993
-57.3361;-75.3074;0.215963;-0.122839;-0.329692;-19.5759
-30.8597;-75.3074;0.282622;-0.0498837;-0.38451;-21.2674
-22.0342;-75.3074;0.297428;-0.00741358;-0.399889;-21.6784
-13.2088;-75.3074;0.252745;0.044822;-0.413363;-21.9735
-4.38334;-75.3074;0.223328;0.0949581;-0.414373;-22.1558
4.44212;-75.3074;0.240142;0.140502;-0.410239;-22.2351
13.2676;-75.3074;0.25426;0.181297;-0.403081;-22.2098
22.093;-75.3074;0.252437;0.217288;-0.393745;-22.0789
30.9185;-75.3074;0.255173;0.251582;-0.382824;-21.8664
39.7439;-75.3074;0.288289;0.28311;-0.36851;-21.5642
48.5694;-75.3074;0.328097;0.312461;-0.360563;-21.1804
57.3948;-75.3074;0.367727;0.343605;-0.365575;-20.7106
66.2203;-75.3074;0.419531;0.373682;-0.36914;-20.1737
75.0458;-75.3074;0.467786;0.396139;-0.355472;-19.5692
83.8712;-75.3074;0.479251;0.409102;-0.337569;-18.9045
92.6967;-75.3074;0.431047;0.41872;-0.321819;-18.1517
101.522;-75.3074;0.495407;0.413684;-0.300488;-17.3944
110.348;-75.3074;0.613508;0.400891;-0.274152;-16.6184
119.173;-75.3074;0.720651;0.383656;-0.24857;-15.7853
127.998;-75.3074;0.790333;0.365599;-0.224114;-14.8935
136.824;-75.3074;0.928388;0.344945;-0.196166;-14.0401
145.649;-75.3074;0.97511;0.320467;-0.163868;-13.0733
154.475;-75.3074;0.959686;0.28925;-0.132145;-12.0153
163.3;-75.3074;0.928104;0.255644;-0.103396;-10.92
172.126;-75.3074;0.922018;0.223697;-0.078821;-9.82816
180.951;-75.3074;0.896167;0.193701;-0.0578632;-8.71698
189.777;-75.3074;0.860502;0.158125;-0.0425427;-7.58054
198.602;-75.3074;0.835382;0.117056;-0.0303111;-6.43274
207.428;-75.3074;0.836327;0.0728022;-0.0211156;-5.28528
216.253;-75.3074;0.840103;0.0276722;-0.0120667;-4.12284
225.078;-75.3074;0.789707;-0.0146459;-0.00522598;-2.93868
233.904;-75.3074;0.77606;-0.0456447;-0.000514181;-1.76092
-216.194;-84.1328;0.649413;0.105658;0.0431826;-2.15664
-207.369;-84.1328;0.510359;0.0847233;0.0325808;-3.16035
-198.543;-84.1328;0.415787;0.0616872;0.00135183;-4.20709
-189.718;-84.1328;0.336162;0.0425708;-0.0293677;-5.25498
-180.892;-84.1328;0.309282;0.0212547;-0.0549438;-6.30599
-172.067;-84.1328;0.326409;-0.00322431;-0.074832;-7.35809
-163.242;-84.1328;0.339865;-0.0263443;-0.0917589;-8.40838
-154.416;-84.1328;0.342576;-0.0446056;-0.107265;-9.42782
-145.591;-84.1328;0.338716;-0.0618269;-0.123576;-10.4159
-136.765;-84.1328;0.324702;-0.0826733;-0.141618;-11.3818
-127.94;-84.1328;0.296056;-0.104678;-0.163667;-12.3615
-119.114;-84.1328;0.26949;-0.120209;-0.188923;-13.3208
-110.289;-84.1328;0.26492;-0.128185;-0.216689;-14.2434
-101.463;-84.1328;0.262516;-0.127933;-0.244028;-15.1153
-92.6379;-84.1328;0.246482;-0.129083;-0.266293;-15.9461
-83.8124;-84.1328;0.225029;-0.131291;-0.287506;-16.7478
-74.987;-84.1328;0.222802;-0.126354;-0.3119;-17.5073
-66.1615;-84.1328;0.248267;-0.113417;-0.335016;-18.2262
-57.3361;-84.1328;0.256403;-0.0971231;-0.359385;-18.8561
-48.5106;-84.1328;0.232072;-0.0290193;-0.413329;-20.1788
-39.6852;-84.1328;0.255042;0.0221678;-0.444972;-21.0274
-30.8597;-84.1328;0.31575;-0.0302026;-0.418564;-20.4487
-22.0342;-84.1328;0.361282;0.00445822;-0.432951;-20.8377
-13.2088;-84.1328;0.361653;0.0491784;-0.444758;-21.144
-4.38334;-84.1328;0.35859;0.0961923;-0.441614;-21.3285
4.44212;-84.1328;0.357986;0.139766;-0.432033;-21.4126
13.2676;-84.1328;0.362407;0.175915;-0.424198;-21.3957
22.093;-84.1328;0.362752;0.205834;-0.418271;-21.2793
30.9185;-84.1328;0.367239;0.234233;-0.407152;-21.0892
39.7439;-84.1328;0.412763;0.259693;-0.387389;-20.8227
48.5694;-84.1328;0.511299;0.285453;-0.3782;-20.4897
57.3948;-84.1328;0.559998;0.323932;-0.389841;-20.0623
66.2203;-84.1328;0.633201;0.360892;-0.397234;-19.5999
75.0458;-84.1328;0.73443;0.383187;-0.381013;-19.0789
83.8712;-84.1328;0.797352;0.391776;-0.359576;-18.4597
92.6967;-84.1328;0.745083;0.396526;-0.341431;-17.7028
101.522;-84.1328;0.805312;0.387656;-0.315491;-16.9521
110.348;-84.1328;0.920405;0.374494;-0.282019;-16.2058
119.173;-84.1328;1.0245;0.35525;-0.249622;-15.395
127.998;-84.1328;1.07999;0.334111;-0.218134;-14.5038
136.824;-84.1328;1.16521;0.309315;-0.187547;-13.6062
145.649;-84.1328;1.15346;0.284597;-0.156881;-12.6073
154.475;-84.1328;1.09883;0.25497;-0.124614;-11.5364
163.3;-84.1328;1.05129;0.221387;-0.0920978;-10.4384
172.126;-84.1328;1.04159;0.188435;-0.0644167;-9.35071
180.951;-84.1328;0.997286;0.159787;-0.0427987;-8.24299
189.777;-84.1328;0.931793;0.126837;-0.0270296;-7.10532
198.602;-84.1328;0.875517;0.0909235;-0.0159078;-5.95892
207.428;-84.1328;0.850479;0.051347;-0.00821525;-4.81125
216.253;-84.1328;0.832491;0.00931305;-0.000323464;-3.65164
225.078;-84.1328;0.81011;-0.0228731;0.00373147;-2.50502
233.904;-84.1328;0.830316;-0.0462141;0.00545879;-1.41634
-216.194;-92.9583;0.702174;0.113005;0.0515747;-1.74479
-207.369;-92.9583;0.483982;0.0942595;0.0352046;-2.78378
-198.543;-92.9583;0.394513;0.0768567;0.00484093;-3.80266
-189.718;-92.9583;0.370331;0.0530239;-0.0247104;-4.83867
-180.892;-92.9583;0.352061;0.0276381;-0.0517593;-5.87945
-172.067;-92.9583;0.35877;0.00304062;-0.0732799;-6.90678
-163.242;-92.9583;0.340203;-0.0234027;-0.0946219;-7.926
-154.416;-92.9583;0.313496;-0.0458837;-0.115463;-8.92443
-145.591;-92.9583;0.307308;-0.0616422;-0.134098;-9.89784
-136.765;-92.9583;0.319233;-0.0743013;-0.151065;-10.8533
-127.94;-92.9583;0.313287;-0.0899129;-0.174266;-11.7988
-119.114;-92.9583;0.298146;-0.105679;-0.203356;-12.7327
-110.289;-92.9583;0.319436;-0.116916;-0.232331;-13.6417
-101.463;-92.9583;0.321344;-0.119517;-0.259451;-14.4994
-92.6379;-92.9583;0.313812;-0.117326;-0.284038;-15.3113
-83.8124;-92.9583;0.307421;-0.114314;-0.30763;-16.0895
-74.987;-92.9583;0.310184;-0.109995;-0.330824;-16.8329
-66.1615;-92.9583;0.332291;-0.0999821;-0.34799;-17.5301
-57.3361;-92.9583;0.349804;-0.0814278;-0.362724;-18.1454
-48.5106;-92.9583;0.330027;-0.0607486;-0.382997;-18.6801
-39.6852;-92.9583;0.330358;-0.0426567;-0.404248;-19.1647
-30.8597;-92.9583;0.35948;-0.0186853;-0.422362;-19.6033
-22.0342;-92.9583;0.395313;0.0147676;-0.434958;-19.9661
-13.2088;-92.9583;0.414212;0.0543396;-0.441645;-20.2536
-4.38334;-92.9583;0.409867;0.0971517;-0.438704;-20.444
4.44212;-92.9583;0.402055;0.139144;-0.42907;-20.5177
13.2676;-92.9583;0.395077;0.172093;-0.421347;-20.4875
22.093;-92.9583;0.380871;0.198956;-0.417306;-20.3683
30.9185;-92.9583;0.363855;0.226461;-0.41439;-20.1716
39.7439;-92.9583;0.376496;0.259128;-0.413425;-19.9064
48.5694;-92.9583;0.487471;0.293764;-0.425555;-19.6018
57.3948;-92.9583;0.551066;0.332664;-0.440927;-19.2287
66.2203;-92.9583;0.630783;0.35903;-0.434596;-18.7906
75.0458;-92.9583;0.724261;0.373833;-0.407714;-18.2992
83.8712;-92.9583;0.780072;0.374049;-0.380138;-17.6824
92.6967;-92.9583;0.761836;0.372826;-0.356473;-16.9481
101.522;-92.9583;0.837905;0.362485;-0.323977;-16.228
110.348;-92.9583;0.952159;0.348468;-0.283463;-15.5046
119.173;-92.9583;1.06438;0.326656;-0.244499;-14.7209
127.998;-92.9583;1.14623;0.300351;-0.205344;-13.8613
136.824;-92.9583;1.18559;0.273617;-0.171887;-12.9283
145.649;-92.9583;1.10536;0.251868;-0.145175;-11.895
154.475;-92.9583;1.02746;0.225458;-0.116636;-10.8319
163.3;-92.9583;1.0006;0.192254;-0.0817836;-9.7712
172.126;-92.9583;1.02673;0.156576;-0.0492773;-8.73005
180.951;-92.9583;0.997073;0.128661;-0.0277623;-7.66108
189.777;-92.9583;0.930117;0.0991917;-0.012325;-6.55114
198.602;-92.9583;0.864997;0.0655394;-0.000484055;-5.41477
207.428;-92.9583;0.829442;0.0300894;0.00716084;-4.27565
216.253;-92.9583;0.814769;-0.00753408;0.0138834;-3.13874
225.078;-92.9583;0.849997;-0.0348695;0.0146933;-2.06336
-207.369;-101.784;0.457489;0.110681;0.0387798;-2.30344
-198.543;-101.784;0.388544;0.0924777;0.0103568;-3.34438
-189.718;-101.784;0.455483;0.060477;-0.0186209;-4.42804
-180.892;-101.784;0.46562;0.0334005;-0.0441655;-5.46641
-172.067;-101.784;0.429998;0.00942175;-0.066874;-6.45388
-163.242;-101.784;0.383062;-0.0195433;-0.0904043;-7.43026
-154.416;-101.784;0.344039;-0.0454843;-0.113777;-8.40218
-145.591;-101.784;0.332016;-0.0612439;-0.133747;-9.36426
-136.765;-101.784;0.337374;-0.0691435;-0.150629;-10.3046
-127.94;-101.784;0.32139;-0.0789568;-0.173345;-11.2104
-119.114;-101.784;0.283981;-0.0938367;-0.203029;-12.1064
-110.289;-101.784;0.298278;-0.105073;-0.231775;-12.9831
-101.463;-101.784;0.288076;-0.110415;-0.258657;-13.8232
-92.6379;-101.784;0.294825;-0.108477;-0.28476;-14.6166
-83.8124;-101.784;0.317045;-0.104621;-0.310774;-15.3659
-74.987;-101.784;0.329021;-0.102687;-0.335262;-16.0755
-66.1615;-101.784;0.330447;-0.0976303;-0.351938;-16.7455
-57.3361;-101.784;0.359065;-0.0802205;-0.359918;-17.3345
-48.5106;-101.784;0.355122;-0.0567814;-0.373489;-17.8462
-39.6852;-101.784;0.33797;-0.033698;-0.392096;-18.2979
-30.8597;-101.784;0.347957;-0.00926576;-0.408901;-18.6952
-22.0342;-101.784;0.380379;0.0203891;-0.418248;-19.029
-13.2088;-101.784;0.395041;0.0575307;-0.425434;-19.2986
-4.38334;-101.784;0.385617;0.0973767;-0.427689;-19.4824
4.44212;-101.784;0.372576;0.136873;-0.422635;-19.5515
13.2676;-101.784;0.35434;0.167117;-0.415695;-19.5187
22.093;-101.784;0.337964;0.194224;-0.41396;-19.4097
30.9185;-101.784;0.328248;0.222762;-0.4186;-19.2171
39.7439;-101.784;0.339061;0.258613;-0.432666;-18.9618
48.5694;-101.784;0.448106;0.296802;-0.455647;-18.6676
57.3948;-101.784;0.506423;0.329844;-0.464358;-18.3046
66.2203;-101.784;0.564621;0.345137;-0.447076;-17.8532
75.0458;-101.784;0.620854;0.34548;-0.412617;-17.3121
83.8712;-101.784;0.649567;0.34167;-0.3809;-16.6935
92.6967;-101.784;0.657558;0.341014;-0.354114;-16.0148
101.522;-101.784;0.751154;0.333029;-0.318462;-15.3443
110.348;-101.784;0.847233;0.319701;-0.275339;-14.63
119.173;-101.784;0.931605;0.297099;-0.234616;-13.8455
127.998;-101.784;0.988091;0.268571;-0.19511;-12.9837
136.824;-101.784;0.964505;0.241873;-0.162919;-12.0121
145.649;-101.784;0.82754;0.222905;-0.136175;-10.9491
154.475;-101.784;0.777424;0.198282;-0.106684;-9.94001
163.3;-101.784;0.829083;0.165274;-0.0701531;-8.98072
172.126;-101.784;0.8994;0.127452;-0.0353778;-8.00302
180.951;-101.784;0.885107;0.0988982;-0.0118731;-6.97134
189.777;-101.784;0.825513;0.0730598;-0.000686054;-5.88971
198.602;-101.784;0.776868;0.0450995;0.00956704;-4.78647
207.428;-101.784;0.770582;0.0129102;0.0184123;-3.6824
216.253;-101.784;0.780465;-0.0179616;0.0251583;-2.59039
225.078;-101.784;0.847045;-0.0445014;0.026781;-1.55345
-198.543;-110.609;0.374494;0.09227;0.0142861;-2.85323
-189.718;-110.609;0.488744;0.0626187;-0.0115744;-3.95207
-180.892;-110.609;0.53663;0.0360241;-0.0329824;-4.97732
-172.067;-110.609;0.450198;0.00777711;-0.0587387;-5.95641
-163.242;-110.609;0.416593;-0.0204866;-0.0826069;-6.91475
-154.416;-110.609;0.403253;-0.0451453;-0.105066;-7.86635
-145.591;-110.609;0.39263;-0.0598566;-0.125369;-8.80594
-136.765;-110.609;0.37755;-0.0644158;-0.143469;-9.71241
-127.94;-110.609;0.339126;-0.0679345;-0.163663;-10.5716
-119.114;-110.609;0.276869;-0.0798623;-0.191402;-11.4205
-110.289;-110.609;0.250242;-0.0933595;-0.222581;-12.2663
-101.463;-110.609;0.235393;-0.101037;-0.253855;-13.0884
-92.6379;-110.609;0.262347;-0.100254;-0.281831;-13.8651
-83.8124;-110.609;0.286235;-0.0965433;-0.310616;-14.5877
-74.987;-110.609;0.271429;-0.0952148;-0.340361;-15.2487
-66.1615;-110.609;0.250868;-0.0922119;-0.360993;-15.8869
-57.3361;-110.609;0.284314;-0.0770396;-0.369866;-16.4626
-48.5106;-110.609;0.310112;-0.0510164;-0.375922;-16.954
-39.6852;-110.609;0.290947;-0.0238354;-0.38533;-17.3723
-30.8597;-110.609;0.282089;0.00129807;-0.393362;-17.7323
-22.0342;-110.609;0.30073;0.0276116;-0.401336;-18.043
-13.2088;-110.609;0.314547;0.0593695;-0.409203;-18.2969
-4.38334;-110.609;0.30986;0.0952274;-0.413949;-18.4766
4.44212;-110.609;0.307886;0.131732;-0.41208;-18.5559
13.2676;-110.609;0.312171;0.160297;-0.407305;-18.5394
22.093;-110.609;0.314813;0.189013;-0.410493;-18.4502
30.9185;-110.609;0.320735;0.217857;-0.420054;-18.2676
39.7439;-110.609;0.349375;0.249068;-0.435483;-18.024
48.5694;-110.609;0.458454;0.28019;-0.450507;-17.7462
57.3948;-110.609;0.519264;0.30671;-0.449196;-17.394
66.2203;-110.609;0.559321;0.317493;-0.426972;-16.9327
75.0458;-110.609;0.601053;0.319029;-0.395127;-16.4005
83.8712;-110.609;0.647694;0.316839;-0.364493;-15.8139
92.6967;-110.609;0.688522;0.31335;-0.33553;-15.1842
101.522;-110.609;0.785661;0.302519;-0.299873;-14.5301
110.348;-110.609;0.802522;0.285844;-0.2615;-13.7531
119.173;-110.609;0.766508;0.26305;-0.224965;-12.8888
127.998;-110.609;0.709498;0.238509;-0.190641;-11.9739
136.824;-110.609;0.587613;0.216228;-0.16066;-10.9618
145.649;-110.609;0.529717;0.192121;-0.129728;-9.97513
154.475;-110.609;0.606448;0.164283;-0.0934908;-9.0871
163.3;-110.609;0.73698;0.131728;-0.0521477;-8.22382
172.126;-110.609;0.79492;0.0922619;-0.0176589;-7.26348
180.951;-110.609;0.708562;0.0639688;0.00633077;-6.17978
189.777;-110.609;0.66971;0.0416377;0.0160336;-5.1331
198.602;-110.609;0.688757;0.0228018;0.0206432;-4.12211
207.428;-110.609;0.776982;-0.00425922;0.0292501;-3.11793
216.253;-110.609;0.830362;-0.0328663;0.0396289;-2.08221
-198.543;-119.435;0.341535;0.0825117;0.0208391;-2.32818
-189.718;-119.435;0.416687;0.0612436;-0.00184731;-3.3756
-180.892;-119.435;0.466466;0.0329772;-0.0243982;-4.41887
-172.067;-119.435;0.388113;-0.00140658;-0.0519271;-5.39466
-163.242;-119.435;0.403327;-0.0249664;-0.0742167;-6.33158
-154.416;-119.435;0.410799;-0.0454767;-0.0962095;-7.25769
-145.591;-119.435;0.389021;-0.0594282;-0.116981;-8.15838
-136.765;-119.435;0.357531;-0.0625446;-0.135114;-9.03694
-127.94;-119.435;0.312843;-0.0590009;-0.151635;-9.861
-119.114;-119.435;0.233549;-0.0678291;-0.179181;-10.6822
-110.289;-119.435;0.204623;-0.07858;-0.212298;-11.4979
-101.463;-119.435;0.19015;-0.0897826;-0.248129;-12.2981
-92.6379;-119.435;0.222986;-0.090888;-0.281224;-13.0543
-83.8124;-119.435;0.24528;-0.0872187;-0.313431;-13.7538
-74.987;-119.435;0.21871;-0.086182;-0.343627;-14.3792
-66.1615;-119.435;0.184169;-0.08449;-0.366198;-14.9876
-57.3361;-119.435;0.211942;-0.0732717;-0.379065;-15.5529
-48.5106;-119.435;0.25392;-0.0517207;-0.382227;-16.0488
-39.6852;-119.435;0.245282;-0.0233646;-0.381096;-16.4563
-30.8597;-119.435;0.218359;0.00306306;-0.380047;-16.7751
-22.0342;-119.435;0.200347;0.0283717;-0.382254;-17.0427
-13.2088;-119.435;0.198512;0.0572572;-0.385388;-17.2738
-4.38334;-119.435;0.222645;0.0909112;-0.387639;-17.4531
4.44212;-119.435;0.25549;0.124216;-0.388982;-17.5509
13.2676;-119.435;0.312559;0.152869;-0.390222;-17.5698
22.093;-119.435;0.354279;0.182075;-0.400152;-17.499
30.9185;-119.435;0.361137;0.209133;-0.412045;-17.3153
39.7439;-119.435;0.365679;0.232452;-0.420104;-17.054
48.5694;-119.435;0.452367;0.252411;-0.421012;-16.7769
57.3948;-119.435;0.535509;0.271116;-0.412879;-16.4386
66.2203;-119.435;0.577088;0.282415;-0.394406;-15.9892
75.0458;-119.435;0.60525;0.287514;-0.370265;-15.469
83.8712;-119.435;0.645644;0.285442;-0.342956;-14.8963
92.6967;-119.435;0.685306;0.277835;-0.315354;-14.2719
101.522;-119.435;0.709538;0.266617;-0.284036;-13.5723
110.348;-119.435;0.653183;0.250174;-0.244762;-12.7435
119.173;-119.435;0.542803;0.226536;-0.207506;-11.833
127.998;-119.435;0.434716;0.205527;-0.178831;-10.9314
136.824;-119.435;0.377765;0.183673;-0.149728;-10.0331
145.649;-119.435;0.460743;0.156855;-0.114049;-9.18907
154.475;-119.435;0.678014;0.12435;-0.0717038;-8.40833
163.3;-119.435;0.792124;0.0887682;-0.0301585;-7.51728
172.126;-119.435;0.654691;0.0539461;0.000684004;-6.42018
180.951;-119.435;0.479701;0.0279131;0.0228741;-5.27628
189.777;-119.435;0.558894;0.00279461;0.0372288;-4.34579
198.602;-119.435;0.733368;-0.0158291;0.0505843;-3.50106
207.428;-119.435;0.920447;-0.0349206;0.0557408;-2.63057
216.253;-119.435;0.98772;-0.0557866;0.057573;-1.64486
-189.718;-128.26;0.330104;0.0539098;0.0063595;-2.78085
-180.892;-128.26;0.386365;0.0283445;-0.0159884;-3.77168
-172.067;-128.26;0.328753;-0.0106619;-0.0465845;-4.75796
-163.242;-128.26;0.347664;-0.0329243;-0.0683111;-5.68005
-154.416;-128.26;0.332685;-0.0525302;-0.092076;-6.57637
-145.591;-128.26;0.277052;-0.0660552;-0.113489;-7.42102
-136.765;-128.26;0.235904;-0.0688292;-0.132139;-8.27677
-127.94;-128.26;0.224616;-0.0606766;-0.147919;-9.09678
-119.114;-128.26;0.174165;-0.0607098;-0.174672;-9.90943
-110.289;-128.26;0.158062;-0.0675865;-0.208394;-10.6969
-101.463;-128.26;0.128957;-0.0767029;-0.245075;-11.4508
-92.6379;-128.26;0.143242;-0.079893;-0.283622;-12.1727
-83.8124;-128.26;0.173156;-0.0794247;-0.319699;-12.8643
-74.987;-128.26;0.17153;-0.0794588;-0.346052;-13.4938
-66.1615;-128.26;0.139145;-0.0789298;-0.366606;-14.0717
-57.3361;-128.26;0.142828;-0.0730087;-0.382265;-14.627
-48.5106;-128.26;0.204011;-0.0591528;-0.384096;-15.1347
-39.6852;-128.26;0.181787;-0.0332291;-0.378083;-15.5219
-30.8597;-128.26;0.0809263;-0.00418989;-0.372765;-15.7561
-22.0342;-128.26;7.70001e-05;0.0234429;-0.369521;-15.945
-13.2088;-128.26;0.0113734;0.0524526;-0.362975;-16.1628
-4.38334;-128.26;0.106092;0.0882168;-0.355118;-16.3901
4.44212;-128.26;0.206621;0.121085;-0.35824;-16.535
13.2676;-128.26;0.316959;0.147013;-0.366252;-16.5704
22.093;-128.26;0.407715;0.17457;-0.380868;-16.5181
30.9185;-128.26;0.411597;0.196716;-0.390882;-16.3214
39.7439;-128.26;0.329664;0.212346;-0.391469;-16.0141
48.5694;-128.26;0.357268;0.22744;-0.386022;-15.705
57.3948;-128.26;0.424296;0.241481;-0.375375;-15.3598
66.2203;-128.26;0.461311;0.252171;-0.361885;-14.9249
75.0458;-128.26;0.46609;0.256564;-0.344014;-14.4038
83.8712;-128.26;0.453032;0.253669;-0.32146;-13.8078
92.6967;-128.26;0.43056;0.245443;-0.297047;-13.1433
101.522;-128.26;0.442368;0.23005;-0.268052;-12.4366
110.348;-128.26;0.456589;0.208993;-0.226039;-11.659
119.173;-128.26;0.425076;0.189799;-0.187262;-10.8541
127.998;-128.26;0.37355;0.172957;-0.156827;-10.0531
136.824;-128.26;0.401446;0.153645;-0.126816;-9.27183
145.649;-128.26;0.586621;0.125632;-0.0905666;-8.53619
154.475;-128.26;0.682544;0.0962967;-0.0473472;-7.67699
163.3;-128.26;0.591445;0.054116;-0.0155545;-6.59483
172.126;-128.26;0.334128;0.0204431;0.0113924;-5.4038
180.951;-128.26;0.261674;-0.00602759;0.0345213;-4.3581
189.777;-128.26;0.616094;-0.0376768;0.0574396;-3.67499
198.602;-128.26;1.02082;-0.0586167;0.077327;-3.03242
207.428;-128.26;1.24325;-0.0712542;0.0777688;-2.25095
-189.718;-137.086;0.203984;0.0359864;0.0132275;-2.14217
-180.892;-137.086;0.280538;0.0154659;-0.0110299;-3.09621
-172.067;-137.086;0.26984;-0.0158341;-0.0374878;-4.04003
-163.242;-137.086;0.271118;-0.0385499;-0.06173;-4.96441
-154.416;-137.086;0.204298;-0.0609087;-0.0901141;-5.8354
-145.591;-137.086;0.113352;-0.0775036;-0.1144;-6.64278
-136.765;-137.086;0.0827192;-0.0822923;-0.135569;-7.4912
-127.94;-137.086;0.121488;-0.0711931;-0.152862;-8.31948
-119.114;-137.086;0.124285;-0.0600462;-0.178471;-9.12281
-110.289;-137.086;0.105864;-0.0608925;-0.209204;-9.87667
-101.463;-137.086;0.0537877;-0.0660595;-0.24312;-10.5763
-92.6379;-137.086;0.0451167;-0.0716189;-0.28176;-11.265
-83.8124;-137.086;0.100233;-0.0750524;-0.317325;-11.9572
-74.987;-137.086;0.141216;-0.0760025;-0.341272;-12.5889
-66.1615;-137.086;0.101795;-0.0754158;-0.361515;-13.1317
-57.3361;-137.086;0.0532972;-0.0727256;-0.380081;-13.6658
-48.5106;-137.086;0.127575;-0.066872;-0.382105;-14.1612
-39.6852;-137.086;0.0286172;-0.0453169;-0.381131;-14.4634
-30.8597;-137.086;-0.273566;-0.0149087;-0.38004;-14.4999
-22.0342;-137.086;-0.482986;0.0153881;-0.375321;-14.5302
-13.2088;-137.086;-0.394958;0.0454538;-0.359745;-14.7622
-4.38334;-137.086;-0.160259;0.0878223;-0.33726;-15.1619
4.44212;-137.086;0.0495547;0.122299;-0.331757;-15.3856
13.2676;-137.086;0.184371;0.143608;-0.345439;-15.4283
22.093;-137.086;0.269426;0.163235;-0.362176;-15.3661
30.9185;-137.086;0.29586;0.178931;-0.367909;-15.1932
39.7439;-137.086;0.265419;0.189934;-0.362411;-14.9186
48.5694;-137.086;0.251233;0.203219;-0.359387;-14.5833
57.3948;-137.086;0.287707;0.215438;-0.353761;-14.2182
66.2203;-137.086;0.319391;0.22237;-0.342052;-13.7888
75.0458;-137.086;0.315743;0.223709;-0.325011;-13.2735
83.8712;-137.086;0.274836;0.219589;-0.304026;-12.6705
92.6967;-137.086;0.222079;0.210937;-0.280658;-12.0005
101.522;-137.086;0.240691;0.195374;-0.252807;-11.3329
110.348;-137.086;0.338931;0.176766;-0.21224;-10.6663
119.173;-137.086;0.416958;0.160991;-0.172945;-9.9845
127.998;-137.086;0.452396;0.145617;-0.138241;-9.27111
136.824;-137.086;0.513487;0.124715;-0.105308;-8.52394
145.649;-137.086;0.639541;0.0911742;-0.0761137;-7.7373
154.475;-137.086;0.513453;0.0585957;-0.0461994;-6.71445
163.3;-137.086;0.229613;0.0204507;-0.0166468;-5.51748
172.126;-137.086;0.0130513;-0.00754519;0.0162865;-4.39374
180.951;-137.086;0.237327;-0.037805;0.0448507;-3.60944
189.777;-137.086;0.937864;-0.0782365;0.0714493;-3.22105
198.602;-137.086;1.47691;-0.101563;0.0880118;-2.68591
-189.718;-145.911;0.0902346;0.019388;0.0224969;-1.46058
-180.892;-145.911;0.159943;0.00456228;-0.00278473;-2.38611
-172.067;-145.911;0.170509;-0.0207759;-0.0281556;-3.30642
-163.242;-145.911;0.16695;-0.0400942;-0.0512168;-4.20593
-154.416;-145.911;0.100799;-0.05886;-0.0795776;-5.04849
-145.591;-145.911;0.0122636;-0.0783896;-0.107608;-5.84604
-136.765;-145.911;-0.00793961;-0.0893658;-0.135357;-6.69915
-127.94;-145.911;0.0512452;-0.0807076;-0.156881;-7.53102
-119.114;-145.911;0.0829991;-0.0645339;-0.179127;-8.31083
-110.289;-145.911;0.0553347;-0.0604384;-0.202796;-9.02817
-101.463;-145.911;-0.0207305;-0.0629871;-0.232899;-9.68652
-92.6379;-145.911;-0.0390889;-0.0699289;-0.269341;-10.3459
-83.8124;-145.911;0.0526723;-0.0742528;-0.301771;-11.0321
-74.987;-145.911;0.128562;-0.0730614;-0.325053;-11.6609
-66.1615;-145.911;0.0630938;-0.0693237;-0.349138;-12.1667
-57.3361;-145.911;-0.055923;-0.065419;-0.374324;-12.631
-48.5106;-145.911;-0.017129;-0.0685708;-0.384034;-13.0662
-39.6852;-145.911;-0.243782;-0.0477481;-0.395609;-13.2379
-30.8597;-145.911;-0.854927;-0.0180025;-0.407013;-13.0628
-22.0342;-145.911;-1.39468;0.0196463;-0.407082;-12.9494
-13.2088;-145.911;-1.38932;0.0579831;-0.386781;-13.1445
-4.38334;-145.911;-0.794729;0.0867924;-0.352851;-13.6295
4.44212;-145.911;-0.285505;0.117618;-0.336594;-14.0718
13.2676;-145.911;-0.087395;0.136422;-0.348345;-14.176
22.093;-145.911;0.0158422;0.1506;-0.35707;-14.1121
30.9185;-145.911;0.0982888;0.159988;-0.352174;-13.9617
39.7439;-145.911;0.154099;0.165962;-0.340609;-13.7395
48.5694;-145.911;0.173692;0.177481;-0.339985;-13.4361
57.3948;-145.911;0.203699;0.187859;-0.339685;-13.0848
66.2203;-145.911;0.23575;0.192348;-0.328918;-12.6721
75.0458;-145.911;0.245227;0.191518;-0.309462;-12.1758
83.8712;-145.911;0.217334;0.186245;-0.285125;-11.5929
92.6967;-145.911;0.169748;0.177236;-0.259168;-10.9522
101.522;-145.911;0.201812;0.163126;-0.230738;-10.3404
110.348;-145.911;0.327222;0.148953;-0.194668;-9.75069
119.173;-145.911;0.437788;0.134539;-0.159935;-9.1158
127.998;-145.911;0.495;0.116536;-0.126686;-8.40465
136.824;-145.911;0.517462;0.0917449;-0.0941999;-7.61345
145.649;-145.911;0.45876;0.0632603;-0.0655766;-6.70783
154.475;-145.911;0.306745;0.0276842;-0.038633;-5.70241
163.3;-145.911;0.153618;-0.0137682;-0.0115277;-4.65318
172.126;-145.911;0.179188;-0.0345208;0.0283281;-3.78804
180.951;-145.911;0.701274;-0.0683691;0.0580951;-3.26228
189.777;-145.911;1.50216;-0.112221;0.0800669;-2.93839
198.602;-145.911;1.90135;-0.14426;0.106687;-2.21133
-172.067;-154.736;0.107577;-0.0187441;-0.0106869;-2.57677
-163.242;-154.736;0.0921211;-0.0359844;-0.033609;-3.44281
-154.416;-154.736;0.0501219;-0.0453211;-0.056076;-4.25302
-145.591;-154.736;0.00681184;-0.0656546;-0.0861701;-5.06105
-136.765;-154.736;0.000105508;-0.0833702;-0.120884;-5.91009
-127.94;-154.736;0.0375059;-0.0816465;-0.147597;-6.72274
-119.114;-154.736;0.0555528;-0.0691906;-0.165396;-7.46566
-110.289;-154.736;0.0243773;-0.0659927;-0.182701;-8.15673
-101.463;-154.736;-0.0737166;-0.0675756;-0.211336;-8.79059
-92.6379;-154.736;-0.0981052;-0.0736623;-0.247818;-9.42337
-83.8124;-154.736;0.00812484;-0.0748369;-0.278197;-10.0892
-74.987;-154.736;0.0968296;-0.0688677;-0.301084;-10.6932
-66.1615;-154.736;0.0302963;-0.0617742;-0.328114;-11.1668
-57.3361;-154.736;-0.120442;-0.0587133;-0.358239;-11.5878
-48.5106;-154.736;-0.119171;-0.063713;-0.375333;-11.989
-39.6852;-154.736;-0.359953;-0.0533604;-0.3942;-12.1439
-30.8597;-154.736;-0.962424;-0.0288737;-0.413912;-11.9516
-22.0342;-154.736;-1.5519;0.00433563;-0.418851;-11.7784
-13.2088;-154.736;-1.69009;0.0345389;-0.402932;-11.8453
-4.38334;-154.736;-1.19997;0.0568528;-0.377844;-12.2088
4.44212;-154.736;-0.431069;0.0951039;-0.370455;-12.7979
13.2676;-154.736;-0.166366;0.117171;-0.368871;-12.9828
22.093;-154.736;-0.0484312;0.130725;-0.360445;-12.9418
30.9185;-154.736;0.0507397;0.138737;-0.344399;-12.8056
39.7439;-154.736;0.133965;0.143285;-0.328059;-12.6106
48.5694;-154.736;0.171547;0.149179;-0.321613;-12.3277
57.3948;-154.736;0.202988;0.15518;-0.319743;-11.9888
66.2203;-154.736;0.234152;0.157932;-0.307462;-11.5894
75.0458;-154.736;0.254001;0.157904;-0.284638;-11.1147
83.8712;-154.736;0.251398;0.153977;-0.255438;-10.5696
92.6967;-154.736;0.231654;0.145344;-0.226283;-9.98138
101.522;-154.736;0.278585;0.13212;-0.197271;-9.41907
110.348;-154.736;0.36806;0.121827;-0.166774;-8.83695
119.173;-154.736;0.400611;0.110962;-0.140099;-8.16599
127.998;-154.736;0.367562;0.094056;-0.113346;-7.39558
136.824;-154.736;0.317721;0.0689321;-0.0840534;-6.55878
145.649;-154.736;0.262879;0.0404659;-0.0557218;-5.68001
154.475;-154.736;0.299177;0.00522111;-0.0276371;-4.85641
163.3;-154.736;0.485259;-0.0260043;0.00336409;-4.15341
172.126;-154.736;0.865376;-0.045832;0.0382035;-3.61497
180.951;-154.736;1.47307;-0.0775806;0.0655742;-3.1946
189.777;-154.736;1.94556;-0.126288;0.0960029;-2.53593
-163.242;-163.562;0.0790152;-0.024983;-0.011153;-2.67425
-154.416;-163.562;0.0396887;-0.0346043;-0.0345369;-3.46834
-145.591;-163.562;0.0390774;-0.0499947;-0.0589764;-4.27689
-136.765;-163.562;0.0553486;-0.0703788;-0.0921025;-5.10218
-127.94;-163.562;0.0618817;-0.074305;-0.118897;-5.87737
-119.114;-163.562;0.0588393;-0.0675913;-0.13607;-6.5888
-110.289;-163.562;0.0224944;-0.0698069;-0.153912;-7.26289
-101.463;-163.562;-0.0786302;-0.0709696;-0.184605;-7.8852
-92.6379;-163.562;-0.137846;-0.075688;-0.223684;-8.50078
-83.8124;-163.562;-0.0604198;-0.0752994;-0.253843;-9.13124
-74.987;-163.562;0.0199828;-0.069389;-0.277027;-9.70048
-66.1615;-163.562;-0.0360208;-0.0637293;-0.304371;-10.1529
-57.3361;-163.562;-0.171488;-0.0615064;-0.335389;-10.5571
-48.5106;-163.562;-0.100055;-0.0662543;-0.353365;-10.9945
-39.6852;-163.562;-0.150417;-0.0560884;-0.36934;-11.2876
-30.8597;-163.562;-0.515467;-0.0322023;-0.396574;-11.2912
-22.0342;-163.562;-0.914339;-0.00742661;-0.412748;-11.1942
-13.2088;-163.562;-1.04325;0.0134394;-0.405064;-11.1856
-4.38334;-163.562;-0.776274;0.0384304;-0.384859;-11.3943
4.44212;-163.562;-0.223521;0.0690692;-0.383659;-11.7902
13.2676;-163.562;-0.025849;0.0925656;-0.374846;-11.9422
22.093;-163.562;0.0597839;0.107465;-0.35402;-11.8878
30.9185;-163.562;0.127753;0.114658;-0.329028;-11.7271
39.7439;-163.562;0.190742;0.118236;-0.306868;-11.5214
48.5694;-163.562;0.22681;0.119887;-0.289043;-11.2509
57.3948;-163.562;0.256232;0.122067;-0.281709;-10.9157
66.2203;-163.562;0.278704;0.124331;-0.269136;-10.5234
75.0458;-163.562;0.284006;0.126922;-0.246198;-10.0618
83.8712;-163.562;0.275785;0.124913;-0.214282;-9.53871
92.6967;-163.562;0.273613;0.116398;-0.182964;-8.99367
101.522;-163.562;0.31994;0.104383;-0.155804;-8.46342
110.348;-163.562;0.37263;0.0957559;-0.130141;-7.87167
119.173;-163.562;0.361049;0.0860682;-0.108294;-7.18646
127.998;-163.562;0.304855;0.071154;-0.0862723;-6.42748
136.824;-163.562;0.268893;0.050907;-0.0604109;-5.64751
145.649;-163.562;0.298098;0.028936;-0.0323014;-4.89009
154.475;-163.562;0.516715;0.00379807;-0.00140704;-4.24383
163.3;-163.562;0.916972;-0.0215958;0.0266429;-3.76584
172.126;-163.562;1.33577;-0.0466878;0.0518068;-3.28614
180.951;-163.562;1.76178;-0.0854569;0.0720146;-2.72368
189.777;-163.562;1.95386;-0.126072;0.0999566;-1.85133
-154.416;-172.387;0.0388049;-0.0283108;-0.0164362;-2.67976
-145.591;-172.387;0.0260543;-0.0485055;-0.0432395;-3.46052
-136.765;-172.387;0.0415776;-0.064605;-0.0703201;-4.25299
-127.94;-172.387;0.0330074;-0.0682127;-0.0933818;-4.98505
-119.114;-172.387;0.0175696;-0.064715;-0.111215;-5.6665
-110.289;-172.387;-0.00561309;-0.0652134;-0.13422;-6.34127
-101.463;-172.387;-0.0843776;-0.0617948;-0.16559;-6.96527
-92.6379;-172.387;-0.143441;-0.0638233;-0.197172;-7.55194
-83.8124;-172.387;-0.105427;-0.0691774;-0.222311;-8.12564
-74.987;-172.387;-0.0493649;-0.0702656;-0.246427;-8.66784
-66.1615;-172.387;-0.0909403;-0.0673404;-0.272721;-9.10987
-57.3361;-172.387;-0.219694;-0.0646348;-0.301695;-9.49609
-48.5106;-172.387;-0.171459;-0.0636393;-0.319697;-9.92694
-39.6852;-172.387;-0.0325098;-0.0538404;-0.331627;-10.3298
-30.8597;-172.387;-0.102992;-0.0359283;-0.355837;-10.5249
-22.0342;-172.387;-0.230359;-0.0180971;-0.376137;-10.6012
-13.2088;-172.387;-0.213068;0.00257614;-0.375405;-10.6905
-4.38334;-172.387;-0.0162933;0.0360864;-0.356547;-10.893
4.44212;-172.387;0.151005;0.0567282;-0.350065;-11.0328
13.2676;-172.387;0.216118;0.0708796;-0.342816;-11.0259
22.093;-172.387;0.217099;0.0831679;-0.322317;-10.8823
30.9185;-172.387;0.209244;0.0893579;-0.295119;-10.6584
39.7439;-172.387;0.228127;0.0919345;-0.268736;-10.4158
48.5694;-172.387;0.27108;0.0922835;-0.242815;-10.1416
57.3948;-172.387;0.289386;0.0956946;-0.227956;-9.80672
66.2203;-172.387;0.29263;0.101583;-0.216217;-9.42099
75.0458;-172.387;0.290331;0.105657;-0.198099;-8.98871
83.8712;-172.387;0.285531;0.102892;-0.169959;-8.50791
92.6967;-172.387;0.287534;0.0932843;-0.140954;-7.99573
101.522;-172.387;0.323684;0.0788542;-0.113266;-7.46911
110.348;-172.387;0.381566;0.0684887;-0.0868763;-6.88967
119.173;-172.387;0.392195;0.0591128;-0.0659967;-6.25102
127.998;-172.387;0.374335;0.0482325;-0.0487894;-5.57046
136.824;-172.387;0.389772;0.0347991;-0.029549;-4.88831
145.649;-172.387;0.505516;0.0169205;-0.00707667;-4.25172
154.475;-172.387;0.793738;-0.00496064;0.0178866;-3.71267
163.3;-172.387;1.10018;-0.0263446;0.0421354;-3.1793
172.126;-172.387;1.40239;-0.0575039;0.0564681;-2.59962
-145.591;-181.213;-0.00809266;-0.0436883;-0.0278392;-2.61362
-136.765;-181.213;-0.0514037;-0.0586212;-0.0485799;-3.33864
-127.94;-181.213;-0.0842678;-0.0655737;-0.0706662;-4.04578
-119.114;-181.213;-0.122212;-0.0648891;-0.0902202;-4.69375
-110.289;-181.213;-0.135257;-0.0640731;-0.114747;-5.35628
-101.463;-181.213;-0.197982;-0.0535567;-0.141059;-5.95541
-92.6379;-181.213;-0.265882;-0.0524048;-0.165159;-6.49887
-83.8124;-181.213;-0.245224;-0.0584093;-0.183437;-7.02574
-74.987;-181.213;-0.163419;-0.0633159;-0.206266;-7.57167
-66.1615;-181.213;-0.145048;-0.0639906;-0.23016;-8.03367
-57.3361;-181.213;-0.242558;-0.061689;-0.254413;-8.40675
-48.5106;-181.213;-0.233608;-0.056648;-0.270698;-8.79617
-39.6852;-181.213;-0.0604836;-0.0471827;-0.280415;-9.21117
-30.8597;-181.213;0.0214196;-0.0346748;-0.294783;-9.49229
-22.0342;-181.213;0.0527812;-0.0219209;-0.308905;-9.68057
-13.2088;-181.213;0.165789;-0.00332036;-0.309758;-9.85206
-4.38334;-181.213;0.36934;0.0241067;-0.298157;-10.0298
4.44212;-181.213;0.385145;0.039376;-0.296321;-10.0743
13.2676;-181.213;0.370838;0.0466077;-0.290024;-10.0057
22.093;-181.213;0.30413;0.0569267;-0.271676;-9.80991
30.9185;-181.213;0.226294;0.0633294;-0.247172;-9.53406
39.7439;-181.213;0.197626;0.0659321;-0.221088;-9.2574
48.5694;-181.213;0.240356;0.0654786;-0.196174;-8.98558
57.3948;-181.213;0.254808;0.0700527;-0.178312;-8.66516
66.2203;-181.213;0.256062;0.077049;-0.165157;-8.29527
75.0458;-181.213;0.266766;0.0812545;-0.148486;-7.89204
83.8712;-181.213;0.278821;0.0797651;-0.124773;-7.45371
92.6967;-181.213;0.283494;0.072959;-0.103369;-6.97479
101.522;-181.213;0.291821;0.0631127;-0.083178;-6.45187
110.348;-181.213;0.330293;0.0529454;-0.0606878;-5.88746
119.173;-181.213;0.366243;0.0423348;-0.0408293;-5.30113
127.998;-181.213;0.402605;0.0316694;-0.0252832;-4.69829
136.824;-181.213;0.472044;0.0182919;-0.00961582;-4.08833
145.649;-181.213;0.632686;0.000163735;0.00650397;-3.51481
154.475;-181.213;0.838849;-0.0203391;0.0229266;-2.93997
163.3;-181.213;1.02199;-0.0432065;0.0426332;-2.32792
-136.765;-190.038;-0.103805;-0.0493982;-0.0225894;-2.4138
-127.94;-190.038;-0.133638;-0.0576587;-0.0377028;-3.08336
-119.114;-190.038;-0.178201;-0.0606326;-0.0554633;-3.71742
-110.289;-190.038;-0.214024;-0.0600392;-0.0801194;-4.35344
-101.463;-190.038;-0.312312;-0.0470828;-0.1035;-4.90043
-92.6379;-190.038;-0.439364;-0.0458302;-0.125639;-5.37745
-83.8124;-190.038;-0.429465;-0.0498378;-0.141613;-5.88136
-74.987;-190.038;-0.299572;-0.05309;-0.159526;-6.43689
-66.1615;-190.038;-0.195734;-0.0539309;-0.17929;-6.93951
-57.3361;-190.038;-0.215419;-0.0525485;-0.19958;-7.33166
-48.5106;-190.038;-0.205376;-0.0475268;-0.21299;-7.68361
-39.6852;-190.038;-0.113741;-0.0388711;-0.220516;-8.02652
-30.8597;-190.038;-0.0345143;-0.0277165;-0.228017;-8.3025
-22.0342;-190.038;0.0503374;-0.0158143;-0.237866;-8.53162
-13.2088;-190.038;0.176067;0.00247084;-0.244427;-8.73442
-4.38334;-190.038;0.309871;0.0225157;-0.242276;-8.85562
4.44212;-190.038;0.307591;0.0284193;-0.238443;-8.84783
13.2676;-190.038;0.229242;0.0281071;-0.234574;-8.74091
22.093;-190.038;0.152682;0.0343476;-0.220868;-8.53951
30.9185;-190.038;0.0879796;0.0408822;-0.201811;-8.29177
39.7439;-190.038;0.0704734;0.0442726;-0.180332;-8.03905
48.5694;-190.038;0.11659;0.0453683;-0.158061;-7.78543
57.3948;-190.038;0.141382;0.0500898;-0.138417;-7.48046
66.2203;-190.038;0.164629;0.0545804;-0.121748;-7.13628
75.0458;-190.038;0.204904;0.0574352;-0.103505;-6.76686
83.8712;-190.038;0.240165;0.0577694;-0.0833052;-6.3669
92.6967;-190.038;0.253287;0.0553468;-0.0697068;-5.92283
101.522;-190.038;0.253803;0.0500017;-0.0583428;-5.42133
110.348;-190.038;0.275318;0.0429921;-0.0452591;-4.88502
119.173;-190.038;0.309181;0.0340135;-0.0327472;-4.33715
127.998;-190.038;0.359393;0.022625;-0.0202701;-3.77417
136.824;-190.038;0.437583;0.00926322;-0.0067641;-3.18841
145.649;-190.038;0.568834;-0.0101694;0.0108272;-2.60391
154.475;-190.038;0.689671;-0.0318665;0.0313455;-1.97756
-119.114;-198.864;-0.191407;-0.0494108;-0.0180417;-2.74985
-110.289;-198.864;-0.206851;-0.0480836;-0.0382176;-3.33924
-101.463;-198.864;-0.336376;-0.0391527;-0.064882;-3.87797
-92.6379;-198.864;-0.530313;-0.0412439;-0.0915829;-4.32957
-83.8124;-198.864;-0.529665;-0.0439666;-0.106129;-4.8412
-74.987;-198.864;-0.387191;-0.0434323;-0.11668;-5.38164
-66.1615;-198.864;-0.234938;-0.0422595;-0.129639;-5.87864
-57.3361;-198.864;-0.167748;-0.0426834;-0.146092;-6.28031
-48.5106;-198.864;-0.157837;-0.0386496;-0.15988;-6.61103
-39.6852;-198.864;-0.123925;-0.031164;-0.170106;-6.89351
-30.8597;-198.864;-0.0933697;-0.0242584;-0.182516;-7.1375
-22.0342;-198.864;-0.0311365;-0.0161601;-0.19551;-7.34902
-13.2088;-198.864;0.0687303;-0.00149032;-0.204244;-7.5243
-4.38334;-198.864;0.155685;0.0126924;-0.200993;-7.59616
4.44212;-198.864;0.141318;0.0157945;-0.192941;-7.56215
13.2676;-198.864;0.0949395;0.0123265;-0.186132;-7.45681
22.093;-198.864;0.0464379;0.0177392;-0.175074;-7.27877
30.9185;-198.864;-0.0056406;0.0243597;-0.160754;-7.05619
39.7439;-198.864;-0.0278897;0.027481;-0.14277;-6.81973
48.5694;-198.864;0.0024192;0.0291594;-0.123308;-6.58215
57.3948;-198.864;0.0397654;0.0342806;-0.10264;-6.3001
66.2203;-198.864;0.0877512;0.0365247;-0.0825193;-5.9877
75.0458;-198.864;0.148636;0.0365826;-0.0623077;-5.6467
83.8712;-198.864;0.197641;0.0360775;-0.0446296;-5.27249
92.6967;-198.864;0.223242;0.0350721;-0.0361907;-4.85609
101.522;-198.864;0.2423;0.0329587;-0.0318057;-4.39737
110.348;-198.864;0.271712;0.0296816;-0.025636;-3.90104
119.173;-198.864;0.296587;0.0235275;-0.0192474;-3.36679
127.998;-198.864;0.320497;0.0130828;-0.013362;-2.80971
136.824;-198.864;0.36691;-0.00102707;-0.00292847;-2.23686
145.649;-198.864;0.459212;-0.0207879;0.0199066;-1.63872
-119.114;-207.689;-0.270276;-0.037178;0.00882976;-1.77667
-110.289;-207.689;-0.239609;-0.0338682;-0.00997896;-2.34853
-101.463;-207.689;-0.329051;-0.0305772;-0.0386801;-2.87964
-92.6379;-207.689;-0.481461;-0.0372976;-0.0657391;-3.35404
-83.8124;-207.689;-0.458641;-0.0403065;-0.0740539;-3.8515
-74.987;-207.689;-0.369574;-0.0382804;-0.079953;-4.34998
-66.1615;-207.689;-0.272917;-0.0370588;-0.0944204;-4.79775
-57.3361;-207.689;-0.212231;-0.0378845;-0.109651;-5.17158
-48.5106;-207.689;-0.190162;-0.0371078;-0.123925;-5.48636
-39.6852;-207.689;-0.18102;-0.0315686;-0.136348;-5.73996
-30.8597;-207.689;-0.15931;-0.0265115;-0.15017;-5.95366
-22.0342;-207.689;-0.115259;-0.0220643;-0.165506;-6.13736
-13.2088;-207.689;-0.0509133;-0.0135024;-0.178318;-6.28714
-4.38334;-207.689;0.00354622;-0.00396363;-0.179349;-6.35152
4.44212;-207.689;0.00477394;-0.000115721;-0.169475;-6.31743
13.2676;-207.689;-0.00385704;-0.00227128;-0.157809;-6.2257
22.093;-207.689;-0.0242656;0.0045967;-0.142753;-6.06459
30.9185;-207.689;-0.0591217;0.009645;-0.124967;-5.8572
39.7439;-207.689;-0.0774599;0.011387;-0.104487;-5.64244
48.5694;-207.689;-0.0515214;0.0125605;-0.0834042;-5.4253
57.3948;-207.689;0.00848603;0.0172783;-0.0603692;-5.16966
66.2203;-207.689;0.0832326;0.0179534;-0.0384221;-4.88877
75.0458;-207.689;0.150646;0.0155704;-0.0181182;-4.57083
83.8712;-207.689;0.20666;0.0136691;-0.00336467;-4.22377
92.6967;-207.689;0.258251;0.0134818;0.00206553;-3.84289
101.522;-207.689;0.298289;0.013499;0.00228563;-3.43383
110.348;-207.689;0.331689;0.012477;0.00159212;-2.95464
119.173;-207.689;0.342435;0.00604513;0.00304528;-2.42743
127.998;-207.689;0.342419;-0.00352513;0.00494929;-1.87287
136.824;-207.689;0.345072;-0.0153679;0.0130563;-1.30151
-83.8124;-216.515;-0.425025;-0.0387885;-0.0471811;-2.84959
-74.987;-216.515;-0.342981;-0.0384153;-0.053011;-3.29381
-66.1615;-216.515;-0.297231;-0.0370441;-0.0678133;-3.70597
-57.3361;-216.515;-0.273867;-0.0372052;-0.0809736;-4.04522
-48.5106;-216.515;-0.270014;-0.0360506;-0.0936153;-4.33669
-39.6852;-216.515;-0.248733;-0.0332165;-0.107527;-4.57867
-30.8597;-216.515;-0.207467;-0.0299853;-0.124006;-4.77939
-22.0342;-216.515;-0.160369;-0.0277651;-0.140527;-4.94511
-13.2088;-216.515;-0.115424;-0.0239821;-0.154268;-5.06741
-4.38334;-216.515;-0.0866525;-0.0184744;-0.160258;-5.12634
4.44212;-216.515;-0.0859569;-0.0142137;-0.154225;-5.11234
13.2676;-216.515;-0.084967;-0.0146724;-0.140197;-5.04146
22.093;-216.515;-0.101814;-0.00875608;-0.116644;-4.88123
30.9185;-216.515;-0.121603;-0.00756371;-0.0905746;-4.68208
39.7439;-216.515;-0.108677;-0.00909949;-0.0650412;-4.49737
48.5694;-216.515;-0.0414697;-0.0086849;-0.0388106;-4.32461
57.3948;-216.515;0.0683996;-0.00296583;-0.00995346;-4.12158
66.2203;-216.515;0.166545;-0.00190423;0.0131846;-3.88547
75.0458;-216.515;0.239702;-0.00414076;0.0303351;-3.58834
83.8712;-216.515;0.320798;-0.00509167;0.0428358;-3.29428
92.6967;-216.515;0.405518;-0.00422187;0.0428777;-2.95014
101.522;-216.515;0.466776;-0.00798958;0.0355016;-2.54941
110.348;-216.515;0.457416;-0.0107542;0.0266946;-2.05294
-83.8124;-225.34;-0.409622;-0.0355697;-0.0159677;-1.80072
-74.987;-225.34;-0.322957;-0.0390626;-0.0266726;-2.23808
-66.1615;-225.34;-0.290027;-0.0395812;-0.0416398;-2.62096
-57.3361;-225.34;-0.289719;-0.0383022;-0.0516566;-2.93243
-48.5106;-225.34;-0.302424;-0.0355869;-0.0595794;-3.19993
-39.6852;-225.34;-0.267676;-0.0342828;-0.0736731;-3.44148
-30.8597;-225.34;-0.210982;-0.0335923;-0.0931959;-3.65307
-22.0342;-225.34;-0.170459;-0.0306408;-0.111893;-3.80834
-13.2088;-225.34;-0.146156;-0.0262284;-0.123834;-3.90983
-4.38334;-225.34;-0.140338;-0.0220159;-0.129059;-3.95764
4.44212;-225.34;-0.157586;-0.0201766;-0.127303;-3.94666
13.2676;-225.34;-0.18259;-0.0227491;-0.115688;-3.87189
22.093;-225.34;-0.20455;-0.0230205;-0.085075;-3.71023
30.9185;-225.34;-0.193569;-0.025143;-0.0531422;-3.5495
39.7439;-225.34;-0.0969596;-0.026846;-0.0230721;-3.42709
48.5694;-225.34;0.0284013;-0.0245788;0.00762467;-3.31516
57.3948;-225.34;0.197788;-0.0186081;0.0394814;-3.16831
66.2203;-225.34;0.277118;-0.0145829;0.0599299;-2.97886
75.0458;-225.34;0.335775;-0.0148926;0.0702666;-2.68996
83.8712;-225.34;0.402585;-0.0160615;0.0662115;-2.35515
92.6967;-225.34;0.42696;-0.0143857;0.0608979;-1.97664
-39.6852;-234.166;-0.239044;-0.0338834;-0.0357194;-2.34545
-30.8597;-234.166;-0.18196;-0.035433;-0.0578506;-2.56358
-22.0342;-234.166;-0.162428;-0.0316166;-0.0769492;-2.70709
-13.2088;-234.166;-0.163149;-0.0259414;-0.0856527;-2.77959
-4.38334;-234.166;-0.180063;-0.0213265;-0.0881361;-2.80471
4.44212;-234.166;-0.217999;-0.0219106;-0.086028;-2.77774
13.2676;-234.166;-0.287226;-0.028227;-0.0756314;-2.67876
22.093;-234.166;-0.260081;-0.0339071;-0.044814;-2.57573
30.9185;-234.166;-0.127673;-0.0361744;-0.0130962;-2.54426
39.7439;-234.166;0.112247;-0.0353596;0.0172339;-2.51195
48.5694;-234.166;0.272323;-0.0320703;0.0416826;-2.39592
57.3948;-234.166;0.257318;-0.0253575;0.0586923;-2.1486
66.2203;-234.166;0.114577;-0.0209948;0.0575569;-1.83739
75.0458;-234.166;-0.0343728;-0.0226913;0.050451;-1.45592
-4.38334;-242.991;-0.169057;-0.0206851;-0.0417984;-1.72024
4.44212;-242.991;-0.202343;-0.020274;-0.0413078;-1.70382
13.2676;-242.991;-0.250817;-0.0263573;-0.0322944;-1.63525
22.093;-242.991;-0.0625753;-0.0334757;-0.00718395;-1.66358
30.9185;-242.991;0.271728;-0.0354668;0.0235967;-1.75208
