x[mm];y[mm];z[mm];x-displacement[mm];y-displacement[mm];z-displacement[mm]
-4.38334;224.758;0.115697;-0.0211009;0.06776;-2.20163
4.44212;224.758;0.0164864;-0.0155374;0.069396;-2.20707
13.2676;224.758;-0.0263853;-0.00586973;0.0649813;-2.1773
22.093;224.758;-0.0573264;-0.0019201;0.0546384;-2.09983
-39.6852;215.933;-0.0236217;-0.0236335;0.0866959;-2.52459
-30.8597;215.933;-0.110706;-0.0217784;0.0942369;-2.67417
-22.0342;215.933;-0.217603;-0.0186169;0.0896947;-2.74995
-13.2088;215.933;-0.282745;-0.00908873;0.0863307;-2.87167
-4.38334;215.933;-0.258786;-0.0105591;0.0921885;-3.00754
4.44212;215.933;-0.243161;-0.00821883;0.0999806;-3.09405
13.2676;215.933;-0.236875;-0.000692927;0.102098;-3.0999
22.093;215.933;-0.216982;0.00309723;0.0964839;-3.056
30.9185;215.933;-0.190114;0.00462799;0.0905319;-2.98637
39.7439;215.933;-0.184509;0.00626151;0.0810224;-2.87091
48.5694;215.933;-0.226374;0.00813928;0.0685817;-2.69949
57.3948;215.933;-0.282106;0.0090608;0.0561801;-2.47113
66.2203;215.933;-0.344594;0.0065863;0.0536605;-2.20827
75.0458;215.933;-0.390934;0.00306058;0.0508338;-1.91906
-74.987;207.107;0.310109;-0.0489076;0.0650452;-2.43441
-66.1615;207.107;0.220077;-0.0401157;0.0765372;-2.75631
-57.3361;207.107;0.0527837;-0.0326338;0.0901842;-3.02028
-48.5106;207.107;-0.00835472;-0.0316424;0.103687;-3.31297
-39.6852;207.107;-0.0847791;-0.0286442;0.113826;-3.53059
-30.8597;207.107;-0.343077;-0.0235165;0.126961;-3.5799
-22.0342;207.107;-0.616261;-0.0171864;0.12636;-3.53712
-13.2088;207.107;-0.691359;-0.00668527;0.118248;-3.62304
-4.38334;207.107;-0.578334;-0.00215617;0.113031;-3.79465
4.44212;207.107;-0.485139;0.00212725;0.122331;-3.94964
13.2676;207.107;-0.40193;0.00830731;0.12885;-4.02598
22.093;207.107;-0.315914;0.0114473;0.126947;-4.04191
30.9185;207.107;-0.244018;0.0138989;0.119081;-4.00281
39.7439;207.107;-0.213265;0.0181283;0.104932;-3.89733
48.5694;207.107;-0.231486;0.0216644;0.0880535;-3.72786
57.3948;207.107;-0.284992;0.0233283;0.0772322;-3.49114
66.2203;207.107;-0.341313;0.0229341;0.0763492;-3.22315
75.0458;207.107;-0.380589;0.0202476;0.0751393;-2.92349
83.8712;207.107;-0.390712;0.0155372;0.065849;-2.58963
92.6967;207.107;-0.374898;0.011494;0.0460613;-2.21071
-110.289;198.282;0.583516;-0.0330151;0.0267188;-1.6352
-101.463;198.282;0.489507;-0.045417;0.0482367;-2.12766
-92.6379;198.282;0.390211;-0.0594945;0.0666022;-2.61275
-83.8124;198.282;0.339983;-0.0652949;0.0764438;-3.06606
-74.987;198.282;0.263229;-0.0580016;0.0842362;-3.48153
-66.1615;198.282;0.117529;-0.0427575;0.0926777;-3.79628
-57.3361;198.282;-0.0883866;-0.0304421;0.109267;-4.04519
-48.5106;198.282;-0.117861;-0.0302161;0.120243;-4.32157
-39.6852;198.282;-0.151734;-0.0274549;0.126349;-4.55487
-30.8597;198.282;-0.371237;-0.0219071;0.139042;-4.62563
-22.0342;198.282;-0.571981;-0.0169062;0.140152;-4.61975
-13.2088;198.282;-0.599976;-0.0077463;0.1318;-4.71285
-4.38334;198.282;-0.463282;-0.00137298;0.122993;-4.88018
4.44212;198.282;-0.364679;0.00384973;0.131254;-5.03618
13.2676;198.282;-0.290782;0.0106616;0.141236;-5.12565
22.093;198.282;-0.237665;0.016976;0.142253;-5.13757
30.9185;198.282;-0.20546;0.0226419;0.13424;-5.07535
39.7439;198.282;-0.194017;0.0278349;0.119719;-4.95201
48.5694;198.282;-0.199538;0.0310048;0.10508;-4.78135
57.3948;198.282;-0.240019;0.0331488;0.0963202;-4.54728
66.2203;198.282;-0.284398;0.0353404;0.0955542;-4.27592
75.0458;198.282;-0.313877;0.0353056;0.0914283;-3.96289
83.8712;198.282;-0.315215;0.0320453;0.0810267;-3.60741
92.6967;198.282;-0.30735;0.0264942;0.0649367;-3.21529
101.522;198.282;-0.292857;0.0193766;0.0515279;-2.79644
110.348;198.282;-0.266497;0.010073;0.036359;-2.3528
-101.463;189.456;0.583998;-0.0691224;0.064101;-3.14966
-92.6379;189.456;0.499634;-0.0797858;0.0779394;-3.6515
-83.8124;189.456;0.376132;-0.0818602;0.0922205;-4.09425
-74.987;189.456;0.209713;-0.0690976;0.102745;-4.46927
-66.1615;189.456;0.0105991;-0.0460458;0.11371;-4.79802
-57.3361;189.456;-0.165576;-0.029574;0.118761;-5.02034
-48.5106;189.456;-0.22232;-0.0273202;0.126122;-5.27418
-39.6852;189.456;-0.204346;-0.0245595;0.128361;-5.5682
-30.8597;189.456;-0.258025;-0.019162;0.137034;-5.78359
-22.0342;189.456;-0.310302;-0.0118379;0.139571;-5.91722
-13.2088;189.456;-0.287012;-0.0022732;0.134604;-6.0493
-4.38334;189.456;-0.184105;0.0046609;0.128625;-6.19012
4.44212;189.456;-0.130452;0.00935224;0.135694;-6.29619
13.2676;189.456;-0.107682;0.0143896;0.145503;-6.32642
22.093;189.456;-0.107904;0.0215147;0.148672;-6.28457
30.9185;189.456;-0.11755;0.0290986;0.142643;-6.18339
39.7439;189.456;-0.125036;0.0348795;0.130495;-6.0384
48.5694;189.456;-0.12687;0.0371626;0.119767;-5.85886
57.3948;189.456;-0.15668;0.0394799;0.113462;-5.62057
66.2203;189.456;-0.192424;0.0430021;0.109793;-5.33816
75.0458;189.456;-0.217161;0.0451381;0.102329;-5.00989
83.8712;189.456;-0.224744;0.0441039;0.0901082;-4.63876
92.6967;189.456;-0.224059;0.0393642;0.0761911;-4.23135
101.522;189.456;-0.222112;0.0321833;0.0639078;-3.79145
110.348;189.456;-0.204009;0.0241173;0.0506854;-3.3131
119.173;189.456;-0.165647;0.0139415;0.0341101;-2.82224
127.998;189.456;-0.110056;0.00199659;0.0171537;-2.3065
136.824;189.456;-0.089791;-0.0140276;-0.00350452;-1.7267
-127.94;180.631;0.74136;-0.0585601;0.0199531;-2.35031
-119.114;180.631;0.686113;-0.0713103;0.0407507;-2.94087
-110.289;180.631;0.664279;-0.0843594;0.0601461;-3.52982
-101.463;180.631;0.664402;-0.096566;0.0728325;-4.07893
-92.6379;180.631;0.523733;-0.103631;0.0943103;-4.55721
-83.8124;180.631;0.277093;-0.102375;0.119668;-4.92699
-74.987;180.631;0.0972331;-0.0852895;0.134665;-5.33524
-66.1615;180.631;0.0192403;-0.0558591;0.132727;-5.79237
-57.3361;180.631;-0.0384827;-0.0340204;0.120954;-6.09676
-48.5106;180.631;-0.169323;-0.027082;0.127648;-6.342
-39.6852;180.631;-0.144168;-0.0267813;0.130222;-6.62463
-30.8597;180.631;-0.0963;-0.0234269;0.135817;-6.90295
-22.0342;180.631;-0.0527723;-0.0163479;0.138345;-7.10903
-13.2088;180.631;-0.0100783;-0.00703835;0.137059;-7.26153
-4.38334;180.631;0.0303358;0.00045552;0.135805;-7.37302
4.44212;180.631;0.0252143;0.00544246;0.141668;-7.43207
13.2676;180.631;0.00450403;0.0115437;0.150583;-7.4296
22.093;180.631;-0.018546;0.0201998;0.154994;-7.36868
30.9185;180.631;-0.0338622;0.0299434;0.151874;-7.26135
39.7439;180.631;-0.0388275;0.0378442;0.143026;-7.11457
48.5694;180.631;-0.0408076;0.0410534;0.134581;-6.92687
57.3948;180.631;-0.0684124;0.0437484;0.129016;-6.68038
66.2203;180.631;-0.0989539;0.0474839;0.122427;-6.38693
75.0458;180.631;-0.11699;0.0507832;0.113423;-6.04919
83.8712;180.631;-0.123474;0.0520682;0.102973;-5.66702
92.6967;180.631;-0.135698;0.050334;0.0927146;-5.2392
101.522;180.631;-0.159817;0.0452918;0.0824325;-4.76701
110.348;180.631;-0.164297;0.0356583;0.0670778;-4.25693
119.173;180.631;-0.142405;0.024332;0.0488996;-3.72665
127.998;180.631;-0.0925073;0.0143991;0.031642;-3.18901
136.824;180.631;-0.0336097;0.00272161;0.0164572;-2.64602
145.649;180.631;-0.0379364;-0.0104153;-0.00626977;-2.01228
154.475;180.631;-0.0880527;-0.0316762;-0.0351435;-1.27512
-136.765;171.805;0.823981;-0.0711902;0.0220077;-2.59508
-127.94;171.805;0.752558;-0.0810524;0.0404626;-3.21559
-119.114;171.805;0.659385;-0.093614;0.0629509;-3.82741
-110.289;171.805;0.605675;-0.107451;0.0817392;-4.4269
-101.463;171.805;0.586648;-0.118512;0.0932751;-4.97683
-92.6379;171.805;0.353907;-0.123562;0.122252;-5.41058
-83.8124;171.805;0.0423124;-0.121775;0.159595;-5.78162
-74.987;171.805;0.0235992;-0.104446;0.168998;-6.26513
-66.1615;171.805;0.190632;-0.0735056;0.146451;-6.83697
-57.3361;171.805;0.257199;-0.0483687;0.122385;-7.23832
-48.5106;171.805;0.104918;-0.038597;0.129409;-7.49322
-39.6852;171.805;0.0433318;-0.0339649;0.142805;-7.74185
-30.8597;171.805;0.0524267;-0.0282304;0.154634;-8.00079
-22.0342;171.805;0.0785416;-0.020149;0.159243;-8.19965
-13.2088;171.805;0.0910024;-0.0101185;0.159436;-8.33487
-4.38334;171.805;0.078394;-0.000373033;0.159751;-8.4161
4.44212;171.805;0.0379231;0.00729827;0.162686;-8.44999
13.2676;171.805;0.0116114;0.0133538;0.169478;-8.44602
22.093;171.805;0.000758321;0.0221291;0.17471;-8.3983
30.9185;171.805;0.00878433;0.0327795;0.173327;-8.3069
39.7439;171.805;0.025114;0.0424887;0.165335;-8.16855
48.5694;171.805;0.0270535;0.0480437;0.156111;-7.97458
57.3948;171.805;0.00249064;0.0522151;0.148853;-7.72099
66.2203;171.805;-0.0158436;0.056606;0.140188;-7.42383
75.0458;171.805;-0.019499;0.0605679;0.13009;-7.08307
83.8712;171.805;-0.0225791;0.0631905;0.121036;-6.69063
92.6967;171.805;-0.0516835;0.0637164;0.115136;-6.23819
101.522;171.805;-0.107861;0.0614044;0.10736;-5.73429
110.348;171.805;-0.127719;0.0530276;0.0886021;-5.1988
119.173;171.805;-0.118421;0.0424955;0.0666395;-4.64057
127.998;171.805;-0.0956692;0.0320878;0.0480066;-4.06366
136.824;171.805;-0.0720438;0.0223251;0.0337148;-3.47571
145.649;171.805;-0.000470801;0.00618093;0.0152624;-2.88182
154.475;171.805;-0.0605814;-0.00911433;-0.00631612;-2.17129
163.3;171.805;-0.197614;-0.0312003;-0.0239045;-1.41007
-145.591;162.98;0.837597;-0.0790067;0.0252588;-2.73923
-136.765;162.98;0.816915;-0.0912476;0.042143;-3.41785
-127.94;162.98;0.763065;-0.0996363;0.061216;-4.07971
-119.114;162.98;0.671533;-0.109527;0.0811681;-4.69434
-110.289;162.98;0.60992;-0.119968;0.0960818;-5.2924
-101.463;162.98;0.578392;-0.128044;0.104018;-5.83939
-92.6379;162.98;0.369591;-0.132398;0.129887;-6.3149
-83.8124;162.98;0.145807;-0.130726;0.160601;-6.74939
-74.987;162.98;0.285139;-0.112773;0.161403;-7.30216
-66.1615;162.98;0.504146;-0.0818234;0.133472;-7.88159
-57.3361;162.98;0.49011;-0.0547739;0.115616;-8.31292
-48.5106;162.98;0.316794;-0.0446539;0.130609;-8.57579
-39.6852;162.98;0.244764;-0.037924;0.152303;-8.81869
-30.8597;162.98;0.227106;-0.030583;0.171808;-9.05706
-22.0342;162.98;0.207122;-0.0217196;0.18251;-9.24202
-13.2088;162.98;0.171305;-0.0106442;0.186432;-9.36376
-4.38334;162.98;0.1276;0.00164361;0.188395;-9.43178
4.44212;162.98;0.0853959;0.0121149;0.190334;-9.46427
13.2676;162.98;0.0692868;0.0198046;0.194662;-9.46965
22.093;162.98;0.0652888;0.0297322;0.198382;-9.43063
30.9185;162.98;0.0765865;0.0408971;0.197674;-9.34466
39.7439;162.98;0.0964684;0.0507444;0.191541;-9.20946
48.5694;162.98;0.107276;0.0567373;0.184083;-9.01608
57.3948;162.98;0.0852653;0.0620193;0.175203;-8.75129
66.2203;162.98;0.0618384;0.0675828;0.163174;-8.43594
75.0458;162.98;0.0532975;0.0724976;0.15042;-8.07908
83.8712;162.98;0.0460011;0.0760861;0.140697;-7.67337
92.6967;162.98;0.0134802;0.0774508;0.136166;-7.20636
101.522;162.98;-0.0480878;0.0768174;0.130613;-6.6899
110.348;162.98;-0.0498414;0.0706178;0.109806;-6.15945
119.173;162.98;-0.0175978;0.0611749;0.0835396;-5.6007
127.998;162.98;0.0241493;0.0501569;0.0610349;-5.01263
136.824;162.98;0.0615579;0.0373466;0.0441745;-4.40431
145.649;162.98;0.0962492;0.021568;0.0248748;-3.77656
154.475;162.98;0.0230146;0.00766653;0.00607383;-3.04153
163.3;162.98;-0.0723203;-0.00804172;-0.000882538;-2.27831
-163.242;154.154;0.886553;-0.0574419;0.00740578;-2.01035
-154.416;154.154;0.826943;-0.0771288;0.0260874;-2.7732
-145.591;154.154;0.800904;-0.094101;0.0432907;-3.5159
-136.765;154.154;0.802877;-0.105739;0.0581313;-4.23604
-127.94;154.154;0.768334;-0.114908;0.0763927;-4.92333
-119.114;154.154;0.703513;-0.122791;0.0935737;-5.56243
-110.289;154.154;0.667398;-0.129686;0.104348;-6.16901
-101.463;154.154;0.671508;-0.133043;0.107308;-6.74634
-92.6379;154.154;0.564537;-0.133505;0.12087;-7.29186
-83.8124;154.154;0.484761;-0.128989;0.136229;-7.80119
-74.987;154.154;0.566829;-0.108145;0.135978;-8.38212
-66.1615;154.154;0.636294;-0.0792894;0.120081;-8.89121
-57.3361;154.154;0.552936;-0.0567462;0.115666;-9.27728
-48.5106;154.154;0.39265;-0.049651;0.136073;-9.54876
-39.6852;154.154;0.352508;-0.0428084;0.161199;-9.81715
-30.8597;154.154;0.341842;-0.0345529;0.183774;-10.0613
-22.0342;154.154;0.324446;-0.025483;0.197704;-10.2554
-13.2088;154.154;0.286319;-0.0142844;0.205055;-10.3873
-4.38334;154.154;0.23356;-0.000827914;0.211199;-10.4634
4.44212;154.154;0.186996;0.0122291;0.216019;-10.5008
13.2676;154.154;0.170387;0.0225244;0.219817;-10.5058
22.093;154.154;0.146456;0.0357233;0.221452;-10.4534
30.9185;154.154;0.129622;0.049329;0.220141;-10.3497
39.7439;154.154;0.126977;0.0605893;0.214843;-10.2014
48.5694;154.154;0.12816;0.0674392;0.209538;-9.99824
57.3948;154.154;0.0921526;0.0736276;0.202265;-9.71375
66.2203;154.154;0.0547012;0.0798069;0.189979;-9.37928
75.0458;154.154;0.049547;0.0846531;0.174751;-9.0155
83.8712;154.154;0.0617202;0.0880279;0.160833;-8.61254
92.6967;154.154;0.0582865;0.0886233;0.151755;-8.14726
101.522;154.154;0.0266926;0.0873455;0.145387;-7.62817
110.348;154.154;0.0431097;0.0819711;0.127563;-7.09937
119.173;154.154;0.0870945;0.0738143;0.103188;-6.54127
127.998;154.154;0.129544;0.0625956;0.0789127;-5.94105
136.824;154.154;0.143435;0.0484956;0.0581393;-5.29872
145.649;154.154;0.142593;0.0331852;0.0361059;-4.62633
154.475;154.154;0.0801879;0.0185754;0.0167158;-3.88625
163.3;154.154;0.000977632;0.00533984;0.00865522;-3.09833
172.126;154.154;-0.0531517;-0.00487112;0.00899631;-2.33355
180.951;154.154;-0.0311223;-0.0141396;0.00930012;-1.53833
-172.067;145.329;0.807606;-0.0495203;0.00297875;-1.9063
-163.242;145.329;0.847531;-0.0680556;0.0181167;-2.71543
-154.416;145.329;0.806696;-0.0857364;0.0367295;-3.50144
-145.591;145.329;0.782828;-0.101728;0.0526706;-4.27055
-136.765;145.329;0.780434;-0.117099;0.0699213;-5.02131
-127.94;145.329;0.754241;-0.128427;0.0870299;-5.73806
-119.114;145.329;0.712524;-0.136523;0.101864;-6.40386
-110.289;145.329;0.691507;-0.142081;0.111182;-7.03687
-101.463;145.329;0.704234;-0.141651;0.113506;-7.64929
-92.6379;145.329;0.680252;-0.135104;0.117542;-8.24044
-83.8124;145.329;0.669418;-0.126779;0.125272;-8.80178
-74.987;145.329;0.679457;-0.108397;0.122999;-9.32742
-66.1615;145.329;0.646387;-0.0851948;0.117248;-9.78202
-57.3361;145.329;0.543389;-0.0674555;0.122075;-10.1527
-48.5106;145.329;0.422617;-0.0612864;0.142978;-10.4462
-39.6852;145.329;0.396665;-0.0525959;0.167937;-10.7473
-30.8597;145.329;0.386366;-0.0423164;0.189772;-11.0072
-22.0342;145.329;0.368195;-0.031626;0.204837;-11.2175
-13.2088;145.329;0.326093;-0.0185728;0.215574;-11.3664
-4.38334;145.329;0.264675;-0.00294015;0.227488;-11.453
4.44212;145.329;0.208638;0.0125331;0.237051;-11.4883
13.2676;145.329;0.185411;0.0252289;0.24236;-11.4821
22.093;145.329;0.155235;0.0399617;0.242632;-11.4182
30.9185;145.329;0.128264;0.0548285;0.239496;-11.3038
39.7439;145.329;0.111464;0.0680566;0.232997;-11.145
48.5694;145.329;0.100066;0.0771244;0.227958;-10.9271
57.3948;145.329;0.0684286;0.0837452;0.223529;-10.6358
66.2203;145.329;0.0461578;0.0899231;0.214498;-10.3031
75.0458;145.329;0.06268;0.0951057;0.199413;-9.94913
83.8712;145.329;0.100952;0.0990515;0.181004;-9.55719
92.6967;145.329;0.131164;0.0989766;0.164414;-9.09715
101.522;145.329;0.137413;0.0964547;0.154353;-8.58247
110.348;145.329;0.153527;0.0920454;0.141166;-8.04539
119.173;145.329;0.174566;0.0864817;0.122046;-7.46688
127.998;145.329;0.187155;0.0768878;0.098618;-6.83582
136.824;145.329;0.179387;0.0620918;0.0747367;-6.15649
145.649;145.329;0.162699;0.0467456;0.0500152;-5.44743
154.475;145.329;0.118982;0.0320146;0.0273526;-4.69269
163.3;145.329;0.0580524;0.017041;0.015555;-3.90705
172.126;145.329;0.00154549;0.00263515;0.0090314;-3.09286
180.951;145.329;0.00270379;-0.00866555;0.00652773;-2.29669
189.777;145.329;-0.0437607;-0.0251103;-0.000875219;-1.43297
-172.067;136.504;0.805649;-0.0543711;0.0121097;-2.5684
-163.242;136.504;0.813697;-0.0736529;0.0251489;-3.40994
-154.416;136.504;0.794596;-0.0922764;0.0429553;-4.21589
-145.591;136.504;0.77576;-0.109801;0.0612329;-5.00394
-136.765;136.504;0.75271;-0.127262;0.0788632;-5.77264
-127.94;136.504;0.723323;-0.13911;0.093129;-6.50266
-119.114;136.504;0.691541;-0.147303;0.1043;-7.18712
-110.289;136.504;0.668655;-0.153075;0.113155;-7.84292
-101.463;136.504;0.664742;-0.151751;0.11806;-8.47214
-92.6379;136.504;0.665932;-0.140612;0.119597;-9.06489
-83.8124;136.504;0.651805;-0.130632;0.126541;-9.62453
-74.987;136.504;0.639557;-0.117002;0.127895;-10.1465
-66.1615;136.504;0.594988;-0.100421;0.12958;-10.6073
-57.3361;136.504;0.513426;-0.0852412;0.139309;-11.0027
-48.5106;136.504;0.432535;-0.0749777;0.158865;-11.3396
-39.6852;136.504;0.396839;-0.0636944;0.181072;-11.6539
-30.8597;136.504;0.368579;-0.0511236;0.200837;-11.9192
-22.0342;136.504;0.331408;-0.0380992;0.216692;-12.1307
-13.2088;136.504;0.273207;-0.0228942;0.230082;-12.2793
-4.38334;136.504;0.201181;-0.00547793;0.244974;-12.3635
4.44212;136.504;0.140583;0.0120335;0.257594;-12.394
13.2676;136.504;0.122599;0.0278389;0.264023;-12.3936
22.093;136.504;0.114553;0.0440923;0.263232;-12.3473
30.9185;136.504;0.107246;0.0597276;0.257362;-12.2453
39.7439;136.504;0.0950112;0.0747439;0.247109;-12.0845
48.5694;136.504;0.0769003;0.0874142;0.238778;-11.8567
57.3948;136.504;0.0582407;0.0967763;0.235186;-11.5717
66.2203;136.504;0.0627894;0.104067;0.230416;-11.2527
75.0458;136.504;0.0885316;0.110882;0.218202;-10.9003
83.8712;136.504;0.120064;0.116478;0.198709;-10.4913
92.6967;136.504;0.148358;0.116853;0.177118;-10.0083
101.522;136.504;0.182392;0.113771;0.162893;-9.49552
110.348;136.504;0.193415;0.110417;0.151651;-8.94739
119.173;136.504;0.185475;0.106568;0.135916;-8.33798
127.998;136.504;0.174166;0.0975056;0.113709;-7.67389
136.824;136.504;0.170106;0.0819331;0.088752;-6.97458
145.649;136.504;0.157588;0.0658935;0.0633553;-6.24403
154.475;136.504;0.130062;0.0501485;0.0390143;-5.47306
163.3;136.504;0.0786284;0.0345628;0.023401;-4.66863
172.126;136.504;0.020828;0.0166725;0.0109227;-3.83802
180.951;136.504;-0.00265896;-0.00310544;-0.00137694;-3.0013
189.777;136.504;-0.0116348;-0.0195301;-0.0058318;-2.13296
-180.892;127.678;0.828924;-0.0342727;0.00799068;-2.33805
-172.067;127.678;0.801448;-0.0524075;0.0166518;-3.19441
-163.242;127.678;0.772076;-0.0786699;0.03602;-4.07016
-154.416;127.678;0.763932;-0.101904;0.0546597;-4.90902
-145.591;127.678;0.747952;-0.122416;0.0737404;-5.7245
-136.765;127.678;0.716373;-0.138723;0.0907748;-6.50875
-127.94;127.678;0.686062;-0.147524;0.101114;-7.2489
-119.114;127.678;0.656039;-0.153511;0.107864;-7.95226
-110.289;127.678;0.630273;-0.15868;0.115815;-8.63347
-101.463;127.678;0.619002;-0.158063;0.124031;-9.28358
-92.6379;127.678;0.603199;-0.147132;0.129865;-9.8864
-83.8124;127.678;0.570625;-0.13667;0.137431;-10.4422
-74.987;127.678;0.547975;-0.127453;0.143004;-10.9692
-66.1615;127.678;0.515915;-0.116501;0.151574;-11.4486
-57.3361;127.678;0.464648;-0.102537;0.166431;-11.8673
-48.5106;127.678;0.406221;-0.0874569;0.185664;-12.2254
-39.6852;127.678;0.364236;-0.0738549;0.205096;-12.5576
-30.8597;127.678;0.317258;-0.0580522;0.22448;-12.8396
-22.0342;127.678;0.264204;-0.0407747;0.240789;-13.0603
-13.2088;127.678;0.195112;-0.0225839;0.253931;-13.2109
-4.38334;127.678;0.121168;-0.00365207;0.268204;-13.2949
4.44212;127.678;0.071985;0.015824;0.280129;-13.3304
13.2676;127.678;0.0781889;0.0331449;0.285184;-13.3408
22.093;127.678;0.0984438;0.0506534;0.282453;-13.3108
30.9185;127.678;0.115528;0.0673025;0.273282;-13.2223
39.7439;127.678;0.113851;0.0829552;0.258584;-13.0548
48.5694;127.678;0.0891779;0.0986157;0.246554;-12.8118
57.3948;127.678;0.0547438;0.112545;0.240745;-12.5086
66.2203;127.678;0.0508032;0.121329;0.237599;-12.1732
75.0458;127.678;0.0435258;0.129159;0.227829;-11.7796
83.8712;127.678;0.00996811;0.135708;0.210913;-11.2938
92.6967;127.678;-0.0258809;0.139131;0.191625;-10.7433
101.522;127.678;0.0105902;0.13777;0.176603;-10.2204
110.348;127.678;0.038922;0.134962;0.163779;-9.67409
119.173;127.678;0.0469589;0.130656;0.146011;-9.06142
127.998;127.678;0.0627845;0.119997;0.122058;-8.40146
136.824;127.678;0.096991;0.10404;0.0968362;-7.71884
145.649;127.678;0.101026;0.0883563;0.0737874;-6.98678
154.475;127.678;0.0734808;0.0727083;0.0505113;-6.19618
163.3;127.678;0.0277104;0.0567134;0.0333086;-5.37301
172.126;127.678;-0.0133822;0.0380082;0.0164727;-4.52936
180.951;127.678;-0.0266013;0.0173739;0.000982124;-3.67821
189.777;127.678;-0.0626959;-9.9764e-05;-0.00192675;-2.80714
198.602;127.678;-0.103846;-0.0201947;-0.00531734;-1.87972
207.428;127.678;0.108123;-0.0446554;-0.0234548;-0.925835
-189.718;118.853;0.792015;-0.0254373;0.0087874;-2.04492
-180.892;118.853;0.770748;-0.0381479;0.0148908;-2.92069
-172.067;118.853;0.756336;-0.0608555;0.0322671;-3.82609
-163.242;118.853;0.721902;-0.0879325;0.052453;-4.70974
-154.416;118.853;0.712321;-0.114091;0.0713148;-5.57994
-145.591;118.853;0.704309;-0.13466;0.0885955;-6.42144
-136.765;118.853;0.676575;-0.149792;0.104511;-7.2283
-127.94;118.853;0.650239;-0.156434;0.111978;-7.98628
-119.114;118.853;0.623314;-0.159959;0.115545;-8.71126
-110.289;118.853;0.605123;-0.162988;0.122074;-9.41578
-101.463;118.853;0.605995;-0.162057;0.13169;-10.0859
-92.6379;118.853;0.576178;-0.153505;0.141339;-10.7042
-83.8124;118.853;0.51075;-0.144057;0.150756;-11.2678
-74.987;118.853;0.460758;-0.137525;0.160303;-11.8043
-66.1615;118.853;0.421909;-0.13009;0.174705;-12.3017
-57.3361;118.853;0.382425;-0.117522;0.19442;-12.7427
-48.5106;118.853;0.341352;-0.100842;0.214885;-13.1224
-39.6852;118.853;0.314086;-0.0870767;0.234197;-13.4788
-30.8597;118.853;0.286054;-0.0688389;0.250915;-13.7824
-22.0342;118.853;0.247791;-0.0474867;0.264082;-14.022
-13.2088;118.853;0.190214;-0.0263372;0.273838;-14.1887
-4.38334;118.853;0.133198;-0.00662708;0.284484;-14.2884
4.44212;118.853;0.106272;0.0128464;0.294555;-14.3416
13.2676;118.853;0.1125;0.031216;0.29983;-14.3536
22.093;118.853;0.108312;0.0512282;0.296663;-14.3043
30.9185;118.853;0.100004;0.070124;0.284383;-14.1857
39.7439;118.853;0.0764251;0.0888939;0.267542;-13.9892
48.5694;118.853;0.0185353;0.107657;0.254709;-13.7023
57.3948;118.853;-0.0874984;0.126786;0.248177;-13.333
66.2203;118.853;-0.167016;0.139769;0.24413;-12.9268
75.0458;118.853;-0.205024;0.148083;0.231894;-12.4814
83.8712;118.853;-0.302974;0.157975;0.214536;-11.9258
92.6967;118.853;-0.444649;0.161491;0.195731;-11.2619
101.522;118.853;-0.481439;0.161351;0.180545;-10.6664
110.348;118.853;-0.42047;0.158973;0.168509;-10.1276
119.173;118.853;-0.341089;0.155379;0.151763;-9.5641
127.998;118.853;-0.238193;0.143748;0.128326;-8.96337
136.824;118.853;-0.129135;0.128073;0.102946;-8.33101
145.649;118.853;-0.0921384;0.112855;0.0816168;-7.61224
154.475;118.853;-0.097316;0.0978358;0.0593659;-6.82116
163.3;118.853;-0.110744;0.0811348;0.0405001;-5.99612
172.126;118.853;-0.113219;0.0631532;0.0228497;-5.159
180.951;118.853;-0.0995761;0.0440875;0.0081837;-4.31436
189.777;118.853;-0.109909;0.0241214;0.00176415;-3.4391
198.602;118.853;-0.127878;0.00335141;0.000744685;-2.51263
207.428;118.853;0.0562418;-0.0209146;-0.0112557;-1.56788
-189.718;110.027;0.712601;-0.0443779;0.0193143;-2.60413
-180.892;110.027;0.682247;-0.0572449;0.0314789;-3.50282
-172.067;110.027;0.686482;-0.0767432;0.0496596;-4.42369
-163.242;110.027;0.66218;-0.100984;0.0674896;-5.33161
-154.416;110.027;0.653484;-0.125052;0.0837438;-6.22634
-145.591;110.027;0.656086;-0.144393;0.099235;-7.09369
-136.765;110.027;0.639825;-0.159746;0.114499;-7.92748
-127.94;110.027;0.608124;-0.168675;0.122906;-8.71099
-119.114;110.027;0.572519;-0.174175;0.128381;-9.46493
-110.289;110.027;0.55261;-0.177617;0.135835;-10.1971
-101.463;110.027;0.551412;-0.176905;0.14611;-10.8926
-92.6379;110.027;0.517923;-0.168469;0.156143;-11.5249
-83.8124;110.027;0.456506;-0.157209;0.163136;-12.1015
-74.987;110.027;0.405808;-0.150494;0.170802;-12.6542
-66.1615;110.027;0.362296;-0.144512;0.184709;-13.1731
-57.3361;110.027;0.329053;-0.133493;0.206146;-13.6372
-48.5106;110.027;0.308854;-0.117092;0.230103;-14.0414
-39.6852;110.027;0.291543;-0.102103;0.251372;-14.416
-30.8597;110.027;0.268469;-0.0813983;0.267283;-14.7355
-22.0342;110.027;0.236275;-0.0576379;0.278405;-14.9946
-13.2088;110.027;0.18914;-0.0353204;0.285757;-15.1854
-4.38334;110.027;0.145118;-0.0147289;0.293609;-15.3081
4.44212;110.027;0.123493;0.00636268;0.302198;-15.3739
13.2676;110.027;0.115469;0.0265925;0.308275;-15.381
22.093;110.027;0.0881116;0.0471457;0.306281;-15.3104
30.9185;110.027;0.0577773;0.0654307;0.293762;-15.1609
39.7439;110.027;0.0150848;0.0886269;0.276893;-14.944
48.5694;110.027;-0.0517935;0.116999;0.263511;-14.6494
57.3948;110.027;-0.141246;0.145258;0.256156;-14.281
66.2203;110.027;-0.179126;0.16203;0.252411;-13.8895
75.0458;110.027;-0.173451;0.171925;0.237375;-13.4609
83.8712;110.027;-0.276364;0.183245;0.213707;-12.8912
92.6967;110.027;-0.472678;0.185766;0.192159;-12.1634
101.522;110.027;-0.607892;0.185479;0.174801;-11.4559
110.348;110.027;-0.598959;0.183275;0.160593;-10.8342
119.173;110.027;-0.528729;0.180405;0.144601;-10.2378
127.998;110.027;-0.410606;0.168249;0.124793;-9.62923
136.824;110.027;-0.277395;0.152506;0.103516;-8.99945
145.649;110.027;-0.192591;0.137802;0.0865071;-8.29687
154.475;110.027;-0.160542;0.123227;0.0664523;-7.51432
163.3;110.027;-0.1381;0.10538;0.0470249;-6.68838
172.126;110.027;-0.113297;0.0863632;0.030162;-5.84319
180.951;110.027;-0.0866274;0.0673486;0.0174644;-4.98619
189.777;110.027;-0.0673527;0.0458486;0.00964981;-4.10357
198.602;110.027;-0.0735435;0.0206457;0.00658971;-3.18521
207.428;110.027;0.0397552;-0.00592926;-0.00759956;-2.20179
-198.543;101.202;0.825176;-0.03648;0.00864638;-2.25477
-189.718;101.202;0.727355;-0.0541287;0.0227013;-3.16919
-180.892;101.202;0.67054;-0.0726531;0.0398733;-4.09876
-172.067;101.202;0.657773;-0.0929782;0.0556925;-5.02804
-163.242;101.202;0.635369;-0.115065;0.0698221;-5.9546
-154.416;101.202;0.624133;-0.136971;0.0848273;-6.86722
-145.591;101.202;0.61711;-0.156012;0.0998023;-7.75263
-136.765;101.202;0.585559;-0.17284;0.114071;-8.60538
-127.94;101.202;0.530748;-0.185151;0.122773;-9.40955
-119.114;101.202;0.478394;-0.194866;0.130455;-10.1907
-110.289;101.202;0.457962;-0.200857;0.140407;-10.9525
-101.463;101.202;0.470686;-0.199778;0.152425;-11.679
-92.6379;101.202;0.465853;-0.189994;0.162514;-12.3402
-83.8124;101.202;0.443879;-0.175166;0.166853;-12.9441
-74.987;101.202;0.402938;-0.166479;0.172995;-13.5241
-66.1615;101.202;0.353035;-0.159179;0.185802;-14.0661
-57.3361;101.202;0.303067;-0.146893;0.207623;-14.5476
-48.5106;101.202;0.263452;-0.129193;0.234449;-14.9665
-39.6852;101.202;0.243559;-0.111891;0.257906;-15.3524
-30.8597;101.202;0.229701;-0.0899514;0.274862;-15.6859
-22.0342;101.202;0.211564;-0.065998;0.286774;-15.9629
-13.2088;101.202;0.186334;-0.0439812;0.294822;-16.1775
-4.38334;101.202;0.162126;-0.0224498;0.302832;-16.3246
4.44212;101.202;0.146074;0.000446908;0.310404;-16.4028
13.2676;101.202;0.132674;0.0220657;0.315872;-16.4095
22.093;101.202;0.0992203;0.0414009;0.315646;-16.3334
30.9185;101.202;0.0559388;0.0584474;0.306625;-16.1738
39.7439;101.202;0.00434091;0.0891616;0.290758;-15.9523
48.5694;101.202;-0.0302398;0.132935;0.274366;-15.6885
57.3948;101.202;-0.0107591;0.173668;0.263516;-15.3986
66.2203;101.202;0.0730591;0.194468;0.259792;-15.0958
75.0458;101.202;0.117496;0.206034;0.242072;-14.6871
83.8712;101.202;0.029797;0.214616;0.214195;-14.1051
92.6967;101.202;-0.160584;0.215884;0.189963;-13.3637
101.522;101.202;-0.342924;0.215949;0.170132;-12.5957
110.348;101.202;-0.378394;0.213197;0.152149;-11.8956
119.173;101.202;-0.34672;0.209593;0.135451;-11.2325
127.998;101.202;-0.276132;0.199568;0.120237;-10.5649
136.824;101.202;-0.19244;0.184832;0.105007;-9.86868
145.649;101.202;-0.121111;0.169911;0.0915672;-9.12201
154.475;101.202;-0.0876503;0.15456;0.0743492;-8.3119
163.3;101.202;-0.0601142;0.135486;0.0556948;-7.4604
172.126;101.202;-0.0460242;0.115242;0.0385506;-6.57946
180.951;101.202;-0.0498607;0.0957504;0.0244362;-5.67686
189.777;101.202;-0.0489153;0.0725727;0.0115461;-4.75106
198.602;101.202;-0.0149743;0.0410705;0.00190634;-3.80166
207.428;101.202;0.0338684;0.0108865;-0.00923309;-2.79665
-198.543;92.3763;0.862127;-0.0309667;0.00146226;-2.78392
-189.718;92.3763;0.761483;-0.047873;0.0159781;-3.72662
-180.892;92.3763;0.688168;-0.0766023;0.0379081;-4.67312
-172.067;92.3763;0.661485;-0.102742;0.0544156;-5.61958
-163.242;92.3763;0.641107;-0.125399;0.0666889;-6.56154
-154.416;92.3763;0.613251;-0.146836;0.0825551;-7.48635
-145.591;92.3763;0.57607;-0.165661;0.0986315;-8.3842
-136.765;92.3763;0.519452;-0.183499;0.111223;-9.25367
-127.94;92.3763;0.453468;-0.198592;0.117556;-10.0835
-119.114;92.3763;0.405294;-0.21136;0.126348;-10.898
-110.289;92.3763;0.393996;-0.218638;0.139106;-11.6914
-101.463;92.3763;0.41407;-0.216609;0.153235;-12.4483
-92.6379;92.3763;0.431192;-0.205277;0.163357;-13.1476
-83.8124;92.3763;0.428687;-0.190183;0.170115;-13.7962
-74.987;92.3763;0.401559;-0.180414;0.180004;-14.4114
-66.1615;92.3763;0.355822;-0.170799;0.194374;-14.9734
-57.3361;92.3763;0.294459;-0.156516;0.215388;-15.4652
-48.5106;92.3763;0.235838;-0.137506;0.24113;-15.9016
-39.6852;92.3763;0.21219;-0.118255;0.26514;-16.3063
-30.8597;92.3763;0.211438;-0.0952804;0.283976;-16.6643
-22.0342;92.3763;0.20585;-0.0700173;0.298382;-16.9651
-13.2088;92.3763;0.195131;-0.0462419;0.30902;-17.2002
-4.38334;92.3763;0.184574;-0.0224309;0.318785;-17.3613
4.44212;92.3763;0.175134;0.00238964;0.325683;-17.4421
13.2676;92.3763;0.159432;0.0253855;0.327993;-17.4428
22.093;92.3763;0.128402;0.0422321;0.326984;-17.3719
30.9185;92.3763;0.0825016;0.0602523;0.321368;-17.2229
39.7439;92.3763;0.0227345;0.101639;0.304134;-16.9984
48.5694;92.3763;0.00843249;0.160408;0.279529;-16.7424
57.3948;92.3763;0.105378;0.211439;0.258791;-16.4993
66.2203;92.3763;0.278399;0.23448;0.249824;-16.2577
75.0458;92.3763;0.337605;0.245956;0.23032;-15.8378
83.8712;92.3763;0.281467;0.249823;0.205969;-15.2445
92.6967;92.3763;0.150927;0.249309;0.184602;-14.5315
101.522;92.3763;0.0163398;0.247896;0.165154;-13.7765
110.348;92.3763;-0.0144104;0.243712;0.144781;-13.045
119.173;92.3763;-0.015828;0.238443;0.127049;-12.3242
127.998;92.3763;-0.00754719;0.229651;0.114243;-11.5826
136.824;92.3763;0.0072196;0.215856;0.101176;-10.8008
145.649;92.3763;0.0318402;0.200369;0.0885354;-9.98242
154.475;92.3763;0.0470591;0.183992;0.0747114;-9.12694
163.3;92.3763;0.0563037;0.164746;0.0593147;-8.23454
172.126;92.3763;0.0266138;0.144154;0.0433184;-7.29762
180.951;92.3763;-0.0397053;0.122953;0.0283437;-6.32533
189.777;92.3763;-0.0732665;0.094733;0.012376;-5.33809
198.602;92.3763;-0.0244876;0.059141;-0.00208468;-4.35869
207.428;92.3763;0.0608972;0.0271151;-0.00997681;-3.3787
-216.194;83.5508;0.808671;-0.0386828;0.00981331;-1.26528
-207.369;83.5508;0.897197;-0.0208866;-0.005897;-2.2645
-198.543;83.5508;0.867421;-0.0227457;-0.00508925;-3.28296
-189.718;83.5508;0.778533;-0.03863;0.00800001;-4.25245
-180.892;83.5508;0.697824;-0.0735292;0.0312045;-5.21607
-172.067;83.5508;0.662529;-0.105072;0.0488932;-6.17669
-163.242;83.5508;0.630067;-0.129925;0.061099;-7.12891
-154.416;83.5508;0.571139;-0.15315;0.0779242;-8.06859
-145.591;83.5508;0.51232;-0.17259;0.0933933;-8.98497
-136.765;83.5508;0.453704;-0.189659;0.102803;-9.87787
-127.94;83.5508;0.405051;-0.203576;0.105835;-10.7419
-119.114;83.5508;0.37376;-0.2152;0.114024;-11.5873
-110.289;83.5508;0.363348;-0.221749;0.128221;-12.4072
-101.463;83.5508;0.371716;-0.219504;0.143844;-13.1889
-92.6379;83.5508;0.389143;-0.208446;0.153104;-13.9179
-83.8124;83.5508;0.384034;-0.197892;0.164577;-14.607
-74.987;83.5508;0.366569;-0.189708;0.181757;-15.2568
-66.1615;83.5508;0.336835;-0.178327;0.201266;-15.8499
-57.3361;83.5508;0.289297;-0.162255;0.221238;-16.3748
-48.5106;83.5508;0.240315;-0.143283;0.243557;-16.8471
-39.6852;83.5508;0.222592;-0.124141;0.266966;-17.2817
-30.8597;83.5508;0.228051;-0.100935;0.286927;-17.6623
-22.0342;83.5508;0.222426;-0.0740272;0.30174;-17.9742
-13.2088;83.5508;0.205522;-0.0464827;0.314121;-18.2169
-4.38334;83.5508;0.192378;-0.0184481;0.32626;-18.3816
4.44212;83.5508;0.184194;0.00994979;0.333814;-18.4614
13.2676;83.5508;0.164183;0.0363896;0.332559;-18.4583
22.093;83.5508;0.139882;0.0524025;0.328285;-18.4039
30.9185;83.5508;0.107154;0.0764157;0.32041;-18.277
39.7439;83.5508;0.0423931;0.12827;0.296012;-18.0334
48.5694;83.5508;0.00400331;0.19225;0.259927;-17.7101
57.3948;83.5508;0.0628918;0.24169;0.227658;-17.385
66.2203;83.5508;0.204602;0.263092;0.21105;-17.0878
75.0458;83.5508;0.256343;0.278628;0.194357;-16.6508
83.8712;83.5508;0.231442;0.285216;0.180248;-16.0764
92.6967;83.5508;0.185862;0.286373;0.168546;-15.4244
101.522;83.5508;0.16785;0.283013;0.153556;-14.731
110.348;83.5508;0.176507;0.277286;0.132663;-14.0051
119.173;83.5508;0.155765;0.27032;0.113127;-13.2493
127.998;83.5508;0.131606;0.259682;0.0987266;-12.456
136.824;83.5508;0.120325;0.244246;0.0830598;-11.6223
145.649;83.5508;0.12845;0.226412;0.0688212;-10.7573
154.475;83.5508;0.14377;0.207892;0.0581027;-9.86791
163.3;83.5508;0.138977;0.189155;0.0486846;-8.93928
172.126;83.5508;0.0641645;0.170257;0.0378397;-7.95274
180.951;83.5508;-0.0481373;0.148246;0.0255359;-6.92807
189.777;83.5508;-0.0653549;0.114752;0.00998177;-5.91956
198.602;83.5508;0.00906635;0.0742471;-0.00800954;-4.92923
207.428;83.5508;0.133653;0.0374898;-0.0198939;-3.95471
216.253;83.5508;0.240368;0.0056735;-0.0239489;-2.93744
225.078;83.5508;0.270573;-0.0200727;-0.0169062;-1.88017
-216.194;74.7253;0.797787;-0.0445872;0.00936776;-1.70916
-207.369;74.7253;0.861445;-0.0210119;-0.00582447;-2.73142
-198.543;74.7253;0.845599;-0.0112559;-0.0130677;-3.74066
-189.718;74.7253;0.756001;-0.034466;0.000726361;-4.7283
-180.892;74.7253;0.691477;-0.0690758;0.0200828;-5.70839
-172.067;74.7253;0.656529;-0.100767;0.0362985;-6.68654
-163.242;74.7253;0.604101;-0.127038;0.0481269;-7.65201
-154.416;74.7253;0.518571;-0.152955;0.0633527;-8.61794
-145.591;74.7253;0.462679;-0.173543;0.0741575;-9.56624
-136.765;74.7253;0.426558;-0.189406;0.0793375;-10.4926
-127.94;74.7253;0.410524;-0.19953;0.0799276;-11.3927
-119.114;74.7253;0.385583;-0.207862;0.0869678;-12.2645
-110.289;74.7253;0.354066;-0.213608;0.100276;-13.1062
-101.463;74.7253;0.337424;-0.212746;0.114384;-13.9135
-92.6379;74.7253;0.345616;-0.203926;0.121724;-14.6735
-83.8124;74.7253;0.340254;-0.198576;0.136334;-15.396
-74.987;74.7253;0.320019;-0.193474;0.159045;-16.076
-66.1615;74.7253;0.305516;-0.181791;0.182894;-16.7063
-57.3361;74.7253;0.285593;-0.165441;0.201781;-17.272
-48.5106;74.7253;0.264048;-0.147863;0.220199;-17.7899
-39.6852;74.7253;0.25922;-0.130128;0.240954;-18.2648
-30.8597;74.7253;0.253224;-0.10626;0.261312;-18.6739
-22.0342;74.7253;0.234743;-0.0771741;0.278585;-19.0039
-13.2088;74.7253;0.19835;-0.0456572;0.294189;-19.2485
-4.38334;74.7253;0.166978;-0.0123046;0.307855;-19.413
4.44212;74.7253;0.146955;0.0215556;0.312786;-19.4928
13.2676;74.7253;0.12655;0.052684;0.303756;-19.4898
22.093;74.7253;0.124464;0.0709886;0.292458;-19.4464
30.9185;74.7253;0.129943;0.106038;0.276007;-19.3309
39.7439;74.7253;0.102725;0.167068;0.244847;-19.082
48.5694;74.7253;0.0811987;0.229476;0.208227;-18.7261
57.3948;74.7253;0.109976;0.269772;0.179486;-18.33
66.2203;74.7253;0.173281;0.289657;0.161707;-17.9287
75.0458;74.7253;0.191227;0.306696;0.148751;-17.4369
83.8712;74.7253;0.18392;0.315876;0.141032;-16.8585
92.6967;74.7253;0.182962;0.320072;0.136022;-16.2295
101.522;74.7253;0.202807;0.318429;0.125393;-15.5513
110.348;74.7253;0.222395;0.31138;0.106104;-14.8095
119.173;74.7253;0.190651;0.301625;0.0864688;-14.0164
127.998;74.7253;0.159175;0.288627;0.071535;-13.1909
136.824;74.7253;0.152877;0.270455;0.0560998;-12.332
145.649;74.7253;0.177187;0.249885;0.0431225;-11.4487
154.475;74.7253;0.209092;0.22968;0.0349137;-10.5437
163.3;74.7253;0.224509;0.210275;0.0316353;-9.60867
172.126;74.7253;0.179452;0.190535;0.0282015;-8.62093
180.951;74.7253;0.112578;0.16556;0.0220715;-7.59747
189.777;74.7253;0.127143;0.128356;0.00901341;-6.58305
198.602;74.7253;0.218018;0.0859427;-0.00728441;-5.58149
207.428;74.7253;0.296872;0.048627;-0.0193567;-4.56184
216.253;74.7253;0.35189;0.0156964;-0.0232277;-3.47658
225.078;74.7253;0.364278;-0.0128551;-0.0148365;-2.3879
-216.194;65.8999;0.785652;-0.0350612;0.00413224;-2.07119
-207.369;65.8999;0.809685;-0.0178317;-0.00610224;-3.12573
-198.543;65.8999;0.783638;-0.0123037;-0.0143853;-4.1365
-189.718;65.8999;0.707726;-0.0400197;-0.00539383;-5.15537
-180.892;65.8999;0.672269;-0.0696036;0.00431608;-6.15762
-172.067;65.8999;0.657462;-0.0960784;0.0130614;-7.1749
-163.242;65.8999;0.610121;-0.121307;0.0206067;-8.17716
-154.416;65.8999;0.536044;-0.146948;0.0294923;-9.17919
-145.591;65.8999;0.503464;-0.165685;0.0321557;-10.1584
-136.765;65.8999;0.483554;-0.181702;0.033646;-11.1141
-127.94;65.8999;0.482744;-0.19249;0.0342942;-12.0429
-119.114;65.8999;0.449224;-0.202374;0.0420096;-12.9398
-110.289;65.8999;0.396897;-0.21049;0.0544814;-13.803
-101.463;65.8999;0.372648;-0.212379;0.0654522;-14.641
-92.6379;65.8999;0.393413;-0.206168;0.0716639;-15.4381
-83.8124;65.8999;0.390122;-0.201447;0.0834803;-16.1894
-74.987;65.8999;0.366802;-0.197963;0.105982;-16.8958
-66.1615;65.8999;0.347605;-0.187639;0.133142;-17.5635
-57.3361;65.8999;0.326259;-0.172054;0.153462;-18.1648
-48.5106;65.8999;0.308776;-0.154005;0.16956;-18.7196
-39.6852;65.8999;0.307653;-0.134777;0.1873;-19.23
-30.8597;65.8999;0.304881;-0.11;0.209854;-19.6753
-22.0342;65.8999;0.307804;-0.0809986;0.232069;-20.0484
-13.2088;65.8999;0.290483;-0.0494016;0.253774;-20.3245
-4.38334;65.8999;0.264953;-0.0142057;0.26901;-20.5095
4.44212;65.8999;0.237566;0.0229504;0.270911;-20.5989
13.2676;65.8999;0.211079;0.0571673;0.258017;-20.5929
22.093;65.8999;0.217066;0.0808574;0.244002;-20.5365
30.9185;65.8999;0.23456;0.13152;0.218221;-20.396
39.7439;65.8999;0.244301;0.204694;0.184376;-20.15
48.5694;65.8999;0.293256;0.268137;0.156846;-19.8447
57.3948;65.8999;0.38183;0.302885;0.143238;-19.493
66.2203;65.8999;0.41387;0.323714;0.134985;-19.0393
75.0458;65.8999;0.376922;0.341128;0.125407;-18.4622
83.8712;65.8999;0.344284;0.349467;0.11813;-17.8269
92.6967;65.8999;0.338723;0.352334;0.111691;-17.1563
101.522;65.8999;0.354217;0.350753;0.101491;-16.4416
110.348;65.8999;0.360922;0.343947;0.0849245;-15.6635
119.173;65.8999;0.32353;0.332499;0.0663131;-14.8321
127.998;65.8999;0.290772;0.316988;0.0524628;-13.9708
136.824;65.8999;0.278477;0.295887;0.0408216;-13.0716
145.649;65.8999;0.289293;0.274002;0.0319164;-12.1499
154.475;65.8999;0.313571;0.253663;0.0256432;-11.2172
163.3;65.8999;0.327949;0.234269;0.0229998;-10.2606
172.126;65.8999;0.313663;0.212185;0.0217376;-9.2617
180.951;65.8999;0.294474;0.183756;0.0189393;-8.23418
189.777;65.8999;0.315276;0.143828;0.0072362;-7.19725
198.602;65.8999;0.377562;0.102176;-0.00542902;-6.16191
207.428;65.8999;0.425456;0.0670506;-0.0122709;-5.10205
216.253;65.8999;0.444272;0.0339034;-0.0127272;-3.99998
225.078;65.8999;0.441011;0.00267948;-0.0063025;-2.8497
233.904;65.8999;0.518908;-0.0270644;-0.00238713;-1.66393
-216.194;57.0744;0.753439;-0.0233297;-0.00155864;-2.3972
-207.369;57.0744;0.756039;-0.0153098;-0.00870348;-3.46313
-198.543;57.0744;0.703038;-0.0199311;-0.0148551;-4.48911
-189.718;57.0744;0.630993;-0.052375;-0.00978443;-5.53505
-180.892;57.0744;0.617677;-0.0783989;-0.00822282;-6.55834
-172.067;57.0744;0.631743;-0.10108;-0.00834138;-7.60518
-163.242;57.0744;0.623812;-0.125042;-0.00812618;-8.65068
-154.416;57.0744;0.599777;-0.146675;-0.0078828;-9.69351
-145.591;57.0744;0.600417;-0.160258;-0.0123052;-10.7108
-136.765;57.0744;0.584689;-0.174941;-0.0132149;-11.6944
-127.94;57.0744;0.561603;-0.191981;-0.00572885;-12.6517
-119.114;57.0744;0.51495;-0.205905;0.00711043;-13.57
-110.289;57.0744;0.458432;-0.214789;0.0219397;-14.4522
-101.463;57.0744;0.432567;-0.217926;0.0332008;-15.3256
-92.6379;57.0744;0.461153;-0.215371;0.0393431;-16.1683
-83.8124;57.0744;0.4681;-0.211614;0.0498006;-16.9658
-74.987;57.0744;0.447579;-0.206768;0.0700297;-17.7059
-66.1615;57.0744;0.41586;-0.197952;0.0949656;-18.4028
-57.3361;57.0744;0.377873;-0.185172;0.115727;-19.0352
-48.5106;57.0744;0.35487;-0.168043;0.13355;-19.624
-39.6852;57.0744;0.361035;-0.146238;0.151772;-20.168
-30.8597;57.0744;0.366654;-0.117773;0.173935;-20.6445
-22.0342;57.0744;0.385926;-0.0860936;0.198947;-21.0578
-13.2088;57.0744;0.392193;-0.052878;0.222172;-21.3716
-4.38334;57.0744;0.377864;-0.0168668;0.237269;-21.5779
4.44212;57.0744;0.341326;0.0198692;0.241954;-21.6732
13.2676;57.0744;0.299466;0.052882;0.237732;-21.6614
22.093;57.0744;0.309472;0.0836285;0.225626;-21.5964
30.9185;57.0744;0.334113;0.149681;0.194064;-21.4345
39.7439;57.0744;0.357073;0.235354;0.159425;-21.1753
48.5694;57.0744;0.420724;0.302267;0.137678;-20.8719
57.3948;57.0744;0.506845;0.335204;0.130204;-20.5054
66.2203;57.0744;0.51609;0.357134;0.12511;-20.0022
75.0458;57.0744;0.442463;0.374477;0.119082;-19.3557
83.8712;57.0744;0.406091;0.381484;0.109507;-18.674
92.6967;57.0744;0.409764;0.383597;0.100076;-17.9726
101.522;57.0744;0.433113;0.382792;0.090098;-17.2353
110.348;57.0744;0.445932;0.377087;0.0748448;-16.4354
119.173;57.0744;0.400501;0.364948;0.05819;-15.563
127.998;57.0744;0.358907;0.347309;0.0457863;-14.6546
136.824;57.0744;0.337;0.325757;0.036821;-13.718
145.649;57.0744;0.338795;0.302818;0.0311097;-12.7642
154.475;57.0744;0.360439;0.280604;0.0258615;-11.8076
163.3;57.0744;0.384383;0.259918;0.0218098;-10.8318
172.126;57.0744;0.390127;0.236287;0.0205983;-9.81234
180.951;57.0744;0.387711;0.206125;0.0185647;-8.76276
189.777;57.0744;0.396904;0.164297;0.00808091;-7.69378
198.602;57.0744;0.429269;0.121783;-0.00194647;-6.62508
207.428;57.0744;0.460983;0.0864517;-0.00477853;-5.54044
216.253;57.0744;0.479491;0.0522297;-0.003107;-4.42171
225.078;57.0744;0.492217;0.0136917;-0.000698424;-3.24446
233.904;57.0744;0.572341;-0.0221636;0.00358299;-2.04166
-225.02;48.249;0.731176;-0.0094303;-0.00368737;-1.64869
-216.194;48.249;0.73356;-0.0229877;-0.00370411;-2.70011
-207.369;48.249;0.726227;-0.022232;-0.00927539;-3.75246
-198.543;48.249;0.637673;-0.0374228;-0.0128169;-4.8073
-189.718;48.249;0.568256;-0.0682399;-0.0092718;-5.8722
-180.892;48.249;0.551947;-0.0929412;-0.0102267;-6.92837
-172.067;48.249;0.553632;-0.117833;-0.0147181;-8.00158
-163.242;48.249;0.551068;-0.144757;-0.0188962;-9.07976
-154.416;48.249;0.56325;-0.164337;-0.0233452;-10.146
-145.591;48.249;0.603853;-0.172357;-0.0311879;-11.1832
-136.765;48.249;0.578412;-0.185031;-0.0287948;-12.1786
-127.94;48.249;0.535617;-0.203791;-0.0179802;-13.1516
-119.114;48.249;0.484166;-0.217503;-0.00227848;-14.0857
-110.289;48.249;0.443934;-0.225179;0.0149547;-14.991
-101.463;48.249;0.437672;-0.228436;0.0278413;-15.9039
-92.6379;48.249;0.467989;-0.227476;0.033797;-16.7971
-83.8124;48.249;0.483821;-0.223541;0.0415786;-17.6371
-74.987;48.249;0.456853;-0.219939;0.0598956;-18.4065
-66.1615;48.249;0.410511;-0.21309;0.0842524;-19.1288
-57.3361;48.249;0.367269;-0.202681;0.107375;-19.8032
-48.5106;48.249;0.35742;-0.186908;0.128363;-20.4444
-39.6852;48.249;0.384507;-0.163398;0.148388;-21.0397
-30.8597;48.249;0.398629;-0.130962;0.169443;-21.5463
-22.0342;48.249;0.405957;-0.0936601;0.189911;-21.9777
-13.2088;48.249;0.415284;-0.0571382;0.207841;-22.3197
-4.38334;48.249;0.406118;-0.0205937;0.222358;-22.5463
4.44212;48.249;0.37586;0.0136618;0.232998;-22.6531
13.2676;48.249;0.347681;0.0469266;0.238306;-22.6532
22.093;48.249;0.369348;0.0951463;0.225202;-22.5918
30.9185;48.249;0.3968;0.178487;0.191494;-22.4233
39.7439;48.249;0.422986;0.270009;0.158845;-22.152
48.5694;48.249;0.472738;0.334228;0.140445;-21.8106
57.3948;48.249;0.521711;0.364753;0.13258;-21.3767
66.2203;48.249;0.503653;0.388012;0.122937;-20.8165
75.0458;48.249;0.418369;0.405545;0.112079;-20.1216
83.8712;48.249;0.383591;0.41209;0.0994176;-19.4008
92.6967;48.249;0.388613;0.413378;0.0911023;-18.6651
101.522;48.249;0.414908;0.411459;0.0856849;-17.8983
110.348;48.249;0.438413;0.40514;0.0740268;-17.0736
119.173;48.249;0.393725;0.390467;0.0578561;-16.1544
127.998;48.249;0.348269;0.371472;0.045849;-15.2033
136.824;48.249;0.326469;0.349485;0.0365601;-14.239
145.649;48.249;0.335113;0.326692;0.029803;-13.2738
154.475;48.249;0.366684;0.304332;0.0236158;-12.3099
163.3;48.249;0.414261;0.281755;0.0192811;-11.3234
172.126;48.249;0.428349;0.255934;0.018562;-10.2759
180.951;48.249;0.416016;0.224624;0.0179482;-9.1905
189.777;48.249;0.401736;0.182415;0.00983061;-8.08437
198.602;48.249;0.417766;0.137468;0.00122465;-6.98785
207.428;48.249;0.447426;0.0975102;-0.0018933;-5.87788
216.253;48.249;0.480054;0.0581638;-0.00077288;-4.74698
225.078;48.249;0.516555;0.0134358;0.000754334;-3.57942
233.904;48.249;0.571477;-0.0258634;0.00554514;-2.39222
-225.02;39.4235;0.683933;-0.00774052;-0.00280289;-1.88837
-216.194;39.4235;0.678594;-0.0245347;-0.00293752;-2.96709
-207.369;39.4235;0.64359;-0.0353029;-0.00681901;-4.03201
-198.543;39.4235;0.567028;-0.0557781;-0.00852745;-5.09568
-189.718;39.4235;0.533347;-0.0846626;-0.0063984;-6.18234
-180.892;39.4235;0.527863;-0.108461;-0.00836086;-7.27514
-172.067;39.4235;0.515132;-0.132548;-0.0146858;-8.35884
-163.242;39.4235;0.504779;-0.160229;-0.0207076;-9.45233
-154.416;39.4235;0.530709;-0.181152;-0.0268222;-10.5339
-145.591;39.4235;0.574364;-0.189102;-0.0345786;-11.5844
-136.765;39.4235;0.532608;-0.19896;-0.0304176;-12.5847
-127.94;39.4235;0.466857;-0.216292;-0.0184258;-13.572
-119.114;39.4235;0.427457;-0.229785;-0.00464933;-14.5296
-110.289;39.4235;0.415948;-0.239734;0.00970592;-15.4683
-101.463;39.4235;0.421319;-0.24547;0.022975;-16.4155
-92.6379;39.4235;0.433972;-0.243756;0.0303857;-17.3368
-83.8124;39.4235;0.439664;-0.236567;0.0375622;-18.2052
-74.987;39.4235;0.41607;-0.234319;0.0533762;-19.0209
-66.1615;39.4235;0.374872;-0.22887;0.0762987;-19.782
-57.3361;39.4235;0.343384;-0.219683;0.0995546;-20.5033
-48.5106;39.4235;0.357084;-0.204693;0.120547;-21.201
-39.6852;39.4235;0.409212;-0.180363;0.140203;-21.8587
-30.8597;39.4235;0.431242;-0.146588;0.161467;-22.4029
-22.0342;39.4235;0.41322;-0.107009;0.180975;-22.8452
-13.2088;39.4235;0.417192;-0.0683109;0.197713;-23.2068
-4.38334;39.4235;0.421986;-0.0325445;0.216214;-23.4706
4.44212;39.4235;0.42389;0.00198773;0.232103;-23.6121
13.2676;39.4235;0.435953;0.0487223;0.235696;-23.6497
22.093;39.4235;0.47674;0.128054;0.213787;-23.5997
30.9185;39.4235;0.527669;0.22907;0.179437;-23.4543
39.7439;39.4235;0.606123;0.314873;0.153707;-23.22
48.5694;39.4235;0.65795;0.367254;0.140103;-22.8451
57.3948;39.4235;0.648823;0.394649;0.130776;-22.3208
66.2203;39.4235;0.572722;0.420678;0.113918;-21.677
75.0458;39.4235;0.469402;0.43826;0.0936552;-20.9186
83.8712;39.4235;0.409311;0.444955;0.0792272;-20.1348
92.6967;39.4235;0.386608;0.446096;0.0747051;-19.3443
101.522;39.4235;0.395012;0.44276;0.0748217;-18.5314
110.348;39.4235;0.417713;0.434886;0.0668986;-17.6722
119.173;39.4235;0.392387;0.417459;0.0521284;-16.7171
127.998;39.4235;0.359762;0.394656;0.040786;-15.7285
136.824;39.4235;0.349051;0.370407;0.0309565;-14.7415
145.649;39.4235;0.368246;0.346742;0.0222745;-13.7636
154.475;39.4235;0.409395;0.322988;0.0144269;-12.7805
163.3;39.4235;0.478269;0.296289;0.0101558;-11.7773
172.126;39.4235;0.504975;0.26645;0.0093177;-10.711
180.951;39.4235;0.48564;0.229361;0.0100209;-9.58523
189.777;39.4235;0.445452;0.18668;0.00499383;-8.43549
198.602;39.4235;0.44835;0.14314;-0.000613337;-7.31448
207.428;39.4235;0.465324;0.102906;-0.00300338;-6.18043
216.253;39.4235;0.503842;0.0603247;-0.00179668;-5.02775
225.078;39.4235;0.529225;0.0119642;-0.00108989;-3.85171
233.904;39.4235;0.478669;-0.0297039;0.000559959;-2.68014
-225.02;30.5981;0.667552;-0.014853;0.00278368;-2.12991
-216.194;30.5981;0.655921;-0.0320665;0.000726536;-3.23654
-207.369;30.5981;0.613172;-0.0469669;-0.00327043;-4.30614
-198.543;30.5981;0.566062;-0.0695142;-0.00520996;-5.38533
-189.718;30.5981;0.577787;-0.094811;-0.00586538;-6.48001
-180.892;30.5981;0.581825;-0.116897;-0.00905018;-7.59043
-172.067;30.5981;0.560382;-0.138541;-0.0152732;-8.67852
-163.242;30.5981;0.539757;-0.165575;-0.0206925;-9.78152
-154.416;30.5981;0.549695;-0.190218;-0.0259562;-10.8787
-145.591;30.5981;0.570464;-0.202075;-0.0324532;-11.9339
-136.765;30.5981;0.517251;-0.211109;-0.0295568;-12.944
-127.94;30.5981;0.444398;-0.225655;-0.020671;-13.9482
-119.114;30.5981;0.418389;-0.237767;-0.0123054;-14.933
-110.289;30.5981;0.420507;-0.251956;-0.00294815;-15.9088
-101.463;30.5981;0.421608;-0.262628;0.00998595;-16.8847
-92.6379;30.5981;0.413866;-0.260053;0.0198386;-17.824
-83.8124;30.5981;0.406418;-0.24904;0.0275003;-18.7179
-74.987;30.5981;0.396855;-0.246788;0.0391342;-19.5836
-66.1615;30.5981;0.372499;-0.242003;0.0577951;-20.3909
-57.3361;30.5981;0.357289;-0.233517;0.0783016;-21.1594
-48.5106;30.5981;0.389201;-0.218861;0.0970141;-21.9083
-39.6852;30.5981;0.458248;-0.194164;0.114732;-22.6312
-30.8597;30.5981;0.492454;-0.162109;0.134848;-23.2286
-22.0342;30.5981;0.47049;-0.124286;0.15597;-23.7125
-13.2088;30.5981;0.492371;-0.0849864;0.178236;-24.1196
-4.38334;30.5981;0.546833;-0.0511252;0.208017;-24.4629
4.44212;30.5981;0.593486;-0.00933913;0.228819;-24.6584
13.2676;30.5981;0.626477;0.0654027;0.216811;-24.7123
22.093;30.5981;0.688029;0.18433;0.175032;-24.6776
30.9185;30.5981;0.83051;0.302788;0.135608;-24.6316
39.7439;30.5981;1.0449;0.376368;0.11878;-24.5191
48.5694;30.5981;1.11857;0.407574;0.112302;-24.1073
57.3948;30.5981;1.02965;0.42535;0.102052;-23.4541
66.2203;30.5981;0.870467;0.451618;0.083136;-22.6896
75.0458;30.5981;0.715604;0.468464;0.0633327;-21.8314
83.8712;30.5981;0.599751;0.475133;0.0516611;-20.9485
92.6967;30.5981;0.542734;0.475002;0.0499681;-20.0804
101.522;30.5981;0.543453;0.468014;0.0519219;-19.2124
110.348;30.5981;0.576391;0.454814;0.0460489;-18.3153
119.173;30.5981;0.577135;0.433495;0.0358567;-17.3402
127.998;30.5981;0.558869;0.407559;0.029088;-16.3239
136.824;30.5981;0.534356;0.383335;0.0222771;-15.2969
145.649;30.5981;0.51362;0.361488;0.0141992;-14.2647
154.475;30.5981;0.508641;0.337958;0.00602169;-13.2189
163.3;30.5981;0.559224;0.308729;0.0025931;-12.1777
172.126;30.5981;0.583425;0.278448;0.000969521;-11.1018
180.951;30.5981;0.559021;0.242136;0.00146258;-9.96152
189.777;30.5981;0.51038;0.197746;-0.000675315;-8.77655
198.602;30.5981;0.522342;0.152425;-0.00117507;-7.63917
207.428;30.5981;0.549546;0.111331;-0.000984442;-6.50085
216.253;30.5981;0.580799;0.0686797;-0.000367858;-5.33327
225.078;30.5981;0.607444;0.0202759;-0.00183124;-4.13667
233.904;30.5981;0.615146;-0.0272862;-0.00261772;-2.95374
-225.02;21.7726;0.689977;-0.0209842;0.00705084;-2.33177
-216.194;21.7726;0.688297;-0.0393109;0.00346768;-3.47461
-207.369;21.7726;0.652144;-0.0557889;0.000116497;-4.55655
-198.543;21.7726;0.631162;-0.0789538;-0.00173669;-5.65369
-189.718;21.7726;0.65508;-0.101938;-0.00503872;-6.7594
-180.892;21.7726;0.656678;-0.122884;-0.0102034;-7.87574
-172.067;21.7726;0.623208;-0.142687;-0.0170043;-8.95874
-163.242;21.7726;0.583805;-0.167755;-0.0224345;-10.0534
-154.416;21.7726;0.568894;-0.193727;-0.0275675;-11.1554
-145.591;21.7726;0.573253;-0.210286;-0.0337875;-12.2274
-136.765;21.7726;0.531857;-0.220669;-0.0341207;-13.2655
-127.94;21.7726;0.481965;-0.232468;-0.0316437;-14.2944
-119.114;21.7726;0.461129;-0.241933;-0.0284988;-15.3056
-110.289;21.7726;0.453518;-0.25846;-0.0215031;-16.3101
-101.463;21.7726;0.442305;-0.273334;-0.0089311;-17.3053
-92.6379;21.7726;0.428162;-0.272233;0.00282905;-18.2598
-83.8124;21.7726;0.423428;-0.260595;0.0108806;-19.1776
-74.987;21.7726;0.429215;-0.257194;0.0179919;-20.0792
-66.1615;21.7726;0.416204;-0.251867;0.0307192;-20.9295
-57.3361;21.7726;0.407818;-0.243792;0.0481907;-21.7436
-48.5106;21.7726;0.441406;-0.229944;0.0666985;-22.538
-39.6852;21.7726;0.512216;-0.206081;0.0868518;-23.321
-30.8597;21.7726;0.568355;-0.175929;0.110712;-23.9969
-22.0342;21.7726;0.589243;-0.138674;0.133845;-24.5486
-13.2088;21.7726;0.666009;-0.0997351;0.160067;-25.0369
-4.38334;21.7726;0.795519;-0.0652842;0.198874;-25.4739
4.44212;21.7726;0.829546;-0.0136363;0.214294;-25.6495
13.2676;21.7726;0.767359;0.0887225;0.178914;-25.6257
22.093;21.7726;0.807164;0.244091;0.108828;-25.5944
30.9185;21.7726;1.09874;0.36646;0.0622268;-25.611
39.7439;21.7726;1.28281;0.433029;0.0490076;-25.4319
48.5694;21.7726;1.19304;0.453623;0.0473139;-24.8569
57.3948;21.7726;1.00255;0.467536;0.0441583;-24.1143
66.2203;21.7726;0.909255;0.489266;0.0380125;-23.3548
75.0458;21.7726;0.846251;0.502542;0.0314473;-22.5348
83.8712;21.7726;0.723457;0.509439;0.0279922;-21.6213
92.6967;21.7726;0.644532;0.505941;0.027514;-20.6894
101.522;21.7726;0.622688;0.495294;0.0270856;-19.7572
110.348;21.7726;0.627989;0.478353;0.0232604;-18.7976
119.173;21.7726;0.603482;0.456327;0.0174196;-17.7753
127.998;21.7726;0.573498;0.431217;0.0149313;-16.7241
136.824;21.7726;0.551746;0.406799;0.0117465;-15.6695
145.649;21.7726;0.53112;0.383517;0.00618766;-14.6051
154.475;21.7726;0.510927;0.357959;0.000347942;-13.5185
163.3;21.7726;0.540462;0.327763;-0.00138752;-12.4455
172.126;21.7726;0.559127;0.298933;-0.00400109;-11.3571
180.951;21.7726;0.52821;0.264392;-0.00397956;-10.1934
189.777;21.7726;0.48384;0.221173;-0.00396321;-8.98991
198.602;21.7726;0.538102;0.172255;-0.00188895;-7.87028
207.428;21.7726;0.609967;0.126018;-0.00102685;-6.75575
216.253;21.7726;0.665222;0.0796052;7.5287e-05;-5.59874
225.078;21.7726;0.688117;0.0279224;-0.000967918;-4.39105
233.904;21.7726;0.704914;-0.0275195;-0.00435262;-3.15999
242.729;21.7726;0.343296;-0.0529097;0.000856208;-1.91923
-225.02;12.9472;0.726213;-0.0148419;0.00502513;-2.46353
-216.194;12.9472;0.725841;-0.0384576;0.00062576;-3.62531
-207.369;12.9472;0.672497;-0.0592423;-0.000534585;-4.70556
-198.543;12.9472;0.650417;-0.0845624;-0.000742947;-5.80719
-189.718;12.9472;0.660725;-0.107718;-0.0050198;-6.92825
-180.892;12.9472;0.670722;-0.129199;-0.0107796;-8.06297
-172.067;12.9472;0.622312;-0.150055;-0.0179075;-9.14271
-163.242;12.9472;0.550836;-0.173796;-0.0250371;-10.2233
-154.416;12.9472;0.522097;-0.196144;-0.0335145;-11.322
-145.591;12.9472;0.538477;-0.213766;-0.0422735;-12.4223
-136.765;12.9472;0.52997;-0.226152;-0.0467901;-13.496
-127.94;12.9472;0.51404;-0.23692;-0.048428;-14.553
-119.114;12.9472;0.494617;-0.246123;-0.0456177;-15.5953
-110.289;12.9472;0.472794;-0.262159;-0.0393786;-16.6221
-101.463;12.9472;0.447809;-0.277635;-0.0288265;-17.6371
-92.6379;12.9472;0.424152;-0.280498;-0.0169409;-18.6124
-83.8124;12.9472;0.414244;-0.272041;-0.00694568;-19.547
-74.987;12.9472;0.428188;-0.267772;-0.00178868;-20.4722
-66.1615;12.9472;0.430688;-0.259169;0.00593305;-21.3561
-57.3361;12.9472;0.425056;-0.24746;0.0190329;-22.2056
-48.5106;12.9472;0.448174;-0.232885;0.0375569;-23.0357
-39.6852;12.9472;0.520342;-0.212119;0.0636693;-23.8687
-30.8597;12.9472;0.628775;-0.185137;0.0950047;-24.6338
-22.0342;12.9472;0.750705;-0.147955;0.123417;-25.2877
-13.2088;12.9472;0.886777;-0.107332;0.148981;-25.8392
-4.38334;12.9472;0.918625;-0.0571668;0.174827;-26.2095
4.44212;12.9472;0.762969;0.0115833;0.172218;-26.2172
13.2676;12.9472;0.520514;0.123337;0.121638;-26.0576
22.093;12.9472;0.424265;0.275018;0.0478305;-25.9559
30.9185;12.9472;0.58329;0.39317;-0.000384219;-25.8711
39.7439;12.9472;0.5825;0.462243;-0.0218426;-25.5032
48.5694;12.9472;0.500855;0.488503;-0.0282363;-24.8621
57.3948;12.9472;0.505271;0.511366;-0.0223769;-24.2371
66.2203;12.9472;0.66021;0.531052;-0.0120514;-23.6405
75.0458;12.9472;0.770601;0.538303;-0.00401093;-22.9418
83.8712;12.9472;0.689739;0.54043;0.000918324;-22.0381
92.6967;12.9472;0.595222;0.531679;0.00330457;-21.0481
101.522;12.9472;0.532223;0.51941;0.00403628;-20.0466
110.348;12.9472;0.496348;0.502528;0.00281302;-19.0294
119.173;12.9472;0.456686;0.479497;0.00174034;-17.9732
127.998;12.9472;0.446523;0.454704;0.00216379;-16.9221
136.824;12.9472;0.451835;0.431348;0.000387244;-15.8732
145.649;12.9472;0.454144;0.406844;-0.00390858;-14.8032
154.475;12.9472;0.449011;0.37846;-0.00718496;-13.7031
163.3;12.9472;0.475258;0.348245;-0.00690777;-12.6141
172.126;12.9472;0.495312;0.318951;-0.00860124;-11.5083
180.951;12.9472;0.469334;0.282507;-0.00763123;-10.3203
189.777;12.9472;0.440424;0.239417;-0.00585965;-9.11049
198.602;12.9472;0.512888;0.189508;-0.00296491;-7.99472
207.428;12.9472;0.625062;0.139817;-0.00179637;-6.9085
216.253;12.9472;0.706425;0.091896;-0.00103096;-5.77475
225.078;12.9472;0.739526;0.0405807;-0.000842165;-4.56818
233.904;12.9472;0.727439;-0.0163157;-0.0029138;-3.2963
242.729;12.9472;0.615942;-0.0539045;0.000882226;-1.99483
-233.845;4.12171;0.64131;0.00817984;0.00480137;-1.40621
-225.02;4.12171;0.720313;-0.00536601;-0.00116848;-2.53931
-216.194;4.12171;0.701407;-0.0309709;-0.00404869;-3.67229
-207.369;4.12171;0.590695;-0.0637496;-0.00228471;-4.76554
-198.543;4.12171;0.529861;-0.0945223;-0.000798045;-5.86622
-189.718;4.12171;0.54309;-0.118014;-0.00510159;-6.99842
-180.892;4.12171;0.603383;-0.138102;-0.00956772;-8.15765
-172.067;4.12171;0.567089;-0.161439;-0.0155647;-9.26731
-163.242;4.12171;0.47528;-0.18509;-0.0246193;-10.3684
-154.416;4.12171;0.447919;-0.200042;-0.0385373;-11.4781
-145.591;4.12171;0.503964;-0.209665;-0.0525754;-12.5793
-136.765;4.12171;0.511707;-0.225284;-0.0600397;-13.6747
-127.94;4.12171;0.496112;-0.238148;-0.0622784;-14.7423
-119.114;4.12171;0.485832;-0.248946;-0.0583392;-15.7911
-110.289;4.12171;0.472993;-0.265021;-0.0534134;-16.8481
-101.463;4.12171;0.442604;-0.27849;-0.0476855;-17.8775
-92.6379;4.12171;0.398254;-0.28139;-0.0404988;-18.8545
-83.8124;4.12171;0.369416;-0.277968;-0.0314939;-19.7941
-74.987;4.12171;0.38215;-0.277442;-0.0229994;-20.7432
-66.1615;4.12171;0.400456;-0.268458;-0.0172183;-21.6611
-57.3361;4.12171;0.401448;-0.254761;-0.00865352;-22.546
-48.5106;4.12171;0.414153;-0.237991;0.0074837;-23.3998
-39.6852;4.12171;0.474938;-0.215999;0.0352788;-24.2517
-30.8597;4.12171;0.594404;-0.186996;0.0690119;-25.0598
-22.0342;4.12171;0.734883;-0.143229;0.0993454;-25.7759
-13.2088;4.12171;0.807572;-0.0933925;0.120764;-26.311
-4.38334;4.12171;0.511373;-0.0321349;0.133813;-26.4845
4.44212;4.12171;0.0737226;0.0535036;0.112481;-26.2932
13.2676;4.12171;-0.144765;0.174599;0.0520624;-26.1245
22.093;4.12171;0.0490373;0.298169;-0.01051;-26.0994
30.9185;4.12171;0.212286;0.403368;-0.0520669;-25.9684
39.7439;4.12171;0.1346;0.471571;-0.0788702;-25.4875
48.5694;4.12171;0.111664;0.508213;-0.0884782;-24.8936
57.3948;4.12171;0.251721;0.539973;-0.0801758;-24.3825
66.2203;4.12171;0.50095;0.559855;-0.0635457;-23.8547
75.0458;4.12171;0.655497;0.564402;-0.048034;-23.1757
83.8712;4.12171;0.576704;0.562734;-0.0368008;-22.2463
92.6967;4.12171;0.444012;0.550659;-0.0309208;-21.1906
101.522;4.12171;0.326647;0.538188;-0.0278548;-20.1204
110.348;4.12171;0.260425;0.522786;-0.0253321;-19.0657
119.173;4.12171;0.257004;0.498276;-0.0211789;-18.0248
127.998;4.12171;0.311554;0.473127;-0.0187472;-17.0197
136.824;4.12171;0.362784;0.451618;-0.020173;-16.0038
145.649;4.12171;0.394481;0.426055;-0.0226349;-14.9396
154.475;4.12171;0.412147;0.394673;-0.0227457;-13.8337
163.3;4.12171;0.444187;0.365157;-0.0198568;-12.7389
172.126;4.12171;0.468355;0.33358;-0.0179211;-11.6154
180.951;4.12171;0.451117;0.293645;-0.0137504;-10.4124
189.777;4.12171;0.430231;0.248869;-0.00887782;-9.19416
198.602;4.12171;0.47845;0.200151;-0.00474252;-8.04726
207.428;4.12171;0.600553;0.149546;-0.00324671;-6.96446
216.253;4.12171;0.686473;0.100914;-0.00315568;-5.83627
225.078;4.12171;0.707491;0.049936;-0.00216524;-4.62554
233.904;4.12171;0.668158;-0.00821346;0.00017558;-3.32299
242.729;4.12171;0.609833;-0.0516253;0.00579599;-2.01105
251.555;4.12171;0.671823;-0.041875;0.0107922;-0.78896
-233.845;-4.70375;0.586829;0.0149129;0.00515255;-1.4131
-225.02;-4.70375;0.660359;-0.0012968;0.000961485;-2.56002
-216.194;-4.70375;0.623554;-0.0305495;-0.00129141;-3.6828
-207.369;-4.70375;0.49183;-0.0686273;-0.000293172;-4.7714
-198.543;-4.70375;0.421979;-0.0997956;-0.00150356;-5.86345
-189.718;-4.70375;0.445935;-0.121371;-0.00651145;-6.99928
-180.892;-4.70375;0.554157;-0.141452;-0.00792186;-8.18607
-172.067;-4.70375;0.573258;-0.16068;-0.0129144;-9.33106
-163.242;-4.70375;0.522681;-0.173902;-0.0252519;-10.4454
-154.416;-4.70375;0.505238;-0.180255;-0.0437802;-11.5653
-145.591;-4.70375;0.540459;-0.18971;-0.0590326;-12.6745
-136.765;-4.70375;0.518629;-0.21311;-0.0675495;-13.7869
-127.94;-4.70375;0.480418;-0.230204;-0.0695472;-14.8563
-119.114;-4.70375;0.475863;-0.244723;-0.0652083;-15.91
-110.289;-4.70375;0.463953;-0.25962;-0.0631483;-16.9739
-101.463;-4.70375;0.426667;-0.269732;-0.0632474;-18.0046
-92.6379;-4.70375;0.373882;-0.272856;-0.0622775;-18.9872
-83.8124;-4.70375;0.333054;-0.273477;-0.056867;-19.942
-74.987;-4.70375;0.336883;-0.273621;-0.0494428;-20.9063
-66.1615;-4.70375;0.356957;-0.26892;-0.0450141;-21.8476
-57.3361;-4.70375;0.363312;-0.258707;-0.0403096;-22.7542
-48.5106;-4.70375;0.376029;-0.241958;-0.0284308;-23.6199
-39.6852;-4.70375;0.420881;-0.217161;-0.00636898;-24.4555
-30.8597;-4.70375;0.502915;-0.183472;0.0207473;-25.233
-22.0342;-4.70375;0.582725;-0.136987;0.0466204;-25.9077
-13.2088;-4.70375;0.52164;-0.0853164;0.0676088;-26.3732
-4.38334;-4.70375;0.045381;-0.0169682;0.0769065;-26.3873
4.44212;-4.70375;-0.382368;0.0805318;0.0418254;-26.1865
13.2676;-4.70375;-0.370369;0.213359;-0.0209741;-26.2158
22.093;-4.70375;0.0774708;0.324015;-0.0745156;-26.3295
30.9185;-4.70375;0.20822;0.409908;-0.103374;-26.1806
39.7439;-4.70375;0.128764;0.467432;-0.127538;-25.6338
48.5694;-4.70375;0.142907;0.50733;-0.137267;-25.0738
57.3948;-4.70375;0.279458;0.53922;-0.130429;-24.5519
66.2203;-4.70375;0.45502;0.559385;-0.114336;-23.9629
75.0458;-4.70375;0.543961;0.565054;-0.0977599;-23.2098
83.8712;-4.70375;0.434408;0.562485;-0.0841713;-22.2277
92.6967;-4.70375;0.260757;0.551746;-0.076616;-21.1278
101.522;-4.70375;0.116511;0.540805;-0.0713826;-20.0331
110.348;-4.70375;0.0722964;0.526549;-0.0651969;-18.9986
119.173;-4.70375;0.165077;0.505406;-0.0572996;-18.0518
127.998;-4.70375;0.307964;0.482917;-0.0524609;-17.1293
136.824;-4.70375;0.392569;0.461821;-0.0513836;-16.1355
145.649;-4.70375;0.437831;0.435539;-0.0496959;-15.0678
154.475;-4.70375;0.46951;0.405213;-0.045307;-13.9625
163.3;-4.70375;0.504238;0.377531;-0.0398063;-12.8671
172.126;-4.70375;0.525109;0.343649;-0.0338199;-11.7311
180.951;-4.70375;0.498228;0.301178;-0.0248719;-10.5142
189.777;-4.70375;0.458899;0.254416;-0.0151322;-9.27391
198.602;-4.70375;0.467099;0.206457;-0.00822307;-8.08179
207.428;-4.70375;0.568109;0.156352;-0.00631948;-6.96724
216.253;-4.70375;0.647953;0.106574;-0.00530023;-5.82655
225.078;-4.70375;0.668646;0.05444;-0.00211419;-4.61229
233.904;-4.70375;0.627412;-0.00181438;0.00468795;-3.31427
242.729;-4.70375;0.563226;-0.0441528;0.0111532;-2.02749
251.555;-4.70375;0.623722;-0.0386084;0.0125542;-0.820024
-233.845;-13.5292;0.587594;0.0249881;0.0112234;-1.39191
-225.02;-13.5292;0.641943;0.0101604;0.00932543;-2.55977
-216.194;-13.5292;0.607711;-0.0204685;0.00939583;-3.68767
-207.369;-13.5292;0.536124;-0.0601113;0.00745991;-4.79808
-198.543;-13.5292;0.493033;-0.0926139;0.00219935;-5.90908
-189.718;-13.5292;0.510879;-0.116058;-0.00476645;-7.05031
-180.892;-13.5292;0.594181;-0.134959;-0.00822154;-8.22898
-172.067;-13.5292;0.596452;-0.148735;-0.0171502;-9.37558
-163.242;-13.5292;0.54583;-0.154559;-0.0336299;-10.4844
-154.416;-13.5292;0.525537;-0.159079;-0.0527606;-11.6062
-145.591;-13.5292;0.541726;-0.17281;-0.0650905;-12.7219
-136.765;-13.5292;0.505707;-0.199062;-0.0714289;-13.8342
-127.94;-13.5292;0.46875;-0.216036;-0.0745047;-14.8944
-119.114;-13.5292;0.46394;-0.232792;-0.0737231;-15.9541
-110.289;-13.5292;0.441703;-0.247381;-0.0763713;-17.0065
-101.463;-13.5292;0.397053;-0.255871;-0.0812632;-18.0263
-92.6379;-13.5292;0.351009;-0.25874;-0.0853756;-19.0122
-83.8124;-13.5292;0.323218;-0.259683;-0.085915;-19.9897
-74.987;-13.5292;0.316737;-0.258491;-0.0842251;-20.9604
-66.1615;-13.5292;0.323542;-0.255267;-0.0833739;-21.9036
-57.3361;-13.5292;0.31604;-0.250897;-0.0803432;-22.8177
-48.5106;-13.5292;0.328747;-0.236826;-0.0712528;-23.6842
-39.6852;-13.5292;0.375191;-0.208597;-0.0586433;-24.5092
-30.8597;-13.5292;0.435156;-0.169645;-0.044905;-25.2449
-22.0342;-13.5292;0.456142;-0.122271;-0.0290878;-25.8534
-13.2088;-13.5292;0.312479;-0.0679037;-0.0123631;-26.2722
-4.38334;-13.5292;-0.0890527;0.0119247;-0.00783285;-26.3393
4.44212;-13.5292;-0.239082;0.120311;-0.0440102;-26.3519
13.2676;-13.5292;-0.000141692;0.245305;-0.101032;-26.5139
22.093;-13.5292;0.373564;0.342647;-0.142474;-26.6041
30.9185;-13.5292;0.366965;0.403559;-0.15355;-26.3501
39.7439;-13.5292;0.294649;0.449405;-0.169703;-25.7693
48.5694;-13.5292;0.299878;0.48901;-0.178201;-25.1971
57.3948;-13.5292;0.350282;0.519082;-0.173005;-24.5858
66.2203;-13.5292;0.40159;0.539754;-0.158709;-23.8879
75.0458;-13.5292;0.420153;0.548896;-0.14322;-23.063
83.8712;-13.5292;0.301579;0.550891;-0.129239;-22.0719
92.6967;-13.5292;0.126453;0.547711;-0.119574;-20.9933
101.522;-13.5292;0.0290961;0.539725;-0.110007;-19.9573
110.348;-13.5292;0.0883011;0.525788;-0.0999252;-19.0252
119.173;-13.5292;0.303357;0.506341;-0.0909835;-18.1913
127.998;-13.5292;0.504357;0.48589;-0.086239;-17.3183
136.824;-13.5292;0.541989;0.465607;-0.0805112;-16.2806
145.649;-13.5292;0.549204;0.43891;-0.0726551;-15.1699
154.475;-13.5292;0.586949;0.410213;-0.0650931;-14.0624
163.3;-13.5292;0.625654;0.382699;-0.0581975;-12.9645
172.126;-13.5292;0.615866;0.347372;-0.0495815;-11.8088
180.951;-13.5292;0.555324;0.304058;-0.0371093;-10.5733
189.777;-13.5292;0.491494;0.25751;-0.0243366;-9.31527
198.602;-13.5292;0.481858;0.210795;-0.0156929;-8.09696
207.428;-13.5292;0.579637;0.160125;-0.0126024;-6.96222
216.253;-13.5292;0.672441;0.107133;-0.00850714;-5.8145
225.078;-13.5292;0.707555;0.0517206;-0.00103904;-4.60188
233.904;-13.5292;0.693299;0.00137079;0.00823442;-3.33016
242.729;-13.5292;0.677379;-0.0365057;0.0153536;-2.06095
-233.845;-22.3547;0.594305;0.0322282;0.0174971;-1.36003
-225.02;-22.3547;0.650664;0.0298759;0.0148528;-2.49522
-216.194;-22.3547;0.616242;-0.00306565;0.0151974;-3.63872
-207.369;-22.3547;0.589395;-0.0439252;0.0125123;-4.78316
-198.543;-22.3547;0.599601;-0.0763264;0.00583602;-5.91852
-189.718;-22.3547;0.618345;-0.101268;-0.00129444;-7.06636
-180.892;-22.3547;0.648635;-0.119918;-0.00912786;-8.21245
-172.067;-22.3547;0.58451;-0.130345;-0.0250442;-9.32939
-163.242;-22.3547;0.505659;-0.134502;-0.0457732;-10.4192
-154.416;-22.3547;0.488878;-0.143184;-0.061985;-11.5437
-145.591;-22.3547;0.510574;-0.161717;-0.0716518;-12.6702
-136.765;-22.3547;0.49563;-0.186309;-0.0797132;-13.7872
-127.94;-22.3547;0.47266;-0.203119;-0.0869024;-14.8605
-119.114;-22.3547;0.460016;-0.220497;-0.0908497;-15.9296
-110.289;-22.3547;0.416012;-0.234387;-0.097029;-16.9631
-101.463;-22.3547;0.359792;-0.243214;-0.105117;-17.9639
-92.6379;-22.3547;0.325532;-0.247477;-0.112928;-18.9481
-83.8124;-22.3547;0.32305;-0.247827;-0.119322;-19.9402
-74.987;-22.3547;0.319863;-0.243915;-0.124223;-20.9056
-66.1615;-22.3547;0.307588;-0.2389;-0.128536;-21.8309
-57.3361;-22.3547;0.276098;-0.237043;-0.127214;-22.726
-48.5106;-22.3547;0.282678;-0.223598;-0.120446;-23.5791
-39.6852;-22.3547;0.345994;-0.192155;-0.11608;-24.3925
-30.8597;-22.3547;0.426049;-0.148203;-0.116715;-25.1164
-22.0342;-22.3547;0.442885;-0.0968371;-0.116964;-25.7168
-13.2088;-22.3547;0.334516;-0.0329249;-0.115197;-26.131
-4.38334;-22.3547;0.135706;0.0478433;-0.116601;-26.3002
4.44212;-22.3547;0.213395;0.15255;-0.145227;-26.4746
13.2676;-22.3547;0.429763;0.252872;-0.177354;-26.5991
22.093;-22.3547;0.499363;0.32562;-0.189157;-26.5357
30.9185;-22.3547;0.378285;0.376959;-0.18496;-26.1544
39.7439;-22.3547;0.325632;0.42536;-0.197971;-25.6115
48.5694;-22.3547;0.342644;0.466428;-0.207345;-25.0493
57.3948;-22.3547;0.351324;0.496477;-0.204913;-24.3955
66.2203;-22.3547;0.339289;0.516619;-0.193335;-23.6415
75.0458;-22.3547;0.335253;0.527054;-0.179659;-22.8056
83.8712;-22.3547;0.2797;0.531869;-0.166597;-21.8899
92.6967;-22.3547;0.176577;0.535438;-0.154909;-20.9085
101.522;-22.3547;0.180236;0.529876;-0.140622;-19.9814
110.348;-22.3547;0.346415;0.516172;-0.127571;-19.1519
119.173;-22.3547;0.613049;0.497139;-0.119574;-18.3602
127.998;-22.3547;0.728912;0.480125;-0.11382;-17.42
136.824;-22.3547;0.64122;0.459974;-0.102606;-16.2717
145.649;-22.3547;0.587142;0.435066;-0.088372;-15.1121
154.475;-22.3547;0.633909;0.40867;-0.0764925;-14.0166
163.3;-22.3547;0.71162;0.378784;-0.0678272;-12.9423
172.126;-22.3547;0.718391;0.342203;-0.0589653;-11.8029
180.951;-22.3547;0.671426;0.299149;-0.045446;-10.5862
189.777;-22.3547;0.628721;0.252967;-0.0308793;-9.35051
198.602;-22.3547;0.640301;0.20629;-0.0198993;-8.14822
207.428;-22.3547;0.724415;0.154935;-0.0137018;-6.9962
216.253;-22.3547;0.811812;0.0983631;-0.00621823;-5.81918
225.078;-22.3547;0.853397;0.0408253;0.0042465;-4.5899
233.904;-22.3547;0.827459;-0.00503437;0.0134019;-3.33545
242.729;-22.3547;0.791608;-0.0296331;0.0197202;-2.10914
-233.845;-31.1801;0.614076;0.045055;0.0248924;-1.29515
-225.02;-31.1801;0.595656;0.0293773;0.0201609;-2.41364
-216.194;-31.1801;0.562302;0.00705628;0.0180622;-3.53196
-207.369;-31.1801;0.551527;-0.03265;0.0152661;-4.69335
-198.543;-31.1801;0.601751;-0.0636118;0.00988343;-5.84583
-189.718;-31.1801;0.630051;-0.0865613;0.0016544;-6.98469
-180.892;-31.1801;0.635522;-0.102008;-0.0109338;-8.10579
-172.067;-31.1801;0.550803;-0.109085;-0.0330509;-9.20733
-163.242;-31.1801;0.471253;-0.114989;-0.0559834;-10.3007
-154.416;-31.1801;0.462374;-0.129168;-0.0696757;-11.4273
-145.591;-31.1801;0.493008;-0.151301;-0.0795672;-12.5558
-136.765;-31.1801;0.500851;-0.175004;-0.0927869;-13.6766
-127.94;-31.1801;0.495423;-0.194661;-0.10612;-14.7796
-119.114;-31.1801;0.471417;-0.211236;-0.113406;-15.8445
-110.289;-31.1801;0.40767;-0.22354;-0.121239;-16.855
-101.463;-31.1801;0.337795;-0.233531;-0.131897;-17.8325
-92.6379;-31.1801;0.305451;-0.240901;-0.143048;-18.8058
-83.8124;-31.1801;0.318424;-0.242529;-0.153927;-19.7895
-74.987;-31.1801;0.328877;-0.236771;-0.163473;-20.7413
-66.1615;-31.1801;0.303383;-0.231735;-0.171208;-21.6214
-57.3361;-31.1801;0.263655;-0.224568;-0.172588;-22.5336
-48.5106;-31.1801;0.26949;-0.166109;-0.165854;-23.9896
-39.6852;-31.1801;0.340344;-0.148936;-0.169816;-24.447
-30.8597;-31.1801;0.431562;-0.129443;-0.180371;-24.7836
-22.0342;-31.1801;0.455733;-0.073541;-0.190461;-25.3997
-13.2088;-31.1801;0.418518;-0.00495904;-0.200311;-25.7911
-4.38334;-31.1801;0.349786;0.0772132;-0.210286;-26.0101
4.44212;-31.1801;0.36403;0.161212;-0.222248;-26.1779
13.2676;-31.1801;0.427513;0.238485;-0.228546;-26.2325
22.093;-31.1801;0.438535;0.30479;-0.226421;-26.0979
30.9185;-31.1801;0.342024;0.356741;-0.221176;-25.7312
39.7439;-31.1801;0.334711;0.402068;-0.228547;-25.25
48.5694;-31.1801;0.358249;0.443108;-0.233254;-24.7162
57.3948;-31.1801;0.352648;0.474865;-0.229785;-24.0718
66.2203;-31.1801;0.332375;0.494807;-0.219088;-23.319
75.0458;-31.1801;0.339282;0.504764;-0.205215;-22.503
83.8712;-31.1801;0.341387;0.511707;-0.190979;-21.6693
92.6967;-31.1801;0.313877;0.518988;-0.17656;-20.7899
101.522;-31.1801;0.381321;0.515943;-0.159602;-19.9428
110.348;-31.1801;0.553308;0.505125;-0.146104;-19.135
119.173;-31.1801;0.74457;0.488757;-0.139401;-18.2867
127.998;-31.1801;0.765873;0.471399;-0.133031;-17.257
136.824;-31.1801;0.616526;0.449589;-0.117162;-16.048
145.649;-31.1801;0.552903;0.425996;-0.0987459;-14.8854
154.475;-31.1801;0.617078;0.403138;-0.0845149;-13.8186
163.3;-31.1801;0.721476;0.374565;-0.0734821;-12.7731
172.126;-31.1801;0.768816;0.336323;-0.0628173;-11.6688
180.951;-31.1801;0.762551;0.290576;-0.0493527;-10.4861
189.777;-31.1801;0.75484;0.24174;-0.0354399;-9.28096
198.602;-31.1801;0.779572;0.193276;-0.0227798;-8.09356
207.428;-31.1801;0.826531;0.141561;-0.0127773;-6.91451
216.253;-31.1801;0.89464;0.0848353;-0.0027065;-5.71609
225.078;-31.1801;0.947507;0.0290184;0.00737848;-4.48756
233.904;-31.1801;0.928101;-0.0175017;0.0159918;-3.21141
242.729;-31.1801;0.878017;-0.0346985;0.0203781;-2.01464
-225.02;-40.0056;0.53267;0.0459904;0.0238307;-2.23766
-216.194;-40.0056;0.463096;0.0197235;0.0185411;-3.34919
-207.369;-40.0056;0.496152;-0.0128358;0.0161056;-4.50634
-198.543;-40.0056;0.553596;-0.0464268;0.0134247;-5.68537
-189.718;-40.0056;0.559877;-0.068384;0.00218065;-6.81844
-180.892;-40.0056;0.550657;-0.0784823;-0.0173231;-7.92787
-172.067;-40.0056;0.517587;-0.0837471;-0.0442886;-9.02962
-163.242;-40.0056;0.483863;-0.0941604;-0.0666328;-10.1418
-154.416;-40.0056;0.475939;-0.11327;-0.0791156;-11.2581
-145.591;-40.0056;0.489866;-0.138371;-0.0908422;-12.3688
-136.765;-40.0056;0.497651;-0.164024;-0.107716;-13.4771
-127.94;-40.0056;0.512233;-0.186396;-0.12327;-14.5953
-119.114;-40.0056;0.491157;-0.201079;-0.131718;-15.6636
-110.289;-40.0056;0.427869;-0.211865;-0.140594;-16.6649
-101.463;-40.0056;0.352606;-0.222335;-0.153221;-17.6203
-92.6379;-40.0056;0.311713;-0.231255;-0.167604;-18.5725
-83.8124;-40.0056;0.320076;-0.234022;-0.183538;-19.5365
-74.987;-40.0056;0.32875;-0.229141;-0.196926;-20.4662
-66.1615;-40.0056;0.301596;-0.222818;-0.206149;-21.3369
-30.8597;-40.0056;0.396887;-0.112266;-0.230139;-24.361
-22.0342;-40.0056;0.374204;-0.0574657;-0.240541;-24.9166
-13.2088;-40.0056;0.37098;0.0108031;-0.251402;-25.2872
-4.38334;-40.0056;0.359939;0.0906218;-0.261777;-25.5246
4.44212;-40.0056;0.358153;0.163898;-0.266607;-25.6455
13.2676;-40.0056;0.360885;0.227807;-0.26228;-25.6375
22.093;-40.0056;0.351181;0.283448;-0.252895;-25.4785
30.9185;-40.0056;0.316683;0.332126;-0.25002;-25.1658
39.7439;-40.0056;0.306453;0.376287;-0.253339;-24.7311
48.5694;-40.0056;0.307136;0.417482;-0.250411;-24.2173
57.3948;-40.0056;0.299846;0.450431;-0.241662;-23.5981
66.2203;-40.0056;0.298297;0.472441;-0.23107;-22.8807
75.0458;-40.0056;0.320123;0.48562;-0.220686;-22.1039
83.8712;-40.0056;0.340604;0.495569;-0.20665;-21.313
92.6967;-40.0056;0.347603;0.501242;-0.189921;-20.4819
101.522;-40.0056;0.404648;0.499408;-0.172378;-19.6441
110.348;-40.0056;0.504101;0.491166;-0.159615;-18.7878
119.173;-40.0056;0.590771;0.476448;-0.152983;-17.8587
127.998;-40.0056;0.572855;0.457509;-0.145861;-16.7892
136.824;-40.0056;0.483158;0.4347;-0.12834;-15.6321
145.649;-40.0056;0.470106;0.411313;-0.108859;-14.5206
154.475;-40.0056;0.542991;0.389572;-0.093211;-13.4764
163.3;-40.0056;0.639676;0.361391;-0.0798316;-12.436
172.126;-40.0056;0.70854;0.322897;-0.0683009;-11.3558
180.951;-40.0056;0.734728;0.277608;-0.0562477;-10.2092
189.777;-40.0056;0.749512;0.22978;-0.0439666;-9.0347
198.602;-40.0056;0.767098;0.183866;-0.0312456;-7.85923
207.428;-40.0056;0.77246;0.133914;-0.0192903;-6.65905
216.253;-40.0056;0.816959;0.0806327;-0.00903441;-5.46031
225.078;-40.0056;0.878216;0.0273986;0.000742983;-4.25347
233.904;-40.0056;0.918452;-0.0187458;0.00854586;-3.01047
242.729;-40.0056;0.931893;-0.0353694;0.0147654;-1.81195
-225.02;-48.831;0.515857;0.0701801;0.0250941;-2.04662
-216.194;-48.831;0.424254;0.0373014;0.0174142;-3.15883
-207.369;-48.831;0.498711;0.0101573;0.0165222;-4.30715
-198.543;-48.831;0.547367;-0.0225549;0.0151374;-5.49265
-189.718;-48.831;0.504605;-0.0404585;-0.000774065;-6.61135
-180.892;-48.831;0.473506;-0.0446066;-0.0285853;-7.70631
-172.067;-48.831;0.501996;-0.0535147;-0.0581199;-8.8124
-163.242;-48.831;0.515844;-0.0720433;-0.0777486;-9.93886
-154.416;-48.831;0.489773;-0.0965578;-0.0894037;-11.029
-145.591;-48.831;0.454701;-0.125538;-0.102225;-12.1077
-136.765;-48.831;0.445926;-0.153467;-0.119811;-13.1923
-127.94;-48.831;0.478667;-0.172319;-0.132655;-14.3048
-119.114;-48.831;0.494499;-0.182829;-0.141405;-15.3654
-110.289;-48.831;0.448697;-0.192432;-0.152516;-16.3678
-101.463;-48.831;0.388004;-0.202382;-0.165992;-17.3182
-92.6379;-48.831;0.354476;-0.210541;-0.182507;-18.2554
-83.8124;-48.831;0.352069;-0.213058;-0.203367;-19.1933
-74.987;-48.831;0.346714;-0.209895;-0.220162;-20.0665
-66.1615;-48.831;0.319148;-0.202274;-0.231631;-20.9289
-57.3361;-48.831;0.295741;-0.197727;-0.236261;-21.7573
-30.8597;-48.831;0.30573;-0.095649;-0.268351;-23.7955
-22.0342;-48.831;0.266388;-0.0424453;-0.274517;-24.298
-13.2088;-48.831;0.289453;0.0236256;-0.278565;-24.6491
-4.38334;-48.831;0.317518;0.0951143;-0.282821;-24.883
4.44212;-48.831;0.317354;0.161604;-0.286066;-24.9836
13.2676;-48.831;0.295406;0.21812;-0.281258;-24.9409
22.093;-48.831;0.270047;0.264925;-0.270516;-24.7617
30.9185;-48.831;0.253287;0.308797;-0.268415;-24.4796
39.7439;-48.831;0.229512;0.350828;-0.270596;-24.0661
48.5694;-48.831;0.210156;0.391514;-0.268736;-23.56
57.3948;-48.831;0.209125;0.42542;-0.262084;-22.974
66.2203;-48.831;0.217038;0.451194;-0.254017;-22.2998
75.0458;-48.831;0.219822;0.46849;-0.246993;-21.5411
83.8712;-48.831;0.205306;0.482698;-0.237476;-20.7564
92.6967;-48.831;0.212207;0.484533;-0.219634;-19.9349
101.522;-48.831;0.228369;0.478738;-0.199746;-19.06
110.348;-48.831;0.251333;0.468733;-0.184363;-18.1377
119.173;-48.831;0.27681;0.454979;-0.174066;-17.1676
127.998;-48.831;0.294588;0.437171;-0.16289;-16.1449
136.824;-48.831;0.331697;0.416478;-0.144607;-15.1183
145.649;-48.831;0.38887;0.393644;-0.123687;-14.0862
154.475;-48.831;0.455767;0.369589;-0.104319;-13.0531
163.3;-48.831;0.516834;0.33984;-0.0871798;-12.0008
172.126;-48.831;0.564363;0.303814;-0.0744442;-10.9193
180.951;-48.831;0.584572;0.264649;-0.063501;-9.78992
189.777;-48.831;0.593898;0.22323;-0.0531297;-8.63164
198.602;-48.831;0.60205;0.179968;-0.0415084;-7.45961
207.428;-48.831;0.60957;0.131391;-0.0297931;-6.27364
216.253;-48.831;0.655738;0.0798407;-0.0196814;-5.08969
225.078;-48.831;0.718018;0.0291749;-0.0116667;-3.91438
233.904;-48.831;0.773504;-0.0229936;-0.00491821;-2.69309
242.729;-48.831;0.791984;-0.0503473;0.00481899;-1.49008
-225.02;-57.6565;0.587531;0.0957957;0.0256788;-1.89456
-216.194;-57.6565;0.49407;0.0554655;0.0179999;-2.98838
-207.369;-57.6565;0.546607;0.0249925;0.0204903;-4.1188
-198.543;-57.6565;0.587229;0.00181831;0.0174733;-5.27803
-189.718;-57.6565;0.526642;-0.00622507;-0.00589766;-6.39341
-180.892;-57.6565;0.496452;-0.00686574;-0.0382035;-7.47503
-172.067;-57.6565;0.513218;-0.0229588;-0.0652718;-8.56746
-163.242;-57.6565;0.51169;-0.0471303;-0.0813695;-9.6702
-154.416;-57.6565;0.466042;-0.0726681;-0.0922202;-10.7173
-145.591;-57.6565;0.403086;-0.102366;-0.105651;-11.7593
-136.765;-57.6565;0.375567;-0.13147;-0.123444;-12.8212
-127.94;-57.6565;0.432479;-0.150901;-0.134547;-13.9217
-119.114;-57.6565;0.46182;-0.160907;-0.144345;-14.9685
-110.289;-57.6565;0.424836;-0.169665;-0.159161;-15.9631
-101.463;-57.6565;0.381769;-0.177666;-0.175231;-16.9019
-92.6379;-57.6565;0.353058;-0.185673;-0.191476;-17.8206
-83.8124;-57.6565;0.333775;-0.190041;-0.211388;-18.7301
-74.987;-57.6565;0.319523;-0.187073;-0.233411;-19.5659
-30.8597;-57.6565;0.265825;-0.0822622;-0.29997;-23.0933
-22.0342;-57.6565;0.220834;-0.0294423;-0.305496;-23.5661
-13.2088;-57.6565;0.222781;0.0336688;-0.307878;-23.8944
-4.38334;-57.6565;0.247654;0.0964133;-0.309808;-24.1186
4.44212;-57.6565;0.252111;0.155541;-0.311151;-24.2081
13.2676;-57.6565;0.225845;0.207485;-0.306251;-24.1524
22.093;-57.6565;0.191469;0.25073;-0.295329;-23.9689
30.9185;-57.6565;0.17395;0.290307;-0.291888;-23.6948
39.7439;-57.6565;0.15345;0.33047;-0.296342;-23.2997
48.5694;-57.6565;0.138388;0.369459;-0.300206;-22.818
57.3948;-57.6565;0.144304;0.403058;-0.300422;-22.2651
66.2203;-57.6565;0.138564;0.43121;-0.296692;-21.6147
75.0458;-57.6565;0.0958834;0.450882;-0.291247;-20.852
83.8712;-57.6565;0.0292276;0.467373;-0.285331;-20.0634
92.6967;-57.6565;0.0249584;0.469181;-0.269773;-19.255
101.522;-57.6565;0.0238432;0.461483;-0.24939;-18.3755
110.348;-57.6565;0.0304239;0.44906;-0.230408;-17.4424
119.173;-57.6565;0.0712627;0.435431;-0.214195;-16.4985
127.998;-57.6565;0.181439;0.418406;-0.195393;-15.5808
136.824;-57.6565;0.302636;0.399463;-0.171394;-14.6546
145.649;-57.6565;0.393196;0.377477;-0.143764;-13.6798
154.475;-57.6565;0.45626;0.348732;-0.118022;-12.657
163.3;-57.6565;0.506113;0.314955;-0.0963332;-11.6083
172.126;-57.6565;0.561556;0.27981;-0.0801667;-10.5455
180.951;-57.6565;0.595027;0.245606;-0.0672122;-9.44313
189.777;-57.6565;0.614899;0.207871;-0.0561006;-8.3092
198.602;-57.6565;0.634278;0.164036;-0.0431834;-7.15283
207.428;-57.6565;0.667311;0.115857;-0.0314307;-5.99023
216.253;-57.6565;0.723814;0.0661514;-0.0211569;-4.82939
225.078;-57.6565;0.755971;0.0167453;-0.0128197;-3.65076
233.904;-57.6565;0.771143;-0.0321109;-0.00579518;-2.41446
242.729;-57.6565;0.782254;-0.0756422;0.00639242;-1.17259
-216.194;-66.4819;0.57222;0.0700843;0.0243502;-2.78525
-207.369;-66.4819;0.575619;0.0395468;0.024957;-3.88078
-198.543;-66.4819;0.58704;0.0251122;0.0147894;-4.99255
-189.718;-66.4819;0.554669;0.0298778;-0.0128833;-6.06671
-180.892;-66.4819;0.515707;0.0236524;-0.0421286;-7.14358
-172.067;-66.4819;0.500194;0.0020733;-0.0638743;-8.22638
-163.242;-66.4819;0.491612;-0.0236885;-0.0762713;-9.31403
-154.416;-66.4819;0.460068;-0.0482081;-0.0872353;-10.3574
-145.591;-66.4819;0.403016;-0.0757508;-0.102871;-11.3869
-136.765;-66.4819;0.353459;-0.106026;-0.122045;-12.4226
-127.94;-66.4819;0.348489;-0.133009;-0.135827;-13.4935
-119.114;-66.4819;0.353017;-0.144818;-0.149932;-14.5094
-110.289;-66.4819;0.331421;-0.150275;-0.169223;-15.4729
-101.463;-66.4819;0.308996;-0.155666;-0.188696;-16.3889
-92.6379;-66.4819;0.283221;-0.164232;-0.206392;-17.2879
-83.8124;-66.4819;0.253346;-0.170467;-0.22736;-18.1693
-74.987;-66.4819;0.236845;-0.167153;-0.253988;-18.9795
-30.8597;-66.4819;0.265364;-0.0669969;-0.342197;-22.3323
-22.0342;-66.4819;0.240611;-0.0174912;-0.353461;-22.7718
-13.2088;-66.4819;0.203674;0.0407696;-0.360332;-23.0654
-4.38334;-66.4819;0.19594;0.0963783;-0.363619;-23.2677
4.44212;-66.4819;0.206474;0.147739;-0.362783;-23.3511
13.2676;-66.4819;0.19305;0.194801;-0.355449;-23.3005
22.093;-66.4819;0.164562;0.237126;-0.342271;-23.1365
30.9185;-66.4819;0.153206;0.274803;-0.334557;-22.8767
39.7439;-66.4819;0.156183;0.313115;-0.336248;-22.5134
48.5694;-66.4819;0.168478;0.3481;-0.33946;-22.0759
57.3948;-66.4819;0.18255;0.380724;-0.34402;-21.5573
66.2203;-66.4819;0.166936;0.411186;-0.34419;-20.9355
75.0458;-66.4819;0.113126;0.43374;-0.335058;-20.2092
83.8712;-66.4819;0.0559162;0.447549;-0.323123;-19.4543
92.6967;-66.4819;0.0590242;0.452361;-0.307406;-18.681
101.522;-66.4819;0.086507;0.447741;-0.287028;-17.8528
110.348;-66.4819;0.142358;0.433919;-0.264753;-16.9744
119.173;-66.4819;0.242274;0.414963;-0.24306;-16.086
127.998;-66.4819;0.401243;0.396512;-0.219062;-15.2382
136.824;-66.4819;0.58358;0.376934;-0.192554;-14.39
145.649;-66.4819;0.672661;0.354689;-0.160918;-13.4406
154.475;-66.4819;0.694372;0.324114;-0.130777;-12.3958
163.3;-66.4819;0.696603;0.289432;-0.104892;-11.3114
172.126;-66.4819;0.724576;0.255262;-0.0838826;-10.2346
180.951;-66.4819;0.735994;0.222866;-0.0660922;-9.13085
189.777;-66.4819;0.737141;0.18534;-0.0524151;-7.9952
198.602;-66.4819;0.742636;0.141287;-0.0387551;-6.83897
207.428;-66.4819;0.768098;0.0942847;-0.028017;-5.68281
216.253;-66.4819;0.804414;0.0475159;-0.018641;-4.52659
225.078;-66.4819;0.786447;0.00199336;-0.0115005;-3.34102
233.904;-66.4819;0.76789;-0.0424815;-0.00442332;-2.10013
-216.194;-75.3074;0.605649;0.0937459;0.0348396;-2.50681
-207.369;-75.3074;0.553423;0.0632696;0.0289739;-3.55995
-198.543;-75.3074;0.497033;0.0479179;0.00686478;-4.63304
-189.718;-75.3074;0.415672;0.0412087;-0.0235201;-5.69688
-180.892;-75.3074;0.383445;0.02688;-0.0493404;-6.76309
-172.067;-75.3074;0.388087;0.00315967;-0.0688022;-7.83292
-163.242;-75.3074;0.40354;-0.0203196;-0.0821277;-8.90662
-154.416;-75.3074;0.407959;-0.0397004;-0.0936698;-9.94757
-145.591;-75.3074;0.385525;-0.0618995;-0.108854;-10.9663
-136.765;-75.3074;0.339465;-0.0905321;-0.128545;-11.9692
-127.94;-75.3074;0.298249;-0.117265;-0.14753;-12.9922
-119.114;-75.3074;0.272596;-0.13095;-0.167106;-13.9781
-110.289;-75.3074;0.254781;-0.136377;-0.190312;-14.9203
-101.463;-75.3074;0.245834;-0.13842;-0.213072;-15.8132
-92.6379;-75.3074;0.225623;-0.144372;-0.233395;-16.6876
-83.8124;-75.3074;0.196541;-0.149994;-0.256105;-17.5405
-74.987;-75.3074;0.18578;-0.146039;-0.284178;-18.3299
-66.1615;-75.3074;0.208471;-0.133854;-0.309544;-19.0903
-57.3361;-75.3074;0.215963;-0.119441;-0.334539;-19.781
-30.8597;-75.3074;0.282622;-0.0479697;-0.391675;-21.524
-22.0342;-75.3074;0.297428;-0.00546689;-0.407728;-21.9385
-13.2088;-75.3074;0.252745;0.0475901;-0.421267;-22.2273
-4.38334;-75.3074;0.223328;0.0979875;-0.422562;-22.4063
4.44212;-75.3074;0.240142;0.144171;-0.418901;-22.4948
13.2676;-75.3074;0.25426;0.187339;-0.412262;-22.4859
22.093;-75.3074;0.252437;0.225085;-0.402665;-22.3557
30.9185;-75.3074;0.255173;0.258323;-0.390668;-22.1192
39.7439;-75.3074;0.288289;0.288558;-0.375742;-21.7923
48.5694;-75.3074;0.328097;0.318315;-0.367575;-21.392
57.3948;-75.3074;0.367727;0.350665;-0.372921;-20.919
66.2203;-75.3074;0.419531;0.381985;-0.376368;-20.3802
75.0458;-75.3074;0.467786;0.404319;-0.361953;-19.7629
83.8712;-75.3074;0.479251;0.41642;-0.343252;-19.0792
92.6967;-75.3074;0.431047;0.425833;-0.327054;-18.3074
101.522;-75.3074;0.495407;0.41997;-0.304931;-17.5292
110.348;-75.3074;0.613508;0.404961;-0.277296;-16.7318
119.173;-75.3074;0.720651;0.38568;-0.250491;-15.8822
127.998;-75.3074;0.790333;0.367871;-0.225378;-14.983
136.824;-75.3074;0.928388;0.347094;-0.197447;-14.1213
145.649;-75.3074;0.97511;0.321628;-0.1647;-13.1448
154.475;-75.3074;0.959686;0.289517;-0.132533;-12.0776
163.3;-75.3074;0.928104;0.255795;-0.103635;-10.9751
172.126;-75.3074;0.922018;0.224001;-0.0788281;-9.87719
180.951;-75.3074;0.896167;0.193546;-0.0574988;-8.75767
189.777;-75.3074;0.860502;0.157387;-0.0418336;-7.61053
198.602;-75.3074;0.835382;0.116273;-0.0292905;-6.45248
207.428;-75.3074;0.836327;0.0721606;-0.0205798;-5.29665
216.253;-75.3074;0.840103;0.0274675;-0.0124822;-4.13505
225.078;-75.3074;0.789707;-0.0141045;-0.00555634;-2.95258
233.904;-75.3074;0.77606;-0.045032;-8.66715e-05;-1.76861
-216.194;-84.1328;0.649413;0.109032;0.0450222;-2.16238
-207.369;-84.1328;0.510359;0.0871044;0.033556;-3.17614
-198.543;-84.1328;0.415787;0.0655506;0.00278357;-4.22647
-189.718;-84.1328;0.336162;0.0480508;-0.0267161;-5.27743
-180.892;-84.1328;0.309282;0.0266517;-0.0515996;-6.33564
-172.067;-84.1328;0.326409;0.00193449;-0.0722852;-7.39627
-163.242;-84.1328;0.339865;-0.0212011;-0.0901504;-8.45355
-154.416;-84.1328;0.342576;-0.0400373;-0.106155;-9.48305
-145.591;-84.1328;0.338716;-0.0585301;-0.122811;-10.4855
-136.765;-84.1328;0.324702;-0.0803799;-0.142026;-11.4679
-127.94;-84.1328;0.296056;-0.101558;-0.164635;-12.4543
-119.114;-84.1328;0.26949;-0.116235;-0.190304;-13.4196
-110.289;-84.1328;0.26492;-0.124813;-0.218518;-14.353
-101.463;-84.1328;0.262516;-0.12535;-0.246239;-15.2373
-92.6379;-84.1328;0.246482;-0.126267;-0.269049;-16.0816
-83.8124;-84.1328;0.225029;-0.127774;-0.291081;-16.897
-74.987;-84.1328;0.222802;-0.122867;-0.316408;-17.668
-66.1615;-84.1328;0.248267;-0.109949;-0.339261;-18.3893
-57.3361;-84.1328;0.256403;-0.092232;-0.363145;-19.0304
-48.5106;-84.1328;0.232072;-0.0229359;-0.417985;-20.3758
-39.6852;-84.1328;0.255042;0.0272658;-0.451064;-21.2403
-30.8597;-84.1328;0.31575;-0.0279937;-0.425049;-20.656
-22.0342;-84.1328;0.361282;0.00647221;-0.440163;-21.0537
-13.2088;-84.1328;0.361653;0.0518786;-0.45221;-21.3625
-4.38334;-84.1328;0.35859;0.0983654;-0.449223;-21.5508
4.44212;-84.1328;0.357986;0.142748;-0.439934;-21.6402
13.2676;-84.1328;0.362407;0.180886;-0.432869;-21.6371
22.093;-84.1328;0.362752;0.212075;-0.427368;-21.5259
30.9185;-84.1328;0.367239;0.239428;-0.415457;-21.3198
39.7439;-84.1328;0.412763;0.263594;-0.394393;-21.0331
48.5694;-84.1328;0.511299;0.290567;-0.384513;-20.6803
57.3948;-84.1328;0.559998;0.33096;-0.396568;-20.2446
66.2203;-84.1328;0.633201;0.368456;-0.403977;-19.7801
75.0458;-84.1328;0.73443;0.3891;-0.38693;-19.2513
83.8712;-84.1328;0.797352;0.396561;-0.364297;-18.6198
92.6967;-84.1328;0.745083;0.401552;-0.345144;-17.844
101.522;-84.1328;0.805312;0.392522;-0.31854;-17.0737
110.348;-84.1328;0.920405;0.378261;-0.284425;-16.3105
119.173;-84.1328;1.0245;0.357874;-0.251387;-15.4878
127.998;-84.1328;1.07999;0.336933;-0.219253;-14.5907
136.824;-84.1328;1.16521;0.311273;-0.188329;-13.6823
145.649;-84.1328;1.15346;0.285097;-0.157207;-12.6711
154.475;-84.1328;1.09883;0.254726;-0.124438;-11.5909
163.3;-84.1328;1.05129;0.221389;-0.0914584;-10.487
172.126;-84.1328;1.04159;0.188713;-0.0632924;-9.39306
180.951;-84.1328;0.997286;0.159561;-0.0413115;-8.27683
189.777;-84.1328;0.931793;0.125924;-0.0257669;-7.12964
198.602;-84.1328;0.875517;0.0901122;-0.0143796;-5.97583
207.428;-84.1328;0.850479;0.0508306;-0.007195;-4.82202
216.253;-84.1328;0.832491;0.00872352;-0.000483706;-3.66199
225.078;-84.1328;0.81011;-0.0230454;0.00366848;-2.51288
233.904;-84.1328;0.830316;-0.0463678;0.005979;-1.41355
-216.194;-92.9583;0.702174;0.116948;0.052894;-1.74165
-207.369;-92.9583;0.483982;0.0980752;0.0366504;-2.786
-198.543;-92.9583;0.394513;0.0804437;0.00639734;-3.81233
-189.718;-92.9583;0.370331;0.0568906;-0.0223241;-4.85669
-180.892;-92.9583;0.352061;0.03149;-0.0484961;-5.90763
-172.067;-92.9583;0.35877;0.00731049;-0.070899;-6.94407
-163.242;-92.9583;0.340203;-0.0187788;-0.0932615;-7.97031
-154.416;-92.9583;0.313496;-0.0420246;-0.114597;-8.97895
-145.591;-92.9583;0.307308;-0.0593373;-0.133521;-9.966
-136.765;-92.9583;0.319233;-0.0727344;-0.151527;-10.9341
-127.94;-92.9583;0.313287;-0.0868085;-0.175057;-11.8834
-119.114;-92.9583;0.298146;-0.101314;-0.204177;-12.8215
-110.289;-92.9583;0.319436;-0.112826;-0.233737;-13.74
-101.463;-92.9583;0.321344;-0.115768;-0.26134;-14.6084
-92.6379;-92.9583;0.313812;-0.113445;-0.28621;-15.4325
-83.8124;-92.9583;0.307421;-0.110106;-0.310196;-16.2213
-74.987;-92.9583;0.310184;-0.105794;-0.333938;-16.9708
-66.1615;-92.9583;0.332291;-0.0962039;-0.350648;-17.667
-57.3361;-92.9583;0.349804;-0.0772185;-0.365849;-18.2969
-48.5106;-92.9583;0.330027;-0.0567247;-0.387487;-18.84
-39.6852;-92.9583;0.330358;-0.0401213;-0.409887;-19.3264
-30.8597;-92.9583;0.35948;-0.0176676;-0.428182;-19.7673
-22.0342;-92.9583;0.395313;0.0159201;-0.441315;-20.142
-13.2088;-92.9583;0.414212;0.056373;-0.448584;-20.4411
-4.38334;-92.9583;0.409867;0.0995947;-0.445908;-20.6391
4.44212;-92.9583;0.402055;0.142795;-0.436483;-20.7151
13.2676;-92.9583;0.395077;0.1767;-0.429386;-20.6962
22.093;-92.9583;0.380871;0.203334;-0.425935;-20.585
30.9185;-92.9583;0.363855;0.229852;-0.422902;-20.3845
39.7439;-92.9583;0.376496;0.262414;-0.421306;-20.1059
48.5694;-92.9583;0.487471;0.299269;-0.432988;-19.7784
57.3948;-92.9583;0.551066;0.339645;-0.448177;-19.3893
66.2203;-92.9583;0.630783;0.365803;-0.441268;-18.9443
75.0458;-92.9583;0.724261;0.378725;-0.412931;-18.4464
83.8712;-92.9583;0.780072;0.377815;-0.383718;-17.8212
92.6967;-92.9583;0.761836;0.376587;-0.358663;-17.0723
101.522;-92.9583;0.837905;0.366217;-0.325714;-16.3368
110.348;-92.9583;0.952159;0.351845;-0.285338;-15.6016
119.173;-92.9583;1.06438;0.329413;-0.246087;-14.809
127.998;-92.9583;1.14623;0.302989;-0.206292;-13.9427
136.824;-92.9583;1.18559;0.275228;-0.172262;-12.9975
145.649;-92.9583;1.10536;0.252232;-0.144929;-11.9518
154.475;-92.9583;1.02746;0.225248;-0.115605;-10.88
163.3;-92.9583;1.0006;0.192118;-0.0798734;-9.81344
172.126;-92.9583;1.02673;0.156329;-0.046778;-8.76553
180.951;-92.9583;0.997073;0.127957;-0.025609;-7.68909
189.777;-92.9583;0.930117;0.0978189;-0.0114029;-6.57094
198.602;-92.9583;0.864997;0.0645423;0.000348205;-5.42971
207.428;-92.9583;0.829442;0.0299276;0.00832412;-4.28771
216.253;-92.9583;0.814769;-0.00728755;0.0147427;-3.14902
225.078;-92.9583;0.849997;-0.0342538;0.0151117;-2.06977
-207.369;-101.784;0.457489;0.114656;0.0404972;-2.30759
-198.543;-101.784;0.388544;0.0954624;0.0118211;-3.35582
-189.718;-101.784;0.455483;0.0631312;-0.0169773;-4.44655
-180.892;-101.784;0.46562;0.0365364;-0.0418055;-5.49327
-172.067;-101.784;0.429998;0.0132968;-0.0649103;-6.48793
-163.242;-101.784;0.383062;-0.0153764;-0.0888919;-7.47063
-154.416;-101.784;0.344039;-0.0422259;-0.112553;-8.45199
-145.591;-101.784;0.332016;-0.059316;-0.133;-9.42581
-136.765;-101.784;0.337374;-0.0672637;-0.150828;-10.3749
-127.94;-101.784;0.32139;-0.0751409;-0.173622;-11.283
-119.114;-101.784;0.283981;-0.0886915;-0.202868;-12.1827
-110.289;-101.784;0.298278;-0.100655;-0.232362;-13.0695
-101.463;-101.784;0.288076;-0.106769;-0.260052;-13.9209
-92.6379;-101.784;0.294825;-0.104872;-0.286721;-14.7284
-83.8124;-101.784;0.317045;-0.100653;-0.313127;-15.4881
-74.987;-101.784;0.329021;-0.0987608;-0.337874;-16.201
-66.1615;-101.784;0.330447;-0.0942809;-0.354346;-16.8725
-57.3361;-101.784;0.359065;-0.0767113;-0.363564;-17.4732
-48.5106;-101.784;0.355122;-0.0531957;-0.378875;-17.9933
-39.6852;-101.784;0.33797;-0.0307726;-0.398103;-18.4466
-30.8597;-101.784;0.347957;-0.00720839;-0.414273;-18.842
-22.0342;-101.784;0.380379;0.0226007;-0.423674;-19.1833
-13.2088;-101.784;0.395041;0.060298;-0.431426;-19.4638
-4.38334;-101.784;0.385617;0.100838;-0.433988;-19.6534
4.44212;-101.784;0.372576;0.14154;-0.428973;-19.7214
13.2676;-101.784;0.35434;0.171649;-0.422275;-19.6977
22.093;-101.784;0.337964;0.198008;-0.420796;-19.5947
30.9185;-101.784;0.328248;0.226612;-0.425742;-19.4031
39.7439;-101.784;0.339061;0.262748;-0.440137;-19.1407
48.5694;-101.784;0.448106;0.302065;-0.463123;-18.8273
57.3948;-101.784;0.506423;0.33596;-0.471238;-18.4475
66.2203;-101.784;0.564621;0.351465;-0.453291;-17.9883
75.0458;-101.784;0.620854;0.351006;-0.417486;-17.4405
83.8712;-101.784;0.649567;0.346373;-0.383865;-16.8125
92.6967;-101.784;0.657558;0.34505;-0.355554;-16.122
101.522;-101.784;0.751154;0.336521;-0.319681;-15.4402
110.348;-101.784;0.847233;0.32278;-0.276922;-14.7176
119.173;-101.784;0.931605;0.299669;-0.235895;-13.9258
127.998;-101.784;0.988091;0.270517;-0.195674;-13.0558
136.824;-101.784;0.964505;0.243007;-0.162877;-12.0732
145.649;-101.784;0.82754;0.223253;-0.135371;-10.9995
154.475;-101.784;0.777424;0.198205;-0.105077;-9.98247
163.3;-101.784;0.829083;0.165144;-0.0678241;-9.01756
172.126;-101.784;0.8994;0.127175;-0.0326259;-8.03364
180.951;-101.784;0.885107;0.0984509;-0.00984293;-6.99428
189.777;-101.784;0.825513;0.0718926;-0.000366059;-5.9055
198.602;-101.784;0.776868;0.0441306;0.00977907;-4.79873
207.428;-101.784;0.770582;0.0127746;0.0192861;-3.69289
216.253;-101.784;0.780465;-0.017142;0.0258719;-2.60111
225.078;-101.784;0.847045;-0.0428996;0.0269133;-1.56026
-198.543;-110.609;0.374494;0.0947345;0.0149358;-2.86798
-189.718;-110.609;0.488744;0.0646831;-0.0114923;-3.97411
-180.892;-110.609;0.53663;0.0391541;-0.0320282;-5.00361
-172.067;-110.609;0.450198;0.0122109;-0.0564617;-5.98187
-163.242;-110.609;0.416593;-0.0160122;-0.0800745;-6.9446
-154.416;-110.609;0.403253;-0.0415428;-0.103076;-7.90539
-145.591;-110.609;0.39263;-0.0572135;-0.124294;-8.85586
-136.765;-110.609;0.37755;-0.0617302;-0.143448;-9.77062
-127.94;-110.609;0.339126;-0.0637807;-0.163676;-10.6327
-119.114;-110.609;0.276869;-0.0746256;-0.190745;-11.485
-110.289;-110.609;0.250242;-0.0888184;-0.222504;-12.3408
-101.463;-110.609;0.235393;-0.0974688;-0.254835;-13.1743
-92.6379;-110.609;0.262347;-0.0970278;-0.283837;-13.9666
-83.8124;-110.609;0.286235;-0.0930501;-0.31337;-14.7011
-74.987;-110.609;0.271429;-0.0916454;-0.343077;-15.3639
-66.1615;-110.609;0.250868;-0.089002;-0.36324;-16.0025
-57.3361;-110.609;0.284314;-0.0736904;-0.373093;-16.5849
-48.5106;-110.609;0.310112;-0.0472382;-0.380617;-17.0847
-39.6852;-110.609;0.290947;-0.0195516;-0.390636;-17.5104
-30.8597;-110.609;0.282089;0.00621575;-0.398565;-17.8776
-22.0342;-110.609;0.30073;0.0323823;-0.406171;-18.1911
-13.2088;-110.609;0.314547;0.0631441;-0.414079;-18.447
-4.38334;-110.609;0.30986;0.0986413;-0.418978;-18.6258
4.44212;-110.609;0.307886;0.135931;-0.417039;-18.7025
13.2676;-110.609;0.312171;0.164476;-0.411819;-18.6894
22.093;-110.609;0.314813;0.193293;-0.415033;-18.6037
30.9185;-110.609;0.320735;0.22304;-0.425197;-18.4235
39.7439;-110.609;0.349375;0.254257;-0.441292;-18.1768
48.5694;-110.609;0.458454;0.284558;-0.456254;-17.8865
57.3948;-110.609;0.519264;0.311376;-0.454354;-17.5208
66.2203;-110.609;0.559321;0.322897;-0.431772;-17.0517
75.0458;-110.609;0.601053;0.324301;-0.399047;-16.5103
83.8712;-110.609;0.647694;0.321558;-0.366964;-15.9131
92.6967;-110.609;0.688522;0.317449;-0.336756;-15.2744
101.522;-110.609;0.785661;0.306179;-0.30115;-14.614
110.348;-110.609;0.802522;0.289142;-0.263064;-13.831
119.173;-110.609;0.766508;0.265531;-0.226058;-12.9581
127.998;-110.609;0.709498;0.240199;-0.190925;-12.0344
136.824;-110.609;0.587613;0.217043;-0.16038;-11.0134
145.649;-110.609;0.529717;0.192124;-0.12869;-10.0181
154.475;-110.609;0.606448;0.163748;-0.0918309;-9.12332
163.3;-110.609;0.73698;0.131159;-0.0501015;-8.25422
172.126;-110.609;0.79492;0.0919672;-0.015425;-7.28698
180.951;-110.609;0.708562;0.064291;0.00799784;-6.19674
189.777;-110.609;0.66971;0.0413466;0.0164369;-5.14411
198.602;-110.609;0.688757;0.0217447;0.0210306;-4.12896
207.428;-110.609;0.776982;-0.00504077;0.0300565;-3.12395
216.253;-110.609;0.830362;-0.0329184;0.0401762;-2.08937
-198.543;-119.435;0.341535;0.0836701;0.0207513;-2.34602
-189.718;-119.435;0.416687;0.0623191;-0.0025074;-3.39918
-180.892;-119.435;0.466466;0.0350018;-0.0243378;-4.44583
-172.067;-119.435;0.388113;0.00315567;-0.0492106;-5.41631
-163.242;-119.435;0.403327;-0.0202188;-0.0709474;-6.35654
-154.416;-119.435;0.410799;-0.0416976;-0.0939775;-7.29137
-145.591;-119.435;0.389021;-0.0565261;-0.115957;-8.20129
-136.765;-119.435;0.357531;-0.0597865;-0.134532;-9.08732
-127.94;-119.435;0.312843;-0.0553809;-0.150828;-9.91436
-119.114;-119.435;0.233549;-0.0628112;-0.177818;-10.7366
-110.289;-119.435;0.204623;-0.0733965;-0.211168;-11.5593
-101.463;-119.435;0.19015;-0.0851067;-0.248204;-12.369
-92.6379;-119.435;0.222986;-0.0870817;-0.282983;-13.1405
-83.8124;-119.435;0.24528;-0.0837351;-0.31641;-13.8532
-74.987;-119.435;0.21871;-0.0825767;-0.346192;-14.4818
-66.1615;-119.435;0.184169;-0.080874;-0.368067;-15.0904
-57.3361;-119.435;0.211942;-0.0695906;-0.381801;-15.6608
-48.5106;-119.435;0.25392;-0.0477599;-0.386293;-16.164
-39.6852;-119.435;0.245282;-0.0186987;-0.385629;-16.5768
-30.8597;-119.435;0.218359;0.00847197;-0.384436;-16.9002
-22.0342;-119.435;0.200347;0.0328902;-0.385747;-17.1663
-13.2088;-119.435;0.198512;0.0597323;-0.388462;-17.3988
-4.38334;-119.435;0.222645;0.0924555;-0.390914;-17.5799
4.44212;-119.435;0.25549;0.126572;-0.392356;-17.6767
13.2676;-119.435;0.312559;0.156026;-0.392937;-17.6942
22.093;-119.435;0.354279;0.186571;-0.403419;-17.6279
30.9185;-119.435;0.361137;0.21463;-0.4161;-17.4483
39.7439;-119.435;0.365679;0.237656;-0.4241;-17.1847
48.5694;-119.435;0.452367;0.256184;-0.424368;-16.8987
57.3948;-119.435;0.535509;0.274921;-0.41609;-16.5497
66.2203;-119.435;0.577088;0.286819;-0.397832;-16.0912
75.0458;-119.435;0.60525;0.291848;-0.373298;-15.5606
83.8712;-119.435;0.645644;0.289189;-0.344999;-14.9788
92.6967;-119.435;0.685306;0.280921;-0.316361;-14.3485
101.522;-119.435;0.709538;0.269345;-0.28486;-13.6444
110.348;-119.435;0.653183;0.252379;-0.245895;-12.809
119.173;-119.435;0.542803;0.22791;-0.208412;-11.8891
127.998;-119.435;0.434716;0.206478;-0.178905;-10.9791
136.824;-119.435;0.377765;0.184093;-0.149011;-10.0734
145.649;-119.435;0.460743;0.156312;-0.112675;-9.22387
154.475;-119.435;0.678014;0.122868;-0.0699931;-8.4386
163.3;-119.435;0.792124;0.087173;-0.0282014;-7.54157
172.126;-119.435;0.654691;0.0530787;0.00279106;-6.43537
180.951;-119.435;0.479701;0.028199;0.0245864;-5.28496
189.777;-119.435;0.558894;0.00271272;0.0383761;-4.34996
198.602;-119.435;0.733368;-0.0172156;0.051877;-3.50112
207.428;-119.435;0.920447;-0.0363009;0.0566956;-2.63209
216.253;-119.435;0.98772;-0.0563917;0.057519;-1.65057
-189.718;-128.26;0.330104;0.0542271;0.0059788;-2.80197
-180.892;-128.26;0.386365;0.0295093;-0.0155769;-3.79444
-172.067;-128.26;0.328753;-0.00702451;-0.0439674;-4.77871
-163.242;-128.26;0.347664;-0.0277734;-0.0650306;-5.70242
-154.416;-128.26;0.332685;-0.0477867;-0.0900749;-6.60549
-145.591;-128.26;0.277052;-0.0623654;-0.112895;-7.45677
-136.765;-128.26;0.235904;-0.0657541;-0.131596;-8.31898
-127.94;-128.26;0.224616;-0.0572455;-0.146761;-9.14318
-119.114;-128.26;0.174165;-0.0562007;-0.172899;-9.95844
-110.289;-128.26;0.158062;-0.0626792;-0.206526;-10.7499
-101.463;-128.26;0.128957;-0.0719355;-0.244455;-11.5111
-92.6379;-128.26;0.143242;-0.0759822;-0.284606;-12.2445
-83.8124;-128.26;0.173156;-0.0759548;-0.321818;-12.9466
-74.987;-128.26;0.17153;-0.0757225;-0.347857;-13.5806
-66.1615;-128.26;0.139145;-0.0748058;-0.368136;-14.1614
-57.3361;-128.26;0.142828;-0.0688541;-0.384923;-14.7222
-48.5106;-128.26;0.204011;-0.0549924;-0.387838;-15.2351
-39.6852;-128.26;0.181787;-0.0287757;-0.381972;-15.6245
-30.8597;-128.26;0.0809263;0.000461964;-0.376227;-15.8598
-22.0342;-128.26;7.70001e-05;0.0267279;-0.371654;-16.046
-13.2088;-128.26;0.0113734;0.0535565;-0.36456;-16.2673
-4.38334;-128.26;0.106092;0.0886062;-0.357497;-16.5022
4.44212;-128.26;0.206621;0.122904;-0.360915;-16.6489
13.2676;-128.26;0.316959;0.14958;-0.368891;-16.6831
22.093;-128.26;0.407715;0.178263;-0.384775;-16.6349
30.9185;-128.26;0.411597;0.201233;-0.395082;-16.4397
39.7439;-128.26;0.329664;0.21685;-0.394172;-16.1274
48.5694;-128.26;0.357268;0.231315;-0.387658;-15.8096
57.3948;-128.26;0.424296;0.245609;-0.377213;-15.4554
66.2203;-128.26;0.461311;0.256233;-0.364025;-15.0115
75.0458;-128.26;0.46609;0.260001;-0.345758;-14.4805
83.8712;-128.26;0.453032;0.256361;-0.322356;-13.8762
92.6967;-128.26;0.43056;0.24755;-0.297248;-13.2072
101.522;-128.26;0.442368;0.231505;-0.267976;-12.4976
110.348;-128.26;0.456589;0.20971;-0.226174;-11.7142
119.173;-128.26;0.425076;0.190087;-0.187269;-10.9007
127.998;-128.26;0.37355;0.173261;-0.155991;-10.0907
136.824;-128.26;0.401446;0.153846;-0.125177;-9.30302
145.649;-128.26;0.586621;0.124964;-0.088431;-8.56476
154.475;-128.26;0.682544;0.0945392;-0.0450118;-7.70065
163.3;-128.26;0.591445;0.0519607;-0.013043;-6.61117
172.126;-128.26;0.334128;0.0188499;0.0138745;-5.41116
180.951;-128.26;0.261674;-0.00652924;0.0363245;-4.36058
189.777;-128.26;0.616094;-0.038374;0.0593427;-3.67421
198.602;-128.26;1.02082;-0.0604877;0.0795482;-3.02969
207.428;-128.26;1.24325;-0.072846;0.0788941;-2.25126
-189.718;-137.086;0.203984;0.0364243;0.0139081;-2.15427
-180.892;-137.086;0.280538;0.0155818;-0.00989379;-3.11226
-172.067;-137.086;0.26984;-0.0133336;-0.0354612;-4.05712
-163.242;-137.086;0.271118;-0.033538;-0.0593102;-4.98296
-154.416;-137.086;0.204298;-0.0550619;-0.0887708;-5.85764
-145.591;-137.086;0.113352;-0.0722859;-0.114303;-6.66801
-136.765;-137.086;0.0827192;-0.078194;-0.135515;-7.52281
-127.94;-137.086;0.121488;-0.0675231;-0.152108;-8.35748
-119.114;-137.086;0.124285;-0.0561286;-0.177162;-9.16592
-110.289;-137.086;0.105864;-0.0567023;-0.207671;-9.9228
-101.463;-137.086;0.0537877;-0.0618719;-0.242877;-10.6288
-92.6379;-137.086;0.0451167;-0.067891;-0.282797;-11.3258
-83.8124;-137.086;0.100233;-0.0714799;-0.318754;-12.0241
-74.987;-137.086;0.141216;-0.0722067;-0.342079;-12.6573
-66.1615;-137.086;0.101795;-0.0712424;-0.362881;-13.2063
-57.3361;-137.086;0.0532972;-0.0685852;-0.382785;-13.7471
-48.5106;-137.086;0.127575;-0.0626272;-0.385255;-14.2459
-39.6852;-137.086;0.0286172;-0.0411154;-0.384088;-14.5498
-30.8597;-137.086;-0.273566;-0.0111447;-0.382408;-14.5852
-22.0342;-137.086;-0.482986;0.0178146;-0.376233;-14.612
-13.2088;-137.086;-0.394958;0.0465662;-0.35991;-14.8466
-4.38334;-137.086;-0.160259;0.0889913;-0.338567;-15.2544
4.44212;-137.086;0.0495547;0.124517;-0.333368;-15.4809
13.2676;-137.086;0.184371;0.146104;-0.347206;-15.5227
22.093;-137.086;0.269426;0.165946;-0.365072;-15.4627
30.9185;-137.086;0.29586;0.181881;-0.371014;-15.2909
39.7439;-137.086;0.265419;0.193091;-0.364066;-15.0126
48.5694;-137.086;0.251233;0.206488;-0.360245;-14.6711
57.3948;-137.086;0.287707;0.21955;-0.355422;-14.302
66.2203;-137.086;0.319391;0.226418;-0.34386;-13.8648
75.0458;-137.086;0.315743;0.22689;-0.326;-13.3393
83.8712;-137.086;0.274836;0.221865;-0.303876;-12.7279
92.6967;-137.086;0.222079;0.212776;-0.279951;-12.0541
101.522;-137.086;0.240691;0.196434;-0.251891;-11.3849
110.348;-137.086;0.338931;0.177104;-0.211358;-10.7151
119.173;-137.086;0.416958;0.160892;-0.171681;-10.0248
127.998;-137.086;0.452396;0.145549;-0.136277;-9.30141
136.824;-137.086;0.513487;0.124611;-0.103128;-8.5482
145.649;-137.086;0.639541;0.0905035;-0.0741734;-7.76014
154.475;-137.086;0.513453;0.0573072;-0.0443481;-6.7323
163.3;-137.086;0.229613;0.0186414;-0.0144991;-5.52738
172.126;-137.086;0.0130513;-0.00937132;0.0186234;-4.39666
180.951;-137.086;0.237327;-0.0389806;0.0462893;-3.61136
189.777;-137.086;0.937864;-0.0795608;0.0735715;-3.22088
198.602;-137.086;1.47691;-0.103306;0.0904962;-2.68616
-189.718;-145.911;0.0902346;0.0196481;0.0234676;-1.46729
-180.892;-145.911;0.159943;0.00446453;-0.00169963;-2.39514
-172.067;-145.911;0.170509;-0.0191668;-0.0271524;-3.31678
-163.242;-145.911;0.16695;-0.0357632;-0.0501424;-4.21639
-154.416;-145.911;0.100799;-0.0528131;-0.079063;-5.06108
-145.591;-145.911;0.0122636;-0.0723953;-0.107611;-5.86021
-136.765;-145.911;-0.00793961;-0.0844399;-0.135336;-6.71989
-127.94;-145.911;0.0512452;-0.0765443;-0.156348;-7.55917
-119.114;-145.911;0.0829991;-0.0608408;-0.178153;-8.34531
-110.289;-145.911;0.0553347;-0.0568333;-0.201663;-9.06698
-101.463;-145.911;-0.0207305;-0.0591713;-0.232967;-9.73077
-92.6379;-145.911;-0.0390889;-0.0659959;-0.270594;-10.3949
-83.8124;-145.911;0.0526723;-0.0701077;-0.302882;-11.0822
-74.987;-145.911;0.128562;-0.0689036;-0.325334;-11.712
-66.1615;-145.911;0.0630938;-0.0655267;-0.349934;-12.2233
-57.3361;-145.911;-0.055923;-0.0620784;-0.376086;-12.6952
-48.5106;-145.911;-0.017129;-0.0648393;-0.385817;-13.1351
-39.6852;-145.911;-0.243782;-0.0438287;-0.397379;-13.3089
-30.8597;-145.911;-0.854927;-0.014492;-0.408354;-13.1316
-22.0342;-145.911;-1.39468;0.0222986;-0.407317;-13.0151
-13.2088;-145.911;-1.38932;0.0602292;-0.386433;-13.2118
-4.38334;-145.911;-0.794729;0.0897526;-0.353048;-13.7016
4.44212;-145.911;-0.285505;0.120971;-0.336806;-14.1442
13.2676;-145.911;-0.087395;0.139823;-0.348641;-14.2481
22.093;-145.911;0.0158422;0.153728;-0.357953;-14.1851
30.9185;-145.911;0.0982888;0.16252;-0.353274;-14.035
39.7439;-145.911;0.154099;0.167967;-0.341213;-13.811
48.5694;-145.911;0.173692;0.180017;-0.340734;-13.507
57.3948;-145.911;0.203699;0.191288;-0.341251;-13.1554
66.2203;-145.911;0.23575;0.196064;-0.330485;-12.7379
75.0458;-145.911;0.245227;0.19474;-0.310066;-12.2334
83.8712;-145.911;0.217334;0.188713;-0.284508;-11.6428
92.6967;-145.911;0.169748;0.179248;-0.258062;-10.9981
101.522;-145.911;0.201812;0.164233;-0.229919;-10.3854
110.348;-145.911;0.327222;0.149163;-0.193788;-9.79326
119.173;-145.911;0.437788;0.13414;-0.158198;-9.15024
127.998;-145.911;0.495;0.116259;-0.124363;-8.43009
136.824;-145.911;0.517462;0.0917743;-0.0923049;-7.63478
145.649;-145.911;0.45876;0.0631854;-0.0643803;-6.7277
154.475;-145.911;0.306745;0.027036;-0.0375794;-5.71805
163.3;-145.911;0.153618;-0.0151515;-0.0100236;-4.66209
172.126;-145.911;0.179188;-0.0359981;0.029707;-3.79176
180.951;-145.911;0.701274;-0.0694583;0.0589811;-3.2663
189.777;-145.911;1.50216;-0.113246;0.0820919;-2.94011
198.602;-145.911;1.90135;-0.145604;0.109177;-2.21345
-172.067;-154.736;0.107577;-0.0177661;-0.0106189;-2.5846
-163.242;-154.736;0.0921211;-0.0328432;-0.03372;-3.45075
-154.416;-154.736;0.0501219;-0.0404047;-0.0557692;-4.26168
-145.591;-154.736;0.00681184;-0.0600493;-0.0852477;-5.06861
-136.765;-154.736;0.000105508;-0.0778573;-0.119916;-5.92131
-127.94;-154.736;0.0375059;-0.0765403;-0.146574;-6.74003
-119.114;-154.736;0.0555528;-0.065197;-0.163993;-7.48957
-110.289;-154.736;0.0243773;-0.06268;-0.181213;-8.18726
-101.463;-154.736;-0.0737166;-0.0636095;-0.210744;-8.82481
-92.6379;-154.736;-0.0981052;-0.0688736;-0.24816;-9.45877
-83.8124;-154.736;0.00812484;-0.0693721;-0.277893;-10.1226
-74.987;-154.736;0.0968296;-0.0634985;-0.300046;-10.7294
-66.1615;-154.736;0.0302963;-0.0573605;-0.327504;-11.2105
-57.3361;-154.736;-0.120442;-0.0550871;-0.358355;-11.6392
-48.5106;-154.736;-0.119171;-0.0601743;-0.375247;-12.0448
-39.6852;-154.736;-0.359953;-0.0493781;-0.394581;-12.2011
-30.8597;-154.736;-0.962424;-0.0251159;-0.414557;-12.007
-22.0342;-154.736;-1.5519;0.00743568;-0.419207;-11.8339
-13.2088;-154.736;-1.69009;0.0372802;-0.402968;-11.9038
-4.38334;-154.736;-1.19997;0.059927;-0.377974;-12.27
4.44212;-154.736;-0.431069;0.0983051;-0.37037;-12.8576
13.2676;-154.736;-0.166366;0.120632;-0.368612;-13.0409
22.093;-154.736;-0.0484312;0.133725;-0.360327;-12.9995
30.9185;-154.736;0.0507397;0.140619;-0.344515;-12.8639
39.7439;-154.736;0.133965;0.144317;-0.32798;-12.6695
48.5694;-154.736;0.171547;0.150678;-0.321613;-12.384
57.3948;-154.736;0.202988;0.157613;-0.320114;-12.0442
66.2203;-154.736;0.234152;0.160892;-0.308145;-11.6427
75.0458;-154.736;0.254001;0.160859;-0.284996;-11.164
83.8712;-154.736;0.251398;0.156556;-0.254987;-10.6136
92.6967;-154.736;0.231654;0.147306;-0.225408;-10.0203
101.522;-154.736;0.278585;0.133121;-0.197441;-9.457
110.348;-154.736;0.36806;0.121727;-0.166893;-8.87211
119.173;-154.736;0.400611;0.11014;-0.139003;-8.19445
127.998;-154.736;0.367562;0.0934372;-0.111661;-7.41781
136.824;-154.736;0.317721;0.0691326;-0.0831303;-6.57898
145.649;-154.736;0.262879;0.0410611;-0.0553278;-5.6994
154.475;-154.736;0.299177;0.005391;-0.0270629;-4.87281
163.3;-154.736;0.485259;-0.0266703;0.00396268;-4.16559
172.126;-154.736;0.865376;-0.0464124;0.0382916;-3.62577
180.951;-154.736;1.47307;-0.0778078;0.0655016;-3.20507
189.777;-154.736;1.94556;-0.126772;0.0972437;-2.54238
-163.242;-163.562;0.0790152;-0.0227225;-0.0114363;-2.6819
-154.416;-163.562;0.0396887;-0.0309789;-0.0344596;-3.47792
-145.591;-163.562;0.0390774;-0.0448577;-0.0575862;-4.28289
-136.765;-163.562;0.0553486;-0.0639032;-0.0903579;-5.1065
-127.94;-163.562;0.0618817;-0.0678758;-0.117352;-5.88526
-119.114;-163.562;0.0588393;-0.063327;-0.134242;-6.60437
-110.289;-163.562;0.0224944;-0.0667495;-0.151602;-7.28459
-101.463;-163.562;-0.0786302;-0.0670912;-0.182583;-7.90794
-92.6379;-163.562;-0.137846;-0.0705537;-0.222315;-8.52295
-83.8124;-163.562;-0.0604198;-0.0692631;-0.252081;-9.15304
-74.987;-163.562;0.0199828;-0.0634666;-0.275069;-9.72773
-66.1615;-163.562;-0.0360208;-0.0587854;-0.302899;-10.1888
-57.3361;-163.562;-0.171488;-0.0574016;-0.334577;-10.6
-48.5106;-163.562;-0.100055;-0.0628609;-0.352434;-11.0417
-39.6852;-163.562;-0.150417;-0.0529096;-0.369125;-11.3388
-30.8597;-163.562;-0.515467;-0.0286531;-0.39692;-11.3403
-22.0342;-163.562;-0.914339;-0.00384054;-0.413441;-11.2427
-13.2088;-163.562;-1.04325;0.0165361;-0.406051;-11.2374
-4.38334;-163.562;-0.776274;0.0409689;-0.386118;-11.4482
4.44212;-163.562;-0.223521;0.0719649;-0.384421;-11.8437
13.2676;-163.562;-0.025849;0.0957647;-0.374674;-11.9914
22.093;-163.562;0.0597839;0.109862;-0.353458;-11.9345
30.9185;-163.562;0.127753;0.115659;-0.328669;-11.7748
39.7439;-163.562;0.190742;0.118501;-0.306516;-11.5712
48.5694;-163.562;0.22681;0.12075;-0.288119;-11.2963
57.3948;-163.562;0.256232;0.12408;-0.28053;-10.9584
66.2203;-163.562;0.278704;0.12697;-0.268977;-10.5672
75.0458;-163.562;0.284006;0.129651;-0.246713;-10.1058
83.8712;-163.562;0.275785;0.127123;-0.214279;-9.57863
92.6967;-163.562;0.273613;0.117987;-0.182568;-9.02668
101.522;-163.562;0.31994;0.105407;-0.156428;-8.49194
110.348;-163.562;0.37263;0.0958531;-0.130533;-7.89798
119.173;-163.562;0.361049;0.0855846;-0.107365;-7.2081
127.998;-163.562;0.304855;0.0707569;-0.0848265;-6.44521
136.824;-163.562;0.268893;0.0511027;-0.060017;-5.66575
145.649;-163.562;0.298098;0.0298065;-0.0323039;-4.90835
154.475;-163.562;0.516715;0.00470396;-0.00067975;-4.25754
163.3;-163.562;0.916972;-0.0210898;0.0271477;-3.77662
172.126;-163.562;1.33577;-0.0462015;0.0512956;-3.29794
180.951;-163.562;1.76178;-0.0852555;0.0715246;-2.73588
189.777;-163.562;1.95386;-0.127088;0.101104;-1.8586
-154.416;-172.387;0.0388049;-0.0248219;-0.0159032;-2.68513
-145.591;-172.387;0.0260543;-0.0427977;-0.0421271;-3.46087
-136.765;-172.387;0.0415776;-0.0573947;-0.0688583;-4.2505
-127.94;-172.387;0.0330074;-0.0619942;-0.0919276;-4.98688
-119.114;-172.387;0.0175696;-0.0609612;-0.109055;-5.67492
-110.289;-172.387;-0.00561309;-0.0629557;-0.130657;-6.35163
-101.463;-172.387;-0.0843776;-0.0593138;-0.161744;-6.97557
-92.6379;-172.387;-0.143441;-0.0605328;-0.194298;-7.56559
-83.8124;-172.387;-0.105427;-0.0647373;-0.220559;-8.145
-74.987;-172.387;-0.0493649;-0.0654233;-0.245155;-8.69363
-66.1615;-172.387;-0.0909403;-0.0628719;-0.271574;-9.14119
-57.3361;-172.387;-0.219694;-0.0605415;-0.300439;-9.52951
-48.5106;-172.387;-0.171459;-0.060532;-0.318169;-9.9634
-39.6852;-172.387;-0.0325098;-0.0514822;-0.330933;-10.3727
-30.8597;-172.387;-0.102992;-0.0328788;-0.355967;-10.5671
-22.0342;-172.387;-0.230359;-0.0146854;-0.376901;-10.642
-13.2088;-172.387;-0.213068;0.00513094;-0.376678;-10.7332
-4.38334;-172.387;-0.0162933;0.037338;-0.3578;-10.9376
4.44212;-172.387;0.151005;0.0587786;-0.350145;-11.0761
13.2676;-172.387;0.216118;0.073414;-0.341793;-11.0649
22.093;-172.387;0.217099;0.0849524;-0.321082;-10.9193
30.9185;-172.387;0.209244;0.0901985;-0.294247;-10.6967
39.7439;-172.387;0.228127;0.0924466;-0.268065;-10.4552
48.5694;-172.387;0.27108;0.0931521;-0.241278;-10.1772
57.3948;-172.387;0.289386;0.0972914;-0.225863;-9.83864
66.2203;-172.387;0.29263;0.103033;-0.215279;-9.45608
75.0458;-172.387;0.290331;0.106885;-0.198276;-9.02681
83.8712;-172.387;0.285531;0.103884;-0.169769;-8.54287
92.6967;-172.387;0.287534;0.0940509;-0.139712;-8.02149
101.522;-172.387;0.323684;0.0798766;-0.112298;-7.489
110.348;-172.387;0.381566;0.0693078;-0.0858212;-6.90898
119.173;-172.387;0.392195;0.0595869;-0.0645808;-6.26894
127.998;-172.387;0.374335;0.0482824;-0.047443;-5.58605
136.824;-172.387;0.389772;0.0347548;-0.0290069;-4.90359
145.649;-172.387;0.505516;0.0176183;-0.00680937;-4.26757
154.475;-172.387;0.793738;-0.00372739;0.0190816;-3.72384
163.3;-172.387;1.10018;-0.0252835;0.0432146;-3.18781
172.126;-172.387;1.40239;-0.0566253;0.0563198;-2.60814
-145.591;-181.213;-0.00809266;-0.0381727;-0.0266505;-2.60838
-136.765;-181.213;-0.0514037;-0.0523727;-0.0472404;-3.33225
-127.94;-181.213;-0.0842678;-0.0610954;-0.0691246;-4.04522
-119.114;-181.213;-0.122212;-0.062996;-0.0881796;-4.70086
-110.289;-181.213;-0.135257;-0.0628764;-0.111398;-5.36305
-101.463;-181.213;-0.197982;-0.051918;-0.137139;-5.96172
-92.6379;-181.213;-0.265882;-0.0499735;-0.162607;-6.51062
-83.8124;-181.213;-0.245224;-0.0549637;-0.183041;-7.04664
-74.987;-181.213;-0.163419;-0.0593832;-0.206242;-7.5972
-66.1615;-181.213;-0.145048;-0.0600421;-0.22926;-8.05871
-57.3361;-181.213;-0.242558;-0.0578629;-0.252268;-8.42822
-48.5106;-181.213;-0.233608;-0.053864;-0.268369;-8.82102
-39.6852;-181.213;-0.0604836;-0.0451447;-0.278963;-9.24376
-30.8597;-181.213;0.0214196;-0.0320655;-0.294147;-9.52589
-22.0342;-181.213;0.0527812;-0.0193208;-0.308618;-9.71332
-13.2088;-181.213;0.165789;-0.00195788;-0.309843;-9.887
-4.38334;-181.213;0.36934;0.0243434;-0.298891;-10.0694
4.44212;-181.213;0.385145;0.0409734;-0.29599;-10.111
13.2676;-181.213;0.370838;0.0489267;-0.288504;-10.0393
22.093;-181.213;0.30413;0.0587483;-0.270451;-9.84389
30.9185;-181.213;0.226294;0.0647049;-0.246873;-9.5695
39.7439;-181.213;0.197626;0.0668605;-0.220889;-9.28968
48.5694;-181.213;0.240356;0.0662789;-0.195109;-9.01299
57.3948;-181.213;0.254808;0.0710864;-0.17689;-8.68796
66.2203;-181.213;0.256062;0.0779828;-0.164284;-8.31754
75.0458;-181.213;0.266766;0.0818274;-0.148291;-7.91545
83.8712;-181.213;0.278821;0.0800218;-0.123655;-7.47603
92.6967;-181.213;0.283494;0.0728323;-0.100732;-6.99071
101.522;-181.213;0.291821;0.0629456;-0.0806421;-6.46292
110.348;-181.213;0.330293;0.0529953;-0.0591574;-5.90046
119.173;-181.213;0.366243;0.0426221;-0.039946;-5.31563
127.998;-181.213;0.402605;0.031532;-0.0245334;-4.71105
136.824;-181.213;0.472044;0.0178465;-0.00912902;-4.0997
145.649;-181.213;0.632686;0.000479404;0.0068141;-3.52669
154.475;-181.213;0.838849;-0.0193195;0.0234246;-2.94823
163.3;-181.213;1.02199;-0.0420273;0.0431789;-2.33267
-136.765;-190.038;-0.103805;-0.0441744;-0.0213747;-2.40494
-127.94;-190.038;-0.133638;-0.053694;-0.0366828;-3.08057
-119.114;-190.038;-0.178201;-0.0589918;-0.0542636;-3.72259
-110.289;-190.038;-0.214024;-0.0587468;-0.0780696;-4.35902
-101.463;-190.038;-0.312312;-0.0450042;-0.100673;-4.90525
-92.6379;-190.038;-0.439364;-0.0426342;-0.123917;-5.38738
-83.8124;-190.038;-0.429465;-0.0459152;-0.141156;-5.89825
-74.987;-190.038;-0.299572;-0.0490105;-0.158811;-6.45642
-66.1615;-190.038;-0.195734;-0.0500293;-0.177306;-6.95675
-57.3361;-190.038;-0.215419;-0.0490761;-0.19627;-7.34482
-48.5106;-190.038;-0.205376;-0.0450867;-0.21001;-7.70153
-39.6852;-190.038;-0.113741;-0.0369082;-0.218336;-8.05084
-30.8597;-190.038;-0.0345143;-0.0253448;-0.226351;-8.3278
-22.0342;-190.038;0.0503374;-0.013885;-0.23622;-8.55761
-13.2088;-190.038;0.176067;0.00317638;-0.24324;-8.7647
-4.38334;-190.038;0.309871;0.0225373;-0.242293;-8.89042
4.44212;-190.038;0.307591;0.0295153;-0.237792;-8.87926
13.2676;-190.038;0.229242;0.0303074;-0.232271;-8.76659
22.093;-190.038;0.152682;0.0361283;-0.218943;-8.56502
30.9185;-190.038;0.0879796;0.0422233;-0.201247;-8.31922
39.7439;-190.038;0.0704734;0.0451181;-0.180485;-8.06433
48.5694;-190.038;0.11659;0.0457673;-0.157676;-7.80615
57.3948;-190.038;0.141382;0.0506751;-0.137627;-7.49709
66.2203;-190.038;0.164629;0.0555812;-0.120885;-7.1507
75.0458;-190.038;0.204904;0.0583773;-0.102707;-6.77917
83.8712;-190.038;0.240165;0.0580981;-0.0812529;-6.37655
92.6967;-190.038;0.253287;0.0548062;-0.0664603;-5.92873
101.522;-190.038;0.253803;0.0489989;-0.0556899;-5.42544
110.348;-190.038;0.275318;0.0420096;-0.0442909;-4.89187
119.173;-190.038;0.309181;0.0333525;-0.0327339;-4.34583
127.998;-190.038;0.359393;0.0219599;-0.0201889;-3.78173
136.824;-190.038;0.437583;0.00846466;-0.00662047;-3.19333
145.649;-190.038;0.568834;-0.010157;0.0102731;-2.60929
154.475;-190.038;0.689671;-0.031179;0.0301713;-1.98113
-119.114;-198.864;-0.191407;-0.046759;-0.017539;-2.75066
-110.289;-198.864;-0.206851;-0.0460939;-0.0369269;-3.34064
-101.463;-198.864;-0.336376;-0.035995;-0.0621341;-3.87579
-92.6379;-198.864;-0.530313;-0.0365794;-0.0887529;-4.3288
-83.8124;-198.864;-0.529665;-0.0389938;-0.104091;-4.84592
-74.987;-198.864;-0.387191;-0.0387498;-0.114045;-5.38968
-66.1615;-198.864;-0.234938;-0.0382684;-0.12575;-5.8875
-57.3361;-198.864;-0.167748;-0.0397682;-0.141932;-6.29032
-48.5106;-198.864;-0.157837;-0.0368049;-0.156853;-6.62654
-39.6852;-198.864;-0.123925;-0.0296538;-0.167861;-6.91332
-30.8597;-198.864;-0.0933697;-0.0220718;-0.180283;-7.15675
-22.0342;-198.864;-0.0311365;-0.0138106;-0.193137;-7.36808
-13.2088;-198.864;0.0687303;0.000162759;-0.202574;-7.5468
-4.38334;-198.864;0.155685;0.0136256;-0.200394;-7.62185
4.44212;-198.864;0.141318;0.0171694;-0.191551;-7.58347
13.2676;-198.864;0.0949395;0.0138736;-0.183201;-7.47326
22.093;-198.864;0.0464379;0.0187119;-0.172394;-7.29589
30.9185;-198.864;-0.0056406;0.0249445;-0.159563;-7.076
39.7439;-198.864;-0.0278897;0.0275785;-0.142677;-6.83786
48.5694;-198.864;0.0024192;0.0290819;-0.123375;-6.59721
57.3948;-198.864;0.0397654;0.0349105;-0.102665;-6.31425
66.2203;-198.864;0.0877512;0.0382965;-0.0824451;-6.00215
75.0458;-198.864;0.148636;0.0386916;-0.0614901;-5.65737
83.8712;-198.864;0.197641;0.0372992;-0.0424909;-5.27695
92.6967;-198.864;0.223242;0.0351464;-0.0334595;-4.85726
101.522;-198.864;0.2423;0.0323317;-0.0302512;-4.39854
110.348;-198.864;0.271712;0.0289207;-0.0256013;-3.90419
119.173;-198.864;0.296587;0.0230072;-0.0196362;-3.37036
127.998;-198.864;0.320497;0.012658;-0.0132179;-2.81165
136.824;-198.864;0.36691;-0.00139898;-0.00272351;-2.23565
145.649;-198.864;0.459212;-0.0205781;0.0186544;-1.63703
-119.114;-207.689;-0.270276;-0.0335148;0.00958726;-1.76888
-110.289;-207.689;-0.239609;-0.0314792;-0.00831692;-2.34187
-101.463;-207.689;-0.329051;-0.0269873;-0.0347899;-2.86867
-92.6379;-207.689;-0.481461;-0.0321759;-0.0609063;-3.34232
-83.8124;-207.689;-0.458641;-0.0355007;-0.0709108;-3.84742
-74.987;-207.689;-0.369574;-0.0339938;-0.0767785;-4.35089
-66.1615;-207.689;-0.272917;-0.0334249;-0.0896302;-4.79943
-57.3361;-207.689;-0.212231;-0.0352401;-0.104715;-5.17603
-48.5106;-207.689;-0.190162;-0.0355066;-0.120833;-5.4965
-39.6852;-207.689;-0.18102;-0.0302061;-0.134249;-5.75339
-30.8597;-207.689;-0.15931;-0.02433;-0.147972;-5.96697
-22.0342;-207.689;-0.115259;-0.0192143;-0.163105;-6.15075
-13.2088;-207.689;-0.0509133;-0.0110127;-0.176403;-6.29999
-4.38334;-207.689;0.00354622;-0.00216526;-0.178168;-6.36633
4.44212;-207.689;0.00477394;0.00110715;-0.167969;-6.32922
13.2676;-207.689;-0.00385704;-0.00184277;-0.15581;-6.23513
22.093;-207.689;-0.0242656;0.00473367;-0.140857;-6.07581
30.9185;-207.689;-0.0591217;0.00994093;-0.12371;-5.87021
39.7439;-207.689;-0.0774599;0.0114745;-0.103491;-5.65245
48.5694;-207.689;-0.0515214;0.0126364;-0.0828729;-5.43279
57.3948;-207.689;0.00848603;0.0180567;-0.0603381;-5.17911
66.2203;-207.689;0.0832326;0.0199365;-0.038832;-4.90254
75.0458;-207.689;0.150646;0.0182233;-0.0176756;-4.5824
83.8712;-207.689;0.20666;0.0160333;-0.00200683;-4.23004
92.6967;-207.689;0.258251;0.0149093;0.0035285;-3.84547
101.522;-207.689;0.298289;0.0142939;0.00241796;-3.43607
110.348;-207.689;0.331689;0.0131502;0.000877826;-2.95712
119.173;-207.689;0.342435;0.00656337;0.00250548;-2.42882
127.998;-207.689;0.342419;-0.00336087;0.00578914;-1.87059
136.824;-207.689;0.345072;-0.0151924;0.0142211;-1.29474
-83.8124;-216.515;-0.425025;-0.0351304;-0.0444443;-2.84313
-74.987;-216.515;-0.342981;-0.0348655;-0.0504298;-3.28961
-66.1615;-216.515;-0.297231;-0.0335013;-0.0628081;-3.69986
-57.3361;-216.515;-0.273867;-0.0344506;-0.0761513;-4.04306
-48.5106;-216.515;-0.270014;-0.0343012;-0.0908772;-4.34103
-39.6852;-216.515;-0.248733;-0.0316772;-0.10569;-4.58652
-30.8597;-216.515;-0.207467;-0.0277119;-0.121956;-4.78754
-22.0342;-216.515;-0.160369;-0.0248426;-0.138474;-4.95408
-13.2088;-216.515;-0.115424;-0.0213171;-0.152624;-5.0758
-4.38334;-216.515;-0.0866525;-0.0165978;-0.159008;-5.1337
4.44212;-216.515;-0.0859569;-0.0132253;-0.152849;-5.11603
13.2676;-216.515;-0.084967;-0.0148609;-0.139402;-5.04444
22.093;-216.515;-0.101814;-0.00863455;-0.115851;-4.88626
30.9185;-216.515;-0.121603;-0.00654694;-0.0891992;-4.68753
39.7439;-216.515;-0.108677;-0.00782853;-0.0624959;-4.49918
48.5694;-216.515;-0.0414697;-0.00747062;-0.0364046;-4.32473
57.3948;-216.515;0.0683996;-0.00177298;-0.00851431;-4.12481
66.2203;-216.515;0.166545;-0.000497998;0.0134523;-3.89439
75.0458;-216.515;0.239702;-0.00178544;0.030868;-3.59741
83.8712;-216.515;0.320798;-0.0023095;0.0434832;-3.29973
92.6967;-216.515;0.405518;-0.00168061;0.043188;-2.95239
101.522;-216.515;0.466776;-0.00580765;0.0349038;-2.55069
110.348;-216.515;0.457416;-0.00879527;0.0256181;-2.0525
-83.8124;-225.34;-0.409622;-0.0317868;-0.0131981;-1.7884
-74.987;-225.34;-0.322957;-0.0351712;-0.0234126;-2.22539
-66.1615;-225.34;-0.290027;-0.0361037;-0.0368369;-2.60892
-57.3361;-225.34;-0.289719;-0.0355998;-0.0478823;-2.92666
-48.5106;-225.34;-0.302424;-0.0338139;-0.0576927;-3.20026
-39.6852;-225.34;-0.267676;-0.0326382;-0.07227;-3.44373
-30.8597;-225.34;-0.210982;-0.0313924;-0.0911753;-3.65435
-22.0342;-225.34;-0.170459;-0.0281169;-0.110108;-3.81162
-13.2088;-225.34;-0.146156;-0.0241111;-0.122807;-3.9141
-4.38334;-225.34;-0.140338;-0.0206381;-0.128152;-3.96025
4.44212;-225.34;-0.157586;-0.0194272;-0.125774;-3.94414
13.2676;-225.34;-0.18259;-0.0229182;-0.114754;-3.86764
22.093;-225.34;-0.20455;-0.022214;-0.08423;-3.70786
30.9185;-225.34;-0.193569;-0.0228797;-0.0511806;-3.54755
39.7439;-225.34;-0.0969596;-0.0241921;-0.0197009;-3.42442
48.5694;-225.34;0.0284013;-0.0221157;0.0110961;-3.31306
57.3948;-225.34;0.197788;-0.0168307;0.0418462;-3.16993
66.2203;-225.34;0.277118;-0.0138489;0.061231;-2.986
75.0458;-225.34;0.335775;-0.0132768;0.0708059;-2.6965
83.8712;-225.34;0.402585;-0.0138963;0.0662541;-2.35852
92.6967;-225.34;0.42696;-0.0120833;0.0605732;-1.97627
-39.6852;-234.166;-0.239044;-0.0320418;-0.0346234;-2.34213
-30.8597;-234.166;-0.18196;-0.0334509;-0.0558252;-2.55748
-22.0342;-234.166;-0.162428;-0.029682;-0.0750602;-2.70359
-13.2088;-234.166;-0.163149;-0.0243198;-0.0843961;-2.77935
-4.38334;-234.166;-0.180063;-0.0201549;-0.0870077;-2.80469
4.44212;-234.166;-0.217999;-0.0210837;-0.0843961;-2.77423
13.2676;-234.166;-0.287226;-0.0277688;-0.0740099;-2.67229
22.093;-234.166;-0.260081;-0.0327637;-0.0434879;-2.57079
30.9185;-234.166;-0.127673;-0.0338497;-0.011261;-2.54116
39.7439;-234.166;0.112247;-0.0324899;0.0197778;-2.51006
48.5694;-234.166;0.272323;-0.0294575;0.0444252;-2.39456
57.3948;-234.166;0.257318;-0.0238534;0.0611904;-2.14777
66.2203;-234.166;0.114577;-0.0202757;0.0592417;-1.83833
75.0458;-234.166;-0.0343728;-0.0213546;0.0509112;-1.45514
-4.38334;-242.991;-0.169057;-0.0192238;-0.0406635;-1.71854
4.44212;-242.991;-0.202343;-0.0189129;-0.0399264;-1.69987
13.2676;-242.991;-0.250817;-0.0250295;-0.030547;-1.62792
22.093;-242.991;-0.0625753;-0.0321585;-0.0064487;-1.65982
30.9185;-242.991;0.271728;-0.0335795;0.024002;-1.75066
