x[mm];y[mm];z[mm];x-displacement[mm];y-displacement[mm];z-displacement[mm]
-4.38334;224.758;0.115697;-0.0101762;0.058827;-2.2305
4.44212;224.758;0.0164864;-0.00438612;0.0607395;-2.23598
13.2676;224.758;-0.0263853;0.00531028;0.0572102;-2.20847
22.093;224.758;-0.0573264;0.00902952;0.0473579;-2.1338
-39.6852;215.933;-0.0236217;-0.0131519;0.0768628;-2.55424
-30.8597;215.933;-0.110706;-0.0110582;0.0838704;-2.70229
-22.0342;215.933;-0.217603;-0.00776261;0.0788737;-2.77725
-13.2088;215.933;-0.282745;0.00191611;0.0754443;-2.89904
-4.38334;215.933;-0.258786;0.000769655;0.0810601;-3.03522
4.44212;215.933;-0.243161;0.0034679;0.0890964;-3.12177
13.2676;215.933;-0.236875;0.0110737;0.0925259;-3.13072
22.093;215.933;-0.216982;0.0144989;0.0878526;-3.09116
30.9185;215.933;-0.190114;0.0155163;0.0814141;-3.02189
39.7439;215.933;-0.184509;0.0172973;0.0702588;-2.90306
48.5694;215.933;-0.226374;0.0191006;0.0572674;-2.73061
57.3948;215.933;-0.282106;0.0200652;0.0453941;-2.50437
66.2203;215.933;-0.344594;0.018324;0.0443481;-2.24603
75.0458;215.933;-0.390934;0.0147743;0.0423816;-1.95679
-74.987;207.107;0.310109;-0.0365765;0.0553946;-2.46553
-66.1615;207.107;0.220077;-0.0281308;0.065839;-2.78429
-57.3361;207.107;0.0527837;-0.021064;0.0795694;-3.04809
-48.5106;207.107;-0.00835472;-0.0204832;0.0930508;-3.341
-39.6852;207.107;-0.0847791;-0.0178077;0.102987;-3.55913
-30.8597;207.107;-0.343077;-0.0130434;0.116198;-3.60878
-22.0342;207.107;-0.616261;-0.0068728;0.1155;-3.56633
-13.2088;207.107;-0.691359;0.00380166;0.107442;-3.65373
-4.38334;207.107;-0.578334;0.00877597;0.10225;-3.82718
4.44212;207.107;-0.485139;0.0136185;0.111907;-3.98332
13.2676;207.107;-0.40193;0.0198844;0.119153;-4.06087
22.093;207.107;-0.315914;0.0229228;0.117853;-4.07998
30.9185;207.107;-0.244018;0.0251077;0.109463;-4.04014
39.7439;207.107;-0.213265;0.0293743;0.0939322;-3.93057
48.5694;207.107;-0.231486;0.0326857;0.0767768;-3.76021
57.3948;207.107;-0.284992;0.0344838;0.0667069;-3.52631
66.2203;207.107;-0.341313;0.0345468;0.0669064;-3.26114
75.0458;207.107;-0.380589;0.0318254;0.0662642;-2.96175
83.8712;207.107;-0.390712;0.0268122;0.0573779;-2.62834
92.6967;207.107;-0.374898;0.0224657;0.0375887;-2.24957
-110.289;198.282;0.583516;-0.021089;0.0191979;-1.67199
-101.463;198.282;0.489507;-0.0321697;0.0380778;-2.15916
-92.6379;198.282;0.390211;-0.0457309;0.0549929;-2.64249
-83.8124;198.282;0.339983;-0.0528991;0.0654494;-3.0992
-74.987;198.282;0.263229;-0.0465832;0.0738708;-3.5167
-66.1615;198.282;0.117529;-0.0314118;0.0818265;-3.82931
-57.3361;198.282;-0.0883866;-0.0185614;0.0981538;-4.07473
-48.5106;198.282;-0.117861;-0.0184313;0.108777;-4.35029
-39.6852;198.282;-0.151734;-0.0161293;0.114555;-4.58436
-30.8597;198.282;-0.371237;-0.0111126;0.127049;-4.65596
-22.0342;198.282;-0.571981;-0.00630989;0.128165;-4.65173
-13.2088;198.282;-0.599976;0.00310981;0.120164;-4.74714
-4.38334;198.282;-0.463282;0.00997315;0.111807;-4.91672
4.44212;198.282;-0.364679;0.0154646;0.12056;-5.07456
13.2676;198.282;-0.290782;0.0221248;0.130813;-5.16436
22.093;198.282;-0.237665;0.0282766;0.132177;-5.17725
30.9185;198.282;-0.20546;0.0338101;0.124072;-5.11403
39.7439;198.282;-0.194017;0.038944;0.109017;-4.98799
48.5694;198.282;-0.199538;0.0418313;0.094273;-4.8166
57.3948;198.282;-0.240019;0.0441414;0.0854748;-4.58388
66.2203;198.282;-0.284398;0.0464188;0.0846914;-4.31186
75.0458;198.282;-0.313877;0.0462985;0.0809235;-3.9986
83.8712;198.282;-0.315215;0.0427816;0.071187;-3.64442
92.6967;198.282;-0.30735;0.0371213;0.0556001;-3.25294
101.522;198.282;-0.292857;0.0299983;0.0424535;-2.83354
110.348;198.282;-0.266497;0.0208631;0.028104;-2.39062
-101.463;189.456;0.583998;-0.0541558;0.0509791;-3.17564
-92.6379;189.456;0.499634;-0.0650644;0.063966;-3.67852
-83.8124;189.456;0.376132;-0.0698343;0.0798085;-4.12867
-74.987;189.456;0.209713;-0.0587166;0.0917401;-4.50817
-66.1615;189.456;0.0105991;-0.0354348;0.10299;-4.83599
-57.3361;189.456;-0.165576;-0.0180695;0.108067;-5.05504
-48.5106;189.456;-0.22232;-0.0157944;0.114887;-5.30858
-39.6852;189.456;-0.204346;-0.0132214;0.116207;-5.60328
-30.8597;189.456;-0.258025;-0.00808025;0.124183;-5.81856
-22.0342;189.456;-0.310302;-0.000752217;0.126518;-5.95309
-13.2088;189.456;-0.287012;0.0091156;0.121718;-6.08684
-4.38334;189.456;-0.184105;0.0163963;0.116223;-6.22948
4.44212;189.456;-0.130452;0.0208587;0.124087;-6.33788
13.2676;189.456;-0.107682;0.0255423;0.133962;-6.36815
22.093;189.456;-0.107904;0.0325633;0.1373;-6.326
30.9185;189.456;-0.11755;0.0400122;0.13144;-6.22363
39.7439;189.456;-0.125036;0.0455468;0.11919;-6.07744
48.5694;189.456;-0.12687;0.0476502;0.108033;-5.8973
57.3948;189.456;-0.15668;0.0500752;0.10103;-5.65778
66.2203;189.456;-0.192424;0.0535628;0.0969699;-5.37268
75.0458;189.456;-0.217161;0.0555016;0.0899312;-5.04359
83.8712;189.456;-0.224744;0.0541673;0.0786978;-4.67384
92.6967;189.456;-0.224059;0.0493745;0.0656036;-4.2671
101.522;189.456;-0.222112;0.0422513;0.05377;-3.82696
110.348;189.456;-0.204009;0.0342839;0.0410847;-3.3497
119.173;189.456;-0.165647;0.0243103;0.0245468;-2.85988
127.998;189.456;-0.110056;0.0123017;0.00788483;-2.34309
136.824;189.456;-0.089791;-0.00422558;-0.0138738;-1.75947
-127.94;180.631;0.74136;-0.0451243;0.00903712;-2.37487
-119.114;180.631;0.686113;-0.0575607;0.0294029;-2.9668
-110.289;180.631;0.664279;-0.0691691;0.0470214;-3.55451
-101.463;180.631;0.664402;-0.0809326;0.0582566;-4.1032
-92.6379;180.631;0.523733;-0.0893496;0.0796405;-4.58463
-83.8124;180.631;0.277093;-0.0907852;0.106517;-4.96121
-74.987;180.631;0.0972331;-0.0749347;0.122511;-5.37251
-66.1615;180.631;0.0192403;-0.0451655;0.12055;-5.82888
-57.3361;180.631;-0.0384827;-0.0228802;0.108577;-6.13181
-48.5106;180.631;-0.169323;-0.0164407;0.114951;-6.37899
-39.6852;180.631;-0.144168;-0.016221;0.116958;-6.66343
-30.8597;180.631;-0.0963;-0.012667;0.122447;-6.94214
-22.0342;180.631;-0.0527723;-0.00526533;0.124979;-7.14934
-13.2088;180.631;-0.0100783;0.00436885;0.123614;-7.30327
-4.38334;180.631;0.0303358;0.0120254;0.122586;-7.41628
4.44212;180.631;0.0252143;0.0165317;0.129473;-7.47825
13.2676;180.631;0.00450403;0.0224715;0.138717;-7.47639
22.093;180.631;-0.018546;0.0312345;0.143107;-7.41436
30.9185;180.631;-0.0338622;0.0408838;0.139992;-7.30603
39.7439;180.631;-0.0388275;0.048463;0.131154;-7.15922
48.5694;180.631;-0.0408076;0.0516366;0.122309;-6.97099
57.3948;180.631;-0.0684124;0.0545097;0.115903;-6.72204
66.2203;180.631;-0.0989539;0.0583433;0.108994;-6.42568
75.0458;180.631;-0.11699;0.0615571;0.1008;-6.08743
83.8712;180.631;-0.123474;0.0624807;0.0916018;-5.7061
92.6967;180.631;-0.135698;0.0603545;0.081927;-5.27753
101.522;180.631;-0.159817;0.0551411;0.0719443;-4.80466
110.348;180.631;-0.164297;0.0455595;0.0568181;-4.29541
119.173;180.631;-0.142405;0.0344829;0.0384842;-3.7654
127.998;180.631;-0.0925073;0.0247719;0.0213781;-3.22591
136.824;180.631;-0.0336097;0.0128865;0.00616555;-2.67942
145.649;180.631;-0.0379364;-0.000878367;-0.0161586;-2.04504
154.475;180.631;-0.0880527;-0.0229348;-0.04343;-1.31587
-136.765;171.805;0.823981;-0.0571955;0.00950712;-2.62048
-127.94;171.805;0.752558;-0.0667881;0.0271548;-3.24081
-119.114;171.805;0.659385;-0.0786968;0.0490244;-3.8524
-110.289;171.805;0.605675;-0.0925327;0.0679541;-4.4552
-101.463;171.805;0.586648;-0.104652;0.0800892;-5.00912
-92.6379;171.805;0.353907;-0.111841;0.110226;-5.44803
-83.8124;171.805;0.0423124;-0.111484;0.147922;-5.82163
-74.987;171.805;0.0235992;-0.0938958;0.156409;-6.30371
-66.1615;171.805;0.190632;-0.0620363;0.132512;-6.8738
-57.3361;171.805;0.257199;-0.0367739;0.108041;-7.27589
-48.5106;171.805;0.104918;-0.0279754;0.115513;-7.5356
-39.6852;171.805;0.0433318;-0.0235878;0.129495;-7.78834
-30.8597;171.805;0.0524267;-0.0177866;0.142322;-8.04855
-22.0342;171.805;0.0785416;-0.00949616;0.147381;-8.24938
-13.2088;171.805;0.0910024;0.000805524;0.147376;-8.38658
-4.38334;171.805;0.078394;0.0107338;0.147515;-8.46918
4.44212;171.805;0.0379231;0.0180969;0.151032;-8.50515
13.2676;171.805;0.0116114;0.0242836;0.158167;-8.50071
22.093;171.805;0.000758321;0.0333632;0.162962;-8.45094
30.9185;171.805;0.00878433;0.0440471;0.161244;-8.35864
39.7439;171.805;0.025114;0.0535861;0.153512;-8.22115
48.5694;171.805;0.0270535;0.0592121;0.144587;-8.0276
57.3948;171.805;0.00249064;0.0634535;0.136351;-7.77051
66.2203;171.805;-0.0158436;0.0678807;0.127269;-7.46975
75.0458;171.805;-0.019499;0.0717482;0.11799;-7.12785
83.8712;171.805;-0.0225791;0.0740428;0.110156;-6.73557
92.6967;171.805;-0.0516835;0.0740486;0.104537;-6.28186
101.522;171.805;-0.107861;0.0714793;0.0966813;-5.77746
110.348;171.805;-0.127719;0.0631851;0.0777714;-5.24202
119.173;171.805;-0.118421;0.0529263;0.0555328;-4.68261
127.998;171.805;-0.0956692;0.0428445;0.0368109;-4.10288
136.824;171.805;-0.0720438;0.0330522;0.0223975;-3.51074
145.649;171.805;-0.000470801;0.0162415;0.00416404;-2.91455
154.475;171.805;-0.0605814;-1.83726e-05;-0.0163191;-2.20538
163.3;171.805;-0.197614;-0.021376;-0.032289;-1.45001
-145.591;162.98;0.837597;-0.0653194;0.0137799;-2.76881
-136.765;162.98;0.816915;-0.0767608;0.0293;-3.44615
-127.94;162.98;0.763065;-0.0843723;0.0471536;-4.10704
-119.114;162.98;0.671533;-0.0941918;0.0671089;-4.72441
-110.289;162.98;0.60992;-0.105754;0.0830429;-5.32879
-101.463;162.98;0.578392;-0.116237;0.093174;-5.88364
-92.6379;162.98;0.369591;-0.122751;0.1208;-6.36462
-83.8124;162.98;0.145807;-0.12127;0.151049;-6.79835
-74.987;162.98;0.285139;-0.102061;0.149232;-7.34772
-66.1615;162.98;0.504146;-0.0702136;0.118799;-7.92536
-57.3361;162.98;0.49011;-0.0434789;0.100406;-8.35931
-48.5106;162.98;0.316794;-0.0339893;0.116289;-8.6273
-39.6852;162.98;0.244764;-0.0271878;0.139333;-8.8749
-30.8597;162.98;0.227106;-0.0199797;0.160223;-9.11551
-22.0342;162.98;0.207122;-0.0113077;0.171584;-9.30267
-13.2088;162.98;0.171305;-0.000111767;0.17528;-9.42607
-4.38334;162.98;0.1276;0.0125686;0.17665;-9.49481
4.44212;162.98;0.0853959;0.0229149;0.178549;-9.52727
13.2676;162.98;0.0692868;0.0305087;0.18286;-9.5312
22.093;162.98;0.0652888;0.0407002;0.186034;-9.489
30.9185;162.98;0.0765865;0.0519285;0.185118;-9.40182
39.7439;162.98;0.0964684;0.0616679;0.179963;-9.26805
48.5694;162.98;0.107276;0.0677324;0.173813;-9.07563
57.3948;162.98;0.0852653;0.0731647;0.163949;-8.80681
66.2203;162.98;0.0618384;0.0785859;0.150961;-8.48757
75.0458;162.98;0.0532975;0.0832638;0.138467;-8.12893
83.8712;162.98;0.0460011;0.086612;0.129577;-7.72293
92.6967;162.98;0.0134802;0.0876395;0.125106;-7.25506
101.522;162.98;-0.0480878;0.0870857;0.119309;-6.73889
110.348;162.98;-0.0498414;0.0810268;0.0982808;-6.20739
119.173;162.98;-0.0175978;0.0718235;0.0719025;-5.6464
127.998;162.98;0.0241493;0.0610866;0.0497396;-5.05577
136.824;162.98;0.0615579;0.0483095;0.0335218;-4.44531
145.649;162.98;0.0962492;0.0320944;0.0147444;-3.81482
154.475;162.98;0.0230146;0.0175106;-0.00412994;-3.07547
163.3;162.98;-0.0723203;0.0024251;-0.0111618;-2.3119
-163.242;154.154;0.886553;-0.0447333;-0.00178044;-2.04206
-154.416;154.154;0.826943;-0.0644336;0.0157729;-2.80577
-145.591;154.154;0.800904;-0.0804232;0.0316397;-3.54774
-136.765;154.154;0.802877;-0.0907508;0.0456052;-4.26753
-127.94;154.154;0.768334;-0.098923;0.063282;-4.95592
-119.114;154.154;0.703513;-0.106945;0.0805116;-5.59878
-110.289;154.154;0.667398;-0.115411;0.0919563;-6.21225
-101.463;154.154;0.671508;-0.121419;0.0966465;-6.79828
-92.6379;154.154;0.564537;-0.123173;0.111218;-7.34819
-83.8124;154.154;0.484761;-0.118151;0.126188;-7.85647
-74.987;154.154;0.566829;-0.0970207;0.124705;-8.43855
-66.1615;154.154;0.636294;-0.0685458;0.107319;-8.94873
-57.3361;154.154;0.552936;-0.0464568;0.101927;-9.33643
-48.5106;154.154;0.39265;-0.0391615;0.122527;-9.61022
-39.6852;154.154;0.352508;-0.0318423;0.148827;-9.88301
-30.8597;154.154;0.341842;-0.0237499;0.172075;-10.1306
-22.0342;154.154;0.324446;-0.0150229;0.185862;-10.3268
-13.2088;154.154;0.286319;-0.00380343;0.192676;-10.459
-4.38334;154.154;0.23356;0.0100371;0.198547;-10.5345
4.44212;154.154;0.186996;0.0228862;0.203512;-10.5699
13.2676;154.154;0.170387;0.0328614;0.207502;-10.5721
22.093;154.154;0.146456;0.0462525;0.208957;-10.5165
30.9185;154.154;0.129622;0.0598829;0.207644;-10.4126
39.7439;154.154;0.126977;0.0709498;0.203708;-10.2663
48.5694;154.154;0.12816;0.0779201;0.200245;-10.0646
57.3948;154.154;0.0921526;0.0844924;0.192055;-9.77741
66.2203;154.154;0.0547012;0.0906245;0.17833;-9.43973
75.0458;154.154;0.049547;0.095143;0.162948;-9.0732
83.8712;154.154;0.0617202;0.0981688;0.149476;-8.66848
92.6967;154.154;0.0582865;0.0985888;0.139972;-8.20226
101.522;154.154;0.0266926;0.0975717;0.133298;-7.68312
110.348;154.154;0.0431097;0.0923036;0.115532;-7.15131
119.173;154.154;0.0870945;0.0842787;0.0914162;-6.59004
127.998;154.154;0.129544;0.0733363;0.0676972;-5.98808
136.824;154.154;0.143435;0.0594945;0.0476877;-5.34504
145.649;154.154;0.142593;0.0441191;0.0262225;-4.67105
154.475;154.154;0.0801879;0.0294487;0.00641161;-3.92649
163.3;154.154;0.000977632;0.0167797;-0.00178485;-3.13601
172.126;154.154;-0.0531517;0.00742769;-0.00232487;-2.36891
180.951;154.154;-0.0311223;-0.00361303;-0.00857731;-1.55942
-172.067;145.329;0.807606;-0.0356482;-0.00704328;-1.93639
-163.242;145.329;0.847531;-0.0546562;0.00797554;-2.74901
-154.416;145.329;0.806696;-0.0724322;0.0254263;-3.53753
-145.591;145.329;0.782828;-0.0875186;0.0404265;-4.3064
-136.765;145.329;0.780434;-0.101484;0.0573708;-5.05825
-127.94;145.329;0.754241;-0.111849;0.0741363;-5.77807
-119.114;145.329;0.712524;-0.119999;0.0884748;-6.44595
-110.289;145.329;0.691507;-0.127036;0.0977189;-7.08354
-101.463;145.329;0.704234;-0.129131;0.100973;-7.70406
-92.6379;145.329;0.680252;-0.123496;0.105586;-8.30071
-83.8124;145.329;0.669418;-0.114629;0.114033;-8.86465
-74.987;145.329;0.679457;-0.0973414;0.113448;-9.39705
-66.1615;145.329;0.646387;-0.0756767;0.10768;-9.85577
-57.3361;145.329;0.543389;-0.0583286;0.110593;-10.2252
-48.5106;145.329;0.422617;-0.0512714;0.130104;-10.5153
-39.6852;145.329;0.396665;-0.041938;0.155753;-10.8208
-30.8597;145.329;0.386366;-0.0316883;0.177599;-11.0856
-22.0342;145.329;0.368195;-0.0212034;0.191779;-11.2988
-13.2088;145.329;0.326093;-0.00817213;0.201856;-11.4472
-4.38334;145.329;0.264675;0.00752871;0.214272;-11.5314
4.44212;145.329;0.208638;0.0226378;0.224501;-11.5637
13.2676;145.329;0.185411;0.0350065;0.230391;-11.5543
22.093;145.329;0.155235;0.0501381;0.230884;-11.4878
30.9185;145.329;0.128264;0.0651619;0.227646;-11.3748
39.7439;145.329;0.111464;0.0779715;0.222057;-11.2172
48.5694;145.329;0.100066;0.0871942;0.218666;-11.0009
57.3948;145.329;0.0684286;0.0946063;0.213448;-10.7082
66.2203;145.329;0.0461578;0.101081;0.203004;-10.3737
75.0458;145.329;0.06268;0.106003;0.187869;-10.0166
83.8712;145.329;0.100952;0.109391;0.169968;-9.62142
92.6967;145.329;0.131164;0.109152;0.152571;-9.16049
101.522;145.329;0.137413;0.106889;0.141944;-8.64479
110.348;145.329;0.153527;0.102564;0.128886;-8.10267
119.173;145.329;0.174566;0.0969463;0.110029;-7.52069
127.998;145.329;0.187155;0.087374;0.0869254;-6.88845
136.824;145.329;0.179387;0.0726016;0.0634822;-6.20775
145.649;145.329;0.162699;0.0573078;0.0394687;-5.49645
154.475;145.329;0.118982;0.0430054;0.0167834;-4.7388
163.3;145.329;0.0580524;0.0288856;0.00510554;-3.95029
172.126;145.329;0.00154549;0.0156675;-0.00117641;-3.13399
180.951;145.329;0.00270379;0.0037962;-0.00649106;-2.33035
189.777;145.329;-0.0437607;-0.0143814;-0.0191301;-1.45595
-172.067;136.504;0.805649;-0.0404421;0.00129055;-2.60042
-163.242;136.504;0.813697;-0.0596955;0.0139182;-3.44455
-154.416;136.504;0.794596;-0.07803;0.0305362;-4.25309
-145.591;136.504;0.77576;-0.0946044;0.0482085;-5.04174
-136.765;136.504;0.75271;-0.111158;0.0657897;-5.81299
-127.94;136.504;0.723323;-0.122284;0.079373;-6.54737
-119.114;136.504;0.691541;-0.13034;0.0896078;-7.23502
-110.289;136.504;0.668655;-0.137218;0.0983203;-7.89426
-101.463;136.504;0.664742;-0.13825;0.103899;-8.52982
-92.6379;136.504;0.665932;-0.128418;0.106028;-9.129
-83.8124;136.504;0.651805;-0.118367;0.115132;-9.69823
-74.987;136.504;0.639557;-0.106394;0.119579;-10.2317
-66.1615;136.504;0.594988;-0.0915591;0.121642;-10.697
-57.3361;136.504;0.513426;-0.0766784;0.128779;-11.0876
-48.5106;136.504;0.432535;-0.0653665;0.146232;-11.4185
-39.6852;136.504;0.396839;-0.0534472;0.169651;-11.7374
-30.8597;136.504;0.368579;-0.0407955;0.189748;-12.0083
-22.0342;136.504;0.331408;-0.0279423;0.204639;-12.2222
-13.2088;136.504;0.273207;-0.0129111;0.217197;-12.369
-4.38334;136.504;0.201181;0.00443673;0.232702;-12.4505
4.44212;136.504;0.140583;0.0216815;0.246311;-12.479
13.2676;136.504;0.122599;0.0373783;0.253346;-12.4768
22.093;136.504;0.114553;0.0541596;0.252568;-12.4283
30.9185;136.504;0.107246;0.0699092;0.24595;-12.3265
39.7439;136.504;0.0950112;0.0842735;0.235739;-12.1638
48.5694;136.504;0.0769003;0.0970064;0.228372;-11.9355
57.3948;136.504;0.0582407;0.107347;0.224133;-11.6497
66.2203;136.504;0.0627894;0.115264;0.218381;-11.3308
75.0458;136.504;0.0885316;0.122125;0.206676;-10.9772
83.8712;136.504;0.120064;0.127292;0.188305;-10.566
92.6967;136.504;0.148358;0.127491;0.166018;-10.0821
101.522;136.504;0.182392;0.124685;0.150678;-9.56623
110.348;136.504;0.193415;0.121395;0.139315;-9.01185
119.173;136.504;0.185475;0.117276;0.123507;-8.39875
127.998;136.504;0.174166;0.107824;0.101174;-7.73248
136.824;136.504;0.170106;0.0916407;0.0763044;-7.02887
145.649;136.504;0.157588;0.0755302;0.0517998;-6.29457
154.475;136.504;0.130062;0.0604101;0.0279635;-5.52192
163.3;136.504;0.0786284;0.0456766;0.0124034;-4.71473
172.126;136.504;0.020828;0.0284157;-0.000256036;-3.87947
180.951;136.504;-0.00265896;0.00853629;-0.0132059;-3.03717
189.777;136.504;-0.0116348;-0.00867974;-0.0201514;-2.16192
-180.892;127.678;0.828924;-0.0204241;-0.00324939;-2.37048
-172.067;127.678;0.801448;-0.039451;0.00616362;-3.23089
-163.242;127.678;0.772076;-0.0652922;0.0249233;-4.10765
-154.416;127.678;0.763932;-0.0871943;0.0421201;-4.94683
-145.591;127.678;0.747952;-0.106518;0.0604646;-5.76301
-136.765;127.678;0.716373;-0.122547;0.077399;-6.55147
-127.94;127.678;0.686062;-0.131;0.0864495;-7.29761
-119.114;127.678;0.656039;-0.136749;0.0920404;-8.00673
-110.289;127.678;0.630273;-0.142648;0.100051;-8.69176
-101.463;127.678;0.619002;-0.144131;0.109053;-9.34701
-92.6379;127.678;0.603199;-0.135121;0.11574;-9.95651
-83.8124;127.678;0.570625;-0.125196;0.125918;-10.5263
-74.987;127.678;0.547975;-0.117076;0.133969;-11.0663
-66.1615;127.678;0.515915;-0.107099;0.142396;-11.5498
-57.3361;127.678;0.464648;-0.0934293;0.154844;-11.963
-48.5106;127.678;0.406221;-0.0778955;0.17286;-12.316
-39.6852;127.678;0.364236;-0.0637744;0.194794;-12.6526
-30.8597;127.678;0.317258;-0.0479634;0.215237;-12.9412
-22.0342;127.678;0.264204;-0.0309508;0.230771;-13.1648
-13.2088;127.678;0.195112;-0.013043;0.242942;-13.3124
-4.38334;127.678;0.121168;0.00599974;0.257613;-13.3937
4.44212;127.678;0.071985;0.0260117;0.270408;-13.4317
13.2676;127.678;0.0781889;0.0436914;0.27544;-13.4445
22.093;127.678;0.0984438;0.0614947;0.272093;-13.4134
30.9185;127.678;0.115528;0.078053;0.262027;-13.3222
39.7439;127.678;0.113851;0.0932031;0.247258;-13.149
48.5694;127.678;0.0891779;0.108475;0.235222;-12.8993
57.3948;127.678;0.0547438;0.122627;0.228613;-12.5919
66.2203;127.678;0.0508032;0.131892;0.224934;-12.2568
75.0458;127.678;0.0435258;0.140186;0.216427;-11.8659
83.8712;127.678;0.00996811;0.146803;0.201119;-11.3814
92.6967;127.678;-0.0258809;0.149776;0.181137;-10.8272
101.522;127.678;0.0105902;0.148484;0.16453;-10.2965
110.348;127.678;0.038922;0.145636;0.151333;-9.74387
119.173;127.678;0.0469589;0.141124;0.133324;-9.12716
127.998;127.678;0.0627845;0.13;0.109138;-8.46292
136.824;127.678;0.096991;0.113194;0.0838161;-7.77381
145.649;127.678;0.101026;0.0974909;0.0613972;-7.03882
154.475;127.678;0.0734808;0.0825111;0.0385427;-6.2471
163.3;127.678;0.0277104;0.0671468;0.0210619;-5.42018
172.126;127.678;-0.0133822;0.0484687;0.00360259;-4.56937
180.951;127.678;-0.0266013;0.0273624;-0.0125792;-3.71084
189.777;127.678;-0.0626959;0.0101052;-0.0155599;-2.83766
198.602;127.678;-0.103846;-0.00931058;-0.0178949;-1.90855
207.428;127.678;0.108123;-0.0358406;-0.0353047;-0.944808
-189.718;118.853;0.792015;-0.0124239;-0.00297919;-2.07981
-180.892;118.853;0.770748;-0.0256894;0.0040623;-2.95991
-172.067;118.853;0.756336;-0.0487927;0.0221269;-3.86827
-163.242;118.853;0.721902;-0.0748763;0.0412979;-4.75098
-154.416;118.853;0.712321;-0.0988713;0.0581549;-5.61953
-145.591;118.853;0.704309;-0.118302;0.0746399;-6.46217
-136.765;118.853;0.676575;-0.13365;0.0905288;-7.2746
-127.94;118.853;0.650239;-0.140488;0.0967646;-8.04015
-119.114;118.853;0.623314;-0.144065;0.0995736;-8.77269
-110.289;118.853;0.605123;-0.147606;0.106292;-9.48208
-101.463;118.853;0.605995;-0.148175;0.116273;-10.1569
-92.6379;118.853;0.576178;-0.141566;0.126728;-10.7815
-83.8124;118.853;0.51075;-0.132614;0.137882;-11.3589
-74.987;118.853;0.460758;-0.126235;0.148798;-11.9072
-66.1615;118.853;0.421909;-0.119;0.163084;-12.409
-57.3361;118.853;0.382425;-0.106869;0.181516;-12.8463
-48.5106;118.853;0.341352;-0.0904259;0.202124;-13.2243
-39.6852;118.853;0.314086;-0.0765006;0.224256;-13.585
-30.8597;118.853;0.286054;-0.0587154;0.242166;-13.8963
-22.0342;118.853;0.247791;-0.0380184;0.25464;-14.1403
-13.2088;118.853;0.190214;-0.0172259;0.263467;-14.3039
-4.38334;118.853;0.133198;0.0030337;0.274242;-14.4005
4.44212;118.853;0.106272;0.0238516;0.284958;-14.4572
13.2676;118.853;0.1125;0.0427907;0.28984;-14.474
22.093;118.853;0.108312;0.0625983;0.285804;-14.4265
30.9185;118.853;0.100004;0.0815269;0.273294;-14.3081
39.7439;118.853;0.0764251;0.100511;0.256858;-14.1088
48.5694;118.853;0.0185353;0.118708;0.243256;-13.8113
57.3948;118.853;-0.0874984;0.137291;0.235802;-13.4304
66.2203;118.853;-0.167016;0.150284;0.231486;-13.0199
75.0458;118.853;-0.205024;0.159305;0.220547;-12.5784
83.8712;118.853;-0.302974;0.169383;0.204777;-12.0247
92.6967;118.853;-0.444649;0.171831;0.185806;-11.3535
101.522;118.853;-0.481439;0.171342;0.169763;-10.7482
110.348;118.853;-0.42047;0.16912;0.157044;-10.2022
119.173;118.853;-0.341089;0.165777;0.139562;-9.63398
127.998;118.853;-0.238193;0.153981;0.115577;-9.02856
136.824;118.853;-0.129135;0.137487;0.0896395;-8.38996
145.649;118.853;-0.0921384;0.122795;0.0683054;-7.67045
154.475;118.853;-0.097316;0.108412;0.0460936;-6.87832
163.3;118.853;-0.110744;0.0921896;0.0271997;-6.04885
172.126;118.853;-0.113219;0.0739717;0.00919475;-5.20323
180.951;118.853;-0.0995761;0.0543226;-0.00597182;-4.34972
189.777;118.853;-0.109909;0.0345639;-0.0122033;-3.47107
198.602;118.853;-0.127878;0.0149574;-0.0119478;-2.54577
207.428;118.853;0.0562418;-0.0103483;-0.0228747;-1.59565
-189.718;110.027;0.712601;-0.0314693;0.00756836;-2.64115
-180.892;110.027;0.682247;-0.0441066;0.0203558;-3.54414
-172.067;110.027;0.686482;-0.0632437;0.0388892;-4.46796
-163.242;110.027;0.66218;-0.0864531;0.0556038;-5.37565
-154.416;110.027;0.653484;-0.108784;0.0701465;-6.27051
-145.591;110.027;0.656086;-0.127434;0.0848685;-7.14086
-136.765;110.027;0.639825;-0.144018;0.100268;-7.98257
-127.94;110.027;0.608124;-0.15376;0.108034;-8.7737
-119.114;110.027;0.572519;-0.159547;0.11335;-9.5332
-110.289;110.027;0.55261;-0.163384;0.121333;-10.2702
-101.463;110.027;0.551412;-0.163573;0.132026;-10.9714
-92.6379;110.027;0.517923;-0.156502;0.142139;-11.611
-83.8124;110.027;0.456506;-0.145754;0.149871;-12.2004
-74.987;110.027;0.405808;-0.138902;0.157951;-12.7642
-66.1615;110.027;0.362296;-0.132832;0.171751;-13.2889
-57.3361;110.027;0.329053;-0.12236;0.192905;-13.7522
-48.5106;110.027;0.308854;-0.106606;0.217968;-14.1588
-39.6852;110.027;0.291543;-0.0918406;0.241015;-14.5365
-30.8597;110.027;0.268469;-0.0716643;0.257751;-14.8614
-22.0342;110.027;0.236275;-0.0484628;0.268567;-15.1253
-13.2088;110.027;0.18914;-0.0262778;0.275381;-15.3153
-4.38334;110.027;0.145118;-0.00509957;0.282935;-15.4345
4.44212;110.027;0.123493;0.0171679;0.291535;-15.5013
13.2676;110.027;0.115469;0.037514;0.296943;-15.5122
22.093;110.027;0.0881116;0.0575956;0.294212;-15.4433
30.9185;110.027;0.0577773;0.0763086;0.282335;-15.2981
39.7439;110.027;0.0150848;0.100564;0.266749;-15.0841
48.5694;110.027;-0.0517935;0.128671;0.252907;-14.7798
57.3948;110.027;-0.141246;0.15604;0.244735;-14.3963
66.2203;110.027;-0.179126;0.172418;0.240839;-13.9957
75.0458;110.027;-0.173451;0.183221;0.226678;-13.5685
83.8712;110.027;-0.276364;0.195181;0.203499;-12.9992
92.6967;110.027;-0.472678;0.197043;0.18192;-12.264
101.522;110.027;-0.607892;0.196294;0.164291;-11.5483
110.348;110.027;-0.598959;0.194174;0.149337;-10.9189
119.173;110.027;-0.528729;0.191591;0.132448;-10.3173
127.998;110.027;-0.410606;0.179517;0.112168;-9.70453
136.824;110.027;-0.277395;0.16275;0.0899986;-9.06786
145.649;110.027;-0.192591;0.148307;0.0727791;-8.36298
154.475;110.027;-0.160542;0.134439;0.0531278;-7.57953
163.3;110.027;-0.1381;0.116892;0.0339087;-6.74901
172.126;110.027;-0.113297;0.0975738;0.016742;-5.89524
180.951;110.027;-0.0866274;0.0781225;0.00345981;-5.02857
189.777;110.027;-0.0673527;0.0565614;-0.00463807;-4.13957
198.602;110.027;-0.0735435;0.0321351;-0.00705264;-3.21984
207.428;110.027;0.0397552;0.00482843;-0.0208953;-2.23084
-198.543;101.202;0.825176;-0.0237906;-0.0025976;-2.28901
-189.718;101.202;0.727355;-0.0406256;0.0117309;-3.20764
-180.892;101.202;0.67054;-0.0581325;0.0289337;-4.14016
-172.067;101.202;0.657773;-0.0779095;0.0444271;-5.07252
-163.242;101.202;0.635369;-0.099686;0.0577762;-6.0026
-154.416;101.202;0.624133;-0.120777;0.0717927;-6.91951
-145.591;101.202;0.61711;-0.139633;0.0863976;-7.81018
-136.765;101.202;0.585559;-0.158147;0.100911;-8.67124
-127.94;101.202;0.530748;-0.171524;0.109388;-9.48112
-119.114;101.202;0.478394;-0.181533;0.117156;-10.2642
-110.289;101.202;0.457962;-0.187858;0.127492;-11.0304
-101.463;101.202;0.470686;-0.187572;0.139643;-11.7662
-92.6379;101.202;0.465853;-0.178637;0.149723;-12.4391
-83.8124;101.202;0.443879;-0.164477;0.15478;-13.056
-74.987;101.202;0.402938;-0.155554;0.16057;-13.6463
-66.1615;101.202;0.353035;-0.148091;0.172968;-14.1955
-57.3361;101.202;0.303067;-0.136321;0.195043;-14.68
-48.5106;101.202;0.263452;-0.119322;0.223273;-15.1038
-39.6852;101.202;0.243559;-0.102713;0.247372;-15.4904
-30.8597;101.202;0.229701;-0.0813858;0.264325;-15.8253
-22.0342;101.202;0.211564;-0.0574736;0.276219;-16.1073
-13.2088;101.202;0.186334;-0.0348659;0.28439;-16.3248
-4.38334;101.202;0.162126;-0.0127904;0.291948;-16.4679
4.44212;101.202;0.146074;0.0106595;0.298995;-16.5435
13.2676;101.202;0.132674;0.0319825;0.303854;-16.5517
22.093;101.202;0.0992203;0.0507523;0.303728;-16.4769
30.9185;101.202;0.0559388;0.0684593;0.295962;-16.3215
39.7439;101.202;0.00434091;0.10042;0.281527;-16.1038
48.5694;101.202;-0.0302398;0.144277;0.26486;-15.8334
57.3948;101.202;-0.0107591;0.184459;0.253078;-15.53
66.2203;101.202;0.0730591;0.204928;0.249451;-15.2173
75.0458;101.202;0.117496;0.217363;0.232256;-14.8078
83.8712;101.202;0.029797;0.226875;0.203898;-14.2243
92.6967;101.202;-0.160584;0.2282;0.17919;-13.4769
101.522;101.202;-0.342924;0.228123;0.159163;-12.7029
110.348;101.202;-0.378394;0.225297;0.140782;-11.9958
119.173;101.202;-0.34672;0.221511;0.123501;-11.3252
127.998;101.202;-0.276132;0.211436;0.108172;-10.6513
136.824;101.202;-0.19244;0.195631;0.0921636;-9.94622
145.649;101.202;-0.121111;0.180554;0.0785193;-9.19514
154.475;101.202;-0.0876503;0.165758;0.061776;-8.38275
163.3;101.202;-0.0601142;0.146873;0.04332;-7.52658
172.126;101.202;-0.0460242;0.126511;0.0257523;-6.63799
180.951;101.202;-0.0498607;0.107076;0.0109726;-5.72675
189.777;101.202;-0.0489153;0.0835951;-0.00247583;-4.79296
198.602;101.202;-0.0149743;0.0520854;-0.0116813;-3.83924
207.428;101.202;0.0338684;0.0214047;-0.0232576;-2.82765
-198.543;92.3763;0.862127;-0.0185084;-0.00867998;-2.82335
-189.718;92.3763;0.761483;-0.0345668;0.00583752;-3.76937
-180.892;92.3763;0.688168;-0.062277;0.0269345;-4.71805
-172.067;92.3763;0.661485;-0.0878941;0.0425213;-5.6675
-163.242;92.3763;0.641107;-0.110467;0.0543394;-6.61565
-154.416;92.3763;0.613251;-0.131405;0.0697702;-7.54699
-145.591;92.3763;0.57607;-0.149995;0.0859129;-8.45095
-136.765;92.3763;0.519452;-0.168944;0.0986568;-9.32738
-127.94;92.3763;0.453468;-0.185046;0.104958;-10.1614
-119.114;92.3763;0.405294;-0.198629;0.114207;-10.9793
-110.289;92.3763;0.393996;-0.206727;0.127448;-11.7797
-101.463;92.3763;0.41407;-0.205531;0.141516;-12.5489
-92.6379;92.3763;0.431192;-0.194793;0.152208;-13.2629
-83.8124;92.3763;0.428687;-0.180104;0.159851;-13.9231
-74.987;92.3763;0.401559;-0.170124;0.169023;-14.5471
-66.1615;92.3763;0.355822;-0.160388;0.182048;-15.1174
-57.3361;92.3763;0.294459;-0.146424;0.20317;-15.6162
-48.5106;92.3763;0.235838;-0.127937;0.230496;-16.0612
-39.6852;92.3763;0.21219;-0.109685;0.255357;-16.468
-30.8597;92.3763;0.211438;-0.0875228;0.274249;-16.8252
-22.0342;92.3763;0.20585;-0.061885;0.28878;-17.1293
-13.2088;92.3763;0.195131;-0.036973;0.299781;-17.3686
-4.38334;92.3763;0.184574;-0.0124349;0.308609;-17.5271
4.44212;92.3763;0.175134;0.0128458;0.314573;-17.6064
13.2676;92.3763;0.159432;0.0358131;0.316847;-17.6103
22.093;92.3763;0.128402;0.0527836;0.317196;-17.5401
30.9185;92.3763;0.0825016;0.0710884;0.31271;-17.3872
39.7439;92.3763;0.0227345;0.11265;0.295745;-17.1592
48.5694;92.3763;0.00843249;0.171356;0.27046;-16.8987
57.3948;92.3763;0.105378;0.222351;0.248991;-16.6483
66.2203;92.3763;0.278399;0.245355;0.240598;-16.3977
75.0458;92.3763;0.337605;0.257334;0.221675;-15.974
83.8712;92.3763;0.281467;0.262141;0.19643;-15.3771
92.6967;92.3763;0.150927;0.262163;0.173991;-14.6586
101.522;92.3763;0.0163398;0.26108;0.154065;-13.8996
110.348;92.3763;-0.0144104;0.256861;0.133646;-13.1626
119.173;92.3763;-0.015828;0.250899;0.115616;-12.4314
127.998;92.3763;-0.00754719;0.241595;0.102866;-11.6799
136.824;92.3763;0.0072196;0.227045;0.0890004;-10.8884
145.649;92.3763;0.0318402;0.211415;0.0758335;-10.0637
154.475;92.3763;0.0470591;0.195398;0.0622573;-9.20342
163.3;92.3763;0.0563037;0.176271;0.0472667;-8.30582
172.126;92.3763;0.0266138;0.155636;0.0310475;-7.36154
180.951;92.3763;-0.0397053;0.134526;0.0153788;-6.38069
189.777;92.3763;-0.0732665;0.106031;-0.00102511;-5.38598
198.602;92.3763;-0.0244876;0.0705242;-0.0149322;-4.40327
207.428;92.3763;0.0608972;0.0381038;-0.0229648;-3.41624
-216.194;83.5508;0.808671;-0.0263568;-0.00100942;-1.30211
-207.369;83.5508;0.897197;-0.00840525;-0.0163986;-2.30416
-198.543;83.5508;0.867421;-0.00941404;-0.0154923;-3.32533
-189.718;83.5508;0.778533;-0.0245434;-0.00299508;-4.29797
-180.892;83.5508;0.697824;-0.0590915;0.0192416;-5.26456
-172.067;83.5508;0.662529;-0.0904959;0.0360853;-6.22902
-163.242;83.5508;0.630067;-0.11516;0.0483389;-7.18942
-154.416;83.5508;0.571139;-0.138052;0.0652301;-8.13685
-145.591;83.5508;0.51232;-0.157355;0.0812044;-9.05983
-136.765;83.5508;0.453704;-0.174834;0.0906725;-9.95832
-127.94;83.5508;0.405051;-0.189674;0.0937073;-10.8261
-119.114;83.5508;0.37376;-0.202607;0.102564;-11.679
-110.289;83.5508;0.363348;-0.210215;0.117215;-12.5101
-101.463;83.5508;0.371716;-0.208527;0.132272;-13.306
-92.6379;83.5508;0.389143;-0.198096;0.14212;-14.0487
-83.8124;83.5508;0.384034;-0.18777;0.154712;-14.7483
-74.987;83.5508;0.366569;-0.179568;0.171876;-15.4058
-66.1615;83.5508;0.336835;-0.168317;0.18957;-16.0056
-57.3361;83.5508;0.289297;-0.152464;0.209197;-16.5398
-48.5106;83.5508;0.240315;-0.13367;0.233118;-17.0261
-39.6852;83.5508;0.222592;-0.11521;0.258364;-17.4696
-30.8597;83.5508;0.228051;-0.0925108;0.279433;-17.8518
-22.0342;83.5508;0.222426;-0.0651522;0.294597;-18.1662
-13.2088;83.5508;0.205522;-0.0367412;0.306592;-18.4116
-4.38334;83.5508;0.192378;-0.00821876;0.316791;-18.5734
4.44212;83.5508;0.184194;0.0207666;0.323164;-18.6535
13.2676;83.5508;0.164183;0.048086;0.322936;-18.6584
22.093;83.5508;0.139882;0.0658613;0.321228;-18.6073
30.9185;83.5508;0.107154;0.0896792;0.313803;-18.4676
39.7439;83.5508;0.0423931;0.140481;0.28813;-18.2115
48.5694;83.5508;0.00400331;0.204141;0.250792;-17.8853
57.3948;83.5508;0.0628918;0.253927;0.21836;-17.5604
66.2203;83.5508;0.204602;0.275045;0.202612;-17.2517
75.0458;83.5508;0.256343;0.290324;0.187206;-16.804
83.8712;83.5508;0.231442;0.297442;0.17219;-16.2222
92.6967;83.5508;0.185862;0.299018;0.159006;-15.5639
101.522;83.5508;0.16785;0.296241;0.143072;-14.8677
110.348;83.5508;0.176507;0.290767;0.121838;-14.138
119.173;83.5508;0.155765;0.282598;0.101385;-13.3684
127.998;83.5508;0.131606;0.270768;0.0869433;-12.5625
136.824;83.5508;0.120325;0.255545;0.0707977;-11.7217
145.649;83.5508;0.12845;0.238333;0.05574;-10.849
154.475;83.5508;0.14377;0.220075;0.0447499;-9.95197
163.3;83.5508;0.138977;0.201099;0.0357002;-9.01613
172.126;83.5508;0.0641645;0.181833;0.0249152;-8.02064
180.951;83.5508;-0.0481373;0.159422;0.0119927;-6.98565
189.777;83.5508;-0.0653549;0.125753;-0.00372959;-5.97019
198.602;83.5508;0.00906635;0.0855232;-0.0209776;-4.97768
207.428;83.5508;0.133653;0.0482676;-0.0326027;-3.99615
216.253;83.5508;0.240368;0.0156627;-0.0363493;-2.96982
225.078;83.5508;0.270573;-0.0106178;-0.0290103;-1.90696
-216.194;74.7253;0.797787;-0.0322693;-0.000864124;-1.74577
-207.369;74.7253;0.861445;-0.00741502;-0.0169037;-2.7708
-198.543;74.7253;0.845599;0.00412254;-0.0250785;-3.78165
-189.718;74.7253;0.756001;-0.0180358;-0.0125165;-4.77159
-180.892;74.7253;0.691477;-0.0530409;0.00621472;-5.75696
-172.067;74.7253;0.656529;-0.0850904;0.0222349;-6.7416
-163.242;74.7253;0.604101;-0.111151;0.0347338;-7.71691
-154.416;74.7253;0.518571;-0.137288;0.0505596;-8.6922
-145.591;74.7253;0.462679;-0.15857;0.062329;-9.64887
-136.765;74.7253;0.426558;-0.174734;0.0676595;-10.5814
-127.94;74.7253;0.410524;-0.185815;0.068202;-11.4866
-119.114;74.7253;0.385583;-0.195457;0.0758335;-12.3687
-110.289;74.7253;0.354066;-0.201806;0.089231;-13.224
-101.463;74.7253;0.337424;-0.200869;0.10195;-14.0453
-92.6379;74.7253;0.345616;-0.192771;0.109276;-14.8165
-83.8124;74.7253;0.340254;-0.188154;0.125135;-15.5488
-74.987;74.7253;0.320019;-0.183423;0.14905;-16.2359
-66.1615;74.7253;0.305516;-0.172188;0.171922;-16.8715
-57.3361;74.7253;0.285593;-0.156053;0.19045;-17.4482
-48.5106;74.7253;0.264048;-0.138225;0.210252;-17.9843
-39.6852;74.7253;0.25922;-0.120329;0.233086;-18.4737
-30.8597;74.7253;0.253224;-0.0960919;0.254542;-18.8859
-22.0342;74.7253;0.234743;-0.0670698;0.271567;-19.2195
-13.2088;74.7253;0.19835;-0.0358888;0.285862;-19.4679
-4.38334;74.7253;0.166978;-0.00296099;0.297168;-19.6286
4.44212;74.7253;0.146955;0.0311863;0.301105;-19.7044
13.2676;74.7253;0.12655;0.063676;0.294125;-19.7063
22.093;74.7253;0.124464;0.0841104;0.286511;-19.6697
30.9185;74.7253;0.129943;0.119179;0.270185;-19.5418
39.7439;74.7253;0.102725;0.179262;0.237256;-19.2794
48.5694;74.7253;0.0811987;0.241699;0.199235;-18.9211
57.3948;74.7253;0.109976;0.283264;0.17063;-18.5291
66.2203;74.7253;0.173281;0.30334;0.153754;-18.1182
75.0458;74.7253;0.191227;0.319973;0.141855;-17.6123
83.8712;74.7253;0.18392;0.328283;0.133294;-17.0196
92.6967;74.7253;0.182962;0.331814;0.126641;-16.3798
101.522;74.7253;0.202807;0.330674;0.114819;-15.6984
110.348;74.7253;0.222395;0.32424;0.0947122;-14.9559
119.173;74.7253;0.190651;0.312684;0.0731333;-14.1462
127.998;74.7253;0.159175;0.2985;0.058202;-13.3067
136.824;74.7253;0.152877;0.282124;0.0433599;-12.4441
145.649;74.7253;0.177187;0.262869;0.0299874;-11.5532
154.475;74.7253;0.209092;0.242809;0.0210381;-10.6373
163.3;74.7253;0.224509;0.222806;0.017918;-9.69264
172.126;74.7253;0.179452;0.202287;0.0147665;-8.694
180.951;74.7253;0.112578;0.176309;0.00811995;-7.65816
189.777;74.7253;0.127143;0.139011;-0.00514473;-6.63633
198.602;74.7253;0.218018;0.097014;-0.021025;-5.63085
207.428;74.7253;0.296872;0.0591114;-0.0326256;-4.60342
216.253;74.7253;0.35189;0.0252953;-0.0356819;-3.50987
225.078;74.7253;0.364278;-0.00349784;-0.0270664;-2.41635
-216.194;65.8999;0.785652;-0.0228811;-0.00635495;-2.10726
-207.369;65.8999;0.809685;-0.0035576;-0.0183488;-3.16421
-198.543;65.8999;0.783638;0.00456797;-0.0284693;-4.1747
-189.718;65.8999;0.707726;-0.0219462;-0.0206701;-5.19595
-180.892;65.8999;0.672269;-0.0519085;-0.0113874;-6.20493
-172.067;65.8999;0.657462;-0.0785834;-0.00248335;-7.23068
-163.242;65.8999;0.610121;-0.103507;0.00573725;-8.24196
-154.416;65.8999;0.536044;-0.130158;0.0155421;-9.25538
-145.591;65.8999;0.503464;-0.151003;0.0197408;-10.2477
-136.765;65.8999;0.483554;-0.167525;0.0216144;-11.2129
-127.94;65.8999;0.482744;-0.179136;0.0219712;-12.1494
-119.114;65.8999;0.449224;-0.190385;0.0302289;-13.059
-110.289;65.8999;0.396897;-0.19908;0.0427028;-13.9379
-101.463;65.8999;0.372648;-0.200665;0.0515925;-14.7894
-92.6379;65.8999;0.393413;-0.195007;0.0565429;-15.5964
-83.8124;65.8999;0.390122;-0.191172;0.0692239;-16.357
-74.987;65.8999;0.366802;-0.188409;0.0942667;-17.0711
-66.1615;65.8999;0.347605;-0.178251;0.122077;-17.7412
-57.3361;65.8999;0.326259;-0.16242;0.1427;-18.352
-48.5106;65.8999;0.308776;-0.14371;0.160286;-18.9279
-39.6852;65.8999;0.307653;-0.123833;0.179625;-19.4582
-30.8597;65.8999;0.304881;-0.0988328;0.202295;-19.9082
-22.0342;65.8999;0.307804;-0.0710896;0.223874;-20.2867
-13.2088;65.8999;0.290483;-0.041259;0.244465;-20.5711
-4.38334;65.8999;0.264953;-0.00677569;0.258086;-20.7535
4.44212;65.8999;0.237566;0.0312415;0.259464;-20.8321
13.2676;65.8999;0.211079;0.0673353;0.248552;-20.8223
22.093;65.8999;0.217066;0.0925993;0.237327;-20.7773
30.9185;65.8999;0.23456;0.143314;0.211376;-20.6357
39.7439;65.8999;0.244301;0.215725;0.17531;-20.3763
48.5694;65.8999;0.293256;0.27929;0.145695;-20.0566
57.3948;65.8999;0.38183;0.316047;0.13172;-19.6989
66.2203;65.8999;0.41387;0.338576;0.124184;-19.2417
75.0458;65.8999;0.376922;0.3557;0.11552;-18.655
83.8712;65.8999;0.344284;0.362234;0.107751;-18.0045
92.6967;65.8999;0.338723;0.363826;0.100831;-17.3224
101.522;65.8999;0.354217;0.362795;0.0907649;-16.6043
110.348;65.8999;0.360922;0.357165;0.0740271;-15.8246
119.173;65.8999;0.32353;0.344139;0.0535337;-14.9733
127.998;65.8999;0.290772;0.328199;0.0390344;-14.0996
136.824;65.8999;0.278477;0.309104;0.0282404;-13.1977
145.649;65.8999;0.289293;0.287899;0.0193441;-12.2659
154.475;65.8999;0.313571;0.267294;0.0119528;-11.3166
163.3;65.8999;0.327949;0.247278;0.00925058;-10.3489
172.126;65.8999;0.313663;0.224274;0.00831619;-9.33849
180.951;65.8999;0.294474;0.194729;0.00528262;-8.2989
189.777;65.8999;0.315276;0.154807;-0.00636182;-7.25503
198.602;65.8999;0.377562;0.113375;-0.019042;-6.21399
207.428;65.8999;0.425456;0.0772362;-0.02586;-5.14519
216.253;65.8999;0.444272;0.0429269;-0.0257683;-4.03465
225.078;65.8999;0.441011;0.0116642;-0.0188718;-2.87962
233.904;65.8999;0.518908;-0.0175951;-0.0152597;-1.68825
-216.194;57.0744;0.753439;-0.0110849;-0.0122884;-2.43561
-207.369;57.0744;0.756039;-0.00155432;-0.0211153;-3.50544
-198.543;57.0744;0.703038;-0.00434878;-0.0291405;-4.53171
-189.718;57.0744;0.630993;-0.0366064;-0.0249808;-5.5831
-180.892;57.0744;0.617677;-0.0625947;-0.0239517;-6.61406
-172.067;57.0744;0.631743;-0.0838534;-0.0243157;-7.66554
-163.242;57.0744;0.623812;-0.106074;-0.0240377;-8.71441
-154.416;57.0744;0.599777;-0.128402;-0.0230301;-9.76683
-145.591;57.0744;0.600417;-0.145413;-0.0253953;-10.802
-136.765;57.0744;0.584689;-0.161062;-0.02563;-11.8012
-127.94;57.0744;0.561603;-0.178155;-0.0192762;-12.7703
-119.114;57.0744;0.51495;-0.193749;-0.00578501;-13.7077
-110.289;57.0744;0.458432;-0.204016;0.0102279;-14.6134
-101.463;57.0744;0.432567;-0.206869;0.0200983;-15.5004
-92.6379;57.0744;0.461153;-0.203894;0.0248697;-16.35
-83.8124;57.0744;0.4681;-0.200714;0.0363311;-17.1566
-74.987;57.0744;0.447579;-0.196949;0.0592644;-17.9072
-66.1615;57.0744;0.41586;-0.188335;0.0847789;-18.601
-57.3361;57.0744;0.377873;-0.175111;0.105342;-19.2379
-48.5106;57.0744;0.35487;-0.157134;0.123945;-19.8488
-39.6852;57.0744;0.361035;-0.134562;0.143057;-20.4195
-30.8597;57.0744;0.366654;-0.106242;0.164886;-20.9038
-22.0342;57.0744;0.385926;-0.0772769;0.190016;-21.3212
-13.2088;57.0744;0.392193;-0.0464396;0.21339;-21.6443
-4.38334;57.0744;0.377864;-0.0101583;0.228013;-21.8509
4.44212;57.0744;0.341326;0.0286584;0.232403;-21.9358
13.2676;57.0744;0.299466;0.0632161;0.229207;-21.9143
22.093;57.0744;0.309472;0.0946747;0.218409;-21.8607
30.9185;57.0744;0.334113;0.161269;0.186207;-21.7047
39.7439;57.0744;0.357073;0.247269;0.14965;-21.4336
48.5694;57.0744;0.420724;0.314618;0.126418;-21.1097
57.3948;57.0744;0.506845;0.349282;0.119094;-20.7319
66.2203;57.0744;0.51609;0.373102;0.114348;-20.2286
75.0458;57.0744;0.442463;0.390299;0.108612;-19.5737
83.8712;57.0744;0.406091;0.396284;0.0993986;-18.8779
92.6967;57.0744;0.409764;0.397452;0.0903762;-18.1636
101.522;57.0744;0.433113;0.396458;0.080773;-17.4167
110.348;57.0744;0.445932;0.391021;0.0654064;-16.6051
119.173;57.0744;0.400501;0.377295;0.0472249;-15.7065
127.998;57.0744;0.358907;0.359968;0.0337374;-14.7879
136.824;57.0744;0.337;0.339604;0.024754;-13.849
145.649;57.0744;0.338795;0.316216;0.018591;-12.8853
154.475;57.0744;0.360439;0.293226;0.0119301;-11.9089
163.3;57.0744;0.384383;0.272129;0.00782439;-10.9203
172.126;57.0744;0.390127;0.247859;0.0069422;-9.89017
180.951;57.0744;0.387711;0.217455;0.00510441;-8.83258
189.777;57.0744;0.396904;0.175997;-0.00471217;-7.75797
198.602;57.0744;0.429269;0.133273;-0.014908;-6.68149
207.428;57.0744;0.460983;0.0964282;-0.0183302;-5.58597
216.253;57.0744;0.479491;0.0608694;-0.0167657;-4.45797
225.078;57.0744;0.492217;0.022291;-0.0139196;-3.27499
233.904;57.0744;0.572341;-0.0125733;-0.00927649;-2.06643
-225.02;48.249;0.731176;0.00443735;-0.0146483;-1.68016
-216.194;48.249;0.73356;-0.0088284;-0.0142744;-2.73856
-207.369;48.249;0.726227;-0.00741108;-0.0209781;-3.79578
-198.543;48.249;0.637673;-0.0222466;-0.025961;-4.85384
-189.718;48.249;0.568256;-0.0536753;-0.0230066;-5.92702
-180.892;48.249;0.551947;-0.0785394;-0.0244805;-6.99389
-172.067;48.249;0.553632;-0.101788;-0.029163;-8.07235
-163.242;48.249;0.551068;-0.126643;-0.0333688;-9.15197
-154.416;48.249;0.56325;-0.14676;-0.037362;-10.2258
-145.591;48.249;0.603853;-0.158812;-0.0434829;-11.2818
-136.765;48.249;0.578412;-0.171942;-0.0411085;-12.2922
-127.94;48.249;0.535617;-0.189954;-0.0314996;-13.2784
-119.114;48.249;0.484166;-0.205639;-0.0150733;-14.2364
-110.289;48.249;0.443934;-0.215384;0.00387252;-15.1713
-101.463;48.249;0.437672;-0.218456;0.0159017;-16.0979
-92.6379;48.249;0.467989;-0.216285;0.0207676;-16.997
-83.8124;48.249;0.483821;-0.2124;0.0292734;-17.8443
-74.987;48.249;0.456853;-0.210584;0.0496198;-18.6244
-66.1615;48.249;0.410511;-0.204725;0.0738448;-19.3454
-57.3361;48.249;0.367269;-0.194321;0.096371;-20.0242
-48.5106;48.249;0.35742;-0.177501;0.117355;-20.6878
-39.6852;48.249;0.384507;-0.152215;0.137423;-21.3166
-30.8597;48.249;0.398629;-0.118854;0.15854;-21.8408
-22.0342;48.249;0.405957;-0.0850347;0.180996;-22.2703
-13.2088;48.249;0.415284;-0.0514729;0.200545;-22.6167
-4.38334;48.249;0.406118;-0.0135604;0.215099;-22.8475
4.44212;48.249;0.37586;0.0242286;0.225467;-22.9557
13.2676;48.249;0.347681;0.0578728;0.231235;-22.9467
22.093;48.249;0.369348;0.105537;0.218778;-22.8921
30.9185;48.249;0.3968;0.190402;0.18428;-22.7243
39.7439;48.249;0.422986;0.28394;0.150515;-22.4416
48.5694;48.249;0.472738;0.349294;0.131749;-22.0827
57.3948;48.249;0.521711;0.380495;0.124506;-21.6367
66.2203;48.249;0.503653;0.403929;0.114725;-21.0693
75.0458;48.249;0.418369;0.421945;0.103539;-20.3644
83.8712;48.249;0.383591;0.429076;0.0912957;-19.6298
92.6967;48.249;0.388613;0.429843;0.0829326;-18.8772
101.522;48.249;0.414908;0.425986;0.0764853;-18.0894
110.348;48.249;0.438413;0.417573;0.0638986;-17.2411
119.173;48.249;0.393725;0.402272;0.0472903;-16.2953
127.998;48.249;0.348269;0.383912;0.0343349;-15.333
136.824;48.249;0.326469;0.362178;0.0243847;-14.3655
145.649;48.249;0.335113;0.338313;0.0170383;-13.3929
154.475;48.249;0.366684;0.31512;0.00980436;-12.4114
163.3;48.249;0.414261;0.292453;0.00523634;-11.4126
172.126;48.249;0.428349;0.26665;0.00461519;-10.3562
180.951;48.249;0.416016;0.235712;0.00419082;-9.26526
189.777;48.249;0.401736;0.193989;-0.00322367;-8.15401
198.602;48.249;0.417766;0.14857;-0.0118414;-7.04795
207.428;48.249;0.447426;0.107327;-0.0154162;-5.92604
216.253;48.249;0.480054;0.0671845;-0.0145903;-4.78576
225.078;48.249;0.516555;0.0229269;-0.0126785;-3.61291
233.904;48.249;0.571477;-0.0157982;-0.00736472;-2.4177
-225.02;39.4235;0.683933;0.00646096;-0.014321;-1.92235
-216.194;39.4235;0.678594;-0.00908251;-0.0141819;-3.0061
-207.369;39.4235;0.64359;-0.0196591;-0.0186413;-4.07587
-198.543;39.4235;0.567028;-0.039868;-0.0212605;-5.14369
-189.718;39.4235;0.533347;-0.0690079;-0.019518;-6.23921
-180.892;39.4235;0.527863;-0.0937016;-0.0218546;-7.34641
-172.067;39.4235;0.515132;-0.117406;-0.0280471;-8.44014
-163.242;39.4235;0.504779;-0.143304;-0.0339717;-9.53552
-154.416;39.4235;0.530709;-0.163622;-0.0399456;-10.6202
-145.591;39.4235;0.574364;-0.174553;-0.0469153;-11.6855
-136.765;39.4235;0.532608;-0.184836;-0.0434074;-12.6988
-127.94;39.4235;0.466857;-0.201651;-0.0321781;-13.6985
-119.114;39.4235;0.427457;-0.217417;-0.0179013;-14.6792
-110.289;39.4235;0.415948;-0.229726;-0.00244982;-15.6479
-101.463;39.4235;0.421319;-0.235749;0.0096656;-16.6092
-92.6379;39.4235;0.433972;-0.233267;0.0160687;-17.5368
-83.8124;39.4235;0.439664;-0.226036;0.0234928;-18.4105
-74.987;39.4235;0.41607;-0.225866;0.0405337;-19.2359
-66.1615;39.4235;0.374872;-0.22232;0.0638379;-20.0055
-57.3361;39.4235;0.343384;-0.213427;0.0882231;-20.7451
-48.5106;39.4235;0.357084;-0.197186;0.109864;-21.4711
-39.6852;39.4235;0.409212;-0.170793;0.128602;-22.1595
-30.8597;39.4235;0.431242;-0.135346;0.149965;-22.7226
-22.0342;39.4235;0.41322;-0.0985528;0.172892;-23.1657
-13.2088;39.4235;0.417192;-0.062768;0.192201;-23.5278
-4.38334;39.4235;0.421986;-0.0249031;0.210943;-23.7964
4.44212;39.4235;0.42389;0.01423;0.226935;-23.9561
13.2676;39.4235;0.435953;0.0597742;0.230893;-23.9924
22.093;39.4235;0.47674;0.13705;0.209383;-23.9451
30.9185;39.4235;0.527669;0.240672;0.174118;-23.7874
39.7439;39.4235;0.606123;0.329931;0.147772;-23.5392
48.5694;39.4235;0.65795;0.384467;0.13462;-23.1538
57.3948;39.4235;0.648823;0.411601;0.125667;-22.6164
66.2203;39.4235;0.572722;0.435996;0.108001;-21.9531
75.0458;39.4235;0.469402;0.455048;0.086805;-21.1822
83.8712;39.4235;0.409311;0.463782;0.0719138;-20.3851
92.6967;39.4235;0.386608;0.464485;0.0661751;-19.572
101.522;39.4235;0.395012;0.457573;0.0638693;-18.7287
110.348;39.4235;0.417713;0.446188;0.055182;-17.8435
119.173;39.4235;0.392387;0.429287;0.0413815;-16.867
127.998;39.4235;0.359762;0.407895;0.029565;-15.8662
136.824;39.4235;0.349051;0.38343;0.0190231;-14.871
145.649;39.4235;0.368246;0.358193;0.0100079;-13.8838
154.475;39.4235;0.409395;0.33378;0.00192321;-12.8877
163.3;39.4235;0.478269;0.307732;-0.00273975;-11.878
172.126;39.4235;0.504975;0.278385;-0.00398577;-10.8033
180.951;39.4235;0.48564;0.240953;-0.00423606;-9.66816
189.777;39.4235;0.445452;0.198237;-0.00896309;-8.51238
198.602;39.4235;0.44835;0.153956;-0.0144644;-7.37975
207.428;39.4235;0.465324;0.112548;-0.0167362;-6.23169
216.253;39.4235;0.503842;0.069798;-0.0153137;-5.06886
225.078;39.4235;0.529225;0.0224407;-0.0138582;-3.88675
233.904;39.4235;0.478669;-0.0193691;-0.01132;-2.70435
-225.02;30.5981;0.667552;-0.000308031;-0.0091834;-2.16271
-216.194;30.5981;0.655921;-0.0162054;-0.0115776;-3.2735
-207.369;30.5981;0.613172;-0.0313854;-0.0156671;-4.34927
-198.543;30.5981;0.566062;-0.0537953;-0.0178869;-5.43448
-189.718;30.5981;0.577787;-0.0791873;-0.0187313;-6.53868
-180.892;30.5981;0.581825;-0.102867;-0.0223659;-7.66571
-172.067;30.5981;0.560382;-0.125269;-0.0284713;-8.76756
-163.242;30.5981;0.539757;-0.150359;-0.0337838;-9.87281
-154.416;30.5981;0.549695;-0.172378;-0.0391813;-10.968
-145.591;30.5981;0.570464;-0.1856;-0.0456934;-12.0347
-136.765;30.5981;0.517251;-0.195641;-0.0436061;-13.0581
-127.94;30.5981;0.444398;-0.210757;-0.0344338;-14.0747
-119.114;30.5981;0.418389;-0.225239;-0.0253877;-15.0788
-110.289;30.5981;0.420507;-0.241389;-0.0157146;-16.0815
-101.463;30.5981;0.421608;-0.252502;-0.00444388;-17.0746
-92.6379;30.5981;0.413866;-0.249819;0.00439138;-18.0268
-83.8124;30.5981;0.406418;-0.238725;0.0122936;-18.9312
-74.987;30.5981;0.396855;-0.238278;0.0249883;-19.808
-66.1615;30.5981;0.372499;-0.235943;0.0451516;-20.632
-57.3361;30.5981;0.357289;-0.227683;0.068544;-21.431
-48.5106;30.5981;0.389201;-0.211901;0.0890415;-22.2137
-39.6852;30.5981;0.458248;-0.186485;0.105659;-22.9572
-30.8597;30.5981;0.492454;-0.152878;0.125832;-23.5751
-22.0342;30.5981;0.47049;-0.115619;0.150391;-24.0772
-13.2088;30.5981;0.492371;-0.0766728;0.175263;-24.4954
-4.38334;30.5981;0.546833;-0.0398463;0.205395;-24.8393
4.44212;30.5981;0.593486;0.00483938;0.226373;-25.0448
13.2676;30.5981;0.626477;0.0769242;0.21434;-25.1025
22.093;30.5981;0.688029;0.192937;0.1721;-25.0704
30.9185;30.5981;0.83051;0.314464;0.130979;-25.0012
39.7439;30.5981;1.0449;0.391608;0.113132;-24.8688
48.5694;30.5981;1.11857;0.42581;0.10756;-24.451
57.3948;30.5981;1.02965;0.443403;0.0974581;-23.7826
66.2203;30.5981;0.870467;0.468201;0.0769413;-22.9917
75.0458;30.5981;0.715604;0.486421;0.0555632;-22.1175
83.8712;30.5981;0.599751;0.494801;0.0426848;-21.2175
92.6967;30.5981;0.542734;0.493702;0.0393038;-20.322
101.522;30.5981;0.543453;0.483374;0.0389524;-19.4224
110.348;30.5981;0.576391;0.467634;0.0335446;-18.5026
119.173;30.5981;0.577135;0.447549;0.024645;-17.5152
127.998;30.5981;0.558869;0.423214;0.0171949;-16.4853
136.824;30.5981;0.534356;0.397819;0.00990146;-15.4402
145.649;30.5981;0.51362;0.373387;0.0023237;-14.3899
154.475;30.5981;0.508641;0.349388;-0.00539826;-13.3332
163.3;30.5981;0.559224;0.322205;-0.00977785;-12.2885
172.126;30.5981;0.583425;0.292565;-0.0122811;-11.2015
180.951;30.5981;0.559021;0.255244;-0.0128176;-10.0489
189.777;30.5981;0.51038;0.210067;-0.0146181;-8.85706
198.602;30.5981;0.522342;0.163494;-0.014779;-7.70727
207.428;30.5981;0.549546;0.120962;-0.0143126;-6.55319
216.253;30.5981;0.580799;0.0779298;-0.0135622;-5.37433
225.078;30.5981;0.607444;0.0302382;-0.0144833;-4.17084
233.904;30.5981;0.615146;-0.0175514;-0.0147831;-2.97709
-225.02;21.7726;0.689977;-0.00610847;-0.00497284;-2.36351
-216.194;21.7726;0.688297;-0.0235853;-0.00899342;-3.51063
-207.369;21.7726;0.652144;-0.040733;-0.0121893;-4.59991
-198.543;21.7726;0.631162;-0.064216;-0.0138494;-5.70503
-189.718;21.7726;0.65508;-0.0873784;-0.0171923;-6.8207
-180.892;21.7726;0.656678;-0.11045;-0.0228953;-7.95395
-172.067;21.7726;0.623208;-0.131503;-0.0297451;-9.05188
-163.242;21.7726;0.583805;-0.154308;-0.0351571;-10.1498
-154.416;21.7726;0.568894;-0.176522;-0.0406781;-11.2494
-145.591;21.7726;0.573253;-0.193581;-0.0474392;-12.3346
-136.765;21.7726;0.531857;-0.205252;-0.0484413;-13.3874
-127.94;21.7726;0.481965;-0.218435;-0.0445652;-14.4299
-119.114;21.7726;0.461129;-0.230262;-0.0402202;-15.458
-110.289;21.7726;0.453518;-0.248123;-0.0331019;-16.4851
-101.463;21.7726;0.442305;-0.263069;-0.0222577;-17.4997
-92.6379;21.7726;0.428162;-0.261888;-0.0117486;-18.4746
-83.8124;21.7726;0.423428;-0.250077;-0.00356167;-19.4127
-74.987;21.7726;0.429215;-0.248093;0.00486819;-20.331
-66.1615;21.7726;0.416204;-0.245121;0.0200453;-21.2029
-57.3361;21.7726;0.407818;-0.236848;0.0409309;-22.0494
-48.5106;21.7726;0.441406;-0.222319;0.0616013;-22.8766
-39.6852;21.7726;0.512216;-0.200276;0.0809377;-23.6694
-30.8597;21.7726;0.568355;-0.170756;0.104379;-24.3668
-22.0342;21.7726;0.589243;-0.132074;0.129688;-24.9574
-13.2088;21.7726;0.666009;-0.0892168;0.158211;-25.4762
-4.38334;21.7726;0.795519;-0.0497856;0.198034;-25.9157
4.44212;21.7726;0.829546;0.00350987;0.213302;-26.0808
13.2676;21.7726;0.767359;0.103295;0.176755;-26.0465
22.093;21.7726;0.807164;0.257068;0.104486;-26.0099
30.9185;21.7726;1.09874;0.383073;0.0564526;-26.0035
39.7439;21.7726;1.28281;0.452594;0.0429563;-25.8077
48.5694;21.7726;1.19304;0.476065;0.0421229;-25.2327
57.3948;21.7726;1.00255;0.489786;0.0382415;-24.4771
66.2203;21.7726;0.909255;0.510666;0.0301152;-23.6967
75.0458;21.7726;0.846251;0.522244;0.0216009;-22.8536
83.8712;21.7726;0.723457;0.527138;0.0166788;-21.9111
92.6967;21.7726;0.644532;0.521985;0.0149085;-20.9465
101.522;21.7726;0.622688;0.510827;0.01354;-19.9873
110.348;21.7726;0.627989;0.493637;0.0109899;-19.0061
119.173;21.7726;0.603482;0.474168;0.00546721;-17.9749
127.998;21.7726;0.573498;0.450217;0.00182389;-16.9069
136.824;21.7726;0.551746;0.423153;-0.00151336;-15.8258
145.649;21.7726;0.53112;0.396056;-0.00594157;-14.7362
154.475;21.7726;0.510927;0.36985;-0.0112086;-13.6383
163.3;21.7726;0.540462;0.341721;-0.0139663;-12.5597
172.126;21.7726;0.559127;0.313116;-0.0172394;-11.4565
180.951;21.7726;0.52821;0.277253;-0.0179033;-10.2776
189.777;21.7726;0.48384;0.23317;-0.0174482;-9.06503
198.602;21.7726;0.538102;0.183446;-0.0151037;-7.9343
207.428;21.7726;0.609967;0.13616;-0.0140036;-6.80762
216.253;21.7726;0.665222;0.0894391;-0.0129049;-5.64145
225.078;21.7726;0.688117;0.0385352;-0.0136534;-4.42767
233.904;21.7726;0.704914;-0.0169787;-0.0169057;-3.18708
242.729;21.7726;0.343296;-0.0430836;-0.0118519;-1.94272
-225.02;12.9472;0.726213;-5.60287e-05;-0.00638368;-2.4954
-216.194;12.9472;0.725841;-0.0232789;-0.0110376;-3.66206
-207.369;12.9472;0.672497;-0.0447131;-0.0123109;-4.75024
-198.543;12.9472;0.650417;-0.0708701;-0.0122269;-5.86175
-189.718;12.9472;0.660725;-0.0946079;-0.0163954;-6.99396
-180.892;12.9472;0.670722;-0.118325;-0.0225466;-8.14502
-172.067;12.9472;0.622312;-0.139657;-0.0298951;-9.23709
-163.242;12.9472;0.550836;-0.160869;-0.0372552;-10.3222
-154.416;12.9472;0.522097;-0.18042;-0.0463217;-11.4245
-145.591;12.9472;0.538477;-0.198865;-0.0558426;-12.5411
-136.765;12.9472;0.52997;-0.21171;-0.0606535;-13.6293
-127.94;12.9472;0.51404;-0.223366;-0.060509;-14.6999
-119.114;12.9472;0.494617;-0.235063;-0.0565895;-15.7587
-110.289;12.9472;0.472794;-0.252465;-0.0500021;-16.8015
-101.463;12.9472;0.447809;-0.268032;-0.0404077;-17.8334
-92.6379;12.9472;0.424152;-0.270989;-0.0297618;-18.8333
-83.8124;12.9472;0.414244;-0.262857;-0.020336;-19.8006
-74.987;12.9472;0.428188;-0.259305;-0.0139833;-20.7535
-66.1615;12.9472;0.430688;-0.252217;-0.00395675;-21.6652
-57.3361;12.9472;0.425056;-0.240039;0.0117814;-22.5437
-48.5106;12.9472;0.448174;-0.224908;0.0319247;-23.4009
-39.6852;12.9472;0.520342;-0.206876;0.0579595;-24.2378
-30.8597;12.9472;0.628775;-0.183122;0.0892737;-25.0229
-22.0342;12.9472;0.750705;-0.147122;0.119155;-25.7277
-13.2088;12.9472;0.886777;-0.103708;0.146568;-26.3294
-4.38334;12.9472;0.918625;-0.0463936;0.173827;-26.7105
4.44212;12.9472;0.762969;0.0276791;0.171372;-26.697
13.2676;12.9472;0.520514;0.140179;0.119312;-26.5118
22.093;12.9472;0.424265;0.290684;0.0435432;-26.4008
30.9185;12.9472;0.58329;0.411325;-0.00599201;-26.3032
39.7439;12.9472;0.5825;0.483092;-0.0281537;-25.9227
48.5694;12.9472;0.500855;0.509665;-0.0368383;-25.2616
57.3948;12.9472;0.505271;0.531016;-0.0337771;-24.6098
66.2203;12.9472;0.66021;0.550632;-0.0248856;-23.9948
75.0458;12.9472;0.770601;0.556537;-0.0170291;-23.2767
83.8712;12.9472;0.689739;0.555466;-0.0122696;-22.3437
92.6967;12.9472;0.595222;0.544418;-0.0105889;-21.3161
101.522;12.9472;0.532223;0.532728;-0.00984116;-20.2843
110.348;12.9472;0.496348;0.517423;-0.00980115;-19.2445
119.173;12.9472;0.456686;0.498034;-0.0110301;-18.1824
127.998;12.9472;0.446523;0.474275;-0.01165;-17.1139
136.824;12.9472;0.451835;0.448;-0.0132839;-16.0355
145.649;12.9472;0.454144;0.419883;-0.0164515;-14.9392
154.475;12.9472;0.449011;0.390587;-0.0194774;-13.8267
163.3;12.9472;0.475258;0.361096;-0.0198544;-12.7273
172.126;12.9472;0.495312;0.331111;-0.0216458;-11.6052
180.951;12.9472;0.469334;0.293532;-0.0211118;-10.4017
189.777;12.9472;0.440424;0.250259;-0.0192881;-9.18125
198.602;12.9472;0.512888;0.200501;-0.016428;-8.05586
207.428;12.9472;0.625062;0.150454;-0.0150708;-6.96132
216.253;12.9472;0.706425;0.102204;-0.0142321;-5.81979
225.078;12.9472;0.739526;0.0508081;-0.0136518;-4.60534
233.904;12.9472;0.727439;-0.00656499;-0.0159074;-3.32385
242.729;12.9472;0.615942;-0.0456818;-0.013176;-2.01783
-233.845;4.12171;0.64131;0.0201459;-0.0055934;-1.43853
-225.02;4.12171;0.720313;0.00767589;-0.0113239;-2.57472
-216.194;4.12171;0.701407;-0.0168908;-0.0149901;-3.7111
-207.369;4.12171;0.590695;-0.0496947;-0.0140972;-4.81169
-198.543;4.12171;0.529861;-0.0817133;-0.0124465;-5.92376
-189.718;4.12171;0.54309;-0.106755;-0.0162195;-7.06939
-180.892;4.12171;0.603383;-0.128313;-0.0205304;-8.243
-172.067;4.12171;0.567089;-0.149924;-0.026914;-9.35997
-163.242;4.12171;0.47528;-0.170388;-0.0367244;-10.4657
-154.416;4.12171;0.447919;-0.184284;-0.0515477;-11.586
-145.591;4.12171;0.503964;-0.195521;-0.0662221;-12.7054
-136.765;4.12171;0.511707;-0.210181;-0.0735913;-13.8114
-127.94;4.12171;0.496112;-0.223029;-0.0745455;-14.8913
-119.114;4.12171;0.485832;-0.236456;-0.0699766;-15.9605
-110.289;4.12171;0.472993;-0.253982;-0.0639811;-17.0249
-101.463;4.12171;0.442604;-0.268013;-0.0578727;-18.0664
-92.6379;4.12171;0.398254;-0.271975;-0.0509692;-19.0709
-83.8124;4.12171;0.369416;-0.269991;-0.0429862;-20.0535
-74.987;4.12171;0.38215;-0.271161;-0.0342722;-21.0402
-66.1615;4.12171;0.400456;-0.264196;-0.0272538;-21.9919
-57.3361;4.12171;0.401448;-0.250094;-0.0171815;-22.9065
-48.5106;4.12171;0.414153;-0.231997;-6.26612e-05;-23.7892
-39.6852;4.12171;0.474938;-0.211578;0.028349;-24.653
-30.8597;4.12171;0.594404;-0.186673;0.0627107;-25.4809
-22.0342;4.12171;0.734883;-0.146671;0.094337;-26.2386
-13.2088;4.12171;0.807572;-0.0955987;0.117358;-26.8175
-4.38334;4.12171;0.511373;-0.0255527;0.132182;-27.0057
4.44212;4.12171;0.0737226;0.068914;0.112145;-26.8049
13.2676;4.12171;-0.144765;0.192571;0.0501707;-26.6157
22.093;4.12171;0.0490373;0.31369;-0.0145006;-26.582
30.9185;4.12171;0.212286;0.419808;-0.0576599;-26.4417
39.7439;4.12171;0.1346;0.491723;-0.0857862;-25.9528
48.5694;4.12171;0.111664;0.526762;-0.0996809;-25.3177
57.3948;4.12171;0.251721;0.555553;-0.0950812;-24.76
66.2203;4.12171;0.50095;0.57612;-0.0789136;-24.2084
75.0458;4.12171;0.655497;0.581462;-0.0619254;-23.5145
83.8712;4.12171;0.576704;0.577976;-0.0497804;-22.5638
92.6967;4.12171;0.444012;0.564875;-0.0442796;-21.4726
101.522;4.12171;0.326647;0.551899;-0.0414649;-20.362
110.348;4.12171;0.260425;0.536165;-0.0383769;-19.2745
119.173;4.12171;0.257004;0.513121;-0.0343434;-18.2243
127.998;4.12171;0.311554;0.488967;-0.0324673;-17.2035
136.824;4.12171;0.362784;0.466235;-0.033581;-16.1627
145.649;4.12171;0.394481;0.439139;-0.0353761;-15.078
154.475;4.12171;0.412147;0.406883;-0.0354952;-13.9594
163.3;4.12171;0.444187;0.376845;-0.032846;-12.8504
172.126;4.12171;0.468355;0.34409;-0.0306434;-11.7122
180.951;4.12171;0.451117;0.303451;-0.026653;-10.4956
189.777;4.12171;0.430231;0.258987;-0.0221434;-9.26638
198.602;4.12171;0.47845;0.210937;-0.0184019;-8.11006
207.428;4.12171;0.600553;0.160265;-0.0168144;-7.01967
216.253;4.12171;0.686473;0.110754;-0.016246;-5.88224
225.078;4.12171;0.707491;0.0590128;-0.0145109;-4.66181
233.904;4.12171;0.668158;-7.35237e-05;-0.0124882;-3.34851
242.729;4.12171;0.609833;-0.0454396;-0.00845741;-2.03111
251.555;4.12171;0.671823;-0.035152;-0.00198362;-0.814549
-233.845;-4.70375;0.586829;0.0256328;-0.0053276;-1.4486
-225.02;-4.70375;0.660359;0.0102414;-0.00888741;-2.59851
-216.194;-4.70375;0.623554;-0.0171622;-0.0122714;-3.72222
-207.369;-4.70375;0.49183;-0.0547147;-0.0124067;-4.8173
-198.543;-4.70375;0.421979;-0.0879783;-0.0131326;-5.92299
-189.718;-4.70375;0.445935;-0.110923;-0.0171026;-7.07212
-180.892;-4.70375;0.554157;-0.130292;-0.0182465;-8.2691
-172.067;-4.70375;0.573258;-0.146663;-0.0235682;-9.41944
-163.242;-4.70375;0.522681;-0.157906;-0.036607;-10.5418
-154.416;-4.70375;0.505238;-0.164971;-0.0561682;-11.6783
-145.591;-4.70375;0.540459;-0.1759;-0.0719434;-12.8055
-136.765;-4.70375;0.518629;-0.198312;-0.0805976;-13.9287
-127.94;-4.70375;0.480418;-0.215323;-0.081802;-15.0105
-119.114;-4.70375;0.475863;-0.231986;-0.0772487;-16.085
-110.289;-4.70375;0.463953;-0.248233;-0.0739541;-17.1586
-101.463;-4.70375;0.426667;-0.259284;-0.0731783;-18.2041
-92.6379;-4.70375;0.373882;-0.263803;-0.0722661;-19.2145
-83.8124;-4.70375;0.333054;-0.266039;-0.0680915;-20.2082
-74.987;-4.70375;0.336883;-0.268357;-0.0603998;-21.1999
-66.1615;-4.70375;0.356957;-0.266505;-0.055421;-22.1759
-57.3361;-4.70375;0.363312;-0.256039;-0.0502557;-23.121
-48.5106;-4.70375;0.376029;-0.23744;-0.0379987;-24.0293
-39.6852;-4.70375;0.420881;-0.212719;-0.0149938;-24.8959
-30.8597;-4.70375;0.502915;-0.181436;0.0128965;-25.7016
-22.0342;-4.70375;0.582725;-0.136948;0.0395212;-26.4067
-13.2088;-4.70375;0.52164;-0.0837677;0.0618435;-26.8975
-4.38334;-4.70375;0.045381;-0.00869902;0.0725956;-26.9141
4.44212;-4.70375;-0.382368;0.0966409;0.0389158;-26.7156
13.2676;-4.70375;-0.370369;0.232109;-0.0257847;-26.7371
22.093;-4.70375;0.0774708;0.340647;-0.0817632;-26.8398
30.9185;-4.70375;0.20822;0.427187;-0.112152;-26.6749
39.7439;-4.70375;0.128764;0.489992;-0.13694;-26.1246
48.5694;-4.70375;0.142907;0.528255;-0.149634;-25.5207
57.3948;-4.70375;0.279458;0.556451;-0.145457;-24.9435
66.2203;-4.70375;0.45502;0.576473;-0.129394;-24.3202
75.0458;-4.70375;0.543961;0.583351;-0.111456;-23.5506
83.8712;-4.70375;0.434408;0.580588;-0.0972562;-22.5508
92.6967;-4.70375;0.260757;0.570645;-0.0899141;-21.4189
101.522;-4.70375;0.116511;0.559005;-0.0853274;-20.2832
110.348;-4.70375;0.0722964;0.541896;-0.0793537;-19.2113
119.173;-4.70375;0.165077;0.518925;-0.071511;-18.2497
127.998;-4.70375;0.307964;0.496334;-0.0666238;-17.3081
136.824;-4.70375;0.392569;0.474714;-0.0649903;-16.2906
145.649;-4.70375;0.437831;0.448449;-0.0632439;-15.2066
154.475;-4.70375;0.46951;0.417209;-0.0587711;-14.0875
163.3;-4.70375;0.504238;0.38856;-0.0532581;-12.9758
172.126;-4.70375;0.525109;0.354269;-0.0467841;-11.8271
180.951;-4.70375;0.498228;0.311463;-0.0372813;-10.5989
189.777;-4.70375;0.458899;0.264796;-0.027504;-9.34854
198.602;-4.70375;0.467099;0.217259;-0.0212432;-8.14668
207.428;-4.70375;0.568109;0.166797;-0.0198394;-7.02377
216.253;-4.70375;0.647953;0.11563;-0.0182376;-5.87205
225.078;-4.70375;0.668646;0.0630094;-0.0137993;-4.6478
233.904;-4.70375;0.627412;0.00633707;-0.00722362;-3.33892
242.729;-4.70375;0.563226;-0.0377713;-0.00223216;-2.04303
251.555;-4.70375;0.623722;-0.0322741;0.000188589;-0.836901
-233.845;-13.5292;0.587594;0.0368281;0.00102267;-1.42423
-225.02;-13.5292;0.641943;0.0231718;0.000112303;-2.59574
-216.194;-13.5292;0.607711;-0.00583998;-0.000821343;-3.72594
-207.369;-13.5292;0.536124;-0.0455745;-0.00386429;-4.84356
-198.543;-13.5292;0.493033;-0.0814809;-0.00897257;-5.96963
-189.718;-13.5292;0.510879;-0.106167;-0.0149479;-7.12322
-180.892;-13.5292;0.594181;-0.123419;-0.018;-8.31104
-172.067;-13.5292;0.596452;-0.134123;-0.0271721;-9.46292
-163.242;-13.5292;0.54583;-0.138451;-0.0443294;-10.5802
-154.416;-13.5292;0.525537;-0.143939;-0.0645752;-11.7195
-145.591;-13.5292;0.541726;-0.159018;-0.0775854;-12.8546
-136.765;-13.5292;0.505707;-0.185594;-0.0845573;-13.9828
-127.94;-13.5292;0.46875;-0.203466;-0.0874947;-15.0579
-119.114;-13.5292;0.46394;-0.221128;-0.0865819;-16.1319
-110.289;-13.5292;0.441703;-0.236513;-0.0884939;-17.1995
-101.463;-13.5292;0.397053;-0.246249;-0.0930389;-18.2423
-92.6379;-13.5292;0.351009;-0.250544;-0.0974086;-19.258
-83.8124;-13.5292;0.323218;-0.252529;-0.0982545;-20.261
-74.987;-13.5292;0.316737;-0.253135;-0.0955183;-21.2469
-66.1615;-13.5292;0.323542;-0.252337;-0.0943121;-22.2196
-57.3361;-13.5292;0.31604;-0.246976;-0.0918878;-23.1745
-48.5106;-13.5292;0.328747;-0.230909;-0.0834228;-24.0922
-39.6852;-13.5292;0.375191;-0.202907;-0.0699964;-24.9527
-30.8597;-13.5292;0.435156;-0.164968;-0.0550847;-25.7197
-22.0342;-13.5292;0.456142;-0.11647;-0.038653;-26.3576
-13.2088;-13.5292;0.312479;-0.0594261;-0.0214015;-26.8022
-4.38334;-13.5292;-0.0890527;0.0225785;-0.0165908;-26.8628
4.44212;-13.5292;-0.239082;0.13564;-0.0534219;-26.8832
13.2676;-13.5292;-0.000141692;0.263991;-0.112953;-27.0449
22.093;-13.5292;0.373564;0.362496;-0.15652;-27.1202
30.9185;-13.5292;0.366965;0.425133;-0.168342;-26.8428
39.7439;-13.5292;0.294649;0.476469;-0.183398;-26.2596
48.5694;-13.5292;0.299878;0.515533;-0.191681;-25.651
57.3948;-13.5292;0.350282;0.541945;-0.187313;-24.9865
66.2203;-13.5292;0.40159;0.560385;-0.173362;-24.2481
75.0458;-13.5292;0.420153;0.568797;-0.157785;-23.4022
83.8712;-13.5292;0.301579;0.570819;-0.143752;-22.3886
92.6967;-13.5292;0.126453;0.568702;-0.133083;-21.2764
101.522;-13.5292;0.0290961;0.559475;-0.123504;-20.2053
110.348;-13.5292;0.0883011;0.542965;-0.114204;-19.2479
119.173;-13.5292;0.303357;0.522521;-0.106071;-18.4016
127.998;-13.5292;0.504357;0.502264;-0.10138;-17.5065
136.824;-13.5292;0.541989;0.480341;-0.0948753;-16.4416
145.649;-13.5292;0.549204;0.453078;-0.0871356;-15.3137
154.475;-13.5292;0.586949;0.42268;-0.0792886;-14.1888
163.3;-13.5292;0.625654;0.393368;-0.0723722;-13.0708
172.126;-13.5292;0.615866;0.357484;-0.0630788;-11.8986
180.951;-13.5292;0.555324;0.314309;-0.0490886;-10.6526
189.777;-13.5292;0.491494;0.268135;-0.0354021;-9.38783
198.602;-13.5292;0.481858;0.221476;-0.0275475;-8.16328
207.428;-13.5292;0.579637;0.17005;-0.0256775;-7.01906
216.253;-13.5292;0.672441;0.115767;-0.0211349;-5.86006
225.078;-13.5292;0.707555;0.0606254;-0.0119619;-4.63883
233.904;-13.5292;0.693299;0.0103732;-0.00234236;-3.35636
242.729;-13.5292;0.677379;-0.0288946;0.00369189;-2.07386
-233.845;-22.3547;0.594305;0.0440376;0.0082705;-1.39173
-225.02;-22.3547;0.650664;0.0433195;0.00680604;-2.53205
-216.194;-22.3547;0.616242;0.0134698;0.00625527;-3.67638
-207.369;-22.3547;0.589395;-0.0278462;0.00205538;-4.82847
-198.543;-22.3547;0.599601;-0.0649497;-0.00507435;-5.98057
-189.718;-22.3547;0.618345;-0.0905929;-0.0116457;-7.13885
-180.892;-22.3547;0.648635;-0.10706;-0.0193172;-8.29261
-172.067;-22.3547;0.58451;-0.115261;-0.0353489;-9.41439
-163.242;-22.3547;0.505659;-0.118911;-0.0564923;-10.51
-154.416;-22.3547;0.488878;-0.128276;-0.0735266;-11.6487
-145.591;-22.3547;0.510574;-0.147045;-0.0836888;-12.7953
-136.765;-22.3547;0.49563;-0.172313;-0.0924852;-13.9332
-127.94;-22.3547;0.47266;-0.191289;-0.100134;-15.025
-119.114;-22.3547;0.460016;-0.208962;-0.104174;-16.1029
-110.289;-22.3547;0.416012;-0.223366;-0.110488;-17.1543
-101.463;-22.3547;0.359792;-0.233663;-0.119162;-18.1848
-92.6379;-22.3547;0.325532;-0.239433;-0.127441;-19.2028
-83.8124;-22.3547;0.32305;-0.240605;-0.132895;-20.2133
-74.987;-22.3547;0.319863;-0.238006;-0.136022;-21.1904
-66.1615;-22.3547;0.307588;-0.234488;-0.140009;-22.1415
-57.3361;-22.3547;0.276098;-0.230961;-0.139936;-23.0765
-48.5106;-22.3547;0.282678;-0.215535;-0.134644;-23.9788
-39.6852;-22.3547;0.345994;-0.184654;-0.130049;-24.8243
-30.8597;-22.3547;0.426049;-0.141628;-0.129698;-25.5718
-22.0342;-22.3547;0.442885;-0.0884395;-0.129423;-26.1922
-13.2088;-22.3547;0.334516;-0.022859;-0.128134;-26.6353
-4.38334;-22.3547;0.135706;0.055955;-0.130128;-26.8045
4.44212;-22.3547;0.213395;0.163488;-0.160607;-26.9859
13.2676;-22.3547;0.429763;0.268859;-0.195041;-27.1044
22.093;-22.3547;0.499363;0.345727;-0.208095;-27.024
30.9185;-22.3547;0.378285;0.399049;-0.204156;-26.6279
39.7439;-22.3547;0.325632;0.450762;-0.21547;-26.0865
48.5694;-22.3547;0.342644;0.492482;-0.222856;-25.4894
57.3948;-22.3547;0.351324;0.520578;-0.220039;-24.7881
66.2203;-22.3547;0.339289;0.538527;-0.20906;-23.9988
75.0458;-22.3547;0.335253;0.547649;-0.195995;-23.1412
83.8712;-22.3547;0.2797;0.551254;-0.182962;-22.1958
92.6967;-22.3547;0.176577;0.55457;-0.169111;-21.1775
101.522;-22.3547;0.180236;0.547815;-0.154131;-20.2222
110.348;-22.3547;0.346415;0.533693;-0.142164;-19.3771
119.173;-22.3547;0.613049;0.515539;-0.135102;-18.5694
127.998;-22.3547;0.728912;0.498612;-0.128856;-17.6012
136.824;-22.3547;0.64122;0.475462;-0.116156;-16.427
145.649;-22.3547;0.587142;0.449508;-0.101924;-15.2549
154.475;-22.3547;0.633909;0.421472;-0.0898568;-14.1441
163.3;-22.3547;0.71162;0.389685;-0.081563;-13.0485
172.126;-22.3547;0.718391;0.35228;-0.0724386;-11.8895
180.951;-22.3547;0.671426;0.309299;-0.0577835;-10.6616
189.777;-22.3547;0.628721;0.263448;-0.0423507;-9.41968
198.602;-22.3547;0.640301;0.216659;-0.0320323;-8.21133
207.428;-22.3547;0.724415;0.164636;-0.0268004;-7.04931
216.253;-22.3547;0.811812;0.107019;-0.0190277;-5.86376
225.078;-22.3547;0.853397;0.0499792;-0.0071386;-4.62854
233.904;-22.3547;0.827459;0.0039854;0.00314711;-3.36359
242.729;-22.3547;0.791608;-0.022271;0.00952899;-2.12239
-233.845;-31.1801;0.614076;0.0571344;0.0158234;-1.32666
-225.02;-31.1801;0.595656;0.0432124;0.0124899;-2.45028
-216.194;-31.1801;0.562302;0.0236497;0.00960745;-3.57036
-207.369;-31.1801;0.551527;-0.0165233;0.00496785;-4.73947
-198.543;-31.1801;0.601751;-0.0508515;-0.00104447;-5.90588
-189.718;-31.1801;0.630051;-0.0740336;-0.0088446;-7.05354
-180.892;-31.1801;0.635522;-0.0876254;-0.0214157;-8.1832
-172.067;-31.1801;0.550803;-0.0933372;-0.0435585;-9.29146
-163.242;-31.1801;0.471253;-0.0996986;-0.0667394;-10.3901
-154.416;-31.1801;0.462374;-0.114611;-0.0808042;-11.528
-145.591;-31.1801;0.493008;-0.135791;-0.0906135;-12.6715
-136.765;-31.1801;0.500851;-0.159301;-0.104075;-13.8116
-127.94;-31.1801;0.495423;-0.181388;-0.118128;-14.9363
-119.114;-31.1801;0.471417;-0.198646;-0.125926;-16.0122
-110.289;-31.1801;0.40767;-0.211732;-0.134442;-17.0402
-101.463;-31.1801;0.337795;-0.223246;-0.146095;-18.045
-92.6379;-31.1801;0.305451;-0.2322;-0.157753;-19.0509
-83.8124;-31.1801;0.318424;-0.234891;-0.168079;-20.0588
-74.987;-31.1801;0.328877;-0.230398;-0.176302;-21.0275
-66.1615;-31.1801;0.303383;-0.226831;-0.184341;-21.9353
-57.3361;-31.1801;0.263655;-0.219266;-0.186947;-22.8873
-48.5106;-31.1801;0.26949;-0.159137;-0.181482;-24.3978
-39.6852;-31.1801;0.340344;-0.143052;-0.185338;-24.8796
-30.8597;-31.1801;0.431562;-0.124437;-0.195327;-25.2343
-22.0342;-31.1801;0.455733;-0.0649527;-0.20521;-25.8688
-13.2088;-31.1801;0.418518;0.0056924;-0.215811;-26.2843
-4.38334;-31.1801;0.349786;0.0849771;-0.226456;-26.5059
4.44212;-31.1801;0.36403;0.170618;-0.238946;-26.6669
13.2676;-31.1801;0.427513;0.253011;-0.246198;-26.7072
22.093;-31.1801;0.438535;0.323743;-0.245317;-26.5587
30.9185;-31.1801;0.342024;0.376086;-0.240746;-26.1819
39.7439;-31.1801;0.334711;0.422327;-0.246907;-25.6996
48.5694;-31.1801;0.358249;0.463478;-0.249945;-25.1274
57.3948;-31.1801;0.352648;0.495202;-0.245929;-24.4446
66.2203;-31.1801;0.332375;0.515796;-0.235584;-23.67
75.0458;-31.1801;0.339282;0.526281;-0.22219;-22.8381
83.8712;-31.1801;0.341387;0.531179;-0.207889;-21.9675
92.6967;-31.1801;0.313877;0.53643;-0.191687;-21.047
101.522;-31.1801;0.381321;0.532155;-0.17419;-20.1749
110.348;-31.1801;0.553308;0.521535;-0.16171;-19.3526
119.173;-31.1801;0.74457;0.5061;-0.1556;-18.4843
127.998;-31.1801;0.765873;0.48848;-0.148277;-17.4252
136.824;-31.1801;0.616526;0.463727;-0.130428;-16.1913
145.649;-31.1801;0.552903;0.438897;-0.111543;-15.0184
154.475;-31.1801;0.617078;0.415123;-0.0972122;-13.9416
163.3;-31.1801;0.721476;0.386041;-0.0865506;-12.8801
172.126;-31.1801;0.768816;0.347899;-0.0757321;-11.7603
180.951;-31.1801;0.762551;0.302052;-0.061676;-10.5654
189.777;-31.1801;0.75484;0.25274;-0.0474426;-9.34984
198.602;-31.1801;0.779572;0.204117;-0.0352093;-8.15402
207.428;-31.1801;0.826531;0.151686;-0.0253409;-6.96467
216.253;-31.1801;0.89464;0.0938204;-0.01555;-5.75881
225.078;-31.1801;0.947507;0.0376348;-0.00485974;-4.524
233.904;-31.1801;0.928101;-0.00930903;0.00496466;-3.23784
242.729;-31.1801;0.878017;-0.0283757;0.0104973;-2.02629
-225.02;-40.0056;0.53267;0.0600585;0.0161782;-2.2709
-216.194;-40.0056;0.463096;0.0346314;0.0100455;-3.38743
-207.369;-40.0056;0.496152;0.00181832;0.00566902;-4.55285
-198.543;-40.0056;0.553596;-0.0325369;0.00238272;-5.74182
-189.718;-40.0056;0.559877;-0.0543727;-0.00845839;-6.88289
-180.892;-40.0056;0.550657;-0.0632931;-0.0282076;-8.0027
-172.067;-40.0056;0.517587;-0.0668844;-0.0552499;-9.11259
-163.242;-40.0056;0.483863;-0.077546;-0.0777908;-10.2314
-154.416;-40.0056;0.475939;-0.0977759;-0.0901363;-11.3571
-145.591;-40.0056;0.489866;-0.122681;-0.101204;-12.483
-136.765;-40.0056;0.497651;-0.14799;-0.117768;-13.6111
-127.94;-40.0056;0.512233;-0.171826;-0.134121;-14.7473
-119.114;-40.0056;0.491157;-0.187647;-0.143397;-15.8265
-110.289;-40.0056;0.427869;-0.19983;-0.153036;-16.8456
-101.463;-40.0056;0.352606;-0.211824;-0.166739;-17.8274
-92.6379;-40.0056;0.311713;-0.222083;-0.182019;-18.807
-83.8124;-40.0056;0.320076;-0.225982;-0.198621;-19.7943
-74.987;-40.0056;0.32875;-0.222539;-0.212173;-20.7445
-66.1615;-40.0056;0.301596;-0.217956;-0.222105;-21.6432
-30.8597;-40.0056;0.396887;-0.109179;-0.246939;-24.8012
-22.0342;-40.0056;0.374204;-0.0485725;-0.257949;-25.3753
-13.2088;-40.0056;0.37098;0.0219757;-0.269067;-25.763
-4.38334;-40.0056;0.359939;0.0981068;-0.279656;-26.0008
4.44212;-40.0056;0.358153;0.171844;-0.283421;-26.1098
13.2676;-40.0056;0.360885;0.241177;-0.278276;-26.0884
22.093;-40.0056;0.351181;0.302905;-0.269557;-25.9209
30.9185;-40.0056;0.316683;0.352395;-0.268128;-25.5976
39.7439;-40.0056;0.306453;0.395871;-0.271794;-25.1534
48.5694;-40.0056;0.307136;0.434934;-0.268645;-24.591
57.3948;-40.0056;0.299846;0.466964;-0.259565;-23.9364
66.2203;-40.0056;0.298297;0.491516;-0.248604;-23.2126
75.0458;-40.0056;0.320123;0.50826;-0.238278;-22.4341
83.8712;-40.0056;0.340604;0.516988;-0.22462;-21.611
92.6967;-40.0056;0.347603;0.519078;-0.207029;-20.7366
101.522;-40.0056;0.404648;0.515174;-0.188953;-19.8709
110.348;-40.0056;0.504101;0.505949;-0.176259;-18.9945
119.173;-40.0056;0.590771;0.4909;-0.169468;-18.0436
127.998;-40.0056;0.572855;0.471997;-0.161509;-16.9481
136.824;-40.0056;0.483158;0.447339;-0.142419;-15.7651
145.649;-40.0056;0.470106;0.422507;-0.121981;-14.639
154.475;-40.0056;0.542991;0.400273;-0.106195;-13.5871
163.3;-40.0056;0.639676;0.372567;-0.0930072;-12.5382
172.126;-40.0056;0.70854;0.33478;-0.0811666;-11.4474
180.951;-40.0056;0.734728;0.28915;-0.0685114;-10.2885
189.777;-40.0056;0.749512;0.240241;-0.0561618;-9.10074
198.602;-40.0056;0.767098;0.194278;-0.0438739;-7.91599
207.428;-40.0056;0.77246;0.143403;-0.0315836;-6.70594
216.253;-40.0056;0.816959;0.088635;-0.0215532;-5.49789
225.078;-40.0056;0.878216;0.0351645;-0.0117906;-4.28476
233.904;-40.0056;0.918452;-0.0108996;-0.00272113;-3.03389
242.729;-40.0056;0.931893;-0.0287237;0.00461783;-1.82174
-225.02;-48.831;0.515857;0.0843237;0.0171214;-2.07491
-216.194;-48.831;0.424254;0.0507754;0.00850482;-3.19446
-207.369;-48.831;0.498711;0.02366;0.00578802;-4.35223
-198.543;-48.831;0.547367;-0.00803738;0.00378402;-5.54579
-189.718;-48.831;0.504605;-0.0256448;-0.0116212;-6.67205
-180.892;-48.831;0.473506;-0.029359;-0.0400551;-7.7783
-172.067;-48.831;0.501996;-0.0356192;-0.0699382;-8.89204
-163.242;-48.831;0.515844;-0.0530374;-0.089768;-10.0259
-154.416;-48.831;0.489773;-0.0787218;-0.100906;-11.1256
-145.591;-48.831;0.454701;-0.109653;-0.112935;-12.2231
-136.765;-48.831;0.445926;-0.138899;-0.130018;-13.33
-127.94;-48.831;0.478667;-0.15874;-0.143435;-14.4556
-119.114;-48.831;0.494499;-0.169764;-0.152993;-15.5233
-110.289;-48.831;0.448697;-0.180868;-0.164839;-16.5414
-101.463;-48.831;0.388004;-0.19231;-0.179339;-17.5165
-92.6379;-48.831;0.354476;-0.201499;-0.196742;-18.4787
-83.8124;-48.831;0.352069;-0.204997;-0.218568;-19.4376
-74.987;-48.831;0.346714;-0.203263;-0.235912;-20.3307
-66.1615;-48.831;0.319148;-0.196708;-0.248448;-21.216
-57.3361;-48.831;0.295741;-0.192835;-0.253847;-22.0771
-30.8597;-48.831;0.30573;-0.0934596;-0.286081;-24.1991
-22.0342;-48.831;0.266388;-0.0358611;-0.2932;-24.7181
-13.2088;-48.831;0.289453;0.0334874;-0.29729;-25.0848
-4.38334;-48.831;0.317518;0.103518;-0.301112;-25.3153
4.44212;-48.831;0.317354;0.170426;-0.302763;-25.4112
13.2676;-48.831;0.295406;0.230851;-0.296629;-25.3667
22.093;-48.831;0.270047;0.28273;-0.286777;-25.1843
30.9185;-48.831;0.253287;0.328285;-0.286442;-24.8867
39.7439;-48.831;0.229512;0.36996;-0.289586;-24.4526
48.5694;-48.831;0.210156;0.408423;-0.288176;-23.9001
57.3948;-48.831;0.209125;0.440679;-0.281447;-23.2834
66.2203;-48.831;0.217038;0.468429;-0.272769;-22.6052
75.0458;-48.831;0.219822;0.489113;-0.265656;-21.8451
83.8712;-48.831;0.205306;0.500742;-0.25639;-21.0262
92.6967;-48.831;0.212207;0.499692;-0.237887;-20.1721
101.522;-48.831;0.228369;0.493304;-0.21716;-19.276
110.348;-48.831;0.251333;0.482738;-0.201078;-18.3353
119.173;-48.831;0.27681;0.467837;-0.190318;-17.3451
127.998;-48.831;0.294588;0.450319;-0.178913;-16.3007
136.824;-48.831;0.331697;0.428706;-0.159944;-15.2462
145.649;-48.831;0.38887;0.40431;-0.137739;-14.1935
154.475;-48.831;0.455767;0.379775;-0.117835;-13.1513
163.3;-48.831;0.516834;0.350505;-0.100608;-12.0948
172.126;-48.831;0.564363;0.315325;-0.0874379;-11.0044
180.951;-48.831;0.584572;0.275725;-0.0758939;-9.86424
189.777;-48.831;0.593898;0.232753;-0.0654517;-8.69352
198.602;-48.831;0.60205;0.189598;-0.0539844;-7.51529
207.428;-48.831;0.60957;0.139585;-0.0415427;-6.31936
216.253;-48.831;0.655738;0.0866861;-0.0312236;-5.12613
225.078;-48.831;0.718018;0.037111;-0.0233672;-3.94567
233.904;-48.831;0.773504;-0.0137061;-0.0160542;-2.71796
242.729;-48.831;0.791984;-0.0422305;-0.00574896;-1.50193
-225.02;-57.6565;0.587531;0.109764;0.0169805;-1.92311
-216.194;-57.6565;0.49407;0.0688208;0.00788075;-3.02488
-207.369;-57.6565;0.546607;0.0389078;0.00841085;-4.16252
-198.543;-57.6565;0.587229;0.0174717;0.00498793;-5.32771
-189.718;-57.6565;0.526642;0.0100276;-0.017096;-6.44866
-180.892;-57.6565;0.496452;0.00872828;-0.049633;-7.54127
-172.067;-57.6565;0.513218;-0.00553791;-0.0775464;-8.64201
-163.242;-57.6565;0.51169;-0.0288424;-0.0942371;-9.75455
-154.416;-57.6565;0.466042;-0.0551868;-0.10473;-10.8145
-145.591;-57.6565;0.403086;-0.0864921;-0.117574;-11.8741
-136.765;-57.6565;0.375567;-0.117377;-0.134824;-12.9556
-127.94;-57.6565;0.432479;-0.137471;-0.146185;-14.0653
-119.114;-57.6565;0.46182;-0.147356;-0.156518;-15.1171
-110.289;-57.6565;0.424836;-0.157679;-0.17193;-16.1273
-101.463;-57.6565;0.381769;-0.167328;-0.18887;-17.0918
-92.6379;-57.6565;0.353058;-0.176365;-0.20517;-18.0323
-83.8124;-57.6565;0.333775;-0.181643;-0.225018;-18.9578
-74.987;-57.6565;0.319523;-0.179852;-0.248129;-19.8143
-30.8597;-57.6565;0.265825;-0.0789821;-0.318795;-23.4599
-22.0342;-57.6565;0.220834;-0.0243803;-0.32523;-23.9426
-13.2088;-57.6565;0.222781;0.0416716;-0.327407;-24.2817
-4.38334;-57.6565;0.247654;0.105779;-0.329038;-24.5094
4.44212;-57.6565;0.252111;0.16587;-0.32965;-24.6037
13.2676;-57.6565;0.225845;0.219388;-0.324242;-24.5524
22.093;-57.6565;0.191469;0.265006;-0.314592;-24.3641
30.9185;-57.6565;0.17395;0.306486;-0.311841;-24.068
39.7439;-57.6565;0.15345;0.347546;-0.316322;-23.6455
48.5694;-57.6565;0.138388;0.386157;-0.319878;-23.1324
57.3948;-57.6565;0.144304;0.419126;-0.319635;-22.5612
66.2203;-57.6565;0.138564;0.447827;-0.315354;-21.9013
75.0458;-57.6565;0.0958834;0.466819;-0.310475;-21.1163
83.8712;-57.6565;0.0292276;0.480846;-0.305028;-20.2955
92.6967;-57.6565;0.0249584;0.481427;-0.288646;-19.4691
101.522;-57.6565;0.0238432;0.475113;-0.267276;-18.5779
110.348;-57.6565;0.0304239;0.463268;-0.247359;-17.6302
119.173;-57.6565;0.0712627;0.448176;-0.230329;-16.6664
127.998;-57.6565;0.181439;0.431016;-0.211291;-15.7301
136.824;-57.6565;0.302636;0.411388;-0.186951;-14.7783
145.649;-57.6565;0.393196;0.388166;-0.158267;-13.7864
154.475;-57.6565;0.45626;0.359022;-0.131716;-12.7549
163.3;-57.6565;0.506113;0.325617;-0.109761;-11.6987
172.126;-57.6565;0.561556;0.290881;-0.0934222;-10.6261
180.951;-57.6565;0.595027;0.255949;-0.0801418;-9.51347
189.777;-57.6565;0.614899;0.216619;-0.0686001;-8.3682
198.602;-57.6565;0.634278;0.173466;-0.0551113;-7.20801
207.428;-57.6565;0.667311;0.124617;-0.0420497;-6.03779
216.253;-57.6565;0.723814;0.0746455;-0.0318242;-4.86996
225.078;-57.6565;0.755971;0.0264899;-0.0243861;-3.68797
233.904;-57.6565;0.771143;-0.0223219;-0.0175514;-2.44286
242.729;-57.6565;0.782254;-0.0686713;-0.00484541;-1.18415
-216.194;-66.4819;0.57222;0.0845097;0.0138309;-2.82181
-207.369;-66.4819;0.575619;0.0536381;0.0124051;-3.92555
-198.543;-66.4819;0.58704;0.0408955;0.0021432;-5.04193
-189.718;-66.4819;0.554669;0.0479671;-0.0239506;-6.11729
-180.892;-66.4819;0.515707;0.0412059;-0.0519833;-7.20298
-172.067;-66.4819;0.500194;0.0191194;-0.0739284;-8.29736
-163.242;-66.4819;0.491612;-0.0079231;-0.087296;-9.39884
-154.416;-66.4819;0.460068;-0.0333295;-0.0988212;-10.4554
-145.591;-66.4819;0.403016;-0.0610517;-0.114683;-11.4978
-136.765;-66.4819;0.353459;-0.0917341;-0.133759;-12.5476
-127.94;-66.4819;0.348489;-0.11827;-0.147962;-13.6236
-119.114;-66.4819;0.353017;-0.129395;-0.162184;-14.6446
-110.289;-66.4819;0.331421;-0.136984;-0.181995;-15.6273
-101.463;-66.4819;0.308996;-0.144608;-0.202678;-16.573
-92.6379;-66.4819;0.283221;-0.154512;-0.219948;-17.4886
-83.8124;-66.4819;0.253346;-0.161655;-0.240353;-18.3816
-74.987;-66.4819;0.236845;-0.159191;-0.268433;-19.2127
-30.8597;-66.4819;0.265364;-0.06154;-0.3626;-22.6626
-22.0342;-66.4819;0.240611;-0.011421;-0.375139;-23.115
-13.2088;-66.4819;0.203674;0.0493833;-0.382513;-23.4263
-4.38334;-66.4819;0.19594;0.107098;-0.385855;-23.6353
4.44212;-66.4819;0.206474;0.159037;-0.385446;-23.7219
13.2676;-66.4819;0.19305;0.206089;-0.378419;-23.6717
22.093;-66.4819;0.164562;0.249068;-0.365585;-23.4985
30.9185;-66.4819;0.153206;0.287995;-0.35661;-23.2122
39.7439;-66.4819;0.156183;0.328021;-0.357099;-22.824
48.5694;-66.4819;0.168478;0.364329;-0.359224;-22.3718
57.3948;-66.4819;0.18255;0.397385;-0.363182;-21.8478
66.2203;-66.4819;0.166936;0.427702;-0.362791;-21.2146
75.0458;-66.4819;0.113126;0.448482;-0.354016;-20.457
83.8712;-66.4819;0.0559162;0.461752;-0.342531;-19.6721
92.6967;-66.4819;0.0590242;0.465818;-0.325993;-18.881
101.522;-66.4819;0.086507;0.460841;-0.304325;-18.0354
110.348;-66.4819;0.142358;0.445772;-0.280737;-17.1373
119.173;-66.4819;0.242274;0.425099;-0.258073;-16.2293
127.998;-66.4819;0.401243;0.407249;-0.234424;-15.3695
136.824;-66.4819;0.58358;0.387766;-0.208139;-14.5055
145.649;-66.4819;0.672661;0.365654;-0.175844;-13.5467
154.475;-66.4819;0.694372;0.335128;-0.144554;-12.4945
163.3;-66.4819;0.696603;0.30051;-0.117872;-11.4013
172.126;-66.4819;0.724576;0.266048;-0.0967291;-10.3128
180.951;-66.4819;0.735994;0.232422;-0.0789032;-9.19799
189.777;-66.4819;0.737141;0.193516;-0.0646755;-8.05228
198.602;-66.4819;0.742636;0.150542;-0.0501087;-6.89357
207.428;-66.4819;0.768098;0.103535;-0.0379293;-5.73103
216.253;-66.4819;0.804414;0.0566381;-0.0285756;-4.56602
225.078;-66.4819;0.786447;0.0115653;-0.022734;-3.37471
233.904;-66.4819;0.76789;-0.0332988;-0.0161595;-2.1263
-216.194;-75.3074;0.605649;0.106786;0.0245797;-2.5486
-207.369;-75.3074;0.553423;0.0750316;0.017525;-3.61122
-198.543;-75.3074;0.497033;0.0621499;-0.00491645;-4.68508
-189.718;-75.3074;0.415672;0.0591538;-0.0346734;-5.7468
-180.892;-75.3074;0.383445;0.0451657;-0.0594582;-6.81948
-172.067;-75.3074;0.388087;0.0202062;-0.0788636;-7.90171
-163.242;-75.3074;0.40354;-0.00540598;-0.0931535;-8.99059
-154.416;-75.3074;0.407959;-0.0259942;-0.105435;-10.0442
-145.591;-75.3074;0.385525;-0.0484906;-0.12098;-11.0733
-136.765;-75.3074;0.339465;-0.077586;-0.140683;-12.0871
-127.94;-75.3074;0.298249;-0.103789;-0.159555;-13.1155
-119.114;-75.3074;0.272596;-0.116166;-0.178775;-14.1061
-110.289;-75.3074;0.254781;-0.123296;-0.202681;-15.0672
-101.463;-75.3074;0.245834;-0.127194;-0.227354;-15.9912
-92.6379;-75.3074;0.225623;-0.13437;-0.247328;-16.8772
-83.8124;-75.3074;0.196541;-0.140916;-0.269756;-17.7401
-74.987;-75.3074;0.18578;-0.137718;-0.299313;-18.5489
-66.1615;-75.3074;0.208471;-0.125507;-0.32703;-19.3366
-57.3361;-75.3074;0.215963;-0.112174;-0.352929;-20.0411
-30.8597;-75.3074;0.282622;-0.0406315;-0.41322;-21.821
-22.0342;-75.3074;0.297428;0.00251077;-0.43076;-22.2492
-13.2088;-75.3074;0.252745;0.0567943;-0.445598;-22.5537
-4.38334;-75.3074;0.223328;0.108233;-0.446948;-22.7376
4.44212;-75.3074;0.240142;0.154202;-0.443627;-22.8253
13.2676;-75.3074;0.25426;0.197458;-0.436829;-22.8102
22.093;-75.3074;0.252437;0.236566;-0.426643;-22.6705
30.9185;-75.3074;0.255173;0.271708;-0.412615;-22.4185
39.7439;-75.3074;0.288289;0.30413;-0.39641;-22.0783
48.5694;-75.3074;0.328097;0.335504;-0.387665;-21.6714
57.3948;-75.3074;0.367727;0.367768;-0.392831;-21.1962
66.2203;-75.3074;0.419531;0.397951;-0.395457;-20.6455
75.0458;-75.3074;0.467786;0.419429;-0.380368;-20.0042
83.8712;-75.3074;0.479251;0.43198;-0.361341;-19.2941
92.6967;-75.3074;0.431047;0.440809;-0.344528;-18.4975
101.522;-75.3074;0.495407;0.433466;-0.321141;-17.6963
110.348;-75.3074;0.613508;0.417024;-0.292183;-16.8794
119.173;-75.3074;0.720651;0.396971;-0.264564;-16.0154
127.998;-75.3074;0.790333;0.379569;-0.239785;-15.1073
136.824;-75.3074;0.928388;0.35836;-0.212356;-14.2308
145.649;-75.3074;0.97511;0.332509;-0.178988;-13.2433
154.475;-75.3074;0.959686;0.300518;-0.145602;-12.1691
163.3;-75.3074;0.928104;0.266811;-0.115843;-11.0594
172.126;-75.3074;0.922018;0.234289;-0.0910277;-9.95062
180.951;-75.3074;0.896167;0.202748;-0.0698359;-8.81985
189.777;-75.3074;0.860502;0.165505;-0.0537734;-7.66336
198.602;-75.3074;0.835382;0.125237;-0.0404177;-6.50271
207.428;-75.3074;0.836327;0.0811918;-0.0303778;-5.34133
216.253;-75.3074;0.840103;0.0359943;-0.0217277;-4.1689
225.078;-75.3074;0.789707;-0.0059486;-0.0161194;-2.97806
233.904;-75.3074;0.77606;-0.036167;-0.0116316;-1.7928
-216.194;-84.1328;0.649413;0.119123;0.0340683;-2.21056
-207.369;-84.1328;0.510359;0.0962897;0.0229322;-3.23302
-198.543;-84.1328;0.415787;0.0778514;-0.00798979;-4.28098
-189.718;-84.1328;0.336162;0.0642463;-0.0380511;-5.32928
-180.892;-84.1328;0.309282;0.0436011;-0.0628594;-6.39292
-172.067;-84.1328;0.326409;0.0180404;-0.0834422;-7.46433
-163.242;-84.1328;0.339865;-0.00637641;-0.101533;-8.53407
-154.416;-84.1328;0.342576;-0.0261559;-0.117686;-9.57414
-145.591;-84.1328;0.338716;-0.0456549;-0.134529;-10.586
-136.765;-84.1328;0.324702;-0.0687821;-0.153923;-11.5778
-127.94;-84.1328;0.296056;-0.0899765;-0.176421;-12.5709
-119.114;-84.1328;0.26949;-0.103523;-0.20175;-13.5423
-110.289;-84.1328;0.26492;-0.113059;-0.230666;-14.4921
-101.463;-84.1328;0.262516;-0.114506;-0.260353;-15.4003
-92.6379;-84.1328;0.246482;-0.116201;-0.283388;-16.2583
-83.8124;-84.1328;0.225029;-0.118681;-0.305517;-17.0845
-74.987;-84.1328;0.222802;-0.114676;-0.331989;-17.8706
-66.1615;-84.1328;0.248267;-0.101498;-0.356762;-18.6157
-57.3361;-84.1328;0.256403;-0.08474;-0.381463;-19.2663
-48.5106;-84.1328;0.232072;-0.0159113;-0.438389;-20.634
-39.6852;-84.1328;0.255042;0.0352619;-0.472847;-21.5174
-30.8597;-84.1328;0.31575;-0.0194357;-0.447013;-20.9315
-22.0342;-84.1328;0.361282;0.01621;-0.463333;-21.3348
-13.2088;-84.1328;0.361653;0.0619999;-0.476213;-21.6428
-4.38334;-84.1328;0.35859;0.107561;-0.472216;-21.8274
4.44212;-84.1328;0.357986;0.151002;-0.462005;-21.9145
13.2676;-84.1328;0.362407;0.190019;-0.454746;-21.9111
22.093;-84.1328;0.362752;0.223687;-0.448859;-21.8015
30.9185;-84.1328;0.367239;0.253181;-0.435989;-21.5901
39.7439;-84.1328;0.412763;0.280323;-0.414474;-21.2988
48.5694;-84.1328;0.511299;0.309783;-0.404488;-20.9397
57.3948;-84.1328;0.559998;0.349882;-0.416362;-20.4922
66.2203;-84.1328;0.633201;0.384268;-0.422739;-20.0096
75.0458;-84.1328;0.73443;0.403293;-0.404444;-19.4675
83.8712;-84.1328;0.797352;0.410988;-0.380999;-18.8188
92.6967;-84.1328;0.745083;0.415683;-0.36138;-18.0204
101.522;-84.1328;0.805312;0.405814;-0.33382;-17.2288
110.348;-84.1328;0.920405;0.391261;-0.298762;-16.4509
119.173;-84.1328;1.0245;0.370503;-0.265117;-15.6166
127.998;-84.1328;1.07999;0.349884;-0.232955;-14.7121
136.824;-84.1328;1.16521;0.323382;-0.201999;-13.7887
145.649;-84.1328;1.15346;0.295863;-0.170143;-12.7616
154.475;-84.1328;1.09883;0.265013;-0.136586;-11.6721
163.3;-84.1328;1.05129;0.232027;-0.103347;-10.5637
172.126;-84.1328;1.04159;0.199169;-0.0754466;-9.46215
180.951;-84.1328;0.997286;0.169216;-0.053468;-8.33392
189.777;-84.1328;0.931793;0.134834;-0.0373362;-7.1776
198.602;-84.1328;0.875517;0.0990361;-0.0252911;-6.01928
207.428;-84.1328;0.850479;0.0597394;-0.0170464;-4.86132
216.253;-84.1328;0.832491;0.0169563;-0.00949332;-3.69144
225.078;-84.1328;0.81011;-0.0154191;-0.00668274;-2.53537
233.904;-84.1328;0.830316;-0.0375348;-0.0059069;-1.43905
-216.194;-92.9583;0.702174;0.126563;0.0417736;-1.78546
-207.369;-92.9583;0.483982;0.108332;0.0261203;-2.8372
-198.543;-92.9583;0.394513;0.0935513;-0.00394555;-3.86327
-189.718;-92.9583;0.370331;0.0723587;-0.0336293;-4.90819
-180.892;-92.9583;0.352061;0.0468387;-0.0604299;-5.9653
-172.067;-92.9583;0.35877;0.0222801;-0.0824841;-7.00952
-163.242;-92.9583;0.340203;-0.00409164;-0.104198;-8.0441
-154.416;-92.9583;0.313496;-0.027808;-0.125074;-9.06066
-145.591;-92.9583;0.307308;-0.0462152;-0.144042;-10.0562
-136.765;-92.9583;0.319233;-0.0609374;-0.162429;-11.0336
-127.94;-92.9583;0.313287;-0.0752412;-0.186219;-11.9904
-119.114;-92.9583;0.298146;-0.089489;-0.215609;-12.9375
-110.289;-92.9583;0.319436;-0.101917;-0.246013;-13.8716
-101.463;-92.9583;0.321344;-0.105303;-0.274736;-14.7564
-92.6379;-92.9583;0.313812;-0.103486;-0.30015;-15.5945
-83.8124;-92.9583;0.307421;-0.101055;-0.324532;-16.3948
-74.987;-92.9583;0.310184;-0.0976227;-0.348726;-17.1558
-66.1615;-92.9583;0.332291;-0.0879491;-0.366597;-17.8712
-57.3361;-92.9583;0.349804;-0.0692321;-0.382606;-18.5151
-48.5106;-92.9583;0.330027;-0.0493129;-0.405923;-19.0768
-39.6852;-92.9583;0.330358;-0.0316309;-0.42944;-19.5793
-30.8597;-92.9583;0.35948;-0.00753649;-0.448747;-20.0296
-22.0342;-92.9583;0.395313;0.0264083;-0.462552;-20.4007
-13.2088;-92.9583;0.414212;0.0657506;-0.469707;-20.6848
-4.38334;-92.9583;0.409867;0.106871;-0.465477;-20.8712
4.44212;-92.9583;0.402055;0.149629;-0.454992;-20.9446
13.2676;-92.9583;0.395077;0.185346;-0.448696;-20.9375
22.093;-92.9583;0.380871;0.214856;-0.446323;-20.8442
30.9185;-92.9583;0.363855;0.242829;-0.443293;-20.6476
39.7439;-92.9583;0.376496;0.276698;-0.440857;-20.3601
48.5694;-92.9583;0.487471;0.315762;-0.451555;-20.0091
57.3948;-92.9583;0.551066;0.356226;-0.465937;-19.5979
66.2203;-92.9583;0.630783;0.380261;-0.458419;-19.1359
75.0458;-92.9583;0.724261;0.391697;-0.429094;-18.6299
83.8712;-92.9583;0.780072;0.390499;-0.399226;-17.9939
92.6967;-92.9583;0.761836;0.389153;-0.373796;-17.2291
101.522;-92.9583;0.837905;0.37878;-0.340154;-16.4775
110.348;-92.9583;0.952159;0.364845;-0.299267;-15.7318
119.173;-92.9583;1.06438;0.341733;-0.259452;-14.9277
127.998;-92.9583;1.14623;0.315445;-0.219325;-14.0544
136.824;-92.9583;1.18559;0.287257;-0.184876;-13.0971
145.649;-92.9583;1.10536;0.262504;-0.156846;-12.0343
154.475;-92.9583;1.02746;0.234252;-0.127121;-10.951
163.3;-92.9583;1.0006;0.201846;-0.0916075;-9.88193
172.126;-92.9583;1.02673;0.16693;-0.0587559;-8.82987
180.951;-92.9583;0.997073;0.137984;-0.0370653;-7.74093
189.777;-92.9583;0.930117;0.107189;-0.0218636;-6.61339
198.602;-92.9583;0.864997;0.0736457;-0.00941661;-5.46704
207.428;-92.9583;0.829442;0.0390218;-0.00126361;-4.32188
216.253;-92.9583;0.814769;0.00121985;0.00474927;-3.17623
225.078;-92.9583;0.849997;-0.0267007;0.00381707;-2.0897
-207.369;-101.784;0.457489;0.128648;0.0326019;-2.33708
-198.543;-101.784;0.388544;0.111338;0.00333136;-3.39268
-189.718;-101.784;0.455483;0.0794065;-0.0270623;-4.49318
-180.892;-101.784;0.46562;0.0517355;-0.0531148;-5.54868
-172.067;-101.784;0.429998;0.0281886;-0.0757485;-6.54675
-163.242;-101.784;0.383062;-0.000606795;-0.0989982;-7.53388
-154.416;-101.784;0.344039;-0.027802;-0.122196;-8.52116
-145.591;-101.784;0.332016;-0.0455043;-0.142605;-9.50279
-136.765;-101.784;0.337374;-0.0539687;-0.160684;-10.4622
-127.94;-101.784;0.32139;-0.0618189;-0.184044;-11.3788
-119.114;-101.784;0.283981;-0.0759228;-0.214221;-12.2895
-110.289;-101.784;0.298278;-0.0894923;-0.244659;-13.1922
-101.463;-101.784;0.288076;-0.096513;-0.273077;-14.0573
-92.6379;-101.784;0.294825;-0.0949974;-0.300421;-14.8787
-83.8124;-101.784;0.317045;-0.0910807;-0.327459;-15.6505
-74.987;-101.784;0.329021;-0.0896912;-0.352736;-16.3732
-66.1615;-101.784;0.330447;-0.0856382;-0.369964;-17.0563
-57.3361;-101.784;0.359065;-0.0679202;-0.379278;-17.6703
-48.5106;-101.784;0.355122;-0.0442222;-0.395366;-18.2075
-39.6852;-101.784;0.33797;-0.0210408;-0.415709;-18.6767
-30.8597;-101.784;0.347957;0.00359515;-0.432951;-19.0806
-22.0342;-101.784;0.380379;0.0332977;-0.442413;-19.4162
-13.2088;-101.784;0.395041;0.069079;-0.449918;-19.6799
-4.38334;-101.784;0.385617;0.107781;-0.451599;-19.854
4.44212;-101.784;0.372576;0.148769;-0.445926;-19.9173
13.2676;-101.784;0.35434;0.180503;-0.440724;-19.9091
22.093;-101.784;0.337964;0.208905;-0.440917;-19.825
30.9185;-101.784;0.328248;0.238581;-0.446223;-19.6387
39.7439;-101.784;0.339061;0.275171;-0.459415;-19.3679
48.5694;-101.784;0.448106;0.316054;-0.480558;-19.0307
57.3948;-101.784;0.506423;0.350333;-0.487717;-18.6301
66.2203;-101.784;0.564621;0.365168;-0.469483;-18.1583
75.0458;-101.784;0.620854;0.364876;-0.433279;-17.6072
83.8712;-101.784;0.649567;0.360219;-0.398978;-16.9704
92.6967;-101.784;0.657558;0.358164;-0.370097;-16.2648
101.522;-101.784;0.751154;0.349027;-0.333598;-15.567
110.348;-101.784;0.847233;0.335283;-0.290419;-14.8337
119.173;-101.784;0.931605;0.311205;-0.24857;-14.03
127.998;-101.784;0.988091;0.281874;-0.207827;-13.1523
136.824;-101.784;0.964505;0.254548;-0.174882;-12.1616
145.649;-101.784;0.82754;0.233518;-0.147039;-11.0756
154.475;-101.784;0.777424;0.206858;-0.116293;-10.0479
163.3;-101.784;0.829083;0.173822;-0.0790039;-9.07835
172.126;-101.784;0.8994;0.136495;-0.0439255;-8.08909
180.951;-101.784;0.885107;0.107543;-0.0203747;-7.0388
189.777;-101.784;0.825513;0.0812956;-0.0099429;-5.94387
198.602;-101.784;0.776868;0.0534566;0.000438314;-4.83263
207.428;-101.784;0.770582;0.0218774;0.00908982;-3.72344
216.253;-101.784;0.780465;-0.00865542;0.0143567;-2.62609
225.078;-101.784;0.847045;-0.035055;0.0141924;-1.58148
-198.543;-110.609;0.374494;0.111301;0.00907563;-2.895
-189.718;-110.609;0.488744;0.0815824;-0.0188632;-4.01216
-180.892;-110.609;0.53663;0.0556072;-0.0410554;-5.04876
-172.067;-110.609;0.450198;0.0281916;-0.066665;-6.03104
-163.242;-110.609;0.416593;-0.000583158;-0.0910465;-6.99837
-154.416;-110.609;0.403253;-0.0266024;-0.114139;-7.96457
-145.591;-110.609;0.39263;-0.0427327;-0.134971;-8.92233
-136.765;-110.609;0.37755;-0.0478192;-0.153605;-9.84978
-127.94;-110.609;0.339126;-0.050493;-0.174176;-10.7237
-119.114;-110.609;0.276869;-0.0628477;-0.202564;-11.5888
-110.289;-110.609;0.250242;-0.0785911;-0.235315;-12.4576
-101.463;-110.609;0.235393;-0.0876084;-0.26788;-13.302
-92.6379;-110.609;0.262347;-0.0873503;-0.297153;-14.1069
-83.8124;-110.609;0.286235;-0.0835653;-0.327359;-14.8532
-74.987;-110.609;0.271429;-0.0824908;-0.358126;-15.5238
-66.1615;-110.609;0.250868;-0.0804713;-0.379012;-16.1685
-57.3361;-110.609;0.284314;-0.0648103;-0.388593;-16.7603
-48.5106;-110.609;0.310112;-0.0375742;-0.39625;-17.2717
-39.6852;-110.609;0.290947;-0.00932459;-0.40713;-17.7081
-30.8597;-110.609;0.282089;0.0167031;-0.415484;-18.0795
-22.0342;-110.609;0.30073;0.0421209;-0.42265;-18.3878
-13.2088;-110.609;0.314547;0.0711475;-0.430549;-18.6351
-4.38334;-110.609;0.30986;0.10562;-0.435531;-18.805
4.44212;-110.609;0.307886;0.14352;-0.433253;-18.8769
13.2676;-110.609;0.312171;0.17359;-0.429328;-18.8728
22.093;-110.609;0.314813;0.20354;-0.433672;-18.7952
30.9185;-110.609;0.320735;0.234232;-0.444267;-18.6182
39.7439;-110.609;0.349375;0.266095;-0.459563;-18.3673
48.5694;-110.609;0.458454;0.297179;-0.472918;-18.0628
57.3948;-110.609;0.519264;0.324023;-0.470172;-17.6835
66.2203;-110.609;0.559321;0.335627;-0.447605;-17.2078
75.0458;-110.609;0.601053;0.337694;-0.414471;-16.6625
83.8712;-110.609;0.647694;0.335633;-0.381662;-16.0561
92.6967;-110.609;0.688522;0.331456;-0.35117;-15.4053
101.522;-110.609;0.785661;0.319825;-0.315301;-14.7318
110.348;-110.609;0.802522;0.302519;-0.2767;-13.9385
119.173;-110.609;0.766508;0.27724;-0.238181;-13.0518
127.998;-110.609;0.709498;0.251103;-0.202191;-12.1182
136.824;-110.609;0.587613;0.228179;-0.171694;-11.0904
145.649;-110.609;0.529717;0.202745;-0.139918;-10.087
154.475;-110.609;0.606448;0.172713;-0.102381;-9.18294
163.3;-110.609;0.73698;0.139066;-0.0602071;-8.30681
172.126;-110.609;0.79492;0.0997048;-0.0255909;-7.33252
180.951;-110.609;0.708562;0.0723077;-0.00169702;-6.2343
189.777;-110.609;0.66971;0.0506779;0.00682974;-5.18062
198.602;-110.609;0.688757;0.0317288;0.0107575;-4.16313
207.428;-110.609;0.776982;0.00404196;0.0190463;-3.15097
216.253;-110.609;0.830362;-0.0245258;0.0282867;-2.11008
-198.543;-119.435;0.341535;0.0990692;0.0157313;-2.37004
-189.718;-119.435;0.416687;0.0774635;-0.00841015;-3.43297
-180.892;-119.435;0.466466;0.0506036;-0.0320974;-4.48442
-172.067;-119.435;0.388113;0.0191613;-0.0588353;-5.45963
-163.242;-119.435;0.403327;-0.00489535;-0.0818905;-6.40562
-154.416;-119.435;0.410799;-0.0269083;-0.105115;-7.34568
-145.591;-119.435;0.389021;-0.0421561;-0.126519;-8.26259
-136.765;-119.435;0.357531;-0.0461201;-0.14494;-9.1622
-127.94;-119.435;0.312843;-0.0425792;-0.16184;-10.0017
-119.114;-119.435;0.233549;-0.0514392;-0.19034;-10.8348
-110.289;-119.435;0.204623;-0.0636529;-0.224425;-11.6675
-101.463;-119.435;0.19015;-0.0757831;-0.261076;-12.4872
-92.6379;-119.435;0.222986;-0.0780001;-0.295311;-13.2689
-83.8124;-119.435;0.24528;-0.0748793;-0.329006;-13.9898
-74.987;-119.435;0.21871;-0.074019;-0.360322;-14.6241
-66.1615;-119.435;0.184169;-0.0728885;-0.383108;-15.2372
-57.3361;-119.435;0.211942;-0.0612335;-0.396644;-15.8147
-48.5106;-119.435;0.25392;-0.0385002;-0.401142;-16.3259
-39.6852;-119.435;0.245282;-0.0089465;-0.401107;-16.7451
-30.8597;-119.435;0.218359;0.0181999;-0.399836;-17.0705
-22.0342;-119.435;0.200347;0.0416664;-0.400393;-17.3329
-13.2088;-119.435;0.198512;0.0671223;-0.403089;-17.562
-4.38334;-119.435;0.222645;0.0995253;-0.406189;-17.7414
4.44212;-119.435;0.25549;0.134845;-0.407618;-17.8393
13.2676;-119.435;0.312559;0.166318;-0.408626;-17.8604
22.093;-119.435;0.354279;0.19751;-0.419436;-17.7907
30.9185;-119.435;0.361137;0.225851;-0.432559;-17.6098
39.7439;-119.435;0.365679;0.249246;-0.440598;-17.3441
48.5694;-119.435;0.452367;0.26803;-0.440079;-17.0492
57.3948;-119.435;0.535509;0.286126;-0.430934;-16.6913
66.2203;-119.435;0.577088;0.297907;-0.412654;-16.2276
75.0458;-119.435;0.60525;0.303168;-0.387562;-15.6902
83.8712;-119.435;0.645644;0.301091;-0.358609;-15.0988
92.6967;-119.435;0.685306;0.29332;-0.329904;-14.4586
101.522;-119.435;0.709538;0.281765;-0.298256;-13.7447
110.348;-119.435;0.653183;0.264423;-0.258488;-12.9008
119.173;-119.435;0.542803;0.238171;-0.219545;-11.9694
127.998;-119.435;0.434716;0.216034;-0.189248;-11.0532
136.824;-119.435;0.377765;0.194199;-0.15962;-10.1441
145.649;-119.435;0.460743;0.166524;-0.123411;-9.28732
154.475;-119.435;0.678014;0.131704;-0.0802421;-8.4921
163.3;-119.435;0.792124;0.0950703;-0.0380198;-7.58809
172.126;-119.435;0.654691;0.060587;-0.00685553;-6.47556
180.951;-119.435;0.479701;0.0363451;0.0152277;-5.3196
189.777;-119.435;0.558894;0.0125743;0.0283653;-4.38607
198.602;-119.435;0.733368;-0.00703059;0.0412002;-3.53391
207.428;-119.435;0.920447;-0.0272245;0.0460974;-2.65572
216.253;-119.435;0.98772;-0.0477697;0.0467791;-1.66636
-189.718;-128.26;0.330104;0.068583;4.83897e-05;-2.83185
-180.892;-128.26;0.386365;0.0436976;-0.0237459;-3.82878
-172.067;-128.26;0.328753;0.00550165;-0.0544902;-4.82409
-163.242;-128.26;0.347664;-0.0164185;-0.0765489;-5.75603
-154.416;-128.26;0.332685;-0.0356043;-0.100869;-6.66129
-145.591;-128.26;0.277052;-0.0492497;-0.122508;-7.51676
-136.765;-128.26;0.235904;-0.052583;-0.141337;-8.3907
-127.94;-128.26;0.224616;-0.0441269;-0.157178;-9.22319
-119.114;-128.26;0.174165;-0.0431905;-0.184468;-10.041
-110.289;-128.26;0.158062;-0.050827;-0.218491;-10.838
-101.463;-128.26;0.128957;-0.0618367;-0.25562;-11.612
-92.6379;-128.26;0.143242;-0.0673111;-0.29513;-12.3549
-83.8124;-128.26;0.173156;-0.0679094;-0.332393;-13.0607
-74.987;-128.26;0.17153;-0.0677861;-0.360142;-13.7011
-66.1615;-128.26;0.139145;-0.067248;-0.381727;-14.2886
-57.3361;-128.26;0.142828;-0.0611115;-0.398658;-14.8577
-48.5106;-128.26;0.204011;-0.0465742;-0.401697;-15.3779
-39.6852;-128.26;0.181787;-0.0199186;-0.396169;-15.7709
-30.8597;-128.26;0.0809263;0.0093914;-0.389882;-16.006
-22.0342;-128.26;7.70001e-05;0.0348337;-0.384473;-16.1876
-13.2088;-128.26;0.0113734;0.0607555;-0.377598;-16.4082
-4.38334;-128.26;0.106092;0.0963805;-0.371565;-16.647
4.44212;-128.26;0.206621;0.132577;-0.375585;-16.8004
13.2676;-128.26;0.316959;0.161056;-0.383634;-16.8364
22.093;-128.26;0.407715;0.190522;-0.399026;-16.7824
30.9185;-128.26;0.411597;0.213484;-0.409412;-16.5812
39.7439;-128.26;0.329664;0.228574;-0.409114;-16.2649
48.5694;-128.26;0.357268;0.242647;-0.402203;-15.9387
57.3948;-128.26;0.424296;0.256101;-0.391212;-15.579
66.2203;-128.26;0.461311;0.266219;-0.378073;-15.1297
75.0458;-128.26;0.46609;0.2695;-0.359229;-14.5894
83.8712;-128.26;0.453032;0.265804;-0.335091;-13.9746
92.6967;-128.26;0.43056;0.257501;-0.309643;-13.2987
101.522;-128.26;0.442368;0.242094;-0.279764;-12.5818
110.348;-128.26;0.456589;0.22038;-0.237328;-11.7923
119.173;-128.26;0.425076;0.20012;-0.197922;-10.9732
127.998;-128.26;0.37355;0.182811;-0.166475;-10.1602
136.824;-128.26;0.401446;0.163322;-0.135696;-9.36901
145.649;-128.26;0.586621;0.134385;-0.0989613;-8.6217
154.475;-128.26;0.682544;0.103128;-0.0555883;-7.74765
163.3;-128.26;0.591445;0.0606324;-0.0234687;-6.65429
172.126;-128.26;0.334128;0.0273331;0.00388799;-5.45055
180.951;-128.26;0.261674;0.0022152;0.0268713;-4.39515
189.777;-128.26;0.616094;-0.0283791;0.0488955;-3.70994
198.602;-128.26;1.02082;-0.0499939;0.0683895;-3.06246
207.428;-128.26;1.24325;-0.0631468;0.0686533;-2.2745
-189.718;-137.086;0.203984;0.050895;0.00758568;-2.17769
-180.892;-137.086;0.280538;0.0299119;-0.0176904;-3.14004
-172.067;-137.086;0.26984;-0.00238563;-0.0456104;-4.10039
-163.242;-137.086;0.271118;-0.0242007;-0.0705344;-5.03618
-154.416;-137.086;0.204298;-0.0440276;-0.0990241;-5.91033
-145.591;-137.086;0.113352;-0.0597277;-0.123183;-6.72238
-136.765;-137.086;0.0827192;-0.0657309;-0.144535;-7.58658
-127.94;-137.086;0.121488;-0.0553063;-0.161752;-8.42764
-119.114;-137.086;0.124285;-0.043088;-0.187513;-9.23451
-110.289;-137.086;0.105864;-0.0440693;-0.218271;-9.99362
-101.463;-137.086;0.0537877;-0.0514054;-0.252722;-10.7126
-92.6379;-137.086;0.0451167;-0.0595405;-0.29263;-11.4223
-83.8124;-137.086;0.100233;-0.0637606;-0.32913;-12.1263
-74.987;-137.086;0.141216;-0.0643168;-0.353879;-12.7633
-66.1615;-137.086;0.101795;-0.063645;-0.375611;-13.319
-57.3361;-137.086;0.0532972;-0.0610827;-0.395526;-13.868
-48.5106;-137.086;0.127575;-0.0548257;-0.398059;-14.3729
-39.6852;-137.086;0.0286172;-0.0329395;-0.396995;-14.6783
-30.8597;-137.086;-0.273566;-0.00241639;-0.395024;-14.7131
-22.0342;-137.086;-0.482986;0.0264311;-0.388505;-14.7361
-13.2088;-137.086;-0.394958;0.0548089;-0.37261;-14.9706
-4.38334;-137.086;-0.160259;0.0979803;-0.351593;-15.3821
4.44212;-137.086;0.0495547;0.134728;-0.347247;-15.6164
13.2676;-137.086;0.184371;0.157331;-0.361009;-15.6586
22.093;-137.086;0.269426;0.177728;-0.377987;-15.5916
30.9185;-137.086;0.29586;0.193882;-0.383593;-15.4126
39.7439;-137.086;0.265419;0.204967;-0.377338;-15.1313
48.5694;-137.086;0.251233;0.217602;-0.373787;-14.7866
57.3948;-137.086;0.287707;0.230225;-0.369602;-14.4181
66.2203;-137.086;0.319391;0.236701;-0.358093;-13.9754
75.0458;-137.086;0.315743;0.236353;-0.339385;-13.4378
83.8712;-137.086;0.274836;0.230637;-0.316245;-12.8141
92.6967;-137.086;0.222079;0.221789;-0.291737;-12.1342
101.522;-137.086;0.240691;0.206452;-0.263064;-11.4606
110.348;-137.086;0.338931;0.188232;-0.222543;-10.7884
119.173;-137.086;0.416958;0.172131;-0.183079;-10.0948
127.998;-137.086;0.452396;0.155863;-0.147577;-9.36638
136.824;-137.086;0.513487;0.13392;-0.114222;-8.60753
145.649;-137.086;0.639541;0.0996609;-0.0850288;-7.8109
154.475;-137.086;0.513453;0.0662667;-0.0550353;-6.77506
163.3;-137.086;0.229613;0.02794;-0.0251688;-5.56737
172.126;-137.086;0.0130513;-0.000216697;0.00821566;-4.43504
180.951;-137.086;0.237327;-0.0301551;0.036583;-3.64568
189.777;-137.086;0.937864;-0.0700474;0.0625853;-3.25711
198.602;-137.086;1.47691;-0.0929174;0.0786968;-2.721
-189.718;-145.911;0.0902346;0.0312183;0.0145909;-1.49441
-180.892;-145.911;0.159943;0.0178325;-0.0102513;-2.4246
-172.067;-145.911;0.170509;-0.00751858;-0.0363863;-3.3554
-163.242;-145.911;0.16695;-0.0253614;-0.0598699;-4.26155
-154.416;-145.911;0.100799;-0.0408326;-0.0882294;-5.10428
-145.591;-145.911;0.0122636;-0.0596244;-0.115902;-5.90437
-136.765;-145.911;-0.00793961;-0.0731477;-0.143932;-6.77309
-127.94;-145.911;0.0512452;-0.0669003;-0.165632;-7.62114
-119.114;-145.911;0.0829991;-0.0503627;-0.187813;-8.4079
-110.289;-145.911;0.0553347;-0.0457006;-0.211519;-9.13115
-101.463;-145.911;-0.0207305;-0.0492082;-0.242815;-9.80634
-92.6379;-145.911;-0.0390889;-0.057755;-0.281007;-10.4844
-83.8124;-145.911;0.0526723;-0.0622545;-0.314162;-11.179
-74.987;-145.911;0.128562;-0.0608861;-0.337343;-11.8094
-66.1615;-145.911;0.0630938;-0.057944;-0.362077;-12.3234
-57.3361;-145.911;-0.055923;-0.0546683;-0.387785;-12.7986
-48.5106;-145.911;-0.017129;-0.0573563;-0.397622;-13.2418
-39.6852;-145.911;-0.243782;-0.0360525;-0.409602;-13.4188
-30.8597;-145.911;-0.854927;-0.0059276;-0.421718;-13.2454
-22.0342;-145.911;-1.39468;0.031584;-0.420911;-13.1275
-13.2088;-145.911;-1.38932;0.069977;-0.399556;-13.3219
-4.38334;-145.911;-0.794729;0.0995832;-0.36563;-13.8135
4.44212;-145.911;-0.285505;0.130939;-0.349491;-14.2608
13.2676;-145.911;-0.087395;0.149633;-0.361122;-14.3637
22.093;-145.911;0.0158422;0.163599;-0.369732;-14.2949
30.9185;-145.911;0.0982888;0.17288;-0.36458;-14.1396
39.7439;-145.911;0.154099;0.178953;-0.353088;-13.9157
48.5694;-145.911;0.173692;0.190753;-0.353978;-13.6146
57.3948;-145.911;0.203699;0.202223;-0.355929;-13.2665
66.2203;-145.911;0.23575;0.207313;-0.345453;-12.8452
75.0458;-145.911;0.245227;0.205635;-0.323971;-12.3287
83.8712;-145.911;0.217334;0.198672;-0.29686;-11.7241
92.6967;-145.911;0.169748;0.188681;-0.269519;-11.0718
101.522;-145.911;0.201812;0.17446;-0.241269;-10.4556
110.348;-145.911;0.327222;0.160833;-0.205823;-9.86206
119.173;-145.911;0.437788;0.146065;-0.170429;-9.21476
127.998;-145.911;0.495;0.127094;-0.136042;-8.48791
136.824;-145.911;0.517462;0.101302;-0.103551;-7.68642
145.649;-145.911;0.45876;0.0723888;-0.075251;-6.77263
154.475;-145.911;0.306745;0.0359551;-0.0480941;-5.75598
163.3;-145.911;0.153618;-0.00591723;-0.0206616;-4.69796
172.126;-145.911;0.179188;-0.0269319;0.0194009;-3.82699
180.951;-145.911;0.701274;-0.0606303;0.0490588;-3.29898
189.777;-145.911;1.50216;-0.103828;0.0706846;-2.97708
198.602;-145.911;1.90135;-0.135272;0.0969787;-2.25112
-172.067;-154.736;0.107577;-0.00568575;-0.0194969;-2.61851
-163.242;-154.736;0.0921211;-0.0206557;-0.0424313;-3.48632
-154.416;-154.736;0.0501219;-0.026844;-0.0645181;-4.29577
-145.591;-154.736;0.00681184;-0.0468686;-0.093481;-5.10523
-136.765;-154.736;0.000105508;-0.0674256;-0.128236;-5.96714
-127.94;-154.736;0.0375059;-0.0689484;-0.155591;-6.79666
-119.114;-154.736;0.0555528;-0.0574423;-0.173419;-7.55143
-110.289;-154.736;0.0243773;-0.0530571;-0.190766;-8.25059
-101.463;-154.736;-0.0737166;-0.0537968;-0.22061;-8.8946
-92.6379;-154.736;-0.0981052;-0.0601766;-0.258436;-9.53726
-83.8124;-154.736;0.00812484;-0.0613315;-0.289105;-10.2069
-74.987;-154.736;0.0968296;-0.0558665;-0.312124;-10.8159
-66.1615;-154.736;0.0302963;-0.0502076;-0.340067;-11.3001
-57.3361;-154.736;-0.120442;-0.0477977;-0.370595;-11.7299
-48.5106;-154.736;-0.119171;-0.0525491;-0.387688;-12.135
-39.6852;-154.736;-0.359953;-0.0417991;-0.407813;-12.296
-30.8597;-154.736;-0.962424;-0.0167805;-0.428718;-12.1065
-22.0342;-154.736;-1.5519;0.016739;-0.433437;-11.9328
-13.2088;-154.736;-1.69009;0.0471436;-0.41654;-12.0007
-4.38334;-154.736;-1.19997;0.0697378;-0.390811;-12.369
4.44212;-154.736;-0.431069;0.107886;-0.383294;-12.9593
13.2676;-154.736;-0.166366;0.12958;-0.381023;-13.1384
22.093;-154.736;-0.0484312;0.142347;-0.371932;-13.0904
30.9185;-154.736;0.0507397;0.149758;-0.355859;-12.9515
39.7439;-154.736;0.133965;0.154354;-0.340038;-12.7583
48.5694;-154.736;0.171547;0.160388;-0.334205;-12.4745
57.3948;-154.736;0.202988;0.167587;-0.334051;-12.14
66.2203;-154.736;0.234152;0.171701;-0.322344;-11.7373
75.0458;-154.736;0.254001;0.17214;-0.298215;-11.2504
83.8712;-154.736;0.251398;0.167441;-0.266722;-10.689
92.6967;-154.736;0.231654;0.15726;-0.236294;-10.0881
101.522;-154.736;0.278585;0.143507;-0.208961;-9.52136
110.348;-154.736;0.36806;0.133129;-0.179381;-8.93314
119.173;-154.736;0.400611;0.121466;-0.151053;-8.24942
127.998;-154.736;0.367562;0.103693;-0.122492;-7.46623
136.824;-154.736;0.317721;0.0783565;-0.0936132;-6.62356
145.649;-154.736;0.262879;0.049986;-0.0660089;-5.73928
154.475;-154.736;0.299177;0.0137778;-0.0375602;-4.90604
163.3;-154.736;0.485259;-0.0183344;-0.00655996;-4.19581
172.126;-154.736;0.865376;-0.0379988;0.0279728;-3.65605
180.951;-154.736;1.47307;-0.0690712;0.0550657;-3.23646
189.777;-154.736;1.94556;-0.117278;0.0858571;-2.57765
-163.242;-163.562;0.0790152;-0.0102757;-0.0202916;-2.71096
-154.416;-163.562;0.0396887;-0.0174727;-0.0433567;-3.50695
-145.591;-163.562;0.0390774;-0.0316738;-0.0660316;-4.31743
-136.765;-163.562;0.0553486;-0.0530952;-0.0986267;-5.15096
-127.94;-163.562;0.0618817;-0.0593764;-0.126308;-5.93914
-119.114;-163.562;0.0588393;-0.0553506;-0.143645;-6.6643
-110.289;-163.562;0.0224944;-0.0567043;-0.16095;-7.34548
-101.463;-163.562;-0.0786302;-0.056077;-0.19171;-7.96926
-92.6379;-163.562;-0.137846;-0.0612194;-0.231572;-8.58836
-83.8124;-163.562;-0.0604198;-0.061461;-0.262008;-9.22236
-74.987;-163.562;0.0199828;-0.0563983;-0.286259;-9.80158
-66.1615;-163.562;-0.0360208;-0.0518991;-0.3154;-10.2671
-57.3361;-163.562;-0.171488;-0.0499568;-0.34748;-10.6799
-48.5106;-163.562;-0.100055;-0.054411;-0.365328;-11.1198
-39.6852;-163.562;-0.150417;-0.043612;-0.382241;-11.4199
-30.8597;-163.562;-0.515467;-0.0192919;-0.409974;-11.4246
-22.0342;-163.562;-0.914339;0.00554319;-0.42604;-11.326
-13.2088;-163.562;-1.04325;0.0261889;-0.418302;-11.3188
-4.38334;-163.562;-0.776274;0.0510293;-0.398717;-11.534
4.44212;-163.562;-0.223521;0.0819526;-0.398453;-11.9354
13.2676;-163.562;-0.025849;0.104786;-0.388002;-12.0768
22.093;-163.562;0.0597839;0.118028;-0.365567;-12.0107
30.9185;-163.562;0.127753;0.123993;-0.340453;-11.8469
39.7439;-163.562;0.190742;0.127968;-0.319269;-11.6461
48.5694;-163.562;0.22681;0.129931;-0.300838;-11.3701
57.3948;-163.562;0.256232;0.132525;-0.29307;-11.033
66.2203;-163.562;0.278704;0.136112;-0.281188;-10.6411
75.0458;-163.562;0.284006;0.140277;-0.258818;-10.1787
83.8712;-163.562;0.275785;0.138505;-0.225963;-9.64853
92.6967;-163.562;0.273613;0.128878;-0.193721;-9.0918
101.522;-163.562;0.31994;0.11578;-0.167982;-8.55253
110.348;-163.562;0.37263;0.106273;-0.142524;-7.95157
119.173;-163.562;0.361049;0.0952826;-0.118388;-7.25433
127.998;-163.562;0.304855;0.0794363;-0.0944091;-6.48581
136.824;-163.562;0.268893;0.0593405;-0.069239;-5.70287
145.649;-163.562;0.298098;0.0380561;-0.0420068;-4.94166
154.475;-163.562;0.516715;0.0124486;-0.0104004;-4.2864
163.3;-163.562;0.916972;-0.0133062;0.0174604;-3.80516
172.126;-163.562;1.33577;-0.0382098;0.0416309;-3.32656
180.951;-163.562;1.76178;-0.0766953;0.0615472;-2.7637
189.777;-163.562;1.95386;-0.118511;0.0905208;-1.89095
-154.416;-172.387;0.0388049;-0.01293;-0.0250226;-2.71169
-145.591;-172.387;0.0260543;-0.0307547;-0.0502685;-3.4922
-136.765;-172.387;0.0415776;-0.0464891;-0.0768294;-4.29026
-127.94;-172.387;0.0330074;-0.0530879;-0.101398;-5.03519
-119.114;-172.387;0.0175696;-0.0530334;-0.11963;-5.72932
-110.289;-172.387;-0.00561309;-0.0530705;-0.141478;-6.40841
-101.463;-172.387;-0.0843776;-0.048124;-0.172092;-7.0331
-92.6379;-172.387;-0.143441;-0.0504742;-0.203885;-7.62403
-83.8124;-172.387;-0.105427;-0.05648;-0.229049;-8.20223
-74.987;-172.387;-0.0493649;-0.0581785;-0.254544;-8.75487
-66.1615;-172.387;-0.0909403;-0.0557718;-0.282972;-9.20826
-57.3361;-172.387;-0.219694;-0.0530255;-0.313274;-9.60128
-48.5106;-172.387;-0.171459;-0.0516649;-0.330691;-10.0335
-39.6852;-172.387;-0.0325098;-0.0410855;-0.342716;-10.4428
-30.8597;-172.387;-0.102992;-0.0227888;-0.36708;-10.6384
-22.0342;-172.387;-0.230359;-0.00510056;-0.387689;-10.7134
-13.2088;-172.387;-0.213068;0.0151321;-0.387741;-10.805
-4.38334;-172.387;-0.0162933;0.0483012;-0.370133;-11.0137
4.44212;-172.387;0.151005;0.0692312;-0.363959;-11.1563
13.2676;-172.387;0.216118;0.082885;-0.355424;-11.1402
22.093;-172.387;0.217099;0.0933425;-0.333615;-10.986
30.9185;-172.387;0.209244;0.0982164;-0.306093;-10.7592
39.7439;-172.387;0.228127;0.101585;-0.280933;-10.5232
48.5694;-172.387;0.27108;0.102175;-0.25422;-10.2448
57.3948;-172.387;0.289386;0.105455;-0.238037;-9.90269
66.2203;-172.387;0.29263;0.111399;-0.227035;-9.51785
75.0458;-172.387;0.290331;0.116909;-0.2101;-9.08817
83.8712;-172.387;0.285531;0.115293;-0.181408;-8.60343
92.6967;-172.387;0.287534;0.104628;-0.15023;-8.0773
101.522;-172.387;0.323684;0.0891389;-0.122436;-7.54059
110.348;-172.387;0.381566;0.0780019;-0.0963228;-6.95462
119.173;-172.387;0.392195;0.0677351;-0.0743987;-6.30904
127.998;-172.387;0.374335;0.0557806;-0.0561914;-5.62102
136.824;-172.387;0.389772;0.0419519;-0.0375222;-4.93413
145.649;-172.387;0.505516;0.0250161;-0.0155938;-4.29411
154.475;-172.387;0.793738;0.00377826;0.0101118;-3.74918
163.3;-172.387;1.10018;-0.0174442;0.0342545;-3.21443
172.126;-172.387;1.40239;-0.0485791;0.0472358;-2.63449
-145.591;-181.213;-0.00809266;-0.0273739;-0.033679;-2.63476
-136.765;-181.213;-0.0514037;-0.0415111;-0.0546429;-3.36448
-127.94;-181.213;-0.0842678;-0.0526424;-0.0795726;-4.08826
-119.114;-181.213;-0.122212;-0.0561987;-0.100429;-4.75086
-110.289;-181.213;-0.135257;-0.0537893;-0.123069;-5.41465
-101.463;-181.213;-0.197982;-0.041228;-0.147505;-6.01381
-92.6379;-181.213;-0.265882;-0.0400033;-0.171386;-6.56209
-83.8124;-181.213;-0.245224;-0.0463197;-0.190065;-7.09497
-74.987;-181.213;-0.163419;-0.0514244;-0.21418;-7.64853
-66.1615;-181.213;-0.145048;-0.0523196;-0.239656;-8.11697
-57.3361;-181.213;-0.242558;-0.0502433;-0.264779;-8.49416
-48.5106;-181.213;-0.233608;-0.0450654;-0.280242;-8.88569
-39.6852;-181.213;-0.0604836;-0.0349488;-0.289537;-9.30661
-30.8597;-181.213;0.0214196;-0.0222018;-0.304282;-9.58953
-22.0342;-181.213;0.0527812;-0.0097985;-0.319412;-9.77718
-13.2088;-181.213;0.165789;0.00806852;-0.32164;-9.94946
-4.38334;-181.213;0.36934;0.0353205;-0.311387;-10.1326
4.44212;-181.213;0.385145;0.0516059;-0.309636;-10.1789
13.2676;-181.213;0.370838;0.0590858;-0.302489;-10.105
22.093;-181.213;0.30413;0.0681798;-0.28317;-9.90398
30.9185;-181.213;0.226294;0.0736546;-0.258;-9.6284
39.7439;-181.213;0.197626;0.0764154;-0.232252;-9.3536
48.5694;-181.213;0.240356;0.0760646;-0.206609;-9.07587
57.3948;-181.213;0.254808;0.0800006;-0.188017;-8.74544
66.2203;-181.213;0.256062;0.0861002;-0.17546;-8.37191
75.0458;-181.213;0.266766;0.0908011;-0.159789;-7.96921
83.8712;-181.213;0.278821;0.0901092;-0.13542;-7.5283
92.6967;-181.213;0.283494;0.0818106;-0.111191;-7.03537
101.522;-181.213;0.291821;0.0708611;-0.0910089;-6.50467
110.348;-181.213;0.330293;0.0612352;-0.0693197;-5.93957
119.173;-181.213;0.366243;0.0510142;-0.04922;-5.35146
127.998;-181.213;0.402605;0.0392588;-0.0329962;-4.74163
136.824;-181.213;0.472044;0.0251197;-0.0176124;-4.12628
145.649;-181.213;0.632686;0.00778796;-0.00182895;-3.54936
154.475;-181.213;0.838849;-0.0114188;0.0145169;-2.97151
163.3;-181.213;1.02199;-0.0341757;0.0345439;-2.35568
-136.765;-190.038;-0.103805;-0.0338109;-0.0284228;-2.43017
-127.94;-190.038;-0.133638;-0.0446839;-0.0467199;-3.1166
-119.114;-190.038;-0.178201;-0.0514703;-0.0659163;-3.76461
-110.289;-190.038;-0.214024;-0.0495285;-0.0883206;-4.40128
-101.463;-190.038;-0.312312;-0.0346909;-0.108805;-4.94711
-92.6379;-190.038;-0.439364;-0.0334131;-0.130327;-5.42822
-83.8124;-190.038;-0.429465;-0.0375114;-0.146489;-5.93737
-74.987;-190.038;-0.299572;-0.040781;-0.165417;-6.49858
-66.1615;-190.038;-0.195734;-0.0419189;-0.186732;-7.00706
-57.3361;-190.038;-0.215419;-0.0411651;-0.208243;-7.40504
-48.5106;-190.038;-0.205376;-0.0363999;-0.221267;-7.76079
-39.6852;-190.038;-0.113741;-0.0276453;-0.228192;-8.10751
-30.8597;-190.038;-0.0345143;-0.0167254;-0.236113;-8.38546
-22.0342;-190.038;0.0503374;-0.00525119;-0.24704;-8.61454
-13.2088;-190.038;0.176067;0.012502;-0.254977;-8.81825
-4.38334;-190.038;0.309871;0.0325908;-0.253891;-8.94381
4.44212;-190.038;0.307591;0.0395705;-0.250177;-8.93594
13.2676;-190.038;0.229242;0.0400032;-0.245175;-8.82316
22.093;-190.038;0.152682;0.0455606;-0.230665;-8.6176
30.9185;-190.038;0.0879796;0.0514948;-0.211213;-8.37135
39.7439;-190.038;0.0704734;0.0550151;-0.190047;-8.1203
48.5694;-190.038;0.11659;0.0558578;-0.167353;-7.85879
57.3948;-190.038;0.141382;0.0597601;-0.147638;-7.54418
66.2203;-190.038;0.164629;0.0631902;-0.1318;-7.19755
75.0458;-190.038;0.204904;0.0659744;-0.114707;-6.82858
83.8712;-190.038;0.240165;0.0663862;-0.0938241;-6.42574
92.6967;-190.038;0.253287;0.0627792;-0.0780557;-5.97109
101.522;-190.038;0.253803;0.0569799;-0.0672045;-5.46478
110.348;-190.038;0.275318;0.0507515;-0.0547111;-4.92696
119.173;-190.038;0.309181;0.0424655;-0.0416794;-4.3763
127.998;-190.038;0.359393;0.0308296;-0.0286805;-3.80896
136.824;-190.038;0.437583;0.0170433;-0.0159474;-3.21973
145.649;-190.038;0.568834;-0.00145692;0.00050504;-2.63377
154.475;-190.038;0.689671;-0.0225843;0.02084;-2.00293
-119.114;-198.864;-0.191407;-0.0390464;-0.0279923;-2.78703
-110.289;-198.864;-0.206851;-0.0368111;-0.0458103;-3.37547
-101.463;-198.864;-0.336376;-0.0263503;-0.069048;-3.91036
-92.6379;-198.864;-0.530313;-0.0281699;-0.0948233;-4.36395
-83.8124;-198.864;-0.529665;-0.0309;-0.109941;-4.88264
-74.987;-198.864;-0.387191;-0.030616;-0.121196;-5.42998
-66.1615;-198.864;-0.234938;-0.030139;-0.13503;-5.93364
-57.3361;-198.864;-0.167748;-0.0314751;-0.15266;-6.34227
-48.5106;-198.864;-0.157837;-0.0280055;-0.166673;-6.67604
-39.6852;-198.864;-0.123925;-0.0212011;-0.176387;-6.96023
-30.8597;-198.864;-0.0933697;-0.0150727;-0.189041;-7.2056
-22.0342;-198.864;-0.0311365;-0.00708305;-0.202932;-7.41799
-13.2088;-198.864;0.0687303;0.00779045;-0.213449;-7.59555
-4.38334;-198.864;0.155685;0.0221277;-0.211335;-7.6698
4.44212;-198.864;0.141318;0.0257083;-0.203112;-7.63314
13.2676;-198.864;0.0949395;0.0226753;-0.195342;-7.52202
22.093;-198.864;0.0464379;0.0276574;-0.183889;-7.34348
30.9185;-198.864;-0.0056406;0.0339451;-0.169655;-7.12498
39.7439;-198.864;-0.0278897;0.0368888;-0.151873;-6.88717
48.5694;-198.864;0.0024192;0.0383737;-0.132185;-6.63969
57.3948;-198.864;0.0397654;0.0434943;-0.112425;-6.3509
66.2203;-198.864;0.0877512;0.0456177;-0.0936839;-6.04086
75.0458;-198.864;0.148636;0.0456409;-0.074106;-5.70066
83.8712;-198.864;0.197641;0.0446786;-0.0556051;-5.32225
92.6967;-198.864;0.223242;0.0431214;-0.046116;-4.89986
101.522;-198.864;0.2423;0.0408126;-0.0422289;-4.43698
110.348;-198.864;0.271712;0.0378384;-0.0357888;-3.93524
119.173;-198.864;0.296587;0.0320241;-0.0282378;-3.39552
127.998;-198.864;0.320497;0.0218825;-0.0220919;-2.83535
136.824;-198.864;0.36691;0.00832342;-0.0133493;-2.26271
145.649;-198.864;0.459212;-0.0107904;0.00761268;-1.66284
-119.114;-207.689;-0.270276;-0.027232;-0.000167733;-1.80484
-110.289;-207.689;-0.239609;-0.023108;-0.0173871;-2.37496
-101.463;-207.689;-0.329051;-0.0184834;-0.0433771;-2.90176
-92.6379;-207.689;-0.481461;-0.0242467;-0.069298;-3.37629
-83.8124;-207.689;-0.458641;-0.0272692;-0.078717;-3.88291
-74.987;-207.689;-0.369574;-0.0257838;-0.0846864;-4.38881
-66.1615;-207.689;-0.272917;-0.0255011;-0.0982724;-4.84014
-57.3361;-207.689;-0.212231;-0.0269549;-0.113835;-5.21852
-48.5106;-207.689;-0.190162;-0.0265085;-0.12953;-5.5357
-39.6852;-207.689;-0.18102;-0.0216924;-0.142125;-5.7898
-30.8597;-207.689;-0.15931;-0.0175533;-0.156221;-6.00586
-22.0342;-207.689;-0.115259;-0.0131622;-0.172529;-6.19359
-13.2088;-207.689;-0.0509133;-0.00424645;-0.18735;-6.34519
-4.38334;-207.689;0.00354622;0.00541138;-0.189478;-6.4097
4.44212;-207.689;0.00477394;0.0089084;-0.179843;-6.373
13.2676;-207.689;-0.00385704;0.00654977;-0.168255;-6.27945
22.093;-207.689;-0.0242656;0.0135126;-0.153362;-6.12223
30.9185;-207.689;-0.0591217;0.0187458;-0.135212;-5.9197
39.7439;-207.689;-0.0774599;0.0201611;-0.113825;-5.70022
48.5694;-207.689;-0.0515214;0.0214018;-0.092561;-5.47347
57.3948;-207.689;0.00848603;0.0267037;-0.0708707;-5.21275
66.2203;-207.689;0.0832326;0.0277018;-0.0500764;-4.93518
75.0458;-207.689;0.150646;0.0255753;-0.0296259;-4.61721
83.8712;-207.689;0.20666;0.0235325;-0.0143024;-4.26624
92.6967;-207.689;0.258251;0.0232046;-0.00859907;-3.88233
101.522;-207.689;0.298289;0.02277;-0.00881784;-3.46992
110.348;-207.689;0.331689;0.0215199;-0.00869161;-2.98353
119.173;-207.689;0.342435;0.0149884;-0.00601086;-2.44973
127.998;-207.689;0.342419;0.00567964;-0.00390979;-1.89218
136.824;-207.689;0.345072;-0.00540283;0.00243618;-1.32033
-83.8124;-216.515;-0.425025;-0.0268742;-0.0537905;-2.87653
-74.987;-216.515;-0.342981;-0.0264644;-0.0587831;-3.32351
-66.1615;-216.515;-0.297231;-0.0253995;-0.0708285;-3.73351
-57.3361;-216.515;-0.273867;-0.0259363;-0.084242;-4.07663
-48.5106;-216.515;-0.270014;-0.0252105;-0.0992002;-4.37338
-39.6852;-216.515;-0.248733;-0.0225155;-0.113975;-4.61729
-30.8597;-216.515;-0.207467;-0.0195908;-0.130785;-4.82033
-22.0342;-216.515;-0.160369;-0.0175815;-0.148285;-4.9903
-13.2088;-216.515;-0.115424;-0.0139904;-0.16379;-5.11347
-4.38334;-216.515;-0.0866525;-0.00880327;-0.170771;-5.17046
4.44212;-216.515;-0.0859569;-0.00511873;-0.165501;-5.15463
13.2676;-216.515;-0.084967;-0.00619138;-0.152711;-5.08599
22.093;-216.515;-0.101814;0.000159718;-0.129486;-4.93089
30.9185;-216.515;-0.121603;0.00172966;-0.101921;-4.73394
39.7439;-216.515;-0.108677;-0.000170738;-0.073909;-4.54241
48.5694;-216.515;-0.0414697;0.000255817;-0.0466842;-4.3615
57.3948;-216.515;0.0683996;0.00646531;-0.0189124;-4.15442
66.2203;-216.515;0.166545;0.00769957;0.00309347;-3.92039
75.0458;-216.515;0.239702;0.00606475;0.0205011;-3.6238
83.8712;-216.515;0.320798;0.00520976;0.0330011;-3.32708
92.6967;-216.515;0.405518;0.00581058;0.0330531;-2.98141
101.522;-216.515;0.466776;0.00157608;0.0252334;-2.57947
110.348;-216.515;0.457416;-0.00138083;0.0160311;-2.07812
-83.8124;-225.34;-0.409622;-0.0241123;-0.0241615;-1.82352
-74.987;-225.34;-0.322957;-0.0271707;-0.0333217;-2.25852
-66.1615;-225.34;-0.290027;-0.0277806;-0.0461993;-2.63918
-57.3361;-225.34;-0.289719;-0.0269191;-0.0568579;-2.95569
-48.5106;-225.34;-0.302424;-0.0247266;-0.0664554;-3.22929
-39.6852;-225.34;-0.267676;-0.0231184;-0.0810063;-3.4725
-30.8597;-225.34;-0.210982;-0.0219021;-0.100418;-3.68449
-22.0342;-225.34;-0.170459;-0.0192173;-0.120123;-3.84388
-13.2088;-225.34;-0.146156;-0.0157059;-0.133723;-3.94586
-4.38334;-225.34;-0.140338;-0.0123585;-0.139414;-3.99069
4.44212;-225.34;-0.157586;-0.0109907;-0.137956;-3.97621
13.2676;-225.34;-0.18259;-0.0140396;-0.127821;-3.90312
22.093;-225.34;-0.20455;-0.0136563;-0.0974902;-3.74482
30.9185;-225.34;-0.193569;-0.0154607;-0.0637856;-3.58398
39.7439;-225.34;-0.0969596;-0.017427;-0.0311395;-3.45704
48.5694;-225.34;0.0284013;-0.0150932;0.000680214;-3.34122
57.3948;-225.34;0.197788;-0.00871326;0.0318736;-3.19381
66.2203;-225.34;0.277118;-0.00467869;0.0513208;-3.00634
75.0458;-225.34;0.335775;-0.00455261;0.0611951;-2.71826
83.8712;-225.34;0.402585;-0.00612551;0.057272;-2.38045
92.6967;-225.34;0.42696;-0.00501672;0.0523358;-1.99889
-39.6852;-234.166;-0.239044;-0.0226876;-0.0434006;-2.36825
-30.8597;-234.166;-0.18196;-0.0236728;-0.0648932;-2.58507
-22.0342;-234.166;-0.162428;-0.0200788;-0.0848974;-2.73167
-13.2088;-234.166;-0.163149;-0.01538;-0.0948249;-2.8055
-4.38334;-234.166;-0.180063;-0.0117545;-0.0977877;-2.83022
4.44212;-234.166;-0.217999;-0.01285;-0.0956403;-2.80021
13.2676;-234.166;-0.287226;-0.0190961;-0.0858714;-2.70038
22.093;-234.166;-0.260081;-0.0245492;-0.0549063;-2.59552
30.9185;-234.166;-0.127673;-0.0267809;-0.0225019;-2.56471
39.7439;-234.166;0.112247;-0.0262093;0.00861747;-2.53432
48.5694;-234.166;0.272323;-0.0226464;0.0331136;-2.42043
57.3948;-234.166;0.257318;-0.0151463;0.049529;-2.17374
66.2203;-234.166;0.114577;-0.0109409;0.0486265;-1.86126
75.0458;-234.166;-0.0343728;-0.0122387;0.0413948;-1.47497
-4.38334;-242.991;-0.169057;-0.010465;-0.0514772;-1.73933
4.44212;-242.991;-0.202343;-0.0103662;-0.0512831;-1.72639
13.2676;-242.991;-0.250817;-0.0163246;-0.0428132;-1.65793
22.093;-242.991;-0.0625753;-0.0238322;-0.0171092;-1.68192
30.9185;-242.991;0.271728;-0.0265356;0.0136931;-1.77014
