x[mm];y[mm];z[mm];x-displacement[mm];y-displacement[mm];z-displacement[mm]
-4.24634;224.675;0.375758;0.0371568;0.0686826;-2.00429
4.57912;224.675;0.279688;0.0424685;0.0686739;-2.00477
13.4046;224.675;0.244098;0.0474729;0.0699481;-1.98214
22.23;224.675;0.214277;0.0487819;0.0629201;-1.90907
31.0555;224.675;0.169214;0.0491056;0.0576527;-1.80335
-39.5482;215.85;0.228536;0.0217093;0.099501;-2.3092
-30.7227;215.85;0.132185;0.022935;0.106364;-2.4348
-21.8972;215.85;0.00690536;0.0288927;0.0985327;-2.47349
-13.0718;215.85;-0.0678567;0.042083;0.0894872;-2.5695
-4.24634;215.85;-0.0400073;0.0477647;0.0860562;-2.67053
4.57912;215.85;-0.0137488;0.0504539;0.0927429;-2.75285
13.4046;215.85;0.00217642;0.0526059;0.100713;-2.77522
22.23;215.85;0.0324511;0.0531747;0.0981515;-2.74098
31.0555;215.85;0.0670344;0.0563711;0.0923945;-2.68144
39.8809;215.85;0.0771415;0.059262;0.0841693;-2.57464
48.7064;215.85;0.0358777;0.0607358;0.0753095;-2.41918
57.5318;215.85;-0.0227074;0.0611911;0.0654809;-2.21118
66.3573;215.85;-0.0863275;0.0606011;0.0630522;-1.97451
75.1828;215.85;-0.127406;0.0592221;0.0615741;-1.71725
-74.85;207.024;0.59461;0.0143378;0.0729186;-2.20079
-66.0245;207.024;0.486612;0.0231404;0.080938;-2.48588
-57.1991;207.024;0.307945;0.0261937;0.0920588;-2.71759
-48.3736;207.024;0.233351;0.0227524;0.105424;-2.98518
-39.5482;207.024;0.145739;0.0231336;0.115824;-3.16949
-30.7227;207.024;-0.153578;0.0285045;0.128936;-3.1882
-21.8972;207.024;-0.444783;0.0342248;0.126636;-3.1188
-13.0718;207.024;-0.518978;0.0446872;0.116109;-3.18838
-4.24634;207.024;-0.398179;0.0517943;0.10758;-3.3381
4.57912;207.024;-0.29085;0.0558883;0.116333;-3.49033
13.4046;207.024;-0.188586;0.058448;0.127188;-3.58498
22.23;207.024;-0.0832845;0.0599637;0.126592;-3.61249
31.0555;207.024;0.00173202;0.0640855;0.119335;-3.58234
39.8809;207.024;0.0396905;0.0699739;0.108939;-3.49015
48.7064;207.024;0.0246193;0.0730776;0.0974731;-3.34144
57.5318;207.024;-0.0306136;0.0732703;0.0883367;-3.12993
66.3573;207.024;-0.0857333;0.0731638;0.0879456;-2.89303
75.1828;207.024;-0.119264;0.0716851;0.0885302;-2.63256
84.0082;207.024;-0.122125;0.0674338;0.0828856;-2.34212
92.8337;207.024;-0.102492;0.0633164;0.0692323;-2.00966
-110.152;198.199;0.893724;0.018273;0.0427524;-1.49662
-101.326;198.199;0.790244;0.0124325;0.0569522;-1.93733
-92.5009;198.199;0.684541;0.00243371;0.0749448;-2.37651
-83.6754;198.199;0.63034;-0.00657493;0.0911405;-2.79954
-74.85;198.199;0.540479;-0.000579146;0.100728;-3.17611
-66.0245;198.199;0.373743;0.0149622;0.102884;-3.43782
-57.1991;198.199;0.150043;0.0278266;0.11104;-3.62894
-48.3736;198.199;0.108936;0.0260915;0.119505;-3.86568
-39.5482;198.199;0.0654755;0.0281151;0.125211;-4.05667
-30.7227;198.199;-0.178439;0.0333175;0.138006;-4.10044
-21.8972;198.199;-0.383967;0.0362131;0.138055;-4.07949
-13.0718;198.199;-0.404249;0.0436708;0.12812;-4.16339
-4.24634;198.199;-0.259576;0.0506052;0.117426;-4.31103
4.57912;198.199;-0.149092;0.0553787;0.124681;-4.46055
13.4046;198.199;-0.0598719;0.0595631;0.137572;-4.56514
22.23;198.199;0.00467943;0.0638224;0.140626;-4.59119
31.0555;198.199;0.0444207;0.0693405;0.13574;-4.54077
39.8809;198.199;0.062254;0.0758259;0.126318;-4.43196
48.7064;198.199;0.0619776;0.0799832;0.115837;-4.28172
57.5318;198.199;0.0215814;0.0813565;0.107223;-4.07453
66.3573;198.199;-0.0206234;0.0837136;0.106026;-3.83725
75.1828;198.199;-0.044663;0.0841297;0.10413;-3.56754
84.0082;198.199;-0.0387745;0.0810923;0.0980359;-3.25955
92.8337;198.199;-0.0265803;0.0752975;0.0874777;-2.91927
101.659;198.199;-0.010551;0.0711954;0.0733955;-2.53548
110.485;198.199;0.0169507;0.0653958;0.0560694;-2.12633
-110.152;189.373;0.930837;0.00483274;0.0538508;-2.35355
-101.326;189.373;0.892086;0.000786594;0.0612016;-2.83051
-92.5009;189.373;0.791371;-0.00948613;0.0789922;-3.2886
-83.6754;189.373;0.655952;-0.0228365;0.105713;-3.72009
-74.85;189.373;0.473169;-0.0167927;0.121206;-4.06842
-66.0245;189.373;0.255245;0.00674582;0.125372;-4.33106
-57.1991;189.373;0.0654671;0.0255061;0.124162;-4.48925
-48.3736;189.373;0.000737889;0.0250481;0.130892;-4.71141
-39.5482;189.373;0.0191545;0.0286526;0.131461;-4.96283
-30.7227;189.373;-0.0364448;0.0350431;0.138837;-5.15132
-21.8972;189.373;-0.082711;0.0410589;0.139449;-5.27141
-13.0718;189.373;-0.0487373;0.0490825;0.132837;-5.39488
-4.24634;189.373;0.0601943;0.0566328;0.125269;-5.51634
4.57912;189.373;0.120273;0.0617964;0.13105;-5.60662
13.4046;189.373;0.149755;0.0651579;0.142653;-5.64271
22.23;189.373;0.152561;0.0691386;0.148056;-5.61459
31.0555;189.373;0.146051;0.0744137;0.145273;-5.52772
39.8809;189.373;0.144224;0.0801352;0.136885;-5.39698
48.7064;189.373;0.148461;0.0840025;0.128431;-5.2363
57.5318;189.373;0.119586;0.0868284;0.122171;-5.02712
66.3573;189.373;0.0844441;0.0913392;0.118603;-4.78095
75.1828;189.373;0.0629578;0.0939256;0.114049;-4.49863
84.0082;189.373;0.0600902;0.0922999;0.107224;-4.18182
92.8337;189.373;0.0644549;0.0868757;0.0995336;-3.83163
101.659;189.373;0.0664289;0.0818475;0.088301;-3.4366
110.485;189.373;0.0848117;0.0772784;0.0715143;-2.99716
119.31;189.373;0.124769;0.069694;0.0511909;-2.54797
128.135;189.373;0.179572;0.0586545;0.0326211;-2.07446
136.961;189.373;0.201108;0.0434998;0.0131309;-1.54001
-127.803;180.548;1.05846;0.00411627;0.0307824;-2.11906
-118.977;180.548;0.997956;-0.00626374;0.0467036;-2.64122
-110.152;180.548;0.970836;-0.0115516;0.0597252;-3.15453
-101.326;180.548;0.96254;-0.017057;0.0669916;-3.63314
-92.5009;180.548;0.807726;-0.0266368;0.0909537;-4.07038
-83.6754;180.548;0.539784;-0.0405915;0.129163;-4.45176
-74.85;180.548;0.348888;-0.0305899;0.146071;-4.83123
-66.0245;180.548;0.265878;-9.42933e-05;0.137958;-5.20834
-57.1991;180.548;0.201836;0.0222687;0.125377;-5.44418
-48.3736;180.548;0.0658138;0.0221768;0.135753;-5.67085
-39.5482;180.548;0.0982304;0.022873;0.135194;-5.91549
-30.7227;180.548;0.155431;0.0288572;0.136424;-6.15688
-21.8972;180.548;0.209804;0.0359383;0.136471;-6.34675
-13.0718;180.548;0.26204;0.0438627;0.134614;-6.4924
-4.24634;180.548;0.305143;0.0517546;0.133285;-6.58724
4.57912;180.548;0.300953;0.0585708;0.139235;-6.62233
13.4046;180.548;0.280497;0.064897;0.150941;-6.61667
22.23;180.548;0.257491;0.0708395;0.15783;-6.56969
31.0555;180.548;0.245243;0.0773983;0.155632;-6.48024
39.8809;180.548;0.246722;0.0836318;0.147292;-6.34957
48.7064;180.548;0.251238;0.0874214;0.140554;-6.18105
57.5318;180.548;0.224418;0.0906969;0.136551;-5.96424
66.3573;180.548;0.193296;0.0956691;0.131911;-5.7091
75.1828;180.548;0.177118;0.0993573;0.126477;-5.42005
84.0082;180.548;0.172933;0.0997749;0.120925;-5.09516
92.8337;180.548;0.161004;0.096895;0.11598;-4.72847
101.659;180.548;0.133258;0.0934876;0.107479;-4.30707
110.485;180.548;0.128493;0.0867068;0.0901471;-3.84247
119.31;180.548;0.152883;0.0779971;0.0694621;-3.3614
128.135;180.548;0.207737;0.0694634;0.0496997;-2.87608
136.961;180.548;0.270701;0.0585665;0.0322782;-2.38337
145.786;180.548;0.262011;0.0467747;0.0110492;-1.80694
154.612;180.548;0.195857;0.029235;-0.0139721;-1.14405
-136.628;171.722;1.14351;-0.00643655;0.0353586;-2.33413
-127.803;171.722;1.06686;-0.0145029;0.0469973;-2.88173
-118.977;171.722;0.968487;-0.0248741;0.0631396;-3.42136
-110.152;171.722;0.91058;-0.0338371;0.0799442;-3.9482
-101.326;171.722;0.8803;-0.0397949;0.0899859;-4.42781
-92.5009;171.722;0.628931;-0.0510413;0.123965;-4.83236
-83.6754;171.722;0.300046;-0.0621344;0.167301;-5.21309
-74.85;171.722;0.291085;-0.0453046;0.171139;-5.64951
-66.0245;171.722;0.460908;-0.0086131;0.141355;-6.1247
-57.1991;171.722;0.522507;0.0166865;0.119512;-6.44931
-48.3736;171.722;0.364773;0.0170944;0.13392;-6.69121
-39.5482;171.722;0.305224;0.0197333;0.145176;-6.90771
-30.7227;171.722;0.324616;0.027854;0.151216;-7.12278
-21.8972;171.722;0.359439;0.034992;0.153885;-7.30127
-13.0718;171.722;0.375868;0.0415227;0.155484;-7.4313
-4.24634;171.722;0.361798;0.0490953;0.156944;-7.50085
4.57912;171.722;0.320094;0.0579227;0.159371;-7.50765
13.4046;171.722;0.294483;0.0660714;0.168146;-7.49217
22.23;171.722;0.285953;0.0737263;0.174798;-7.45673
31.0555;171.722;0.301115;0.0819335;0.173358;-7.38812
39.8809;171.722;0.327054;0.0895945;0.166098;-7.27464
48.7064;171.722;0.33724;0.0945864;0.160858;-7.10921
57.5318;171.722;0.313679;0.0988463;0.157896;-6.89048
66.3573;171.722;0.294204;0.10341;0.152257;-6.6355
75.1828;171.722;0.291278;0.106346;0.144931;-6.34436
84.0082;171.722;0.287603;0.107173;0.1385;-6.00762
92.8337;171.722;0.25443;0.106699;0.134176;-5.61422
101.659;171.722;0.190846;0.10665;0.125851;-5.15977
110.485;171.722;0.172383;0.101244;0.106564;-4.67318
119.31;171.722;0.185627;0.0930254;0.0853844;-4.17221
128.135;171.722;0.211511;0.0834778;0.0680933;-3.66008
136.961;171.722;0.236322;0.0741138;0.0533879;-3.13666
145.786;171.722;0.31376;0.0602346;0.0346193;-2.60039
154.612;171.722;0.23832;0.0504638;0.0129935;-1.952
163.437;171.722;0.0883176;0.0376165;-0.000581757;-1.2667
-145.454;162.897;1.15461;-0.0132423;0.0409919;-2.45137
-136.628;162.897;1.13588;-0.0207055;0.0508037;-3.04774
-127.803;162.897;1.0774;-0.026899;0.062983;-3.6306
-118.977;162.897;0.980421;-0.0369687;0.0796079;-4.17281
-110.152;162.897;0.914287;-0.0473148;0.0967535;-4.70945
-101.326;162.897;0.871911;-0.0554845;0.108131;-5.19817
-92.5009;162.897;0.650106;-0.0666785;0.139383;-5.64177
-83.6754;162.897;0.420197;-0.071438;0.170049;-6.06244
-74.85;162.897;0.58986;-0.0482601;0.16096;-6.55035
-66.0245;162.897;0.807345;-0.011453;0.126819;-7.03603
-57.1991;162.897;0.779558;0.0127759;0.113417;-7.39745
-48.3736;162.897;0.601513;0.0147172;0.135284;-7.64055
-39.5482;162.897;0.529642;0.0195595;0.152967;-7.8459
-30.7227;162.897;0.517672;0.028674;0.16519;-8.03702
-21.8972;162.897;0.500015;0.0367915;0.173399;-8.19392
-13.0718;162.897;0.463971;0.043996;0.178261;-8.30442
-4.24634;162.897;0.419105;0.0518517;0.180101;-8.36208
4.57912;162.897;0.379074;0.0615246;0.180153;-8.37489
13.4046;162.897;0.364858;0.0699477;0.185058;-8.37306
22.23;162.897;0.363894;0.0788768;0.189743;-8.34407
31.0555;162.897;0.384962;0.0882189;0.189837;-8.28142
39.8809;162.897;0.419324;0.0964257;0.186801;-8.17916
48.7064;162.897;0.442699;0.101493;0.185575;-8.02387
57.5318;162.897;0.421008;0.106506;0.181793;-7.80033
66.3573;162.897;0.389526;0.111701;0.173976;-7.53343
75.1828;162.897;0.377531;0.114749;0.165335;-7.23199
84.0082;162.897;0.368036;0.11575;0.157654;-6.88329
92.8337;162.897;0.330358;0.115905;0.150571;-6.47095
101.659;162.897;0.260863;0.118183;0.140468;-5.9983
110.485;162.897;0.26187;0.11466;0.120045;-5.52144
119.31;162.897;0.299042;0.107297;0.0981184;-5.03164
128.135;162.897;0.344955;0.0977694;0.0798761;-4.52216
136.961;162.897;0.382717;0.0869851;0.0634455;-3.98777
145.786;162.897;0.416761;0.074867;0.0442294;-3.41995
154.612;162.897;0.332867;0.0647529;0.0278746;-2.75078
163.437;162.897;0.230206;0.0547452;0.0225205;-2.06702
-163.105;154.071;1.20252;0.00491921;0.0256342;-1.78732
-154.279;154.071;1.13906;-0.0120505;0.0421984;-2.46318
-145.454;154.071;1.11547;-0.024298;0.0560066;-3.11985
-136.628;154.071;1.12115;-0.0281668;0.0637879;-3.74428
-127.803;154.071;1.08164;-0.0333272;0.0771968;-4.34152
-118.977;154.071;1.01224;-0.0421598;0.0929887;-4.90558
-110.152;154.071;0.97436;-0.0527448;0.106942;-5.45837
-101.326;154.071;0.972763;-0.0615226;0.113843;-5.98727
-92.5009;154.071;0.860946;-0.0684811;0.131081;-6.48944
-83.6754;154.071;0.790592;-0.0648057;0.14378;-6.95325
-74.85;154.071;0.89014;-0.0410343;0.138694;-7.47146
-66.0245;154.071;0.954122;-0.0121853;0.121352;-7.90793
-57.1991;154.071;0.857777;0.00639259;0.119826;-8.23493
-48.3736;154.071;0.692038;0.0105132;0.140872;-8.46846
-39.5482;154.071;0.652509;0.016605;0.15937;-8.68855
-30.7227;154.071;0.644239;0.0250578;0.175096;-8.88729
-21.8972;154.071;0.627721;0.0330316;0.187238;-9.05221
-13.0718;154.071;0.58993;0.0413341;0.194534;-9.16683
-4.24634;154.071;0.53875;0.0508349;0.197305;-9.22438
4.57912;154.071;0.495007;0.0626169;0.198095;-9.24715
13.4046;154.071;0.479858;0.0715856;0.201356;-9.25189
22.23;154.071;0.456536;0.0821866;0.203743;-9.21036
31.0555;154.071;0.446423;0.0933748;0.203957;-9.1277
39.8809;154.071;0.455528;0.103252;0.203367;-9.01465
48.7064;154.071;0.466134;0.109024;0.204698;-8.85458
57.5318;154.071;0.427753;0.114483;0.201902;-8.61609
66.3573;154.071;0.381533;0.120239;0.19479;-8.33855
75.1828;154.071;0.375794;0.124216;0.185986;-8.03995
84.0082;154.071;0.389735;0.12662;0.176015;-7.70089
92.8337;154.071;0.385538;0.127028;0.164389;-7.29371
101.659;154.071;0.349303;0.128083;0.153146;-6.82568
110.485;154.071;0.367342;0.123932;0.13589;-6.35634
119.31;154.071;0.416055;0.117043;0.115576;-5.87046
128.135;154.071;0.460767;0.108291;0.0948852;-5.34904
136.961;154.071;0.471651;0.0982696;0.0743958;-4.78074
145.786;154.071;0.468605;0.0866518;0.0542347;-4.17824
154.612;154.071;0.397623;0.0756787;0.0384391;-3.51211
163.437;154.071;0.311385;0.0659635;0.0308942;-2.80499
172.263;154.071;0.253158;0.0556402;0.0295999;-2.11187
181.088;154.071;0.265392;0.0422651;0.0298093;-1.39252
-171.93;145.246;1.12975;0.0111837;0.0203169;-1.68772
-163.105;145.246;1.1641;-0.00394436;0.0344991;-2.39951
-154.279;145.246;1.11817;-0.0198832;0.0498298;-3.0961
-145.454;145.246;1.09692;-0.0304207;0.0634016;-3.76741
-136.628;145.246;1.09647;-0.0360774;0.0745298;-4.41192
-127.803;145.246;1.06622;-0.0414977;0.0878768;-5.02988
-118.977;145.246;1.0209;-0.0492935;0.100876;-5.61203
-110.152;145.246;0.999578;-0.0591171;0.111267;-6.18458
-101.326;145.246;1.01174;-0.0670704;0.116329;-6.74627
-92.5009;145.246;0.99025;-0.0696671;0.12401;-7.28665
-83.6754;145.246;0.99117;-0.0605644;0.12885;-7.77815
-74.85;145.246;1.00651;-0.0418528;0.127328;-8.24194
-66.0245;145.246;0.966159;-0.0213611;0.123104;-8.63668
-57.1991;145.246;0.852637;-0.00599391;0.127409;-8.94914
-48.3736;145.246;0.72729;0.00178044;0.143332;-9.19019
-39.5482;145.246;0.702204;0.00903846;0.16087;-9.43857
-30.7227;145.246;0.69207;0.0172913;0.178282;-9.65813
-21.8972;145.246;0.674958;0.0260825;0.193112;-9.84359
-13.0718;145.246;0.632476;0.0372258;0.203356;-9.97447
-4.24634;145.246;0.57001;0.0500483;0.209623;-10.0353
4.57912;145.246;0.513373;0.0644032;0.214122;-10.0564
13.4046;145.246;0.489802;0.0738326;0.218449;-10.0561
22.23;145.246;0.459978;0.0843946;0.219081;-10.0047
31.0555;145.246;0.436727;0.0958855;0.217458;-9.90773
39.8809;145.246;0.426509;0.107422;0.216108;-9.78229
48.7064;145.246;0.420906;0.115119;0.217354;-9.60981
57.5318;145.246;0.390984;0.120407;0.216668;-9.36946
66.3573;145.246;0.366716;0.126534;0.212398;-9.09772
75.1828;145.246;0.38773;0.13243;0.204787;-8.81483
84.0082;145.246;0.431634;0.137519;0.193289;-8.49816
92.8337;145.246;0.465293;0.138482;0.178303;-8.112
101.659;145.246;0.471788;0.137569;0.166155;-7.6646
110.485;145.246;0.488642;0.133003;0.152574;-7.19238
119.31;145.246;0.512269;0.127786;0.134614;-6.68655
128.135;145.246;0.525369;0.120905;0.113157;-6.13486
136.961;145.246;0.514664;0.110927;0.0905377;-5.53387
145.786;145.246;0.494587;0.0988228;0.0692326;-4.90428
154.612;145.246;0.443393;0.0873178;0.0497486;-4.22697
163.437;145.246;0.374303;0.0760726;0.0372269;-3.52167
172.263;145.246;0.309826;0.0643342;0.0283387;-2.78768
181.088;145.246;0.303764;0.0505572;0.0268907;-2.07189
189.914;145.246;0.257625;0.0339696;0.0169764;-1.27767
-171.93;136.421;1.1272;0.00672391;0.0282941;-2.26011
-163.105;136.421;1.13201;-0.00886017;0.0398799;-2.99917
-154.279;136.421;1.10889;-0.0244188;0.0549746;-3.70755
-145.454;136.421;1.0897;-0.0364959;0.0703331;-4.39343
-136.628;136.421;1.06611;-0.0459258;0.0835444;-5.05451
-127.803;136.421;1.03453;-0.0528485;0.0943638;-5.68441
-118.977;136.421;1.00021;-0.0593759;0.103012;-6.27898
-110.152;136.421;0.976495;-0.0665885;0.110715;-6.85568
-101.326;136.421;0.973718;-0.072138;0.117132;-7.41806
-92.5009;136.421;0.979882;-0.0716082;0.123077;-7.95432
-83.6754;136.421;0.971124;-0.0617575;0.129963;-8.44496
-74.85;136.421;0.960534;-0.0482837;0.132244;-8.89587
-66.0245;136.421;0.908822;-0.0335823;0.133189;-9.28524
-57.1991;136.421;0.818984;-0.0196692;0.138377;-9.61129
-48.3736;136.421;0.735081;-0.00839444;0.15061;-9.88958
-39.5482;136.421;0.699776;-0.000312343;0.166584;-10.1535
-30.7227;136.421;0.670017;0.00926345;0.184178;-10.3802
-21.8972;136.421;0.632726;0.0193891;0.200357;-10.566
-13.0718;136.421;0.570894;0.0322577;0.212386;-10.6937
-4.24634;136.421;0.492476;0.0473095;0.221455;-10.7521
4.57912;136.421;0.426974;0.0636352;0.229827;-10.7705
13.4046;136.421;0.408886;0.0750625;0.235529;-10.7763
22.23;136.421;0.403583;0.0863959;0.23458;-10.7407
31.0555;136.421;0.398919;0.098364;0.23039;-10.6547
39.8809;136.421;0.388089;0.111671;0.226669;-10.5283
48.7064;136.421;0.371371;0.122839;0.225558;-10.3497
57.5318;136.421;0.35706;0.130513;0.22571;-10.1192
66.3573;136.421;0.363845;0.137988;0.223663;-9.85323
75.1828;136.421;0.389822;0.145928;0.217262;-9.56187
84.0082;136.421;0.420866;0.153121;0.205667;-9.2308
92.8337;136.421;0.450837;0.154501;0.190234;-8.83834
101.659;136.421;0.486847;0.151965;0.177278;-8.4087
110.485;136.421;0.498685;0.147956;0.164569;-7.93134
119.31;136.421;0.494235;0.144738;0.148099;-7.40263
128.135;136.421;0.489489;0.139424;0.128365;-6.83325
136.961;136.421;0.490531;0.129066;0.106495;-6.22865
145.786;136.421;0.47703;0.115862;0.0839319;-5.58739
154.612;136.421;0.443659;0.102919;0.0610592;-4.89639
163.437;136.421;0.383422;0.0913756;0.0444302;-4.17326
172.263;136.421;0.319043;0.0767966;0.0313954;-3.42629
181.088;136.421;0.290374;0.0580287;0.0205809;-2.67612
189.914;136.421;0.275553;0.0428837;0.0144496;-1.8918
-180.755;127.595;1.15316;0.0229435;0.0237225;-2.0529
-171.93;127.595;1.12186;0.00673479;0.0330676;-2.80326
-163.105;127.595;1.08813;-0.0134692;0.0492028;-3.56492
-154.279;127.595;1.07622;-0.0298384;0.0636856;-4.29248
-145.454;127.595;1.05949;-0.0449657;0.0806061;-4.99961
-136.628;127.595;1.02683;-0.0573416;0.0951993;-5.67933
-127.803;127.595;0.996568;-0.0652087;0.102966;-6.32316
-118.977;127.595;0.965194;-0.0699068;0.107238;-6.93055
-110.152;127.595;0.938294;-0.0731513;0.11292;-7.51261
-101.326;127.595;0.926748;-0.0744822;0.121;-8.07226
-92.5009;127.595;0.912986;-0.0704265;0.128696;-8.60098
-83.6754;127.595;0.881609;-0.0615851;0.137463;-9.09091
-74.85;127.595;0.858373;-0.0521508;0.142037;-9.54086
-66.0245;127.595;0.820977;-0.041688;0.146204;-9.93573
-57.1991;127.595;0.76378;-0.0307312;0.15431;-10.2759
-48.3736;127.595;0.702799;-0.0203726;0.168026;-10.5784
-39.5482;127.595;0.660219;-0.0110646;0.182247;-10.859
-30.7227;127.595;0.610662;0.00266509;0.198304;-11.0929
-21.8972;127.595;0.553821;0.0164399;0.213616;-11.2794
-13.0718;127.595;0.477661;0.0308867;0.224986;-11.4033
-4.24634;127.595;0.395245;0.0463189;0.234741;-11.4631
4.57912;127.595;0.339587;0.063653;0.244349;-11.4924
13.4046;127.595;0.347598;0.0775026;0.249115;-11.507
22.23;127.595;0.371056;0.0907747;0.245963;-11.4848
31.0555;127.595;0.389171;0.103855;0.239732;-11.411
39.8809;127.595;0.38246;0.117802;0.233688;-11.2807
48.7064;127.595;0.348047;0.131298;0.230129;-11.0849
57.5318;127.595;0.304717;0.143288;0.228705;-10.8296
66.3573;127.595;0.293317;0.152635;0.226981;-10.5304
75.1828;127.595;0.271681;0.161006;0.221207;-10.1797
84.0082;127.595;0.21958;0.16784;0.210806;-9.76343
92.8337;127.595;0.172103;0.170148;0.19858;-9.30509
101.659;127.595;0.20512;0.167279;0.18547;-8.86898
110.485;127.595;0.236273;0.164354;0.171243;-8.40259
119.31;127.595;0.257112;0.162997;0.154828;-7.89354
128.135;127.595;0.297355;0.15923;0.137082;-7.36257
136.961;127.595;0.355407;0.150063;0.116361;-6.80476
145.786;127.595;0.367758;0.136104;0.0927833;-6.17215
154.612;127.595;0.339977;0.121696;0.0697707;-5.46918
163.437;127.595;0.29198;0.109062;0.0529596;-4.73787
172.263;127.595;0.250485;0.0938939;0.0385233;-3.98868
181.088;127.595;0.236302;0.0751616;0.0260002;-3.23223
189.914;127.595;0.200733;0.0590212;0.0206539;-2.45776
198.739;127.595;0.158688;0.0421011;0.00936885;-1.62851
207.565;127.595;0.395024;0.0193214;-0.0146162;-0.766296
-189.581;118.77;1.1177;0.0297196;0.023043;-1.79833
-180.755;118.77;1.09406;0.016666;0.0311895;-2.56554
-171.93;118.77;1.07296;-0.00196761;0.0470275;-3.3512
-163.105;118.77;1.03285;-0.0215037;0.0629184;-4.11163
-154.279;118.77;1.02052;-0.0379432;0.0757036;-4.85684
-145.454;118.77;1.01285;-0.0530897;0.0902658;-5.58209
-136.628;118.77;0.984;-0.0667068;0.1057;-6.28151
-127.803;118.77;0.957453;-0.0748432;0.112274;-6.9404
-118.977;118.77;0.929682;-0.0792104;0.114596;-7.56324
-110.152;118.77;0.912249;-0.0809964;0.119408;-8.15927
-101.326;118.77;0.912634;-0.0791321;0.127433;-8.72191
-92.5009;118.77;0.882581;-0.0724402;0.135387;-9.24441
-83.6754;118.77;0.814427;-0.0658569;0.144782;-9.7366
-74.85;118.77;0.763848;-0.0588925;0.151524;-10.189
-66.0245;118.77;0.720896;-0.0506272;0.160196;-10.5928
-57.1991;118.77;0.6755;-0.041937;0.173539;-10.9508
-48.3736;118.77;0.631181;-0.0334775;0.190336;-11.2767
-39.5482;118.77;0.602716;-0.0241883;0.203345;-11.5755
-30.7227;118.77;0.572688;-0.00775393;0.21491;-11.8196
-21.8972;118.77;0.530896;0.00929733;0.225885;-12.0138
-13.0718;118.77;0.466832;0.0252849;0.234171;-12.1468
-4.24634;118.77;0.403245;0.0401259;0.242436;-12.222
4.57912;118.77;0.370627;0.0566778;0.251255;-12.2696
13.4046;118.77;0.374062;0.07304;0.25522;-12.2794
22.23;118.77;0.36351;0.0899048;0.251493;-12.2315
31.0555;118.77;0.345104;0.104761;0.244681;-12.1254
39.8809;118.77;0.30355;0.12093;0.238289;-11.9636
48.7064;118.77;0.212627;0.136732;0.234056;-11.705
57.5318;118.77;0.0569061;0.154341;0.231394;-11.3495
66.3573;118.77;-0.0638853;0.168048;0.228127;-10.9588
75.1828;118.77;-0.112906;0.175977;0.219202;-10.5674
84.0082;118.77;-0.248958;0.186827;0.207217;-10.0889
92.8337;118.77;-0.43769;0.188778;0.195279;-9.50179
101.659;118.77;-0.480699;0.187501;0.181561;-8.98591
110.485;118.77;-0.40146;0.184379;0.168424;-8.54213
119.31;118.77;-0.283466;0.182765;0.154707;-8.10971
128.135;118.77;-0.128544;0.178433;0.139573;-7.6709
136.961;118.77;0.0234528;0.171229;0.119439;-7.19182
145.786;118.77;0.0739788;0.156799;0.0959839;-6.57831
154.612;118.77;0.0753081;0.141624;0.0741335;-5.88937
163.437;118.77;0.0755436;0.127779;0.0582434;-5.18322
172.263;118.77;0.0921696;0.114435;0.0453427;-4.47337
181.088;118.77;0.121932;0.0988059;0.0342136;-3.74898
189.914;118.77;0.119876;0.080371;0.0259364;-2.98141
198.739;118.77;0.109778;0.0612248;0.0186465;-2.16482
207.565;118.77;0.316742;0.0353536;0.00281111;-1.31883
-189.581;109.944;1.03243;0.0120091;0.0334456;-2.29054
-180.755;109.944;0.999407;0.00124116;0.0443969;-3.06875
-171.93;109.944;0.996469;-0.0134901;0.0597609;-3.86124
-163.105;109.944;0.967239;-0.0308724;0.0736717;-4.63845
-154.279;109.944;0.957578;-0.0460953;0.0834098;-5.40286
-145.454;109.944;0.960721;-0.0599155;0.0942641;-6.14649
-136.628;109.944;0.94335;-0.0751007;0.109918;-6.86604
-127.803;109.944;0.909488;-0.0857566;0.119529;-7.53839
-118.977;109.944;0.87243;-0.0922052;0.124333;-8.17704
-110.152;109.944;0.854059;-0.094686;0.129483;-8.79067
-101.326;109.944;0.853912;-0.0923627;0.137166;-9.36763
-92.5009;109.944;0.819751;-0.085323;0.144486;-9.893
-83.6754;109.944;0.757376;-0.081462;0.151588;-10.3933
-74.85;109.944;0.706286;-0.0752358;0.156451;-10.8532
-66.0245;109.944;0.658474;-0.0650723;0.165012;-11.2648
-57.1991;109.944;0.619952;-0.0548971;0.181135;-11.6366
-48.3736;109.944;0.595885;-0.0464356;0.201191;-11.9816
-39.5482;109.944;0.576766;-0.0358906;0.214151;-12.2888
-30.7227;109.944;0.550944;-0.0185069;0.223127;-12.5415
-21.8972;109.944;0.514533;0.000464052;0.23153;-12.7453
-13.0718;109.944;0.461198;0.0178887;0.238347;-12.8928
-4.24634;109.944;0.411489;0.0330847;0.24561;-12.9853
4.57912;109.944;0.383619;0.049475;0.253725;-13.0442
13.4046;109.944;0.367311;0.0669821;0.258569;-13.0501
22.23;109.944;0.326019;0.0838008;0.256931;-12.9864
31.0555;109.944;0.278331;0.0968501;0.251387;-12.8574
39.8809;109.944;0.210469;0.116737;0.244109;-12.6758
48.7064;109.944;0.104359;0.143165;0.237798;-12.4082
57.5318;109.944;-0.0354433;0.171197;0.232638;-12.058
66.3573;109.944;-0.095118;0.18697;0.228446;-11.7148
75.1828;109.944;-0.0761973;0.194255;0.214166;-11.3907
84.0082;109.944;-0.205945;0.208364;0.193114;-10.9182
92.8337;109.944;-0.454149;0.209628;0.179758;-10.2387
101.659;109.944;-0.62332;0.208094;0.167636;-9.58977
110.485;109.944;-0.607741;0.204016;0.155799;-9.06393
119.31;109.944;-0.510044;0.20106;0.144254;-8.59971
128.135;109.944;-0.349533;0.194516;0.132142;-8.14627
136.961;109.944;-0.175447;0.188977;0.116311;-7.67556
145.786;109.944;-0.0669494;0.177311;0.100981;-7.10389
154.612;109.944;-0.01631;0.163206;0.0827489;-6.44673
163.437;109.944;0.0320889;0.147758;0.0655236;-5.75539
172.263;109.944;0.0823051;0.133395;0.0521825;-5.04988
181.088;109.944;0.125678;0.118795;0.0430439;-4.32573
189.914;109.944;0.154805;0.100313;0.0357117;-3.56308
198.739;109.944;0.163803;0.0777233;0.0290397;-2.76206
207.565;109.944;0.290216;0.0513561;0.0121143;-1.88798
-198.406;101.119;1.147;0.0216705;0.0240608;-1.98683
-189.581;101.119;1.04388;0.00653878;0.0367899;-2.7781
-180.755;101.119;0.983041;-0.00818384;0.0503762;-3.57773
-171.93;101.119;0.964203;-0.0242031;0.0636168;-4.37413
-163.105;101.119;0.938417;-0.0412467;0.0759455;-5.16859
-154.279;101.119;0.926309;-0.0564651;0.0858677;-5.95135
-145.454;101.119;0.917144;-0.0707875;0.0957159;-6.70885
-136.628;101.119;0.881806;-0.0873766;0.110124;-7.43703
-127.803;101.119;0.821768;-0.0998295;0.120067;-8.11054
-118.977;101.119;0.766645;-0.107632;0.125813;-8.75288
-110.152;101.119;0.74933;-0.110677;0.131605;-9.37973
-101.326;101.119;0.76738;-0.108436;0.14016;-9.98248
-92.5009;101.119;0.76512;-0.101553;0.148135;-10.5343
-83.6754;101.119;0.744013;-0.0986909;0.1534;-11.0574
-74.85;101.119;0.701561;-0.0921297;0.157429;-11.5347
-66.0245;101.119;0.647384;-0.0802378;0.165544;-11.9582
-57.1991;101.119;0.592339;-0.0670378;0.18182;-12.3346
-48.3736;101.119;0.549457;-0.0549417;0.202369;-12.6757
-39.5482;101.119;0.527716;-0.0418305;0.216144;-12.981
-30.7227;101.119;0.511535;-0.0251239;0.225387;-13.2438
-21.8972;101.119;0.489405;-0.00655997;0.234067;-13.4629
-13.0718;101.119;0.459138;0.0106902;0.242082;-13.6303
-4.24634;101.119;0.43005;0.0258552;0.250013;-13.7434
4.57912;101.119;0.408029;0.0417206;0.257763;-13.8147
13.4046;101.119;0.385235;0.0588359;0.26256;-13.8282
22.23;101.119;0.339027;0.0751948;0.262446;-13.7679
31.0555;101.119;0.281757;0.0868109;0.25806;-13.6392
39.8809;101.119;0.216035;0.111911;0.248717;-13.4678
48.7064;101.119;0.170724;0.151783;0.238213;-13.2647
57.5318;101.119;0.187875;0.191714;0.228932;-13.0399
66.3573;101.119;0.30281;0.209892;0.223364;-12.8425
75.1828;101.119;0.377268;0.219177;0.20408;-12.5768
84.0082;101.119;0.275398;0.23152;0.178504;-12.1026
92.8337;101.119;0.0372399;0.233555;0.163228;-11.408
101.659;101.119;-0.198252;0.233462;0.151686;-10.6907
110.485;101.119;-0.251137;0.22859;0.140122;-10.0888
119.31;101.119;-0.217901;0.225859;0.129997;-9.54708
128.135;101.119;-0.134608;0.221054;0.121209;-9.00689
136.961;101.119;-0.0351562;0.215331;0.111278;-8.4491
145.786;101.119;0.0491776;0.204412;0.102925;-7.84281
154.612;101.119;0.0974265;0.190465;0.0895602;-7.16926
163.437;101.119;0.145832;0.173765;0.0725218;-6.45241
172.263;101.119;0.175609;0.157547;0.0568017;-5.70519
181.088;101.119;0.177583;0.142381;0.0451906;-4.9323
189.914;101.119;0.176825;0.123535;0.0350411;-4.12894
198.739;101.119;0.221702;0.0957096;0.0254626;-3.29916
207.565;101.119;0.282995;0.0669221;0.0128759;-2.41032
-198.406;92.2933;1.18437;0.0269339;0.0204663;-2.44947
-189.581;92.2933;1.07497;0.0124763;0.0331183;-3.2597
-180.755;92.2933;0.998286;-0.011125;0.0497675;-4.07004
-171.93;92.2933;0.968392;-0.0318668;0.0628581;-4.87817
-163.105;92.2933;0.945304;-0.0498968;0.0744377;-5.68562
-154.279;92.2933;0.914747;-0.0661597;0.0867005;-6.47833
-145.454;92.2933;0.871873;-0.0815167;0.0982656;-7.24237
-136.628;92.2933;0.808397;-0.0982267;0.110017;-7.97278
-127.803;92.2933;0.736524;-0.111598;0.116464;-8.65328
-118.977;92.2933;0.687129;-0.1209;0.122511;-9.31533
-110.152;92.2933;0.680305;-0.124845;0.130355;-9.96332
-101.326;92.2933;0.707287;-0.122564;0.140819;-10.5907
-92.5009;92.2933;0.729098;-0.115069;0.150575;-11.1782
-83.6754;92.2933;0.727188;-0.109998;0.157169;-11.7287
-74.85;92.2933;0.698585;-0.102173;0.163298;-12.2246
-66.0245;92.2933;0.649578;-0.0902869;0.171812;-12.6585
-57.1991;92.2933;0.584156;-0.0759357;0.18618;-13.034
-48.3736;92.2933;0.523727;-0.0606234;0.20411;-13.3735
-39.5482;92.2933;0.499115;-0.0452877;0.218431;-13.6864
-30.7227;92.2933;0.497649;-0.0294299;0.229308;-13.97
-21.8972;92.2933;0.489067;-0.0111175;0.239724;-14.2089
-13.0718;92.2933;0.473797;0.00666258;0.249446;-14.3937
-4.24634;92.2933;0.45855;0.022145;0.258501;-14.5228
4.57912;92.2933;0.44347;0.0375007;0.266025;-14.6023
13.4046;92.2933;0.419474;0.0548789;0.268853;-14.6193
22.23;92.2933;0.379548;0.0719344;0.267107;-14.5661
31.0555;92.2933;0.32535;0.0855381;0.262719;-14.4478
39.8809;92.2933;0.261383;0.119094;0.250277;-14.2858
48.7064;92.2933;0.258426;0.170657;0.232255;-14.1234
57.5318;92.2933;0.387234;0.21848;0.213903;-13.9884
66.3573;92.2933;0.623477;0.237356;0.202037;-13.8895
75.1828;92.2933;0.720206;0.247201;0.180951;-13.6292
84.0082;92.2933;0.663598;0.254145;0.161054;-13.1535
92.8337;92.2933;0.501468;0.256001;0.14836;-12.5124
101.659;92.2933;0.323976;0.255477;0.137677;-11.8283
110.485;92.2933;0.264703;0.250677;0.125394;-11.2068
119.31;92.2933;0.246117;0.249573;0.115733;-10.6006
128.135;92.2933;0.243546;0.246781;0.109126;-9.96745
136.961;92.2933;0.25272;0.240432;0.101577;-9.30895
145.786;92.2933;0.275921;0.229735;0.0953878;-8.63364
154.612;92.2933;0.295945;0.216499;0.0868706;-7.92215
163.437;92.2933;0.311817;0.200557;0.0741319;-7.16216
172.263;92.2933;0.279589;0.183931;0.0609201;-6.35082
181.088;92.2933;0.204867;0.167171;0.0503403;-5.50348
189.914;92.2933;0.163567;0.144347;0.0384176;-4.64275
198.739;92.2933;0.219303;0.113301;0.0259538;-3.78603
207.565;92.2933;0.319398;0.0835575;0.016278;-2.9279
-216.057;83.4678;1.13471;0.0167592;0.0251637;-1.12509
-207.232;83.4678;1.22884;0.0358944;0.0121702;-1.99096
-198.406;83.4678;1.18969;0.0332996;0.0164909;-2.87916
-189.581;83.4678;1.08987;0.0183181;0.0283664;-3.71164
-180.755;83.4678;1.00692;-0.0105348;0.0462606;-4.53435
-171.93;83.4678;0.969912;-0.0352537;0.0600874;-5.35127
-163.105;83.4678;0.932752;-0.0552776;0.0719861;-6.16339
-154.279;83.4678;0.868195;-0.0744573;0.0867364;-6.96364
-145.454;83.4678;0.80282;-0.0913606;0.099208;-7.73694
-136.628;83.4678;0.737767;-0.106647;0.106829;-8.4779
-127.803;83.4678;0.687491;-0.118763;0.108975;-9.18344
-118.977;83.4678;0.658431;-0.127769;0.114622;-9.87236
-110.152;83.4678;0.651069;-0.131783;0.124346;-10.5414
-101.326;83.4678;0.662353;-0.129884;0.136238;-11.1842
-92.5009;83.4678;0.683476;-0.123816;0.145348;-11.7907
-83.6754;83.4678;0.679468;-0.117085;0.153577;-12.352
-74.85;83.4678;0.662418;-0.107803;0.163041;-12.8587
-66.0245;83.4678;0.631809;-0.0959112;0.173519;-13.3116
-57.1991;83.4678;0.582505;-0.0811615;0.186315;-13.7142
-48.3736;83.4678;0.533435;-0.0650831;0.201935;-14.0794
-39.5482;83.4678;0.515732;-0.0499296;0.217071;-14.4178
-30.7227;83.4678;0.521203;-0.0348002;0.228902;-14.7214
-21.8972;83.4678;0.51276;-0.0161686;0.239178;-14.9646
-13.0718;83.4678;0.490002;0.00315274;0.249132;-15.1468
-4.24634;83.4678;0.471441;0.0200508;0.259461;-15.2774
4.57912;83.4678;0.45748;0.0363752;0.26764;-15.3581
13.4046;83.4678;0.43093;0.0556413;0.268816;-15.3734
22.23;83.4678;0.400648;0.0736608;0.26365;-15.3258
31.0555;83.4678;0.362231;0.0937081;0.256835;-15.2186
39.8809;83.4678;0.290612;0.137021;0.240209;-15.0365
48.7064;83.4678;0.254512;0.192396;0.214231;-14.8153
57.5318;83.4678;0.330559;0.236912;0.186279;-14.6113
66.3573;83.4678;0.515635;0.253104;0.166622;-14.4569
75.1828;83.4678;0.601666;0.266614;0.149652;-14.1833
84.0082;83.4678;0.587479;0.275994;0.141171;-13.7458
92.8337;83.4678;0.540979;0.279306;0.13631;-13.207
101.659;83.4678;0.517455;0.276819;0.127462;-12.63
110.485;83.4678;0.51399;0.273364;0.113155;-12.0383
119.31;83.4678;0.475877;0.273949;0.102049;-11.4099
128.135;83.4678;0.439115;0.271036;0.0943189;-10.7357
136.961;83.4678;0.419938;0.263944;0.0841142;-10.0338
145.786;83.4678;0.422525;0.253899;0.0761835;-9.31944
154.612;83.4678;0.436878;0.240811;0.0705391;-8.58247
163.437;83.4678;0.427536;0.225246;0.0637965;-7.78742
172.263;83.4678;0.334556;0.208931;0.0563563;-6.92367
181.088;83.4678;0.206021;0.191788;0.0489447;-6.02993
189.914;83.4678;0.188932;0.164904;0.0378603;-5.15987
198.739;83.4678;0.273545;0.130274;0.0229956;-4.29973
207.565;83.4678;0.415942;0.0974189;0.0103416;-3.45565
216.39;83.4678;0.529988;0.0677197;0.00415298;-2.56868
225.215;83.4678;0.556288;0.0428834;0.0104111;-1.6445
-216.057;74.6423;1.12691;0.00904875;0.0263626;-1.51485
-207.232;74.6423;1.19548;0.0334524;0.0151164;-2.39805
-198.406;74.6423;1.1683;0.0406762;0.011898;-3.27257
-189.581;74.6423;1.06752;0.0194597;0.0239113;-4.11716
-180.755;74.6423;1.00125;-0.0087568;0.0394826;-4.94971
-171.93;74.6423;0.963353;-0.0336989;0.0532192;-5.77962
-163.105;74.6423;0.902282;-0.0554851;0.0652033;-6.59653
-154.279;74.6423;0.808838;-0.078383;0.0799688;-7.41265
-145.454;74.6423;0.749486;-0.0967804;0.0899486;-8.20708
-136.628;74.6423;0.711142;-0.110622;0.0930259;-8.97375
-127.803;74.6423;0.70024;-0.120204;0.0922761;-9.71643
-118.977;74.6423;0.678856;-0.127031;0.0972929;-10.4302
-110.152;74.6423;0.645277;-0.12953;0.106447;-11.1106
-101.326;74.6423;0.6246;-0.128102;0.116329;-11.761
-92.5009;74.6423;0.635026;-0.12613;0.122733;-12.3866
-83.6754;74.6423;0.634419;-0.121997;0.132174;-12.9596
-74.85;74.6423;0.617016;-0.112797;0.143899;-13.4739
-66.0245;74.6423;0.604412;-0.0999345;0.155861;-13.9437
-57.1991;74.6423;0.585235;-0.0848428;0.167567;-14.3753
-48.3736;74.6423;0.565567;-0.0702196;0.181081;-14.7774
-39.5482;74.6423;0.56135;-0.0573897;0.195202;-15.1504
-30.7227;74.6423;0.554256;-0.0414927;0.206839;-15.4718
-21.8972;74.6423;0.531577;-0.0202698;0.219059;-15.7204
-13.0718;74.6423;0.48706;0.00208542;0.231077;-15.8906
-4.24634;74.6423;0.448874;0.0230779;0.241653;-16.0086
4.57912;74.6423;0.423362;0.0432936;0.247785;-16.0814
13.4046;74.6423;0.39967;0.06438;0.246673;-16.1037
22.23;74.6423;0.396825;0.0825937;0.240209;-16.0813
31.0555;74.6423;0.402012;0.112977;0.228249;-15.9931
39.8809;74.6423;0.3705;0.1655;0.206414;-15.8086
48.7064;74.6423;0.346608;0.219913;0.178932;-15.5551
57.5318;74.6423;0.377197;0.256441;0.152725;-15.283
66.3573;74.6423;0.454387;0.272093;0.132723;-15.0212
75.1828;74.6423;0.48965;0.287142;0.120874;-14.6876
84.0082;74.6423;0.493512;0.296176;0.118831;-14.2504
92.8337;74.6423;0.501657;0.300207;0.118033;-13.7545
101.659;74.6423;0.527678;0.299162;0.110521;-13.2184
110.485;74.6423;0.545655;0.296055;0.0966582;-12.6371
119.31;74.6423;0.508302;0.295312;0.086282;-12.0059
128.135;74.6423;0.475845;0.291828;0.0771274;-11.3357
136.961;74.6423;0.470008;0.284201;0.065448;-10.6337
145.786;74.6423;0.4926;0.275368;0.0574426;-9.91547
154.612;74.6423;0.523872;0.262328;0.0530216;-9.16869
163.437;74.6423;0.535088;0.244487;0.0506276;-8.36985
172.263;74.6423;0.478652;0.225482;0.0484905;-7.51241
181.088;74.6423;0.406547;0.2068;0.0451909;-6.63755
189.914;74.6423;0.426622;0.178756;0.0368273;-5.77546
198.739;74.6423;0.528834;0.143923;0.0242003;-4.91393
207.565;74.6423;0.613743;0.111035;0.0117646;-4.03006
216.39;74.6423;0.669831;0.079976;0.00617885;-3.08363
225.215;74.6423;0.677051;0.0534423;0.0138037;-2.13434
-216.057;65.8169;1.12026;0.01452;0.0257675;-1.83103
-207.232;65.8169;1.14879;0.0324921;0.0199262;-2.74983
-198.406;65.8169;1.11237;0.0376;0.0146461;-3.61599
-189.581;65.8169;1.02263;0.0138785;0.0211687;-4.4797
-180.755;65.8169;0.985267;-0.00986333;0.0294255;-5.32627
-171.93;65.8169;0.966638;-0.0317736;0.0391069;-6.19165
-163.105;65.8169;0.909916;-0.0535953;0.047741;-7.03736
-154.279;65.8169;0.829678;-0.0766544;0.0574455;-7.8801
-145.454;65.8169;0.798192;-0.0932913;0.0615741;-8.69703
-136.628;65.8169;0.778588;-0.106597;0.061431;-9.48716
-127.803;65.8169;0.784552;-0.115869;0.0594786;-10.2569
-118.977;65.8169;0.751508;-0.122516;0.0644154;-10.9857
-110.152;65.8169;0.692443;-0.123609;0.0718627;-11.6639
-101.326;65.8169;0.662609;-0.120492;0.0774345;-12.3116
-92.5009;65.8169;0.68874;-0.119479;0.0817032;-12.9551
-83.6754;65.8169;0.691828;-0.121407;0.0901282;-13.5579
-74.85;65.8169;0.672613;-0.119015;0.10276;-14.0991
-66.0245;65.8169;0.654771;-0.109196;0.117432;-14.5919
-57.1991;65.8169;0.633932;-0.0953942;0.130513;-15.0442
-48.3736;65.8169;0.619889;-0.080763;0.142989;-15.4709
-39.5482;65.8169;0.623162;-0.0661236;0.155753;-15.8644
-30.7227;65.8169;0.623151;-0.0482305;0.168402;-16.2029
-21.8972;65.8169;0.626601;-0.0264996;0.185006;-16.4816
-13.0718;65.8169;0.605253;-0.00333528;0.201495;-16.6742
-4.24634;65.8169;0.575321;0.0202679;0.21171;-16.8006
4.57912;65.8169;0.546362;0.0433877;0.21472;-16.874
13.4046;65.8169;0.524707;0.0656339;0.213362;-16.9031
22.23;65.8169;0.536323;0.0866752;0.208621;-16.8973
31.0555;65.8169;0.559342;0.132135;0.189498;-16.8075
39.8809;65.8169;0.575888;0.195388;0.162598;-16.6442
48.7064;65.8169;0.645703;0.248255;0.139767;-16.4649
57.5318;65.8169;0.755603;0.278263;0.126224;-16.2638
66.3573;65.8169;0.789301;0.297427;0.117426;-15.9526
75.1828;65.8169;0.739683;0.314908;0.108698;-15.5218
84.0082;65.8169;0.701998;0.322509;0.103973;-15.0263
92.8337;65.8169;0.696709;0.325398;0.0993857;-14.502
101.659;65.8169;0.712534;0.325632;0.0917956;-13.9473
110.485;65.8169;0.716904;0.323077;0.0817491;-13.3438
119.31;65.8169;0.677992;0.319125;0.0727982;-12.6942
128.135;65.8169;0.6463;0.31208;0.0634052;-12.008
136.961;65.8169;0.631982;0.300494;0.0551209;-11.2748
145.786;65.8169;0.636878;0.291611;0.0509154;-10.5249
154.612;65.8169;0.65845;0.279505;0.0477347;-9.75277
163.437;65.8169;0.666517;0.261102;0.0442143;-8.93658
172.263;65.8169;0.64572;0.240287;0.0418729;-8.08307
181.088;65.8169;0.625726;0.22031;0.0402421;-7.22248
189.914;65.8169;0.650443;0.192774;0.0339925;-6.35224
198.739;65.8169;0.719918;0.16054;0.0250808;-5.46687
207.565;65.8169;0.772802;0.128855;0.0185427;-4.55328
216.39;65.8169;0.792541;0.0972467;0.0173819;-3.59644
225.215;65.8169;0.789353;0.07051;0.022392;-2.58792
234.041;65.8169;0.857881;0.0474544;0.0242705;-1.52848
-216.057;56.9914;1.09132;0.0241425;0.0233016;-2.11234
-207.232;56.9914;1.09696;0.0341462;0.0203791;-3.03909
-198.406;56.9914;1.03282;0.0322409;0.0170108;-3.9104
-189.581;56.9914;0.945366;0.00576864;0.0196672;-4.79269
-180.755;56.9914;0.929629;-0.0160647;0.0210134;-5.65649
-171.93;56.9914;0.940946;-0.037005;0.0235657;-6.54734
-163.105;56.9914;0.927983;-0.0583178;0.0259054;-7.42974
-154.279;56.9914;0.905055;-0.0767526;0.0283096;-8.30501
-145.454;56.9914;0.912293;-0.0884151;0.0274243;-9.15474
-136.628;56.9914;0.897163;-0.100168;0.0266152;-9.96954
-127.803;56.9914;0.874911;-0.113059;0.0288626;-10.7547
-118.977;56.9914;0.825809;-0.123311;0.0365348;-11.4917
-110.152;56.9914;0.764951;-0.124514;0.0451634;-12.1693
-101.326;56.9914;0.739045;-0.118902;0.0499634;-12.8243
-92.5009;56.9914;0.772876;-0.115975;0.0523772;-13.4869
-83.6754;56.9914;0.783145;-0.120088;0.0600937;-14.1313
-74.85;56.9914;0.763011;-0.121063;0.0731727;-14.7095
-66.0245;56.9914;0.728803;-0.117559;0.0877516;-15.2267
-57.1991;56.9914;0.69062;-0.108074;0.101701;-15.6922
-48.3736;56.9914;0.67462;-0.0933972;0.114734;-16.13
-39.5482;56.9914;0.690995;-0.0754543;0.127351;-16.5374
-30.7227;56.9914;0.70422;-0.0543596;0.140712;-16.8922
-21.8972;56.9914;0.730038;-0.0320821;0.159899;-17.2033
-13.0718;56.9914;0.738211;-0.00949518;0.178698;-17.4365
-4.24634;56.9914;0.724077;0.0144254;0.189583;-17.584
4.57912;56.9914;0.687946;0.0366696;0.194808;-17.6603
13.4046;56.9914;0.650439;0.0559968;0.199689;-17.6868
22.23;56.9914;0.667564;0.081173;0.196427;-17.685
31.0555;56.9914;0.697511;0.142165;0.17148;-17.5785
39.8809;56.9914;0.727808;0.218394;0.14081;-17.4041
48.7064;56.9914;0.816947;0.274186;0.119839;-17.2351
57.5318;56.9914;0.927424;0.301744;0.111188;-17.034
66.3573;56.9914;0.931704;0.322153;0.107731;-16.684
75.1828;56.9914;0.832194;0.339731;0.103185;-16.1851
84.0082;56.9914;0.788661;0.346059;0.0953751;-15.6627
92.8337;56.9914;0.792258;0.34949;0.0870136;-15.1338
101.659;56.9914;0.817246;0.352498;0.07945;-14.582
110.485;56.9914;0.832391;0.352071;0.072412;-13.9772
119.31;56.9914;0.78495;0.347349;0.0672418;-13.3044
128.135;56.9914;0.736788;0.336907;0.058747;-12.5789
136.961;56.9914;0.7044;0.322039;0.0513638;-11.8081
145.786;56.9914;0.696779;0.310184;0.0485916;-11.0294
154.612;56.9914;0.717658;0.297734;0.0465551;-10.2466
163.437;56.9914;0.739117;0.280323;0.0424568;-9.432
172.263;56.9914;0.740678;0.259516;0.0401049;-8.57839
181.088;56.9914;0.735965;0.237986;0.0386758;-7.70602
189.914;56.9914;0.746291;0.209729;0.0341399;-6.80974
198.739;56.9914;0.786065;0.178108;0.0274717;-5.9015
207.565;56.9914;0.829952;0.146678;0.0249678;-4.97912
216.39;56.9914;0.858795;0.115036;0.0259456;-4.01831
225.215;56.9914;0.879561;0.0838802;0.0267815;-2.98709
234.041;56.9914;0.956958;0.0591444;0.0281213;-1.91688
-224.883;48.166;1.06381;0.0351382;0.0193434;-1.46038
-216.057;48.166;1.06689;0.0264745;0.0196165;-2.36702
-207.232;48.166;1.05918;0.0307419;0.017862;-3.27276
-198.406;48.166;0.954028;0.0197913;0.0180342;-4.16495
-189.581;48.166;0.87483;-0.00599916;0.019618;-5.06683
-180.755;48.166;0.858174;-0.029114;0.0187818;-5.96669
-171.93;48.166;0.857739;-0.0543413;0.019208;-6.88189
-163.105;48.166;0.85302;-0.0788311;0.0197839;-7.79008
-154.279;48.166;0.870718;-0.0936484;0.0175669;-8.67717
-145.454;48.166;0.921805;-0.0991565;0.0124109;-9.53577
-136.628;48.166;0.894862;-0.107583;0.0133468;-10.3488
-127.803;48.166;0.848546;-0.121353;0.0177658;-11.1345
-118.977;48.166;0.795662;-0.133829;0.0274115;-11.88
-110.152;48.166;0.757496;-0.137273;0.0381822;-12.5753
-101.326;48.166;0.756007;-0.131704;0.0436057;-13.2575
-92.5009;48.166;0.790202;-0.124389;0.0434976;-13.9409
-83.6754;48.166;0.806275;-0.12312;0.0478285;-14.6037
-74.85;48.166;0.774131;-0.125413;0.0611412;-15.2062
-66.0245;48.166;0.722541;-0.123495;0.076518;-15.7389
-57.1991;48.166;0.679461;-0.114943;0.0913256;-16.2211
-48.3736;48.166;0.67987;-0.10035;0.10547;-16.6852
-39.5482;48.166;0.721992;-0.0811156;0.119423;-17.1294
-30.7227;48.166;0.747997;-0.058374;0.133147;-17.5121
-21.8972;48.166;0.763623;-0.0355575;0.149832;-17.8364
-13.0718;48.166;0.780022;-0.0144451;0.166502;-18.0976
-4.24634;48.166;0.775986;0.00888684;0.179158;-18.2673
4.57912;48.166;0.751009;0.0288071;0.189334;-18.3609
13.4046;48.166;0.730967;0.0461559;0.198886;-18.3995
22.23;48.166;0.761595;0.0833624;0.193205;-18.4026
31.0555;48.166;0.792619;0.159267;0.167904;-18.2885
39.8809;48.166;0.823484;0.24194;0.139675;-18.1025
48.7064;48.166;0.892501;0.296411;0.120803;-17.9022
57.5318;48.166;0.958623;0.321058;0.110729;-17.641
66.3573;48.166;0.934247;0.341482;0.103202;-17.2449
75.1828;48.166;0.82986;0.359272;0.0960228;-16.7252
84.0082;48.166;0.789482;0.365741;0.0871069;-16.1937
92.8337;48.166;0.790305;0.368585;0.0792719;-15.648
101.659;48.166;0.815422;0.369922;0.0739366;-15.0756
110.485;48.166;0.842251;0.368202;0.0699308;-14.4568
119.31;48.166;0.792912;0.363996;0.0691366;-13.759
128.135;48.166;0.731733;0.354667;0.0627736;-13.005
136.961;48.166;0.693333;0.338185;0.0534633;-12.2104
145.786;48.166;0.6932;0.323278;0.0469149;-11.4218
154.612;48.166;0.729869;0.312121;0.0438037;-10.6514
163.437;48.166;0.783083;0.299021;0.040849;-9.86398
172.263;48.166;0.793743;0.279889;0.0393277;-9.00726
181.088;48.166;0.774467;0.255981;0.0387003;-8.09989
189.914;48.166;0.756993;0.224381;0.0351981;-7.15849
198.739;48.166;0.785683;0.190441;0.0291496;-6.23202
207.565;48.166;0.839869;0.158104;0.0265824;-5.30751
216.39;48.166;0.895652;0.125425;0.0266996;-4.35254
225.215;48.166;0.945642;0.0908163;0.0260903;-3.3423
234.041;48.166;1.00101;0.0616425;0.0271498;-2.2816
-224.883;39.3405;1.00932;0.0367991;0.0191825;-1.66135
-216.057;39.3405;1.0033;0.0257687;0.019904;-2.58808
-207.232;39.3405;0.963398;0.0204617;0.0199056;-3.49434
-198.406;39.3405;0.873102;0.00380739;0.021937;-4.39571
-189.581;39.3405;0.837556;-0.0204443;0.0218799;-5.3212
-180.755;39.3405;0.834663;-0.0431154;0.0198941;-6.25988
-171.93;39.3405;0.820363;-0.0676028;0.0190479;-7.18269
-163.105;39.3405;0.809218;-0.092563;0.018015;-8.0984
-154.279;39.3405;0.840395;-0.107647;0.0129111;-8.98792
-145.454;39.3405;0.891338;-0.111742;0.00581046;-9.8447
-136.628;39.3405;0.844787;-0.116729;0.00810797;-10.6473
-127.803;39.3405;0.771562;-0.129194;0.0139717;-11.4339
-118.977;39.3405;0.732236;-0.141363;0.0220565;-12.1924
-110.152;39.3405;0.725521;-0.146911;0.0309344;-12.9142
-101.326;39.3405;0.736193;-0.144855;0.0371435;-13.6258
-92.5009;39.3405;0.752029;-0.138457;0.0380187;-14.3246
-83.6754;39.3405;0.7599;-0.13272;0.0407442;-14.9925
-74.85;39.3405;0.732953;-0.132775;0.05214;-15.6136
-66.0245;39.3405;0.686689;-0.128854;0.0667903;-16.1678
-57.1991;39.3405;0.655393;-0.118488;0.0809838;-16.6758
-48.3736;39.3405;0.682302;-0.104095;0.0943413;-17.1761
-39.5482;39.3405;0.755528;-0.0866051;0.10839;-17.669
-30.7227;39.3405;0.796349;-0.066127;0.123268;-18.0839
-21.8972;39.3405;0.79118;-0.0451333;0.140233;-18.408
-13.0718;39.3405;0.806507;-0.0250856;0.157327;-18.6811
-4.24634;39.3405;0.81822;-0.00236875;0.174572;-18.8882
4.57912;39.3405;0.830384;0.0192615;0.187696;-19.0323
13.4046;39.3405;0.859274;0.0476246;0.192319;-19.1184
22.23;39.3405;0.916367;0.108728;0.178283;-19.1429
31.0555;39.3405;0.97782;0.198162;0.154774;-19.0612
39.8809;39.3405;1.07228;0.27335;0.136591;-18.929
48.7064;39.3405;1.14421;0.316689;0.124155;-18.7183
57.5318;39.3405;1.14797;0.337446;0.112168;-18.3815
66.3573;39.3405;1.06754;0.359482;0.0967617;-17.9176
75.1828;39.3405;0.956268;0.37775;0.0823059;-17.3692
84.0082;39.3405;0.881232;0.386238;0.0738381;-16.7978
92.8337;39.3405;0.836825;0.389683;0.0695456;-16.2014
101.659;39.3405;0.828571;0.389505;0.067858;-15.5809
110.485;39.3405;0.84452;0.387048;0.0660849;-14.9315
119.31;39.3405;0.808106;0.382563;0.0658763;-14.2087
128.135;39.3405;0.753561;0.372902;0.0605673;-13.4317
136.961;39.3405;0.723442;0.35591;0.0516455;-12.624
145.786;39.3405;0.734529;0.339356;0.0436883;-11.8264
154.612;39.3405;0.784068;0.327413;0.0390418;-11.0505
163.437;39.3405;0.865232;0.3138;0.0357241;-10.2692
172.263;39.3405;0.887977;0.293799;0.0342302;-9.4041
181.088;39.3405;0.854081;0.262544;0.0341383;-8.44625
189.914;39.3405;0.805222;0.228844;0.0316397;-7.46057
198.739;39.3405;0.832922;0.195576;0.0272625;-6.52748
207.565;39.3405;0.888458;0.164949;0.0250054;-5.6009
216.39;39.3405;0.95912;0.131968;0.0242381;-4.64017
225.215;39.3405;0.991232;0.093399;0.0215527;-3.6217
234.041;39.3405;0.933845;0.0578134;0.0196023;-2.55933
-224.883;30.5151;0.99057;0.0320322;0.0241392;-1.87179
-216.057;30.5151;0.981583;0.0200735;0.0240274;-2.82474
-207.232;30.5151;0.931365;0.011056;0.0235097;-3.72834
-198.406;30.5151;0.872733;-0.00759151;0.0252123;-4.64253
-189.581;30.5151;0.887535;-0.0284873;0.0232629;-5.57338
-180.755;30.5151;0.895695;-0.0486427;0.0193321;-6.52516
-171.93;30.5151;0.873821;-0.0694897;0.0159602;-7.44595
-163.105;30.5151;0.851353;-0.0936901;0.0124967;-8.36467
-154.279;30.5151;0.862394;-0.1127;0.0062752;-9.2602
-145.454;30.5151;0.885473;-0.119693;-0.000451885;-10.1093
-136.628;30.5151;0.825808;-0.12317;0.00247687;-10.9094
-127.803;30.5151;0.744925;-0.134095;0.00833926;-11.7045
-118.977;30.5151;0.719986;-0.143886;0.0131965;-12.4774
-110.152;30.5151;0.725504;-0.150045;0.0179314;-13.2217
-101.326;30.5151;0.72966;-0.1525;0.0241421;-13.9565
-92.5009;30.5151;0.7258;-0.150662;0.0283739;-14.6762
-83.6754;30.5151;0.724869;-0.143755;0.0319515;-15.359
-74.85;30.5151;0.716772;-0.139962;0.039696;-15.9961
-66.0245;30.5151;0.687583;-0.1345;0.0515805;-16.5742
-57.1991;30.5151;0.672537;-0.122718;0.0641353;-17.1133
-48.3736;30.5151;0.721677;-0.108555;0.0758088;-17.6538
-39.5482;30.5151;0.820896;-0.0931487;0.0885511;-18.2008
-30.7227;30.5151;0.88652;-0.076603;0.103477;-18.6584
-21.8972;30.5151;0.890989;-0.0577427;0.121733;-19.0172
-13.0718;30.5151;0.928875;-0.036721;0.142097;-19.3256
-4.24634;30.5151;0.987815;-0.0149551;0.167155;-19.5943
4.57912;30.5151;1.03992;0.0134137;0.180557;-19.7796
13.4046;30.5151;1.09212;0.0660113;0.167973;-19.8867
22.23;30.5151;1.18464;0.159851;0.135291;-19.95
31.0555;30.5151;1.36398;0.262823;0.105875;-19.9919
39.8809;30.5151;1.62341;0.321174;0.098685;-20.0182
48.7064;30.5151;1.73033;0.341782;0.0973617;-19.8174
57.5318;30.5151;1.66436;0.351772;0.0886319;-19.3949
66.3573;30.5151;1.50995;0.373049;0.0731461;-18.8452
75.1828;30.5151;1.34809;0.390647;0.0595998;-18.2125
84.0082;30.5151;1.19468;0.401159;0.0539944;-17.5431
92.8337;30.5151;1.09034;0.404951;0.053253;-16.8659
101.659;30.5151;1.05168;0.402991;0.0540995;-16.1846
110.485;30.5151;1.05914;0.398715;0.0529736;-15.4939
119.31;30.5151;1.03822;0.392078;0.0504917;-14.7553
128.135;30.5151;0.995221;0.380812;0.0459751;-13.9632
136.961;30.5151;0.945152;0.366159;0.0418391;-13.1272
145.786;30.5151;0.905957;0.352649;0.0384464;-12.2796
154.612;30.5151;0.897856;0.341046;0.0343461;-11.4413
163.437;30.5151;0.955381;0.323096;0.028602;-10.6109
172.263;30.5151;0.973571;0.300014;0.0257323;-9.72052
181.088;30.5151;0.932285;0.271051;0.0262139;-8.7506
189.914;30.5151;0.878759;0.238978;0.0261866;-7.75434
198.739;30.5151;0.931644;0.206526;0.0263278;-6.84233
207.565;30.5151;1.01269;0.175879;0.0262676;-5.93224
216.39;30.5151;1.07774;0.140985;0.0247661;-4.95542
225.215;30.5151;1.10827;0.0985382;0.0205133;-3.90251
234.041;30.5151;1.10455;0.0567561;0.0176277;-2.81682
-224.883;21.6896;1.01462;0.0305965;0.026225;-2.04567
-216.057;21.6896;1.02081;0.0162351;0.0252906;-3.03594
-207.232;21.6896;0.977158;0.0050135;0.0246696;-3.95024
-198.406;21.6896;0.945658;-0.0139101;0.0261237;-4.87874
-189.581;21.6896;0.973677;-0.0325077;0.0239614;-5.81399
-180.755;21.6896;0.979503;-0.0504422;0.0188251;-6.76146
-171.93;21.6896;0.945033;-0.0685166;0.0125899;-7.67057
-163.105;21.6896;0.90113;-0.0912437;0.00642691;-8.57785
-154.279;21.6896;0.882888;-0.112762;-0.000535138;-9.47537
-145.454;21.6896;0.886958;-0.123904;-0.00652997;-10.337
-136.628;21.6896;0.841583;-0.127819;-0.00516959;-11.1589
-127.803;21.6896;0.788218;-0.138312;-0.00204569;-11.9752
-118.977;21.6896;0.768903;-0.145952;-0.000311594;-12.7622
-110.152;21.6896;0.762174;-0.151465;0.00205432;-13.5163
-101.326;21.6896;0.752518;-0.156357;0.00787151;-14.2626
-92.5009;21.6896;0.744016;-0.157968;0.0144831;-14.9988
-83.6754;21.6896;0.747503;-0.15181;0.0187748;-15.6989
-74.85;21.6896;0.754545;-0.145814;0.0225986;-16.3463
-66.0245;21.6896;0.734739;-0.140975;0.0310292;-16.9462
-57.1991;21.6896;0.728352;-0.129919;0.0421487;-17.5153
-48.3736;21.6896;0.784571;-0.115885;0.0536439;-18.0894
-39.5482;21.6896;0.895969;-0.10017;0.0678036;-18.6803
-30.7227;21.6896;1.00116;-0.0842569;0.0859068;-19.2033
-21.8972;21.6896;1.06984;-0.0662226;0.105143;-19.6417
-13.0718;21.6896;1.16794;-0.0455225;0.126087;-20.0265
-4.24634;21.6896;1.29043;-0.0241142;0.155692;-20.3439
4.57912;21.6896;1.29921;0.0108832;0.162315;-20.4461
13.4046;21.6896;1.235;0.087819;0.125215;-20.4446
22.23;21.6896;1.32112;0.215549;0.0605348;-20.5319
31.0555;21.6896;1.69851;0.318633;0.019909;-20.6816
39.8809;21.6896;1.94341;0.368674;0.0167394;-20.6756
48.7064;21.6896;1.87326;0.377245;0.0239056;-20.3518
57.5318;21.6896;1.70887;0.381934;0.0287236;-19.8922
66.3573;21.6896;1.64212;0.398677;0.0308578;-19.4028
75.1828;21.6896;1.56797;0.410296;0.0324768;-18.8258
84.0082;21.6896;1.38822;0.420015;0.0345003;-18.123
92.8337;21.6896;1.24181;0.423222;0.0360285;-17.3799
101.659;21.6896;1.15467;0.422336;0.0361157;-16.6248
110.485;21.6896;1.10588;0.419066;0.0351046;-15.8603
119.31;21.6896;1.04414;0.413327;0.0305678;-15.0781
128.135;21.6896;0.987147;0.401605;0.0271217;-14.2628
136.961;21.6896;0.943352;0.386119;0.0282881;-13.4161
145.786;21.6896;0.906968;0.37103;0.0305952;-12.5509
154.612;21.6896;0.882896;0.356913;0.0288764;-11.6792
163.437;21.6896;0.917764;0.336079;0.0235933;-10.8152
172.263;21.6896;0.932996;0.312657;0.0209562;-9.91165
181.088;21.6896;0.881726;0.287819;0.0224831;-8.9253
189.914;21.6896;0.833287;0.260442;0.0245684;-7.92579
198.739;21.6896;0.94611;0.226944;0.025954;-7.05296
207.565;21.6896;1.09593;0.19284;0.0257439;-6.18777
216.39;21.6896;1.20366;0.155795;0.0245192;-5.23956
225.215;21.6896;1.22865;0.111865;0.021741;-4.18474
234.041;21.6896;1.21946;0.0652009;0.0182197;-3.0456
242.866;21.6896;0.737962;0.0331788;0.0215017;-1.82938
-224.883;12.8642;1.05612;0.040288;0.0225777;-2.15731
-216.057;12.8642;1.06185;0.0193273;0.0215528;-3.16782
-207.232;12.8642;0.999945;0.00326322;0.0223914;-4.07947
-198.406;12.8642;0.968572;-0.0169563;0.023722;-5.0079
-189.581;12.8642;0.981789;-0.0354709;0.0217181;-5.95265
-180.755;12.8642;0.996518;-0.0537968;0.0176136;-6.91273
-171.93;12.8642;0.943253;-0.0729258;0.0118435;-7.81358
-163.105;12.8642;0.864096;-0.0948806;0.00501858;-8.70524
-154.279;12.8642;0.831519;-0.113364;-0.003511;-9.59812
-145.454;12.8642;0.848888;-0.124413;-0.0106676;-10.4843
-136.628;12.8642;0.842674;-0.12973;-0.0138011;-11.3368
-127.803;12.8642;0.829648;-0.141443;-0.0142194;-12.1802
-118.977;12.8642;0.811409;-0.150437;-0.0138197;-12.9919
-110.152;12.8642;0.788221;-0.155592;-0.0115403;-13.7582
-101.326;12.8642;0.763332;-0.16004;-0.0057886;-14.515
-92.5009;12.8642;0.743872;-0.162863;0.00101735;-15.2587
-83.6754;12.8642;0.738293;-0.158792;0.00472629;-15.9644
-74.85;12.8642;0.752105;-0.151994;0.00654761;-16.6195
-66.0245;12.8642;0.749092;-0.146668;0.0126634;-17.2391
-57.1991;12.8642;0.750809;-0.134262;0.0216273;-17.8284
-48.3736;12.8642;0.801242;-0.118015;0.033338;-18.4193
-39.5482;12.8642;0.922001;-0.100793;0.0514617;-19.0355
-30.7227;12.8642;1.10148;-0.0857625;0.074617;-19.634
-21.8972;12.8642;1.31405;-0.0733921;0.0966304;-20.1966
-13.0718;12.8642;1.48842;-0.0569865;0.114923;-20.6514
-4.24634;12.8642;1.44887;-0.0223256;0.13295;-20.8457
4.57912;12.8642;1.19981;0.024133;0.126072;-20.6718
13.4046;12.8642;0.924123;0.110461;0.075159;-20.5015
22.23;12.8642;0.870682;0.2366;0.00167666;-20.552
31.0555;12.8642;1.09906;0.338633;-0.0457409;-20.6462
39.8809;12.8642;1.09734;0.391587;-0.0586022;-20.4683
48.7064;12.8642;1.0253;0.401533;-0.0563716;-20.06
57.5318;12.8642;1.09551;0.413161;-0.0407196;-19.7364
66.3573;12.8642;1.33665;0.427618;-0.0170348;-19.4688
75.1828;12.8642;1.46785;0.43288;0.00424705;-19.062
84.0082;12.8642;1.32583;0.438254;0.0156301;-18.3868
92.8337;12.8642;1.14837;0.438856;0.0192117;-17.5872
101.659;12.8642;0.996261;0.439453;0.0188343;-16.7532
110.485;12.8642;0.884863;0.438624;0.0180418;-15.9228
119.31;12.8642;0.80867;0.432719;0.015602;-15.1139
128.135;12.8642;0.788571;0.419815;0.0154986;-14.3201
136.961;12.8642;0.788863;0.404471;0.0188037;-13.5037
145.786;12.8642;0.789086;0.388315;0.0218358;-12.6589
154.612;12.8642;0.789267;0.371664;0.0205747;-11.7957
163.437;12.8642;0.827617;0.350985;0.0178342;-10.9353
172.263;12.8642;0.851269;0.329314;0.0185386;-10.0377
181.088;12.8642;0.802593;0.305529;0.0222608;-9.03558
189.914;12.8642;0.764352;0.278432;0.0249308;-8.02056
198.739;12.8642;0.894679;0.243681;0.0258675;-7.14257
207.565;12.8642;1.11131;0.206847;0.0248521;-6.32273
216.39;12.8642;1.26532;0.169686;0.0222835;-5.41485
225.215;12.8642;1.31563;0.128476;0.0205329;-4.37079
234.041;12.8642;1.25629;0.0862828;0.0190326;-3.20129
242.866;12.8642;1.02454;0.0479148;0.021692;-1.92235
-233.708;4.0387;0.970567;0.0580501;0.018188;-1.2417
-224.883;4.0387;1.05611;0.0489422;0.0164613;-2.22569
-216.057;4.0387;1.03173;0.0260429;0.0174625;-3.20686
-207.232;4.0387;0.905772;-0.00200559;0.0218285;-4.12715
-198.406;4.0387;0.834545;-0.0265356;0.023047;-5.05052
-189.581;4.0387;0.852567;-0.0450605;0.0194135;-6.00426
-180.755;4.0387;0.923193;-0.0627736;0.0163253;-6.99053
-171.93;4.0387;0.879887;-0.0847049;0.0133761;-7.91823
-163.105;4.0387;0.778041;-0.106149;0.00716171;-8.82637
-154.279;4.0387;0.750704;-0.115992;-0.00523867;-9.72509
-145.454;4.0387;0.815251;-0.116667;-0.0180463;-10.6048
-136.628;4.0387;0.828954;-0.124713;-0.0240148;-11.4722
-127.803;4.0387;0.817705;-0.137726;-0.0259499;-12.3201
-118.977;4.0387;0.808385;-0.149362;-0.0264396;-13.141
-110.152;4.0387;0.791061;-0.154957;-0.0225068;-13.9309
-101.326;4.0387;0.755854;-0.158023;-0.0166188;-14.6888
-92.5009;4.0387;0.710604;-0.161119;-0.0116625;-15.4186
-83.6754;4.0387;0.681998;-0.161322;-0.010837;-16.116
-74.85;4.0387;0.695752;-0.158299;-0.010705;-16.791
-66.0245;4.0387;0.714417;-0.151542;-0.00634091;-17.4345
-57.1991;4.0387;0.725944;-0.136799;0.000220024;-18.0414
-48.3736;4.0387;0.765626;-0.117654;0.0108578;-18.6341
-39.5482;4.0387;0.876335;-0.0981209;0.0301879;-19.2517
-30.7227;4.0387;1.07701;-0.0821872;0.0543504;-19.8846
-21.8972;4.0387;1.33105;-0.0684488;0.0759925;-20.5079
-13.0718;4.0387;1.42379;-0.042687;0.0904698;-20.9084
-4.24634;4.0387;0.79131;0.00506087;0.10209;-20.8176
4.57912;4.0387;0.165894;0.0581484;0.0841797;-20.3898
13.4046;4.0387;0.0502786;0.147172;0.0272128;-20.2828
22.23;4.0387;0.431554;0.246062;-0.0390087;-20.4769
31.0555;4.0387;0.675147;0.339679;-0.0830342;-20.5461
39.8809;4.0387;0.545811;0.392465;-0.102339;-20.2331
48.7064;4.0387;0.520612;0.411364;-0.105218;-19.8514
57.5318;4.0387;0.733694;0.431744;-0.0892032;-19.6379
66.3573;4.0387;1.08008;0.448731;-0.0594523;-19.4628
75.1828;4.0387;1.27114;0.453704;-0.0287399;-19.1092
84.0082;4.0387;1.11627;0.456947;-0.0091136;-18.4153
92.8337;4.0387;0.875649;0.455154;-0.00267035;-17.5373
101.659;4.0387;0.648453;0.455226;-0.00288722;-16.6263
110.485;4.0387;0.507238;0.454526;-0.00192946;-15.7696
119.31;4.0387;0.500926;0.445125;0.000990156;-15.0035
128.135;4.0387;0.584916;0.431667;0.00466704;-14.2903
136.961;4.0387;0.655455;0.419698;0.00715545;-13.5392
145.786;4.0387;0.700732;0.404873;0.00835151;-12.733
154.612;4.0387;0.735282;0.385532;0.00715173;-11.8873
163.437;4.0387;0.789184;0.364506;0.00778838;-11.0375
172.263;4.0387;0.821612;0.343496;0.0125229;-10.1442
181.088;4.0387;0.777993;0.319183;0.0182279;-9.13266
189.914;4.0387;0.736501;0.289859;0.021975;-8.09255
198.739;4.0387;0.823765;0.254615;0.0239364;-7.15913
207.565;4.0387;1.06119;0.215827;0.0232239;-6.34369
216.39;4.0387;1.23013;0.177125;0.019556;-5.44567
225.215;4.0387;1.27151;0.137238;0.0175659;-4.40392
234.041;4.0387;1.18081;0.0981978;0.0195521;-3.21399
242.866;4.0387;1.01931;0.0587092;0.0245237;-1.93716
251.692;4.0387;0.994675;0.041626;0.0272439;-0.698821
-233.708;-4.78675;0.917463;0.0614321;0.0181748;-1.25356
-224.883;-4.78675;0.994445;0.0504651;0.0173758;-2.24489
-216.057;-4.78675;0.947679;0.0248717;0.0188566;-3.21107
-207.232;-4.78675;0.796723;-0.00723919;0.023711;-4.12324
-198.406;-4.78675;0.716482;-0.0327526;0.0234347;-5.03902
-189.581;-4.78675;0.745535;-0.0502044;0.0179513;-6.00004
-180.755;-4.78675;0.872422;-0.0688021;0.0145675;-7.01769
-171.93;-4.78675;0.889449;-0.0866738;0.00996306;-7.97719
-163.105;-4.78675;0.831692;-0.0972526;-0.000577414;-8.89245
-154.279;-4.78675;0.817966;-0.0984527;-0.0174335;-9.80104
-145.454;-4.78675;0.863743;-0.0993884;-0.030912;-10.6903
-136.628;-4.78675;0.845111;-0.113734;-0.0347765;-11.5689
-127.803;-4.78675;0.806519;-0.129312;-0.0350833;-12.4108
-118.977;-4.78675;0.802731;-0.141943;-0.0361488;-13.2306
-110.152;-4.78675;0.78717;-0.147531;-0.0334694;-14.0279
-101.326;-4.78675;0.743456;-0.149551;-0.0297067;-14.7834
-92.5009;-4.78675;0.683742;-0.152008;-0.0274448;-15.5016
-83.6754;-4.78675;0.637338;-0.153728;-0.0281325;-16.1893
-74.85;-4.78675;0.641553;-0.149193;-0.0275388;-16.8679
-66.0245;-4.78675;0.664505;-0.142499;-0.0257596;-17.5246
-57.1991;-4.78675;0.680742;-0.129778;-0.0223991;-18.1481
-48.3736;-4.78675;0.720361;-0.111868;-0.0142717;-18.7478
-39.5482;-4.78675;0.81216;-0.0914819;0.00116813;-19.3437
-30.7227;-4.78675;0.966209;-0.0728453;0.0196511;-19.9342
-21.8972;-4.78675;1.14349;-0.057207;0.0362813;-20.4843
-13.0718;-4.78675;1.04402;-0.0240124;0.0512928;-20.7357
-4.24634;-4.78675;0.161212;0.0279595;0.0636932;-20.4014
4.57912;-4.78675;-0.358994;0.0867608;0.0359673;-20.0311
13.4046;-4.78675;-0.107541;0.18266;-0.0228922;-20.2527
22.23;-4.78675;0.522532;0.267395;-0.0802753;-20.6432
31.0555;-4.78675;0.672897;0.343077;-0.1111;-20.6672
39.8809;-4.78675;0.508165;0.384713;-0.126535;-20.2542
48.7064;-4.78675;0.504454;0.408432;-0.130065;-19.8978
57.5318;-4.78675;0.692116;0.430722;-0.118827;-19.6639
66.3573;-4.78675;0.938002;0.449245;-0.0945971;-19.4144
75.1828;-4.78675;1.04858;0.456863;-0.0656309;-18.9823
84.0082;-4.78675;0.839811;0.461218;-0.0423009;-18.2241
92.8337;-4.78675;0.531381;0.458991;-0.0328712;-17.2769
101.659;-4.78675;0.27336;0.457947;-0.0319317;-16.3486
110.485;-4.78675;0.185482;0.45734;-0.0298594;-15.5615
119.31;-4.78675;0.334187;0.451689;-0.0229474;-14.9515
128.135;-4.78675;0.560192;0.442253;-0.0156156;-14.3613
136.961;-4.78675;0.6778;0.432125;-0.0126193;-13.6492
145.786;-4.78675;0.743401;0.41847;-0.0110034;-12.8588
154.612;-4.78675;0.804416;0.396937;-0.0102293;-12.0194
163.437;-4.78675;0.873434;0.374169;-0.00608456;-11.1692
172.263;-4.78675;0.901538;0.351816;0.000524417;-10.2624
181.088;-4.78675;0.842186;0.327308;0.0073617;-9.23879
189.914;-4.78675;0.769188;0.296872;0.0138205;-8.17089
198.739;-4.78675;0.787309;0.261447;0.0189259;-7.16873
207.565;-4.78675;0.976932;0.222128;0.0203197;-6.29598
216.39;-4.78675;1.13749;0.180586;0.0184443;-5.37993
225.215;-4.78675;1.1876;0.138684;0.0183704;-4.3384
234.041;-4.78675;1.10546;0.100228;0.0230701;-3.16063
242.866;-4.78675;0.957532;0.0631131;0.0284336;-1.93276
251.692;-4.78675;0.939029;0.0430846;0.0291369;-0.721098
-233.708;-13.6122;0.91999;0.0675712;0.0228908;-1.24074
-224.883;-13.6122;0.971939;0.0561053;0.0238627;-2.25129
-216.057;-13.6122;0.930641;0.0313485;0.0250527;-3.2139
-207.232;-13.6122;0.846861;-0.000608269;0.0268011;-4.15084
-198.406;-13.6122;0.79765;-0.0267025;0.0249523;-5.08946
-189.581;-13.6122;0.820681;-0.0451368;0.0181893;-6.05688
-180.755;-13.6122;0.91906;-0.0640628;0.011247;-7.06521
-171.93;-13.6122;0.914213;-0.0771438;0.00154218;-8.0193
-163.105;-13.6122;0.853727;-0.0794113;-0.0134479;-8.91849
-154.279;-13.6122;0.837878;-0.0787929;-0.0307814;-9.8333
-145.454;-13.6122;0.867219;-0.0863522;-0.0405846;-10.741
-136.628;-13.6122;0.836473;-0.106799;-0.0408634;-11.6309
-127.803;-13.6122;0.798462;-0.121104;-0.04146;-12.459
-118.977;-13.6122;0.792631;-0.131208;-0.0457416;-13.2715
-110.152;-13.6122;0.765927;-0.134951;-0.0482038;-14.0544
-101.326;-13.6122;0.714797;-0.135512;-0.048758;-14.7993
-92.5009;-13.6122;0.661092;-0.135579;-0.0486757;-15.511
-83.6754;-13.6122;0.625794;-0.134239;-0.0486792;-16.2005
-74.85;-13.6122;0.616338;-0.12815;-0.0477467;-16.8737
-66.0245;-13.6122;0.624545;-0.120282;-0.0474085;-17.5208
-57.1991;-13.6122;0.62297;-0.111062;-0.044896;-18.1464
-48.3736;-13.6122;0.663582;-0.0971412;-0.0383225;-18.7535
-39.5482;-13.6122;0.755989;-0.0764263;-0.0284723;-19.346
-30.7227;-13.6122;0.874823;-0.0543681;-0.0189421;-19.8849
-21.8972;-13.6122;0.959652;-0.036628;-0.00962004;-20.327
-13.0718;-13.6122;0.723583;0.00176175;0.00322457;-20.4858
-4.24634;-13.6122;0.0637401;0.062054;0.00966147;-20.2156
4.57912;-13.6122;-0.0101293;0.1336;-0.0237388;-20.1825
13.4046;-13.6122;0.485767;0.22329;-0.0817814;-20.6103
22.23;-13.6122;0.927745;0.295935;-0.126719;-20.9745
31.0555;-13.6122;0.845962;0.342696;-0.138905;-20.8309
39.8809;-13.6122;0.67888;0.372055;-0.145286;-20.3708
48.7064;-13.6122;0.649537;0.397512;-0.14566;-19.9955
57.5318;-13.6122;0.717417;0.419116;-0.137923;-19.6525
66.3573;-13.6122;0.799686;0.43643;-0.121438;-19.2585
75.1828;-13.6122;0.803043;0.446269;-0.098849;-18.721
84.0082;-13.6122;0.57172;0.455918;-0.0756628;-17.936
92.8337;-13.6122;0.2536;0.459945;-0.0617121;-17.0061
101.659;-13.6122;0.0667635;0.460132;-0.0563556;-16.1749
110.485;-13.6122;0.137427;0.460174;-0.0521237;-15.5592
119.31;-13.6122;0.465554;0.45871;-0.0445176;-15.1206
128.135;-13.6122;0.794479;0.452492;-0.0377962;-14.6085
136.961;-13.6122;0.846945;0.441538;-0.0331516;-13.8343
145.786;-13.6122;0.868224;0.425708;-0.0280057;-12.9954
154.612;-13.6122;0.955675;0.404726;-0.0239526;-12.1679
163.437;-13.6122;1.05441;0.381225;-0.0167296;-11.33
172.263;-13.6122;1.05852;0.357285;-0.00868929;-10.3977
181.088;-13.6122;0.954052;0.331343;-0.00209645;-9.33872
189.914;-13.6122;0.829417;0.300389;0.00441497;-8.22903
198.739;-13.6122;0.789595;0.265107;0.0110459;-7.16801
207.565;-13.6122;0.942183;0.2244;0.0143067;-6.24675
216.39;-13.6122;1.11105;0.177933;0.0163018;-5.3154
225.215;-13.6122;1.18122;0.13202;0.020728;-4.28211
234.041;-13.6122;1.13797;0.0954019;0.0265334;-3.13975
242.866;-13.6122;1.06152;0.0627995;0.0311141;-1.94483
-233.708;-22.4377;0.934667;0.0695749;0.0274062;-1.22234
-224.883;-22.4377;0.984004;0.0679148;0.0276938;-2.19812
-216.057;-22.4377;0.938589;0.0409943;0.0289027;-3.17655
-207.232;-22.4377;0.906584;0.00994275;0.0287319;-4.14916
-198.406;-22.4377;0.920347;-0.0139109;0.025453;-5.11473
-189.581;-22.4377;0.944129;-0.033646;0.0191064;-6.09562
-180.755;-22.4377;0.980746;-0.0510836;0.0095477;-7.06785
-171.93;-22.4377;0.900072;-0.0601753;-0.00653624;-7.98646
-163.105;-22.4377;0.80875;-0.0596771;-0.0256662;-8.85611
-154.279;-22.4377;0.797561;-0.0628442;-0.0397173;-9.77467
-145.454;-22.4377;0.834823;-0.0766406;-0.0460471;-10.6996
-136.628;-22.4377;0.830083;-0.0982213;-0.0474345;-11.6062
-127.803;-22.4377;0.807489;-0.11023;-0.0514603;-12.4456
-118.977;-22.4377;0.792222;-0.117063;-0.0587564;-13.2572
-110.152;-22.4377;0.739512;-0.1197;-0.0654028;-14.0221
-101.326;-22.4377;0.675577;-0.121545;-0.0697731;-14.7562
-92.5009;-22.4377;0.636694;-0.122215;-0.0716328;-15.4719
-83.6754;-22.4377;0.629255;-0.118595;-0.0717236;-16.1728
-74.85;-22.4377;0.618903;-0.110441;-0.0719024;-16.8324
-66.0245;-22.4377;0.601886;-0.100571;-0.0731363;-17.4519
-57.1991;-22.4377;0.571527;-0.0928739;-0.0708025;-18.0537
-48.3736;-22.4377;0.605861;-0.0801099;-0.0647468;-18.6509
-39.5482;-22.4377;0.717249;-0.0578555;-0.0591313;-19.2406
-30.7227;-22.4377;0.84868;-0.0317919;-0.058524;-19.7603
-21.8972;-22.4377;0.898937;-0.00782729;-0.060253;-20.1677
-13.0718;-22.4377;0.698448;0.0334486;-0.0578459;-20.3517
-4.24634;-22.4377;0.41487;0.0898647;-0.0584691;-20.2849
4.57912;-22.4377;0.586892;0.164676;-0.0927845;-20.5003
13.4046;-22.4377;0.951951;0.234047;-0.13254;-20.8201
22.23;-22.4377;1.0605;0.285444;-0.151632;-20.9419
31.0555;-22.4377;0.842742;0.322592;-0.152977;-20.6801
39.8809;-22.4377;0.713007;0.355448;-0.15848;-20.2751
48.7064;-22.4377;0.690433;0.38427;-0.157201;-19.9028
57.5318;-22.4377;0.681764;0.406646;-0.150868;-19.4846
66.3573;-22.4377;0.654514;0.422846;-0.139815;-18.9941
75.1828;-22.4377;0.607295;0.43254;-0.123835;-18.4163
84.0082;-22.4377;0.456377;0.443276;-0.104494;-17.7052
92.8337;-22.4377;0.244522;0.45276;-0.0879902;-16.9014
101.659;-22.4377;0.19858;0.455468;-0.0768063;-16.2249
110.485;-22.4377;0.425991;0.457364;-0.0688093;-15.7539
119.31;-22.4377;0.853755;0.457657;-0.0629218;-15.3743
128.135;-22.4377;1.06488;0.455505;-0.0582134;-14.7942
136.961;-22.4377;0.951607;0.443732;-0.051818;-13.8842
145.786;-22.4377;0.902311;0.426101;-0.0430614;-12.9793
154.612;-22.4377;1.0172;0.407106;-0.0351397;-12.1773
163.437;-22.4377;1.18887;0.382795;-0.0244796;-11.393
172.263;-22.4377;1.21673;0.356628;-0.0153815;-10.4741
181.088;-22.4377;1.12379;0.32733;-0.00759521;-9.41842
189.914;-22.4377;1.0137;0.293891;-0.000254704;-8.316
198.739;-22.4377;0.979471;0.257272;0.0072278;-7.25154
207.565;-22.4377;1.08391;0.215733;0.011719;-6.27949
216.39;-22.4377;1.21551;0.164551;0.0171275;-5.28321
225.215;-22.4377;1.28015;0.117124;0.025124;-4.22588
234.041;-22.4377;1.23663;0.0823211;0.0312407;-3.11218
242.866;-22.4377;1.16117;0.0615698;0.0351034;-1.98114
-233.708;-31.2631;0.976225;0.0782314;0.0329611;-1.17645
-224.883;-31.2631;0.935487;0.0648245;0.0318745;-2.12741
-216.057;-31.2631;0.883166;0.045536;0.0314017;-3.08673
-207.232;-31.2631;0.870527;0.0153215;0.0302354;-4.0819
-198.406;-31.2631;0.933636;-0.00722581;0.0266468;-5.07089
-189.581;-31.2631;0.965484;-0.0254386;0.0194231;-6.0459
-180.755;-31.2631;0.969713;-0.0374796;0.00706247;-6.98907
-171.93;-31.2631;0.866385;-0.0413856;-0.0141487;-7.89274
-163.105;-31.2631;0.775988;-0.041529;-0.0347213;-8.76819
-154.279;-31.2631;0.772905;-0.0497295;-0.0456352;-9.6907
-145.454;-31.2631;0.818168;-0.0671182;-0.0518152;-10.6182
-136.628;-31.2631;0.838813;-0.0870032;-0.0583961;-11.5315
-127.803;-31.2631;0.838141;-0.0979317;-0.0666328;-12.3995
-118.977;-31.2631;0.811703;-0.103155;-0.07444;-13.2074
-110.152;-31.2631;0.734414;-0.10703;-0.0815302;-13.9577
-101.326;-31.2631;0.653594;-0.113125;-0.0875444;-14.6809
-92.5009;-31.2631;0.618838;-0.118004;-0.0918952;-15.3993
-83.6754;-31.2631;0.630641;-0.115479;-0.0953547;-16.1018
-74.85;-31.2631;0.63091;-0.104893;-0.0982607;-16.7444
-66.0245;-31.2631;0.591787;-0.0951019;-0.101797;-17.3223
-57.1991;-31.2631;0.550376;-0.0846746;-0.100404;-17.9356
-48.3736;-31.2631;0.582774;-0.0343903;-0.0904581;-19.026
-39.5482;-31.2631;0.701108;-0.0230337;-0.0886369;-19.3126
-30.7227;-31.2631;0.832821;-0.0135478;-0.093693;-19.5202
-21.8972;-31.2631;0.862272;0.0200234;-0.100485;-19.928
-13.0718;-31.2631;0.793594;0.0581561;-0.105201;-20.1541
-4.24634;-31.2631;0.695952;0.106892;-0.111439;-20.2581
4.57912;-31.2631;0.756414;0.164669;-0.131626;-20.4357
13.4046;-31.2631;0.893639;0.219751;-0.151619;-20.5783
22.23;-31.2631;0.926418;0.266965;-0.161873;-20.5668
31.0555;-31.2631;0.764656;0.30366;-0.1635;-20.3274
39.8809;-31.2631;0.698891;0.335461;-0.167228;-20.0039
48.7064;-31.2631;0.683316;0.365734;-0.165645;-19.6567
57.5318;-31.2631;0.644743;0.391837;-0.160703;-19.2349
66.3573;-31.2631;0.584812;0.409846;-0.151836;-18.7291
75.1828;-31.2631;0.534326;0.419629;-0.138084;-18.1591
84.0082;-31.2631;0.472089;0.430146;-0.121594;-17.5403
92.8337;-31.2631;0.388996;0.441952;-0.10386;-16.8722
101.659;-31.2631;0.461422;0.446908;-0.0897893;-16.3133
110.485;-31.2631;0.710067;0.450445;-0.0810445;-15.8662
119.31;-31.2631;1.01956;0.451919;-0.0774327;-15.394
128.135;-31.2631;1.10897;0.449031;-0.074371;-14.6961
136.961;-31.2631;0.917069;0.436841;-0.0660288;-13.7157
145.786;-31.2631;0.856762;0.418263;-0.0553533;-12.7934
154.612;-31.2631;0.990883;0.401433;-0.0456937;-12.0093
163.437;-31.2631;1.18993;0.378769;-0.0343773;-11.2496
172.263;-31.2631;1.26699;0.350892;-0.0238502;-10.3751
181.088;-31.2631;1.22426;0.319511;-0.0147443;-9.36265
189.914;-31.2631;1.15959;0.284051;-0.00694022;-8.29716
198.739;-31.2631;1.1402;0.244808;0.00155273;-7.23928
207.565;-31.2631;1.18078;0.201654;0.00799574;-6.20792
216.39;-31.2631;1.26145;0.148663;0.0161682;-5.15262
225.215;-31.2631;1.32227;0.102203;0.0253214;-4.08531
234.041;-31.2631;1.29562;0.0682441;0.0319995;-2.96617
242.866;-31.2631;1.23039;0.0540127;0.0354926;-1.87964
-224.883;-40.0886;0.878485;0.0775884;0.0339563;-1.97763
-216.057;-40.0886;0.776793;0.054284;0.0314853;-2.92657
-207.232;-40.0886;0.81234;0.0299114;0.0301652;-3.92261
-198.406;-40.0886;0.887623;0.00358572;0.0279074;-4.94524
-189.581;-40.0886;0.894275;-0.0142509;0.0175227;-5.91339
-180.755;-40.0886;0.878861;-0.0199859;-0.000826463;-6.84336
-171.93;-40.0886;0.837144;-0.020486;-0.0258787;-7.75201
-163.105;-40.0886;0.799244;-0.0244635;-0.044883;-8.65998
-154.279;-40.0886;0.793392;-0.0368978;-0.0538851;-9.57161
-145.454;-40.0886;0.814337;-0.0564899;-0.0617887;-10.4812
-136.628;-40.0886;0.834103;-0.0759466;-0.07285;-11.3851
-127.803;-40.0886;0.862177;-0.0867889;-0.081885;-12.2767
-118.977;-40.0886;0.843026;-0.0928351;-0.0878042;-13.0958
-110.152;-40.0886;0.764544;-0.100017;-0.0938567;-13.8464
-101.326;-40.0886;0.674211;-0.109986;-0.100886;-14.5568
-92.5009;-40.0886;0.629524;-0.11687;-0.108635;-15.2643
-83.6754;-40.0886;0.638165;-0.113952;-0.116662;-15.9527
-74.85;-40.0886;0.635258;-0.102466;-0.123288;-16.5793
-66.0245;-40.0886;0.589351;-0.0908117;-0.128303;-17.1486
-30.7227;-40.0886;0.777794;0.00169394;-0.124283;-19.2424
-21.8972;-40.0886;0.745955;0.0369065;-0.128546;-19.6099
-13.0718;-40.0886;0.735334;0.0718711;-0.131726;-19.8661
-4.24634;-40.0886;0.720812;0.116585;-0.138616;-20.0426
4.57912;-40.0886;0.731063;0.164054;-0.152566;-20.1386
13.4046;-40.0886;0.746188;0.21;-0.164382;-20.1516
22.23;-40.0886;0.729607;0.251587;-0.169705;-20.0682
31.0555;-40.0886;0.660023;0.287677;-0.172735;-19.8779
39.8809;-40.0886;0.60733;0.319053;-0.175775;-19.5961
48.7064;-40.0886;0.571975;0.348554;-0.173918;-19.2498
57.5318;-40.0886;0.527565;0.374678;-0.168209;-18.8421
66.3573;-40.0886;0.483725;0.394744;-0.158755;-18.3725
75.1828;-40.0886;0.458638;0.407652;-0.14577;-17.8459
84.0082;-40.0886;0.443012;0.420014;-0.131004;-17.2871
92.8337;-40.0886;0.437177;0.430225;-0.113695;-16.6957
101.659;-40.0886;0.527062;0.436846;-0.100582;-16.1622
110.485;-40.0886;0.688307;0.439219;-0.0933173;-15.637
119.31;-40.0886;0.838679;0.43646;-0.0902397;-15.0263
128.135;-40.0886;0.865206;0.429687;-0.0864342;-14.2509
136.961;-40.0886;0.756769;0.419341;-0.0762909;-13.3395
145.786;-40.0886;0.755945;0.40381;-0.0648529;-12.4668
154.612;-40.0886;0.881961;0.388458;-0.0537479;-11.6766
163.437;-40.0886;1.04644;0.366407;-0.0424036;-10.8944
172.263;-40.0886;1.14595;0.337872;-0.0333517;-10.0492
181.088;-40.0886;1.15042;0.307565;-0.0257495;-9.08763
189.914;-40.0886;1.12767;0.273723;-0.0180725;-8.06677
198.739;-40.0886;1.11418;0.236021;-0.00883775;-7.02261
207.565;-40.0886;1.10563;0.193383;-0.00113082;-5.95713
216.39;-40.0886;1.15201;0.144833;0.00682975;-4.89099
225.215;-40.0886;1.21308;0.102431;0.0153652;-3.84528
234.041;-40.0886;1.24488;0.0722662;0.0219432;-2.77121
242.866;-40.0886;1.24717;0.0499736;0.0291738;-1.66767
-224.883;-48.914;0.865922;0.0976912;0.0325521;-1.80971
-216.057;-48.914;0.72898;0.0679939;0.0282632;-2.76171
-207.232;-48.914;0.812433;0.0490229;0.0284317;-3.75211
-198.406;-48.914;0.880734;0.0231835;0.0270998;-4.78536
-189.581;-48.914;0.833176;0.00887845;0.0116504;-5.73945
-180.755;-48.914;0.791135;0.00914178;-0.0143951;-6.65508
-171.93;-48.914;0.824701;0.00478451;-0.0405917;-7.57548
-163.105;-48.914;0.841976;-0.00819968;-0.056065;-8.51722
-154.279;-48.914;0.809374;-0.0254826;-0.0635586;-9.40289
-145.454;-48.914;0.767408;-0.0478431;-0.0718934;-10.2796
-136.628;-48.914;0.770203;-0.0689463;-0.0839405;-11.166
-127.803;-48.914;0.826843;-0.0783207;-0.0909922;-12.0728
-118.977;-48.914;0.856381;-0.0836417;-0.0956723;-12.9014
-110.152;-48.914;0.794969;-0.0927865;-0.10288;-13.6649
-101.326;-48.914;0.715187;-0.101917;-0.110883;-14.3692
-92.5009;-48.914;0.675647;-0.106365;-0.120179;-15.054
-83.6754;-48.914;0.674414;-0.10237;-0.131868;-15.7245
-74.85;-48.914;0.658513;-0.090377;-0.141008;-16.3382
-66.0245;-48.914;0.61066;-0.0770551;-0.145562;-16.8886
-57.1991;-48.914;0.586636;-0.0690237;-0.145614;-17.4476
-30.7227;-48.914;0.659317;0.0108728;-0.149443;-18.875
-21.8972;-48.914;0.60846;0.0467476;-0.149761;-19.21
-13.0718;-48.914;0.635532;0.0796105;-0.147952;-19.4781
-4.24634;-48.914;0.670246;0.119218;-0.15259;-19.6617
4.57912;-48.914;0.666519;0.161285;-0.164268;-19.7287
13.4046;-48.914;0.628165;0.201009;-0.173854;-19.6861
22.23;-48.914;0.577527;0.237112;-0.177465;-19.5606
31.0555;-48.914;0.530984;0.272942;-0.180869;-19.3824
39.8809;-48.914;0.466423;0.305288;-0.184535;-19.0996
48.7064;-48.914;0.407715;0.334114;-0.185517;-18.7445
57.5318;-48.914;0.373099;0.358566;-0.181824;-18.3529
66.3573;-48.914;0.344315;0.379751;-0.172711;-17.9087
75.1828;-48.914;0.307852;0.394764;-0.160136;-17.3827
84.0082;-48.914;0.271367;0.408578;-0.147711;-16.82
92.8337;-48.914;0.286973;0.41557;-0.131772;-16.2544
101.659;-48.914;0.340222;0.419575;-0.118887;-15.6898
110.485;-48.914;0.408089;0.419108;-0.111239;-15.0787
119.31;-48.914;0.471912;0.412763;-0.106076;-14.3897
128.135;-48.914;0.525427;0.403667;-0.0985422;-13.6362
136.961;-48.914;0.58322;0.397246;-0.0870573;-12.8798
145.786;-48.914;0.663903;0.387569;-0.0741553;-12.0922
154.612;-48.914;0.762039;0.37312;-0.0596753;-11.2863
163.437;-48.914;0.858186;0.351192;-0.0465239;-10.4602
172.263;-48.914;0.927673;0.324412;-0.0389917;-9.60309
181.088;-48.914;0.938949;0.297926;-0.0335255;-8.66146
189.914;-48.914;0.926545;0.267613;-0.027021;-7.66111
198.739;-48.914;0.914814;0.230314;-0.018277;-6.62457
207.565;-48.914;0.91584;0.188435;-0.0106079;-5.58137
216.39;-48.914;0.96787;0.144106;-0.00310639;-4.54333
225.215;-48.914;1.02862;0.109263;0.00177341;-3.53288
234.041;-48.914;1.06273;0.0753205;0.00645256;-2.47324
242.866;-48.914;1.04904;0.0389611;0.0174429;-1.3573
-224.883;-57.7395;0.947195;0.116779;0.0301826;-1.68958
-216.057;-57.7395;0.801921;0.0808933;0.0253526;-2.62853
-207.232;-57.7395;0.859252;0.0603859;0.0290352;-3.59357
-198.406;-57.7395;0.91912;0.0443229;0.0258473;-4.59997
-189.581;-57.7395;0.851179;0.0398108;0.00253841;-5.55192
-180.755;-57.7395;0.810646;0.044957;-0.0266732;-6.45741
-171.93;-57.7395;0.836867;0.0322538;-0.0485836;-7.37558
-163.105;-57.7395;0.841083;0.0119619;-0.0600565;-8.3065
-154.279;-57.7395;0.784737;-0.00701461;-0.0668704;-9.15563
-145.454;-57.7395;0.706254;-0.0298712;-0.0757211;-9.99741
-136.628;-57.7395;0.685104;-0.0521416;-0.0876622;-10.8651
-127.803;-57.7395;0.778949;-0.0623538;-0.093821;-11.7725
-118.977;-57.7395;0.82595;-0.0688691;-0.0997294;-12.6073
-110.152;-57.7395;0.772569;-0.0806054;-0.110422;-13.3837
-101.326;-57.7395;0.709397;-0.0887901;-0.120338;-14.0857
-92.5009;-57.7395;0.672548;-0.0897501;-0.127908;-14.7488
-83.6754;-57.7395;0.653724;-0.0843882;-0.13718;-15.3916
-74.85;-57.7395;0.632789;-0.0755238;-0.148133;-16.0008
-66.0245;-57.7395;0.601986;-0.0644909;-0.155526;-16.5475
-57.1991;-57.7395;0.580628;-0.0542542;-0.157918;-17.0736
-30.7227;-57.7395;0.603584;0.0158684;-0.17632;-18.3955
-21.8972;-57.7395;0.548689;0.0523931;-0.175487;-18.7303
-13.0718;-57.7395;0.555777;0.0859528;-0.173044;-18.9872
-4.24634;-57.7395;0.584587;0.123154;-0.175679;-19.1604
4.57912;-57.7395;0.576389;0.159268;-0.183274;-19.2255
13.4046;-57.7395;0.524496;0.1933;-0.18964;-19.1789
22.23;-57.7395;0.460668;0.225691;-0.191459;-19.0449
31.0555;-57.7395;0.413791;0.259492;-0.193481;-18.855
39.8809;-57.7395;0.354375;0.292981;-0.198022;-18.5703
48.7064;-57.7395;0.302228;0.32194;-0.202116;-18.2376
57.5318;-57.7395;0.283121;0.346423;-0.202846;-17.8745
66.3573;-57.7395;0.249495;0.368716;-0.196972;-17.4333
75.1828;-57.7395;0.17243;0.382716;-0.185157;-16.8652
84.0082;-57.7395;0.0866139;0.397286;-0.174118;-16.275
92.8337;-57.7395;0.0942326;0.402855;-0.160298;-15.718
101.659;-57.7395;0.122364;0.405469;-0.147762;-15.1405
110.485;-57.7395;0.166296;0.405568;-0.138829;-14.5133
119.31;-57.7395;0.249459;0.401509;-0.131251;-13.8485
128.135;-57.7395;0.410716;0.391113;-0.119567;-13.1962
136.961;-57.7395;0.575063;0.381643;-0.104725;-12.5371
145.786;-57.7395;0.696298;0.372624;-0.0872282;-11.8078
154.612;-57.7395;0.780799;0.35591;-0.0682653;-11.0036
163.437;-57.7395;0.846374;0.332294;-0.0520728;-10.1572
172.263;-57.7395;0.913719;0.305957;-0.0425323;-9.29238
181.088;-57.7395;0.944669;0.281665;-0.0354855;-8.36302
189.914;-57.7395;0.950389;0.253211;-0.0280408;-7.38227
198.739;-57.7395;0.956095;0.215307;-0.0178195;-6.3664
207.565;-57.7395;0.990324;0.174017;-0.00907767;-5.3579
216.39;-57.7395;1.04892;0.134939;-0.00258209;-4.34192
225.215;-57.7395;1.0638;0.101156;0.00108984;-3.30439
234.041;-57.7395;1.0427;0.0632153;0.00525824;-2.18693
242.866;-57.7395;1.01107;0.0158889;0.0165668;-1.02717
-216.057;-66.5649;0.901035;0.0926285;0.0307672;-2.46589
-207.232;-66.5649;0.893053;0.0711782;0.0320195;-3.39689
-198.406;-66.5649;0.910619;0.061645;0.0214599;-4.35921
-189.581;-66.5649;0.87609;0.0685943;-0.0064271;-5.27699
-180.755;-66.5649;0.833207;0.0684125;-0.0315277;-6.18526
-171.93;-66.5649;0.825691;0.0506933;-0.0483044;-7.10314
-163.105;-66.5649;0.825733;0.0286211;-0.0575467;-8.02703
-154.279;-66.5649;0.788037;0.0105213;-0.0653325;-8.8816
-145.454;-66.5649;0.714623;-0.009347;-0.0761022;-9.71115
-136.628;-66.5649;0.661305;-0.0313953;-0.0888613;-10.5462
-127.803;-66.5649;0.679361;-0.0467385;-0.0971561;-11.4205
-118.977;-66.5649;0.700673;-0.0523726;-0.106247;-12.2325
-110.152;-66.5649;0.670074;-0.0641742;-0.120376;-13.0035
-101.326;-66.5649;0.631413;-0.0722373;-0.13263;-13.7043
-92.5009;-66.5649;0.597172;-0.0723818;-0.140202;-14.3584
-83.6754;-66.5649;0.567575;-0.0675655;-0.14888;-14.9828
-74.85;-66.5649;0.548674;-0.0624342;-0.162278;-15.5885
-66.0245;-66.5649;0.547977;-0.054854;-0.175085;-16.1474
-57.1991;-66.5649;0.541959;-0.0412893;-0.182603;-16.6435
-30.7227;-66.5649;0.596271;0.0245632;-0.210109;-17.9042
-21.8972;-66.5649;0.566362;0.0595757;-0.21397;-18.2427
-13.0718;-66.5649;0.530771;0.0926327;-0.215711;-18.4543
-4.24634;-66.5649;0.52114;0.127625;-0.217157;-18.598
4.57912;-66.5649;0.51681;0.157441;-0.219477;-18.6699
13.4046;-66.5649;0.482112;0.186269;-0.22007;-18.6448
22.23;-66.5649;0.432345;0.216098;-0.217901;-18.5331
31.0555;-66.5649;0.398952;0.247286;-0.215582;-18.3532
39.8809;-66.5649;0.373328;0.279921;-0.216535;-18.0975
48.7064;-66.5649;0.362578;0.307166;-0.219471;-17.8144
57.5318;-66.5649;0.366927;0.332272;-0.224604;-17.4905
66.3573;-66.5649;0.34401;0.3578;-0.22443;-17.0794
75.1828;-66.5649;0.278969;0.376194;-0.212846;-16.5494
84.0082;-66.5649;0.210789;0.388991;-0.197946;-15.9893
92.8337;-66.5649;0.2275;0.395075;-0.184439;-15.4645
101.659;-66.5649;0.280477;0.397715;-0.1725;-14.9128
110.485;-66.5649;0.371809;0.39648;-0.162845;-14.3147
119.31;-66.5649;0.516321;0.390994;-0.154376;-13.6949
128.135;-66.5649;0.726607;0.378783;-0.141143;-13.0912
136.961;-66.5649;0.960386;0.362818;-0.125445;-12.4811
145.786;-66.5649;1.07664;0.348907;-0.10398;-11.7559
154.612;-66.5649;1.10651;0.330791;-0.0815357;-10.9196
163.437;-66.5649;1.10497;0.30844;-0.0617407;-10.0198
172.263;-66.5649;1.12433;0.28387;-0.0470838;-9.10579
181.088;-66.5649;1.12225;0.260532;-0.0347049;-8.15026
189.914;-66.5649;1.10562;0.232736;-0.0247926;-7.1583
198.739;-66.5649;1.09572;0.195984;-0.0142743;-6.13929
207.565;-66.5649;1.11382;0.156152;-0.00577292;-5.12425
216.39;-66.5649;1.13487;0.120037;0.000395157;-4.09038
225.215;-66.5649;1.08043;0.0873105;0.0031051;-3.01295
234.041;-66.5649;1.0175;0.0485166;0.00683466;-1.86722
-216.057;-75.3904;0.949898;0.115485;0.0410816;-2.23592
-207.232;-75.3904;0.876867;0.0920204;0.0360091;-3.12981
-198.406;-75.3904;0.812849;0.081037;0.0135559;-4.05675
-189.581;-75.3904;0.730087;0.0772096;-0.0166878;-4.96991
-180.755;-75.3904;0.700644;0.0677786;-0.0389601;-5.87736
-171.93;-75.3904;0.710295;0.0490173;-0.0529926;-6.78565
-163.105;-75.3904;0.733936;0.0299495;-0.062311;-7.69923
-154.279;-75.3904;0.740455;0.0160513;-0.0705164;-8.56348
-145.454;-75.3904;0.707293;4.0864e-05;-0.0812627;-9.39168
-136.628;-75.3904;0.64791;-0.0212393;-0.0944113;-10.1927
-127.803;-75.3904;0.613894;-0.03755;-0.106949;-11.0166
-118.977;-75.3904;0.599771;-0.0422481;-0.119477;-11.7984
-110.152;-75.3904;0.579354;-0.0503641;-0.135797;-12.5557
-101.326;-75.3904;0.560919;-0.0555774;-0.151282;-13.2584
-92.5009;-75.3904;0.534831;-0.0544723;-0.161293;-13.9082
-83.6754;-75.3904;0.50691;-0.0505528;-0.171695;-14.5276
-74.85;-75.3904;0.498172;-0.0479425;-0.187355;-15.1323
-66.0245;-75.3904;0.519005;-0.041087;-0.203058;-15.7006
-57.1991;-75.3904;0.525238;-0.026577;-0.215544;-16.1855
-48.3736;-75.3904;0.526994;0.0352502;-0.25072;-17.3102
-39.5482;-75.3904;0.562585;0.0609847;-0.25851;-17.702
-30.7227;-75.3904;0.611536;0.0353911;-0.243172;-17.4053
-21.8972;-75.3904;0.626673;0.0650651;-0.252085;-17.7248
-13.0718;-75.3904;0.581642;0.0979335;-0.260514;-17.9365
-4.24634;-75.3904;0.551274;0.130774;-0.259476;-18.0647
4.57912;-75.3904;0.560122;0.158122;-0.257651;-18.1518
13.4046;-75.3904;0.569317;0.186103;-0.256109;-18.1764
22.23;-75.3904;0.565344;0.213023;-0.254113;-18.111
31.0555;-75.3904;0.562363;0.238271;-0.247043;-17.9674
39.8809;-75.3904;0.583095;0.262626;-0.236734;-17.7563
48.7064;-75.3904;0.617587;0.285268;-0.232866;-17.5142
57.5318;-75.3904;0.681257;0.309585;-0.242409;-17.2458
66.3573;-75.3904;0.772195;0.33591;-0.250115;-16.9395
75.1828;-75.3904;0.855197;0.356728;-0.240236;-16.5518
84.0082;-75.3904;0.882269;0.369318;-0.223451;-16.0765
92.8337;-75.3904;0.80553;0.380151;-0.210155;-15.5162
101.659;-75.3904;0.891397;0.378346;-0.198059;-14.9755
110.485;-75.3904;1.05314;0.374077;-0.18533;-14.4312
119.31;-75.3904;1.19518;0.368313;-0.172204;-13.822
128.135;-75.3904;1.27686;0.359032;-0.156352;-13.1291
136.961;-75.3904;1.43191;0.340901;-0.13797;-12.4577
145.786;-75.3904;1.48144;0.322789;-0.114018;-11.6679
154.612;-75.3904;1.45642;0.302903;-0.0890522;-10.7833
163.437;-75.3904;1.40393;0.280811;-0.0657841;-9.84136
172.263;-75.3904;1.36801;0.257007;-0.0462818;-8.87697
181.088;-75.3904;1.31483;0.234359;-0.0293998;-7.88482
189.914;-75.3904;1.25233;0.207222;-0.0172568;-6.8657
198.739;-75.3904;1.20367;0.174068;-0.00803519;-5.8321
207.565;-75.3904;1.18355;0.137293;-0.00107416;-4.7959
216.39;-75.3904;1.15478;0.102213;0.00526407;-3.73075
225.215;-75.3904;1.06345;0.0692879;0.00931133;-2.63351
234.041;-75.3904;1.0136;0.0353689;0.0121105;-1.53206
-216.057;-84.2158;1.00369;0.135242;0.0482011;-1.9371
-207.232;-84.2158;0.839883;0.116523;0.0383846;-2.80363
-198.406;-84.2158;0.730979;0.0996541;0.00882493;-3.7136
-189.581;-84.2158;0.652312;0.0856394;-0.0204231;-4.6193
-180.755;-84.2158;0.627619;0.0683036;-0.0425313;-5.52481
-171.93;-84.2158;0.645645;0.0484164;-0.0569699;-6.42652
-163.105;-84.2158;0.664561;0.0295578;-0.068789;-7.32777
-154.279;-84.2158;0.67174;0.0154101;-0.0799523;-8.1909
-145.454;-84.2158;0.662174;0.00127151;-0.0921838;-9.01527
-136.628;-84.2158;0.634759;-0.0160323;-0.105388;-9.80515
-127.803;-84.2158;0.604648;-0.0301336;-0.121282;-10.599
-118.977;-84.2158;0.583642;-0.0354361;-0.138001;-11.3651
-110.152;-84.2158;0.581277;-0.040702;-0.156339;-12.1129
-101.326;-84.2158;0.575613;-0.0431574;-0.175449;-12.8249
-92.5009;-84.2158;0.556528;-0.040856;-0.189338;-13.4724
-83.6754;-84.2158;0.536586;-0.0362308;-0.201117;-14.0823
-74.85;-84.2158;0.539308;-0.0317657;-0.215825;-14.6723
-66.0245;-84.2158;0.568919;-0.0228086;-0.230305;-15.2338
-57.1991;-84.2158;0.580059;-0.0088236;-0.244325;-15.7284
-48.3736;-84.2158;0.558376;0.00686412;-0.254565;-16.1551
-39.5482;-84.2158;0.583577;0.0245161;-0.258746;-16.536
-30.7227;-84.2158;0.64618;0.0460197;-0.263301;-16.8877
-21.8972;-84.2158;0.695398;0.0708476;-0.273264;-17.189
-13.0718;-84.2158;0.701561;0.0976782;-0.282575;-17.4174
-4.24634;-84.2158;0.708334;0.127697;-0.279395;-17.5668
4.57912;-84.2158;0.70673;0.157106;-0.274432;-17.6544
13.4046;-84.2158;0.71595;0.184198;-0.273219;-17.6841
22.23;-84.2158;0.724198;0.20744;-0.273792;-17.6474
31.0555;-84.2158;0.732775;0.22807;-0.268181;-17.5449
39.8809;-84.2158;0.778332;0.250003;-0.255208;-17.3869
48.7064;-84.2158;0.902044;0.271002;-0.252122;-17.2063
57.5318;-84.2158;0.990934;0.302519;-0.268163;-16.9699
66.3573;-84.2158;1.12534;0.333523;-0.281524;-16.7277
75.1828;-84.2158;1.28482;0.354003;-0.273552;-16.4312
84.0082;-84.2158;1.37189;0.362824;-0.258423;-16.0068
92.8337;-84.2158;1.29131;0.367762;-0.246303;-15.4238
101.659;-84.2158;1.36088;0.361309;-0.230269;-14.8611
110.485;-84.2158;1.49989;0.356293;-0.208528;-14.3164
119.31;-84.2158;1.61961;0.346704;-0.184768;-13.6955
128.135;-84.2158;1.67066;0.335935;-0.16001;-12.9817
136.961;-84.2158;1.74476;0.315749;-0.136863;-12.2312
145.786;-84.2158;1.71012;0.295819;-0.113268;-11.364
154.612;-84.2158;1.62591;0.274597;-0.0871382;-10.4243
163.437;-84.2158;1.54478;0.251253;-0.0598558;-9.45504
172.263;-84.2158;1.49882;0.226344;-0.03678;-8.48555
181.088;-84.2158;1.42098;0.204856;-0.0185192;-7.48914
189.914;-84.2158;1.32074;0.178364;-0.00592997;-6.45305
198.739;-84.2158;1.23096;0.149826;0.00259586;-5.40686
207.565;-84.2158;1.17296;0.117967;0.00839801;-4.35603
216.39;-84.2158;1.11585;0.0852039;0.0144109;-3.28168
225.215;-84.2158;1.06681;0.0570906;0.0168144;-2.21768
234.041;-84.2158;1.06963;0.0293467;0.0173042;-1.20991
-216.057;-93.0413;1.06898;0.149189;0.0538241;-1.56207
-207.232;-93.0413;0.822273;0.128055;0.0380103;-2.47268
-198.406;-93.0413;0.71577;0.114865;0.00964941;-3.36707
-189.581;-93.0413;0.69599;0.0970089;-0.0180985;-4.26766
-180.755;-93.0413;0.677793;0.0749636;-0.0415991;-5.17136
-171.93;-93.0413;0.682748;0.0544918;-0.0568316;-6.05608
-163.105;-93.0413;0.664455;0.0325708;-0.0719875;-6.92997
-154.279;-93.0413;0.638485;0.0139308;-0.0874316;-7.77851
-145.454;-93.0413;0.629637;0.000233943;-0.101752;-8.59804
-136.628;-93.0413;0.634518;-0.0105239;-0.114692;-9.38978
-127.803;-93.0413;0.623049;-0.0202391;-0.132224;-10.1562
-118.977;-93.0413;0.608085;-0.02769;-0.15212;-10.9092
-110.152;-93.0413;0.637475;-0.0339616;-0.17031;-11.6553
-101.326;-93.0413;0.641485;-0.0369672;-0.188537;-12.3651
-92.5009;-93.0413;0.632455;-0.0357809;-0.205639;-13.0222
-83.6754;-93.0413;0.625642;-0.0296861;-0.220607;-13.6325
-74.85;-93.0413;0.632514;-0.020418;-0.234139;-14.2051
-66.0245;-93.0413;0.663024;-0.0116491;-0.245876;-14.7567
-57.1991;-93.0413;0.686;0.00172505;-0.255112;-15.241
-48.3736;-93.0413;0.667616;0.0160748;-0.262267;-15.6459
-39.5482;-93.0413;0.666866;0.032211;-0.264889;-15.9914
-30.7227;-93.0413;0.695865;0.0522911;-0.267612;-16.3093
-21.8972;-93.0413;0.735631;0.0754325;-0.274392;-16.5958
-13.0718;-93.0413;0.762469;0.0997958;-0.282263;-16.8362
-4.24634;-93.0413;0.767958;0.126961;-0.281753;-17.0027
4.57912;-93.0413;0.762732;0.156493;-0.277783;-17.0818
13.4046;-93.0413;0.760134;0.18117;-0.275827;-17.0985
22.23;-93.0413;0.748373;0.201723;-0.278717;-17.0563
31.0555;-93.0413;0.728533;0.222898;-0.283387;-16.9468
39.8809;-93.0413;0.739641;0.252179;-0.286381;-16.7849
48.7064;-93.0413;0.890683;0.281557;-0.29819;-16.6132
57.5318;-93.0413;0.996304;0.313734;-0.314689;-16.3932
66.3573;-93.0413;1.13263;0.335472;-0.317077;-16.1474
75.1828;-93.0413;1.27785;0.351746;-0.303738;-15.8762
84.0082;-93.0413;1.35688;0.352873;-0.2869;-15.45
92.8337;-93.0413;1.33524;0.35236;-0.272824;-14.8921
101.659;-93.0413;1.42751;0.345084;-0.251516;-14.3523
110.485;-93.0413;1.55669;0.338216;-0.220553;-13.8082
119.31;-93.0413;1.67253;0.324565;-0.187331;-13.1868
128.135;-93.0413;1.74201;0.310851;-0.155558;-12.4875
136.961;-93.0413;1.75577;0.292254;-0.129;-11.6854
145.786;-93.0413;1.63365;0.273923;-0.107817;-10.7535
154.612;-93.0413;1.51677;0.252;-0.0842212;-9.79065
163.437;-93.0413;1.45666;0.227565;-0.0551734;-8.84425
172.263;-93.0413;1.45402;0.199939;-0.0283454;-7.91861
181.088;-93.0413;1.3907;0.179389;-0.00979202;-6.9558
189.914;-93.0413;1.2852;0.154828;0.00292396;-5.93422
198.739;-93.0413;1.18196;0.127206;0.0129496;-4.88698
207.565;-93.0413;1.11214;0.0988824;0.0196677;-3.84186
216.39;-93.0413;1.07185;0.0686972;0.0252024;-2.7997
225.215;-93.0413;1.09849;0.0435942;0.0259779;-1.81049
-207.232;-101.867;0.801129;0.144231;0.0415349;-2.05
-198.406;-101.867;0.719498;0.128513;0.013679;-2.97678
-189.581;-101.867;0.795724;0.104187;-0.0137757;-3.92905
-180.755;-101.867;0.806797;0.080166;-0.0359302;-4.83911
-171.93;-101.867;0.76851;0.0607001;-0.0522492;-5.68747
-163.105;-101.867;0.715157;0.0368119;-0.0701607;-6.51844
-154.279;-101.867;0.671558;0.0146518;-0.088392;-7.34344
-145.454;-101.867;0.658744;0.00108844;-0.103813;-8.15851
-136.628;-101.867;0.66153;-0.00448665;-0.116956;-8.94915
-127.803;-101.867;0.63583;-0.0095079;-0.135066;-9.68732
-118.977;-101.867;0.591784;-0.0195006;-0.156527;-10.4193
-110.152;-101.867;0.618626;-0.0281917;-0.174689;-11.1516
-101.326;-101.867;0.61724;-0.0318958;-0.191409;-11.8513
-92.5009;-101.867;0.625988;-0.0302051;-0.208771;-12.506
-83.6754;-101.867;0.646526;-0.0249833;-0.2257;-13.1076
-74.85;-101.867;0.658601;-0.0194071;-0.241344;-13.6596
-66.0245;-101.867;0.663292;-0.0145521;-0.255135;-14.1915
-57.1991;-101.867;0.698171;-0.00202681;-0.260776;-14.6599
-48.3736;-101.867;0.694516;0.016431;-0.264794;-15.0562
-39.5482;-101.867;0.672321;0.0371416;-0.267959;-15.3918
-30.7227;-101.867;0.680509;0.0566609;-0.269657;-15.6905
-21.8972;-101.867;0.715815;0.0753015;-0.271763;-15.9652
-13.0718;-101.867;0.735679;0.0960332;-0.277221;-16.2032
-4.24634;-101.867;0.737525;0.122395;-0.279347;-16.3676
4.57912;-101.867;0.733461;0.153186;-0.277663;-16.4387
13.4046;-101.867;0.719036;0.177468;-0.272766;-16.443
22.23;-101.867;0.701392;0.198059;-0.276111;-16.3869
31.0555;-101.867;0.686975;0.220184;-0.28908;-16.2654
39.8809;-101.867;0.69896;0.251378;-0.307057;-16.1054
48.7064;-101.867;0.849981;0.284181;-0.32707;-15.9323
57.5318;-101.867;0.941055;0.311921;-0.336667;-15.6941
66.3573;-101.867;1.03531;0.323828;-0.32972;-15.3994
75.1828;-101.867;1.12252;0.327358;-0.310492;-15.0528
84.0082;-101.867;1.16771;0.327363;-0.2915;-14.6184
92.8337;-101.867;1.18473;0.328357;-0.274794;-14.1099
101.659;-101.867;1.29912;0.322353;-0.250298;-13.6021
110.485;-101.867;1.40041;0.31612;-0.217321;-13.0437
119.31;-101.867;1.47468;0.3026;-0.183339;-12.3973
128.135;-101.867;1.50746;0.288418;-0.152993;-11.6755
136.961;-101.867;1.45027;0.270462;-0.128438;-10.823
145.786;-101.867;1.2685;0.254463;-0.106328;-9.85851
154.612;-101.867;1.18974;0.233689;-0.0804184;-8.95416
163.437;-101.867;1.222;0.209161;-0.0490188;-8.11162
172.263;-101.867;1.27142;0.178864;-0.0202692;-7.24243
181.088;-101.867;1.22096;0.157151;-0.000393648;-6.30062
189.914;-101.867;1.12545;0.134375;0.00813946;-5.29875
198.739;-101.867;1.04848;0.110262;0.0170828;-4.2851
207.565;-101.867;1.02286;0.0828394;0.0255734;-3.27958
216.39;-101.867;1.02018;0.0554895;0.0324379;-2.2818
225.215;-101.867;1.08945;0.0310441;0.0346373;-1.34134
-198.406;-110.692;0.717187;0.127838;0.0169219;-2.56213
-189.581;-110.692;0.844136;0.104917;-0.00726501;-3.54219
-180.755;-110.692;0.894843;0.0816391;-0.0252659;-4.44329
-171.93;-110.692;0.803297;0.0600535;-0.0459238;-5.2749
-163.105;-110.692;0.760428;0.0376815;-0.0658522;-6.08492
-154.279;-110.692;0.738951;0.0166972;-0.0841495;-6.89315
-145.454;-110.692;0.726123;0.00363493;-0.0992163;-7.69513
-136.628;-110.692;0.708907;-0.000147992;-0.112678;-8.46973
-127.803;-110.692;0.659952;-0.00187026;-0.128905;-9.18204
-118.977;-110.692;0.586507;-0.0117622;-0.150028;-9.88163
-110.152;-110.692;0.568927;-0.0214366;-0.171443;-10.5857
-101.326;-110.692;0.565672;-0.0236201;-0.191703;-11.2682
-92.5009;-110.692;0.59886;-0.0170586;-0.208396;-11.9036
-83.6754;-110.692;0.618248;-0.0109564;-0.227019;-12.4872
-74.85;-110.692;0.594603;-0.0112428;-0.248525;-13.0138
-66.0245;-110.692;0.572452;-0.0112753;-0.265202;-13.5295
-57.1991;-110.692;0.612062;-0.00100414;-0.270333;-13.9979
-48.3736;-110.692;0.642979;0.0176408;-0.271275;-14.3999
-39.5482;-110.692;0.615599;0.0401199;-0.272369;-14.731
-30.7227;-110.692;0.595595;0.0600395;-0.270907;-15.0146
-21.8972;-110.692;0.60992;0.0769247;-0.270282;-15.2638
-13.0718;-110.692;0.631383;0.0961817;-0.272577;-15.4837
-4.24634;-110.692;0.647129;0.12207;-0.274393;-15.6498
4.57912;-110.692;0.670263;0.153825;-0.272736;-15.7321
13.4046;-110.692;0.687747;0.176645;-0.267503;-15.7544
22.23;-110.692;0.687154;0.196313;-0.273899;-15.6993
31.0555;-110.692;0.684515;0.217317;-0.291321;-15.5706
39.8809;-110.692;0.718362;0.243565;-0.313261;-15.4154
48.7064;-110.692;0.866139;0.271272;-0.329176;-15.256
57.5318;-110.692;0.95415;0.294969;-0.330986;-15.0183
66.3573;-110.692;1.0145;0.303729;-0.320186;-14.692
75.1828;-110.692;1.07245;0.308302;-0.302458;-14.325
84.0082;-110.692;1.1305;0.310666;-0.283229;-13.9026
92.8337;-110.692;1.17614;0.309261;-0.262993;-13.4238
101.659;-110.692;1.28193;0.299394;-0.236957;-12.9051
110.485;-110.692;1.28165;0.291017;-0.209752;-12.2525
119.31;-110.692;1.21841;0.278212;-0.182326;-11.501
128.135;-110.692;1.1305;0.265449;-0.157318;-10.7065
136.961;-110.692;0.969723;0.249619;-0.13436;-9.80999
145.786;-110.692;0.885389;0.229147;-0.107688;-8.93585
154.612;-110.692;0.955792;0.206667;-0.0736171;-8.16506
163.437;-110.692;1.07925;0.183295;-0.0352055;-7.41822
172.263;-110.692;1.11322;0.151395;-0.00645527;-6.5529
181.088;-110.692;0.98789;0.13034;0.0130206;-5.5505
189.914;-110.692;0.929164;0.111187;0.019034;-4.59547
198.739;-110.692;0.941269;0.0937823;0.0212152;-3.68367
207.565;-110.692;1.03098;0.0678141;0.0303476;-2.77908
216.39;-110.692;1.07682;0.042443;0.0428308;-1.83455
-198.406;-119.518;0.69361;0.119886;0.0215445;-2.10981
-189.581;-119.518;0.779288;0.104899;0.00246164;-3.0416
-180.755;-119.518;0.824378;0.0784917;-0.0176504;-3.9688
-171.93;-119.518;0.736386;0.0499202;-0.0418406;-4.80168
-163.105;-119.518;0.750426;0.0317776;-0.0611381;-5.59694
-154.279;-119.518;0.751468;0.0143435;-0.0795329;-6.38782
-145.454;-119.518;0.723138;0.001981;-0.0945847;-7.15637
-136.628;-119.518;0.68858;-0.000363022;-0.106221;-7.90995
-127.803;-119.518;0.638272;0.00428922;-0.117297;-8.59833
-118.977;-119.518;0.54486;-0.00212971;-0.140751;-9.27733
-110.152;-119.518;0.516205;-0.0112452;-0.166687;-9.96378
-101.326;-119.518;0.509938;-0.015282;-0.192513;-10.6283
-92.5009;-119.518;0.55022;-0.0100839;-0.213269;-11.2499
-83.6754;-119.518;0.573084;-0.00457849;-0.233144;-11.8232
-74.85;-119.518;0.540095;-0.0052573;-0.253348;-12.3288
-66.0245;-119.518;0.497881;-0.00537987;-0.269881;-12.8231
-57.1991;-119.518;0.52905;0.00405505;-0.275194;-13.2858
-48.3736;-119.518;0.575267;0.0175171;-0.275219;-13.7072
-39.5482;-119.518;0.55288;0.0381748;-0.272861;-14.0447
-30.7227;-119.518;0.502424;0.0584032;-0.268933;-14.2914
-21.8972;-119.518;0.468614;0.077967;-0.265447;-14.4949
-13.0718;-119.518;0.475131;0.100646;-0.262935;-14.6875
-4.24634;-119.518;0.534917;0.127358;-0.260488;-14.8611
4.57912;-119.518;0.615554;0.156568;-0.260193;-14.9756
13.4046;-119.518;0.703844;0.178454;-0.260757;-15.0511
22.23;-119.518;0.747258;0.195638;-0.273098;-15.0164
31.0555;-119.518;0.738872;0.213119;-0.291793;-14.8785
39.8809;-119.518;0.740709;0.231967;-0.308339;-14.6916
48.7064;-119.518;0.858167;0.250236;-0.31467;-14.5211
57.5318;-119.518;0.96693;0.268064;-0.311665;-14.2869
66.3573;-119.518;1.02056;0.277513;-0.302208;-13.9526
75.1828;-119.518;1.05405;0.283834;-0.288304;-13.566
84.0082;-119.518;1.09641;0.28514;-0.270545;-13.1285
92.8337;-119.518;1.13072;0.280086;-0.251159;-12.6339
101.659;-119.518;1.14416;0.271819;-0.229409;-12.056
110.485;-119.518;1.05128;0.26625;-0.202497;-11.336
119.31;-119.518;0.903172;0.252714;-0.176613;-10.5214
128.135;-119.518;0.771097;0.237858;-0.154365;-9.71988
136.961;-119.518;0.698075;0.220213;-0.129313;-8.94221
145.786;-119.518;0.77285;0.198568;-0.0966403;-8.22091
154.612;-119.518;0.997873;0.172157;-0.0556686;-7.55597
163.437;-119.518;1.09766;0.146327;-0.0176143;-6.76433
172.263;-119.518;0.914538;0.120106;0.00677954;-5.74288
181.088;-119.518;0.705507;0.101315;0.0240231;-4.68898
189.914;-119.518;0.799728;0.0811246;0.0339669;-3.88449
198.739;-119.518;0.999974;0.0631892;0.0457403;-3.15767
207.565;-119.518;1.19553;0.0428477;0.0529286;-2.36942
216.39;-119.518;1.24719;0.0246751;0.0578259;-1.45648
-189.581;-128.343;0.689181;0.097804;0.00900622;-2.51699
-180.755;-128.343;0.734131;0.072555;-0.0111761;-3.39619
-171.93;-128.343;0.66734;0.0367356;-0.0392222;-4.25859
-163.105;-128.343;0.690283;0.0190753;-0.0575265;-5.05316
-154.279;-128.343;0.669882;0.00368615;-0.0774972;-5.81973
-145.454;-128.343;0.603658;-0.00612053;-0.0925529;-6.52975
-136.628;-128.343;0.558386;-0.00632868;-0.10334;-7.26129
-127.803;-128.343;0.547746;0.00374778;-0.112345;-7.95384
-118.977;-128.343;0.486882;0.00534514;-0.135958;-8.63616
-110.152;-128.343;0.466409;-0.0024278;-0.165056;-9.3063
-101.326;-128.343;0.435498;-0.0121044;-0.192241;-9.94056
-92.5009;-128.343;0.456961;-0.0116544;-0.217141;-10.5424
-83.6754;-128.343;0.496578;-0.00632961;-0.239668;-11.1202
-74.85;-128.343;0.49563;-0.00291194;-0.256575;-11.6326
-66.0245;-128.343;0.450959;-8.84566e-05;-0.270599;-12.0963
-57.1991;-128.343;0.447103;0.00763689;-0.276783;-12.545
-48.3736;-128.343;0.50561;0.0129809;-0.276887;-12.9804
-39.5482;-128.343;0.457186;0.0302719;-0.274045;-13.2956
-30.7227;-128.343;0.314453;0.0531931;-0.271683;-13.4511
-21.8972;-128.343;0.205968;0.0779001;-0.267973;-13.582
-13.0718;-128.343;0.227599;0.103776;-0.258054;-13.7669
-4.24634;-128.343;0.371277;0.132897;-0.244479;-13.9952
4.57912;-128.343;0.535215;0.159355;-0.247533;-14.1803
13.4046;-128.343;0.694451;0.178066;-0.255495;-14.2804
22.23;-128.343;0.804948;0.194459;-0.270648;-14.2836
31.0555;-128.343;0.797287;0.207701;-0.285749;-14.1357
39.8809;-128.343;0.693872;0.220855;-0.295081;-13.8816
48.7064;-128.343;0.734071;0.234;-0.295106;-13.6568
57.5318;-128.343;0.816727;0.246546;-0.289455;-13.3974
66.3573;-128.343;0.858962;0.255204;-0.280805;-13.0562
75.1828;-128.343;0.858601;0.260498;-0.269871;-12.6399
84.0082;-128.343;0.831581;0.26101;-0.257088;-12.149
92.8337;-128.343;0.787723;0.256551;-0.242892;-11.5896
101.659;-128.343;0.784922;0.246753;-0.222406;-10.9981
110.485;-128.343;0.776624;0.237775;-0.193307;-10.3438
119.31;-128.343;0.726223;0.225819;-0.164594;-9.64203
128.135;-128.343;0.668334;0.211307;-0.138497;-8.93991
136.961;-128.343;0.696418;0.194698;-0.110285;-8.27256
145.786;-128.343;0.881081;0.172613;-0.0757594;-7.65194
154.612;-128.343;0.966459;0.150855;-0.0353127;-6.88134
163.437;-128.343;0.8383;0.11859;-0.00969644;-5.87505
172.263;-128.343;0.528651;0.0934493;0.0111067;-4.75987
181.088;-128.343;0.450594;0.0727836;0.0300546;-3.82479
189.914;-128.343;0.867538;0.0458829;0.0488135;-3.28449
198.739;-128.343;1.31064;0.0267811;0.0680893;-2.7445
207.565;-128.343;1.53346;0.0109593;0.071357;-2.02538
-189.581;-137.169;0.548652;0.0759476;0.0129518;-1.94334
-180.755;-137.169;0.621879;0.056802;-0.00847638;-2.79256
-171.93;-137.169;0.606316;0.028365;-0.0325478;-3.63116
-163.105;-137.169;0.608188;0.0108258;-0.0531741;-4.44005
-154.279;-137.169;0.528809;-0.00424208;-0.0765086;-5.18043
-145.454;-137.169;0.423226;-0.0145881;-0.093455;-5.84901
-136.628;-137.169;0.391388;-0.0164313;-0.105968;-6.57791
-127.803;-137.169;0.438789;-0.00480929;-0.115193;-7.2923
-118.977;-137.169;0.437491;0.00465753;-0.137344;-7.98185
-110.152;-137.169;0.410581;0.000355899;-0.165963;-8.62449
-101.326;-137.169;0.348234;-0.0101065;-0.192725;-9.2208
-92.5009;-137.169;0.344077;-0.0142003;-0.219048;-9.80718
-83.6754;-137.169;0.417965;-0.010854;-0.241147;-10.3996
-74.85;-137.169;0.467479;-0.0045918;-0.255631;-10.9198
-66.0245;-137.169;0.410117;0.000825343;-0.269062;-11.3468
-57.1991;-137.169;0.336509;0.00644952;-0.279407;-11.7696
-48.3736;-137.169;0.397446;0.00399224;-0.281489;-12.1886
-39.5482;-137.169;0.253969;0.0200242;-0.284655;-12.4051
-30.7227;-137.169;-0.118194;0.0456987;-0.290643;-12.361
-21.8972;-137.169;-0.367691;0.0715357;-0.29182;-12.3534
-13.0718;-137.169;-0.260274;0.0949569;-0.276026;-12.5738
-4.24634;-137.169;0.0275552;0.127516;-0.247089;-12.9724
4.57912;-137.169;0.290734;0.154511;-0.242345;-13.2185
13.4046;-137.169;0.482458;0.170723;-0.25444;-13.308
22.23;-137.169;0.60229;0.184732;-0.269222;-13.293
31.0555;-137.169;0.641833;0.197485;-0.278637;-13.1789
39.8809;-137.169;0.613834;0.208991;-0.281938;-12.98
48.7064;-137.169;0.595435;0.217928;-0.28095;-12.7228
57.5318;-137.169;0.634174;0.225058;-0.275214;-12.424
66.3573;-137.169;0.665731;0.231328;-0.265004;-12.0706
75.1828;-137.169;0.651492;0.235702;-0.25406;-11.6423
84.0082;-137.169;0.589393;0.236067;-0.243898;-11.1301
92.8337;-137.169;0.512464;0.232026;-0.232182;-10.5527
101.659;-137.169;0.520791;0.223167;-0.21115;-9.99268
110.485;-137.169;0.617544;0.214632;-0.180503;-9.4555
119.31;-137.169;0.695299;0.20209;-0.149297;-8.87922
128.135;-137.169;0.731118;0.186019;-0.118679;-8.2564
136.961;-137.169;0.790601;0.167729;-0.0884961;-7.60359
145.786;-137.169;0.902283;0.142753;-0.0639564;-6.91443
154.612;-137.169;0.754913;0.119703;-0.0393348;-5.97266
163.437;-137.169;0.436486;0.0916784;-0.0167032;-4.855
172.263;-137.169;0.183501;0.071351;0.0116175;-3.81779
181.088;-137.169;0.438271;0.0451773;0.0370978;-3.14963
189.914;-137.169;1.21864;0.00807024;0.0614939;-2.87077
198.739;-137.169;1.76927;-0.0146893;0.0797415;-2.38588
-189.581;-145.994;0.425255;0.0546614;0.0183857;-1.3384
-180.755;-145.994;0.497157;0.0436985;-0.0031306;-2.16335
-171.93;-145.994;0.505096;0.022895;-0.0255529;-2.98025
-163.105;-145.994;0.498346;0.00894889;-0.0452324;-3.76907
-154.279;-145.994;0.416782;-0.00221587;-0.0687433;-4.48674
-145.454;-145.994;0.31188;-0.0156389;-0.0897388;-5.15339
-136.628;-145.994;0.291403;-0.0244582;-0.108501;-5.8977
-127.803;-145.994;0.362884;-0.0171338;-0.12105;-6.63082
-118.977;-145.994;0.395569;-0.00508662;-0.139786;-7.31204
-110.152;-145.994;0.35761;-0.00367088;-0.162929;-7.92184
-101.326;-145.994;0.265464;-0.00764441;-0.188286;-8.47746
-92.5009;-145.994;0.246047;-0.0126884;-0.214999;-9.04474
-83.6754;-145.994;0.362787;-0.0127116;-0.235096;-9.64987
-74.85;-145.994;0.453609;-0.00750539;-0.247694;-10.1877
-66.0245;-145.994;0.362841;-0.00207249;-0.264193;-10.5865
-57.1991;-145.994;0.202349;0.00199232;-0.283666;-10.9446
-48.3736;-145.994;0.215507;-0.00576298;-0.292221;-11.2964
-39.5482;-145.994;-0.0693605;0.0158377;-0.304031;-11.3734
-30.7227;-145.994;-0.779709;0.0421441;-0.319232;-11.1302
-21.8972;-145.994;-1.37436;0.0702466;-0.327145;-11.0157
-13.0718;-145.994;-1.3352;0.0965109;-0.313282;-11.2372
-4.24634;-145.994;-0.674579;0.118625;-0.279722;-11.7066
4.57912;-145.994;-0.142574;0.144086;-0.262553;-12.0818
13.4046;-145.994;0.0949076;0.161451;-0.269998;-12.1967
22.23;-145.994;0.241282;0.174352;-0.277506;-12.1825
31.0555;-145.994;0.365833;0.184212;-0.278615;-12.1082
39.8809;-145.994;0.456421;0.192396;-0.275934;-11.9828
48.7064;-145.994;0.486509;0.19785;-0.271075;-11.7579
57.5318;-145.994;0.517199;0.203907;-0.264977;-11.4614
66.3573;-145.994;0.546757;0.209169;-0.252954;-11.1135
75.1828;-145.994;0.546311;0.212999;-0.239233;-10.6967
84.0082;-145.994;0.500724;0.213674;-0.226633;-10.2017
92.8337;-145.994;0.434945;0.209955;-0.213169;-9.65015
101.659;-145.994;0.464406;0.201504;-0.191332;-9.13466
110.485;-145.994;0.597797;0.192765;-0.162722;-8.65713
119.31;-145.994;0.708;0.178637;-0.134496;-8.11302
128.135;-145.994;0.754343;0.159587;-0.105583;-7.47568
136.961;-145.994;0.7616;0.138801;-0.0770265;-6.75786
145.786;-145.994;0.678844;0.120452;-0.0556148;-5.93867
154.612;-145.994;0.507636;0.094474;-0.0351652;-5.02406
163.437;-145.994;0.343825;0.0625481;-0.0147579;-4.07249
172.263;-145.994;0.380222;0.048006;0.0216269;-3.30203
181.088;-145.994;0.970879;0.017619;0.0498408;-2.87164
189.914;-145.994;1.7899;-0.0249994;0.0728031;-2.59129
198.739;-145.994;2.15373;-0.0571336;0.101955;-1.87922
-171.93;-154.819;0.439846;0.025948;-0.0119413;-2.33136
-163.105;-154.819;0.419018;0.0148081;-0.0315668;-3.09035
-154.279;-154.819;0.366952;0.00971227;-0.0505221;-3.79121
-145.454;-154.819;0.310883;-0.00673577;-0.074735;-4.48561
-136.628;-154.819;0.301504;-0.0228445;-0.100695;-5.23548
-127.803;-154.819;0.347149;-0.0233252;-0.119013;-5.95969
-118.977;-154.819;0.367915;-0.015595;-0.134289;-6.61424
-110.152;-154.819;0.329765;-0.0102635;-0.150362;-7.19849
-101.326;-154.819;0.210453;-0.00661049;-0.174497;-7.72222
-92.5009;-154.819;0.178952;-0.008318;-0.201799;-8.26006
-83.6754;-154.819;0.311708;-0.00902616;-0.220689;-8.85994
-74.85;-154.819;0.420871;-0.00606368;-0.233014;-9.40187
-66.0245;-154.819;0.33243;-0.00291062;-0.252563;-9.79283
-57.1991;-154.819;0.135268;-0.00141531;-0.278605;-10.1206
-48.3736;-154.819;0.107179;-0.00768815;-0.293918;-10.4452
-39.5482;-154.819;-0.186763;0.00927922;-0.307885;-10.5185
-30.7227;-154.819;-0.877305;0.0332489;-0.325435;-10.266
-21.8972;-154.819;-1.51207;0.0575336;-0.335508;-10.1076
-13.0718;-154.819;-1.62386;0.0757645;-0.32886;-10.2184
-4.24634;-154.819;-1.09762;0.0915686;-0.30971;-10.5643
4.57912;-154.819;-0.318889;0.122518;-0.296807;-11.0287
13.4046;-154.819;-0.0200539;0.143899;-0.290596;-11.202
22.23;-154.819;0.146775;0.159052;-0.283441;-11.2155
31.0555;-154.819;0.2989;0.169451;-0.274639;-11.1647
39.8809;-154.819;0.423657;0.176492;-0.265913;-11.0633
48.7064;-154.819;0.473246;0.178441;-0.256682;-10.8404
57.5318;-154.819;0.503519;0.182204;-0.247662;-10.5454
66.3573;-154.819;0.530783;0.185827;-0.233033;-10.2051
75.1828;-154.819;0.542766;0.19029;-0.216162;-9.80826
84.0082;-154.819;0.529353;0.192885;-0.200097;-9.35011
92.8337;-154.819;0.500621;0.18947;-0.183883;-8.84407
101.659;-154.819;0.550408;0.179548;-0.163042;-8.36225
110.485;-154.819;0.641132;0.170233;-0.138984;-7.86387
119.31;-154.819;0.656974;0.15913;-0.117248;-7.25961
128.135;-154.819;0.594313;0.143729;-0.0948524;-6.54543
136.961;-154.819;0.516577;0.124446;-0.0709475;-5.7702
145.786;-154.819;0.44462;0.104497;-0.0500984;-4.9746
154.612;-154.819;0.489676;0.0767204;-0.0277537;-4.25224
163.437;-154.819;0.703709;0.0517734;-0.00175342;-3.65867
172.263;-154.819;1.12004;0.0354341;0.0303707;-3.21195
181.088;-154.819;1.75352;0.0033565;0.0565757;-2.83126
189.914;-154.819;2.20119;-0.0413225;0.0909151;-2.17859
-163.105;-163.645;0.405506;0.0278802;-0.0118732;-2.40967
-154.279;-163.645;0.360359;0.0211226;-0.0323679;-3.10869
-145.454;-163.645;0.354187;0.00813897;-0.0527031;-3.82402
-136.628;-163.645;0.366533;-0.00960849;-0.0787618;-4.55676
-127.803;-163.645;0.374265;-0.0155712;-0.0997828;-5.2472
-118.977;-163.645;0.373717;-0.0144797;-0.114459;-5.87627
-110.152;-163.645;0.333294;-0.0120911;-0.128514;-6.44797
-101.326;-163.645;0.21313;-0.00555676;-0.151864;-6.95837
-92.5009;-163.645;0.137601;-0.00437703;-0.182935;-7.47368
-83.6754;-163.645;0.233488;-0.00375167;-0.204197;-8.04133
-74.85;-163.645;0.335414;-0.00181193;-0.217371;-8.56077
-66.0245;-163.645;0.265826;-0.000956773;-0.237023;-8.94606
-57.1991;-163.645;0.0899945;-0.00141725;-0.265536;-9.27443
-48.3736;-163.645;0.159086;-0.00614256;-0.282479;-9.65373
-39.5482;-163.645;0.0966227;0.00766288;-0.295268;-9.90093
-30.7227;-163.645;-0.3226;0.0323259;-0.31493;-9.85318
-21.8972;-163.645;-0.762131;0.0534116;-0.328143;-9.73639
-13.0718;-163.645;-0.888559;0.0656931;-0.326187;-9.74183
-4.24634;-163.645;-0.605681;0.0800424;-0.31478;-9.95626
4.57912;-163.645;-0.0535824;0.104798;-0.307242;-10.2869
13.4046;-163.645;0.172128;0.1277;-0.293843;-10.4269
22.23;-163.645;0.297204;0.14403;-0.275833;-10.4144
31.0555;-163.645;0.406217;0.152505;-0.25819;-10.3212
39.8809;-163.645;0.497807;0.157239;-0.243031;-10.1833
48.7064;-163.645;0.536153;0.158361;-0.227683;-9.9504
57.5318;-163.645;0.557115;0.159461;-0.215459;-9.64839
66.3573;-163.645;0.574308;0.160661;-0.200251;-9.30683
75.1828;-163.645;0.572751;0.165073;-0.182846;-8.91367
84.0082;-163.645;0.55655;0.168664;-0.164866;-8.46858
92.8337;-163.645;0.548366;0.166115;-0.146491;-7.99271
101.659;-163.645;0.592182;0.157534;-0.129298;-7.52933
110.485;-163.645;0.635683;0.148334;-0.10935;-7.00687
119.31;-163.645;0.59866;0.138857;-0.0917637;-6.37902
128.135;-163.645;0.511357;0.127427;-0.0746888;-5.6765
136.961;-163.645;0.455501;0.113404;-0.0552021;-4.96372
145.786;-163.645;0.479964;0.0977294;-0.0335578;-4.28677
154.612;-163.645;0.748711;0.0791732;-0.00753833;-3.73921
163.437;-163.645;1.1883;0.0583846;0.0177858;-3.36062
172.263;-163.645;1.60778;0.035788;0.0419001;-2.94746
181.088;-163.645;2.02588;-0.00194499;0.062702;-2.41076
189.914;-163.645;2.1621;-0.0440837;0.0945668;-1.52358
-154.279;-172.47;0.359817;0.0306198;-0.0138135;-2.41082
-145.454;-172.47;0.341877;0.0152616;-0.0360604;-3.1001
-136.628;-172.47;0.353407;0.000737388;-0.0600594;-3.80856
-127.803;-172.47;0.341699;-0.00882439;-0.082354;-4.4651
-118.977;-172.47;0.325461;-0.0126116;-0.0985071;-5.06951
-110.152;-172.47;0.304419;-0.0104442;-0.113332;-5.65289
-101.326;-172.47;0.213357;-0.00490465;-0.138391;-6.19004
-92.5009;-172.47;0.135171;-0.00387426;-0.166454;-6.69335
-83.6754;-172.47;0.179775;-0.00300053;-0.186144;-7.19348
-74.85;-172.47;0.252772;-0.000462408;-0.199852;-7.67549
-66.0245;-172.47;0.204267;0.00171035;-0.216558;-8.05121
-57.1991;-172.47;0.0386738;0.00316642;-0.241611;-8.36441
-48.3736;-172.47;0.0847989;0.00373029;-0.259168;-8.74665
-39.5482;-172.47;0.251688;0.0109494;-0.272289;-9.13867
-30.7227;-172.47;0.167117;0.0284695;-0.290524;-9.29461
-21.8972;-172.47;0.0149531;0.0477654;-0.303399;-9.32428
-13.0718;-172.47;0.0373494;0.0639795;-0.303523;-9.41365
-4.24634;-172.47;0.268308;0.0850051;-0.294468;-9.67269
4.57912;-172.47;0.436049;0.101225;-0.283758;-9.79917
13.4046;-172.47;0.517643;0.116134;-0.269614;-9.78951
22.23;-172.47;0.529028;0.128513;-0.249536;-9.66906
31.0555;-172.47;0.527971;0.133829;-0.227835;-9.47459
39.8809;-172.47;0.55101;0.136986;-0.208278;-9.26985
48.7064;-172.47;0.589561;0.137847;-0.188113;-9.02864
57.5318;-172.47;0.590084;0.139784;-0.173202;-8.72215
66.3573;-172.47;0.586612;0.141331;-0.159095;-8.37545
75.1828;-172.47;0.577525;0.144547;-0.143952;-7.98825
84.0082;-172.47;0.563204;0.147899;-0.127475;-7.56353
92.8337;-172.47;0.555445;0.146727;-0.11101;-7.10778
101.659;-172.47;0.583801;0.137527;-0.093763;-6.64418
110.485;-172.47;0.627017;0.125059;-0.0737156;-6.13079
119.31;-172.47;0.619253;0.115297;-0.0567996;-5.54991
128.135;-172.47;0.585312;0.108515;-0.0444235;-4.93253
136.961;-172.47;0.595444;0.100725;-0.0313959;-4.32381
145.786;-172.47;0.723219;0.0880809;-0.0137624;-3.76873
154.612;-172.47;1.05699;0.0735351;0.00755224;-3.32136
163.437;-172.47;1.37336;0.0577447;0.0297275;-2.86234
172.263;-172.47;1.66426;0.0279516;0.0422059;-2.33206
-145.454;-181.296;0.304358;0.0174086;-0.023546;-2.3509
-136.628;-181.296;0.253576;0.00378489;-0.0438974;-2.99154
-127.803;-181.296;0.213475;-0.0101113;-0.0684499;-3.62911
-118.977;-181.296;0.171922;-0.0182474;-0.0874092;-4.21212
-110.152;-181.296;0.166238;-0.0133466;-0.101325;-4.79202
-101.326;-181.296;0.0982794;4.41574e-06;-0.121077;-5.31558
-92.5009;-181.296;0.0116049;0.00350029;-0.144091;-5.78498
-83.6754;-181.296;0.0273832;0.00297612;-0.16081;-6.24252
-74.85;-181.296;0.123015;0.00373228;-0.175215;-6.72918
-66.0245;-181.296;0.143232;0.00594217;-0.188438;-7.12285
-57.1991;-181.296;0.0148042;0.00895736;-0.206321;-7.42006
-48.3736;-181.296;0.0159366;0.0135825;-0.22165;-7.76452
-39.5482;-181.296;0.222437;0.0164989;-0.235265;-8.18724
-30.7227;-181.296;0.311543;0.0260464;-0.248691;-8.45144
-21.8972;-181.296;0.339021;0.0424657;-0.256551;-8.60125
-13.0718;-181.296;0.479114;0.0591282;-0.256296;-8.77978
-4.24634;-181.296;0.743259;0.0749856;-0.25167;-9.03232
4.57912;-181.296;0.76888;0.090289;-0.245973;-9.08429
13.4046;-181.296;0.754919;0.0998649;-0.232079;-9.0079
22.23;-181.296;0.671556;0.107402;-0.21255;-8.81877
31.0555;-181.296;0.566281;0.111536;-0.191405;-8.54305
39.8809;-181.296;0.513767;0.116649;-0.17081;-8.27808
48.7064;-181.296;0.54517;0.119204;-0.150422;-8.02956
57.5318;-181.296;0.542997;0.12285;-0.133649;-7.73276
66.3573;-181.296;0.53656;0.124604;-0.118801;-7.39065
75.1828;-181.296;0.540784;0.125373;-0.104274;-7.01869
84.0082;-181.296;0.543684;0.128671;-0.0903409;-6.62665
92.8337;-181.296;0.53725;0.130603;-0.0794321;-6.1984
101.659;-181.296;0.536837;0.125046;-0.0674472;-5.73691
110.485;-181.296;0.562105;0.11311;-0.0508906;-5.23803
119.31;-181.296;0.586667;0.102298;-0.034875;-4.70867
128.135;-181.296;0.618418;0.0951225;-0.0241109;-4.16876
136.961;-181.296;0.693757;0.0866083;-0.0134713;-3.63382
145.786;-181.296;0.875015;0.0741016;-0.0014344;-3.14552
154.612;-181.296;1.09588;0.0606706;0.0112675;-2.64424
163.437;-181.296;1.27883;0.0424995;0.0263773;-2.0922
-136.628;-190.121;0.19613;0.00965291;-0.0232997;-2.16013
-127.803;-190.121;0.162143;-0.00225478;-0.0403666;-2.7631
-118.977;-190.121;0.114246;-0.0125591;-0.05807;-3.34385
-110.152;-190.121;0.0842868;-0.00900941;-0.0741297;-3.90905
-101.326;-190.121;-0.015994;0.00869205;-0.0911715;-4.38348
-92.5009;-190.121;-0.166291;0.0142913;-0.11207;-4.78441
-83.6754;-190.121;-0.167756;0.0129539;-0.127475;-5.22521
-74.85;-190.121;-0.0250949;0.0113373;-0.141045;-5.7321
-66.0245;-190.121;0.0898463;0.0121133;-0.15289;-6.17891
-57.1991;-190.121;0.054378;0.0149518;-0.165755;-6.50571
-48.3736;-190.121;0.0591765;0.0204934;-0.177156;-6.81756
-39.5482;-190.121;0.165635;0.0222882;-0.187955;-7.16086
-30.7227;-190.121;0.257111;0.0278556;-0.197591;-7.43644
-21.8972;-190.121;0.354962;0.0427882;-0.202629;-7.64457
-13.0718;-190.121;0.510745;0.0624774;-0.206231;-7.852
-4.24634;-190.121;0.685397;0.0768613;-0.207692;-8.01714
4.57912;-190.121;0.685484;0.0840478;-0.202271;-8.00365
13.4046;-190.121;0.573083;0.0882316;-0.1903;-7.85954
22.23;-190.121;0.470705;0.0899682;-0.174091;-7.65417
31.0555;-190.121;0.3864;0.093755;-0.157723;-7.41742
39.8809;-190.121;0.354107;0.0993729;-0.138816;-7.18158
48.7064;-190.121;0.390468;0.104127;-0.118932;-6.95145
57.5318;-190.121;0.402613;0.108663;-0.101522;-6.67404
66.3573;-190.121;0.418893;0.109931;-0.0836722;-6.35046
75.1828;-190.121;0.45553;0.108562;-0.0663446;-6.00445
84.0082;-190.121;0.485849;0.110876;-0.0527277;-5.6457
92.8337;-190.121;0.491425;0.114569;-0.0472319;-5.25008
101.659;-190.121;0.486417;0.112228;-0.041925;-4.80789
110.485;-190.121;0.500954;0.104314;-0.0346612;-4.33799
119.31;-190.121;0.528682;0.0960084;-0.0257903;-3.84748
128.135;-190.121;0.579323;0.0879645;-0.0174726;-3.34621
136.961;-190.121;0.667171;0.0790456;-0.00911013;-2.8341
145.786;-190.121;0.814931;0.0648725;0.00336382;-2.33141
154.612;-190.121;0.938992;0.0498207;0.0174272;-1.77189
-118.977;-198.947;0.101305;0.00302824;-0.0251342;-2.47856
-110.152;-198.947;0.0919557;0.00463992;-0.0387893;-3.00702
-101.326;-198.947;-0.03895;0.017738;-0.0599586;-3.47712
-92.5009;-198.947;-0.258473;0.0225714;-0.0834956;-3.84992
-83.6754;-198.947;-0.269998;0.0223116;-0.0967951;-4.29658
-74.85;-198.947;-0.11751;0.0208643;-0.106314;-4.79755
-66.0245;-198.947;0.0506661;0.0203755;-0.115601;-5.2603
-57.1991;-198.947;0.120925;0.0215681;-0.125688;-5.61709
-48.3736;-198.947;0.125112;0.0271008;-0.136131;-5.90652
-39.5482;-198.947;0.161835;0.0303059;-0.146382;-6.17285
-30.7227;-198.947;0.192786;0.0335486;-0.158347;-6.4064
-21.8972;-198.947;0.261822;0.0452512;-0.16672;-6.59572
-13.0718;-198.947;0.384024;0.0634224;-0.173156;-6.76842
-4.24634;-198.947;0.494842;0.0758443;-0.172376;-6.85426
4.57912;-198.947;0.467864;0.0795185;-0.165829;-6.80199
13.4046;-198.947;0.38772;0.0776257;-0.15426;-6.66491
22.23;-198.947;0.32086;0.0768748;-0.141023;-6.50226
31.0555;-198.947;0.256281;0.0799389;-0.126888;-6.30775
39.8809;-198.947;0.22392;0.0835672;-0.108555;-6.08631
48.7064;-198.947;0.24645;0.0876578;-0.0895336;-5.86063
57.5318;-198.947;0.275248;0.0922967;-0.0713246;-5.60257
66.3573;-198.947;0.317322;0.0942869;-0.0498733;-5.30753
75.1828;-198.947;0.377048;0.0920609;-0.0287799;-4.99136
84.0082;-198.947;0.426127;0.092163;-0.0143412;-4.65814
92.8337;-198.947;0.45057;0.0947897;-0.0125098;-4.29026
101.659;-198.947;0.4691;0.0954682;-0.0134345;-3.88606
110.485;-198.947;0.49691;0.0918537;-0.0133416;-3.45549
119.31;-198.947;0.520972;0.0864305;-0.0100281;-2.97833
128.135;-198.947;0.546241;0.078462;-0.0072465;-2.48109
136.961;-198.947;0.599508;0.0679095;-0.00146048;-1.97517
145.786;-198.947;0.70021;0.0533803;0.012903;-1.45414
-118.977;-207.772;0.015966;0.0183948;-0.00127609;-1.59483
-110.152;-207.772;0.052824;0.0209823;-0.0146651;-2.11256
-101.326;-207.772;-0.0357196;0.0250071;-0.0389225;-2.58831
-92.5009;-207.772;-0.202745;0.0240308;-0.0624623;-2.99788
-83.6754;-207.772;-0.18943;0.0237547;-0.0699271;-3.43396
-74.85;-207.772;-0.099069;0.0253004;-0.0746215;-3.88582
-66.0245;-207.772;0.0068562;0.0264123;-0.0834967;-4.29766
-57.1991;-207.772;0.0729841;0.0284022;-0.0915432;-4.62893
-48.3736;-207.772;0.0949409;0.0324412;-0.103074;-4.9024
-39.5482;-207.772;0.101438;0.0356293;-0.115848;-5.13637
-30.7227;-207.772;0.117571;0.0374068;-0.128883;-5.33834
-21.8972;-207.772;0.157902;0.0453291;-0.140087;-5.49523
-13.0718;-207.772;0.226734;0.0595966;-0.150011;-5.62423
-4.24634;-207.772;0.287244;0.0699502;-0.151535;-5.67923
4.57912;-207.772;0.276505;0.0698527;-0.145727;-5.63727
13.4046;-207.772;0.246487;0.0648595;-0.134758;-5.53951
22.23;-207.772;0.219207;0.0648467;-0.119604;-5.41488
31.0555;-207.772;0.178043;0.0668237;-0.0993048;-5.24117
39.8809;-207.772;0.152058;0.0690066;-0.0759953;-5.03534
48.7064;-207.772;0.171894;0.0719118;-0.054466;-4.8215
57.5318;-207.772;0.227036;0.0754958;-0.0345342;-4.58899
66.3573;-207.772;0.300329;0.0777176;-0.0114264;-4.3257
75.1828;-207.772;0.370197;0.0746694;0.0104958;-4.03683
84.0082;-207.772;0.431398;0.0734016;0.0239036;-3.7337
92.8337;-207.772;0.490845;0.0754879;0.0246089;-3.40166
101.659;-207.772;0.534642;0.0780849;0.0207486;-3.03856
110.485;-207.772;0.567047;0.0765356;0.0135177;-2.61891
119.31;-207.772;0.574345;0.0709013;0.0110806;-2.1462
128.135;-207.772;0.574192;0.0626331;0.0108151;-1.6477
136.961;-207.772;0.578027;0.0524741;0.015666;-1.1344
-83.6754;-216.598;-0.150553;0.0263308;-0.0434908;-2.54991
-74.85;-216.598;-0.0698529;0.0287758;-0.0460054;-2.94207
-66.0245;-216.598;-0.0211978;0.0315436;-0.0541884;-3.30942
-57.1991;-216.598;0.0016285;0.0330554;-0.0620425;-3.60932
-48.3736;-216.598;0.00145107;0.0343045;-0.0748097;-3.87171
-39.5482;-216.598;0.0199876;0.036834;-0.08737;-4.08957
-30.7227;-216.598;0.0559018;0.0394887;-0.099232;-4.271
-21.8972;-216.598;0.0952491;0.0452607;-0.110829;-4.4082
-13.0718;-216.598;0.135929;0.0530965;-0.122196;-4.50539
-4.24634;-216.598;0.161466;0.058112;-0.127926;-4.54812
4.57912;-216.598;0.151133;0.0572677;-0.127987;-4.53495
13.4046;-216.598;0.13946;0.0534955;-0.119943;-4.47204
22.23;-216.598;0.120239;0.0532505;-0.0994337;-4.35108
31.0555;-216.598;0.0958551;0.0521817;-0.0696482;-4.17668
39.8809;-216.598;0.104025;0.0516738;-0.0401613;-3.99533
48.7064;-216.598;0.171168;0.0536234;-0.0143434;-3.83009
57.5318;-216.598;0.285476;0.0577991;0.00880848;-3.66206
66.3573;-216.598;0.389844;0.0621113;0.0316308;-3.44772
75.1828;-216.598;0.473421;0.0603321;0.0487258;-3.18924
84.0082;-216.598;0.56478;0.0611944;0.0600442;-2.93304
92.8337;-216.598;0.660815;0.0612981;0.0583368;-2.63899
101.659;-216.598;0.730768;0.0578802;0.0496373;-2.27641
110.485;-216.598;0.718139;0.0541563;0.0358154;-1.82788
-83.6754;-225.423;-0.133148;0.0304165;-0.0150467;-1.61892
-74.85;-225.423;-0.0454036;0.0321369;-0.0196369;-1.99583
-66.0245;-225.423;-0.0131855;0.03481;-0.0272466;-2.32815
-57.1991;-225.423;-0.0169903;0.0349919;-0.0342896;-2.60689
-48.3736;-225.423;-0.03701;0.0337657;-0.0438958;-2.85706
-39.5482;-225.423;-0.0055027;0.0342986;-0.0558287;-3.07577
-30.7227;-225.423;0.0465333;0.0385799;-0.0660228;-3.25357
-21.8972;-225.423;0.0782624;0.0448615;-0.0788055;-3.38187
-13.0718;-225.423;0.0952924;0.0492189;-0.0902839;-3.46743
-4.24634;-225.423;0.0945464;0.0500678;-0.0966567;-3.50405
4.57912;-225.423;0.0654043;0.0487453;-0.0994358;-3.48731
13.4046;-225.423;0.0276722;0.0458968;-0.0938488;-3.41319
22.23;-225.423;0.00210755;0.0427378;-0.0681623;-3.27789
31.0555;-225.423;0.00972294;0.0400593;-0.0334451;-3.12916
39.8809;-225.423;0.112327;0.0388707;-0.00224364;-3.01869
48.7064;-225.423;0.247565;0.0407927;0.0243387;-2.9322
57.5318;-225.423;0.436433;0.0429234;0.0480014;-2.83678
66.3573;-225.423;0.527002;0.0515654;0.0684584;-2.66905
75.1828;-225.423;0.606364;0.0537103;0.0782096;-2.42019
84.0082;-225.423;0.686016;0.0522078;0.0740943;-2.12632
92.8337;-225.423;0.711629;0.0517052;0.0691844;-1.78558
-39.5482;-234.249;0.0306207;0.0334821;-0.0215213;-2.10199
-30.7227;-234.249;0.0831289;0.0374463;-0.0341882;-2.28111
-21.8972;-234.249;0.0934164;0.0431274;-0.0483848;-2.40117
-13.0718;-234.249;0.0837572;0.046022;-0.0578439;-2.46594
-4.24634;-234.249;0.0577434;0.0462694;-0.062639;-2.485
4.57912;-234.249;0.00689619;0.044035;-0.0621682;-2.44324
13.4046;-234.249;-0.0793437;0.0396899;-0.0551564;-2.33897
22.23;-234.249;-0.0531941;0.0351559;-0.0265285;-2.24627
31.0555;-234.249;0.0867969;0.0352887;0.00554225;-2.22118
39.8809;-234.249;0.350686;0.0346095;0.0313541;-2.21671
48.7064;-234.249;0.536908;0.0337777;0.0472725;-2.15296
57.5318;-234.249;0.540877;0.0353076;0.0543126;-1.98089
66.3573;-234.249;0.400515;0.0455503;0.0556367;-1.70087
75.1828;-234.249;0.247771;0.048797;0.0506273;-1.34214
-4.24634;-243.074;0.085174;0.0466353;-0.0261699;-1.53079
4.57912;-243.074;0.0448187;0.0455755;-0.0279838;-1.51294
13.4046;-243.074;-0.0103361;0.0404213;-0.0203273;-1.45085
22.23;-243.074;0.19242;0.0379491;0.00761527;-1.47757
31.0555;-243.074;0.548206;0.0390225;0.0388875;-1.56066
