x[mm];y[mm];z[mm];x-displacement[mm];y-displacement[mm];z-displacement[mm]
-4.24634;224.675;0.375758;0.0346715;0.0700551;-2.03916
4.57912;224.675;0.279688;0.0402902;0.0688292;-2.03547
13.4046;224.675;0.244098;0.0454571;0.0689076;-2.01026
22.23;224.675;0.214277;0.0469596;0.0625374;-1.93836
31.0555;224.675;0.169214;0.0474444;0.057963;-1.83262
-39.5482;215.85;0.228536;0.0202052;0.100118;-2.3458
-30.7227;215.85;0.132185;0.02138;0.106871;-2.47315
-21.8972;215.85;0.00690536;0.0271873;0.0993408;-2.51456
-13.0718;215.85;-0.0678567;0.0403293;0.0907775;-2.61418
-4.24634;215.85;-0.0400073;0.0459218;0.087463;-2.71645
4.57912;215.85;-0.0137488;0.0485332;0.0931637;-2.79736
13.4046;215.85;0.00217642;0.0505906;0.100416;-2.81866
22.23;215.85;0.0324511;0.0509416;0.0988459;-2.78589
31.0555;215.85;0.0670344;0.0542282;0.0941577;-2.72774
39.8809;215.85;0.0771415;0.0576536;0.0857944;-2.61855
48.7064;215.85;0.0358777;0.0594795;0.0762672;-2.45925
57.5318;215.85;-0.0227074;0.0598555;0.0663787;-2.24767
66.3573;215.85;-0.0863275;0.0592851;0.0650513;-2.01014
75.1828;215.85;-0.127406;0.057688;0.0641564;-1.75053
-74.85;207.024;0.59461;0.0115883;0.0742334;-2.24027
-66.0245;207.024;0.486612;0.0202732;0.0828137;-2.5317
-57.1991;207.024;0.307945;0.0237787;0.093827;-2.76666
-48.3736;207.024;0.233351;0.0207741;0.10748;-3.03892
-39.5482;207.024;0.145739;0.021147;0.118253;-3.22758
-30.7227;207.024;-0.153578;0.0261896;0.131589;-3.24772
-21.8972;207.024;-0.444783;0.0317996;0.129386;-3.17785
-13.0718;207.024;-0.518978;0.0428419;0.118768;-3.24831
-4.24634;207.024;-0.398179;0.050687;0.109759;-3.3982
4.57912;207.024;-0.29085;0.0547935;0.117997;-3.55114
13.4046;207.024;-0.188586;0.0571844;0.127997;-3.64501
22.23;207.024;-0.0832845;0.0582531;0.127795;-3.67272
31.0555;207.024;0.00173202;0.0621796;0.121205;-3.64454
39.8809;207.024;0.0396905;0.0682333;0.110906;-3.55258
48.7064;207.024;0.0246193;0.0717922;0.0989688;-3.40051
57.5318;207.024;-0.0306136;0.0722008;0.0898375;-3.18487
66.3573;207.024;-0.0857333;0.0723403;0.0901601;-2.94618
75.1828;207.024;-0.119264;0.0706212;0.0909795;-2.68128
84.0082;207.024;-0.122125;0.066122;0.0851771;-2.38448
92.8337;207.024;-0.102492;0.0618655;0.0705883;-2.04398
-110.152;198.199;0.893724;0.0158755;0.0426352;-1.52367
-101.326;198.199;0.790244;0.00963405;0.0572272;-1.96905
-92.5009;198.199;0.684541;-0.000334139;0.0748435;-2.41379
-83.6754;198.199;0.63034;-0.00885414;0.0906933;-2.84273
-74.85;198.199;0.540479;-0.00286903;0.100875;-3.22761
-66.0245;198.199;0.373743;0.0126151;0.104074;-3.49757
-57.1991;198.199;0.150043;0.0257271;0.112301;-3.69355
-48.3736;198.199;0.108936;0.0241017;0.121041;-3.93588
-39.5482;198.199;0.0654755;0.0258112;0.127727;-4.13405
-30.7227;198.199;-0.178439;0.0308729;0.142009;-4.18251
-21.8972;198.199;-0.383967;0.0339424;0.142176;-4.16021
-13.0718;198.199;-0.404249;0.0422223;0.131506;-4.24367
-4.24634;198.199;-0.259576;0.0499381;0.120162;-4.39214
4.57912;198.199;-0.149092;0.0546094;0.127483;-4.54436
13.4046;198.199;-0.0598719;0.0590194;0.139753;-4.64744
22.23;198.199;0.00467943;0.063202;0.142578;-4.67144
31.0555;198.199;0.0444207;0.068507;0.137826;-4.62254
39.8809;198.199;0.062254;0.074718;0.128518;-4.51565
48.7064;198.199;0.0619776;0.079088;0.117692;-4.36227
57.5318;198.199;0.0215814;0.0809294;0.108842;-4.14826
66.3573;198.199;-0.0206234;0.0835333;0.107459;-3.90683
75.1828;198.199;-0.044663;0.0836075;0.105454;-3.63139
84.0082;198.199;-0.0387745;0.0801532;0.0994515;-3.3163
92.8337;198.199;-0.0265803;0.0742131;0.0886246;-2.96852
101.659;198.199;-0.010551;0.0697526;0.0741686;-2.57933
110.485;198.199;0.0169507;0.0632798;0.0567474;-2.16381
-110.152;189.373;0.930837;0.00234544;0.0536445;-2.39339
-101.326;189.373;0.892086;-0.00270181;0.0625959;-2.88197
-92.5009;189.373;0.791371;-0.0130193;0.0798856;-3.34617
-83.6754;189.373;0.655952;-0.025348;0.105372;-3.78003
-74.85;189.373;0.473169;-0.0191352;0.121029;-4.1342
-66.0245;189.373;0.255245;0.00446872;0.126533;-4.40731
-57.1991;189.373;0.0654671;0.0235823;0.12465;-4.56949
-48.3736;189.373;0.000737889;0.0231006;0.131187;-4.79634
-39.5482;189.373;0.0191545;0.026037;0.133041;-5.05758
-30.7227;189.373;-0.0364448;0.0327845;0.143168;-5.25539
-21.8972;189.373;-0.082711;0.0395909;0.144097;-5.37608
-13.0718;189.373;-0.0487373;0.0484759;0.136435;-5.49917
-4.24634;189.373;0.0601943;0.0562332;0.128289;-5.62297
4.57912;189.373;0.120273;0.0607842;0.134839;-5.71837
13.4046;189.373;0.149755;0.0648416;0.146438;-5.75217
22.23;189.373;0.152561;0.0693638;0.151594;-5.72133
31.0555;189.373;0.146051;0.0745042;0.148663;-5.63589
39.8809;189.373;0.144224;0.0796065;0.140277;-5.50712
48.7064;189.373;0.148461;0.0834139;0.131401;-5.34108
57.5318;189.373;0.119586;0.0868308;0.124205;-5.12069
66.3573;189.373;0.0844441;0.091604;0.119548;-4.8679
75.1828;189.373;0.0629578;0.0937766;0.114449;-4.57902
84.0082;189.373;0.0600902;0.0916295;0.107732;-4.25469
92.8337;189.373;0.0644549;0.0860671;0.100027;-3.8963
101.659;189.373;0.0664289;0.0808453;0.0886986;-3.49554
110.485;189.373;0.0848117;0.0758;0.0721435;-3.04946
119.31;189.373;0.124769;0.0678999;0.0525272;-2.59294
128.135;189.373;0.179572;0.0572133;0.0341644;-2.11322
136.961;189.373;0.201108;0.0419977;0.0135535;-1.57074
-127.803;180.548;1.05846;0.0020869;0.028694;-2.15308
-118.977;180.548;0.997956;-0.00870532;0.0455717;-2.68596
-110.152;180.548;0.970836;-0.0150505;0.061021;-3.21527
-101.326;180.548;0.96254;-0.0219048;0.0699543;-3.70864
-92.5009;180.548;0.807726;-0.0315699;0.0942569;-4.15321
-83.6754;180.548;0.539784;-0.044516;0.131483;-4.5344
-74.85;180.548;0.348888;-0.0342026;0.14834;-4.92026
-66.0245;180.548;0.265878;-0.00319898;0.139678;-5.30811
-57.1991;180.548;0.201836;0.0201291;0.125322;-5.5489
-48.3736;180.548;0.0658138;0.0202985;0.135307;-5.77933
-39.5482;180.548;0.0982304;0.0200656;0.135989;-6.03197
-30.7227;180.548;0.155431;0.0264621;0.140448;-6.28233
-21.8972;180.548;0.209804;0.0347424;0.141337;-6.47449
-13.0718;180.548;0.26204;0.0436023;0.138999;-6.62205
-4.24634;180.548;0.305143;0.0512239;0.137701;-6.72217
4.57912;180.548;0.300953;0.056926;0.144942;-6.76369
13.4046;180.548;0.280497;0.064142;0.156683;-6.75451
22.23;180.548;0.257491;0.071008;0.163154;-6.70402
31.0555;180.548;0.245243;0.0774591;0.160462;-6.61461
39.8809;180.548;0.246722;0.0829301;0.151717;-6.48345
48.7064;180.548;0.251238;0.0866464;0.144378;-6.30582
57.5318;180.548;0.224418;0.0906683;0.139017;-6.07556
66.3573;180.548;0.193296;0.0959346;0.133074;-5.81385
75.1828;180.548;0.177118;0.0993547;0.127077;-5.51983
84.0082;180.548;0.172933;0.0993758;0.121672;-5.18815
92.8337;180.548;0.161004;0.0964541;0.116699;-4.8119
101.659;180.548;0.133258;0.093052;0.107938;-4.38232
110.485;180.548;0.128493;0.0859347;0.0908382;-3.91016
119.31;180.548;0.152883;0.0767638;0.0704384;-3.42113
128.135;180.548;0.207737;0.0681907;0.0504409;-2.92852
136.961;180.548;0.270701;0.0574295;0.0317998;-2.42634
145.786;180.548;0.262011;0.0453312;0.00959081;-1.84084
154.612;180.548;0.195857;0.0282929;-0.0141221;-1.172
-136.628;171.722;1.14351;-0.00944065;0.0338141;-2.37582
-127.803;171.722;1.06686;-0.0176236;0.0461375;-2.93359
-118.977;171.722;0.968487;-0.0282286;0.0634605;-3.48397
-110.152;171.722;0.91058;-0.0380612;0.0822121;-4.0278
-101.326;171.722;0.8803;-0.045457;0.092916;-4.5236
-92.5009;171.722;0.628931;-0.0568523;0.126967;-4.93568
-83.6754;171.722;0.300046;-0.0670262;0.170895;-5.31802
-74.85;171.722;0.291085;-0.0497603;0.175195;-5.76155
-66.0245;171.722;0.460908;-0.0125091;0.14377;-6.24689
-57.1991;171.722;0.522507;0.0136919;0.119986;-6.57775
-48.3736;171.722;0.364773;0.0145442;0.134651;-6.82403
-39.5482;171.722;0.305224;0.0166018;0.147654;-7.0478
-30.7227;171.722;0.324616;0.0247091;0.156392;-7.27172
-21.8972;171.722;0.359439;0.0327598;0.159707;-7.4527
-13.0718;171.722;0.375868;0.0400266;0.160946;-7.5851
-4.24634;171.722;0.361798;0.0472874;0.162614;-7.66095
4.57912;171.722;0.320094;0.055336;0.166205;-7.6738
13.4046;171.722;0.294483;0.0644041;0.174704;-7.65424
22.23;171.722;0.285953;0.073046;0.18104;-7.61387
31.0555;171.722;0.301115;0.0814727;0.179379;-7.54368
39.8809;171.722;0.327054;0.0891339;0.171883;-7.42806
48.7064;171.722;0.33724;0.0947935;0.166116;-7.25238
57.5318;171.722;0.313679;0.0996466;0.161633;-7.0216
66.3573;171.722;0.294204;0.104234;0.154872;-6.76211
75.1828;171.722;0.291278;0.106931;0.147005;-6.46771
84.0082;171.722;0.287603;0.107544;0.140459;-6.12448
92.8337;171.722;0.25443;0.107117;0.135939;-5.72065
101.659;171.722;0.190846;0.107191;0.127256;-5.25694
110.485;171.722;0.172383;0.101277;0.10834;-4.7624
119.31;171.722;0.185627;0.0924289;0.0875583;-4.25389
128.135;171.722;0.211511;0.0825802;0.0696921;-3.73349
136.961;171.722;0.236322;0.0732352;0.0537177;-3.19873
145.786;171.722;0.31376;0.0595382;0.0334452;-2.64703
154.612;171.722;0.23832;0.0491644;0.0128031;-1.98855
163.437;171.722;0.0883176;0.0358326;0.000360558;-1.29384
-145.454;162.897;1.15461;-0.016332;0.0396209;-2.49686
-136.628;162.897;1.13588;-0.0242847;0.0499867;-3.10534
-127.803;162.897;1.0774;-0.0307042;0.0631531;-3.69966
-118.977;162.897;0.980421;-0.0408993;0.0807757;-4.25323
-110.152;162.897;0.914287;-0.0518571;0.0987341;-4.80546
-101.326;162.897;0.871911;-0.0611876;0.109065;-5.30869
-92.5009;162.897;0.650106;-0.0724612;0.139557;-5.76153
-83.6754;162.897;0.420197;-0.0763083;0.17176;-6.18764
-74.85;162.897;0.58986;-0.0525571;0.16397;-6.68526
-66.0245;162.897;0.807345;-0.0155523;0.128364;-7.17982
-57.1991;162.897;0.779558;0.00895058;0.113582;-7.54717
-48.3736;162.897;0.601513;0.0113643;0.136248;-7.79435
-39.5482;162.897;0.529642;0.0161037;0.156659;-8.00849
-30.7227;162.897;0.517672;0.0250762;0.171296;-8.20912
-21.8972;162.897;0.500015;0.0335619;0.179563;-8.36844
-13.0718;162.897;0.463971;0.0410634;0.183827;-8.48076
-4.24634;162.897;0.419105;0.0489716;0.185826;-8.54399
4.57912;162.897;0.379074;0.058745;0.186216;-8.55929
13.4046;162.897;0.364858;0.0681763;0.190853;-8.5514
22.23;162.897;0.363894;0.0771001;0.195699;-8.51905
31.0555;162.897;0.384962;0.0869033;0.195848;-8.4541
39.8809;162.897;0.419324;0.0968181;0.192935;-8.34774
48.7064;162.897;0.442699;0.103948;0.19159;-8.18384
57.5318;162.897;0.421008;0.108963;0.186958;-7.9536
66.3573;162.897;0.389526;0.113699;0.178146;-7.68183
75.1828;162.897;0.377531;0.116623;0.168903;-7.37461
84.0082;162.897;0.368036;0.117673;0.160894;-7.01891
92.8337;162.897;0.330358;0.117624;0.153539;-6.59897
101.659;162.897;0.260863;0.119808;0.143234;-6.11747
110.485;162.897;0.26187;0.115425;0.123608;-5.63241
119.31;162.897;0.299042;0.107086;0.101901;-5.13366
128.135;162.897;0.344955;0.0970837;0.0825224;-4.61279
136.961;162.897;0.382717;0.0864197;0.0641638;-4.06254
145.786;162.897;0.416761;0.0742439;0.0435374;-3.47848
154.612;162.897;0.332867;0.0635014;0.0282094;-2.80067
163.437;162.897;0.230206;0.0528786;0.0238084;-2.10807
-163.105;154.071;1.20252;0.00220782;0.0254045;-1.82293
-154.279;154.071;1.13906;-0.0152872;0.0417045;-2.51261
-145.454;154.071;1.11547;-0.0278806;0.05522;-3.18162
-136.628;154.071;1.12115;-0.0320784;0.0630768;-3.81768
-127.803;154.071;1.08164;-0.0375524;0.0771317;-4.42667
-118.977;154.071;1.01224;-0.0465964;0.0937341;-5.00329
-110.152;154.071;0.97436;-0.0575895;0.108048;-5.57107
-101.326;154.071;0.972763;-0.0672085;0.114013;-6.11385
-92.5009;154.071;0.860946;-0.0738422;0.129568;-6.62608
-83.6754;154.071;0.790592;-0.0691683;0.143036;-7.09887
-74.85;154.071;0.89014;-0.0449899;0.140564;-7.6308
-66.0245;154.071;0.954122;-0.0165598;0.123345;-8.07589
-57.1991;154.071;0.857777;0.00160385;0.120722;-8.40665
-48.3736;154.071;0.692038;0.00609628;0.142047;-8.64186
-39.5482;154.071;0.652509;0.0127988;0.162978;-8.87159
-30.7227;154.071;0.644239;0.0213803;0.180143;-9.08039
-21.8972;154.071;0.627721;0.0296081;0.190961;-9.2473
-13.0718;154.071;0.58993;0.0380342;0.197243;-9.36262
-4.24634;154.071;0.53875;0.0480855;0.201358;-9.42604
4.57912;154.071;0.495007;0.0604656;0.203455;-9.44749
13.4046;154.071;0.479858;0.0700816;0.207198;-9.44487
22.23;154.071;0.456536;0.0800973;0.210644;-9.40063
31.0555;154.071;0.446423;0.0914983;0.210614;-9.31718
39.8809;154.071;0.455528;0.103266;0.209949;-9.20209
48.7064;154.071;0.466134;0.11159;0.212053;-9.03708
57.5318;154.071;0.427753;0.117237;0.209283;-8.79577
66.3573;154.071;0.381533;0.123288;0.200917;-8.50793
75.1828;154.071;0.375794;0.127462;0.191035;-8.19749
84.0082;154.071;0.389735;0.129763;0.180339;-7.85012
92.8337;154.071;0.385538;0.129566;0.168117;-7.43794
101.659;154.071;0.349303;0.129866;0.156468;-6.96062
110.485;154.071;0.367342;0.124656;0.140041;-6.48312
119.31;154.071;0.416055;0.116994;0.119721;-5.98701
128.135;154.071;0.460767;0.10804;0.097446;-5.45173
136.961;154.071;0.471651;0.098216;0.0746711;-4.86636
145.786;154.071;0.468605;0.0862315;0.0538741;-4.25065
154.612;154.071;0.397623;0.0744173;0.0392074;-3.57753
163.437;154.071;0.311385;0.0642437;0.0324668;-2.86179
172.263;154.071;0.253158;0.0534215;0.0313699;-2.1552
181.088;154.071;0.265392;0.0377064;0.0316507;-1.40953
-171.93;145.246;1.12975;0.009304;0.0197762;-1.7211
-163.105;145.246;1.1641;-0.00679064;0.0340201;-2.4483
-154.279;145.246;1.11817;-0.0233558;0.0494294;-3.16
-145.454;145.246;1.09692;-0.0344336;0.0631347;-3.84638
-136.628;145.246;1.09647;-0.0407034;0.074562;-4.50412
-127.803;145.246;1.06622;-0.0465108;0.0881993;-5.13421
-118.977;145.246;1.0209;-0.0543615;0.101711;-5.72958
-110.152;145.246;0.999578;-0.0641684;0.112727;-6.31559
-101.326;145.246;1.01174;-0.0723313;0.117905;-6.89098
-92.5009;145.246;0.99025;-0.0741893;0.124011;-7.44314
-83.6754;145.246;0.99117;-0.0640224;0.129505;-7.94621
-74.85;145.246;1.00651;-0.0453977;0.130275;-8.42381
-66.0245;145.246;0.966159;-0.0260283;0.126914;-8.82971
-57.1991;145.246;0.852637;-0.0116928;0.130063;-9.14719
-48.3736;145.246;0.72729;-0.00392862;0.144919;-9.38749
-39.5482;145.246;0.702204;0.00408523;0.164033;-9.64451
-30.7227;145.246;0.69207;0.0128895;0.181639;-9.87215
-21.8972;145.246;0.674958;0.0225463;0.194249;-10.0581
-13.0718;145.246;0.632476;0.0341314;0.203778;-10.1893
-4.24634;145.246;0.57001;0.0477715;0.213363;-10.2588
4.57912;145.246;0.513373;0.0623875;0.220505;-10.2774
13.4046;145.246;0.489802;0.0724049;0.226373;-10.2679
22.23;145.246;0.459978;0.0826607;0.228474;-10.2139
31.0555;145.246;0.436727;0.094317;0.226026;-10.1183
39.8809;145.246;0.426509;0.106736;0.223689;-9.99188
48.7064;145.246;0.420906;0.11595;0.225509;-9.81625
57.5318;145.246;0.390984;0.122146;0.225074;-9.57318
66.3573;145.246;0.366716;0.129159;0.219645;-9.29009
75.1828;145.246;0.38773;0.135123;0.211188;-8.99343
84.0082;145.246;0.431634;0.139722;0.19912;-8.66679
92.8337;145.246;0.465293;0.140143;0.18301;-8.2753
101.659;145.246;0.471788;0.138312;0.169961;-7.817
110.485;145.246;0.488642;0.132944;0.157057;-7.33702
119.31;145.246;0.512269;0.12757;0.139109;-6.82067
128.135;145.246;0.525369;0.12103;0.116146;-6.25341
136.961;145.246;0.514664;0.111484;0.0912274;-5.63404
145.786;145.246;0.494587;0.098934;0.0696764;-4.99339
154.612;145.246;0.443393;0.0866309;0.0514409;-4.30898
163.437;145.246;0.374303;0.0748896;0.0395131;-3.59507
172.263;145.246;0.309826;0.0630165;0.0300537;-2.84767
181.088;145.246;0.303764;0.048379;0.0281975;-2.1144
189.914;145.246;0.257625;0.029129;0.0175383;-1.29602
-171.93;136.421;1.1272;0.00419095;0.0278605;-2.30945
-163.105;136.421;1.13201;-0.0119724;0.0394003;-3.06384
-154.279;136.421;1.10889;-0.0281157;0.0547438;-3.78689
-145.454;136.421;1.0897;-0.0411969;0.0705907;-4.4904
-136.628;136.421;1.06611;-0.0516767;0.0845261;-5.16815
-127.803;136.421;1.03453;-0.0589442;0.0957438;-5.81124
-118.977;136.421;1.00021;-0.0651339;0.104457;-6.41582
-110.152;136.421;0.976495;-0.0719181;0.112772;-7.00475
-101.326;136.421;0.973718;-0.0772418;0.120056;-7.58143
-92.5009;136.421;0.979882;-0.0757488;0.124881;-8.12928
-83.6754;136.421;0.971124;-0.0649952;0.130839;-8.62548
-74.85;136.421;0.960534;-0.0519725;0.134509;-9.08892
-66.0245;136.421;0.908822;-0.038613;0.13737;-9.4965
-57.1991;136.421;0.818984;-0.0257409;0.14334;-9.83812
-48.3736;136.421;0.735081;-0.0146634;0.154989;-10.1205
-39.5482;136.421;0.699776;-0.00614441;0.171876;-10.389
-30.7227;136.421;0.670017;0.00409886;0.188829;-10.6196
-21.8972;136.421;0.632726;0.0156973;0.203127;-10.8048
-13.0718;136.421;0.570894;0.0295004;0.215266;-10.9329
-4.24634;136.421;0.492476;0.0450876;0.227638;-10.9974
4.57912;136.421;0.426974;0.0609897;0.238146;-11.0121
13.4046;136.421;0.408886;0.0733016;0.245426;-11.0105
22.23;136.421;0.403583;0.0852069;0.246126;-10.975
31.0555;136.421;0.398919;0.097629;0.241282;-10.893
39.8809;136.421;0.388089;0.110784;0.235616;-10.7642
48.7064;136.421;0.371371;0.122035;0.233469;-10.5779
57.5318;136.421;0.35706;0.13103;0.233176;-10.3405
66.3573;136.421;0.363845;0.139063;0.230625;-10.0684
75.1828;136.421;0.389822;0.146554;0.224557;-9.76813
84.0082;136.421;0.420866;0.15326;0.213126;-9.42602
92.8337;136.421;0.450837;0.155153;0.195945;-9.02385
101.659;136.421;0.486847;0.152581;0.181442;-8.58149
110.485;136.421;0.498685;0.148202;0.169304;-8.097
119.31;136.421;0.494235;0.145142;0.153026;-7.55765
128.135;136.421;0.489489;0.140221;0.132168;-6.97133
136.961;136.421;0.490531;0.130058;0.108231;-6.34693
145.786;136.421;0.47703;0.116241;0.0851324;-5.69404
154.612;136.421;0.443659;0.102801;0.0632647;-4.99397
163.437;136.421;0.383422;0.0908334;0.0469059;-4.2596
172.263;136.421;0.319043;0.0757052;0.033456;-3.50022
181.088;136.421;0.290374;0.0562841;0.0228735;-2.74081
189.914;136.421;0.275553;0.0400927;0.0157289;-1.93543
-180.755;127.595;1.15316;0.0203387;0.0236121;-2.09932
-171.93;127.595;1.12186;0.00347246;0.0326591;-2.86703
-163.105;127.595;1.08813;-0.0173113;0.0490426;-3.64524
-154.279;127.595;1.07622;-0.0341369;0.0640014;-4.3873
-145.454;127.595;1.05949;-0.050536;0.0814704;-5.1133
-136.628;127.595;1.02683;-0.0640017;0.0966312;-5.81073
-127.803;127.595;0.996568;-0.0720645;0.10488;-6.46772
-118.977;127.595;0.965194;-0.0762156;0.109255;-7.08498
-110.152;127.595;0.938294;-0.0789521;0.115616;-7.68116
-101.326;127.595;0.926748;-0.0801451;0.124778;-8.2581
-92.5009;127.595;0.912986;-0.0751907;0.132407;-8.79958
-83.6754;127.595;0.881609;-0.0656516;0.139065;-9.28848
-74.85;127.595;0.858373;-0.0564475;0.143678;-9.74758
-66.0245;127.595;0.820977;-0.0468171;0.149817;-10.1636
-57.1991;127.595;0.76378;-0.0364885;0.160716;-10.5279
-48.3736;127.595;0.702799;-0.0264434;0.175541;-10.8399
-39.5482;127.595;0.660219;-0.0168698;0.190139;-11.1199
-30.7227;127.595;0.610662;-0.00310729;0.20495;-11.3536
-21.8972;127.595;0.553821;0.0114843;0.219018;-11.54
-13.0718;127.595;0.477661;0.0271242;0.231224;-11.6661
-4.24634;127.595;0.395245;0.0437782;0.243585;-11.7307
4.57912;127.595;0.339587;0.0613465;0.253799;-11.7578
13.4046;127.595;0.347598;0.0759618;0.258985;-11.77
22.23;127.595;0.371056;0.089788;0.257665;-11.7493
31.0555;127.595;0.389171;0.102801;0.250923;-11.6771
39.8809;127.595;0.38246;0.11637;0.24197;-11.5389
48.7064;127.595;0.348047;0.130366;0.2363;-11.3294
57.5318;127.595;0.304717;0.143873;0.234334;-11.0641
66.3573;127.595;0.293317;0.152806;0.233786;-10.7667
75.1828;127.595;0.271681;0.160239;0.230098;-10.4158
84.0082;127.595;0.21958;0.167478;0.220283;-9.98807
92.8337;127.595;0.172103;0.17216;0.20542;-9.51338
101.659;127.595;0.20512;0.170372;0.190315;-9.06305
110.485;127.595;0.236273;0.16695;0.176447;-8.58894
119.31;127.595;0.257112;0.165231;0.160077;-8.06784
128.135;127.595;0.297355;0.161097;0.141383;-7.51952
136.961;127.595;0.355407;0.151146;0.118925;-6.94208
145.786;127.595;0.367758;0.136278;0.0944826;-6.29582
154.612;127.595;0.339977;0.121826;0.0718715;-5.58148
163.437;127.595;0.29198;0.108994;0.0548997;-4.83626
172.263;127.595;0.250485;0.0929718;0.0400541;-4.07344
181.088;127.595;0.236302;0.0732418;0.0282716;-3.30914
189.914;127.595;0.200733;0.0571207;0.0223731;-2.5175
198.739;127.595;0.158688;0.0393989;0.0105422;-1.66519
207.565;127.595;0.395024;0.0127727;-0.0142015;-0.779077
-189.581;118.77;1.1177;0.0276266;0.0234194;-1.83517
-180.755;118.77;1.09406;0.0137961;0.0314465;-2.62203
-171.93;118.77;1.07296;-0.00573822;0.0470327;-3.42711
-163.105;118.77;1.03285;-0.0259957;0.063462;-4.20478
-154.279;118.77;1.02052;-0.0430963;0.077504;-4.96644
-145.454;118.77;1.01285;-0.0591363;0.0925913;-5.71074
-136.628;118.77;0.984;-0.0735646;0.108141;-6.42826
-127.803;118.77;0.957453;-0.0817802;0.115134;-7.10053
-118.977;118.77;0.929682;-0.0857451;0.117913;-7.73532
-110.152;118.77;0.912249;-0.0871984;0.12343;-8.34893
-101.326;118.77;0.912634;-0.0852709;0.132137;-8.93249
-92.5009;118.77;0.882581;-0.0783882;0.140827;-9.47223
-83.6754;118.77;0.814427;-0.0715568;0.148663;-9.9651
-74.85;118.77;0.763848;-0.0641307;0.154793;-10.4252
-66.0245;118.77;0.720896;-0.0556827;0.164524;-10.8467
-57.1991;118.77;0.6755;-0.0471161;0.18038;-11.2255
-48.3736;118.77;0.631181;-0.0390094;0.198512;-11.5583
-39.5482;118.77;0.602716;-0.0289934;0.212223;-11.8542
-30.7227;118.77;0.572688;-0.013172;0.222908;-12.1001
-21.8972;118.77;0.530896;0.00296489;0.233496;-12.3002
-13.0718;118.77;0.466832;0.019582;0.242441;-12.4376
-4.24634;118.77;0.403245;0.0368978;0.251742;-12.5159
4.57912;118.77;0.370627;0.0554263;0.260095;-12.5597
13.4046;118.77;0.374062;0.0720531;0.264897;-12.5719
22.23;118.77;0.36351;0.08879;0.263613;-12.5278
31.0555;118.77;0.345104;0.103259;0.255585;-12.4197
39.8809;118.77;0.30355;0.119457;0.245058;-12.2449
48.7064;118.77;0.212627;0.136973;0.237998;-11.971
57.5318;118.77;0.0569061;0.15734;0.235937;-11.6071
66.3573;118.77;-0.0638853;0.170513;0.235877;-11.2262
75.1828;118.77;-0.112906;0.177611;0.229628;-10.8344
84.0082;118.77;-0.248958;0.188976;0.21753;-10.3361
92.8337;118.77;-0.43769;0.193054;0.202673;-9.72613
101.659;118.77;-0.480699;0.191457;0.187564;-9.19747
110.485;118.77;-0.40146;0.187349;0.174168;-8.74379
119.31;118.77;-0.283466;0.185631;0.159768;-8.29762
128.135;118.77;-0.128544;0.18129;0.143572;-7.84346
136.961;118.77;0.0234528;0.172856;0.12247;-7.34686
145.786;118.77;0.0739788;0.157516;0.0986742;-6.71936
154.612;118.77;0.0753081;0.142644;0.0765545;-6.01855
163.437;118.77;0.0755436;0.128711;0.0597861;-5.29695
172.263;118.77;0.0921696;0.114198;0.0459903;-4.57015
181.088;118.77;0.121932;0.0972336;0.035055;-3.83289
189.914;118.77;0.119876;0.0789032;0.0270463;-3.05039
198.739;118.77;0.109778;0.0600568;0.0200465;-2.21446
207.565;118.77;0.316742;0.0328216;0.00435364;-1.34994
-189.581;109.944;1.03243;0.00983935;0.0341922;-2.33703
-180.755;109.944;0.999407;-0.0016163;0.0451416;-3.13511
-171.93;109.944;0.996469;-0.0170845;0.060423;-3.94756
-163.105;109.944;0.967239;-0.0352535;0.0752738;-4.74331
-154.279;109.944;0.957578;-0.0512593;0.086787;-5.5256
-145.454;109.944;0.960721;-0.0656931;0.0982798;-6.28925
-136.628;109.944;0.94335;-0.0816367;0.11375;-7.02971
-127.803;109.944;0.909488;-0.0927144;0.123385;-7.71934
-118.977;109.944;0.87243;-0.0991129;0.128732;-8.37021
-110.152;109.944;0.854059;-0.101381;0.134869;-9.00213
-101.326;109.944;0.853912;-0.0988388;0.143392;-9.60194
-92.5009;109.944;0.819751;-0.0917204;0.151422;-10.1476
-83.6754;109.944;0.757376;-0.088179;0.158866;-10.6586
-74.85;109.944;0.706286;-0.0814032;0.163173;-11.1292
-66.0245;109.944;0.658474;-0.0707454;0.17113;-11.5525
-57.1991;109.944;0.619952;-0.0608407;0.187547;-11.9342
-48.3736;109.944;0.595885;-0.053103;0.208331;-12.2809
-39.5482;109.944;0.576766;-0.0415612;0.223193;-12.5918
-30.7227;109.944;0.550944;-0.0235578;0.233388;-12.8514
-21.8972;109.944;0.514533;-0.00561197;0.2421;-13.0652
-13.0718;109.944;0.461198;0.011478;0.248374;-13.2181
-4.24634;109.944;0.411489;0.0288263;0.255446;-13.3148
4.57912;109.944;0.383619;0.0475191;0.262873;-13.3683
13.4046;109.944;0.367311;0.0652334;0.268646;-13.3737
22.23;109.944;0.326019;0.0823962;0.269093;-13.3105
31.0555;109.944;0.278331;0.0962004;0.261848;-13.1771
39.8809;109.944;0.210469;0.116744;0.250359;-12.9822
48.7064;109.944;0.104359;0.144634;0.241387;-12.7002
57.5318;109.944;-0.0354433;0.175083;0.237379;-12.3423
66.3573;109.944;-0.095118;0.190652;0.236259;-12.006
75.1828;109.944;-0.0761973;0.197327;0.223796;-11.6728
84.0082;109.944;-0.205945;0.210787;0.201544;-11.1744
92.8337;109.944;-0.454149;0.213994;0.186638;-10.4797
101.659;109.944;-0.62332;0.212567;0.173897;-9.8231
110.485;109.944;-0.607741;0.207182;0.161552;-9.28477
119.31;109.944;-0.510044;0.203417;0.148892;-8.80146
128.135;109.944;-0.349533;0.197025;0.136243;-8.33394
136.961;109.944;-0.175447;0.191016;0.120698;-7.85002
145.786;109.944;-0.0669494;0.178293;0.105173;-7.26045
154.612;109.944;-0.01631;0.164767;0.0860573;-6.59001
163.437;109.944;0.0320889;0.149514;0.0675646;-5.88475
172.263;109.944;0.0823051;0.134206;0.053146;-5.1626
181.088;109.944;0.125678;0.118313;0.0435265;-4.4213
189.914;109.944;0.154805;0.0993204;0.0359894;-3.64283
198.739;109.944;0.163803;0.0767304;0.0294818;-2.82153
207.565;109.944;0.290216;0.0499168;0.0127703;-1.92979
-198.406;101.119;1.147;0.0197346;0.02454;-2.02775
-189.581;101.119;1.04388;0.00406599;0.0373114;-2.83745
-180.755;101.119;0.983041;-0.0111314;0.0508691;-3.65659
-171.93;101.119;0.964203;-0.0278551;0.0645109;-4.47329
-163.105;101.119;0.938417;-0.0457951;0.0781208;-5.28672
-154.279;101.119;0.926309;-0.0616836;0.0893371;-6.08567
-145.454;101.119;0.917144;-0.076719;0.0993734;-6.8624
-136.628;101.119;0.881806;-0.0942699;0.113294;-7.61286
-127.803;101.119;0.821768;-0.107428;0.123155;-8.30623
-118.977;101.119;0.766645;-0.115716;0.130004;-8.96236
-110.152;101.119;0.74933;-0.118998;0.137286;-9.60727
-101.326;101.119;0.76738;-0.11645;0.146557;-10.2327
-92.5009;101.119;0.76512;-0.109055;0.154655;-10.8055
-83.6754;101.119;0.744013;-0.106459;0.161774;-11.3472
-74.85;101.119;0.701561;-0.0996379;0.164895;-11.837
-66.0245;101.119;0.647384;-0.0876153;0.171163;-12.2678
-57.1991;101.119;0.592339;-0.0749053;0.187105;-12.6484
-48.3736;101.119;0.549457;-0.0633749;0.209246;-12.9945
-39.5482;101.119;0.527716;-0.0489833;0.226275;-13.3161
-30.7227;101.119;0.511535;-0.0299426;0.238267;-13.5941
-21.8972;101.119;0.489405;-0.0110777;0.247487;-13.8234
-13.0718;101.119;0.459138;0.00563753;0.253516;-13.9933
-4.24634;101.119;0.43005;0.0222787;0.260821;-14.1098
4.57912;101.119;0.408029;0.0401046;0.268126;-14.1732
13.4046;101.119;0.385235;0.0576366;0.273335;-14.1771
22.23;101.119;0.339027;0.0740827;0.27371;-14.1092
31.0555;101.119;0.281757;0.0872133;0.268053;-13.9763
39.8809;101.119;0.216035;0.113594;0.256322;-13.796
48.7064;101.119;0.170724;0.15423;0.244025;-13.581
57.5318;101.119;0.187875;0.195478;0.235458;-13.3505
66.3573;101.119;0.30281;0.213956;0.23183;-13.1561
75.1828;101.119;0.377268;0.222652;0.212735;-12.8711
84.0082;101.119;0.275398;0.233678;0.184754;-12.3663
92.8337;101.119;0.0372399;0.237837;0.168506;-11.6616
101.659;101.119;-0.198252;0.239443;0.156802;-10.9422
110.485;101.119;-0.251137;0.233876;0.144777;-10.3266
119.31;101.119;-0.217901;0.228826;0.133689;-9.76046
128.135;101.119;-0.134608;0.223146;0.125044;-9.2056
136.961;101.119;-0.0351562;0.217524;0.116086;-8.63834
145.786;101.119;0.0491776;0.206205;0.107626;-8.01531
154.612;101.119;0.0974265;0.19258;0.0931027;-7.32647
163.437;101.119;0.145832;0.176051;0.0750622;-6.59753
172.263;101.119;0.175609;0.159493;0.058625;-5.83522
181.088;101.119;0.177583;0.143563;0.0464389;-5.04223
189.914;101.119;0.176825;0.124018;0.0356803;-4.22009
198.739;101.119;0.221702;0.0955287;0.0256781;-3.37
207.565;101.119;0.282995;0.0663128;0.0131256;-2.46233
-198.406;92.2933;1.18437;0.0246625;0.0208977;-2.50353
-189.581;92.2933;1.07497;0.00987869;0.0334594;-3.33235
-180.755;92.2933;0.998286;-0.0142952;0.0503854;-4.16289
-171.93;92.2933;0.968392;-0.036067;0.0642525;-4.99184
-163.105;92.2933;0.945304;-0.0552162;0.0769453;-5.81642
-154.279;92.2933;0.914747;-0.0720753;0.0897812;-6.62277
-145.454;92.2933;0.871873;-0.087958;0.100943;-7.40442
-136.628;92.2933;0.808397;-0.105673;0.11249;-8.15877
-127.803;92.2933;0.736524;-0.11999;0.119445;-8.86189
-118.977;92.2933;0.687129;-0.130292;0.127206;-9.54161
-110.152;92.2933;0.680305;-0.134862;0.136834;-10.2089
-101.326;92.2933;0.707287;-0.132176;0.147685;-10.858
-92.5009;92.2933;0.729098;-0.123677;0.156786;-11.4636
-83.6754;92.2933;0.727188;-0.118831;0.165176;-12.0298
-74.85;92.2933;0.698585;-0.111215;0.170225;-12.537
-66.0245;92.2933;0.649578;-0.0994705;0.176654;-12.9791
-57.1991;92.2933;0.584156;-0.0856484;0.191072;-13.3631
-48.3736;92.2933;0.523727;-0.0707755;0.211394;-13.7166
-39.5482;92.2933;0.499115;-0.0542891;0.229011;-14.0511
-30.7227;92.2933;0.497649;-0.0349807;0.242786;-14.3516
-21.8972;92.2933;0.489067;-0.014641;0.253947;-14.6007
-13.0718;92.2933;0.473797;0.00301363;0.261619;-14.7861
-4.24634;92.2933;0.45855;0.0197135;0.270865;-14.9203
4.57912;92.2933;0.44347;0.0370917;0.278992;-14.9959
13.4046;92.2933;0.419474;0.0553713;0.281598;-14.997
22.23;92.2933;0.379548;0.0718941;0.27761;-14.9205
31.0555;92.2933;0.32535;0.087661;0.271516;-14.7919
39.8809;92.2933;0.261383;0.123181;0.258402;-14.6259
48.7064;92.2933;0.258426;0.17476;0.23994;-14.459
57.5318;92.2933;0.387234;0.22246;0.222576;-14.3248
66.3573;92.2933;0.623477;0.242555;0.212104;-14.2271
75.1828;92.2933;0.720206;0.252145;0.189927;-13.9408
84.0082;92.2933;0.663598;0.257947;0.166725;-13.435
92.8337;92.2933;0.501468;0.261818;0.152898;-12.7851
101.659;92.2933;0.323976;0.26407;0.142313;-12.1006
110.485;92.2933;0.264703;0.25921;0.129582;-11.4647
119.31;92.2933;0.246117;0.254026;0.118697;-10.8303
128.135;92.2933;0.243546;0.248863;0.112447;-10.179
136.961;92.2933;0.25272;0.243096;0.105789;-9.51204
145.786;92.2933;0.275921;0.232856;0.0994087;-8.82229
154.612;92.2933;0.295945;0.219417;0.0897369;-8.09454
163.437;92.2933;0.311817;0.203062;0.0764168;-7.32235
172.263;92.2933;0.279589;0.186379;0.0627945;-6.49487
181.088;92.2933;0.204867;0.169206;0.0516364;-5.62363
189.914;92.2933;0.163567;0.145672;0.0389466;-4.74124
198.739;92.2933;0.219303;0.114439;0.0261249;-3.86821
207.565;92.2933;0.319398;0.085071;0.0167033;-2.99412
-216.057;83.4678;1.13471;0.0140189;0.0264154;-1.15357
-207.232;83.4678;1.22884;0.0337497;0.0131584;-2.03657
-198.406;83.4678;1.18969;0.0312822;0.0170134;-2.94343
-189.581;83.4678;1.08987;0.0160781;0.0288949;-3.7954
-180.755;83.4678;1.00692;-0.0135071;0.0470387;-4.63875
-171.93;83.4678;0.969912;-0.0396611;0.0616417;-5.47675
-163.105;83.4678;0.932752;-0.0611253;0.0742879;-6.30453
-154.279;83.4678;0.868195;-0.0810565;0.0894254;-7.1198
-145.454;83.4678;0.80282;-0.0981839;0.101609;-7.91198
-136.628;83.4678;0.737767;-0.114203;0.109592;-8.67878
-127.803;83.4678;0.687491;-0.127288;0.112814;-9.40928
-118.977;83.4678;0.658431;-0.137317;0.120002;-10.1174
-110.152;83.4678;0.651069;-0.141763;0.130538;-10.802
-101.326;83.4678;0.662353;-0.139381;0.14125;-11.4601
-92.5009;83.4678;0.683476;-0.132616;0.1502;-12.0879
-83.6754;83.4678;0.679468;-0.126346;0.161219;-12.6697
-74.85;83.4678;0.662418;-0.117405;0.171305;-13.1936
-66.0245;83.4678;0.631809;-0.105304;0.180834;-13.6594
-57.1991;83.4678;0.582505;-0.0912938;0.193594;-14.072
-48.3736;83.4678;0.533435;-0.0764899;0.210422;-14.4522
-39.5482;83.4678;0.515732;-0.0611263;0.227421;-14.8073
-30.7227;83.4678;0.521203;-0.042552;0.241452;-15.1199
-21.8972;83.4678;0.51276;-0.0208093;0.252411;-15.3685
-13.0718;83.4678;0.490002;-0.000479951;0.261029;-15.5546
-4.24634;83.4678;0.471441;0.0178483;0.272736;-15.6964
4.57912;83.4678;0.45748;0.0364141;0.283174;-15.7834
13.4046;83.4678;0.43093;0.0576148;0.284622;-15.7885
22.23;83.4678;0.400648;0.0762231;0.275977;-15.7083
31.0555;83.4678;0.362231;0.0999606;0.265746;-15.5825
39.8809;83.4678;0.290612;0.145301;0.247027;-15.395
48.7064;83.4678;0.254512;0.199543;0.220932;-15.1755
57.5318;83.4678;0.330559;0.242285;0.195203;-14.9764
66.3573;83.4678;0.515635;0.260283;0.177369;-14.8175
75.1828;83.4678;0.601666;0.274659;0.15943;-14.5184
84.0082;83.4678;0.587479;0.283605;0.14772;-14.058
92.8337;83.4678;0.540979;0.288174;0.141748;-13.5109
101.659;83.4678;0.517455;0.288088;0.133079;-12.931
110.485;83.4678;0.51399;0.284555;0.117812;-12.3251
119.31;83.4678;0.475877;0.279972;0.103988;-11.6655
128.135;83.4678;0.439115;0.273542;0.0963051;-10.9657
136.961;83.4678;0.419938;0.267416;0.0869639;-10.2515
145.786;83.4678;0.422525;0.257944;0.0787757;-9.52014
154.612;83.4678;0.436878;0.243754;0.0721211;-8.76605
163.437;83.4678;0.427536;0.227106;0.0652069;-7.95759
172.263;83.4678;0.334556;0.211098;0.0575031;-7.07563
181.088;83.4678;0.206021;0.194076;0.0495077;-6.15585
189.914;83.4678;0.188932;0.166584;0.0377682;-5.26497
198.739;83.4678;0.273545;0.132154;0.0227311;-4.39086
207.565;83.4678;0.415942;0.0998088;0.0105716;-3.53235
216.39;83.4678;0.529988;0.0694113;0.004716;-2.62571
225.215;83.4678;0.556288;0.04232;0.0108599;-1.67814
-216.057;74.6423;1.12691;0.00697794;0.0278954;-1.5476
-207.232;74.6423;1.19548;0.0321173;0.0159923;-2.44881
-198.406;74.6423;1.1683;0.0396274;0.0123058;-3.34309
-189.581;74.6423;1.06752;0.0179217;0.0244355;-4.20821
-180.755;74.6423;1.00125;-0.0112353;0.0400281;-5.06149
-171.93;74.6423;0.963353;-0.0376981;0.0541318;-5.91207
-163.105;74.6423;0.902282;-0.0609846;0.066495;-6.74541
-154.279;74.6423;0.808838;-0.084896;0.0820499;-7.58195
-145.454;74.6423;0.749486;-0.103427;0.0926493;-8.4
-136.628;74.6423;0.711142;-0.1176;0.0963128;-9.1936
-127.803;74.6423;0.70024;-0.128016;0.0959909;-9.95994
-118.977;74.6423;0.678856;-0.135458;0.101266;-10.6897
-110.152;74.6423;0.645277;-0.137771;0.109709;-11.379
-101.326;74.6423;0.6246;-0.135873;0.116769;-12.037
-92.5009;74.6423;0.635026;-0.134321;0.123589;-12.6862
-83.6754;74.6423;0.634419;-0.131099;0.137029;-13.2886
-74.85;74.6423;0.617016;-0.122063;0.151837;-13.8308
-66.0245;74.6423;0.604412;-0.108302;0.164495;-14.3206
-57.1991;74.6423;0.585235;-0.094132;0.175945;-14.7633
-48.3736;74.6423;0.565567;-0.0819879;0.189093;-15.1806
-39.5482;74.6423;0.56135;-0.0705647;0.203931;-15.5678
-30.7227;74.6423;0.554256;-0.0518179;0.218025;-15.8928
-21.8972;74.6423;0.531577;-0.0259337;0.231077;-16.1441
-13.0718;74.6423;0.48706;-0.000428344;0.242341;-16.3234
-4.24634;74.6423;0.448874;0.0221491;0.254848;-16.4563
4.57912;74.6423;0.423362;0.0436597;0.264014;-16.541
13.4046;74.6423;0.39967;0.0667567;0.263045;-16.5587
22.23;74.6423;0.396825;0.0864217;0.252464;-16.505
31.0555;74.6423;0.402012;0.120823;0.235741;-16.398
39.8809;74.6423;0.3705;0.17539;0.210171;-16.2091
48.7064;74.6423;0.346608;0.228507;0.182173;-15.9554
57.5318;74.6423;0.377197;0.262652;0.158681;-15.6782
66.3573;74.6423;0.454387;0.279631;0.140741;-15.4008
75.1828;74.6423;0.48965;0.296099;0.128073;-15.043
84.0082;74.6423;0.493512;0.306291;0.124994;-14.5923
92.8337;74.6423;0.501657;0.31112;0.124177;-14.0873
101.659;74.6423;0.527678;0.311304;0.116414;-13.5444
110.485;74.6423;0.545655;0.308168;0.100264;-12.9515
119.31;74.6423;0.508302;0.303225;0.0857431;-12.2869
128.135;74.6423;0.475845;0.29633;0.0767824;-11.5837
136.961;74.6423;0.470008;0.289676;0.0666464;-10.863
145.786;74.6423;0.4926;0.280467;0.0585818;-10.1215
154.612;74.6423;0.523872;0.265412;0.0528746;-9.35415
163.437;74.6423;0.535088;0.246126;0.0508489;-8.54265
172.263;74.6423;0.478652;0.227678;0.0490246;-7.67005
181.088;74.6423;0.406547;0.20937;0.0454963;-6.77293
189.914;74.6423;0.426622;0.180552;0.0365297;-5.89033
198.739;74.6423;0.528834;0.145584;0.0238448;-5.01445
207.565;74.6423;0.613743;0.112798;0.0118056;-4.11457
216.39;74.6423;0.669831;0.08057;0.00625718;-3.14687
225.215;74.6423;0.677051;0.0516433;0.0136209;-2.17419
-216.057;65.8169;1.12026;0.0135971;0.0263729;-1.86717
-207.232;65.8169;1.14879;0.0319623;0.0201424;-2.80617
-198.406;65.8169;1.11237;0.0372417;0.0144299;-3.69227
-189.581;65.8169;1.02263;0.0124949;0.0213202;-4.57764
-180.755;65.8169;0.985267;-0.0124595;0.0296081;-5.44559
-171.93;65.8169;0.966638;-0.0354307;0.0391423;-6.33137
-163.105;65.8169;0.909916;-0.058156;0.0477462;-7.1955
-154.279;65.8169;0.829678;-0.0822758;0.0585044;-8.06196
-145.454;65.8169;0.798192;-0.0993014;0.0640171;-8.90568
-136.628;65.8169;0.778588;-0.112926;0.0642543;-9.72338
-127.803;65.8169;0.784552;-0.123238;0.0611635;-10.5117
-118.977;65.8169;0.751508;-0.130542;0.0651189;-11.2533
-110.152;65.8169;0.692443;-0.131617;0.0714229;-11.9412
-101.326;65.8169;0.662609;-0.128414;0.074001;-12.5983
-92.5009;65.8169;0.68874;-0.127823;0.0776835;-13.2597
-83.6754;65.8169;0.691828;-0.129599;0.0893624;-13.8901
-74.85;65.8169;0.672613;-0.126341;0.106475;-14.4633
-66.0245;65.8169;0.654771;-0.114978;0.123212;-14.981
-57.1991;65.8169;0.633932;-0.101933;0.136268;-15.4469
-48.3736;65.8169;0.619889;-0.0906617;0.147568;-15.8925
-39.5482;65.8169;0.623162;-0.0794353;0.16019;-16.3057
-30.7227;65.8169;0.623151;-0.0593597;0.176005;-16.6487
-21.8972;65.8169;0.626601;-0.0311496;0.193802;-16.9319
-13.0718;65.8169;0.605253;-0.00243711;0.20991;-17.137
-4.24634;65.8169;0.575321;0.0232293;0.222341;-17.2773
4.57912;65.8169;0.546362;0.0459118;0.228355;-17.3565
13.4046;65.8169;0.524707;0.0672081;0.226431;-17.3763
22.23;65.8169;0.536323;0.086227;0.21796;-17.35
31.0555;65.8169;0.559342;0.132992;0.195339;-17.255
39.8809;65.8169;0.575888;0.199205;0.165944;-17.0901
48.7064;65.8169;0.645703;0.254167;0.142642;-16.8987
57.5318;65.8169;0.755603;0.284259;0.129808;-16.6704
66.3573;65.8169;0.789301;0.303741;0.120219;-16.3315
75.1828;65.8169;0.739683;0.321837;0.111213;-15.8856
84.0082;65.8169;0.701998;0.330975;0.108164;-15.3858
92.8337;65.8169;0.696709;0.334079;0.105288;-14.8504
101.659;65.8169;0.712534;0.334013;0.0973502;-14.2809
110.485;65.8169;0.716904;0.332034;0.084302;-13.6669
119.31;65.8169;0.677992;0.328136;0.0720544;-12.9904
128.135;65.8169;0.6463;0.319544;0.0640506;-12.278
136.961;65.8169;0.631982;0.30811;0.0577695;-11.5267
145.786;65.8169;0.636878;0.297523;0.0528453;-10.7496
154.612;65.8169;0.65845;0.283294;0.0470324;-9.94925
163.437;65.8169;0.666517;0.26404;0.0438265;-9.11848
172.263;65.8169;0.64572;0.244268;0.0421019;-8.25063
181.088;65.8169;0.625726;0.224663;0.0404897;-7.36974
189.914;65.8169;0.650443;0.195532;0.0334667;-6.47712
198.739;65.8169;0.719918;0.162365;0.0246206;-5.57535
207.565;65.8169;0.772802;0.130106;0.0185089;-4.64419
216.39;65.8169;0.792541;0.0970469;0.0175568;-3.66669
225.215;65.8169;0.789353;0.0685508;0.022706;-2.63677
234.041;65.8169;0.857881;0.0445653;0.0243159;-1.55609
-216.057;56.9914;1.09132;0.0235757;0.0235004;-2.15406
-207.232;56.9914;1.09696;0.0334853;0.0202078;-3.10274
-198.406;56.9914;1.03282;0.0312648;0.0164171;-3.99695
-189.581;56.9914;0.945366;0.00323405;0.0197382;-4.90159
-180.755;56.9914;0.929629;-0.0193286;0.0210531;-5.78417
-171.93;56.9914;0.940946;-0.0400628;0.0229551;-6.69264
-163.105;56.9914;0.927983;-0.0613532;0.0248454;-7.5944
-154.279;56.9914;0.905055;-0.0809714;0.0279575;-8.49525
-145.454;56.9914;0.912293;-0.0941623;0.0285199;-9.37348
-136.628;56.9914;0.897163;-0.106994;0.0272839;-10.2123
-127.803;56.9914;0.874911;-0.12134;0.0279856;-11.018
-118.977;56.9914;0.825809;-0.132374;0.0354244;-11.7779
-110.152;56.9914;0.764951;-0.133652;0.0446629;-12.4823
-101.326;56.9914;0.739045;-0.127927;0.0480664;-13.1563
-92.5009;56.9914;0.772876;-0.124939;0.0498745;-13.829
-83.6754;56.9914;0.783145;-0.127567;0.0586421;-14.4807
-74.85;56.9914;0.763011;-0.128254;0.0740644;-15.0766
-66.0245;56.9914;0.728803;-0.123154;0.0902501;-15.6152
-57.1991;56.9914;0.69062;-0.113921;0.103864;-16.099
-48.3736;56.9914;0.67462;-0.102312;0.116022;-16.5633
-39.5482;56.9914;0.690995;-0.0878399;0.129208;-16.9985
-30.7227;56.9914;0.70422;-0.0649424;0.145803;-17.3621
-21.8972;56.9914;0.730038;-0.0359937;0.166481;-17.683
-13.0718;56.9914;0.738211;-0.00769793;0.184951;-17.9316
-4.24634;56.9914;0.724077;0.0181485;0.197736;-18.0901
4.57912;56.9914;0.687946;0.0399378;0.204917;-18.159
13.4046;56.9914;0.650439;0.0583101;0.20754;-18.1591
22.23;56.9914;0.667564;0.081114;0.201482;-18.1425
31.0555;56.9914;0.697511;0.141266;0.176035;-18.0505
39.8809;56.9914;0.727808;0.22041;0.145572;-17.8832
48.7064;56.9914;0.816947;0.27958;0.125465;-17.6998
57.5318;56.9914;0.927424;0.30821;0.116969;-17.4669
66.3573;56.9914;0.931704;0.327929;0.111102;-17.0888
75.1828;56.9914;0.832194;0.345528;0.10519;-16.5806
84.0082;56.9914;0.788661;0.353218;0.0990435;-16.0524
92.8337;56.9914;0.792258;0.356394;0.0929254;-15.5068
101.659;56.9914;0.817246;0.358242;0.0857112;-14.931
110.485;56.9914;0.832391;0.359277;0.076503;-14.3076
119.31;56.9914;0.78495;0.357789;0.0682889;-13.6052
128.135;56.9914;0.736788;0.347551;0.0610719;-12.8613
136.961;56.9914;0.7044;0.332081;0.0553947;-12.0793
145.786;56.9914;0.696779;0.31792;0.0515882;-11.2786
154.612;56.9914;0.717658;0.304074;0.0462736;-10.4634
163.437;56.9914;0.739117;0.286625;0.0424088;-9.63122
172.263;56.9914;0.740678;0.266952;0.0404629;-8.7597
181.088;56.9914;0.735965;0.24526;0.0390909;-7.86485
189.914;56.9914;0.746291;0.214384;0.0337392;-6.94414
198.739;56.9914;0.786065;0.181008;0.0270255;-6.01795
207.565;56.9914;0.829952;0.148276;0.0249404;-5.07585
216.39;56.9914;0.858795;0.115024;0.0264161;-4.09464
225.215;56.9914;0.879561;0.0824392;0.02781;-3.04369
234.041;56.9914;0.956958;0.0571558;0.0298874;-1.95404
-224.883;48.166;1.06381;0.0350487;0.0188194;-1.48769
-216.057;48.166;1.06689;0.0258752;0.0199466;-2.41566
-207.232;48.166;1.05918;0.0295785;0.0179628;-3.34457
-198.406;48.166;0.954028;0.0176441;0.0177653;-4.26212
-189.581;48.166;0.87483;-0.00942496;0.0196477;-5.18538
-180.755;48.166;0.858174;-0.033244;0.0183881;-6.10189
-171.93;48.166;0.857739;-0.0580906;0.0177341;-7.03251
-163.105;48.166;0.85302;-0.0822323;0.0177279;-7.96052
-154.279;48.166;0.870718;-0.0982338;0.0159822;-8.87516
-145.454;48.166;0.921805;-0.106072;0.0121987;-9.76659
-136.628;48.166;0.894862;-0.115777;0.0126887;-10.605
-127.803;48.166;0.848546;-0.130786;0.0165316;-11.417
-118.977;48.166;0.795662;-0.14364;0.0273557;-12.1953
-110.152;48.166;0.757496;-0.146946;0.0405215;-12.933
-101.326;48.166;0.756007;-0.141497;0.0468036;-13.6469
-92.5009;48.166;0.790202;-0.134704;0.0463316;-14.3402
-83.6754;48.166;0.806275;-0.13214;0.049384;-14.9933
-74.85;48.166;0.774131;-0.134849;0.0616057;-15.5895
-66.0245;48.166;0.722541;-0.132565;0.0769565;-16.1347
-57.1991;48.166;0.679461;-0.124177;0.0921115;-16.6415
-48.3736;48.166;0.67987;-0.111442;0.106943;-17.1416
-39.5482;48.166;0.721992;-0.0943049;0.122482;-17.6202
-30.7227;48.166;0.747997;-0.0697262;0.138935;-18.0118
-21.8972;48.166;0.763623;-0.0416668;0.156029;-18.3453
-13.0718;48.166;0.780022;-0.0155788;0.170957;-18.6173
-4.24634;48.166;0.775986;0.00952067;0.184211;-18.7923
4.57912;48.166;0.751009;0.0300747;0.195834;-18.8707
13.4046;48.166;0.730967;0.0489422;0.203306;-18.8778
22.23;48.166;0.761595;0.0870421;0.196022;-18.872
31.0555;48.166;0.792619;0.162144;0.171358;-18.7843
39.8809;48.166;0.823484;0.246562;0.144288;-18.6118
48.7064;48.166;0.892501;0.30343;0.12681;-18.3988
57.5318;48.166;0.958623;0.329577;0.117361;-18.1127
66.3573;48.166;0.934247;0.349793;0.108363;-17.6965
75.1828;48.166;0.82986;0.367534;0.0990372;-17.1589
84.0082;48.166;0.789482;0.374454;0.0900183;-16.6092
92.8337;48.166;0.790305;0.37641;0.0837381;-16.0426
101.659;48.166;0.815422;0.376982;0.0792847;-15.4448
110.485;48.166;0.842251;0.378556;0.0743056;-14.8012
119.31;48.166;0.792912;0.377567;0.070294;-14.0611
128.135;48.166;0.731733;0.366608;0.063763;-13.2829
136.961;48.166;0.693333;0.348407;0.056032;-12.4825
145.786;48.166;0.6932;0.332076;0.0496347;-11.6843
154.612;48.166;0.729869;0.320726;0.0442111;-10.885
163.437;48.166;0.783083;0.307341;0.041162;-10.0756
172.263;48.166;0.793743;0.288343;0.0396671;-9.19493
181.088;48.166;0.774467;0.263748;0.0392207;-8.26329
189.914;48.166;0.756993;0.23009;0.0354985;-7.30011
198.739;48.166;0.785683;0.194273;0.0292518;-6.35449
207.565;48.166;0.839869;0.160198;0.0268414;-5.40723
216.39;48.166;0.895652;0.125906;0.0276396;-4.43116
225.215;48.166;0.945642;0.0902385;0.0281364;-3.40376
234.041;48.166;1.00101;0.0602075;0.0299702;-2.32456
-224.883;39.3405;1.00932;0.0371594;0.0189564;-1.69306
-216.057;39.3405;1.0033;0.0255301;0.0204773;-2.64339
-207.232;39.3405;0.963398;0.0188763;0.0200835;-3.57451
-198.406;39.3405;0.873102;0.000743516;0.02171;-4.501
-189.581;39.3405;0.837556;-0.0242676;0.0218551;-5.4465
-180.755;39.3405;0.834663;-0.0478378;0.019429;-6.40199
-171.93;39.3405;0.820363;-0.0726019;0.0172677;-7.34065
-163.105;39.3405;0.809218;-0.0976467;0.0154317;-8.2779
-154.279;39.3405;0.840395;-0.113629;0.0104083;-9.19629
-145.454;39.3405;0.891338;-0.119657;0.00457236;-10.0876
-136.628;39.3405;0.844787;-0.12535;0.00669629;-10.9153
-127.803;39.3405;0.771562;-0.138337;0.0126392;-11.7268
-118.977;39.3405;0.732236;-0.15084;0.021999;-12.5156
-110.152;39.3405;0.725521;-0.156675;0.0328113;-13.2773
-101.326;39.3405;0.736193;-0.155422;0.0401614;-14.0251
-92.5009;39.3405;0.752029;-0.150338;0.0410965;-14.743
-83.6754;39.3405;0.7599;-0.14419;0.04251;-15.4085
-74.85;39.3405;0.732953;-0.144315;0.0518328;-16.0203
-66.0245;39.3405;0.686689;-0.140598;0.0665205;-16.5809
-57.1991;39.3405;0.655393;-0.130155;0.081697;-17.1156
-48.3736;39.3405;0.682302;-0.116169;0.0963256;-17.6561
-39.5482;39.3405;0.755528;-0.0987835;0.111916;-18.1868
-30.7227;39.3405;0.796349;-0.0756994;0.129492;-18.6144
-21.8972;39.3405;0.79118;-0.0499758;0.146097;-18.9517
-13.0718;39.3405;0.806507;-0.0269163;0.159774;-19.229
-4.24634;39.3405;0.81822;-0.00505902;0.176169;-19.4333
4.57912;39.3405;0.830384;0.0162762;0.191353;-19.5606
13.4046;39.3405;0.859274;0.0489756;0.195894;-19.6258
22.23;39.3405;0.916367;0.116165;0.180876;-19.6439
31.0555;39.3405;0.97782;0.206031;0.15701;-19.585
39.8809;39.3405;1.07228;0.281973;0.138361;-19.4617
48.7064;39.3405;1.14421;0.327011;0.125869;-19.2391
57.5318;39.3405;1.14797;0.350383;0.11473;-18.8879
66.3573;39.3405;1.06754;0.373609;0.10002;-18.4111
75.1828;39.3405;0.956268;0.391956;0.0843118;-17.8293
84.0082;39.3405;0.881232;0.399395;0.0746753;-17.225
92.8337;39.3405;0.836825;0.400894;0.0712901;-16.6053
101.659;39.3405;0.828571;0.400274;0.0706303;-15.9632
110.485;39.3405;0.84452;0.402444;0.0689745;-15.291
119.31;39.3405;0.808106;0.400229;0.0666399;-14.5208
128.135;39.3405;0.753561;0.386521;0.0600938;-13.7092
136.961;39.3405;0.723442;0.366714;0.0518852;-12.8927
145.786;39.3405;0.734529;0.349485;0.0448155;-12.0911
154.612;39.3405;0.784068;0.337194;0.0395955;-11.2911
163.437;39.3405;0.865232;0.321332;0.0360512;-10.4822
172.263;39.3405;0.887977;0.299141;0.0339585;-9.5885
181.088;39.3405;0.854081;0.267879;0.0348966;-8.61154
189.914;39.3405;0.805222;0.233548;0.0331346;-7.60775
198.739;39.3405;0.832922;0.19932;0.0284008;-6.65303
207.565;39.3405;0.888458;0.167315;0.025775;-5.70148
216.39;39.3405;0.95912;0.132855;0.0256043;-4.71805
225.215;39.3405;0.991232;0.0931462;0.0239794;-3.68097
234.041;39.3405;0.933845;0.0563146;0.0222967;-2.60009
-224.883;30.5151;0.99057;0.0323804;0.0240528;-1.90862
-216.057;30.5151;0.981583;0.020451;0.0242191;-2.88469
-207.232;30.5151;0.931365;0.00926032;0.0232042;-3.81453
-198.406;30.5151;0.872733;-0.0113185;0.0243889;-4.75348
-189.581;30.5151;0.887535;-0.0326756;0.0226772;-5.70433
-180.755;30.5151;0.895695;-0.0538247;0.0189186;-6.67583
-171.93;30.5151;0.873821;-0.075449;0.0147751;-7.61611
-163.105;30.5151;0.851353;-0.100013;0.0103544;-8.55813
-154.279;30.5151;0.862394;-0.119573;0.00358614;-9.48156
-145.454;30.5151;0.885473;-0.128036;-0.00220606;-10.3627
-136.628;30.5151;0.825808;-0.13182;0.000734349;-11.1841
-127.803;30.5151;0.744925;-0.142705;0.00663506;-11.9995
-118.977;30.5151;0.719986;-0.153073;0.0122722;-12.7989
-110.152;30.5151;0.725504;-0.159874;0.0177184;-13.5756
-101.326;30.5151;0.72966;-0.163309;0.0241772;-14.3436
-92.5009;30.5151;0.7258;-0.162952;0.0285085;-15.0903
-83.6754;30.5151;0.724869;-0.156471;0.0317574;-15.7882
-74.85;30.5151;0.716772;-0.151855;0.0382527;-16.4285
-66.0245;30.5151;0.687583;-0.145967;0.0508967;-17.0119
-57.1991;30.5151;0.672537;-0.13381;0.0646203;-17.572
-48.3736;30.5151;0.721677;-0.119479;0.0771826;-18.1458
-39.5482;30.5151;0.820896;-0.103162;0.0905933;-18.7274
-30.7227;30.5151;0.88652;-0.0828685;0.107899;-19.2112
-21.8972;30.5151;0.890989;-0.0576104;0.125461;-19.5931
-13.0718;30.5151;0.928875;-0.0349878;0.143176;-19.9156
-4.24634;30.5151;0.987815;-0.0186057;0.168276;-20.1851
4.57912;30.5151;1.03992;0.00499657;0.184225;-20.3447
13.4046;30.5151;1.09212;0.0626474;0.172073;-20.4301
22.23;30.5151;1.18464;0.167538;0.137988;-20.4826
31.0555;30.5151;1.36398;0.272372;0.108244;-20.5404
39.8809;30.5151;1.62341;0.332356;0.0989406;-20.5629
48.7064;30.5151;1.73033;0.356384;0.0949521;-20.3499
57.5318;30.5151;1.66436;0.370807;0.0853776;-19.9206
66.3573;30.5151;1.50995;0.3936;0.0710373;-19.3568
75.1828;30.5151;1.34809;0.410005;0.0577438;-18.6841
84.0082;30.5151;1.19468;0.418064;0.0518389;-17.9745
92.8337;30.5151;1.09034;0.419887;0.0527636;-17.2759
101.659;30.5151;1.05168;0.417857;0.0552981;-16.5823
110.485;30.5151;1.05914;0.41661;0.055025;-15.8774
119.31;30.5151;1.03822;0.409803;0.0519343;-15.0965
128.135;30.5151;0.995221;0.393792;0.0458899;-14.2577
136.961;30.5151;0.945152;0.376391;0.0413948;-13.3993
145.786;30.5151;0.905957;0.363333;0.0385818;-12.5435
154.612;30.5151;0.897856;0.351892;0.0344254;-11.6862
163.437;30.5151;0.955381;0.331077;0.0280771;-10.83
172.263;30.5151;0.973571;0.30459;0.0241905;-9.91223
181.088;30.5151;0.932285;0.275139;0.0260612;-8.92373
189.914;30.5151;0.878759;0.243519;0.0277233;-7.91024
198.739;30.5151;0.931644;0.210915;0.0278804;-6.97614
207.565;30.5151;1.01269;0.179118;0.0274037;-6.04217
216.39;30.5151;1.07774;0.142654;0.0263208;-5.04153
225.215;30.5151;1.10827;0.0985726;0.0227459;-3.96659
234.041;30.5151;1.10455;0.0551002;0.019805;-2.86119
-224.883;21.6896;1.01462;0.0305393;0.0263426;-2.0858
-216.057;21.6896;1.02081;0.0169401;0.0252174;-3.09752
-207.232;21.6896;0.977158;0.00344444;0.0240969;-4.03756
-198.406;21.6896;0.945658;-0.0177228;0.0248829;-4.99086
-189.581;21.6896;0.973677;-0.0368295;0.0226497;-5.94798
-180.755;21.6896;0.979503;-0.056102;0.0180417;-6.92127
-171.93;21.6896;0.945033;-0.0751056;0.0116961;-7.85395
-163.105;21.6896;0.90113;-0.0979071;0.00470811;-8.78376
-154.279;21.6896;0.882888;-0.119467;-0.00308216;-9.70466
-145.454;21.6896;0.886958;-0.131942;-0.00853049;-10.5934
-136.628;21.6896;0.841583;-0.136448;-0.00706654;-11.4338
-127.803;21.6896;0.788218;-0.147129;-0.00412512;-12.2734
-118.977;21.6896;0.768903;-0.155571;-0.00180673;-13.0948
-110.152;21.6896;0.762174;-0.161549;0.000634059;-13.8816
-101.326;21.6896;0.752518;-0.166975;0.00577018;-14.6509
-92.5009;21.6896;0.744016;-0.169694;0.0121172;-15.4093
-83.6754;21.6896;0.747503;-0.164183;0.0167958;-16.1328
-74.85;21.6896;0.754545;-0.156838;0.0209438;-16.8007
-66.0245;21.6896;0.734739;-0.150654;0.0311037;-17.4137
-57.1991;21.6896;0.728352;-0.139259;0.0436213;-18.0009
-48.3736;21.6896;0.784571;-0.125961;0.0557667;-18.6
-39.5482;21.6896;0.895969;-0.110821;0.069749;-19.219
-30.7227;21.6896;1.00116;-0.0925978;0.0886092;-19.7721
-21.8972;21.6896;1.06984;-0.0670785;0.106931;-20.2317
-13.0718;21.6896;1.16794;-0.0448078;0.127617;-20.6438
-4.24634;21.6896;1.29043;-0.0311911;0.160431;-20.9906
4.57912;21.6896;1.29921;-0.000779802;0.169244;-21.0753
13.4046;21.6896;1.235;0.0841687;0.130452;-21.0361
22.23;21.6896;1.32112;0.225486;0.0641898;-21.101
31.0555;21.6896;1.69851;0.330704;0.0247782;-21.2665
39.8809;21.6896;1.94341;0.380689;0.0198749;-21.2572
48.7064;21.6896;1.87326;0.391084;0.0235764;-20.9189
57.5318;21.6896;1.70887;0.399636;0.026136;-20.448
66.3573;21.6896;1.64212;0.417649;0.0279721;-19.9326
75.1828;21.6896;1.56797;0.42841;0.0288548;-19.3034
84.0082;21.6896;1.38822;0.437499;0.0303572;-18.551
92.8337;21.6896;1.24181;0.440931;0.0339609;-17.7947
101.659;21.6896;1.15467;0.440228;0.0368254;-17.0446
110.485;21.6896;1.10588;0.436126;0.0368973;-16.2727
119.31;21.6896;1.04414;0.428476;0.0321868;-15.4448
128.135;21.6896;0.987147;0.413245;0.0275535;-14.5746
136.961;21.6896;0.943352;0.39614;0.0278768;-13.696
145.786;21.6896;0.906968;0.382334;0.0301637;-12.8182
154.612;21.6896;0.882896;0.369057;0.0285604;-11.9307
163.437;21.6896;0.917764;0.346473;0.022534;-11.0412
172.263;21.6896;0.932996;0.319761;0.0187722;-10.111
181.088;21.6896;0.881726;0.29352;0.0213845;-9.10335
189.914;21.6896;0.833287;0.265518;0.0250856;-8.08276
198.739;21.6896;0.94611;0.231392;0.0268977;-7.18821
207.565;21.6896;1.09593;0.196217;0.0265897;-6.3024
216.39;21.6896;1.20366;0.157527;0.0259171;-5.33027
225.215;21.6896;1.22865;0.111464;0.023544;-4.25029
234.041;21.6896;1.21946;0.0628236;0.0197425;-3.08922
242.866;21.6896;0.737962;0.0298636;0.023454;-1.85309
-224.883;12.8642;1.05612;0.039786;0.0227276;-2.19895
-216.057;12.8642;1.06185;0.0197393;0.0212021;-3.22933
-207.232;12.8642;0.999945;0.0016304;0.0217184;-4.16613
-198.406;12.8642;0.968572;-0.0209406;0.0226196;-5.1205
-189.581;12.8642;0.981789;-0.0400633;0.0202725;-6.08861
-180.755;12.8642;0.996518;-0.0597821;0.016269;-7.07517
-171.93;12.8642;0.943253;-0.0796989;0.0102752;-8.00006
-163.105;12.8642;0.864096;-0.101386;0.00281433;-8.91334
-154.279;12.8642;0.831519;-0.119639;-0.00615304;-9.82821
-145.454;12.8642;0.848888;-0.13195;-0.0129902;-10.7404
-136.628;12.8642;0.842674;-0.138516;-0.0159371;-11.6197
-127.803;12.8642;0.829648;-0.150954;-0.0164233;-12.4947
-118.977;12.8642;0.811409;-0.160461;-0.0154791;-13.3438
-110.152;12.8642;0.788221;-0.1662;-0.0133528;-14.1414
-101.326;12.8642;0.763332;-0.171662;-0.00829136;-14.9157
-92.5009;12.8642;0.743872;-0.175474;-0.00186846;-15.6739
-83.6754;12.8642;0.738293;-0.170993;0.00199307;-16.4
-74.85;12.8642;0.752105;-0.162825;0.00482188;-17.0886
-66.0245;12.8642;0.749092;-0.155693;0.0132609;-17.7344
-57.1991;12.8642;0.750809;-0.143241;0.0239088;-18.3469
-48.3736;12.8642;0.801242;-0.129161;0.0361946;-18.9614
-39.5482;12.8642;0.922001;-0.114541;0.0534897;-19.6022
-30.7227;12.8642;1.10148;-0.0985452;0.0761681;-20.2235
-21.8972;12.8642;1.31405;-0.0767946;0.0980182;-20.7945
-13.0718;12.8642;1.48842;-0.0548869;0.118682;-21.27
-4.24634;12.8642;1.44887;-0.0252176;0.139521;-21.5034
4.57912;12.8642;1.19981;0.0200624;0.132292;-21.3261
13.4046;12.8642;0.924123;0.113171;0.0776376;-21.1138
22.23;12.8642;0.870682;0.247914;0.00350745;-21.1433
31.0555;12.8642;1.09906;0.34887;-0.0419466;-21.2487
39.8809;12.8642;1.09734;0.399082;-0.0565871;-21.0579
48.7064;12.8642;1.0253;0.410702;-0.0580283;-20.6346
57.5318;12.8642;1.09551;0.426318;-0.0444515;-20.2967
66.3573;12.8642;1.33665;0.443129;-0.0205941;-20.0005
75.1828;12.8642;1.46785;0.449345;0.000338708;-19.5363
84.0082;12.8642;1.32583;0.455489;0.0107478;-18.8029
92.8337;12.8642;1.14837;0.456914;0.0161949;-17.9901
101.659;12.8642;0.996261;0.457657;0.0195692;-17.1723
110.485;12.8642;0.884863;0.453947;0.0196944;-16.3435
119.31;12.8642;0.80867;0.445667;0.0166974;-15.4952
128.135;12.8642;0.788571;0.431396;0.0153342;-14.6504
136.961;12.8642;0.788863;0.415784;0.017917;-13.8007
145.786;12.8642;0.789086;0.400755;0.0208376;-12.9367
154.612;12.8642;0.789267;0.384699;0.0198563;-12.0528
163.437;12.8642;0.827617;0.363113;0.0165965;-11.1648
172.263;12.8642;0.851269;0.339084;0.0167056;-10.2406
181.088;12.8642;0.802593;0.312908;0.0212072;-9.21304
189.914;12.8642;0.764352;0.283611;0.0248524;-8.17285
198.739;12.8642;0.894679;0.247487;0.0261499;-7.27287
207.565;12.8642;1.11131;0.20972;0.0252116;-6.43536
216.39;12.8642;1.26532;0.171156;0.0232508;-5.50511
225.215;12.8642;1.31563;0.127929;0.0219719;-4.43575
234.041;12.8642;1.25629;0.0838255;0.020564;-3.24318
242.866;12.8642;1.02454;0.044234;0.0243538;-1.94423
-233.708;4.0387;0.970567;0.0578359;0.0182457;-1.26685
-224.883;4.0387;1.05611;0.0486197;0.0161154;-2.26709
-216.057;4.0387;1.03173;0.0257583;0.0169342;-3.2691
-207.232;4.0387;0.905772;-0.00450545;0.0210627;-4.21531
-198.406;4.0387;0.834545;-0.031279;0.022109;-5.16588
-189.581;4.0387;0.852567;-0.0506011;0.0182848;-6.14418
-180.755;4.0387;0.923193;-0.0693014;0.0151044;-7.1539
-171.93;4.0387;0.879887;-0.0915284;0.0116027;-8.10384
-163.105;4.0387;0.778041;-0.112577;0.00479187;-9.0329
-154.279;4.0387;0.750704;-0.122447;-0.0077487;-9.9537
-145.454;4.0387;0.815251;-0.124495;-0.0204462;-10.8614
-136.628;4.0387;0.828954;-0.134168;-0.0266679;-11.762
-127.803;4.0387;0.817705;-0.147731;-0.0288977;-12.6432
-118.977;4.0387;0.808385;-0.159323;-0.0287224;-13.4945
-110.152;4.0387;0.791061;-0.167007;-0.0241706;-14.3116
-101.326;4.0387;0.755854;-0.173112;-0.0179314;-15.0949
-92.5009;4.0387;0.710604;-0.177367;-0.0131418;-15.8483
-83.6754;4.0387;0.681998;-0.175481;-0.012804;-16.5683
-74.85;4.0387;0.695752;-0.169299;-0.0127567;-17.2679
-66.0245;4.0387;0.714417;-0.159199;-0.00609365;-17.9328
-57.1991;4.0387;0.725944;-0.143889;0.00216137;-18.5665
-48.3736;4.0387;0.765626;-0.126908;0.0130175;-19.1917
-39.5482;4.0387;0.876335;-0.110227;0.0310397;-19.8398
-30.7227;4.0387;1.07701;-0.0935072;0.0547603;-20.4924
-21.8972;4.0387;1.33105;-0.069667;0.077682;-21.1145
-13.0718;4.0387;1.42379;-0.0361342;0.0953663;-21.5189
-4.24634;4.0387;0.79131;0.00827035;0.107297;-21.4466
4.57912;4.0387;0.165894;0.0603981;0.0870137;-21.0139
13.4046;4.0387;0.0502786;0.152478;0.0267075;-20.8776
22.23;4.0387;0.431554;0.25492;-0.0389369;-21.0708
31.0555;4.0387;0.675147;0.347859;-0.0813348;-21.1543
39.8809;4.0387;0.545811;0.398348;-0.103109;-20.8224
48.7064;4.0387;0.520612;0.41935;-0.109283;-20.423
57.5318;4.0387;0.733694;0.442782;-0.0948147;-20.1894
66.3573;4.0387;1.08008;0.462374;-0.0640562;-19.9907
75.1828;4.0387;1.27114;0.469182;-0.0322337;-19.5958
84.0082;4.0387;1.11627;0.473755;-0.0132919;-18.8451
92.8337;4.0387;0.875649;0.470729;-0.00587565;-17.937
101.659;4.0387;0.648453;0.471019;-0.00308215;-17.0356
110.485;4.0387;0.507238;0.468039;-0.00174215;-16.1791
119.31;4.0387;0.500926;0.459328;0.000460112;-15.3873
128.135;4.0387;0.584916;0.44658;0.00326838;-14.6393
136.961;4.0387;0.655455;0.433826;0.00563114;-13.8574
145.786;4.0387;0.700732;0.417938;0.00693047;-13.0236
154.612;4.0387;0.735282;0.397874;0.00614545;-12.1495
163.437;4.0387;0.789184;0.375907;0.00651438;-11.2681
172.263;4.0387;0.821612;0.353452;0.0112237;-10.3473
181.088;4.0387;0.777993;0.326547;0.0175635;-9.30767
189.914;4.0387;0.736501;0.294534;0.0218572;-8.24063
198.739;4.0387;0.823765;0.258072;0.0239174;-7.2853
207.565;4.0387;1.06119;0.219141;0.0231128;-6.4549
216.39;4.0387;1.23013;0.179233;0.0198753;-5.53604
225.215;4.0387;1.27151;0.137123;0.0185286;-4.46913
234.041;4.0387;1.18081;0.0955623;0.0212131;-3.25454
242.866;4.0387;1.01931;0.0545065;0.0271141;-1.95861
251.692;4.0387;0.994675;0.0372766;0.0284006;-0.699155
-233.708;-4.78675;0.917463;0.0619945;0.0177588;-1.27803
-224.883;-4.78675;0.994445;0.0504458;0.016853;-2.28791
-216.057;-4.78675;0.947679;0.0242648;0.0186164;-3.27602
-207.232;-4.78675;0.796723;-0.00998097;0.0231506;-4.2146
-198.406;-4.78675;0.716482;-0.0373025;0.0223572;-5.15698
-189.581;-4.78675;0.745535;-0.0555339;0.0167755;-6.14216
-180.755;-4.78675;0.872422;-0.0745139;0.0140378;-7.18008
-171.93;-4.78675;0.889449;-0.0926393;0.00931301;-8.16127
-163.105;-4.78675;0.831692;-0.103131;-0.00180377;-9.09831
-154.279;-4.78675;0.817966;-0.1045;-0.0192148;-10.0283
-145.454;-4.78675;0.863743;-0.107032;-0.0331522;-10.9465
-136.628;-4.78675;0.845111;-0.123789;-0.0374523;-11.8617
-127.803;-4.78675;0.806519;-0.14013;-0.0382962;-12.7373
-118.977;-4.78675;0.802731;-0.152292;-0.0388755;-13.5797
-110.152;-4.78675;0.78717;-0.160144;-0.0357272;-14.4002
-101.326;-4.78675;0.743456;-0.165413;-0.0316952;-15.1864
-92.5009;-4.78675;0.683742;-0.168679;-0.029588;-15.9384
-83.6754;-4.78675;0.637338;-0.167698;-0.0306737;-16.6588
-74.85;-4.78675;0.641553;-0.159997;-0.030272;-17.357
-66.0245;-4.78675;0.664505;-0.149831;-0.0266534;-18.0271
-57.1991;-4.78675;0.680742;-0.136417;-0.0220396;-18.6729
-48.3736;-4.78675;0.720361;-0.119786;-0.014089;-19.3062
-39.5482;-4.78675;0.81216;-0.100789;0.000138005;-19.9375
-30.7227;-4.78675;0.966209;-0.0810456;0.0187034;-20.5515
-21.8972;-4.78675;1.14349;-0.0585104;0.0368243;-21.1076
-13.0718;-4.78675;1.04402;-0.0194121;0.054584;-21.3553
-4.24634;-4.78675;0.161212;0.0297238;0.0668134;-21.0046
4.57912;-4.78675;-0.358994;0.0863729;0.0365847;-20.6114
13.4046;-4.78675;-0.107541;0.184498;-0.02376;-20.8264
22.23;-4.78675;0.522532;0.273625;-0.0803724;-21.2361
31.0555;-4.78675;0.672897;0.353527;-0.110684;-21.2714
39.8809;-4.78675;0.508165;0.39362;-0.128655;-20.8287
48.7064;-4.78675;0.504454;0.418581;-0.134574;-20.4533
57.5318;-4.78675;0.692116;0.442721;-0.124072;-20.2031
66.3573;-4.78675;0.938002;0.463215;-0.0984855;-19.9409
75.1828;-4.78675;1.04858;0.470941;-0.0679505;-19.4844
84.0082;-4.78675;0.839811;0.474328;-0.0453517;-18.6732
92.8337;-4.78675;0.531381;0.469618;-0.0360069;-17.6841
101.659;-4.78675;0.27336;0.469983;-0.0332218;-16.7472
110.485;-4.78675;0.185482;0.470643;-0.0307589;-15.9507
119.31;-4.78675;0.334187;0.468424;-0.0244027;-15.3225
128.135;-4.78675;0.560192;0.459428;-0.0176973;-14.7149
136.961;-4.78675;0.6778;0.446781;-0.0145698;-13.9758
145.786;-4.78675;0.743401;0.430193;-0.012596;-13.1558
154.612;-4.78675;0.804416;0.407685;-0.0114808;-12.2893
163.437;-4.78675;0.873434;0.383882;-0.0074213;-11.4054
172.263;-4.78675;0.901538;0.360143;-0.000736403;-10.4686
181.088;-4.78675;0.842186;0.333669;0.00667278;-9.4165
189.914;-4.78675;0.769188;0.301188;0.0136318;-8.32156
198.739;-4.78675;0.787309;0.265054;0.0187256;-7.29724
207.565;-4.78675;0.976932;0.226143;0.0198307;-6.41028
216.39;-4.78675;1.13749;0.183336;0.0183915;-5.47394
225.215;-4.78675;1.1876;0.13876;0.0195405;-4.40675
234.041;-4.78675;1.10546;0.0976402;0.0253157;-3.20363
242.866;-4.78675;0.957532;0.0591659;0.0308751;-1.95806
251.692;-4.78675;0.939029;0.0385462;0.0312405;-0.730173
-233.708;-13.6122;0.91999;0.0692731;0.0224762;-1.26278
-224.883;-13.6122;0.971939;0.0572485;0.0230269;-2.29203
-216.057;-13.6122;0.930641;0.030619;0.0251331;-3.27996
-207.232;-13.6122;0.846861;-0.00418703;0.0267211;-4.24534
-198.406;-13.6122;0.79765;-0.0317338;0.0239908;-5.20971
-189.581;-13.6122;0.820681;-0.0508853;0.017027;-6.20025
-180.755;-13.6122;0.91906;-0.0699205;0.0110108;-7.22929
-171.93;-13.6122;0.914213;-0.0829206;0.0013193;-8.20647
-163.105;-13.6122;0.853727;-0.0848218;-0.0144633;-9.12901
-154.279;-13.6122;0.837878;-0.083971;-0.0324713;-10.0632
-145.454;-13.6122;0.867219;-0.0928632;-0.0427177;-10.9973
-136.628;-13.6122;0.836473;-0.11608;-0.043271;-11.9233
-127.803;-13.6122;0.798462;-0.131605;-0.0443847;-12.787
-118.977;-13.6122;0.792631;-0.141418;-0.0481387;-13.6213
-110.152;-13.6122;0.765927;-0.146607;-0.0505598;-14.4262
-101.326;-13.6122;0.714797;-0.149284;-0.0514565;-15.1995
-92.5009;-13.6122;0.661092;-0.149726;-0.0517594;-15.9441
-83.6754;-13.6122;0.625794;-0.14641;-0.0519463;-16.6687
-74.85;-13.6122;0.616338;-0.139095;-0.0515193;-17.366
-66.0245;-13.6122;0.624545;-0.129868;-0.050324;-18.0322
-57.1991;-13.6122;0.62297;-0.120908;-0.0471713;-18.6814
-48.3736;-13.6122;0.663582;-0.107165;-0.040961;-19.3134
-39.5482;-13.6122;0.755989;-0.0860389;-0.0315179;-19.9303
-30.7227;-13.6122;0.874823;-0.062858;-0.0216351;-20.4948
-21.8972;-13.6122;0.959652;-0.0428053;-0.012169;-20.9627
-13.0718;-13.6122;0.723583;-0.000739544;0.00175488;-21.1337
-4.24634;-13.6122;0.0637401;0.0603227;0.00946665;-20.8476
4.57912;-13.6122;-0.0101293;0.133081;-0.023807;-20.7968
13.4046;-13.6122;0.485767;0.226454;-0.0822288;-21.2195
22.23;-13.6122;0.927745;0.305587;-0.127162;-21.5863
31.0555;-13.6122;0.845962;0.359625;-0.139237;-21.4241
39.8809;-13.6122;0.67888;0.385397;-0.147176;-20.9172
48.7064;-13.6122;0.649537;0.41003;-0.149554;-20.5273
57.5318;-13.6122;0.717417;0.433231;-0.142267;-20.1837
66.3573;-13.6122;0.799686;0.452289;-0.124642;-19.789
75.1828;-13.6122;0.803043;0.460599;-0.100926;-19.2347
84.0082;-13.6122;0.57172;0.466795;-0.0787674;-18.404
92.8337;-13.6122;0.2536;0.469138;-0.0657976;-17.4356
101.659;-13.6122;0.0667635;0.472233;-0.0593905;-16.5755
110.485;-13.6122;0.137427;0.475972;-0.0545975;-15.9335
119.31;-13.6122;0.465554;0.476962;-0.0473265;-15.4811
128.135;-13.6122;0.794479;0.469272;-0.0407942;-14.9632
136.961;-13.6122;0.846945;0.455493;-0.0352927;-14.162
145.786;-13.6122;0.868224;0.4374;-0.0292987;-13.2956
154.612;-13.6122;0.955675;0.415931;-0.0250683;-12.4457
163.437;-13.6122;1.05441;0.391059;-0.0178566;-11.5748
172.263;-13.6122;1.05852;0.365793;-0.00954436;-10.6074
181.088;-13.6122;0.954052;0.338033;-0.00260912;-9.51938
189.914;-13.6122;0.829417;0.305283;0.00402637;-8.38416
198.739;-13.6122;0.789595;0.269131;0.0106329;-7.29997
207.565;-13.6122;0.942183;0.228349;0.0139635;-6.36236
216.39;-13.6122;1.11105;0.180674;0.0166279;-5.41253
225.215;-13.6122;1.18122;0.132507;0.0223314;-4.35532
234.041;-13.6122;1.13797;0.0937233;0.0291885;-3.18714
242.866;-13.6122;1.06152;0.0597568;0.033926;-1.97209
-233.708;-22.4377;0.934667;0.0727842;0.0277793;-1.24054
-224.883;-22.4377;0.984004;0.0704308;0.0271468;-2.23483
-216.057;-22.4377;0.938589;0.0403271;0.0287308;-3.24118
-207.232;-22.4377;0.906584;0.00572279;0.0285593;-4.24356
-198.406;-22.4377;0.920347;-0.0194057;0.0244702;-5.23371
-189.581;-22.4377;0.944129;-0.0391999;0.0181487;-6.23411
-180.755;-22.4377;0.980746;-0.0563833;0.00929391;-7.22691
-171.93;-22.4377;0.900072;-0.0653206;-0.00719272;-8.17036
-163.105;-22.4377;0.80875;-0.0648982;-0.0276107;-9.06749
-154.279;-22.4377;0.797561;-0.0682069;-0.042202;-10.0082
-145.454;-22.4377;0.834823;-0.0831108;-0.0486758;-10.9612
-136.628;-22.4377;0.830083;-0.106758;-0.0499717;-11.9031
-127.803;-22.4377;0.807489;-0.120058;-0.0541429;-12.7787
-118.977;-22.4377;0.792222;-0.127028;-0.0608077;-13.6164
-110.152;-22.4377;0.739512;-0.130056;-0.0677737;-14.4021
-101.326;-22.4377;0.675577;-0.132784;-0.0730623;-15.1572
-92.5009;-22.4377;0.636694;-0.13353;-0.0755878;-15.8953
-83.6754;-22.4377;0.629255;-0.128734;-0.0758202;-16.624
-74.85;-22.4377;0.618903;-0.121208;-0.0771004;-17.3133
-66.0245;-22.4377;0.601886;-0.112438;-0.0785917;-17.9633
-57.1991;-22.4377;0.571527;-0.105326;-0.0762062;-18.5945
-48.3736;-22.4377;0.605861;-0.0921213;-0.0704973;-19.2147
-39.5482;-22.4377;0.717249;-0.068774;-0.0648807;-19.8241
-30.7227;-22.4377;0.84868;-0.0417188;-0.0641139;-20.3755
-21.8972;-22.4377;0.898937;-0.0176591;-0.0663307;-20.8268
-13.0718;-22.4377;0.698448;0.0270214;-0.0631856;-21.0373
-4.24634;-22.4377;0.41487;0.0874123;-0.0620414;-20.9619
4.57912;-22.4377;0.586892;0.16592;-0.0952855;-21.1569
13.4046;-22.4377;0.951951;0.24066;-0.135192;-21.4587
22.23;-22.4377;1.0605;0.299246;-0.154653;-21.5576
31.0555;-22.4377;0.842742;0.342657;-0.155473;-21.2522
39.8809;-22.4377;0.713007;0.370312;-0.162372;-20.8068
48.7064;-22.4377;0.690433;0.396914;-0.163642;-20.4266
57.5318;-22.4377;0.681764;0.421638;-0.157685;-20.0149
66.3573;-22.4377;0.654514;0.439577;-0.144957;-19.5227
75.1828;-22.4377;0.607295;0.446437;-0.127313;-18.928
84.0082;-22.4377;0.456377;0.454338;-0.108274;-18.1797
92.8337;-22.4377;0.244522;0.464743;-0.0933387;-17.35
101.659;-22.4377;0.19858;0.469021;-0.0816281;-16.635
110.485;-22.4377;0.425991;0.471498;-0.0731173;-16.1312
119.31;-22.4377;0.853755;0.470846;-0.0678694;-15.7455
128.135;-22.4377;1.06488;0.467688;-0.0635932;-15.1591
136.961;-22.4377;0.951607;0.454947;-0.0554942;-14.21
145.786;-22.4377;0.902311;0.43677;-0.0451132;-13.2727
154.612;-22.4377;1.0172;0.418151;-0.0370633;-12.4497
163.437;-22.4377;1.18887;0.392655;-0.0261741;-11.6335
172.263;-22.4377;1.21673;0.36527;-0.0165104;-10.682
181.088;-22.4377;1.12379;0.334442;-0.00836159;-9.59889
189.914;-22.4377;1.0137;0.299277;-0.000856701;-8.47127
198.739;-22.4377;0.979471;0.26142;0.00710169;-7.3835
207.565;-22.4377;1.08391;0.219355;0.0124932;-6.39253
216.39;-22.4377;1.21551;0.167188;0.0180482;-5.38044
225.215;-22.4377;1.28015;0.118628;0.0262258;-4.30336
234.041;-22.4377;1.23663;0.082214;0.033398;-3.16428
242.866;-22.4377;1.16117;0.0594331;0.0384927;-2.00824
-233.708;-31.2631;0.976225;0.0815133;0.03422;-1.19284
-224.883;-31.2631;0.935487;0.0669528;0.0321007;-2.16313
-216.057;-31.2631;0.883166;0.0445802;0.0312949;-3.15001
-207.232;-31.2631;0.870527;0.0110771;0.0300627;-4.17376
-198.406;-31.2631;0.933636;-0.0122639;0.0257392;-5.18543
-189.581;-31.2631;0.965484;-0.0297315;0.0186803;-6.17769
-180.755;-31.2631;0.969713;-0.0413899;0.00687041;-7.14234
-171.93;-31.2631;0.866385;-0.0456176;-0.0150573;-8.07256
-163.105;-31.2631;0.775988;-0.0467145;-0.0373173;-8.97756
-154.279;-31.2631;0.772905;-0.0557289;-0.0488447;-9.92434
-145.454;-31.2631;0.818168;-0.0740098;-0.0550754;-10.8801
-136.628;-31.2631;0.838813;-0.0949097;-0.0613867;-11.8239
-127.803;-31.2631;0.838141;-0.106997;-0.0693326;-12.7209
-118.977;-31.2631;0.811703;-0.112851;-0.0766492;-13.5549
-110.152;-31.2631;0.734414;-0.1169;-0.0844509;-14.3285
-101.326;-31.2631;0.653594;-0.123554;-0.0918705;-15.0738
-92.5009;-31.2631;0.618838;-0.128324;-0.0970642;-15.8107
-83.6754;-31.2631;0.630641;-0.124601;-0.100729;-16.5348
-74.85;-31.2631;0.63091;-0.114862;-0.104919;-17.2073
-66.0245;-31.2631;0.591787;-0.10646;-0.109249;-17.8223
-57.1991;-31.2631;0.550376;-0.0941717;-0.108207;-18.4673
-48.3736;-31.2631;0.582774;-0.0424059;-0.0987178;-19.6027
-39.5482;-31.2631;0.701108;-0.0325821;-0.0975417;-19.906
-30.7227;-31.2631;0.832821;-0.02442;-0.103;-20.1346
-21.8972;-31.2631;0.862272;0.00963998;-0.110257;-20.5756
-13.0718;-31.2631;0.793594;0.0521403;-0.114478;-20.8128
-4.24634;-31.2631;0.695952;0.10469;-0.120139;-20.895
4.57912;-31.2631;0.756414;0.164628;-0.139429;-21.0691
13.4046;-31.2631;0.893639;0.224601;-0.158607;-21.2151
22.23;-31.2631;0.926418;0.278867;-0.168106;-21.1897
31.0555;-31.2631;0.764656;0.317978;-0.169063;-20.9126
39.8809;-31.2631;0.698891;0.346247;-0.173964;-20.5613
48.7064;-31.2631;0.683316;0.377392;-0.174899;-20.2042
57.5318;-31.2631;0.644743;0.406011;-0.17003;-19.7671
66.3573;-31.2631;0.584812;0.424226;-0.159135;-19.2372
75.1828;-31.2631;0.534326;0.431439;-0.143642;-18.6449
84.0082;-31.2631;0.472089;0.442007;-0.127103;-18.0065
92.8337;-31.2631;0.388996;0.457255;-0.110871;-17.325
101.659;-31.2631;0.461422;0.461246;-0.0961034;-16.7197
110.485;-31.2631;0.710067;0.461915;-0.0865766;-16.2313
119.31;-31.2631;1.01956;0.461806;-0.0835749;-15.7511
128.135;-31.2631;1.10897;0.459692;-0.0811005;-15.05
136.961;-31.2631;0.917069;0.446792;-0.0706157;-14.0217
145.786;-31.2631;0.856762;0.427126;-0.0580599;-13.0635
154.612;-31.2631;0.990883;0.410262;-0.0482796;-12.2601
163.437;-31.2631;1.18993;0.386661;-0.0365882;-11.4731
172.263;-31.2631;1.26699;0.358072;-0.0252079;-10.5714
181.088;-31.2631;1.22426;0.32555;-0.015631;-9.5362
189.914;-31.2631;1.15959;0.28867;-0.00748853;-8.44838
198.739;-31.2631;1.1402;0.248969;0.0019428;-7.37032
207.565;-31.2631;1.18078;0.205717;0.00976404;-6.32077
216.39;-31.2631;1.26145;0.151627;0.0172078;-5.249
225.215;-31.2631;1.32227;0.1041;0.0256264;-4.16175
234.041;-31.2631;1.29562;0.0686423;0.0333496;-3.01693
242.866;-31.2631;1.23039;0.0514889;0.0389051;-1.90218
-224.883;-40.0886;0.878485;0.0796592;0.0349383;-2.01243
-216.057;-40.0886;0.776793;0.053861;0.03187;-2.9874
-207.232;-40.0886;0.81234;0.0269285;0.0301121;-4.00939
-198.406;-40.0886;0.887623;-0.000157133;0.0270061;-5.05368
-189.581;-40.0886;0.894275;-0.0171344;0.0167815;-6.04003
-180.755;-40.0886;0.878861;-0.0224454;-0.000948623;-6.99363
-171.93;-40.0886;0.837144;-0.023752;-0.0267579;-7.93109
-163.105;-40.0886;0.799244;-0.0291623;-0.0475215;-8.86869
-154.279;-40.0886;0.793392;-0.042958;-0.0573433;-9.80594
-145.454;-40.0886;0.814337;-0.0636562;-0.0654909;-10.7431
-136.628;-40.0886;0.834103;-0.0836421;-0.07634;-11.6731
-127.803;-40.0886;0.862177;-0.0954803;-0.0847895;-12.5864
-118.977;-40.0886;0.843026;-0.102241;-0.0905765;-13.4303
-110.152;-40.0886;0.764544;-0.110157;-0.0976346;-14.207
-101.326;-40.0886;0.674211;-0.121145;-0.10635;-14.9436
-92.5009;-40.0886;0.629524;-0.127862;-0.115053;-15.6712
-83.6754;-40.0886;0.638165;-0.123465;-0.1234;-16.3812
-74.85;-40.0886;0.635258;-0.112325;-0.131088;-17.0371
-66.0245;-40.0886;0.589351;-0.101145;-0.136909;-17.6421
-30.7227;-40.0886;0.777794;-0.0108375;-0.135453;-19.8467
-21.8972;-40.0886;0.745955;0.0285887;-0.139385;-20.2181
-13.0718;-40.0886;0.735334;0.07152;-0.142296;-20.4567
-4.24634;-40.0886;0.720812;0.119582;-0.149101;-20.6058
4.57912;-40.0886;0.731063;0.167011;-0.162502;-20.718
13.4046;-40.0886;0.746188;0.214845;-0.173347;-20.7574
22.23;-40.0886;0.729607;0.260273;-0.177567;-20.6736
31.0555;-40.0886;0.660023;0.297037;-0.179885;-20.4482
39.8809;-40.0886;0.60733;0.328759;-0.183666;-20.1492
48.7064;-40.0886;0.571975;0.364122;-0.183481;-19.8036
57.5318;-40.0886;0.527565;0.394908;-0.177335;-19.3745
66.3573;-40.0886;0.483725;0.413936;-0.166531;-18.8705
75.1828;-40.0886;0.458638;0.423024;-0.153264;-18.3247
84.0082;-40.0886;0.443012;0.434926;-0.138258;-17.7485
92.8337;-40.0886;0.437177;0.447719;-0.121547;-17.1383
101.659;-40.0886;0.527062;0.450938;-0.107295;-16.5507
110.485;-40.0886;0.688307;0.448963;-0.0990175;-15.9808
119.31;-40.0886;0.838679;0.446102;-0.0964591;-15.3617
128.135;-40.0886;0.865206;0.442693;-0.0933986;-14.5861
136.961;-40.0886;0.756769;0.430328;-0.0811994;-13.6243
145.786;-40.0886;0.755945;0.41176;-0.0679637;-12.7149
154.612;-40.0886;0.881961;0.395798;-0.0567562;-11.9073
163.437;-40.0886;1.04644;0.373187;-0.0449471;-11.1018
172.263;-40.0886;1.14595;0.344081;-0.0347938;-10.2337
181.088;-40.0886;1.15042;0.312705;-0.0266243;-9.25479
189.914;-40.0886;1.12767;0.27769;-0.0186361;-8.21481
198.739;-40.0886;1.11418;0.240016;-0.00838169;-7.1517
207.565;-40.0886;1.10563;0.196972;0.00062516;-6.06678
216.39;-40.0886;1.15201;0.147041;0.00789573;-4.98156
225.215;-40.0886;1.21308;0.102876;0.0156182;-3.91309
234.041;-40.0886;1.24488;0.0704829;0.0233665;-2.81261
242.866;-40.0886;1.24717;0.0461003;0.0317078;-1.68365
-224.883;-48.914;0.865922;0.10064;0.0337726;-1.84309
-216.057;-48.914;0.72898;0.069528;0.028772;-2.81729
-207.232;-48.914;0.812433;0.04841;0.0281822;-3.83168
-198.406;-48.914;0.880734;0.0208935;0.0259502;-4.88834
-189.581;-48.914;0.833176;0.00637951;0.0106832;-5.8644
-180.755;-48.914;0.791135;0.00675961;-0.0147174;-6.80673
-171.93;-48.914;0.824701;0.00191111;-0.041629;-7.75666
-163.105;-48.914;0.841976;-0.0117338;-0.0586822;-8.72419
-154.279;-48.914;0.809374;-0.0304768;-0.0673577;-9.63352
-145.454;-48.914;0.767408;-0.0548492;-0.0764754;-10.5368
-136.628;-48.914;0.770203;-0.0767314;-0.0884949;-11.4479
-127.803;-48.914;0.826843;-0.0865517;-0.094764;-12.373
-118.977;-48.914;0.856381;-0.0918536;-0.0994594;-13.2241
-110.152;-48.914;0.794969;-0.102021;-0.107587;-14.0144
-101.326;-48.914;0.715187;-0.112821;-0.117039;-14.7475
-92.5009;-48.914;0.675647;-0.117502;-0.127429;-15.4589
-83.6754;-48.914;0.674414;-0.112267;-0.139612;-16.1515
-74.85;-48.914;0.658513;-0.100475;-0.149806;-16.7917
-66.0245;-48.914;0.61066;-0.0886621;-0.155345;-17.3754
-57.1991;-48.914;0.586636;-0.0782086;-0.15584;-17.9621
-30.7227;-48.914;0.659317;-0.00232077;-0.160627;-19.4528
-21.8972;-48.914;0.60846;0.0397127;-0.160727;-19.7825
-13.0718;-48.914;0.635532;0.0836345;-0.158763;-20.02
-4.24634;-48.914;0.670246;0.12619;-0.163386;-20.1887
4.57912;-48.914;0.666519;0.167665;-0.174801;-20.2791
13.4046;-48.914;0.628165;0.208528;-0.184037;-20.2619
22.23;-48.914;0.577527;0.246497;-0.1871;-20.1327
31.0555;-48.914;0.530984;0.281424;-0.189681;-19.9232
39.8809;-48.914;0.466423;0.315104;-0.192941;-19.6287
48.7064;-48.914;0.407715;0.35055;-0.194491;-19.2804
57.5318;-48.914;0.373099;0.380764;-0.19024;-18.8759
66.3573;-48.914;0.344315;0.401661;-0.181181;-18.4057
75.1828;-48.914;0.307852;0.413636;-0.17041;-17.8691
84.0082;-48.914;0.271367;0.426158;-0.158195;-17.2884
92.8337;-48.914;0.286973;0.43477;-0.141771;-16.6959
101.659;-48.914;0.340222;0.434647;-0.126655;-16.075
110.485;-48.914;0.408089;0.42928;-0.117293;-15.4177
119.31;-48.914;0.471912;0.42343;-0.112546;-14.7164
128.135;-48.914;0.525427;0.419251;-0.106042;-13.9571
136.961;-48.914;0.58322;0.409789;-0.0926712;-13.1517
145.786;-48.914;0.663903;0.395476;-0.0778981;-12.3274
154.612;-48.914;0.762039;0.38005;-0.0633002;-11.5041
163.437;-48.914;0.858186;0.357792;-0.0496151;-10.656
172.263;-48.914;0.927673;0.330244;-0.0409495;-9.77932
181.088;-48.914;0.938949;0.302844;-0.0347914;-8.82524
189.914;-48.914;0.926545;0.271657;-0.0279266;-7.80779
198.739;-48.914;0.914814;0.234098;-0.0181817;-6.74975
207.565;-48.914;0.91584;0.190905;-0.00925881;-5.68212
216.39;-48.914;0.96787;0.1448;-0.00198197;-4.62416
225.215;-48.914;1.02862;0.107931;0.002745;-3.59237
234.041;-48.914;1.06273;0.0723183;0.00776516;-2.50973
242.866;-48.914;1.04904;0.0352111;0.018969;-1.37211
-224.883;-57.7395;0.947195;0.121204;0.0322494;-1.72024
-216.057;-57.7395;0.801921;0.0844642;0.0270535;-2.67851
-207.232;-57.7395;0.859252;0.061774;0.029757;-3.66721
-198.406;-57.7395;0.91912;0.0431185;0.0254659;-4.69947
-189.581;-57.7395;0.851179;0.0368201;0.001963;-5.67704
-180.755;-57.7395;0.810646;0.0407453;-0.0273253;-6.61151
-171.93;-57.7395;0.836867;0.0282299;-0.0502289;-7.55679
-163.105;-57.7395;0.841083;0.0084248;-0.0631387;-8.5079
-154.279;-57.7395;0.784737;-0.011528;-0.0712732;-9.37618
-145.454;-57.7395;0.706254;-0.0365726;-0.0812389;-10.2424
-136.628;-57.7395;0.685104;-0.0601075;-0.0935085;-11.1363
-127.803;-57.7395;0.778949;-0.0701387;-0.0988753;-12.0636
-118.977;-57.7395;0.82595;-0.0761107;-0.104791;-12.918
-110.152;-57.7395;0.772569;-0.0890716;-0.116249;-13.7183
-101.326;-57.7395;0.709397;-0.0986798;-0.127309;-14.4462
-92.5009;-57.7395;0.672548;-0.0992269;-0.135882;-15.1361
-83.6754;-57.7395;0.653724;-0.0925247;-0.145683;-15.8043
-74.85;-57.7395;0.632789;-0.0845197;-0.157685;-16.4421
-66.0245;-57.7395;0.601986;-0.0757185;-0.166151;-17.0181
-57.1991;-57.7395;0.580628;-0.0647051;-0.16974;-17.5708
-30.7227;-57.7395;0.603584;0.00465491;-0.187147;-18.9452
-21.8972;-57.7395;0.548689;0.0456721;-0.186339;-19.2737
-13.0718;-57.7395;0.555777;0.0885579;-0.183571;-19.5218
-4.24634;-57.7395;0.584587;0.12898;-0.186625;-19.6958
4.57912;-57.7395;0.576389;0.167056;-0.194668;-19.7731
13.4046;-57.7395;0.524496;0.20373;-0.201888;-19.7323
22.23;-57.7395;0.460668;0.237227;-0.204114;-19.5866
31.0555;-57.7395;0.413791;0.268988;-0.205417;-19.3766
39.8809;-57.7395;0.354375;0.302592;-0.208464;-19.0866
48.7064;-57.7395;0.302228;0.3354;-0.211878;-18.7527
57.5318;-57.7395;0.283121;0.363362;-0.211515;-18.3723
66.3573;-57.7395;0.249495;0.385167;-0.206237;-17.907
75.1828;-57.7395;0.17243;0.398074;-0.197849;-17.3325
84.0082;-57.7395;0.0866139;0.41388;-0.187944;-16.7382
92.8337;-57.7395;0.0942326;0.421942;-0.173393;-16.157
101.659;-57.7395;0.122364;0.421446;-0.158091;-15.531
110.485;-57.7395;0.166296;0.416054;-0.146784;-14.8599
119.31;-57.7395;0.249459;0.410603;-0.139137;-14.1749
128.135;-57.7395;0.410716;0.40422;-0.128173;-13.5043
136.961;-57.7395;0.575063;0.392882;-0.111248;-12.7986
145.786;-57.7395;0.696298;0.3798;-0.0915917;-12.0327
154.612;-57.7395;0.780799;0.36239;-0.0723785;-11.2105
163.437;-57.7395;0.846374;0.338647;-0.0557197;-10.3453
172.263;-57.7395;0.913719;0.311472;-0.0451985;-9.46294
181.088;-57.7395;0.944669;0.286362;-0.037502;-8.52348
189.914;-57.7395;0.950389;0.257236;-0.0296344;-7.52657
198.739;-57.7395;0.956095;0.219025;-0.0184881;-6.48869
207.565;-57.7395;0.990324;0.176453;-0.0087732;-5.45542
216.39;-57.7395;1.04892;0.135784;-0.0018746;-4.42195
225.215;-57.7395;1.0638;0.100138;0.00212653;-3.3639
234.041;-57.7395;1.0427;0.0610862;0.00612169;-2.22453
242.866;-57.7395;1.01107;0.0134423;0.0173658;-1.04578
-216.057;-66.5649;0.901035;0.0965182;0.0326666;-2.51093
-207.232;-66.5649;0.893053;0.0731946;0.0332822;-3.46508
-198.406;-66.5649;0.910619;0.0616405;0.0217397;-4.45229
-189.581;-66.5649;0.87609;0.0663925;-0.00678528;-5.39693
-180.755;-66.5649;0.833207;0.0649488;-0.0323554;-6.33184
-171.93;-66.5649;0.825691;0.0476057;-0.0500724;-7.27213
-163.105;-66.5649;0.825733;0.0267;-0.0603382;-8.2111
-154.279;-66.5649;0.788037;0.00817333;-0.0691586;-9.08254
-145.454;-66.5649;0.714623;-0.0137253;-0.0809441;-9.93527
-136.628;-66.5649;0.661305;-0.0375105;-0.0942108;-10.7979
-127.803;-66.5649;0.679361;-0.053836;-0.102408;-11.7001
-118.977;-66.5649;0.700673;-0.0597918;-0.112127;-12.5325
-110.152;-66.5649;0.670074;-0.0729433;-0.127384;-13.3237
-101.326;-66.5649;0.631413;-0.0815818;-0.140584;-14.0455
-92.5009;-66.5649;0.597172;-0.0804258;-0.148952;-14.7246
-83.6754;-66.5649;0.567575;-0.0742741;-0.158254;-15.3756
-74.85;-66.5649;0.548674;-0.070273;-0.172509;-16.0109
-66.0245;-66.5649;0.547977;-0.06358;-0.186026;-16.5937
-57.1991;-66.5649;0.541959;-0.0495149;-0.195195;-17.115
-30.7227;-66.5649;0.596271;0.0165162;-0.222809;-18.4233
-21.8972;-66.5649;0.566362;0.0528318;-0.226212;-18.7552
-13.0718;-66.5649;0.530771;0.0906176;-0.227403;-18.9854
-4.24634;-66.5649;0.52114;0.128836;-0.229591;-19.1413
4.57912;-66.5649;0.51681;0.162633;-0.23311;-19.2093
13.4046;-66.5649;0.482112;0.194719;-0.23559;-19.172
22.23;-66.5649;0.432345;0.226008;-0.234325;-19.0524
31.0555;-66.5649;0.398952;0.256041;-0.231467;-18.8689
39.8809;-66.5649;0.373328;0.288166;-0.230571;-18.6137
48.7064;-66.5649;0.362578;0.317167;-0.231704;-18.3152
57.5318;-66.5649;0.366927;0.34368;-0.23464;-17.9591
66.3573;-66.5649;0.34401;0.367932;-0.233972;-17.5141
75.1828;-66.5649;0.278969;0.385377;-0.224949;-16.9684
84.0082;-66.5649;0.210789;0.400792;-0.211659;-16.4049
92.8337;-66.5649;0.2275;0.409282;-0.198065;-15.8541
101.659;-66.5649;0.280477;0.41003;-0.184143;-15.2605
110.485;-66.5649;0.371809;0.404835;-0.17221;-14.6309
119.31;-66.5649;0.516321;0.398336;-0.162677;-13.9988
128.135;-66.5649;0.726607;0.387702;-0.148727;-13.3713
136.961;-66.5649;0.960386;0.370394;-0.130577;-12.7194
145.786;-66.5649;1.07664;0.354539;-0.107661;-11.9668
154.612;-66.5649;1.10651;0.336653;-0.0852279;-11.1167
163.437;-66.5649;1.10497;0.31449;-0.0652128;-10.2021
172.263;-66.5649;1.12433;0.28883;-0.0498626;-9.27135
181.088;-66.5649;1.12225;0.264609;-0.037128;-8.30338
189.914;-66.5649;1.10562;0.236146;-0.0269026;-7.29419
198.739;-66.5649;1.09572;0.199243;-0.0156447;-6.25432
207.565;-66.5649;1.11382;0.158551;-0.00658276;-5.21571
216.39;-66.5649;1.13487;0.120694;0.000494767;-4.16275
225.215;-66.5649;1.08043;0.0857006;0.00414699;-3.06272
234.041;-66.5649;1.0175;0.0458683;0.00790565;-1.89884
-216.057;-75.3904;0.949898;0.118959;0.0425204;-2.27517
-207.232;-75.3904;0.876867;0.0941789;0.0365192;-3.19117
-198.406;-75.3904;0.812849;0.0825394;0.0128013;-4.14002
-189.581;-75.3904;0.730087;0.0791376;-0.0182498;-5.07409
-180.755;-75.3904;0.700644;0.0683237;-0.0409027;-6.00566
-171.93;-75.3904;0.710295;0.0475216;-0.0554317;-6.93783
-163.105;-75.3904;0.733936;0.0281407;-0.0652832;-7.86842
-154.279;-75.3904;0.740455;0.0140876;-0.0741683;-8.74928
-145.454;-75.3904;0.707293;-0.00300367;-0.0855761;-9.60034
-136.628;-75.3904;0.64791;-0.0258531;-0.0991778;-10.4333
-127.803;-75.3904;0.613894;-0.0437137;-0.112565;-11.2897
-118.977;-75.3904;0.599771;-0.0493295;-0.126491;-12.0953
-110.152;-75.3904;0.579354;-0.0584176;-0.144255;-12.8703
-101.326;-75.3904;0.560919;-0.0639067;-0.160431;-13.5869
-92.5009;-75.3904;0.534831;-0.0618631;-0.1711;-14.2601
-83.6754;-75.3904;0.50691;-0.0572948;-0.181899;-14.9018
-74.85;-75.3904;0.498172;-0.0553855;-0.197938;-15.5299
-66.0245;-75.3904;0.519005;-0.04733;-0.213842;-16.1156
-57.1991;-75.3904;0.525238;-0.0316391;-0.228232;-16.6223
-48.3736;-75.3904;0.526994;0.0299349;-0.266272;-17.7997
-39.5482;-75.3904;0.562585;0.0565903;-0.275494;-18.2105
-30.7227;-75.3904;0.611536;0.0313189;-0.260024;-17.8987
-21.8972;-75.3904;0.626673;0.0611235;-0.268454;-18.2178
-13.0718;-75.3904;0.581642;0.0948881;-0.275213;-18.4469
-4.24634;-75.3904;0.551274;0.130319;-0.274932;-18.5899
4.57912;-75.3904;0.560122;0.160129;-0.274385;-18.6743
13.4046;-75.3904;0.569317;0.188428;-0.273937;-18.6822
22.23;-75.3904;0.565344;0.216163;-0.271946;-18.6105
31.0555;-75.3904;0.562363;0.243133;-0.26418;-18.4674
39.8809;-75.3904;0.583095;0.269146;-0.252628;-18.2513
48.7064;-75.3904;0.617587;0.294871;-0.247231;-17.9868
57.5318;-75.3904;0.681257;0.32116;-0.254317;-17.6845
66.3573;-75.3904;0.772195;0.344752;-0.260361;-17.3456
75.1828;-75.3904;0.855197;0.362381;-0.25123;-16.9414
84.0082;-75.3904;0.882269;0.376249;-0.235857;-16.4553
92.8337;-75.3904;0.80553;0.389605;-0.223183;-15.8662
101.659;-75.3904;0.891397;0.387902;-0.21001;-15.2933
110.485;-75.3904;1.05314;0.382154;-0.195623;-14.7307
119.31;-75.3904;1.19518;0.376686;-0.181444;-14.1174
128.135;-75.3904;1.27686;0.367786;-0.163837;-13.4047
136.961;-75.3904;1.43191;0.348246;-0.143015;-12.6982
145.786;-75.3904;1.48144;0.329025;-0.118136;-11.886
154.612;-75.3904;1.45642;0.309358;-0.0930758;-10.9865
163.437;-75.3904;1.40393;0.286806;-0.0692515;-10.0258
172.263;-75.3904;1.36801;0.261147;-0.0487441;-9.0387
181.088;-75.3904;1.31483;0.237508;-0.0315658;-8.03011
189.914;-75.3904;1.25233;0.209693;-0.0191121;-6.99291
198.739;-75.3904;1.20367;0.176419;-0.00931611;-5.93986
207.565;-75.3904;1.18355;0.139151;-0.00218811;-4.88168
216.39;-75.3904;1.15478;0.102336;0.00524436;-3.79357
225.215;-75.3904;1.06345;0.0673847;0.0106258;-2.67281
234.041;-75.3904;1.0136;0.0328547;0.0137169;-1.55981
-216.057;-84.2158;1.00369;0.138768;0.0506022;-1.96906
-207.232;-84.2158;0.839883;0.118455;0.0389131;-2.85814
-198.406;-84.2158;0.730979;0.10088;0.00778732;-3.7896
-189.581;-84.2158;0.652312;0.0882193;-0.0223361;-4.71291
-180.755;-84.2158;0.627619;0.0698566;-0.0449536;-5.63972
-171.93;-84.2158;0.645645;0.0472683;-0.0598012;-6.56429
-163.105;-84.2158;0.664561;0.0273451;-0.0719699;-7.48415
-154.279;-84.2158;0.67174;0.012888;-0.0836887;-8.36527
-145.454;-84.2158;0.662174;-0.00182119;-0.0964364;-9.21234
-136.628;-84.2158;0.634759;-0.0200826;-0.110086;-10.0335
-127.803;-84.2158;0.604648;-0.0353286;-0.127282;-10.86
-118.977;-84.2158;0.583642;-0.0416183;-0.145869;-11.6535
-110.152;-84.2158;0.581277;-0.0474837;-0.165642;-12.42
-101.326;-84.2158;0.575613;-0.0506134;-0.185271;-13.1422
-92.5009;-84.2158;0.556528;-0.0487997;-0.199855;-13.8096
-83.6754;-84.2158;0.536586;-0.0443619;-0.211797;-14.4375
-74.85;-84.2158;0.539308;-0.0394019;-0.226288;-15.0413
-66.0245;-84.2158;0.568919;-0.0278526;-0.240449;-15.6115
-57.1991;-84.2158;0.580059;-0.0123412;-0.256424;-16.125
-48.3736;-84.2158;0.558376;0.00125909;-0.269867;-16.5892
-39.5482;-84.2158;0.583577;0.0206805;-0.277198;-16.9956
-30.7227;-84.2158;0.64618;0.0452462;-0.283494;-17.3573
-21.8972;-84.2158;0.695398;0.0709929;-0.292763;-17.6604
-13.0718;-84.2158;0.701561;0.100087;-0.299959;-17.9032
-4.24634;-84.2158;0.708334;0.132702;-0.297622;-18.0635
4.57912;-84.2158;0.70673;0.159917;-0.293578;-18.1596
13.4046;-84.2158;0.71595;0.184922;-0.29191;-18.1785
22.23;-84.2158;0.724198;0.208796;-0.291086;-18.126
31.0555;-84.2158;0.732775;0.230397;-0.2843;-18.0059
39.8809;-84.2158;0.778332;0.251756;-0.270714;-17.8379
48.7064;-84.2158;0.902044;0.277713;-0.267086;-17.6373
57.5318;-84.2158;0.990934;0.314977;-0.282685;-17.3863
66.3573;-84.2158;1.12534;0.345096;-0.294996;-17.1287
75.1828;-84.2158;1.28482;0.36161;-0.286446;-16.819
84.0082;-84.2158;1.37189;0.368918;-0.271578;-16.3738
92.8337;-84.2158;1.29131;0.374957;-0.259081;-15.7608
101.659;-84.2158;1.36088;0.369271;-0.241602;-15.1711
110.485;-84.2158;1.49989;0.364306;-0.2186;-14.6082
119.31;-84.2158;1.61961;0.355908;-0.194683;-13.9801
128.135;-84.2158;1.67066;0.346493;-0.168736;-13.2561
136.961;-84.2158;1.74476;0.326059;-0.143686;-12.4839
145.786;-84.2158;1.71012;0.304561;-0.119005;-11.5959
154.612;-84.2158;1.62591;0.282078;-0.0921374;-10.635
163.437;-84.2158;1.54478;0.257237;-0.0636369;-9.64138
172.263;-84.2158;1.49882;0.229915;-0.0387484;-8.6444
181.088;-84.2158;1.42098;0.207553;-0.019765;-7.62705
189.914;-84.2158;1.32074;0.180586;-0.00633545;-6.5723
198.739;-84.2158;1.23096;0.151655;0.00261492;-5.50736
207.565;-84.2158;1.17296;0.119307;0.0081442;-4.43643
216.39;-84.2158;1.11585;0.0850263;0.0149034;-3.33828
225.215;-84.2158;1.06681;0.0555664;0.0183532;-2.25414
234.041;-84.2158;1.06963;0.0272961;0.0193308;-1.23665
-216.057;-93.0413;1.06898;0.153408;0.0585303;-1.58806
-207.232;-93.0413;0.822273;0.129767;0.0399961;-2.52365
-198.406;-93.0413;0.71577;0.113893;0.0102347;-3.44202
-189.581;-93.0413;0.69599;0.0964596;-0.0184849;-4.36017
-180.755;-93.0413;0.677793;0.0747596;-0.0431531;-5.2804
-171.93;-93.0413;0.682748;0.053469;-0.0593243;-6.1818
-163.105;-93.0413;0.664455;0.0309092;-0.0750185;-7.07347
-154.279;-93.0413;0.638485;0.0115122;-0.0911354;-7.94201
-145.454;-93.0413;0.629637;-0.00292154;-0.106027;-8.78435
-136.628;-93.0413;0.634518;-0.0141898;-0.119474;-9.60215
-127.803;-93.0413;0.623049;-0.0246384;-0.138391;-10.3978
-118.977;-93.0413;0.608085;-0.0330735;-0.160148;-11.1777
-110.152;-93.0413;0.637475;-0.0400317;-0.179284;-11.9432
-101.326;-93.0413;0.641485;-0.0441415;-0.198184;-12.6655
-92.5009;-93.0413;0.632455;-0.0445965;-0.216151;-13.3405
-83.6754;-93.0413;0.625642;-0.0389909;-0.231235;-13.9655
-74.85;-93.0413;0.632514;-0.0277849;-0.24406;-14.5445
-66.0245;-93.0413;0.663024;-0.0158208;-0.255058;-15.0966
-57.1991;-93.0413;0.686;-0.00156347;-0.265318;-15.5989
-48.3736;-93.0413;0.667616;0.0103978;-0.275784;-16.0455
-39.5482;-93.0413;0.666866;0.0276912;-0.282337;-16.4238
-30.7227;-93.0413;0.695865;0.0503168;-0.287542;-16.756
-21.8972;-93.0413;0.735631;0.0750851;-0.294498;-17.0463
-13.0718;-93.0413;0.762469;0.102268;-0.300918;-17.2985
-4.24634;-93.0413;0.767958;0.131828;-0.30061;-17.4705
4.57912;-93.0413;0.762732;0.159436;-0.29658;-17.5542
13.4046;-93.0413;0.760134;0.184511;-0.293227;-17.5556
22.23;-93.0413;0.748373;0.207183;-0.294557;-17.4939
31.0555;-93.0413;0.728533;0.226847;-0.298526;-17.3614
39.8809;-93.0413;0.739641;0.252268;-0.302686;-17.1949
48.7064;-93.0413;0.890683;0.285905;-0.315434;-17.0162
57.5318;-93.0413;0.996304;0.326072;-0.332894;-16.7988
66.3573;-93.0413;1.13263;0.349764;-0.335014;-16.5449
75.1828;-93.0413;1.27785;0.362422;-0.319642;-16.2512
84.0082;-93.0413;1.35688;0.36088;-0.301396;-15.7976
92.8337;-93.0413;1.33524;0.359784;-0.285489;-15.2135
101.659;-93.0413;1.42751;0.352555;-0.261822;-14.6543
110.485;-93.0413;1.55669;0.345966;-0.229634;-14.091
119.31;-93.0413;1.67253;0.333358;-0.197003;-13.4546
128.135;-93.0413;1.74201;0.32104;-0.164678;-12.7448
136.961;-93.0413;1.75577;0.302239;-0.13646;-11.9264
145.786;-93.0413;1.63365;0.282445;-0.114136;-10.9765
154.612;-93.0413;1.51677;0.259063;-0.0894667;-9.9933
163.437;-93.0413;1.45666;0.233068;-0.0585215;-9.02346
172.263;-93.0413;1.45402;0.20349;-0.0290356;-8.07233
181.088;-93.0413;1.3907;0.182079;-0.00957857;-7.08369
189.914;-93.0413;1.2852;0.15698;0.00389662;-6.0409
198.739;-93.0413;1.18196;0.12882;0.0141801;-4.97502
207.565;-93.0413;1.11214;0.0998634;0.02055;-3.91215
216.39;-93.0413;1.07185;0.068297;0.0262731;-2.85211
225.215;-93.0413;1.09849;0.042109;0.0277896;-1.84313
-207.232;-101.867;0.801129;0.145702;0.0422086;-2.09481
-198.406;-101.867;0.719498;0.127353;0.0142894;-3.04389
-189.581;-101.867;0.795724;0.102266;-0.0128345;-4.01538
-180.755;-101.867;0.806797;0.0795535;-0.0357902;-4.93952
-171.93;-101.867;0.76851;0.0604936;-0.0537717;-5.80177
-163.105;-101.867;0.715157;0.0357844;-0.072693;-6.65151
-154.279;-101.867;0.671558;0.0124215;-0.0918279;-7.49812
-145.454;-101.867;0.658744;-0.00181944;-0.10789;-8.33497
-136.628;-101.867;0.66153;-0.00751249;-0.121479;-9.14519
-127.803;-101.867;0.63583;-0.0133108;-0.140845;-9.90814
-118.977;-101.867;0.591784;-0.0244999;-0.164059;-10.6656
-110.152;-101.867;0.618626;-0.0340825;-0.183128;-11.419
-101.326;-101.867;0.61724;-0.0383514;-0.201043;-12.133
-92.5009;-101.867;0.625988;-0.0379281;-0.219504;-12.8048
-83.6754;-101.867;0.646526;-0.0326639;-0.236408;-13.4217
-74.85;-101.867;0.658601;-0.0247529;-0.251159;-13.984
-66.0245;-101.867;0.663292;-0.0177405;-0.264675;-14.5238
-57.1991;-101.867;0.698171;-0.00447541;-0.271314;-15.0152
-48.3736;-101.867;0.694516;0.0142947;-0.276793;-15.4377
-39.5482;-101.867;0.672321;0.0355559;-0.282543;-15.7918
-30.7227;-101.867;0.680509;0.0553187;-0.286661;-16.0994
-21.8972;-101.867;0.715815;0.0747095;-0.28931;-16.3746
-13.0718;-101.867;0.735679;0.0983848;-0.294128;-16.6144
-4.24634;-101.867;0.737525;0.125765;-0.296485;-16.7863
4.57912;-101.867;0.733461;0.154658;-0.294533;-16.8665
13.4046;-101.867;0.719036;0.181098;-0.289317;-16.8577
22.23;-101.867;0.701392;0.205347;-0.292415;-16.7929
31.0555;-101.867;0.686975;0.226461;-0.304924;-16.6585
39.8809;-101.867;0.69896;0.254418;-0.323777;-16.4923
48.7064;-101.867;0.849981;0.288813;-0.344759;-16.3147
57.5318;-101.867;0.941055;0.323343;-0.355697;-16.0814
66.3573;-101.867;1.03531;0.337939;-0.348667;-15.7774
75.1828;-101.867;1.12252;0.338225;-0.327167;-15.4004
84.0082;-101.867;1.16771;0.33466;-0.30551;-14.9335
92.8337;-101.867;1.18473;0.3349;-0.286421;-14.4033
101.659;-101.867;1.29912;0.329785;-0.259919;-13.8885
110.485;-101.867;1.40041;0.324233;-0.225708;-13.3163
119.31;-101.867;1.47468;0.31103;-0.19213;-12.6502
128.135;-101.867;1.50746;0.296756;-0.160892;-11.9078
136.961;-101.867;1.45027;0.277637;-0.134393;-11.0325
145.786;-101.867;1.2685;0.260376;-0.111238;-10.0496
154.612;-101.867;1.18974;0.238951;-0.0848318;-9.131
163.437;-101.867;1.222;0.213655;-0.0519191;-8.27215
172.263;-101.867;1.27142;0.181617;-0.0204107;-7.37913
181.088;-101.867;1.22096;0.158817;0.000874506;-6.4104
189.914;-101.867;1.12545;0.135799;0.00986137;-5.38741
198.739;-101.867;1.04848;0.111232;0.0188012;-4.35679
207.565;-101.867;1.02286;0.0830769;0.0269213;-3.33704
216.39;-101.867;1.02018;0.0547552;0.0337961;-2.32383
225.215;-101.867;1.08945;0.0294261;0.0362183;-1.36572
-198.406;-110.692;0.717187;0.128684;0.0170105;-2.61592
-189.581;-110.692;0.844136;0.105497;-0.00658468;-3.61263
-180.755;-110.692;0.894843;0.0830732;-0.0252273;-4.53024
-171.93;-110.692;0.803297;0.0603656;-0.0473176;-5.38248
-163.105;-110.692;0.760428;0.0353197;-0.0682951;-6.21639
-154.279;-110.692;0.738951;0.0126765;-0.0874696;-7.04664
-145.454;-110.692;0.726123;-0.000509936;-0.103414;-7.86755
-136.628;-110.692;0.708907;-0.00362284;-0.117397;-8.65678
-127.803;-110.692;0.659952;-0.0051738;-0.134447;-9.38668
-118.977;-110.692;0.586507;-0.0160687;-0.157321;-10.1081
-110.152;-110.692;0.568927;-0.0267602;-0.180098;-10.8339
-101.326;-110.692;0.565672;-0.0295298;-0.201566;-11.5325
-92.5009;-110.692;0.59886;-0.0248529;-0.219535;-12.1876
-83.6754;-110.692;0.618248;-0.0186196;-0.238282;-12.7881
-74.85;-110.692;0.594603;-0.015872;-0.259143;-13.3272
-66.0245;-110.692;0.572452;-0.0139722;-0.276326;-13.8543
-57.1991;-110.692;0.612062;-0.00288808;-0.282405;-14.3431
-48.3736;-110.692;0.642979;0.0184911;-0.283333;-14.7563
-39.5482;-110.692;0.615599;0.0420969;-0.285299;-15.0934
-30.7227;-110.692;0.595595;0.061554;-0.285306;-15.3795
-21.8972;-110.692;0.60992;0.0781896;-0.285565;-15.6321
-13.0718;-110.692;0.631383;0.0983372;-0.287781;-15.856
-4.24634;-110.692;0.647129;0.123865;-0.2902;-16.0312
4.57912;-110.692;0.670263;0.153742;-0.289015;-16.1245
13.4046;-110.692;0.687747;0.178676;-0.284506;-16.1384
22.23;-110.692;0.687154;0.202716;-0.291499;-16.0841
31.0555;-110.692;0.684515;0.224951;-0.308436;-15.9511
39.8809;-110.692;0.718362;0.250082;-0.329779;-15.7833
48.7064;-110.692;0.866139;0.277205;-0.345172;-15.6101
57.5318;-110.692;0.95415;0.304689;-0.347592;-15.3702
66.3573;-110.692;1.0145;0.315199;-0.336855;-15.0351
75.1828;-110.692;1.07245;0.317621;-0.317876;-14.6473
84.0082;-110.692;1.1305;0.317266;-0.296793;-14.2022
92.8337;-110.692;1.17614;0.316203;-0.274575;-13.704
101.659;-110.692;1.28193;0.308092;-0.247212;-13.1798
110.485;-110.692;1.28165;0.30034;-0.218501;-12.516
119.31;-110.692;1.21841;0.286783;-0.190179;-11.7449
128.135;-110.692;1.1305;0.271962;-0.163634;-10.9231
136.961;-110.692;0.969723;0.253762;-0.138464;-9.9956
145.786;-110.692;0.885389;0.23207;-0.110676;-9.10029
154.612;-110.692;0.955792;0.210069;-0.076762;-8.31854
163.437;-110.692;1.07925;0.18675;-0.0377708;-7.56
172.263;-110.692;1.11322;0.152837;-0.00682275;-6.67323
181.088;-110.692;0.98789;0.130718;0.0139585;-5.64627
189.914;-110.692;0.929164;0.111367;0.0205838;-4.67107
198.739;-110.692;0.941269;0.0934668;0.0232062;-3.74165
207.565;-110.692;1.03098;0.067045;0.0323343;-2.82398
216.39;-110.692;1.07682;0.0414422;0.0443054;-1.86776
-198.406;-119.518;0.69361;0.121824;0.0218127;-2.15081
-189.581;-119.518;0.779288;0.106954;0.00272361;-3.09712
-180.755;-119.518;0.824378;0.0798368;-0.0184569;-4.04384
-171.93;-119.518;0.736386;0.0497919;-0.0436409;-4.89743
-163.105;-119.518;0.750426;0.0292066;-0.0635086;-5.71563
-154.279;-119.518;0.751468;0.0102636;-0.0825916;-6.52798
-145.454;-119.518;0.723138;-0.0025905;-0.0989029;-7.31553
-136.628;-119.518;0.68858;-0.0045226;-0.111738;-8.08498
-127.803;-119.518;0.638272;0.00110612;-0.123626;-8.78798
-118.977;-119.518;0.54486;-0.00558162;-0.148319;-9.48472
-110.152;-119.518;0.516205;-0.0153293;-0.17522;-10.1899
-101.326;-119.518;0.509938;-0.0198982;-0.201823;-10.871
-92.5009;-119.518;0.55022;-0.0171048;-0.223843;-11.513
-83.6754;-119.518;0.573084;-0.012267;-0.244669;-12.1043
-74.85;-119.518;0.540095;-0.0106662;-0.265577;-12.6258
-66.0245;-119.518;0.497881;-0.00888062;-0.283416;-13.135
-57.1991;-119.518;0.52905;0.00158026;-0.290039;-13.6156
-48.3736;-119.518;0.575267;0.0175942;-0.289456;-14.0436
-39.5482;-119.518;0.55288;0.0398312;-0.286446;-14.3789
-30.7227;-119.518;0.502424;0.060079;-0.282573;-14.6241
-21.8972;-119.518;0.468614;0.0783861;-0.279223;-14.8329
-13.0718;-119.518;0.475131;0.0999497;-0.277036;-15.0415
-4.24634;-119.518;0.534917;0.126922;-0.276355;-15.2338
4.57912;-119.518;0.615554;0.156461;-0.277768;-15.3603
13.4046;-119.518;0.703844;0.179494;-0.278368;-15.4249
22.23;-119.518;0.747258;0.200243;-0.290762;-15.385
31.0555;-119.518;0.738872;0.220286;-0.308797;-15.2381
39.8809;-119.518;0.740709;0.239319;-0.324121;-15.0348
48.7064;-119.518;0.858167;0.257174;-0.328806;-14.8424
57.5318;-119.518;0.96693;0.276635;-0.325217;-14.6007
66.3573;-119.518;1.02056;0.287088;-0.316126;-14.2617
75.1828;-119.518;1.05405;0.291916;-0.302049;-13.864
84.0082;-119.518;1.09641;0.291308;-0.283237;-13.412
92.8337;-119.518;1.13072;0.286723;-0.262061;-12.8991
101.659;-119.518;1.14416;0.279368;-0.238997;-12.308
110.485;-119.518;1.05128;0.273663;-0.210339;-11.5749
119.31;-119.518;0.903172;0.25949;-0.18292;-10.7448
128.135;-119.518;0.771097;0.243027;-0.159306;-9.92081
136.961;-119.518;0.698075;0.223277;-0.132867;-9.11575
145.786;-119.518;0.77285;0.200605;-0.09914;-8.37289
154.612;-119.518;0.997873;0.174665;-0.058026;-7.69523
163.437;-119.518;1.09766;0.148563;-0.0194322;-6.89024
172.263;-119.518;0.914538;0.120352;0.00665016;-5.84942
181.088;-119.518;0.705507;0.100612;0.024924;-4.7768
189.914;-119.518;0.799728;0.0809215;0.0354329;-3.95661
198.739;-119.518;0.999974;0.0636669;0.0475348;-3.21416
207.565;-119.518;1.19553;0.0430194;0.0550278;-2.4112
216.39;-119.518;1.24719;0.0241651;0.059561;-1.48548
-189.581;-128.343;0.689181;0.0992385;0.00916719;-2.56099
-180.755;-128.343;0.734131;0.0719653;-0.012595;-3.46129
-171.93;-128.343;0.66734;0.035428;-0.0411858;-4.33978
-163.105;-128.343;0.690283;0.0172825;-0.0594866;-5.15087
-154.279;-128.343;0.669882;0.000760846;-0.0802108;-5.93645
-145.454;-128.343;0.603658;-0.0105053;-0.0969852;-6.66725
-136.628;-128.343;0.558386;-0.0111505;-0.109058;-7.41686
-127.803;-128.343;0.547746;-2.30722e-05;-0.118505;-8.12351
-118.977;-128.343;0.486882;0.0021756;-0.142849;-8.82043
-110.152;-128.343;0.466409;-0.00578826;-0.172613;-9.50599
-101.326;-128.343;0.435498;-0.0146216;-0.199903;-10.1524
-92.5009;-128.343;0.456961;-0.0163615;-0.226207;-10.773
-83.6754;-128.343;0.496578;-0.0130606;-0.250698;-11.371
-74.85;-128.343;0.49563;-0.00915007;-0.269615;-11.9044
-66.0245;-128.343;0.450959;-0.00445231;-0.285751;-12.3878
-57.1991;-128.343;0.447103;0.00521174;-0.293501;-12.8523
-48.3736;-128.343;0.50561;0.0120253;-0.293189;-13.2952
-39.5482;-128.343;0.457186;0.0300944;-0.289168;-13.6081
-30.7227;-128.343;0.314453;0.0528797;-0.285464;-13.7591
-21.8972;-128.343;0.205968;0.0752746;-0.280026;-13.8908
-13.0718;-128.343;0.227599;0.0984086;-0.269577;-14.0933
-4.24634;-128.343;0.371277;0.128356;-0.258292;-14.3452
4.57912;-128.343;0.535215;0.158377;-0.26392;-14.5463
13.4046;-128.343;0.694451;0.178695;-0.271506;-14.6391
22.23;-128.343;0.804948;0.197389;-0.286335;-14.6316
31.0555;-128.343;0.797287;0.212512;-0.301089;-14.4682
39.8809;-128.343;0.693872;0.226286;-0.309901;-14.1951
48.7064;-128.343;0.734071;0.240059;-0.308675;-13.9522
57.5318;-128.343;0.816727;0.25438;-0.302073;-13.6886
66.3573;-128.343;0.858962;0.264388;-0.293534;-13.3435
75.1828;-128.343;0.858601;0.268303;-0.281984;-12.9127
84.0082;-128.343;0.831581;0.266808;-0.267638;-12.4038
92.8337;-128.343;0.787723;0.262851;-0.251543;-11.8288
101.659;-128.343;0.784922;0.253676;-0.230731;-11.2283
110.485;-128.343;0.776624;0.244424;-0.20082;-10.5609
119.31;-128.343;0.726223;0.231542;-0.170603;-9.84273
128.135;-128.343;0.668334;0.216143;-0.143197;-9.12296
136.961;-128.343;0.696418;0.198626;-0.11411;-8.43651
145.786;-128.343;0.881081;0.17545;-0.0784092;-7.79717
154.612;-128.343;0.966459;0.152848;-0.0368086;-7.00826
163.437;-128.343;0.8383;0.119465;-0.0100107;-5.9841
172.263;-128.343;0.528651;0.092788;0.0119391;-4.85212
181.088;-128.343;0.450594;0.0710915;0.0316118;-3.90408
189.914;-128.343;0.867538;0.045196;0.0503278;-3.35423
198.739;-128.343;1.31064;0.0274488;0.0693989;-2.80303
207.565;-128.343;1.53346;0.0111126;0.0734724;-2.06743
-189.581;-137.169;0.548652;0.0758932;0.0129109;-1.97731
-180.755;-137.169;0.621879;0.0552328;-0.009971;-2.8465
-171.93;-137.169;0.606316;0.0271297;-0.0340166;-3.69815
-163.105;-137.169;0.608188;0.00987671;-0.0545007;-4.51912
-154.279;-137.169;0.528809;-0.00650484;-0.0790941;-5.27662
-145.454;-137.169;0.423226;-0.0188874;-0.0981642;-5.96664
-136.628;-137.169;0.391388;-0.0216429;-0.111756;-6.7147
-127.803;-137.169;0.438789;-0.00931709;-0.121175;-7.44511
-118.977;-137.169;0.437491;0.000905607;-0.144178;-8.15112
-110.152;-137.169;0.410581;-0.00315199;-0.17395;-8.80996
-101.326;-137.169;0.348234;-0.0121276;-0.20032;-9.41456
-92.5009;-137.169;0.344077;-0.0174341;-0.227422;-10.0147
-83.6754;-137.169;0.417965;-0.0164068;-0.251628;-10.6269
-74.85;-137.169;0.467479;-0.0108757;-0.268552;-11.1675
-66.0245;-137.169;0.410117;-0.0036672;-0.284349;-11.6143
-57.1991;-137.169;0.336509;0.00454122;-0.295906;-12.0495
-48.3736;-137.169;0.397446;0.003379;-0.29757;-12.4732
-39.5482;-137.169;0.253969;0.0191309;-0.299392;-12.6879
-30.7227;-137.169;-0.118194;0.0444599;-0.303303;-12.6367
-21.8972;-137.169;-0.367691;0.068842;-0.301528;-12.6233
-13.0718;-137.169;-0.260274;0.0907318;-0.284147;-12.8546
-4.24634;-137.169;0.0275552;0.125115;-0.256888;-13.2762
4.57912;-137.169;0.290734;0.156676;-0.254873;-13.5448
13.4046;-137.169;0.482458;0.174316;-0.267645;-13.6383
22.23;-137.169;0.60229;0.189126;-0.283478;-13.6182
31.0555;-137.169;0.641833;0.201637;-0.293194;-13.4876
39.8809;-137.169;0.613834;0.212352;-0.295301;-13.2651
48.7064;-137.169;0.595435;0.223617;-0.292849;-12.9906
57.5318;-137.169;0.634174;0.234097;-0.287308;-12.695
66.3573;-137.169;0.665731;0.240984;-0.277614;-12.3406
75.1828;-137.169;0.651492;0.242777;-0.265718;-11.8943
84.0082;-137.169;0.589393;0.240643;-0.253285;-11.3584
92.8337;-137.169;0.512464;0.237708;-0.239476;-10.7682
101.659;-137.169;0.520791;0.229596;-0.218841;-10.2038
110.485;-137.169;0.617544;0.219367;-0.187555;-9.64847
119.31;-137.169;0.695299;0.20524;-0.154521;-9.05138
128.135;-137.169;0.731118;0.18949;-0.122598;-8.41537
136.961;-137.169;0.790601;0.171598;-0.0918683;-7.75293
145.786;-137.169;0.902283;0.145385;-0.0659301;-7.04766
154.612;-137.169;0.754913;0.120723;-0.0396696;-6.08478
163.437;-137.169;0.436486;0.0915029;-0.0158612;-4.94805
172.263;-137.169;0.183501;0.0699783;0.0132016;-3.89576
181.088;-137.169;0.438271;0.0426752;0.0393154;-3.21782
189.914;-137.169;1.21864;0.00651458;0.06329;-2.93507
198.739;-137.169;1.76927;-0.0154177;0.0814252;-2.44393
-189.581;-145.994;0.425255;0.0540653;0.0174566;-1.36487
-180.755;-145.994;0.497157;0.0424105;-0.00559893;-2.2115
-171.93;-145.994;0.505096;0.0218296;-0.0276658;-3.04175
-163.105;-145.994;0.498346;0.0082422;-0.0469033;-3.84186
-154.279;-145.994;0.416782;-0.00410722;-0.0714454;-4.57311
-145.454;-145.994;0.31188;-0.0194561;-0.0944287;-5.25728
-136.628;-145.994;0.291403;-0.0292623;-0.114369;-6.0198
-127.803;-145.994;0.362884;-0.0214497;-0.127295;-6.7703
-118.977;-145.994;0.395569;-0.00871145;-0.146776;-7.46962
-110.152;-145.994;0.35761;-0.00721777;-0.171315;-8.09632
-101.326;-145.994;0.265464;-0.011054;-0.196517;-8.65815
-92.5009;-145.994;0.246047;-0.0167483;-0.222837;-9.23222
-83.6754;-145.994;0.362787;-0.0182244;-0.244301;-9.85509
-74.85;-145.994;0.453609;-0.0135167;-0.259549;-10.412
-66.0245;-145.994;0.362841;-0.00670977;-0.278029;-10.826
-57.1991;-145.994;0.202349;-0.00145258;-0.298424;-11.1944
-48.3736;-145.994;0.215507;-0.00837662;-0.306353;-11.5482
-39.5482;-145.994;-0.0693605;0.013435;-0.316613;-11.6192
-30.7227;-145.994;-0.779709;0.0401321;-0.330797;-11.3708
-21.8972;-145.994;-1.37436;0.0687223;-0.336779;-11.2486
-13.0718;-145.994;-1.3352;0.095667;-0.321267;-11.4695
-4.24634;-145.994;-0.674579;0.118623;-0.287613;-11.9536
4.57912;-145.994;-0.142574;0.147661;-0.272695;-12.3647
13.4046;-145.994;0.0949076;0.166446;-0.281669;-12.4946
22.23;-145.994;0.241282;0.179365;-0.290138;-12.4782
31.0555;-145.994;0.365833;0.188013;-0.291028;-12.3859
39.8809;-145.994;0.456421;0.195127;-0.286789;-12.2347
48.7064;-145.994;0.486509;0.203401;-0.280186;-11.9946
57.5318;-145.994;0.517199;0.211653;-0.27544;-11.704
66.3573;-145.994;0.546757;0.217355;-0.265132;-11.3589
75.1828;-145.994;0.546311;0.219226;-0.251008;-10.9274
84.0082;-145.994;0.500724;0.217979;-0.236034;-10.4092
92.8337;-145.994;0.434945;0.215665;-0.220428;-9.84587
101.659;-145.994;0.464406;0.207154;-0.198529;-9.32484
110.485;-145.994;0.597797;0.195837;-0.168705;-8.82687
119.31;-145.994;0.708;0.179961;-0.138447;-8.26162
128.135;-145.994;0.754343;0.16175;-0.108486;-7.61356
136.961;-145.994;0.7616;0.141923;-0.0800712;-6.89125
145.786;-145.994;0.678844;0.122316;-0.0575174;-6.05646
154.612;-145.994;0.507636;0.0944503;-0.0350331;-5.12113
163.437;-145.994;0.343825;0.0616123;-0.0138395;-4.15351
172.263;-145.994;0.380222;0.0461979;0.0228199;-3.37118
181.088;-145.994;0.970879;0.0150749;0.0515472;-2.93334
189.914;-145.994;1.7899;-0.0269469;0.0743271;-2.65369
198.739;-145.994;2.15373;-0.0595613;0.104132;-1.93657
-171.93;-154.819;0.439846;0.0247827;-0.0138557;-2.38209
-163.105;-154.819;0.419018;0.0131228;-0.0332288;-3.15497
-154.279;-154.819;0.366952;0.00796169;-0.0521576;-3.86613
-145.454;-154.819;0.310883;-0.00949499;-0.0783975;-4.57628
-136.628;-154.819;0.301504;-0.0262635;-0.106495;-5.344
-127.803;-154.819;0.347149;-0.026171;-0.12563;-6.08479
-118.977;-154.819;0.367915;-0.0174664;-0.140453;-6.75482
-110.152;-154.819;0.329765;-0.0128657;-0.157394;-7.3553
-101.326;-154.819;0.210453;-0.0110001;-0.182274;-7.88586
-92.5009;-154.819;0.178952;-0.0137722;-0.209188;-8.42809
-83.6754;-154.819;0.311708;-0.0150004;-0.229508;-9.04533
-74.85;-154.819;0.420871;-0.0119001;-0.244803;-9.60429
-66.0245;-154.819;0.33243;-0.00818399;-0.26665;-10.0096
-57.1991;-154.819;0.135268;-0.00683501;-0.293396;-10.3486
-48.3736;-154.819;0.107179;-0.0132039;-0.307365;-10.6766
-39.5482;-154.819;-0.186763;0.0050892;-0.319072;-10.7404
-30.7227;-154.819;-0.877305;0.0304343;-0.336484;-10.484
-21.8972;-154.819;-1.51207;0.0558947;-0.34619;-10.3193
-13.0718;-154.819;-1.62386;0.0746449;-0.338115;-10.4216
-4.24634;-154.819;-1.09762;0.0896479;-0.317755;-10.7691
4.57912;-154.819;-0.318889;0.122395;-0.307456;-11.2721
13.4046;-154.819;-0.0200539;0.146004;-0.301901;-11.4614
22.23;-154.819;0.146775;0.161432;-0.294617;-11.4744
31.0555;-154.819;0.2989;0.170551;-0.284981;-11.4088
39.8809;-154.819;0.423657;0.176877;-0.274545;-11.2849
48.7064;-154.819;0.473246;0.180816;-0.262994;-11.043
57.5318;-154.819;0.503519;0.186321;-0.255843;-10.753
66.3573;-154.819;0.530783;0.191014;-0.243632;-10.42
75.1828;-154.819;0.542766;0.195597;-0.227307;-10.0175
84.0082;-154.819;0.529353;0.197869;-0.20951;-9.54227
92.8337;-154.819;0.500621;0.195156;-0.191097;-9.02113
101.659;-154.819;0.550408;0.184192;-0.16907;-8.52792
110.485;-154.819;0.641132;0.17312;-0.143632;-8.01383
119.31;-154.819;0.656974;0.160612;-0.120217;-7.39427
128.135;-154.819;0.594313;0.145293;-0.0970777;-6.67035
136.961;-154.819;0.516577;0.126522;-0.0733713;-5.88733
145.786;-154.819;0.44462;0.105428;-0.0516568;-5.07642
154.612;-154.819;0.489676;0.0759151;-0.027833;-4.33632
163.437;-154.819;0.703709;0.0502837;-0.00175578;-3.73153
172.263;-154.819;1.12004;0.0334642;0.0299814;-3.27802
181.088;-154.819;1.75352;0.00188483;0.0565447;-2.89525
189.914;-154.819;2.20119;-0.0424236;0.0920759;-2.24083
-163.105;-163.645;0.405506;0.0248054;-0.0127825;-2.46103
-154.279;-163.645;0.360359;0.0185798;-0.032328;-3.16794
-145.454;-163.645;0.354187;0.00631568;-0.0539882;-3.89396
-136.628;-163.645;0.366533;-0.0113234;-0.0826859;-4.64072
-127.803;-163.645;0.374265;-0.0167575;-0.104742;-5.34563
-118.977;-163.645;0.373717;-0.0146508;-0.118285;-5.98955
-110.152;-163.645;0.333294;-0.0135828;-0.133077;-6.57914
-101.326;-163.645;0.21313;-0.00927068;-0.157976;-7.10078
-92.5009;-163.645;0.137601;-0.0091448;-0.189334;-7.62259
-83.6754;-163.645;0.233488;-0.00849663;-0.212156;-8.20458
-74.85;-163.645;0.335414;-0.00627063;-0.228066;-8.7377
-66.0245;-163.645;0.265826;-0.00550861;-0.249997;-9.1368
-57.1991;-163.645;0.0899945;-0.00650124;-0.278977;-9.47676
-48.3736;-163.645;0.159086;-0.0106454;-0.293905;-9.85826
-39.5482;-163.645;0.0966227;0.00509605;-0.305208;-10.1015
-30.7227;-163.645;-0.3226;0.0313422;-0.326459;-10.0571
-21.8972;-163.645;-0.762131;0.0534008;-0.340508;-9.93898
-13.0718;-163.645;-0.888559;0.0653829;-0.336962;-9.93524
-4.24634;-163.645;-0.605681;0.0776298;-0.323375;-10.1433
4.57912;-163.645;-0.0535824;0.101375;-0.317406;-10.4922
13.4046;-163.645;0.172128;0.125949;-0.304391;-10.6444
22.23;-163.645;0.297204;0.142317;-0.285978;-10.6351
31.0555;-163.645;0.406217;0.149598;-0.267015;-10.5339
39.8809;-163.645;0.497807;0.154832;-0.250592;-10.3842
48.7064;-163.645;0.536153;0.158548;-0.233147;-10.1356
57.5318;-163.645;0.557115;0.161338;-0.221623;-9.82757
66.3573;-163.645;0.574308;0.162555;-0.20835;-9.4888
75.1828;-163.645;0.572751;0.167275;-0.191818;-9.09329
84.0082;-163.645;0.55655;0.171459;-0.17255;-8.63681
92.8337;-163.645;0.548366;0.169524;-0.1521;-8.14643
101.659;-163.645;0.592182;0.161045;-0.133208;-7.66935
110.485;-163.645;0.635683;0.151522;-0.112703;-7.14021
119.31;-163.645;0.59866;0.141174;-0.094279;-6.50424
128.135;-163.645;0.511357;0.128706;-0.0764672;-5.79056
136.961;-163.645;0.455501;0.11413;-0.0565644;-5.06557
145.786;-163.645;0.479964;0.0982261;-0.0339983;-4.37593
154.612;-163.645;0.748711;0.0783839;-0.00685394;-3.81543
163.437;-163.645;1.1883;0.0564828;0.017995;-3.42702
172.263;-163.645;1.60778;0.0337172;0.0417567;-3.0065
181.088;-163.645;2.02588;-0.00257772;0.0633105;-2.46789
189.914;-163.645;2.1621;-0.0432425;0.0961999;-1.58356
-154.279;-172.47;0.359817;0.0267505;-0.0133533;-2.45736
-145.454;-172.47;0.341877;0.0123401;-0.0369358;-3.15487
-136.628;-172.47;0.353407;-0.00161966;-0.0629242;-3.87312
-127.803;-172.47;0.341699;-0.0109614;-0.0861945;-4.54411
-118.977;-172.47;0.325461;-0.0140338;-0.101693;-5.16474
-110.152;-172.47;0.304419;-0.0115706;-0.117102;-5.7667
-101.326;-172.47;0.213357;-0.00617804;-0.143767;-6.31758
-92.5009;-172.47;0.135171;-0.00572874;-0.172339;-6.82847
-83.6754;-172.47;0.179775;-0.00567947;-0.192742;-7.33472
-74.85;-172.47;0.252772;-0.00400985;-0.208232;-7.82833
-66.0245;-172.47;0.204267;-0.00262626;-0.226551;-8.21828
-57.1991;-172.47;0.0386738;-0.0013801;-0.25213;-8.54265
-48.3736;-172.47;0.0847989;0.000823617;-0.268146;-8.92335
-39.5482;-172.47;0.251688;0.00988851;-0.280896;-9.31693
-30.7227;-172.47;0.167117;0.0285755;-0.301186;-9.48026
-21.8972;-172.47;0.0149531;0.0487904;-0.315174;-9.51277
-13.0718;-172.47;0.0373494;0.0649365;-0.31407;-9.59925
-4.24634;-172.47;0.268308;0.0846783;-0.303389;-9.85932
4.57912;-172.47;0.436049;0.0997199;-0.293593;-9.99066
13.4046;-172.47;0.517643;0.114365;-0.279826;-9.98098
22.23;-172.47;0.529028;0.125158;-0.258843;-9.86029
31.0555;-172.47;0.527971;0.129043;-0.234955;-9.6613
39.8809;-172.47;0.55101;0.133777;-0.214704;-9.45214
48.7064;-172.47;0.589561;0.138132;-0.193112;-9.19889
57.5318;-172.47;0.590084;0.142475;-0.177919;-8.8803
66.3573;-172.47;0.586612;0.142577;-0.165061;-8.53367
75.1828;-172.47;0.577525;0.144032;-0.15;-8.1419
84.0082;-172.47;0.563204;0.147149;-0.132026;-7.7059
92.8337;-172.47;0.555445;0.147127;-0.113243;-7.23567
101.659;-172.47;0.583801;0.138634;-0.0944282;-6.75719
110.485;-172.47;0.627017;0.126448;-0.0749072;-6.24624
119.31;-172.47;0.619253;0.116714;-0.0586039;-5.6633
128.135;-172.47;0.585312;0.108964;-0.0458798;-5.03354
136.961;-172.47;0.595444;0.100381;-0.0318226;-4.4102
145.786;-172.47;0.723219;0.0882335;-0.0136424;-3.84503
154.612;-172.47;1.05699;0.072947;0.00861044;-3.38697
163.437;-172.47;1.37336;0.055949;0.0311436;-2.91538
172.263;-172.47;1.66426;0.0259433;0.0438634;-2.37612
-145.454;-181.296;0.304358;0.0139709;-0.0232486;-2.3922
-136.628;-181.296;0.253576;0.000209433;-0.0452182;-3.04434
-127.803;-181.296;0.213475;-0.0139712;-0.071498;-3.69702
-118.977;-181.296;0.171922;-0.021317;-0.08988;-4.29384
-110.152;-181.296;0.166238;-0.0148811;-0.104709;-4.88801
-101.326;-181.296;0.0982794;-0.000670703;-0.125632;-5.42373
-92.5009;-181.296;0.0116049;0.00243211;-0.148989;-5.90155
-83.6754;-181.296;0.0273832;0.000888977;-0.165856;-6.36457
-74.85;-181.296;0.123015;0.000331888;-0.180889;-6.86226
-66.0245;-181.296;0.143232;0.00162475;-0.195057;-7.26959
-57.1991;-181.296;0.0148042;0.00496832;-0.213924;-7.57627
-48.3736;-181.296;0.0159366;0.0114323;-0.22865;-7.91732
-39.5482;-181.296;0.222437;0.0158271;-0.242842;-8.34395
-30.7227;-181.296;0.311543;0.025746;-0.257776;-8.61628
-21.8972;-181.296;0.339021;0.0425885;-0.266133;-8.77033
-13.0718;-181.296;0.479114;0.0594869;-0.264741;-8.9496
-4.24634;-181.296;0.743259;0.0753742;-0.259336;-9.20766
4.57912;-181.296;0.76888;0.0908157;-0.254358;-9.25969
13.4046;-181.296;0.754919;0.100644;-0.241049;-9.18207
22.23;-181.296;0.671556;0.106917;-0.21983;-8.99236
31.0555;-181.296;0.566281;0.109663;-0.195315;-8.7067
39.8809;-181.296;0.513767;0.116307;-0.174676;-8.43286
48.7064;-181.296;0.54517;0.121897;-0.154649;-8.17448
57.5318;-181.296;0.542997;0.12735;-0.138227;-7.87203
66.3573;-181.296;0.53656;0.12689;-0.124286;-7.53293
75.1828;-181.296;0.540784;0.125177;-0.108823;-7.15469
84.0082;-181.296;0.543684;0.128113;-0.0930415;-6.74983
92.8337;-181.296;0.53725;0.131558;-0.0803043;-6.30805
101.659;-181.296;0.536837;0.126581;-0.0676556;-5.83534
110.485;-181.296;0.562105;0.114318;-0.052095;-5.33714
119.31;-181.296;0.586667;0.103132;-0.0367424;-4.8043
128.135;-181.296;0.618418;0.0951744;-0.0253889;-4.25248
136.961;-181.296;0.693757;0.0861604;-0.0138369;-3.70328
145.786;-181.296;0.875015;0.0738435;-0.0011925;-3.2041
154.612;-181.296;1.09588;0.0598927;0.0127638;-2.6919
163.437;-181.296;1.27883;0.0405809;0.0293979;-2.12643
-136.628;-190.121;0.19613;0.00661662;-0.0231279;-2.19922
-127.803;-190.121;0.162143;-0.00527902;-0.0417561;-2.8149
-118.977;-190.121;0.114246;-0.0149235;-0.0593718;-3.4049
-110.152;-190.121;0.0842868;-0.0102957;-0.0760796;-3.9799
-101.326;-190.121;-0.015994;0.0075883;-0.0939009;-4.4664
-92.5009;-190.121;-0.166291;0.0125687;-0.115802;-4.87939
-83.6754;-190.121;-0.167756;0.0105728;-0.131597;-5.32907
-74.85;-190.121;-0.0250949;0.00818362;-0.145236;-5.8473
-66.0245;-190.121;0.0898463;0.00835582;-0.157534;-6.30599
-57.1991;-190.121;0.054378;0.0114635;-0.171625;-6.64059
-48.3736;-190.121;0.0591765;0.018199;-0.183123;-6.95105
-39.5482;-190.121;0.165635;0.0209587;-0.194664;-7.29764
-30.7227;-190.121;0.257111;0.0261812;-0.205004;-7.58135
-21.8972;-190.121;0.354962;0.0405715;-0.210283;-7.79689
-13.0718;-190.121;0.510745;0.060268;-0.213527;-8.0069
-4.24634;-190.121;0.685397;0.0756023;-0.214671;-8.17292
4.57912;-190.121;0.685484;0.0838501;-0.209522;-8.15773
13.4046;-190.121;0.573083;0.0886713;-0.197812;-8.0113
22.23;-190.121;0.470705;0.0897123;-0.179423;-7.8033
31.0555;-190.121;0.3864;0.0932908;-0.15993;-7.55742
39.8809;-190.121;0.354107;0.100573;-0.141216;-7.31168
48.7064;-190.121;0.390468;0.10769;-0.123017;-7.07432
57.5318;-190.121;0.402613;0.113329;-0.106577;-6.79603
66.3573;-190.121;0.418893;0.113213;-0.0888478;-6.47537
75.1828;-190.121;0.45553;0.109906;-0.0698653;-6.12335
84.0082;-190.121;0.485849;0.111567;-0.0545427;-5.75364
92.8337;-190.121;0.491425;0.116302;-0.0482519;-5.34791
101.659;-190.121;0.486417;0.114086;-0.0427828;-4.89459
110.485;-190.121;0.500954;0.105255;-0.0356726;-4.41861
119.31;-190.121;0.528682;0.0962032;-0.0268747;-3.92104
128.135;-190.121;0.579323;0.0876566;-0.018229;-3.40931
136.961;-190.121;0.667171;0.0784138;-0.00896017;-2.88456
145.786;-190.121;0.814931;0.0643643;0.00434563;-2.37085
154.612;-190.121;0.938992;0.0485888;0.0202968;-1.79938
-118.977;-198.947;0.101305;0.00142941;-0.0249058;-2.51818
-110.152;-198.947;0.0919557;0.00394352;-0.0394574;-3.05479
-101.326;-198.947;-0.03895;0.0164742;-0.0610403;-3.53746
-92.5009;-198.947;-0.258473;0.0203936;-0.086285;-3.92589
-83.6754;-198.947;-0.269998;0.0197833;-0.100541;-4.38497
-74.85;-198.947;-0.11751;0.0183375;-0.109845;-4.89509
-66.0245;-198.947;0.0506661;0.0175928;-0.118963;-5.36504
-57.1991;-198.947;0.120925;0.0183142;-0.129937;-5.72752
-48.3736;-198.947;0.125112;0.0240751;-0.141062;-6.01751
-39.5482;-198.947;0.161835;0.0272971;-0.151725;-6.29041
-30.7227;-198.947;0.192786;0.0298659;-0.164251;-6.53479
-21.8972;-198.947;0.261822;0.0411241;-0.172731;-6.73151
-13.0718;-198.947;0.384024;0.0594903;-0.178626;-6.90261
-4.24634;-198.947;0.494842;0.0729836;-0.177096;-6.98411
4.57912;-198.947;0.467864;0.0780392;-0.17108;-6.93066
13.4046;-198.947;0.38772;0.0769597;-0.159894;-6.79259
22.23;-198.947;0.32086;0.0758127;-0.145529;-6.62669
31.0555;-198.947;0.256281;0.078851;-0.12989;-6.42672
39.8809;-198.947;0.22392;0.0835726;-0.111886;-6.19998
48.7064;-198.947;0.24645;0.0892195;-0.0940091;-5.97096
57.5318;-198.947;0.275248;0.0946315;-0.0762882;-5.71261
66.3573;-198.947;0.317322;0.0963633;-0.0541678;-5.41568
75.1828;-198.947;0.377048;0.0931428;-0.0312138;-5.09164
84.0082;-198.947;0.426127;0.0926009;-0.0154489;-4.74968
92.8337;-198.947;0.45057;0.095502;-0.0133196;-4.37446
101.659;-198.947;0.4691;0.0961767;-0.0139964;-3.95812
110.485;-198.947;0.49691;0.0919123;-0.0134689;-3.51722
119.31;-198.947;0.520972;0.0860739;-0.0102592;-3.03182
128.135;-198.947;0.546241;0.0781887;-0.0077959;-2.52684
136.961;-198.947;0.599508;0.0677491;-0.00144811;-2.01167
145.786;-198.947;0.70021;0.0528749;0.0146171;-1.47857
-118.977;-207.772;0.015966;0.0175801;0.000113516;-1.6179
-110.152;-207.772;0.052824;0.0205217;-0.0147349;-2.14505
-101.326;-207.772;-0.0357196;0.0242351;-0.0391773;-2.6324
-92.5009;-207.772;-0.202745;0.0223925;-0.0635518;-3.054
-83.6754;-207.772;-0.18943;0.021465;-0.0722076;-3.5028
-74.85;-207.772;-0.099069;0.0229206;-0.0772157;-3.96512
-66.0245;-207.772;0.0068562;0.0241869;-0.0858117;-4.38238
-57.1991;-207.772;0.0729841;0.0259632;-0.0946894;-4.7186
-48.3736;-207.772;0.0949409;0.0292927;-0.107258;-4.99683
-39.5482;-207.772;0.101438;0.0323743;-0.119479;-5.23606
-30.7227;-207.772;0.117571;0.0338185;-0.132503;-5.44364
-21.8972;-207.772;0.157902;0.0410755;-0.143409;-5.60407
-13.0718;-207.772;0.226734;0.0551559;-0.152577;-5.73058
-4.24634;-207.772;0.287244;0.06644;-0.153494;-5.78212
4.57912;-207.772;0.276505;0.0677794;-0.148526;-5.74048
13.4046;-207.772;0.246487;0.0634992;-0.138442;-5.6441
22.23;-207.772;0.219207;0.0628054;-0.123344;-5.51758
31.0555;-207.772;0.178043;0.0646796;-0.102984;-5.34099
39.8809;-207.772;0.152058;0.067426;-0.0799308;-5.13361
48.7064;-207.772;0.171894;0.0709374;-0.0585627;-4.92
57.5318;-207.772;0.227036;0.0747624;-0.0383835;-4.6878
66.3573;-207.772;0.300329;0.0774446;-0.0142152;-4.4181
75.1828;-207.772;0.370197;0.0739736;0.00952903;-4.11844
84.0082;-207.772;0.431398;0.0721507;0.0239058;-3.80673
92.8337;-207.772;0.490845;0.0744069;0.0247054;-3.46847
101.659;-207.772;0.534642;0.0773454;0.0211414;-3.09565
110.485;-207.772;0.567047;0.0759082;0.0144177;-2.66568
119.31;-207.772;0.574345;0.0701261;0.0116635;-2.18493
128.135;-207.772;0.574192;0.0621327;0.0104142;-1.67992
136.961;-207.772;0.578027;0.0521636;0.0154595;-1.15806
-83.6754;-216.598;-0.150553;0.0245635;-0.0433252;-2.59561
-74.85;-216.598;-0.0698529;0.0268053;-0.0463985;-2.99758
-66.0245;-216.598;-0.0211978;0.029922;-0.0547574;-3.37276
-57.1991;-216.598;0.0016285;0.0311846;-0.0635104;-3.6798
-48.3736;-216.598;0.00145107;0.0317886;-0.0772729;-3.94876
-39.5482;-216.598;0.0199876;0.0349682;-0.0894047;-4.16897
-30.7227;-216.598;0.0559018;0.0384861;-0.101219;-4.34976
-21.8972;-216.598;0.0952491;0.0431542;-0.112886;-4.48866
-13.0718;-216.598;0.135929;0.0499277;-0.123899;-4.58413
-4.24634;-216.598;0.161466;0.0556102;-0.129254;-4.6252
4.57912;-216.598;0.151133;0.0561798;-0.129632;-4.61311
13.4046;-216.598;0.13946;0.0522903;-0.122324;-4.55495
22.23;-216.598;0.120239;0.0509908;-0.10153;-4.43282
31.0555;-216.598;0.0958551;0.0500025;-0.0720466;-4.25653
39.8809;-216.598;0.104025;0.0499018;-0.0425019;-4.07367
48.7064;-216.598;0.171168;0.051711;-0.0160834;-3.90891
57.5318;-216.598;0.285476;0.0552986;0.00782341;-3.74212
66.3573;-216.598;0.389844;0.0602566;0.0315241;-3.52037
75.1828;-216.598;0.473421;0.0583297;0.0499234;-3.25076
84.0082;-216.598;0.56478;0.0592072;0.0611218;-2.98844
92.8337;-216.598;0.660815;0.0597576;0.0584688;-2.69108
101.659;-216.598;0.730768;0.0567375;0.0500795;-2.32119
110.485;-216.598;0.718139;0.0533031;0.0373475;-1.86028
-83.6754;-225.423;-0.133148;0.0286586;-0.0125396;-1.64291
-74.85;-225.423;-0.0454036;0.0302981;-0.0174539;-2.02695
-66.0245;-225.423;-0.0131855;0.0328692;-0.0263956;-2.36937
-57.1991;-225.423;-0.0169903;0.0328343;-0.0350353;-2.6576
-48.3736;-225.423;-0.03701;0.0314212;-0.0452251;-2.91418
-39.5482;-225.423;-0.0055027;0.0334109;-0.0562026;-3.13263
-30.7227;-225.423;0.0465333;0.0391645;-0.0665932;-3.30908
-21.8972;-225.423;0.0782624;0.044139;-0.0809211;-3.44262
-13.0718;-225.423;0.0952924;0.0474838;-0.0929293;-3.52922
-4.24634;-225.423;0.0945464;0.0493462;-0.0983454;-3.56285
4.57912;-225.423;0.0654043;0.0494514;-0.100019;-3.54339
13.4046;-225.423;0.0276722;0.0453494;-0.0947738;-3.47436
22.23;-225.423;0.00210755;0.0410939;-0.0677792;-3.3375
31.0555;-225.423;0.00972294;0.0389498;-0.0332009;-3.18804
39.8809;-225.423;0.112327;0.038189;-0.00172122;-3.07504
48.7064;-225.423;0.247565;0.040119;0.0258224;-2.98628
57.5318;-225.423;0.436433;0.041718;0.0505281;-2.89082
66.3573;-225.423;0.527002;0.0503005;0.0713828;-2.71737
75.1828;-225.423;0.606364;0.0516361;0.0816467;-2.45933
84.0082;-225.423;0.686016;0.0502507;0.0763421;-2.16326
92.8337;-225.423;0.711629;0.0502246;0.070246;-1.82024
-39.5482;-234.249;0.0306207;0.0329468;-0.0204172;-2.13684
-30.7227;-234.249;0.0831289;0.0374586;-0.033511;-2.31782
-21.8972;-234.249;0.0934164;0.041955;-0.0503894;-2.44723
-13.0718;-234.249;0.0837572;0.0444206;-0.0608059;-2.51389
-4.24634;-234.249;0.0577434;0.0457903;-0.0642812;-2.52795
4.57912;-234.249;0.00689619;0.0448485;-0.0617979;-2.47912
13.4046;-234.249;-0.0793437;0.0391861;-0.0547001;-2.37654
22.23;-234.249;-0.0531941;0.0339107;-0.0250639;-2.28537
31.0555;-234.249;0.0867969;0.0343225;0.00662132;-2.26397
39.8809;-234.249;0.350686;0.0339597;0.0325918;-2.25859
48.7064;-234.249;0.536908;0.0332823;0.049518;-2.19012
57.5318;-234.249;0.540877;0.0347528;0.0586796;-2.00952
66.3573;-234.249;0.400515;0.0444165;0.0603644;-1.72196
75.1828;-234.249;0.247771;0.0471453;0.055763;-1.35596
-4.24634;-243.074;0.085174;0.0450525;-0.0272474;-1.55929
4.57912;-243.074;0.0448187;0.0447712;-0.0272418;-1.53547
13.4046;-243.074;-0.0103361;0.0384499;-0.0205164;-1.47566
22.23;-243.074;0.19242;0.0354382;0.00788138;-1.50462
31.0555;-243.074;0.548206;0.0367243;0.0388396;-1.5933
