x[mm];y[mm];z[mm];x-displacement[mm];y-displacement[mm];z-displacement[mm]
-4.24634;224.675;0.375758;0.0371766;0.0713913;-2.0852
4.57912;224.675;0.279688;0.0422417;0.0709661;-2.08258
13.4046;224.675;0.244098;0.0471695;0.0716467;-2.05954
22.23;224.675;0.214277;0.0487363;0.0665911;-1.99079
31.0555;224.675;0.169214;0.0490896;0.0619078;-1.88407
-39.5482;215.85;0.228536;0.023856;0.101688;-2.4034
-30.7227;215.85;0.132185;0.0251404;0.107842;-2.53209
-21.8972;215.85;0.00690536;0.0305145;0.100293;-2.57666
-13.0718;215.85;-0.0678567;0.0430922;0.0926877;-2.68132
-4.24634;215.85;-0.0400073;0.0483787;0.0900812;-2.78664
4.57912;215.85;-0.0137488;0.0506907;0.0963242;-2.86938
13.4046;215.85;0.00217642;0.0526449;0.104582;-2.8939
22.23;215.85;0.0324511;0.0530338;0.104738;-2.86709
31.0555;215.85;0.0670344;0.0559194;0.0996439;-2.80834
39.8809;215.85;0.0771415;0.0594603;0.0899248;-2.69422
48.7064;215.85;0.0358777;0.0616858;0.0796043;-2.52906
57.5318;215.85;-0.0227074;0.0627735;0.0697399;-2.31157
66.3573;215.85;-0.0863275;0.0621713;0.0687243;-2.06887
75.1828;215.85;-0.127406;0.0598201;0.0672894;-1.80217
-74.85;207.024;0.59461;0.0130677;0.075349;-2.30159
-66.0245;207.024;0.486612;0.0219776;0.0832129;-2.59356
-57.1991;207.024;0.307945;0.0260236;0.0958352;-2.83801
-48.3736;207.024;0.233351;0.0241246;0.110886;-3.11944
-39.5482;207.024;0.145739;0.0249649;0.122285;-3.31508
-30.7227;207.024;-0.153578;0.0299455;0.135079;-3.33597
-21.8972;207.024;-0.444783;0.0349167;0.132555;-3.26667
-13.0718;207.024;-0.518978;0.0454062;0.122277;-3.34107
-4.24634;207.024;-0.398179;0.053012;0.113617;-3.49571
4.57912;207.024;-0.29085;0.0573609;0.122447;-3.65184
13.4046;207.024;-0.188586;0.0599788;0.133176;-3.74845
22.23;207.024;-0.0832845;0.0613498;0.13441;-3.78223
31.0555;207.024;0.00173202;0.0649064;0.127463;-3.75463
39.8809;207.024;0.0396905;0.0705741;0.115604;-3.65781
48.7064;207.024;0.0246193;0.0744306;0.102457;-3.49729
57.5318;207.024;-0.0306136;0.0757074;0.0935162;-3.27396
66.3573;207.024;-0.0857333;0.0761877;0.0941596;-3.02906
75.1828;207.024;-0.119264;0.0741785;0.0945957;-2.75725
84.0082;207.024;-0.122125;0.069303;0.0882263;-2.45251
92.8337;207.024;-0.102492;0.0650731;0.072321;-2.10079
-110.152;198.199;0.893724;0.0163086;0.0448848;-1.57386
-101.326;198.199;0.790244;0.0104199;0.0606915;-2.02845
-92.5009;198.199;0.684541;0.000647343;0.0778355;-2.48236
-83.6754;198.199;0.63034;-0.00679229;0.0910877;-2.91761
-74.85;198.199;0.540479;-0.000251555;0.0998875;-3.30927
-66.0245;198.199;0.373743;0.0151638;0.104506;-3.58602
-57.1991;198.199;0.150043;0.0279797;0.115977;-3.79472
-48.3736;198.199;0.108936;0.0274009;0.125862;-4.04615
-39.5482;198.199;0.0654755;0.0293753;0.132985;-4.25275
-30.7227;198.199;-0.178439;0.034502;0.147254;-4.30499
-21.8972;198.199;-0.383967;0.0369133;0.14713;-4.28353
-13.0718;198.199;-0.404249;0.0444385;0.136338;-4.37172
-4.24634;198.199;-0.259576;0.0518343;0.1252;-4.5265
4.57912;198.199;-0.149092;0.0570202;0.133439;-4.68246
13.4046;198.199;-0.0598719;0.0624149;0.145888;-4.78448
22.23;198.199;0.00467943;0.0673587;0.149327;-4.81065
31.0555;198.199;0.0444207;0.072444;0.144371;-4.76342
39.8809;198.199;0.062254;0.0780568;0.134225;-4.6552
48.7064;198.199;0.0619776;0.0827598;0.122548;-4.49367
57.5318;198.199;0.0215814;0.0854274;0.113512;-4.26878
66.3573;198.199;-0.0206234;0.0878708;0.111881;-4.01689
75.1828;198.199;-0.044663;0.0875511;0.109373;-3.7338
84.0082;198.199;-0.0387745;0.0838807;0.102747;-3.41127
92.8337;198.199;-0.0265803;0.0780006;0.0908088;-3.05192
101.659;198.199;-0.010551;0.0729596;0.0761378;-2.65103
110.485;198.199;0.0169507;0.0659566;0.0587046;-2.22484
-110.152;189.373;0.930837;0.002646;0.0566167;-2.46771
-101.326;189.373;0.892086;-0.00233071;0.0666828;-2.96866
-92.5009;189.373;0.791371;-0.0122196;0.082932;-3.44055
-83.6754;189.373;0.655952;-0.0227755;0.105149;-3.87681
-74.85;189.373;0.473169;-0.0159962;0.119647;-4.23664
-66.0245;189.373;0.255245;0.0071233;0.128323;-4.52685
-57.1991;189.373;0.0654671;0.0255945;0.128505;-4.70182
-48.3736;189.373;0.000737889;0.0257231;0.135895;-4.93688
-39.5482;189.373;0.0191545;0.0286975;0.138861;-5.20901
-30.7227;189.373;-0.0364448;0.0359224;0.150363;-5.41492
-21.8972;189.373;-0.082711;0.0424667;0.151163;-5.53927
-13.0718;189.373;-0.0487373;0.0507075;0.142734;-5.66731
-4.24634;189.373;0.0601943;0.0581068;0.134479;-5.79757
4.57912;189.373;0.120273;0.0630092;0.142449;-5.89826
13.4046;189.373;0.149755;0.068364;0.153488;-5.92836
22.23;189.373;0.152561;0.0738722;0.158203;-5.89493
31.0555;189.373;0.146051;0.0788526;0.155351;-5.81055
39.8809;189.373;0.144224;0.0834321;0.147558;-5.68364
48.7064;189.373;0.148461;0.0881281;0.138765;-5.51129
57.5318;189.373;0.119586;0.0925034;0.130919;-5.27782
66.3573;189.373;0.0844441;0.0964753;0.125355;-5.01096
75.1828;189.373;0.0629578;0.0976856;0.119084;-4.71183
84.0082;189.373;0.0600902;0.0953095;0.1113;-4.3785
92.8337;189.373;0.0644549;0.0902748;0.102331;-4.00741
101.659;189.373;0.0664289;0.084956;0.0903241;-3.59158
110.485;189.373;0.0848117;0.0792716;0.0738006;-3.13141
119.31;189.373;0.124769;0.0707125;0.0538818;-2.66071
128.135;189.373;0.179572;0.0601734;0.0346647;-2.16861
136.961;189.373;0.201108;0.0447929;0.0128521;-1.61103
-127.803;180.548;1.05846;0.00264228;0.0301595;-2.2186
-118.977;180.548;0.997956;-0.00842002;0.0486453;-2.77031
-110.152;180.548;0.970836;-0.0152505;0.0647844;-3.31503
-101.326;180.548;0.96254;-0.022585;0.073437;-3.82084
-92.5009;180.548;0.807726;-0.0321681;0.0968416;-4.27054
-83.6754;180.548;0.539784;-0.0436522;0.132177;-4.64876
-74.85;180.548;0.348888;-0.0329956;0.149252;-5.0426
-66.0245;180.548;0.265878;-0.00194086;0.143312;-5.45871
-57.1991;180.548;0.201836;0.0214781;0.129497;-5.71854
-48.3736;180.548;0.0658138;0.0222322;0.140427;-5.95922
-39.5482;180.548;0.0982304;0.0218953;0.142937;-6.22247
-30.7227;180.548;0.155431;0.0286454;0.149865;-6.48182
-21.8972;180.548;0.209804;0.0368196;0.150551;-6.67608
-13.0718;180.548;0.26204;0.0454105;0.147032;-6.82614
-4.24634;180.548;0.305143;0.0528416;0.145448;-6.93211
4.57912;180.548;0.300953;0.0584993;0.154171;-6.98186
13.4046;180.548;0.280497;0.0669906;0.164386;-6.97104
22.23;180.548;0.257491;0.0749818;0.1692;-6.91532
31.0555;180.548;0.245243;0.0813424;0.166973;-6.82414
39.8809;180.548;0.246722;0.0865412;0.160181;-6.69417
48.7064;180.548;0.251238;0.0918396;0.153439;-6.51226
57.5318;180.548;0.224418;0.0973702;0.147364;-6.26986
66.3573;180.548;0.193296;0.101858;0.140089;-5.99357
75.1828;180.548;0.177118;0.103957;0.132301;-5.68655
84.0082;180.548;0.172933;0.103462;0.125493;-5.34265
92.8337;180.548;0.161004;0.10114;0.119395;-4.95141
101.659;180.548;0.133258;0.0982514;0.109382;-4.50301
110.485;180.548;0.128493;0.090861;0.0920499;-4.01457
119.31;180.548;0.152883;0.0809525;0.0716525;-3.51221
128.135;180.548;0.207737;0.0720112;0.0518296;-3.00882
136.961;180.548;0.270701;0.0613616;0.0330036;-2.49234
145.786;180.548;0.262011;0.0485113;0.0103009;-1.88975
154.612;180.548;0.195857;0.0286326;-0.0150402;-1.199
-136.628;171.722;1.14351;-0.010367;0.0347384;-2.44765
-127.803;171.722;1.06686;-0.0186484;0.0488682;-3.02416
-118.977;171.722;0.968487;-0.0290854;0.0687349;-3.59547
-110.152;171.722;0.91058;-0.0389864;0.087471;-4.15474
-101.326;171.722;0.8803;-0.0469583;0.095968;-4.66252
-92.5009;171.722;0.628931;-0.0585507;0.129007;-5.07797
-83.6754;171.722;0.300046;-0.0680653;0.173614;-5.45906
-74.85;171.722;0.291085;-0.0509453;0.178964;-5.91359
-66.0245;171.722;0.460908;-0.0134428;0.149103;-6.43227
-57.1991;171.722;0.522507;0.0133963;0.124791;-6.78529
-48.3736;171.722;0.364773;0.0151469;0.13969;-7.03973
-39.5482;171.722;0.305224;0.0170817;0.154564;-7.2709
-30.7227;171.722;0.324616;0.0246806;0.165885;-7.50368
-21.8972;171.722;0.359439;0.0326531;0.169215;-7.6869
-13.0718;171.722;0.375868;0.0402737;0.169571;-7.8202
-4.24634;171.722;0.361798;0.0478126;0.171531;-7.90136
4.57912;171.722;0.320094;0.0557716;0.17703;-7.9254
13.4046;171.722;0.294483;0.0660525;0.18392;-7.9078
22.23;171.722;0.285953;0.0760494;0.188374;-7.86338
31.0555;171.722;0.301115;0.084945;0.186961;-7.7897
39.8809;171.722;0.327054;0.0929568;0.181116;-7.67181
48.7064;171.722;0.33724;0.100253;0.175472;-7.49073
57.5318;171.722;0.313679;0.106336;0.169393;-7.24699
66.3573;171.722;0.294204;0.11063;0.161116;-6.97282
75.1828;171.722;0.291278;0.112606;0.152243;-6.66447
84.0082;171.722;0.287603;0.112859;0.145066;-6.30763
92.8337;171.722;0.25443;0.11268;0.139858;-5.88835
101.659;171.722;0.190846;0.113452;0.130407;-5.40516
110.485;171.722;0.172383;0.107451;0.11155;-4.8969
119.31;171.722;0.185627;0.0978318;0.0908872;-4.37728
128.135;171.722;0.211511;0.0873666;0.0728189;-3.84549
136.961;171.722;0.236322;0.0776489;0.0557442;-3.29291
145.786;171.722;0.31376;0.0635968;0.0338378;-2.71734
154.612;171.722;0.23832;0.0521767;0.0135366;-2.04244
163.437;171.722;0.0883176;0.0392278;0.00105533;-1.33394
-145.454;162.897;1.15461;-0.0172617;0.0407149;-2.57495
-136.628;162.897;1.13588;-0.0259285;0.051835;-3.2009
-127.803;162.897;1.0774;-0.0326056;0.0666566;-3.81441
-118.977;162.897;0.980421;-0.0427178;0.0865923;-4.39088
-110.152;162.897;0.914287;-0.0535907;0.104341;-4.95944
-101.326;162.897;0.871911;-0.0631085;0.111128;-5.47368
-92.5009;162.897;0.650106;-0.0742873;0.138942;-5.93265
-83.6754;162.897;0.420197;-0.0778243;0.17249;-6.36435
-74.85;162.897;0.58986;-0.0544425;0.166138;-6.87818
-66.0245;162.897;0.807345;-0.0175178;0.131577;-7.40057
-57.1991;162.897;0.779558;0.00756407;0.116973;-7.78752
-48.3736;162.897;0.601513;0.0109236;0.139887;-8.04139
-39.5482;162.897;0.529642;0.0151785;0.162419;-8.26286
-30.7227;162.897;0.517672;0.0227156;0.179628;-8.47331
-21.8972;162.897;0.500015;0.0310979;0.188351;-8.63714
-13.0718;162.897;0.463971;0.0395833;0.192707;-8.752
-4.24634;162.897;0.419105;0.0485696;0.196033;-8.82119
4.57912;162.897;0.379074;0.0588726;0.198232;-8.84695
13.4046;162.897;0.364858;0.0694397;0.201909;-8.84083
22.23;162.897;0.363894;0.0788777;0.206857;-8.8075
31.0555;162.897;0.384962;0.0893956;0.207763;-8.74036
39.8809;162.897;0.419324;0.101035;0.204826;-8.62983
48.7064;162.897;0.442699;0.110515;0.201112;-8.45651
57.5318;162.897;0.421008;0.116059;0.194327;-8.21112
66.3573;162.897;0.389526;0.120365;0.18451;-7.92097
75.1828;162.897;0.377531;0.122903;0.174538;-7.59657
84.0082;162.897;0.368036;0.124169;0.165892;-7.22619
92.8337;162.897;0.330358;0.124672;0.158425;-6.79233
101.659;162.897;0.260863;0.126748;0.148637;-6.29657
110.485;162.897;0.26187;0.122109;0.129568;-5.80144
119.31;162.897;0.299042;0.112914;0.107665;-5.29089
128.135;162.897;0.344955;0.102033;0.0868982;-4.75372
136.961;162.897;0.382717;0.0909744;0.0659824;-4.18071
145.786;162.897;0.416761;0.0784732;0.0431497;-3.57327
154.612;162.897;0.332867;0.0672817;0.0279092;-2.87883
163.437;162.897;0.230206;0.0567686;0.0240669;-2.17061
-163.105;154.071;1.20252;0.00322713;0.0237796;-1.87872
-154.279;154.071;1.13906;-0.0155197;0.0422196;-2.59328
-145.454;154.071;1.11547;-0.0293004;0.0566413;-3.28343
-136.628;154.071;1.12115;-0.0340614;0.064847;-3.93784
-127.803;154.071;1.08164;-0.0401628;0.0799209;-4.56725
-118.977;154.071;1.01224;-0.0497493;0.0983984;-5.16752
-110.152;154.071;0.97436;-0.0608452;0.112957;-5.75348
-101.326;154.071;0.972763;-0.0702003;0.115968;-6.3095
-92.5009;154.071;0.860946;-0.0761067;0.128126;-6.83303
-83.6754;154.071;0.790592;-0.0707387;0.141986;-7.31964
-74.85;154.071;0.89014;-0.0464403;0.141725;-7.87278
-66.0245;154.071;0.954122;-0.0181738;0.125402;-8.33452
-57.1991;154.071;0.857777;0.00018279;0.123251;-8.67694
-48.3736;154.071;0.692038;0.00521383;0.145985;-8.92101
-39.5482;154.071;0.652509;0.0113651;0.169212;-9.16225
-30.7227;154.071;0.644239;0.0189747;0.187838;-9.38009
-21.8972;154.071;0.627721;0.0286145;0.198143;-9.54813
-13.0718;154.071;0.58993;0.0383858;0.205124;-9.66649
-4.24634;154.071;0.53875;0.0483454;0.212082;-9.74059
4.57912;154.071;0.495007;0.060389;0.216482;-9.77512
13.4046;154.071;0.479858;0.0708286;0.220587;-9.77329
22.23;154.071;0.456536;0.0803498;0.226299;-9.73129
31.0555;154.071;0.446423;0.0925197;0.227639;-9.64629
39.8809;154.071;0.455528;0.106658;0.225802;-9.52459
48.7064;154.071;0.466134;0.117113;0.223751;-9.34607
57.5318;154.071;0.427753;0.123147;0.219021;-9.08756
66.3573;154.071;0.381533;0.12942;0.209711;-8.77811
75.1828;154.071;0.375794;0.133719;0.198401;-8.44721
84.0082;154.071;0.389735;0.136183;0.185876;-8.08352
92.8337;154.071;0.385538;0.136253;0.17307;-7.65909
101.659;154.071;0.349303;0.136209;0.162003;-7.16741
110.485;154.071;0.367342;0.131482;0.146205;-6.67923
119.31;154.071;0.416055;0.123349;0.125517;-6.16999
128.135;154.071;0.460767;0.11298;0.101451;-5.61503
136.961;154.071;0.471651;0.102049;0.0761056;-5.0045
145.786;154.071;0.468605;0.0898892;0.0539113;-4.36888
154.612;154.071;0.397623;0.0777498;0.0394653;-3.68018
163.437;154.071;0.311385;0.067049;0.0334782;-2.94558
172.263;154.071;0.253158;0.0555057;0.0319535;-2.21627
181.088;154.071;0.265392;0.040639;0.0307169;-1.44914
-171.93;145.246;1.12975;0.0100112;0.0179982;-1.77641
-163.105;145.246;1.1641;-0.00676305;0.0329956;-2.52911
-154.279;145.246;1.11817;-0.0244816;0.0502081;-3.26675
-145.454;145.246;1.09692;-0.0366764;0.064661;-3.97525
-136.628;145.246;1.09647;-0.0434664;0.0762707;-4.65268
-127.803;145.246;1.06622;-0.0501374;0.0906185;-5.30388
-118.977;145.246;1.0209;-0.0588237;0.105677;-5.9223
-110.152;145.246;0.999578;-0.0687732;0.117761;-6.5295
-101.326;145.246;1.01174;-0.0762812;0.121806;-7.12234
-92.5009;145.246;0.99025;-0.0768886;0.125669;-7.6911
-83.6754;145.246;0.99117;-0.0656535;0.132024;-8.21483
-74.85;145.246;1.00651;-0.0465728;0.134814;-8.71179
-66.0245;145.246;0.966159;-0.0274202;0.131715;-9.12947
-57.1991;145.246;0.852637;-0.0134033;0.134962;-9.45607
-48.3736;145.246;0.72729;-0.00551926;0.152029;-9.70952
-39.5482;145.246;0.702204;0.00240763;0.174169;-9.98468
-30.7227;145.246;0.69207;0.0114367;0.192151;-10.2198
-21.8972;145.246;0.674958;0.024197;0.202459;-10.3993
-13.0718;145.246;0.632476;0.0369931;0.211913;-10.5291
-4.24634;145.246;0.57001;0.048646;0.224325;-10.6086
4.57912;145.246;0.513373;0.0615649;0.233816;-10.642
13.4046;145.246;0.489802;0.07272;0.240381;-10.6331
22.23;145.246;0.459978;0.0830171;0.245067;-10.5817
31.0555;145.246;0.436727;0.0956438;0.244075;-10.4821
39.8809;145.246;0.426509;0.109214;0.240713;-10.3444
48.7064;145.246;0.420906;0.118781;0.238846;-10.1535
57.5318;145.246;0.390984;0.125559;0.2371;-9.89599
66.3573;145.246;0.366716;0.133977;0.230556;-9.59476
75.1828;145.246;0.38773;0.14056;0.220307;-9.28017
84.0082;145.246;0.431634;0.144662;0.205987;-8.93697
92.8337;145.246;0.465293;0.144602;0.189009;-8.53144
101.659;145.246;0.471788;0.143022;0.176051;-8.05467
110.485;145.246;0.488642;0.139707;0.16355;-7.56184
119.31;145.246;0.512269;0.135119;0.145117;-7.02909
128.135;145.246;0.525369;0.127078;0.120065;-6.4372
136.961;145.246;0.514664;0.115366;0.0925949;-5.79066
145.786;145.246;0.494587;0.102419;0.0702837;-5.13296
154.612;145.246;0.443393;0.0893368;0.0526159;-4.43431
163.437;145.246;0.374303;0.0767165;0.0411581;-3.7017
172.263;145.246;0.309826;0.0644877;0.0317514;-2.93104
181.088;145.246;0.303764;0.049685;0.0288636;-2.17519
189.914;145.246;0.257625;0.0313761;0.0178145;-1.33713
-171.93;136.421;1.1272;0.00407297;0.0269463;-2.38833
-163.105;136.421;1.13201;-0.0130219;0.0391473;-3.16974
-154.279;136.421;1.10889;-0.0303136;0.0558283;-3.91908
-145.454;136.421;1.0897;-0.0444397;0.0720744;-4.64522
-136.628;136.421;1.06611;-0.0553579;0.0864576;-5.34399
-127.803;136.421;1.03453;-0.0632663;0.0992842;-6.01025
-118.977;136.421;1.00021;-0.0700612;0.110351;-6.64145
-110.152;136.421;0.976495;-0.0768969;0.119415;-7.25188
-101.326;136.421;0.973718;-0.0817055;0.126052;-7.84613
-92.5009;136.421;0.979882;-0.0791556;0.130333;-8.4109
-83.6754;136.421;0.971124;-0.067212;0.138531;-8.93
-74.85;136.421;0.960534;-0.0532906;0.14318;-9.41355
-66.0245;136.421;0.908822;-0.0402027;0.145324;-9.83421
-57.1991;136.421;0.818984;-0.0283472;0.150832;-10.186
-48.3736;136.421;0.735081;-0.0177539;0.164928;-10.4835
-39.5482;136.421;0.699776;-0.00885528;0.185835;-10.7734
-30.7227;136.421;0.670017;0.00270153;0.203014;-11.0111
-21.8972;136.421;0.632726;0.0182075;0.213273;-11.1854
-13.0718;136.421;0.570894;0.032931;0.22329;-11.3071
-4.24634;136.421;0.492476;0.0456442;0.237239;-11.3769
4.57912;136.421;0.426974;0.0589812;0.250196;-11.4022
13.4046;136.421;0.408886;0.0729624;0.258648;-11.4053
22.23;136.421;0.403583;0.0862293;0.260906;-11.3753
31.0555;136.421;0.398919;0.100011;0.256013;-11.286
39.8809;136.421;0.388089;0.112777;0.249318;-11.1379
48.7064;136.421;0.371371;0.123055;0.24583;-10.936
57.5318;136.421;0.35706;0.132767;0.245373;-10.6906
66.3573;136.421;0.363845;0.142827;0.2418;-10.4088
75.1828;136.421;0.389822;0.150936;0.234373;-10.0987
84.0082;136.421;0.420866;0.156755;0.221573;-9.74181
92.8337;136.421;0.450837;0.158072;0.203634;-9.31957
101.659;136.421;0.486847;0.15725;0.188716;-8.85246
110.485;136.421;0.498685;0.155999;0.176723;-8.35291
119.31;136.421;0.494235;0.154347;0.159789;-7.79393
128.135;136.421;0.489489;0.147625;0.136381;-7.17841
136.961;136.421;0.490531;0.134513;0.109602;-6.52441
145.786;136.421;0.47703;0.120192;0.086157;-5.85564
154.612;136.421;0.443659;0.105758;0.0649698;-5.14207
163.437;136.421;0.383422;0.0929048;0.0487728;-4.3893
172.263;136.421;0.319043;0.0775276;0.0353311;-3.60823
181.088;136.421;0.290374;0.0575844;0.0246214;-2.82602
189.914;136.421;0.275553;0.0409678;0.0170519;-1.99366
-180.755;127.595;1.15316;0.0211365;0.0227398;-2.17245
-171.93;127.595;1.12186;0.00267653;0.0321839;-2.96809
-163.105;127.595;1.08813;-0.0197406;0.0498869;-3.77535
-154.279;127.595;1.07622;-0.0377077;0.0661089;-4.54445
-145.454;127.595;1.05949;-0.0548361;0.0832569;-5.29335
-136.628;127.595;1.02683;-0.0684542;0.098825;-6.01316
-127.803;127.595;0.996568;-0.0764931;0.109555;-6.69547
-118.977;127.595;0.965194;-0.0806694;0.117122;-7.3429
-110.152;127.595;0.938294;-0.0834693;0.123564;-7.96082
-101.326;127.595;0.926748;-0.0848823;0.131239;-8.55441
-92.5009;127.595;0.912986;-0.0797883;0.139331;-9.11133
-83.6754;127.595;0.881609;-0.0690354;0.148568;-9.6229
-74.85;127.595;0.858373;-0.0584208;0.152978;-10.1002
-66.0245;127.595;0.820977;-0.0490002;0.158013;-10.5308
-57.1991;127.595;0.76378;-0.0401133;0.168739;-10.9084
-48.3736;127.595;0.702799;-0.0308127;0.186765;-11.2389
-39.5482;127.595;0.660219;-0.0202246;0.206732;-11.5419
-30.7227;127.595;0.610662;-0.00427743;0.223552;-11.7879
-21.8972;127.595;0.553821;0.0141477;0.234173;-11.9714
-13.0718;127.595;0.477661;0.0310084;0.243348;-12.0946
-4.24634;127.595;0.395245;0.0458212;0.255474;-12.1591
4.57912;127.595;0.339587;0.06154;0.267462;-12.1894
13.4046;127.595;0.347598;0.0767778;0.273745;-12.2072
22.23;127.595;0.371056;0.091735;0.272944;-12.1957
31.0555;127.595;0.389171;0.107461;0.264819;-12.1167
39.8809;127.595;0.38246;0.121656;0.254147;-11.9531
48.7064;127.595;0.348047;0.135086;0.247986;-11.724
57.5318;127.595;0.304717;0.14779;0.246169;-11.4484
66.3573;127.595;0.293317;0.157168;0.244719;-11.1436
75.1828;127.595;0.271681;0.164279;0.240437;-10.7892
84.0082;127.595;0.21958;0.170753;0.230344;-10.3464
92.8337;127.595;0.172103;0.176537;0.214012;-9.84661
101.659;127.595;0.20512;0.178348;0.198019;-9.3668
110.485;127.595;0.236273;0.177149;0.184235;-8.87523
119.31;127.595;0.257112;0.175247;0.166826;-8.33275
128.135;127.595;0.297355;0.168351;0.145035;-7.75354
136.961;127.595;0.355407;0.155484;0.120022;-7.14437
145.786;127.595;0.367758;0.140949;0.0960855;-6.48221
154.612;127.595;0.339977;0.126291;0.0740837;-5.75355
163.437;127.595;0.29198;0.112657;0.0569613;-4.98894
172.263;127.595;0.250485;0.0956486;0.0416791;-4.20363
181.088;127.595;0.236302;0.0746257;0.0297037;-3.41571
189.914;127.595;0.200733;0.0575701;0.0233095;-2.59513
198.739;127.595;0.158688;0.0391768;0.0108272;-1.71099
207.565;127.595;0.395024;0.0115896;-0.0146232;-0.786863
-189.581;118.77;1.1177;0.0283383;0.0234117;-1.90195
-180.755;118.77;1.09406;0.0140226;0.0310874;-2.71388
-171.93;118.77;1.07296;-0.00744229;0.0475269;-3.54882
-163.105;118.77;1.03285;-0.0297979;0.0658436;-4.35804
-154.279;118.77;1.02052;-0.0483436;0.0819237;-5.14911
-145.454;118.77;1.01285;-0.0645038;0.0964172;-5.91572
-136.628;118.77;0.984;-0.0787446;0.111597;-6.65513
-127.803;118.77;0.957453;-0.086498;0.121011;-7.35317
-118.977;118.77;0.929682;-0.0902344;0.127597;-8.02182
-110.152;118.77;0.912249;-0.0918373;0.1328;-8.65833
-101.326;118.77;0.912634;-0.0906641;0.138764;-9.25814
-92.5009;118.77;0.882581;-0.0845998;0.146836;-9.81465
-83.6754;118.77;0.814427;-0.076987;0.156153;-10.3317
-74.85;118.77;0.763848;-0.0681943;0.161802;-10.8098
-66.0245;118.77;0.720896;-0.0596796;0.171503;-11.2475
-57.1991;118.77;0.6755;-0.0517751;0.188727;-11.6438
-48.3736;118.77;0.631181;-0.0431494;0.210747;-11.9996
-39.5482;118.77;0.602716;-0.031129;0.229538;-12.3152
-30.7227;118.77;0.572688;-0.0130331;0.242265;-12.5744
-21.8972;118.77;0.530896;0.00525657;0.25073;-12.7813
-13.0718;118.77;0.466832;0.0228043;0.257674;-12.9234
-4.24634;118.77;0.403245;0.0396477;0.26597;-12.9997
4.57912;118.77;0.370627;0.0574549;0.275453;-13.0395
13.4046;118.77;0.374062;0.073605;0.281452;-13.0567
22.23;118.77;0.36351;0.091685;0.279937;-13.0235
31.0555;118.77;0.345104;0.111053;0.269812;-12.9133
39.8809;118.77;0.30355;0.129438;0.25677;-12.7143
48.7064;118.77;0.212627;0.145855;0.248454;-12.4151
57.5318;118.77;0.0569061;0.162993;0.246518;-12.0304
66.3573;118.77;-0.0638853;0.174931;0.246132;-11.6326
75.1828;118.77;-0.112906;0.181981;0.239528;-11.2379
84.0082;118.77;-0.248958;0.193852;0.226643;-10.7268
92.8337;118.77;-0.43769;0.20017;0.209547;-10.0934
101.659;118.77;-0.480699;0.202192;0.193798;-9.5374
110.485;118.77;-0.40146;0.19939;0.180567;-9.06511
119.31;118.77;-0.283466;0.196481;0.165213;-8.59553
128.135;118.77;-0.128544;0.188691;0.146494;-8.10974
136.961;118.77;0.0234528;0.177123;0.124019;-7.5805
145.786;118.77;0.0739788;0.163142;0.101331;-6.93337
154.612;118.77;0.0753081;0.149355;0.0797213;-6.21566
163.437;118.77;0.0755436;0.134929;0.062646;-5.47247
172.263;118.77;0.0921696;0.11828;0.0479984;-4.71902
181.088;118.77;0.121932;0.098932;0.0361319;-3.95433
189.914;118.77;0.119876;0.0794031;0.027078;-3.14464
198.739;118.77;0.109778;0.0599407;0.0194326;-2.27931
207.565;118.77;0.316742;0.0320493;0.00373291;-1.38614
-189.581;109.944;1.03243;0.00980368;0.0346263;-2.41942
-180.755;109.944;0.999407;-0.00178333;0.0455897;-3.24287
-171.93;109.944;0.996469;-0.018698;0.0616246;-4.08524
-163.105;109.944;0.967239;-0.0393026;0.0785257;-4.91662
-154.279;109.944;0.957578;-0.0565763;0.0921847;-5.73147
-145.454;109.944;0.960721;-0.0705581;0.103092;-6.51635
-136.628;109.944;0.94335;-0.0863511;0.11734;-7.27536
-127.803;109.944;0.909488;-0.0979156;0.128353;-7.98949
-118.977;109.944;0.87243;-0.10523;0.138327;-8.68128
-110.152;109.944;0.854059;-0.107683;0.144937;-9.34006
-101.326;109.944;0.853912;-0.104868;0.150112;-9.95501
-92.5009;109.944;0.819751;-0.0982532;0.156855;-10.5205
-83.6754;109.944;0.757376;-0.094557;0.165494;-11.0591
-74.85;109.944;0.706286;-0.087421;0.170206;-11.5522
-66.0245;109.944;0.658474;-0.0773618;0.178954;-11.9977
-57.1991;109.944;0.619952;-0.067408;0.197682;-12.4026
-48.3736;109.944;0.595885;-0.0574431;0.222284;-12.775
-39.5482;109.944;0.576766;-0.0436414;0.240395;-13.0983
-30.7227;109.944;0.550944;-0.0246863;0.251483;-13.3672
-21.8972;109.944;0.514533;-0.00660203;0.259056;-13.5927
-13.0718;109.944;0.461198;0.0110843;0.264833;-13.7573
-4.24634;109.944;0.411489;0.0292505;0.270437;-13.8519
4.57912;109.944;0.383619;0.0492238;0.277817;-13.8981
13.4046;109.944;0.367311;0.0676758;0.284143;-13.905
22.23;109.944;0.326019;0.087131;0.284342;-13.8477
31.0555;109.944;0.278331;0.105974;0.274727;-13.7108
39.8809;109.944;0.210469;0.128154;0.260485;-13.4952
48.7064;109.944;0.104359;0.153935;0.250923;-13.1926
57.5318;109.944;-0.0354433;0.179993;0.249016;-12.8151
66.3573;109.944;-0.095118;0.19487;0.248553;-12.4522
75.1828;109.944;-0.0761973;0.203143;0.234831;-12.1066
84.0082;109.944;-0.205945;0.216334;0.210118;-11.5957
92.8337;109.944;-0.454149;0.219495;0.193733;-10.8822
101.659;109.944;-0.62332;0.221818;0.181072;-10.1972
110.485;109.944;-0.607741;0.219392;0.168286;-9.63366
119.31;109.944;-0.510044;0.215941;0.154186;-9.12369
128.135;109.944;-0.349533;0.206825;0.139728;-8.62805
136.961;109.944;-0.175447;0.197159;0.123639;-8.11318
145.786;109.944;-0.0669494;0.185232;0.107757;-7.4938
154.612;109.944;-0.01631;0.172861;0.088486;-6.80013
163.437;109.944;0.0320889;0.157198;0.070468;-6.0758
172.263;109.944;0.0823051;0.139631;0.0561031;-5.33069
181.088;109.944;0.125678;0.121088;0.0452513;-4.5604
189.914;109.944;0.154805;0.100773;0.0356814;-3.75277
198.739;109.944;0.163803;0.0773744;0.0283886;-2.90359
207.565;109.944;0.290216;0.0495087;0.0126677;-1.98531
-198.406;101.119;1.147;0.0196354;0.0242199;-2.09921
-189.581;101.119;1.04388;0.00351613;0.0374797;-2.93593
-180.755;101.119;0.983041;-0.0116596;0.0514191;-3.78111
-171.93;101.119;0.964203;-0.0292746;0.0654789;-4.62783
-163.105;101.119;0.938417;-0.0492894;0.0803535;-5.47749
-154.279;101.119;0.926309;-0.0662886;0.0929727;-6.30971
-145.454;101.119;0.917144;-0.0810597;0.102424;-7.10849
-136.628;101.119;0.881806;-0.0988281;0.115053;-7.87729
-127.803;101.119;0.821768;-0.113247;0.125963;-8.59766
-118.977;101.119;0.766645;-0.123685;0.138118;-9.30252
-110.152;101.119;0.74933;-0.127721;0.147676;-9.98407
-101.326;101.119;0.76738;-0.12404;0.154607;-10.6269
-92.5009;101.119;0.76512;-0.115793;0.161171;-11.2158
-83.6754;101.119;0.744013;-0.112511;0.169507;-11.784
-74.85;101.119;0.701561;-0.105733;0.173512;-12.3016
-66.0245;101.119;0.647384;-0.0951534;0.180605;-12.7626
-57.1991;101.119;0.592339;-0.0836334;0.19896;-13.175
-48.3736;101.119;0.549457;-0.0713428;0.224307;-13.549
-39.5482;101.119;0.527716;-0.0553704;0.24288;-13.8748
-30.7227;101.119;0.511535;-0.0354048;0.254151;-14.1516
-21.8972;101.119;0.489405;-0.0165403;0.26289;-14.3908
-13.0718;101.119;0.459138;0.00172769;0.269607;-14.5754
-4.24634;101.119;0.43005;0.0205387;0.275278;-14.69
4.57912;101.119;0.408029;0.0411546;0.281714;-14.7488
13.4046;101.119;0.385235;0.0604828;0.287836;-14.7582
22.23;101.119;0.339027;0.0786447;0.290988;-14.7004
31.0555;101.119;0.281757;0.0949821;0.284146;-14.5585
39.8809;101.119;0.216035;0.123142;0.268702;-14.3517
48.7064;101.119;0.170724;0.163873;0.255067;-14.1183
57.5318;101.119;0.187875;0.202326;0.249171;-13.876
66.3573;101.119;0.30281;0.221183;0.246998;-13.6511
75.1828;101.119;0.377268;0.231936;0.226341;-13.3477
84.0082;101.119;0.275398;0.241829;0.195184;-12.8314
92.8337;101.119;0.0372399;0.244187;0.177383;-12.1081
101.659;101.119;-0.198252;0.248689;0.165575;-11.3593
110.485;101.119;-0.251137;0.246693;0.151968;-10.7073
119.31;101.119;-0.217901;0.241564;0.13869;-10.1075
128.135;101.119;-0.134608;0.233305;0.128605;-9.52842
136.961;101.119;-0.0351562;0.225704;0.119655;-8.93789
145.786;101.119;0.0491776;0.215356;0.110018;-8.27648
154.612;101.119;0.0974265;0.202342;0.0947487;-7.55543
163.437;101.119;0.145832;0.184915;0.0774088;-6.80653
172.263;101.119;0.175609;0.166534;0.0618101;-6.02505
181.088;101.119;0.177583;0.148574;0.0489624;-5.20538
189.914;101.119;0.176825;0.127388;0.0358342;-4.35105
198.739;101.119;0.221702;0.0972961;0.0251273;-3.47314
207.565;101.119;0.282995;0.0664388;0.0131832;-2.53716
-198.406;92.2933;1.18437;0.0242742;0.0194866;-2.59089
-189.581;92.2933;1.07497;0.00889533;0.0325551;-3.44814
-180.755;92.2933;0.998286;-0.0155729;0.0504066;-4.30652
-171.93;92.2933;0.968392;-0.0380908;0.0649287;-5.16584
-163.105;92.2933;0.945304;-0.0588505;0.0783978;-6.02646
-154.279;92.2933;0.914747;-0.0770261;0.0923459;-6.86653
-145.454;92.2933;0.871873;-0.0934982;0.103475;-7.67449
-136.628;92.2933;0.808397;-0.111638;0.114559;-8.45088
-127.803;92.2933;0.736524;-0.127053;0.122548;-9.18439
-118.977;92.2933;0.687129;-0.139508;0.134759;-9.91128
-110.152;92.2933;0.680305;-0.14501;0.147265;-10.6182
-101.326;92.2933;0.707287;-0.141057;0.156824;-11.2884
-92.5009;92.2933;0.729098;-0.131168;0.164313;-11.9094
-83.6754;92.2933;0.727188;-0.125672;0.173927;-12.5017
-74.85;92.2933;0.698585;-0.11811;0.180483;-13.0411
-66.0245;92.2933;0.649578;-0.108046;0.187686;-13.5211
-57.1991;92.2933;0.584156;-0.0968946;0.204613;-13.9452
-48.3736;92.2933;0.523727;-0.083365;0.227909;-14.3295
-39.5482;92.2933;0.499115;-0.0652978;0.246674;-14.6666
-30.7227;92.2933;0.497649;-0.0433357;0.259264;-14.958
-21.8972;92.2933;0.489067;-0.0219117;0.270427;-15.2134
-13.0718;92.2933;0.473797;-0.000998751;0.279491;-15.4154
-4.24634;92.2933;0.45855;0.0193235;0.286453;-15.5451
4.57912;92.2933;0.44347;0.0403037;0.292131;-15.6136
13.4046;92.2933;0.419474;0.0603131;0.296203;-15.6249
22.23;92.2933;0.379548;0.0765441;0.299728;-15.5747
31.0555;92.2933;0.32535;0.0932962;0.294547;-15.4353
39.8809;92.2933;0.261383;0.13173;0.276332;-15.2345
48.7064;92.2933;0.258426;0.18696;0.253862;-15.0455
57.5318;92.2933;0.387234;0.234691;0.237146;-14.9005
66.3573;92.2933;0.623477;0.254809;0.228292;-14.7687
75.1828;92.2933;0.720206;0.265075;0.205377;-14.4598
84.0082;92.2933;0.663598;0.269782;0.179278;-13.9427
92.8337;92.2933;0.501468;0.272406;0.16309;-13.2764
101.659;92.2933;0.323976;0.276777;0.151247;-12.565
110.485;92.2933;0.264703;0.274847;0.13622;-11.8875
119.31;92.2933;0.246117;0.267999;0.123174;-11.214
128.135;92.2933;0.243546;0.258927;0.115803;-10.5358
136.961;92.2933;0.25272;0.252153;0.109855;-9.84929
145.786;92.2933;0.275921;0.242505;0.102274;-9.11968
154.612;92.2933;0.295945;0.229036;0.0910734;-8.35218
163.437;92.2933;0.311817;0.211546;0.077609;-7.55434
172.263;92.2933;0.279589;0.193663;0.0644149;-6.70449
181.088;92.2933;0.204867;0.175137;0.0528399;-5.80526
189.914;92.2933;0.163567;0.14999;0.038722;-4.88992
198.739;92.2933;0.219303;0.116601;0.0256458;-3.98983
207.565;92.2933;0.319398;0.0856887;0.0161934;-3.08796
-216.057;83.4678;1.13471;0.0156241;0.0256062;-1.19161
-207.232;83.4678;1.22884;0.0343893;0.0113802;-2.10632
-198.406;83.4678;1.18969;0.0309453;0.0149002;-3.04734
-189.581;83.4678;1.08987;0.0149973;0.0273317;-3.93002
-180.755;83.4678;1.00692;-0.0155588;0.0469261;-4.8039
-171.93;83.4678;0.969912;-0.0427336;0.062544;-5.67358
-163.105;83.4678;0.932752;-0.0653841;0.0755382;-6.53636
-154.279;83.4678;0.868195;-0.0866281;0.0914016;-7.38407
-145.454;83.4678;0.80282;-0.105072;0.103799;-8.20611
-136.628;83.4678;0.737767;-0.121604;0.111787;-9.00046
-127.803;83.4678;0.687491;-0.135238;0.115187;-9.76373
-118.977;83.4678;0.658431;-0.146654;0.125137;-10.5137
-110.152;83.4678;0.651069;-0.151743;0.138922;-11.2383
-101.326;83.4678;0.662353;-0.148354;0.150152;-11.9259
-92.5009;83.4678;0.683476;-0.140636;0.157127;-12.5708
-83.6754;83.4678;0.679468;-0.13479;0.169386;-13.1779
-74.85;83.4678;0.662418;-0.126528;0.182682;-13.735
-66.0245;83.4678;0.631809;-0.116226;0.194146;-14.2441
-57.1991;83.4678;0.582505;-0.105145;0.2091;-14.7045
-48.3736;83.4678;0.533435;-0.0915028;0.228205;-15.1195
-39.5482;83.4678;0.515732;-0.0726947;0.245879;-15.4775
-30.7227;83.4678;0.521203;-0.0493556;0.25918;-15.7778
-21.8972;83.4678;0.51276;-0.0260136;0.270781;-16.033
-13.0718;83.4678;0.490002;-0.00225488;0.280734;-16.2328
-4.24634;83.4678;0.471441;0.0203072;0.289125;-16.3663
4.57912;83.4678;0.45748;0.0426623;0.295053;-16.4392
13.4046;83.4678;0.43093;0.065013;0.296958;-16.4502
22.23;83.4678;0.400648;0.0819493;0.29792;-16.4069
31.0555;83.4678;0.362231;0.105726;0.290664;-16.2754
39.8809;83.4678;0.290612;0.15561;0.267385;-16.0598
48.7064;83.4678;0.254512;0.215441;0.234958;-15.8137
57.5318;83.4678;0.330559;0.259706;0.206672;-15.5913
66.3573;83.4678;0.515635;0.275787;0.190368;-15.3908
75.1828;83.4678;0.601666;0.288985;0.173925;-15.0645
84.0082;83.4678;0.587479;0.297814;0.159972;-14.5919
92.8337;83.4678;0.540979;0.303553;0.151173;-14.0341
101.659;83.4678;0.517455;0.305602;0.140231;-13.4329
110.485;83.4678;0.51399;0.303286;0.122495;-12.7884
119.31;83.4678;0.475877;0.296025;0.106765;-12.0866
128.135;83.4678;0.439115;0.285092;0.0983582;-11.3552
136.961;83.4678;0.419938;0.276976;0.0907338;-10.621
145.786;83.4678;0.422525;0.265443;0.0820312;-9.85548
154.612;83.4678;0.436878;0.250158;0.0734745;-9.05742
163.437;83.4678;0.427536;0.233182;0.0655554;-8.21579
172.263;83.4678;0.334556;0.217933;0.0574113;-7.3037
181.088;83.4678;0.206021;0.200937;0.0487647;-6.35027
189.914;83.4678;0.188932;0.172018;0.0361825;-5.42706
198.739;83.4678;0.273545;0.135219;0.0207772;-4.52617
207.565;83.4678;0.415942;0.100961;0.0078053;-3.63861
216.39;83.4678;0.529988;0.0691069;0.00190399;-2.70195
225.215;83.4678;0.556288;0.0419161;0.00959298;-1.73135
-216.057;74.6423;1.12691;0.00889064;0.026532;-1.59927
-207.232;74.6423;1.19548;0.0329893;0.0140242;-2.53416
-198.406;74.6423;1.1683;0.0399339;0.0101298;-3.46378
-189.581;74.6423;1.06752;0.0172969;0.0234112;-4.36225
-180.755;74.6423;1.00125;-0.0136892;0.0404224;-5.2496
-171.93;74.6423;0.963353;-0.0416178;0.0553015;-6.13358
-163.105;74.6423;0.902282;-0.0655895;0.0673359;-6.99972
-154.279;74.6423;0.808838;-0.0902191;0.0826925;-7.8655
-145.454;74.6423;0.749486;-0.11023;0.0931019;-8.71412
-136.628;74.6423;0.711142;-0.125116;0.0964875;-9.54084
-127.803;74.6423;0.70024;-0.135913;0.0949771;-10.3437
-118.977;74.6423;0.678856;-0.144267;0.101939;-11.1144
-110.152;74.6423;0.645277;-0.14708;0.114617;-11.8459
-101.326;74.6423;0.6246;-0.144483;0.12459;-12.5442
-92.5009;74.6423;0.635026;-0.142162;0.129388;-13.2157
-83.6754;74.6423;0.634419;-0.139816;0.143807;-13.8416
-74.85;74.6423;0.617016;-0.13261;0.163209;-14.4155
-66.0245;74.6423;0.604412;-0.121086;0.179504;-14.9496
-57.1991;74.6423;0.585235;-0.10894;0.192053;-15.4381
-48.3736;74.6423;0.565567;-0.0954826;0.205391;-15.885
-39.5482;74.6423;0.56135;-0.0777402;0.219581;-16.272
-30.7227;74.6423;0.554256;-0.0538683;0.233419;-16.5885
-21.8972;74.6423;0.531577;-0.0279479;0.24743;-16.8534
-13.0718;74.6423;0.48706;-0.000774545;0.260641;-17.0499
-4.24634;74.6423;0.448874;0.0246039;0.270878;-17.1807
4.57912;74.6423;0.423362;0.0491552;0.275145;-17.2517
13.4046;74.6423;0.39967;0.0746721;0.271593;-17.2635
22.23;74.6423;0.396825;0.096178;0.266456;-17.2269
31.0555;74.6423;0.402012;0.131031;0.251952;-17.1155
39.8809;74.6423;0.3705;0.188817;0.224248;-16.9131
48.7064;74.6423;0.346608;0.246274;0.192214;-16.6409
57.5318;74.6423;0.377197;0.282222;0.166476;-16.3352
66.3573;74.6423;0.454387;0.296569;0.150057;-16.0109
75.1828;74.6423;0.48965;0.311614;0.139671;-15.6253
84.0082;74.6423;0.493512;0.322073;0.134278;-15.1566
92.8337;74.6423;0.501657;0.328916;0.131038;-14.6369
101.659;74.6423;0.527678;0.331037;0.121598;-14.0699
110.485;74.6423;0.545655;0.328006;0.102862;-13.4356
119.31;74.6423;0.508302;0.320911;0.0852893;-12.7224
128.135;74.6423;0.475845;0.311637;0.0756145;-11.9889
136.961;74.6423;0.470008;0.302196;0.0678312;-11.2487
145.786;74.6423;0.4926;0.287813;0.060009;-10.4769
154.612;74.6423;0.523872;0.270088;0.0532002;-9.66701
163.437;74.6423;0.535088;0.251589;0.0505814;-8.82108
172.263;74.6423;0.478652;0.235615;0.0484046;-7.91866
181.088;74.6423;0.406547;0.217823;0.0443762;-6.9879
189.914;74.6423;0.426622;0.187202;0.0346039;-6.07066
198.739;74.6423;0.528834;0.149527;0.0214015;-5.16608
207.565;74.6423;0.613743;0.11465;0.00860976;-4.2343
216.39;74.6423;0.669831;0.08118;0.00360052;-3.23504
225.215;74.6423;0.677051;0.0521262;0.0132299;-2.23763
-216.057;65.8169;1.12026;0.0147653;0.0247587;-1.93636
-207.232;65.8169;1.14879;0.0327482;0.0186378;-2.91008
-198.406;65.8169;1.11237;0.0379885;0.0132777;-3.83203
-189.581;65.8169;1.02263;0.0121275;0.0212998;-4.75152
-180.755;65.8169;0.985267;-0.0150561;0.030047;-5.65379
-171.93;65.8169;0.966638;-0.0394051;0.0391524;-6.5723
-163.105;65.8169;0.909916;-0.0621591;0.0468307;-7.46784
-154.279;65.8169;0.829678;-0.0864001;0.0564715;-8.36277
-145.454;65.8169;0.798192;-0.10502;0.0613212;-9.2378
-136.628;65.8169;0.778588;-0.119797;0.0611294;-10.0922
-127.803;65.8169;0.784552;-0.130882;0.0565542;-10.924
-118.977;65.8169;0.751508;-0.139512;0.0620396;-11.7124
-110.152;65.8169;0.692443;-0.141968;0.072949;-12.4478
-101.326;65.8169;0.662609;-0.138869;0.0791763;-13.1521
-92.5009;65.8169;0.68874;-0.136661;0.0805688;-13.8407
-83.6754;65.8169;0.691828;-0.136677;0.0916076;-14.4893
-74.85;65.8169;0.672613;-0.134258;0.112515;-15.0881
-66.0245;65.8169;0.654771;-0.123932;0.133873;-15.6422
-57.1991;65.8169;0.633932;-0.11047;0.1477;-16.1412
-48.3736;65.8169;0.619889;-0.0958056;0.15813;-16.6092
-39.5482;65.8169;0.623162;-0.0793782;0.169219;-17.0308
-30.7227;65.8169;0.623151;-0.0579614;0.18529;-17.3837
-21.8972;65.8169;0.626601;-0.0317244;0.204506;-17.6893
-13.0718;65.8169;0.605253;-0.00345216;0.224272;-17.9165
-4.24634;65.8169;0.575321;0.02261;0.237507;-18.0644
4.57912;65.8169;0.546362;0.0475778;0.24044;-18.1361
13.4046;65.8169;0.524707;0.0745856;0.234079;-18.1408
22.23;65.8169;0.536323;0.101342;0.22558;-18.104
31.0555;65.8169;0.559342;0.150299;0.203039;-17.998
39.8809;65.8169;0.575888;0.216927;0.173068;-17.8304
48.7064;65.8169;0.645703;0.273532;0.148684;-17.6342
57.5318;65.8169;0.755603;0.306086;0.135233;-17.3879
66.3573;65.8169;0.789301;0.325508;0.126156;-17.0148
75.1828;65.8169;0.739683;0.342952;0.118041;-16.5344
84.0082;65.8169;0.701998;0.352033;0.113283;-16.0043
92.8337;65.8169;0.696709;0.355632;0.109851;-15.4452
101.659;65.8169;0.712534;0.355544;0.102874;-14.8464
110.485;65.8169;0.716904;0.352092;0.0891689;-14.1819
119.31;65.8169;0.677992;0.344769;0.0733161;-13.446
128.135;65.8169;0.6463;0.336006;0.0638064;-12.7016
136.961;65.8169;0.631982;0.32447;0.058057;-11.9314
145.786;65.8169;0.636878;0.308931;0.0518818;-11.1214
154.612;65.8169;0.65845;0.29077;0.0454353;-10.2803
163.437;65.8169;0.666517;0.272284;0.0424296;-9.41784
172.263;65.8169;0.64572;0.255186;0.0408539;-8.52269
181.088;65.8169;0.625726;0.235485;0.038972;-7.60737
189.914;65.8169;0.650443;0.20331;0.0312754;-6.67563
198.739;65.8169;0.719918;0.16702;0.0221014;-5.7405
207.565;65.8169;0.772802;0.132701;0.0155667;-4.77368
216.39;65.8169;0.792541;0.0983169;0.0149746;-3.76173
225.215;65.8169;0.789353;0.0690645;0.0223039;-2.70262
234.041;65.8169;0.857881;0.0448081;0.0263662;-1.59235
-216.057;56.9914;1.09132;0.023906;0.0218683;-2.23647
-207.232;56.9914;1.09696;0.0336529;0.0188718;-3.22024
-198.406;56.9914;1.03282;0.0315465;0.0152859;-4.14936
-189.581;56.9914;0.945366;0.00126458;0.0196658;-5.09096
-180.755;56.9914;0.929629;-0.0234188;0.0213603;-6.00926
-171.93;56.9914;0.940946;-0.0440434;0.0229401;-6.95063
-163.105;56.9914;0.927983;-0.064142;0.02377;-7.88394
-154.279;56.9914;0.905055;-0.0843122;0.0252476;-8.81761
-145.454;56.9914;0.912293;-0.0999157;0.0243752;-9.73173
-136.628;56.9914;0.897163;-0.114259;0.0226481;-10.6108
-127.803;56.9914;0.874911;-0.129675;0.0229995;-11.4606
-118.977;56.9914;0.825809;-0.141888;0.0314554;-12.2631
-110.152;56.9914;0.764951;-0.145134;0.0424778;-13.0088
-101.326;56.9914;0.739045;-0.140631;0.0471785;-13.7269
-92.5009;56.9914;0.772876;-0.13597;0.0479703;-14.4308
-83.6754;56.9914;0.783145;-0.135872;0.0578672;-15.1094
-74.85;56.9914;0.763011;-0.136813;0.0770446;-15.7407
-66.0245;56.9914;0.728803;-0.130991;0.0978461;-16.3102
-57.1991;56.9914;0.69062;-0.119003;0.11283;-16.8176
-48.3736;56.9914;0.67462;-0.10369;0.124799;-17.3046
-39.5482;56.9914;0.690995;-0.0871169;0.136644;-17.7648
-30.7227;56.9914;0.70422;-0.0660716;0.152598;-18.1562
-21.8972;56.9914;0.730038;-0.0382361;0.174643;-18.5001
-13.0718;56.9914;0.738211;-0.00891667;0.196247;-18.7652
-4.24634;56.9914;0.724077;0.0178195;0.210411;-18.9306
4.57912;56.9914;0.687946;0.0407709;0.216409;-18.9979
13.4046;56.9914;0.650439;0.0632852;0.217165;-18.9931
22.23;56.9914;0.667564;0.0938029;0.209904;-18.9601
31.0555;56.9914;0.697511;0.158732;0.181891;-18.845
39.8809;56.9914;0.727808;0.239522;0.150133;-18.6681
48.7064;56.9914;0.816947;0.300895;0.129518;-18.4774
57.5318;56.9914;0.927424;0.332379;0.121024;-18.2278
66.3573;56.9914;0.931704;0.353306;0.115251;-17.8251
75.1828;56.9914;0.832194;0.371515;0.110042;-17.2806
84.0082;56.9914;0.788661;0.378221;0.104008;-16.7114
92.8337;56.9914;0.792258;0.379967;0.0982586;-16.1344
101.659;56.9914;0.817246;0.380478;0.09262;-15.5316
110.485;56.9914;0.832391;0.378713;0.0844735;-14.8649
119.31;56.9914;0.78495;0.371165;0.0736264;-14.0973
128.135;56.9914;0.736788;0.360969;0.0645651;-13.3115
136.961;56.9914;0.7044;0.349468;0.0579387;-12.5071
145.786;56.9914;0.696779;0.334421;0.0509938;-11.6727
154.612;56.9914;0.717658;0.316587;0.0440186;-10.8175
163.437;56.9914;0.739117;0.298208;0.0403077;-9.95084
172.263;56.9914;0.740678;0.280237;0.0384049;-9.04836
181.088;56.9914;0.735965;0.257844;0.0368255;-8.11565
189.914;56.9914;0.746291;0.222919;0.0310263;-7.15303
198.739;56.9914;0.786065;0.186109;0.0247328;-6.19263
207.565;56.9914;0.829952;0.151343;0.022566;-5.21435
216.39;56.9914;0.858795;0.116465;0.0242538;-4.19723
225.215;56.9914;0.879561;0.0822777;0.026986;-3.11399
234.041;56.9914;0.956958;0.0567191;0.0308971;-1.9954
-224.883;48.166;1.06381;0.0376429;0.0173328;-1.54161
-216.057;48.166;1.06689;0.0271341;0.0183147;-2.5036
-207.232;48.166;1.05918;0.0299479;0.0163482;-3.46775
-198.406;48.166;0.954028;0.0168324;0.0159072;-4.42155
-189.581;48.166;0.87483;-0.0129793;0.0186328;-5.38286
-180.755;48.166;0.858174;-0.0388658;0.0179395;-6.33683
-171.93;48.166;0.857739;-0.0629933;0.0174274;-7.30312
-163.105;48.166;0.85302;-0.0852932;0.016412;-8.2657
-154.279;48.166;0.870718;-0.101872;0.0127607;-9.21809
-145.454;48.166;0.921805;-0.112483;0.00681049;-10.1491
-136.628;48.166;0.894862;-0.124002;0.00703973;-11.0269
-127.803;48.166;0.848546;-0.140077;0.0118566;-11.8771
-118.977;48.166;0.795662;-0.153587;0.0234736;-12.6897
-110.152;48.166;0.757496;-0.158596;0.0355102;-13.4604
-101.326;48.166;0.756007;-0.155275;0.0406738;-14.2127
-92.5009;48.166;0.790202;-0.14872;0.0409344;-14.9458
-83.6754;48.166;0.806275;-0.144112;0.0473897;-15.64
-74.85;48.166;0.774131;-0.14679;0.0632925;-16.2866
-66.0245;48.166;0.722541;-0.144359;0.0823839;-16.8694
-57.1991;48.166;0.679461;-0.134651;0.0996826;-17.4057
-48.3736;48.166;0.67987;-0.119598;0.115373;-17.9378
-39.5482;48.166;0.721992;-0.100944;0.130399;-18.4534
-30.7227;48.166;0.747997;-0.0778766;0.146828;-18.8789
-21.8972;48.166;0.763623;-0.0491272;0.165594;-19.2342
-13.0718;48.166;0.780022;-0.0189876;0.182221;-19.5148
-4.24634;48.166;0.775986;0.0102234;0.195323;-19.6874
4.57912;48.166;0.751009;0.0322205;0.205974;-19.7617
13.4046;48.166;0.730967;0.0518994;0.214276;-19.7743
22.23;48.166;0.761595;0.0939541;0.20688;-19.7605
31.0555;48.166;0.792619;0.176072;0.178773;-19.6426
39.8809;48.166;0.823484;0.265817;0.149189;-19.4461
48.7064;48.166;0.892501;0.326608;0.130742;-19.2146
57.5318;48.166;0.958623;0.354555;0.121441;-18.9068
66.3573;48.166;0.934247;0.374614;0.112202;-18.4653
75.1828;48.166;0.82986;0.393805;0.104141;-17.897
84.0082;48.166;0.789482;0.401233;0.0963317;-17.3074
92.8337;48.166;0.790305;0.402196;0.0894779;-16.7039
101.659;48.166;0.815422;0.400664;0.08443;-16.0772
110.485;48.166;0.842251;0.398381;0.0802841;-15.4024
119.31;48.166;0.792912;0.389483;0.0748215;-14.5983
128.135;48.166;0.731733;0.37791;0.0668755;-13.767
136.961;48.166;0.693333;0.366223;0.058669;-12.9375
145.786;48.166;0.6932;0.353256;0.0500757;-12.1082
154.612;48.166;0.729869;0.338361;0.0428121;-11.2709
163.437;48.166;0.783083;0.320737;0.0392015;-10.4175
172.263;48.166;0.793743;0.301145;0.0370619;-9.49454
181.088;48.166;0.774467;0.275766;0.0366464;-8.52067
189.914;48.166;0.756993;0.238803;0.0330074;-7.51725
198.739;48.166;0.785683;0.199706;0.0276853;-6.53896
207.565;48.166;0.839869;0.163583;0.0251218;-5.55652
216.39;48.166;0.895652;0.127456;0.0258542;-4.5456
225.215;48.166;0.945642;0.089889;0.0270831;-3.48541
234.041;48.166;1.00101;0.0595391;0.0302316;-2.37777
-224.883;39.3405;1.00932;0.0404784;0.0172166;-1.7511
-216.057;39.3405;1.0033;0.0286022;0.0180742;-2.73211
-207.232;39.3405;0.963398;0.0200917;0.0175374;-3.70048
-198.406;39.3405;0.873102;7.39951e-05;0.0187691;-4.66314
-189.581;39.3405;0.837556;-0.0279723;0.0198579;-5.64712
-180.755;39.3405;0.834663;-0.0541678;0.0181406;-6.64206
-171.93;39.3405;0.820363;-0.0792465;0.0161328;-7.62017
-163.105;39.3405;0.809218;-0.103333;0.013023;-8.59696
-154.279;39.3405;0.840395;-0.119726;0.00585243;-9.557
-145.454;39.3405;0.891338;-0.127737;-0.002175;-10.4896
-136.628;39.3405;0.844787;-0.134859;0.000203181;-11.3555
-127.803;39.3405;0.771562;-0.148169;0.00775033;-12.2028
-118.977;39.3405;0.732236;-0.161085;0.0191672;-13.027
-110.152;39.3405;0.725521;-0.168794;0.0297218;-13.8263
-101.326;39.3405;0.736193;-0.170217;0.0359151;-14.6141
-92.5009;39.3405;0.752029;-0.166429;0.0378197;-15.3761
-83.6754;39.3405;0.7599;-0.158963;0.0420235;-16.0866
-74.85;39.3405;0.732953;-0.158363;0.0526883;-16.7489
-66.0245;39.3405;0.686689;-0.156353;0.0696838;-17.3548
-57.1991;39.3405;0.655393;-0.14851;0.0877335;-17.934
-48.3736;39.3405;0.682302;-0.134266;0.10397;-18.5145
-39.5482;39.3405;0.755528;-0.1139;0.119082;-19.0797
-30.7227;39.3405;0.796349;-0.0902341;0.13695;-19.5386
-21.8972;39.3405;0.79118;-0.064603;0.15632;-19.9031
-13.0718;39.3405;0.806507;-0.0363268;0.171706;-20.1889
-4.24634;39.3405;0.81822;-0.00552319;0.187499;-20.3801
4.57912;39.3405;0.830384;0.02107;0.201669;-20.4933
13.4046;39.3405;0.859274;0.0535982;0.206998;-20.5658
22.23;39.3405;0.916367;0.120373;0.192223;-20.5928
31.0555;39.3405;0.97782;0.218087;0.165707;-20.5096
39.8809;39.3405;1.07228;0.301767;0.144466;-20.3568
48.7064;39.3405;1.14421;0.350896;0.131148;-20.1062
57.5318;39.3405;1.14797;0.374497;0.120355;-19.7258
66.3573;39.3405;1.06754;0.395474;0.104296;-19.2111
75.1828;39.3405;0.956268;0.414855;0.0890346;-18.6007
84.0082;39.3405;0.881232;0.4253;0.0796909;-17.962
92.8337;39.3405;0.836825;0.428738;0.074029;-17.3033
101.659;39.3405;0.828571;0.427039;0.0704255;-16.6262
110.485;39.3405;0.84452;0.424798;0.0694181;-15.9238
119.31;39.3405;0.808106;0.415488;0.0677866;-15.0966
128.135;39.3405;0.753561;0.400596;0.0608627;-14.2265
136.961;39.3405;0.723442;0.384997;0.0521909;-13.3697
145.786;39.3405;0.734529;0.37026;0.0437511;-12.5352
154.612;39.3405;0.784068;0.354431;0.0374313;-11.7014
163.437;39.3405;0.865232;0.333202;0.0339392;-10.8472
172.263;39.3405;0.887977;0.308935;0.0313751;-9.90412
181.088;39.3405;0.854081;0.278139;0.0331422;-8.88545
189.914;39.3405;0.805222;0.242183;0.0318233;-7.84244
198.739;39.3405;0.832922;0.205244;0.0277482;-6.85174
207.565;39.3405;0.888458;0.171044;0.0244553;-5.86254
216.39;39.3405;0.95912;0.134675;0.0238767;-4.84391
225.215;39.3405;0.991232;0.0930659;0.0227389;-3.77392
234.041;39.3405;0.933845;0.0557851;0.0220481;-2.66333
-224.883;30.5151;0.99057;0.0349824;0.0218093;-1.97426
-216.057;30.5151;0.981583;0.0229357;0.0213519;-2.98166
-207.232;30.5151;0.931365;0.00967559;0.020682;-3.9498
-198.406;30.5151;0.872733;-0.0127688;0.0215867;-4.92554
-189.581;30.5151;0.887535;-0.036437;0.0204852;-5.91362
-180.755;30.5151;0.895695;-0.0600065;0.0172793;-6.9233
-171.93;30.5151;0.873821;-0.0824747;0.0129752;-7.90099
-163.105;30.5151;0.851353;-0.107125;0.00696337;-8.88373
-154.279;30.5151;0.862394;-0.127666;-0.0018943;-9.85219
-145.454;30.5151;0.885473;-0.137968;-0.0089142;-10.7783
-136.628;30.5151;0.825808;-0.142766;-0.00530066;-11.6411
-127.803;30.5151;0.744925;-0.153337;0.00129491;-12.4952
-118.977;30.5151;0.719986;-0.164508;0.00882041;-13.3359
-110.152;30.5151;0.725504;-0.173511;0.0157574;-14.1573
-101.326;30.5151;0.72966;-0.179034;0.0226116;-14.9683
-92.5009;30.5151;0.7258;-0.179084;0.0278349;-15.7573
-83.6754;30.5151;0.724869;-0.171469;0.0326776;-16.4971
-74.85;30.5151;0.716772;-0.165572;0.0390679;-17.1815
-66.0245;30.5151;0.687583;-0.162386;0.0531665;-17.8172
-57.1991;30.5151;0.672537;-0.155758;0.0695449;-18.435
-48.3736;30.5151;0.721677;-0.142409;0.0836354;-19.0537
-39.5482;30.5151;0.820896;-0.121074;0.0963408;-19.6634
-30.7227;30.5151;0.88652;-0.0976181;0.113341;-20.1711
-21.8972;30.5151;0.890989;-0.0750719;0.134506;-20.5915
-13.0718;30.5151;0.928875;-0.0489669;0.154684;-20.9293
-4.24634;30.5151;0.987815;-0.0196921;0.1794;-21.175
4.57912;30.5151;1.03992;0.0143122;0.194568;-21.3097
13.4046;30.5151;1.09212;0.0728627;0.182196;-21.3999
22.23;30.5151;1.18464;0.174426;0.147755;-21.4794
31.0555;30.5151;1.36398;0.286832;0.115974;-21.5276
39.8809;30.5151;1.62341;0.353852;0.105221;-21.5318
48.7064;30.5151;1.73033;0.380171;0.101555;-21.288
57.5318;30.5151;1.66436;0.394364;0.0922192;-20.8176
66.3573;30.5151;1.50995;0.41506;0.0748861;-20.1955
75.1828;30.5151;1.34809;0.43192;0.059762;-19.4849
84.0082;30.5151;1.19468;0.443271;0.0529007;-18.7428
92.8337;30.5151;1.09034;0.44823;0.0507454;-18.0022
101.659;30.5151;1.05168;0.445919;0.0493029;-17.2625
110.485;30.5151;1.05914;0.44096;0.0505597;-16.5161
119.31;30.5151;1.03822;0.429946;0.0510889;-15.6867
128.135;30.5151;0.995221;0.412804;0.0469573;-14.7994
136.961;30.5151;0.945152;0.395541;0.041778;-13.8986
145.786;30.5151;0.905957;0.381062;0.0368217;-13.0044
154.612;30.5151;0.897856;0.365868;0.0313515;-12.1114
163.437;30.5151;0.955381;0.341512;0.0265561;-11.2161
172.263;30.5151;0.973571;0.313842;0.0227386;-10.2531
181.088;30.5151;0.932285;0.285814;0.0253455;-9.2235
189.914;30.5151;0.878759;0.253601;0.0271757;-8.16565
198.739;30.5151;0.931644;0.218011;0.0273775;-7.1858
207.565;30.5151;1.01269;0.183319;0.0259748;-6.20919
216.39;30.5151;1.07774;0.145001;0.0244359;-5.17334
225.215;30.5151;1.10827;0.0992268;0.0211319;-4.06673
234.041;30.5151;1.10455;0.0550364;0.018812;-2.93233
-224.883;21.6896;1.01462;0.0324726;0.024589;-2.15795
-216.057;21.6896;1.02081;0.0181799;0.0229306;-3.20356
-207.232;21.6896;0.977158;0.00260378;0.0224239;-4.18291
-198.406;21.6896;0.945658;-0.0203435;0.0230632;-5.17471
-189.581;21.6896;0.973677;-0.04092;0.0207439;-6.16861
-180.755;21.6896;0.979503;-0.0618236;0.0163536;-7.17759
-171.93;21.6896;0.945033;-0.0814502;0.00987883;-8.14515
-163.105;21.6896;0.90113;-0.104653;0.00154117;-9.11495
-154.279;21.6896;0.882888;-0.127769;-0.00798683;-10.0833
-145.454;21.6896;0.886958;-0.142749;-0.0137712;-11.0218
-136.628;21.6896;0.841583;-0.148379;-0.0116228;-11.9085
-127.803;21.6896;0.788218;-0.159007;-0.00970252;-12.7893
-118.977;21.6896;0.768903;-0.169067;-0.00770017;-13.653
-110.152;21.6896;0.762174;-0.177392;-0.00412478;-14.4841
-101.326;21.6896;0.752518;-0.183486;0.00235275;-15.2986
-92.5009;21.6896;0.744016;-0.184529;0.00985553;-16.098
-83.6754;21.6896;0.747503;-0.177329;0.0160507;-16.8621
-74.85;21.6896;0.754545;-0.168891;0.0214012;-17.5719
-66.0245;21.6896;0.734739;-0.16455;0.0332694;-18.2373
-57.1991;21.6896;0.728352;-0.158509;0.0482075;-18.8849
-48.3736;21.6896;0.784571;-0.146758;0.0616867;-19.5319
-39.5482;21.6896;0.895969;-0.126272;0.0746636;-20.1773
-30.7227;21.6896;1.00116;-0.101564;0.091967;-20.7459
-21.8972;21.6896;1.06984;-0.0782884;0.113191;-21.2469
-13.0718;21.6896;1.16794;-0.0533746;0.137463;-21.6821
-4.24634;21.6896;1.29043;-0.0249727;0.169973;-22.0042
4.57912;21.6896;1.29921;0.0149614;0.177368;-22.0725
13.4046;21.6896;1.235;0.0971562;0.138007;-22.0529
22.23;21.6896;1.32112;0.234123;0.0706048;-22.153
31.0555;21.6896;1.69851;0.347888;0.0291867;-22.3016
39.8809;21.6896;1.94341;0.405342;0.0227694;-22.2603
48.7064;21.6896;1.87326;0.418782;0.0258654;-21.8747
57.5318;21.6896;1.70887;0.428256;0.0273385;-21.3543
66.3573;21.6896;1.64212;0.445412;0.0273447;-20.7892
75.1828;21.6896;1.56797;0.455773;0.027701;-20.1324
84.0082;21.6896;1.38822;0.464986;0.0296278;-19.3535
92.8337;21.6896;1.24181;0.468086;0.0311173;-18.5441
101.659;21.6896;1.15467;0.465872;0.0295839;-17.7268
110.485;21.6896;1.10588;0.460252;0.0303625;-16.8966
119.31;21.6896;1.04414;0.451708;0.0307217;-16.0284
128.135;21.6896;0.987147;0.436521;0.0294435;-15.1241
136.961;21.6896;0.943352;0.417593;0.0286051;-14.2067
145.786;21.6896;0.906968;0.39986;0.027853;-13.2861
154.612;21.6896;0.882896;0.383197;0.0251627;-12.3604
163.437;21.6896;0.917764;0.35868;0.0213163;-11.433
172.263;21.6896;0.932996;0.331585;0.0175117;-10.4581
181.088;21.6896;0.881726;0.306454;0.0199563;-9.40656
189.914;21.6896;0.833287;0.276882;0.0232313;-8.33714
198.739;21.6896;0.94611;0.23925;0.0252579;-7.39734
207.565;21.6896;1.09593;0.201186;0.0246039;-6.47222
216.39;21.6896;1.20366;0.160892;0.0238032;-5.46612
225.215;21.6896;1.22865;0.11375;0.0216334;-4.35566
234.041;21.6896;1.21946;0.0641116;0.0182764;-3.16719
242.866;21.6896;0.737962;0.0322567;0.0230354;-1.90969
-224.883;12.8642;1.05612;0.0421346;0.0221595;-2.27443
-216.057;12.8642;1.06185;0.0204943;0.0203651;-3.34149
-207.232;12.8642;0.999945;0.000545825;0.0209321;-4.31667
-198.406;12.8642;0.968572;-0.0239663;0.0216101;-5.31046
-189.581;12.8642;0.981789;-0.0446223;0.0185996;-6.31749
-180.755;12.8642;0.996518;-0.0655717;0.0145411;-7.34197
-171.93;12.8642;0.943253;-0.0856305;0.00858637;-8.30037
-163.105;12.8642;0.864096;-0.107266;0.000240964;-9.25019
-154.279;12.8642;0.831519;-0.126684;-0.0101172;-10.2099
-145.454;12.8642;0.848888;-0.14179;-0.0170722;-11.1736
-136.628;12.8642;0.842674;-0.149908;-0.0199467;-12.0977
-127.803;12.8642;0.829648;-0.163378;-0.022426;-13.0145
-118.977;12.8642;0.811409;-0.175135;-0.0228871;-13.909
-110.152;12.8642;0.788221;-0.183718;-0.0206498;-14.7523
-101.326;12.8642;0.763332;-0.189734;-0.0148169;-15.574
-92.5009;12.8642;0.743872;-0.190787;-0.00746199;-16.3752
-83.6754;12.8642;0.738293;-0.183058;-0.00244721;-17.1431
-74.85;12.8642;0.752105;-0.173041;0.00249446;-17.8739
-66.0245;12.8642;0.749092;-0.165435;0.0121714;-18.5631
-57.1991;12.8642;0.750809;-0.157244;0.024475;-19.2329
-48.3736;12.8642;0.801242;-0.145446;0.0382904;-19.9004
-39.5482;12.8642;0.922001;-0.126697;0.0557091;-20.5728
-30.7227;12.8642;1.10148;-0.1034;0.0773384;-21.212
-21.8972;12.8642;1.31405;-0.0822647;0.101683;-21.8243
-13.0718;12.8642;1.48842;-0.0575796;0.125548;-22.3269
-4.24634;12.8642;1.44887;-0.0155458;0.146244;-22.5472
4.57912;12.8642;1.19981;0.0344802;0.13674;-22.3719
13.4046;12.8642;0.924123;0.123991;0.0809989;-22.1818
22.23;12.8642;0.870682;0.260474;0.00597193;-22.2181
31.0555;12.8642;1.09906;0.372788;-0.0405435;-22.2833
39.8809;12.8642;1.09734;0.43048;-0.0572491;-22.0454
48.7064;12.8642;1.0253;0.444217;-0.0609713;-21.5776
57.5318;12.8642;1.09551;0.460739;-0.0494276;-21.2052
66.3573;12.8642;1.33665;0.476944;-0.0261557;-20.8744
75.1828;12.8642;1.46785;0.482356;-0.00328922;-20.3974
84.0082;12.8642;1.32583;0.487608;0.00920821;-19.6495
92.8337;12.8642;1.14837;0.486761;0.0135208;-18.7778
101.659;12.8642;0.996261;0.483747;0.0126544;-17.8706
110.485;12.8642;0.884863;0.477785;0.0116848;-16.9624
119.31;12.8642;0.80867;0.469497;0.0126193;-16.0742
128.135;12.8642;0.788571;0.455774;0.0144148;-15.1993
136.961;12.8642;0.788863;0.438653;0.0161863;-14.312
145.786;12.8642;0.789086;0.420318;0.0169821;-13.4053
154.612;12.8642;0.789267;0.402043;0.0161664;-12.4831
163.437;12.8642;0.827617;0.378761;0.0150257;-11.5521
172.263;12.8642;0.851269;0.35384;0.0145627;-10.5782
181.088;12.8642;0.802593;0.326761;0.0182555;-9.5026
189.914;12.8642;0.764352;0.294908;0.021777;-8.41649
198.739;12.8642;0.894679;0.255594;0.0238216;-7.4778
207.565;12.8642;1.11131;0.215326;0.0230298;-6.60494
216.39;12.8642;1.26532;0.175024;0.0211158;-5.64002
225.215;12.8642;1.31563;0.130674;0.0200196;-4.53946
234.041;12.8642;1.25629;0.0854531;0.0188372;-3.32117
242.866;12.8642;1.02454;0.0459513;0.0237608;-2.0044
-233.708;4.0387;0.970567;0.0609252;0.0186971;-1.30964
-224.883;4.0387;1.05611;0.0518582;0.0169521;-2.34327
-216.057;4.0387;1.03173;0.0269809;0.017153;-3.38198
-207.232;4.0387;0.905772;-0.00471152;0.020377;-4.3641
-198.406;4.0387;0.834545;-0.0337281;0.0209701;-5.35354
-189.581;4.0387;0.852567;-0.0553107;0.0165358;-6.37337
-180.755;4.0387;0.923193;-0.0751424;0.013124;-7.4248
-171.93;4.0387;0.879887;-0.0973792;0.00933506;-8.41069
-163.105;4.0387;0.778041;-0.118587;0.00171145;-9.37896
-154.279;4.0387;0.750704;-0.129631;-0.011782;-10.3477
-145.454;4.0387;0.815251;-0.13357;-0.0245576;-11.3015
-136.628;4.0387;0.828954;-0.144628;-0.0313421;-12.2426
-127.803;4.0387;0.817705;-0.159275;-0.0346991;-13.1636
-118.977;4.0387;0.808385;-0.172621;-0.0347661;-14.0612
-110.152;4.0387;0.791061;-0.184372;-0.0291365;-14.9281
-101.326;4.0387;0.755854;-0.193282;-0.0221367;-15.7636
-92.5009;4.0387;0.710604;-0.196004;-0.0175731;-16.5632
-83.6754;4.0387;0.681998;-0.189654;-0.0174099;-17.3244
-74.85;4.0387;0.695752;-0.179325;-0.0162333;-18.0626
-66.0245;4.0387;0.714417;-0.169007;-0.00910044;-18.77
-57.1991;4.0387;0.725944;-0.157998;-0.000405262;-19.4597
-48.3736;4.0387;0.765626;-0.143929;0.0117148;-20.1433
-39.5482;4.0387;0.876335;-0.124526;0.0310883;-20.8344
-30.7227;4.0387;1.07701;-0.101582;0.0549126;-21.5136
-21.8972;4.0387;1.33105;-0.0773787;0.0796709;-22.176
-13.0718;4.0387;1.42379;-0.0424792;0.0996025;-22.6112
-4.24634;4.0387;0.79131;0.0108059;0.110787;-22.5352
4.57912;4.0387;0.165894;0.0673484;0.0876313;-22.1067
13.4046;4.0387;0.0502786;0.16124;0.0255372;-21.9805
22.23;4.0387;0.431554;0.271953;-0.040585;-22.1539
31.0555;4.0387;0.675147;0.376858;-0.0830087;-22.187
39.8809;4.0387;0.545811;0.433424;-0.10587;-21.8089
48.7064;4.0387;0.520612;0.455733;-0.114642;-21.376
57.5318;4.0387;0.733694;0.479823;-0.102252;-21.1211
66.3573;4.0387;1.08008;0.498213;-0.0713308;-20.8892
75.1828;4.0387;1.27114;0.504679;-0.037727;-20.4671
84.0082;4.0387;1.11627;0.509443;-0.0180806;-19.7005
92.8337;4.0387;0.875649;0.505625;-0.0115585;-18.7447
101.659;4.0387;0.648453;0.499786;-0.0109201;-17.7493
110.485;4.0387;0.507238;0.49258;-0.0101692;-16.8107
119.31;4.0387;0.500926;0.480617;-0.00573361;-15.9748
128.135;4.0387;0.584916;0.467607;-0.00132122;-15.1862
136.961;4.0387;0.655455;0.455332;0.000402176;-14.3602
145.786;4.0387;0.700732;0.438965;0.00111213;-13.4843
154.612;4.0387;0.735282;0.418008;0.0018016;-12.5745
163.437;4.0387;0.789184;0.394455;0.0038142;-11.6511
172.263;4.0387;0.821612;0.37013;0.00766971;-10.6776
181.088;4.0387;0.777993;0.340068;0.0135406;-9.58664
189.914;4.0387;0.736501;0.304946;0.018667;-8.4773
198.739;4.0387;0.823765;0.266175;0.0218507;-7.4883
207.565;4.0387;1.06119;0.225392;0.0212083;-6.62427
216.39;4.0387;1.23013;0.183616;0.0180803;-5.66973
225.215;4.0387;1.27151;0.140241;0.017075;-4.57133
234.041;4.0387;1.18081;0.0975438;0.0200101;-3.33244
242.866;4.0387;1.01931;0.0555083;0.0267911;-2.01792
251.692;4.0387;0.994675;0.0378515;0.0299551;-0.732632
-233.708;-4.78675;0.917463;0.0661504;0.0180662;-1.31724
-224.883;-4.78675;0.994445;0.0542601;0.0175351;-2.36139
-216.057;-4.78675;0.947679;0.026041;0.018313;-3.38548
-207.232;-4.78675;0.796723;-0.00988129;0.0214851;-4.35785
-198.406;-4.78675;0.716482;-0.0396353;0.020266;-5.338
-189.581;-4.78675;0.745535;-0.059968;0.0145526;-6.36494
-180.755;-4.78675;0.872422;-0.0796613;0.0121405;-7.44569
-171.93;-4.78675;0.889449;-0.0976824;0.00728183;-8.4664
-163.105;-4.78675;0.831692;-0.108856;-0.00462184;-9.44776
-154.279;-4.78675;0.817966;-0.112167;-0.0229119;-10.4324
-145.454;-4.78675;0.863743;-0.116415;-0.0370423;-11.3951
-136.628;-4.78675;0.845111;-0.134571;-0.0423112;-12.3484
-127.803;-4.78675;0.806519;-0.151353;-0.0441737;-13.2603
-118.977;-4.78675;0.802731;-0.164671;-0.0446172;-14.1515
-110.152;-4.78675;0.78717;-0.176489;-0.0405532;-15.0258
-101.326;-4.78675;0.743456;-0.185192;-0.0360285;-15.8658
-92.5009;-4.78675;0.683742;-0.188034;-0.034074;-16.6644
-83.6754;-4.78675;0.637338;-0.183612;-0.0351094;-17.4271
-74.85;-4.78675;0.641553;-0.174411;-0.0340419;-18.1719
-66.0245;-4.78675;0.664505;-0.164886;-0.0302121;-18.8898
-57.1991;-4.78675;0.680742;-0.154083;-0.025977;-19.5892
-48.3736;-4.78675;0.720361;-0.139721;-0.017346;-20.2805
-39.5482;-4.78675;0.81216;-0.119169;-0.00156701;-20.9623
-30.7227;-4.78675;0.966209;-0.0940398;0.0172904;-21.6049
-21.8972;-4.78675;1.14349;-0.0672095;0.0356002;-22.1822
-13.0718;-4.78675;1.04402;-0.0260379;0.0539714;-22.4492
-4.24634;-4.78675;0.161212;0.0280958;0.0658224;-22.1021
4.57912;-4.78675;-0.358994;0.0896514;0.0340355;-21.7181
13.4046;-4.78675;-0.107541;0.194277;-0.0279657;-21.9406
22.23;-4.78675;0.522532;0.292775;-0.084795;-22.3297
31.0555;-4.78675;0.672897;0.38014;-0.114953;-22.329
39.8809;-4.78675;0.508165;0.424373;-0.133719;-21.8511
48.7064;-4.78675;0.504454;0.450808;-0.142223;-21.4435
57.5318;-4.78675;0.692116;0.475813;-0.13351;-21.1648
66.3573;-4.78675;0.938002;0.496082;-0.107418;-20.8584
75.1828;-4.78675;1.04858;0.506506;-0.0755254;-20.3539
84.0082;-4.78675;0.839811;0.513979;-0.0534525;-19.5157
92.8337;-4.78675;0.531381;0.510445;-0.0452546;-18.491
101.659;-4.78675;0.27336;0.504443;-0.0429495;-17.4826
110.485;-4.78675;0.185482;0.496888;-0.039829;-16.6137
119.31;-4.78675;0.334187;0.486977;-0.0321166;-15.9345
128.135;-4.78675;0.560192;0.477304;-0.025141;-15.2676
136.961;-4.78675;0.6778;0.467748;-0.0226727;-14.4733
145.786;-4.78675;0.743401;0.452969;-0.020077;-13.6084
154.612;-4.78675;0.804416;0.429723;-0.0169311;-12.7089
163.437;-4.78675;0.873434;0.404136;-0.011787;-11.7941
172.263;-4.78675;0.901538;0.37763;-0.0055352;-10.8098
181.088;-4.78675;0.842186;0.346929;0.00234751;-9.70408
189.914;-4.78675;0.769188;0.311057;0.0107387;-8.56252
198.739;-4.78675;0.787309;0.273109;0.0169199;-7.50247
207.565;-4.78675;0.976932;0.232632;0.0179103;-6.58225
216.39;-4.78675;1.13749;0.187669;0.016617;-5.61058
225.215;-4.78675;1.1876;0.141394;0.0182772;-4.51291
234.041;-4.78675;1.10546;0.0985657;0.0246591;-3.28395
242.866;-4.78675;0.957532;0.0587092;0.0308578;-2.01267
251.692;-4.78675;0.939029;0.0388312;0.0320594;-0.75769
-233.708;-13.6122;0.91999;0.0749188;0.0220437;-1.29574
-224.883;-13.6122;0.971939;0.0626603;0.0229503;-2.36168
-216.057;-13.6122;0.930641;0.0335699;0.0245409;-3.3867
-207.232;-13.6122;0.846861;-0.00395129;0.0254159;-4.38795
-198.406;-13.6122;0.79765;-0.035072;0.0222365;-5.39203
-189.581;-13.6122;0.820681;-0.0567599;0.0152731;-6.42468
-180.755;-13.6122;0.91906;-0.0752429;0.00964604;-7.49105
-171.93;-13.6122;0.914213;-0.0872501;-0.000257123;-8.50577
-163.105;-13.6122;0.853727;-0.0896895;-0.0169364;-9.47287
-154.279;-13.6122;0.837878;-0.0909527;-0.036115;-10.4628
-145.454;-13.6122;0.867219;-0.10176;-0.0468611;-11.4455
-136.628;-13.6122;0.836473;-0.126814;-0.0483688;-12.4119
-127.803;-13.6122;0.798462;-0.143003;-0.0500822;-13.3111
-118.977;-13.6122;0.792631;-0.153242;-0.0537571;-14.1947
-110.152;-13.6122;0.765927;-0.161169;-0.0560108;-15.054
-101.326;-13.6122;0.714797;-0.16646;-0.0569704;-15.8807
-92.5009;-13.6122;0.661092;-0.167182;-0.0574884;-16.6726
-83.6754;-13.6122;0.625794;-0.163051;-0.0579167;-17.4441
-74.85;-13.6122;0.616338;-0.158253;-0.0580353;-18.1992
-66.0245;-13.6122;0.624545;-0.151398;-0.0571847;-18.9214
-57.1991;-13.6122;0.62297;-0.143318;-0.0538839;-19.6223
-48.3736;-13.6122;0.663582;-0.130104;-0.0460775;-20.3079
-39.5482;-13.6122;0.755989;-0.107108;-0.0358352;-20.9731
-30.7227;-13.6122;0.874823;-0.0771903;-0.0269686;-21.5593
-21.8972;-13.6122;0.959652;-0.0456137;-0.0191397;-22.0193
-13.0718;-13.6122;0.723583;0.00180372;-0.00628569;-22.1934
-4.24634;-13.6122;0.0637401;0.0649832;0.00126214;-21.9233
4.57912;-13.6122;-0.0101293;0.140744;-0.0321959;-21.8964
13.4046;-13.6122;0.485767;0.238642;-0.0897772;-22.3331
22.23;-13.6122;0.927745;0.322116;-0.133943;-22.6948
31.0555;-13.6122;0.845962;0.377631;-0.146473;-22.5181
39.8809;-13.6122;0.67888;0.407255;-0.156057;-21.9836
48.7064;-13.6122;0.649537;0.434543;-0.160407;-21.5537
57.5318;-13.6122;0.717417;0.45964;-0.154054;-21.1636
66.3573;-13.6122;0.799686;0.480669;-0.135911;-20.7116
75.1828;-13.6122;0.803043;0.493852;-0.111043;-20.0972
84.0082;-13.6122;0.57172;0.506291;-0.0888571;-19.223
92.8337;-13.6122;0.2536;0.509589;-0.0764177;-18.2184
101.659;-13.6122;0.0667635;0.506654;-0.0701467;-17.3162
110.485;-13.6122;0.137427;0.500843;-0.0648964;-16.623
119.31;-13.6122;0.465554;0.493126;-0.0568831;-16.104
128.135;-13.6122;0.794479;0.486379;-0.0501904;-15.5079
136.961;-13.6122;0.846945;0.47974;-0.0452473;-14.6568
145.786;-13.6122;0.868224;0.462976;-0.038564;-13.7437
154.612;-13.6122;0.955675;0.438586;-0.0325319;-12.8588
163.437;-13.6122;1.05441;0.411003;-0.0243175;-11.9667
172.263;-13.6122;1.05852;0.382493;-0.0157275;-10.963
181.088;-13.6122;0.954052;0.351002;-0.00743384;-9.82283
189.914;-13.6122;0.829417;0.31529;0.00101845;-8.63587
198.739;-13.6122;0.789595;0.277317;0.00857004;-7.51089
207.565;-13.6122;0.942183;0.234565;0.011365;-6.53775
216.39;-13.6122;1.11105;0.184272;0.0142522;-5.55125
225.215;-13.6122;1.18122;0.13391;0.0208224;-4.46208
234.041;-13.6122;1.13797;0.0932105;0.0286018;-3.26589
242.866;-13.6122;1.06152;0.0576554;0.0339318;-2.02145
-233.708;-22.4377;0.934667;0.0791609;0.0272018;-1.27131
-224.883;-22.4377;0.984004;0.077055;0.0271019;-2.3032
-216.057;-22.4377;0.938589;0.0457549;0.0288916;-3.34399
-207.232;-22.4377;0.906584;0.00790829;0.0284032;-4.3845
-198.406;-22.4377;0.920347;-0.0223303;0.0237212;-5.41853
-189.581;-22.4377;0.944129;-0.0452995;0.0170445;-6.46247
-180.755;-22.4377;0.980746;-0.0622596;0.00805745;-7.49144
-171.93;-22.4377;0.900072;-0.0700841;-0.00898421;-8.47045
-163.105;-22.4377;0.80875;-0.069972;-0.0303229;-9.40905
-154.279;-22.4377;0.797561;-0.0749023;-0.0461419;-10.4002
-145.454;-22.4377;0.834823;-0.0910621;-0.0533804;-11.3974
-136.628;-22.4377;0.830083;-0.116557;-0.0557551;-12.3812
-127.803;-22.4377;0.807489;-0.131067;-0.0605078;-13.2978
-118.977;-22.4377;0.792222;-0.138339;-0.0672665;-14.1837
-110.152;-22.4377;0.739512;-0.142834;-0.0743017;-15.0217
-101.326;-22.4377;0.675577;-0.146651;-0.0799632;-15.8273
-92.5009;-22.4377;0.636694;-0.147456;-0.083201;-16.6121
-83.6754;-22.4377;0.629255;-0.143637;-0.0847458;-17.3918
-74.85;-22.4377;0.618903;-0.14117;-0.0882562;-18.1466
-66.0245;-22.4377;0.601886;-0.13639;-0.0905382;-18.8587
-57.1991;-22.4377;0.571527;-0.129372;-0.0867192;-19.5387
-48.3736;-22.4377;0.605861;-0.116153;-0.0782459;-20.2086
-39.5482;-22.4377;0.717249;-0.0906143;-0.0727041;-20.865
-30.7227;-22.4377;0.84868;-0.0545954;-0.0742764;-21.4304
-21.8972;-22.4377;0.898937;-0.0126618;-0.0784112;-21.8511
-13.0718;-22.4377;0.698448;0.0404354;-0.07617;-22.0531
-4.24634;-22.4377;0.41487;0.101553;-0.0753032;-22.0026
4.57912;-22.4377;0.586892;0.179428;-0.108241;-22.2334
13.4046;-22.4377;0.951951;0.25306;-0.146953;-22.563
22.23;-22.4377;1.0605;0.310784;-0.166094;-22.6724
31.0555;-22.4377;0.842742;0.355416;-0.167608;-22.3554
39.8809;-22.4377;0.713007;0.389391;-0.175078;-21.8724
48.7064;-22.4377;0.690433;0.419551;-0.17705;-21.4469
57.5318;-22.4377;0.681764;0.446462;-0.171302;-20.9851
66.3573;-22.4377;0.654514;0.467499;-0.158229;-20.437
75.1828;-22.4377;0.607295;0.479035;-0.139611;-19.782
84.0082;-22.4377;0.456377;0.488701;-0.119195;-18.986
92.8337;-22.4377;0.244522;0.496312;-0.103634;-18.1097
101.659;-22.4377;0.19858;0.496427;-0.0925449;-17.3606
110.485;-22.4377;0.425991;0.492664;-0.0845928;-16.8041
119.31;-22.4377;0.853755;0.486108;-0.0788726;-16.3315
128.135;-22.4377;1.06488;0.483502;-0.0737554;-15.6588
136.961;-22.4377;0.951607;0.477725;-0.0660057;-14.679
145.786;-22.4377;0.902311;0.46037;-0.0552583;-13.7079
154.612;-22.4377;1.0172;0.43835;-0.0455652;-12.8509
163.437;-22.4377;1.18887;0.411003;-0.0337872;-12.0146
172.263;-22.4377;1.21673;0.381199;-0.0239135;-11.0327
181.088;-22.4377;1.12379;0.347651;-0.0141771;-9.90091
189.914;-22.4377;1.0137;0.310072;-0.00455032;-8.72347
198.739;-22.4377;0.979471;0.2702;0.0044495;-7.5951
207.565;-22.4377;1.08391;0.225458;0.00941863;-6.56664
216.39;-22.4377;1.21551;0.170229;0.015773;-5.51828
225.215;-22.4377;1.28015;0.119124;0.02536;-4.40932
234.041;-22.4377;1.23663;0.0812971;0.0333317;-3.24243
242.866;-22.4377;1.16117;0.0581089;0.0383759;-2.05747
-233.708;-31.2631;0.976225;0.088221;0.0343237;-1.22407
-224.883;-31.2631;0.935487;0.0734528;0.0321715;-2.23151
-216.057;-31.2631;0.883166;0.0508627;0.0316746;-3.24868
-207.232;-31.2631;0.870527;0.0141981;0.0301858;-4.31111
-198.406;-31.2631;0.933636;-0.0133454;0.0251929;-5.36697
-189.581;-31.2631;0.965484;-0.0335671;0.0175008;-6.40178
-180.755;-31.2631;0.969713;-0.0460848;0.00507945;-7.40375
-171.93;-31.2631;0.866385;-0.0503849;-0.017791;-8.37135
-163.105;-31.2631;0.775988;-0.052426;-0.0411133;-9.31892
-154.279;-31.2631;0.772905;-0.0626499;-0.0536737;-10.3116
-145.454;-31.2631;0.818168;-0.0813224;-0.0605717;-11.3068
-136.628;-31.2631;0.838813;-0.103534;-0.0680317;-12.2929
-127.803;-31.2631;0.838141;-0.117611;-0.077287;-13.2407
-118.977;-31.2631;0.811703;-0.124341;-0.0850158;-14.1246
-110.152;-31.2631;0.734414;-0.129072;-0.0926882;-14.943
-101.326;-31.2631;0.653594;-0.135456;-0.100296;-15.7276
-92.5009;-31.2631;0.618838;-0.139252;-0.106466;-16.5039
-83.6754;-31.2631;0.630641;-0.136048;-0.112386;-17.2796
-74.85;-31.2631;0.63091;-0.131262;-0.119804;-18.0195
-66.0245;-31.2631;0.591787;-0.126945;-0.124573;-18.6952
-57.1991;-31.2631;0.550376;-0.113947;-0.121684;-19.3868
-48.3736;-31.2631;0.582774;-0.0618376;-0.109788;-20.5982
-39.5482;-31.2631;0.701108;-0.0525274;-0.109903;-20.9412
-30.7227;-31.2631;0.832821;-0.0375161;-0.117877;-21.1754
-21.8972;-31.2631;0.862272;0.0140882;-0.125815;-21.5956
-13.0718;-31.2631;0.793594;0.0648269;-0.12982;-21.8278
-4.24634;-31.2631;0.695952;0.118506;-0.136749;-21.9346
4.57912;-31.2631;0.756414;0.180152;-0.156142;-22.128
13.4046;-31.2631;0.893639;0.239644;-0.174529;-22.2919
22.23;-31.2631;0.926418;0.292353;-0.183828;-22.2775
31.0555;-31.2631;0.764656;0.335197;-0.185259;-21.9778
39.8809;-31.2631;0.698891;0.36981;-0.189245;-21.5818
48.7064;-31.2631;0.683316;0.402458;-0.189592;-21.1852
57.5318;-31.2631;0.644743;0.432763;-0.184353;-20.7141
66.3573;-31.2631;0.584812;0.454908;-0.173088;-20.1431
75.1828;-31.2631;0.534326;0.46587;-0.156844;-19.4932
84.0082;-31.2631;0.472089;0.473319;-0.139313;-18.7969
92.8337;-31.2631;0.388996;0.481545;-0.121756;-18.0576
101.659;-31.2631;0.461422;0.483052;-0.107407;-17.4157
110.485;-31.2631;0.710067;0.481678;-0.0985117;-16.8772
119.31;-31.2631;1.01956;0.478401;-0.0949938;-16.3201
128.135;-31.2631;1.10897;0.475604;-0.0911112;-15.5415
136.961;-31.2631;0.917069;0.467406;-0.0804701;-14.4895
145.786;-31.2631;0.856762;0.447741;-0.067366;-13.4955
154.612;-31.2631;0.990883;0.428996;-0.0559462;-12.653
163.437;-31.2631;1.18993;0.404837;-0.0433944;-11.8388
172.263;-31.2631;1.26699;0.374246;-0.0318208;-10.9038
181.088;-31.2631;1.22426;0.338664;-0.0208666;-9.82194
189.914;-31.2631;1.15959;0.298937;-0.0109016;-8.68993
198.739;-31.2631;1.1402;0.25716;-0.000671029;-7.57668
207.565;-31.2631;1.18078;0.21174;0.00697119;-6.49282
216.39;-31.2631;1.26145;0.155091;0.0156579;-5.38719
225.215;-31.2631;1.32227;0.104888;0.0256363;-4.2676
234.041;-31.2631;1.29562;0.0683132;0.0339047;-3.09303
242.866;-31.2631;1.23039;0.0514338;0.0386263;-1.94895
-224.883;-40.0886;0.878485;0.0865676;0.0346721;-2.07487
-216.057;-40.0886;0.776793;0.0597158;0.0312176;-3.0796
-207.232;-40.0886;0.81234;0.0297311;0.0293918;-4.14076
-198.406;-40.0886;0.887623;0.000343461;0.0259986;-5.22824
-189.581;-40.0886;0.894275;-0.0180782;0.0151472;-6.25412
-180.755;-40.0886;0.878861;-0.0248226;-0.00354071;-7.24487
-171.93;-40.0886;0.837144;-0.0263577;-0.0304727;-8.21786
-163.105;-40.0886;0.799244;-0.0329737;-0.0523102;-9.19652
-154.279;-40.0886;0.793392;-0.048399;-0.0629088;-10.1772
-145.454;-40.0886;0.814337;-0.0699803;-0.071449;-11.1545
-136.628;-40.0886;0.834103;-0.0912821;-0.083231;-12.1282
-127.803;-40.0886;0.862177;-0.106004;-0.0937206;-13.0981
-118.977;-40.0886;0.843026;-0.114483;-0.100641;-13.9934
-110.152;-40.0886;0.764544;-0.123133;-0.107816;-14.8118
-101.326;-40.0886;0.674211;-0.133514;-0.116488;-15.5827
-92.5009;-40.0886;0.629524;-0.138439;-0.12599;-16.3464
-83.6754;-40.0886;0.638165;-0.133134;-0.136591;-17.1062
-74.85;-40.0886;0.635258;-0.125266;-0.146911;-17.8247
-66.0245;-40.0886;0.589351;-0.116959;-0.153207;-18.4857
-30.7227;-40.0886;0.777794;-0.018668;-0.153744;-20.8519
-21.8972;-40.0886;0.745955;0.03198;-0.158395;-21.2276
-13.0718;-40.0886;0.735334;0.0793688;-0.161409;-21.4807
-4.24634;-40.0886;0.720812;0.128194;-0.169372;-21.6535
4.57912;-40.0886;0.731063;0.181046;-0.182068;-21.7619
13.4046;-40.0886;0.746188;0.231198;-0.191338;-21.8008
22.23;-40.0886;0.729607;0.275151;-0.194675;-21.7257
31.0555;-40.0886;0.660023;0.313682;-0.197387;-21.4849
39.8809;-40.0886;0.60733;0.349059;-0.200197;-21.1464
48.7064;-40.0886;0.571975;0.382277;-0.199087;-20.76
57.5318;-40.0886;0.527565;0.413096;-0.192958;-20.2967
66.3573;-40.0886;0.483725;0.437564;-0.181919;-19.7506
75.1828;-40.0886;0.458638;0.453133;-0.167445;-19.1425
84.0082;-40.0886;0.443012;0.463795;-0.151812;-18.5133
92.8337;-40.0886;0.437177;0.469927;-0.133867;-17.8528
101.659;-40.0886;0.527062;0.472147;-0.119125;-17.2274
110.485;-40.0886;0.688307;0.472021;-0.110785;-16.6166
119.31;-40.0886;0.838679;0.469145;-0.107851;-15.9441
128.135;-40.0886;0.865206;0.463601;-0.103775;-15.1118
136.961;-40.0886;0.756769;0.451765;-0.0911165;-14.118
145.786;-40.0886;0.755945;0.431643;-0.076999;-13.1608
154.612;-40.0886;0.881961;0.414287;-0.0644192;-12.3041
163.437;-40.0886;1.04644;0.391143;-0.0519509;-11.4604
172.263;-40.0886;1.14595;0.359956;-0.0411083;-10.5499
181.088;-40.0886;1.15042;0.324773;-0.0313198;-9.52332
189.914;-40.0886;1.12767;0.286359;-0.0218493;-8.44333
198.739;-40.0886;1.11418;0.246902;-0.0111369;-7.35058
207.565;-40.0886;1.10563;0.202163;-0.00214287;-6.23442
216.39;-40.0886;1.15201;0.150151;0.00642909;-5.11686
225.215;-40.0886;1.21308;0.103719;0.0158123;-4.01574
234.041;-40.0886;1.24488;0.0703524;0.0237901;-2.88374
242.866;-40.0886;1.24717;0.0455507;0.0313994;-1.72155
-224.883;-48.914;0.865922;0.108108;0.0335881;-1.89868
-216.057;-48.914;0.72898;0.0749007;0.0273452;-2.90525
-207.232;-48.914;0.812433;0.05058;0.0267002;-3.95954
-198.406;-48.914;0.880734;0.0218955;0.0246059;-5.05722
-189.581;-48.914;0.833176;0.00731039;0.0086869;-6.06814
-180.755;-48.914;0.791135;0.00631004;-0.018037;-7.04488
-171.93;-48.914;0.824701;0.0031479;-0.0459493;-8.02269
-163.105;-48.914;0.841976;-0.0106617;-0.0636805;-9.02616
-154.279;-48.914;0.809374;-0.0321271;-0.0727715;-9.98074
-145.454;-48.914;0.767408;-0.0596155;-0.0822576;-10.9307
-136.628;-48.914;0.770203;-0.0841249;-0.0952404;-11.8894
-127.803;-48.914;0.826843;-0.0968168;-0.103601;-12.8711
-118.977;-48.914;0.856381;-0.103926;-0.109942;-13.7721
-110.152;-48.914;0.794969;-0.115179;-0.118996;-14.6052
-101.326;-48.914;0.715187;-0.125982;-0.128864;-15.3758
-92.5009;-48.914;0.675647;-0.129051;-0.139877;-16.1243
-83.6754;-48.914;0.674414;-0.12254;-0.153971;-16.8658
-74.85;-48.914;0.658513;-0.113732;-0.166489;-17.5661
-66.0245;-48.914;0.61066;-0.104983;-0.172573;-18.2026
-57.1991;-48.914;0.586636;-0.0910462;-0.171393;-18.8188
-30.7227;-48.914;0.659317;-0.00459232;-0.181469;-20.4105
-21.8972;-48.914;0.60846;0.0428018;-0.182796;-20.7617
-13.0718;-48.914;0.635532;0.0878203;-0.181535;-21.0313
-4.24634;-48.914;0.670246;0.132463;-0.18572;-21.2158
4.57912;-48.914;0.666519;0.18084;-0.195465;-21.291
13.4046;-48.914;0.628165;0.223976;-0.202577;-21.269
22.23;-48.914;0.577527;0.260062;-0.204314;-21.1497
31.0555;-48.914;0.530984;0.295628;-0.207593;-20.928
39.8809;-48.914;0.466423;0.330688;-0.211101;-20.5974
48.7064;-48.914;0.407715;0.364592;-0.212718;-20.2062
57.5318;-48.914;0.373099;0.394804;-0.208969;-19.7634
66.3573;-48.914;0.344315;0.420653;-0.198759;-19.2453
75.1828;-48.914;0.307852;0.439062;-0.185037;-18.6425
84.0082;-48.914;0.271367;0.451235;-0.172206;-18.0125
92.8337;-48.914;0.286973;0.453518;-0.155602;-17.3748
101.659;-48.914;0.340222;0.454394;-0.140147;-16.7203
110.485;-48.914;0.408089;0.454398;-0.130412;-16.036
119.31;-48.914;0.471912;0.451594;-0.125223;-15.3047
128.135;-48.914;0.525427;0.444709;-0.118113;-14.51
136.961;-48.914;0.58322;0.431848;-0.103997;-13.6596
145.786;-48.914;0.663903;0.414785;-0.0882023;-12.7806
154.612;-48.914;0.762039;0.397394;-0.0727227;-11.9048
163.437;-48.914;0.858186;0.373783;-0.0585052;-11.0144
172.263;-48.914;0.927673;0.343991;-0.0483634;-10.0897
181.088;-48.914;0.938949;0.312779;-0.0399749;-9.08586
189.914;-48.914;0.926545;0.27848;-0.0316197;-8.02822
198.739;-48.914;0.914814;0.239392;-0.0214533;-6.93968
207.565;-48.914;0.91584;0.194213;-0.0123441;-5.83856
216.39;-48.914;0.96787;0.146251;-0.00394743;-4.75039
225.215;-48.914;1.02862;0.108292;0.00182124;-3.6888
234.041;-48.914;1.06273;0.0711828;0.00703254;-2.5721
242.866;-48.914;1.04904;0.0319503;0.0182086;-1.39716
-224.883;-57.7395;0.947195;0.129261;0.0326075;-1.77407
-216.057;-57.7395;0.801921;0.0903588;0.0257582;-2.76493
-207.232;-57.7395;0.859252;0.064531;0.0281306;-3.79137
-198.406;-57.7395;0.91912;0.045158;0.0239403;-4.86083
-189.581;-57.7395;0.851179;0.0396777;-0.000438728;-5.8693
-180.755;-57.7395;0.810646;0.0417385;-0.0311558;-6.83702
-171.93;-57.7395;0.836867;0.0311601;-0.0546814;-7.80776
-163.105;-57.7395;0.841083;0.0114477;-0.0677726;-8.79447
-154.279;-57.7395;0.784737;-0.0113054;-0.0760081;-9.70976
-145.454;-57.7395;0.706254;-0.0399265;-0.086548;-10.625
-136.628;-57.7395;0.685104;-0.0664078;-0.100109;-11.5659
-127.803;-57.7395;0.778949;-0.0790615;-0.107278;-12.544
-118.977;-57.7395;0.82595;-0.086444;-0.114818;-13.4456
-110.152;-57.7395;0.772569;-0.100828;-0.128021;-14.2918
-101.326;-57.7395;0.709397;-0.110932;-0.140342;-15.0615
-92.5009;-57.7395;0.672548;-0.111074;-0.149225;-15.7905
-83.6754;-57.7395;0.653724;-0.104611;-0.160112;-16.5053
-74.85;-57.7395;0.632789;-0.0992936;-0.174583;-17.1973
-66.0245;-57.7395;0.601986;-0.0924496;-0.184941;-17.8212
-57.1991;-57.7395;0.580628;-0.0792762;-0.188479;-18.406
-30.7227;-57.7395;0.603584;-0.000507298;-0.210088;-19.8789
-21.8972;-57.7395;0.548689;0.0437274;-0.210813;-20.2291
-13.0718;-57.7395;0.555777;0.0873033;-0.208335;-20.5044
-4.24634;-57.7395;0.584587;0.131216;-0.210666;-20.6876
4.57912;-57.7395;0.576389;0.176117;-0.217085;-20.7511
13.4046;-57.7395;0.524496;0.21505;-0.222203;-20.7069
22.23;-57.7395;0.460668;0.248275;-0.222814;-20.5653
31.0555;-57.7395;0.413791;0.282281;-0.224761;-20.3341
39.8809;-57.7395;0.354375;0.31795;-0.229595;-20.0058
48.7064;-57.7395;0.302228;0.351961;-0.234454;-19.6335
57.5318;-57.7395;0.283121;0.381383;-0.235232;-19.221
66.3573;-57.7395;0.249495;0.406989;-0.228022;-18.7151
75.1828;-57.7395;0.17243;0.423664;-0.214814;-18.083
84.0082;-57.7395;0.0866139;0.436293;-0.203581;-17.4309
92.8337;-57.7395;0.0942326;0.437458;-0.189633;-16.8011
101.659;-57.7395;0.122364;0.437427;-0.174841;-16.137
110.485;-57.7395;0.166296;0.436856;-0.163398;-15.4367
119.31;-57.7395;0.249459;0.433645;-0.154629;-14.7216
128.135;-57.7395;0.410716;0.424307;-0.142092;-14.0184
136.961;-57.7395;0.575063;0.411124;-0.123558;-13.2713
145.786;-57.7395;0.696298;0.396611;-0.102574;-12.4579
154.612;-57.7395;0.780799;0.377844;-0.0828522;-11.5915
163.437;-57.7395;0.846374;0.352628;-0.0657243;-10.6891
172.263;-57.7395;0.913719;0.323201;-0.0533503;-9.7646
181.088;-57.7395;0.944669;0.294634;-0.0432094;-8.77814
189.914;-57.7395;0.950389;0.262854;-0.033873;-7.74083
198.739;-57.7395;0.956095;0.223649;-0.022071;-6.67008
207.565;-57.7395;0.990324;0.179252;-0.0119091;-5.59995
216.39;-57.7395;1.04892;0.136278;-0.00418486;-4.53942
225.215;-57.7395;1.0638;0.0994354;0.000492778;-3.45575
234.041;-57.7395;1.0427;0.0587655;0.00481418;-2.28285
242.866;-57.7395;1.01107;0.00789331;0.0164719;-1.06321
-216.057;-66.5649;0.901035;0.103172;0.032407;-2.5922
-207.232;-66.5649;0.893053;0.0773294;0.0318534;-3.58075
-198.406;-66.5649;0.910619;0.0665577;0.0196632;-4.59939
-189.581;-66.5649;0.87609;0.07338;-0.00948406;-5.572
-180.755;-66.5649;0.833207;0.0686669;-0.0361405;-6.54609
-171.93;-66.5649;0.825691;0.0500975;-0.0544434;-7.52355
-163.105;-66.5649;0.825733;0.0272613;-0.0650675;-8.50601
-154.279;-66.5649;0.788037;0.00617635;-0.0743582;-9.42333
-145.454;-66.5649;0.714623;-0.0181375;-0.0870919;-10.3204
-136.628;-66.5649;0.661305;-0.0438358;-0.101652;-11.2236
-127.803;-66.5649;0.679361;-0.0609845;-0.110813;-12.1611
-118.977;-66.5649;0.700673;-0.0671742;-0.121614;-13.0345
-110.152;-66.5649;0.670074;-0.0825452;-0.139385;-13.8754
-101.326;-66.5649;0.631413;-0.0926997;-0.154617;-14.6429
-92.5009;-66.5649;0.597172;-0.0921975;-0.163156;-15.3596
-83.6754;-66.5649;0.567575;-0.0869049;-0.173196;-16.0514
-74.85;-66.5649;0.548674;-0.0842249;-0.190046;-16.7321
-66.0245;-66.5649;0.547977;-0.0763746;-0.206554;-17.3542
-57.1991;-66.5649;0.541959;-0.0621269;-0.217558;-17.9129
-30.7227;-66.5649;0.596271;0.00671963;-0.249088;-19.3342
-21.8972;-66.5649;0.566362;0.0460719;-0.253775;-19.6839
-13.0718;-66.5649;0.530771;0.0854023;-0.255302;-19.931
-4.24634;-66.5649;0.52114;0.127154;-0.25718;-20.0923
4.57912;-66.5649;0.51681;0.16818;-0.259642;-20.1463
13.4046;-66.5649;0.482112;0.203706;-0.260428;-20.1036
22.23;-66.5649;0.432345;0.237006;-0.257365;-19.9779
31.0555;-66.5649;0.398952;0.271431;-0.254769;-19.7631
39.8809;-66.5649;0.373328;0.307505;-0.255803;-19.4679
48.7064;-66.5649;0.362578;0.338105;-0.258819;-19.1422
57.5318;-66.5649;0.366927;0.365857;-0.263645;-18.7694
66.3573;-66.5649;0.34401;0.392866;-0.261924;-18.3052
75.1828;-66.5649;0.278969;0.412744;-0.248413;-17.724
84.0082;-66.5649;0.210789;0.4246;-0.232932;-17.0989
92.8337;-66.5649;0.2275;0.428238;-0.219636;-16.5049
101.659;-66.5649;0.280477;0.428714;-0.205922;-15.8805
110.485;-66.5649;0.371809;0.424508;-0.192892;-15.2085
119.31;-66.5649;0.516321;0.415161;-0.180481;-14.5137
128.135;-66.5649;0.726607;0.402559;-0.163606;-13.8436
136.961;-66.5649;0.960386;0.385977;-0.143102;-13.1591
145.786;-66.5649;1.07664;0.369965;-0.118063;-12.3636
154.612;-66.5649;1.10651;0.351033;-0.0948609;-11.4709
163.437;-66.5649;1.10497;0.327427;-0.0743457;-10.5207
172.263;-66.5649;1.12433;0.299521;-0.0572199;-9.55618
181.088;-66.5649;1.12225;0.272011;-0.0424037;-8.54757
189.914;-66.5649;1.10562;0.241089;-0.030821;-7.49924
198.739;-66.5649;1.09572;0.203753;-0.0187314;-6.42559
207.565;-66.5649;1.11382;0.161694;-0.0090024;-5.35067
216.39;-66.5649;1.13487;0.121385;-0.00133147;-4.27315
225.215;-66.5649;1.08043;0.085071;0.00277834;-3.14975
234.041;-66.5649;1.0175;0.0439417;0.00693165;-1.95247
-216.057;-75.3904;0.949898;0.125014;0.042919;-2.35077
-207.232;-75.3904;0.876867;0.0986359;0.0354545;-3.29599
-198.406;-75.3904;0.812849;0.0885401;0.0106071;-4.27416
-189.581;-75.3904;0.730087;0.0865293;-0.0211367;-5.23832
-180.755;-75.3904;0.700644;0.073003;-0.0447037;-6.20976
-171.93;-75.3904;0.710295;0.0500678;-0.0606734;-7.18278
-163.105;-75.3904;0.733936;0.027964;-0.0719565;-8.15771
-154.279;-75.3904;0.740455;0.0113185;-0.081635;-9.0821
-145.454;-75.3904;0.707293;-0.00797119;-0.0937789;-9.97223
-136.628;-75.3904;0.64791;-0.0325029;-0.108313;-10.8367
-127.803;-75.3904;0.613894;-0.0502902;-0.122064;-11.7218
-118.977;-75.3904;0.599771;-0.0553485;-0.136541;-12.5639
-110.152;-75.3904;0.579354;-0.0664615;-0.157022;-13.3886
-101.326;-75.3904;0.560919;-0.0738363;-0.17573;-14.1553
-92.5009;-75.3904;0.534831;-0.0734592;-0.186734;-14.8655
-83.6754;-75.3904;0.50691;-0.0700998;-0.198563;-15.5466
-74.85;-75.3904;0.498172;-0.0677249;-0.21736;-16.2149
-66.0245;-75.3904;0.519005;-0.0557051;-0.236329;-16.8329
-57.1991;-75.3904;0.525238;-0.0400265;-0.253186;-17.3747
-48.3736;-75.3904;0.526994;0.0230033;-0.294533;-18.6253
-39.5482;-75.3904;0.562585;0.0483133;-0.305602;-19.0781
-30.7227;-75.3904;0.611536;0.0206239;-0.290649;-18.7666
-21.8972;-75.3904;0.626673;0.0531822;-0.300253;-19.1019
-13.0718;-75.3904;0.581642;0.0896343;-0.307237;-19.3396
-4.24634;-75.3904;0.551274;0.128609;-0.30691;-19.4822
4.57912;-75.3904;0.560122;0.167351;-0.305286;-19.5457
13.4046;-75.3904;0.569317;0.200916;-0.303734;-19.5456
22.23;-75.3904;0.565344;0.231189;-0.301087;-19.4638
31.0555;-75.3904;0.562363;0.262249;-0.293999;-19.2964
39.8809;-75.3904;0.583095;0.290844;-0.282033;-19.0523
48.7064;-75.3904;0.617587;0.3154;-0.277093;-18.7719
57.5318;-75.3904;0.681257;0.340117;-0.285775;-18.4637
66.3573;-75.3904;0.772195;0.366908;-0.292036;-18.1171
75.1828;-75.3904;0.855197;0.389047;-0.280194;-17.6808
84.0082;-75.3904;0.882269;0.401994;-0.262392;-17.1336
92.8337;-75.3904;0.80553;0.411953;-0.248336;-16.5051
101.659;-75.3904;0.891397;0.409039;-0.23371;-15.9027
110.485;-75.3904;1.05314;0.402515;-0.2171;-15.2962
119.31;-75.3904;1.19518;0.3929;-0.199314;-14.615
128.135;-75.3904;1.27686;0.383072;-0.179089;-13.8532
136.961;-75.3904;1.43191;0.36492;-0.155604;-13.1143
145.786;-75.3904;1.48144;0.345508;-0.128516;-12.2645
154.612;-75.3904;1.45642;0.323944;-0.10227;-11.3243
163.437;-75.3904;1.40393;0.298872;-0.0774479;-10.3255
172.263;-75.3904;1.36801;0.270594;-0.0550023;-9.30373
181.088;-75.3904;1.31483;0.244276;-0.0359589;-8.25673
189.914;-75.3904;1.25233;0.214606;-0.0223773;-7.18208
198.739;-75.3904;1.20367;0.180858;-0.0118468;-6.09685
207.565;-75.3904;1.18355;0.142086;-0.00387714;-5.0073
216.39;-75.3904;1.15478;0.103062;0.00401933;-3.89498
225.215;-75.3904;1.06345;0.0666433;0.0100702;-2.74824
234.041;-75.3904;1.0136;0.031421;0.013822;-1.6021
-216.057;-84.2158;1.00369;0.143849;0.0514948;-2.03697
-207.232;-84.2158;0.839883;0.122487;0.0385021;-2.9511
-198.406;-84.2158;0.730979;0.105993;0.00577434;-3.9133
-189.581;-84.2158;0.652312;0.0939708;-0.0251333;-4.86867
-180.755;-84.2158;0.627619;0.0734229;-0.0487233;-5.83426
-171.93;-84.2158;0.645645;0.0491374;-0.0656933;-6.79768
-163.105;-84.2158;0.664561;0.0271642;-0.0798511;-7.75689
-154.279;-84.2158;0.67174;0.0107098;-0.0923222;-8.67587
-145.454;-84.2158;0.662174;-0.00594947;-0.105495;-9.5578
-136.628;-84.2158;0.634759;-0.0259797;-0.120273;-10.4095
-127.803;-84.2158;0.604648;-0.041652;-0.138388;-11.2662
-118.977;-84.2158;0.583642;-0.0478632;-0.157926;-12.0949
-110.152;-84.2158;0.581277;-0.0549798;-0.180205;-12.9064
-101.326;-84.2158;0.575613;-0.0595951;-0.202304;-13.6788
-92.5009;-84.2158;0.556528;-0.0597107;-0.217999;-14.3869
-83.6754;-84.2158;0.536586;-0.0565758;-0.231633;-15.0561
-74.85;-84.2158;0.539308;-0.0502505;-0.248896;-15.6983
-66.0245;-84.2158;0.568919;-0.0340598;-0.265223;-16.2976
-57.1991;-84.2158;0.580059;-0.0178206;-0.282618;-16.8373
-48.3736;-84.2158;0.558376;-0.00455697;-0.297934;-17.3295
-39.5482;-84.2158;0.583577;0.0128611;-0.308538;-17.7732
-30.7227;-84.2158;0.64618;0.0366189;-0.317905;-18.1734
-21.8972;-84.2158;0.695398;0.0645153;-0.328153;-18.494
-13.0718;-84.2158;0.701561;0.0984435;-0.334806;-18.73
-4.24634;-84.2158;0.708334;0.13715;-0.332517;-18.8799
4.57912;-84.2158;0.70673;0.171503;-0.326359;-18.9642
13.4046;-84.2158;0.71595;0.199162;-0.323232;-18.9797
22.23;-84.2158;0.724198;0.224956;-0.322223;-18.9189
31.0555;-84.2158;0.732775;0.251958;-0.315692;-18.7811
39.8809;-84.2158;0.778332;0.277981;-0.300459;-18.5885
48.7064;-84.2158;0.902044;0.299308;-0.296675;-18.381
57.5318;-84.2158;0.990934;0.331402;-0.312898;-18.1134
66.3573;-84.2158;1.12534;0.363975;-0.325316;-17.8378
75.1828;-84.2158;1.28482;0.385671;-0.31519;-17.4916
84.0082;-84.2158;1.37189;0.394766;-0.298404;-16.9952
92.8337;-84.2158;1.29131;0.399836;-0.283641;-16.3413
101.659;-84.2158;1.36088;0.392516;-0.263926;-15.7241
110.485;-84.2158;1.49989;0.385512;-0.238601;-15.1293
119.31;-84.2158;1.61961;0.372693;-0.21159;-14.4489
128.135;-84.2158;1.67066;0.361701;-0.183528;-13.676
136.961;-84.2158;1.74476;0.342035;-0.156519;-12.8677
145.786;-84.2158;1.71012;0.320665;-0.129899;-11.9493
154.612;-84.2158;1.62591;0.29672;-0.101295;-10.9556
163.437;-84.2158;1.54478;0.269132;-0.0711007;-9.92525
172.263;-84.2158;1.49882;0.238948;-0.0440739;-8.89035
181.088;-84.2158;1.42098;0.214281;-0.0231141;-7.83322
189.914;-84.2158;1.32074;0.186098;-0.0092332;-6.74401
198.739;-84.2158;1.23096;0.155742;0.000377639;-5.64921
207.565;-84.2158;1.17296;0.121206;0.00690974;-4.55215
216.39;-84.2158;1.11585;0.0852061;0.014092;-3.42887
225.215;-84.2158;1.06681;0.054674;0.0184242;-2.3125
234.041;-84.2158;1.06963;0.0257873;0.0204043;-1.26049
-216.057;-93.0413;1.06898;0.15772;0.0590271;-1.65085
-207.232;-93.0413;0.822273;0.135133;0.0402902;-2.60664
-198.406;-93.0413;0.71577;0.120409;0.00905279;-3.55073
-189.581;-93.0413;0.69599;0.102175;-0.0207458;-4.50193
-180.755;-93.0413;0.677793;0.0773701;-0.0467032;-5.46199
-171.93;-93.0413;0.682748;0.0542092;-0.0650465;-6.40039
-163.105;-93.0413;0.664455;0.0301603;-0.0823673;-7.32585
-154.279;-93.0413;0.638485;0.00965376;-0.0989236;-8.22638
-145.454;-93.0413;0.629637;-0.00583017;-0.114162;-9.10086
-136.628;-93.0413;0.634518;-0.0183403;-0.129213;-9.95271
-127.803;-93.0413;0.623049;-0.0298224;-0.149955;-10.7824
-118.977;-93.0413;0.608085;-0.0392693;-0.173683;-11.5991
-110.152;-93.0413;0.637475;-0.0470344;-0.195491;-12.405
-101.326;-93.0413;0.641485;-0.0522122;-0.216724;-13.1725
-92.5009;-93.0413;0.632455;-0.053861;-0.236271;-13.8906
-83.6754;-93.0413;0.625642;-0.0487592;-0.25344;-14.5575
-74.85;-93.0413;0.632514;-0.0360602;-0.268822;-15.1722
-66.0245;-93.0413;0.663024;-0.0201019;-0.280624;-15.7489
-57.1991;-93.0413;0.686;-0.00588409;-0.290732;-16.2716
-48.3736;-93.0413;0.667616;0.00472003;-0.302716;-16.7403
-39.5482;-93.0413;0.666866;0.0187949;-0.313483;-17.1556
-30.7227;-93.0413;0.695865;0.0409079;-0.32289;-17.53
-21.8972;-93.0413;0.735631;0.0692753;-0.330915;-17.8349
-13.0718;-93.0413;0.762469;0.102745;-0.336335;-18.0753
-4.24634;-93.0413;0.767958;0.137572;-0.335966;-18.2414
4.57912;-93.0413;0.762732;0.17023;-0.329799;-18.3215
13.4046;-93.0413;0.760134;0.197552;-0.324687;-18.3158
22.23;-93.0413;0.748373;0.223695;-0.324962;-18.2347
31.0555;-93.0413;0.728533;0.251665;-0.328236;-18.0831
39.8809;-93.0413;0.739641;0.283094;-0.33151;-17.8924
48.7064;-93.0413;0.890683;0.309582;-0.346062;-17.7085
57.5318;-93.0413;0.996304;0.34161;-0.36343;-17.4625
66.3573;-93.0413;1.13263;0.365388;-0.363354;-17.1789
75.1828;-93.0413;1.27785;0.383129;-0.346157;-16.8543
84.0082;-93.0413;1.35688;0.383884;-0.326194;-16.3602
92.8337;-93.0413;1.33524;0.383658;-0.308116;-15.7367
101.659;-93.0413;1.42751;0.375915;-0.281991;-15.1503
110.485;-93.0413;1.55669;0.366842;-0.247567;-14.5614
119.31;-93.0413;1.67253;0.34972;-0.212423;-13.887
128.135;-93.0413;1.74201;0.334582;-0.177862;-13.1342
136.961;-93.0413;1.75577;0.315356;-0.148231;-12.2772
145.786;-93.0413;1.63365;0.295811;-0.124567;-11.2988
154.612;-93.0413;1.51677;0.271516;-0.0982534;-10.2871
163.437;-93.0413;1.45666;0.242987;-0.0651435;-9.28308
172.263;-93.0413;1.45402;0.211253;-0.0332439;-8.29548
181.088;-93.0413;1.3907;0.187967;-0.0118692;-7.26721
189.914;-93.0413;1.2852;0.161648;0.00183626;-6.19367
198.739;-93.0413;1.18196;0.131692;0.0126196;-5.10255
207.565;-93.0413;1.11214;0.100703;0.0198147;-4.01756
216.39;-93.0413;1.07185;0.0681247;0.0255971;-2.93396
225.215;-93.0413;1.09849;0.0412968;0.0277309;-1.88996
-207.232;-101.867;0.801129;0.154414;0.0445007;-2.15661
-198.406;-101.867;0.719498;0.13621;0.01485;-3.13264
-189.581;-101.867;0.795724;0.109002;-0.0142834;-4.13823
-180.755;-101.867;0.806797;0.0824735;-0.0393218;-5.1028
-171.93;-101.867;0.76851;0.0606637;-0.0588413;-6.00194
-163.105;-101.867;0.715157;0.0346487;-0.0785743;-6.88214
-154.279;-101.867;0.671558;0.0106705;-0.0980394;-7.75815
-145.454;-101.867;0.658744;-0.00397229;-0.114829;-8.62687
-136.628;-101.867;0.66153;-0.0101694;-0.130171;-9.47247
-127.803;-101.867;0.63583;-0.0166715;-0.151534;-10.2696
-118.977;-101.867;0.591784;-0.0291032;-0.17699;-11.0623
-110.152;-101.867;0.618626;-0.0394627;-0.19888;-11.8507
-101.326;-101.867;0.61724;-0.0448388;-0.21934;-12.6049
-92.5009;-101.867;0.625988;-0.0450898;-0.239729;-13.3167
-83.6754;-101.867;0.646526;-0.0391609;-0.258819;-13.9682
-74.85;-101.867;0.658601;-0.0292652;-0.276182;-14.5566
-66.0245;-101.867;0.663292;-0.0201341;-0.290553;-15.117
-57.1991;-101.867;0.698171;-0.00700107;-0.295734;-15.6212
-48.3736;-101.867;0.694516;0.0110506;-0.300865;-16.0617
-39.5482;-101.867;0.672321;0.0298738;-0.310266;-16.4541
-30.7227;-101.867;0.680509;0.050268;-0.318965;-16.8049
-21.8972;-101.867;0.715815;0.074665;-0.32332;-17.095
-13.0718;-101.867;0.735679;0.105672;-0.327509;-17.326
-4.24634;-101.867;0.737525;0.136402;-0.329979;-17.4964
4.57912;-101.867;0.733461;0.168428;-0.326375;-17.5741
13.4046;-101.867;0.719036;0.195509;-0.320196;-17.5649
22.23;-101.867;0.701392;0.220734;-0.322222;-17.4813
31.0555;-101.867;0.686975;0.247734;-0.333965;-17.3282
39.8809;-101.867;0.69896;0.281263;-0.353248;-17.1415
48.7064;-101.867;0.849981;0.311416;-0.377536;-16.9573
57.5318;-101.867;0.941055;0.338368;-0.387641;-16.6938
66.3573;-101.867;1.03531;0.352335;-0.376964;-16.3578
75.1828;-101.867;1.12252;0.355492;-0.352387;-15.9467
84.0082;-101.867;1.16771;0.354033;-0.328984;-15.4487
92.8337;-101.867;1.18473;0.356475;-0.308131;-14.889
101.659;-101.867;1.29912;0.352506;-0.278835;-14.348
110.485;-101.867;1.40041;0.344457;-0.2422;-13.7479
119.31;-101.867;1.47468;0.326612;-0.206246;-13.049
128.135;-101.867;1.50746;0.308614;-0.172599;-12.271
136.961;-101.867;1.45027;0.287967;-0.144694;-11.3601
145.786;-101.867;1.2685;0.270592;-0.120278;-10.3453
154.612;-101.867;1.18974;0.248194;-0.0924173;-9.39602
163.437;-101.867;1.222;0.220519;-0.0576032;-8.50391
172.263;-101.867;1.27142;0.186958;-0.0239124;-7.57781
181.088;-101.867;1.22096;0.162849;-0.000556808;-6.57215
189.914;-101.867;1.12545;0.139097;0.00904499;-5.51983
198.739;-101.867;1.04848;0.112799;0.0187067;-4.46512
207.565;-101.867;1.02286;0.0830898;0.027164;-3.42651
216.39;-101.867;1.02018;0.0545535;0.0338328;-2.39173
225.215;-101.867;1.08945;0.0290998;0.036474;-1.40252
-198.406;-110.692;0.717187;0.137522;0.0180925;-2.68804
-189.581;-110.692;0.844136;0.111899;-0.00794699;-3.71965
-180.755;-110.692;0.894843;0.0870431;-0.0284613;-4.67081
-171.93;-110.692;0.803297;0.0618721;-0.0514302;-5.5553
-163.105;-110.692;0.760428;0.0360864;-0.0734643;-6.41761
-154.279;-110.692;0.738951;0.012674;-0.0939705;-7.2784
-145.454;-110.692;0.726123;-0.00169154;-0.111505;-8.13385
-136.628;-110.692;0.708907;-0.00585508;-0.126763;-8.95783
-127.803;-110.692;0.659952;-0.00827889;-0.145025;-9.72205
-118.977;-110.692;0.586507;-0.0202103;-0.169447;-10.4767
-110.152;-110.692;0.568927;-0.0318985;-0.194966;-11.2339
-101.326;-110.692;0.565672;-0.0355974;-0.219228;-11.9685
-92.5009;-110.692;0.59886;-0.031598;-0.238936;-12.6598
-83.6754;-110.692;0.618248;-0.0251482;-0.259676;-13.291
-74.85;-110.692;0.594603;-0.0214384;-0.283921;-13.8518
-66.0245;-110.692;0.572452;-0.0185889;-0.302707;-14.3994
-57.1991;-110.692;0.612062;-0.00645451;-0.307238;-14.8993
-48.3736;-110.692;0.642979;0.0169575;-0.305702;-15.3238
-39.5482;-110.692;0.615599;0.0404165;-0.309757;-15.6904
-30.7227;-110.692;0.595595;0.0615879;-0.313642;-16.0104
-21.8972;-110.692;0.60992;0.0822528;-0.315881;-16.2751
-13.0718;-110.692;0.631383;0.106741;-0.318041;-16.497
-4.24634;-110.692;0.647129;0.132965;-0.320657;-16.6768
4.57912;-110.692;0.670263;0.164238;-0.319224;-16.7739
13.4046;-110.692;0.687747;0.190659;-0.314677;-16.7942
22.23;-110.692;0.687154;0.214736;-0.320788;-16.7226
31.0555;-110.692;0.684515;0.239734;-0.337411;-16.5707
39.8809;-110.692;0.718362;0.269256;-0.359758;-16.3873
48.7064;-110.692;0.866139;0.296476;-0.378105;-16.209
57.5318;-110.692;0.95415;0.319688;-0.379618;-15.95
66.3573;-110.692;1.0145;0.330422;-0.364804;-15.5869
75.1828;-110.692;1.07245;0.334388;-0.341769;-15.1616
84.0082;-110.692;1.1305;0.334605;-0.318076;-14.6817
92.8337;-110.692;1.17614;0.335163;-0.293618;-14.1566
101.659;-110.692;1.28193;0.329986;-0.263614;-13.611
110.485;-110.692;1.28165;0.319992;-0.233225;-12.9167
119.31;-110.692;1.21841;0.301876;-0.203337;-12.1126
128.135;-110.692;1.1305;0.283521;-0.17491;-11.2595
136.961;-110.692;0.969723;0.263409;-0.148203;-10.2985
145.786;-110.692;0.885389;0.240713;-0.118583;-9.36933
154.612;-110.692;0.955792;0.217213;-0.0830611;-8.55687
163.437;-110.692;1.07925;0.191296;-0.0424438;-7.76715
172.263;-110.692;1.11322;0.155872;-0.00955902;-6.85126
181.088;-110.692;0.98789;0.133624;0.0131022;-5.79516
189.914;-110.692;0.929164;0.113957;0.0209391;-4.7898
198.739;-110.692;0.941269;0.0942594;0.024738;-3.83246
207.565;-110.692;1.03098;0.065937;0.0341169;-2.89352
216.39;-110.692;1.07682;0.0397521;0.0458142;-1.91609
-198.406;-119.518;0.69361;0.129181;0.023005;-2.2088
-189.581;-119.518;0.779288;0.11181;0.00148655;-3.18928
-180.755;-119.518;0.824378;0.0840529;-0.0206321;-4.16499
-171.93;-119.518;0.736386;0.0538526;-0.0456618;-5.04517
-163.105;-119.518;0.750426;0.0319705;-0.0673759;-5.89276
-154.279;-119.518;0.751468;0.0110114;-0.0892105;-6.73806
-145.454;-119.518;0.723138;-0.00427117;-0.108299;-7.56307
-136.628;-119.518;0.68858;-0.00824486;-0.12261;-8.36982
-127.803;-119.518;0.638272;-0.00345386;-0.134841;-9.10422
-118.977;-119.518;0.54486;-0.0100058;-0.159829;-9.82698
-110.152;-119.518;0.516205;-0.0202456;-0.188892;-10.5601
-101.326;-119.518;0.509938;-0.0258997;-0.218461;-11.274
-92.5009;-119.518;0.55022;-0.0242567;-0.24227;-11.9505
-83.6754;-119.518;0.573084;-0.0200985;-0.26518;-12.5716
-74.85;-119.518;0.540095;-0.0188669;-0.28994;-13.1138
-66.0245;-119.518;0.497881;-0.0172935;-0.309806;-13.6421
-57.1991;-119.518;0.52905;-0.00585626;-0.315521;-14.1348
-48.3736;-119.518;0.575267;0.0129874;-0.312665;-14.5741
-39.5482;-119.518;0.55288;0.0366692;-0.310882;-14.9355
-30.7227;-119.518;0.502424;0.0598196;-0.309256;-15.2032
-21.8972;-119.518;0.468614;0.0816295;-0.306775;-15.422
-13.0718;-119.518;0.475131;0.104334;-0.30376;-15.6328
-4.24634;-119.518;0.534917;0.12951;-0.303355;-15.8297
4.57912;-119.518;0.615554;0.15937;-0.305826;-15.9608
13.4046;-119.518;0.703844;0.186111;-0.307203;-16.0313
22.23;-119.518;0.747258;0.209189;-0.31874;-15.9731
31.0555;-119.518;0.738872;0.231551;-0.336599;-15.8049
39.8809;-119.518;0.740709;0.253472;-0.352638;-15.5873
48.7064;-119.518;0.858167;0.272542;-0.358841;-15.3925
57.5318;-119.518;0.96693;0.290177;-0.354305;-15.1397
66.3573;-119.518;1.02056;0.301427;-0.341848;-14.7764
75.1828;-119.518;1.05405;0.306626;-0.323866;-14.3404
84.0082;-119.518;1.09641;0.30593;-0.302227;-13.8535
92.8337;-119.518;1.13072;0.303474;-0.279141;-13.3192
101.659;-119.518;1.14416;0.300393;-0.254272;-12.7108
110.485;-119.518;1.05128;0.291247;-0.223045;-11.9396
119.31;-119.518;0.903172;0.272229;-0.194185;-11.0769
128.135;-119.518;0.771097;0.253029;-0.169957;-10.231
136.961;-119.518;0.698075;0.231365;-0.142312;-9.39853
145.786;-119.518;0.77285;0.207468;-0.106266;-8.62132
154.612;-119.518;0.997873;0.180548;-0.0633422;-7.91283
163.437;-119.518;1.09766;0.151905;-0.0230497;-7.07637
172.263;-119.518;0.914538;0.12164;0.00458736;-6.00776
181.088;-119.518;0.705507;0.101964;0.0242535;-4.91038
189.914;-119.518;0.799728;0.0820396;0.0364905;-4.06394
198.739;-119.518;0.999974;0.0631109;0.050585;-3.29302
207.565;-119.518;1.19553;0.0409095;0.0582687;-2.46691
216.39;-119.518;1.24719;0.020861;0.0623103;-1.51897
-189.581;-128.343;0.689181;0.102505;0.0086893;-2.63677
-180.755;-128.343;0.734131;0.0754914;-0.0134265;-3.56215
-171.93;-128.343;0.66734;0.0383163;-0.0429961;-4.46994
-163.105;-128.343;0.690283;0.019028;-0.0634512;-5.31058
-154.279;-128.343;0.669882;0.000346561;-0.0872958;-6.12826
-145.454;-128.343;0.603658;-0.0134598;-0.107073;-6.89375
-136.628;-128.343;0.558386;-0.0160939;-0.120734;-7.68091
-127.803;-128.343;0.547746;-0.00533153;-0.130437;-8.41778
-118.977;-128.343;0.486882;-0.00201719;-0.154781;-9.13656
-110.152;-128.343;0.466409;-0.00929752;-0.18557;-9.84598
-101.326;-128.343;0.435498;-0.0186002;-0.214771;-10.5258
-92.5009;-128.343;0.456961;-0.0224864;-0.244187;-11.1826
-83.6754;-128.343;0.496578;-0.0211797;-0.272034;-11.8095
-74.85;-128.343;0.49563;-0.0184567;-0.293815;-12.3619
-66.0245;-128.343;0.450959;-0.0144729;-0.311164;-12.8577
-57.1991;-128.343;0.447103;-0.0040787;-0.319013;-13.3327
-48.3736;-128.343;0.50561;0.00450494;-0.318234;-13.7912
-39.5482;-128.343;0.457186;0.0235265;-0.315566;-14.1316
-30.7227;-128.343;0.314453;0.0494537;-0.312447;-14.299
-21.8972;-128.343;0.205968;0.075731;-0.306023;-14.4418
-13.0718;-128.343;0.227599;0.0999022;-0.293623;-14.6534
-4.24634;-128.343;0.371277;0.128411;-0.283306;-14.9115
4.57912;-128.343;0.535215;0.159124;-0.289261;-15.1066
13.4046;-128.343;0.694451;0.183389;-0.297053;-15.1953
22.23;-128.343;0.804948;0.206394;-0.311295;-15.1658
31.0555;-128.343;0.797287;0.224286;-0.325995;-14.9785
39.8809;-128.343;0.693872;0.238552;-0.335409;-14.6945
48.7064;-128.343;0.734071;0.252928;-0.334774;-14.449
57.5318;-128.343;0.816727;0.266966;-0.327418;-14.1789
66.3573;-128.343;0.858962;0.277468;-0.316792;-13.8118
75.1828;-128.343;0.858601;0.280218;-0.302003;-13.3438
84.0082;-128.343;0.831581;0.277828;-0.285084;-12.803
92.8337;-128.343;0.787723;0.276005;-0.267778;-12.2115
101.659;-128.343;0.784922;0.269951;-0.246046;-11.5918
110.485;-128.343;0.776624;0.256732;-0.212174;-10.8812
119.31;-128.343;0.726223;0.24029;-0.179704;-10.1336
128.135;-128.343;0.668334;0.223269;-0.152017;-9.3992
136.961;-128.343;0.696418;0.204387;-0.122402;-8.69398
145.786;-128.343;0.881081;0.18042;-0.0844016;-8.02232
154.612;-128.343;0.966459;0.157626;-0.040929;-7.2031
163.437;-128.343;0.8383;0.122062;-0.012175;-6.14619
172.263;-128.343;0.528651;0.0928201;0.0109736;-4.98499
181.088;-128.343;0.450594;0.0702881;0.0317599;-4.01434
189.914;-128.343;0.867538;0.044098;0.0522276;-3.44802
198.739;-128.343;1.31064;0.0258472;0.07307;-2.87677
207.565;-128.343;1.53346;0.00895749;0.0769986;-2.1194
-189.581;-137.169;0.548652;0.0782897;0.0137387;-2.0291
-180.755;-137.169;0.621879;0.0571973;-0.00980689;-2.92388
-171.93;-137.169;0.606316;0.0279294;-0.0360783;-3.80728
-163.105;-137.169;0.608188;0.00982937;-0.0587037;-4.65897
-154.279;-137.169;0.528809;-0.00806542;-0.0859993;-5.44573
-145.454;-137.169;0.423226;-0.0221241;-0.107473;-6.16353
-136.628;-137.169;0.391388;-0.0264389;-0.122759;-6.94644
-127.803;-137.169;0.438789;-0.0144369;-0.13297;-7.70743
-118.977;-137.169;0.437491;-0.00276941;-0.156372;-8.43483
-110.152;-137.169;0.410581;-0.00528819;-0.185803;-9.11337
-101.326;-137.169;0.348234;-0.0144416;-0.213611;-9.75053
-92.5009;-137.169;0.344077;-0.0221241;-0.244453;-10.3863
-83.6754;-137.169;0.417965;-0.0234154;-0.272483;-11.0247
-74.85;-137.169;0.467479;-0.0190117;-0.292027;-11.584
-66.0245;-137.169;0.410117;-0.012152;-0.308665;-12.0413
-57.1991;-137.169;0.336509;-0.00293922;-0.321285;-12.4867
-48.3736;-137.169;0.397446;-0.00290169;-0.323685;-12.9274
-39.5482;-137.169;0.253969;0.0133686;-0.326571;-13.1665
-30.7227;-137.169;-0.118194;0.0411644;-0.328771;-13.1211
-21.8972;-137.169;-0.367691;0.0691949;-0.323655;-13.1099
-13.0718;-137.169;-0.260274;0.0937437;-0.303571;-13.3508
-4.24634;-137.169;0.0275552;0.130119;-0.277917;-13.7844
4.57912;-137.169;0.290734;0.161351;-0.275589;-14.0447
13.4046;-137.169;0.482458;0.179049;-0.288498;-14.1366
22.23;-137.169;0.60229;0.194938;-0.305242;-14.1069
31.0555;-137.169;0.641833;0.20935;-0.316163;-13.9628
39.8809;-137.169;0.613834;0.221843;-0.318988;-13.7311
48.7064;-137.169;0.595435;0.234391;-0.317289;-13.4534
57.5318;-137.169;0.634174;0.246335;-0.312412;-13.1576
66.3573;-137.169;0.665731;0.252803;-0.301064;-12.7771
75.1828;-137.169;0.651492;0.252304;-0.285203;-12.2882
84.0082;-137.169;0.589393;0.249046;-0.269398;-11.7178
92.8337;-137.169;0.512464;0.24831;-0.254948;-11.1135
101.659;-137.169;0.520791;0.241792;-0.233867;-10.5279
110.485;-137.169;0.617544;0.227794;-0.198434;-9.9315
119.31;-137.169;0.695299;0.211799;-0.162876;-9.30829
128.135;-137.169;0.731118;0.196616;-0.130747;-8.66345
136.961;-137.169;0.790601;0.178453;-0.0997772;-7.99174
145.786;-137.169;0.902283;0.150795;-0.0710651;-7.25405
154.612;-137.169;0.754913;0.124577;-0.0426415;-6.25634
163.437;-137.169;0.436486;0.0929079;-0.0167259;-5.08381
172.263;-137.169;0.183501;0.0688146;0.0138072;-4.00042
181.088;-137.169;0.438271;0.0399051;0.0410344;-3.30356
189.914;-137.169;1.21864;0.00352339;0.0660247;-3.01499
198.739;-137.169;1.76927;-0.017744;0.0844962;-2.51383
-189.581;-145.994;0.425255;0.0552269;0.0186535;-1.40194
-180.755;-145.994;0.497157;0.0429771;-0.00451857;-2.27121
-171.93;-145.994;0.505096;0.0213772;-0.0289207;-3.12946
-163.105;-145.994;0.498346;0.0067685;-0.0503963;-3.95775
-154.279;-145.994;0.416782;-0.00624158;-0.0769158;-4.71371
-145.454;-145.994;0.31188;-0.0221077;-0.101384;-5.41945
-136.628;-145.994;0.291403;-0.0328934;-0.123018;-6.21249
-127.803;-145.994;0.362884;-0.0256062;-0.137299;-6.99303
-118.977;-145.994;0.395569;-0.0118026;-0.157634;-7.71379
-110.152;-145.994;0.35761;-0.00896398;-0.181408;-8.3603
-101.326;-145.994;0.265464;-0.0133871;-0.208492;-8.95539
-92.5009;-145.994;0.246047;-0.0206175;-0.238274;-9.56134
-83.6754;-145.994;0.362787;-0.0234269;-0.262626;-10.2025
-74.85;-145.994;0.453609;-0.0192547;-0.280856;-10.7787
-66.0245;-145.994;0.362841;-0.0124581;-0.302004;-11.2105
-57.1991;-145.994;0.202349;-0.00658949;-0.324373;-11.5956
-48.3736;-145.994;0.215507;-0.0120842;-0.333143;-11.9631
-39.5482;-145.994;-0.0693605;0.0119854;-0.343864;-12.0445
-30.7227;-145.994;-0.779709;0.0405567;-0.354784;-11.7823
-21.8972;-145.994;-1.37436;0.0715641;-0.357368;-11.6503
-13.0718;-145.994;-1.3352;0.101552;-0.340089;-11.8793
-4.24634;-145.994;-0.674579;0.127224;-0.306653;-12.3826
4.57912;-145.994;-0.142574;0.154743;-0.290375;-12.8025
13.4046;-145.994;0.0949076;0.169499;-0.299808;-12.9361
22.23;-145.994;0.241282;0.180434;-0.30977;-12.9197
31.0555;-145.994;0.365833;0.19075;-0.312381;-12.8272
39.8809;-145.994;0.456421;0.202186;-0.309473;-12.6756
48.7064;-145.994;0.486509;0.215153;-0.304126;-12.4334
57.5318;-145.994;0.517199;0.225616;-0.301344;-12.1441
66.3573;-145.994;0.546757;0.229755;-0.289393;-11.7676
75.1828;-145.994;0.546311;0.227897;-0.270503;-11.2874
84.0082;-145.994;0.500724;0.224636;-0.251069;-10.7316
92.8337;-145.994;0.434945;0.223988;-0.234319;-10.1544
101.659;-145.994;0.464406;0.216191;-0.21145;-9.61129
110.485;-145.994;0.597797;0.202153;-0.178276;-9.08115
119.31;-145.994;0.708;0.185816;-0.146303;-8.49401
128.135;-145.994;0.754343;0.169395;-0.116576;-7.83662
136.961;-145.994;0.7616;0.149694;-0.0879936;-7.10627
145.786;-145.994;0.678844;0.127742;-0.0620967;-6.23916
154.612;-145.994;0.507636;0.0969393;-0.0371307;-5.26913
163.437;-145.994;0.343825;0.0613916;-0.0134564;-4.26784
172.263;-145.994;0.380222;0.0440783;0.0247343;-3.4586
181.088;-145.994;0.970879;0.011285;0.0540886;-3.00954
189.914;-145.994;1.7899;-0.0306086;0.076931;-2.72819
198.739;-145.994;2.15373;-0.0624779;0.10715;-1.99815
-171.93;-154.819;0.439846;0.0244595;-0.0135563;-2.44942
-163.105;-154.819;0.419018;0.0119501;-0.0349362;-3.24588
-154.279;-154.819;0.366952;0.00615319;-0.0561101;-3.98004
-145.454;-154.819;0.310883;-0.0111448;-0.0833093;-4.7094
-136.628;-154.819;0.301504;-0.0283401;-0.112317;-5.50184
-127.803;-154.819;0.347149;-0.0289678;-0.132524;-6.26853
-118.977;-154.819;0.367915;-0.0200934;-0.148603;-6.95916
-110.152;-154.819;0.329765;-0.0150702;-0.165866;-7.58352
-101.326;-154.819;0.210453;-0.0138911;-0.193083;-8.1466
-92.5009;-154.819;0.178952;-0.0173151;-0.223101;-8.7158
-83.6754;-154.819;0.311708;-0.0189365;-0.245173;-9.34379
-74.85;-154.819;0.420871;-0.0160578;-0.263328;-9.92231
-66.0245;-154.819;0.33243;-0.0127766;-0.288679;-10.3518
-57.1991;-154.819;0.135268;-0.0116816;-0.317466;-10.7122
-48.3736;-154.819;0.107179;-0.0173626;-0.331518;-11.0501
-39.5482;-154.819;-0.186763;0.00380117;-0.342584;-11.1128
-30.7227;-154.819;-0.877305;0.0312348;-0.35727;-10.8379
-21.8972;-154.819;-1.51207;0.0581759;-0.364864;-10.6622
-13.0718;-154.819;-1.62386;0.0786609;-0.356506;-10.7701
-4.24634;-154.819;-1.09762;0.0961092;-0.336972;-11.1362
4.57912;-154.819;-0.318889;0.12957;-0.326969;-11.665
13.4046;-154.819;-0.0200539;0.148103;-0.321394;-11.8588
22.23;-154.819;0.146775;0.158876;-0.315077;-11.8755
31.0555;-154.819;0.2989;0.168594;-0.306796;-11.8164
39.8809;-154.819;0.423657;0.180791;-0.297095;-11.6926
48.7064;-154.819;0.473246;0.191881;-0.28555;-11.4381
57.5318;-154.819;0.503519;0.200481;-0.280284;-11.1439
66.3573;-154.819;0.530783;0.202813;-0.266023;-10.7751
75.1828;-154.819;0.542766;0.201979;-0.245078;-10.3276
84.0082;-154.819;0.529353;0.201387;-0.223018;-9.82439
92.8337;-154.819;0.500621;0.200181;-0.202588;-9.29332
101.659;-154.819;0.550408;0.190765;-0.178403;-8.77934
110.485;-154.819;0.641132;0.178577;-0.150771;-8.24478
119.31;-154.819;0.656974;0.166245;-0.12721;-7.60986
128.135;-154.819;0.594313;0.152428;-0.104981;-6.87362
136.961;-154.819;0.516577;0.133523;-0.0804213;-6.0728
145.786;-154.819;0.44462;0.109568;-0.0547355;-5.22672
154.612;-154.819;0.489676;0.0770127;-0.0283071;-4.45841
163.437;-154.819;0.703709;0.0494795;-0.000200528;-3.8325
172.263;-154.819;1.12004;0.0316853;0.032464;-3.36326
181.088;-154.819;1.75352;-0.000800714;0.059207;-2.97226
189.914;-154.819;2.20119;-0.0455661;0.0948012;-2.30634
-163.105;-163.645;0.405506;0.0251026;-0.0127366;-2.52703
-154.279;-163.645;0.360359;0.0180155;-0.034504;-3.25503
-145.454;-163.645;0.354187;0.00592047;-0.0565464;-3.99933
-136.628;-163.645;0.366533;-0.0118616;-0.085433;-4.76849
-127.803;-163.645;0.374265;-0.0183088;-0.108675;-5.49907
-118.977;-163.645;0.373717;-0.0171197;-0.124839;-6.16645
-110.152;-163.645;0.333294;-0.0161786;-0.141604;-6.78098
-101.326;-163.645;0.21313;-0.0116545;-0.168789;-7.3288
-92.5009;-163.645;0.137601;-0.0113175;-0.201868;-7.87076
-83.6754;-163.645;0.233488;-0.0109047;-0.224998;-8.45943
-74.85;-163.645;0.335414;-0.00919543;-0.243308;-9.01094
-66.0245;-163.645;0.265826;-0.00924407;-0.268438;-9.43412
-57.1991;-163.645;0.0899945;-0.010978;-0.299167;-9.7953
-48.3736;-163.645;0.159086;-0.0150985;-0.314047;-10.1866
-39.5482;-163.645;0.0966227;0.00297193;-0.324824;-10.4304
-30.7227;-163.645;-0.3226;0.0309762;-0.345574;-10.3794
-21.8972;-163.645;-0.762131;0.0541665;-0.36001;-10.26
-13.0718;-163.645;-0.888559;0.0676282;-0.357478;-10.2641
-4.24634;-163.645;-0.605681;0.0824244;-0.344517;-10.4867
4.57912;-163.645;-0.0535824;0.108181;-0.339689;-10.8554
13.4046;-163.645;0.172128;0.127805;-0.326183;-11.0091
22.23;-163.645;0.297204;0.137988;-0.307612;-11.0027
31.0555;-163.645;0.406217;0.144702;-0.288532;-10.9045
39.8809;-163.645;0.497807;0.155451;-0.270806;-10.7455
48.7064;-163.645;0.536153;0.1659;-0.251015;-10.472
57.5318;-163.645;0.557115;0.172684;-0.240829;-10.1535
66.3573;-163.645;0.574308;0.173976;-0.226957;-9.79023
75.1828;-163.645;0.572751;0.174179;-0.207956;-9.36964
84.0082;-163.645;0.55655;0.174076;-0.185381;-8.89681
92.8337;-163.645;0.548366;0.1727;-0.162335;-8.39481
101.659;-163.645;0.592182;0.166897;-0.139692;-7.89197
110.485;-163.645;0.635683;0.156955;-0.118113;-7.3481
119.31;-163.645;0.59866;0.146535;-0.10065;-6.69989
128.135;-163.645;0.511357;0.13449;-0.0834077;-5.96889
136.961;-163.645;0.455501;0.119299;-0.0613124;-5.21745
145.786;-163.645;0.479964;0.10126;-0.0347538;-4.49654
154.612;-163.645;0.748711;0.079027;-0.00533346;-3.91512
163.437;-163.645;1.1883;0.0563721;0.0202974;-3.51583
172.263;-163.645;1.60778;0.0335142;0.0441456;-3.08478
181.088;-163.645;2.02588;-0.00319899;0.0654135;-2.53439
189.914;-163.645;2.1621;-0.0447778;0.0978358;-1.6318
-154.279;-172.47;0.359817;0.0268435;-0.0145686;-2.5217
-145.454;-172.47;0.341877;0.0120464;-0.0387936;-3.24001
-136.628;-172.47;0.353407;-0.00173379;-0.0643173;-3.97943
-127.803;-172.47;0.341699;-0.01169;-0.0883492;-4.67556
-118.977;-172.47;0.325461;-0.0157997;-0.106815;-5.31985
-110.152;-172.47;0.304419;-0.0137604;-0.126331;-5.94727
-101.326;-172.47;0.213357;-0.00731721;-0.155022;-6.51802
-92.5009;-172.47;0.135171;-0.00649135;-0.18344;-7.04304
-83.6754;-172.47;0.179775;-0.00735664;-0.202604;-7.55603
-74.85;-172.47;0.252772;-0.00699905;-0.220083;-8.06539
-66.0245;-172.47;0.204267;-0.00675697;-0.241612;-8.47513
-57.1991;-172.47;0.0386738;-0.0060908;-0.269299;-8.81801
-48.3736;-172.47;0.0847989;-0.00333619;-0.285632;-9.20876
-39.5482;-172.47;0.251688;0.0077614;-0.297689;-9.60781
-30.7227;-172.47;0.167117;0.0274586;-0.318057;-9.77275
-21.8972;-172.47;0.0149531;0.0477625;-0.332966;-9.80743
-13.0718;-172.47;0.0373494;0.0646821;-0.332507;-9.89803
-4.24634;-172.47;0.268308;0.0867609;-0.320639;-10.1642
4.57912;-172.47;0.436049;0.103464;-0.311428;-10.3038
13.4046;-172.47;0.517643;0.114851;-0.298677;-10.3017
22.23;-172.47;0.529028;0.121185;-0.278221;-10.1874
31.0555;-172.47;0.527971;0.124701;-0.253491;-9.98631
39.8809;-172.47;0.55101;0.13292;-0.230474;-9.75893
48.7064;-172.47;0.589561;0.141046;-0.205966;-9.48199
57.5318;-172.47;0.590084;0.14851;-0.192145;-9.1584
66.3573;-172.47;0.586612;0.150265;-0.181135;-8.80769
75.1828;-172.47;0.577525;0.150179;-0.165745;-8.4061
84.0082;-172.47;0.563204;0.15005;-0.144343;-7.94966
92.8337;-172.47;0.555445;0.149728;-0.122193;-7.45567
101.659;-172.47;0.583801;0.143589;-0.0997119;-6.94923
110.485;-172.47;0.627017;0.131236;-0.0799006;-6.42651
119.31;-172.47;0.619253;0.120987;-0.0641948;-5.83126
128.135;-172.47;0.585312;0.112603;-0.0509026;-5.18212
136.961;-172.47;0.595444;0.103053;-0.0342105;-4.53315
145.786;-172.47;0.723219;0.0898183;-0.013084;-3.94424
154.612;-172.47;1.05699;0.0732477;0.0103522;-3.47128
163.437;-172.47;1.37336;0.0565282;0.0327928;-2.99004
172.263;-172.47;1.66426;0.0266787;0.0457036;-2.43866
-145.454;-181.296;0.304358;0.0138615;-0.0246809;-2.45678
-136.628;-181.296;0.253576;0.000683612;-0.0466079;-3.13024
-127.803;-181.296;0.213475;-0.013784;-0.0727254;-3.80603
-118.977;-181.296;0.171922;-0.0226415;-0.0936221;-4.42307
-110.152;-181.296;0.166238;-0.0173528;-0.112895;-5.04218
-101.326;-181.296;0.0982794;-0.00181027;-0.136077;-5.59562
-92.5009;-181.296;0.0116049;0.00160793;-0.158774;-6.08646
-83.6754;-181.296;0.0273832;-0.000929591;-0.174015;-6.55822
-74.85;-181.296;0.123015;-0.0028845;-0.18999;-7.06803
-66.0245;-181.296;0.143232;-0.00266139;-0.206822;-7.49051
-57.1991;-181.296;0.0148042;0.000400032;-0.228153;-7.81291
-48.3736;-181.296;0.0159366;0.00789343;-0.243625;-8.16459
-39.5482;-181.296;0.222437;0.0144887;-0.25652;-8.59732
-30.7227;-181.296;0.311543;0.025327;-0.270784;-8.87231
-21.8972;-181.296;0.339021;0.041866;-0.279585;-9.03077
-13.0718;-181.296;0.479114;0.0593978;-0.278978;-9.21612
-4.24634;-181.296;0.743259;0.0765967;-0.271807;-9.46974
4.57912;-181.296;0.76888;0.0920451;-0.266635;-9.52018
13.4046;-181.296;0.754919;0.0998833;-0.253796;-9.4453
22.23;-181.296;0.671556;0.105591;-0.233463;-9.25877
31.0555;-181.296;0.566281;0.11002;-0.209298;-8.97543
39.8809;-181.296;0.513767;0.117672;-0.185928;-8.68334
48.7064;-181.296;0.54517;0.124872;-0.162994;-8.40464
57.5318;-181.296;0.542997;0.132132;-0.147353;-8.09755
66.3573;-181.296;0.53656;0.132803;-0.136014;-7.76392
75.1828;-181.296;0.540784;0.131431;-0.121198;-7.38211
84.0082;-181.296;0.543684;0.132245;-0.102207;-6.95538
92.8337;-181.296;0.53725;0.13416;-0.0860239;-6.48821
101.659;-181.296;0.536837;0.129827;-0.0709503;-5.99188
110.485;-181.296;0.562105;0.117379;-0.0556267;-5.48458
119.31;-181.296;0.586667;0.105974;-0.0406728;-4.94146
128.135;-181.296;0.618418;0.0973418;-0.0283235;-4.37238
136.961;-181.296;0.693757;0.0873386;-0.0146805;-3.80171
145.786;-181.296;0.875015;0.0740932;-0.000369127;-3.28402
154.612;-181.296;1.09588;0.0600031;0.0136102;-2.76004
163.437;-181.296;1.27883;0.0410188;0.0302089;-2.18224
-136.628;-190.121;0.19613;0.00698604;-0.0248728;-2.26357
-127.803;-190.121;0.162143;-0.00573724;-0.0436445;-2.90147
-118.977;-190.121;0.114246;-0.0167978;-0.0621862;-3.50819
-110.152;-190.121;0.0842868;-0.012999;-0.0817293;-4.10257
-101.326;-190.121;-0.015994;0.00643229;-0.101293;-4.60324
-92.5009;-190.121;-0.166291;0.0116192;-0.122619;-5.02915
-83.6754;-190.121;-0.167756;0.00907343;-0.137637;-5.49135
-74.85;-190.121;-0.0250949;0.00611549;-0.15169;-6.02243
-66.0245;-190.121;0.0898463;0.00569142;-0.165689;-6.49406
-57.1991;-190.121;0.054378;0.00823429;-0.18195;-6.84124
-48.3736;-190.121;0.0591765;0.0154951;-0.194604;-7.16389
-39.5482;-190.121;0.165635;0.020214;-0.204593;-7.51524
-30.7227;-190.121;0.257111;0.0267796;-0.213835;-7.80017
-21.8972;-190.121;0.354962;0.0413494;-0.219858;-8.02037
-13.0718;-190.121;0.510745;0.0616408;-0.225108;-8.23967
-4.24634;-190.121;0.685397;0.0771056;-0.225353;-8.40222
4.57912;-190.121;0.685484;0.0846163;-0.219502;-8.38339
13.4046;-190.121;0.573083;0.0896033;-0.208357;-8.23658
22.23;-190.121;0.470705;0.0925982;-0.191076;-8.0303
31.0555;-190.121;0.3864;0.097694;-0.171504;-7.78249
39.8809;-190.121;0.354107;0.104733;-0.150216;-7.5211
48.7064;-190.121;0.390468;0.111815;-0.128702;-7.26634
57.5318;-190.121;0.402613;0.117315;-0.111852;-6.98197
66.3573;-190.121;0.418893;0.11764;-0.096257;-6.66362
75.1828;-190.121;0.45553;0.115715;-0.0783173;-6.30915
84.0082;-190.121;0.485849;0.116681;-0.0611016;-5.92327
92.8337;-190.121;0.491425;0.119536;-0.0522546;-5.49716
101.659;-190.121;0.486417;0.116832;-0.0456251;-5.02601
110.485;-190.121;0.500954;0.1078;-0.0388848;-4.54085
119.31;-190.121;0.528682;0.0987858;-0.0303104;-4.03317
128.135;-190.121;0.579323;0.089823;-0.0204766;-3.50595
136.961;-190.121;0.667171;0.0795904;-0.00925646;-2.96183
145.786;-190.121;0.814931;0.0645659;0.00515124;-2.43174
154.612;-190.121;0.938992;0.0485546;0.0207528;-1.84743
-118.977;-198.947;0.101305;-0.000500258;-0.0262129;-2.59445
-110.152;-198.947;0.0919557;0.00197059;-0.0419201;-3.14587
-101.326;-198.947;-0.03895;0.0161768;-0.0643465;-3.63857
-92.5009;-198.947;-0.258473;0.0202128;-0.0895547;-4.03924
-83.6754;-198.947;-0.269998;0.0195564;-0.103783;-4.51334
-74.85;-198.947;-0.11751;0.0182717;-0.11351;-5.03734
-66.0245;-198.947;0.0506661;0.0172988;-0.123729;-5.51968
-57.1991;-198.947;0.120925;0.0169978;-0.136233;-5.89382
-48.3736;-198.947;0.125112;0.0223906;-0.149077;-6.19862
-39.5482;-198.947;0.161835;0.0259877;-0.159615;-6.4794
-30.7227;-198.947;0.192786;0.0292231;-0.17232;-6.72644
-21.8972;-198.947;0.261822;0.0406133;-0.182065;-6.92722
-13.0718;-198.947;0.384024;0.0592398;-0.189639;-7.10641
-4.24634;-198.947;0.494842;0.0724892;-0.18759;-7.18777
4.57912;-198.947;0.467864;0.0771168;-0.180564;-7.13176
13.4046;-198.947;0.38772;0.0770322;-0.169277;-6.99126
22.23;-198.947;0.32086;0.0779283;-0.15609;-6.82329
31.0555;-198.947;0.256281;0.0819785;-0.140777;-6.61854
39.8809;-198.947;0.22392;0.0867951;-0.12107;-6.38275
48.7064;-198.947;0.24645;0.0925561;-0.0998009;-6.14318
57.5318;-198.947;0.275248;0.0974164;-0.0807906;-5.87891
66.3573;-198.947;0.317322;0.0993746;-0.0597719;-5.57672
75.1828;-198.947;0.377048;0.0978089;-0.0374154;-5.24544
84.0082;-198.947;0.426127;0.0976295;-0.0207285;-4.89119
92.8337;-198.947;0.45057;0.0987897;-0.0167057;-4.49965
101.659;-198.947;0.4691;0.0986267;-0.0168419;-4.06919
110.485;-198.947;0.49691;0.0942352;-0.0165843;-3.61768
119.31;-198.947;0.520972;0.0884153;-0.0132029;-3.12006
128.135;-198.947;0.546241;0.0801925;-0.00949936;-2.59989
136.961;-198.947;0.599508;0.0689686;-0.00126979;-2.06683
145.786;-198.947;0.70021;0.0528656;0.015986;-1.51667
-118.977;-207.772;0.015966;0.0159439;-0.00031927;-1.6682
-110.152;-207.772;0.052824;0.0198246;-0.0149598;-2.20743
-101.326;-207.772;-0.0357196;0.0246646;-0.0401943;-2.70455
-92.5009;-207.772;-0.202745;0.0227288;-0.0653237;-3.13805
-83.6754;-207.772;-0.18943;0.0219127;-0.073812;-3.60103
-74.85;-207.772;-0.099069;0.0230246;-0.0796954;-4.07802
-66.0245;-207.772;0.0068562;0.0232927;-0.0907599;-4.50916
-57.1991;-207.772;0.0729841;0.0241981;-0.101035;-4.85572
-48.3736;-207.772;0.0949409;0.0271133;-0.114013;-5.14608
-39.5482;-207.772;0.101438;0.0299136;-0.126755;-5.39274
-30.7227;-207.772;0.117571;0.0318803;-0.140019;-5.60244
-21.8972;-207.772;0.157902;0.0395467;-0.151605;-5.76513
-13.0718;-207.772;0.226734;0.0536932;-0.161674;-5.89598
-4.24634;-207.772;0.287244;0.0646284;-0.162745;-5.9505
4.57912;-207.772;0.276505;0.0656484;-0.157075;-5.91046
13.4046;-207.772;0.246487;0.061795;-0.146357;-5.8129
22.23;-207.772;0.219207;0.0621531;-0.132637;-5.68334
31.0555;-207.772;0.178043;0.0649465;-0.113792;-5.50187
39.8809;-207.772;0.152058;0.0683033;-0.0902746;-5.29001
48.7064;-207.772;0.171894;0.0717484;-0.0660329;-5.07144
57.5318;-207.772;0.227036;0.0743935;-0.0438967;-4.83478
66.3573;-207.772;0.300329;0.0771748;-0.0191878;-4.55404
75.1828;-207.772;0.370197;0.0758486;0.0050212;-4.24349
84.0082;-207.772;0.431398;0.0755707;0.0201174;-3.9214
92.8337;-207.772;0.490845;0.0772179;0.0221578;-3.56984
101.659;-207.772;0.534642;0.0796137;0.0186907;-3.18458
110.485;-207.772;0.567047;0.0778509;0.0122686;-2.74195
119.31;-207.772;0.574345;0.0716613;0.0104936;-2.2473
128.135;-207.772;0.574192;0.0633257;0.010725;-1.72647
136.961;-207.772;0.578027;0.0524313;0.017705;-1.18521
-83.6754;-216.598;-0.150553;0.023563;-0.0460569;-2.67158
-74.85;-216.598;-0.0698529;0.0254451;-0.0499821;-3.0861
-66.0245;-216.598;-0.0211978;0.0276868;-0.060585;-3.47312
-57.1991;-216.598;0.0016285;0.0286438;-0.0699974;-3.78799
-48.3736;-216.598;0.00145107;0.029657;-0.0830156;-4.06366
-39.5482;-216.598;0.0199876;0.0325608;-0.0961601;-4.29109
-30.7227;-216.598;0.0559018;0.036279;-0.10895;-4.47612
-21.8972;-216.598;0.0952491;0.0418409;-0.120198;-4.61472
-13.0718;-216.598;0.135929;0.0490224;-0.130408;-4.71
-4.24634;-216.598;0.161466;0.054413;-0.135985;-4.75482
4.57912;-216.598;0.151133;0.0542517;-0.136059;-4.74635
13.4046;-216.598;0.13946;0.0499419;-0.127982;-4.68846
22.23;-216.598;0.120239;0.0490133;-0.108862;-4.56435
31.0555;-216.598;0.0958551;0.049115;-0.0816611;-4.38346
39.8809;-216.598;0.104025;0.049625;-0.0520464;-4.19631
48.7064;-216.598;0.171168;0.0504389;-0.0230972;-4.0282
57.5318;-216.598;0.285476;0.0515791;0.00312311;-3.85869
66.3573;-216.598;0.389844;0.0563053;0.0284551;-3.62566
75.1828;-216.598;0.473421;0.0580182;0.0476112;-3.34798
84.0082;-216.598;0.56478;0.0618311;0.059163;-3.078
92.8337;-216.598;0.660815;0.0627362;0.0574162;-2.76764
101.659;-216.598;0.730768;0.0589801;0.0489143;-2.38447
110.485;-216.598;0.718139;0.0546551;0.0361709;-1.91109
-83.6754;-225.423;-0.133148;0.0280782;-0.0140824;-1.69217
-74.85;-225.423;-0.0454036;0.0292446;-0.0203528;-2.08929
-66.0245;-225.423;-0.0131855;0.0312455;-0.0309529;-2.44099
-57.1991;-225.423;-0.0169903;0.0310569;-0.039559;-2.73462
-48.3736;-225.423;-0.03701;0.0301648;-0.0490239;-2.99593
-39.5482;-225.423;-0.0055027;0.0320982;-0.0611109;-3.22168
-30.7227;-225.423;0.0465333;0.0375137;-0.0734349;-3.40596
-21.8972;-225.423;0.0782624;0.0434401;-0.0866703;-3.53817
-13.0718;-225.423;0.0952924;0.0474789;-0.0967296;-3.623
-4.24634;-225.423;0.0945464;0.0494292;-0.102945;-3.66148
4.57912;-225.423;0.0654043;0.048992;-0.105592;-3.64674
13.4046;-225.423;0.0276722;0.0443902;-0.0995737;-3.57627
22.23;-225.423;0.00210755;0.0404371;-0.0731166;-3.43449
31.0555;-225.423;0.00972294;0.0393052;-0.0395386;-3.27917
39.8809;-225.423;0.112327;0.038588;-0.00708631;-3.16196
48.7064;-225.423;0.247565;0.0395955;0.022737;-3.07048
57.5318;-225.423;0.436433;0.039438;0.0491887;-2.97462
66.3573;-225.423;0.527002;0.0471956;0.070579;-2.79826
75.1828;-225.423;0.606364;0.0526157;0.0803665;-2.53792
84.0082;-225.423;0.686016;0.0531932;0.0758249;-2.22896
92.8337;-225.423;0.711629;0.0529757;0.0705557;-1.87033
-39.5482;-234.249;0.0306207;0.0318342;-0.0232122;-2.19792
-30.7227;-234.249;0.0831289;0.0361621;-0.0379262;-2.38693
-21.8972;-234.249;0.0934164;0.0413694;-0.0538476;-2.51484
-13.0718;-234.249;0.0837572;0.0442927;-0.0631025;-2.58067
-4.24634;-234.249;0.0577434;0.0458519;-0.0678187;-2.59949
4.57912;-234.249;0.00689619;0.0450321;-0.0674287;-2.55671
13.4046;-234.249;-0.0793437;0.0394437;-0.0596117;-2.45068
22.23;-234.249;-0.0531941;0.034717;-0.0286907;-2.35213
31.0555;-234.249;0.0867969;0.0355592;0.00431502;-2.32738
39.8809;-234.249;0.350686;0.0345569;0.0320494;-2.32203
48.7064;-234.249;0.536908;0.0329594;0.0505667;-2.25154
57.5318;-234.249;0.540877;0.0337476;0.0603831;-2.06374
66.3573;-234.249;0.400515;0.0433204;0.0611475;-1.76493
75.1828;-234.249;0.247771;0.0484644;0.0540531;-1.39506
-4.24634;-243.074;0.085174;0.0449558;-0.0289198;-1.60005
4.57912;-243.074;0.0448187;0.0446255;-0.030207;-1.57984
13.4046;-243.074;-0.0103361;0.0384683;-0.0222221;-1.5163
22.23;-243.074;0.19242;0.0362483;0.00733971;-1.54597
31.0555;-243.074;0.548206;0.0375233;0.0402623;-1.64017
