x[mm];y[mm];z[mm];x-displacement[mm];y-displacement[mm];z-displacement[mm]
-4.24634;224.675;0.375758;0.0396141;0.0677422;-2.10126
4.57912;224.675;0.279688;0.045456;0.0668739;-2.09705
13.4046;224.675;0.244098;0.0508015;0.0673848;-2.07511
22.23;224.675;0.214277;0.0523907;0.0614709;-2.0068
31.0555;224.675;0.169214;0.052311;0.0568542;-1.89887
-39.5482;215.85;0.228536;0.0256362;0.0990903;-2.42675
-30.7227;215.85;0.132185;0.027495;0.105127;-2.55558
-21.8972;215.85;0.00690536;0.0334417;0.0969779;-2.59952
-13.0718;215.85;-0.0678567;0.0461519;0.0890379;-2.70361
-4.24634;215.85;-0.0400073;0.0515626;0.0863198;-2.80889
4.57912;215.85;-0.0137488;0.0542138;0.0926276;-2.89155
13.4046;215.85;0.00217642;0.0565392;0.100987;-2.91765
22.23;215.85;0.0324511;0.0571666;0.100355;-2.89092
31.0555;215.85;0.0670344;0.0598006;0.0951198;-2.83033
39.8809;215.85;0.0771415;0.0629029;0.0858583;-2.71588
48.7064;215.85;0.0358777;0.0651085;0.0756187;-2.54976
57.5318;215.85;-0.0227074;0.0665011;0.0654024;-2.33041
66.3573;215.85;-0.0863275;0.0657314;0.0644755;-2.08561
75.1828;215.85;-0.127406;0.0630232;0.0629591;-1.81754
-74.85;207.024;0.59461;0.0155258;0.0712916;-2.32352
-66.0245;207.024;0.486612;0.0246193;0.078878;-2.61495
-57.1991;207.024;0.307945;0.028846;0.0920397;-2.86088
-48.3736;207.024;0.233351;0.0266601;0.107658;-3.14491
-39.5482;207.024;0.145739;0.0273729;0.11937;-3.34316
-30.7227;207.024;-0.153578;0.0328373;0.132183;-3.36452
-21.8972;207.024;-0.444783;0.038339;0.129379;-3.29499
-13.0718;207.024;-0.518978;0.0489992;0.11916;-3.37058
-4.24634;207.024;-0.398179;0.056644;0.110604;-3.52682
4.57912;207.024;-0.29085;0.0611804;0.119716;-3.68361
13.4046;207.024;-0.188586;0.0637644;0.130576;-3.78116
22.23;207.024;-0.0832845;0.0652792;0.130922;-3.81467
31.0555;207.024;0.00173202;0.0688474;0.123294;-3.78515
39.8809;207.024;0.0396905;0.0743681;0.111294;-3.68682
48.7064;207.024;0.0246193;0.0782469;0.0980402;-3.52514
57.5318;207.024;-0.0306136;0.0797982;0.0891141;-3.29999
66.3573;207.024;-0.0857333;0.0800356;0.0898673;-3.05236
75.1828;207.024;-0.119264;0.0776957;0.0901324;-2.7792
84.0082;207.024;-0.122125;0.0725424;0.0836103;-2.47397
92.8337;207.024;-0.102492;0.0679999;0.0674074;-2.12064
-110.152;198.199;0.893724;0.0178805;0.0408272;-1.5953
-101.326;198.199;0.790244;0.0120029;0.0572708;-2.05029
-92.5009;198.199;0.684541;0.00242335;0.0741323;-2.50554
-83.6754;198.199;0.63034;-0.00448654;0.0865492;-2.94235
-74.85;198.199;0.540479;0.00245777;0.0953949;-3.33631
-66.0245;198.199;0.373743;0.0181904;0.100191;-3.61384
-57.1991;198.199;0.150043;0.0314272;0.112637;-3.82438
-48.3736;198.199;0.108936;0.0309209;0.123004;-4.07899
-39.5482;198.199;0.0654755;0.0327762;0.129975;-4.28851
-30.7227;198.199;-0.178439;0.0379551;0.143866;-4.34121
-21.8972;198.199;-0.383967;0.0404482;0.14369;-4.32074
-13.0718;198.199;-0.404249;0.0481502;0.133279;-4.41167
-4.24634;198.199;-0.259576;0.0557768;0.122395;-4.56872
4.57912;198.199;-0.149092;0.0611623;0.130945;-4.7246
13.4046;198.199;-0.0598719;0.0663023;0.142987;-4.82556
22.23;198.199;0.00467943;0.0711849;0.14552;-4.85051
31.0555;198.199;0.0444207;0.0763201;0.139901;-4.80177
39.8809;198.199;0.062254;0.0819527;0.129601;-4.6922
48.7064;198.199;0.0619776;0.0866609;0.118079;-4.52992
57.5318;198.199;0.0215814;0.0896805;0.10905;-4.30374
66.3573;198.199;-0.0206234;0.0919022;0.107287;-4.04838
75.1828;198.199;-0.044663;0.0911625;0.104676;-3.76304
84.0082;198.199;-0.0387745;0.0871765;0.0983241;-3.44047
92.8337;198.199;-0.0265803;0.081017;0.0866798;-3.08048
101.659;198.199;-0.010551;0.0754631;0.0719612;-2.67588
110.485;198.199;0.0169507;0.0678713;0.0545941;-2.24583
-110.152;189.373;0.930837;0.00411918;0.0534634;-2.49387
-101.326;189.373;0.892086;-0.00088665;0.0636643;-2.99765
-92.5009;189.373;0.791371;-0.0103968;0.0793882;-3.47084
-83.6754;189.373;0.655952;-0.0202474;0.100657;-3.90793
-74.85;189.373;0.473169;-0.0130498;0.115432;-4.27034
-66.0245;189.373;0.255245;0.0103463;0.124982;-4.56567
-57.1991;189.373;0.0654671;0.0291067;0.125906;-4.74331
-48.3736;189.373;0.000737889;0.0296273;0.133525;-4.98026
-39.5482;189.373;0.0191545;0.0326404;0.136039;-5.2551
-30.7227;189.373;-0.0364448;0.0394329;0.146905;-5.46249
-21.8972;189.373;-0.082711;0.0457;0.147665;-5.58826
-13.0718;189.373;-0.0487373;0.0541836;0.139546;-5.71888
-4.24634;189.373;0.0601943;0.0621013;0.131424;-5.8509
4.57912;189.373;0.120273;0.0673043;0.13945;-5.9504
13.4046;189.373;0.149755;0.0722356;0.149606;-5.97683
22.23;189.373;0.152561;0.0775517;0.153646;-5.94153
31.0555;189.373;0.146051;0.0825695;0.150554;-5.85624
39.8809;189.373;0.144224;0.0872696;0.14295;-5.72903
48.7064;189.373;0.148461;0.09202;0.13447;-5.55701
57.5318;189.373;0.119586;0.0967327;0.126462;-5.32288
66.3573;189.373;0.0844441;0.100484;0.12026;-5.05175
75.1828;189.373;0.0629578;0.101252;0.113899;-4.74933
84.0082;189.373;0.0600902;0.0985542;0.106723;-4.41532
92.8337;189.373;0.0644549;0.0934052;0.0982865;-4.04378
101.659;189.373;0.0664289;0.0878242;0.0863281;-3.62438
110.485;189.373;0.0848117;0.0815778;0.0702565;-3.16026
119.31;189.373;0.124769;0.0727115;0.0508893;-2.68755
128.135;189.373;0.179572;0.0619612;0.0317429;-2.19425
136.961;189.373;0.201108;0.0464266;0.00921492;-1.63403
-127.803;180.548;1.05846;0.00412533;0.0266722;-2.24327
-118.977;180.548;0.997956;-0.00719498;0.0458495;-2.80055
-110.152;180.548;0.970836;-0.0141225;0.0619144;-3.34863
-101.326;180.548;0.96254;-0.0216573;0.0704108;-3.85762
-92.5009;180.548;0.807726;-0.0310518;0.0934391;-4.30728
-83.6754;180.548;0.539784;-0.0418564;0.127998;-4.68342
-74.85;180.548;0.348888;-0.0308407;0.145281;-5.08011
-66.0245;180.548;0.265878;0.000429255;0.140313;-5.50662
-57.1991;180.548;0.201836;0.0241125;0.126855;-5.77182
-48.3736;180.548;0.0658138;0.0257375;0.138023;-6.01321
-39.5482;180.548;0.0982304;0.0257042;0.140439;-6.2791
-30.7227;180.548;0.155431;0.0319491;0.147195;-6.54237
-21.8972;180.548;0.209804;0.039831;0.147805;-6.73886
-13.0718;180.548;0.26204;0.0487712;0.144239;-6.89025
-4.24634;180.548;0.305143;0.0568292;0.142395;-6.99606
4.57912;180.548;0.300953;0.0626479;0.150584;-7.04294
13.4046;180.548;0.280497;0.070547;0.159645;-7.02663
22.23;180.548;0.257491;0.0783481;0.163873;-6.96914
31.0555;180.548;0.245243;0.0848246;0.161901;-6.87771
39.8809;180.548;0.246722;0.0902256;0.155872;-6.74805
48.7064;180.548;0.251238;0.0956634;0.149663;-6.56732
57.5318;180.548;0.224418;0.1015;0.143485;-6.3253
66.3573;180.548;0.193296;0.105785;0.13527;-6.045
75.1828;180.548;0.177118;0.10748;0.127376;-5.73395
84.0082;180.548;0.172933;0.106754;0.12105;-5.38807
92.8337;180.548;0.161004;0.104455;0.115066;-4.99547
101.659;180.548;0.133258;0.10135;0.105137;-4.54316
110.485;180.548;0.128493;0.0934899;0.0887823;-4.05138
119.31;180.548;0.152883;0.083293;0.0691878;-3.54724
128.135;180.548;0.207737;0.074346;0.0493426;-3.04207
136.961;180.548;0.270701;0.0638157;0.0297879;-2.52234
145.786;180.548;0.262011;0.0514498;0.00633715;-1.91389
154.612;180.548;0.195857;0.0333121;-0.019951;-1.21609
-136.628;171.722;1.14351;-0.00900404;0.0305892;-2.47362
-127.803;171.722;1.06686;-0.0177954;0.0459723;-3.05691
-118.977;171.722;0.968487;-0.0287839;0.0667524;-3.63527
-110.152;171.722;0.91058;-0.0388873;0.0849155;-4.19815
-101.326;171.722;0.8803;-0.0470049;0.0930612;-4.70932
-92.5009;171.722;0.628931;-0.0585504;0.126134;-5.12438
-83.6754;171.722;0.300046;-0.0674665;0.170633;-5.50204
-74.85;171.722;0.291085;-0.0500683;0.175972;-5.95838
-66.0245;171.722;0.460908;-0.012277;0.146733;-6.4896
-57.1991;171.722;0.522507;0.015111;0.122278;-6.84927
-48.3736;171.722;0.364773;0.0181764;0.136739;-7.10218
-39.5482;171.722;0.305224;0.0206561;0.151194;-7.3339
-30.7227;171.722;0.324616;0.0278595;0.162707;-7.5731
-21.8972;171.722;0.359439;0.0357593;0.16641;-7.76081
-13.0718;171.722;0.375868;0.0439009;0.167045;-7.89566
-4.24634;171.722;0.361798;0.0520399;0.169057;-7.97603
4.57912;171.722;0.320094;0.0598939;0.174126;-7.99769
13.4046;171.722;0.294483;0.0696651;0.179918;-7.97593
22.23;171.722;0.285953;0.0796026;0.183946;-7.93064
31.0555;171.722;0.301115;0.0887103;0.182718;-7.85632
39.8809;171.722;0.327054;0.0968708;0.177238;-7.73716
48.7064;171.722;0.33724;0.104237;0.171831;-7.55638
57.5318;171.722;0.313679;0.110287;0.165779;-7.31278
66.3573;171.722;0.294204;0.114057;0.157148;-7.03429
75.1828;171.722;0.291278;0.11569;0.148182;-6.72134
84.0082;171.722;0.287603;0.116033;0.141106;-6.36172
92.8337;171.722;0.25443;0.116076;0.135901;-5.94079
101.659;171.722;0.190846;0.116684;0.126948;-5.45436
110.485;171.722;0.172383;0.110406;0.109424;-4.94417
119.31;171.722;0.185627;0.10085;0.089377;-4.42278
128.135;171.722;0.211511;0.0907828;0.070828;-3.88822
136.961;171.722;0.236322;0.081333;0.052644;-3.33098
145.786;171.722;0.31376;0.0672585;0.0298483;-2.74924
154.612;171.722;0.23832;0.0555291;0.00834223;-2.06516
163.437;171.722;0.0883176;0.0417931;-0.00415475;-1.34755
-145.454;162.897;1.15461;-0.0157241;0.0361539;-2.60214
-136.628;162.897;1.13588;-0.0247142;0.0483398;-3.23393
-127.803;162.897;1.0774;-0.0321;0.0645051;-3.85532
-118.977;162.897;0.980421;-0.0429181;0.084904;-4.43985
-110.152;162.897;0.914287;-0.0540445;0.101615;-5.01219
-101.326;162.897;0.871911;-0.0635726;0.107707;-5.52996
-92.5009;162.897;0.650106;-0.0746018;0.135428;-5.9899
-83.6754;162.897;0.420197;-0.0777076;0.169133;-6.4199
-74.85;162.897;0.58986;-0.0540475;0.162699;-6.93591
-66.0245;162.897;0.807345;-0.0167622;0.12896;-7.46955
-57.1991;162.897;0.779558;0.0091599;0.11481;-7.86286
-48.3736;162.897;0.601513;0.014231;0.136736;-8.11301
-39.5482;162.897;0.529642;0.0189592;0.158076;-8.3323
-30.7227;162.897;0.517672;0.0259095;0.175347;-8.55003
-21.8972;162.897;0.500015;0.0344506;0.184807;-8.71959
-13.0718;162.897;0.463971;0.0436008;0.189997;-8.83669
-4.24634;162.897;0.419105;0.0529959;0.193855;-8.90569
4.57912;162.897;0.379074;0.0631316;0.196114;-8.93037
13.4046;162.897;0.364858;0.0734987;0.199485;-8.923
22.23;162.897;0.363894;0.0830505;0.204903;-8.89057
31.0555;162.897;0.384962;0.0937632;0.20606;-8.8231
39.8809;162.897;0.419324;0.105227;0.202248;-8.70925
48.7064;162.897;0.442699;0.114328;0.197625;-8.5326
57.5318;162.897;0.421008;0.119876;0.190929;-8.28698
66.3573;162.897;0.389526;0.123457;0.181105;-7.992
75.1828;162.897;0.377531;0.125446;0.170917;-7.66175
84.0082;162.897;0.368036;0.126959;0.162234;-7.28779
92.8337;162.897;0.330358;0.128175;0.155231;-6.85263
101.659;162.897;0.260863;0.130175;0.146659;-6.35646
110.485;162.897;0.26187;0.125481;0.128622;-5.85934
119.31;162.897;0.299042;0.116568;0.10655;-5.34532
128.135;162.897;0.344955;0.106053;0.0847356;-4.80273
136.961;162.897;0.382717;0.0950065;0.062704;-4.22257
145.786;162.897;0.416761;0.0817803;0.0391087;-3.60846
154.612;162.897;0.332867;0.069652;0.0230407;-2.90586
163.437;162.897;0.230206;0.0577922;0.0191341;-2.188
-163.105;154.071;1.20252;0.004803;0.020717;-1.90329
-154.279;154.071;1.13906;-0.0141116;0.0380162;-2.62211
-145.454;154.071;1.11547;-0.0278068;0.0524079;-3.31693
-136.628;154.071;1.12115;-0.0327986;0.0619399;-3.97796
-127.803;154.071;1.08164;-0.0396303;0.0781485;-4.616
-118.977;154.071;1.01224;-0.0499591;0.0967014;-5.22478
-110.152;154.071;0.97436;-0.0614053;0.110139;-5.81502
-101.326;154.071;0.972763;-0.0707009;0.112447;-6.37534
-92.5009;154.071;0.860946;-0.0762941;0.124547;-6.90202
-83.6754;154.071;0.790592;-0.0705743;0.138074;-7.39014
-74.85;154.071;0.89014;-0.0458484;0.137614;-7.9471
-66.0245;154.071;0.954122;-0.0170702;0.122281;-8.41738
-57.1991;154.071;0.857777;0.00221675;0.121277;-8.76522
-48.3736;154.071;0.692038;0.00869548;0.143686;-9.00657
-39.5482;154.071;0.652509;0.0148325;0.165489;-9.24472
-30.7227;154.071;0.644239;0.0219912;0.183991;-9.46753
-21.8972;154.071;0.627721;0.0324457;0.195003;-9.63986
-13.0718;154.071;0.58993;0.0431819;0.203178;-9.7607
-4.24634;154.071;0.53875;0.0531713;0.210923;-9.83538
4.57912;154.071;0.495007;0.0647396;0.21538;-9.8712
13.4046;154.071;0.479858;0.0750422;0.219476;-9.87002
22.23;154.071;0.456536;0.0844703;0.226415;-9.83035
31.0555;154.071;0.446423;0.0967021;0.228465;-9.74559
39.8809;154.071;0.455528;0.110683;0.225185;-9.61972
48.7064;154.071;0.466134;0.120958;0.221331;-9.43601
57.5318;154.071;0.427753;0.12728;0.216564;-9.17597
66.3573;154.071;0.381533;0.132915;0.20707;-8.86155
75.1828;154.071;0.375794;0.136384;0.194856;-8.52361
84.0082;154.071;0.389735;0.138718;0.18177;-8.15453
92.8337;154.071;0.385538;0.139393;0.169719;-7.72781
101.659;154.071;0.349303;0.139356;0.16015;-7.23568
110.485;154.071;0.367342;0.134688;0.144714;-6.74472
119.31;154.071;0.416055;0.126917;0.123492;-6.23057
128.135;154.071;0.460767;0.116789;0.0986888;-5.6691
136.961;154.071;0.471651;0.10555;0.0729228;-5.05194
145.786;154.071;0.468605;0.0926887;0.0501427;-4.41066
154.612;154.071;0.397623;0.079901;0.0351867;-3.71628
163.437;154.071;0.311385;0.0683067;0.0293362;-2.9738
172.263;154.071;0.253158;0.0557335;0.0284018;-2.23595
181.088;154.071;0.265392;0.0400365;0.0271149;-1.46005
-171.93;145.246;1.12975;0.0122076;0.0150549;-1.79866
-163.105;145.246;1.1641;-0.00489817;0.0298459;-2.55741
-154.279;145.246;1.11817;-0.0230824;0.0465043;-3.30153
-145.454;145.246;1.09692;-0.0353001;0.0610035;-4.01622
-136.628;145.246;1.09647;-0.0424243;0.0735808;-4.70039
-127.803;145.246;1.06622;-0.0497458;0.0886369;-5.35913
-118.977;145.246;1.0209;-0.0591942;0.103818;-5.98604
-110.152;145.246;0.999578;-0.0696444;0.115333;-6.60033
-101.326;145.246;1.01174;-0.0770826;0.118886;-7.19916
-92.5009;145.246;0.99025;-0.0770431;0.122484;-7.77207
-83.6754;145.246;0.99117;-0.0655669;0.128238;-8.29963
-74.85;145.246;1.00651;-0.0460686;0.130113;-8.79991
-66.0245;145.246;0.966159;-0.0262895;0.127792;-9.2243
-57.1991;145.246;0.852637;-0.0113457;0.132952;-9.55709
-48.3736;145.246;0.72729;-0.0024364;0.151164;-9.81188
-39.5482;145.246;0.702204;0.00526828;0.172441;-10.0852
-30.7227;145.246;0.69207;0.0142809;0.190364;-10.3231
-21.8972;145.246;0.674958;0.0284983;0.200966;-10.5054
-13.0718;145.246;0.632476;0.0424405;0.211357;-10.6385
-4.24634;145.246;0.57001;0.0536478;0.224204;-10.7192
4.57912;145.246;0.513373;0.0657559;0.233575;-10.7558
13.4046;145.246;0.489802;0.0765219;0.239704;-10.7465
22.23;145.246;0.459978;0.0864289;0.24533;-10.6948
31.0555;145.246;0.436727;0.0991792;0.245213;-10.5941
39.8809;145.246;0.426509;0.113175;0.241074;-10.4532
48.7064;145.246;0.420906;0.123313;0.237708;-10.2591
57.5318;145.246;0.390984;0.13054;0.235924;-9.99901
66.3573;145.246;0.366716;0.138713;0.228776;-9.69213
75.1828;145.246;0.38773;0.144428;0.216915;-9.37022
84.0082;145.246;0.431634;0.1478;0.201515;-9.02026
92.8337;145.246;0.465293;0.147592;0.185474;-8.61024
101.659;145.246;0.471788;0.145848;0.173954;-8.13151
110.485;145.246;0.488642;0.142812;0.161375;-7.63486
119.31;145.246;0.512269;0.138575;0.142574;-7.09715
128.135;145.246;0.525369;0.130577;0.117302;-6.49915
136.961;145.246;0.514664;0.118475;0.0896446;-5.84602
145.786;145.246;0.494587;0.10507;0.0666157;-5.18327
154.612;145.246;0.443393;0.0919776;0.0487025;-4.48083
163.437;145.246;0.374303;0.0788543;0.0376636;-3.74196
172.263;145.246;0.309826;0.0655699;0.0284481;-2.96153
181.088;145.246;0.303764;0.049917;0.0258657;-2.19594
189.914;145.246;0.257625;0.0317129;0.0155279;-1.35103
-171.93;136.421;1.1272;0.00623135;0.0241754;-2.41681
-163.105;136.421;1.13201;-0.0111715;0.0363395;-3.20491
-154.279;136.421;1.10889;-0.02899;0.0527973;-3.96195
-145.454;136.421;1.0897;-0.043204;0.0688292;-4.69507
-136.628;136.421;1.06611;-0.0545199;0.0835898;-5.40077
-127.803;136.421;1.03453;-0.0630028;0.0969589;-6.07393
-118.977;136.421;1.00021;-0.0705465;0.108455;-6.71325
-110.152;136.421;0.976495;-0.0780358;0.117475;-7.3328
-101.326;136.421;0.973718;-0.0829222;0.123998;-7.93517
-92.5009;136.421;0.979882;-0.0796736;0.128514;-8.50585
-83.6754;136.421;0.971124;-0.0674488;0.136875;-9.03169
-74.85;136.421;0.960534;-0.0529348;0.140453;-9.51931
-66.0245;136.421;0.908822;-0.0391664;0.142177;-9.94268
-57.1991;136.421;0.818984;-0.0266687;0.148525;-10.2971
-48.3736;136.421;0.735081;-0.0154933;0.164206;-10.5984
-39.5482;136.421;0.699776;-0.00658183;0.185214;-10.8904
-30.7227;136.421;0.670017;0.0055216;0.202324;-11.1313
-21.8972;136.421;0.632726;0.0226265;0.211851;-11.3071
-13.0718;136.421;0.570894;0.0382461;0.221867;-11.4317
-4.24634;136.421;0.492476;0.0505424;0.236485;-11.5056
4.57912;136.421;0.426974;0.0632984;0.250324;-11.5373
13.4046;136.421;0.408886;0.0766674;0.258346;-11.5386
22.23;136.421;0.403583;0.0892706;0.260517;-11.5031
31.0555;136.421;0.398919;0.103295;0.255922;-11.4086
39.8809;136.421;0.388089;0.117332;0.249297;-11.2598
48.7064;136.421;0.371371;0.128368;0.245757;-11.0559
57.5318;136.421;0.35706;0.138402;0.245469;-10.8078
66.3573;136.421;0.363845;0.148702;0.240892;-10.5196
75.1828;136.421;0.389822;0.156369;0.231649;-10.2026
84.0082;136.421;0.420866;0.161292;0.217713;-9.8392
92.8337;136.421;0.450837;0.161615;0.200572;-9.41087
101.659;136.421;0.486847;0.160451;0.18677;-8.94016
110.485;136.421;0.498685;0.159689;0.174683;-8.43619
119.31;136.421;0.494235;0.158181;0.157605;-7.87222
128.135;136.421;0.489489;0.151015;0.133948;-7.24986
136.961;136.421;0.490531;0.137291;0.106612;-6.58814
145.786;136.421;0.47703;0.12266;0.0823517;-5.91359
154.612;136.421;0.443659;0.108626;0.0611843;-5.1963
163.437;136.421;0.383422;0.0955088;0.0453746;-4.43712
172.263;136.421;0.319043;0.0790603;0.0316559;-3.64696
181.088;136.421;0.290374;0.0580184;0.0206804;-2.85576
189.914;136.421;0.275553;0.0419264;0.0146412;-2.01842
-180.755;127.595;1.15316;0.0231028;0.0199038;-2.20054
-171.93;127.595;1.12186;0.00451154;0.0292917;-3.00362
-163.105;127.595;1.08813;-0.0183188;0.0471818;-3.81923
-154.279;127.595;1.07622;-0.036578;0.0634533;-4.59644
-145.454;127.595;1.05949;-0.0536781;0.0801476;-5.35217
-136.628;127.595;1.02683;-0.067634;0.0958389;-6.0793
-127.803;127.595;0.996568;-0.0761622;0.107378;-6.76923
-118.977;127.595;0.965194;-0.080999;0.115628;-7.42478
-110.152;127.595;0.938294;-0.084498;0.122088;-8.05194
-101.326;127.595;0.926748;-0.0862893;0.129759;-8.65439
-92.5009;127.595;0.912986;-0.0810215;0.13873;-9.21906
-83.6754;127.595;0.881609;-0.0697975;0.14846;-9.73962
-74.85;127.595;0.858373;-0.0581652;0.152112;-10.2219
-66.0245;127.595;0.820977;-0.0478288;0.156162;-10.6531
-57.1991;127.595;0.76378;-0.0384607;0.166461;-11.0302
-48.3736;127.595;0.702799;-0.0288543;0.185635;-11.364
-39.5482;127.595;0.660219;-0.0180267;0.206223;-11.6718
-30.7227;127.595;0.610662;-0.00122848;0.222845;-11.922
-21.8972;127.595;0.553821;0.0184875;0.232121;-12.1068
-13.0718;127.595;0.477661;0.0357476;0.240564;-12.2307
-4.24634;127.595;0.395245;0.0502244;0.253509;-12.2993
4.57912;127.595;0.339587;0.0659724;0.267587;-12.3385
13.4046;127.595;0.347598;0.0808998;0.274531;-12.3579
22.23;127.595;0.371056;0.0954445;0.272785;-12.3397
31.0555;127.595;0.389171;0.111523;0.263843;-12.2518
39.8809;127.595;0.38246;0.127204;0.254005;-12.0883
48.7064;127.595;0.348047;0.141123;0.248622;-11.8589
57.5318;127.595;0.304717;0.153532;0.247034;-11.58
66.3573;127.595;0.293317;0.163204;0.244398;-11.2668
75.1828;127.595;0.271681;0.170536;0.238499;-10.9048
84.0082;127.595;0.21958;0.176323;0.227704;-10.4558
92.8337;127.595;0.172103;0.180727;0.211661;-9.95016
101.659;127.595;0.20512;0.182441;0.196245;-9.46627
110.485;127.595;0.236273;0.181848;0.182482;-8.97032
119.31;127.595;0.257112;0.17972;0.164896;-8.42118
128.135;127.595;0.297355;0.17155;0.142426;-7.83245
136.961;127.595;0.355407;0.157632;0.116596;-7.21472
145.786;127.595;0.367758;0.142998;0.0922936;-6.54552
154.612;127.595;0.339977;0.128823;0.070657;-5.8121
163.437;127.595;0.29198;0.115152;0.0537971;-5.04125
172.263;127.595;0.250485;0.097325;0.0378825;-4.2475
181.088;127.595;0.236302;0.0753543;0.0249456;-3.45106
189.914;127.595;0.200733;0.0582243;0.0191821;-2.62573
198.739;127.595;0.158688;0.0412075;0.00856387;-1.73894
207.565;127.595;0.395024;0.0179706;-0.0137916;-0.824133
-189.581;118.77;1.1177;0.0307819;0.0196578;-1.92569
-180.755;118.77;1.09406;0.0158512;0.0277402;-2.74682
-171.93;118.77;1.07296;-0.00605043;0.044466;-3.59112
-163.105;118.77;1.03285;-0.0286978;0.0630368;-4.40919
-154.279;118.77;1.02052;-0.0475715;0.0797112;-5.20923
-145.454;118.77;1.01285;-0.0636049;0.0939369;-5.98271
-136.628;118.77;0.984;-0.0781169;0.109247;-6.72995
-127.803;118.77;0.957453;-0.0863661;0.119784;-7.43713
-118.977;118.77;0.929682;-0.0905948;0.126923;-8.11365
-110.152;118.77;0.912249;-0.0927095;0.131962;-8.75888
-101.326;118.77;0.912634;-0.0920398;0.13786;-9.36733
-92.5009;118.77;0.882581;-0.0862376;0.146253;-9.93106
-83.6754;118.77;0.814427;-0.0781694;0.155647;-10.4563
-74.85;118.77;0.763848;-0.0681738;0.160685;-10.9382
-66.0245;118.77;0.720896;-0.0585003;0.169644;-11.3766
-57.1991;118.77;0.6755;-0.0499799;0.186206;-11.7729
-48.3736;118.77;0.631181;-0.0411888;0.20858;-12.1312
-39.5482;118.77;0.602716;-0.0288412;0.227973;-12.453
-30.7227;118.77;0.572688;-0.00979813;0.240819;-12.7184
-21.8972;118.77;0.530896;0.00965918;0.248545;-12.9288
-13.0718;118.77;0.466832;0.0275388;0.255183;-13.072
-4.24634;118.77;0.403245;0.0441783;0.264787;-13.1518
4.57912;118.77;0.370627;0.0621163;0.276977;-13.2002
13.4046;118.77;0.374062;0.0781791;0.283709;-13.2193
22.23;118.77;0.36351;0.0961883;0.280258;-13.1777
31.0555;118.77;0.345104;0.115789;0.268728;-13.0576
39.8809;118.77;0.30355;0.135447;0.257036;-12.8616
48.7064;118.77;0.212627;0.152055;0.25004;-12.5658
57.5318;118.77;0.0569061;0.16847;0.247774;-12.1784
66.3573;118.77;-0.0638853;0.180645;0.245541;-11.7689
75.1828;118.77;-0.112906;0.187993;0.237225;-11.3641
84.0082;118.77;-0.248958;0.198898;0.223779;-10.846
92.8337;118.77;-0.43769;0.203487;0.206417;-10.2062
101.659;118.77;-0.480699;0.205931;0.190595;-9.6454
110.485;118.77;-0.40146;0.204725;0.177503;-9.16813
119.31;118.77;-0.283466;0.201836;0.162356;-8.69286
128.135;118.77;-0.128544;0.19221;0.143229;-8.19688
136.961;118.77;0.0234528;0.179368;0.12036;-7.65836
145.786;118.77;0.0739788;0.165472;0.0979491;-7.0027
154.612;118.77;0.0753081;0.151851;0.0768291;-6.27928
163.437;118.77;0.0755436;0.13729;0.0600589;-5.53093
172.263;118.77;0.0921696;0.120059;0.044996;-4.7708
181.088;118.77;0.121932;0.0998953;0.0321209;-3.99738
189.914;118.77;0.119876;0.0796802;0.022558;-3.17936
198.739;118.77;0.109778;0.0604149;0.015255;-2.30714
207.565;118.77;0.316742;0.0338351;0.000158533;-1.41002
-189.581;109.944;1.03243;0.0121871;0.0310473;-2.44733
-180.755;109.944;0.999407;-7.97125e-06;0.0424201;-3.2798
-171.93;109.944;0.996469;-0.0175249;0.0588416;-4.13207
-163.105;109.944;0.967239;-0.0386437;0.0762049;-4.97396
-154.279;109.944;0.957578;-0.0561908;0.0906353;-5.79794
-145.454;109.944;0.960721;-0.0700535;0.101765;-6.59027
-136.628;109.944;0.94335;-0.0859645;0.116291;-7.3573
-127.803;109.944;0.909488;-0.0980582;0.128152;-8.08123
-118.977;109.944;0.87243;-0.10593;0.138058;-8.78028
-110.152;109.944;0.854059;-0.108682;0.144084;-9.44789
-101.326;109.944;0.853912;-0.105884;0.148729;-10.0713
-92.5009;109.944;0.819751;-0.0996216;0.155541;-10.6426
-83.6754;109.944;0.757376;-0.0953021;0.163404;-11.1848
-74.85;109.944;0.706286;-0.0875858;0.167926;-11.6804
-66.0245;109.944;0.658474;-0.0772264;0.177045;-12.1298
-57.1991;109.944;0.619952;-0.0667753;0.195957;-12.5403
-48.3736;109.944;0.595885;-0.0561421;0.220445;-12.9158
-39.5482;109.944;0.576766;-0.0416052;0.238975;-13.247
-30.7227;109.944;0.550944;-0.0219356;0.250426;-13.5257
-21.8972;109.944;0.514533;-0.00283027;0.257882;-13.7575
-13.0718;109.944;0.461198;0.0154627;0.264202;-13.9237
-4.24634;109.944;0.411489;0.0339554;0.271299;-14.0211
4.57912;109.944;0.383619;0.0542362;0.280477;-14.0729
13.4046;109.944;0.367311;0.0725067;0.286649;-14.08
22.23;109.944;0.326019;0.0918389;0.284485;-14.012
31.0555;109.944;0.278331;0.110569;0.273885;-13.865
39.8809;109.944;0.210469;0.134153;0.261561;-13.6567
48.7064;109.944;0.104359;0.16039;0.253471;-13.3607
57.5318;109.944;-0.0354433;0.186027;0.251136;-12.9817
66.3573;109.944;-0.095118;0.201169;0.248956;-12.6076
75.1828;109.944;-0.0761973;0.210163;0.233936;-12.2521
84.0082;109.944;-0.205945;0.222894;0.209581;-11.7339
92.8337;109.944;-0.454149;0.223833;0.192096;-11.0098
101.659;109.944;-0.62332;0.225717;0.178249;-10.3172
110.485;109.944;-0.607741;0.224851;0.164994;-9.74743
119.31;109.944;-0.510044;0.222022;0.151054;-9.23224
128.135;109.944;-0.349533;0.211468;0.136211;-8.72583
136.961;109.944;-0.175447;0.200793;0.119806;-8.20145
145.786;109.944;-0.0669494;0.18851;0.104095;-7.57256
154.612;109.944;-0.01631;0.175808;0.0852859;-6.87277
163.437;109.944;0.0320889;0.159873;0.0677435;-6.14382
172.263;109.944;0.0823051;0.141828;0.0533327;-5.39243
181.088;109.944;0.125678;0.122494;0.041787;-4.61256
189.914;109.944;0.154805;0.101352;0.0314735;-3.79437
198.739;109.944;0.163803;0.0777812;0.0240211;-2.93598
207.565;109.944;0.290216;0.0511603;0.00828476;-2.01111
-198.406;101.119;1.147;0.0223012;0.0211019;-2.12617
-189.581;101.119;1.04388;0.005732;0.0344372;-2.9702
-180.755;101.119;0.983041;-0.00995128;0.0486741;-3.8235
-171.93;101.119;0.964203;-0.0279503;0.0628849;-4.67982
-163.105;101.119;0.938417;-0.0482707;0.0780684;-5.54074
-154.279;101.119;0.926309;-0.0655882;0.0916593;-6.38463
-145.454;101.119;0.917144;-0.0804012;0.101755;-7.19344
-136.628;101.119;0.881806;-0.0981924;0.114585;-7.97051
-127.803;101.119;0.821768;-0.113098;0.125478;-8.6983
-118.977;101.119;0.766645;-0.124131;0.136721;-9.4084
-110.152;101.119;0.74933;-0.128369;0.145489;-10.096
-101.326;101.119;0.76738;-0.124442;0.152509;-10.7466
-92.5009;101.119;0.76512;-0.116229;0.160017;-11.3456
-83.6754;101.119;0.744013;-0.112386;0.167179;-11.9161
-74.85;101.119;0.701561;-0.105585;0.171046;-12.4361
-66.0245;101.119;0.647384;-0.0954946;0.178917;-12.903
-57.1991;101.119;0.592339;-0.0841057;0.198015;-13.3245
-48.3736;101.119;0.549457;-0.0710837;0.224137;-13.7078
-39.5482;101.119;0.527716;-0.053746;0.243751;-14.0445
-30.7227;101.119;0.511535;-0.0331034;0.255413;-14.3331
-21.8972;101.119;0.489405;-0.0138633;0.263644;-14.5793
-13.0718;101.119;0.459138;0.00512922;0.271001;-14.7634
-4.24634;101.119;0.43005;0.0251615;0.277895;-14.8785
4.57912;101.119;0.408029;0.0465712;0.28491;-14.9396
13.4046;101.119;0.385235;0.0652739;0.289936;-14.9482
22.23;101.119;0.339027;0.0824881;0.291156;-14.8791
31.0555;101.119;0.281757;0.0983646;0.284286;-14.7272
39.8809;101.119;0.216035;0.128417;0.270649;-14.5285
48.7064;101.119;0.170724;0.170243;0.257725;-14.2992
57.5318;101.119;0.187875;0.208934;0.250977;-14.0533
66.3573;101.119;0.30281;0.228292;0.247707;-13.8211
75.1828;101.119;0.377268;0.240215;0.226803;-13.5133
84.0082;101.119;0.275398;0.250062;0.196998;-12.9906
92.8337;101.119;0.0372399;0.250358;0.178165;-12.2543
101.659;101.119;-0.198252;0.253511;0.164425;-11.4945
110.485;101.119;-0.251137;0.252186;0.149628;-10.8345
119.31;101.119;-0.217901;0.247969;0.136355;-10.2292
128.135;101.119;-0.134608;0.238981;0.125765;-9.63899
136.961;101.119;-0.0351562;0.230484;0.116223;-9.03755
145.786;101.119;0.0491776;0.219338;0.106257;-8.36636
154.612;101.119;0.0974265;0.205678;0.0910611;-7.63762
163.437;101.119;0.145832;0.188011;0.0741996;-6.88258
172.263;101.119;0.175609;0.169558;0.0589479;-6.09476
181.088;101.119;0.177583;0.151152;0.0456855;-5.26645
189.914;101.119;0.176825;0.12902;0.0316328;-4.40122
198.739;101.119;0.221702;0.0989407;0.0210742;-3.51512
207.565;101.119;0.282995;0.0691887;0.00975676;-2.57147
-198.406;92.2933;1.18437;0.0272255;0.0161648;-2.62242
-189.581;92.2933;1.07497;0.011012;0.0298752;-3.48872
-180.755;92.2933;0.998286;-0.0139627;0.0480473;-4.35542
-171.93;92.2933;0.968392;-0.036442;0.0623515;-5.22337
-163.105;92.2933;0.945304;-0.0571914;0.0759194;-6.09537
-154.279;92.2933;0.914747;-0.0757872;0.0908848;-6.94923
-145.454;92.2933;0.871873;-0.0928348;0.102887;-7.76967
-136.628;92.2933;0.808397;-0.111151;0.114055;-8.55455
-127.803;92.2933;0.736524;-0.126909;0.121622;-9.29512
-118.977;92.2933;0.687129;-0.139839;0.132961;-10.0277
-110.152;92.2933;0.680305;-0.145532;0.14503;-10.7414
-101.326;92.2933;0.707287;-0.141375;0.155347;-11.4211
-92.5009;92.2933;0.729098;-0.131406;0.164922;-12.0575
-83.6754;92.2933;0.727188;-0.125352;0.173898;-12.6571
-74.85;92.2933;0.698585;-0.117647;0.179789;-13.1988
-66.0245;92.2933;0.649578;-0.108171;0.186851;-13.6812
-57.1991;92.2933;0.584156;-0.0975408;0.204229;-14.1126
-48.3736;92.2933;0.523727;-0.083495;0.228809;-14.5087
-39.5482;92.2933;0.499115;-0.0637397;0.249336;-14.8589
-30.7227;92.2933;0.497649;-0.0410381;0.262783;-15.1634
-21.8972;92.2933;0.489067;-0.0200813;0.273316;-15.425
-13.0718;92.2933;0.473797;0.00117854;0.282329;-15.6215
-4.24634;92.2933;0.45855;0.0233899;0.289613;-15.7493
4.57912;92.2933;0.44347;0.0459149;0.294932;-15.8192
13.4046;92.2933;0.419474;0.065216;0.297645;-15.8309
22.23;92.2933;0.379548;0.0790768;0.300174;-15.7716
31.0555;92.2933;0.32535;0.0946227;0.296179;-15.6274
39.8809;92.2933;0.261383;0.134985;0.279261;-15.4318
48.7064;92.2933;0.258426;0.192002;0.256252;-15.2381
57.5318;92.2933;0.387234;0.240831;0.237775;-15.0832
66.3573;92.2933;0.623477;0.261938;0.228448;-14.9491
75.1828;92.2933;0.720206;0.273897;0.206455;-14.6429
84.0082;92.2933;0.663598;0.2785;0.182037;-14.1192
92.8337;92.2933;0.501468;0.279376;0.165059;-13.439
101.659;92.2933;0.323976;0.282143;0.151086;-12.7144
110.485;92.2933;0.264703;0.280213;0.134539;-12.0279
119.31;92.2933;0.246117;0.274394;0.121668;-11.3477
128.135;92.2933;0.243546;0.265155;0.114045;-10.6587
136.961;92.2933;0.25272;0.25748;0.107571;-9.96086
145.786;92.2933;0.275921;0.246601;0.0993043;-9.22122
154.612;92.2933;0.295945;0.232349;0.0875413;-8.44285
163.437;92.2933;0.311817;0.214635;0.074026;-7.63504
172.263;92.2933;0.279589;0.196708;0.0610239;-6.77668
181.088;92.2933;0.204867;0.177807;0.0491625;-5.86929
189.914;92.2933;0.163567;0.152046;0.0345733;-4.94532
198.739;92.2933;0.219303;0.118796;0.0221928;-4.03995
207.565;92.2933;0.319398;0.0882668;0.0137439;-3.12995
-216.057;83.4678;1.13471;0.0192242;0.0215876;-1.20525
-207.232;83.4678;1.22884;0.0381514;0.00737585;-2.13024
-198.406;83.4678;1.18969;0.0342005;0.0114668;-3.08193
-189.581;83.4678;1.08987;0.0173005;0.0247167;-3.97526
-180.755;83.4678;1.00692;-0.0138088;0.0447121;-4.8586
-171.93;83.4678;0.969912;-0.0408932;0.0600338;-5.73719
-163.105;83.4678;0.932752;-0.0635604;0.0730833;-6.61173
-154.279;83.4678;0.868195;-0.085388;0.0896491;-7.47317
-145.454;83.4678;0.80282;-0.104771;0.102523;-8.30747
-136.628;83.4678;0.737767;-0.12158;0.110164;-9.10897
-127.803;83.4678;0.687491;-0.135365;0.113039;-9.87957
-118.977;83.4678;0.658431;-0.147222;0.122704;-10.6371
-110.152;83.4678;0.651069;-0.152706;0.13664;-11.3703
-101.326;83.4678;0.662353;-0.149352;0.148687;-12.0686
-92.5009;83.4678;0.683476;-0.141479;0.157807;-12.7331
-83.6754;83.4678;0.679468;-0.135161;0.169998;-13.3525
-74.85;83.4678;0.662418;-0.126614;0.182474;-13.9135
-66.0245;83.4678;0.631809;-0.116723;0.193072;-14.4217
-57.1991;83.4678;0.582505;-0.106186;0.207923;-14.8846
-48.3736;83.4678;0.533435;-0.0921277;0.228007;-15.3082
-39.5482;83.4678;0.515732;-0.0715291;0.247284;-15.6789
-30.7227;83.4678;0.521203;-0.0470944;0.261815;-15.9947
-21.8972;83.4678;0.51276;-0.0245633;0.27355;-16.2604
-13.0718;83.4678;0.490002;-0.000654399;0.283603;-16.4589
-4.24634;83.4678;0.471441;0.0240605;0.292007;-16.5914
4.57912;83.4678;0.45748;0.0487878;0.297625;-16.6655
13.4046;83.4678;0.43093;0.071101;0.298872;-16.6777
22.23;83.4678;0.400648;0.0844306;0.299326;-16.628
31.0555;83.4678;0.362231;0.105863;0.293715;-16.4981
39.8809;83.4678;0.290612;0.157122;0.271102;-16.2832
48.7064;83.4678;0.254512;0.219198;0.23688;-16.0232
57.5318;83.4678;0.330559;0.265254;0.205908;-15.7841
66.3573;83.4678;0.515635;0.282809;0.189738;-15.5861
75.1828;83.4678;0.601666;0.297854;0.174882;-15.2642
84.0082;83.4678;0.587479;0.305906;0.162176;-14.7818
92.8337;83.4678;0.540979;0.309749;0.152405;-14.208
101.659;83.4678;0.517455;0.310574;0.13961;-13.5929
110.485;83.4678;0.51399;0.308642;0.120652;-12.9402
119.31;83.4678;0.475877;0.302819;0.105684;-12.232
128.135;83.4678;0.439115;0.292022;0.097438;-11.4914
136.961;83.4678;0.419938;0.282447;0.0895428;-10.7455
145.786;83.4678;0.422525;0.26915;0.0800929;-9.96908
154.612;83.4678;0.436878;0.25312;0.0707387;-9.15687
163.437;83.4678;0.427536;0.236127;0.0623734;-8.30162
172.263;83.4678;0.334556;0.220844;0.0539949;-7.37821
181.088;83.4678;0.206021;0.203298;0.0448908;-6.41521
189.914;83.4678;0.188932;0.174045;0.0320625;-5.48479
198.739;83.4678;0.273545;0.137485;0.0175716;-4.58109
207.565;83.4678;0.415942;0.103349;0.00583103;-3.68782
216.39;83.4678;0.529988;0.0706202;0.000135064;-2.7395
225.215;83.4678;0.556288;0.0420563;0.00757935;-1.75548
-216.057;74.6423;1.12691;0.0115817;0.0241642;-1.61836
-207.232;74.6423;1.19548;0.0365645;0.0108217;-2.5618
-198.406;74.6423;1.1683;0.0433983;0.00669909;-3.50111
-189.581;74.6423;1.06752;0.0198425;0.0205865;-4.41089
-180.755;74.6423;1.00125;-0.0117331;0.0379798;-5.30926
-171.93;74.6423;0.963353;-0.0398129;0.0527097;-6.20389
-163.105;74.6423;0.902282;-0.0640759;0.064852;-7.08222
-154.279;74.6423;0.808838;-0.0894244;0.080406;-7.95999
-145.454;74.6423;0.749486;-0.110278;0.0904765;-8.81851
-136.628;74.6423;0.711142;-0.125362;0.0929081;-9.65092
-127.803;74.6423;0.70024;-0.136202;0.09094;-10.4626
-118.977;74.6423;0.678856;-0.145138;0.0982576;-11.2429
-110.152;74.6423;0.645277;-0.148679;0.111603;-11.9835
-101.326;74.6423;0.6246;-0.146259;0.122016;-12.69
-92.5009;74.6423;0.635026;-0.143366;0.127812;-13.3795
-83.6754;74.6423;0.634419;-0.140714;0.142633;-14.0213
-74.85;74.6423;0.617016;-0.133748;0.162044;-14.6054
-66.0245;74.6423;0.604412;-0.122731;0.177999;-15.1433
-57.1991;74.6423;0.585235;-0.110844;0.190459;-15.6346
-48.3736;74.6423;0.565567;-0.0966944;0.204651;-16.0851
-39.5482;74.6423;0.56135;-0.0768507;0.220146;-16.4815
-30.7227;74.6423;0.554256;-0.0510525;0.235341;-16.8161
-21.8972;74.6423;0.531577;-0.0259712;0.250175;-17.0985
-13.0718;74.6423;0.48706;0.000343255;0.262978;-17.3
-4.24634;74.6423;0.448874;0.0275352;0.272659;-17.4328
4.57912;74.6423;0.423362;0.055206;0.276741;-17.5041
13.4046;74.6423;0.39967;0.0816405;0.273348;-17.5136
22.23;74.6423;0.396825;0.0994832;0.2676;-17.466
31.0555;74.6423;0.402012;0.132502;0.254499;-17.3551
39.8809;74.6423;0.3705;0.191517;0.227202;-17.149
48.7064;74.6423;0.346608;0.25102;0.193332;-16.8627
57.5318;74.6423;0.377197;0.288561;0.16512;-16.544
66.3573;74.6423;0.454387;0.304757;0.149437;-16.2283
75.1828;74.6423;0.48965;0.320945;0.140715;-15.8432
84.0082;74.6423;0.493512;0.32989;0.135417;-15.357
92.8337;74.6423;0.501657;0.334719;0.131061;-14.8178
101.659;74.6423;0.527678;0.336037;0.120564;-14.2387
110.485;74.6423;0.545655;0.334008;0.101113;-13.5993
119.31;74.6423;0.508302;0.328443;0.0843447;-12.8833
128.135;74.6423;0.475845;0.319244;0.0746173;-12.1421
136.961;74.6423;0.470008;0.307533;0.0665172;-11.3884
145.786;74.6423;0.4926;0.291042;0.0582352;-10.6047
154.612;74.6423;0.523872;0.272833;0.0511548;-9.78084
163.437;74.6423;0.535088;0.254829;0.0480037;-8.91996
172.263;74.6423;0.478652;0.239046;0.0453003;-8.0029
181.088;74.6423;0.406547;0.220475;0.040737;-7.05797
189.914;74.6423;0.426622;0.189513;0.0306387;-6.13165
198.739;74.6423;0.528834;0.151873;0.0180197;-5.22303
207.565;74.6423;0.613743;0.116642;0.00633856;-4.28558
216.39;74.6423;0.669831;0.0819725;0.00158143;-3.27502
225.215;74.6423;0.677051;0.0515929;0.0106819;-2.26479
-216.057;65.8169;1.12026;0.0168164;0.023873;-1.96011
-207.232;65.8169;1.14879;0.0359942;0.0164086;-2.94047
-198.406;65.8169;1.11237;0.0413831;0.00982454;-3.87147
-189.581;65.8169;1.02263;0.0144998;0.0181072;-4.80435
-180.755;65.8169;0.985267;-0.0132949;0.0269623;-5.7201
-171.93;65.8169;0.966638;-0.0377471;0.0357957;-6.65056
-163.105;65.8169;0.909916;-0.0607178;0.043368;-7.55702
-154.279;65.8169;0.829678;-0.0856296;0.0529869;-8.46295
-145.454;65.8169;0.798192;-0.104918;0.057221;-9.34777
-136.628;65.8169;0.778588;-0.119852;0.0558172;-10.209
-127.803;65.8169;0.784552;-0.130967;0.050964;-11.0523
-118.977;65.8169;0.751508;-0.140171;0.056962;-11.8509
-110.152;65.8169;0.692443;-0.14344;0.0686041;-12.5926
-101.326;65.8169;0.662609;-0.140536;0.0749929;-13.3001
-92.5009;65.8169;0.68874;-0.137457;0.0763776;-14.0021
-83.6754;65.8169;0.691828;-0.137301;0.0876602;-14.6677
-74.85;65.8169;0.672613;-0.135757;0.10891;-15.2841
-66.0245;65.8169;0.654771;-0.125742;0.131222;-15.8519
-57.1991;65.8169;0.633932;-0.111863;0.145597;-16.3583
-48.3736;65.8169;0.619889;-0.0963915;0.15695;-16.8264
-39.5482;65.8169;0.623162;-0.0785319;0.169611;-17.2534
-30.7227;65.8169;0.623151;-0.0553236;0.187723;-17.6259
-21.8972;65.8169;0.626601;-0.0303046;0.208135;-17.9534
-13.0718;65.8169;0.605253;-0.00387521;0.227021;-18.1891
-4.24634;65.8169;0.575321;0.0237429;0.239175;-18.343
4.57912;65.8169;0.546362;0.052429;0.241523;-18.4178
13.4046;65.8169;0.524707;0.0811341;0.234657;-18.4166
22.23;65.8169;0.536323;0.105856;0.224474;-18.3598
31.0555;65.8169;0.559342;0.155535;0.201804;-18.2448
39.8809;65.8169;0.575888;0.223795;0.171814;-18.0704
48.7064;65.8169;0.645703;0.280279;0.146701;-17.8646
57.5318;65.8169;0.755603;0.310973;0.132372;-17.6098
66.3573;65.8169;0.789301;0.331299;0.124716;-17.2444
75.1828;65.8169;0.739683;0.35066;0.118451;-16.763
84.0082;65.8169;0.701998;0.359759;0.113317;-16.2157
92.8337;65.8169;0.696709;0.363321;0.109099;-15.639
101.659;65.8169;0.712534;0.363753;0.102017;-15.0283
110.485;65.8169;0.716904;0.360689;0.0882504;-14.3557
119.31;65.8169;0.677992;0.35316;0.0722133;-13.6169
128.135;65.8169;0.6463;0.34387;0.0619464;-12.8634
136.961;65.8169;0.631982;0.330238;0.055213;-12.0784
145.786;65.8169;0.636878;0.313096;0.0488444;-11.2571
154.612;65.8169;0.65845;0.294706;0.0431331;-10.4057
163.437;65.8169;0.666517;0.276874;0.0399033;-9.52864
172.263;65.8169;0.64572;0.259908;0.0379322;-8.61758
181.088;65.8169;0.625726;0.239281;0.0357268;-7.68622
189.914;65.8169;0.650443;0.206422;0.0276158;-6.74301
198.739;65.8169;0.719918;0.169651;0.0184998;-5.79992
207.565;65.8169;0.772802;0.134281;0.0123359;-4.8236
216.39;65.8169;0.792541;0.0983934;0.0116286;-3.79979
225.215;65.8169;0.789353;0.0681612;0.0184239;-2.7289
234.041;65.8169;0.857881;0.0436938;0.0221119;-1.61043
-216.057;56.9914;1.09132;0.0254312;0.020681;-2.26613
-207.232;56.9914;1.09696;0.0360394;0.0167514;-3.25668
-198.406;56.9914;1.03282;0.0343116;0.011614;-4.19312
-189.581;56.9914;0.945366;0.00337028;0.0160058;-5.14735
-180.755;56.9914;0.929629;-0.0216797;0.0177119;-6.07966
-171.93;56.9914;0.940946;-0.0421737;0.0187554;-7.03319
-163.105;56.9914;0.927983;-0.0621854;0.0189445;-7.97587
-154.279;56.9914;0.905055;-0.0829245;0.0200812;-8.92011
-145.454;56.9914;0.912293;-0.0994883;0.0188563;-9.84691
-136.628;56.9914;0.897163;-0.114141;0.0167517;-10.7389
-127.803;56.9914;0.874911;-0.12971;0.0175804;-11.6042
-118.977;56.9914;0.825809;-0.142406;0.0267682;-12.4204
-110.152;56.9914;0.764951;-0.146359;0.0386411;-13.175
-101.326;56.9914;0.739045;-0.142032;0.0435313;-13.8975
-92.5009;56.9914;0.772876;-0.136475;0.0443195;-14.6138
-83.6754;56.9914;0.783145;-0.136278;0.0540074;-15.3069
-74.85;56.9914;0.763011;-0.138146;0.0729814;-15.9532
-66.0245;56.9914;0.728803;-0.132193;0.0950018;-16.5429
-57.1991;56.9914;0.69062;-0.118973;0.111075;-17.0607
-48.3736;56.9914;0.67462;-0.10268;0.123674;-17.5451
-39.5482;56.9914;0.690995;-0.0858572;0.136307;-18.0053
-30.7227;56.9914;0.70422;-0.0642752;0.15465;-18.4163
-21.8972;56.9914;0.730038;-0.0377377;0.178221;-18.7779
-13.0718;56.9914;0.738211;-0.00958822;0.199243;-19.047
-4.24634;56.9914;0.724077;0.0188798;0.212195;-19.2198
4.57912;56.9914;0.687946;0.0451839;0.217461;-19.3002
13.4046;56.9914;0.650439;0.0687104;0.217411;-19.2963
22.23;56.9914;0.667564;0.0983041;0.208311;-19.2459
31.0555;56.9914;0.697511;0.165969;0.17912;-19.1178
39.8809;56.9914;0.727808;0.248294;0.147061;-18.9335
48.7064;56.9914;0.816947;0.308296;0.126499;-18.7337
57.5318;56.9914;0.927424;0.337205;0.117996;-18.4713
66.3573;56.9914;0.931704;0.35965;0.113301;-18.064
75.1828;56.9914;0.832194;0.379754;0.109774;-17.5152
84.0082;56.9914;0.788661;0.387589;0.103863;-16.9369
92.8337;56.9914;0.792258;0.390774;0.0976481;-16.3477
101.659;56.9914;0.817246;0.392413;0.0916726;-15.7304
110.485;56.9914;0.832391;0.389738;0.0827233;-15.0479
119.31;56.9914;0.78495;0.379658;0.0708938;-14.2771
128.135;56.9914;0.736788;0.368409;0.0610867;-13.4821
136.961;56.9914;0.7044;0.355872;0.0539181;-12.6621
145.786;56.9914;0.696779;0.340406;0.047231;-11.8142
154.612;56.9914;0.717658;0.322244;0.041456;-10.9483
163.437;56.9914;0.739117;0.303621;0.0376244;-10.0656
172.263;56.9914;0.740678;0.285428;0.0355202;-9.14874
181.088;56.9914;0.735965;0.262696;0.0340752;-8.20345
189.914;56.9914;0.746291;0.227063;0.0278754;-7.22841
198.739;56.9914;0.786065;0.189203;0.0213224;-6.25608
207.565;56.9914;0.829952;0.152868;0.0188517;-5.26444
216.39;56.9914;0.858795;0.116636;0.0200108;-4.23455
225.215;56.9914;0.879561;0.081681;0.0224301;-3.1413
234.041;56.9914;0.956958;0.0557197;0.0268928;-2.01609
-224.883;48.166;1.06381;0.0402088;0.0153008;-1.56544
-216.057;48.166;1.06689;0.0292629;0.0163347;-2.53724
-207.232;48.166;1.05918;0.0321654;0.0141011;-3.50984
-198.406;48.166;0.954028;0.019187;0.0126963;-4.47095
-189.581;48.166;0.87483;-0.0105564;0.0152722;-5.44288
-180.755;48.166;0.858174;-0.0370832;0.0148307;-6.41175
-171.93;48.166;0.857739;-0.0613021;0.0137532;-7.3914
-163.105;48.166;0.85302;-0.0831439;0.0115035;-8.36228
-154.279;48.166;0.870718;-0.100103;0.00700009;-9.32408
-145.454;48.166;0.921805;-0.111953;0.000952868;-10.2686
-136.628;48.166;0.894862;-0.124168;0.00159032;-11.1643
-127.803;48.166;0.848546;-0.140505;0.00731253;-12.0349
-118.977;48.166;0.795662;-0.154762;0.0201945;-12.8666
-110.152;48.166;0.757496;-0.160768;0.0335521;-13.6506
-101.326;48.166;0.756007;-0.157583;0.039254;-14.4179
-92.5009;48.166;0.790202;-0.149748;0.0396878;-15.1654
-83.6754;48.166;0.806275;-0.144644;0.0459222;-15.87
-74.85;48.166;0.774131;-0.148082;0.0606503;-16.5231
-66.0245;48.166;0.722541;-0.145634;0.0810294;-17.1267
-57.1991;48.166;0.679461;-0.13488;0.0993534;-17.6771
-48.3736;48.166;0.67987;-0.118898;0.114702;-18.2062
-39.5482;48.166;0.721992;-0.100212;0.128922;-18.7149
-30.7227;48.166;0.747997;-0.0769377;0.147124;-19.1575
-21.8972;48.166;0.763623;-0.0486532;0.167657;-19.5197
-13.0718;48.166;0.780022;-0.0186602;0.184475;-19.7992
-4.24634;48.166;0.775986;0.0118738;0.196957;-19.9822
4.57912;48.166;0.751009;0.0363993;0.207486;-20.0808
13.4046;48.166;0.730967;0.0567466;0.215234;-20.1023
22.23;48.166;0.761595;0.0991031;0.206724;-20.0766
31.0555;48.166;0.792619;0.184347;0.177498;-19.9462
39.8809;48.166;0.823484;0.275464;0.147457;-19.7422
48.7064;48.166;0.892501;0.335127;0.129025;-19.5009
57.5318;48.166;0.958623;0.361981;0.119625;-19.1771
66.3573;48.166;0.934247;0.384869;0.110505;-18.7215
75.1828;48.166;0.82986;0.404562;0.103278;-18.1441
84.0082;48.166;0.789482;0.411418;0.0955857;-17.5461
92.8337;48.166;0.790305;0.413115;0.0876973;-16.9299
101.659;48.166;0.815422;0.412921;0.081437;-16.2866
110.485;48.166;0.842251;0.409378;0.0763524;-15.5921
119.31;48.166;0.792912;0.397607;0.0706346;-14.7891
128.135;48.166;0.731733;0.386065;0.0628389;-13.955
136.961;48.166;0.693333;0.374381;0.0551322;-13.1092
145.786;48.166;0.6932;0.361258;0.0472522;-12.259
154.612;48.166;0.729869;0.345316;0.0406086;-11.4047
163.437;48.166;0.783083;0.326082;0.0362771;-10.532
172.263;48.166;0.793743;0.305724;0.034166;-9.59663
181.088;48.166;0.774467;0.280645;0.03412;-8.61496
189.914;48.166;0.756993;0.243748;0.030332;-7.60154
198.739;48.166;0.785683;0.203304;0.0246895;-6.60881
207.565;48.166;0.839869;0.165534;0.0215689;-5.61045
216.39;48.166;0.895652;0.128457;0.021845;-4.58672
225.215;48.166;0.945642;0.0905006;0.0231719;-3.51793
234.041;48.166;1.00101;0.0591104;0.0272622;-2.40481
-224.883;39.3405;1.00932;0.0441451;0.0140965;-1.77531
-216.057;39.3405;1.0033;0.0315208;0.0149175;-2.76878
-207.232;39.3405;0.963398;0.0216422;0.0150464;-3.74861
-198.406;39.3405;0.873102;0.001317;0.0160305;-4.72019
-189.581;39.3405;0.837556;-0.0259015;0.0169776;-5.71312
-180.755;39.3405;0.834663;-0.0526357;0.0156217;-6.72239
-171.93;39.3405;0.820363;-0.078156;0.0133292;-7.71513
-163.105;39.3405;0.809218;-0.102027;0.00909515;-8.70136
-154.279;39.3405;0.840395;-0.118765;0.000868508;-9.67043
-145.454;39.3405;0.891338;-0.127843;-0.00743551;-10.6151
-136.628;39.3405;0.844787;-0.135835;-0.0046173;-11.4993
-127.803;39.3405;0.771562;-0.149275;0.0037176;-12.3659
-118.977;39.3405;0.732236;-0.16269;0.0163468;-13.2081
-110.152;39.3405;0.725521;-0.171563;0.0278717;-14.0218
-101.326;39.3405;0.736193;-0.173541;0.0348329;-14.8303
-92.5009;39.3405;0.752029;-0.168636;0.0373157;-15.6093
-83.6754;39.3405;0.7599;-0.160151;0.0415258;-16.3323
-74.85;39.3405;0.732953;-0.159712;0.0508681;-17.0043
-66.0245;39.3405;0.686689;-0.158044;0.0687123;-17.6324
-57.1991;39.3405;0.655393;-0.15027;0.0874672;-18.2258
-48.3736;39.3405;0.682302;-0.135509;0.103239;-18.8061
-39.5482;39.3405;0.755528;-0.114643;0.117236;-19.3663
-30.7227;39.3405;0.796349;-0.0908126;0.135862;-19.8388
-21.8972;39.3405;0.79118;-0.0647845;0.156051;-20.2049
-13.0718;39.3405;0.806507;-0.0352285;0.17257;-20.4911
-4.24634;39.3405;0.81822;-0.00279795;0.18907;-20.6973
4.57912;39.3405;0.830384;0.0258988;0.203859;-20.8381
13.4046;39.3405;0.859274;0.0587252;0.208988;-20.9163
22.23;39.3405;0.916367;0.126343;0.194012;-20.9293
31.0555;39.3405;0.97782;0.226562;0.166829;-20.8326
39.8809;39.3405;1.07228;0.311754;0.145163;-20.6729
48.7064;39.3405;1.14421;0.360575;0.131562;-20.4144
57.5318;39.3405;1.14797;0.384418;0.120143;-20.0206
66.3573;39.3405;1.06754;0.409374;0.103339;-19.4951
75.1828;39.3405;0.956268;0.428474;0.0877656;-18.8731
84.0082;39.3405;0.881232;0.436033;0.0777893;-18.2186
92.8337;39.3405;0.836825;0.438008;0.0702985;-17.5387
101.659;39.3405;0.828571;0.436883;0.0649196;-16.8411
110.485;39.3405;0.84452;0.433429;0.063564;-16.1176
119.31;39.3405;0.808106;0.42239;0.0630158;-15.2935
128.135;39.3405;0.753561;0.408379;0.0572309;-14.4263
136.961;39.3405;0.723442;0.393137;0.0493131;-13.5539
145.786;39.3405;0.734529;0.37802;0.0412346;-12.6941
154.612;39.3405;0.784068;0.361157;0.0349356;-11.8393
163.437;39.3405;0.865232;0.338218;0.0308614;-10.9654
172.263;39.3405;0.887977;0.31293;0.0280685;-10.0106
181.088;39.3405;0.854081;0.282648;0.0301817;-8.98627
189.914;39.3405;0.805222;0.247078;0.0288434;-7.93499
198.739;39.3405;0.832922;0.209197;0.0247186;-6.92943
207.565;39.3405;0.888458;0.173581;0.0209477;-5.92157
216.39;39.3405;0.95912;0.136306;0.0201947;-4.88944
225.215;39.3405;0.991232;0.0943382;0.0194648;-3.81218
234.041;39.3405;0.933845;0.055901;0.0195586;-2.69415
-224.883;30.5151;0.99057;0.0393322;0.0183563;-1.9979
-216.057;30.5151;0.981583;0.027146;0.0173898;-3.01668
-207.232;30.5151;0.931365;0.0118447;0.0175764;-3.99853
-198.406;30.5151;0.872733;-0.0119374;0.0186868;-4.98675
-189.581;30.5151;0.887535;-0.034847;0.0174158;-5.9842
-180.755;30.5151;0.895695;-0.0592391;0.0146219;-7.00804
-171.93;30.5151;0.873821;-0.082656;0.0106023;-8.00176
-163.105;30.5151;0.851353;-0.107435;0.00416912;-8.99632
-154.279;30.5151;0.862394;-0.128118;-0.00550937;-9.97452
-145.454;30.5151;0.885473;-0.138914;-0.0131722;-10.9108
-136.628;30.5151;0.825808;-0.144184;-0.0097468;-11.7879
-127.803;30.5151;0.744925;-0.154518;-0.00301087;-12.6563
-118.977;30.5151;0.719986;-0.165783;0.00510025;-13.5123
-110.152;30.5151;0.725504;-0.176063;0.0124649;-14.3503
-101.326;30.5151;0.72966;-0.182634;0.0202924;-15.1821
-92.5009;30.5151;0.7258;-0.181983;0.0265621;-15.9893
-83.6754;30.5151;0.724869;-0.173201;0.0317915;-16.7457
-74.85;30.5151;0.716772;-0.167161;0.0372949;-17.4454
-66.0245;30.5151;0.687583;-0.164724;0.0513614;-18.1002
-57.1991;30.5151;0.672537;-0.158974;0.0679223;-18.7324
-48.3736;30.5151;0.721677;-0.145287;0.08242;-19.3584
-39.5482;30.5151;0.820896;-0.12296;0.0955138;-19.9733
-30.7227;30.5151;0.88652;-0.100002;0.112269;-20.4901
-21.8972;30.5151;0.890989;-0.0786863;0.132733;-20.9053
-13.0718;30.5151;0.928875;-0.0510673;0.153825;-21.2422
-4.24634;30.5151;0.987815;-0.0184112;0.180108;-21.5089
4.57912;30.5151;1.03992;0.0196369;0.197152;-21.6785
13.4046;30.5151;1.09212;0.0795557;0.184798;-21.7759
22.23;30.5151;1.18464;0.181788;0.150384;-21.8345
31.0555;30.5151;1.36398;0.296223;0.117597;-21.8634
39.8809;30.5151;1.62341;0.36445;0.106271;-21.8613
48.7064;30.5151;1.73033;0.389675;0.102594;-21.6104
57.5318;30.5151;1.66436;0.403339;0.0928742;-21.1311
66.3573;30.5151;1.50995;0.428261;0.0747302;-20.5103
75.1828;30.5151;1.34809;0.446338;0.0584284;-19.7864
84.0082;30.5151;1.19468;0.455063;0.0499349;-19.019
92.8337;30.5151;1.09034;0.457448;0.0459273;-18.2487
101.659;30.5151;1.05168;0.45497;0.0434294;-17.4853
110.485;30.5151;1.05914;0.449121;0.0451986;-16.7155
119.31;30.5151;1.03822;0.438067;0.0477238;-15.8848
128.135;30.5151;0.995221;0.42168;0.0451275;-15.0025
136.961;30.5151;0.945152;0.404326;0.0397795;-14.0889
145.786;30.5151;0.905957;0.388696;0.0337924;-13.1694
154.612;30.5151;0.897856;0.372206;0.0278612;-12.2541
163.437;30.5151;0.955381;0.346431;0.0234196;-11.343
172.263;30.5151;0.973571;0.318453;0.0196585;-10.3714
181.088;30.5151;0.932285;0.290577;0.0222956;-9.3326
189.914;30.5151;0.878759;0.258676;0.0238663;-8.26228
198.739;30.5151;0.931644;0.222579;0.0238879;-7.26577
207.565;30.5151;1.01269;0.186835;0.0220538;-6.26949
216.39;30.5151;1.07774;0.147373;0.0205647;-5.21994
225.215;30.5151;1.10827;0.100764;0.0176715;-4.10615
234.041;30.5151;1.10455;0.0558084;0.0158777;-2.96555
-224.883;21.6896;1.01462;0.0360459;0.0208162;-2.1865
-216.057;21.6896;1.02081;0.0222968;0.0187448;-3.24258
-207.232;21.6896;0.977158;0.00493427;0.0190241;-4.23484
-198.406;21.6896;0.945658;-0.0195439;0.0198673;-5.23953
-189.581;21.6896;0.973677;-0.0398088;0.01716;-6.24386
-180.755;21.6896;0.979503;-0.0620667;0.0130407;-7.26828
-171.93;21.6896;0.945033;-0.082963;0.00691211;-8.25089
-163.105;21.6896;0.90113;-0.106345;-0.00144919;-9.23245
-154.279;21.6896;0.882888;-0.1291;-0.0114602;-10.2105
-145.454;21.6896;0.886958;-0.143936;-0.0180408;-11.159
-136.628;21.6896;0.841583;-0.149642;-0.0163658;-12.057
-127.803;21.6896;0.788218;-0.159806;-0.01465;-12.951
-118.977;21.6896;0.768903;-0.16984;-0.0125268;-13.8321
-110.152;21.6896;0.762174;-0.179512;-0.00864551;-14.6847
-101.326;21.6896;0.752518;-0.186738;-0.00134073;-15.5177
-92.5009;21.6896;0.744016;-0.187239;0.00718523;-16.3329
-83.6754;21.6896;0.747503;-0.179118;0.0140888;-17.1133
-74.85;21.6896;0.754545;-0.170845;0.0190376;-17.8382
-66.0245;21.6896;0.734739;-0.167255;0.0303568;-18.5176
-57.1991;21.6896;0.728352;-0.161971;0.0452522;-19.1796
-48.3736;21.6896;0.784571;-0.149458;0.0602121;-19.8419
-39.5482;21.6896;0.895969;-0.126965;0.0754305;-20.508
-30.7227;21.6896;1.00116;-0.102309;0.0928643;-21.0919
-21.8972;21.6896;1.06984;-0.0824364;0.113005;-21.5904
-13.0718;21.6896;1.16794;-0.0579486;0.137412;-22.0141
-4.24634;21.6896;1.29043;-0.0264407;0.169984;-22.3396
4.57912;21.6896;1.29921;0.0186724;0.177699;-22.4353
13.4046;21.6896;1.235;0.103921;0.138171;-22.4266
22.23;21.6896;1.32112;0.243198;0.0710769;-22.5141
31.0555;21.6896;1.69851;0.359387;0.0294084;-22.6503
39.8809;21.6896;1.94341;0.418442;0.0224137;-22.6081
48.7064;21.6896;1.87326;0.431029;0.0258524;-22.2179
57.5318;21.6896;1.70887;0.43856;0.0276249;-21.684
66.3573;21.6896;1.64212;0.457218;0.0271774;-21.1134
75.1828;21.6896;1.56797;0.468367;0.0264291;-20.4418
84.0082;21.6896;1.38822;0.476497;0.0265379;-19.6401
92.8337;21.6896;1.24181;0.478645;0.0269455;-18.8068
101.659;21.6896;1.15467;0.477087;0.0253463;-17.9688
110.485;21.6896;1.10588;0.47083;0.0263805;-17.1128
119.31;21.6896;1.04414;0.462659;0.0284801;-16.2353
128.135;21.6896;0.987147;0.447108;0.0283756;-15.3301
136.961;21.6896;0.943352;0.426988;0.0267411;-14.3986
145.786;21.6896;0.906968;0.407396;0.0243938;-13.4536
154.612;21.6896;0.882896;0.389324;0.0211824;-12.5058
163.437;21.6896;0.917764;0.36356;0.018215;-11.5667
172.263;21.6896;0.932996;0.336667;0.0144981;-10.5826
181.088;21.6896;0.881726;0.311528;0.0167736;-9.51685
189.914;21.6896;0.833287;0.281751;0.0197437;-8.43028
198.739;21.6896;0.94611;0.243728;0.0217808;-7.47479
207.565;21.6896;1.09593;0.205014;0.0209324;-6.53335
216.39;21.6896;1.20366;0.163408;0.0203577;-5.51556
225.215;21.6896;1.22865;0.115103;0.0184054;-4.39788
234.041;21.6896;1.21946;0.0651897;0.0149649;-3.20322
242.866;21.6896;0.737962;0.0325829;0.0194891;-1.93214
-224.883;12.8642;1.05612;0.0446902;0.0181874;-2.30944
-216.057;12.8642;1.06185;0.0239047;0.0162207;-3.38659
-207.232;12.8642;0.999945;0.00242143;0.0174275;-4.37233
-198.406;12.8642;0.968572;-0.0229797;0.018237;-5.37673
-189.581;12.8642;0.981789;-0.0435937;0.0148265;-6.39465
-180.755;12.8642;0.996518;-0.0662182;0.011092;-7.43547
-171.93;12.8642;0.943253;-0.0876226;0.00532841;-8.40871
-163.105;12.8642;0.864096;-0.109272;-0.00318376;-9.3707
-154.279;12.8642;0.831519;-0.127927;-0.0141443;-10.3411
-145.454;12.8642;0.848888;-0.142691;-0.0220801;-11.3149
-136.628;12.8642;0.842674;-0.151273;-0.0252682;-12.254
-127.803;12.8642;0.829648;-0.164496;-0.027629;-13.1865
-118.977;12.8642;0.811409;-0.176205;-0.0277339;-14.0986
-110.152;12.8642;0.788221;-0.18601;-0.0251686;-14.9689
-101.326;12.8642;0.763332;-0.192939;-0.0185522;-15.8141
-92.5009;12.8642;0.743872;-0.193384;-0.0103509;-16.6303
-83.6754;12.8642;0.738293;-0.184655;-0.00509625;-17.4063
-74.85;12.8642;0.752105;-0.174944;-0.000555893;-18.1437
-66.0245;12.8642;0.749092;-0.167789;0.00879249;-18.8454
-57.1991;12.8642;0.750809;-0.160508;0.020941;-19.5324
-48.3736;12.8642;0.801242;-0.148405;0.0360326;-20.219
-39.5482;12.8642;0.922001;-0.12726;0.0556354;-20.9199
-30.7227;12.8642;1.10148;-0.102838;0.0784273;-21.5802
-21.8972;12.8642;1.31405;-0.0862085;0.103638;-22.1974
-13.0718;12.8642;1.48842;-0.0657064;0.128393;-22.6897
-4.24634;12.8642;1.44887;-0.0216591;0.147335;-22.8965
4.57912;12.8642;1.19981;0.0346232;0.135207;-22.7271
13.4046;12.8642;0.924123;0.129901;0.0787377;-22.5489
22.23;12.8642;0.870682;0.26922;0.00397808;-22.5858
31.0555;12.8642;1.09906;0.383584;-0.0431839;-22.6481
39.8809;12.8642;1.09734;0.443863;-0.0608146;-22.411
48.7064;12.8642;1.0253;0.457567;-0.0639905;-21.9356
57.5318;12.8642;1.09551;0.472021;-0.0507218;-21.5471
66.3573;12.8642;1.33665;0.487751;-0.0264977;-21.2042
75.1828;12.8642;1.46785;0.492874;-0.00460931;-20.7065
84.0082;12.8642;1.32583;0.497365;0.00549185;-19.9366
92.8337;12.8642;1.14837;0.497447;0.00891328;-19.0493
101.659;12.8642;0.996261;0.496761;0.00885641;-18.1295
110.485;12.8642;0.884863;0.490875;0.00833403;-17.1976
119.31;12.8642;0.80867;0.482495;0.0100824;-16.29
128.135;12.8642;0.788571;0.46684;0.0123482;-15.4028
136.961;12.8642;0.788863;0.44741;0.013338;-14.4975
145.786;12.8642;0.789086;0.427254;0.0131556;-13.5695
154.612;12.8642;0.789267;0.408117;0.0124612;-12.6293
163.437;12.8642;0.827617;0.383916;0.0122155;-11.6881
172.263;12.8642;0.851269;0.358871;0.011542;-10.7026
181.088;12.8642;0.802593;0.33133;0.0148843;-9.60967
189.914;12.8642;0.764352;0.299235;0.0183266;-8.50597
198.739;12.8642;0.894679;0.259845;0.0206748;-7.55467
207.565;12.8642;1.11131;0.219134;0.0198825;-6.66979
216.39;12.8642;1.26532;0.177648;0.0181454;-5.69421
225.215;12.8642;1.31563;0.132312;0.0171969;-4.58461
234.041;12.8642;1.25629;0.0867199;0.0155731;-3.35682
242.866;12.8642;1.02454;0.0465975;0.0199727;-2.02572
-233.708;4.0387;0.970567;0.0640807;0.0151239;-1.33307
-224.883;4.0387;1.05611;0.0545063;0.0130434;-2.38195
-216.057;4.0387;1.03173;0.030263;0.0131813;-3.42944
-207.232;4.0387;0.905772;-0.00303013;0.0165426;-4.42062
-198.406;4.0387;0.834545;-0.0325488;0.0172792;-5.41853
-189.581;4.0387;0.852567;-0.0541403;0.0127541;-6.44947
-180.755;4.0387;0.923193;-0.075772;0.00992302;-7.51852
-171.93;4.0387;0.879887;-0.0987764;0.00605022;-8.51876
-163.105;4.0387;0.778041;-0.119265;-0.00205265;-9.49727
-154.279;4.0387;0.750704;-0.12971;-0.0161398;-10.476
-145.454;4.0387;0.815251;-0.134652;-0.029521;-11.4454
-136.628;4.0387;0.828954;-0.146703;-0.0366102;-12.406
-127.803;4.0387;0.817705;-0.161555;-0.0395631;-13.3456
-118.977;4.0387;0.808385;-0.174433;-0.039304;-14.259
-110.152;4.0387;0.791061;-0.187;-0.0333664;-15.16
-101.326;4.0387;0.755854;-0.196471;-0.0258242;-16.024
-92.5009;4.0387;0.710604;-0.198404;-0.0207504;-16.8377
-83.6754;4.0387;0.681998;-0.190973;-0.020266;-17.6009
-74.85;4.0387;0.695752;-0.180995;-0.0186786;-18.3426
-66.0245;4.0387;0.714417;-0.171242;-0.010882;-19.0687
-57.1991;4.0387;0.725944;-0.161222;-0.00227129;-19.7791
-48.3736;4.0387;0.765626;-0.147607;0.00972458;-20.4735
-39.5482;4.0387;0.876335;-0.126829;0.0291141;-21.1798
-30.7227;4.0387;1.07701;-0.102596;0.0541545;-21.8788
-21.8972;4.0387;1.33105;-0.0820926;0.0816324;-22.5574
-13.0718;4.0387;1.42379;-0.0512353;0.103645;-22.9971
-4.24634;4.0387;0.79131;0.0053514;0.111944;-22.912
4.57912;4.0387;0.165894;0.0691199;0.0853734;-22.4842
13.4046;4.0387;0.0502786;0.169582;0.0218357;-22.3725
22.23;4.0387;0.431554;0.281463;-0.0450872;-22.5476
31.0555;4.0387;0.675147;0.386104;-0.0886255;-22.5708
39.8809;4.0387;0.545811;0.445065;-0.112382;-22.1866
48.7064;4.0387;0.520612;0.468377;-0.120136;-21.7442
57.5318;4.0387;0.733694;0.490797;-0.105409;-21.4678
66.3573;4.0387;1.08008;0.508491;-0.0728408;-21.2189
75.1828;4.0387;1.27114;0.514658;-0.0397086;-20.7799
84.0082;4.0387;1.11627;0.518968;-0.0221931;-19.994
92.8337;4.0387;0.875649;0.51578;-0.0164136;-19.0214
101.659;4.0387;0.648453;0.513718;-0.0145493;-18.02
110.485;4.0387;0.507238;0.507025;-0.0132126;-17.0586
119.31;4.0387;0.500926;0.493791;-0.00888067;-16.1926
128.135;4.0387;0.584916;0.477447;-0.0050348;-15.3812
136.961;4.0387;0.655455;0.462561;-0.00401578;-14.5357
145.786;4.0387;0.700732;0.44545;-0.00332714;-13.6443
154.612;4.0387;0.735282;0.42462;-0.00187416;-12.7211
163.437;4.0387;0.789184;0.400809;0.000942919;-11.7881
172.263;4.0387;0.821612;0.375798;0.0045761;-10.8016
181.088;4.0387;0.777993;0.344566;0.0102454;-9.69238
189.914;4.0387;0.736501;0.309083;0.0155748;-8.56699
198.739;4.0387;0.823765;0.270351;0.019107;-7.56734
207.565;4.0387;1.06119;0.228953;0.0184594;-6.69334
216.39;4.0387;1.23013;0.185999;0.0154632;-5.72624
225.215;4.0387;1.27151;0.142164;0.0146694;-4.6157
234.041;4.0387;1.18081;0.0988326;0.0173917;-3.36301
242.866;4.0387;1.01931;0.0556028;0.0233687;-2.03393
251.692;4.0387;0.994675;0.039294;0.0274918;-0.743245
-233.708;-4.78675;0.917463;0.0687508;0.0156204;-1.34257
-224.883;-4.78675;0.994445;0.0560185;0.0147054;-2.40095
-216.057;-4.78675;0.947679;0.0286337;0.0151012;-3.43242
-207.232;-4.78675;0.796723;-0.00814492;0.0178607;-4.41163
-198.406;-4.78675;0.716482;-0.0386155;0.0168217;-5.40033
-189.581;-4.78675;0.745535;-0.0595655;0.0112562;-6.44041
-180.755;-4.78675;0.872422;-0.0801485;0.00939041;-7.53943
-171.93;-4.78675;0.889449;-0.0980062;0.00445633;-8.5742
-163.105;-4.78675;0.831692;-0.108404;-0.00782257;-9.56517
-154.279;-4.78675;0.817966;-0.111549;-0.0265782;-10.5581
-145.454;-4.78675;0.863743;-0.117129;-0.0411797;-11.538
-136.628;-4.78675;0.845111;-0.136397;-0.0471318;-12.513
-127.803;-4.78675;0.806519;-0.153749;-0.0491801;-13.4466
-118.977;-4.78675;0.802731;-0.166679;-0.0497973;-14.3509
-110.152;-4.78675;0.78717;-0.179149;-0.0458532;-15.2547
-101.326;-4.78675;0.743456;-0.188294;-0.0411064;-16.1209
-92.5009;-4.78675;0.683742;-0.190509;-0.0386277;-16.9323
-83.6754;-4.78675;0.637338;-0.185525;-0.0388669;-17.6939
-74.85;-4.78675;0.641553;-0.177913;-0.0371503;-18.4502
-66.0245;-4.78675;0.664505;-0.169257;-0.0320205;-19.1927
-57.1991;-4.78675;0.680742;-0.158485;-0.0272644;-19.9142
-48.3736;-4.78675;0.720361;-0.144241;-0.0190161;-20.6111
-39.5482;-4.78675;0.81216;-0.123597;-0.00451749;-21.2922
-30.7227;-4.78675;0.966209;-0.0974213;0.0149129;-21.9542
-21.8972;-4.78675;1.14349;-0.0717646;0.0359005;-22.5623
-13.0718;-4.78675;1.04402;-0.0307731;0.0560487;-22.8529
-4.24634;-4.78675;0.161212;0.0287905;0.0649539;-22.5116
4.57912;-4.78675;-0.358994;0.0983134;0.0314075;-22.137
13.4046;-4.78675;-0.107541;0.208094;-0.0322974;-22.3658
22.23;-4.78675;0.522532;0.305522;-0.0907348;-22.7435
31.0555;-4.78675;0.672897;0.389989;-0.121994;-22.7189
39.8809;-4.78675;0.508165;0.436303;-0.141212;-22.2293
48.7064;-4.78675;0.504454;0.464397;-0.148709;-21.8123
57.5318;-4.78675;0.692116;0.488707;-0.137859;-21.5133
66.3573;-4.78675;0.938002;0.508351;-0.110337;-21.1895
75.1828;-4.78675;1.04858;0.517199;-0.0790003;-20.6694
84.0082;-4.78675;0.839811;0.522434;-0.0587825;-19.8091
92.8337;-4.78675;0.531381;0.518686;-0.0511922;-18.7613
101.659;-4.78675;0.27336;0.515739;-0.0479349;-17.7417
110.485;-4.78675;0.185482;0.509779;-0.043876;-16.8544
119.31;-4.78675;0.334187;0.499295;-0.0360991;-16.147
128.135;-4.78675;0.560192;0.487011;-0.0300368;-15.4592
136.961;-4.78675;0.6778;0.475783;-0.0282209;-14.6498
145.786;-4.78675;0.743401;0.460994;-0.0253432;-13.772
154.612;-4.78675;0.804416;0.437757;-0.0212383;-12.8573
163.437;-4.78675;0.873434;0.412546;-0.0153663;-11.9337
172.263;-4.78675;0.901538;0.385144;-0.00900807;-10.9362
181.088;-4.78675;0.842186;0.352594;-0.000876083;-9.81215
189.914;-4.78675;0.769188;0.315562;0.00794798;-8.65428
198.739;-4.78675;0.787309;0.277199;0.014436;-7.58227
207.565;-4.78675;0.976932;0.235785;0.0152366;-6.6506
216.39;-4.78675;1.13749;0.189641;0.0139755;-5.66478
225.215;-4.78675;1.1876;0.143645;0.0156591;-4.55478
234.041;-4.78675;1.10546;0.100689;0.0217516;-3.31198
242.866;-4.78675;0.957532;0.059796;0.0274551;-2.02864
251.692;-4.78675;0.939029;0.0398548;0.0279558;-0.766742
-233.708;-13.6122;0.91999;0.0743152;0.0209321;-1.32943
-224.883;-13.6122;0.971939;0.0612512;0.021528;-2.40805
-216.057;-13.6122;0.930641;0.0345146;0.0219966;-3.43644
-207.232;-13.6122;0.846861;-0.0023871;0.0222435;-4.44189
-198.406;-13.6122;0.79765;-0.0344041;0.0192477;-5.45521
-189.581;-13.6122;0.820681;-0.0567318;0.0123344;-6.50195
-180.755;-13.6122;0.91906;-0.0753603;0.006855;-7.58763
-171.93;-13.6122;0.914213;-0.0870349;-0.00332752;-8.6176
-163.105;-13.6122;0.853727;-0.0893285;-0.0204148;-9.59532
-154.279;-13.6122;0.837878;-0.0908739;-0.0398384;-10.593
-145.454;-13.6122;0.867219;-0.102531;-0.0509132;-11.5889
-136.628;-13.6122;0.836473;-0.128601;-0.0530046;-12.576
-127.803;-13.6122;0.798462;-0.145075;-0.0550095;-13.4974
-118.977;-13.6122;0.792631;-0.155195;-0.0587528;-14.3925
-110.152;-13.6122;0.765927;-0.163894;-0.0613098;-15.2719
-101.326;-13.6122;0.714797;-0.169769;-0.0623289;-16.1188
-92.5009;-13.6122;0.661092;-0.170412;-0.062516;-16.9254
-83.6754;-13.6122;0.625794;-0.166544;-0.0622137;-17.7045
-74.85;-13.6122;0.616338;-0.163547;-0.062436;-18.4782
-66.0245;-13.6122;0.624545;-0.157495;-0.061152;-19.2236
-57.1991;-13.6122;0.62297;-0.148466;-0.0570946;-19.9414
-48.3736;-13.6122;0.663582;-0.134818;-0.048843;-20.6335
-39.5482;-13.6122;0.755989;-0.111644;-0.0392195;-21.3073
-30.7227;-13.6122;0.874823;-0.08064;-0.0304406;-21.9181
-21.8972;-13.6122;0.959652;-0.0480228;-0.0213926;-22.4126
-13.0718;-13.6122;0.723583;0.00178259;-0.00790034;-22.6092
-4.24634;-13.6122;0.0637401;0.0678661;-0.00129647;-22.3251
4.57912;-13.6122;-0.0101293;0.149799;-0.0353532;-22.3008
13.4046;-13.6122;0.485767;0.251987;-0.0934886;-22.7377
22.23;-13.6122;0.927745;0.33528;-0.139004;-23.0891
31.0555;-13.6122;0.845962;0.388505;-0.152852;-22.8966
39.8809;-13.6122;0.67888;0.421363;-0.162766;-22.3572
48.7064;-13.6122;0.649537;0.450802;-0.167051;-21.9165
57.5318;-13.6122;0.717417;0.47593;-0.159428;-21.5098
66.3573;-13.6122;0.799686;0.495682;-0.140185;-21.0419
75.1828;-13.6122;0.803043;0.506164;-0.115686;-20.4113
84.0082;-13.6122;0.57172;0.515257;-0.0948551;-19.5156
92.8337;-13.6122;0.2536;0.518798;-0.0828921;-18.4827
101.659;-13.6122;0.0667635;0.517573;-0.0758147;-17.5591
110.485;-13.6122;0.137427;0.512319;-0.0696856;-16.8457
119.31;-13.6122;0.465554;0.50465;-0.0617257;-16.3063
128.135;-13.6122;0.794479;0.49673;-0.0561048;-15.7
136.961;-13.6122;0.846945;0.488825;-0.0515164;-14.8373
145.786;-13.6122;0.868224;0.471029;-0.0445741;-13.9059
154.612;-13.6122;0.955675;0.446503;-0.0378523;-13.0023
163.437;-13.6122;1.05441;0.419836;-0.0292484;-12.1009
172.263;-13.6122;1.05852;0.390833;-0.0205205;-11.0865
181.088;-13.6122;0.954052;0.357414;-0.0114452;-9.92963
189.914;-13.6122;0.829417;0.319976;-0.00198565;-8.72703
198.739;-13.6122;0.789595;0.281145;0.00615076;-7.5907
207.565;-13.6122;0.942183;0.237306;0.00878712;-6.60431
216.39;-13.6122;1.11105;0.186032;0.0115722;-5.60269
225.215;-13.6122;1.18122;0.136355;0.0179767;-4.50199
234.041;-13.6122;1.13797;0.0961424;0.025597;-3.2946
242.866;-13.6122;1.06152;0.0600576;0.0310446;-2.04069
-233.708;-22.4377;0.934667;0.0772259;0.0258547;-1.30975
-224.883;-22.4377;0.984004;0.076471;0.0258251;-2.34862
-216.057;-22.4377;0.938589;0.0478025;0.026324;-3.39321
-207.232;-22.4377;0.906584;0.0106454;0.0250395;-4.43866
-198.406;-22.4377;0.920347;-0.0212667;0.0204988;-5.48362
-189.581;-22.4377;0.944129;-0.0450431;0.014018;-6.54268
-180.755;-22.4377;0.980746;-0.0618236;0.0048832;-7.58821
-171.93;-22.4377;0.900072;-0.069481;-0.0123661;-8.58148
-163.105;-22.4377;0.80875;-0.0700116;-0.0339183;-9.5322
-154.279;-22.4377;0.797561;-0.0757181;-0.050006;-10.5336
-145.454;-22.4377;0.834823;-0.0922096;-0.0577616;-11.5443
-136.628;-22.4377;0.830083;-0.118262;-0.0607184;-12.5463
-127.803;-22.4377;0.807489;-0.133019;-0.0655093;-13.4816
-118.977;-22.4377;0.792222;-0.140369;-0.0717377;-14.3791
-110.152;-22.4377;0.739512;-0.145616;-0.0787931;-15.2319
-101.326;-22.4377;0.675577;-0.149864;-0.084665;-16.0545
-92.5009;-22.4377;0.636694;-0.150759;-0.0881645;-16.8583
-83.6754;-22.4377;0.629255;-0.147566;-0.0898079;-17.6562
-74.85;-22.4377;0.618903;-0.146154;-0.0943069;-18.4306
-66.0245;-22.4377;0.601886;-0.141956;-0.0972008;-19.1604
-57.1991;-22.4377;0.571527;-0.134298;-0.0925766;-19.8517
-48.3736;-22.4377;0.605861;-0.120657;-0.0827716;-20.5286
-39.5482;-22.4377;0.717249;-0.094783;-0.0771039;-21.1977
-30.7227;-22.4377;0.84868;-0.0582401;-0.0794833;-21.782
-21.8972;-22.4377;0.898937;-0.01529;-0.0839698;-22.2278
-13.0718;-22.4377;0.698448;0.0401346;-0.0821254;-22.4518
-4.24634;-22.4377;0.41487;0.102135;-0.0805703;-22.3856
4.57912;-22.4377;0.586892;0.185107;-0.113084;-22.6148
13.4046;-22.4377;0.951951;0.263005;-0.151681;-22.9377
22.23;-22.4377;1.0605;0.321483;-0.171388;-23.0395
31.0555;-22.4377;0.842742;0.364938;-0.173687;-22.7254
39.8809;-22.4377;0.713007;0.402603;-0.181687;-22.2494
48.7064;-22.4377;0.690433;0.435561;-0.184197;-21.8103
57.5318;-22.4377;0.681764;0.462536;-0.177944;-21.3281
66.3573;-22.4377;0.654514;0.481433;-0.163874;-20.7597
75.1828;-22.4377;0.607295;0.490758;-0.14488;-20.0854
84.0082;-22.4377;0.456377;0.50054;-0.125049;-19.27
92.8337;-22.4377;0.244522;0.510279;-0.109732;-18.3728
101.659;-22.4377;0.19858;0.511413;-0.0978322;-17.6021
110.485;-22.4377;0.425991;0.507492;-0.0894079;-17.0249
119.31;-22.4377;0.853755;0.500832;-0.0843501;-16.5358
128.135;-22.4377;1.06488;0.496802;-0.0803461;-15.856
136.961;-22.4377;0.951607;0.488309;-0.0724615;-14.8635
145.786;-22.4377;0.902311;0.468324;-0.0612329;-13.8694
154.612;-22.4377;1.0172;0.445211;-0.050849;-12.9894
163.437;-22.4377;1.18887;0.418632;-0.0390759;-12.1423
172.263;-22.4377;1.21673;0.389052;-0.0292524;-11.1492
181.088;-22.4377;1.12379;0.354126;-0.0186764;-10.0033
189.914;-22.4377;1.0137;0.314902;-0.00798413;-8.81204
198.739;-22.4377;0.979471;0.274174;0.00149754;-7.67205
207.565;-22.4377;1.08391;0.228246;0.00643769;-6.62978
216.39;-22.4377;1.21551;0.1722;0.0132001;-5.56688
225.215;-22.4377;1.28015;0.121562;0.0229237;-4.44714
234.041;-22.4377;1.23663;0.0842417;0.0310909;-3.27166
242.866;-22.4377;1.16117;0.0607491;0.0367817;-2.08002
-233.708;-31.2631;0.976225;0.0887218;0.0319147;-1.25812
-224.883;-31.2631;0.935487;0.0763531;0.0306166;-2.26877
-216.057;-31.2631;0.883166;0.0550703;0.0293895;-3.29411
-207.232;-31.2631;0.870527;0.0175367;0.0271471;-4.36642
-198.406;-31.2631;0.933636;-0.0118616;0.0221567;-5.43383
-189.581;-31.2631;0.965484;-0.0324389;0.0143688;-6.48145
-180.755;-31.2631;0.969713;-0.044783;0.00157056;-7.49665
-171.93;-31.2631;0.866385;-0.0494072;-0.0212485;-8.47701
-163.105;-31.2631;0.775988;-0.0525307;-0.0443274;-9.4365
-154.279;-31.2631;0.772905;-0.0636556;-0.0572157;-10.4416
-145.454;-31.2631;0.818168;-0.0823483;-0.064848;-11.4512
-136.628;-31.2631;0.838813;-0.104712;-0.0729455;-12.4533
-127.803;-31.2631;0.838141;-0.119193;-0.0820679;-13.4158
-118.977;-31.2631;0.811703;-0.126224;-0.0890769;-14.3121
-110.152;-31.2631;0.734414;-0.131737;-0.0969007;-15.1499
-101.326;-31.2631;0.653594;-0.138129;-0.105285;-15.959
-92.5009;-31.2631;0.618838;-0.14144;-0.112478;-16.7614
-83.6754;-31.2631;0.630641;-0.138448;-0.11906;-17.5522
-74.85;-31.2631;0.63091;-0.133955;-0.127409;-18.3054
-66.0245;-31.2631;0.591787;-0.130433;-0.132595;-18.9915
-57.1991;-31.2631;0.550376;-0.11868;-0.129074;-19.6952
-48.3736;-31.2631;0.582774;-0.0660145;-0.11587;-20.9197
-39.5482;-31.2631;0.701108;-0.0554756;-0.115774;-21.2655
-30.7227;-31.2631;0.832821;-0.0392988;-0.125062;-21.5096
-21.8972;-31.2631;0.862272;0.0124873;-0.134127;-21.9502
-13.0718;-31.2631;0.793594;0.0639119;-0.139143;-22.2133
-4.24634;-31.2631;0.695952;0.119749;-0.146192;-22.341
4.57912;-31.2631;0.756414;0.185237;-0.16511;-22.5291
13.4046;-31.2631;0.893639;0.247101;-0.182754;-22.6641
22.23;-31.2631;0.926418;0.3;-0.191594;-22.6263
31.0555;-31.2631;0.764656;0.343556;-0.192753;-22.3373
39.8809;-31.2631;0.698891;0.380894;-0.196267;-21.9482
48.7064;-31.2631;0.683316;0.415982;-0.1969;-21.5397
57.5318;-31.2631;0.644743;0.44548;-0.191811;-21.0445
66.3573;-31.2631;0.584812;0.464463;-0.180209;-20.4474
75.1828;-31.2631;0.534326;0.473772;-0.163444;-19.7797
84.0082;-31.2631;0.472089;0.485336;-0.145704;-19.0769
92.8337;-31.2631;0.388996;0.4982;-0.128237;-18.3266
101.659;-31.2631;0.461422;0.501128;-0.113028;-17.6716
110.485;-31.2631;0.710067;0.499227;-0.103567;-17.1166
119.31;-31.2631;1.01956;0.494699;-0.100556;-16.5377
128.135;-31.2631;1.10897;0.489135;-0.0976063;-15.7426
136.961;-31.2631;0.917069;0.478178;-0.0864776;-14.6761
145.786;-31.2631;0.856762;0.456362;-0.0725889;-13.6617
154.612;-31.2631;0.990883;0.436481;-0.060402;-12.798
163.437;-31.2631;1.18993;0.412556;-0.0478703;-11.9709
172.263;-31.2631;1.26699;0.381647;-0.0363763;-11.0222
181.088;-31.2631;1.22426;0.344627;-0.0248647;-9.92351
189.914;-31.2631;1.15959;0.303304;-0.014328;-8.77581
198.739;-31.2631;1.1402;0.260501;-0.00395333;-7.65003
207.565;-31.2631;1.18078;0.213753;0.00386137;-6.55299
216.39;-31.2631;1.26145;0.157027;0.0134804;-5.43539
225.215;-31.2631;1.32227;0.107209;0.0240378;-4.30584
234.041;-31.2631;1.29562;0.0709119;0.0325258;-3.12361
242.866;-31.2631;1.23039;0.0541592;0.0378198;-1.974
-224.883;-40.0886;0.878485;0.0926505;0.0335937;-2.10097
-216.057;-40.0886;0.776793;0.0652118;0.0299219;-3.11924
-207.232;-40.0886;0.81234;0.0329479;0.0273948;-4.19578
-198.406;-40.0886;0.887623;0.00238696;0.023637;-5.29469
-189.581;-40.0886;0.894275;-0.0155899;0.0121523;-6.32953
-180.755;-40.0886;0.878861;-0.0224471;-0.00711538;-7.33125
-171.93;-40.0886;0.837144;-0.0252337;-0.0338258;-8.318
-163.105;-40.0886;0.799244;-0.033163;-0.0551553;-9.3115
-154.279;-40.0886;0.793392;-0.0490443;-0.0661297;-10.3061
-145.454;-40.0886;0.814337;-0.0704902;-0.0754657;-11.2988
-136.628;-40.0886;0.834103;-0.0919035;-0.0879155;-12.2883
-127.803;-40.0886;0.862177;-0.106782;-0.0984153;-13.2691
-118.977;-40.0886;0.843026;-0.115762;-0.104993;-14.1787
-110.152;-40.0886;0.764544;-0.125391;-0.112872;-15.0214
-101.326;-40.0886;0.674211;-0.135744;-0.123071;-15.8196
-92.5009;-40.0886;0.629524;-0.139919;-0.13386;-16.6043
-83.6754;-40.0886;0.638165;-0.134345;-0.14478;-17.3706
-74.85;-40.0886;0.635258;-0.126487;-0.155174;-18.0971
-66.0245;-40.0886;0.589351;-0.119333;-0.161265;-18.7698
-30.7227;-40.0886;0.777794;-0.018449;-0.16236;-21.175
-21.8972;-40.0886;0.745955;0.0308249;-0.167896;-21.5746
-13.0718;-40.0886;0.735334;0.0769025;-0.171889;-21.8631
-4.24634;-40.0886;0.720812;0.128674;-0.180837;-22.0777
4.57912;-40.0886;0.731063;0.184981;-0.193186;-22.1802
13.4046;-40.0886;0.746188;0.237792;-0.201179;-22.1785
22.23;-40.0886;0.729607;0.283229;-0.203152;-22.0665
31.0555;-40.0886;0.660023;0.323378;-0.205069;-21.8286
39.8809;-40.0886;0.60733;0.360607;-0.207438;-21.4951
48.7064;-40.0886;0.571975;0.397935;-0.206673;-21.1046
57.5318;-40.0886;0.527565;0.429141;-0.200932;-20.6284
66.3573;-40.0886;0.483725;0.450187;-0.190179;-20.063
75.1828;-40.0886;0.458638;0.462664;-0.175842;-19.4361
84.0082;-40.0886;0.443012;0.475061;-0.159799;-18.7917
92.8337;-40.0886;0.437177;0.484391;-0.14186;-18.1157
101.659;-40.0886;0.527062;0.488734;-0.126529;-17.4852
110.485;-40.0886;0.688307;0.488418;-0.117353;-16.8625
119.31;-40.0886;0.838679;0.482924;-0.113897;-16.162
128.135;-40.0886;0.865206;0.473434;-0.109879;-15.3031
136.961;-40.0886;0.756769;0.461024;-0.0968865;-14.299
145.786;-40.0886;0.755945;0.440769;-0.081994;-13.3285
154.612;-40.0886;0.881961;0.422503;-0.0685366;-12.4546
163.437;-40.0886;1.04644;0.39887;-0.0558635;-11.5977
172.263;-40.0886;1.14595;0.366627;-0.0451092;-10.6707
181.088;-40.0886;1.15042;0.329772;-0.0350429;-9.62285
189.914;-40.0886;1.12767;0.289915;-0.0253511;-8.52575
198.739;-40.0886;1.11418;0.249401;-0.0145898;-7.42183
207.565;-40.0886;1.10563;0.203225;-0.00493162;-6.29488
216.39;-40.0886;1.15201;0.151402;0.0045022;-5.16646
225.215;-40.0886;1.21308;0.105788;0.0143582;-4.05627
234.041;-40.0886;1.24488;0.0729093;0.0222627;-2.91597
242.866;-40.0886;1.24717;0.0487962;0.0304823;-1.74812
-224.883;-48.914;0.865922;0.115395;0.0328112;-1.91749
-216.057;-48.914;0.72898;0.0803068;0.0268251;-2.93923
-207.232;-48.914;0.812433;0.0535962;0.0255464;-4.01075
-198.406;-48.914;0.880734;0.0245034;0.0227238;-5.12045
-189.581;-48.914;0.833176;0.0107767;0.00605154;-6.13889
-180.755;-48.914;0.791135;0.00930482;-0.0213744;-7.12615
-171.93;-48.914;0.824701;0.00416396;-0.0492351;-8.12
-163.105;-48.914;0.841976;-0.0109479;-0.0667674;-9.14241
-154.279;-48.914;0.809374;-0.0321476;-0.0764068;-10.1098
-145.454;-48.914;0.767408;-0.0593162;-0.0866652;-11.0733
-136.628;-48.914;0.770203;-0.0842521;-0.100219;-12.0471
-127.803;-48.914;0.826843;-0.0969;-0.108554;-13.0377
-118.977;-48.914;0.856381;-0.104438;-0.11489;-13.9526
-110.152;-48.914;0.794969;-0.116593;-0.124596;-14.8068
-101.326;-48.914;0.715187;-0.127711;-0.135723;-15.6002
-92.5009;-48.914;0.675647;-0.130478;-0.147922;-16.3651
-83.6754;-48.914;0.674414;-0.123884;-0.16215;-17.1104
-74.85;-48.914;0.658513;-0.116308;-0.173355;-17.7952
-66.0245;-48.914;0.61066;-0.107404;-0.179584;-18.4727
-57.1991;-48.914;0.586636;-0.0949759;-0.17827;-19.1109
-30.7227;-48.914;0.659317;-0.00213807;-0.191048;-20.7345
-21.8972;-48.914;0.60846;0.0432731;-0.192798;-21.1054
-13.0718;-48.914;0.635532;0.08509;-0.192332;-21.4063
-4.24634;-48.914;0.670246;0.131418;-0.196902;-21.623
4.57912;-48.914;0.666519;0.182692;-0.206527;-21.6962
13.4046;-48.914;0.628165;0.229025;-0.212749;-21.6414
22.23;-48.914;0.577527;0.267727;-0.213376;-21.4871
31.0555;-48.914;0.530984;0.305958;-0.21606;-21.2633
39.8809;-48.914;0.466423;0.343898;-0.219344;-20.9382
48.7064;-48.914;0.407715;0.381436;-0.220814;-20.5424
57.5318;-48.914;0.373099;0.412074;-0.217121;-20.0895
66.3573;-48.914;0.344315;0.435392;-0.207837;-19.5577
75.1828;-48.914;0.307852;0.450735;-0.195683;-18.9354
84.0082;-48.914;0.271367;0.462522;-0.182581;-18.2783
92.8337;-48.914;0.286973;0.465944;-0.165231;-17.622
101.659;-48.914;0.340222;0.468446;-0.149356;-16.9641
110.485;-48.914;0.408089;0.468096;-0.138846;-16.2677
119.31;-48.914;0.471912;0.461881;-0.132233;-15.5061
128.135;-48.914;0.525427;0.450836;-0.124087;-14.6839
136.961;-48.914;0.58322;0.439381;-0.11021;-13.8296
145.786;-48.914;0.663903;0.423807;-0.0938794;-12.943
154.612;-48.914;0.762039;0.405438;-0.0773926;-12.052
163.437;-48.914;0.858186;0.380697;-0.0627046;-11.1493
172.263;-48.914;0.927673;0.349889;-0.0524627;-10.2057
181.088;-48.914;0.938949;0.31715;-0.0440522;-9.17915
189.914;-48.914;0.926545;0.281691;-0.0358172;-8.10589
198.739;-48.914;0.914814;0.241833;-0.025419;-7.0097
207.565;-48.914;0.91584;0.195337;-0.0150467;-5.90146
216.39;-48.914;0.96787;0.147372;-0.00593454;-4.80167
225.215;-48.914;1.02862;0.109889;-8.27068e-05;-3.72839
234.041;-48.914;1.06273;0.0730746;0.00533713;-2.60111
242.866;-48.914;1.04904;0.0349083;0.0170133;-1.42013
-224.883;-57.7395;0.947195;0.13509;0.0311298;-1.79611
-216.057;-57.7395;0.801921;0.0941474;0.0243839;-2.80191
-207.232;-57.7395;0.859252;0.066736;0.0264401;-3.84322
-198.406;-57.7395;0.91912;0.047134;0.0217795;-4.92476
-189.581;-57.7395;0.851179;0.0422993;-0.00282908;-5.94141
-180.755;-57.7395;0.810646;0.0440444;-0.0340593;-6.92012
-171.93;-57.7395;0.836867;0.0323036;-0.0579415;-7.90565
-163.105;-57.7395;0.841083;0.0119295;-0.0714637;-8.90904
-154.279;-57.7395;0.784737;-0.0105751;-0.0804113;-9.83507
-145.454;-57.7395;0.706254;-0.0392095;-0.0915861;-10.7614
-136.628;-57.7395;0.685104;-0.0662945;-0.10555;-11.7155
-127.803;-57.7395;0.778949;-0.0791612;-0.112787;-12.7041
-118.977;-57.7395;0.82595;-0.0868754;-0.120585;-13.6173
-110.152;-57.7395;0.772569;-0.101341;-0.134014;-14.4768
-101.326;-57.7395;0.709397;-0.11135;-0.146865;-15.2623
-92.5009;-57.7395;0.672548;-0.112197;-0.156964;-16.011
-83.6754;-57.7395;0.653724;-0.107075;-0.168305;-16.7397
-74.85;-57.7395;0.632789;-0.103083;-0.182473;-17.4164
-30.7227;-57.7395;0.603584;0.00257254;-0.220518;-20.1993
-21.8972;-57.7395;0.548689;0.0465418;-0.221527;-20.566
-13.0718;-57.7395;0.555777;0.0881589;-0.219588;-20.8527
-4.24634;-57.7395;0.584587;0.132338;-0.22179;-21.0491
4.57912;-57.7395;0.576389;0.178051;-0.228256;-21.1156
13.4046;-57.7395;0.524496;0.218945;-0.233122;-21.0567
22.23;-57.7395;0.460668;0.254542;-0.233395;-20.8938
31.0555;-57.7395;0.413791;0.291977;-0.234946;-20.6619
39.8809;-57.7395;0.354375;0.330728;-0.239437;-20.3356
48.7064;-57.7395;0.302228;0.36601;-0.243368;-19.9525
57.5318;-57.7395;0.283121;0.394435;-0.243404;-19.5242
66.3573;-57.7395;0.249495;0.418486;-0.237233;-19.0023
75.1828;-57.7395;0.17243;0.43429;-0.226947;-18.3511
84.0082;-57.7395;0.0866139;0.447723;-0.215815;-17.6731
92.8337;-57.7395;0.0942326;0.450547;-0.200778;-17.0341
101.659;-57.7395;0.122364;0.45178;-0.185507;-16.3668
110.485;-57.7395;0.166296;0.450727;-0.173326;-15.6513
119.31;-57.7395;0.249459;0.44489;-0.162959;-14.9084
128.135;-57.7395;0.410716;0.431995;-0.149171;-14.185
136.961;-57.7395;0.575063;0.418727;-0.130919;-13.4328
145.786;-57.7395;0.696298;0.405242;-0.109347;-12.6124
154.612;-57.7395;0.780799;0.385019;-0.0884734;-11.7302
163.437;-57.7395;0.846374;0.358337;-0.0706543;-10.8144
172.263;-57.7395;0.913719;0.32821;-0.0578504;-9.87347
181.088;-57.7395;0.944669;0.298548;-0.0476123;-8.86616
189.914;-57.7395;0.950389;0.265721;-0.038542;-7.81366
198.739;-57.7395;0.956095;0.225983;-0.0264878;-6.73556
207.565;-57.7395;0.990324;0.180936;-0.0151094;-5.65981
216.39;-57.7395;1.04892;0.138236;-0.00688876;-4.58629
225.215;-57.7395;1.0638;0.101266;-0.00176087;-3.48861
234.041;-57.7395;1.0427;0.0600957;0.00365255;-2.30373
242.866;-57.7395;1.01107;0.00945614;0.0160518;-1.07626
-216.057;-66.5649;0.901035;0.10555;0.0301426;-2.63194
-207.232;-66.5649;0.893053;0.0785965;0.0296398;-3.63412
-198.406;-66.5649;0.910619;0.0678349;0.0177741;-4.66351
-189.581;-66.5649;0.87609;0.0748575;-0.0113912;-5.645
-180.755;-66.5649;0.833207;0.0710062;-0.0389143;-6.62603
-171.93;-66.5649;0.825691;0.0526851;-0.0574896;-7.61199
-163.105;-66.5649;0.825733;0.0293507;-0.0682708;-8.60823
-154.279;-66.5649;0.788037;0.00785092;-0.0779882;-9.5374
-145.454;-66.5649;0.714623;-0.0167358;-0.0912842;-10.4454
-136.628;-66.5649;0.661305;-0.0428292;-0.106343;-11.3599
-127.803;-66.5649;0.679361;-0.0610244;-0.116354;-12.3122
-118.977;-66.5649;0.700673;-0.0684875;-0.127901;-13.198
-110.152;-66.5649;0.670074;-0.0831199;-0.145709;-14.046
-101.326;-66.5649;0.631413;-0.0926637;-0.160916;-14.8247
-92.5009;-66.5649;0.597172;-0.0931864;-0.171007;-15.568
-83.6754;-66.5649;0.567575;-0.0894862;-0.181905;-16.2828
-74.85;-66.5649;0.548674;-0.0873384;-0.199323;-16.9557
-30.7227;-66.5649;0.596271;0.00805949;-0.260878;-19.638
-21.8972;-66.5649;0.566362;0.0490711;-0.266429;-20.0011
-13.0718;-66.5649;0.530771;0.089718;-0.268207;-20.2448
-4.24634;-66.5649;0.52114;0.132165;-0.269699;-20.4093
4.57912;-66.5649;0.51681;0.172466;-0.27236;-20.4719
13.4046;-66.5649;0.482112;0.208384;-0.273089;-20.4285
22.23;-66.5649;0.432345;0.242978;-0.269814;-20.2925
31.0555;-66.5649;0.398952;0.28002;-0.266455;-20.0766
39.8809;-66.5649;0.373328;0.317785;-0.266802;-19.7776
48.7064;-66.5649;0.362578;0.348108;-0.268561;-19.4387
57.5318;-66.5649;0.366927;0.374029;-0.272172;-19.0465
66.3573;-66.5649;0.34401;0.399785;-0.270931;-18.5593
75.1828;-66.5649;0.278969;0.420342;-0.259974;-17.9576
84.0082;-66.5649;0.210789;0.434373;-0.244851;-17.3224
92.8337;-66.5649;0.2275;0.439873;-0.23076;-16.7293
101.659;-66.5649;0.280477;0.440863;-0.216451;-16.0987
110.485;-66.5649;0.371809;0.43624;-0.202746;-15.4079
119.31;-66.5649;0.516321;0.426381;-0.189311;-14.6921
128.135;-66.5649;0.726607;0.412031;-0.171766;-14.0094
136.961;-66.5649;0.960386;0.394206;-0.15127;-13.3166
145.786;-66.5649;1.07664;0.377933;-0.125549;-12.5109
154.612;-66.5649;1.10651;0.357263;-0.101168;-11.6013
163.437;-66.5649;1.10497;0.332153;-0.079733;-10.6358
172.263;-66.5649;1.12433;0.303894;-0.0619531;-9.65676
181.088;-66.5649;1.12225;0.275666;-0.0466485;-8.63196
189.914;-66.5649;1.10562;0.24373;-0.0351533;-7.56997
198.739;-66.5649;1.09572;0.206015;-0.0228703;-6.48775
207.565;-66.5649;1.11382;0.163718;-0.0123228;-5.40498
216.39;-66.5649;1.13487;0.123853;-0.00451527;-4.31375
225.215;-66.5649;1.08043;0.0870039;5.91336e-05;-3.17605
234.041;-66.5649;1.0175;0.0444559;0.00562582;-1.96628
-216.057;-75.3904;0.949898;0.127634;0.0405424;-2.38805
-207.232;-75.3904;0.876867;0.101272;0.0337039;-3.34324
-198.406;-75.3904;0.812849;0.0916544;0.00976072;-4.3294
-189.581;-75.3904;0.730087;0.0896906;-0.0224426;-5.30257
-180.755;-75.3904;0.700644;0.0761745;-0.0472278;-6.28223
-171.93;-75.3904;0.710295;0.0536132;-0.0631244;-7.26187
-163.105;-75.3904;0.733936;0.0310089;-0.0742518;-8.2487
-154.279;-75.3904;0.740455;0.0134061;-0.0844383;-9.1875
-145.454;-75.3904;0.707293;-0.0063736;-0.0973362;-10.0918
-136.628;-75.3904;0.64791;-0.0309008;-0.112312;-10.9687
-127.803;-75.3904;0.613894;-0.0499689;-0.127066;-11.8698
-118.977;-75.3904;0.599771;-0.0569141;-0.142822;-12.7272
-110.152;-75.3904;0.579354;-0.0675566;-0.163844;-13.5591
-101.326;-75.3904;0.560919;-0.0739957;-0.182143;-14.3301
-92.5009;-75.3904;0.534831;-0.0743675;-0.195099;-15.0697
-83.6754;-75.3904;0.50691;-0.0722131;-0.207946;-15.7745
-74.85;-75.3904;0.498172;-0.0695199;-0.226651;-16.4389
-66.0245;-75.3904;0.519005;-0.0565876;-0.244422;-17.0704
-57.1991;-75.3904;0.525238;-0.0419926;-0.263584;-17.631
-48.3736;-75.3904;0.526994;0.0540126;-0.323722;-19.4002
-39.5482;-75.3904;0.562585;-0.00767462;-0.293813;-18.6217
-30.7227;-75.3904;0.611536;0.0192034;-0.303384;-19.0474
-21.8972;-75.3904;0.626673;0.0537433;-0.313889;-19.3942
-13.0718;-75.3904;0.581642;0.0936905;-0.321662;-19.6353
-4.24634;-75.3904;0.551274;0.134763;-0.321028;-19.7836
4.57912;-75.3904;0.560122;0.173478;-0.319714;-19.8542
13.4046;-75.3904;0.569317;0.207463;-0.317944;-19.8517
22.23;-75.3904;0.565344;0.238837;-0.314923;-19.7636
31.0555;-75.3904;0.562363;0.270183;-0.306196;-19.5886
39.8809;-75.3904;0.583095;0.299232;-0.293474;-19.3373
48.7064;-75.3904;0.617587;0.32387;-0.287757;-19.048
57.5318;-75.3904;0.681257;0.348228;-0.295797;-18.723
66.3573;-75.3904;0.772195;0.37379;-0.301815;-18.3464
75.1828;-75.3904;0.855197;0.396404;-0.290653;-17.8896
84.0082;-75.3904;0.882269;0.411427;-0.272732;-17.3438
92.8337;-75.3904;0.80553;0.422651;-0.258724;-16.7203
101.659;-75.3904;0.891397;0.419589;-0.243743;-16.1083
110.485;-75.3904;1.05314;0.412044;-0.226083;-15.4802
119.31;-75.3904;1.19518;0.402121;-0.207158;-14.7796
128.135;-75.3904;1.27686;0.391266;-0.186823;-14.0042
136.961;-75.3904;1.43191;0.372353;-0.163271;-13.258
145.786;-75.3904;1.48144;0.352459;-0.135499;-12.3985
154.612;-75.3904;1.45642;0.329353;-0.108222;-11.4433
163.437;-75.3904;1.40393;0.303016;-0.0824811;-10.4297
172.263;-75.3904;1.36801;0.274766;-0.0593264;-9.39546
181.088;-75.3904;1.31483;0.248039;-0.0396124;-8.33663
189.914;-75.3904;1.25233;0.217401;-0.0257375;-7.25103
198.739;-75.3904;1.20367;0.183276;-0.0150289;-6.15622
207.565;-75.3904;1.18355;0.144398;-0.00671843;-5.05499
216.39;-75.3904;1.15478;0.105273;0.00103056;-3.92888
225.215;-75.3904;1.06345;0.0678869;0.00694956;-2.77081
234.041;-75.3904;1.0136;0.0312592;0.0115403;-1.61372
-216.057;-84.2158;1.00369;0.146167;0.0494576;-2.06867
-207.232;-84.2158;0.839883;0.126098;0.0379051;-2.98887
-198.406;-84.2158;0.730979;0.110495;0.00591309;-3.95708
-189.581;-84.2158;0.652312;0.0978286;-0.0260666;-4.92355
-180.755;-84.2158;0.627619;0.0765936;-0.0513686;-5.90041
-171.93;-84.2158;0.645645;0.0525197;-0.0683386;-6.87182
-163.105;-84.2158;0.664561;0.0302592;-0.0824516;-7.84191
-154.279;-84.2158;0.67174;0.0128612;-0.0958676;-8.77588
-145.454;-84.2158;0.662174;-0.00466828;-0.110135;-9.67394
-136.628;-84.2158;0.634759;-0.024987;-0.124858;-10.5388
-127.803;-84.2158;0.604648;-0.041193;-0.143093;-11.4094
-118.977;-84.2158;0.583642;-0.0486225;-0.163654;-12.2537
-110.152;-84.2158;0.581277;-0.0558313;-0.187288;-13.0761
-101.326;-84.2158;0.575613;-0.0598134;-0.209433;-13.852
-92.5009;-84.2158;0.556528;-0.0605846;-0.226376;-14.5805
-83.6754;-84.2158;0.536586;-0.0584199;-0.240677;-15.2662
-74.85;-84.2158;0.539308;-0.0514718;-0.257491;-15.9126
-66.0245;-84.2158;0.568919;-0.0348339;-0.273621;-16.5133
-57.1991;-84.2158;0.580059;-0.0194696;-0.293591;-17.074
-48.3736;-84.2158;0.558376;-0.00589332;-0.310602;-17.5802
-39.5482;-84.2158;0.583577;0.0107903;-0.32165;-18.0283
-30.7227;-84.2158;0.64618;0.0332185;-0.330894;-18.4257
-21.8972;-84.2158;0.695398;0.0621304;-0.342086;-18.7605
-13.0718;-84.2158;0.701561;0.0983341;-0.349828;-19.0163
-4.24634;-84.2158;0.708334;0.138569;-0.347138;-19.1776
4.57912;-84.2158;0.70673;0.175885;-0.340473;-19.2544
13.4046;-84.2158;0.71595;0.205861;-0.337289;-19.2629
22.23;-84.2158;0.724198;0.23272;-0.336408;-19.1994
31.0555;-84.2158;0.732775;0.25884;-0.328758;-19.0516
39.8809;-84.2158;0.778332;0.284683;-0.312825;-18.8463
48.7064;-84.2158;0.902044;0.306966;-0.309003;-18.6373
57.5318;-84.2158;0.990934;0.341359;-0.325735;-18.3696
66.3573;-84.2158;1.12534;0.373227;-0.337563;-18.0676
75.1828;-84.2158;1.28482;0.395045;-0.326469;-17.7006
84.0082;-84.2158;1.37189;0.405036;-0.308434;-17.2006
92.8337;-84.2158;1.29131;0.40993;-0.293843;-16.5463
101.659;-84.2158;1.36088;0.401614;-0.274113;-15.9165
110.485;-84.2158;1.49989;0.393369;-0.247376;-15.3005
119.31;-84.2158;1.61961;0.379971;-0.21841;-14.6004
128.135;-84.2158;1.67066;0.367477;-0.189825;-13.8094
136.961;-84.2158;1.74476;0.347029;-0.16273;-12.9921
145.786;-84.2158;1.71012;0.325831;-0.135677;-12.0663
154.612;-84.2158;1.62591;0.301555;-0.106414;-11.0632
163.437;-84.2158;1.54478;0.273508;-0.0755838;-10.0219
172.263;-84.2158;1.49882;0.243658;-0.0481188;-8.97635
181.088;-84.2158;1.42098;0.218341;-0.0266582;-7.90892
189.914;-84.2158;1.32074;0.188909;-0.0120798;-6.80916
198.739;-84.2158;1.23096;0.158137;-0.00211137;-5.70362
207.565;-84.2158;1.17296;0.123733;0.00456832;-4.5931
216.39;-84.2158;1.11585;0.0870666;0.0114834;-3.45776
225.215;-84.2158;1.06681;0.0554702;0.0152228;-2.33683
234.041;-84.2158;1.06963;0.0257938;0.0172284;-1.27825
-216.057;-93.0413;1.06898;0.160892;0.0567595;-1.67369
-207.232;-93.0413;0.822273;0.13835;0.0388285;-2.64014
-198.406;-93.0413;0.71577;0.124831;0.00867188;-3.58857
-189.581;-93.0413;0.69599;0.105472;-0.0219605;-4.5517
-180.755;-93.0413;0.677793;0.0795638;-0.0498117;-5.52544
-171.93;-93.0413;0.682748;0.0564343;-0.0686683;-6.47441
-163.105;-93.0413;0.664455;0.0322182;-0.0865438;-7.41083
-154.279;-93.0413;0.638485;0.0110419;-0.104376;-8.32474
-145.454;-93.0413;0.629637;-0.00540859;-0.120685;-9.21387
-136.628;-93.0413;0.634518;-0.0184287;-0.135159;-10.0778
-127.803;-93.0413;0.623049;-0.0293194;-0.155058;-10.9182
-118.977;-93.0413;0.608085;-0.0388145;-0.179056;-11.7467
-110.152;-93.0413;0.637475;-0.0467278;-0.202041;-12.562
-101.326;-93.0413;0.641485;-0.0521522;-0.22364;-13.3358
-92.5009;-93.0413;0.632455;-0.054656;-0.243997;-14.0654
-83.6754;-93.0413;0.625642;-0.050413;-0.261756;-14.742
-74.85;-93.0413;0.632514;-0.0376428;-0.277214;-15.361
-66.0245;-93.0413;0.663024;-0.0210228;-0.289337;-15.9393
-57.1991;-93.0413;0.686;-0.00678777;-0.30156;-16.4877
-48.3736;-93.0413;0.667616;0.0042458;-0.314776;-16.9756
-39.5482;-93.0413;0.666866;0.0179104;-0.325445;-17.3937
-30.7227;-93.0413;0.695865;0.0386709;-0.334186;-17.7566
-21.8972;-93.0413;0.735631;0.067489;-0.342828;-18.0696
-13.0718;-93.0413;0.762469;0.102607;-0.349377;-18.3292
-4.24634;-93.0413;0.767958;0.138746;-0.349021;-18.5034
4.57912;-93.0413;0.762732;0.174113;-0.342239;-18.5735
13.4046;-93.0413;0.760134;0.203113;-0.337973;-18.5695
22.23;-93.0413;0.748373;0.229707;-0.33943;-18.4956
31.0555;-93.0413;0.728533;0.256289;-0.342262;-18.332
39.8809;-93.0413;0.739641;0.288565;-0.344735;-18.1235
48.7064;-93.0413;0.890683;0.317711;-0.359499;-17.938
57.5318;-93.0413;0.996304;0.352777;-0.377797;-17.7028
66.3573;-93.0413;1.13263;0.376289;-0.377618;-17.4076
75.1828;-93.0413;1.27785;0.393454;-0.358874;-17.0664
84.0082;-93.0413;1.35688;0.394126;-0.336895;-16.5621
92.8337;-93.0413;1.33524;0.392658;-0.318544;-15.9296
101.659;-93.0413;1.42751;0.383343;-0.292626;-15.3266
110.485;-93.0413;1.55669;0.373412;-0.256797;-14.7192
119.31;-93.0413;1.67253;0.356133;-0.21913;-14.029
128.135;-93.0413;1.74201;0.339631;-0.183468;-13.2593
136.961;-93.0413;1.75577;0.319303;-0.15355;-12.391
145.786;-93.0413;1.63365;0.299727;-0.129533;-11.403
154.612;-93.0413;1.51677;0.275518;-0.102859;-10.3838
163.437;-93.0413;1.45666;0.247075;-0.0693743;-9.37226
172.263;-93.0413;1.45402;0.21569;-0.0371752;-8.37541
181.088;-93.0413;1.3907;0.191452;-0.0154447;-7.33744
189.914;-93.0413;1.2852;0.164021;-0.00101515;-6.25287
198.739;-93.0413;1.18196;0.133831;0.0102341;-5.14995
207.565;-93.0413;1.11214;0.103043;0.0175218;-4.05208
216.39;-93.0413;1.07185;0.0698198;0.0232947;-2.95893
225.215;-93.0413;1.09849;0.0419634;0.0250889;-1.91782
-207.232;-101.867;0.801129;0.158768;0.0436634;-2.18059
-198.406;-101.867;0.719498;0.140774;0.0141404;-3.16407
-189.581;-101.867;0.795724;0.112532;-0.0157025;-4.18165
-180.755;-101.867;0.806797;0.0849234;-0.0423232;-5.16101
-171.93;-101.867;0.76851;0.0623841;-0.0630311;-6.07491
-163.105;-101.867;0.715157;0.035451;-0.0840393;-6.96802
-154.279;-101.867;0.671558;0.0107882;-0.104672;-7.85524
-145.454;-101.867;0.658744;-0.00424952;-0.121939;-8.73403
-136.628;-101.867;0.66153;-0.0102471;-0.136519;-9.58858
-127.803;-101.867;0.63583;-0.015609;-0.156755;-10.3942
-118.977;-101.867;0.591784;-0.0280193;-0.182231;-11.1974
-110.152;-101.867;0.618626;-0.0385511;-0.204783;-11.9946
-101.326;-101.867;0.61724;-0.0446146;-0.225899;-12.7573
-92.5009;-101.867;0.625988;-0.0458125;-0.24724;-13.4789
-83.6754;-101.867;0.646526;-0.0401903;-0.267168;-14.1392
-74.85;-101.867;0.658601;-0.0294465;-0.284801;-14.734
-66.0245;-101.867;0.663292;-0.0189549;-0.299025;-15.2996
-57.1991;-101.867;0.698171;-0.00538314;-0.305641;-15.8294
-48.3736;-101.867;0.694516;0.0124447;-0.31183;-16.2906
-39.5482;-101.867;0.672321;0.0304356;-0.321285;-16.685
-30.7227;-101.867;0.680509;0.0496654;-0.329331;-17.0208
-21.8972;-101.867;0.715815;0.0745867;-0.333813;-17.3098
-13.0718;-101.867;0.735679;0.106728;-0.338601;-17.5469
-4.24634;-101.867;0.737525;0.138755;-0.341294;-17.719
4.57912;-101.867;0.733461;0.172869;-0.337752;-17.7911
13.4046;-101.867;0.719036;0.200645;-0.333179;-17.7926
22.23;-101.867;0.701392;0.226268;-0.336741;-17.7224
31.0555;-101.867;0.686975;0.252416;-0.348051;-17.56
39.8809;-101.867;0.69896;0.286404;-0.366189;-17.3562
48.7064;-101.867;0.849981;0.319355;-0.390277;-17.1642
57.5318;-101.867;0.941055;0.348895;-0.40141;-16.9116
66.3573;-101.867;1.03531;0.361836;-0.390533;-16.5684
75.1828;-101.867;1.12252;0.364792;-0.364742;-16.1481
84.0082;-101.867;1.16771;0.36358;-0.339653;-15.6389
92.8337;-101.867;1.18473;0.364618;-0.318284;-15.0666
101.659;-101.867;1.29912;0.358805;-0.289082;-14.5065
110.485;-101.867;1.40041;0.350049;-0.251373;-13.8901
119.31;-101.867;1.47468;0.332672;-0.213353;-13.181
128.135;-101.867;1.50746;0.313923;-0.178554;-12.3914
136.961;-101.867;1.45027;0.292046;-0.150134;-11.47
145.786;-101.867;1.2685;0.274295;-0.125235;-10.4437
154.612;-101.867;1.18974;0.25186;-0.0969123;-9.48558
163.437;-101.867;1.222;0.22409;-0.0614942;-8.58541
172.263;-101.867;1.27142;0.190316;-0.027181;-7.64995
181.088;-101.867;1.22096;0.165041;-0.00340063;-6.6345
189.914;-101.867;1.12545;0.140798;0.00629704;-5.57439
198.739;-101.867;1.04848;0.11465;0.0160841;-4.50956
207.565;-101.867;1.02286;0.085124;0.0248301;-3.45798
216.39;-101.867;1.02018;0.0558015;0.031658;-2.41421
225.215;-101.867;1.08945;0.0293109;0.0343188;-1.42653
-198.406;-110.692;0.717187;0.141969;0.0178129;-2.71402
-189.581;-110.692;0.844136;0.116273;-0.00879583;-3.75453
-180.755;-110.692;0.894843;0.0913649;-0.029971;-4.7171
-171.93;-110.692;0.803297;0.0649633;-0.0541072;-5.61565
-163.105;-110.692;0.760428;0.0369862;-0.0774355;-6.49284
-154.279;-110.692;0.738951;0.0125369;-0.0987018;-7.36528
-145.454;-110.692;0.726123;-0.00153182;-0.116322;-8.22899
-136.628;-110.692;0.708907;-0.00481316;-0.131336;-9.06042
-127.803;-110.692;0.659952;-0.00652658;-0.149434;-9.83342
-118.977;-110.692;0.586507;-0.0192288;-0.17458;-10.6007
-110.152;-110.692;0.568927;-0.0317142;-0.200852;-11.3698
-101.326;-110.692;0.565672;-0.035791;-0.225659;-12.1128
-92.5009;-110.692;0.59886;-0.0327608;-0.246725;-12.8143
-83.6754;-110.692;0.618248;-0.0262745;-0.268627;-13.4549
-74.85;-110.692;0.594603;-0.0209208;-0.292796;-14.0241
-66.0245;-110.692;0.572452;-0.0167422;-0.311568;-14.5785
-57.1991;-110.692;0.612062;-0.0041104;-0.317368;-15.0979
-48.3736;-110.692;0.642979;0.0189946;-0.316914;-15.5406
-39.5482;-110.692;0.615599;0.0418479;-0.321357;-15.9129
-30.7227;-110.692;0.595595;0.0624294;-0.325219;-16.2247
-21.8972;-110.692;0.60992;0.0837255;-0.327376;-16.4854
-13.0718;-110.692;0.631383;0.10939;-0.329333;-16.7056
-4.24634;-110.692;0.647129;0.136904;-0.332155;-16.8838
4.57912;-110.692;0.670263;0.169656;-0.33113;-16.9782
13.4046;-110.692;0.687747;0.196763;-0.328009;-17.0055
22.23;-110.692;0.687154;0.221421;-0.335099;-16.9442
31.0555;-110.692;0.684515;0.245764;-0.35107;-16.7873
39.8809;-110.692;0.718362;0.274743;-0.3723;-16.592
48.7064;-110.692;0.866139;0.303587;-0.390049;-16.4045
57.5318;-110.692;0.95415;0.328354;-0.391976;-16.1486
66.3573;-110.692;1.0145;0.337934;-0.376506;-15.776
75.1828;-110.692;1.07245;0.342286;-0.352629;-15.3421
84.0082;-110.692;1.1305;0.343807;-0.327797;-14.8522
92.8337;-110.692;1.17614;0.343628;-0.302583;-14.3172
101.659;-110.692;1.28193;0.336449;-0.271999;-13.7536
110.485;-110.692;1.28165;0.325344;-0.240947;-13.0436
119.31;-110.692;1.21841;0.307298;-0.210076;-12.2298
128.135;-110.692;1.1305;0.288691;-0.180722;-11.3686
136.961;-110.692;0.969723;0.267819;-0.153622;-10.401
145.786;-110.692;0.885389;0.244664;-0.123734;-9.46233
154.612;-110.692;0.955792;0.220798;-0.0877411;-8.63994
163.437;-110.692;1.07925;0.194413;-0.0461889;-7.83935
172.263;-110.692;1.11322;0.15826;-0.0121285;-6.91124
181.088;-110.692;0.98789;0.13503;0.0110725;-5.84536
189.914;-110.692;0.929164;0.115081;0.0184215;-4.83647
198.739;-110.692;0.941269;0.0955778;0.0219515;-3.87325
207.565;-110.692;1.03098;0.0676184;0.0315989;-2.92441
216.39;-110.692;1.07682;0.0408852;0.0437875;-1.93795
-198.406;-119.518;0.69361;0.131907;0.0229521;-2.23386
-189.581;-119.518;0.779288;0.114413;0.000101135;-3.22184
-180.755;-119.518;0.824378;0.0873291;-0.0229381;-4.20499
-171.93;-119.518;0.736386;0.0569445;-0.0487139;-5.09468
-163.105;-119.518;0.750426;0.0331392;-0.0710131;-5.95587
-154.279;-119.518;0.751468;0.0112117;-0.0929151;-6.81317
-145.454;-119.518;0.723138;-0.00375545;-0.11175;-7.64716
-136.628;-119.518;0.68858;-0.00687683;-0.126062;-8.46092
-127.803;-119.518;0.638272;-0.00165351;-0.138942;-9.20486
-118.977;-119.518;0.54486;-0.00921964;-0.164951;-9.94151
-110.152;-119.518;0.516205;-0.0203676;-0.194889;-10.6861
-101.326;-119.518;0.509938;-0.0263563;-0.224812;-11.4092
-92.5009;-119.518;0.55022;-0.0251831;-0.250123;-12.0949
-83.6754;-119.518;0.573084;-0.020837;-0.274963;-12.726
-74.85;-119.518;0.540095;-0.0184469;-0.29986;-13.2786
-66.0245;-119.518;0.497881;-0.0159639;-0.319567;-13.8128
-57.1991;-119.518;0.52905;-0.00439056;-0.326494;-14.3174
-48.3736;-119.518;0.575267;0.0145698;-0.324317;-14.7673
-39.5482;-119.518;0.55288;0.037634;-0.322607;-15.1353
-30.7227;-119.518;0.502424;0.0606465;-0.320943;-15.4028
-21.8972;-119.518;0.468614;0.0836097;-0.318443;-15.6212
-13.0718;-119.518;0.475131;0.108245;-0.315522;-15.8337
-4.24634;-119.518;0.534917;0.134995;-0.315699;-16.0333
4.57912;-119.518;0.615554;0.165968;-0.318445;-16.1621
13.4046;-119.518;0.703844;0.193583;-0.320446;-16.2294
22.23;-119.518;0.747258;0.217322;-0.332344;-16.1738
31.0555;-119.518;0.738872;0.238959;-0.349723;-16.0045
39.8809;-119.518;0.740709;0.2598;-0.365035;-15.7815
48.7064;-119.518;0.858167;0.278914;-0.370699;-15.5816
57.5318;-119.518;0.96693;0.296851;-0.365602;-15.3235
66.3573;-119.518;1.02056;0.307074;-0.351791;-14.9458
75.1828;-119.518;1.05405;0.313002;-0.333063;-14.4994
84.0082;-119.518;1.09641;0.313899;-0.310728;-14.0039
92.8337;-119.518;1.13072;0.311281;-0.286835;-13.4612
101.659;-119.518;1.14416;0.306402;-0.261217;-12.8393
110.485;-119.518;1.05128;0.296098;-0.229464;-12.0539
119.31;-119.518;0.903172;0.276486;-0.199959;-11.1802
128.135;-119.518;0.771097;0.257271;-0.174604;-10.3288
136.961;-119.518;0.698075;0.235346;-0.146578;-9.49166
145.786;-119.518;0.77285;0.211021;-0.110671;-8.70548
154.612;-119.518;0.997873;0.183626;-0.0677836;-7.98585
163.437;-119.518;1.09766;0.154442;-0.0266751;-7.13804
172.263;-119.518;0.914538;0.123308;0.00237977;-6.05811
181.088;-119.518;0.705507;0.103264;0.0227243;-4.95183
189.914;-119.518;0.799728;0.0829532;0.0345313;-4.10316
198.739;-119.518;0.999974;0.0637876;0.0482883;-3.3284
207.565;-119.518;1.19553;0.0417643;0.0559898;-2.49473
216.39;-119.518;1.24719;0.0218538;0.060297;-1.53824
-189.581;-128.343;0.689181;0.103315;0.00620224;-2.66826
-180.755;-128.343;0.734131;0.0767137;-0.0172947;-3.60112
-171.93;-128.343;0.66734;0.0398019;-0.0471528;-4.51572
-163.105;-128.343;0.690283;0.0199923;-0.0675796;-5.36633
-154.279;-128.343;0.669882;0.00104591;-0.0908377;-6.19454
-145.454;-128.343;0.603658;-0.0127237;-0.110187;-6.96914
-136.628;-128.343;0.558386;-0.0149484;-0.124219;-7.76281
-127.803;-128.343;0.547746;-0.0035885;-0.134735;-8.50833
-118.977;-128.343;0.486882;-0.000235674;-0.159692;-9.2391
-110.152;-128.343;0.466409;-0.00819715;-0.191143;-9.95724
-101.326;-128.343;0.435498;-0.017708;-0.220716;-10.6425
-92.5009;-128.343;0.456961;-0.0222204;-0.252318;-11.3106
-83.6754;-128.343;0.496578;-0.0211793;-0.283036;-11.9526
-74.85;-128.343;0.49563;-0.0182146;-0.304914;-12.5134
-66.0245;-128.343;0.450959;-0.0139025;-0.321661;-13.0128
-57.1991;-128.343;0.447103;-0.00362841;-0.330033;-13.494
-48.3736;-128.343;0.50561;0.00533622;-0.329041;-13.9587
-39.5482;-128.343;0.457186;0.0238449;-0.32587;-14.3065
-30.7227;-128.343;0.314453;0.0499814;-0.322647;-14.4782
-21.8972;-128.343;0.205968;0.0777742;-0.316389;-14.6224
-13.0718;-128.343;0.227599;0.103874;-0.304212;-14.8336
-4.24634;-128.343;0.371277;0.133413;-0.294051;-15.0913
4.57912;-128.343;0.535215;0.165084;-0.299964;-15.283
13.4046;-128.343;0.694451;0.190081;-0.308215;-15.3689
22.23;-128.343;0.804948;0.21456;-0.32335;-15.343
31.0555;-128.343;0.797287;0.232837;-0.338251;-15.1587
39.8809;-128.343;0.693872;0.245885;-0.34748;-14.875
48.7064;-128.343;0.734071;0.259641;-0.346535;-14.6241
57.5318;-128.343;0.816727;0.272636;-0.33763;-14.342
66.3573;-128.343;0.858962;0.281897;-0.325188;-13.9593
75.1828;-128.343;0.858601;0.285593;-0.309934;-13.483
84.0082;-128.343;0.831581;0.28503;-0.293021;-12.9366
92.8337;-128.343;0.787723;0.283233;-0.275195;-12.3374
101.659;-128.343;0.784922;0.275527;-0.25247;-11.7062
110.485;-128.343;0.776624;0.260397;-0.21758;-10.9815
119.31;-128.343;0.726223;0.243381;-0.184069;-10.2258
128.135;-128.343;0.668334;0.22652;-0.155541;-9.48794
136.961;-128.343;0.696418;0.207352;-0.125671;-8.7781
145.786;-128.343;0.881081;0.182976;-0.0879754;-8.09494
154.612;-128.343;0.966459;0.159788;-0.044988;-7.26461
163.437;-128.343;0.8383;0.123877;-0.0155649;-6.19855
172.263;-128.343;0.528651;0.0941168;0.00878266;-5.02917
181.088;-128.343;0.450594;0.0716087;0.0302944;-4.05137
189.914;-128.343;0.867538;0.0447683;0.0507963;-3.48387
198.739;-128.343;1.31064;0.0259262;0.0716147;-2.90914
207.565;-128.343;1.53346;0.00924182;0.0753092;-2.14534
-189.581;-137.169;0.548652;0.0792058;0.00984715;-2.05862
-180.755;-137.169;0.621879;0.0571694;-0.0145561;-2.96337
-171.93;-137.169;0.606316;0.0284914;-0.0403381;-3.85125
-163.105;-137.169;0.608188;0.0104599;-0.0628778;-4.71018
-154.279;-137.169;0.528809;-0.00738857;-0.0895773;-5.50591
-145.454;-137.169;0.423226;-0.021547;-0.110622;-6.23207
-136.628;-137.169;0.391388;-0.0259012;-0.126747;-7.0216
-127.803;-137.169;0.438789;-0.013437;-0.138157;-7.78996
-118.977;-137.169;0.437491;-0.000762548;-0.161647;-8.52526
-110.152;-137.169;0.410581;-0.00337038;-0.190724;-9.21054
-101.326;-137.169;0.348234;-0.0123859;-0.21871;-9.85322
-92.5009;-137.169;0.344077;-0.0209883;-0.252009;-10.5023
-83.6754;-137.169;0.417965;-0.0229538;-0.283078;-11.1572
-74.85;-137.169;0.467479;-0.0186561;-0.302595;-11.7226
-66.0245;-137.169;0.410117;-0.0117784;-0.318356;-12.1786
-57.1991;-137.169;0.336509;-0.00274707;-0.3308;-12.6263
-48.3736;-137.169;0.397446;-0.00242244;-0.332581;-13.0728
-39.5482;-137.169;0.253969;0.0137637;-0.334899;-13.3181
-30.7227;-137.169;-0.118194;0.0420034;-0.337371;-13.2774
-21.8972;-137.169;-0.367691;0.0712711;-0.332528;-13.2681
-13.0718;-137.169;-0.260274;0.0971586;-0.312083;-13.5064
-4.24634;-137.169;0.0275552;0.133959;-0.285591;-13.9361
4.57912;-137.169;0.290734;0.165264;-0.282602;-14.193
13.4046;-137.169;0.482458;0.183094;-0.296494;-14.2846
22.23;-137.169;0.60229;0.200352;-0.314698;-14.2622
31.0555;-137.169;0.641833;0.216179;-0.3265;-14.1258
39.8809;-137.169;0.613834;0.228819;-0.329749;-13.8956
48.7064;-137.169;0.595435;0.240371;-0.328571;-13.6114
57.5318;-137.169;0.634174;0.250352;-0.321866;-13.2993
66.3573;-137.169;0.665731;0.255683;-0.30878;-12.9051
75.1828;-137.169;0.651492;0.256446;-0.292663;-12.4114
84.0082;-137.169;0.589393;0.255253;-0.277282;-11.8389
92.8337;-137.169;0.512464;0.254537;-0.262532;-11.2271
101.659;-137.169;0.520791;0.24661;-0.240319;-10.6306
110.485;-137.169;0.617544;0.231186;-0.203836;-10.0232
119.31;-137.169;0.695299;0.215269;-0.167577;-9.39541
128.135;-137.169;0.731118;0.200471;-0.135143;-8.74815
136.961;-137.169;0.790601;0.181871;-0.104055;-8.07157
145.786;-137.169;0.902283;0.153655;-0.0749801;-7.32036
154.612;-137.169;0.754913;0.126748;-0.0462013;-6.31154
163.437;-137.169;0.436486;0.0943515;-0.0196429;-5.13037
172.263;-137.169;0.183501;0.0699668;0.0115647;-4.04097
181.088;-137.169;0.438271;0.0410887;0.0392653;-3.33932
189.914;-137.169;1.21864;0.00391562;0.0644301;-3.0528
198.739;-137.169;1.76927;-0.0177204;0.0829227;-2.54933
-189.581;-145.994;0.425255;0.0564194;0.0168676;-1.42266
-180.755;-145.994;0.497157;0.0436943;-0.00699822;-2.29816
-171.93;-145.994;0.505096;0.0222472;-0.0314026;-3.1627
-163.105;-145.994;0.498346;0.0076302;-0.0533554;-3.99919
-154.279;-145.994;0.416782;-0.00557369;-0.0799455;-4.7657
-145.454;-145.994;0.31188;-0.0218833;-0.104434;-5.48081
-136.628;-145.994;0.291403;-0.0332195;-0.12752;-6.28145
-127.803;-145.994;0.362884;-0.0258704;-0.143586;-7.06855
-118.977;-145.994;0.395569;-0.0107428;-0.163712;-7.79479
-110.152;-145.994;0.35761;-0.00732583;-0.186504;-8.44751
-101.326;-145.994;0.265464;-0.0113113;-0.213631;-9.04977
-92.5009;-145.994;0.246047;-0.0195992;-0.245386;-9.66941
-83.6754;-145.994;0.362787;-0.0230413;-0.271925;-10.3241
-74.85;-145.994;0.453609;-0.0187376;-0.289395;-10.9018
-66.0245;-145.994;0.362841;-0.0117655;-0.309421;-11.329
-57.1991;-145.994;0.202349;-0.00626829;-0.33201;-11.7148
-48.3736;-145.994;0.215507;-0.0113198;-0.340942;-12.0872
-39.5482;-145.994;-0.0693605;0.0135759;-0.351583;-12.1726
-30.7227;-145.994;-0.779709;0.0433446;-0.363267;-11.9131
-21.8972;-145.994;-1.37436;0.0752794;-0.366031;-11.781
-13.0718;-145.994;-1.3352;0.105558;-0.347794;-12.0085
-4.24634;-145.994;-0.674579;0.130902;-0.313015;-12.5113
4.57912;-145.994;-0.142574;0.157267;-0.29595;-12.9306
13.4046;-145.994;0.0949076;0.170393;-0.306619;-13.0676
22.23;-145.994;0.241282;0.18163;-0.317797;-13.0577
31.0555;-145.994;0.365833;0.193933;-0.321165;-12.9706
39.8809;-145.994;0.456421;0.207399;-0.318893;-12.82
48.7064;-145.994;0.486509;0.220578;-0.314185;-12.5722
57.5318;-145.994;0.517199;0.229377;-0.31026;-12.2683
66.3573;-145.994;0.546757;0.232202;-0.296737;-11.8795
75.1828;-145.994;0.546311;0.230887;-0.277469;-11.3957
84.0082;-145.994;0.500724;0.229112;-0.258592;-10.84
92.8337;-145.994;0.434945;0.228508;-0.241844;-10.2567
101.659;-145.994;0.464406;0.22017;-0.217884;-9.70393
110.485;-145.994;0.597797;0.205961;-0.18404;-9.16741
119.31;-145.994;0.708;0.190252;-0.151902;-8.57787
128.135;-145.994;0.754343;0.174227;-0.122144;-7.91777
136.961;-145.994;0.7616;0.15395;-0.0932081;-7.18165
145.786;-145.994;0.678844;0.131133;-0.0661254;-6.30134
154.612;-145.994;0.507636;0.0991529;-0.0402438;-5.32014
163.437;-145.994;0.343825;0.0624369;-0.0158584;-4.30986
172.263;-145.994;0.380222;0.0450525;0.0226731;-3.49634
181.088;-145.994;0.970879;0.0125204;0.0518795;-3.04533
189.914;-145.994;1.7899;-0.0298274;0.07474;-2.76819
198.739;-145.994;2.15373;-0.062;0.105204;-2.0362
-171.93;-154.819;0.439846;0.0255906;-0.0148846;-2.47598
-163.105;-154.819;0.419018;0.0130435;-0.037169;-3.28063
-154.279;-154.819;0.366952;0.00690635;-0.0583716;-4.02448
-145.454;-154.819;0.310883;-0.0115199;-0.0857909;-4.76301
-136.628;-154.819;0.301504;-0.029633;-0.116673;-5.56283
-127.803;-154.819;0.347149;-0.0301305;-0.138931;-6.33543
-118.977;-154.819;0.367915;-0.0199988;-0.154751;-7.03229
-110.152;-154.819;0.329765;-0.0140378;-0.171068;-7.66329
-101.326;-154.819;0.210453;-0.012313;-0.198579;-8.23479
-92.5009;-154.819;0.178952;-0.0167757;-0.230282;-8.81739
-83.6754;-154.819;0.311708;-0.0186202;-0.253939;-9.45642
-74.85;-154.819;0.420871;-0.0150998;-0.271099;-10.0339
-66.0245;-154.819;0.33243;-0.0115598;-0.295467;-10.4583
-57.1991;-154.819;0.135268;-0.0113758;-0.324795;-10.8198
-48.3736;-154.819;0.107179;-0.0170537;-0.339478;-11.1643
-39.5482;-154.819;-0.186763;0.00593408;-0.350948;-11.2308
-30.7227;-154.819;-0.877305;0.0346827;-0.366016;-10.953
-21.8972;-154.819;-1.51207;0.0619157;-0.373522;-10.7733
-13.0718;-154.819;-1.62386;0.0822409;-0.364877;-10.8814
-4.24634;-154.819;-1.09762;0.0997429;-0.345447;-11.2523
4.57912;-154.819;-0.318889;0.132155;-0.334858;-11.7837
13.4046;-154.819;-0.0200539;0.148736;-0.329034;-11.9814
22.23;-154.819;0.146775;0.159313;-0.322736;-12.0029
31.0555;-154.819;0.2989;0.170979;-0.31522;-11.9475
39.8809;-154.819;0.423657;0.185751;-0.306716;-11.8237
48.7064;-154.819;0.473246;0.198354;-0.295744;-11.567
57.5318;-154.819;0.503519;0.205968;-0.289117;-11.2592
66.3573;-154.819;0.530783;0.206671;-0.273294;-10.8766
75.1828;-154.819;0.542766;0.204718;-0.251713;-10.4232
84.0082;-154.819;0.529353;0.203963;-0.229809;-9.91966
92.8337;-154.819;0.500621;0.202853;-0.209361;-9.38474
101.659;-154.819;0.550408;0.194166;-0.184242;-8.8624
110.485;-154.819;0.641132;0.182492;-0.156297;-8.32386
119.31;-154.819;0.656974;0.170299;-0.132599;-7.68579
128.135;-154.819;0.594313;0.156202;-0.109977;-6.94486
136.961;-154.819;0.516577;0.136823;-0.0847539;-6.13734
145.786;-154.819;0.44462;0.112444;-0.0581514;-5.2806
154.612;-154.819;0.489676;0.0786711;-0.0307173;-4.50196
163.437;-154.819;0.703709;0.0498664;-0.00195945;-3.8677
172.263;-154.819;1.12004;0.0320831;0.0304694;-3.39628
181.088;-154.819;1.75352;0.000290455;0.0567938;-3.00861
189.914;-154.819;2.20119;-0.0440837;0.0924678;-2.34738
-163.105;-163.645;0.405506;0.025866;-0.0153401;-2.5595
-154.279;-163.645;0.360359;0.0185552;-0.0375076;-3.29524
-145.454;-163.645;0.354187;0.00481595;-0.0599929;-4.04795
-136.628;-163.645;0.366533;-0.0138884;-0.089878;-4.8233
-127.803;-163.645;0.374265;-0.0192525;-0.113699;-5.55702
-118.977;-163.645;0.373717;-0.0167918;-0.129779;-6.23073
-110.152;-163.645;0.333294;-0.0152326;-0.146078;-6.8521
-101.326;-163.645;0.21313;-0.0105758;-0.173862;-7.40782
-92.5009;-163.645;0.137601;-0.010967;-0.20849;-7.96101
-83.6754;-163.645;0.233488;-0.0101288;-0.233152;-8.55954
-74.85;-163.645;0.335414;-0.00745021;-0.25077;-9.10989
-66.0245;-163.645;0.265826;-0.00738624;-0.275264;-9.52951
-57.1991;-163.645;0.0899945;-0.0103528;-0.306318;-9.89269
-48.3736;-163.645;0.159086;-0.014558;-0.321056;-10.2891
-39.5482;-163.645;0.0966227;0.00495811;-0.331552;-10.5335
-30.7227;-163.645;-0.3226;0.0334722;-0.352566;-10.48
-21.8972;-163.645;-0.762131;0.0563286;-0.367474;-10.3597
-13.0718;-163.645;-0.888559;0.0697056;-0.365577;-10.3668
-4.24634;-163.645;-0.605681;0.0854497;-0.353886;-10.5957
4.57912;-163.645;-0.0535824;0.111271;-0.350051;-10.9704
13.4046;-163.645;0.172128;0.129714;-0.335562;-11.1278
22.23;-163.645;0.297204;0.139899;-0.315436;-11.1232
31.0555;-163.645;0.406217;0.14792;-0.296482;-11.025
39.8809;-163.645;0.497807;0.159796;-0.279591;-10.861
48.7064;-163.645;0.536153;0.171112;-0.259323;-10.5839
57.5318;-163.645;0.557115;0.178519;-0.248137;-10.2591
66.3573;-163.645;0.574308;0.179794;-0.233981;-9.88755
75.1828;-163.645;0.572751;0.178553;-0.214681;-9.46173
84.0082;-163.645;0.55655;0.176802;-0.191445;-8.98658
92.8337;-163.645;0.548366;0.175017;-0.167671;-8.48011
101.659;-163.645;0.592182;0.170081;-0.144144;-7.96638
110.485;-163.645;0.635683;0.160358;-0.122338;-7.41679
119.31;-163.645;0.59866;0.149287;-0.104485;-6.76368
128.135;-163.645;0.511357;0.136324;-0.0866885;-6.0264
136.961;-163.645;0.455501;0.120808;-0.0643022;-5.26758
145.786;-163.645;0.479964;0.102995;-0.0376682;-4.53946
154.612;-163.645;0.748711;0.0796608;-0.00747049;-3.95099
163.437;-163.645;1.1883;0.0556908;0.0188072;-3.54645
172.263;-163.645;1.60778;0.0329051;0.0424236;-3.11472
181.088;-163.645;2.02588;-0.00277881;0.0634754;-2.56702
189.914;-163.645;2.1621;-0.0429889;0.097179;-1.66432
-154.279;-172.47;0.359817;0.0271064;-0.0189388;-2.5571
-145.454;-172.47;0.341877;0.0112667;-0.0431404;-3.28142
-136.628;-172.47;0.353407;-0.00329381;-0.068724;-4.02648
-127.803;-172.47;0.341699;-0.0119711;-0.0924342;-4.72503
-118.977;-172.47;0.325461;-0.0149779;-0.110896;-5.37539
-110.152;-172.47;0.304419;-0.0134277;-0.12953;-6.0063
-101.326;-172.47;0.213357;-0.00752796;-0.157939;-6.58153
-92.5009;-172.47;0.135171;-0.00670585;-0.187468;-7.1152
-83.6754;-172.47;0.179775;-0.00615399;-0.208686;-7.63799
-74.85;-172.47;0.252772;-0.00464245;-0.226357;-8.14804
-66.0245;-172.47;0.204267;-0.00453556;-0.247829;-8.55747
-57.1991;-172.47;0.0386738;-0.00483934;-0.275567;-8.90277
-48.3736;-172.47;0.0847989;-0.0020133;-0.291384;-9.2967
-39.5482;-172.47;0.251688;0.00991201;-0.302421;-9.69357
-30.7227;-172.47;0.167117;0.0295419;-0.32303;-9.85948
-21.8972;-172.47;0.0149531;0.0492773;-0.339071;-9.90057
-13.0718;-172.47;0.0373494;0.0665257;-0.339801;-9.99899
-4.24634;-172.47;0.268308;0.0900967;-0.328998;-10.2697
4.57912;-172.47;0.436049;0.106296;-0.321039;-10.4099
13.4046;-172.47;0.517643;0.1171;-0.308012;-10.4102
22.23;-172.47;0.529028;0.124053;-0.285625;-10.2969
31.0555;-172.47;0.527971;0.12837;-0.260293;-10.0934
39.8809;-172.47;0.55101;0.136138;-0.237416;-9.85737
48.7064;-172.47;0.589561;0.143776;-0.212445;-9.57552
57.5318;-172.47;0.590084;0.15169;-0.197961;-9.25029
66.3573;-172.47;0.586612;0.154664;-0.187537;-8.89662
75.1828;-172.47;0.577525;0.154833;-0.172472;-8.49435
84.0082;-172.47;0.563204;0.153444;-0.149972;-8.03497
92.8337;-172.47;0.555445;0.151901;-0.126203;-7.53447
101.659;-172.47;0.583801;0.146083;-0.102792;-7.01667
110.485;-172.47;0.627017;0.134206;-0.0826123;-6.48574
119.31;-172.47;0.619253;0.123431;-0.0663685;-5.88408
128.135;-172.47;0.585312;0.11383;-0.0527108;-5.22762
136.961;-172.47;0.595444;0.103671;-0.0362129;-4.57138
145.786;-172.47;0.723219;0.0908825;-0.0156052;-3.97897
154.612;-172.47;1.05699;0.0736939;0.00821604;-3.50265
163.437;-172.47;1.37336;0.0559667;0.0314787;-3.017
172.263;-172.47;1.66426;0.0261794;0.0442049;-2.46379
-145.454;-181.296;0.304358;0.0134178;-0.0288334;-2.49013
-136.628;-181.296;0.253576;0.000107397;-0.0498792;-3.16821
-127.803;-181.296;0.213475;-0.0136642;-0.0759656;-3.84874
-118.977;-181.296;0.171922;-0.0216974;-0.0974622;-4.47267
-110.152;-181.296;0.166238;-0.0170538;-0.115843;-5.09305
-101.326;-181.296;0.0982794;-0.0021823;-0.138014;-5.64793
-92.5009;-181.296;0.0116049;0.00160036;-0.161168;-6.14394
-83.6754;-181.296;0.0273832;0.000447063;-0.177779;-6.62159
-74.85;-181.296;0.123015;-0.000679782;-0.194519;-7.13352
-66.0245;-181.296;0.143232;-0.000728372;-0.211982;-7.55899
-57.1991;-181.296;0.0148042;0.00175047;-0.23366;-7.88591
-48.3736;-181.296;0.0159366;0.00942277;-0.248857;-8.24079
-39.5482;-181.296;0.222437;0.0167432;-0.260403;-8.67107
-30.7227;-181.296;0.311543;0.0278021;-0.274578;-8.94845
-21.8972;-181.296;0.339021;0.0439162;-0.284824;-9.11634
-13.0718;-181.296;0.479114;0.0618963;-0.285667;-9.31017
-4.24634;-181.296;0.743259;0.0800658;-0.278577;-9.56094
4.57912;-181.296;0.76888;0.0943338;-0.274668;-9.61165
13.4046;-181.296;0.754919;0.101789;-0.26209;-9.53765
22.23;-181.296;0.671556;0.108316;-0.240111;-9.35107
31.0555;-181.296;0.566281;0.113522;-0.214978;-9.06558
39.8809;-181.296;0.513767;0.120621;-0.190953;-8.76522
48.7064;-181.296;0.54517;0.127031;-0.167779;-8.47906
57.5318;-181.296;0.542997;0.134147;-0.1515;-8.16773
66.3573;-181.296;0.53656;0.135951;-0.140864;-7.83401
75.1828;-181.296;0.540784;0.135549;-0.126846;-7.45691
84.0082;-181.296;0.543684;0.135578;-0.106734;-7.02801
92.8337;-181.296;0.53725;0.13613;-0.0889781;-6.55187
101.659;-181.296;0.536837;0.131661;-0.0732897;-6.04647
110.485;-181.296;0.562105;0.119607;-0.0572665;-5.53241
119.31;-181.296;0.586667;0.108027;-0.0417607;-4.98403
128.135;-181.296;0.618418;0.098625;-0.0294979;-4.40919
136.961;-181.296;0.693757;0.0881975;-0.0162745;-3.83319
145.786;-181.296;0.875015;0.0753815;-0.00242936;-3.31258
154.612;-181.296;1.09588;0.0609388;0.0119674;-2.78554
163.437;-181.296;1.27883;0.0414778;0.0292825;-2.20364
-136.628;-190.121;0.19613;0.00702265;-0.0270761;-2.2924
-127.803;-190.121;0.162143;-0.0050625;-0.0457203;-2.93531
-118.977;-190.121;0.114246;-0.0157499;-0.0649977;-3.54837
-110.152;-190.121;0.0842868;-0.012388;-0.0845936;-4.14744
-101.326;-190.121;-0.015994;0.00667979;-0.103563;-4.65058
-92.5009;-190.121;-0.166291;0.0123493;-0.125248;-5.07809
-83.6754;-190.121;-0.167756;0.0105224;-0.140723;-5.54333
-74.85;-190.121;-0.0250949;0.00759396;-0.155071;-6.07657
-66.0245;-190.121;0.0898463;0.00666459;-0.169961;-6.55326
-57.1991;-190.121;0.054378;0.00894187;-0.187562;-6.90826
-48.3736;-190.121;0.0591765;0.0163483;-0.200389;-7.23442
-39.5482;-190.121;0.165635;0.0219655;-0.209231;-7.58383
-30.7227;-190.121;0.257111;0.029295;-0.21796;-7.86944
-21.8972;-190.121;0.354962;0.0436061;-0.22541;-8.09717
-13.0718;-190.121;0.510745;0.0639607;-0.232125;-8.32289
-4.24634;-190.121;0.685397;0.0800625;-0.231782;-8.48199
4.57912;-190.121;0.685484;0.0873053;-0.226012;-8.46194
13.4046;-190.121;0.573083;0.092476;-0.214893;-8.3149
22.23;-190.121;0.470705;0.096408;-0.19645;-8.10703
31.0555;-190.121;0.3864;0.101796;-0.175799;-7.85563
39.8809;-190.121;0.354107;0.10821;-0.154131;-7.58793
48.7064;-190.121;0.390468;0.114423;-0.132904;-7.32595
57.5318;-190.121;0.402613;0.119209;-0.115931;-7.03787
66.3573;-190.121;0.418893;0.119934;-0.100765;-6.72016
75.1828;-190.121;0.45553;0.119035;-0.083348;-6.37026
84.0082;-190.121;0.485849;0.119882;-0.065347;-5.98264
92.8337;-190.121;0.491425;0.121614;-0.0549473;-5.54748
101.659;-190.121;0.486417;0.118527;-0.0474561;-5.06823
110.485;-190.121;0.500954;0.109492;-0.0397112;-4.57681
119.31;-190.121;0.528682;0.100256;-0.030631;-4.06436
128.135;-190.121;0.579323;0.0908924;-0.0210899;-3.53318
136.961;-190.121;0.667171;0.0805377;-0.0104163;-2.98562
145.786;-190.121;0.814931;0.06597;0.00383429;-2.45226
154.612;-190.121;0.938992;0.0496822;0.0201294;-1.86413
-118.977;-198.947;0.101305;0.000719023;-0.0281604;-2.6241
-110.152;-198.947;0.0919557;0.00272284;-0.0443387;-3.18192
-101.326;-198.947;-0.03895;0.016958;-0.0671558;-3.68054
-92.5009;-198.947;-0.258473;0.02154;-0.0926021;-4.08167
-83.6754;-198.947;-0.269998;0.0208922;-0.106402;-4.55806
-74.85;-198.947;-0.11751;0.0191163;-0.115905;-5.08597
-66.0245;-198.947;0.0506661;0.0175682;-0.127229;-5.57488
-57.1991;-198.947;0.120925;0.0170781;-0.142033;-5.95657
-48.3736;-198.947;0.125112;0.022512;-0.155499;-6.26377
-39.5482;-198.947;0.161835;0.0269113;-0.165495;-6.54192
-30.7227;-198.947;0.192786;0.030819;-0.178164;-6.7888
-21.8972;-198.947;0.261822;0.0421525;-0.188953;-6.99495
-13.0718;-198.947;0.384024;0.0609897;-0.196949;-7.17782
-4.24634;-198.947;0.494842;0.0750965;-0.194059;-7.25877
4.57912;-198.947;0.467864;0.0798265;-0.186814;-7.20286
13.4046;-198.947;0.38772;0.0801384;-0.175257;-7.06016
22.23;-198.947;0.32086;0.0814212;-0.160737;-6.88773
31.0555;-198.947;0.256281;0.0850774;-0.144024;-6.67627
39.8809;-198.947;0.22392;0.0893565;-0.124189;-6.43387
48.7064;-198.947;0.24645;0.0949726;-0.103887;-6.18975
57.5318;-198.947;0.275248;0.0994554;-0.0855585;-5.92594
66.3573;-198.947;0.317322;0.101471;-0.0643948;-5.62591
75.1828;-198.947;0.377048;0.100493;-0.0421079;-5.29798
84.0082;-198.947;0.426127;0.100421;-0.0254058;-4.94214
92.8337;-198.947;0.45057;0.100734;-0.0199291;-4.54195
101.659;-198.947;0.4691;0.100227;-0.0186011;-4.10205
110.485;-198.947;0.49691;0.0958045;-0.0170406;-3.64382
119.31;-198.947;0.520972;0.0899459;-0.0134598;-3.14265
128.135;-198.947;0.546241;0.0817078;-0.0101749;-2.61954
136.961;-198.947;0.599508;0.0703732;-0.00224038;-2.08338
145.786;-198.947;0.70021;0.0542852;0.0150816;-1.52932
-118.977;-207.772;0.015966;0.0172607;-0.00197777;-1.68835
-110.152;-207.772;0.052824;0.0205826;-0.016928;-2.2328
-101.326;-207.772;-0.0357196;0.0257894;-0.0429158;-2.73509
-92.5009;-207.772;-0.202745;0.0243627;-0.068043;-3.17014
-83.6754;-207.772;-0.18943;0.0232026;-0.0759648;-3.63682
-74.85;-207.772;-0.099069;0.0242375;-0.0810336;-4.11787
-66.0245;-207.772;0.0068562;0.0247968;-0.0925979;-4.55315
-57.1991;-207.772;0.0729841;0.0255997;-0.105093;-4.90633
-48.3736;-207.772;0.0949409;0.0277491;-0.119407;-5.19999
-39.5482;-207.772;0.101438;0.0309495;-0.132105;-5.44475
-30.7227;-207.772;0.117571;0.033414;-0.145556;-5.65422
-21.8972;-207.772;0.157902;0.0409932;-0.157903;-5.82221
-13.0718;-207.772;0.226734;0.0553082;-0.168077;-5.9585
-4.24634;-207.772;0.287244;0.0669459;-0.16892;-6.01522
4.57912;-207.772;0.276505;0.0682146;-0.163564;-5.97503
13.4046;-207.772;0.246487;0.0646484;-0.15255;-5.87251
22.23;-207.772;0.219207;0.0647387;-0.13732;-5.73634
31.0555;-207.772;0.178043;0.0665995;-0.116222;-5.54627
39.8809;-207.772;0.152058;0.0696547;-0.0920194;-5.32843
48.7064;-207.772;0.171894;0.0737724;-0.0692015;-5.10807
57.5318;-207.772;0.227036;0.0766513;-0.0484924;-4.8739
66.3573;-207.772;0.300329;0.0792107;-0.0230887;-4.59499
75.1828;-207.772;0.370197;0.077851;0.000997116;-4.28756
84.0082;-207.772;0.431398;0.0774439;0.0154903;-3.96537
92.8337;-207.772;0.490845;0.0785105;0.0184558;-3.60599
101.659;-207.772;0.534642;0.0806961;0.0165564;-3.21087
110.485;-207.772;0.567047;0.0792804;0.0112091;-2.76219
119.31;-207.772;0.574345;0.0733956;0.00933599;-2.26446
128.135;-207.772;0.574192;0.0650294;0.00906707;-1.74051
136.961;-207.772;0.578027;0.0539371;0.0159273;-1.19543
-83.6754;-216.598;-0.150553;0.0256759;-0.0475263;-2.69403
-74.85;-216.598;-0.0698529;0.0277276;-0.0507608;-3.11336
-66.0245;-216.598;-0.0211978;0.030524;-0.0611568;-3.50394
-57.1991;-216.598;0.0016285;0.0313729;-0.0721041;-3.82475
-48.3736;-216.598;0.00145107;0.0313841;-0.086757;-4.10465
-39.5482;-216.598;0.0199876;0.0341564;-0.100079;-4.33251
-30.7227;-216.598;0.0559018;0.038306;-0.112966;-4.51758
-21.8972;-216.598;0.0952491;0.043663;-0.125003;-4.66146
-13.0718;-216.598;0.135929;0.0508128;-0.135577;-4.76328
-4.24634;-216.598;0.161466;0.0567596;-0.141728;-4.81119
4.57912;-216.598;0.151133;0.0569651;-0.142324;-4.80058
13.4046;-216.598;0.13946;0.0525226;-0.133947;-4.73649
22.23;-216.598;0.120239;0.0509606;-0.113259;-4.60608
31.0555;-216.598;0.0958551;0.0501216;-0.0835164;-4.41758
39.8809;-216.598;0.104025;0.0508331;-0.0532437;-4.2274
48.7064;-216.598;0.171168;0.052902;-0.0257083;-4.06035
57.5318;-216.598;0.285476;0.0547605;-0.000586894;-3.89276
66.3573;-216.598;0.389844;0.0589473;0.0262399;-3.65787
75.1828;-216.598;0.473421;0.0599774;0.0453743;-3.3798
84.0082;-216.598;0.56478;0.0633664;0.0559942;-3.10948
92.8337;-216.598;0.660815;0.0636805;0.0542518;-2.79492
101.659;-216.598;0.730768;0.0598641;0.046636;-2.40558
110.485;-216.598;0.718139;0.055772;0.0349215;-1.92686
-83.6754;-225.423;-0.133148;0.0299641;-0.0164886;-1.70534
-74.85;-225.423;-0.0454036;0.0311839;-0.0220495;-2.10794
-66.0245;-225.423;-0.0131855;0.0334966;-0.0321659;-2.46414
-57.1991;-225.423;-0.0169903;0.0334576;-0.0415364;-2.7624
-48.3736;-225.423;-0.03701;0.0321823;-0.0522746;-3.0272
-39.5482;-225.423;-0.0055027;0.0338187;-0.0649019;-3.25524
-30.7227;-225.423;0.0465333;0.0397413;-0.0769751;-3.43895
-21.8972;-225.423;0.0782624;0.0455915;-0.0904039;-3.57322
-13.0718;-225.423;0.0952924;0.0495495;-0.10098;-3.66225
-4.24634;-225.423;0.0945464;0.0519202;-0.107846;-3.7033
4.57912;-225.423;0.0654043;0.0519661;-0.110633;-3.68652
13.4046;-225.423;0.0276722;0.046908;-0.104307;-3.61222
22.23;-225.423;0.00210755;0.0423595;-0.0764037;-3.46638
31.0555;-225.423;0.00972294;0.040697;-0.0409995;-3.30544
39.8809;-225.423;0.112327;0.0404407;-0.00833944;-3.18719
48.7064;-225.423;0.247565;0.0425368;0.0205724;-3.09818
57.5318;-225.423;0.436433;0.0429838;0.0466816;-3.0045
66.3573;-225.423;0.527002;0.0504682;0.07008;-2.82359
75.1828;-225.423;0.606364;0.0547872;0.0798857;-2.55835
84.0082;-225.423;0.686016;0.0550481;0.0738528;-2.25041
92.8337;-225.423;0.711629;0.0546282;0.0679072;-1.89173
-39.5482;-234.249;0.0306207;0.0336505;-0.0274368;-2.22422
-30.7227;-234.249;0.0831289;0.0382413;-0.0418464;-2.41327
-21.8972;-234.249;0.0934164;0.0437824;-0.0567733;-2.53832
-13.0718;-234.249;0.0837572;0.0469534;-0.0657879;-2.60341
-4.24634;-234.249;0.0577434;0.0487413;-0.0709442;-2.62353
4.57912;-234.249;0.00689619;0.0481158;-0.0711302;-2.5821
13.4046;-234.249;-0.0793437;0.0419368;-0.0634565;-2.47715
22.23;-234.249;-0.0531941;0.0369238;-0.031677;-2.37771
31.0555;-234.249;0.0867969;0.0375684;0.00233548;-2.34857
39.8809;-234.249;0.350686;0.0367678;0.0304961;-2.34242
48.7064;-234.249;0.536908;0.0357966;0.0487683;-2.27403
57.5318;-234.249;0.540877;0.0375487;0.0580083;-2.08848
66.3573;-234.249;0.400515;0.0467933;0.060441;-1.78719
75.1828;-234.249;0.247771;0.0508621;0.0540808;-1.40997
-4.24634;-243.074;0.085174;0.048756;-0.0294856;-1.60979
4.57912;-243.074;0.0448187;0.0478739;-0.032193;-1.59264
13.4046;-243.074;-0.0103361;0.0408074;-0.0263131;-1.53589
22.23;-243.074;0.19242;0.0382642;0.00262597;-1.56837
31.0555;-243.074;0.548206;0.0396673;0.0361429;-1.65984
