x[mm];y[mm];z[mm];x-displacement[mm];y-displacement[mm];z-displacement[mm]
-4.24634;224.675;0.375758;0.0350588;0.0723056;-2.11474
4.57912;224.675;0.279688;0.0406728;0.0715017;-2.11228
13.4046;224.675;0.244098;0.0465302;0.0715823;-2.09011
22.23;224.675;0.214277;0.0482048;0.0654602;-2.01875
31.0555;224.675;0.169214;0.0482084;0.0607127;-1.90896
-39.5482;215.85;0.228536;0.022375;0.101294;-2.43306
-30.7227;215.85;0.132185;0.0237475;0.107961;-2.56553
-21.8972;215.85;0.00690536;0.0295466;0.10062;-2.61251
-13.0718;215.85;-0.0678567;0.042405;0.0933823;-2.72001
-4.24634;215.85;-0.0400073;0.0474069;0.0913515;-2.82977
4.57912;215.85;-0.0137488;0.0499486;0.097793;-2.91524
13.4046;215.85;0.00217642;0.052632;0.105581;-2.94069
22.23;215.85;0.0324511;0.0530028;0.105154;-2.91205
31.0555;215.85;0.0670344;0.0552411;0.100178;-2.85109
39.8809;215.85;0.0771415;0.0582729;0.0905139;-2.73608
48.7064;215.85;0.0358777;0.0607368;0.0793834;-2.56847
57.5318;215.85;-0.0227074;0.0624011;0.0683607;-2.34583
66.3573;215.85;-0.0863275;0.061685;0.0666361;-2.09512
75.1828;215.85;-0.127406;0.0592242;0.0650842;-1.82341
-74.85;207.024;0.59461;0.011011;0.0739619;-2.33457
-66.0245;207.024;0.486612;0.0198242;0.0824715;-2.63027
-57.1991;207.024;0.307945;0.0244576;0.0955821;-2.8768
-48.3736;207.024;0.233351;0.022848;0.110717;-3.16089
-39.5482;207.024;0.145739;0.0234051;0.122378;-3.36091
-30.7227;207.024;-0.153578;0.0284415;0.135505;-3.38341
-21.8972;207.024;-0.444783;0.0339105;0.132938;-3.31426
-13.0718;207.024;-0.518978;0.0451277;0.123253;-3.39296
-4.24634;207.024;-0.398179;0.053061;0.115262;-3.55388
4.57912;207.024;-0.29085;0.057664;0.124693;-3.71434
13.4046;207.024;-0.188586;0.0604564;0.135337;-3.81242
22.23;207.024;-0.0832845;0.0615927;0.136364;-3.84681
31.0555;207.024;0.00173202;0.0644168;0.128965;-3.8173
39.8809;207.024;0.0396905;0.0696297;0.116373;-3.71792
48.7064;207.024;0.0246193;0.0738712;0.102125;-3.55395
57.5318;207.024;-0.0306136;0.0760482;0.0924566;-3.32512
66.3573;207.024;-0.0857333;0.076429;0.0922598;-3.07186
75.1828;207.024;-0.119264;0.074193;0.0923396;-2.79469
84.0082;207.024;-0.122125;0.068983;0.0858899;-2.48685
92.8337;207.024;-0.102492;0.0643881;0.0697547;-2.13115
-110.152;198.199;0.893724;0.015339;0.0425674;-1.59634
-101.326;198.199;0.790244;0.00888676;0.0598336;-2.05843
-92.5009;198.199;0.684541;-0.00103311;0.076751;-2.51834
-83.6754;198.199;0.63034;-0.00804669;0.0890331;-2.95829
-74.85;198.199;0.540479;-0.0014794;0.0980517;-3.35611
-66.0245;198.199;0.373743;0.0138341;0.103838;-3.63914
-57.1991;198.199;0.150043;0.0269823;0.116647;-3.85222
-48.3736;198.199;0.108936;0.02686;0.12702;-4.10757
-39.5482;198.199;0.0654755;0.0284287;0.134109;-4.31905
-30.7227;198.199;-0.178439;0.0331569;0.147998;-4.3721
-21.8972;198.199;-0.383967;0.0356669;0.147765;-4.35148
-13.0718;198.199;-0.404249;0.043941;0.137581;-4.44504
-4.24634;198.199;-0.259576;0.0520145;0.126981;-4.60583
4.57912;198.199;-0.149092;0.0575607;0.135719;-4.76444
13.4046;198.199;-0.0598719;0.0631142;0.147445;-4.86554
22.23;198.199;0.00467943;0.0680644;0.150509;-4.8923
31.0555;198.199;0.0444207;0.0726724;0.14518;-4.84403
39.8809;198.199;0.062254;0.0778291;0.134629;-4.73335
48.7064;198.199;0.0619776;0.0827969;0.122429;-4.56785
57.5318;198.199;0.0215814;0.0864644;0.112735;-4.3378
66.3573;198.199;-0.0206234;0.0888954;0.11013;-4.07681
75.1828;198.199;-0.044663;0.0881888;0.107135;-3.78736
84.0082;198.199;-0.0387745;0.0841001;0.100606;-3.4619
92.8337;198.199;-0.0265803;0.0780818;0.0885987;-3.09835
101.659;198.199;-0.010551;0.07246;0.0737032;-2.69109
110.485;198.199;0.0169507;0.0645565;0.0561008;-2.25832
-110.152;189.373;0.930837;0.000686963;0.0561503;-2.50763
-101.326;189.373;0.892086;-0.00479439;0.0670898;-3.01711
-92.5009;189.373;0.791371;-0.0147657;0.0831453;-3.49527
-83.6754;189.373;0.655952;-0.024097;0.103952;-3.93398
-74.85;189.373;0.473169;-0.0165989;0.118186;-4.29796
-66.0245;189.373;0.255245;0.0065565;0.128472;-4.59868
-57.1991;189.373;0.0654671;0.0248047;0.129677;-4.77964
-48.3736;189.373;0.000737889;0.0255204;0.137325;-5.0177
-39.5482;189.373;0.0191545;0.028196;0.14035;-5.29609
-30.7227;189.373;-0.0364448;0.0346826;0.151362;-5.50593
-21.8972;189.373;-0.082711;0.0411136;0.15212;-5.63333
-13.0718;189.373;-0.0487373;0.050046;0.144011;-5.76598
-4.24634;189.373;0.0601943;0.0581748;0.13591;-5.89993
4.57912;189.373;0.120273;0.0632748;0.143837;-6.00005
13.4046;189.373;0.149755;0.0686705;0.153443;-6.02534
22.23;189.373;0.152561;0.0743927;0.157604;-5.99087
31.0555;189.373;0.146051;0.0792209;0.155077;-5.90659
39.8809;189.373;0.144224;0.0836056;0.148041;-5.77972
48.7064;189.373;0.148461;0.0888199;0.139387;-5.60513
57.5318;189.373;0.119586;0.0941081;0.130734;-5.36662
66.3573;189.373;0.0844441;0.0978464;0.123712;-5.09039
75.1828;189.373;0.0629578;0.0984615;0.1169;-4.78423
84.0082;189.373;0.0600902;0.0956645;0.109172;-4.44639
92.8337;189.373;0.0644549;0.0906974;0.0997781;-4.06923
101.659;189.373;0.0664289;0.0850954;0.0875039;-3.64613
110.485;189.373;0.0848117;0.0785556;0.0718272;-3.18025
119.31;189.373;0.124769;0.0692741;0.0525387;-2.70428
128.135;189.373;0.179572;0.0583992;0.0334565;-2.2071
136.961;189.373;0.201108;0.0425445;0.0111379;-1.64061
-127.803;180.548;1.05846;-0.000253154;0.0298405;-2.25889
-118.977;180.548;0.997956;-0.0116409;0.0488812;-2.8212
-110.152;180.548;0.970836;-0.0187651;0.0649534;-3.37406
-101.326;180.548;0.96254;-0.0270497;0.0741816;-3.88868
-92.5009;180.548;0.807726;-0.0369468;0.0978925;-4.34253
-83.6754;180.548;0.539784;-0.0465986;0.132077;-4.71814
-74.85;180.548;0.348888;-0.0346482;0.148954;-5.11681
-66.0245;180.548;0.265878;-0.00337;0.144617;-5.55047
-57.1991;180.548;0.201836;0.0197206;0.130862;-5.81911
-48.3736;180.548;0.0658138;0.0215215;0.141292;-6.05964
-39.5482;180.548;0.0982304;0.0211398;0.144135;-6.32828
-30.7227;180.548;0.155431;0.0271761;0.151432;-6.59657
-21.8972;180.548;0.209804;0.0353836;0.152257;-6.79689
-13.0718;180.548;0.26204;0.0447955;0.148726;-6.95063
-4.24634;180.548;0.305143;0.0529002;0.146878;-7.05754
4.57912;180.548;0.300953;0.0582858;0.154916;-7.10371
13.4046;180.548;0.280497;0.0664319;0.163247;-7.08514
22.23;180.548;0.257491;0.0745403;0.166947;-7.02604
31.0555;180.548;0.245243;0.080966;0.165569;-6.93523
39.8809;180.548;0.246722;0.0863902;0.160756;-6.80754
48.7064;180.548;0.251238;0.0926938;0.154845;-6.62649
57.5318;180.548;0.224418;0.0991141;0.148123;-6.38088
66.3573;180.548;0.193296;0.10321;0.139307;-6.09657
75.1828;180.548;0.177118;0.104707;0.130958;-5.78178
84.0082;180.548;0.172933;0.10397;0.123902;-5.4306
92.8337;180.548;0.161004;0.101762;0.116796;-5.03034
101.659;180.548;0.133258;0.0984692;0.106332;-4.57228
110.485;180.548;0.128493;0.0903536;0.0904617;-4.07793
119.31;180.548;0.152883;0.0800858;0.071258;-3.5709
128.135;180.548;0.207737;0.0714466;0.0510114;-3.06112
136.961;180.548;0.270701;0.0612397;0.0304352;-2.53369
145.786;180.548;0.262011;0.0484503;0.00714905;-1.91957
154.612;180.548;0.195857;0.0292597;-0.0178304;-1.2196
-136.628;171.722;1.14351;-0.0133493;0.0343372;-2.49319
-127.803;171.722;1.06686;-0.0224164;0.049758;-3.08265
-118.977;171.722;0.968487;-0.033145;0.0699437;-3.66535
-110.152;171.722;0.91058;-0.0434825;0.0876893;-4.23187
-101.326;171.722;0.8803;-0.052772;0.0966454;-4.74903
-92.5009;171.722;0.628931;-0.0648842;0.130446;-5.16759
-83.6754;171.722;0.300046;-0.0726719;0.174944;-5.54463
-74.85;171.722;0.291085;-0.0545775;0.180378;-6.00524
-66.0245;171.722;0.460908;-0.0168979;0.151924;-6.54675
-57.1991;171.722;0.522507;0.0101449;0.127123;-6.91138
-48.3736;171.722;0.364773;0.0137132;0.140521;-7.16234
-39.5482;171.722;0.305224;0.0159302;0.155079;-7.39602
-30.7227;171.722;0.324616;0.0227119;0.167268;-7.64063
-21.8972;171.722;0.359439;0.0309806;0.171408;-7.83298
-13.0718;171.722;0.375868;0.0397798;0.172156;-7.97027
-4.24634;171.722;0.361798;0.0481058;0.174158;-8.05127
4.57912;171.722;0.320094;0.055508;0.17929;-8.07195
13.4046;171.722;0.294483;0.0653603;0.184642;-8.0485
22.23;171.722;0.285953;0.0755104;0.188068;-8.00119
31.0555;171.722;0.301115;0.084593;0.186919;-7.92683
39.8809;171.722;0.327054;0.0928204;0.182042;-7.80908
48.7064;171.722;0.33724;0.10087;0.176861;-7.62843
57.5318;171.722;0.313679;0.107344;0.170506;-7.38192
66.3573;171.722;0.294204;0.111022;0.16156;-7.09943
75.1828;171.722;0.291278;0.112775;0.152178;-6.78149
84.0082;171.722;0.287603;0.113435;0.144386;-6.41508
92.8337;171.722;0.25443;0.113549;0.138302;-5.98568
101.659;171.722;0.190846;0.113672;0.129228;-5.4933
110.485;171.722;0.172383;0.107133;0.112207;-4.98023
119.31;171.722;0.185627;0.0976166;0.0924727;-4.45583
128.135;171.722;0.211511;0.087825;0.0733565;-3.91598
136.961;171.722;0.236322;0.078574;0.0537852;-3.35013
145.786;171.722;0.31376;0.0640007;0.0310425;-2.76359
154.612;171.722;0.23832;0.0520745;0.0109448;-2.07861
163.437;171.722;0.0883176;0.0398216;-0.0015718;-1.36201
-145.454;162.897;1.15461;-0.0196813;0.0395602;-2.62309
-136.628;162.897;1.13588;-0.0296128;0.0527899;-3.26444
-127.803;162.897;1.0774;-0.0371058;0.0693152;-3.89295
-118.977;162.897;0.980421;-0.0473124;0.0890193;-4.4806
-110.152;162.897;0.914287;-0.0584249;0.105016;-5.05504
-101.326;162.897;0.871911;-0.0688978;0.111374;-5.5777
-92.5009;162.897;0.650106;-0.0804067;0.139554;-6.04123
-83.6754;162.897;0.420197;-0.0828322;0.173078;-6.47226
-74.85;162.897;0.58986;-0.0590674;0.166777;-6.99427
-66.0245;162.897;0.807345;-0.0220159;0.133959;-7.5388
-57.1991;162.897;0.779558;0.00409861;0.120041;-7.93831
-48.3736;162.897;0.601513;0.0101232;0.141207;-8.18739
-39.5482;162.897;0.529642;0.0143369;0.162717;-8.40935
-30.7227;162.897;0.517672;0.0202763;0.180827;-8.63354
-21.8972;162.897;0.500015;0.0290943;0.190989;-8.80783
-13.0718;162.897;0.463971;0.0391525;0.196412;-8.92665
-4.24634;162.897;0.419105;0.0490156;0.200154;-8.99531
4.57912;162.897;0.379074;0.0589404;0.20243;-9.01924
13.4046;162.897;0.364858;0.0695604;0.205662;-9.01086
22.23;162.897;0.363894;0.0793727;0.211053;-8.97823
31.0555;162.897;0.384962;0.0898544;0.212365;-8.91161
39.8809;162.897;0.419324;0.100859;0.208423;-8.79824
48.7064;162.897;0.442699;0.110162;0.203283;-8.62138
57.5318;162.897;0.421008;0.116101;0.196199;-8.37051
66.3573;162.897;0.389526;0.119916;0.185966;-8.06852
75.1828;162.897;0.377531;0.12233;0.174992;-7.73068
84.0082;162.897;0.368036;0.124317;0.165574;-7.34912
92.8337;162.897;0.330358;0.125578;0.158444;-6.90661
101.659;162.897;0.260863;0.127016;0.150327;-6.40617
110.485;162.897;0.26187;0.122055;0.132762;-5.90673
119.31;162.897;0.299042;0.113325;0.110757;-5.38929
128.135;162.897;0.344955;0.103192;0.0882705;-4.84096
136.961;162.897;0.382717;0.0923081;0.0650502;-4.2535
145.786;162.897;0.416761;0.0787024;0.0414719;-3.63479
154.612;162.897;0.332867;0.0667186;0.0262658;-2.92905
163.437;162.897;0.230206;0.0557254;0.0223248;-2.20923
-163.105;154.071;1.20252;0.00204452;0.0229672;-1.91551
-154.279;154.071;1.13906;-0.0171816;0.0403811;-2.64162
-145.454;154.071;1.11547;-0.0318587;0.0558321;-3.347
-136.628;154.071;1.12115;-0.0382012;0.0670907;-4.02008
-127.803;154.071;1.08164;-0.0451063;0.0841242;-4.66624
-118.977;154.071;1.01224;-0.0547854;0.102257;-5.27877
-110.152;154.071;0.97436;-0.0660374;0.1148;-5.8707
-101.326;154.071;0.972763;-0.0758106;0.116672;-6.43464
-92.5009;154.071;0.860946;-0.0814699;0.128474;-6.96438
-83.6754;154.071;0.790592;-0.075326;0.141603;-7.4547
-74.85;154.071;0.89014;-0.0506964;0.140803;-8.01702
-66.0245;154.071;0.954122;-0.0220936;0.12606;-8.49617
-57.1991;154.071;0.857777;-0.00236382;0.125938;-8.85103
-48.3736;154.071;0.692038;0.00510298;0.148789;-9.09458
-39.5482;154.071;0.652509;0.0105907;0.170801;-9.3356
-30.7227;154.071;0.644239;0.0167989;0.190004;-9.56468
-21.8972;154.071;0.627721;0.0278946;0.201715;-9.74077
-13.0718;154.071;0.58993;0.0395983;0.210536;-9.86361
-4.24634;154.071;0.53875;0.0495855;0.218554;-9.93931
4.57912;154.071;0.495007;0.0604877;0.223063;-9.97673
13.4046;154.071;0.479858;0.0710855;0.227039;-9.97453
22.23;154.071;0.456536;0.0809096;0.234378;-9.93405
31.0555;154.071;0.446423;0.0928842;0.236997;-9.85021
39.8809;154.071;0.455528;0.106427;0.233246;-9.72423
48.7064;154.071;0.466134;0.117065;0.227783;-9.53746
57.5318;154.071;0.427753;0.124034;0.222046;-9.26942
66.3573;154.071;0.381533;0.129741;0.212144;-8.94713
75.1828;154.071;0.375794;0.133117;0.199273;-8.60229
84.0082;154.071;0.389735;0.135504;0.185641;-8.22677
92.8337;154.071;0.385538;0.136251;0.173809;-7.79329
101.659;154.071;0.349303;0.136096;0.164805;-7.29799
110.485;154.071;0.367342;0.131653;0.149359;-6.80393
119.31;154.071;0.416055;0.124201;0.127777;-6.28523
128.135;154.071;0.460767;0.114272;0.102339;-5.71748
136.961;154.071;0.471651;0.103025;0.0759028;-5.09316
145.786;154.071;0.468605;0.0899183;0.053013;-4.44639
154.612;154.071;0.397623;0.0772411;0.0382458;-3.74646
163.437;154.071;0.311385;0.0658416;0.0319945;-2.99893
172.263;154.071;0.253158;0.0535686;0.0308687;-2.25569
181.088;154.071;0.265392;0.0367752;0.0291441;-1.46715
-171.93;145.246;1.12975;0.00948;0.0172095;-1.81101
-163.105;145.246;1.1641;-0.00802223;0.0321534;-2.57754
-154.279;145.246;1.11817;-0.0261625;0.0487275;-3.3281
-145.454;145.246;1.09692;-0.0391223;0.0639341;-4.05224
-136.628;145.246;1.09647;-0.0475638;0.0783213;-4.74851
-127.803;145.246;1.06622;-0.0552509;0.0947271;-5.41769
-118.977;145.246;1.0209;-0.0644881;0.110255;-6.05268
-110.152;145.246;0.999578;-0.0748566;0.121135;-6.67133
-101.326;145.246;1.01174;-0.0823122;0.123735;-7.2729
-92.5009;145.246;0.99025;-0.0816511;0.126243;-7.84635
-83.6754;145.246;0.99117;-0.0698814;0.131475;-8.37594
-74.85;145.246;1.00651;-0.0506777;0.13236;-8.88026
-66.0245;145.246;0.966159;-0.0312386;0.130411;-9.31313
-57.1991;145.246;0.852637;-0.0160966;0.137214;-9.65488
-48.3736;145.246;0.72729;-0.00652748;0.157189;-9.91493
-39.5482;145.246;0.702204;0.000786451;0.178492;-10.1894
-30.7227;145.246;0.69207;0.00938066;0.196731;-10.4322
-21.8972;145.246;0.674958;0.0246685;0.207969;-10.6188
-13.0718;145.246;0.632476;0.0395997;0.21951;-10.7565
-4.24634;145.246;0.57001;0.0503651;0.232978;-10.8405
4.57912;145.246;0.513373;0.0612817;0.242412;-10.8805
13.4046;145.246;0.489802;0.0720088;0.247984;-10.869
22.23;145.246;0.459978;0.0823075;0.253651;-10.8131
31.0555;145.246;0.436727;0.0951836;0.254243;-10.7109
39.8809;145.246;0.426509;0.109751;0.250075;-10.5704
48.7064;145.246;0.420906;0.12072;0.244933;-10.3713
57.5318;145.246;0.390984;0.12858;0.241788;-10.1029
66.3573;145.246;0.366716;0.13662;0.234046;-9.78853
75.1828;145.246;0.38773;0.141838;0.22173;-9.46056
84.0082;145.246;0.431634;0.144809;0.206075;-9.10516
92.8337;145.246;0.465293;0.144392;0.190306;-8.68914
101.659;145.246;0.471788;0.142948;0.179094;-8.20695
110.485;145.246;0.488642;0.140745;0.1659;-7.70509
119.31;145.246;0.512269;0.136958;0.14631;-7.16022
128.135;145.246;0.525369;0.128809;0.120417;-6.55437
136.961;145.246;0.514664;0.116272;0.0926007;-5.89455
145.786;145.246;0.494587;0.102571;0.069599;-5.22626
154.612;145.246;0.443393;0.0891926;0.051733;-4.51818
163.437;145.246;0.374303;0.0758579;0.0401799;-3.77327
172.263;145.246;0.309826;0.0627358;0.0305072;-2.98666
181.088;145.246;0.303764;0.0470563;0.0278347;-2.21248
189.914;145.246;0.257625;0.0268363;0.0140364;-1.34797
-171.93;136.421;1.1272;0.00306951;0.0265311;-2.43705
-163.105;136.421;1.13201;-0.014626;0.0389075;-3.23299
-154.279;136.421;1.10889;-0.0322291;0.0552772;-3.99584
-145.454;136.421;1.0897;-0.0470149;0.0718685;-4.73756
-136.628;136.421;1.06611;-0.0593366;0.0877582;-5.45369
-127.803;136.421;1.03453;-0.0682137;0.102026;-6.13688
-118.977;136.421;1.00021;-0.0759436;0.114097;-6.78715
-110.152;136.421;0.976495;-0.0836513;0.123057;-7.41503
-101.326;136.421;0.973718;-0.0884383;0.128957;-8.02196
-92.5009;136.421;0.979882;-0.0843615;0.132685;-8.59316
-83.6754;136.421;0.971124;-0.0721159;0.140777;-9.12199
-74.85;136.421;0.960534;-0.0580072;0.143403;-9.61498
-66.0245;136.421;0.908822;-0.0447287;0.145153;-10.0468
-57.1991;136.421;0.818984;-0.0323012;0.152935;-10.4104
-48.3736;136.421;0.735081;-0.0206174;0.17076;-10.7183
-39.5482;136.421;0.699776;-0.0116338;0.191668;-11.0095
-30.7227;136.421;0.670017;0.000376523;0.208509;-11.2532
-21.8972;136.421;0.632726;0.0186104;0.218218;-11.4334
-13.0718;136.421;0.570894;0.0353198;0.229589;-11.5652
-4.24634;136.421;0.492476;0.0474045;0.245534;-11.6458
4.57912;136.421;0.426974;0.0591081;0.260006;-11.6826
13.4046;136.421;0.408886;0.0721283;0.267303;-11.6804
22.23;136.421;0.403583;0.0852903;0.268799;-11.6375
31.0555;136.421;0.398919;0.100255;0.264557;-11.5392
39.8809;136.421;0.388089;0.115698;0.258598;-11.3906
48.7064;136.421;0.371371;0.12757;0.253943;-11.1829
57.5318;136.421;0.35706;0.137552;0.252495;-10.9277
66.3573;136.421;0.363845;0.147938;0.246903;-10.6299
75.1828;136.421;0.389822;0.155572;0.236991;-10.3049
84.0082;136.421;0.420866;0.159981;0.222847;-9.93594
92.8337;136.421;0.450837;0.159388;0.205895;-9.50295
101.659;136.421;0.486847;0.158334;0.192149;-9.0281
110.485;136.421;0.498685;0.158699;0.17906;-8.51607
119.31;136.421;0.494235;0.157541;0.160985;-7.94226
128.135;136.421;0.489489;0.149724;0.136627;-7.31037
136.961;136.421;0.490531;0.135263;0.109307;-6.64245
145.786;136.421;0.47703;0.120466;0.0853629;-5.96338
154.612;136.421;0.443659;0.105945;0.064404;-5.24185
163.437;136.421;0.383422;0.0924592;0.0482799;-4.47719
172.263;136.421;0.319043;0.0760094;0.0338804;-3.67964
181.088;136.421;0.290374;0.0554088;0.0221576;-2.87917
189.914;136.421;0.275553;0.039245;0.0153245;-2.03206
-180.755;127.595;1.15316;0.0202085;0.0223443;-2.21906
-171.93;127.595;1.12186;0.00131578;0.0320066;-3.03148
-163.105;127.595;1.08813;-0.0217698;0.050102;-3.85549
-154.279;127.595;1.07622;-0.0402238;0.0665032;-4.63997
-145.454;127.595;1.05949;-0.0579672;0.0836998;-5.40416
-136.628;127.595;1.02683;-0.072582;0.0999537;-6.14035
-127.803;127.595;0.996568;-0.0811471;0.111732;-6.83887
-118.977;127.595;0.965194;-0.0860912;0.1202;-7.50464
-110.152;127.595;0.938294;-0.0899741;0.126952;-8.14204
-101.326;127.595;0.926748;-0.0919606;0.134616;-8.75172
-92.5009;127.595;0.912986;-0.086556;0.143688;-9.31979
-83.6754;127.595;0.881609;-0.0757488;0.15346;-9.84553
-74.85;127.595;0.858373;-0.0644618;0.156797;-10.3357
-66.0245;127.595;0.820977;-0.0543709;0.160949;-10.7762
-57.1991;127.595;0.76378;-0.0448086;0.172022;-11.1613
-48.3736;127.595;0.702799;-0.0344777;0.192436;-11.4995
-39.5482;127.595;0.660219;-0.0234233;0.212215;-11.805
-30.7227;127.595;0.610662;-0.00698009;0.228033;-12.0562
-21.8972;127.595;0.553821;0.0135103;0.237017;-12.2434
-13.0718;127.595;0.477661;0.0318034;0.246772;-12.3736
-4.24634;127.595;0.395245;0.0465977;0.261612;-12.4502
4.57912;127.595;0.339587;0.0620307;0.277178;-12.4964
13.4046;127.595;0.347598;0.0770741;0.284014;-12.5144
22.23;127.595;0.371056;0.0925188;0.2812;-12.488
31.0555;127.595;0.389171;0.109761;0.271669;-12.3932
39.8809;127.595;0.38246;0.126587;0.262587;-12.2294
48.7064;127.595;0.348047;0.140566;0.257436;-12.0004
57.5318;127.595;0.304717;0.152479;0.255346;-11.7186
66.3573;127.595;0.293317;0.163288;0.25096;-11.3915
75.1828;127.595;0.271681;0.171678;0.243431;-11.0156
84.0082;127.595;0.21958;0.177069;0.2321;-10.5599
92.8337;127.595;0.172103;0.179589;0.216544;-10.0516
101.659;127.595;0.20512;0.180835;0.201516;-9.56436
110.485;127.595;0.236273;0.181391;0.18699;-9.05872
119.31;127.595;0.257112;0.179277;0.16862;-8.49937
128.135;127.595;0.297355;0.169971;0.1453;-7.90009
136.961;127.595;0.355407;0.155422;0.119231;-7.27531
145.786;127.595;0.367758;0.141131;0.0953746;-6.60199
154.612;127.595;0.339977;0.12676;0.0739335;-5.86443
163.437;127.595;0.29198;0.112685;0.0569414;-5.08865
172.263;127.595;0.250485;0.0946281;0.0403682;-4.28807
181.088;127.595;0.236302;0.072793;0.026578;-3.48191
189.914;127.595;0.200733;0.0555944;0.0209962;-2.64888
198.739;127.595;0.158688;0.0380336;0.00998276;-1.75078
207.565;127.595;0.395024;0.0129176;-0.0151208;-0.815981
-189.581;118.77;1.1177;0.0279537;0.0229015;-1.94254
-180.755;118.77;1.09406;0.012793;0.031103;-2.77338
-171.93;118.77;1.07296;-0.00920104;0.0479341;-3.62697
-163.105;118.77;1.03285;-0.032286;0.0666007;-4.45392
-154.279;118.77;1.02052;-0.0518368;0.0834412;-5.26326
-145.454;118.77;1.01285;-0.0685604;0.0981547;-6.04583
-136.628;118.77;0.984;-0.0833552;0.113726;-6.80187
-127.803;118.77;0.957453;-0.0913299;0.124241;-7.51747
-118.977;118.77;0.929682;-0.0953545;0.130873;-8.20135
-110.152;118.77;0.912249;-0.0977196;0.136022;-8.85618
-101.326;118.77;0.912634;-0.0975125;0.142587;-9.47429
-92.5009;118.77;0.882581;-0.0921132;0.15189;-10.0455
-83.6754;118.77;0.814427;-0.0842413;0.161397;-10.577
-74.85;118.77;0.763848;-0.0743923;0.166822;-11.0687
-66.0245;118.77;0.720896;-0.0648378;0.176465;-11.517
-57.1991;118.77;0.6755;-0.0560022;0.193372;-11.9192
-48.3736;118.77;0.631181;-0.0464989;0.215328;-12.2775
-39.5482;118.77;0.602716;-0.0339728;0.233435;-12.5982
-30.7227;118.77;0.572688;-0.0152934;0.245529;-12.8653
-21.8972;118.77;0.530896;0.00482583;0.253061;-13.0766
-13.0718;118.77;0.466832;0.0233066;0.260892;-13.2232
-4.24634;118.77;0.403245;0.0400416;0.272661;-13.3109
4.57912;118.77;0.370627;0.0579626;0.286954;-13.3687
13.4046;118.77;0.374062;0.0747683;0.294044;-13.3891
22.23;118.77;0.36351;0.0937192;0.289435;-13.3402
31.0555;118.77;0.345104;0.113878;0.27674;-13.2097
39.8809;118.77;0.30355;0.134037;0.265505;-13.0113
48.7064;118.77;0.212627;0.150671;0.259262;-12.7174
57.5318;118.77;0.0569061;0.167352;0.256583;-12.3301
66.3573;118.77;-0.0638853;0.181226;0.252114;-11.9071
75.1828;118.77;-0.112906;0.189438;0.241538;-11.4848
84.0082;118.77;-0.248958;0.199405;0.22757;-10.9603
92.8337;118.77;-0.43769;0.201622;0.210522;-10.3189
101.659;118.77;-0.480699;0.204079;0.194754;-9.75289
110.485;118.77;-0.40146;0.204422;0.181802;-9.26708
119.31;118.77;-0.283466;0.201759;0.166718;-8.78345
128.135;118.77;-0.128544;0.190848;0.146874;-8.27583
136.961;118.77;0.0234528;0.1773;0.123339;-7.72705
145.786;118.77;0.0739788;0.163966;0.101028;-7.06392
154.612;118.77;0.0753081;0.150349;0.0800557;-6.33522
163.437;118.77;0.0755436;0.135388;0.063234;-5.58237
172.263;118.77;0.0921696;0.117836;0.0477689;-4.81673
181.088;118.77;0.121932;0.0976582;0.0343907;-4.03487
189.914;118.77;0.119876;0.0773409;0.0249215;-3.20762
198.739;118.77;0.109778;0.057476;0.0179362;-2.32562
207.565;118.77;0.316742;0.0294462;0.00227587;-1.41481
-189.581;109.944;1.03243;0.00940876;0.034264;-2.47029
-180.755;109.944;0.999407;-0.00270675;0.04577;-3.3113
-171.93;109.944;0.996469;-0.020312;0.0624161;-4.17243
-163.105;109.944;0.967239;-0.0420947;0.0800259;-5.02416
-154.279;109.944;0.957578;-0.0606277;0.0946903;-5.8587
-145.454;109.944;0.960721;-0.0751602;0.106374;-6.66199
-136.628;109.944;0.94335;-0.0910572;0.121262;-7.43947
-127.803;109.944;0.909488;-0.103029;0.133163;-8.17387
-118.977;109.944;0.87243;-0.110949;0.142145;-8.87897
-110.152;109.944;0.854059;-0.114124;0.148197;-9.55554
-101.326;109.944;0.853912;-0.111822;0.153901;-10.1905
-92.5009;109.944;0.819751;-0.105708;0.161906;-10.7728
-83.6754;109.944;0.757376;-0.100953;0.169655;-11.3218
-74.85;109.944;0.706286;-0.0933208;0.175014;-11.828
-66.0245;109.944;0.658474;-0.0835798;0.185784;-12.2889
-57.1991;109.944;0.619952;-0.073259;0.205265;-12.7042
-48.3736;109.944;0.595885;-0.0620462;0.228147;-13.0768
-39.5482;109.944;0.576766;-0.0470984;0.245367;-13.4093
-30.7227;109.944;0.550944;-0.0274449;0.256616;-13.6928
-21.8972;109.944;0.514533;-0.00753586;0.264244;-13.9258
-13.0718;109.944;0.461198;0.0113049;0.271366;-14.0917
-4.24634;109.944;0.411489;0.0299746;0.280116;-14.1943
4.57912;109.944;0.383619;0.0502276;0.290898;-14.2542
13.4046;109.944;0.367311;0.0689853;0.297233;-14.2635
22.23;109.944;0.326019;0.0887921;0.294102;-14.1907
31.0555;109.944;0.278331;0.107759;0.283026;-14.0359
39.8809;109.944;0.210469;0.131957;0.271417;-13.8248
48.7064;109.944;0.104359;0.159021;0.263742;-13.5281
57.5318;109.944;-0.0354433;0.185864;0.260326;-13.1471
66.3573;109.944;-0.095118;0.202342;0.256203;-12.7637
75.1828;109.944;-0.0761973;0.211495;0.239433;-12.3945
84.0082;109.944;-0.205945;0.224042;0.214684;-11.8688
92.8337;109.944;-0.454149;0.223306;0.196588;-11.1353
101.659;109.944;-0.62332;0.224597;0.182408;-10.4355
110.485;109.944;-0.607741;0.224928;0.169639;-9.85841
119.31;109.944;-0.510044;0.222698;0.156158;-9.33753
128.135;109.944;-0.349533;0.211182;0.140561;-8.81931
136.961;109.944;-0.175447;0.199326;0.122923;-8.28079
145.786;109.944;-0.0669494;0.187191;0.10708;-7.64264
154.612;109.944;-0.01631;0.174599;0.0885351;-6.93655
163.437;109.944;0.0320889;0.158337;0.071111;-6.2014
172.263;109.944;0.0823051;0.139954;0.0564301;-5.4432
181.088;109.944;0.125678;0.120667;0.0444158;-4.65533
189.914;109.944;0.154805;0.0996789;0.0335825;-3.82624
198.739;109.944;0.163803;0.0753365;0.0260346;-2.95787
207.565;109.944;0.290216;0.0470555;0.00981924;-2.02078
-198.406;101.119;1.147;0.0190702;0.0238548;-2.14535
-189.581;101.119;1.04388;0.00265937;0.0373877;-2.99782
-180.755;101.119;0.983041;-0.0125386;0.0517803;-3.85832
-171.93;101.119;0.964203;-0.0306146;0.0664072;-4.72343
-163.105;101.119;0.938417;-0.0518453;0.0820891;-5.59654
-154.279;101.119;0.926309;-0.0702566;0.0961831;-6.45333
-145.454;101.119;0.917144;-0.0856189;0.106962;-7.27415
-136.628;101.119;0.881806;-0.103307;0.120268;-8.06173
-127.803;101.119;0.821768;-0.118106;0.131038;-8.79944
-118.977;101.119;0.766645;-0.129394;0.141023;-9.51558
-110.152;101.119;0.74933;-0.134279;0.149624;-10.2127
-101.326;101.119;0.76738;-0.130903;0.157921;-10.8766
-92.5009;101.119;0.76512;-0.122791;0.166858;-11.4889
-83.6754;101.119;0.744013;-0.118105;0.173469;-12.0679
-74.85;101.119;0.701561;-0.111262;0.178242;-12.5991
-66.0245;101.119;0.647384;-0.101908;0.188152;-13.0785
-57.1991;101.119;0.592339;-0.0911292;0.208268;-13.5069
-48.3736;101.119;0.549457;-0.078115;0.233589;-13.8895
-39.5482;101.119;0.527716;-0.060076;0.252734;-14.2304
-30.7227;101.119;0.511535;-0.0389648;0.264642;-14.5267
-21.8972;101.119;0.489405;-0.0188501;0.272864;-14.7753
-13.0718;101.119;0.459138;0.000965988;0.280437;-14.9565
-4.24634;101.119;0.43005;0.0216799;0.288318;-15.0741
4.57912;101.119;0.408029;0.042918;0.295924;-15.1388
13.4046;101.119;0.385235;0.0611379;0.30012;-15.1464
22.23;101.119;0.339027;0.078229;0.299755;-15.0708
31.0555;101.119;0.281757;0.0949017;0.293176;-14.9163
39.8809;101.119;0.216035;0.126008;0.280695;-14.7161
48.7064;101.119;0.170724;0.168994;0.267766;-14.4831
57.5318;101.119;0.187875;0.209343;0.259341;-14.2316
66.3573;101.119;0.30281;0.229859;0.255056;-13.994
75.1828;101.119;0.377268;0.241763;0.233365;-13.6766
84.0082;101.119;0.275398;0.252067;0.203421;-13.1445
92.8337;101.119;0.0372399;0.251314;0.183649;-12.3936
101.659;101.119;-0.198252;0.252949;0.169229;-11.6228
110.485;101.119;-0.251137;0.251756;0.154813;-10.9573
119.31;101.119;-0.217901;0.248758;0.141794;-10.3484
128.135;101.119;-0.134608;0.239554;0.130174;-9.74582
136.961;101.119;-0.0351562;0.229952;0.119119;-9.12848
145.786;101.119;0.0491776;0.218667;0.108983;-8.44834
154.612;101.119;0.0974265;0.205181;0.0942043;-7.71222
163.437;101.119;0.145832;0.187209;0.0775319;-6.94783
172.263;101.119;0.175609;0.168235;0.0621119;-6.15043
181.088;101.119;0.177583;0.149772;0.0485456;-5.31417
189.914;101.119;0.176825;0.127806;0.0337822;-4.43888
198.739;101.119;0.221702;0.0964048;0.0224913;-3.54188
207.565;101.119;0.282995;0.0651345;0.0101824;-2.58705
-198.406;92.2933;1.18437;0.023624;0.0186882;-2.64755
-189.581;92.2933;1.07497;0.00761021;0.032772;-3.52237
-180.755;92.2933;0.998286;-0.0165951;0.0512607;-4.39545
-171.93;92.2933;0.968392;-0.0392448;0.0659788;-5.27223
-163.105;92.2933;0.945304;-0.0612727;0.0800677;-6.1588
-154.279;92.2933;0.914747;-0.0809569;0.0956512;-7.02691
-145.454;92.2933;0.871873;-0.0984977;0.108321;-7.8597
-136.628;92.2933;0.808397;-0.116776;0.119927;-8.65468
-127.803;92.2933;0.736524;-0.132315;0.127321;-9.4038
-118.977;92.2933;0.687129;-0.145404;0.137734;-10.1439
-110.152;92.2933;0.680305;-0.151777;0.149539;-10.8675
-101.326;92.2933;0.707287;-0.148412;0.160862;-11.5602
-92.5009;92.2933;0.729098;-0.138782;0.171929;-12.2101
-83.6754;92.2933;0.727188;-0.13204;0.180727;-12.8201
-74.85;92.2933;0.698585;-0.12412;0.187335;-13.3742
-66.0245;92.2933;0.649578;-0.114893;0.195844;-13.8685
-57.1991;92.2933;0.584156;-0.104877;0.213875;-14.3057
-48.3736;92.2933;0.523727;-0.0912435;0.238206;-14.702
-39.5482;92.2933;0.499115;-0.0706177;0.25901;-15.0585
-30.7227;92.2933;0.497649;-0.0470797;0.273128;-15.3743
-21.8972;92.2933;0.489067;-0.0255467;0.283591;-15.6417
-13.0718;92.2933;0.473797;-0.00344912;0.292578;-15.8365
-4.24634;92.2933;0.45855;0.0199519;0.300911;-15.9675
4.57912;92.2933;0.44347;0.042523;0.306368;-16.0381
13.4046;92.2933;0.419474;0.060722;0.307155;-16.0434
22.23;92.2933;0.379548;0.0737295;0.306801;-15.9731
31.0555;92.2933;0.32535;0.0902511;0.303734;-15.8326
39.8809;92.2933;0.261383;0.131627;0.288303;-15.6377
48.7064;92.2933;0.258426;0.189778;0.26498;-15.4369
57.5318;92.2933;0.387234;0.240609;0.244514;-15.2729
66.3573;92.2933;0.623477;0.263325;0.235129;-15.1376
75.1828;92.2933;0.720206;0.275668;0.213392;-14.8244
84.0082;92.2933;0.663598;0.280787;0.189292;-14.2889
92.8337;92.2933;0.501468;0.280809;0.171401;-13.592
101.659;92.2933;0.323976;0.281587;0.15639;-12.8533
110.485;92.2933;0.264703;0.278871;0.139794;-12.161
119.31;92.2933;0.246117;0.274843;0.126913;-11.4773
128.135;92.2933;0.243546;0.26654;0.118463;-10.7771
136.961;92.2933;0.25272;0.257945;0.11052;-10.0627
145.786;92.2933;0.275921;0.24646;0.101956;-9.3133
154.612;92.2933;0.295945;0.232343;0.0905659;-8.52641
163.437;92.2933;0.311817;0.214486;0.0771506;-7.70695
172.263;92.2933;0.279589;0.195971;0.0640123;-6.83745
181.088;92.2933;0.204867;0.176875;0.0520711;-5.92284
189.914;92.2933;0.163567;0.150803;0.0369817;-4.98998
198.739;92.2933;0.219303;0.116154;0.0238589;-4.07447
207.565;92.2933;0.319398;0.0846417;0.0147145;-3.15445
-216.057;83.4678;1.13471;0.0171339;0.0244119;-1.21277
-207.232;83.4678;1.22884;0.0357471;0.00979435;-2.14779
-198.406;83.4678;1.18969;0.0310555;0.0137451;-3.11198
-189.581;83.4678;1.08987;0.014419;0.0275026;-4.0145
-180.755;83.4678;1.00692;-0.0160087;0.0478806;-4.90452
-171.93;83.4678;0.969912;-0.0435897;0.0635116;-5.79225
-163.105;83.4678;0.932752;-0.0679312;0.0769012;-6.68269
-154.279;83.4678;0.868195;-0.0907624;0.0940079;-7.55946
-145.454;83.4678;0.80282;-0.11067;0.107451;-8.40708
-136.628;83.4678;0.737767;-0.127609;0.115471;-9.21884
-127.803;83.4678;0.687491;-0.141243;0.118478;-9.99861
-118.977;83.4678;0.658431;-0.153119;0.127958;-10.7656
-110.152;83.4678;0.651069;-0.159158;0.141782;-11.5091
-101.326;83.4678;0.662353;-0.156683;0.154328;-12.2181
-92.5009;83.4678;0.683476;-0.149181;0.165032;-12.8969
-83.6754;83.4678;0.679468;-0.142627;0.177885;-13.5303
-74.85;83.4678;0.662418;-0.133984;0.190923;-14.1047
-66.0245;83.4678;0.631809;-0.124072;0.201934;-14.6228
-57.1991;83.4678;0.582505;-0.113835;0.216193;-15.0871
-48.3736;83.4678;0.533435;-0.0997592;0.235713;-15.5092
-39.5482;83.4678;0.515732;-0.0777593;0.255575;-15.8872
-30.7227;83.4678;0.521203;-0.0520656;0.271372;-16.2196
-21.8972;83.4678;0.51276;-0.0296348;0.283403;-16.4967
-13.0718;83.4678;0.490002;-0.00587819;0.293109;-16.695
-4.24634;83.4678;0.471441;0.0200198;0.302407;-16.8312
4.57912;83.4678;0.45748;0.0457226;0.308552;-16.9049
13.4046;83.4678;0.43093;0.0677088;0.30844;-16.9094
22.23;83.4678;0.400648;0.0799894;0.305997;-16.8514
31.0555;83.4678;0.362231;0.101812;0.301643;-16.7316
39.8809;83.4678;0.290612;0.153272;0.280105;-16.5141
48.7064;83.4678;0.254512;0.216186;0.244963;-16.2404
57.5318;83.4678;0.330559;0.26436;0.211709;-15.9888
66.3573;83.4678;0.515635;0.284059;0.195519;-15.7924
75.1828;83.4678;0.601666;0.299796;0.181433;-15.4634
84.0082;83.4678;0.587479;0.30793;0.16956;-14.967
92.8337;83.4678;0.540979;0.310781;0.158927;-14.3756
101.659;83.4678;0.517455;0.309888;0.144761;-13.745
110.485;83.4678;0.51399;0.307215;0.125431;-13.0836
119.31;83.4678;0.475877;0.303244;0.110697;-12.3709
128.135;83.4678;0.439115;0.294052;0.102078;-11.6207
136.961;83.4678;0.419938;0.283395;0.0927479;-10.8571
145.786;83.4678;0.422525;0.269089;0.0828014;-10.0683
154.612;83.4678;0.436878;0.253135;0.0736783;-9.24681
163.437;83.4678;0.427536;0.236392;0.0652546;-8.37976
172.263;83.4678;0.334556;0.220623;0.0567634;-7.44544
181.088;83.4678;0.206021;0.202575;0.0477709;-6.47506
189.914;83.4678;0.188932;0.172681;0.0347101;-5.53552
198.739;83.4678;0.273545;0.134968;0.0196069;-4.62217
207.565;83.4678;0.415942;0.100363;0.00737604;-3.71927
216.39;83.4678;0.529988;0.0679187;0.00160953;-2.76182
225.215;83.4678;0.556288;0.0396584;0.00923009;-1.76909
-216.057;74.6423;1.12691;0.00958246;0.0268844;-1.63176
-207.232;74.6423;1.19548;0.0343652;0.0129261;-2.58536
-198.406;74.6423;1.1683;0.0411685;0.00845314;-3.53534
-189.581;74.6423;1.06752;0.0181164;0.0227454;-4.45398
-180.755;74.6423;1.00125;-0.0133076;0.0406405;-5.36073
-171.93;74.6423;0.963353;-0.042343;0.0557058;-6.26561
-163.105;74.6423;0.902282;-0.0682221;0.0679095;-7.15934
-154.279;74.6423;0.808838;-0.0942881;0.0836573;-8.05315
-145.454;74.6423;0.749486;-0.115706;0.0941148;-8.92683
-136.628;74.6423;0.711142;-0.131158;0.0969096;-9.77044
-127.803;74.6423;0.70024;-0.142093;0.0953217;-10.5924
-118.977;74.6423;0.678856;-0.151133;0.10292;-11.3833
-110.152;74.6423;0.645277;-0.155156;0.116334;-12.1349
-101.326;74.6423;0.6246;-0.153348;0.126887;-12.8515
-92.5009;74.6423;0.635026;-0.150343;0.134223;-13.5581
-83.6754;74.6423;0.634419;-0.147604;0.150116;-14.2165
-74.85;74.6423;0.617016;-0.141181;0.170026;-14.8135
-66.0245;74.6423;0.604412;-0.131119;0.185675;-15.3581
-57.1991;74.6423;0.585235;-0.119416;0.197552;-15.8538
-48.3736;74.6423;0.565567;-0.103872;0.21173;-16.3079
-39.5482;74.6423;0.56135;-0.0813017;0.227978;-16.7126
-30.7227;74.6423;0.554256;-0.0541258;0.244318;-17.062
-21.8972;74.6423;0.531577;-0.0310215;0.259184;-17.3527
-13.0718;74.6423;0.48706;-0.00687602;0.270731;-17.5529
-4.24634;74.6423;0.448874;0.0212038;0.280221;-17.6866
4.57912;74.6423;0.423362;0.0514826;0.285043;-17.7564
13.4046;74.6423;0.39967;0.0792921;0.28256;-17.7625
22.23;74.6423;0.396825;0.0963347;0.276896;-17.7217
31.0555;74.6423;0.402012;0.130189;0.265067;-17.6247
39.8809;74.6423;0.3705;0.190141;0.237535;-17.4112
48.7064;74.6423;0.346608;0.250461;0.201878;-17.1043
57.5318;74.6423;0.377197;0.289236;0.17144;-16.7701
66.3573;74.6423;0.454387;0.307343;0.154834;-16.4548
75.1828;74.6423;0.48965;0.323601;0.146166;-16.0583
84.0082;74.6423;0.493512;0.331766;0.141672;-15.5571
92.8337;74.6423;0.501657;0.335652;0.136851;-15.0015
101.659;74.6423;0.527678;0.336038;0.125396;-14.4071
110.485;74.6423;0.545655;0.333426;0.105978;-13.7592
119.31;74.6423;0.508302;0.32908;0.0900247;-13.0395
128.135;74.6423;0.475845;0.320933;0.07976;-12.2877
136.961;74.6423;0.470008;0.307848;0.0698971;-11.5136
145.786;74.6423;0.4926;0.29053;0.0609548;-10.7154
154.612;74.6423;0.523872;0.27273;0.0541134;-9.88238
163.437;74.6423;0.535088;0.255526;0.0505897;-9.00997
172.263;74.6423;0.478652;0.239461;0.0476584;-8.08023
181.088;74.6423;0.406547;0.219973;0.043203;-7.12392
189.914;74.6423;0.426622;0.188116;0.0329565;-6.18733
198.739;74.6423;0.528834;0.149745;0.0198195;-5.26956
207.565;74.6423;0.613743;0.114265;0.00795102;-4.32291
216.39;74.6423;0.669831;0.0797045;0.00337474;-3.30241
225.215;74.6423;0.677051;0.0497289;0.0127908;-2.28304
-216.057;65.8169;1.12026;0.0159813;0.0254916;-1.97545
-207.232;65.8169;1.14879;0.0342164;0.017618;-2.96745
-198.406;65.8169;1.11237;0.0397647;0.0110871;-3.90932
-189.581;65.8169;1.02263;0.0132817;0.0198722;-4.85193
-180.755;65.8169;0.985267;-0.0151007;0.0294332;-5.77847
-171.93;65.8169;0.966638;-0.0406605;0.0385277;-6.72026
-163.105;65.8169;0.909916;-0.0644889;0.0459029;-7.64088
-154.279;65.8169;0.829678;-0.0896083;0.0551185;-8.562
-145.454;65.8169;0.798192;-0.109454;0.059387;-9.46284
-136.628;65.8169;0.778588;-0.125086;0.0583474;-10.3371
-127.803;65.8169;0.784552;-0.13629;0.0535788;-11.1885
-118.977;65.8169;0.751508;-0.145707;0.0595505;-11.9959
-110.152;65.8169;0.692443;-0.149653;0.0712561;-12.7499
-101.326;65.8169;0.662609;-0.14726;0.0781636;-13.4729
-92.5009;65.8169;0.68874;-0.143512;0.0812729;-14.1973
-83.6754;65.8169;0.691828;-0.142489;0.0933473;-14.8808
-74.85;65.8169;0.672613;-0.141798;0.114758;-15.5081
-66.0245;65.8169;0.654771;-0.134061;0.13694;-16.079
-57.1991;65.8169;0.633932;-0.120979;0.152346;-16.5982
-48.3736;65.8169;0.619889;-0.103595;0.165121;-17.0805
-39.5482;65.8169;0.623162;-0.0821648;0.178802;-17.5188
-30.7227;65.8169;0.623151;-0.0576821;0.197257;-17.9003
-21.8972;65.8169;0.626601;-0.0364986;0.217412;-18.2291
-13.0718;65.8169;0.605253;-0.0138465;0.234601;-18.4625
-4.24634;65.8169;0.575321;0.0144994;0.245393;-18.6135
4.57912;65.8169;0.546362;0.0470517;0.247941;-18.6855
13.4046;65.8169;0.524707;0.0784543;0.243107;-18.686
22.23;65.8169;0.536323;0.103147;0.234841;-18.6462
31.0555;65.8169;0.559342;0.155017;0.212348;-18.5409
39.8809;65.8169;0.575888;0.2259;0.180739;-18.3542
48.7064;65.8169;0.645703;0.283299;0.154167;-18.1294
57.5318;65.8169;0.755603;0.313621;0.139451;-17.8623
66.3573;65.8169;0.789301;0.334035;0.130611;-17.4856
75.1828;65.8169;0.739683;0.352768;0.122832;-16.989
84.0082;65.8169;0.701998;0.360907;0.11763;-16.4286
92.8337;65.8169;0.696709;0.364122;0.112979;-15.8369
101.659;65.8169;0.712534;0.364816;0.105443;-15.2102
110.485;65.8169;0.716904;0.362104;0.0924793;-14.5274
119.31;65.8169;0.677992;0.355258;0.0772517;-13.7856
128.135;65.8169;0.6463;0.346042;0.0657426;-13.0173
136.961;65.8169;0.631982;0.331039;0.0570475;-12.2096
145.786;65.8169;0.636878;0.313506;0.050544;-11.3742
154.612;65.8169;0.65845;0.295473;0.0459347;-10.5186
163.437;65.8169;0.666517;0.278408;0.0425627;-9.62966
172.263;65.8169;0.64572;0.260942;0.0404249;-8.70313
181.088;65.8169;0.625726;0.239021;0.0382786;-7.75716
189.914;65.8169;0.650443;0.20508;0.029832;-6.80292
198.739;65.8169;0.719918;0.167818;0.020314;-5.8508
207.565;65.8169;0.772802;0.132273;0.01435;-4.86423
216.39;65.8169;0.792541;0.0963009;0.0140854;-3.82904
225.215;65.8169;0.789353;0.0663242;0.0210525;-2.74774
234.041;65.8169;0.857881;0.0421175;0.0244263;-1.6191
-216.057;56.9914;1.09132;0.0256004;0.0219026;-2.28162
-207.232;56.9914;1.09696;0.0346337;0.01786;-3.28619
-198.406;56.9914;1.03282;0.0326252;0.0130468;-4.23517
-189.581;56.9914;0.945366;0.00113147;0.0179743;-5.20234
-180.755;56.9914;0.929629;-0.0246268;0.020215;-6.14675
-171.93;56.9914;0.940946;-0.0454496;0.021023;-7.10945
-163.105;56.9914;0.927983;-0.0655492;0.0206327;-8.06335
-154.279;56.9914;0.905055;-0.0863493;0.0211017;-9.0212
-145.454;56.9914;0.912293;-0.103655;0.0196795;-9.96402
-136.628;56.9914;0.897163;-0.119286;0.0178021;-10.8696
-127.803;56.9914;0.874911;-0.134901;0.0188045;-11.741
-118.977;56.9914;0.825809;-0.147651;0.0277772;-12.5619
-110.152;56.9914;0.764951;-0.152637;0.0398728;-13.3276
-101.326;56.9914;0.739045;-0.149162;0.0459914;-14.0743
-92.5009;56.9914;0.772876;-0.142449;0.0485297;-14.8205
-83.6754;56.9914;0.783145;-0.141267;0.0592258;-15.5377
-74.85;56.9914;0.763011;-0.143954;0.0781779;-16.197
-66.0245;56.9914;0.728803;-0.140678;0.100647;-16.7906
-57.1991;56.9914;0.69062;-0.127935;0.118279;-17.3217
-48.3736;56.9914;0.67462;-0.109009;0.132048;-17.8206
-39.5482;56.9914;0.690995;-0.0885557;0.145035;-18.2917
-30.7227;56.9914;0.70422;-0.0662932;0.163348;-18.7089
-21.8972;56.9914;0.730038;-0.0440535;0.187359;-19.0722
-13.0718;56.9914;0.738211;-0.0192654;0.207594;-19.3419
-4.24634;56.9914;0.724077;0.0102638;0.219316;-19.512
4.57912;56.9914;0.687946;0.0405841;0.224243;-19.5892
13.4046;56.9914;0.650439;0.0670471;0.225384;-19.5867
22.23;56.9914;0.667564;0.0969964;0.217562;-19.5549
31.0555;56.9914;0.697511;0.166468;0.187603;-19.4307
39.8809;56.9914;0.727808;0.250975;0.153714;-19.2314
48.7064;56.9914;0.816947;0.311403;0.132535;-19.0162
57.5318;56.9914;0.927424;0.340064;0.124946;-18.7459
66.3573;56.9914;0.931704;0.362138;0.119192;-18.3186
75.1828;56.9914;0.832194;0.381342;0.114268;-17.7479
84.0082;56.9914;0.788661;0.38929;0.108062;-17.159
92.8337;56.9914;0.792258;0.393569;0.101129;-16.5575
101.659;56.9914;0.817246;0.396138;0.0941452;-15.9223
110.485;56.9914;0.832391;0.393952;0.0854882;-15.2257
119.31;56.9914;0.78495;0.384043;0.0746031;-14.4532
128.135;56.9914;0.736788;0.37206;0.0635459;-13.6433
136.961;56.9914;0.7044;0.3579;0.0548172;-12.8002
145.786;56.9914;0.696779;0.341918;0.0484;-11.9368
154.612;56.9914;0.717658;0.323541;0.0441817;-11.067
163.437;56.9914;0.739117;0.305033;0.0403449;-10.1699
172.263;56.9914;0.740678;0.286139;0.03828;-9.23662
181.088;56.9914;0.735965;0.262368;0.0372213;-8.27752
189.914;56.9914;0.746291;0.22575;0.0305314;-7.29217
198.739;56.9914;0.786065;0.187414;0.0235642;-6.31004
207.565;56.9914;0.829952;0.150829;0.0214609;-5.30709
216.39;56.9914;0.858795;0.114206;0.0231519;-4.26481
225.215;56.9914;0.879561;0.0791055;0.0255651;-3.16095
234.041;56.9914;0.956958;0.0536105;0.0293554;-2.02681
-224.883;48.166;1.06381;0.0400057;0.0169617;-1.57219
-216.057;48.166;1.06689;0.0283559;0.0180473;-2.55597
-207.232;48.166;1.05918;0.0299901;0.0156531;-3.54345
-198.406;48.166;0.954028;0.0168675;0.0141336;-4.51762
-189.581;48.166;0.87483;-0.0135904;0.0172564;-5.5038
-180.755;48.166;0.858174;-0.0407516;0.0174027;-6.48583
-171.93;48.166;0.857739;-0.0649871;0.0160339;-7.47486
-163.105;48.166;0.85302;-0.0865657;0.0130445;-8.45531
-154.279;48.166;0.870718;-0.103453;0.00779376;-9.42917
-145.454;48.166;0.921805;-0.115949;0.00154201;-10.3895
-136.628;48.166;0.894862;-0.129332;0.00268949;-11.3004
-127.803;48.166;0.848546;-0.145969;0.00898938;-12.1787
-118.977;48.166;0.795662;-0.160292;0.0220595;-13.0143
-110.152;48.166;0.757496;-0.167552;0.0360031;-13.807
-101.326;48.166;0.756007;-0.165648;0.0429775;-14.5983
-92.5009;48.166;0.790202;-0.156983;0.0449514;-15.3764
-83.6754;48.166;0.806275;-0.150714;0.0521101;-16.1104
-74.85;48.166;0.774131;-0.154699;0.0667868;-16.786
-66.0245;48.166;0.722541;-0.154477;0.0876241;-17.398
-57.1991;48.166;0.679461;-0.144096;0.106406;-17.9561
-48.3736;48.166;0.67987;-0.125762;0.121346;-18.4886
-39.5482;48.166;0.721992;-0.103809;0.13465;-18.9989
-30.7227;48.166;0.747997;-0.0795356;0.153012;-19.4484
-21.8972;48.166;0.763623;-0.0523985;0.175296;-19.8213
-13.0718;48.166;0.780022;-0.0236209;0.193144;-20.1111
-4.24634;48.166;0.775986;0.00741097;0.20601;-20.3001
4.57912;48.166;0.751009;0.0342333;0.216638;-20.3993
13.4046;48.166;0.730967;0.0567651;0.223971;-20.4166
22.23;48.166;0.761595;0.10035;0.214772;-20.3993
31.0555;48.166;0.792619;0.186347;0.184212;-20.2663
39.8809;48.166;0.823484;0.278102;0.152903;-20.0476
48.7064;48.166;0.892501;0.337586;0.134384;-19.7939
57.5318;48.166;0.958623;0.364955;0.125632;-19.4633
66.3573;48.166;0.934247;0.388474;0.115697;-18.9864
75.1828;48.166;0.82986;0.407676;0.108126;-18.3852
84.0082;48.166;0.789482;0.414636;0.10043;-17.7742
92.8337;48.166;0.790305;0.417423;0.0914862;-17.145
101.659;48.166;0.815422;0.417912;0.0833633;-16.4828
110.485;48.166;0.842251;0.414001;0.0775121;-15.7697
119.31;48.166;0.792912;0.402789;0.0733356;-14.9697
128.135;48.166;0.731733;0.391015;0.0655314;-14.1274
136.961;48.166;0.693333;0.37778;0.0569353;-13.2601
145.786;48.166;0.6932;0.363643;0.0489069;-12.3901
154.612;48.166;0.729869;0.347004;0.0430116;-11.5254
163.437;48.166;0.783083;0.327241;0.0385831;-10.6354
172.263;48.166;0.793743;0.305921;0.0369158;-9.68439
181.088;48.166;0.774467;0.280047;0.0374549;-8.69137
189.914;48.166;0.756993;0.242421;0.0334371;-7.66882
198.739;48.166;0.785683;0.201549;0.0274326;-6.66578
207.565;48.166;0.839869;0.163241;0.0245258;-5.65562
216.39;48.166;0.895652;0.125313;0.0252172;-4.61984
225.215;48.166;0.945642;0.0867049;0.0265431;-3.54063
234.041;48.166;1.00101;0.0560172;0.0302272;-2.42068
-224.883;39.3405;1.00932;0.043381;0.0164938;-1.78555
-216.057;39.3405;1.0033;0.0304432;0.0174504;-2.78958
-207.232;39.3405;0.963398;0.0198792;0.0166974;-3.78409
-198.406;39.3405;0.873102;-0.00087037;0.0173077;-4.76962
-189.581;39.3405;0.837556;-0.0289207;0.0189032;-5.77716
-180.755;39.3405;0.834663;-0.0564612;0.0183497;-6.80077
-171.93;39.3405;0.820363;-0.0824199;0.0161087;-7.80628
-163.105;39.3405;0.809218;-0.106241;0.0112503;-8.80298
-154.279;39.3405;0.840395;-0.122833;0.00222711;-9.78321
-145.454;39.3405;0.891338;-0.132293;-0.00633412;-10.7431
-136.628;39.3405;0.844787;-0.141317;-0.00291381;-11.6453
-127.803;39.3405;0.771562;-0.154979;0.00603088;-12.5235
-118.977;39.3405;0.732236;-0.168577;0.0191581;-13.3732
-110.152;39.3405;0.725521;-0.178963;0.0315226;-14.1978
-101.326;39.3405;0.736193;-0.182506;0.0397501;-15.029
-92.5009;39.3405;0.752029;-0.177163;0.0434638;-15.8329
-83.6754;39.3405;0.7599;-0.167446;0.0483253;-16.5793
-74.85;39.3405;0.732953;-0.166945;0.0575996;-17.2727
-66.0245;39.3405;0.686689;-0.166701;0.0758616;-17.9205
-57.1991;39.3405;0.655393;-0.159343;0.0945927;-18.5273
-48.3736;39.3405;0.682302;-0.142963;0.109379;-19.1092
-39.5482;39.3405;0.755528;-0.119632;0.122051;-19.664
-30.7227;39.3405;0.796349;-0.0943131;0.140914;-20.1416
-21.8972;39.3405;0.79118;-0.0661121;0.163176;-20.5144
-13.0718;39.3405;0.806507;-0.0359067;0.181722;-20.8086
-4.24634;39.3405;0.81822;-0.00485399;0.199611;-21.0282
4.57912;39.3405;0.830384;0.0236031;0.215046;-21.1807
13.4046;39.3405;0.859274;0.0584686;0.218902;-21.2561
22.23;39.3405;0.916367;0.129668;0.201545;-21.2615
31.0555;39.3405;0.97782;0.230535;0.172759;-21.1571
39.8809;39.3405;1.07228;0.31522;0.150523;-20.9865
48.7064;39.3405;1.14421;0.363728;0.136882;-20.7162
57.5318;39.3405;1.14797;0.388041;0.124992;-20.3075
66.3573;39.3405;1.06754;0.41474;0.107781;-19.7651
75.1828;39.3405;0.956268;0.434273;0.0925577;-19.126
84.0082;39.3405;0.881232;0.441476;0.0829417;-18.4566
92.8337;39.3405;0.836825;0.443105;0.0743831;-17.7607
101.659;39.3405;0.828571;0.441541;0.0670302;-17.0442
110.485;39.3405;0.84452;0.436668;0.0642744;-16.2999
119.31;39.3405;0.808106;0.426081;0.0649769;-15.4781
128.135;39.3405;0.753561;0.412428;0.0602111;-14.607
136.961;39.3405;0.723442;0.396364;0.0521374;-13.7162
145.786;39.3405;0.734529;0.380401;0.043396;-12.8333
154.612;39.3405;0.784068;0.363164;0.0366266;-11.9607
163.437;39.3405;0.865232;0.339838;0.0325959;-11.0695
172.263;39.3405;0.887977;0.313761;0.0306143;-10.102
181.088;39.3405;0.854081;0.282527;0.033604;-9.06734
189.914;39.3405;0.805222;0.246329;0.0322458;-8.00692
198.739;39.3405;0.832922;0.207775;0.027769;-6.99059
207.565;39.3405;0.888458;0.171147;0.0238371;-5.97053
216.39;39.3405;0.95912;0.132607;0.023254;-4.92681
225.215;39.3405;0.991232;0.0897694;0.0227075;-3.84036
234.041;39.3405;0.933845;0.051996;0.0230514;-2.71706
-224.883;30.5151;0.99057;0.0381489;0.0213737;-2.01278
-216.057;30.5151;0.981583;0.0256;0.0206278;-3.04333
-207.232;30.5151;0.931365;0.00999154;0.0196971;-4.039
-198.406;30.5151;0.872733;-0.0140309;0.0202845;-5.03963
-189.581;30.5151;0.887535;-0.037579;0.0196133;-6.05015
-180.755;30.5151;0.895695;-0.0626606;0.017577;-7.08813
-171.93;30.5151;0.873821;-0.0868108;0.0138002;-8.09771
-163.105;30.5151;0.851353;-0.112016;0.00708792;-9.1054
-154.279;30.5151;0.862394;-0.132973;-0.00310635;-10.0956
-145.454;30.5151;0.885473;-0.144246;-0.0111081;-11.0467
-136.628;30.5151;0.825808;-0.150271;-0.00743251;-11.944
-127.803;30.5151;0.744925;-0.160518;-0.000618949;-12.8267
-118.977;30.5151;0.719986;-0.172105;0.00768856;-13.6927
-110.152;30.5151;0.725504;-0.18398;0.015763;-14.5442
-101.326;30.5151;0.72966;-0.191846;0.0249537;-15.3994
-92.5009;30.5151;0.7258;-0.190638;0.0323111;-16.2255
-83.6754;30.5151;0.724869;-0.18085;0.0380387;-16.9961
-74.85;30.5151;0.716772;-0.17458;0.0435511;-17.7127
-66.0245;30.5151;0.687583;-0.173094;0.0584486;-18.3988
-57.1991;30.5151;0.672537;-0.16776;0.0751005;-19.0535
-48.3736;30.5151;0.721677;-0.153296;0.0887376;-19.6831
-39.5482;30.5151;0.820896;-0.129956;0.100697;-20.2887
-30.7227;30.5151;0.88652;-0.105503;0.117973;-20.8141
-21.8972;30.5151;0.890989;-0.080187;0.140312;-21.2366
-13.0718;30.5151;0.928875;-0.0508194;0.163467;-21.5753
-4.24634;30.5151;0.987815;-0.0220736;0.190819;-21.8553
4.57912;30.5151;1.03992;0.0138204;0.208382;-22.0457
13.4046;30.5151;1.09212;0.077159;0.195588;-22.1452
22.23;30.5151;1.18464;0.186282;0.15766;-22.1814
31.0555;30.5151;1.36398;0.301642;0.122238;-22.1983
39.8809;30.5151;1.62341;0.368368;0.110377;-22.1877
48.7064;30.5151;1.73033;0.393507;0.106887;-21.9215
57.5318;30.5151;1.66436;0.406923;0.0967679;-21.4158
66.3573;30.5151;1.50995;0.433941;0.0790779;-20.786
75.1828;30.5151;1.34809;0.453533;0.0631059;-20.0551
84.0082;30.5151;1.19468;0.462339;0.054555;-19.2731
92.8337;30.5151;1.09034;0.463605;0.0496559;-18.4852
101.659;30.5151;1.05168;0.460387;0.0463365;-17.7057
110.485;30.5151;1.05914;0.45247;0.0469848;-16.9135
119.31;30.5151;1.03822;0.441733;0.0498706;-16.0762
128.135;30.5151;0.995221;0.426058;0.0484949;-15.1859
136.961;30.5151;0.945152;0.408447;0.0432406;-14.2546
145.786;30.5151;0.905957;0.391834;0.0361884;-13.3119
154.612;30.5151;0.897856;0.37448;0.0292416;-12.3757
163.437;30.5151;0.955381;0.34816;0.0254515;-11.4492
172.263;30.5151;0.973571;0.320145;0.0226464;-10.4669
181.088;30.5151;0.932285;0.291342;0.0257911;-9.41748
189.914;30.5151;0.878759;0.258305;0.0272632;-8.33702
198.739;30.5151;0.931644;0.221003;0.0269471;-7.32873
207.565;30.5151;1.01269;0.184039;0.0246997;-6.3193
216.39;30.5151;1.07774;0.1435;0.0233241;-5.25821
225.215;30.5151;1.10827;0.0962897;0.020938;-4.13543
234.041;30.5151;1.10455;0.0513926;0.019843;-2.98754
-224.883;21.6896;1.01462;0.0346153;0.0248032;-2.20446
-216.057;21.6896;1.02081;0.0205446;0.0226276;-3.27245
-207.232;21.6896;0.977158;0.00296513;0.0217961;-4.27775
-198.406;21.6896;0.945658;-0.0216747;0.0223289;-5.29437
-189.581;21.6896;0.973677;-0.0422923;0.0201824;-6.31094
-180.755;21.6896;0.979503;-0.0649087;0.0163209;-7.34878
-171.93;21.6896;0.945033;-0.0863655;0.00991432;-8.3473
-163.105;21.6896;0.90113;-0.110388;0.00129276;-9.34335
-154.279;21.6896;0.882888;-0.133954;-0.00883156;-10.3348
-145.454;21.6896;0.886958;-0.149725;-0.0156071;-11.298
-136.628;21.6896;0.841583;-0.156027;-0.0140289;-12.2159
-127.803;21.6896;0.788218;-0.165998;-0.0127239;-13.1232
-118.977;21.6896;0.768903;-0.176555;-0.010834;-14.0122
-110.152;21.6896;0.762174;-0.187705;-0.00662403;-14.8785
-101.326;21.6896;0.752518;-0.195504;0.00181952;-15.7384
-92.5009;21.6896;0.744016;-0.194865;0.0112758;-16.5731
-83.6754;21.6896;0.747503;-0.186157;0.0187107;-17.3652
-74.85;21.6896;0.754545;-0.178629;0.0239342;-18.1082
-66.0245;21.6896;0.734739;-0.17604;0.0364844;-18.8261
-57.1991;21.6896;0.728352;-0.170529;0.0515486;-19.5152
-48.3736;21.6896;0.784571;-0.157144;0.0658702;-20.1804
-39.5482;21.6896;0.895969;-0.13493;0.0803606;-20.8315
-30.7227;21.6896;1.00116;-0.110116;0.0987944;-21.4257
-21.8972;21.6896;1.06984;-0.0871272;0.120496;-21.9417
-13.0718;21.6896;1.16794;-0.0610459;0.14695;-22.3788
-4.24634;21.6896;1.29043;-0.0347987;0.180657;-22.7241
4.57912;21.6896;1.29921;0.00868257;0.188314;-22.832
13.4046;21.6896;1.235;0.101074;0.147777;-22.8159
22.23;21.6896;1.32112;0.248628;0.0764658;-22.8672
31.0555;21.6896;1.69851;0.363797;0.0312756;-22.9939
39.8809;21.6896;1.94341;0.420911;0.0233447;-22.95
48.7064;21.6896;1.87326;0.4337;0.0273802;-22.5468
57.5318;21.6896;1.70887;0.441368;0.030467;-21.9889
66.3573;21.6896;1.64212;0.462637;0.0316085;-21.4122
75.1828;21.6896;1.56797;0.475867;0.0307719;-20.7296
84.0082;21.6896;1.38822;0.484632;0.0297061;-19.9059
92.8337;21.6896;1.24181;0.486185;0.0294121;-19.0565
101.659;21.6896;1.15467;0.484981;0.02874;-18.2127
110.485;21.6896;1.10588;0.476194;0.0295789;-17.3369
119.31;21.6896;1.04414;0.467699;0.0314261;-16.4444
128.135;21.6896;0.987147;0.452397;0.0320825;-15.5216
136.961;21.6896;0.943352;0.431805;0.0304517;-14.5683
145.786;21.6896;0.906968;0.410907;0.0270741;-13.5992
154.612;21.6896;0.882896;0.391396;0.0229063;-12.6304
163.437;21.6896;0.917764;0.364721;0.0207205;-11.6784
172.263;21.6896;0.932996;0.338095;0.017757;-10.6843
181.088;21.6896;0.881726;0.312164;0.0200171;-9.60488
189.914;21.6896;0.833287;0.281146;0.0224949;-8.50422
198.739;21.6896;0.94611;0.2419;0.0243729;-7.53655
207.565;21.6896;1.09593;0.202228;0.0234397;-6.58233
216.39;21.6896;1.20366;0.159932;0.023167;-5.55311
225.215;21.6896;1.22865;0.111354;0.022083;-4.4263
234.041;21.6896;1.21946;0.0608073;0.0195536;-3.22266
242.866;21.6896;0.737962;0.0280781;0.0235429;-1.94486
-224.883;12.8642;1.05612;0.0423563;0.0228304;-2.33167
-216.057;12.8642;1.06185;0.0215222;0.0203207;-3.42024
-207.232;12.8642;0.999945;0.000315292;0.0204576;-4.41633
-198.406;12.8642;0.968572;-0.025392;0.0211847;-5.4321
-189.581;12.8642;0.981789;-0.0461821;0.0182707;-6.46164
-180.755;12.8642;0.996518;-0.0687894;0.0144628;-7.5147
-171.93;12.8642;0.943253;-0.0905663;0.00808751;-8.50404
-163.105;12.8642;0.864096;-0.112844;-0.00084862;-9.48153
-154.279;12.8642;0.831519;-0.132379;-0.0118889;-10.4657
-145.454;12.8642;0.848888;-0.148285;-0.0199174;-11.4561
-136.628;12.8642;0.842674;-0.157446;-0.0230134;-12.4146
-127.803;12.8642;0.829648;-0.170689;-0.0256592;-13.3601
-118.977;12.8642;0.811409;-0.18306;-0.0260072;-14.2775
-110.152;12.8642;0.788221;-0.194202;-0.0236852;-15.1587
-101.326;12.8642;0.763332;-0.201351;-0.016757;-16.0283
-92.5009;12.8642;0.743872;-0.200477;-0.00804826;-16.8676
-83.6754;12.8642;0.738293;-0.191281;-0.00218119;-17.6618
-74.85;12.8642;0.752105;-0.18274;0.00278406;-18.4227
-66.0245;12.8642;0.749092;-0.176755;0.0130536;-19.1625
-57.1991;12.8642;0.750809;-0.168762;0.0249579;-19.8757
-48.3736;12.8642;0.801242;-0.155627;0.039524;-20.5662
-39.5482;12.8642;0.922001;-0.135298;0.0591255;-21.2525
-30.7227;12.8642;1.10148;-0.111254;0.0834707;-21.9235
-21.8972;12.8642;1.31405;-0.0921614;0.110341;-22.5692
-13.0718;12.8642;1.48842;-0.0713787;0.137318;-23.0935
-4.24634;12.8642;1.44887;-0.031253;0.157163;-23.3143
4.57912;12.8642;1.19981;0.0256733;0.143758;-23.1345
13.4046;12.8642;0.924123;0.129181;0.0854836;-22.9426
22.23;12.8642;0.870682;0.274272;0.00805904;-22.9536
31.0555;12.8642;1.09906;0.386549;-0.0411426;-23.0145
39.8809;12.8642;1.09734;0.446453;-0.0604049;-22.7776
48.7064;12.8642;1.0253;0.460953;-0.0629668;-22.2839
57.5318;12.8642;1.09551;0.476713;-0.0483399;-21.8759
66.3573;12.8642;1.33665;0.495543;-0.022961;-21.5299
75.1828;12.8642;1.46785;0.501922;-0.00182844;-21.0102
84.0082;12.8642;1.32583;0.505105;0.00613318;-20.2013
92.8337;12.8642;1.14837;0.503869;0.00880034;-19.2939
101.659;12.8642;0.996261;0.504662;0.0106959;-18.3765
110.485;12.8642;0.884863;0.498169;0.0115514;-17.4355
119.31;12.8642;0.80867;0.489324;0.0132662;-16.5084
128.135;12.8642;0.788571;0.472803;0.0157399;-15.5968
136.961;12.8642;0.788863;0.451948;0.0165734;-14.6674
145.786;12.8642;0.789086;0.43027;0.0157342;-13.7173
154.612;12.8642;0.789267;0.409886;0.0145146;-12.7585
163.437;12.8642;0.827617;0.38486;0.0148697;-11.8051
172.263;12.8642;0.851269;0.359707;0.0146355;-10.8085
181.088;12.8642;0.802593;0.331473;0.0176883;-9.6998
189.914;12.8642;0.764352;0.298456;0.0204738;-8.57965
198.739;12.8642;0.894679;0.258059;0.022701;-7.61539
207.565;12.8642;1.11131;0.216543;0.0223129;-6.71783
216.39;12.8642;1.26532;0.174522;0.0213121;-5.73075
225.215;12.8642;1.31563;0.128798;0.0212393;-4.6112
234.041;12.8642;1.25629;0.0824014;0.0206722;-3.37408
242.866;12.8642;1.02454;0.0412664;0.0239972;-2.03415
-233.708;4.0387;0.970567;0.0631662;0.0188714;-1.3429
-224.883;4.0387;1.05611;0.0508439;0.0172198;-2.40943
-216.057;4.0387;1.03173;0.02705;0.0169333;-3.46681
-207.232;4.0387;0.905772;-0.00531069;0.019453;-4.46587
-198.406;4.0387;0.834545;-0.03561;0.0201222;-5.47552
-189.581;4.0387;0.852567;-0.0576312;0.0158629;-6.51873
-180.755;4.0387;0.923193;-0.0788416;0.0130336;-7.59887
-171.93;4.0387;0.879887;-0.102179;0.008845;-8.61478
-163.105;4.0387;0.778041;-0.123566;0.000445807;-9.60944
-154.279;4.0387;0.750704;-0.134748;-0.0139261;-10.6015
-145.454;4.0387;0.815251;-0.140179;-0.0276395;-11.5875
-136.628;4.0387;0.828954;-0.1527;-0.0344978;-12.5675
-127.803;4.0387;0.817705;-0.167648;-0.0372641;-13.524
-118.977;4.0387;0.808385;-0.181173;-0.0368125;-14.4498
-110.152;4.0387;0.791061;-0.194967;-0.031577;-15.3606
-101.326;4.0387;0.755854;-0.204699;-0.0247077;-16.2403
-92.5009;4.0387;0.710604;-0.2055;-0.0198812;-17.0722
-83.6754;4.0387;0.681998;-0.197442;-0.0187034;-17.8567
-74.85;4.0387;0.695752;-0.188224;-0.0161468;-18.6283
-66.0245;4.0387;0.714417;-0.180292;-0.0077233;-19.3891
-57.1991;4.0387;0.725944;-0.170205;0.000193334;-20.1237
-48.3736;4.0387;0.765626;-0.155249;0.0116104;-20.828
-39.5482;4.0387;0.876335;-0.133655;0.031636;-21.5314
-30.7227;4.0387;1.07701;-0.108448;0.0582725;-22.2417
-21.8972;4.0387;1.33105;-0.0856007;0.0871377;-22.9508
-13.0718;4.0387;1.42379;-0.0536947;0.110722;-23.4191
-4.24634;4.0387;0.79131;0.000304289;0.119975;-23.3276
4.57912;4.0387;0.165894;0.0651075;0.091368;-22.8727
13.4046;4.0387;0.0502786;0.170737;0.0259371;-22.7447
22.23;4.0387;0.431554;0.284889;-0.0415483;-22.9202
31.0555;4.0387;0.675147;0.388673;-0.085506;-22.958
39.8809;4.0387;0.545811;0.448719;-0.111357;-22.5704
48.7064;4.0387;0.520612;0.472844;-0.118974;-22.1015
57.5318;4.0387;0.733694;0.497655;-0.103187;-21.8083
66.3573;4.0387;1.08008;0.518356;-0.0704526;-21.5541
75.1828;4.0387;1.27114;0.524193;-0.0382654;-21.0886
84.0082;4.0387;1.11627;0.525037;-0.0226234;-20.2552
92.8337;4.0387;0.875649;0.520118;-0.0170775;-19.2595
101.659;4.0387;0.648453;0.520585;-0.0132033;-18.2614
110.485;4.0387;0.507238;0.515081;-0.0102003;-17.2938
119.31;4.0387;0.500926;0.501738;-0.00605537;-16.4058
128.135;4.0387;0.584916;0.483447;-0.00242228;-15.5698
136.961;4.0387;0.655455;0.466222;-0.0016053;-14.7036
145.786;4.0387;0.700732;0.447847;-0.00119325;-13.7949
154.612;4.0387;0.735282;0.426659;0.000193316;-12.8552
163.437;4.0387;0.789184;0.402494;0.00347563;-11.9079
172.263;4.0387;0.821612;0.376784;0.00730396;-10.9083
181.088;4.0387;0.777993;0.344756;0.012661;-9.78352
189.914;4.0387;0.736501;0.308547;0.0174725;-8.64218
198.739;4.0387;0.823765;0.26899;0.0209768;-7.62908
207.565;4.0387;1.06119;0.226792;0.0210429;-6.74212
216.39;4.0387;1.23013;0.183178;0.0188126;-5.76327
225.215;4.0387;1.27151;0.138551;0.0185502;-4.64184
234.041;4.0387;1.18081;0.0942317;0.0219051;-3.37901
242.866;4.0387;1.01931;0.0505762;0.0272604;-2.04091
251.692;4.0387;0.994675;0.0342613;0.0296005;-0.734796
-233.708;-4.78675;0.917463;0.0684496;0.0182134;-1.35253
-224.883;-4.78675;0.994445;0.0532272;0.0180393;-2.42832
-216.057;-4.78675;0.947679;0.0262893;0.0185279;-3.46878
-207.232;-4.78675;0.796723;-0.0101651;0.0207666;-4.45762
-198.406;-4.78675;0.716482;-0.042081;0.0192459;-5.46017
-189.581;-4.78675;0.745535;-0.0629987;0.0135739;-6.5119
-180.755;-4.78675;0.872422;-0.0824465;0.0121099;-7.62047
-171.93;-4.78675;0.889449;-0.100915;0.00734098;-8.67026
-163.105;-4.78675;0.831692;-0.112627;-0.00505517;-9.67751
-154.279;-4.78675;0.817966;-0.116331;-0.0241751;-10.6827
-145.454;-4.78675;0.863743;-0.122193;-0.0391227;-11.6788
-136.628;-4.78675;0.845111;-0.141878;-0.0449094;-12.6732
-127.803;-4.78675;0.806519;-0.159653;-0.0468598;-13.6271
-118.977;-4.78675;0.802731;-0.17337;-0.0475645;-14.5511
-110.152;-4.78675;0.78717;-0.186733;-0.044257;-15.4685
-101.326;-4.78675;0.743456;-0.196087;-0.0401571;-16.347
-92.5009;-4.78675;0.683742;-0.197632;-0.0379353;-17.1708
-83.6754;-4.78675;0.637338;-0.192275;-0.0376437;-17.9486
-74.85;-4.78675;0.641553;-0.186109;-0.0351323;-18.7343
-66.0245;-4.78675;0.664505;-0.179455;-0.0295023;-19.5057
-57.1991;-4.78675;0.680742;-0.168877;-0.0253332;-20.2484
-48.3736;-4.78675;0.720361;-0.152915;-0.0176237;-20.9608
-39.5482;-4.78675;0.81216;-0.129755;-0.0023754;-21.6543
-30.7227;-4.78675;0.966209;-0.101693;0.0180702;-22.3306
-21.8972;-4.78675;1.14349;-0.0752436;0.0399666;-22.9644
-13.0718;-4.78675;1.04402;-0.0338438;0.0610908;-23.2739
-4.24634;-4.78675;0.161212;0.0250804;0.0714654;-22.9115
4.57912;-4.78675;-0.358994;0.0962136;0.0357972;-22.5078
13.4046;-4.78675;-0.107541;0.20827;-0.0298356;-22.7197
22.23;-4.78675;0.522532;0.307364;-0.088418;-23.1092
31.0555;-4.78675;0.672897;0.394635;-0.119137;-23.1035
39.8809;-4.78675;0.508165;0.443705;-0.14013;-22.6115
48.7064;-4.78675;0.504454;0.473122;-0.147617;-22.1742
57.5318;-4.78675;0.692116;0.498754;-0.136186;-21.8571
66.3573;-4.78675;0.938002;0.519221;-0.109061;-21.5199
75.1828;-4.78675;1.04858;0.525997;-0.0782865;-20.9761
84.0082;-4.78675;0.839811;0.527377;-0.0588272;-20.0765
92.8337;-4.78675;0.531381;0.522324;-0.0509715;-19.0049
101.659;-4.78675;0.27336;0.521233;-0.0462386;-17.9752
110.485;-4.78675;0.185482;0.518056;-0.0410932;-17.0781
119.31;-4.78675;0.334187;0.508454;-0.0338219;-16.3505
128.135;-4.78675;0.560192;0.493833;-0.0280048;-15.6452
136.961;-4.78675;0.6778;0.479757;-0.0262356;-14.8209
145.786;-4.78675;0.743401;0.463871;-0.0234785;-13.9281
154.612;-4.78675;0.804416;0.44073;-0.0191015;-12.9944
163.437;-4.78675;0.873434;0.415434;-0.0128308;-12.0517
172.263;-4.78675;0.901538;0.387028;-0.00645228;-11.0391
181.088;-4.78675;0.842186;0.353353;0.00149312;-9.90121
189.914;-4.78675;0.769188;0.315502;0.0101532;-8.73091
198.739;-4.78675;0.787309;0.27648;0.0168953;-7.6472
207.565;-4.78675;0.976932;0.23432;0.0184757;-6.70219
216.39;-4.78675;1.13749;0.187495;0.0176007;-5.70434
225.215;-4.78675;1.1876;0.140793;0.019403;-4.58359
234.041;-4.78675;1.10546;0.0970589;0.0257871;-3.33084
242.866;-4.78675;0.957532;0.0558572;0.0314545;-2.03881
251.692;-4.78675;0.939029;0.0381897;0.0317849;-0.766758
-233.708;-13.6122;0.91999;0.0758538;0.0233292;-1.33617
-224.883;-13.6122;0.971939;0.061823;0.0245416;-2.42727
-216.057;-13.6122;0.930641;0.0351479;0.025939;-3.46495
-207.232;-13.6122;0.846861;-0.00307339;0.0257282;-4.48439
-198.406;-13.6122;0.79765;-0.0375019;0.0219038;-5.51479
-189.581;-13.6122;0.820681;-0.0599767;0.0146306;-6.57415
-180.755;-13.6122;0.91906;-0.0775186;0.00944074;-7.67067
-171.93;-13.6122;0.914213;-0.0899348;-0.000771528;-8.71599
-163.105;-13.6122;0.853727;-0.0934582;-0.0181542;-9.70957
-154.279;-13.6122;0.837878;-0.0950076;-0.0377831;-10.7178
-145.454;-13.6122;0.867219;-0.106071;-0.0487993;-11.7266
-136.628;-13.6122;0.836473;-0.132168;-0.0504968;-12.7308
-127.803;-13.6122;0.798462;-0.150011;-0.0527845;-13.6739
-118.977;-13.6122;0.792631;-0.161406;-0.0572219;-14.5898
-110.152;-13.6122;0.765927;-0.171037;-0.0601628;-15.4876
-101.326;-13.6122;0.714797;-0.177368;-0.061347;-16.3512
-92.5009;-13.6122;0.661092;-0.178181;-0.0615362;-17.1734
-83.6754;-13.6122;0.625794;-0.174755;-0.061429;-17.9676
-74.85;-13.6122;0.616338;-0.172934;-0.0615711;-18.7626
-66.0245;-13.6122;0.624545;-0.168008;-0.0601292;-19.5283
-57.1991;-13.6122;0.62297;-0.158596;-0.0563116;-20.2641
-48.3736;-13.6122;0.663582;-0.143128;-0.0482842;-20.9776
-39.5482;-13.6122;0.755989;-0.11809;-0.0385461;-21.6661
-30.7227;-13.6122;0.874823;-0.086647;-0.0295999;-22.2917
-21.8972;-13.6122;0.959652;-0.0562772;-0.0197366;-22.8128
-13.0718;-13.6122;0.723583;-0.00689863;-0.00533511;-23.0322
-4.24634;-13.6122;0.0637401;0.0626838;0.00251534;-22.7445
4.57912;-13.6122;-0.0101293;0.148052;-0.0329359;-22.6965
13.4046;-13.6122;0.485767;0.253241;-0.0930698;-23.1139
22.23;-13.6122;0.927745;0.339419;-0.138916;-23.4556
31.0555;-13.6122;0.845962;0.396886;-0.151531;-23.2565
39.8809;-13.6122;0.67888;0.433341;-0.162689;-22.7225
48.7064;-13.6122;0.649537;0.464684;-0.167068;-22.279
57.5318;-13.6122;0.717417;0.488586;-0.159193;-21.8517
66.3573;-13.6122;0.799686;0.506202;-0.140122;-21.3635
75.1828;-13.6122;0.803043;0.514284;-0.115721;-20.7185
84.0082;-13.6122;0.57172;0.521668;-0.0947899;-19.8017
92.8337;-13.6122;0.2536;0.524172;-0.0825266;-18.7415
101.659;-13.6122;0.0667635;0.523591;-0.0743913;-17.7906
110.485;-13.6122;0.137427;0.520778;-0.0677692;-17.0579
119.31;-13.6122;0.465554;0.514627;-0.0602519;-16.5064
128.135;-13.6122;0.794479;0.504652;-0.0546662;-15.8931
136.961;-13.6122;0.846945;0.493028;-0.0498218;-15.0137
145.786;-13.6122;0.868224;0.473511;-0.0429106;-14.0624
154.612;-13.6122;0.955675;0.448949;-0.0357346;-13.1355
163.437;-13.6122;1.05441;0.422835;-0.0267605;-12.2116
172.263;-13.6122;1.05852;0.393042;-0.0179149;-11.1796
181.088;-13.6122;0.954052;0.358319;-0.00881954;-10.0118
189.914;-13.6122;0.829417;0.32008;0.000818331;-8.80229
198.739;-13.6122;0.789595;0.280836;0.0094109;-7.65762
207.565;-13.6122;0.942183;0.236318;0.0127183;-6.65687
216.39;-13.6122;1.11105;0.184604;0.0155265;-5.64175
225.215;-13.6122;1.18122;0.13468;0.0217112;-4.53151
234.041;-13.6122;1.13797;0.0937384;0.029401;-3.31671
242.866;-13.6122;1.06152;0.0572175;0.0351957;-2.05574
-233.708;-22.4377;0.934667;0.078308;0.0288632;-1.31693
-224.883;-22.4377;0.984004;0.0773171;0.0290422;-2.36451
-216.057;-22.4377;0.938589;0.0492214;0.0305337;-3.41731
-207.232;-22.4377;0.906584;0.0107175;0.0291831;-4.47764
-198.406;-22.4377;0.920347;-0.0236809;0.0239627;-5.54093
-189.581;-22.4377;0.944129;-0.0479083;0.0168578;-6.61316
-180.755;-22.4377;0.980746;-0.0638952;0.0074789;-7.67004
-171.93;-22.4377;0.900072;-0.0722901;-0.0104065;-8.67847
-163.105;-22.4377;0.80875;-0.0736634;-0.0326581;-9.64481
-154.279;-22.4377;0.797561;-0.0790667;-0.048778;-10.6583
-145.454;-22.4377;0.834823;-0.09483;-0.0560636;-11.6821
-136.628;-22.4377;0.830083;-0.120815;-0.0583475;-12.6988
-127.803;-22.4377;0.807489;-0.137348;-0.0635448;-13.6519
-118.977;-22.4377;0.792222;-0.146167;-0.0707612;-14.565
-110.152;-22.4377;0.739512;-0.152363;-0.0781077;-15.4367
-101.326;-22.4377;0.675577;-0.15728;-0.0838525;-16.2814
-92.5009;-22.4377;0.636694;-0.158954;-0.0872038;-17.1085
-83.6754;-22.4377;0.629255;-0.156745;-0.0897634;-17.9256
-74.85;-22.4377;0.618903;-0.155846;-0.0947945;-18.7154
-66.0245;-22.4377;0.601886;-0.151864;-0.097992;-19.4621
-57.1991;-22.4377;0.571527;-0.143418;-0.0934743;-20.1745
-48.3736;-22.4377;0.605861;-0.127605;-0.0837805;-20.8766
-39.5482;-22.4377;0.717249;-0.100201;-0.0784715;-21.5597
-30.7227;-22.4377;0.84868;-0.064157;-0.0810638;-22.1673
-21.8972;-22.4377;0.898937;-0.025125;-0.0847765;-22.6557
-13.0718;-22.4377;0.698448;0.0298243;-0.0819031;-22.9133
-4.24634;-22.4377;0.41487;0.0964646;-0.0796437;-22.8519
4.57912;-22.4377;0.586892;0.183413;-0.113115;-23.0502
13.4046;-22.4377;0.951951;0.266819;-0.152936;-23.3442
22.23;-22.4377;1.0605;0.330812;-0.172523;-23.4184
31.0555;-22.4377;0.842742;0.376657;-0.173879;-23.0729
39.8809;-22.4377;0.713007;0.414633;-0.183038;-22.6008
48.7064;-22.4377;0.690433;0.448633;-0.18618;-22.1678
57.5318;-22.4377;0.681764;0.473699;-0.179446;-21.6653
66.3573;-22.4377;0.654514;0.490156;-0.164818;-21.0753
75.1828;-22.4377;0.607295;0.498602;-0.145748;-20.3954
84.0082;-22.4377;0.456377;0.510082;-0.125874;-19.5665
92.8337;-22.4377;0.244522;0.519228;-0.110126;-18.6359
101.659;-22.4377;0.19858;0.519905;-0.0970926;-17.8323
110.485;-22.4377;0.425991;0.516911;-0.0880851;-17.2368
119.31;-22.4377;0.853755;0.511042;-0.0833672;-16.7445
128.135;-22.4377;1.06488;0.505065;-0.0796107;-16.0642
136.961;-22.4377;0.951607;0.493023;-0.071266;-15.048
145.786;-22.4377;0.902311;0.47062;-0.0596757;-14.0243
154.612;-22.4377;1.0172;0.447099;-0.0484887;-13.1181
163.437;-22.4377;1.18887;0.421015;-0.036387;-12.2505
172.263;-22.4377;1.21673;0.39094;-0.0264278;-11.2401
181.088;-22.4377;1.12379;0.354744;-0.0157424;-10.0837
189.914;-22.4377;1.0137;0.314598;-0.00482779;-8.8854
198.739;-22.4377;0.979471;0.27348;0.00489744;-7.73691
207.565;-22.4377;1.08391;0.227074;0.0102418;-6.67983
216.39;-22.4377;1.21551;0.17088;0.01693;-5.60676
225.215;-22.4377;1.28015;0.120079;0.0264279;-4.47966
234.041;-22.4377;1.23663;0.0816673;0.0345053;-3.29537
242.866;-22.4377;1.16117;0.0577284;0.0401859;-2.09435
-233.708;-31.2631;0.976225;0.088803;0.0355094;-1.26632
-224.883;-31.2631;0.935487;0.0758658;0.033811;-2.28595
-216.057;-31.2631;0.883166;0.0549545;0.0333525;-3.31992
-207.232;-31.2631;0.870527;0.0166484;0.0315538;-4.40547
-198.406;-31.2631;0.933636;-0.0142352;0.0264152;-5.48867
-189.581;-31.2631;0.965484;-0.0347668;0.0180297;-6.54861
-180.755;-31.2631;0.969713;-0.0462227;0.00467571;-7.57436
-171.93;-31.2631;0.866385;-0.0514182;-0.0191818;-8.56928
-163.105;-31.2631;0.775988;-0.0553601;-0.0432493;-9.54523
-154.279;-31.2631;0.772905;-0.066459;-0.0561599;-10.5644
-145.454;-31.2631;0.818168;-0.084805;-0.0633926;-11.5877
-136.628;-31.2631;0.838813;-0.107492;-0.0710883;-12.6043
-127.803;-31.2631;0.838141;-0.123667;-0.0807723;-13.5836
-118.977;-31.2631;0.811703;-0.131911;-0.0888222;-14.4934
-110.152;-31.2631;0.734414;-0.138055;-0.0968249;-15.3466
-101.326;-31.2631;0.653594;-0.144989;-0.104922;-16.1742
-92.5009;-31.2631;0.618838;-0.14907;-0.111796;-16.9985
-83.6754;-31.2631;0.630641;-0.146815;-0.119304;-17.8134
-74.85;-31.2631;0.63091;-0.142657;-0.128439;-18.5847
-66.0245;-31.2631;0.591787;-0.139596;-0.134131;-19.2923
-57.1991;-31.2631;0.550376;-0.128238;-0.130935;-20.0263
-48.3736;-31.2631;0.582774;-0.0720899;-0.117919;-21.2864
-39.5482;-31.2631;0.701108;-0.0586679;-0.118391;-21.6307
-30.7227;-31.2631;0.832821;-0.0426224;-0.128016;-21.8816
-21.8972;-31.2631;0.862272;0.00508587;-0.137281;-22.3597
-13.0718;-31.2631;0.793594;0.0551958;-0.141929;-22.6498
-4.24634;-31.2631;0.695952;0.11394;-0.148717;-22.7754
4.57912;-31.2631;0.756414;0.182676;-0.167236;-22.952
13.4046;-31.2631;0.893639;0.250493;-0.184491;-23.0757
22.23;-31.2631;0.926418;0.309676;-0.192922;-23.0193
31.0555;-31.2631;0.764656;0.353578;-0.19398;-22.7046
39.8809;-31.2631;0.698891;0.388591;-0.198712;-22.311
48.7064;-31.2631;0.683316;0.423978;-0.199977;-21.8929
57.5318;-31.2631;0.644743;0.452947;-0.193957;-21.3727
66.3573;-31.2631;0.584812;0.470997;-0.181426;-20.7584
75.1828;-31.2631;0.534326;0.480522;-0.16488;-20.0926
84.0082;-31.2631;0.472089;0.494534;-0.147179;-19.3746
92.8337;-31.2631;0.388996;0.50806;-0.12891;-18.5888
101.659;-31.2631;0.461422;0.510689;-0.112837;-17.904
110.485;-31.2631;0.710067;0.508443;-0.102806;-17.3317
119.31;-31.2631;1.01956;0.503514;-0.0998391;-16.7451
128.135;-31.2631;1.10897;0.496303;-0.0970884;-15.9455
136.961;-31.2631;0.917069;0.483068;-0.0854715;-14.8557
145.786;-31.2631;0.856762;0.459609;-0.0709683;-13.8148
154.612;-31.2631;0.990883;0.43939;-0.0579422;-12.9295
163.437;-31.2631;1.18993;0.416105;-0.0450148;-12.0873
172.263;-31.2631;1.26699;0.384874;-0.0334073;-11.1233
181.088;-31.2631;1.22426;0.346168;-0.0217731;-10.0101
189.914;-31.2631;1.15959;0.303228;-0.0110183;-8.84947
198.739;-31.2631;1.1402;0.260023;-0.000636264;-7.71256
207.565;-31.2631;1.18078;0.213179;0.00730095;-6.60176
216.39;-31.2631;1.26145;0.156142;0.0169647;-5.4773
225.215;-31.2631;1.32227;0.105099;0.0273891;-4.3392
234.041;-31.2631;1.29562;0.0671922;0.0356873;-3.14404
242.866;-31.2631;1.23039;0.0500988;0.040597;-1.98247
-224.883;-40.0886;0.878485;0.0918705;0.0365437;-2.11953
-216.057;-40.0886;0.776793;0.0643195;0.0334528;-3.14753
-207.232;-40.0886;0.81234;0.0313365;0.0317044;-4.23529
-198.406;-40.0886;0.887623;-2.16048e-05;0.0283213;-5.34636
-189.581;-40.0886;0.894275;-0.0173846;0.0167469;-6.39221
-180.755;-40.0886;0.878861;-0.0231878;-0.00311172;-7.40478
-171.93;-40.0886;0.837144;-0.0261967;-0.0311715;-8.4067
-163.105;-40.0886;0.799244;-0.0351985;-0.0538313;-9.41869
-154.279;-40.0886;0.793392;-0.0517791;-0.0650832;-10.4289
-145.454;-40.0886;0.814337;-0.0733448;-0.0743475;-11.4333
-136.628;-40.0886;0.834103;-0.0952363;-0.0867577;-12.4347
-127.803;-40.0886;0.862177;-0.111521;-0.0978541;-13.4323
-118.977;-40.0886;0.843026;-0.121262;-0.105411;-14.3583
-110.152;-40.0886;0.764544;-0.131083;-0.113471;-15.2158
-101.326;-40.0886;0.674211;-0.141619;-0.123184;-16.0289
-92.5009;-40.0886;0.629524;-0.146123;-0.133102;-16.8314
-83.6754;-40.0886;0.638165;-0.140777;-0.14454;-17.6196
-74.85;-40.0886;0.635258;-0.133215;-0.155671;-18.3645
-66.0245;-40.0886;0.589351;-0.127233;-0.162598;-19.0611
-30.7227;-40.0886;0.777794;-0.0220886;-0.165848;-21.5264
-21.8972;-40.0886;0.745955;0.0226952;-0.171909;-21.948
-13.0718;-40.0886;0.735334;0.0673557;-0.175823;-22.2481
-4.24634;-40.0886;0.720812;0.121416;-0.184867;-22.4571
4.57912;-40.0886;0.731063;0.18035;-0.196949;-22.5693
13.4046;-40.0886;0.746188;0.23825;-0.20403;-22.5769
22.23;-40.0886;0.729607;0.290002;-0.204957;-22.4591
31.0555;-40.0886;0.660023;0.333115;-0.206932;-22.2038
39.8809;-40.0886;0.60733;0.369324;-0.210518;-21.8542
48.7064;-40.0886;0.571975;0.405668;-0.210064;-21.4337
57.5318;-40.0886;0.527565;0.436212;-0.203402;-20.9285
66.3573;-40.0886;0.483725;0.456769;-0.192211;-20.3563
75.1828;-40.0886;0.458638;0.469062;-0.178716;-19.742
84.0082;-40.0886;0.443012;0.482804;-0.162207;-19.0842
92.8337;-40.0886;0.437177;0.493429;-0.142795;-18.3745
101.659;-40.0886;0.527062;0.497832;-0.127036;-17.7175
110.485;-40.0886;0.688307;0.495867;-0.11751;-17.0723
119.31;-40.0886;0.838679;0.488373;-0.11351;-16.3522
128.135;-40.0886;0.865206;0.477613;-0.109087;-15.4804
136.961;-40.0886;0.756769;0.465237;-0.0957752;-14.4617
145.786;-40.0886;0.755945;0.444962;-0.0805302;-13.476
154.612;-40.0886;0.881961;0.426051;-0.0665614;-12.5862
163.437;-40.0886;1.04644;0.402595;-0.0535039;-11.7175
172.263;-40.0886;1.14595;0.370173;-0.0424982;-10.778
181.088;-40.0886;1.15042;0.331899;-0.031994;-9.71326
189.914;-40.0886;1.12767;0.290171;-0.0218707;-8.59805
198.739;-40.0886;1.11418;0.249113;-0.011162;-7.48003
207.565;-40.0886;1.10563;0.203368;-0.00141467;-6.3418
216.39;-40.0886;1.15201;0.151138;0.00836744;-5.20789
225.215;-40.0886;1.21308;0.103729;0.0182683;-4.08771
234.041;-40.0886;1.24488;0.0692473;0.0258499;-2.93382
242.866;-40.0886;1.24717;0.0447524;0.0332154;-1.75307
-224.883;-48.914;0.865922;0.115893;0.0364412;-1.93468
-216.057;-48.914;0.72898;0.080854;0.0309871;-2.96514
-207.232;-48.914;0.812433;0.0531499;0.0303123;-4.04663
-198.406;-48.914;0.880734;0.0230109;0.0278571;-5.16734
-189.581;-48.914;0.833176;0.00953078;0.0114497;-6.19658
-180.755;-48.914;0.791135;0.00860924;-0.0167119;-7.19778
-171.93;-48.914;0.824701;0.00355236;-0.0462721;-8.20868
-163.105;-48.914;0.841976;-0.0124932;-0.0653406;-9.24961
-154.279;-48.914;0.809374;-0.0349645;-0.0755159;-10.2317
-145.454;-48.914;0.767408;-0.0628705;-0.0860092;-11.2055
-136.628;-48.914;0.770203;-0.0878993;-0.0995768;-12.1882
-127.803;-48.914;0.826843;-0.101513;-0.108186;-13.1945
-118.977;-48.914;0.856381;-0.109387;-0.115013;-14.1271
-110.152;-48.914;0.794969;-0.121482;-0.125214;-14.9983
-101.326;-48.914;0.715187;-0.13266;-0.136419;-15.8084
-92.5009;-48.914;0.675647;-0.13564;-0.148025;-16.5911
-83.6754;-48.914;0.674414;-0.129284;-0.16241;-17.3581
-74.85;-48.914;0.658513;-0.122325;-0.174272;-18.0611
-66.0245;-48.914;0.61066;-0.113857;-0.18116;-18.756
-57.1991;-48.914;0.586636;-0.103174;-0.180703;-19.417
-30.7227;-48.914;0.659317;-0.00738444;-0.19489;-21.0652
-21.8972;-48.914;0.60846;0.0345679;-0.197057;-21.4513
-13.0718;-48.914;0.635532;0.0744197;-0.196385;-21.7566
-4.24634;-48.914;0.670246;0.122701;-0.20166;-21.9727
4.57912;-48.914;0.666519;0.176093;-0.211801;-22.0612
13.4046;-48.914;0.628165;0.227002;-0.217101;-22.0186
22.23;-48.914;0.577527;0.27177;-0.215727;-21.8617
31.0555;-48.914;0.530984;0.314252;-0.218034;-21.6255
39.8809;-48.914;0.466423;0.352715;-0.222274;-21.2751
48.7064;-48.914;0.407715;0.388532;-0.223999;-20.8459
57.5318;-48.914;0.373099;0.41829;-0.219763;-20.3678
66.3573;-48.914;0.344315;0.441651;-0.210606;-19.8354
75.1828;-48.914;0.307852;0.457504;-0.199632;-19.229
84.0082;-48.914;0.271367;0.471601;-0.185824;-18.5652
92.8337;-48.914;0.286973;0.477041;-0.16698;-17.882
101.659;-48.914;0.340222;0.478184;-0.150815;-17.1955
110.485;-48.914;0.408089;0.474435;-0.139971;-16.469
119.31;-48.914;0.471912;0.465062;-0.13229;-15.6781
128.135;-48.914;0.525427;0.452711;-0.123105;-14.8361
136.961;-48.914;0.58322;0.443003;-0.109231;-13.9766
145.786;-48.914;0.663903;0.428493;-0.092885;-13.0835
154.612;-48.914;0.762039;0.408828;-0.0760339;-12.1785
163.437;-48.914;0.858186;0.383311;-0.0609192;-11.2634
172.263;-48.914;0.927673;0.352068;-0.0501529;-10.3071
181.088;-48.914;0.938949;0.318165;-0.0408393;-9.26295
189.914;-48.914;0.926545;0.281168;-0.0318707;-8.17081
198.739;-48.914;0.914814;0.240861;-0.0215177;-7.06021
207.565;-48.914;0.91584;0.19476;-0.011199;-5.94168
216.39;-48.914;0.96787;0.146695;-0.00145639;-4.83639
225.215;-48.914;1.02862;0.108648;0.00504826;-3.75555
234.041;-48.914;1.06273;0.0705968;0.0101392;-2.61676
242.866;-48.914;1.04904;0.0314253;0.0208234;-1.42358
-224.883;-57.7395;0.947195;0.137557;0.0359621;-1.80734
-216.057;-57.7395;0.801921;0.0968645;0.0296931;-2.82067
-207.232;-57.7395;0.859252;0.0684764;0.0316532;-3.87225
-198.406;-57.7395;0.91912;0.0474931;0.0269588;-4.9661
-189.581;-57.7395;0.851179;0.0416909;0.00243364;-5.99688
-180.755;-57.7395;0.810646;0.0428508;-0.0299015;-6.99242
-171.93;-57.7395;0.836867;0.031017;-0.0557587;-7.99503
-163.105;-57.7395;0.841083;0.0101898;-0.0704066;-9.0134
-154.279;-57.7395;0.784737;-0.0133337;-0.0795994;-9.95086
-145.454;-57.7395;0.706254;-0.0429674;-0.0909951;-10.8876
-136.628;-57.7395;0.685104;-0.0703251;-0.105019;-11.8523
-127.803;-57.7395;0.778949;-0.0837148;-0.111925;-12.8562
-118.977;-57.7395;0.82595;-0.0913361;-0.119609;-13.7876
-110.152;-57.7395;0.772569;-0.105628;-0.13409;-14.6669
-101.326;-57.7395;0.709397;-0.115665;-0.148006;-15.4715
-92.5009;-57.7395;0.672548;-0.117153;-0.157903;-16.2358
-83.6754;-57.7395;0.653724;-0.113072;-0.169266;-16.9825
-74.85;-57.7395;0.632789;-0.109912;-0.184305;-17.6759
-30.7227;-57.7395;0.603584;-0.00267849;-0.224521;-20.5198
-21.8972;-57.7395;0.548689;0.04004;-0.225497;-20.8971
-13.0718;-57.7395;0.555777;0.0825944;-0.223653;-21.1883
-4.24634;-57.7395;0.584587;0.128294;-0.226649;-21.3864
4.57912;-57.7395;0.576389;0.17432;-0.233984;-21.4623
13.4046;-57.7395;0.524496;0.21736;-0.238024;-21.4085
22.23;-57.7395;0.460668;0.256805;-0.235892;-21.2427
31.0555;-57.7395;0.413791;0.297022;-0.236801;-20.9995
39.8809;-57.7395;0.354375;0.336862;-0.242054;-20.6493
48.7064;-57.7395;0.302228;0.371316;-0.246568;-20.2442
57.5318;-57.7395;0.283121;0.399823;-0.246745;-19.7995
66.3573;-57.7395;0.249495;0.424577;-0.241036;-19.2732
75.1828;-57.7395;0.17243;0.441288;-0.231452;-18.6237
84.0082;-57.7395;0.0866139;0.458768;-0.220286;-17.943
92.8337;-57.7395;0.0942326;0.464121;-0.204167;-17.2847
101.659;-57.7395;0.122364;0.463062;-0.188403;-16.5907
110.485;-57.7395;0.166296;0.457952;-0.175525;-15.8451
119.31;-57.7395;0.249459;0.449568;-0.163947;-15.076
128.135;-57.7395;0.410716;0.435687;-0.149236;-14.3358
136.961;-57.7395;0.575063;0.422817;-0.131023;-13.5782
145.786;-57.7395;0.696298;0.410032;-0.109034;-12.7516
154.612;-57.7395;0.780799;0.388056;-0.087337;-11.8529
163.437;-57.7395;0.846374;0.359882;-0.0689228;-10.9214
172.263;-57.7395;0.913719;0.32896;-0.0554702;-9.96639
181.088;-57.7395;0.944669;0.298139;-0.0442752;-8.94271
189.914;-57.7395;0.950389;0.264271;-0.0345491;-7.87369
198.739;-57.7395;0.956095;0.224477;-0.0226444;-6.78267
207.565;-57.7395;0.990324;0.179243;-0.011164;-5.69593
216.39;-57.7395;1.04892;0.135994;-0.00175494;-4.61711
225.215;-57.7395;1.0638;0.0989035;0.00423594;-3.51532
234.041;-57.7395;1.0427;0.0573045;0.00915058;-2.32273
242.866;-57.7395;1.01107;0.00678734;0.0203223;-1.08713
-216.057;-66.5649;0.901035;0.108414;0.0355377;-2.64696
-207.232;-66.5649;0.893053;0.0807078;0.0345623;-3.6595
-198.406;-66.5649;0.910619;0.0687494;0.0221008;-4.70114
-189.581;-66.5649;0.87609;0.0750677;-0.00722656;-5.69566
-180.755;-66.5649;0.833207;0.0699565;-0.0354654;-6.69238
-171.93;-66.5649;0.825691;0.0505521;-0.0553257;-7.69386
-163.105;-66.5649;0.825733;0.0266251;-0.0664105;-8.70193
-154.279;-66.5649;0.788037;0.00463365;-0.0759561;-9.64177
-145.454;-66.5649;0.714623;-0.0204399;-0.0894482;-10.5614
-136.628;-66.5649;0.661305;-0.0468353;-0.105001;-11.4898
-127.803;-66.5649;0.679361;-0.065297;-0.114852;-12.4604
-118.977;-66.5649;0.700673;-0.0726088;-0.126326;-13.3659
-110.152;-66.5649;0.670074;-0.0872485;-0.145561;-14.2345
-101.326;-66.5649;0.631413;-0.0970628;-0.162389;-15.0324
-92.5009;-66.5649;0.597172;-0.0985926;-0.172336;-15.7852
-83.6754;-66.5649;0.567575;-0.0961264;-0.183408;-16.5134
-74.85;-66.5649;0.548674;-0.0944055;-0.202183;-17.2025
-30.7227;-66.5649;0.596271;0.00412964;-0.265268;-19.9544
-21.8972;-66.5649;0.566362;0.046548;-0.270713;-20.3317
-13.0718;-66.5649;0.530771;0.091421;-0.273121;-20.5741
-4.24634;-66.5649;0.52114;0.13524;-0.275206;-20.7369
4.57912;-66.5649;0.51681;0.173538;-0.278193;-20.8016
13.4046;-66.5649;0.482112;0.208658;-0.277981;-20.756
22.23;-66.5649;0.432345;0.244549;-0.273212;-20.6176
31.0555;-66.5649;0.398952;0.282021;-0.26929;-20.3919
39.8809;-66.5649;0.373328;0.32023;-0.270169;-20.0777
48.7064;-66.5649;0.362578;0.35132;-0.272424;-19.7264
57.5318;-66.5649;0.366927;0.379055;-0.276364;-19.3212
66.3573;-66.5649;0.34401;0.406297;-0.27539;-18.8183
75.1828;-66.5649;0.278969;0.427022;-0.264527;-18.198
84.0082;-66.5649;0.210789;0.443495;-0.249754;-17.5575
92.8337;-66.5649;0.2275;0.450652;-0.234903;-16.9479
101.659;-66.5649;0.280477;0.450023;-0.219556;-16.293
110.485;-66.5649;0.371809;0.443016;-0.204814;-15.5809
119.31;-66.5649;0.516321;0.432785;-0.190857;-14.8559
128.135;-66.5649;0.726607;0.417727;-0.173349;-14.1647
136.961;-66.5649;0.960386;0.398905;-0.152518;-13.4636
145.786;-66.5649;1.07664;0.382178;-0.125456;-12.6479
154.612;-66.5649;1.10651;0.359939;-0.0997766;-11.7216
163.437;-66.5649;1.10497;0.333433;-0.0777621;-10.7391
172.263;-66.5649;1.12433;0.304264;-0.0595492;-9.74578
181.088;-66.5649;1.12225;0.274793;-0.0435541;-8.70543
189.914;-66.5649;1.10562;0.242073;-0.0316999;-7.62989
198.739;-66.5649;1.09572;0.204603;-0.0197305;-6.53726
207.565;-66.5649;1.11382;0.161889;-0.00883257;-5.4425
216.39;-66.5649;1.13487;0.121098;0.000399834;-4.34394
225.215;-66.5649;1.08043;0.0840475;0.00605442;-3.20253
234.041;-66.5649;1.0175;0.0418472;0.0109468;-1.98685
-216.057;-75.3904;0.949898;0.129391;0.0457654;-2.40236
-207.232;-75.3904;0.876867;0.102055;0.0378808;-3.36857
-198.406;-75.3904;0.812849;0.0922416;0.0129181;-4.3641
-189.581;-75.3904;0.730087;0.0906611;-0.0195773;-5.34682
-180.755;-75.3904;0.700644;0.0761539;-0.0445997;-6.3404
-171.93;-75.3904;0.710295;0.0519265;-0.0613153;-7.33682
-163.105;-75.3904;0.733936;0.0284383;-0.0724773;-8.33696
-154.279;-75.3904;0.740455;0.0105319;-0.0821819;-9.28684
-145.454;-75.3904;0.707293;-0.00945159;-0.0951083;-10.203
-136.628;-75.3904;0.64791;-0.0342248;-0.111119;-11.0953
-127.803;-75.3904;0.613894;-0.0533485;-0.126024;-12.0119
-118.977;-75.3904;0.599771;-0.0601693;-0.141744;-12.8844
-110.152;-75.3904;0.579354;-0.0712532;-0.163894;-13.7339
-101.326;-75.3904;0.560919;-0.0784392;-0.183791;-14.5257
-92.5009;-75.3904;0.534831;-0.0802249;-0.196448;-15.2725
-83.6754;-75.3904;0.50691;-0.0791907;-0.209759;-15.991
-74.85;-75.3904;0.498172;-0.0763406;-0.230171;-16.6721
-66.0245;-75.3904;0.519005;-0.0629021;-0.249203;-17.3191
-57.1991;-75.3904;0.525238;-0.0477031;-0.268384;-17.8909
-48.3736;-75.3904;0.526994;0.0513526;-0.329296;-19.6852
-39.5482;-75.3904;0.562585;-0.0109698;-0.298858;-18.9019
-30.7227;-75.3904;0.611536;0.0158586;-0.308759;-19.346
-21.8972;-75.3904;0.626673;0.0522269;-0.319712;-19.7053
-13.0718;-75.3904;0.581642;0.0972009;-0.328002;-19.9455
-4.24634;-75.3904;0.551274;0.138978;-0.327635;-20.0876
4.57912;-75.3904;0.560122;0.175042;-0.326694;-20.1613
13.4046;-75.3904;0.569317;0.208858;-0.324604;-20.163
22.23;-75.3904;0.565344;0.241616;-0.321134;-20.0756
31.0555;-75.3904;0.562363;0.272215;-0.312031;-19.8911
39.8809;-75.3904;0.583095;0.300363;-0.29903;-19.6276
48.7064;-75.3904;0.617587;0.326076;-0.292682;-19.3238
57.5318;-75.3904;0.681257;0.353325;-0.300684;-18.9801
66.3573;-75.3904;0.772195;0.380961;-0.306617;-18.5828
75.1828;-75.3904;0.855197;0.402878;-0.295176;-18.105
84.0082;-75.3904;0.882269;0.41761;-0.277385;-17.5524
92.8337;-75.3904;0.80553;0.429695;-0.262762;-16.9153
101.659;-75.3904;0.891397;0.425918;-0.246563;-16.2863
110.485;-75.3904;1.05314;0.417059;-0.227514;-15.6424
119.31;-75.3904;1.19518;0.407484;-0.20824;-14.9353
128.135;-75.3904;1.27686;0.396053;-0.188294;-14.1511
136.961;-75.3904;1.43191;0.376077;-0.164091;-13.3954
145.786;-75.3904;1.48144;0.355512;-0.134761;-12.5231
154.612;-75.3904;1.45642;0.33122;-0.10617;-11.5519
163.437;-75.3904;1.40393;0.303953;-0.0800412;-10.5238
172.263;-75.3904;1.36801;0.275255;-0.0567739;-9.47805
181.088;-75.3904;1.31483;0.247436;-0.036564;-8.40451
189.914;-75.3904;1.25233;0.216251;-0.0227217;-7.30722
198.739;-75.3904;1.20367;0.182244;-0.0124059;-6.20373
207.565;-75.3904;1.18355;0.143048;-0.00373813;-5.09295
216.39;-75.3904;1.15478;0.103146;0.00537278;-3.95844
225.215;-75.3904;1.06345;0.0653239;0.0126111;-2.79446
234.041;-75.3904;1.0136;0.0293124;0.016399;-1.63237
-216.057;-84.2158;1.00369;0.147925;0.0552342;-2.08232
-207.232;-84.2158;0.839883;0.126364;0.0415229;-3.01309
-198.406;-84.2158;0.730979;0.111209;0.00838075;-3.98788
-189.581;-84.2158;0.652312;0.0992447;-0.0237114;-4.96227
-180.755;-84.2158;0.627619;0.0772013;-0.0489158;-5.9527
-171.93;-84.2158;0.645645;0.0515357;-0.0664583;-6.94206
-163.105;-84.2158;0.664561;0.0283203;-0.0808055;-7.92676
-154.279;-84.2158;0.67174;0.0104454;-0.0939135;-8.87283
-145.454;-84.2158;0.662174;-0.00736762;-0.108205;-9.78285
-136.628;-84.2158;0.634759;-0.0277747;-0.124119;-10.6618
-127.803;-84.2158;0.604648;-0.0436715;-0.142783;-11.5444
-118.977;-84.2158;0.583642;-0.0509523;-0.163494;-12.3995
-110.152;-84.2158;0.581277;-0.0589275;-0.187898;-13.2352
-101.326;-84.2158;0.575613;-0.0637723;-0.211583;-14.028
-92.5009;-84.2158;0.556528;-0.0657674;-0.228818;-14.7703
-83.6754;-84.2158;0.536586;-0.064575;-0.243671;-15.472
-74.85;-84.2158;0.539308;-0.0577448;-0.261479;-16.1347
-66.0245;-84.2158;0.568919;-0.0412599;-0.278041;-16.7533
-57.1991;-84.2158;0.580059;-0.0252277;-0.297968;-17.3264
-48.3736;-84.2158;0.558376;-0.00909492;-0.315531;-17.8322
-39.5482;-84.2158;0.583577;0.0079222;-0.327408;-18.2847
-30.7227;-84.2158;0.64618;0.0297105;-0.33714;-18.6948
-21.8972;-84.2158;0.695398;0.0593669;-0.348573;-19.0411
-13.0718;-84.2158;0.701561;0.0970008;-0.356335;-19.2937
-4.24634;-84.2158;0.708334;0.135864;-0.353557;-19.452
4.57912;-84.2158;0.70673;0.173335;-0.347562;-19.5276
13.4046;-84.2158;0.71595;0.206068;-0.344785;-19.5447
22.23;-84.2158;0.724198;0.235417;-0.344377;-19.4915
31.0555;-84.2158;0.732775;0.260336;-0.336601;-19.3411
39.8809;-84.2158;0.778332;0.283943;-0.320265;-19.1279
48.7064;-84.2158;0.902044;0.306756;-0.315306;-18.8991
57.5318;-84.2158;0.990934;0.343778;-0.33167;-18.6082
66.3573;-84.2158;1.12534;0.37874;-0.343219;-18.2898
75.1828;-84.2158;1.28482;0.401106;-0.331732;-17.9097
84.0082;-84.2158;1.37189;0.409764;-0.313366;-17.4026
92.8337;-84.2158;1.29131;0.414439;-0.298172;-16.737
101.659;-84.2158;1.36088;0.405993;-0.277083;-16.0909
110.485;-84.2158;1.49989;0.39695;-0.248737;-15.4583
119.31;-84.2158;1.61961;0.38348;-0.219111;-14.7475
128.135;-84.2158;1.67066;0.369907;-0.190443;-13.9428
136.961;-84.2158;1.74476;0.348685;-0.162386;-13.1146
145.786;-84.2158;1.71012;0.327643;-0.134114;-12.1762
154.612;-84.2158;1.62591;0.303216;-0.104009;-11.1606
163.437;-84.2158;1.54478;0.274755;-0.0728162;-10.1086
172.263;-84.2158;1.49882;0.24453;-0.0449115;-9.05305
181.088;-84.2158;1.42098;0.217922;-0.0227781;-7.97006
189.914;-84.2158;1.32074;0.18801;-0.00857088;-6.85868
198.739;-84.2158;1.23096;0.157051;0.00101314;-5.74465
207.565;-84.2158;1.17296;0.122407;0.00778292;-4.62719
216.39;-84.2158;1.11585;0.0850721;0.0158506;-3.48251
225.215;-84.2158;1.06681;0.0526933;0.0207773;-2.35181
234.041;-84.2158;1.06963;0.0229026;0.0225472;-1.28696
-216.057;-93.0413;1.06898;0.163541;0.0622533;-1.68446
-207.232;-93.0413;0.822273;0.138602;0.0425918;-2.6616
-198.406;-93.0413;0.71577;0.124272;0.0110617;-3.61986
-189.581;-93.0413;0.69599;0.105386;-0.0196146;-4.59177
-180.755;-93.0413;0.677793;0.0794056;-0.0473376;-5.57734
-171.93;-93.0413;0.682748;0.0557062;-0.0666625;-6.5412
-163.105;-93.0413;0.664455;0.0310069;-0.0847819;-7.49016
-154.279;-93.0413;0.638485;0.00909712;-0.102566;-8.41623
-145.454;-93.0413;0.629637;-0.00800345;-0.119031;-9.31749
-136.628;-93.0413;0.634518;-0.0210724;-0.134313;-10.1927
-127.803;-93.0413;0.623049;-0.0314506;-0.15453;-11.0422
-118.977;-93.0413;0.608085;-0.0407916;-0.178914;-11.8811
-110.152;-93.0413;0.637475;-0.0496795;-0.20291;-12.7109
-101.326;-93.0413;0.641485;-0.0555224;-0.225732;-13.4976
-92.5009;-93.0413;0.632455;-0.0583369;-0.246494;-14.2364
-83.6754;-93.0413;0.625642;-0.0548792;-0.264376;-14.9233
-74.85;-93.0413;0.632514;-0.0433304;-0.279855;-15.5587
-66.0245;-93.0413;0.663024;-0.0275928;-0.291801;-16.1642
-57.1991;-93.0413;0.686;-0.013115;-0.304301;-16.7336
-48.3736;-93.0413;0.667616;0.000509502;-0.318887;-17.2192
-39.5482;-93.0413;0.666866;0.0147503;-0.331011;-17.63
-30.7227;-93.0413;0.695865;0.0350254;-0.340438;-17.9922
-21.8972;-93.0413;0.735631;0.0642852;-0.348948;-18.3108
-13.0718;-93.0413;0.762469;0.099923;-0.35478;-18.5672
-4.24634;-93.0413;0.767958;0.135255;-0.354095;-18.7394
4.57912;-93.0413;0.762732;0.171618;-0.347712;-18.8079
13.4046;-93.0413;0.760134;0.201982;-0.344278;-18.8183
22.23;-93.0413;0.748373;0.228817;-0.346318;-18.7578
31.0555;-93.0413;0.728533;0.253577;-0.349317;-18.5906
39.8809;-93.0413;0.739641;0.284735;-0.352397;-18.3715
48.7064;-93.0413;0.890683;0.316287;-0.367323;-18.1718
57.5318;-93.0413;0.996304;0.355499;-0.386148;-17.9288
66.3573;-93.0413;1.13263;0.38196;-0.385492;-17.6244
75.1828;-93.0413;1.27785;0.399434;-0.365454;-17.2722
84.0082;-93.0413;1.35688;0.398951;-0.342337;-16.7607
92.8337;-93.0413;1.33524;0.396614;-0.322995;-16.116
101.659;-93.0413;1.42751;0.386757;-0.295676;-15.4941
110.485;-93.0413;1.55669;0.375878;-0.258391;-14.8694
119.31;-93.0413;1.67253;0.358095;-0.219752;-14.1671
128.135;-93.0413;1.74201;0.34049;-0.18353;-13.3831
136.961;-93.0413;1.75577;0.319743;-0.152505;-12.503
145.786;-93.0413;1.63365;0.300678;-0.127632;-11.5022
154.612;-93.0413;1.51677;0.276632;-0.100361;-10.4723
163.437;-93.0413;1.45666;0.24784;-0.0661646;-9.45216
172.263;-93.0413;1.45402;0.216075;-0.0329306;-8.4469
181.088;-93.0413;1.3907;0.190721;-0.0106001;-7.39448
189.914;-93.0413;1.2852;0.162939;0.00331699;-6.29891
198.739;-93.0413;1.18196;0.13257;0.0141685;-5.18749
207.565;-93.0413;1.11214;0.101276;0.0216386;-4.08145
216.39;-93.0413;1.07185;0.0670497;0.0281374;-2.97719
225.215;-93.0413;1.09849;0.0382062;0.0308358;-1.92285
-207.232;-101.867;0.801129;0.159546;0.0464179;-2.19605
-198.406;-101.867;0.719498;0.13926;0.0159392;-3.19473
-189.581;-101.867;0.795724;0.111069;-0.0136952;-4.22412
-180.755;-101.867;0.806797;0.0838968;-0.0401843;-5.21451
-171.93;-101.867;0.76851;0.0615203;-0.0612425;-6.13729
-163.105;-101.867;0.715157;0.0346719;-0.0820945;-7.03821
-154.279;-101.867;0.671558;0.0092084;-0.10271;-7.93604
-145.454;-101.867;0.658744;-0.00681206;-0.120318;-8.82739
-136.628;-101.867;0.66153;-0.0129696;-0.135142;-9.69153
-127.803;-101.867;0.63583;-0.017948;-0.155272;-10.5055
-118.977;-101.867;0.591784;-0.0302573;-0.181017;-11.32
-110.152;-101.867;0.618626;-0.0420591;-0.205094;-12.135
-101.326;-101.867;0.61724;-0.0483327;-0.227425;-12.909
-92.5009;-101.867;0.625988;-0.0492474;-0.249392;-13.6353
-83.6754;-101.867;0.646526;-0.043851;-0.269688;-14.3009
-74.85;-101.867;0.658601;-0.0339749;-0.287452;-14.9086
-66.0245;-101.867;0.663292;-0.0238998;-0.301376;-15.4985
-57.1991;-101.867;0.698171;-0.0101002;-0.307731;-16.0496
-48.3736;-101.867;0.694516;0.00842929;-0.314879;-16.5185
-39.5482;-101.867;0.672321;0.0262923;-0.325724;-16.9107
-30.7227;-101.867;0.680509;0.0454452;-0.334609;-17.2396
-21.8972;-101.867;0.715815;0.0713078;-0.339497;-17.5305
-13.0718;-101.867;0.735679;0.104198;-0.344685;-17.7727
-4.24634;-101.867;0.737525;0.136798;-0.347399;-17.9467
4.57912;-101.867;0.733461;0.171932;-0.343386;-18.0145
13.4046;-101.867;0.719036;0.198854;-0.338933;-18.0211
22.23;-101.867;0.701392;0.224288;-0.342833;-17.96
31.0555;-101.867;0.686975;0.250263;-0.354241;-17.7937
39.8809;-101.867;0.69896;0.284314;-0.373042;-17.581
48.7064;-101.867;0.849981;0.319456;-0.397955;-17.38
57.5318;-101.867;0.941055;0.353138;-0.410132;-17.1265
66.3573;-101.867;1.03531;0.368374;-0.39898;-16.7776
75.1828;-101.867;1.12252;0.371168;-0.371565;-16.3463
84.0082;-101.867;1.16771;0.368771;-0.344829;-15.8258
92.8337;-101.867;1.18473;0.368538;-0.322145;-15.2384
101.659;-101.867;1.29912;0.361486;-0.2917;-14.6586
110.485;-101.867;1.40041;0.351376;-0.252752;-14.0262
119.31;-101.867;1.47468;0.333545;-0.213723;-13.3081
128.135;-101.867;1.50746;0.31424;-0.178308;-12.5086
136.961;-101.867;1.45027;0.292369;-0.149063;-11.5759
145.786;-101.867;1.2685;0.274809;-0.123531;-10.5366
154.612;-101.867;1.18974;0.25188;-0.0945442;-9.567
163.437;-101.867;1.222;0.223255;-0.0582683;-8.65792
172.263;-101.867;1.27142;0.189178;-0.0228636;-7.71592
181.088;-101.867;1.22096;0.163431;0.00164614;-6.68973
189.914;-101.867;1.12545;0.139108;0.011185;-5.61903
198.739;-101.867;1.04848;0.112878;0.0208619;-4.54511
207.565;-101.867;1.02286;0.082971;0.0295744;-3.48525
216.39;-101.867;1.02018;0.0529648;0.03662;-2.43102
225.215;-101.867;1.08945;0.0253629;0.0398487;-1.42813
-198.406;-110.692;0.717187;0.141228;0.0196784;-2.73896
-189.581;-110.692;0.844136;0.11533;-0.0066277;-3.79357
-180.755;-110.692;0.894843;0.0909014;-0.0276225;-4.76593
-171.93;-110.692;0.803297;0.0638742;-0.0521786;-5.673
-163.105;-110.692;0.760428;0.0356875;-0.0754931;-6.55724
-154.279;-110.692;0.738951;0.0104539;-0.0969902;-7.43904
-145.454;-110.692;0.726123;-0.00448874;-0.115107;-8.31401
-136.628;-110.692;0.708907;-0.00773458;-0.130058;-9.15361
-127.803;-110.692;0.659952;-0.00865439;-0.147571;-9.93272
-118.977;-110.692;0.586507;-0.0211514;-0.17284;-10.7104
-110.152;-110.692;0.568927;-0.0348934;-0.200587;-11.4978
-101.326;-110.692;0.565672;-0.0397154;-0.226715;-12.254
-92.5009;-110.692;0.59886;-0.0373506;-0.249006;-12.9644
-83.6754;-110.692;0.618248;-0.0311973;-0.271771;-13.6115
-74.85;-110.692;0.594603;-0.0257667;-0.296154;-14.187
-66.0245;-110.692;0.572452;-0.0212044;-0.314886;-14.7579
-57.1991;-110.692;0.612062;-0.00854176;-0.320551;-15.2947
-48.3736;-110.692;0.642979;0.0139107;-0.320264;-15.7495
-39.5482;-110.692;0.615599;0.0358785;-0.325202;-16.1248
-30.7227;-110.692;0.595595;0.0566357;-0.32879;-16.4303
-21.8972;-110.692;0.60992;0.0803071;-0.332242;-16.6969
-13.0718;-110.692;0.631383;0.108387;-0.336125;-16.9291
-4.24634;-110.692;0.647129;0.13768;-0.339746;-17.1154
4.57912;-110.692;0.670263;0.171479;-0.337555;-17.2042
13.4046;-110.692;0.687747;0.196681;-0.333395;-17.2186
22.23;-110.692;0.687154;0.221905;-0.340891;-17.1603
31.0555;-110.692;0.684515;0.247323;-0.357058;-17.0021
39.8809;-110.692;0.718362;0.276269;-0.378254;-16.8017
48.7064;-110.692;0.866139;0.305251;-0.396111;-16.6063
57.5318;-110.692;0.95415;0.332325;-0.398735;-16.3454
66.3573;-110.692;1.0145;0.342976;-0.383227;-15.9643
75.1828;-110.692;1.07245;0.34726;-0.358367;-15.52
84.0082;-110.692;1.1305;0.348624;-0.332174;-15.02
92.8337;-110.692;1.17614;0.34777;-0.30572;-14.4724
101.659;-110.692;1.28193;0.33891;-0.274028;-13.891
110.485;-110.692;1.28165;0.326121;-0.241577;-13.1667
119.31;-110.692;1.21841;0.307565;-0.209618;-12.3445
128.135;-110.692;1.1305;0.289126;-0.17983;-11.4755
136.961;-110.692;0.969723;0.268747;-0.152404;-10.4983
145.786;-110.692;0.885389;0.245461;-0.121864;-9.54764
154.612;-110.692;0.955792;0.220374;-0.0850931;-8.71365
163.437;-110.692;1.07925;0.192532;-0.0428704;-7.90377
172.263;-110.692;1.11322;0.156264;-0.00804304;-6.97059
181.088;-110.692;0.98789;0.133451;0.0157647;-5.89707
189.914;-110.692;0.929164;0.113497;0.0234348;-4.8773
198.739;-110.692;0.941269;0.0936853;0.0275564;-3.90447
207.565;-110.692;1.03098;0.0653131;0.0372773;-2.9476
216.39;-110.692;1.07682;0.038137;0.0492297;-1.95206
-198.406;-119.518;0.69361;0.131782;0.0253816;-2.25247
-189.581;-119.518;0.779288;0.114173;0.00317272;-3.2535
-180.755;-119.518;0.824378;0.0873706;-0.019131;-4.24636
-171.93;-119.518;0.736386;0.0558915;-0.0452272;-5.14554
-163.105;-119.518;0.750426;0.0311559;-0.0683026;-6.01591
-154.279;-119.518;0.751468;0.00830439;-0.0912054;-6.88247
-145.454;-119.518;0.723138;-0.00685585;-0.110465;-7.72328
-136.628;-119.518;0.68858;-0.00925725;-0.124437;-8.5415
-127.803;-119.518;0.638272;-0.0032262;-0.136986;-9.29277
-118.977;-119.518;0.54486;-0.0107786;-0.163383;-10.0419
-110.152;-119.518;0.516205;-0.0226671;-0.19423;-10.8012
-101.326;-119.518;0.509938;-0.0300038;-0.225384;-11.5387
-92.5009;-119.518;0.55022;-0.0302231;-0.251929;-12.2376
-83.6754;-119.518;0.573084;-0.0261911;-0.277575;-12.8765
-74.85;-119.518;0.540095;-0.0234426;-0.303133;-13.4323
-66.0245;-119.518;0.497881;-0.0209425;-0.324016;-13.9812
-57.1991;-119.518;0.52905;-0.00979314;-0.3322;-14.5029
-48.3736;-119.518;0.575267;0.00913313;-0.329782;-14.9625
-39.5482;-119.518;0.55288;0.0312661;-0.327082;-15.3324
-30.7227;-119.518;0.502424;0.0544493;-0.324182;-15.5937
-21.8972;-119.518;0.468614;0.079707;-0.322371;-15.8112
-13.0718;-119.518;0.475131;0.107269;-0.321148;-16.031
-4.24634;-119.518;0.534917;0.136011;-0.322311;-16.2415
4.57912;-119.518;0.615554;0.168291;-0.324077;-16.3691
13.4046;-119.518;0.703844;0.195499;-0.325164;-16.4236
22.23;-119.518;0.747258;0.220412;-0.337681;-16.3688
31.0555;-119.518;0.738872;0.243049;-0.355626;-16.2021
39.8809;-119.518;0.740709;0.263437;-0.370378;-15.9774
48.7064;-119.518;0.858167;0.281408;-0.37506;-15.7694
57.5318;-119.518;0.96693;0.299606;-0.370178;-15.5036
66.3573;-119.518;1.02056;0.309925;-0.356679;-15.1164
75.1828;-119.518;1.05405;0.316045;-0.337667;-14.6607
84.0082;-119.518;1.09641;0.31731;-0.314432;-14.1557
92.8337;-119.518;1.13072;0.31458;-0.289601;-13.6008
101.659;-119.518;1.14416;0.308447;-0.262976;-12.9638
110.485;-119.518;1.05128;0.296877;-0.229578;-12.1652
119.31;-119.518;0.903172;0.276618;-0.198919;-11.282
128.135;-119.518;0.771097;0.257874;-0.173918;-10.4245
136.961;-119.518;0.698075;0.236589;-0.145921;-9.57899
145.786;-119.518;0.77285;0.212103;-0.108907;-8.78164
154.612;-119.518;0.997873;0.183397;-0.0646197;-8.05197
163.437;-119.518;1.09766;0.152611;-0.0225933;-7.19498
172.263;-119.518;0.914538;0.121275;0.00692887;-6.10837
181.088;-119.518;0.705507;0.101876;0.0273544;-4.9947
189.914;-119.518;0.799728;0.0816418;0.0396906;-4.13584
198.739;-119.518;0.999974;0.0618664;0.054549;-3.3519
207.565;-119.518;1.19553;0.0393261;0.06223;-2.51245
216.39;-119.518;1.24719;0.0192353;0.0658829;-1.54994
-189.581;-128.343;0.689181;0.102911;0.0103643;-2.6936
-180.755;-128.343;0.734131;0.0763602;-0.0119873;-3.63398
-171.93;-128.343;0.66734;0.0378228;-0.0423795;-4.56038
-163.105;-128.343;0.690283;0.0166757;-0.0642128;-5.42255
-154.279;-128.343;0.669882;-0.0027719;-0.0890897;-6.25978
-145.454;-128.343;0.603658;-0.0159727;-0.108907;-7.03834
-136.628;-128.343;0.558386;-0.0172763;-0.122456;-7.83592
-127.803;-128.343;0.547746;-0.00547782;-0.132599;-8.58976
-118.977;-128.343;0.486882;-0.00233463;-0.157813;-9.33303
-110.152;-128.343;0.466409;-0.0106949;-0.190049;-10.0629
-101.326;-128.343;0.435498;-0.0207454;-0.221057;-10.7578
-92.5009;-128.343;0.456961;-0.0261757;-0.253032;-11.4342
-83.6754;-128.343;0.496578;-0.025555;-0.28361;-12.0825
-74.85;-128.343;0.49563;-0.0227729;-0.306882;-12.653
-66.0245;-128.343;0.450959;-0.0193241;-0.326391;-13.1718
-57.1991;-128.343;0.447103;-0.00997881;-0.337592;-13.6718
-48.3736;-128.343;0.50561;-0.000285851;-0.336223;-14.1425
-39.5482;-128.343;0.457186;0.0180356;-0.330972;-14.489
-30.7227;-128.343;0.314453;0.0446146;-0.325972;-14.6542
-21.8972;-128.343;0.205968;0.0739409;-0.319602;-14.7894
-13.0718;-128.343;0.227599;0.102257;-0.308138;-14.9997
-4.24634;-128.343;0.371277;0.133525;-0.298306;-15.2677
4.57912;-128.343;0.535215;0.166861;-0.30376;-15.4672
13.4046;-128.343;0.694451;0.192104;-0.311957;-15.5488
22.23;-128.343;0.804948;0.217345;-0.328251;-15.5242
31.0555;-128.343;0.797287;0.236352;-0.343793;-15.341
39.8809;-128.343;0.693872;0.249458;-0.35215;-15.0541
48.7064;-128.343;0.734071;0.262349;-0.350068;-14.795
57.5318;-128.343;0.816727;0.27441;-0.341019;-14.5044
66.3573;-128.343;0.858962;0.28311;-0.328897;-14.114
75.1828;-128.343;0.858601;0.287214;-0.313581;-13.6318
84.0082;-128.343;0.831581;0.287259;-0.296036;-13.0781
92.8337;-128.343;0.787723;0.285125;-0.277708;-12.4673
101.659;-128.343;0.784922;0.276589;-0.254299;-11.8218
110.485;-128.343;0.776624;0.260095;-0.217577;-11.083
119.31;-128.343;0.726223;0.242866;-0.183007;-10.3182
128.135;-128.343;0.668334;0.226607;-0.154533;-9.5732
136.961;-128.343;0.696418;0.207954;-0.124698;-8.85469
145.786;-128.343;0.881081;0.18348;-0.0857357;-8.16109
154.612;-128.343;0.966459;0.159431;-0.0411031;-7.32181
163.437;-128.343;0.8383;0.122333;-0.0107422;-6.24724
172.263;-128.343;0.528651;0.0920043;0.0138758;-5.06985
181.088;-128.343;0.450594;0.0696648;0.0351199;-4.084
189.914;-128.343;0.867538;0.0424401;0.0563649;-3.50566
198.739;-128.343;1.31064;0.0226996;0.0784318;-2.92372
207.565;-128.343;1.53346;0.0059307;0.08195;-2.15648
-189.581;-137.169;0.548652;0.0789928;0.0153744;-2.07543
-180.755;-137.169;0.621879;0.0576412;-0.00804121;-2.98398
-171.93;-137.169;0.606316;0.0271979;-0.0348894;-3.88468
-163.105;-137.169;0.608188;0.0078198;-0.0591204;-4.75638
-154.279;-137.169;0.528809;-0.0103562;-0.0878169;-5.56194
-145.454;-137.169;0.423226;-0.0242696;-0.109773;-6.29442
-136.628;-137.169;0.391388;-0.0283447;-0.125494;-7.08989
-127.803;-137.169;0.438789;-0.0159312;-0.136322;-7.86615
-118.977;-137.169;0.437491;-0.00381473;-0.160035;-8.61207
-110.152;-137.169;0.410581;-0.00667278;-0.189954;-9.30732
-101.326;-137.169;0.348234;-0.0158728;-0.219432;-9.95743
-92.5009;-137.169;0.344077;-0.0243567;-0.252753;-10.6105
-83.6754;-137.169;0.417965;-0.0261784;-0.28302;-11.2687
-74.85;-137.169;0.467479;-0.0224576;-0.303722;-11.8444
-66.0245;-137.169;0.410117;-0.0170201;-0.322539;-12.3217
-57.1991;-137.169;0.336509;-0.00902851;-0.337866;-12.7872
-48.3736;-137.169;0.397446;-0.00835573;-0.339354;-13.2395
-39.5482;-137.169;0.253969;0.00841003;-0.339893;-13.4832
-30.7227;-137.169;-0.118194;0.0376371;-0.341046;-13.4382
-21.8972;-137.169;-0.367691;0.0678177;-0.335507;-13.4198
-13.0718;-137.169;-0.260274;0.0947155;-0.314694;-13.6542
-4.24634;-137.169;0.0275552;0.132414;-0.287728;-14.0907
4.57912;-137.169;0.290734;0.165078;-0.284847;-14.3615
13.4046;-137.169;0.482458;0.183706;-0.299584;-14.4538
22.23;-137.169;0.60229;0.201567;-0.319266;-14.4306
31.0555;-137.169;0.641833;0.21812;-0.331816;-14.2919
39.8809;-137.169;0.613834;0.231403;-0.334326;-14.057
48.7064;-137.169;0.595435;0.242011;-0.331936;-13.767
57.5318;-137.169;0.634174;0.250252;-0.3251;-13.4447
66.3573;-137.169;0.665731;0.255484;-0.311724;-13.0412
75.1828;-137.169;0.651492;0.257423;-0.29516;-12.5422
84.0082;-137.169;0.589393;0.256912;-0.279286;-11.9644
92.8337;-137.169;0.512464;0.255062;-0.264339;-11.3431
101.659;-137.169;0.520791;0.24664;-0.241838;-10.7349
110.485;-137.169;0.617544;0.230849;-0.204062;-10.1188
119.31;-137.169;0.695299;0.215381;-0.166678;-9.48495
128.135;-137.169;0.731118;0.200764;-0.133454;-8.82816
136.961;-137.169;0.790601;0.181787;-0.101849;-8.13856
145.786;-137.169;0.902283;0.152956;-0.0719717;-7.37587
154.612;-137.169;0.754913;0.125427;-0.0425667;-6.35906
163.437;-137.169;0.436486;0.0922344;-0.0151464;-5.16978
172.263;-137.169;0.183501;0.0674433;0.0165642;-4.07292
181.088;-137.169;0.438271;0.0382223;0.0442497;-3.36432
189.914;-137.169;1.21864;8.8655e-05;0.0704457;-3.06752
198.739;-137.169;1.76927;-0.0221176;0.08985;-2.55943
-189.581;-145.994;0.425255;0.0570541;0.0222737;-1.42746
-180.755;-145.994;0.497157;0.0447093;-0.00126244;-2.30893
-171.93;-145.994;0.505096;0.0227025;-0.0263914;-3.18295
-163.105;-145.994;0.498346;0.00733885;-0.049299;-4.03014
-154.279;-145.994;0.416782;-0.00635394;-0.0776344;-4.80766
-145.454;-145.994;0.31188;-0.0231512;-0.10354;-5.53385
-136.628;-145.994;0.291403;-0.0348963;-0.126298;-6.34152
-127.803;-145.994;0.362884;-0.0280232;-0.141383;-7.13453
-118.977;-145.994;0.395569;-0.0137136;-0.161756;-7.86956
-110.152;-145.994;0.35761;-0.0108318;-0.185557;-8.5324
-101.326;-145.994;0.265464;-0.0160193;-0.214244;-9.14451
-92.5009;-145.994;0.246047;-0.0238287;-0.246653;-9.76738
-83.6754;-145.994;0.362787;-0.0263128;-0.272712;-10.423
-74.85;-145.994;0.453609;-0.0222076;-0.290782;-11.0076
-66.0245;-145.994;0.362841;-0.016577;-0.3126;-11.4496
-57.1991;-145.994;0.202349;-0.0115072;-0.336519;-11.8467
-48.3736;-145.994;0.215507;-0.0165172;-0.345621;-12.2252
-39.5482;-145.994;-0.0693605;0.00916838;-0.355734;-12.3115
-30.7227;-145.994;-0.779709;0.0408149;-0.367701;-12.0526
-21.8972;-145.994;-1.37436;0.0740104;-0.369692;-11.9155
-13.0718;-145.994;-1.3352;0.104455;-0.349777;-12.1387
-4.24634;-145.994;-0.674579;0.129563;-0.313302;-12.6439
4.57912;-145.994;-0.142574;0.156567;-0.296333;-13.0782
13.4046;-145.994;0.0949076;0.17018;-0.309036;-13.224
22.23;-145.994;0.241282;0.181666;-0.321992;-13.2161
31.0555;-145.994;0.365833;0.19408;-0.325682;-13.1255
39.8809;-145.994;0.456421;0.207683;-0.322586;-12.969
48.7064;-145.994;0.486509;0.220507;-0.317521;-12.7153
57.5318;-145.994;0.517199;0.227971;-0.313552;-12.3957
66.3573;-145.994;0.546757;0.230809;-0.299308;-11.9945
75.1828;-145.994;0.546311;0.23047;-0.279274;-11.506
84.0082;-145.994;0.500724;0.229036;-0.259859;-10.9481
92.8337;-145.994;0.434945;0.227122;-0.242805;-10.3579
101.659;-145.994;0.464406;0.219314;-0.218745;-9.79609
110.485;-145.994;0.597797;0.206016;-0.184171;-9.2558
119.31;-145.994;0.708;0.191047;-0.150773;-8.66219
128.135;-145.994;0.754343;0.174575;-0.119541;-7.99124
136.961;-145.994;0.7616;0.153117;-0.0895948;-7.23925
145.786;-145.994;0.678844;0.129373;-0.0623918;-6.34789
154.612;-145.994;0.507636;0.0968462;-0.0367828;-5.36164
163.437;-145.994;0.343825;0.059916;-0.0116864;-4.34519
172.263;-145.994;0.380222;0.0426643;0.027606;-3.52286
181.088;-145.994;0.970879;0.00957974;0.057213;-3.06491
189.914;-145.994;1.7899;-0.0338953;0.0806579;-2.78191
198.739;-145.994;2.15373;-0.066972;0.111639;-2.04685
-171.93;-154.819;0.439846;0.027495;-0.0102234;-2.48274
-163.105;-154.819;0.419018;0.0142927;-0.0333294;-3.29725
-154.279;-154.819;0.366952;0.00731915;-0.0559109;-4.05364
-145.454;-154.819;0.310883;-0.0119079;-0.0846153;-4.80457
-136.628;-154.819;0.301504;-0.0305032;-0.114571;-5.60974
-127.803;-154.819;0.347149;-0.031496;-0.135295;-6.38582
-118.977;-154.819;0.367915;-0.021872;-0.151487;-7.09102
-110.152;-154.819;0.329765;-0.0167298;-0.16913;-7.7335
-101.326;-154.819;0.210453;-0.0172236;-0.198308;-8.31844
-92.5009;-154.819;0.178952;-0.0216715;-0.231077;-8.9067
-83.6754;-154.819;0.311708;-0.0227328;-0.254484;-9.54806
-74.85;-154.819;0.420871;-0.0193551;-0.272025;-10.1307
-66.0245;-154.819;0.33243;-0.0166305;-0.297475;-10.5644
-57.1991;-154.819;0.135268;-0.0159066;-0.327498;-10.9317
-48.3736;-154.819;0.107179;-0.0201919;-0.342537;-11.2778
-39.5482;-154.819;-0.186763;0.00332495;-0.354435;-11.3455
-30.7227;-154.819;-0.877305;0.0335024;-0.370568;-11.0713
-21.8972;-154.819;-1.51207;0.0616844;-0.377659;-10.8891
-13.0718;-154.819;-1.62386;0.0819213;-0.367234;-10.9932
-4.24634;-154.819;-1.09762;0.0991604;-0.345969;-11.367
4.57912;-154.819;-0.318889;0.132219;-0.336284;-11.9125
13.4046;-154.819;-0.0200539;0.148945;-0.3329;-12.1241
22.23;-154.819;0.146775;0.159318;-0.328016;-12.1507
31.0555;-154.819;0.2989;0.170642;-0.320026;-12.0921
39.8809;-154.819;0.423657;0.185285;-0.310144;-11.9619
48.7064;-154.819;0.473246;0.198411;-0.299333;-11.7008
57.5318;-154.819;0.503519;0.205342;-0.29258;-11.3753
66.3573;-154.819;0.530783;0.205897;-0.275703;-10.9779
75.1828;-154.819;0.542766;0.203637;-0.253083;-10.5192
84.0082;-154.819;0.529353;0.201955;-0.230567;-10.0143
92.8337;-154.819;0.500621;0.199896;-0.209861;-9.47498
101.659;-154.819;0.550408;0.192766;-0.184499;-8.94479
110.485;-154.819;0.641132;0.182491;-0.156064;-8.40192
119.31;-154.819;0.656974;0.170941;-0.131131;-7.75814
128.135;-154.819;0.594313;0.156165;-0.106882;-7.00701
136.961;-154.819;0.516577;0.135456;-0.0805075;-6.1877
145.786;-154.819;0.44462;0.110405;-0.0538245;-5.32389
154.612;-154.819;0.489676;0.0762909;-0.0268479;-4.54139
163.437;-154.819;0.703709;0.047607;0.00222046;-3.9032
172.263;-154.819;1.12004;0.0298904;0.035159;-3.42534
181.088;-154.819;1.75352;-0.00262819;0.0617467;-3.03074
189.914;-154.819;2.20119;-0.0483023;0.0970844;-2.36588
-163.105;-163.645;0.405506;0.0274782;-0.0117205;-2.56656
-154.279;-163.645;0.360359;0.0182289;-0.0351891;-3.3167
-145.454;-163.645;0.354187;0.00350412;-0.0583404;-4.08013
-136.628;-163.645;0.366533;-0.0156079;-0.0874153;-4.85979
-127.803;-163.645;0.374265;-0.0213831;-0.110168;-5.59625
-118.977;-163.645;0.373717;-0.0187988;-0.126271;-6.27777
-110.152;-163.645;0.333294;-0.0174185;-0.143533;-6.91024
-101.326;-163.645;0.21313;-0.0144003;-0.173116;-7.47969
-92.5009;-163.645;0.137601;-0.0153687;-0.208764;-8.04159
-83.6754;-163.645;0.233488;-0.0146457;-0.233216;-8.6458
-74.85;-163.645;0.335414;-0.0125114;-0.251148;-9.20072
-66.0245;-163.645;0.265826;-0.0129011;-0.276466;-9.62606
-57.1991;-163.645;0.0899945;-0.0147359;-0.308276;-9.992
-48.3736;-163.645;0.159086;-0.0172643;-0.323482;-10.389
-39.5482;-163.645;0.0966227;0.00285507;-0.334357;-10.6361
-30.7227;-163.645;-0.3226;0.0315848;-0.35597;-10.5821
-21.8972;-163.645;-0.762131;0.0544262;-0.370906;-10.4584
-13.0718;-163.645;-0.888559;0.0680972;-0.368456;-10.4653
-4.24634;-163.645;-0.605681;0.0850796;-0.356358;-10.7028
4.57912;-163.645;-0.0535824;0.11189;-0.354257;-11.0883
13.4046;-163.645;0.172128;0.129993;-0.341895;-11.2572
22.23;-163.645;0.297204;0.139923;-0.322408;-11.2573
31.0555;-163.645;0.406217;0.14792;-0.302181;-11.1558
39.8809;-163.645;0.497807;0.159684;-0.282791;-10.9834
48.7064;-163.645;0.536153;0.171488;-0.261779;-10.702
57.5318;-163.645;0.557115;0.179134;-0.250954;-10.3676
66.3573;-163.645;0.574308;0.181045;-0.236379;-9.98397
75.1828;-163.645;0.572751;0.178942;-0.216395;-9.55209
84.0082;-163.645;0.55655;0.175303;-0.192561;-9.07452
92.8337;-163.645;0.548366;0.172587;-0.168383;-8.56422
101.659;-163.645;0.592182;0.168505;-0.143994;-8.04219
110.485;-163.645;0.635683;0.159516;-0.121576;-7.48514
119.31;-163.645;0.59866;0.148876;-0.102638;-6.82289
128.135;-163.645;0.511357;0.135732;-0.0835662;-6.07593
136.961;-163.645;0.455501;0.119656;-0.060236;-5.31011
145.786;-163.645;0.479964;0.101783;-0.0331017;-4.57758
154.612;-163.645;0.748711;0.0784659;-0.00312021;-3.98568
163.437;-163.645;1.1883;0.0546202;0.0226937;-3.57892
172.263;-163.645;1.60778;0.0312938;0.0463671;-3.14172
181.088;-163.645;2.02588;-0.00558644;0.0677691;-2.58643
189.914;-163.645;2.1621;-0.0479066;0.101097;-1.68209
-154.279;-172.47;0.359817;0.0262685;-0.0163048;-2.57349
-145.454;-172.47;0.341877;0.00946206;-0.0410704;-3.30634
-136.628;-172.47;0.353407;-0.00570512;-0.0665059;-4.05551
-127.803;-172.47;0.341699;-0.0152085;-0.0895765;-4.75788
-118.977;-172.47;0.325461;-0.0178142;-0.107689;-5.41548
-110.152;-172.47;0.304419;-0.0149559;-0.127202;-6.05577
-101.326;-172.47;0.213357;-0.00940951;-0.157362;-6.64305
-92.5009;-172.47;0.135171;-0.00934634;-0.187626;-7.1855
-83.6754;-172.47;0.179775;-0.00989119;-0.208215;-7.71501
-74.85;-172.47;0.252772;-0.00944325;-0.22582;-8.22839
-66.0245;-172.47;0.204267;-0.00956038;-0.248123;-8.64048
-57.1991;-172.47;0.0386738;-0.00868497;-0.276835;-8.98684
-48.3736;-172.47;0.0847989;-0.00449389;-0.292847;-9.38223
-39.5482;-172.47;0.251688;0.00763297;-0.303837;-9.78371
-30.7227;-172.47;0.167117;0.0266958;-0.325011;-9.95111
-21.8972;-172.47;0.0149531;0.0459769;-0.341628;-9.99164
-13.0718;-172.47;0.0373494;0.0638485;-0.342171;-10.0902
-4.24634;-172.47;0.268308;0.0893233;-0.331379;-10.3667
4.57912;-172.47;0.436049;0.105595;-0.325071;-10.5134
13.4046;-172.47;0.517643;0.115605;-0.314423;-10.5232
22.23;-172.47;0.529028;0.122942;-0.292663;-10.4134
31.0555;-172.47;0.527971;0.12819;-0.265779;-10.2053
39.8809;-172.47;0.55101;0.135984;-0.239658;-9.95841
48.7064;-172.47;0.589561;0.143342;-0.212817;-9.67187
57.5318;-172.47;0.590084;0.15111;-0.198723;-9.34399
66.3573;-172.47;0.586612;0.155592;-0.188693;-8.98228
75.1828;-172.47;0.577525;0.156459;-0.173671;-8.57571
84.0082;-172.47;0.563204;0.153947;-0.150493;-8.11336
92.8337;-172.47;0.555445;0.150824;-0.126057;-7.60875
101.659;-172.47;0.583801;0.144852;-0.101541;-7.08303
110.485;-172.47;0.627017;0.132988;-0.0807467;-6.54401
119.31;-172.47;0.619253;0.122256;-0.0639429;-5.93347
128.135;-172.47;0.585312;0.112673;-0.0496136;-5.26876
136.961;-172.47;0.595444;0.102581;-0.0324216;-4.60684
145.786;-172.47;0.723219;0.089744;-0.0110339;-4.00933
154.612;-172.47;1.05699;0.0725184;0.0126373;-3.52851
163.437;-172.47;1.37336;0.0547526;0.0349649;-3.03986
172.263;-172.47;1.66426;0.0241731;0.0479181;-2.48072
-145.454;-181.296;0.304358;0.0118891;-0.0264755;-2.50973
-136.628;-181.296;0.253576;-0.00266345;-0.0478379;-3.19361
-127.803;-181.296;0.213475;-0.0169117;-0.0733497;-3.87602
-118.977;-181.296;0.171922;-0.0239992;-0.0941164;-4.50506
-110.152;-181.296;0.166238;-0.0180689;-0.113037;-5.13342
-101.326;-181.296;0.0982794;-0.0032025;-0.136964;-5.6973
-92.5009;-181.296;0.0116049;-0.000194489;-0.160425;-6.19883
-83.6754;-181.296;0.0273832;-0.00250646;-0.175945;-6.67982
-74.85;-181.296;0.123015;-0.00454084;-0.192347;-7.19475
-66.0245;-181.296;0.143232;-0.00462206;-0.210433;-7.62264
-57.1991;-181.296;0.0148042;-0.00121586;-0.233127;-7.95152
-48.3736;-181.296;0.0159366;0.00723517;-0.248497;-8.31045
-39.5482;-181.296;0.222437;0.0144567;-0.26049;-8.74826
-30.7227;-181.296;0.311543;0.025026;-0.275833;-9.03119
-21.8972;-181.296;0.339021;0.0410347;-0.286753;-9.20043
-13.0718;-181.296;0.479114;0.059955;-0.286546;-9.39149
-4.24634;-181.296;0.743259;0.0797432;-0.278675;-9.64266
4.57912;-181.296;0.76888;0.0927465;-0.276616;-9.70156
13.4046;-181.296;0.754919;0.0985047;-0.266304;-9.63667
22.23;-181.296;0.671556;0.105296;-0.24458;-9.45016
31.0555;-181.296;0.566281;0.111889;-0.217894;-9.15673
39.8809;-181.296;0.513767;0.11957;-0.191238;-8.8437
48.7064;-181.296;0.54517;0.125739;-0.166201;-8.5518
57.5318;-181.296;0.542997;0.132707;-0.150039;-8.23863
66.3573;-181.296;0.53656;0.135762;-0.140321;-7.90258
75.1828;-181.296;0.540784;0.136384;-0.12676;-7.5251
84.0082;-181.296;0.543684;0.135524;-0.105427;-7.09255
92.8337;-181.296;0.53725;0.134517;-0.086792;-6.61114
101.659;-181.296;0.536837;0.13009;-0.070456;-6.09953
110.485;-181.296;0.562105;0.118384;-0.0544756;-5.58025
119.31;-181.296;0.586667;0.106789;-0.0389467;-5.02536
128.135;-181.296;0.618418;0.0970312;-0.0261942;-4.44302
136.961;-181.296;0.693757;0.0865748;-0.0123775;-3.86116
145.786;-181.296;0.875015;0.0734081;0.0024345;-3.33407
154.612;-181.296;1.09588;0.0588758;0.0166144;-2.80193
163.437;-181.296;1.27883;0.0391392;0.0332725;-2.21399
-136.628;-190.121;0.19613;0.00355784;-0.0257525;-2.31589
-127.803;-190.121;0.162143;-0.00830523;-0.0437457;-2.95911
-118.977;-190.121;0.114246;-0.0175642;-0.0624106;-3.57454
-110.152;-190.121;0.0842868;-0.0133655;-0.081814;-4.17779
-101.326;-190.121;-0.015994;0.00541287;-0.101415;-4.68506
-92.5009;-190.121;-0.166291;0.0104287;-0.122075;-5.1135
-83.6754;-190.121;-0.167756;0.00812824;-0.136642;-5.58101
-74.85;-190.121;-0.0250949;0.0050647;-0.150873;-6.11831
-66.0245;-190.121;0.0898463;0.0042587;-0.16656;-6.60061
-57.1991;-190.121;0.054378;0.00684648;-0.185314;-6.96143
-48.3736;-190.121;0.0591765;0.0144507;-0.198207;-7.29206
-39.5482;-190.121;0.165635;0.0200182;-0.208376;-7.65045
-30.7227;-190.121;0.257111;0.0272564;-0.218537;-7.9425
-21.8972;-190.121;0.354962;0.0420824;-0.225997;-8.16993
-13.0718;-190.121;0.510745;0.063736;-0.230995;-8.39103
-4.24634;-190.121;0.685397;0.0810924;-0.230036;-8.54946
4.57912;-190.121;0.685484;0.0869212;-0.225712;-8.53647
13.4046;-190.121;0.573083;0.0895624;-0.216643;-8.39777
22.23;-190.121;0.470705;0.0932675;-0.198023;-8.18676
31.0555;-190.121;0.3864;0.0995651;-0.176044;-7.92644
39.8809;-190.121;0.354107;0.106605;-0.152942;-7.65063
48.7064;-190.121;0.390468;0.11256;-0.130595;-7.38532
57.5318;-190.121;0.402613;0.117217;-0.113618;-7.09627
66.3573;-190.121;0.418893;0.11862;-0.0990578;-6.77779
75.1828;-190.121;0.45553;0.11839;-0.0823205;-6.42773
84.0082;-190.121;0.485849;0.118423;-0.0630069;-6.03561
92.8337;-190.121;0.491425;0.119308;-0.0517552;-5.59585
101.659;-190.121;0.486417;0.116945;-0.0442289;-5.11228
110.485;-190.121;0.500954;0.108425;-0.0368422;-4.61639
119.31;-190.121;0.528682;0.0988236;-0.027538;-4.09741
128.135;-190.121;0.579323;0.0889006;-0.0172888;-3.55955
136.961;-190.121;0.667171;0.0787805;-0.0060411;-3.0076
145.786;-190.121;0.814931;0.0639923;0.00905834;-2.46803
154.612;-190.121;0.938992;0.0473106;0.0252563;-1.87361
-118.977;-198.947;0.101305;-0.000745791;-0.0256094;-2.64346
-110.152;-198.947;0.0919557;0.00145135;-0.0414112;-3.20316
-101.326;-198.947;-0.03895;0.014925;-0.063838;-3.70275
-92.5009;-198.947;-0.258473;0.019209;-0.0878652;-4.1038
-83.6754;-198.947;-0.269998;0.0190731;-0.101757;-4.58365
-74.85;-198.947;-0.11751;0.0180793;-0.112093;-5.11693
-66.0245;-198.947;0.0506661;0.0165736;-0.124386;-5.61361
-57.1991;-198.947;0.120925;0.0152973;-0.139386;-6.00388
-48.3736;-198.947;0.125112;0.0206974;-0.152498;-6.31587
-39.5482;-198.947;0.161835;0.025118;-0.163551;-6.60052
-30.7227;-198.947;0.192786;0.0284077;-0.177325;-6.85288
-21.8972;-198.947;0.261822;0.0394392;-0.187962;-7.05956
-13.0718;-198.947;0.384024;0.0593355;-0.194953;-7.23994
-4.24634;-198.947;0.494842;0.0751261;-0.192037;-7.31932
4.57912;-198.947;0.467864;0.0794528;-0.185441;-7.2658
13.4046;-198.947;0.38772;0.0778632;-0.175049;-7.12678
22.23;-198.947;0.32086;0.0790052;-0.159973;-6.94935
31.0555;-198.947;0.256281;0.0834519;-0.141915;-6.73125
39.8809;-198.947;0.22392;0.0881552;-0.121251;-6.48655
48.7064;-198.947;0.24645;0.0931989;-0.100983;-6.24417
57.5318;-198.947;0.275248;0.0974288;-0.0830755;-5.98027
66.3573;-198.947;0.317322;0.0997835;-0.0624312;-5.67824
75.1828;-198.947;0.377048;0.0992207;-0.0409058;-5.34844
84.0082;-198.947;0.426127;0.0984066;-0.0232102;-4.98722
92.8337;-198.947;0.45057;0.0983837;-0.016999;-4.58358
101.659;-198.947;0.4691;0.0986272;-0.0159137;-4.1401
110.485;-198.947;0.49691;0.0945009;-0.0146983;-3.6763
119.31;-198.947;0.520972;0.0879665;-0.0103069;-3.16736
128.135;-198.947;0.546241;0.0793043;-0.00588736;-2.63765
136.961;-198.947;0.599508;0.0687311;0.00221999;-2.09868
145.786;-198.947;0.70021;0.052749;0.0202683;-1.53828
-118.977;-207.772;0.015966;0.0167236;0.00202314;-1.69734
-110.152;-207.772;0.052824;0.0194028;-0.0130268;-2.24606
-101.326;-207.772;-0.0357196;0.0233736;-0.0387106;-2.75094
-92.5009;-207.772;-0.202745;0.0218189;-0.0632195;-3.18855
-83.6754;-207.772;-0.18943;0.021685;-0.0713438;-3.65803
-74.85;-207.772;-0.099069;0.0239238;-0.07714;-4.14181
-66.0245;-207.772;0.0068562;0.0243522;-0.0895684;-4.58277
-57.1991;-207.772;0.0729841;0.0237822;-0.101938;-4.94245
-48.3736;-207.772;0.0949409;0.0250816;-0.115946;-5.24206
-39.5482;-207.772;0.101438;0.0286642;-0.12878;-5.49136
-30.7227;-207.772;0.117571;0.0307536;-0.143168;-5.7055
-21.8972;-207.772;0.157902;0.0374455;-0.155693;-5.87556
-13.0718;-207.772;0.226734;0.0519033;-0.165854;-6.01216
-4.24634;-207.772;0.287244;0.0648283;-0.167153;-6.06887
4.57912;-207.772;0.276505;0.0665232;-0.16204;-6.02855
13.4046;-207.772;0.246487;0.0619439;-0.15149;-5.92729
22.23;-207.772;0.219207;0.062516;-0.135326;-5.7847
31.0555;-207.772;0.178043;0.0653491;-0.112855;-5.5888
39.8809;-207.772;0.152058;0.0685482;-0.0880383;-5.37072
48.7064;-207.772;0.171894;0.0715369;-0.0656214;-5.15376
57.5318;-207.772;0.227036;0.0738476;-0.0455556;-4.92027
66.3573;-207.772;0.300329;0.0769156;-0.0207679;-4.63948
75.1828;-207.772;0.370197;0.0762976;0.00267807;-4.3298
84.0082;-207.772;0.431398;0.0756958;0.0175444;-4.00313
92.8337;-207.772;0.490845;0.0765852;0.0209497;-3.64105
101.659;-207.772;0.534642;0.0788893;0.0187164;-3.24316
110.485;-207.772;0.567047;0.0773749;0.013521;-2.78765
119.31;-207.772;0.574345;0.0710147;0.0129771;-2.28166
128.135;-207.772;0.574192;0.0624271;0.0141551;-1.75049
136.961;-207.772;0.578027;0.0522644;0.020715;-1.20214
-83.6754;-216.598;-0.150553;0.0235722;-0.0436771;-2.71378
-74.85;-216.598;-0.0698529;0.0269444;-0.0466287;-3.13273
-66.0245;-216.598;-0.0211978;0.0300158;-0.0572963;-3.52504
-57.1991;-216.598;0.0016285;0.0293627;-0.0678368;-3.84916
-48.3736;-216.598;0.00145107;0.0277092;-0.0819673;-4.1347
-39.5482;-216.598;0.0199876;0.0310602;-0.0955738;-4.36512
-30.7227;-216.598;0.0559018;0.036017;-0.109766;-4.55234
-21.8972;-216.598;0.0952491;0.0410042;-0.122456;-4.69854
-13.0718;-216.598;0.135929;0.0481145;-0.133299;-4.80183
-4.24634;-216.598;0.161466;0.0546094;-0.139382;-4.85013
4.57912;-216.598;0.151133;0.0547917;-0.139999;-4.84154
13.4046;-216.598;0.13946;0.049291;-0.132458;-4.78193
22.23;-216.598;0.120239;0.0484613;-0.111266;-4.64597
31.0555;-216.598;0.0958551;0.0486573;-0.0804522;-4.45177
39.8809;-216.598;0.104025;0.0493108;-0.0493368;-4.25977
48.7064;-216.598;0.171168;0.0500699;-0.0217629;-4.09369
57.5318;-216.598;0.285476;0.0511502;0.00298709;-3.92633
66.3573;-216.598;0.389844;0.0559206;0.0294813;-3.69168
75.1828;-216.598;0.473421;0.0580606;0.0482688;-3.4126
84.0082;-216.598;0.56478;0.061638;0.0590142;-3.13888
92.8337;-216.598;0.660815;0.0617208;0.0572535;-2.82182
101.659;-216.598;0.730768;0.0574627;0.0490067;-2.43044
110.485;-216.598;0.718139;0.0531055;0.0370519;-1.94607
-83.6754;-225.423;-0.133148;0.0285304;-0.0115695;-1.7185
-74.85;-225.423;-0.0454036;0.0301785;-0.0174944;-2.12221
-66.0245;-225.423;-0.0131855;0.0326559;-0.0278449;-2.47907
-57.1991;-225.423;-0.0169903;0.0312352;-0.0363454;-2.77816
-48.3736;-225.423;-0.03701;0.028043;-0.0465025;-3.04746
-39.5482;-225.423;-0.0055027;0.0303721;-0.0592931;-3.27644
-30.7227;-225.423;0.0465333;0.0379568;-0.0731343;-3.46065
-21.8972;-225.423;0.0782624;0.0439839;-0.088257;-3.59937
-13.0718;-225.423;0.0952924;0.0480629;-0.0993336;-3.69071
-4.24634;-225.423;0.0945464;0.0507529;-0.105389;-3.73085
4.57912;-225.423;0.0654043;0.0504102;-0.107714;-3.71597
13.4046;-225.423;0.0276722;0.0439718;-0.102652;-3.64793
22.23;-225.423;0.00210755;0.0396725;-0.0750664;-3.49858
31.0555;-225.423;0.00972294;0.0386493;-0.0389768;-3.33389
39.8809;-225.423;0.112327;0.0382536;-0.00526136;-3.21284
48.7064;-225.423;0.247565;0.0396308;0.02437;-3.12081
57.5318;-225.423;0.436433;0.0396642;0.0506601;-3.02427
66.3573;-225.423;0.527002;0.0471799;0.0743031;-2.84632
75.1828;-225.423;0.606364;0.0528705;0.0840377;-2.58163
84.0082;-225.423;0.686016;0.0534071;0.0784923;-2.26897
92.8337;-225.423;0.711629;0.0527126;0.0725461;-1.90687
-39.5482;-234.249;0.0306207;0.0308321;-0.0211319;-2.23385
-30.7227;-234.249;0.0831289;0.0366685;-0.037469;-2.42487
-21.8972;-234.249;0.0934164;0.0419291;-0.0547677;-2.55684
-13.0718;-234.249;0.0837572;0.0448527;-0.0645913;-2.62499
-4.24634;-234.249;0.0577434;0.0467942;-0.0688235;-2.64323
4.57912;-234.249;0.00689619;0.0461219;-0.0675945;-2.5981
13.4046;-234.249;-0.0793437;0.0391568;-0.0602765;-2.49398
22.23;-234.249;-0.0531941;0.0341849;-0.0295266;-2.39531
31.0555;-234.249;0.0867969;0.034985;0.00479622;-2.36902
39.8809;-234.249;0.350686;0.0341236;0.0337319;-2.3622
48.7064;-234.249;0.536908;0.0329917;0.0524187;-2.28957
57.5318;-234.249;0.540877;0.03482;0.0615612;-2.09811
66.3573;-234.249;0.400515;0.0444231;0.0640647;-1.79602
75.1828;-234.249;0.247771;0.0493234;0.059232;-1.41388
-4.24634;-243.074;0.085174;0.0460182;-0.028275;-1.62346
4.57912;-243.074;0.0448187;0.0458645;-0.028927;-1.60151
13.4046;-243.074;-0.0103361;0.0383548;-0.0223116;-1.54169
22.23;-243.074;0.19242;0.035182;0.00619171;-1.57599
31.0555;-243.074;0.548206;0.0360101;0.0397564;-1.67382
