x[mm];y[mm];z[mm];x-displacement[mm];y-displacement[mm];z-displacement[mm]
-4.24634;224.675;0.375758;0.0407318;0.0718436;-2.16328
4.57912;224.675;0.279688;0.0465966;0.0717826;-2.16329
13.4046;224.675;0.244098;0.0526156;0.070879;-2.14001
22.23;224.675;0.214277;0.0539911;0.064382;-2.06966
31.0555;224.675;0.169214;0.0536869;0.0605609;-1.96161
-39.5482;215.85;0.228536;0.0282241;0.0989102;-2.48631
-30.7227;215.85;0.132185;0.0296437;0.105579;-2.62192
-21.8972;215.85;0.00690536;0.0349593;0.0973395;-2.66813
-13.0718;215.85;-0.0678567;0.0476772;0.0911984;-2.78067
-4.24634;215.85;-0.0400073;0.0527378;0.0911088;-2.89684
4.57912;215.85;-0.0137488;0.0560625;0.0989044;-2.98575
13.4046;215.85;0.00217642;0.0591455;0.106032;-3.01073
22.23;215.85;0.0324511;0.0593934;0.105495;-2.98361
31.0555;215.85;0.0670344;0.0614485;0.101219;-2.92329
39.8809;215.85;0.0771415;0.0645735;0.0910743;-2.80482
48.7064;215.85;0.0358777;0.0669163;0.0794384;-2.633
57.5318;215.85;-0.0227074;0.0679689;0.0685832;-2.40876
66.3573;215.85;-0.0863275;0.066754;0.0678304;-2.15713
75.1828;215.85;-0.127406;0.0636401;0.0659649;-1.88063
-74.85;207.024;0.59461;0.0173423;0.0697412;-2.38622
-66.0245;207.024;0.486612;0.02681;0.0787763;-2.68567
-57.1991;207.024;0.307945;0.0315069;0.0927451;-2.93653
-48.3736;207.024;0.233351;0.0295224;0.107757;-3.22481
-39.5482;207.024;0.145739;0.030051;0.118824;-3.42803
-30.7227;207.024;-0.153578;0.035004;0.13246;-3.45307
-21.8972;207.024;-0.444783;0.0398045;0.130006;-3.38541
-13.0718;207.024;-0.518978;0.0504527;0.121502;-3.47092
-4.24634;207.024;-0.398179;0.0580439;0.11521;-3.64013
4.57912;207.024;-0.29085;0.0632885;0.125856;-3.80507
13.4046;207.024;-0.188586;0.0665687;0.136769;-3.90686
22.23;207.024;-0.0832845;0.0680899;0.138364;-3.9455
31.0555;207.024;0.00173202;0.0710339;0.131056;-3.9146
39.8809;207.024;0.0396905;0.076359;0.117084;-3.80905
48.7064;207.024;0.0246193;0.0803653;0.101782;-3.63969
57.5318;207.024;-0.0306136;0.0823095;0.0927834;-3.40845
66.3573;207.024;-0.0857333;0.0824965;0.093213;-3.15088
75.1828;207.024;-0.119264;0.0799357;0.0927551;-2.86713
84.0082;207.024;-0.122125;0.0747297;0.085626;-2.55301
92.8337;207.024;-0.102492;0.070412;0.0685475;-2.19044
-110.152;198.199;0.893724;0.0208138;0.039847;-1.64667
-101.326;198.199;0.790244;0.0145976;0.0569569;-2.11097
-92.5009;198.199;0.684541;0.00490687;0.0732187;-2.57633
-83.6754;198.199;0.63034;-0.00171423;0.0844251;-3.0224
-74.85;198.199;0.540479;0.00532857;0.0931592;-3.42588
-66.0245;198.199;0.373743;0.0211832;0.100145;-3.71517
-57.1991;198.199;0.150043;0.0345891;0.114213;-3.93373
-48.3736;198.199;0.108936;0.0344782;0.124128;-4.19357
-39.5482;198.199;0.0654755;0.0359046;0.129641;-4.40702
-30.7227;198.199;-0.178439;0.0400035;0.142737;-4.45957
-21.8972;198.199;-0.383967;0.041928;0.143335;-4.44306
-13.0718;198.199;-0.404249;0.0498016;0.135164;-4.54538
-4.24634;198.199;-0.259576;0.0575237;0.126447;-4.71502
4.57912;198.199;-0.149092;0.0632355;0.136321;-4.87855
13.4046;198.199;-0.0598719;0.0690281;0.148412;-4.98496
22.23;198.199;0.00467943;0.0746527;0.152283;-5.01684
31.0555;198.199;0.0444207;0.0795995;0.146718;-4.96566
39.8809;198.199;0.062254;0.0847624;0.134747;-4.84708
48.7064;198.199;0.0619776;0.0893154;0.121668;-4.67554
57.5318;198.199;0.0215814;0.0930553;0.112919;-4.44166
66.3573;198.199;-0.0206234;0.0952909;0.110296;-4.17316
75.1828;198.199;-0.044663;0.0942379;0.106522;-3.87525
84.0082;198.199;-0.0387745;0.0899111;0.0994948;-3.54372
92.8337;198.199;-0.0265803;0.0840889;0.0871119;-3.17444
101.659;198.199;-0.010551;0.0783761;0.0723648;-2.76134
110.485;198.199;0.0169507;0.069777;0.0550972;-2.32129
-110.152;189.373;0.930837;0.00675072;0.0520011;-2.56876
-101.326;189.373;0.892086;0.00159536;0.0634239;-3.08539
-92.5009;189.373;0.791371;-0.00800669;0.0794012;-3.57151
-83.6754;189.373;0.655952;-0.0170035;0.0994959;-4.01835
-74.85;189.373;0.473169;-0.00926753;0.113755;-4.38982
-66.0245;189.373;0.255245;0.0140146;0.124986;-4.69671
-57.1991;189.373;0.0654671;0.0323699;0.127312;-4.88461
-48.3736;189.373;0.000737889;0.0331042;0.134849;-5.12945
-39.5482;189.373;0.0191545;0.0354495;0.136087;-5.41207
-30.7227;189.373;-0.0364448;0.0408159;0.144275;-5.62028
-21.8972;189.373;-0.082711;0.0468767;0.145616;-5.75264
-13.0718;189.373;-0.0487373;0.0559446;0.13988;-5.89385
-4.24634;189.373;0.0601943;0.0641174;0.134007;-6.0364
4.57912;189.373;0.120273;0.0690202;0.142958;-6.14133
13.4046;189.373;0.149755;0.0743103;0.152469;-6.16818
22.23;189.373;0.152561;0.0805614;0.157016;-6.1349
31.0555;189.373;0.146051;0.0857676;0.154685;-6.04774
39.8809;189.373;0.144224;0.0900772;0.147299;-5.91526
48.7064;189.373;0.148461;0.0948752;0.138;-5.73528
57.5318;189.373;0.119586;0.100201;0.129804;-5.49112
66.3573;189.373;0.0844441;0.103655;0.122651;-5.20618
75.1828;189.373;0.0629578;0.10384;0.115297;-4.89164
84.0082;189.373;0.0600902;0.100815;0.107135;-4.54728
92.8337;189.373;0.0644549;0.0960889;0.0974461;-4.16447
101.659;189.373;0.0664289;0.0908342;0.0854434;-3.73547
110.485;189.373;0.0848117;0.0840035;0.0704872;-3.26242
119.31;189.373;0.124769;0.07442;0.051504;-2.7773
128.135;189.373;0.179572;0.0639586;0.0323891;-2.27106
136.961;189.373;0.201108;0.048672;0.00953321;-1.69602
-127.803;180.548;1.05846;0.00601473;0.0248599;-2.31546
-118.977;180.548;0.997956;-0.00563547;0.0447394;-2.88982
-110.152;180.548;0.970836;-0.0125268;0.0605146;-3.45166
-101.326;180.548;0.96254;-0.0205994;0.069664;-3.97387
-92.5009;180.548;0.807726;-0.0305872;0.0931594;-4.4361
-83.6754;180.548;0.539784;-0.0403648;0.127388;-4.82103
-74.85;180.548;0.348888;-0.0280334;0.144937;-5.22908
-66.0245;180.548;0.265878;0.00357856;0.141923;-5.67164
-57.1991;180.548;0.201836;0.0264331;0.128581;-5.94677
-48.3736;180.548;0.0658138;0.0279568;0.138818;-6.19386
-39.5482;180.548;0.0982304;0.0271614;0.140996;-6.47089
-30.7227;180.548;0.155431;0.0320094;0.145338;-6.74407
-21.8972;180.548;0.209804;0.0399284;0.145722;-6.94829
-13.0718;180.548;0.26204;0.0496427;0.143452;-7.10555
-4.24634;180.548;0.305143;0.0578884;0.143242;-7.21745
4.57912;180.548;0.300953;0.063072;0.152088;-7.26917
13.4046;180.548;0.280497;0.0713194;0.159769;-7.24938
22.23;180.548;0.257491;0.0798153;0.163603;-7.18692
31.0555;180.548;0.245243;0.0866139;0.16357;-7.09523
39.8809;180.548;0.246722;0.0921991;0.160142;-6.9682
48.7064;180.548;0.251238;0.0984481;0.15391;-6.78445
57.5318;180.548;0.224418;0.104782;0.146907;-6.53175
66.3573;180.548;0.193296;0.108649;0.13817;-6.23943
75.1828;180.548;0.177118;0.110105;0.129792;-5.91794
84.0082;180.548;0.172933;0.109467;0.122269;-5.5596
92.8337;180.548;0.161004;0.107466;0.114373;-5.15012
101.659;180.548;0.133258;0.104388;0.103826;-4.6843
110.485;180.548;0.128493;0.0965055;0.0886286;-4.18348
119.31;180.548;0.152883;0.0864628;0.069826;-3.66777
128.135;180.548;0.207737;0.0778224;0.0494611;-3.14525
136.961;180.548;0.270701;0.0673855;0.0286779;-2.60496
145.786;180.548;0.262011;0.0539525;0.00558366;-1.97898
154.612;180.548;0.195857;0.0329316;-0.0208153;-1.26291
-136.628;171.722;1.14351;-0.00708708;0.0278314;-2.55336
-127.803;171.722;1.06686;-0.0163357;0.0451575;-3.15675
-118.977;171.722;0.968487;-0.0277713;0.0673039;-3.75455
-110.152;171.722;0.91058;-0.0384861;0.0845011;-4.33167
-101.326;171.722;0.8803;-0.0479532;0.0934981;-4.85674
-92.5009;171.722;0.628931;-0.0611117;0.127214;-5.28459
-83.6754;171.722;0.300046;-0.0695357;0.171888;-5.67138
-74.85;171.722;0.291085;-0.0504472;0.177495;-6.14216
-66.0245;171.722;0.460908;-0.0116422;0.149882;-6.6934
-57.1991;171.722;0.522507;0.0156002;0.124926;-7.06518
-48.3736;171.722;0.364773;0.0193187;0.137244;-7.32252
-39.5482;171.722;0.305224;0.0214893;0.151917;-7.56798
-30.7227;171.722;0.324616;0.0271097;0.163704;-7.82598
-21.8972;171.722;0.359439;0.0351141;0.16758;-8.02413
-13.0718;171.722;0.375868;0.0442822;0.168759;-8.16285
-4.24634;171.722;0.361798;0.0527416;0.171888;-8.24589
4.57912;171.722;0.320094;0.0598736;0.177738;-8.27008
13.4046;171.722;0.294483;0.0700308;0.182093;-8.24272
22.23;171.722;0.285953;0.0806713;0.185474;-8.19001
31.0555;171.722;0.301115;0.0897513;0.185719;-8.11449
39.8809;171.722;0.327054;0.0976685;0.182076;-7.99841
48.7064;171.722;0.33724;0.105591;0.17591;-7.8153
57.5318;171.722;0.313679;0.111892;0.168636;-7.55963
66.3573;171.722;0.294204;0.11563;0.159932;-7.27037
75.1828;171.722;0.291278;0.118452;0.150836;-6.94758
84.0082;171.722;0.287603;0.12033;0.14283;-6.57304
92.8337;171.722;0.25443;0.12054;0.136282;-6.12939
101.659;171.722;0.190846;0.11991;0.12739;-5.62598
110.485;171.722;0.172383;0.113843;0.110824;-5.10647
119.31;171.722;0.185627;0.105128;0.0909032;-4.57362
128.135;171.722;0.211511;0.0954806;0.071069;-4.02074
136.961;171.722;0.236322;0.0854636;0.0510009;-3.44058
145.786;171.722;0.31376;0.0699183;0.0281338;-2.84037
154.612;171.722;0.23832;0.056912;0.00825751;-2.1405
163.437;171.722;0.0883176;0.0425681;-0.00545633;-1.40377
-145.454;162.897;1.15461;-0.0135172;0.0324326;-2.68693
-136.628;162.897;1.13588;-0.0235161;0.0472239;-3.34362
-127.803;162.897;1.0774;-0.0315306;0.0658731;-3.989
-118.977;162.897;0.980421;-0.0428189;0.0870479;-4.59378
-110.152;162.897;0.914287;-0.0546144;0.1026;-5.17985
-101.326;162.897;0.871911;-0.0655842;0.109656;-5.7123
-92.5009;162.897;0.650106;-0.0785532;0.138887;-6.18681
-83.6754;162.897;0.420197;-0.0813769;0.171696;-6.62643
-74.85;162.897;0.58986;-0.0560832;0.164281;-7.15697
-66.0245;162.897;0.807345;-0.0173208;0.13217;-7.71234
-57.1991;162.897;0.779558;0.00960884;0.118251;-8.1211
-48.3736;162.897;0.601513;0.016221;0.137942;-8.37726
-39.5482;162.897;0.529642;0.0206432;0.159991;-8.61329
-30.7227;162.897;0.517672;0.0254231;0.180098;-8.85504
-21.8972;162.897;0.500015;0.0337808;0.19081;-9.03791
-13.0718;162.897;0.463971;0.0440724;0.196179;-9.15831
-4.24634;162.897;0.419105;0.0540958;0.20066;-9.22736
4.57912;162.897;0.379074;0.0635238;0.20379;-9.25356
13.4046;162.897;0.364858;0.0747498;0.206372;-9.24122
22.23;162.897;0.363894;0.0854133;0.211826;-9.20526
31.0555;162.897;0.384962;0.0953842;0.21394;-9.13855
39.8809;162.897;0.419324;0.10486;0.209484;-9.02387
48.7064;162.897;0.442699;0.113426;0.202514;-8.84059
57.5318;162.897;0.421008;0.119301;0.194163;-8.57562
66.3573;162.897;0.389526;0.123755;0.183818;-8.26463
75.1828;162.897;0.377531;0.128076;0.172642;-7.92013
84.0082;162.897;0.368036;0.131908;0.163058;-7.52858
92.8337;162.897;0.330358;0.133059;0.156254;-7.06963
101.659;162.897;0.260863;0.13294;0.149543;-6.5584
110.485;162.897;0.26187;0.128524;0.131927;-6.0512
119.31;162.897;0.299042;0.121066;0.108751;-5.52463
128.135;162.897;0.344955;0.111087;0.0851007;-4.96326
136.961;162.897;0.382717;0.0987048;0.0618942;-4.36183
145.786;162.897;0.416761;0.0835892;0.0382481;-3.72861
154.612;162.897;0.332867;0.07132;0.0230747;-3.00741
163.437;162.897;0.230206;0.059748;0.0187615;-2.26981
-163.105;154.071;1.20252;0.00994044;0.0152536;-1.96135
-154.279;154.071;1.13906;-0.0110592;0.0338421;-2.70862
-145.454;154.071;1.11547;-0.0264519;0.0498844;-3.43099
-136.628;154.071;1.12115;-0.0328848;0.0624879;-4.12237
-127.803;154.071;1.08164;-0.0406958;0.0807487;-4.78888
-118.977;154.071;1.01224;-0.0515787;0.0994629;-5.41926
-110.152;154.071;0.97436;-0.0634925;0.111721;-6.02254
-101.326;154.071;0.972763;-0.0735034;0.115127;-6.59875
-92.5009;154.071;0.860946;-0.0801424;0.129088;-7.14221
-83.6754;154.071;0.790592;-0.0740455;0.141593;-7.64062
-74.85;154.071;0.89014;-0.047767;0.137774;-8.2078
-66.0245;154.071;0.954122;-0.0174596;0.123224;-8.69975
-57.1991;154.071;0.857777;0.00303968;0.124083;-9.06804
-48.3736;154.071;0.692038;0.0108979;0.146068;-9.32001
-39.5482;154.071;0.652509;0.0168886;0.169275;-9.57458
-30.7227;154.071;0.644239;0.0225189;0.191534;-9.81857
-21.8972;154.071;0.627721;0.0333311;0.204326;-10.0016
-13.0718;154.071;0.58993;0.044961;0.212833;-10.1263
-4.24634;154.071;0.53875;0.0547584;0.221284;-10.206
4.57912;154.071;0.495007;0.0648559;0.226243;-10.2481
13.4046;154.071;0.479858;0.076602;0.22962;-10.2458
22.23;154.071;0.456536;0.0878661;0.237196;-10.2048
31.0555;154.071;0.446423;0.0995541;0.240804;-10.1206
39.8809;154.071;0.455528;0.111457;0.235599;-9.9885
48.7064;154.071;0.466134;0.121464;0.228173;-9.79098
57.5318;154.071;0.427753;0.128122;0.221277;-9.50755
66.3573;154.071;0.381533;0.133712;0.21115;-9.17535
75.1828;154.071;0.375794;0.138364;0.197485;-8.82146
84.0082;154.071;0.389735;0.142451;0.183422;-8.43366
92.8337;154.071;0.385538;0.143208;0.172255;-7.98207
101.659;154.071;0.349303;0.141646;0.164984;-7.47599
110.485;154.071;0.367342;0.137517;0.148633;-6.97142
119.31;154.071;0.416055;0.131217;0.125392;-6.44111
128.135;154.071;0.460767;0.121385;0.0992847;-5.86075
136.961;154.071;0.471651;0.108406;0.0738005;-5.22501
145.786;154.071;0.468605;0.0941423;0.050321;-4.56054
154.612;154.071;0.397623;0.081699;0.0349775;-3.84422
163.437;154.071;0.311385;0.0705144;0.0289511;-3.08017
172.263;154.071;0.253158;0.0569112;0.0267805;-2.31597
181.088;154.071;0.265392;0.0387339;0.0232467;-1.50311
-171.93;145.246;1.12975;0.0186664;0.0094865;-1.85523
-163.105;145.246;1.1641;-0.000704161;0.0254979;-2.64428
-154.279;145.246;1.11817;-0.0206935;0.043291;-3.41575
-145.454;145.246;1.09692;-0.0347916;0.0594959;-4.15962
-136.628;145.246;1.09647;-0.0435184;0.0745592;-4.87616
-127.803;145.246;1.06622;-0.0521318;0.0913042;-5.56692
-118.977;145.246;1.0209;-0.0626067;0.106863;-6.21952
-110.152;145.246;0.999578;-0.0737468;0.117362;-6.8501
-101.326;145.246;1.01174;-0.0812863;0.120965;-7.46596
-92.5009;145.246;0.99025;-0.0808958;0.125444;-8.0556
-83.6754;145.246;0.99117;-0.0688664;0.129556;-8.59421
-74.85;145.246;1.00651;-0.0486258;0.126652;-9.09995
-66.0245;145.246;0.966159;-0.0283374;0.125063;-9.54789
-57.1991;145.246;0.852637;-0.0128816;0.134575;-9.90845
-48.3736;145.246;0.72729;-0.00308403;0.15526;-10.1769
-39.5482;145.246;0.702204;0.00532544;0.17741;-10.461
-30.7227;145.246;0.69207;0.013932;0.198466;-10.7152
-21.8972;145.246;0.674958;0.0290355;0.210747;-10.906
-13.0718;145.246;0.632476;0.0437297;0.22203;-11.0449
-4.24634;145.246;0.57001;0.0546295;0.23619;-11.1385
4.57912;145.246;0.513373;0.0649723;0.245702;-11.1873
13.4046;145.246;0.489802;0.0773691;0.250573;-11.1808
22.23;145.246;0.459978;0.0896877;0.256511;-11.1256
31.0555;145.246;0.436727;0.103076;0.258658;-11.0213
39.8809;145.246;0.426509;0.117261;0.253585;-10.8736
48.7064;145.246;0.420906;0.128468;0.247283;-10.6644
57.5318;145.246;0.390984;0.135737;0.243559;-10.3827
66.3573;145.246;0.366716;0.142907;0.235374;-10.0558
75.1828;145.246;0.38773;0.148574;0.221291;-9.71364
84.0082;145.246;0.431634;0.152829;0.204208;-9.34192
92.8337;145.246;0.465293;0.152451;0.189131;-8.90611
101.659;145.246;0.471788;0.149811;0.179586;-8.41307
110.485;145.246;0.488642;0.147389;0.165163;-7.8973
119.31;145.246;0.512269;0.144109;0.14414;-7.33861
128.135;145.246;0.525369;0.135838;0.117943;-6.72098
136.961;145.246;0.514664;0.121708;0.0908335;-6.05035
145.786;145.246;0.494587;0.106837;0.0666588;-5.36329
154.612;145.246;0.443393;0.0939191;0.0479625;-4.63769
163.437;145.246;0.374303;0.0807347;0.036978;-3.87586
172.263;145.246;0.309826;0.0670435;0.0276201;-3.07061
181.088;145.246;0.303764;0.050163;0.0231117;-2.27228
189.914;145.246;0.257625;0.0286143;0.0118314;-1.39419
-171.93;136.421;1.1272;0.0113859;0.0197033;-2.50127
-163.105;136.421;1.13201;-0.00839942;0.0331548;-3.32086
-154.279;136.421;1.10889;-0.0275231;0.0503905;-4.10391
-145.454;136.421;1.0897;-0.0430681;0.0671966;-4.86418
-136.628;136.421;1.06611;-0.0557378;0.0831149;-5.59996
-127.803;136.421;1.03453;-0.0654712;0.0975937;-6.30412
-118.977;136.421;1.00021;-0.0744265;0.109624;-6.97088
-110.152;136.421;0.976495;-0.0831707;0.118713;-7.6148
-101.326;136.421;0.973718;-0.0882051;0.124912;-8.24019
-92.5009;136.421;0.979882;-0.0841104;0.129437;-8.82919
-83.6754;136.421;0.971124;-0.07176;0.135536;-9.36304
-74.85;136.421;0.960534;-0.057592;0.135435;-9.86119
-66.0245;136.421;0.908822;-0.0445013;0.138568;-10.313
-57.1991;136.421;0.818984;-0.0318026;0.150473;-10.7019
-48.3736;136.421;0.735081;-0.0190763;0.170207;-11.0215
-39.5482;136.421;0.699776;-0.00865007;0.190553;-11.3166
-30.7227;136.421;0.670017;0.00313766;0.209229;-11.57
-21.8972;136.421;0.632726;0.0215271;0.220558;-11.757
-13.0718;136.421;0.570894;0.0387384;0.233069;-11.8932
-4.24634;136.421;0.492476;0.0513695;0.250012;-11.9832
4.57912;136.421;0.426974;0.0626915;0.263696;-12.0285
13.4046;136.421;0.408886;0.0771624;0.269263;-12.0284
22.23;136.421;0.403583;0.0925179;0.270672;-11.9837
31.0555;136.421;0.398919;0.10891;0.268768;-11.8836
39.8809;136.421;0.388089;0.125359;0.262978;-11.7317
48.7064;136.421;0.371371;0.138304;0.257987;-11.5184
57.5318;136.421;0.35706;0.147831;0.256359;-11.2523
66.3573;136.421;0.363845;0.157787;0.249876;-10.9387
75.1828;136.421;0.389822;0.166055;0.237463;-10.5935
84.0082;136.421;0.420866;0.171253;0.221124;-10.2042
92.8337;136.421;0.450837;0.169997;0.205308;-9.75186
101.659;136.421;0.486847;0.167193;0.193302;-9.26546
110.485;136.421;0.498685;0.166809;0.178991;-8.73563
119.31;136.421;0.494235;0.16544;0.159583;-8.14452
128.135;136.421;0.489489;0.157056;0.134415;-7.49862
136.961;136.421;0.490531;0.141051;0.1066;-6.8177
145.786;136.421;0.47703;0.125189;0.0814741;-6.12063
154.612;136.421;0.443659;0.111162;0.0598707;-5.38146
163.437;136.421;0.383422;0.0974364;0.0443315;-4.59952
172.263;136.421;0.319043;0.080271;0.0305304;-3.78437
181.088;136.421;0.290374;0.058951;0.0179004;-2.96095
189.914;136.421;0.275553;0.0414867;0.0116535;-2.09475
-180.755;127.595;1.15316;0.0292341;0.016273;-2.28133
-171.93;127.595;1.12186;0.00761599;0.0266249;-3.11756
-163.105;127.595;1.08813;-0.017566;0.0455288;-3.96487
-154.279;127.595;1.07622;-0.0364427;0.0618343;-4.76788
-145.454;127.595;1.05949;-0.0540926;0.0784124;-5.5502
-136.628;127.595;1.02683;-0.0689249;0.094444;-6.30564
-127.803;127.595;0.996568;-0.0781373;0.106672;-7.02355
-118.977;127.595;0.965194;-0.0841022;0.115189;-7.70597
-110.152;127.595;0.938294;-0.0889859;0.122479;-8.36446
-101.326;127.595;0.926748;-0.0913038;0.130756;-8.99886
-92.5009;127.595;0.912986;-0.085987;0.140746;-9.5909
-83.6754;127.595;0.881609;-0.0752525;0.149003;-10.1221
-74.85;127.595;0.858373;-0.0645911;0.150939;-10.6199
-66.0245;127.595;0.820977;-0.0551608;0.157164;-11.0818
-57.1991;127.595;0.76378;-0.0446564;0.172437;-11.4942
-48.3736;127.595;0.702799;-0.0320084;0.194147;-11.8453
-39.5482;127.595;0.660219;-0.0198079;0.211786;-12.1544
-30.7227;127.595;0.610662;-0.00481685;0.22822;-12.415
-21.8972;127.595;0.553821;0.0159316;0.238972;-12.6083
-13.0718;127.595;0.477661;0.0355443;0.250788;-12.7447
-4.24634;127.595;0.395245;0.051196;0.267562;-12.831
4.57912;127.595;0.339587;0.0655966;0.282606;-12.8798
13.4046;127.595;0.347598;0.0817069;0.287358;-12.8914
22.23;127.595;0.371056;0.0991752;0.283509;-12.8598
31.0555;127.595;0.389171;0.117849;0.275907;-12.7658
39.8809;127.595;0.38246;0.135372;0.267328;-12.601
48.7064;127.595;0.348047;0.150615;0.262453;-12.3703
57.5318;127.595;0.304717;0.163609;0.260209;-12.0821
66.3573;127.595;0.293317;0.175522;0.25392;-11.7369
75.1828;127.595;0.271681;0.184937;0.242942;-11.3336
84.0082;127.595;0.21958;0.190572;0.229308;-10.8567
92.8337;127.595;0.172103;0.191419;0.216104;-10.3335
101.659;127.595;0.20512;0.190009;0.202831;-9.8329
110.485;127.595;0.236273;0.18979;0.186859;-9.30645
119.31;127.595;0.257112;0.18722;0.166829;-8.72467
128.135;127.595;0.297355;0.176697;0.142023;-8.10487
136.961;127.595;0.355407;0.16067;0.114801;-7.46336
145.786;127.595;0.367758;0.146572;0.0906597;-6.77363
154.612;127.595;0.339977;0.132815;0.068911;-6.0199
163.437;127.595;0.29198;0.118048;0.0521119;-5.22669
172.263;127.595;0.250485;0.0988219;0.0355434;-4.40752
181.088;127.595;0.236302;0.0762231;0.0211019;-3.57945
189.914;127.595;0.200733;0.0586513;0.0155838;-2.72362
198.739;127.595;0.158688;0.0407371;0.00639773;-1.80514
207.565;127.595;0.395024;0.0161193;-0.0135502;-0.858992
-189.581;118.77;1.1177;0.0369251;0.0176804;-2.00292
-180.755;118.77;1.09406;0.0201576;0.0261405;-2.85593
-171.93;118.77;1.07296;-0.0048197;0.0438831;-3.73445
-163.105;118.77;1.03285;-0.0293344;0.0625157;-4.58261
-154.279;118.77;1.02052;-0.0489772;0.078936;-5.41016
-145.454;118.77;1.01285;-0.0657568;0.0937081;-6.21444
-136.628;118.77;0.984;-0.0806912;0.109275;-6.99266
-127.803;118.77;0.957453;-0.0891547;0.120043;-7.72839
-118.977;118.77;0.929682;-0.0938551;0.126089;-8.4308
-110.152;118.77;0.912249;-0.0966467;0.1314;-9.10952
-101.326;118.77;0.912634;-0.0963147;0.138991;-9.75549
-92.5009;118.77;0.882581;-0.0909825;0.151072;-10.3553
-83.6754;118.77;0.814427;-0.0828;0.161078;-10.8962
-74.85;118.77;0.763848;-0.0732104;0.16635;-11.3983
-66.0245;118.77;0.720896;-0.0639384;0.177267;-11.8661
-57.1991;118.77;0.6755;-0.0536036;0.196655;-12.2917
-48.3736;118.77;0.631181;-0.0414355;0.21919;-12.6639
-39.5482;118.77;0.602716;-0.0288056;0.235093;-12.9923
-30.7227;118.77;0.572688;-0.0123282;0.24752;-13.2679
-21.8972;118.77;0.530896;0.00863312;0.255739;-13.4791
-13.0718;118.77;0.466832;0.0287573;0.264778;-13.6302
-4.24634;118.77;0.403245;0.0457868;0.27929;-13.7306
4.57912;118.77;0.370627;0.0618741;0.293977;-13.7929
13.4046;118.77;0.374062;0.0799563;0.299291;-13.8051
22.23;118.77;0.36351;0.100421;0.293886;-13.7503
31.0555;118.77;0.345104;0.120454;0.28314;-13.6161
39.8809;118.77;0.30355;0.139683;0.272669;-13.4078
48.7064;118.77;0.212627;0.1578;0.267418;-13.11
57.5318;118.77;0.0569061;0.17685;0.264165;-12.7179
66.3573;118.77;-0.0638853;0.192436;0.25687;-12.2802
75.1828;118.77;-0.112906;0.20097;0.24193;-11.8336
84.0082;118.77;-0.248958;0.211136;0.225679;-11.2909
92.8337;118.77;-0.43769;0.212425;0.210483;-10.6318
101.659;118.77;-0.480699;0.213652;0.194557;-10.0461
110.485;118.77;-0.40146;0.213461;0.180437;-9.54125
119.31;118.77;-0.283466;0.210107;0.164487;-9.03675
128.135;118.77;-0.128544;0.1976;0.143586;-8.50439
136.961;118.77;0.0234528;0.182841;0.118224;-7.93194
145.786;118.77;0.0739788;0.170795;0.0956324;-7.25204
154.612;118.77;0.0753081;0.158046;0.0742552;-6.50503
163.437;118.77;0.0755436;0.14198;0.0572513;-5.73288
172.263;118.77;0.0921696;0.122697;0.0416013;-4.9488
181.088;118.77;0.121932;0.101495;0.0280258;-4.1481
189.914;118.77;0.119876;0.0810228;0.0183185;-3.29756
198.739;118.77;0.109778;0.06122;0.0118584;-2.39204
207.565;118.77;0.316742;0.0339989;-0.00177828;-1.46385
-189.581;109.944;1.03243;0.0177671;0.0290675;-2.54339
-180.755;109.944;0.999407;0.00419116;0.0414589;-3.40923
-171.93;109.944;0.996469;-0.0154755;0.0585501;-4.29525
-163.105;109.944;0.967239;-0.0386079;0.0752522;-5.16748
-154.279;109.944;0.957578;-0.0582222;0.0899882;-6.02312
-145.454;109.944;0.960721;-0.0734565;0.103411;-6.8525
-136.628;109.944;0.94335;-0.0895278;0.119631;-7.6578
-127.803;109.944;0.909488;-0.102098;0.131839;-8.41848
-118.977;109.944;0.87243;-0.11077;0.139081;-9.14585
-110.152;109.944;0.854059;-0.114589;0.144807;-9.84823
-101.326;109.944;0.853912;-0.112461;0.152196;-10.5118
-92.5009;109.944;0.819751;-0.105764;0.163149;-11.1209
-83.6754;109.944;0.757376;-0.0996255;0.171649;-11.684
-74.85;109.944;0.706286;-0.0917814;0.177808;-12.2071
-66.0245;109.944;0.658474;-0.0821891;0.1904;-12.688
-57.1991;109.944;0.619952;-0.0706831;0.211315;-13.121
-48.3736;109.944;0.595885;-0.0574863;0.233552;-13.5071
-39.5482;109.944;0.576766;-0.0432392;0.248928;-13.8512
-30.7227;109.944;0.550944;-0.0251513;0.259972;-14.1421
-21.8972;109.944;0.514533;-0.00327331;0.267238;-14.3702
-13.0718;109.944;0.461198;0.0178574;0.274948;-14.5357
-4.24634;109.944;0.411489;0.0366719;0.286798;-14.6474
4.57912;109.944;0.383619;0.0551147;0.299213;-14.7152
13.4046;109.944;0.367311;0.0752076;0.305303;-14.7239
22.23;109.944;0.326019;0.0958967;0.302743;-14.6552
31.0555;109.944;0.278331;0.113027;0.293947;-14.4981
39.8809;109.944;0.210469;0.134795;0.281721;-14.2644
48.7064;109.944;0.104359;0.16402;0.27342;-13.9508
57.5318;109.944;-0.0354433;0.194964;0.267359;-13.5568
66.3573;109.944;-0.095118;0.213333;0.260488;-13.1618
75.1828;109.944;-0.0761973;0.221919;0.23985;-12.7759
84.0082;109.944;-0.205945;0.235988;0.212518;-12.2357
92.8337;109.944;-0.454149;0.236364;0.19498;-11.4808
101.659;109.944;-0.62332;0.236564;0.180432;-10.7587
110.485;109.944;-0.607741;0.235599;0.167899;-10.1655
119.31;109.944;-0.510044;0.232866;0.154859;-9.62794
128.135;109.944;-0.349533;0.220331;0.138395;-9.08282
136.961;109.944;-0.175447;0.206239;0.117522;-8.51092
145.786;109.944;-0.0669494;0.194309;0.101063;-7.85851
154.612;109.944;-0.01631;0.182358;0.0825306;-7.13437
163.437;109.944;0.0320889;0.165397;0.0651225;-6.37447
172.263;109.944;0.0823051;0.145748;0.0502362;-5.59203
181.088;109.944;0.125678;0.125459;0.037996;-4.78423
189.914;109.944;0.154805;0.103752;0.0265219;-3.93051
198.739;109.944;0.163803;0.0789788;0.0188322;-3.0381
207.565;109.944;0.290216;0.0511557;0.00376727;-2.08247
-198.406;101.119;1.147;0.0278098;0.0173265;-2.20498
-189.581;101.119;1.04388;0.0105874;0.032022;-3.08323
-180.755;101.119;0.983041;-0.00545211;0.0475684;-3.96977
-171.93;101.119;0.964203;-0.0245077;0.0619021;-4.85881
-163.105;101.119;0.938417;-0.0470498;0.0760315;-5.75186
-154.279;101.119;0.926309;-0.0669025;0.0900616;-6.62957
-145.454;101.119;0.917144;-0.0829278;0.103081;-7.47686
-136.628;101.119;0.881806;-0.101117;0.11862;-8.29686
-127.803;101.119;0.821768;-0.116983;0.130184;-9.06784
-118.977;101.119;0.766645;-0.129398;0.137796;-9.80998
-110.152;101.119;0.74933;-0.135503;0.145632;-10.5349
-101.326;101.119;0.76738;-0.133187;0.156437;-11.2293
-92.5009;101.119;0.76512;-0.125189;0.168565;-11.8682
-83.6754;101.119;0.744013;-0.118452;0.174566;-12.4668
-74.85;101.119;0.701561;-0.111087;0.180955;-13.0204
-66.0245;101.119;0.647384;-0.101757;0.194258;-13.5218
-57.1991;101.119;0.592339;-0.0902356;0.21638;-13.9673
-48.3736;101.119;0.549457;-0.0762593;0.240397;-14.3619
-39.5482;101.119;0.527716;-0.0590374;0.25717;-14.7146
-30.7227;101.119;0.511535;-0.0387513;0.268674;-15.0207
-21.8972;101.119;0.489405;-0.0157944;0.277306;-15.2689
-13.0718;101.119;0.459138;0.00665998;0.286075;-15.4504
-4.24634;101.119;0.43005;0.0270807;0.296208;-15.5722
4.57912;101.119;0.408029;0.0468366;0.30579;-15.6466
13.4046;101.119;0.385235;0.0671396;0.311062;-15.6622
22.23;101.119;0.339027;0.0876659;0.311476;-15.5969
31.0555;101.119;0.281757;0.103087;0.305876;-15.4408
39.8809;101.119;0.216035;0.130548;0.291304;-15.2152
48.7064;101.119;0.170724;0.17498;0.277126;-14.9606
57.5318;101.119;0.187875;0.220577;0.266121;-14.6871
66.3573;101.119;0.30281;0.242762;0.259696;-14.4347
75.1828;101.119;0.377268;0.252953;0.234348;-14.0971
84.0082;101.119;0.275398;0.264919;0.201632;-13.5462
92.8337;101.119;0.0372399;0.266095;0.181418;-12.771
101.659;101.119;-0.198252;0.26644;0.16682;-11.9745
110.485;101.119;-0.251137;0.263147;0.153623;-11.2971
119.31;101.119;-0.217901;0.261019;0.141438;-10.6775
128.135;101.119;-0.134608;0.252647;0.128976;-10.0481
136.961;101.119;-0.0351562;0.239569;0.113945;-9.3882
145.786;101.119;0.0491776;0.226164;0.102955;-8.69176
154.612;101.119;0.0974265;0.212704;0.0885888;-7.93794
163.437;101.119;0.145832;0.194774;0.0720127;-7.14496
172.263;101.119;0.175609;0.175349;0.056261;-6.31768
181.088;101.119;0.177583;0.156208;0.0420825;-5.45787
189.914;101.119;0.176825;0.132707;0.0265112;-4.55851
198.739;101.119;0.221702;0.100767;0.015504;-3.63973
207.565;101.119;0.282995;0.0694452;0.0034549;-2.66409
-198.406;92.2933;1.18437;0.032373;0.0121892;-2.72144
-189.581;92.2933;1.07497;0.0157952;0.0269968;-3.62024
-180.755;92.2933;0.998286;-0.00925268;0.046564;-4.51976
-171.93;92.2933;0.968392;-0.0326945;0.0610119;-5.42197
-163.105;92.2933;0.945304;-0.0556758;0.0733032;-6.32807
-154.279;92.2933;0.914747;-0.0765529;0.0883953;-7.21665
-145.454;92.2933;0.871873;-0.0947321;0.102744;-8.07626
-136.628;92.2933;0.808397;-0.113906;0.116312;-8.9068
-127.803;92.2933;0.736524;-0.130986;0.124429;-9.69105
-118.977;92.2933;0.687129;-0.145648;0.133267;-10.4603
-110.152;92.2933;0.680305;-0.153707;0.144871;-11.2149
-101.326;92.2933;0.707287;-0.151933;0.159381;-11.942
-92.5009;92.2933;0.729098;-0.142853;0.173609;-12.6183
-83.6754;92.2933;0.727188;-0.133884;0.180496;-13.2487
-74.85;92.2933;0.698585;-0.125368;0.188505;-13.8281
-66.0245;92.2933;0.649578;-0.115976;0.201874;-14.3494
-57.1991;92.2933;0.584156;-0.10481;0.22365;-14.8102
-48.3736;92.2933;0.523727;-0.0898793;0.247351;-15.223
-39.5482;92.2933;0.499115;-0.0700766;0.264851;-15.589
-30.7227;92.2933;0.497649;-0.0479877;0.277662;-15.9148
-21.8972;92.2933;0.489067;-0.0237449;0.290378;-16.1913
-13.0718;92.2933;0.473797;0.00112327;0.302004;-16.3968
-4.24634;92.2933;0.45855;0.0233506;0.312172;-16.5337
4.57912;92.2933;0.44347;0.0438835;0.319546;-16.6153
13.4046;92.2933;0.419474;0.0651789;0.321319;-16.6302
22.23;92.2933;0.379548;0.0870287;0.319623;-16.5607
31.0555;92.2933;0.32535;0.105192;0.314272;-16.4065
39.8809;92.2933;0.261383;0.143061;0.296677;-16.1911
48.7064;92.2933;0.258426;0.201019;0.273593;-15.9792
57.5318;92.2933;0.387234;0.255857;0.252318;-15.797
66.3573;92.2933;0.623477;0.278981;0.240292;-15.6386
75.1828;92.2933;0.720206;0.28837;0.214607;-15.2925
84.0082;92.2933;0.663598;0.294484;0.188727;-14.7308
92.8337;92.2933;0.501468;0.295853;0.170159;-14.0054
101.659;92.2933;0.323976;0.294872;0.154836;-13.236
110.485;92.2933;0.264703;0.289616;0.139102;-12.5298
119.31;92.2933;0.246117;0.288275;0.126337;-11.8373
128.135;92.2933;0.243546;0.283573;0.116913;-11.114
136.961;92.2933;0.25272;0.271119;0.1054;-10.3521
145.786;92.2933;0.275921;0.255822;0.0962267;-9.5788
154.612;92.2933;0.295945;0.240977;0.085646;-8.77281
163.437;92.2933;0.311817;0.223602;0.0721857;-7.92502
172.263;92.2933;0.279589;0.204743;0.0580856;-7.02448
181.088;92.2933;0.204867;0.18464;0.0447983;-6.08401
189.914;92.2933;0.163567;0.157075;0.029456;-5.12897
198.739;92.2933;0.219303;0.122565;0.0168424;-4.19407
207.565;92.2933;0.319398;0.0902979;0.00778518;-3.25076
-216.057;83.4678;1.13471;0.0244787;0.0188734;-1.25481
-207.232;83.4678;1.22884;0.0439076;0.00389101;-2.21383
-198.406;83.4678;1.18969;0.0400277;0.00740263;-3.2007
-189.581;83.4678;1.08987;0.0229484;0.0213638;-4.12645
-180.755;83.4678;1.00692;-0.00867225;0.0423647;-5.0425
-171.93;83.4678;0.969912;-0.0371814;0.0576059;-5.95657
-163.105;83.4678;0.932752;-0.0620637;0.0691622;-6.86625
-154.279;83.4678;0.868195;-0.0860517;0.0856742;-7.76569
-145.454;83.4678;0.80282;-0.107092;0.100214;-8.6436
-136.628;83.4678;0.737767;-0.125609;0.110123;-9.4954
-127.803;83.4678;0.687491;-0.141123;0.114127;-10.3106
-118.977;83.4678;0.658431;-0.154596;0.12332;-11.1094
-110.152;83.4678;0.651069;-0.162155;0.137494;-11.8877
-101.326;83.4678;0.662353;-0.160993;0.153161;-12.6366
-92.5009;83.4678;0.683476;-0.153738;0.165833;-13.3386
-83.6754;83.4678;0.679468;-0.145095;0.176419;-13.9911
-74.85;83.4678;0.662418;-0.135844;0.189731;-14.5931
-66.0245;83.4678;0.631809;-0.125714;0.205753;-15.1451
-57.1991;83.4678;0.582505;-0.113406;0.225635;-15.6421
-48.3736;83.4678;0.533435;-0.0966862;0.24682;-16.0862
-39.5482;83.4678;0.515732;-0.0749907;0.26453;-16.4744
-30.7227;83.4678;0.521203;-0.0521948;0.278074;-16.8161
-21.8972;83.4678;0.51276;-0.0280736;0.292264;-17.1045
-13.0718;83.4678;0.490002;-0.00152702;0.304854;-17.3188
-4.24634;83.4678;0.471441;0.0226478;0.316382;-17.4671
4.57912;83.4678;0.45748;0.0451551;0.324161;-17.5548
13.4046;83.4678;0.43093;0.0699942;0.323414;-17.564
22.23;83.4678;0.400648;0.0945875;0.316439;-17.4876
31.0555;83.4678;0.362231;0.120987;0.307153;-17.3321
39.8809;83.4678;0.290612;0.170611;0.284973;-17.0979
48.7064;83.4678;0.254512;0.232496;0.252818;-16.8315
57.5318;83.4678;0.330559;0.282068;0.220412;-16.5791
66.3573;83.4678;0.515635;0.300265;0.19941;-16.3511
75.1828;83.4678;0.601666;0.313065;0.180993;-15.9822
84.0082;83.4678;0.587479;0.3228;0.169334;-15.4594
92.8337;83.4678;0.540979;0.326545;0.1588;-14.8376
101.659;83.4678;0.517455;0.323311;0.144171;-14.1708
110.485;83.4678;0.51399;0.317837;0.124877;-13.4831
119.31;83.4678;0.475877;0.317021;0.109706;-12.7541
128.135;83.4678;0.439115;0.312645;0.0995238;-11.9824
136.961;83.4678;0.419938;0.299049;0.0868948;-11.1718
145.786;83.4678;0.422525;0.281393;0.0764333;-10.3497
154.612;83.4678;0.436878;0.264594;0.0684227;-9.50609
163.437;83.4678;0.427536;0.248118;0.0600388;-8.61458
172.263;83.4678;0.334556;0.230834;0.0508415;-7.65376
181.088;83.4678;0.206021;0.209835;0.0408181;-6.65675
189.914;83.4678;0.188932;0.178631;0.0275222;-5.69212
198.739;83.4678;0.273545;0.141322;0.0123935;-4.75815
207.565;83.4678;0.415942;0.104719;-0.000374225;-3.82861
216.39;83.4678;0.529988;0.0699088;-0.00607402;-2.84068
225.215;83.4678;0.556288;0.0420962;0.00177183;-1.82124
-216.057;74.6423;1.12691;0.0174227;0.0210358;-1.68052
-207.232;74.6423;1.19548;0.0431857;0.00678853;-2.66243
-198.406;74.6423;1.1683;0.0508282;0.00179382;-3.63636
-189.581;74.6423;1.06752;0.0267265;0.0160175;-4.57957
-180.755;74.6423;1.00125;-0.00609499;0.0336756;-5.51217
-171.93;74.6423;0.963353;-0.0358904;0.0477113;-6.44295
-163.105;74.6423;0.902282;-0.0620251;0.0582638;-7.35683
-154.279;74.6423;0.808838;-0.0896132;0.0738227;-8.27827
-145.454;74.6423;0.749486;-0.113103;0.085203;-9.1886
-136.628;74.6423;0.711142;-0.131084;0.0905061;-10.0779
-127.803;74.6423;0.70024;-0.144085;0.0908912;-10.9361
-118.977;74.6423;0.678856;-0.154231;0.0990916;-11.7608
-110.152;74.6423;0.645277;-0.159044;0.112741;-12.5501
-101.326;74.6423;0.6246;-0.157915;0.125549;-13.31
-92.5009;74.6423;0.635026;-0.154808;0.133419;-14.0372
-83.6754;74.6423;0.634419;-0.15034;0.147252;-14.7136
-74.85;74.6423;0.617016;-0.143211;0.166413;-15.3408
-66.0245;74.6423;0.604412;-0.133479;0.18619;-15.9291
-57.1991;74.6423;0.585235;-0.120173;0.203553;-16.4605
-48.3736;74.6423;0.565567;-0.101563;0.220158;-16.9358
-39.5482;74.6423;0.56135;-0.0781245;0.235524;-17.3521
-30.7227;74.6423;0.554256;-0.0539513;0.249584;-17.7175
-21.8972;74.6423;0.531577;-0.0284288;0.266719;-18.0222
-13.0718;74.6423;0.48706;0.000545799;0.281893;-18.2365
-4.24634;74.6423;0.448874;0.0288901;0.294518;-18.3828
4.57912;74.6423;0.423362;0.0559954;0.300623;-18.4663
13.4046;74.6423;0.39967;0.0836192;0.296159;-18.4755
22.23;74.6423;0.396825;0.107921;0.284505;-18.4143
31.0555;74.6423;0.402012;0.145543;0.267737;-18.2761
39.8809;74.6423;0.3705;0.205586;0.239976;-18.0421
48.7064;74.6423;0.346608;0.266643;0.206963;-17.7406
57.5318;74.6423;0.377197;0.307167;0.176743;-17.4079
66.3573;74.6423;0.454387;0.323119;0.15411;-17.0534
75.1828;74.6423;0.48965;0.338158;0.142061;-16.6192
84.0082;74.6423;0.493512;0.34968;0.139199;-16.1003
92.8337;74.6423;0.501657;0.355408;0.135488;-15.52
101.659;74.6423;0.527678;0.353193;0.124053;-14.8864
110.485;74.6423;0.545655;0.346172;0.105486;-14.2006
119.31;74.6423;0.508302;0.343029;0.0901111;-13.4545
128.135;74.6423;0.475845;0.33765;0.077556;-12.6759
136.961;74.6423;0.470008;0.322854;0.0639932;-11.8582
145.786;74.6423;0.4926;0.304383;0.0542169;-11.0238
154.612;74.6423;0.523872;0.287264;0.0485089;-10.1646
163.437;74.6423;0.535088;0.270324;0.0448527;-9.26952
172.263;74.6423;0.478652;0.251574;0.041336;-8.31179
181.088;74.6423;0.406547;0.22733;0.0362848;-7.3218
189.914;74.6423;0.426622;0.194009;0.0258725;-6.35754
198.739;74.6423;0.528834;0.155744;0.0119993;-5.41458
207.565;74.6423;0.613743;0.118004;-0.000200757;-4.44037
216.39;74.6423;0.669831;0.0815625;-0.00447902;-3.39135
225.215;74.6423;0.677051;0.0519826;0.00505841;-2.34664
-216.057;65.8169;1.12026;0.0234809;0.019548;-2.03486
-207.232;65.8169;1.14879;0.0441271;0.0105824;-3.05261
-198.406;65.8169;1.11237;0.0502701;0.00320542;-4.01805
-189.581;65.8169;1.02263;0.0216633;0.0118138;-4.98803
-180.755;65.8169;0.985267;-0.00818023;0.020277;-5.94209
-171.93;65.8169;0.966638;-0.0340158;0.0278458;-6.91238
-163.105;65.8169;0.909916;-0.0577237;0.0343283;-7.85743
-154.279;65.8169;0.829678;-0.0842565;0.0437956;-8.81003
-145.454;65.8169;0.798192;-0.106836;0.0485096;-9.75147
-136.628;65.8169;0.778588;-0.125581;0.0499546;-10.674
-127.803;65.8169;0.784552;-0.138846;0.0481201;-11.5633
-118.977;65.8169;0.751508;-0.148889;0.0553419;-12.4073
-110.152;65.8169;0.692443;-0.153152;0.0675523;-13.2017
-101.326;65.8169;0.662609;-0.151374;0.0764572;-13.967
-92.5009;65.8169;0.68874;-0.147884;0.0804502;-14.713
-83.6754;65.8169;0.691828;-0.145366;0.0904692;-15.415
-74.85;65.8169;0.672613;-0.143365;0.110291;-16.0735
-66.0245;65.8169;0.654771;-0.137469;0.13522;-16.6993
-57.1991;65.8169;0.633932;-0.125689;0.154334;-17.2576
-48.3736;65.8169;0.619889;-0.107055;0.16905;-17.7625
-39.5482;65.8169;0.623162;-0.0836979;0.183497;-18.2153
-30.7227;65.8169;0.623151;-0.0591203;0.200528;-18.618
-21.8972;65.8169;0.626601;-0.0334867;0.222291;-18.964
-13.0718;65.8169;0.605253;-0.00381933;0.242395;-19.2074
-4.24634;65.8169;0.575321;0.0277244;0.2556;-19.3693
4.57912;65.8169;0.546362;0.0586185;0.25877;-19.4542
13.4046;65.8169;0.524707;0.0868288;0.252275;-19.4603
22.23;65.8169;0.536323;0.111057;0.239947;-19.4118
31.0555;65.8169;0.559342;0.162375;0.21402;-19.2821
39.8809;65.8169;0.575888;0.235342;0.181189;-19.0702
48.7064;65.8169;0.645703;0.298664;0.154985;-18.8277
57.5318;65.8169;0.755603;0.335905;0.140565;-18.5445
66.3573;65.8169;0.789301;0.356743;0.130669;-18.1321
75.1828;65.8169;0.739683;0.37361;0.121647;-17.5996
84.0082;65.8169;0.701998;0.382493;0.116571;-17.0171
92.8337;65.8169;0.696709;0.384808;0.11069;-16.3966
101.659;65.8169;0.712534;0.381924;0.101607;-15.7331
110.485;65.8169;0.716904;0.376051;0.0895545;-15.0189
119.31;65.8169;0.677992;0.371621;0.075685;-14.2435
128.135;65.8169;0.6463;0.362601;0.0614885;-13.4376
136.961;65.8169;0.631982;0.345164;0.0497038;-12.5872
145.786;65.8169;0.636878;0.327624;0.0435465;-11.7178
154.612;65.8169;0.65845;0.312114;0.0403602;-10.8299
163.437;65.8169;0.666517;0.295243;0.0369574;-9.91486
172.263;65.8169;0.64572;0.274049;0.0347946;-8.95606
181.088;65.8169;0.625726;0.247021;0.0325801;-7.97314
189.914;65.8169;0.650443;0.211746;0.0233303;-6.98763
198.739;65.8169;0.719918;0.173963;0.012354;-6.005
207.565;65.8169;0.772802;0.136466;0.00550882;-4.98702
216.39;65.8169;0.792541;0.0990745;0.00482961;-3.9224
225.215;65.8169;0.789353;0.0690846;0.0120922;-2.81437
234.041;65.8169;0.857881;0.0452122;0.0170471;-1.66467
-216.057;56.9914;1.09132;0.0335077;0.0156484;-2.35093
-207.232;56.9914;1.09696;0.0453525;0.00989053;-3.37869
-198.406;56.9914;1.03282;0.0434832;0.00432552;-4.35297
-189.581;56.9914;0.945366;0.00804404;0.00959563;-5.35186
-180.755;56.9914;0.929629;-0.019345;0.0106513;-6.32479
-171.93;56.9914;0.940946;-0.0394983;0.0097509;-7.31667
-163.105;56.9914;0.927983;-0.0586431;0.00890056;-8.30121
-154.279;56.9914;0.905055;-0.0800981;0.00928114;-9.29548
-145.454;56.9914;0.912293;-0.100498;0.0073669;-10.2818
-136.628;56.9914;0.897163;-0.11902;0.00642114;-11.2307
-127.803;56.9914;0.874911;-0.136291;0.0107003;-12.142
-118.977;56.9914;0.825809;-0.150087;0.0221129;-13.0057
-110.152;56.9914;0.764951;-0.155916;0.0356656;-13.8171
-101.326;56.9914;0.739045;-0.153387;0.0430566;-14.6028
-92.5009;56.9914;0.772876;-0.147579;0.0453417;-15.3711
-83.6754;56.9914;0.783145;-0.145296;0.0533949;-16.1087
-74.85;56.9914;0.763011;-0.146462;0.0715546;-16.8017
-66.0245;56.9914;0.728803;-0.145915;0.0963669;-17.4533
-57.1991;56.9914;0.69062;-0.136128;0.116893;-18.0279
-48.3736;56.9914;0.67462;-0.116773;0.132089;-18.5533
-39.5482;56.9914;0.690995;-0.0928491;0.146279;-19.0418
-30.7227;56.9914;0.70422;-0.0674356;0.164952;-19.484
-21.8972;56.9914;0.730038;-0.0420294;0.1901;-19.8738
-13.0718;56.9914;0.738211;-0.0125394;0.21268;-20.1594
-4.24634;56.9914;0.724077;0.0204693;0.226238;-20.3421
4.57912;56.9914;0.687946;0.0527243;0.231561;-20.4252
13.4046;56.9914;0.650439;0.0799614;0.231413;-20.4142
22.23;56.9914;0.667564;0.109435;0.220748;-20.3675
31.0555;56.9914;0.697511;0.175926;0.18863;-20.2366
39.8809;56.9914;0.727808;0.262878;0.152843;-20.018
48.7064;56.9914;0.816947;0.330115;0.130759;-19.7767
57.5318;56.9914;0.927424;0.365427;0.123795;-19.482
66.3573;56.9914;0.931704;0.388541;0.120804;-19.031
75.1828;56.9914;0.832194;0.406749;0.116554;-18.4285
84.0082;56.9914;0.788661;0.413414;0.107774;-17.798
92.8337;56.9914;0.792258;0.413975;0.0972247;-17.1523
101.659;56.9914;0.817246;0.412382;0.0876571;-16.4806
110.485;56.9914;0.832391;0.410401;0.0790253;-15.7613
119.31;56.9914;0.78495;0.408028;0.0685225;-14.9522
128.135;56.9914;0.736788;0.3951;0.0552294;-14.0959
136.961;56.9914;0.7044;0.375331;0.0450418;-13.2086
145.786;56.9914;0.696779;0.356141;0.0410588;-12.3105
154.612;56.9914;0.717658;0.338636;0.0385906;-11.399
163.437;56.9914;0.739117;0.319188;0.0344459;-10.4689
172.263;56.9914;0.740678;0.296804;0.0334347;-9.50215
181.088;56.9914;0.735965;0.270124;0.0331111;-8.51039
189.914;56.9914;0.746291;0.233134;0.0248105;-7.4926
198.739;56.9914;0.786065;0.194078;0.0155788;-6.47354
207.565;56.9914;0.829952;0.155813;0.0122285;-5.43535
216.39;56.9914;0.858795;0.117923;0.0133221;-4.36171
225.215;56.9914;0.879561;0.0821812;0.0162194;-3.23181
234.041;56.9914;0.956958;0.0564145;0.021945;-2.07686
-224.883;48.166;1.06381;0.050359;0.0103171;-1.61958
-216.057;48.166;1.06689;0.0379333;0.0116211;-2.63187
-207.232;48.166;1.05918;0.0404814;0.00785874;-3.64388
-198.406;48.166;0.954028;0.0255744;0.00599967;-4.64855
-189.581;48.166;0.87483;-0.00788556;0.00930331;-5.66591
-180.755;48.166;0.858174;-0.0356491;0.0078616;-6.67421
-171.93;48.166;0.857739;-0.0580694;0.00339025;-7.68772
-163.105;48.166;0.85302;-0.0783071;-0.000832777;-8.70161
-154.279;48.166;0.870718;-0.0967211;-0.00541706;-9.71944
-145.454;48.166;0.921805;-0.113669;-0.0110013;-10.7307
-136.628;48.166;0.894862;-0.130231;-0.00850627;-11.6828
-127.803;48.166;0.848546;-0.147771;3.37937e-05;-12.5993
-118.977;48.166;0.795662;-0.163223;0.0148093;-13.4802
-110.152;48.166;0.757496;-0.171612;0.0300425;-14.3243
-101.326;48.166;0.756007;-0.171121;0.0373756;-15.1555
-92.5009;48.166;0.790202;-0.164537;0.0384197;-15.9628
-83.6754;48.166;0.806275;-0.158192;0.0435046;-16.7224
-74.85;48.166;0.774131;-0.16045;0.0592893;-17.4323
-66.0245;48.166;0.722541;-0.161276;0.0838119;-18.099
-57.1991;48.166;0.679461;-0.151725;0.106048;-18.7023
-48.3736;48.166;0.67987;-0.131675;0.123043;-19.2675
-39.5482;48.166;0.721992;-0.105689;0.137734;-19.8024
-30.7227;48.166;0.747997;-0.077457;0.156113;-20.2788
-21.8972;48.166;0.763623;-0.0510493;0.178667;-20.6837
-13.0718;48.166;0.780022;-0.0219046;0.198533;-20.9953
-4.24634;48.166;0.775986;0.0115238;0.212605;-21.1965
4.57912;48.166;0.751009;0.0435232;0.222622;-21.2945
13.4046;48.166;0.730967;0.0722438;0.228515;-21.2937
22.23;48.166;0.761595;0.118975;0.216883;-21.2568
31.0555;48.166;0.792619;0.203365;0.184736;-21.1244
39.8809;48.166;0.823484;0.296429;0.151788;-20.8962
48.7064;48.166;0.892501;0.359883;0.132193;-20.6179
57.5318;48.166;0.958623;0.390387;0.124212;-20.2591
66.3573;48.166;0.934247;0.413483;0.117803;-19.7621
75.1828;48.166;0.82986;0.434349;0.110701;-19.1272
84.0082;48.166;0.789482;0.442298;0.099768;-18.4661
92.8337;48.166;0.790305;0.441619;0.0875553;-17.785
101.659;48.166;0.815422;0.43726;0.0775378;-17.079
110.485;48.166;0.842251;0.435202;0.0708397;-16.3381
119.31;48.166;0.792912;0.433504;0.0647644;-15.4913
128.135;48.166;0.731733;0.419623;0.0544706;-14.5937
136.961;48.166;0.693333;0.398076;0.0457869;-13.6817
145.786;48.166;0.6932;0.377109;0.0407707;-12.7771
154.612;48.166;0.729869;0.359001;0.0358482;-11.8661
163.437;48.166;0.783083;0.33809;0.0309382;-10.9399
172.263;48.166;0.793743;0.314419;0.0313031;-9.95656
181.088;48.166;0.774467;0.287664;0.0333763;-8.93476
189.914;48.166;0.756993;0.250463;0.0275897;-7.88
198.739;48.166;0.785683;0.208872;0.0190482;-6.83701
207.565;48.166;0.839869;0.16902;0.0154432;-5.79258
216.39;48.166;0.895652;0.129869;0.0164493;-4.72755
225.215;48.166;0.945642;0.0903522;0.0186309;-3.62198
234.041;48.166;1.00101;0.0587151;0.0239128;-2.47876
-224.883;39.3405;1.00932;0.0546896;0.0102095;-1.83889
-216.057;39.3405;1.0033;0.0411047;0.0111025;-2.87142
-207.232;39.3405;0.963398;0.0290909;0.00926458;-3.89369
-198.406;39.3405;0.873102;0.00633696;0.00941815;-4.91118
-189.581;39.3405;0.837556;-0.0227508;0.0104963;-5.94834
-180.755;39.3405;0.834663;-0.0503545;0.00800656;-6.99829
-171.93;39.3405;0.820363;-0.0747858;0.00216698;-8.02506
-163.105;39.3405;0.809218;-0.0976682;-0.00394844;-9.05547
-154.279;39.3405;0.840395;-0.115874;-0.0114217;-10.0824
-145.454;39.3405;0.891338;-0.130467;-0.0179622;-11.0986
-136.628;39.3405;0.844787;-0.143875;-0.0126775;-12.0446
-127.803;39.3405;0.771562;-0.159287;-0.00234593;-12.9638
-118.977;39.3405;0.732236;-0.173945;0.0116447;-13.8601
-110.152;39.3405;0.725521;-0.18482;0.0248942;-14.7354
-101.326;39.3405;0.736193;-0.189401;0.0335422;-15.6068
-92.5009;39.3405;0.752029;-0.186353;0.0367629;-16.4483
-83.6754;39.3405;0.7599;-0.177246;0.0406712;-17.2308
-74.85;39.3405;0.732953;-0.17526;0.0523603;-17.9643
-66.0245;39.3405;0.686689;-0.17428;0.074175;-18.6597
-57.1991;39.3405;0.655393;-0.16508;0.0952549;-19.3083
-48.3736;39.3405;0.682302;-0.146169;0.111655;-19.9276
-39.5482;39.3405;0.755528;-0.119749;0.126095;-20.5162
-30.7227;39.3405;0.796349;-0.0902482;0.145068;-21.0217
-21.8972;39.3405;0.79118;-0.0633059;0.168165;-21.4272
-13.0718;39.3405;0.806507;-0.0351163;0.189808;-21.749
-4.24634;39.3405;0.81822;-0.00341946;0.209267;-21.9861
4.57912;39.3405;0.830384;0.0308081;0.222595;-22.1396
13.4046;39.3405;0.859274;0.0744521;0.223508;-22.1963
22.23;39.3405;0.916367;0.152188;0.203377;-22.1821
31.0555;39.3405;0.97782;0.254145;0.172944;-22.0771
39.8809;39.3405;1.07228;0.338863;0.149884;-21.9021
48.7064;39.3405;1.14421;0.388619;0.135626;-21.6085
57.5318;39.3405;1.14797;0.413834;0.124429;-21.1678
66.3573;39.3405;1.06754;0.438499;0.108996;-20.5909
75.1828;39.3405;0.956268;0.461521;0.0929176;-19.9064
84.0082;39.3405;0.881232;0.472538;0.0812161;-19.1891
92.8337;39.3405;0.836825;0.473081;0.0712936;-18.4457
101.659;39.3405;0.828571;0.467272;0.0633485;-17.6801
110.485;39.3405;0.84452;0.464635;0.059205;-16.9005
119.31;39.3405;0.808106;0.459351;0.0561497;-16.0175
128.135;39.3405;0.753561;0.442055;0.0484869;-15.0799
136.961;39.3405;0.723442;0.41853;0.0410872;-14.1456
145.786;39.3405;0.734529;0.396098;0.0345665;-13.2305
154.612;39.3405;0.784068;0.376505;0.0269096;-12.3112
163.437;39.3405;0.865232;0.353243;0.0219334;-11.3828
172.263;39.3405;0.887977;0.326689;0.0220938;-10.385
181.088;39.3405;0.854081;0.29449;0.0266475;-9.31899
189.914;39.3405;0.805222;0.257358;0.02427;-8.2235
198.739;39.3405;0.832922;0.21665;0.018662;-7.17004
207.565;39.3405;0.888458;0.177566;0.0153046;-6.11942
216.39;39.3405;0.95912;0.137608;0.0161223;-5.04965
225.215;39.3405;0.991232;0.0940212;0.0169694;-3.93784
234.041;39.3405;0.933845;0.0548075;0.0183675;-2.78602
-224.883;30.5151;0.99057;0.0488116;0.0160022;-2.07252
-216.057;30.5151;0.981583;0.0361274;0.0149329;-3.13148
-207.232;30.5151;0.931365;0.018155;0.0129151;-4.15701
-198.406;30.5151;0.872733;-0.00824948;0.012591;-5.19174
-189.581;30.5151;0.887535;-0.0319234;0.0107766;-6.23324
-180.755;30.5151;0.895695;-0.0577414;0.00742076;-7.30276
-171.93;30.5151;0.873821;-0.0816031;0.00147123;-8.33663
-163.105;30.5151;0.851353;-0.105691;-0.00567451;-9.37543
-154.279;30.5151;0.862394;-0.126482;-0.0143729;-10.4065
-145.454;30.5151;0.885473;-0.142001;-0.0208183;-11.4116
-136.628;30.5151;0.825808;-0.153435;-0.0160052;-12.3568
-127.803;30.5151;0.744925;-0.16651;-0.00874449;-13.2863
-118.977;30.5151;0.719986;-0.179095;-9.51908e-05;-14.2017
-110.152;30.5151;0.725504;-0.190954;0.00897369;-15.1023
-101.326;30.5151;0.72966;-0.199236;0.0193373;-15.9961
-92.5009;30.5151;0.7258;-0.199502;0.0268606;-16.8633
-83.6754;30.5151;0.724869;-0.19054;0.0320518;-17.6792
-74.85;30.5151;0.716772;-0.184229;0.0395932;-18.4459
-66.0245;30.5151;0.687583;-0.18226;0.0563941;-19.1786
-57.1991;30.5151;0.672537;-0.174293;0.0739242;-19.8751
-48.3736;30.5151;0.721677;-0.157813;0.0887791;-20.5491
-39.5482;30.5151;0.820896;-0.133066;0.103068;-21.1992
-30.7227;30.5151;0.88652;-0.104329;0.121112;-21.7561
-21.8972;30.5151;0.890989;-0.0755828;0.14428;-22.2016
-13.0718;30.5151;0.928875;-0.0466029;0.17154;-22.5701
-4.24634;30.5151;0.987815;-0.0190034;0.202065;-22.8795
4.57912;30.5151;1.03992;0.0201322;0.217663;-23.0784
13.4046;30.5151;1.09212;0.091328;0.200994;-23.1613
22.23;30.5151;1.18464;0.208451;0.160152;-23.181
31.0555;30.5151;1.36398;0.326542;0.122853;-23.1982
39.8809;30.5151;1.62341;0.395074;0.110557;-23.182
48.7064;30.5151;1.73033;0.423052;0.106676;-22.8912
57.5318;30.5151;1.66436;0.438194;0.0969415;-22.342
66.3573;30.5151;1.50995;0.462725;0.0788131;-21.6477
75.1828;30.5151;1.34809;0.48362;0.0614803;-20.8581
84.0082;30.5151;1.19468;0.495308;0.0518936;-20.0324
92.8337;30.5151;1.09034;0.496857;0.0467371;-19.2036
101.659;30.5151;1.05168;0.490053;0.0436144;-18.3763
110.485;30.5151;1.05914;0.483473;0.0430891;-17.5533
119.31;30.5151;1.03822;0.47149;0.0424984;-16.6487
128.135;30.5151;0.995221;0.45144;0.0386556;-15.6779
136.961;30.5151;0.945152;0.429946;0.0333271;-14.6971
145.786;30.5151;0.905957;0.410703;0.0265229;-13.721
154.612;30.5151;0.897856;0.39112;0.0182478;-12.7391
163.437;30.5151;0.955381;0.365783;0.0141384;-11.7706
172.263;30.5151;0.973571;0.339059;0.0132491;-10.7578
181.088;30.5151;0.932285;0.307814;0.0171486;-9.67278
189.914;30.5151;0.878759;0.271257;0.018435;-8.55665
198.739;30.5151;0.931644;0.230577;0.0182424;-7.51372
207.565;30.5151;1.01269;0.190861;0.0168971;-6.47584
216.39;30.5151;1.07774;0.148725;0.0165315;-5.38813
225.215;30.5151;1.10827;0.100495;0.0149905;-4.23816
234.041;30.5151;1.10455;0.0535329;0.0145874;-3.05993
-224.883;21.6896;1.01462;0.0444932;0.0194221;-2.26749
-216.057;21.6896;1.02081;0.0304398;0.0170943;-3.36622
-207.232;21.6896;0.977158;0.0102486;0.0155031;-4.40392
-198.406;21.6896;0.945658;-0.0170779;0.014947;-5.45646
-189.581;21.6896;0.973677;-0.0381564;0.0112718;-6.50679
-180.755;21.6896;0.979503;-0.062702;0.00709724;-7.58237
-171.93;21.6896;0.945033;-0.0849429;0.000747721;-8.61363
-163.105;21.6896;0.90113;-0.107393;-0.00749861;-9.63977
-154.279;21.6896;0.882888;-0.129326;-0.0171971;-10.6649
-145.454;21.6896;0.886958;-0.148032;-0.0241558;-11.6773
-136.628;21.6896;0.841583;-0.159295;-0.0229364;-12.6453
-127.803;21.6896;0.788218;-0.171618;-0.0222279;-13.6022
-118.977;21.6896;0.768903;-0.18289;-0.0201464;-14.5444
-110.152;21.6896;0.762174;-0.19433;-0.0144743;-15.4617
-101.326;21.6896;0.752518;-0.202501;-0.00449864;-16.3587
-92.5009;21.6896;0.744016;-0.202402;0.0053049;-17.2317
-83.6754;21.6896;0.747503;-0.194574;0.0124162;-18.0722
-74.85;21.6896;0.754545;-0.189439;0.0186257;-18.8765
-66.0245;21.6896;0.734739;-0.188945;0.0311462;-19.6496
-57.1991;21.6896;0.728352;-0.181803;0.0458905;-20.3856
-48.3736;21.6896;0.784571;-0.167119;0.0615582;-21.1017
-39.5482;21.6896;0.895969;-0.145241;0.0794428;-21.8079
-30.7227;21.6896;1.00116;-0.118433;0.100106;-22.444
-21.8972;21.6896;1.06984;-0.0867236;0.122985;-22.9721
-13.0718;21.6896;1.16794;-0.0561708;0.153889;-23.4357
-4.24634;21.6896;1.29043;-0.0306736;0.193179;-23.825
4.57912;21.6896;1.29921;0.0140671;0.201043;-23.9463
13.4046;21.6896;1.235;0.112242;0.157192;-23.9132
22.23;21.6896;1.32112;0.266861;0.0818372;-23.9557
31.0555;21.6896;1.69851;0.387379;0.0328137;-24.0756
39.8809;21.6896;1.94341;0.44961;0.023839;-24.0057
48.7064;21.6896;1.87326;0.467191;0.0276962;-23.5626
57.5318;21.6896;1.70887;0.477828;0.0313056;-22.9503
66.3573;21.6896;1.64212;0.497597;0.0303937;-22.2976
75.1828;21.6896;1.56797;0.510786;0.0274871;-21.5502
84.0082;21.6896;1.38822;0.520853;0.025272;-20.6798
92.8337;21.6896;1.24181;0.522117;0.0254601;-19.7836
101.659;21.6896;1.15467;0.516105;0.0255251;-18.8895
110.485;21.6896;1.10588;0.507163;0.0254169;-17.991
119.31;21.6896;1.04414;0.494302;0.0247347;-17.0328
128.135;21.6896;0.987147;0.474862;0.0232804;-16.0261
136.961;21.6896;0.943352;0.452732;0.0209103;-15.0222
145.786;21.6896;0.906968;0.431797;0.0171196;-14.0218
154.612;21.6896;0.882896;0.409661;0.0123108;-13.0078
163.437;21.6896;0.917764;0.383088;0.0104634;-12.008
172.263;21.6896;0.932996;0.35727;0.0088251;-10.983
181.088;21.6896;0.881726;0.327586;0.010995;-9.86777
189.914;21.6896;0.833287;0.292502;0.0130872;-8.73272
198.739;21.6896;0.94611;0.250832;0.0155014;-7.7293
207.565;21.6896;1.09593;0.209407;0.0156527;-6.74525
216.39;21.6896;1.20366;0.165435;0.0160997;-5.68649
225.215;21.6896;1.22865;0.115027;0.0154366;-4.53025
234.041;21.6896;1.21946;0.0620647;0.0134175;-3.29742
242.866;21.6896;0.737962;0.0286653;0.017551;-1.99268
-224.883;12.8642;1.05612;0.0528802;0.0168607;-2.3946
-216.057;12.8642;1.06185;0.0314747;0.0143672;-3.51651
-207.232;12.8642;0.999945;0.00746861;0.0143388;-4.54815
-198.406;12.8642;0.968572;-0.0206896;0.0143538;-5.60022
-189.581;12.8642;0.981789;-0.0426194;0.0098164;-6.66494
-180.755;12.8642;0.996518;-0.0679394;0.00548449;-7.75766
-171.93;12.8642;0.943253;-0.0903885;-0.000685607;-8.78128
-163.105;12.8642;0.864096;-0.111185;-0.00945378;-9.78951
-154.279;12.8642;0.831519;-0.130216;-0.0207884;-10.8095
-145.454;12.8642;0.848888;-0.149228;-0.0299308;-11.8498
-136.628;12.8642;0.842674;-0.161554;-0.0340615;-12.8561
-127.803;12.8642;0.829648;-0.175498;-0.0374695;-13.8495
-118.977;12.8642;0.811409;-0.188137;-0.0368991;-14.8237
-110.152;12.8642;0.788221;-0.200334;-0.0337182;-15.7608
-101.326;12.8642;0.763332;-0.208481;-0.0267889;-16.6725
-92.5009;12.8642;0.743872;-0.207891;-0.017773;-17.5488
-83.6754;12.8642;0.738293;-0.199442;-0.0099187;-18.3888
-74.85;12.8642;0.752105;-0.194748;-0.00309774;-19.2174
-66.0245;12.8642;0.749092;-0.192947;0.00673297;-20.0221
-57.1991;12.8642;0.750809;-0.182595;0.0180504;-20.7832
-48.3736;12.8642;0.801242;-0.167108;0.0340217;-21.5251
-39.5482;12.8642;0.922001;-0.148407;0.057231;-22.2751
-30.7227;12.8642;1.10148;-0.125718;0.0845607;-22.999
-21.8972;12.8642;1.31405;-0.0957666;0.111664;-23.652
-13.0718;12.8642;1.48842;-0.0618958;0.140588;-24.1801
-4.24634;12.8642;1.44887;-0.0198571;0.166452;-24.4506
4.57912;12.8642;1.19981;0.0360268;0.155586;-24.3036
13.4046;12.8642;0.924123;0.141592;0.094244;-24.1022
22.23;12.8642;0.870682;0.294107;0.0112649;-24.0949
31.0555;12.8642;1.09906;0.414238;-0.0423208;-24.1329
39.8809;12.8642;1.09734;0.479884;-0.0622278;-23.8575
48.7064;12.8642;1.0253;0.498221;-0.0626422;-23.3128
57.5318;12.8642;1.09551;0.516641;-0.0460078;-22.8437
66.3573;12.8642;1.33665;0.535436;-0.0230676;-22.4236
75.1828;12.8642;1.46785;0.542697;-0.00528895;-21.8507
84.0082;12.8642;1.32583;0.547838;0.000879773;-21.0014
92.8337;12.8642;1.14837;0.544658;0.00421634;-20.0392
101.659;12.8642;0.996261;0.536874;0.00616009;-19.0573
110.485;12.8642;0.884863;0.527323;0.0062838;-18.0878
119.31;12.8642;0.80867;0.514409;0.00650459;-17.1067
128.135;12.8642;0.788571;0.4957;0.00755208;-16.1239
136.961;12.8642;0.788863;0.474273;0.00738571;-15.144
145.786;12.8642;0.789086;0.452266;0.00602926;-14.1557
154.612;12.8642;0.789267;0.428179;0.0049083;-13.1473
163.437;12.8642;0.827617;0.401582;0.00586467;-12.1442
172.263;12.8642;0.851269;0.374888;0.00590136;-11.114
181.088;12.8642;0.802593;0.343023;0.00817939;-9.97107
189.914;12.8642;0.764352;0.307697;0.0105802;-8.81879
198.739;12.8642;0.894679;0.266682;0.0136495;-7.819
207.565;12.8642;1.11131;0.224379;0.0145529;-6.8888
216.39;12.8642;1.26532;0.180897;0.014294;-5.86972
225.215;12.8642;1.31563;0.132907;0.0145306;-4.71908
234.041;12.8642;1.25629;0.0842519;0.0144801;-3.45393
242.866;12.8642;1.02454;0.0438537;0.0185253;-2.09207
-233.708;4.0387;0.970567;0.0728069;0.0129008;-1.37783
-224.883;4.0387;1.05611;0.0631937;0.0110172;-2.47091
-216.057;4.0387;1.03173;0.0374607;0.0106085;-3.56406
-207.232;4.0387;0.905772;0.0024466;0.0133693;-4.6005
-198.406;4.0387;0.834545;-0.0296427;0.0140416;-5.64566
-189.581;4.0387;0.852567;-0.0528868;0.00869108;-6.72319
-180.755;4.0387;0.923193;-0.0770339;0.00462502;-7.84132
-171.93;4.0387;0.879887;-0.101129;-0.000412267;-8.89192
-163.105;4.0387;0.778041;-0.121742;-0.00951532;-9.92212
-154.279;4.0387;0.750704;-0.13407;-0.0243991;-10.9594
-145.454;4.0387;0.815251;-0.143572;-0.0388568;-11.9963
-136.628;4.0387;0.828954;-0.157899;-0.0466853;-13.0201
-127.803;4.0387;0.817705;-0.173082;-0.0497889;-14.0192
-118.977;4.0387;0.808385;-0.186641;-0.0477246;-14.9942
-110.152;4.0387;0.791061;-0.202054;-0.0437083;-15.9644
-101.326;4.0387;0.755854;-0.212893;-0.0394379;-16.8952
-92.5009;4.0387;0.710604;-0.213385;-0.0352278;-17.7695
-83.6754;4.0387;0.681998;-0.206071;-0.0302103;-18.6012
-74.85;4.0387;0.695752;-0.201299;-0.0221045;-19.4424
-66.0245;4.0387;0.714417;-0.197603;-0.01325;-20.2724
-57.1991;4.0387;0.725944;-0.184817;-0.00612115;-21.058
-48.3736;4.0387;0.765626;-0.166782;0.0061648;-21.815
-39.5482;4.0387;0.876335;-0.146472;0.0289523;-22.5852
-30.7227;4.0387;1.07701;-0.123425;0.0578401;-23.3505
-21.8972;4.0387;1.33105;-0.0892433;0.0850648;-24.0624
-13.0718;4.0387;1.42379;-0.0429417;0.107851;-24.5271
-4.24634;4.0387;0.79131;0.0128445;0.121645;-24.4919
4.57912;4.0387;0.165894;0.0766465;0.0955094;-24.0777
13.4046;4.0387;0.0502786;0.185577;0.0269362;-23.9406
22.23;4.0387;0.431554;0.309507;-0.0453862;-24.0837
31.0555;4.0387;0.675147;0.421673;-0.0922323;-24.0896
39.8809;4.0387;0.545811;0.485736;-0.11815;-23.6649
48.7064;4.0387;0.520612;0.512342;-0.122693;-23.1454
57.5318;4.0387;0.733694;0.538827;-0.104781;-22.7894
66.3573;4.0387;1.08008;0.560187;-0.0740056;-22.4669
75.1828;4.0387;1.27114;0.567858;-0.0452237;-21.9513
84.0082;4.0387;1.11627;0.571507;-0.0315244;-21.0797
92.8337;4.0387;0.875649;0.564378;-0.025554;-20.0306
101.659;4.0387;0.648453;0.552993;-0.0216979;-18.9522
110.485;4.0387;0.507238;0.542176;-0.0191563;-17.941
119.31;4.0387;0.500926;0.528172;-0.0155062;-17.0141
128.135;4.0387;0.584916;0.510951;-0.0121721;-16.1302
136.961;4.0387;0.655455;0.492617;-0.0116345;-15.2139
145.786;4.0387;0.700732;0.470666;-0.011125;-14.2513
154.612;4.0387;0.735282;0.444899;-0.009022;-13.2555
163.437;4.0387;0.789184;0.418745;-0.00528763;-12.2593
172.263;4.0387;0.821612;0.389858;-0.00174841;-11.2214
181.088;4.0387;0.777993;0.354875;0.00315958;-10.0621
189.914;4.0387;0.736501;0.317568;0.00820005;-8.88892
198.739;4.0387;0.823765;0.277795;0.0125011;-7.84101
207.565;4.0387;1.06119;0.234625;0.0133906;-6.91868
216.39;4.0387;1.23013;0.18967;0.0116968;-5.90611
225.215;4.0387;1.27151;0.14324;0.0117437;-4.75337
234.041;4.0387;1.18081;0.0973216;0.0159605;-3.46303
242.866;4.0387;1.01931;0.0544178;0.0226453;-2.10495
251.692;4.0387;0.994675;0.0398737;0.0251492;-0.765651
-233.708;-4.78675;0.917463;0.0776575;0.013116;-1.3902
-224.883;-4.78675;0.994445;0.063963;0.0124592;-2.49498
-216.057;-4.78675;0.947679;0.0349614;0.0126695;-3.57154
-207.232;-4.78675;0.796723;-0.00414798;0.0153479;-4.59799
-198.406;-4.78675;0.716482;-0.0376374;0.0142251;-5.63566
-189.581;-4.78675;0.745535;-0.0599293;0.00783635;-6.72146
-180.755;-4.78675;0.872422;-0.0814815;0.00497909;-7.86331
-171.93;-4.78675;0.889449;-0.0996559;-0.000943732;-8.94535
-163.105;-4.78675;0.831692;-0.110714;-0.0140045;-9.99148
-154.279;-4.78675;0.817966;-0.116304;-0.0332344;-11.0502
-145.454;-4.78675;0.863743;-0.125455;-0.0488391;-12.0969
-136.628;-4.78675;0.845111;-0.146587;-0.0565034;-13.1342
-127.803;-4.78675;0.806519;-0.165196;-0.0591533;-14.1283
-118.977;-4.78675;0.802731;-0.179605;-0.0574541;-15.0958
-110.152;-4.78675;0.78717;-0.194566;-0.055091;-16.0693
-101.326;-4.78675;0.743456;-0.20476;-0.0538919;-17.0021
-92.5009;-4.78675;0.683742;-0.206056;-0.0532298;-17.8764
-83.6754;-4.78675;0.637338;-0.201486;-0.0502249;-18.7105
-74.85;-4.78675;0.641553;-0.199385;-0.0437021;-19.5628
-66.0245;-4.78675;0.664505;-0.196306;-0.0372354;-20.403
-57.1991;-4.78675;0.680742;-0.183543;-0.0336562;-21.2016
-48.3736;-4.78675;0.720361;-0.164347;-0.0254322;-21.9689
-39.5482;-4.78675;0.81216;-0.140947;-0.00812247;-22.7297
-30.7227;-4.78675;0.966209;-0.114102;0.0140008;-23.4598
-21.8972;-4.78675;1.14349;-0.0794607;0.034052;-24.1013
-13.0718;-4.78675;1.04402;-0.0287905;0.0531611;-24.4146
-4.24634;-4.78675;0.161212;0.0315504;0.0664881;-24.1073
4.57912;-4.78675;-0.358994;0.103577;0.0317603;-23.7316
13.4046;-4.78675;-0.107541;0.22304;-0.0368246;-23.9391
22.23;-4.78675;0.522532;0.333419;-0.0988044;-24.2976
31.0555;-4.78675;0.672897;0.427141;-0.130752;-24.261
39.8809;-4.78675;0.508165;0.478334;-0.152438;-23.734
48.7064;-4.78675;0.504454;0.509872;-0.158304;-23.2454
57.5318;-4.78675;0.692116;0.537395;-0.145222;-22.8643
66.3573;-4.78675;0.938002;0.559567;-0.118849;-22.4602
75.1828;-4.78675;1.04858;0.56919;-0.0905973;-21.8597
84.0082;-4.78675;0.839811;0.573371;-0.073281;-20.9165
92.8337;-4.78675;0.531381;0.566209;-0.065626;-19.7982
101.659;-4.78675;0.27336;0.555908;-0.0596022;-18.6951
110.485;-4.78675;0.185482;0.546415;-0.0529068;-17.7351
119.31;-4.78675;0.334187;0.537485;-0.0447831;-16.9684
128.135;-4.78675;0.560192;0.524168;-0.0389884;-16.2267
136.961;-4.78675;0.6778;0.506627;-0.0374154;-15.3485
145.786;-4.78675;0.743401;0.484608;-0.0343462;-14.3919
154.612;-4.78675;0.804416;0.458732;-0.0290562;-13.4041
163.437;-4.78675;0.873434;0.433136;-0.0230779;-12.4111
172.263;-4.78675;0.901538;0.402516;-0.0166627;-11.3541
181.088;-4.78675;0.842186;0.365907;-0.00765821;-10.1785
189.914;-4.78675;0.769188;0.326012;0.00222305;-8.97546
198.739;-4.78675;0.787309;0.285473;0.00928093;-7.85766
207.565;-4.78675;0.976932;0.241253;0.0104717;-6.87669
216.39;-4.78675;1.13749;0.192784;0.00987443;-5.84297
225.215;-4.78675;1.1876;0.144219;0.0120125;-4.68946
234.041;-4.78675;1.10546;0.0989155;0.0192216;-3.41014
242.866;-4.78675;0.957532;0.0582017;0.0261842;-2.09737
251.692;-4.78675;0.939029;0.041083;0.0263725;-0.789328
-233.708;-13.6122;0.91999;0.0852847;0.0190568;-1.3744
-224.883;-13.6122;0.971939;0.0716081;0.0197796;-2.49643
-216.057;-13.6122;0.930641;0.0419259;0.0210673;-3.57056
-207.232;-13.6122;0.846861;0.00101779;0.020933;-4.62785
-198.406;-13.6122;0.79765;-0.0349763;0.0170456;-5.69447
-189.581;-13.6122;0.820681;-0.0585499;0.00909303;-6.78802
-180.755;-13.6122;0.91906;-0.0761612;0.00320214;-7.91095
-171.93;-13.6122;0.914213;-0.0871585;-0.00800741;-8.98505
-163.105;-13.6122;0.853727;-0.0901369;-0.0263547;-10.0182
-154.279;-13.6122;0.837878;-0.0937314;-0.0465798;-11.082
-145.454;-13.6122;0.867219;-0.107809;-0.0583447;-12.1453
-136.628;-13.6122;0.836473;-0.135835;-0.0617779;-13.1964
-127.803;-13.6122;0.798462;-0.155189;-0.0646936;-14.1811
-118.977;-13.6122;0.792631;-0.167862;-0.0668532;-15.1411
-110.152;-13.6122;0.765927;-0.179247;-0.0699284;-16.0907
-101.326;-13.6122;0.714797;-0.186828;-0.0730655;-17.0074
-92.5009;-13.6122;0.661092;-0.188367;-0.0750944;-17.8838
-83.6754;-13.6122;0.625794;-0.186081;-0.0745835;-18.7402
-74.85;-13.6122;0.616338;-0.186144;-0.0735782;-19.5974
-66.0245;-13.6122;0.624545;-0.182083;-0.0721222;-20.4249
-57.1991;-13.6122;0.62297;-0.169771;-0.0689668;-21.214
-48.3736;-13.6122;0.663582;-0.151223;-0.0601163;-21.9801
-39.5482;-13.6122;0.755989;-0.125453;-0.0490013;-22.7331
-30.7227;-13.6122;0.874823;-0.0951618;-0.039081;-23.4169
-21.8972;-13.6122;0.959652;-0.0622506;-0.0302784;-23.9666
-13.0718;-13.6122;0.723583;-0.00823821;-0.0174146;-24.2003
-4.24634;-13.6122;0.0637401;0.0645512;-0.00710266;-23.9604
4.57912;-13.6122;-0.0101293;0.154403;-0.0423487;-23.9373
13.4046;-13.6122;0.485767;0.268137;-0.10496;-24.359
22.23;-13.6122;0.927745;0.362971;-0.153278;-24.68
31.0555;-13.6122;0.845962;0.424275;-0.166096;-24.4462
39.8809;-13.6122;0.67888;0.462536;-0.178997;-23.8709
48.7064;-13.6122;0.649537;0.495993;-0.183977;-23.3721
57.5318;-13.6122;0.717417;0.522733;-0.174926;-22.8811
66.3573;-13.6122;0.799686;0.543366;-0.15504;-22.3236
75.1828;-13.6122;0.803043;0.554131;-0.131649;-21.6089
84.0082;-13.6122;0.57172;0.561862;-0.112863;-20.6354
92.8337;-13.6122;0.2536;0.561914;-0.101278;-19.5356
101.659;-13.6122;0.0667635;0.556465;-0.0917843;-18.5242
110.485;-13.6122;0.137427;0.551213;-0.0829438;-17.7302
119.31;-13.6122;0.465554;0.546093;-0.0731205;-17.1387
128.135;-13.6122;0.794479;0.534332;-0.0668199;-16.4827
136.961;-13.6122;0.846945;0.515416;-0.0621865;-15.5336
145.786;-13.6122;0.868224;0.489954;-0.0547497;-14.5192
154.612;-13.6122;0.955675;0.464919;-0.0469314;-13.5457
163.437;-13.6122;1.05441;0.439746;-0.0394795;-12.5678
172.263;-13.6122;1.05852;0.409075;-0.0307327;-11.4841
181.088;-13.6122;0.954052;0.372109;-0.0190456;-10.2761
189.914;-13.6122;0.829417;0.331518;-0.00693396;-9.03457
198.739;-13.6122;0.789595;0.289798;0.00152892;-7.85791
207.565;-13.6122;0.942183;0.242385;0.0037214;-6.82264
216.39;-13.6122;1.11105;0.188895;0.00708675;-5.77368
225.215;-13.6122;1.18122;0.137033;0.014214;-4.63124
234.041;-13.6122;1.13797;0.0945502;0.0227852;-3.38941
242.866;-13.6122;1.06152;0.05783;0.0290359;-2.10724
-233.708;-22.4377;0.934667;0.0896407;0.0252626;-1.35207
-224.883;-22.4377;0.984004;0.0887855;0.0248048;-2.43079
-216.057;-22.4377;0.938589;0.059145;0.0257827;-3.51654
-207.232;-22.4377;0.906584;0.0180506;0.0239846;-4.6132
-198.406;-22.4377;0.920347;-0.0190344;0.0183867;-5.71328
-189.581;-22.4377;0.944129;-0.0442517;0.0106482;-6.81804
-180.755;-22.4377;0.980746;-0.0604635;0.000875813;-7.90375
-171.93;-22.4377;0.900072;-0.0679832;-0.0176807;-8.94306
-163.105;-22.4377;0.80875;-0.0695601;-0.0408516;-9.94903
-154.279;-22.4377;0.797561;-0.0768655;-0.0579591;-11.0131
-145.454;-22.4377;0.834823;-0.0948457;-0.0662931;-12.0891
-136.628;-22.4377;0.830083;-0.123004;-0.0702035;-13.1569
-127.803;-22.4377;0.807489;-0.141786;-0.0761582;-14.1597
-118.977;-22.4377;0.792222;-0.151949;-0.0822043;-15.1226
-110.152;-22.4377;0.739512;-0.159995;-0.0895235;-16.0446
-101.326;-22.4377;0.675577;-0.166346;-0.0963912;-16.9384
-92.5009;-22.4377;0.636694;-0.169517;-0.101284;-17.8175
-83.6754;-22.4377;0.629255;-0.169345;-0.104763;-18.6978
-74.85;-22.4377;0.618903;-0.169028;-0.110139;-19.5476
-66.0245;-22.4377;0.601886;-0.163399;-0.114175;-20.3483
-57.1991;-22.4377;0.571527;-0.151594;-0.110374;-21.1096
-48.3736;-22.4377;0.605861;-0.132501;-0.099902;-21.86
-39.5482;-22.4377;0.717249;-0.104022;-0.0942341;-22.6045
-30.7227;-22.4377;0.84868;-0.0700952;-0.0968289;-23.2751
-21.8972;-22.4377;0.898937;-0.0334685;-0.101358;-23.8087
-13.0718;-22.4377;0.698448;0.0260714;-0.100132;-24.0726
-4.24634;-22.4377;0.41487;0.0996772;-0.0975859;-24.0379
4.57912;-22.4377;0.586892;0.193577;-0.130681;-24.2719
13.4046;-22.4377;0.951951;0.281933;-0.170899;-24.5836
22.23;-22.4377;1.0605;0.349878;-0.190745;-24.6451
31.0555;-22.4377;0.842742;0.401435;-0.19048;-24.2554
39.8809;-22.4377;0.713007;0.44411;-0.200655;-23.7296
48.7064;-22.4377;0.690433;0.479709;-0.205351;-23.2429
57.5318;-22.4377;0.681764;0.506652;-0.198326;-22.6851
66.3573;-22.4377;0.654514;0.525316;-0.182509;-22.0295
75.1828;-22.4377;0.607295;0.534308;-0.163447;-21.2742
84.0082;-22.4377;0.456377;0.541502;-0.145094;-20.3843
92.8337;-22.4377;0.244522;0.547012;-0.129787;-19.4139
101.659;-22.4377;0.19858;0.544415;-0.116551;-18.5518
110.485;-22.4377;0.425991;0.541043;-0.106449;-17.9033
119.31;-22.4377;0.853755;0.536618;-0.0992918;-17.3791
128.135;-22.4377;1.06488;0.531443;-0.0932517;-16.6503
136.961;-22.4377;0.951607;0.514532;-0.0842053;-15.5561
145.786;-22.4377;0.902311;0.487039;-0.0718464;-14.4682
154.612;-22.4377;1.0172;0.463199;-0.0599226;-13.5217
163.437;-22.4377;1.18887;0.437121;-0.0496141;-12.6032
172.263;-22.4377;1.21673;0.406272;-0.0400558;-11.5399
181.088;-22.4377;1.12379;0.368326;-0.0270027;-10.3433
189.914;-22.4377;1.0137;0.326002;-0.0135309;-9.11345
198.739;-22.4377;0.979471;0.282218;-0.00372043;-7.93485
207.565;-22.4377;1.08391;0.232986;0.000912979;-6.84643
216.39;-22.4377;1.21551;0.175836;0.00852415;-5.74324
225.215;-22.4377;1.28015;0.124017;0.0193971;-4.58451
234.041;-22.4377;1.23663;0.0846515;0.0284318;-3.37012
242.866;-22.4377;1.16117;0.0601498;0.0344854;-2.14342
-233.708;-31.2631;0.976225;0.101637;0.0325094;-1.29918
-224.883;-31.2631;0.935487;0.0897415;0.0298176;-2.34641
-216.057;-31.2631;0.883166;0.0690982;0.0284565;-3.40865
-207.232;-31.2631;0.870527;0.0281307;0.025918;-4.52955
-198.406;-31.2631;0.933636;-0.00596083;0.0206246;-5.65017
-189.581;-31.2631;0.965484;-0.0282508;0.0116238;-6.74406
-180.755;-31.2631;0.969713;-0.041245;-0.00250898;-7.80508
-171.93;-31.2631;0.866385;-0.0465515;-0.0270405;-8.83544
-163.105;-31.2631;0.775988;-0.0514829;-0.0520357;-9.85178
-154.279;-31.2631;0.772905;-0.0644187;-0.06598;-10.9158
-145.454;-31.2631;0.818168;-0.0841942;-0.0741135;-11.9851
-136.628;-31.2631;0.838813;-0.108529;-0.0830279;-13.0511
-127.803;-31.2631;0.838141;-0.126775;-0.0938583;-14.0837
-118.977;-31.2631;0.811703;-0.136282;-0.101939;-15.045
-110.152;-31.2631;0.734414;-0.144256;-0.110544;-15.9491
-101.326;-31.2631;0.653594;-0.152092;-0.120138;-16.8241
-92.5009;-31.2631;0.618838;-0.157515;-0.128862;-17.6979
-83.6754;-31.2631;0.630641;-0.158157;-0.137413;-18.5743
-74.85;-31.2631;0.63091;-0.155405;-0.146908;-19.4051
-66.0245;-31.2631;0.591787;-0.15093;-0.153184;-20.1635
-57.1991;-31.2631;0.550376;-0.13853;-0.150373;-20.954
-48.3736;-31.2631;0.582774;-0.0783657;-0.137727;-22.2898
-39.5482;-31.2631;0.701108;-0.0641772;-0.139771;-22.6796
-30.7227;-31.2631;0.832821;-0.0509202;-0.150908;-22.9786
-21.8972;-31.2631;0.862272;-0.00443511;-0.160851;-23.5115
-13.0718;-31.2631;0.793594;0.0539598;-0.167063;-23.7985
-4.24634;-31.2631;0.695952;0.123318;-0.175496;-23.9155
4.57912;-31.2631;0.756414;0.197018;-0.193832;-24.117
13.4046;-31.2631;0.893639;0.266292;-0.210097;-24.2686
22.23;-31.2631;0.926418;0.328277;-0.217153;-24.2098
31.0555;-31.2631;0.764656;0.378135;-0.216033;-23.8488
39.8809;-31.2631;0.698891;0.419328;-0.220153;-23.3945
48.7064;-31.2631;0.683316;0.456386;-0.222133;-22.9299
57.5318;-31.2631;0.644743;0.486561;-0.215936;-22.3619
66.3573;-31.2631;0.584812;0.506104;-0.202105;-21.6814
75.1828;-31.2631;0.534326;0.515475;-0.184353;-20.9329
84.0082;-31.2631;0.472089;0.523847;-0.166779;-20.1552
92.8337;-31.2631;0.388996;0.531269;-0.148467;-19.3305
101.659;-31.2631;0.461422;0.528721;-0.133006;-18.5779
110.485;-31.2631;0.710067;0.525276;-0.123084;-17.9468
119.31;-31.2631;1.01956;0.523098;-0.118465;-17.3345
128.135;-31.2631;1.10897;0.521134;-0.112895;-16.5002
136.961;-31.2631;0.917069;0.506424;-0.0994476;-15.3406
145.786;-31.2631;0.856762;0.479466;-0.0835259;-14.2462
154.612;-31.2631;0.990883;0.458913;-0.0696509;-13.3318
163.437;-31.2631;1.18993;0.435126;-0.0575378;-12.4499
172.263;-31.2631;1.26699;0.402656;-0.0459463;-11.4369
181.088;-31.2631;1.22426;0.36113;-0.0327346;-10.2796
189.914;-31.2631;1.15959;0.314713;-0.020139;-9.08055
198.739;-31.2631;1.1402;0.268652;-0.00925249;-7.91132
207.565;-31.2631;1.18078;0.219472;-0.001426;-6.77113
216.39;-31.2631;1.26145;0.162516;0.00885345;-5.62028
225.215;-31.2631;1.32227;0.111607;0.0203015;-4.45141
234.041;-31.2631;1.29562;0.0733064;0.029762;-3.22286
242.866;-31.2631;1.23039;0.0547259;0.0357518;-2.02907
-224.883;-40.0886;0.878485;0.106502;0.0333804;-2.17479
-216.057;-40.0886;0.776793;0.0792562;0.029056;-3.22893
-207.232;-40.0886;0.81234;0.0441442;0.0263584;-4.3512
-198.406;-40.0886;0.887623;0.0105217;0.0227778;-5.49991
-189.581;-40.0886;0.894275;-0.00888392;0.0102811;-6.58264
-180.755;-40.0886;0.878861;-0.0166377;-0.0108598;-7.63369
-171.93;-40.0886;0.837144;-0.0195383;-0.039508;-8.66976
-163.105;-40.0886;0.799244;-0.0295597;-0.0627154;-9.71678
-154.279;-40.0886;0.793392;-0.0486927;-0.0748119;-10.7674
-145.454;-40.0886;0.814337;-0.0725524;-0.0847904;-11.817
-136.628;-40.0886;0.834103;-0.0959451;-0.0980495;-12.8671
-127.803;-40.0886;0.862177;-0.113306;-0.110741;-13.9154
-118.977;-40.0886;0.843026;-0.124357;-0.119021;-14.8921
-110.152;-40.0886;0.764544;-0.135924;-0.127915;-15.8008
-101.326;-40.0886;0.674211;-0.14682;-0.139538;-16.6604
-92.5009;-40.0886;0.629524;-0.152277;-0.152161;-17.5097
-83.6754;-40.0886;0.638165;-0.1498;-0.165325;-18.3558
-74.85;-40.0886;0.635258;-0.143975;-0.176906;-19.1593
-66.0245;-40.0886;0.589351;-0.137578;-0.18381;-19.9098
-30.7227;-40.0886;0.777794;-0.0353454;-0.194466;-22.616
-21.8972;-40.0886;0.745955;0.0152088;-0.201068;-23.0756
-13.0718;-40.0886;0.735334;0.0726817;-0.206455;-23.3668
-4.24634;-40.0886;0.720812;0.138986;-0.216865;-23.5448
4.57912;-40.0886;0.731063;0.200867;-0.227668;-23.6663
13.4046;-40.0886;0.746188;0.257026;-0.232552;-23.7019
22.23;-40.0886;0.729607;0.308519;-0.231661;-23.5929
31.0555;-40.0886;0.660023;0.355255;-0.232151;-23.3054
39.8809;-40.0886;0.60733;0.396565;-0.23489;-22.9074
48.7064;-40.0886;0.571975;0.434605;-0.234168;-22.455
57.5318;-40.0886;0.527565;0.467061;-0.226628;-21.9012
66.3573;-40.0886;0.483725;0.48969;-0.213863;-21.2498
75.1828;-40.0886;0.458638;0.502621;-0.198813;-20.5424
84.0082;-40.0886;0.443012;0.513829;-0.182282;-19.8296
92.8337;-40.0886;0.437177;0.518983;-0.163321;-19.0845
101.659;-40.0886;0.527062;0.515621;-0.146801;-18.35
110.485;-40.0886;0.688307;0.509381;-0.136648;-17.636
119.31;-40.0886;0.838679;0.504322;-0.132259;-16.8879
128.135;-40.0886;0.865206;0.501055;-0.126716;-15.9894
136.961;-40.0886;0.756769;0.488734;-0.111182;-14.9118
145.786;-40.0886;0.755945;0.466082;-0.0938724;-13.8848
154.612;-40.0886;0.881961;0.446089;-0.0789506;-12.9707
163.437;-40.0886;1.04644;0.421715;-0.065756;-12.0701
172.263;-40.0886;1.14595;0.387558;-0.0543257;-11.09
181.088;-40.0886;1.15042;0.345796;-0.0428859;-9.98085
189.914;-40.0886;1.12767;0.299828;-0.0317483;-8.82271
198.739;-40.0886;1.11418;0.256653;-0.0204579;-7.67222
207.565;-40.0886;1.10563;0.208897;-0.0101213;-6.50515
216.39;-40.0886;1.15201;0.156458;4.63721e-05;-5.34419
225.215;-40.0886;1.21308;0.109618;0.0104129;-4.19444
234.041;-40.0886;1.24488;0.0740368;0.0194888;-3.00461
242.866;-40.0886;1.24717;0.04856;0.0287406;-1.79096
-224.883;-48.914;0.865922;0.129372;0.0337569;-1.98886
-216.057;-48.914;0.72898;0.0936411;0.0272718;-3.04544
-207.232;-48.914;0.812433;0.0650327;0.0255743;-4.15893
-198.406;-48.914;0.880734;0.0344421;0.0223361;-5.31521
-189.581;-48.914;0.833176;0.0201048;0.00462954;-6.38237
-180.755;-48.914;0.791135;0.018369;-0.0247677;-7.41931
-171.93;-48.914;0.824701;0.0142255;-0.0545664;-8.45827
-163.105;-48.914;0.841976;-0.00253944;-0.0736772;-9.52651
-154.279;-48.914;0.809374;-0.0289227;-0.0846714;-10.5496
-145.454;-48.914;0.767408;-0.0614978;-0.0961423;-11.5737
-136.628;-48.914;0.770203;-0.0892265;-0.11068;-12.6074
-127.803;-48.914;0.826843;-0.103863;-0.121014;-13.6626
-118.977;-48.914;0.856381;-0.112408;-0.129031;-14.6425
-110.152;-48.914;0.794969;-0.12603;-0.140042;-15.5625
-101.326;-48.914;0.715187;-0.137552;-0.152831;-16.4179
-92.5009;-48.914;0.675647;-0.140849;-0.16705;-17.2458
-83.6754;-48.914;0.674414;-0.136091;-0.183672;-18.0655
-74.85;-48.914;0.658513;-0.130673;-0.196444;-18.8226
-66.0245;-48.914;0.61066;-0.121152;-0.204194;-19.5669
-57.1991;-48.914;0.586636;-0.111306;-0.203997;-20.2868
-30.7227;-48.914;0.659317;-0.0221875;-0.226894;-22.1155
-21.8972;-48.914;0.60846;0.0283773;-0.229361;-22.5262
-13.0718;-48.914;0.635532;0.0851618;-0.229706;-22.8168
-4.24634;-48.914;0.670246;0.144523;-0.23494;-23.0086
4.57912;-48.914;0.666519;0.20009;-0.243001;-23.1007
13.4046;-48.914;0.628165;0.249216;-0.245711;-23.0747
22.23;-48.914;0.577527;0.292737;-0.242726;-22.9237
31.0555;-48.914;0.530984;0.336255;-0.244464;-22.6703
39.8809;-48.914;0.466423;0.376708;-0.248387;-22.2902
48.7064;-48.914;0.407715;0.413909;-0.250359;-21.8331
57.5318;-48.914;0.373099;0.446267;-0.245578;-21.3059
66.3573;-48.914;0.344315;0.472179;-0.234961;-20.6967
75.1828;-48.914;0.307852;0.488105;-0.222245;-20.0024
84.0082;-48.914;0.271367;0.499822;-0.209322;-19.2888
92.8337;-48.914;0.286973;0.501413;-0.190909;-18.5656
101.659;-48.914;0.340222;0.496455;-0.171583;-17.8053
110.485;-48.914;0.408089;0.488442;-0.157965;-17.0122
119.31;-48.914;0.471912;0.480182;-0.150595;-16.1853
128.135;-48.914;0.525427;0.473702;-0.142633;-15.3072
136.961;-48.914;0.58322;0.464894;-0.126452;-14.3979
145.786;-48.914;0.663903;0.448738;-0.107444;-13.4699
154.612;-48.914;0.762039;0.426692;-0.0889543;-12.5343
163.437;-48.914;0.858186;0.399921;-0.0729433;-11.5844
172.263;-48.914;0.927673;0.367024;-0.0616676;-10.5951
181.088;-48.914;0.938949;0.329878;-0.0518426;-9.51087
189.914;-48.914;0.926545;0.288608;-0.0421946;-8.37698
198.739;-48.914;0.914814;0.247104;-0.0311257;-7.23745
207.565;-48.914;0.91584;0.199352;-0.020067;-6.09263
216.39;-48.914;0.96787;0.150518;-0.0100515;-4.95748
225.215;-48.914;1.02862;0.111659;-0.00345852;-3.84659
234.041;-48.914;1.06273;0.0723318;0.00275747;-2.67616
242.866;-48.914;1.04904;0.0330736;0.015336;-1.45328
-224.883;-57.7395;0.947195;0.150552;0.0334013;-1.861
-216.057;-57.7395;0.801921;0.109189;0.0265626;-2.89793
-207.232;-57.7395;0.859252;0.0812625;0.0279477;-3.97401
-198.406;-57.7395;0.91912;0.0610278;0.0221182;-5.09982
-189.581;-57.7395;0.851179;0.0560649;-0.00409477;-6.1664
-180.755;-57.7395;0.810646;0.0570069;-0.037196;-7.19558
-171.93;-57.7395;0.836867;0.0437546;-0.0629296;-8.22896
-163.105;-57.7395;0.841083;0.0207243;-0.0778265;-9.27712
-154.279;-57.7395;0.784737;-0.00676421;-0.0880612;-10.2579
-145.454;-57.7395;0.706254;-0.0408868;-0.100962;-11.2446
-136.628;-57.7395;0.685104;-0.0712056;-0.116567;-12.2584
-127.803;-57.7395;0.778949;-0.0855217;-0.125224;-13.3072
-118.977;-57.7395;0.82595;-0.0936031;-0.1342;-14.281
-110.152;-57.7395;0.772569;-0.109173;-0.149388;-15.2042
-101.326;-57.7395;0.709397;-0.120001;-0.164524;-16.0529
-92.5009;-57.7395;0.672548;-0.122337;-0.176479;-16.866
-83.6754;-57.7395;0.653724;-0.119446;-0.189973;-17.6649
-74.85;-57.7395;0.632789;-0.116882;-0.20688;-18.4057
-30.7227;-57.7395;0.603584;-0.0101096;-0.257616;-21.49
-21.8972;-57.7395;0.548689;0.0384393;-0.25935;-21.8909
-13.0718;-57.7395;0.555777;0.0920441;-0.258932;-22.1835
-4.24634;-57.7395;0.584587;0.14603;-0.261763;-22.3789
4.57912;-57.7395;0.576389;0.196006;-0.266916;-22.4563
13.4046;-57.7395;0.524496;0.240885;-0.268266;-22.401
22.23;-57.7395;0.460668;0.280728;-0.264507;-22.2291
31.0555;-57.7395;0.413791;0.32024;-0.265317;-21.9784
39.8809;-57.7395;0.354375;0.35937;-0.271241;-21.6107
48.7064;-57.7395;0.302228;0.395076;-0.276836;-21.171
57.5318;-57.7395;0.283121;0.426185;-0.27717;-20.6748
66.3573;-57.7395;0.249495;0.453181;-0.27058;-20.0879
75.1828;-57.7395;0.17243;0.469662;-0.259714;-19.3809
84.0082;-57.7395;0.0866139;0.481989;-0.249309;-18.6562
92.8337;-57.7395;0.0942326;0.482788;-0.232692;-17.9399
101.659;-57.7395;0.122364;0.47942;-0.213062;-17.1824
110.485;-57.7395;0.166296;0.474121;-0.196789;-16.3901
119.31;-57.7395;0.249459;0.467255;-0.185043;-15.5883
128.135;-57.7395;0.410716;0.456743;-0.171126;-14.8025
136.961;-57.7395;0.575063;0.445197;-0.150748;-13.9981
145.786;-57.7395;0.696298;0.430958;-0.12599;-13.1354
154.612;-57.7395;0.780799;0.404805;-0.1016;-12.194
163.437;-57.7395;0.846374;0.374332;-0.0814743;-11.2183
172.263;-57.7395;0.913719;0.342009;-0.0675854;-10.2273
181.088;-57.7395;0.944669;0.307912;-0.0558701;-9.16834
189.914;-57.7395;0.950389;0.269734;-0.045019;-8.0624
198.739;-57.7395;0.956095;0.229788;-0.0320456;-6.94821
207.565;-57.7395;0.990324;0.183916;-0.0201465;-5.83979
216.39;-57.7395;1.04892;0.13962;-0.0108862;-4.73385
225.215;-57.7395;1.0638;0.101212;-0.00484161;-3.60525
234.041;-57.7395;1.0427;0.0585434;0.00121653;-2.38477
242.866;-57.7395;1.01107;0.00722115;0.0143741;-1.12074
-216.057;-66.5649;0.901035;0.12268;0.0323489;-2.71861
-207.232;-66.5649;0.893053;0.0951362;0.0314013;-3.75167
-198.406;-66.5649;0.910619;0.0835807;0.0179585;-4.82415
-189.581;-66.5649;0.87609;0.0913739;-0.0129019;-5.85201
-180.755;-66.5649;0.833207;0.085217;-0.0423177;-6.88528
-171.93;-66.5649;0.825691;0.0628819;-0.0628214;-7.92365
-163.105;-66.5649;0.825733;0.035923;-0.074711;-8.96657
-154.279;-66.5649;0.788037;0.0107242;-0.0854846;-9.94744
-145.454;-66.5649;0.714623;-0.0173593;-0.100536;-10.9114
-136.628;-66.5649;0.661305;-0.0457762;-0.117385;-11.8831
-127.803;-66.5649;0.679361;-0.0644939;-0.128367;-12.8897
-118.977;-66.5649;0.700673;-0.072219;-0.141158;-13.8309
-110.152;-66.5649;0.670074;-0.0884333;-0.161371;-14.7397
-101.326;-66.5649;0.631413;-0.0999284;-0.179443;-15.5818
-92.5009;-66.5649;0.597172;-0.103441;-0.191317;-16.3893
-83.6754;-66.5649;0.567575;-0.102432;-0.204504;-17.1695
-74.85;-66.5649;0.548674;-0.100504;-0.225666;-17.8989
-30.7227;-66.5649;0.596271;0.00610837;-0.29963;-20.835
-21.8972;-66.5649;0.566362;0.0500526;-0.30655;-21.2406
-13.0718;-66.5649;0.530771;0.0979922;-0.312236;-21.5106
-4.24634;-66.5649;0.52114;0.146516;-0.314875;-21.6856
4.57912;-66.5649;0.51681;0.189409;-0.316078;-21.7502
13.4046;-66.5649;0.482112;0.229059;-0.313319;-21.6912
22.23;-66.5649;0.432345;0.267385;-0.306384;-21.5371
31.0555;-66.5649;0.398952;0.304402;-0.302452;-21.3044
39.8809;-66.5649;0.373328;0.341592;-0.304408;-20.9732
48.7064;-66.5649;0.362578;0.374417;-0.307572;-20.5807
57.5318;-66.5649;0.366927;0.405338;-0.311663;-20.126
66.3573;-66.5649;0.34401;0.435521;-0.310323;-19.5856
75.1828;-66.5649;0.278969;0.457156;-0.298315;-18.9384
84.0082;-66.5649;0.210789;0.468582;-0.282601;-18.2472
92.8337;-66.5649;0.2275;0.470722;-0.265625;-17.5592
101.659;-66.5649;0.280477;0.468729;-0.246974;-16.8398
110.485;-66.5649;0.371809;0.46363;-0.229572;-16.0978
119.31;-66.5649;0.516321;0.45567;-0.214742;-15.3556
128.135;-66.5649;0.726607;0.440811;-0.196711;-14.6205
136.961;-66.5649;0.960386;0.42328;-0.175157;-13.8803
145.786;-66.5649;1.07664;0.404905;-0.14604;-13.0294
154.612;-66.5649;1.10651;0.377715;-0.116764;-12.0578
163.437;-66.5649;1.10497;0.347508;-0.0917851;-11.0286
172.263;-66.5649;1.12433;0.31649;-0.0726208;-9.99455
181.088;-66.5649;1.12225;0.283724;-0.0555962;-8.91822
189.914;-66.5649;1.10562;0.247111;-0.0419939;-7.80857
198.739;-66.5649;1.09572;0.210189;-0.028784;-6.69633
207.565;-66.5649;1.11382;0.16724;-0.0176137;-5.57976
216.39;-66.5649;1.13487;0.125028;-0.00848022;-4.45351
225.215;-66.5649;1.08043;0.0863636;-0.00267585;-3.28759
234.041;-66.5649;1.0175;0.043125;0.00331527;-2.0471
-216.057;-75.3904;0.949898;0.142077;0.0417864;-2.47577
-207.232;-75.3904;0.876867;0.115327;0.0344801;-3.46014
-198.406;-75.3904;0.812849;0.105584;0.0089298;-4.48371
-189.581;-75.3904;0.730087;0.10488;-0.0244101;-5.49622
-180.755;-75.3904;0.700644;0.0891481;-0.0508721;-6.52385
-171.93;-75.3904;0.710295;0.0629942;-0.0691818;-7.55463
-163.105;-75.3904;0.733936;0.0370947;-0.0818205;-8.58918
-154.279;-75.3904;0.740455;0.0165878;-0.0928808;-9.57629
-145.454;-75.3904;0.707293;-0.00572553;-0.107089;-10.5309
-136.628;-75.3904;0.64791;-0.0320371;-0.12391;-11.4609
-127.803;-75.3904;0.613894;-0.0511393;-0.139712;-12.4115
-118.977;-75.3904;0.599771;-0.0582906;-0.157038;-13.3208
-110.152;-75.3904;0.579354;-0.0709781;-0.180824;-14.2118
-101.326;-75.3904;0.560919;-0.07978;-0.202141;-15.0453
-92.5009;-75.3904;0.534831;-0.0840854;-0.216917;-15.8472
-83.6754;-75.3904;0.50691;-0.0850743;-0.232455;-16.6148
-74.85;-75.3904;0.498172;-0.0821763;-0.255321;-17.3325
-66.0245;-75.3904;0.519005;-0.0698233;-0.277279;-18.0184
-57.1991;-75.3904;0.525238;-0.0527843;-0.299893;-18.6284
-30.7227;-75.3904;0.611536;0.0228283;-0.344631;-20.1549
-21.8972;-75.3904;0.626673;0.0594587;-0.357728;-20.5422
-13.0718;-75.3904;0.581642;0.104304;-0.370451;-20.8153
-4.24634;-75.3904;0.551274;0.148447;-0.371279;-20.9789
4.57912;-75.3904;0.560122;0.18683;-0.368943;-21.0604
13.4046;-75.3904;0.569317;0.222958;-0.364835;-21.0507
22.23;-75.3904;0.565344;0.257616;-0.359816;-20.944
31.0555;-75.3904;0.562363;0.289547;-0.350389;-20.7419
39.8809;-75.3904;0.583095;0.318723;-0.337106;-20.4563
48.7064;-75.3904;0.617587;0.347671;-0.330655;-20.1133
57.5318;-75.3904;0.681257;0.378507;-0.337872;-19.7314
66.3573;-75.3904;0.772195;0.409198;-0.343358;-19.3147
75.1828;-75.3904;0.855197;0.431977;-0.330794;-18.8166
84.0082;-75.3904;0.882269;0.44351;-0.311207;-18.2057
92.8337;-75.3904;0.80553;0.451367;-0.29353;-17.4824
101.659;-75.3904;0.891397;0.44584;-0.274136;-16.7887
110.485;-75.3904;1.05314;0.438612;-0.25291;-16.1201
119.31;-75.3904;1.19518;0.429928;-0.232474;-15.3987
128.135;-75.3904;1.27686;0.415668;-0.210994;-14.5759
136.961;-75.3904;1.43191;0.395755;-0.186645;-13.7848
145.786;-75.3904;1.48144;0.373369;-0.155151;-12.8747
154.612;-75.3904;1.45642;0.345876;-0.122917;-11.8626
163.437;-75.3904;1.40393;0.316399;-0.0938714;-10.7963
172.263;-75.3904;1.36801;0.286705;-0.069811;-9.71613
181.088;-75.3904;1.31483;0.256511;-0.0484958;-8.61032
189.914;-75.3904;1.25233;0.22242;-0.032904;-7.48222
198.739;-75.3904;1.20367;0.188322;-0.0213331;-6.35697
207.565;-75.3904;1.18355;0.148085;-0.0119383;-5.22023
216.39;-75.3904;1.15478;0.106405;-0.00236581;-4.05492
225.215;-75.3904;1.06345;0.0673565;0.00506991;-2.86615
234.041;-75.3904;1.0136;0.0309754;0.00955892;-1.68425
-216.057;-84.2158;1.00369;0.158496;0.0506838;-2.15366
-207.232;-84.2158;0.839883;0.137657;0.0377779;-3.10546
-198.406;-84.2158;0.730979;0.123099;0.00440315;-4.10261
-189.581;-84.2158;0.652312;0.111197;-0.0280102;-5.10214
-180.755;-84.2158;0.627619;0.0876045;-0.0547047;-6.12246
-171.93;-84.2158;0.645645;0.0607796;-0.0745733;-7.14244
-163.105;-84.2158;0.664561;0.0358239;-0.0909315;-8.16017
-154.279;-84.2158;0.67174;0.0158417;-0.105541;-9.14105
-145.454;-84.2158;0.662174;-0.00370744;-0.120798;-10.0854
-136.628;-84.2158;0.634759;-0.0250465;-0.136929;-10.9963
-127.803;-84.2158;0.604648;-0.0413087;-0.156465;-11.9132
-118.977;-84.2158;0.583642;-0.049347;-0.179342;-12.8076
-110.152;-84.2158;0.581277;-0.0585864;-0.206249;-13.6862
-101.326;-84.2158;0.575613;-0.0641562;-0.231454;-14.52
-92.5009;-84.2158;0.556528;-0.0680743;-0.250283;-15.3072
-83.6754;-84.2158;0.536586;-0.069157;-0.267389;-16.0539
-74.85;-84.2158;0.539308;-0.0636626;-0.288062;-16.7571
-66.0245;-84.2158;0.568919;-0.0500975;-0.307601;-17.4167
-57.1991;-84.2158;0.580059;-0.0340032;-0.330261;-18.0077
-48.3736;-84.2158;0.558376;0.0335547;-0.379931;-19.2671
-39.5482;-84.2158;0.583577;0.0841284;-0.403103;-20.0181
-30.7227;-84.2158;0.64618;0.0359983;-0.372687;-19.4374
-21.8972;-84.2158;0.695398;0.0680794;-0.385361;-19.7992
-13.0718;-84.2158;0.701561;0.108701;-0.398668;-20.0925
-4.24634;-84.2158;0.708334;0.148545;-0.396374;-20.2775
4.57912;-84.2158;0.70673;0.184861;-0.389113;-20.3719
13.4046;-84.2158;0.71595;0.217612;-0.384928;-20.3804
22.23;-84.2158;0.724198;0.247874;-0.383675;-20.3036
31.0555;-84.2158;0.732775;0.274261;-0.375329;-20.1353
39.8809;-84.2158;0.778332;0.299339;-0.358206;-19.9056
48.7064;-84.2158;0.902044;0.328334;-0.352052;-19.6336
57.5318;-84.2158;0.990934;0.369777;-0.367374;-19.3005
66.3573;-84.2158;1.12534;0.40541;-0.378489;-18.9632
75.1828;-84.2158;1.28482;0.424904;-0.366234;-18.5621
84.0082;-84.2158;1.37189;0.430709;-0.346323;-18.0067
92.8337;-84.2158;1.29131;0.433175;-0.328003;-17.2744
101.659;-84.2158;1.36088;0.424606;-0.30383;-16.5745
110.485;-84.2158;1.49989;0.417453;-0.273529;-15.912
119.31;-84.2158;1.61961;0.404007;-0.242617;-15.1781
128.135;-84.2158;1.67066;0.38597;-0.211257;-14.3376
136.961;-84.2158;1.74476;0.362063;-0.181766;-13.4709
145.786;-84.2158;1.71012;0.339274;-0.151377;-12.4926
154.612;-84.2158;1.62591;0.313784;-0.118615;-11.4411
163.437;-84.2158;1.54478;0.285219;-0.0852787;-10.3601
172.263;-84.2158;1.49882;0.255192;-0.0567897;-9.27986
181.088;-84.2158;1.42098;0.226858;-0.0338832;-8.16819
189.914;-84.2158;1.32074;0.19481;-0.0184993;-7.02778
198.739;-84.2158;1.23096;0.162105;-0.00755234;-5.88577
207.565;-84.2158;1.17296;0.125421;0.000481159;-4.7383
216.39;-84.2158;1.11585;0.0870344;0.00921369;-3.56335
225.215;-84.2158;1.06681;0.0550675;0.0139524;-2.41012
234.041;-84.2158;1.06963;0.0258281;0.0158888;-1.32762
-216.057;-93.0413;1.06898;0.174299;0.0601865;-1.73519
-207.232;-93.0413;0.822273;0.150177;0.0406524;-2.73777
-198.406;-93.0413;0.71577;0.135935;0.00831854;-3.72002
-189.581;-93.0413;0.69599;0.115913;-0.0229924;-4.71785
-180.755;-93.0413;0.677793;0.0881502;-0.0524919;-5.73123
-171.93;-93.0413;0.682748;0.0630316;-0.0747283;-6.72379
-163.105;-93.0413;0.664455;0.0366852;-0.0951845;-7.70555
-154.279;-93.0413;0.638485;0.0133224;-0.114513;-8.66544
-145.454;-93.0413;0.629637;-0.00456084;-0.131699;-9.59863
-136.628;-93.0413;0.634518;-0.0178688;-0.146756;-10.5028
-127.803;-93.0413;0.623049;-0.0289606;-0.167543;-11.385
-118.977;-93.0413;0.608085;-0.0396777;-0.194164;-12.2616
-110.152;-93.0413;0.637475;-0.0494634;-0.221174;-13.1311
-101.326;-93.0413;0.641485;-0.0555615;-0.245756;-13.9558
-92.5009;-93.0413;0.632455;-0.0588347;-0.268141;-14.7374
-83.6754;-93.0413;0.625642;-0.056829;-0.288518;-15.4699
-74.85;-93.0413;0.632514;-0.0480176;-0.307097;-16.1483
-66.0245;-93.0413;0.663024;-0.0360081;-0.320957;-16.7867
-57.1991;-93.0413;0.686;-0.02052;-0.335695;-17.3814
-48.3736;-93.0413;0.667616;-0.00201032;-0.353167;-17.885
-39.5482;-93.0413;0.666866;0.0189712;-0.366162;-18.3086
-30.7227;-93.0413;0.695865;0.0444244;-0.375945;-18.6853
-21.8972;-93.0413;0.735631;0.0758644;-0.386607;-19.0233
-13.0718;-93.0413;0.762469;0.112553;-0.396163;-19.3082
-4.24634;-93.0413;0.767958;0.148254;-0.395559;-19.5073
4.57912;-93.0413;0.762732;0.184142;-0.388723;-19.5911
13.4046;-93.0413;0.760134;0.214938;-0.384509;-19.5909
22.23;-93.0413;0.748373;0.241846;-0.385926;-19.5143
31.0555;-93.0413;0.728533;0.267249;-0.388494;-19.3484
39.8809;-93.0413;0.739641;0.299458;-0.391499;-19.1244
48.7064;-93.0413;0.890683;0.337241;-0.404716;-18.8682
57.5318;-93.0413;0.996304;0.378489;-0.42097;-18.5578
66.3573;-93.0413;1.13263;0.403824;-0.418323;-18.2202
75.1828;-93.0413;1.27785;0.418282;-0.397432;-17.8468
84.0082;-93.0413;1.35688;0.415615;-0.373462;-17.2984
92.8337;-93.0413;1.33524;0.412946;-0.351843;-16.615
101.659;-93.0413;1.42751;0.404624;-0.321552;-15.9603
110.485;-93.0413;1.55669;0.3954;-0.281869;-15.3038
119.31;-93.0413;1.67253;0.376953;-0.241469;-14.5688
128.135;-93.0413;1.74201;0.354729;-0.202053;-13.7474
136.961;-93.0413;1.75577;0.33025;-0.168508;-12.8286
145.786;-93.0413;1.63365;0.309274;-0.14198;-11.7893
154.612;-93.0413;1.51677;0.284925;-0.11324;-10.7273
163.437;-93.0413;1.45666;0.256804;-0.0775409;-9.68337
172.263;-93.0413;1.45402;0.224941;-0.0435874;-8.6575
181.088;-93.0413;1.3907;0.197841;-0.0204726;-7.57775
189.914;-93.0413;1.2852;0.168216;-0.00571876;-6.45297
198.739;-93.0413;1.18196;0.135539;0.00658843;-5.31016
207.565;-93.0413;1.11214;0.102164;0.0151953;-4.17318
216.39;-93.0413;1.07185;0.0684603;0.021565;-3.04531
225.215;-93.0413;1.09849;0.0412298;0.0234428;-1.97335
-207.232;-101.867;0.801129;0.170439;0.045055;-2.26526
-198.406;-101.867;0.719498;0.150453;0.0138774;-3.28683
-189.581;-101.867;0.795724;0.12122;-0.0162456;-4.34082
-180.755;-101.867;0.806797;0.0931388;-0.0443461;-5.35355
-171.93;-101.867;0.76851;0.0684353;-0.0685383;-6.3029
-163.105;-101.867;0.715157;0.03977;-0.091795;-7.23748
-154.279;-101.867;0.671558;0.0135804;-0.113872;-8.16885
-145.454;-101.867;0.658744;-0.00263479;-0.132178;-9.09104
-136.628;-101.867;0.66153;-0.00909408;-0.147075;-9.98513
-127.803;-101.867;0.63583;-0.0146824;-0.167842;-10.8292
-118.977;-101.867;0.591784;-0.0282364;-0.195725;-11.6762
-110.152;-101.867;0.618626;-0.0408426;-0.222926;-12.5237
-101.326;-101.867;0.61724;-0.0481079;-0.247606;-13.3343
-92.5009;-101.867;0.625988;-0.0489556;-0.271409;-14.1023
-83.6754;-101.867;0.646526;-0.043379;-0.293881;-14.8086
-74.85;-101.867;0.658601;-0.0343733;-0.314063;-15.4494
-66.0245;-101.867;0.663292;-0.0256247;-0.328635;-16.0579
-57.1991;-101.867;0.698171;-0.0118474;-0.336666;-16.6283
-48.3736;-101.867;0.694516;0.00750576;-0.346913;-17.1208
-39.5482;-101.867;0.672321;0.0290463;-0.359131;-17.5336
-30.7227;-101.867;0.680509;0.0520756;-0.369147;-17.8844
-21.8972;-101.867;0.715815;0.079064;-0.376354;-18.199
-13.0718;-101.867;0.735679;0.110934;-0.38504;-18.4673
-4.24634;-101.867;0.737525;0.144548;-0.388799;-18.6559
4.57912;-101.867;0.733461;0.181414;-0.385222;-18.7301
13.4046;-101.867;0.719036;0.211668;-0.379871;-18.7258
22.23;-101.867;0.701392;0.238155;-0.382308;-18.6472
31.0555;-101.867;0.686975;0.264587;-0.393634;-18.4834
39.8809;-101.867;0.69896;0.299235;-0.413494;-18.2694
48.7064;-101.867;0.849981;0.338331;-0.436921;-18.0222
57.5318;-101.867;0.941055;0.372762;-0.445271;-17.6999
66.3573;-101.867;1.03531;0.387932;-0.431878;-17.3183
75.1828;-101.867;1.12252;0.388712;-0.40318;-16.8639
84.0082;-101.867;1.16771;0.384825;-0.374927;-16.313
92.8337;-101.867;1.18473;0.384046;-0.349902;-15.6967
101.659;-101.867;1.29912;0.377457;-0.316407;-15.0944
110.485;-101.867;1.40041;0.368548;-0.274448;-14.4329
119.31;-101.867;1.47468;0.349964;-0.232829;-13.677
128.135;-101.867;1.50746;0.327805;-0.19429;-12.8383
136.961;-101.867;1.45027;0.303908;-0.162862;-11.8716
145.786;-101.867;1.2685;0.284984;-0.136237;-10.801
154.612;-101.867;1.18974;0.260868;-0.106334;-9.80218
163.437;-101.867;1.222;0.23118;-0.0689381;-8.86831
172.263;-101.867;1.27142;0.196209;-0.0328177;-7.90688
181.088;-101.867;1.22096;0.168818;-0.00770047;-6.85552
189.914;-101.867;1.12545;0.143505;0.00264575;-5.75724
198.739;-101.867;1.04848;0.115572;0.0137118;-4.65214
207.565;-101.867;1.02286;0.0844677;0.0232492;-3.56348
216.39;-101.867;1.02018;0.0552968;0.0300242;-2.48829
225.215;-101.867;1.08945;0.0287027;0.0327464;-1.4713
-198.406;-110.692;0.717187;0.152187;0.0167672;-2.81836
-189.581;-110.692;0.844136;0.126328;-0.0100965;-3.89486
-180.755;-110.692;0.894843;0.101975;-0.032188;-4.88783
-171.93;-110.692;0.803297;0.0719001;-0.0590654;-5.82473
-163.105;-110.692;0.760428;0.0427365;-0.0835404;-6.73986
-154.279;-110.692;0.738951;0.0175766;-0.105891;-7.65142
-145.454;-110.692;0.726123;0.00189267;-0.125154;-8.5564
-136.628;-110.692;0.708907;-0.00307705;-0.141649;-9.42993
-127.803;-110.692;0.659952;-0.00519019;-0.160799;-10.2411
-118.977;-110.692;0.586507;-0.0186161;-0.188024;-11.0473
-110.152;-110.692;0.568927;-0.0333995;-0.218284;-11.8593
-101.326;-110.692;0.565672;-0.0396669;-0.24697;-12.6478
-92.5009;-110.692;0.59886;-0.0383326;-0.271399;-13.3985
-83.6754;-110.692;0.618248;-0.031892;-0.29616;-14.0821
-74.85;-110.692;0.594603;-0.0253805;-0.322466;-14.6803
-66.0245;-110.692;0.572452;-0.0204533;-0.341551;-15.2637
-57.1991;-110.692;0.612062;-0.00898689;-0.349063;-15.8207
-48.3736;-110.692;0.642979;0.0115295;-0.35131;-16.3054
-39.5482;-110.692;0.615599;0.034294;-0.357821;-16.7103
-30.7227;-110.692;0.595595;0.0577447;-0.363166;-17.0421
-21.8972;-110.692;0.60992;0.0830779;-0.368034;-17.3186
-13.0718;-110.692;0.631383;0.111617;-0.37359;-17.5521
-4.24634;-110.692;0.647129;0.142483;-0.378045;-17.7354
4.57912;-110.692;0.670263;0.179994;-0.37623;-17.8235
13.4046;-110.692;0.687747;0.209681;-0.371816;-17.8418
22.23;-110.692;0.687154;0.235525;-0.378002;-17.7699
31.0555;-110.692;0.684515;0.261;-0.394577;-17.6078
39.8809;-110.692;0.718362;0.290551;-0.41705;-17.4037
48.7064;-110.692;0.866139;0.321784;-0.433612;-17.1804
57.5318;-110.692;0.95415;0.349992;-0.432523;-16.8685
66.3573;-110.692;1.0145;0.361486;-0.415203;-16.4636
75.1828;-110.692;1.07245;0.36429;-0.389033;-15.9995
84.0082;-110.692;1.1305;0.363397;-0.360999;-15.4714
92.8337;-110.692;1.17614;0.360831;-0.332386;-14.8927
101.659;-110.692;1.28193;0.350654;-0.298206;-14.2902
110.485;-110.692;1.28165;0.338067;-0.262091;-13.5345
119.31;-110.692;1.21841;0.319758;-0.226409;-12.6749
128.135;-110.692;1.1305;0.301053;-0.193822;-11.7717
136.961;-110.692;0.969723;0.281083;-0.165015;-10.7686
145.786;-110.692;0.885389;0.257225;-0.133707;-9.7933
154.612;-110.692;0.955792;0.229598;-0.0960063;-8.93011
163.437;-110.692;1.07925;0.198888;-0.0528363;-8.09311
172.263;-110.692;1.11322;0.16142;-0.0175002;-7.14117
181.088;-110.692;0.98789;0.137763;0.00694808;-6.04547
189.914;-110.692;0.929164;0.117754;0.0154886;-5.00086
198.739;-110.692;0.941269;0.0969307;0.0209403;-3.99939
207.565;-110.692;1.03098;0.0676495;0.0310656;-3.01674
216.39;-110.692;1.07682;0.0404937;0.04296;-1.99993
-198.406;-119.518;0.69361;0.141888;0.021287;-2.31847
-189.581;-119.518;0.779288;0.123289;-0.00249642;-3.34323
-180.755;-119.518;0.824378;0.0957585;-0.0261994;-4.36004
-171.93;-119.518;0.736386;0.0626945;-0.052914;-5.28504
-163.105;-119.518;0.750426;0.0382519;-0.0757802;-6.17957
-154.279;-119.518;0.751468;0.0156728;-0.0990568;-7.07112
-145.454;-119.518;0.723138;-0.000746771;-0.119656;-7.9393
-136.628;-119.518;0.68858;-0.0054688;-0.135915;-8.79008
-127.803;-119.518;0.638272;-0.00075582;-0.150431;-9.57227
-118.977;-119.518;0.54486;-0.00809924;-0.177946;-10.3475
-110.152;-119.518;0.516205;-0.0205409;-0.210779;-11.1313
-101.326;-119.518;0.509938;-0.0296594;-0.244397;-11.8974
-92.5009;-119.518;0.55022;-0.031749;-0.273405;-12.6315
-83.6754;-119.518;0.573084;-0.0279039;-0.30101;-13.3016
-74.85;-119.518;0.540095;-0.0239658;-0.328259;-13.8771
-66.0245;-119.518;0.497881;-0.0212018;-0.34967;-14.4396
-57.1991;-119.518;0.52905;-0.0120235;-0.359915;-14.9829
-48.3736;-119.518;0.575267;0.00566166;-0.35896;-15.4696
-39.5482;-119.518;0.55288;0.0282619;-0.357418;-15.8702
-30.7227;-119.518;0.502424;0.053527;-0.356068;-16.1541
-21.8972;-119.518;0.468614;0.0821464;-0.355014;-16.3727
-13.0718;-119.518;0.475131;0.113594;-0.353664;-16.5756
-4.24634;-119.518;0.534917;0.144662;-0.354526;-16.7717
4.57912;-119.518;0.615554;0.180093;-0.355992;-16.8967
13.4046;-119.518;0.703844;0.20958;-0.357715;-16.9665
22.23;-119.518;0.747258;0.232874;-0.370657;-16.9087
31.0555;-119.518;0.738872;0.254135;-0.389522;-16.7361
39.8809;-119.518;0.740709;0.275257;-0.404535;-16.5045
48.7064;-119.518;0.858167;0.295992;-0.407627;-16.2776
57.5318;-119.518;0.96693;0.317115;-0.400361;-15.981
66.3573;-119.518;1.02056;0.329078;-0.386199;-15.5794
75.1828;-119.518;1.05405;0.334492;-0.366339;-15.1099
84.0082;-119.518;1.09641;0.33327;-0.341079;-14.5803
92.8337;-119.518;1.13072;0.326938;-0.314031;-13.9917
101.659;-119.518;1.14416;0.31726;-0.285021;-13.3231
110.485;-119.518;1.05128;0.305287;-0.248139;-12.4902
119.31;-119.518;0.903172;0.285451;-0.213747;-11.5713
128.135;-119.518;0.771097;0.267514;-0.186671;-10.6849
136.961;-119.518;0.698075;0.24752;-0.15746;-9.81809
145.786;-119.518;0.77285;0.222652;-0.119681;-8.9997
154.612;-119.518;0.997873;0.191084;-0.0748168;-8.24565
163.437;-119.518;1.09766;0.15761;-0.0322782;-7.36595
172.263;-119.518;0.914538;0.125167;-0.00197;-6.25915
181.088;-119.518;0.705507;0.105649;0.0195836;-5.12278
189.914;-119.518;0.799728;0.0855333;0.0333037;-4.24198
198.739;-119.518;0.999974;0.0651767;0.0489718;-3.4351
207.565;-119.518;1.19553;0.0419896;0.0562754;-2.57517
216.39;-119.518;1.24719;0.0212037;0.0599122;-1.59245
-189.581;-128.343;0.689181;0.108976;0.00359663;-2.77428
-180.755;-128.343;0.734131;0.0806334;-0.0204007;-3.73953
-171.93;-128.343;0.66734;0.040938;-0.0513103;-4.68866
-163.105;-128.343;0.690283;0.0202782;-0.0728424;-5.57058
-154.279;-128.343;0.669882;0.0013162;-0.0976202;-6.4285
-145.454;-128.343;0.603658;-0.0126205;-0.118273;-7.23048
-136.628;-128.343;0.558386;-0.0152417;-0.133809;-8.055
-127.803;-128.343;0.547746;-0.00365492;-0.145626;-8.83551
-118.977;-128.343;0.486882;0.000618365;-0.171314;-9.60363
-110.152;-128.343;0.466409;-0.007641;-0.204532;-10.3583
-101.326;-128.343;0.435498;-0.0191214;-0.238105;-11.0789
-92.5009;-128.343;0.456961;-0.0264819;-0.273015;-11.7811
-83.6754;-128.343;0.496578;-0.0266057;-0.305426;-12.4531
-74.85;-128.343;0.49563;-0.023382;-0.330082;-13.048
-66.0245;-128.343;0.450959;-0.0205146;-0.350479;-13.585
-57.1991;-128.343;0.447103;-0.0135628;-0.364188;-14.109
-48.3736;-128.343;0.50561;-0.00368238;-0.363543;-14.602
-39.5482;-128.343;0.457186;0.0161835;-0.358688;-14.9734
-30.7227;-128.343;0.314453;0.0450667;-0.354042;-15.1535
-21.8972;-128.343;0.205968;0.0789565;-0.347859;-15.287
-13.0718;-128.343;0.227599;0.113569;-0.336137;-15.4814
-4.24634;-128.343;0.371277;0.148435;-0.326165;-15.7407
4.57912;-128.343;0.535215;0.182519;-0.331202;-15.9449
13.4046;-128.343;0.694451;0.207619;-0.340687;-16.04
22.23;-128.343;0.804948;0.228832;-0.358193;-16.0121
31.0555;-128.343;0.797287;0.245053;-0.374123;-15.8212
39.8809;-128.343;0.693872;0.259557;-0.380679;-15.5236
48.7064;-128.343;0.734071;0.274753;-0.376797;-15.252
57.5318;-128.343;0.816727;0.289772;-0.367014;-14.9447
66.3573;-128.343;0.858962;0.301163;-0.355253;-14.5427
75.1828;-128.343;0.858601;0.306469;-0.339703;-14.0494
84.0082;-128.343;0.831581;0.304945;-0.320162;-13.4742
92.8337;-128.343;0.787723;0.298403;-0.299061;-12.8268
101.659;-128.343;0.784922;0.285088;-0.2724;-12.1401
110.485;-128.343;0.776624;0.266794;-0.23259;-11.3681
119.31;-128.343;0.726223;0.250474;-0.196069;-10.5773
128.135;-128.343;0.668334;0.235106;-0.166314;-9.80598
136.961;-128.343;0.696418;0.216507;-0.135176;-9.0623
145.786;-128.343;0.881081;0.190955;-0.0956567;-8.34997
154.612;-128.343;0.966459;0.16536;-0.0506694;-7.49358
163.437;-128.343;0.8383;0.126853;-0.0199598;-6.39986
172.263;-128.343;0.528651;0.095213;0.00588527;-5.19889
181.088;-128.343;0.450594;0.0725255;0.0285544;-4.19034
189.914;-128.343;0.867538;0.0454289;0.0512677;-3.59664
198.739;-128.343;1.31064;0.0258407;0.0734014;-3.00092
207.565;-128.343;1.53346;0.00875979;0.0759953;-2.21748
-189.581;-137.169;0.548652;0.0841796;0.00991541;-2.14132
-180.755;-137.169;0.621879;0.061074;-0.0157045;-3.07144
-171.93;-137.169;0.606316;0.0297968;-0.0432199;-3.99159
-163.105;-137.169;0.608188;0.0103044;-0.0674417;-4.88207
-154.279;-137.169;0.528809;-0.0076768;-0.0960206;-5.70692
-145.454;-137.169;0.423226;-0.0217916;-0.118666;-6.46055
-136.628;-137.169;0.391388;-0.0263272;-0.136479;-7.28034
-127.803;-137.169;0.438789;-0.0136885;-0.14951;-8.08327
-118.977;-137.169;0.437491;-0.000237937;-0.173965;-8.85601
-110.152;-137.169;0.410581;-0.00272066;-0.20395;-9.57585
-101.326;-137.169;0.348234;-0.0129856;-0.235435;-10.2439
-92.5009;-137.169;0.344077;-0.0231024;-0.271689;-10.9138
-83.6754;-137.169;0.417965;-0.0258505;-0.304031;-11.5926
-74.85;-137.169;0.467479;-0.0221784;-0.326027;-12.1963
-66.0245;-137.169;0.410117;-0.0173466;-0.34618;-12.6966
-57.1991;-137.169;0.336509;-0.0110632;-0.364137;-13.1859
-48.3736;-137.169;0.397446;-0.0102467;-0.366023;-13.6568
-39.5482;-137.169;0.253969;0.0079836;-0.366064;-13.9165
-30.7227;-137.169;-0.118194;0.038764;-0.365751;-13.8746
-21.8972;-137.169;-0.367691;0.0722043;-0.359305;-13.8524
-13.0718;-137.169;-0.260274;0.104271;-0.33915;-14.085
-4.24634;-137.169;0.0275552;0.145571;-0.314491;-14.5351
4.57912;-137.169;0.290734;0.179415;-0.312331;-14.8178
13.4046;-137.169;0.482458;0.199599;-0.328855;-14.917
22.23;-137.169;0.60229;0.215954;-0.348605;-14.8811
31.0555;-137.169;0.641833;0.230193;-0.358629;-14.7223
39.8809;-137.169;0.613834;0.242754;-0.357294;-14.4709
48.7064;-137.169;0.595435;0.253265;-0.354579;-14.1733
57.5318;-137.169;0.634174;0.262565;-0.348713;-13.8364
66.3573;-137.169;0.665731;0.270791;-0.336188;-13.4236
75.1828;-137.169;0.651492;0.27521;-0.319975;-12.919
84.0082;-137.169;0.589393;0.273764;-0.302657;-12.326
92.8337;-137.169;0.512464;0.266984;-0.284407;-11.669
101.659;-137.169;0.520791;0.254911;-0.25839;-11.0204
110.485;-137.169;0.617544;0.239513;-0.218802;-10.3824
119.31;-137.169;0.695299;0.225638;-0.180653;-9.73231
128.135;-137.169;0.731118;0.210741;-0.14604;-9.05011
136.961;-137.169;0.790601;0.190355;-0.112123;-8.32958
145.786;-137.169;0.902283;0.159639;-0.08114;-7.54764
154.612;-137.169;0.754913;0.130429;-0.0509617;-6.51253
163.437;-137.169;0.436486;0.0957267;-0.0228629;-5.30163
172.263;-137.169;0.183501;0.0694691;0.00991152;-4.18015
181.088;-137.169;0.438271;0.0393112;0.0387199;-3.45284
189.914;-137.169;1.21864;0.00146083;0.0659646;-3.14926
198.739;-137.169;1.76927;-0.0199659;0.0853537;-2.63263
-189.581;-145.994;0.425255;0.0630862;0.0174839;-1.47079
-180.755;-145.994;0.497157;0.0499218;-0.00693069;-2.36903
-171.93;-145.994;0.505096;0.0265372;-0.0328608;-3.26289
-163.105;-145.994;0.498346;0.01;-0.0564737;-4.13107
-154.279;-145.994;0.416782;-0.00420364;-0.0854998;-4.93094
-145.454;-145.994;0.31188;-0.0208854;-0.112157;-5.67731
-136.628;-145.994;0.291403;-0.0323861;-0.137342;-6.5084
-127.803;-145.994;0.362884;-0.025099;-0.155473;-7.32817
-118.977;-145.994;0.395569;-0.0100361;-0.177028;-8.09036
-110.152;-145.994;0.35761;-0.00704774;-0.19996;-8.77502
-101.326;-145.994;0.265464;-0.0129499;-0.229226;-9.39911
-92.5009;-145.994;0.246047;-0.0219448;-0.263965;-10.0356
-83.6754;-145.994;0.362787;-0.0251543;-0.29316;-10.7157
-74.85;-145.994;0.453609;-0.0209783;-0.313974;-11.331
-66.0245;-145.994;0.362841;-0.0150987;-0.337546;-11.7951
-57.1991;-145.994;0.202349;-0.00976471;-0.362816;-12.2078
-48.3736;-145.994;0.215507;-0.0146481;-0.37205;-12.5982
-39.5482;-145.994;-0.0693605;0.0120356;-0.381509;-12.6887
-30.7227;-145.994;-0.779709;0.0449665;-0.391126;-12.4158
-21.8972;-145.994;-1.37436;0.0802096;-0.390805;-12.2699
-13.0718;-145.994;-1.3352;0.112948;-0.370136;-12.4998
-4.24634;-145.994;-0.674579;0.139419;-0.335406;-13.0268
4.57912;-145.994;-0.142574;0.169695;-0.322895;-13.494
13.4046;-145.994;0.0949076;0.186229;-0.339041;-13.6482
22.23;-145.994;0.241282;0.197846;-0.351803;-13.6302
31.0555;-145.994;0.365833;0.208429;-0.351316;-13.5198
39.8809;-145.994;0.456421;0.219119;-0.343096;-13.3413
48.7064;-145.994;0.486509;0.228133;-0.338448;-13.0724
57.5318;-145.994;0.517199;0.236485;-0.335105;-12.7312
66.3573;-145.994;0.546757;0.242819;-0.32154;-12.3217
75.1828;-145.994;0.546311;0.245241;-0.302105;-11.8343
84.0082;-145.994;0.500724;0.242591;-0.281759;-11.2675
92.8337;-145.994;0.434945;0.235652;-0.261704;-10.6466
101.659;-145.994;0.464406;0.226836;-0.234987;-10.0549
110.485;-145.994;0.597797;0.216201;-0.199512;-9.50144
119.31;-145.994;0.708;0.202941;-0.165651;-8.89534
128.135;-145.994;0.754343;0.185265;-0.13301;-8.20148
136.961;-145.994;0.7616;0.161579;-0.100438;-7.41815
145.786;-145.994;0.678844;0.135698;-0.0715213;-6.50512
154.612;-145.994;0.507636;0.100846;-0.0441011;-5.49671
163.437;-145.994;0.343825;0.0616641;-0.0179342;-4.45794
172.263;-145.994;0.380222;0.0428227;0.0220748;-3.61662
181.088;-145.994;0.970879;0.00899346;0.0524028;-3.14746
189.914;-145.994;1.7899;-0.0334547;0.0770019;-2.85897
198.739;-145.994;2.15373;-0.0657572;0.108358;-2.11271
-171.93;-154.819;0.439846;0.0314727;-0.015485;-2.54802
-163.105;-154.819;0.419018;0.0165251;-0.0395436;-3.38463
-154.279;-154.819;0.366952;0.008638;-0.0639205;-4.16461
-145.454;-154.819;0.310883;-0.00982165;-0.09295;-4.9304
-136.628;-154.819;0.301504;-0.0275679;-0.125672;-5.75574
-127.803;-154.819;0.347149;-0.0283498;-0.150028;-6.55728
-118.977;-154.819;0.367915;-0.0192268;-0.167267;-7.28826
-110.152;-154.819;0.329765;-0.0146237;-0.183249;-7.94897
-101.326;-154.819;0.210453;-0.0151172;-0.211635;-8.54278
-92.5009;-154.819;0.178952;-0.0198406;-0.246187;-9.14387
-83.6754;-154.819;0.311708;-0.0210525;-0.273818;-9.81148
-74.85;-154.819;0.420871;-0.0174546;-0.294853;-10.4202
-66.0245;-154.819;0.33243;-0.0142256;-0.32177;-10.8707
-57.1991;-154.819;0.135268;-0.0127651;-0.352165;-11.2493
-48.3736;-154.819;0.107179;-0.0165766;-0.367705;-11.6046
-39.5482;-154.819;-0.186763;0.00777473;-0.379271;-11.6667
-30.7227;-154.819;-0.877305;0.0390683;-0.393596;-11.3786
-21.8972;-154.819;-1.51207;0.06845;-0.398248;-11.1879
-13.0718;-154.819;-1.62386;0.0890834;-0.385137;-11.2893
-4.24634;-154.819;-1.09762;0.106125;-0.362667;-11.6683
4.57912;-154.819;-0.318889;0.143385;-0.358885;-12.2539
13.4046;-154.819;-0.0200539;0.162065;-0.360171;-12.4859
22.23;-154.819;0.146775;0.172977;-0.355542;-12.5135
31.0555;-154.819;0.2989;0.183286;-0.343795;-12.44
39.8809;-154.819;0.423657;0.195385;-0.329725;-12.2905
48.7064;-154.819;0.473246;0.203925;-0.318751;-12.0117
57.5318;-154.819;0.503519;0.211481;-0.312014;-11.664
66.3573;-154.819;0.530783;0.216253;-0.2963;-11.2617
75.1828;-154.819;0.542766;0.216453;-0.274307;-10.8062
84.0082;-154.819;0.529353;0.212203;-0.250173;-10.2922
92.8337;-154.819;0.500621;0.205645;-0.226953;-9.7298
101.659;-154.819;0.550408;0.199333;-0.199869;-9.18071
110.485;-154.819;0.641132;0.19158;-0.170336;-8.62304
119.31;-154.819;0.656974;0.180678;-0.144334;-7.96075
128.135;-154.819;0.594313;0.164313;-0.118781;-7.18707
136.961;-154.819;0.516577;0.141694;-0.0909591;-6.346
145.786;-154.819;0.44462;0.115243;-0.063228;-5.46254
154.612;-154.819;0.489676;0.078912;-0.0340346;-4.65629
163.437;-154.819;0.703709;0.0489063;-0.0035669;-3.99936
172.263;-154.819;1.12004;0.0305359;0.0300398;-3.50931
181.088;-154.819;1.75352;-0.00171808;0.0573272;-3.11098
189.914;-154.819;2.20119;-0.0469127;0.0941678;-2.43904
-163.105;-163.645;0.405506;0.0293237;-0.0175402;-2.64286
-154.279;-163.645;0.360359;0.0194561;-0.0428996;-3.41573
-145.454;-163.645;0.354187;0.00616092;-0.0660949;-4.19111
-136.628;-163.645;0.366533;-0.0117278;-0.0968219;-4.98591
-127.803;-163.645;0.374265;-0.0182418;-0.122469;-5.74567
-118.977;-163.645;0.373717;-0.0173563;-0.139857;-6.45051
-110.152;-163.645;0.333294;-0.0169402;-0.15574;-7.0966
-101.326;-163.645;0.21313;-0.0134488;-0.184939;-7.67389
-92.5009;-163.645;0.137601;-0.0136841;-0.221902;-8.24827
-83.6754;-163.645;0.233488;-0.012211;-0.250088;-8.87577
-74.85;-163.645;0.335414;-0.00985285;-0.271171;-9.45024
-66.0245;-163.645;0.265826;-0.0104868;-0.29808;-9.89033
-57.1991;-163.645;0.0899945;-0.0123938;-0.330293;-10.2699
-48.3736;-163.645;0.159086;-0.0146265;-0.347009;-10.6826
-39.5482;-163.645;0.0966227;0.00618074;-0.358057;-10.93
-30.7227;-163.645;-0.3226;0.0358588;-0.37962;-10.8716
-21.8972;-163.645;-0.762131;0.0588524;-0.393397;-10.7417
-13.0718;-163.645;-0.888559;0.0724495;-0.388017;-10.7386
-4.24634;-163.645;-0.605681;0.0905055;-0.372549;-10.9644
4.57912;-163.645;-0.0535824;0.119317;-0.37287;-11.3585
13.4046;-163.645;0.172128;0.138473;-0.364448;-11.5536
22.23;-163.645;0.297204;0.149462;-0.345957;-11.5666
31.0555;-163.645;0.406217;0.158053;-0.324275;-11.4589
39.8809;-163.645;0.497807;0.169765;-0.303354;-11.2758
48.7064;-163.645;0.536153;0.179181;-0.281896;-10.983
57.5318;-163.645;0.557115;0.186095;-0.270344;-10.6316
66.3573;-163.645;0.574308;0.191043;-0.256389;-10.2387
75.1828;-163.645;0.572751;0.190963;-0.236709;-9.80669
84.0082;-163.645;0.55655;0.184782;-0.21077;-9.32072
92.8337;-163.645;0.548366;0.178353;-0.184378;-8.79479
101.659;-163.645;0.592182;0.17414;-0.158266;-8.2585
110.485;-163.645;0.635683;0.166158;-0.133719;-7.67828
119.31;-163.645;0.59866;0.155109;-0.112761;-6.99004
128.135;-163.645;0.511357;0.140885;-0.0924321;-6.22123
136.961;-163.645;0.455501;0.124203;-0.0685479;-5.43981
145.786;-163.645;0.479964;0.105651;-0.0411473;-4.69358
154.612;-163.645;0.748711;0.0805604;-0.00904105;-4.0816
163.437;-163.645;1.1883;0.0559682;0.0182067;-3.66086
172.263;-163.645;1.60778;0.0326492;0.0423504;-3.2163
181.088;-163.645;2.02588;-0.00319408;0.0640402;-2.65946
189.914;-163.645;2.1621;-0.0445303;0.0981146;-1.74878
-154.279;-172.47;0.359817;0.0286929;-0.0226214;-2.65142
-145.454;-172.47;0.341877;0.0135632;-0.0472276;-3.39415
-136.628;-172.47;0.353407;-0.000354132;-0.0732363;-4.15735
-127.803;-172.47;0.341699;-0.0110941;-0.0983194;-4.88229
-118.977;-172.47;0.325461;-0.0158196;-0.117695;-5.56143
-110.152;-172.47;0.304419;-0.0141831;-0.137513;-6.21239
-101.326;-172.47;0.213357;-0.00801781;-0.167863;-6.80624
-92.5009;-172.47;0.135171;-0.00682559;-0.198172;-7.36018
-83.6754;-172.47;0.179775;-0.00645994;-0.220858;-7.90838
-74.85;-172.47;0.252772;-0.00625498;-0.241281;-8.43856
-66.0245;-172.47;0.204267;-0.00735019;-0.265982;-8.86651
-57.1991;-172.47;0.0386738;-0.0068979;-0.295665;-9.22791
-48.3736;-172.47;0.0847989;-0.00217004;-0.313054;-9.63838
-39.5482;-172.47;0.251688;0.0109136;-0.323973;-10.0447
-30.7227;-172.47;0.167117;0.030129;-0.345951;-10.2165
-21.8972;-172.47;0.0149531;0.0485023;-0.363636;-10.261
-13.0718;-172.47;0.0373494;0.0667988;-0.363586;-10.3564
-4.24634;-172.47;0.268308;0.0956444;-0.350037;-10.6215
4.57912;-172.47;0.436049;0.113866;-0.343822;-10.7689
13.4046;-172.47;0.517643;0.123439;-0.334366;-10.7881
22.23;-172.47;0.529028;0.130711;-0.313099;-10.683
31.0555;-172.47;0.527971;0.137038;-0.286629;-10.4711
39.8809;-172.47;0.55101;0.146238;-0.260762;-10.2191
48.7064;-172.47;0.589561;0.152248;-0.232488;-9.92419
57.5318;-172.47;0.590084;0.157913;-0.216153;-9.58153
66.3573;-172.47;0.586612;0.164077;-0.20576;-9.20448
75.1828;-172.47;0.577525;0.167178;-0.191128;-8.79369
84.0082;-172.47;0.563204;0.163645;-0.166997;-8.32696
92.8337;-172.47;0.555445;0.156937;-0.140853;-7.81259
101.659;-172.47;0.583801;0.149853;-0.114738;-7.27484
110.485;-172.47;0.627017;0.138654;-0.0912663;-6.71118
119.31;-172.47;0.619253;0.127934;-0.0723378;-6.07639
128.135;-172.47;0.585312;0.117584;-0.056813;-5.3915
136.961;-172.47;0.595444;0.106648;-0.0390837;-4.71397
145.786;-172.47;0.723219;0.0933512;-0.0177844;-4.10718
154.612;-172.47;1.05699;0.0748685;0.00755336;-3.61323
163.437;-172.47;1.37336;0.0560199;0.0318236;-3.1092
172.263;-172.47;1.66426;0.025602;0.045189;-2.53995
-145.454;-181.296;0.304358;0.0166938;-0.0315189;-2.57179
-136.628;-181.296;0.253576;0.00334608;-0.0527593;-3.26835
-127.803;-181.296;0.213475;-0.0122468;-0.0788551;-3.97274
-118.977;-181.296;0.171922;-0.0221582;-0.101537;-4.62362
-110.152;-181.296;0.166238;-0.0171963;-0.12204;-5.26306
-101.326;-181.296;0.0982794;-0.00158011;-0.146374;-5.83433
-92.5009;-181.296;0.0116049;0.00298045;-0.169079;-6.3454
-83.6754;-181.296;0.0273832;0.00176377;-0.184971;-6.84005
-74.85;-181.296;0.123015;-0.000856388;-0.203855;-7.3719
-66.0245;-181.296;0.143232;-0.00230892;-0.225101;-7.81738
-57.1991;-181.296;0.0148042;0.000735829;-0.24899;-8.15958
-48.3736;-181.296;0.0159366;0.009875;-0.264474;-8.52715
-39.5482;-181.296;0.222437;0.0182882;-0.275323;-8.96799
-30.7227;-181.296;0.311543;0.0285827;-0.290966;-9.25626
-21.8972;-181.296;0.339021;0.0431189;-0.303888;-9.43325
-13.0718;-181.296;0.479114;0.0624282;-0.304772;-9.6251
-4.24634;-181.296;0.743259;0.0861304;-0.295843;-9.87256
4.57912;-181.296;0.76888;0.100972;-0.293971;-9.9364
13.4046;-181.296;0.754919;0.106991;-0.284179;-9.87612
22.23;-181.296;0.671556;0.113545;-0.262601;-9.6859
31.0555;-181.296;0.566281;0.119694;-0.236072;-9.38366
39.8809;-181.296;0.513767;0.128017;-0.209852;-9.07049
48.7064;-181.296;0.54517;0.132454;-0.182191;-8.76963
57.5318;-181.296;0.542997;0.137379;-0.163293;-8.44188
66.3573;-181.296;0.53656;0.141559;-0.152972;-8.08998
75.1828;-181.296;0.540784;0.144488;-0.139958;-7.70793
84.0082;-181.296;0.543684;0.143457;-0.118678;-7.27159
92.8337;-181.296;0.53725;0.138651;-0.0982119;-6.7771
101.659;-181.296;0.536837;0.132928;-0.0806544;-6.2527
110.485;-181.296;0.562105;0.122865;-0.0636325;-5.71854
119.31;-181.296;0.586667;0.112599;-0.0471158;-5.1481
128.135;-181.296;0.618418;0.102257;-0.0329871;-4.54722
136.961;-181.296;0.693757;0.090585;-0.018415;-3.9492
145.786;-181.296;0.875015;0.0766208;-0.00384347;-3.41444
154.612;-181.296;1.09588;0.0610094;0.0116105;-2.87109
163.437;-181.296;1.27883;0.0403194;0.0302722;-2.26737
-136.628;-190.121;0.19613;0.00853957;-0.0296784;-2.36708
-127.803;-190.121;0.162143;-0.00440305;-0.0483827;-3.03085
-118.977;-190.121;0.114246;-0.0157897;-0.0686218;-3.66734
-110.152;-190.121;0.0842868;-0.0124234;-0.0898333;-4.28628
-101.326;-190.121;-0.015994;0.0070741;-0.110216;-4.80397
-92.5009;-190.121;-0.166291;0.0140439;-0.130022;-5.23912
-83.6754;-190.121;-0.167756;0.0126554;-0.144114;-5.71565
-74.85;-190.121;-0.0250949;0.00874731;-0.159916;-6.2674
-66.0245;-190.121;0.0898463;0.00673502;-0.178112;-6.76536
-57.1991;-190.121;0.054378;0.00936538;-0.197924;-7.13716
-48.3736;-190.121;0.0591765;0.0175413;-0.210377;-7.4736
-39.5482;-190.121;0.165635;0.0237286;-0.218833;-7.83197
-30.7227;-190.121;0.257111;0.0307481;-0.229087;-8.12798
-21.8972;-190.121;0.354962;0.0444758;-0.238833;-8.36399
-13.0718;-190.121;0.510745;0.0658838;-0.245617;-8.58754
-4.24634;-190.121;0.685397;0.085382;-0.244467;-8.7475
4.57912;-190.121;0.685484;0.0924492;-0.23999;-8.73982
13.4046;-190.121;0.573083;0.0953711;-0.230954;-8.60145
22.23;-190.121;0.470705;0.0995419;-0.211835;-8.38034
31.0555;-190.121;0.3864;0.105991;-0.189833;-8.11321
39.8809;-190.121;0.354107;0.112835;-0.166924;-7.83706
48.7064;-190.121;0.390468;0.116944;-0.14214;-7.56425
57.5318;-190.121;0.402613;0.120179;-0.122925;-7.26243
66.3573;-190.121;0.418893;0.122351;-0.108819;-6.9339
75.1828;-190.121;0.45553;0.124252;-0.0935166;-6.58233
84.0082;-190.121;0.485849;0.124491;-0.0743716;-6.18512
92.8337;-190.121;0.491425;0.122465;-0.0609483;-5.73025
101.659;-190.121;0.486417;0.119362;-0.0527495;-5.23608
110.485;-190.121;0.500954;0.112391;-0.0450992;-4.73046
119.31;-190.121;0.528682;0.104073;-0.0353601;-4.19936
128.135;-190.121;0.579323;0.0938029;-0.0240654;-3.64467
136.961;-190.121;0.667171;0.0819726;-0.0117634;-3.07542
145.786;-190.121;0.814931;0.0656588;0.00356016;-2.52585
154.612;-190.121;0.938992;0.0484846;0.0205588;-1.92154
-118.977;-198.947;0.101305;0.00126296;-0.0304156;-2.71272
-110.152;-198.947;0.0919557;0.00313925;-0.0472951;-3.28847
-101.326;-198.947;-0.03895;0.0172447;-0.0705038;-3.80135
-92.5009;-198.947;-0.258473;0.0231477;-0.0942273;-4.20672
-83.6754;-198.947;-0.269998;0.0230663;-0.108126;-4.69412
-74.85;-198.947;-0.11751;0.0209478;-0.119217;-5.24003
-66.0245;-198.947;0.0506661;0.0188136;-0.132642;-5.74942
-57.1991;-198.947;0.120925;0.0182473;-0.148632;-6.14837
-48.3736;-198.947;0.125112;0.0242787;-0.161681;-6.46604
-39.5482;-198.947;0.161835;0.0287884;-0.172747;-6.75414
-30.7227;-198.947;0.192786;0.0315814;-0.187663;-7.01337
-21.8972;-198.947;0.261822;0.0417585;-0.200428;-7.22939
-13.0718;-198.947;0.384024;0.0610222;-0.208794;-7.41197
-4.24634;-198.947;0.494842;0.0773283;-0.205501;-7.49291
4.57912;-198.947;0.467864;0.0820155;-0.198006;-7.44263
13.4046;-198.947;0.38772;0.0813908;-0.187241;-7.30122
22.23;-198.947;0.32086;0.0841194;-0.171948;-7.11637
31.0555;-198.947;0.256281;0.089515;-0.154433;-6.8934
39.8809;-198.947;0.22392;0.0938973;-0.133745;-6.64516
48.7064;-198.947;0.24645;0.0970892;-0.111108;-6.39275
57.5318;-198.947;0.275248;0.100373;-0.0911494;-6.11691
66.3573;-198.947;0.317322;0.103291;-0.0718351;-5.80983
75.1828;-198.947;0.377048;0.104371;-0.052272;-5.47887
84.0082;-198.947;0.426127;0.103877;-0.0341856;-5.11068
92.8337;-198.947;0.45057;0.102333;-0.0259642;-4.69381
101.659;-198.947;0.4691;0.102017;-0.0241347;-4.24289
110.485;-198.947;0.49691;0.0986883;-0.0222946;-3.77073
119.31;-198.947;0.520972;0.0928947;-0.0174343;-3.24976
128.135;-198.947;0.546241;0.0839328;-0.0126185;-2.70487
136.961;-198.947;0.599508;0.0715573;-0.00342099;-2.14788
145.786;-198.947;0.70021;0.05368;0.0154455;-1.5756
-118.977;-207.772;0.015966;0.0191925;-0.000986797;-1.74237
-110.152;-207.772;0.052824;0.0224273;-0.0159904;-2.30387
-101.326;-207.772;-0.0357196;0.0271299;-0.0418214;-2.82112
-92.5009;-207.772;-0.202745;0.0261155;-0.066991;-3.26498
-83.6754;-207.772;-0.18943;0.0250297;-0.0762885;-3.74492
-74.85;-207.772;-0.099069;0.0257317;-0.0830069;-4.24167
-66.0245;-207.772;0.0068562;0.0255394;-0.0962254;-4.69463
-57.1991;-207.772;0.0729841;0.0258976;-0.109356;-5.06193
-48.3736;-207.772;0.0949409;0.0285191;-0.12336;-5.36478
-39.5482;-207.772;0.101438;0.0323522;-0.137076;-5.61874
-30.7227;-207.772;0.117571;0.03406;-0.153333;-5.84145
-21.8972;-207.772;0.157902;0.0403013;-0.168243;-6.02263
-13.0718;-207.772;0.226734;0.0544871;-0.18005;-6.16539
-4.24634;-207.772;0.287244;0.0673322;-0.181047;-6.22181
4.57912;-207.772;0.276505;0.0690445;-0.174221;-6.17929
13.4046;-207.772;0.246487;0.0656403;-0.162732;-6.07411
22.23;-207.772;0.219207;0.0680137;-0.146781;-5.92955
31.0555;-207.772;0.178043;0.071731;-0.12526;-5.73056
39.8809;-207.772;0.152058;0.0741569;-0.100226;-5.50507
48.7064;-207.772;0.171894;0.0752566;-0.0756709;-5.27613
57.5318;-207.772;0.227036;0.0766039;-0.0534936;-5.03127
66.3573;-207.772;0.300329;0.07995;-0.0296826;-4.74672
75.1828;-207.772;0.370197;0.0808882;-0.00772727;-4.43424
84.0082;-207.772;0.431398;0.0813262;0.00724037;-4.10062
92.8337;-207.772;0.490845;0.0819201;0.0118685;-3.72952
101.659;-207.772;0.534642;0.0834041;0.0109527;-3.32475
110.485;-207.772;0.567047;0.0816315;0.00694939;-2.85967
119.31;-207.772;0.574345;0.0755845;0.00701054;-2.34192
128.135;-207.772;0.574192;0.0669544;0.00792473;-1.79785
136.961;-207.772;0.578027;0.0553188;0.0150147;-1.23439
-83.6754;-216.598;-0.150553;0.0275536;-0.0469946;-2.77543
-74.85;-216.598;-0.0698529;0.0289731;-0.0516038;-3.20861
-66.0245;-216.598;-0.0211978;0.0310335;-0.0631551;-3.61244
-57.1991;-216.598;0.0016285;0.0313954;-0.074622;-3.94339
-48.3736;-216.598;0.00145107;0.031763;-0.0890188;-4.2301
-39.5482;-216.598;0.0199876;0.0353194;-0.103319;-4.46495
-30.7227;-216.598;0.0559018;0.0393318;-0.119292;-4.66119
-21.8972;-216.598;0.0952491;0.0440475;-0.134133;-4.81778
-13.0718;-216.598;0.135929;0.0512668;-0.146702;-4.92708
-4.24634;-216.598;0.161466;0.0578714;-0.153118;-4.97557
4.57912;-216.598;0.151133;0.0583273;-0.152257;-4.96385
13.4046;-216.598;0.13946;0.0540297;-0.143376;-4.89987
22.23;-216.598;0.120239;0.0546447;-0.12206;-4.76373
31.0555;-216.598;0.0958551;0.0549225;-0.0914194;-4.5647
39.8809;-216.598;0.104025;0.0540037;-0.059466;-4.3632
48.7064;-216.598;0.171168;0.0527536;-0.0302782;-4.18761
57.5318;-216.598;0.285476;0.0528316;-0.00384961;-4.01316
66.3573;-216.598;0.389844;0.0576169;0.022443;-3.77612
75.1828;-216.598;0.473421;0.0617172;0.040139;-3.49391
84.0082;-216.598;0.56478;0.0671198;0.050569;-3.21501
92.8337;-216.598;0.660815;0.0674186;0.049757;-2.88902
101.659;-216.598;0.730768;0.0620383;0.042483;-2.48998
110.485;-216.598;0.718139;0.056912;0.031412;-1.99623
-83.6754;-225.423;-0.133148;0.0330231;-0.0153661;-1.75972
-74.85;-225.423;-0.0454036;0.0332773;-0.0216678;-2.17371
-66.0245;-225.423;-0.0131855;0.0347039;-0.0330201;-2.54055
-57.1991;-225.423;-0.0169903;0.0340081;-0.042738;-2.84604
-48.3736;-225.423;-0.03701;0.032871;-0.0531742;-3.11646
-39.5482;-225.423;-0.0055027;0.0353246;-0.066513;-3.35066
-30.7227;-225.423;0.0465333;0.0414119;-0.0817574;-3.54406
-21.8972;-225.423;0.0782624;0.0470582;-0.0978123;-3.68709
-13.0718;-225.423;0.0952924;0.0510032;-0.109499;-3.77951
-4.24634;-225.423;0.0945464;0.0535577;-0.115903;-3.82012
4.57912;-225.423;0.0654043;0.0535995;-0.117951;-3.8046
13.4046;-225.423;0.0276722;0.0485892;-0.112533;-3.73366
22.23;-225.423;0.00210755;0.0455687;-0.0842399;-3.58308
31.0555;-225.423;0.00972294;0.0441457;-0.046789;-3.41081
39.8809;-225.423;0.112327;0.0420556;-0.0117365;-3.28305
48.7064;-225.423;0.247565;0.0418584;0.0191452;-3.18773
57.5318;-225.423;0.436433;0.0412776;0.0466587;-3.09059
66.3573;-225.423;0.527002;0.0488706;0.0698543;-2.91503
75.1828;-225.423;0.606364;0.0566298;0.0781291;-2.65016
84.0082;-225.423;0.686016;0.0584599;0.0717898;-2.33066
92.8337;-225.423;0.711629;0.0580677;0.0659773;-1.95802
-39.5482;-234.249;0.0306207;0.0353008;-0.0271284;-2.28567
-30.7227;-234.249;0.0831289;0.0397485;-0.0441642;-2.48421
-21.8972;-234.249;0.0934164;0.0445582;-0.0612474;-2.61533
-13.0718;-234.249;0.0837572;0.0471221;-0.0709003;-2.68256
-4.24634;-234.249;0.0577434;0.0488269;-0.0757451;-2.70301
4.57912;-234.249;0.00689619;0.0484892;-0.0753781;-2.66027
13.4046;-234.249;-0.0793437;0.0431893;-0.0691428;-2.55481
22.23;-234.249;-0.0531941;0.0388779;-0.0369282;-2.45081
31.0555;-234.249;0.0867969;0.0395126;-0.000487019;-2.41849
39.8809;-234.249;0.350686;0.0378501;0.0299912;-2.41016
48.7064;-234.249;0.536908;0.03585;0.0497613;-2.33648
57.5318;-234.249;0.540877;0.0369853;0.0598456;-2.14082
66.3573;-234.249;0.400515;0.0463621;0.0625368;-1.83181
75.1828;-234.249;0.247771;0.0520742;0.0563473;-1.44862
-4.24634;-243.074;0.085174;0.0473763;-0.0320096;-1.66081
4.57912;-243.074;0.0448187;0.0481118;-0.0343241;-1.64236
13.4046;-243.074;-0.0103361;0.0424934;-0.0289543;-1.58013
22.23;-243.074;0.19242;0.039598;0.000438283;-1.61229
31.0555;-243.074;0.548206;0.0406261;0.0355982;-1.70891
