x[mm];y[mm];z[mm];x-displacement[mm];y-displacement[mm];z-displacement[mm]
-4.24634;224.675;0.375758;0.0375342;0.0728596;-2.16177
4.57912;224.675;0.279688;0.0440924;0.0738306;-2.16423
13.4046;224.675;0.244098;0.0505888;0.072981;-2.14111
22.23;224.675;0.214277;0.0518854;0.0650956;-2.06707
31.0555;224.675;0.169214;0.0514557;0.0599566;-1.95662
-39.5482;215.85;0.228536;0.0253799;0.10027;-2.48569
-30.7227;215.85;0.132185;0.02689;0.106469;-2.62031
-21.8972;215.85;0.00690536;0.0320584;0.0975118;-2.66614
-13.0718;215.85;-0.0678567;0.0446963;0.0913752;-2.78012
-4.24634;215.85;-0.0400073;0.0496909;0.0922258;-2.89976
4.57912;215.85;-0.0137488;0.0533926;0.100745;-2.99098
13.4046;215.85;0.00217642;0.0569646;0.107608;-3.01525
22.23;215.85;0.0324511;0.0572907;0.105831;-2.9853
31.0555;215.85;0.0670344;0.0592666;0.100489;-2.92306
39.8809;215.85;0.0771415;0.0623451;0.0900884;-2.80411
48.7064;215.85;0.0358777;0.0647473;0.078809;-2.63334
57.5318;215.85;-0.0227074;0.0661525;0.0684086;-2.40985
66.3573;215.85;-0.0863275;0.065043;0.0673347;-2.15761
75.1828;215.85;-0.127406;0.0620262;0.0653156;-1.87985
-74.85;207.024;0.59461;0.0131367;0.0713518;-2.39101
-66.0245;207.024;0.486612;0.0221474;0.0805014;-2.69281
-57.1991;207.024;0.307945;0.026807;0.0941797;-2.94455
-48.3736;207.024;0.233351;0.0254874;0.109327;-3.2325
-39.5482;207.024;0.145739;0.026532;0.120843;-3.43632
-30.7227;207.024;-0.153578;0.0318378;0.134454;-3.46096
-21.8972;207.024;-0.444783;0.037002;0.131306;-3.39172
-13.0718;207.024;-0.518978;0.0480243;0.122159;-3.47647
-4.24634;207.024;-0.398179;0.0558993;0.11584;-3.64675
4.57912;207.024;-0.29085;0.0613446;0.12674;-3.81325
13.4046;207.024;-0.188586;0.0647031;0.137353;-3.91466
22.23;207.024;-0.0832845;0.0660658;0.137997;-3.95169
31.0555;207.024;0.00173202;0.0689294;0.12989;-3.91923
39.8809;207.024;0.0396905;0.0743613;0.115639;-3.81273
48.7064;207.024;0.0246193;0.07841;0.100618;-3.6443
57.5318;207.024;-0.0306136;0.0806172;0.0920179;-3.41341
66.3573;207.024;-0.0857333;0.0807543;0.0922456;-3.15478
75.1828;207.024;-0.119264;0.0780855;0.0916532;-2.86942
84.0082;207.024;-0.122125;0.0727909;0.0844908;-2.55275
92.8337;207.024;-0.102492;0.0685169;0.067105;-2.18627
-110.152;198.199;0.893724;0.0161529;0.0417519;-1.64796
-101.326;198.199;0.790244;0.00955832;0.0587039;-2.11711
-92.5009;198.199;0.684541;-0.000241125;0.0746565;-2.58475
-83.6754;198.199;0.63034;-0.00630623;0.0854421;-3.03114
-74.85;198.199;0.540479;0.00101076;0.0940275;-3.43606
-66.0245;198.199;0.373743;0.0168308;0.10103;-3.72616
-57.1991;198.199;0.150043;0.0303451;0.114835;-3.945
-48.3736;198.199;0.108936;0.0304382;0.125174;-4.20601
-39.5482;198.199;0.0654755;0.0320923;0.131108;-4.4216
-30.7227;198.199;-0.178439;0.0366186;0.144183;-4.47525
-21.8972;198.199;-0.383967;0.0390732;0.14428;-4.45778
-13.0718;198.199;-0.404249;0.0475163;0.135553;-4.55928
-4.24634;198.199;-0.259576;0.0556243;0.126514;-4.72918
4.57912;198.199;-0.149092;0.0613626;0.136371;-4.89383
13.4046;198.199;-0.0598719;0.0670155;0.147903;-4.99973
22.23;198.199;0.00467943;0.072607;0.151076;-5.02986
31.0555;198.199;0.0444207;0.0777606;0.145099;-4.97751
39.8809;198.199;0.062254;0.0830905;0.132987;-4.85818
48.7064;198.199;0.0619776;0.0875336;0.120037;-4.68637
57.5318;198.199;0.0215814;0.0913365;0.111444;-4.4513
66.3573;198.199;-0.0206234;0.0935487;0.10894;-4.18154
75.1828;198.199;-0.044663;0.0924501;0.105171;-3.88265
84.0082;198.199;-0.0387745;0.0881234;0.0980237;-3.54931
92.8337;198.199;-0.0265803;0.082283;0.0851561;-3.17587
101.659;198.199;-0.010551;0.0763154;0.0698252;-2.7585
110.485;198.199;0.0169507;0.0674778;0.0522954;-2.31568
-110.152;189.373;0.930837;0.00180554;0.052848;-2.57772
-101.326;189.373;0.892086;-0.00394704;0.0639437;-3.09659
-92.5009;189.373;0.791371;-0.0137489;0.0797067;-3.58433
-83.6754;189.373;0.655952;-0.0219182;0.0994561;-4.03115
-74.85;189.373;0.473169;-0.013452;0.113847;-4.40431
-66.0245;189.373;0.255245;0.0102734;0.125164;-4.71158
-57.1991;189.373;0.0654671;0.029035;0.127279;-4.8999
-48.3736;189.373;0.000737889;0.0299551;0.134904;-5.1461
-39.5482;189.373;0.0191545;0.0323106;0.136074;-5.43078
-30.7227;189.373;-0.0364448;0.037713;0.143635;-5.64041
-21.8972;189.373;-0.082711;0.0440749;0.144562;-5.7732
-13.0718;189.373;-0.0487373;0.0535883;0.138722;-5.91453
-4.24634;189.373;0.0601943;0.0620614;0.132871;-6.05807
4.57912;189.373;0.120273;0.0668733;0.141854;-6.16538
13.4046;189.373;0.149755;0.0720619;0.150971;-6.19245
22.23;189.373;0.152561;0.0785591;0.155283;-6.15716
31.0555;189.373;0.146051;0.0842454;0.152955;-6.06868
39.8809;189.373;0.144224;0.0888064;0.145585;-5.9356
48.7064;189.373;0.148461;0.0933633;0.136098;-5.75453
57.5318;189.373;0.119586;0.0984825;0.127754;-5.50766
66.3573;189.373;0.0844441;0.101925;0.120781;-5.22085
75.1828;189.373;0.0629578;0.102263;0.113605;-4.90551
84.0082;189.373;0.0600902;0.0994428;0.105473;-4.56001
92.8337;189.373;0.0644549;0.094832;0.0954527;-4.1735
101.659;189.373;0.0664289;0.0891868;0.0828262;-3.73937
110.485;189.373;0.0848117;0.0819225;0.0675606;-3.26254
119.31;189.373;0.124769;0.0722734;0.0489866;-2.77527
128.135;189.373;0.179572;0.0613939;0.0300721;-2.26535
136.961;189.373;0.201108;0.0450826;0.00705506;-1.68428
-127.803;180.548;1.05846;0.000429321;0.0272525;-2.32686
-118.977;180.548;0.997956;-0.0111031;0.0462521;-2.90294
-110.152;180.548;0.970836;-0.0180042;0.0610409;-3.46729
-101.326;180.548;0.96254;-0.0264065;0.0699503;-3.99119
-92.5009;180.548;0.807726;-0.0362583;0.0932057;-4.4535
-83.6754;180.548;0.539784;-0.0450936;0.127208;-4.83784
-74.85;180.548;0.348888;-0.0321005;0.145179;-5.24808
-66.0245;180.548;0.265878;-6.13863e-05;0.142125;-5.69185
-57.1991;180.548;0.201836;0.0234158;0.128235;-5.96762
-48.3736;180.548;0.0658138;0.0256149;0.137807;-6.21514
-39.5482;180.548;0.0982304;0.0248762;0.139659;-6.49415
-30.7227;180.548;0.155431;0.0293988;0.14327;-6.76993
-21.8972;180.548;0.209804;0.037375;0.143458;-6.97609
-13.0718;180.548;0.26204;0.0474139;0.141347;-7.13403
-4.24634;180.548;0.305143;0.0558711;0.14133;-7.24707
4.57912;180.548;0.300953;0.0609071;0.150186;-7.30224
13.4046;180.548;0.280497;0.0691249;0.157814;-7.28386
22.23;180.548;0.257491;0.0779937;0.161823;-7.21969
31.0555;180.548;0.245243;0.085288;0.162128;-7.12617
39.8809;180.548;0.246722;0.0911092;0.158785;-6.99819
48.7064;180.548;0.251238;0.097127;0.151968;-6.81334
57.5318;180.548;0.224418;0.1032;0.144557;-6.55788
66.3573;180.548;0.193296;0.106988;0.135917;-6.26293
75.1828;180.548;0.177118;0.108589;0.127661;-5.93923
84.0082;180.548;0.172933;0.108239;0.120174;-5.57857
92.8337;180.548;0.161004;0.106444;0.112195;-5.16564
101.659;180.548;0.133258;0.103103;0.101341;-4.69523
110.485;180.548;0.128493;0.0947895;0.0856972;-4.19021
119.31;180.548;0.152883;0.0844679;0.0669842;-3.6709
128.135;180.548;0.207737;0.0756158;0.0470687;-3.14482
136.961;180.548;0.270701;0.064884;0.0264292;-2.60031
145.786;180.548;0.262011;0.0505464;0.00331689;-1.97206
154.612;180.548;0.195857;0.0280198;-0.0221957;-1.2531
-136.628;171.722;1.14351;-0.0130192;0.0306258;-2.56902
-127.803;171.722;1.06686;-0.0225444;0.047728;-3.17545
-118.977;171.722;0.968487;-0.0338333;0.0685598;-3.77476
-110.152;171.722;0.91058;-0.0443079;0.0847355;-4.35443
-101.326;171.722;0.8803;-0.0536783;0.0934361;-4.88066
-92.5009;171.722;0.628931;-0.0663125;0.127234;-5.30805
-83.6754;171.722;0.300046;-0.0739678;0.171923;-5.69463
-74.85;171.722;0.291085;-0.0546064;0.178157;-6.16875
-66.0245;171.722;0.460908;-0.0156312;0.15041;-6.72267
-57.1991;171.722;0.522507;0.0122187;0.12455;-7.09532
-48.3736;171.722;0.364773;0.0168577;0.135825;-7.3525
-39.5482;171.722;0.305224;0.0191807;0.150396;-7.60051
-30.7227;171.722;0.324616;0.02441;0.161891;-7.86267
-21.8972;171.722;0.359439;0.0326175;0.165771;-8.0639
-13.0718;171.722;0.375868;0.0423792;0.16703;-8.20301
-4.24634;171.722;0.361798;0.0512496;0.170133;-8.28567
4.57912;171.722;0.320094;0.0583456;0.175918;-8.31241
13.4046;171.722;0.294483;0.068384;0.180404;-8.28718
22.23;171.722;0.285953;0.0791881;0.184155;-8.23339
31.0555;171.722;0.301115;0.0884541;0.184713;-8.1561
39.8809;171.722;0.327054;0.0964261;0.18097;-8.03886
48.7064;171.722;0.33724;0.10422;0.174148;-7.8544
57.5318;171.722;0.313679;0.110381;0.166469;-7.59665
66.3573;171.722;0.294204;0.114026;0.157806;-7.30462
75.1828;171.722;0.291278;0.116959;0.148768;-6.978
84.0082;171.722;0.287603;0.119127;0.140765;-6.59919
92.8337;171.722;0.25443;0.119558;0.134258;-6.1515
101.659;171.722;0.190846;0.118597;0.12536;-5.6439
110.485;171.722;0.172383;0.112098;0.108288;-5.12032
119.31;171.722;0.185627;0.103087;0.0882275;-4.58326
128.135;171.722;0.211511;0.0932955;0.0687586;-4.02596
136.961;171.722;0.236322;0.0831688;0.0491847;-3.44171
145.786;171.722;0.31376;0.067097;0.0264885;-2.83951
154.612;171.722;0.23832;0.0533567;0.0067721;-2.1362
163.437;171.722;0.0883176;0.0387552;-0.00393408;-1.39975
-145.454;162.897;1.15461;-0.0194027;0.0347483;-2.70475
-136.628;162.897;1.13588;-0.0298315;0.0500733;-3.36611
-127.803;162.897;1.0774;-0.0381324;0.0686259;-4.01521
-118.977;162.897;0.980421;-0.0491645;0.0885072;-4.62219
-110.152;162.897;0.914287;-0.0603177;0.102813;-5.21026
-101.326;162.897;0.871911;-0.0704706;0.10945;-5.74281
-92.5009;162.897;0.650106;-0.0827129;0.138776;-6.21686
-83.6754;162.897;0.420197;-0.0852072;0.171703;-6.65755
-74.85;162.897;0.58986;-0.0601706;0.165032;-7.19328
-66.0245;162.897;0.807345;-0.0214477;0.132576;-7.75176
-57.1991;162.897;0.779558;0.00613519;0.117364;-8.16144
-48.3736;162.897;0.601513;0.0136109;0.136109;-8.41844
-39.5482;162.897;0.529642;0.0180871;0.158607;-8.65867
-30.7227;162.897;0.517672;0.0226448;0.179176;-8.90482
-21.8972;162.897;0.500015;0.0311303;0.190007;-9.0913
-13.0718;162.897;0.463971;0.0420028;0.195222;-9.21233
-4.24634;162.897;0.419105;0.0526198;0.199548;-9.27977
4.57912;162.897;0.379074;0.0621465;0.202668;-9.30698
13.4046;162.897;0.364858;0.0734591;0.205251;-9.29625
22.23;162.897;0.363894;0.0842254;0.210455;-9.25942
31.0555;162.897;0.384962;0.0940248;0.212424;-9.19134
39.8809;162.897;0.419324;0.103265;0.208021;-9.07576
48.7064;162.897;0.442699;0.111831;0.201178;-8.89129
57.5318;162.897;0.421008;0.117743;0.192715;-8.6237
66.3573;162.897;0.389526;0.122284;0.182114;-8.30959
75.1828;162.897;0.377531;0.12683;0.170638;-7.96091
84.0082;162.897;0.368036;0.130889;0.161057;-7.56441
92.8337;162.897;0.330358;0.132039;0.154689;-7.10056
101.659;162.897;0.260863;0.131451;0.148484;-6.58598
110.485;162.897;0.26187;0.12673;0.130363;-6.07475
119.31;162.897;0.299042;0.119216;0.106798;-5.54388
128.135;162.897;0.344955;0.109284;0.0833761;-4.97816
136.961;162.897;0.382717;0.0967928;0.0607125;-4.37244
145.786;162.897;0.416761;0.0812888;0.0369359;-3.73488
154.612;162.897;0.332867;0.0686488;0.0214628;-3.00867
163.437;162.897;0.230206;0.0572644;0.0184657;-2.26826
-163.105;154.071;1.20252;0.00214482;0.018285;-1.98166
-154.279;154.071;1.13906;-0.0172801;0.0357894;-2.72875
-145.454;154.071;1.11547;-0.0324349;0.051831;-3.45472
-136.628;154.071;1.12115;-0.0395208;0.0652471;-4.15228
-127.803;154.071;1.08164;-0.0477596;0.0837027;-4.82435
-118.977;154.071;1.01224;-0.0583799;0.101433;-5.45789
-110.152;154.071;0.97436;-0.0692797;0.112254;-6.0623
-101.326;154.071;0.972763;-0.0776648;0.114806;-6.63763
-92.5009;154.071;0.860946;-0.0833899;0.128795;-7.1815
-83.6754;154.071;0.790592;-0.0775288;0.141725;-7.68321
-74.85;154.071;0.89014;-0.0518374;0.138283;-8.2572
-66.0245;154.071;0.954122;-0.0216234;0.122992;-8.7518
-57.1991;154.071;0.857777;-0.000519541;0.122524;-9.1208
-48.3736;154.071;0.692038;0.00809019;0.143738;-9.37516
-39.5482;154.071;0.652509;0.014425;0.167871;-9.63433
-30.7227;154.071;0.644239;0.0200655;0.190946;-9.88165
-21.8972;154.071;0.627721;0.0307982;0.203915;-10.0673
-13.0718;154.071;0.58993;0.0426246;0.212085;-10.1929
-4.24634;154.071;0.53875;0.0527992;0.220382;-10.2715
4.57912;154.071;0.495007;0.0630865;0.225554;-10.3134
13.4046;154.071;0.479858;0.0751802;0.228851;-10.3127
22.23;154.071;0.456536;0.0868971;0.235505;-10.2714
31.0555;154.071;0.446423;0.0986052;0.238518;-10.1859
39.8809;154.071;0.455528;0.110279;0.233486;-10.052
48.7064;154.071;0.466134;0.120359;0.226995;-9.85326
57.5318;154.071;0.427753;0.12697;0.220367;-9.56642
66.3573;154.071;0.381533;0.132497;0.210095;-9.23154
75.1828;154.071;0.375794;0.137322;0.196186;-8.87462
84.0082;154.071;0.389735;0.141603;0.182233;-8.48267
92.8337;154.071;0.385538;0.142225;0.171451;-8.02578
101.659;154.071;0.349303;0.14023;0.164646;-7.51548
110.485;154.071;0.367342;0.135778;0.147628;-7.00571
119.31;154.071;0.416055;0.129596;0.123976;-6.47031
128.135;154.071;0.460767;0.120018;0.0981422;-5.88531
136.961;154.071;0.471651;0.106866;0.0731298;-5.2451
145.786;154.071;0.468605;0.0918809;0.0491694;-4.57573
154.612;154.071;0.397623;0.0793748;0.0333455;-3.85388
163.437;154.071;0.311385;0.0684743;0.028154;-3.08626
172.263;154.071;0.253158;0.0554569;0.0273436;-2.32092
181.088;154.071;0.265392;0.0382637;0.0257807;-1.51053
-171.93;145.246;1.12975;0.0102587;0.0135278;-1.87798
-163.105;145.246;1.1641;-0.00787387;0.0281061;-2.66788
-154.279;145.246;1.11817;-0.0263844;0.0448374;-3.43995
-145.454;145.246;1.09692;-0.040322;0.0607977;-4.1885
-136.628;145.246;1.09647;-0.0500164;0.0764234;-4.91326
-127.803;145.246;1.06622;-0.0592303;0.0935414;-5.61113
-118.977;145.246;1.0209;-0.0695614;0.108637;-6.26737
-110.152;145.246;0.999578;-0.0797615;0.117916;-6.89921
-101.326;145.246;1.01174;-0.0855854;0.120518;-7.51595
-92.5009;145.246;0.99025;-0.0840093;0.124922;-8.10879
-83.6754;145.246;0.99117;-0.0723093;0.129642;-8.65387
-74.85;145.246;1.00651;-0.0526098;0.126945;-9.16629
-66.0245;145.246;0.966159;-0.032419;0.124612;-9.61666
-57.1991;145.246;0.852637;-0.0165877;0.132862;-9.97768
-48.3736;145.246;0.72729;-0.00619817;0.152507;-10.2484
-39.5482;145.246;0.702204;0.00300653;0.175557;-10.5362
-30.7227;145.246;0.69207;0.0118035;0.197578;-10.7924
-21.8972;145.246;0.674958;0.0265133;0.210253;-10.9847
-13.0718;145.246;0.632476;0.0410495;0.221163;-11.1235
-4.24634;145.246;0.57001;0.0522668;0.235246;-11.2162
4.57912;145.246;0.513373;0.0628854;0.245138;-11.2638
13.4046;145.246;0.489802;0.0757814;0.250058;-11.2599
22.23;145.246;0.459978;0.0889128;0.255112;-11.2063
31.0555;145.246;0.436727;0.10271;0.256596;-11.1013
39.8809;145.246;0.426509;0.116841;0.251404;-10.9502
48.7064;145.246;0.420906;0.128216;0.24608;-10.7384
57.5318;145.246;0.390984;0.135168;0.242831;-10.4526
66.3573;145.246;0.366716;0.142063;0.234853;-10.1227
75.1828;145.246;0.38773;0.147867;0.220712;-9.77798
84.0082;145.246;0.431634;0.152429;0.203646;-9.40285
92.8337;145.246;0.465293;0.15202;0.188495;-8.96172
101.659;145.246;0.471788;0.148942;0.17907;-8.4635
110.485;145.246;0.488642;0.145857;0.163863;-7.94061
119.31;145.246;0.512269;0.142367;0.142527;-7.37595
128.135;145.246;0.525369;0.134267;0.11679;-6.75445
136.961;145.246;0.514664;0.120009;0.0902466;-6.08024
145.786;145.246;0.494587;0.104325;0.0654961;-5.38716
154.612;145.246;0.443393;0.0916269;0.0463676;-4.65629
163.437;145.246;0.374303;0.078842;0.0359914;-3.88994
172.263;145.246;0.309826;0.0650187;0.0275577;-3.08022
181.088;145.246;0.303764;0.0484503;0.0240743;-2.28001
189.914;145.246;0.257625;0.0277648;0.0136237;-1.39602
-171.93;136.421;1.1272;0.0038799;0.02269;-2.52567
-163.105;136.421;1.13201;-0.0145113;0.0350424;-3.34673
-154.279;136.421;1.10889;-0.0326629;0.0516889;-4.13308
-145.454;136.421;1.0897;-0.0483068;0.0682684;-4.90016
-136.628;136.421;1.06611;-0.0617919;0.0841165;-5.64437
-127.803;136.421;1.03453;-0.0718452;0.0985834;-6.35481
-118.977;136.421;1.00021;-0.0806823;0.110379;-7.0249
-110.152;136.421;0.976495;-0.0889996;0.118751;-7.67188
-101.326;136.421;0.973718;-0.0930888;0.124177;-8.30144
-92.5009;136.421;0.979882;-0.0879484;0.128353;-8.89611
-83.6754;136.421;0.971124;-0.0756835;0.134637;-9.43717
-74.85;136.421;0.960534;-0.0617541;0.134922;-9.94169
-66.0245;136.421;0.908822;-0.048657;0.1381;-10.3969
-57.1991;136.421;0.818984;-0.0356498;0.149413;-10.787
-48.3736;136.421;0.735081;-0.0223242;0.167871;-11.1077
-39.5482;136.421;0.699776;-0.0107589;0.188673;-11.4066
-30.7227;136.421;0.670017;0.00124187;0.208191;-11.6628
-21.8972;136.421;0.632726;0.0191034;0.220404;-11.8516
-13.0718;136.421;0.570894;0.0361359;0.23298;-11.9873
-4.24634;136.421;0.492476;0.0490955;0.249834;-12.0752
4.57912;136.421;0.426974;0.0606825;0.263557;-12.1189
13.4046;136.421;0.408886;0.0756646;0.26917;-12.122
22.23;136.421;0.403583;0.0918165;0.270254;-12.0797
31.0555;136.421;0.398919;0.108607;0.267979;-11.9786
39.8809;136.421;0.388089;0.125029;0.261581;-11.8217
48.7064;136.421;0.371371;0.13818;0.256724;-11.6044
57.5318;136.421;0.35706;0.147369;0.255329;-11.3335
66.3573;136.421;0.363845;0.157144;0.249345;-11.0157
75.1828;136.421;0.389822;0.165728;0.237014;-10.6674
84.0082;136.421;0.420866;0.171398;0.220483;-10.2746
92.8337;136.421;0.450837;0.170162;0.204424;-9.81756
101.659;136.421;0.486847;0.166692;0.192445;-9.32665
110.485;136.421;0.498685;0.165297;0.177407;-8.78832
119.31;136.421;0.494235;0.163318;0.157635;-8.19008
128.135;136.421;0.489489;0.155009;0.132882;-7.54063
136.961;136.421;0.490531;0.139124;0.105787;-6.85697
145.786;136.421;0.47703;0.122689;0.0804487;-6.15284
154.612;136.421;0.443659;0.109046;0.0586088;-5.40879
163.437;136.421;0.383422;0.0957306;0.0435275;-4.62212
172.263;136.421;0.319043;0.0782879;0.0300405;-3.80059
181.088;136.421;0.290374;0.0566609;0.0176558;-2.97102
189.914;136.421;0.275553;0.0391813;0.0120166;-2.09841
-180.755;127.595;1.15316;0.0219978;0.0185841;-2.30344
-171.93;127.595;1.12186;0.000970779;0.0286551;-3.14434
-163.105;127.595;1.08813;-0.0231155;0.0468901;-3.99501
-154.279;127.595;1.07622;-0.0416684;0.0631882;-4.80461
-145.454;127.595;1.05949;-0.0595956;0.0797654;-5.59544
-136.628;127.595;1.02683;-0.0746223;0.0953985;-6.35834
-127.803;127.595;0.996568;-0.0833757;0.107104;-7.08046
-118.977;127.595;0.965194;-0.0890362;0.115251;-7.76623
-110.152;127.595;0.938294;-0.0940864;0.122172;-8.43002
-101.326;127.595;0.926748;-0.0964942;0.130141;-9.07159
-92.5009;127.595;0.912986;-0.0907641;0.139846;-9.67109
-83.6754;127.595;0.881609;-0.0798242;0.147777;-10.2079
-74.85;127.595;0.858373;-0.0691215;0.150061;-10.7109
-66.0245;127.595;0.820977;-0.0595033;0.156849;-11.1767
-57.1991;127.595;0.76378;-0.0484573;0.172197;-11.5914
-48.3736;127.595;0.702799;-0.0349419;0.192948;-11.944
-39.5482;127.595;0.660219;-0.0216206;0.211038;-12.259
-30.7227;127.595;0.610662;-0.00649082;0.228161;-12.527
-21.8972;127.595;0.553821;0.0141457;0.240145;-12.725
-13.0718;127.595;0.477661;0.0338737;0.252457;-12.8619
-4.24634;127.595;0.395245;0.0496781;0.269092;-12.9456
4.57912;127.595;0.339587;0.0639771;0.283471;-12.9911
13.4046;127.595;0.347598;0.0804048;0.287793;-13.0025
22.23;127.595;0.371056;0.0983835;0.284159;-12.9723
31.0555;127.595;0.389171;0.117241;0.276726;-12.878
39.8809;127.595;0.38246;0.134549;0.267141;-12.7089
48.7064;127.595;0.348047;0.149884;0.261428;-12.4733
57.5318;127.595;0.304717;0.162887;0.258841;-12.1781
66.3573;127.595;0.293317;0.174994;0.253041;-11.8273
75.1828;127.595;0.271681;0.185153;0.242186;-11.4199
84.0082;127.595;0.21958;0.191269;0.228222;-10.9384
92.8337;127.595;0.172103;0.191782;0.214951;-10.4103
101.659;127.595;0.20512;0.189248;0.202294;-9.90683
110.485;127.595;0.236273;0.188088;0.185986;-9.37222
119.31;127.595;0.257112;0.185125;0.165406;-8.7822
128.135;127.595;0.297355;0.174884;0.140547;-8.15738
136.961;127.595;0.355407;0.159143;0.113808;-7.51208
145.786;127.595;0.367758;0.144641;0.0897871;-6.81499
154.612;127.595;0.339977;0.131093;0.0679975;-6.05566
163.437;127.595;0.29198;0.116586;0.0514445;-5.25717
172.263;127.595;0.250485;0.0970615;0.0347495;-4.43121
181.088;127.595;0.236302;0.0739502;0.020276;-3.59581
189.914;127.595;0.200733;0.0558929;0.0155846;-2.73261
198.739;127.595;0.158688;0.0373689;0.00767655;-1.807
207.565;127.595;0.395024;0.0134139;-0.0117964;-0.858092
-189.581;118.77;1.1177;0.0305717;0.0191587;-2.02076
-180.755;118.77;1.09406;0.0134958;0.0278257;-2.8812
-171.93;118.77;1.07296;-0.0107692;0.0453065;-3.76501
-163.105;118.77;1.03285;-0.0346788;0.0636878;-4.61907
-154.279;118.77;1.02052;-0.0545174;0.0804426;-5.45559
-145.454;118.77;1.01285;-0.0716846;0.0954558;-6.26935
-136.628;118.77;0.984;-0.0864796;0.110573;-7.05479
-127.803;118.77;0.957453;-0.0939128;0.12031;-7.79387
-118.977;118.77;0.929682;-0.0981936;0.125746;-8.50113
-110.152;118.77;0.912249;-0.101446;0.130835;-9.18682
-101.326;118.77;0.912634;-0.101488;0.13837;-9.84047
-92.5009;118.77;0.882581;-0.0958924;0.150694;-10.4474
-83.6754;118.77;0.814427;-0.0872904;0.160473;-10.992
-74.85;118.77;0.763848;-0.077545;0.165939;-11.4983
-66.0245;118.77;0.720896;-0.0680881;0.177306;-11.9715
-57.1991;118.77;0.6755;-0.057153;0.196965;-12.4026
-48.3736;118.77;0.631181;-0.0441767;0.219104;-12.7783
-39.5482;118.77;0.602716;-0.0309609;0.235395;-13.1145
-30.7227;118.77;0.572688;-0.0144593;0.248793;-13.4004
-21.8972;118.77;0.530896;0.00721507;0.258272;-13.6182
-13.0718;118.77;0.466832;0.0279102;0.268134;-13.7723
-4.24634;118.77;0.403245;0.0448777;0.282575;-13.8728
4.57912;118.77;0.370627;0.0603235;0.296079;-13.9308
13.4046;118.77;0.374062;0.0787161;0.300528;-13.9372
22.23;118.77;0.36351;0.0994713;0.295804;-13.8815
31.0555;118.77;0.345104;0.119558;0.285669;-13.7491
39.8809;118.77;0.30355;0.138914;0.274188;-13.5403
48.7064;118.77;0.212627;0.157191;0.267444;-13.2365
57.5318;118.77;0.0569061;0.176454;0.263363;-12.836
66.3573;118.77;-0.0638853;0.192158;0.256536;-12.3934
75.1828;118.77;-0.112906;0.201496;0.241981;-11.943
84.0082;118.77;-0.248958;0.212331;0.225745;-11.3937
92.8337;118.77;-0.43769;0.213626;0.210595;-10.7269
101.659;118.77;-0.480699;0.213869;0.195183;-10.1351
110.485;118.77;-0.40146;0.212498;0.180846;-9.62242
119.31;118.77;-0.283466;0.208672;0.164209;-9.10971
128.135;118.77;-0.128544;0.196511;0.142902;-8.57145
136.961;118.77;0.0234528;0.181914;0.117374;-7.99308
145.786;118.77;0.0739788;0.169306;0.0945464;-7.3052
154.612;118.77;0.0753081;0.156419;0.0731534;-6.55048
163.437;118.77;0.0755436;0.140311;0.0563337;-5.77106
172.263;118.77;0.0921696;0.120748;0.0404875;-4.97929
181.088;118.77;0.121932;0.0990326;0.0267917;-4.17043
189.914;118.77;0.119876;0.0779651;0.0178581;-3.31149
198.739;118.77;0.109778;0.0577197;0.0127648;-2.39967
207.565;118.77;0.316742;0.0312818;-0.000654902;-1.46823
-189.581;109.944;1.03243;0.0107916;0.0306102;-2.56765
-180.755;109.944;0.999407;-0.00257605;0.0431342;-3.4407
-171.93;109.944;0.996469;-0.0216153;0.0601844;-4.33327
-163.105;109.944;0.967239;-0.0442389;0.0767954;-5.21242
-154.279;109.944;0.957578;-0.0639615;0.0918558;-6.07691
-145.454;109.944;0.960721;-0.079717;0.105707;-6.91601
-136.628;109.944;0.94335;-0.0955364;0.121449;-7.72882
-127.803;109.944;0.909488;-0.107316;0.13242;-8.49491
-118.977;109.944;0.87243;-0.115872;0.138881;-9.23086
-110.152;109.944;0.854059;-0.120225;0.144193;-9.94196
-101.326;109.944;0.853912;-0.118366;0.151556;-10.6128
-92.5009;109.944;0.819751;-0.110955;0.163276;-11.2276
-83.6754;109.944;0.757376;-0.103629;0.17161;-11.7922
-74.85;109.944;0.706286;-0.095601;0.177816;-12.3191
-66.0245;109.944;0.658474;-0.0863777;0.190791;-12.8081
-57.1991;109.944;0.619952;-0.0747417;0.2121;-13.2519
-48.3736;109.944;0.595885;-0.0610309;0.23458;-13.6445
-39.5482;109.944;0.576766;-0.0465534;0.250705;-13.9971
-30.7227;109.944;0.550944;-0.0280659;0.26267;-14.2967
-21.8972;109.944;0.514533;-0.00470742;0.270603;-14.5296
-13.0718;109.944;0.461198;0.0173175;0.278994;-14.7005
-4.24634;109.944;0.411489;0.0360209;0.291172;-14.8172
4.57912;109.944;0.383619;0.0537133;0.302807;-14.8828
13.4046;109.944;0.367311;0.0740618;0.308283;-14.8831
22.23;109.944;0.326019;0.094731;0.306503;-14.8107
31.0555;109.944;0.278331;0.111722;0.297998;-14.6537
39.8809;109.944;0.210469;0.134099;0.284429;-14.4195
48.7064;109.944;0.104359;0.164228;0.274318;-14.0992
57.5318;109.944;-0.0354433;0.195886;0.267169;-13.6952
66.3573;109.944;-0.095118;0.214087;0.260524;-13.2943
75.1828;109.944;-0.0761973;0.222844;0.240113;-12.9041
84.0082;109.944;-0.205945;0.237151;0.212391;-12.3548
92.8337;109.944;-0.454149;0.23838;0.194969;-11.5932
101.659;109.944;-0.62332;0.238095;0.181021;-10.8658
110.485;109.944;-0.607741;0.23563;0.168467;-10.266
119.31;109.944;-0.510044;0.231957;0.154978;-9.72037
128.135;109.944;-0.349533;0.219704;0.138422;-9.16886
136.961;109.944;-0.175447;0.20568;0.117208;-8.58877
145.786;109.944;-0.0669494;0.193436;0.100209;-7.92812
154.612;109.944;-0.01631;0.181236;0.0815716;-7.19453
163.437;109.944;0.0320889;0.164019;0.0641551;-6.42408
172.263;109.944;0.0823051;0.144;0.0489868;-5.63105
181.088;109.944;0.125678;0.1232;0.0366127;-4.81353
189.914;109.944;0.154805;0.100958;0.0260072;-3.95052
198.739;109.944;0.163803;0.0757391;0.0199066;-3.05246
207.565;109.944;0.290216;0.0481202;0.00488167;-2.09122
-198.406;101.119;1.147;0.0208694;0.0185526;-2.22736
-189.581;101.119;1.04388;0.00389589;0.0335427;-3.1131
-180.755;101.119;0.983041;-0.0121641;0.0494517;-4.00827
-171.93;101.119;0.964203;-0.0310277;0.0638673;-4.90578
-163.105;101.119;0.938417;-0.0529908;0.0776291;-5.80562
-154.279;101.119;0.926309;-0.0727744;0.0914949;-6.69068
-145.454;101.119;0.917144;-0.0892793;0.10469;-7.54692
-136.628;101.119;0.881806;-0.107395;0.11986;-8.37561
-127.803;101.119;0.821768;-0.122718;0.130522;-9.15544
-118.977;101.119;0.766645;-0.135283;0.137774;-9.91047
-110.152;101.119;0.74933;-0.142122;0.145686;-10.6474
-101.326;101.119;0.76738;-0.140157;0.156687;-11.3499
-92.5009;101.119;0.76512;-0.131252;0.169099;-11.994
-83.6754;101.119;0.744013;-0.122754;0.174708;-12.5934
-74.85;101.119;0.701561;-0.115473;0.181388;-13.1525
-66.0245;101.119;0.647384;-0.106931;0.195354;-13.6635
-57.1991;101.119;0.592339;-0.0952077;0.217893;-14.1203
-48.3736;101.119;0.549457;-0.0802223;0.242308;-14.5224
-39.5482;101.119;0.527716;-0.0624872;0.260025;-14.8853
-30.7227;101.119;0.511535;-0.0416197;0.272309;-15.1995
-21.8972;101.119;0.489405;-0.0169913;0.280723;-15.4487
-13.0718;101.119;0.459138;0.00627557;0.289392;-15.6359
-4.24634;101.119;0.43005;0.026682;0.300445;-15.7663
4.57912;101.119;0.408029;0.0461548;0.310463;-15.8424
13.4046;101.119;0.385235;0.0669559;0.315896;-15.85
22.23;101.119;0.339027;0.0872507;0.316604;-15.7777
31.0555;101.119;0.281757;0.10249;0.31053;-15.618
39.8809;101.119;0.216035;0.130821;0.294783;-15.3912
48.7064;101.119;0.170724;0.176395;0.27933;-15.1313
57.5318;101.119;0.187875;0.222677;0.267631;-14.8493
66.3573;101.119;0.30281;0.244431;0.26097;-14.59
75.1828;101.119;0.377268;0.254447;0.235195;-14.2427
84.0082;101.119;0.275398;0.266209;0.201442;-13.6786
92.8337;101.119;0.0372399;0.268437;0.181411;-12.8982
101.659;101.119;-0.198252;0.269017;0.167605;-12.0995
110.485;101.119;-0.251137;0.264494;0.154311;-11.4172
119.31;101.119;-0.217901;0.261037;0.141503;-10.7882
128.135;101.119;-0.134608;0.252847;0.129216;-10.1506
136.961;101.119;-0.0351562;0.239763;0.11404;-9.48012
145.786;101.119;0.0491776;0.226025;0.102682;-8.77483
154.612;101.119;0.0974265;0.212271;0.0882848;-8.01122
163.437;101.119;0.145832;0.19405;0.07153;-7.20631
172.263;101.119;0.175609;0.174361;0.0555314;-6.3672
181.088;101.119;0.177583;0.155027;0.0414872;-5.49754
189.914;101.119;0.176825;0.131225;0.0268445;-4.59007
198.739;101.119;0.221702;0.0991568;0.0166172;-3.66485
207.565;101.119;0.282995;0.0670948;0.00458999;-2.68021
-198.406;92.2933;1.18437;0.0260234;0.0129755;-2.74899
-189.581;92.2933;1.07497;0.00977091;0.0281206;-3.65592
-180.755;92.2933;0.998286;-0.0157854;0.0483466;-4.56585
-171.93;92.2933;0.968392;-0.0393851;0.0630719;-5.47803
-163.105;92.2933;0.945304;-0.0617201;0.0748208;-6.39118
-154.279;92.2933;0.914747;-0.0824775;0.089444;-7.28667
-145.454;92.2933;0.871873;-0.101012;0.10374;-8.15482
-136.628;92.2933;0.808397;-0.120403;0.11709;-8.99557
-127.803;92.2933;0.736524;-0.137087;0.124774;-9.79142
-118.977;92.2933;0.687129;-0.151694;0.133377;-10.5751
-110.152;92.2933;0.680305;-0.160346;0.145181;-11.3435
-101.326;92.2933;0.707287;-0.159102;0.160067;-12.0809
-92.5009;92.2933;0.729098;-0.14924;0.174335;-12.7655
-83.6754;92.2933;0.727188;-0.138669;0.180667;-13.4006
-74.85;92.2933;0.698585;-0.130451;0.189189;-13.9875
-66.0245;92.2933;0.649578;-0.121617;0.203517;-14.5151
-57.1991;92.2933;0.584156;-0.109714;0.225415;-14.9791
-48.3736;92.2933;0.523727;-0.0932836;0.249184;-15.396
-39.5482;92.2933;0.499115;-0.0727917;0.267776;-15.7778
-30.7227;92.2933;0.497649;-0.0500754;0.281708;-16.1208
-21.8972;92.2933;0.489067;-0.0241034;0.293813;-16.4006
-13.0718;92.2933;0.473797;0.000887426;0.304879;-16.6072
-4.24634;92.2933;0.45855;0.0229229;0.316605;-16.753
4.57912;92.2933;0.44347;0.0434985;0.32576;-16.8389
13.4046;92.2933;0.419474;0.0656453;0.328151;-16.8467
22.23;92.2933;0.379548;0.0877707;0.325431;-16.7665
31.0555;92.2933;0.32535;0.106594;0.318392;-16.6051
39.8809;92.2933;0.261383;0.145568;0.299975;-16.3885
48.7064;92.2933;0.258426;0.203915;0.276469;-16.1729
57.5318;92.2933;0.387234;0.258698;0.25511;-15.9838
66.3573;92.2933;0.623477;0.281904;0.242267;-15.8175
75.1828;92.2933;0.720206;0.291465;0.215409;-15.457
84.0082;92.2933;0.663598;0.296901;0.18829;-14.8797
92.8337;92.2933;0.501468;0.298961;0.170312;-14.1505
101.659;92.2933;0.323976;0.298638;0.156161;-13.3812
110.485;92.2933;0.264703;0.292714;0.140369;-12.6699
119.31;92.2933;0.246117;0.289726;0.126711;-11.9666
128.135;92.2933;0.243546;0.284733;0.116922;-11.2311
136.961;92.2933;0.25272;0.27222;0.105035;-10.4556
145.786;92.2933;0.275921;0.256518;0.0959426;-9.67109
154.612;92.2933;0.295945;0.241199;0.0856632;-8.85546
163.437;92.2933;0.311817;0.22346;0.0720604;-7.99673
172.263;92.2933;0.279589;0.204179;0.0577666;-7.08468
181.088;92.2933;0.204867;0.183492;0.0445838;-6.13328
189.914;92.2933;0.163567;0.155194;0.0298508;-5.16915
198.739;92.2933;0.219303;0.120422;0.0171911;-4.22451
207.565;92.2933;0.319398;0.0875889;0.00857341;-3.2717
-216.057;83.4678;1.13471;0.0183212;0.0206994;-1.26454
-207.232;83.4678;1.22884;0.0376431;0.00466223;-2.2356
-198.406;83.4678;1.18969;0.0342669;0.00767489;-3.23343
-189.581;83.4678;1.08987;0.0175094;0.0219436;-4.16837
-180.755;83.4678;1.00692;-0.01487;0.0438298;-5.09568
-171.93;83.4678;0.969912;-0.0435629;0.0594445;-6.02056
-163.105;83.4678;0.932752;-0.0676089;0.0704754;-6.9383
-154.279;83.4678;0.868195;-0.0913927;0.0863739;-7.84527
-145.454;83.4678;0.80282;-0.112916;0.100769;-8.73215
-136.628;83.4678;0.737767;-0.131944;0.110634;-9.59484
-127.803;83.4678;0.687491;-0.147072;0.114678;-10.4228
-118.977;83.4678;0.658431;-0.16002;0.12342;-11.2347
-110.152;83.4678;0.651069;-0.167851;0.137174;-12.0254
-101.326;83.4678;0.662353;-0.167352;0.152892;-12.7842
-92.5009;83.4678;0.683476;-0.159394;0.166073;-13.5003
-83.6754;83.4678;0.679468;-0.149795;0.176313;-14.1641
-74.85;83.4678;0.662418;-0.140893;0.189945;-14.7766
-66.0245;83.4678;0.631809;-0.130648;0.206898;-15.3328
-57.1991;83.4678;0.582505;-0.116937;0.22702;-15.8279
-48.3736;83.4678;0.533435;-0.0987504;0.24826;-16.2738
-39.5482;83.4678;0.515732;-0.0769445;0.26708;-16.6823
-30.7227;83.4678;0.521203;-0.0540266;0.282172;-17.0506
-21.8972;83.4678;0.51276;-0.0281874;0.296065;-17.3454
-13.0718;83.4678;0.490002;-0.00161359;0.308687;-17.5595
-4.24634;83.4678;0.471441;0.0220338;0.322445;-17.7145
4.57912;83.4678;0.45748;0.0444648;0.332771;-17.8082
13.4046;83.4678;0.43093;0.0703733;0.332509;-17.8125
22.23;83.4678;0.400648;0.0962265;0.323001;-17.7188
31.0555;83.4678;0.362231;0.124438;0.309964;-17.5526
39.8809;83.4678;0.290612;0.174979;0.286169;-17.3167
48.7064;83.4678;0.254512;0.23596;0.254135;-17.0465
57.5318;83.4678;0.330559;0.28466;0.222425;-16.7868
66.3573;83.4678;0.515635;0.304635;0.200427;-16.5513
75.1828;83.4678;0.601666;0.31884;0.180347;-16.17
84.0082;83.4678;0.587479;0.327344;0.167791;-15.6326
92.8337;83.4678;0.540979;0.331182;0.158579;-15.0084
101.659;83.4678;0.517455;0.328676;0.145619;-14.3406
110.485;83.4678;0.51399;0.322944;0.126466;-13.6438
119.31;83.4678;0.475877;0.319967;0.110283;-12.9024
128.135;83.4678;0.439115;0.314507;0.0990266;-12.1146
136.961;83.4678;0.419938;0.301029;0.0856411;-11.2875
145.786;83.4678;0.422525;0.283336;0.0753182;-10.4507
154.612;83.4678;0.436878;0.266025;0.0680977;-9.59804
163.437;83.4678;0.427536;0.249022;0.060085;-8.69825
172.263;83.4678;0.334556;0.230916;0.0510788;-7.72744
181.088;83.4678;0.206021;0.208593;0.0411545;-6.71787
189.914;83.4678;0.188932;0.176419;0.0279398;-5.7413
198.739;83.4678;0.273545;0.138942;0.0124897;-4.79613
207.565;83.4678;0.415942;0.102311;0.000333662;-3.85717
216.39;83.4678;0.529988;0.0672757;-0.00475668;-2.85975
225.215;83.4678;0.556288;0.0374207;0.00296821;-1.82508
-216.057;74.6423;1.12691;0.0115925;0.0225044;-1.69629
-207.232;74.6423;1.19548;0.0372778;0.00711299;-2.68913
-198.406;74.6423;1.1683;0.0456576;0.00142576;-3.6734
-189.581;74.6423;1.06752;0.0218171;0.0161001;-4.62629
-180.755;74.6423;1.00125;-0.0116602;0.0346417;-5.57069
-171.93;74.6423;0.963353;-0.0414669;0.0489375;-6.51307
-163.105;74.6423;0.902282;-0.0666464;0.0591027;-7.43693
-154.279;74.6423;0.808838;-0.0938989;0.0739382;-8.36725
-145.454;74.6423;0.749486;-0.118186;0.0850321;-9.28758
-136.628;74.6423;0.711142;-0.136943;0.0904763;-10.1876
-127.803;74.6423;0.70024;-0.149502;0.0915721;-11.0591
-118.977;74.6423;0.678856;-0.158854;0.0992059;-11.8956
-110.152;74.6423;0.645277;-0.163799;0.111589;-12.6956
-101.326;74.6423;0.6246;-0.163298;0.123822;-13.4642
-92.5009;74.6423;0.635026;-0.159343;0.132847;-14.2106
-83.6754;74.6423;0.634419;-0.1543;0.146934;-14.9048
-74.85;74.6423;0.617016;-0.147468;0.165888;-15.5446
-66.0245;74.6423;0.604412;-0.137615;0.185682;-16.1363
-57.1991;74.6423;0.585235;-0.123043;0.203902;-16.6709
-48.3736;74.6423;0.565567;-0.103428;0.221649;-17.1552
-39.5482;74.6423;0.56135;-0.080479;0.238427;-17.5943
-30.7227;74.6423;0.554256;-0.0567123;0.253805;-17.986
-21.8972;74.6423;0.531577;-0.0289519;0.27065;-18.2957
-13.0718;74.6423;0.48706;0.000737173;0.286219;-18.5072
-4.24634;74.6423;0.448874;0.0283171;0.300421;-18.6552
4.57912;74.6423;0.423362;0.0547564;0.308305;-18.7447
13.4046;74.6423;0.39967;0.0836547;0.304129;-18.7569
22.23;74.6423;0.396825;0.11143;0.290252;-18.6832
31.0555;74.6423;0.402012;0.151012;0.269175;-18.5349
39.8809;74.6423;0.3705;0.21089;0.238787;-18.2979
48.7064;74.6423;0.346608;0.269963;0.205646;-17.9893
57.5318;74.6423;0.377197;0.309281;0.176639;-17.6443
66.3573;74.6423;0.454387;0.328474;0.153675;-17.282
75.1828;74.6423;0.48965;0.345995;0.140199;-16.8378
84.0082;74.6423;0.493512;0.355859;0.136875;-16.3067
92.8337;74.6423;0.501657;0.360968;0.134597;-15.7223
101.659;74.6423;0.527678;0.359709;0.124487;-15.0825
110.485;74.6423;0.545655;0.353084;0.105904;-14.3796
119.31;74.6423;0.508302;0.347764;0.0894787;-13.6151
128.135;74.6423;0.475845;0.340756;0.0761765;-12.8199
136.961;74.6423;0.470008;0.326055;0.0622026;-11.9879
145.786;74.6423;0.4926;0.307812;0.0525594;-11.1375
154.612;74.6423;0.523872;0.290177;0.0476598;-10.269
163.437;74.6423;0.535088;0.272402;0.0448423;-9.36655
172.263;74.6423;0.478652;0.252379;0.0418197;-8.39798
181.088;74.6423;0.406547;0.226364;0.0368098;-7.39298
189.914;74.6423;0.426622;0.19212;0.0261158;-6.4156
198.739;74.6423;0.528834;0.153737;0.0118455;-5.46008
207.565;74.6423;0.613743;0.115932;9.27359e-05;-4.47514
216.39;74.6423;0.669831;0.0790964;-0.00400958;-3.41398
225.215;74.6423;0.677051;0.0478606;0.00508374;-2.35241
-216.057;65.8169;1.12026;0.0188557;0.0204417;-2.05363
-207.232;65.8169;1.14879;0.0389215;0.0102351;-3.08186
-198.406;65.8169;1.11237;0.0454668;0.00217189;-4.05719
-189.581;65.8169;1.02263;0.0171617;0.0112345;-5.03753
-180.755;65.8169;0.985267;-0.0129745;0.0203647;-6.00419
-171.93;65.8169;0.966638;-0.0387898;0.028001;-6.98794
-163.105;65.8169;0.909916;-0.0618359;0.0340175;-7.9451
-154.279;65.8169;0.829678;-0.0880354;0.0425901;-8.90806
-145.454;65.8169;0.798192;-0.111418;0.0466505;-9.8603
-136.628;65.8169;0.778588;-0.13116;0.0483464;-10.794
-127.803;65.8169;0.784552;-0.144089;0.048114;-11.6988
-118.977;65.8169;0.751508;-0.153569;0.0552584;-12.5558
-110.152;65.8169;0.692443;-0.158091;0.0658518;-13.3608
-101.326;65.8169;0.662609;-0.156965;0.0739943;-14.1363
-92.5009;65.8169;0.68874;-0.153036;0.0801947;-14.9065
-83.6754;65.8169;0.691828;-0.149861;0.0915097;-15.6314
-74.85;65.8169;0.672613;-0.147827;0.110851;-16.3045
-66.0245;65.8169;0.654771;-0.143156;0.134195;-16.9353
-57.1991;65.8169;0.633932;-0.131624;0.154194;-17.5092
-48.3736;65.8169;0.619889;-0.112315;0.171025;-18.0338
-39.5482;65.8169;0.623162;-0.0882782;0.187168;-18.5062
-30.7227;65.8169;0.623151;-0.0629082;0.204742;-18.9214
-21.8972;65.8169;0.626601;-0.0338924;0.225617;-19.2673
-13.0718;65.8169;0.605253;-0.00247837;0.245659;-19.5078
-4.24634;65.8169;0.575321;0.0282542;0.259164;-19.6668
4.57912;65.8169;0.546362;0.0579821;0.262678;-19.7537
13.4046;65.8169;0.524707;0.0881308;0.25643;-19.7697
22.23;65.8169;0.536323;0.117908;0.2441;-19.7238
31.0555;65.8169;0.559342;0.172023;0.216042;-19.5921
39.8809;65.8169;0.575888;0.243182;0.181569;-19.3769
48.7064;65.8169;0.645703;0.302741;0.15485;-19.1212
57.5318;65.8169;0.755603;0.338082;0.140817;-18.8175
66.3573;65.8169;0.789301;0.362384;0.131399;-18.3963
75.1828;65.8169;0.739683;0.382674;0.121977;-17.8557
84.0082;65.8169;0.701998;0.390522;0.116495;-17.2595
92.8337;65.8169;0.696709;0.39146;0.110863;-16.6264
101.659;65.8169;0.712534;0.388458;0.101864;-15.9484
110.485;65.8169;0.716904;0.382705;0.0891815;-15.2126
119.31;65.8169;0.677992;0.377248;0.0745386;-14.4179
128.135;65.8169;0.6463;0.367028;0.060113;-13.5995
136.961;65.8169;0.631982;0.349311;0.0483256;-12.7383
145.786;65.8169;0.636878;0.331496;0.0425827;-11.8527
154.612;65.8169;0.65845;0.315457;0.03999;-10.9494
163.437;65.8169;0.666517;0.297505;0.0374132;-10.0244
172.263;65.8169;0.64572;0.274722;0.0358545;-9.05326
181.088;65.8169;0.625726;0.246028;0.0336382;-8.05443
189.914;65.8169;0.650443;0.210206;0.0235915;-7.05348
198.739;65.8169;0.719918;0.172144;0.0121297;-6.05688
207.565;65.8169;0.772802;0.13425;0.00558445;-5.02585
216.39;65.8169;0.792541;0.096178;0.00487973;-3.94668
225.215;65.8169;0.789353;0.0650595;0.0114617;-2.82197
234.041;65.8169;0.857881;0.0401107;0.0160112;-1.65763
-216.057;56.9914;1.09132;0.029222;0.0164592;-2.3741
-207.232;56.9914;1.09696;0.0402165;0.00961508;-3.41269
-198.406;56.9914;1.03282;0.0380873;0.00329338;-4.3979
-189.581;56.9914;0.945366;0.00291805;0.00883008;-5.4077
-180.755;56.9914;0.929629;-0.0243905;0.0101367;-6.39354
-171.93;56.9914;0.940946;-0.04467;0.00909821;-7.40106
-163.105;56.9914;0.927983;-0.0636201;0.00770888;-8.39972
-154.279;56.9914;0.905055;-0.0847239;0.00727836;-9.40575
-145.454;56.9914;0.912293;-0.105441;0.00467612;-10.4041
-136.628;56.9914;0.897163;-0.124475;0.00413912;-11.3675
-127.803;56.9914;0.874911;-0.141517;0.0100194;-12.2957
-118.977;56.9914;0.825809;-0.154904;0.021342;-13.1723
-110.152;56.9914;0.764951;-0.161174;0.0333359;-13.9932
-101.326;56.9914;0.739045;-0.159752;0.0406795;-14.7936
-92.5009;56.9914;0.772876;-0.154189;0.0456808;-15.5936
-83.6754;56.9914;0.783145;-0.151085;0.055589;-16.3607
-74.85;56.9914;0.763011;-0.151459;0.0738035;-17.07
-66.0245;56.9914;0.728803;-0.152481;0.096497;-17.7254
-57.1991;56.9914;0.69062;-0.144012;0.117156;-18.3199
-48.3736;56.9914;0.67462;-0.124407;0.134653;-18.8704
-39.5482;56.9914;0.690995;-0.0988781;0.151289;-19.3759
-30.7227;56.9914;0.70422;-0.0718816;0.170088;-19.8185
-21.8972;56.9914;0.730038;-0.0426121;0.193603;-20.209
-13.0718;56.9914;0.738211;-0.0110776;0.215589;-20.4992
-4.24634;56.9914;0.724077;0.0212929;0.229114;-20.6809
4.57912;56.9914;0.687946;0.0515198;0.234295;-20.7637
13.4046;56.9914;0.650439;0.0793958;0.234476;-20.7672
22.23;56.9914;0.667564;0.114286;0.224858;-20.7306
31.0555;56.9914;0.697511;0.185696;0.19231;-20.5934
39.8809;56.9914;0.727808;0.272366;0.155614;-20.3656
48.7064;56.9914;0.816947;0.337153;0.132759;-20.1067
57.5318;56.9914;0.927424;0.371107;0.125589;-19.7884
66.3573;56.9914;0.931704;0.395937;0.122594;-19.3226
75.1828;56.9914;0.832194;0.416444;0.117833;-18.7072
84.0082;56.9914;0.788661;0.421524;0.10802;-18.0624
92.8337;56.9914;0.792258;0.420218;0.0972181;-17.4027
101.659;56.9914;0.817246;0.418205;0.0879427;-16.7166
110.485;56.9914;0.832391;0.415887;0.079096;-15.9764
119.31;56.9914;0.78495;0.412804;0.0677462;-15.1429
128.135;56.9914;0.736788;0.399462;0.0541575;-14.2737
136.961;56.9914;0.7044;0.379064;0.044045;-13.3747
145.786;56.9914;0.696779;0.358767;0.0407935;-12.4596
154.612;56.9914;0.717658;0.340525;0.0389047;-11.528
163.437;56.9914;0.739117;0.320197;0.0353286;-10.5867
172.263;56.9914;0.740678;0.29653;0.0347888;-9.60791
181.088;56.9914;0.735965;0.268669;0.0344403;-8.6005
189.914;56.9914;0.746291;0.231363;0.025166;-7.56493
198.739;56.9914;0.786065;0.191925;0.0155046;-6.53017
207.565;56.9914;0.829952;0.15316;0.0125751;-5.47822
216.39;56.9914;0.858795;0.114715;0.0137247;-4.39001
225.215;56.9914;0.879561;0.0782522;0.0160203;-3.24434
234.041;56.9914;0.956958;0.0519305;0.0217281;-2.07607
-224.883;48.166;1.06381;0.0448242;0.0123446;-1.63889
-216.057;48.166;1.06689;0.0331322;0.0126418;-2.65995
-207.232;48.166;1.05918;0.0352767;0.00779638;-3.68246
-198.406;48.166;0.954028;0.0200514;0.00497494;-4.69899
-189.581;48.166;0.87483;-0.0135529;0.00868058;-5.72879
-180.755;48.166;0.858174;-0.0409248;0.00747207;-6.74988
-171.93;48.166;0.857739;-0.06323;0.00246825;-7.77898
-163.105;48.166;0.85302;-0.0835387;-0.00253985;-8.80858
-154.279;48.166;0.870718;-0.101788;-0.00745061;-9.84064
-145.454;48.166;0.921805;-0.118591;-0.0131717;-10.8657
-136.628;48.166;0.894862;-0.135436;-0.0101266;-11.8355
-127.803;48.166;0.848546;-0.152888;-0.000880956;-12.7703
-118.977;48.166;0.795662;-0.168076;0.0133678;-13.6639
-110.152;48.166;0.757496;-0.176828;0.027173;-14.5146
-101.326;48.166;0.756007;-0.177395;0.0354064;-15.3633
-92.5009;48.166;0.790202;-0.171529;0.038913;-16.2029
-83.6754;48.166;0.806275;-0.165083;0.0458165;-16.9961
-74.85;48.166;0.774131;-0.166597;0.0624686;-17.7272
-66.0245;48.166;0.722541;-0.16836;0.0852122;-18.3953
-57.1991;48.166;0.679461;-0.15963;0.106921;-19.0125
-48.3736;48.166;0.67987;-0.139355;0.125638;-19.6027
-39.5482;48.166;0.721992;-0.112361;0.1432;-20.1618
-30.7227;48.166;0.747997;-0.0839462;0.162315;-20.6437
-21.8972;48.166;0.763623;-0.0550162;0.183727;-21.0654
-13.0718;48.166;0.780022;-0.0232921;0.203112;-21.3931
-4.24634;48.166;0.775986;0.0117718;0.217599;-21.5946
4.57912;48.166;0.751009;0.042293;0.227674;-21.6854
13.4046;48.166;0.730967;0.0694239;0.233523;-21.695
22.23;48.166;0.761595;0.11898;0.222051;-21.6655
31.0555;48.166;0.792619;0.209181;0.189152;-21.5174
39.8809;48.166;0.823484;0.304926;0.155071;-21.2741
48.7064;48.166;0.892501;0.369235;0.134919;-20.9805
57.5318;48.166;0.958623;0.399995;0.126891;-20.6024
66.3573;48.166;0.934247;0.423618;0.120114;-20.0853
75.1828;48.166;0.82986;0.444452;0.112127;-19.4313
84.0082;48.166;0.789482;0.4496;0.0997456;-18.7522
92.8337;48.166;0.790305;0.44757;0.087657;-18.0583
101.659;48.166;0.815422;0.444921;0.0794309;-17.3476
110.485;48.166;0.842251;0.443593;0.0736681;-16.5937
119.31;48.166;0.792912;0.438831;0.0654099;-15.7076
128.135;48.166;0.731733;0.423594;0.0537591;-14.785
136.961;48.166;0.693333;0.401025;0.0446407;-13.8557
145.786;48.166;0.6932;0.378665;0.0403408;-12.9335
154.612;48.166;0.729869;0.359674;0.0361887;-12.0025
163.437;48.166;0.783083;0.338319;0.0317821;-11.0649
172.263;48.166;0.793743;0.314103;0.0326693;-10.0696
181.088;48.166;0.774467;0.286371;0.0346834;-9.03063
189.914;48.166;0.756993;0.248549;0.0280073;-7.95589
198.739;48.166;0.785683;0.206543;0.0192649;-6.89701
207.565;48.166;0.839869;0.166247;0.0162441;-5.84101
216.39;48.166;0.895652;0.126733;0.0174896;-4.76348
225.215;48.166;0.945642;0.0869641;0.0194448;-3.6434
234.041;48.166;1.00101;0.0551012;0.0250101;-2.48759
-224.883;39.3405;1.00932;0.0497564;0.0112834;-1.85761
-216.057;39.3405;1.0033;0.0362484;0.0115703;-2.90208
-207.232;39.3405;0.963398;0.0242516;0.00888321;-3.93508
-198.406;39.3405;0.873102;0.00143382;0.00827197;-4.96499
-189.581;39.3405;0.837556;-0.0279836;0.00993283;-6.01588
-180.755;39.3405;0.834663;-0.0551644;0.00782413;-7.07887
-171.93;39.3405;0.820363;-0.0793984;0.00130501;-8.12045
-163.105;39.3405;0.809218;-0.102361;-0.00555938;-9.16745
-154.279;39.3405;0.840395;-0.120389;-0.0130216;-10.2106
-145.454;39.3405;0.891338;-0.135064;-0.0192915;-11.2435
-136.628;39.3405;0.844787;-0.149016;-0.0137887;-12.2101
-127.803;39.3405;0.771562;-0.164748;-0.00369474;-13.1477
-118.977;39.3405;0.732236;-0.179533;0.00934494;-14.0577
-110.152;39.3405;0.725521;-0.190949;0.022017;-14.9442
-101.326;39.3405;0.736193;-0.196326;0.0321646;-15.8347
-92.5009;39.3405;0.752029;-0.193722;0.0372636;-16.7029
-83.6754;39.3405;0.7599;-0.185047;0.0423514;-17.5153
-74.85;39.3405;0.732953;-0.183626;0.0548388;-18.2736
-66.0245;39.3405;0.686689;-0.182509;0.0758259;-18.9699
-57.1991;39.3405;0.655393;-0.172348;0.0964203;-19.6233
-48.3736;39.3405;0.682302;-0.152599;0.113859;-20.2651
-39.5482;39.3405;0.755528;-0.126112;0.130727;-20.8913
-30.7227;39.3405;0.796349;-0.0983715;0.151236;-21.4201
-21.8972;39.3405;0.79118;-0.0718142;0.174516;-21.8635
-13.0718;39.3405;0.806507;-0.0407378;0.195779;-22.2141
-4.24634;39.3405;0.81822;-0.00369314;0.215257;-22.4455
4.57912;39.3405;0.830384;0.0308513;0.228539;-22.5738
13.4046;39.3405;0.859274;0.0715078;0.229673;-22.6342
22.23;39.3405;0.916367;0.148874;0.209306;-22.631
31.0555;39.3405;0.97782;0.256466;0.176883;-22.5057
39.8809;39.3405;1.07228;0.345527;0.151827;-22.3101
48.7064;39.3405;1.14421;0.397828;0.137162;-22.0035
57.5318;39.3405;1.14797;0.42425;0.126441;-21.5484
66.3573;39.3405;1.06754;0.450258;0.111497;-20.9538
75.1828;39.3405;0.956268;0.471866;0.0948824;-20.2484
84.0082;39.3405;0.881232;0.47953;0.082039;-19.5065
92.8337;39.3405;0.836825;0.479406;0.0725318;-18.7451
101.659;39.3405;0.828571;0.477146;0.0671404;-17.9777
110.485;39.3405;0.84452;0.475602;0.0641194;-17.1865
119.31;39.3405;0.808106;0.466355;0.0581374;-16.2596
128.135;39.3405;0.753561;0.447184;0.0484453;-15.2889
136.961;39.3405;0.723442;0.422804;0.0402292;-14.3322
145.786;39.3405;0.734529;0.39913;0.0341149;-13.3977
154.612;39.3405;0.784068;0.378264;0.0271564;-12.4589
163.437;39.3405;0.865232;0.354823;0.0223975;-11.5173
172.263;39.3405;0.887977;0.328464;0.0229693;-10.5046
181.088;39.3405;0.854081;0.294765;0.0272518;-9.41591
189.914;39.3405;0.805222;0.256373;0.0243981;-8.29895
198.739;39.3405;0.832922;0.214794;0.018907;-7.2316
207.565;39.3405;0.888458;0.174938;0.0162474;-6.17279
216.39;39.3405;0.95912;0.134382;0.0173191;-5.09211
225.215;39.3405;0.991232;0.0905664;0.0181833;-3.96636
234.041;39.3405;0.933845;0.0516318;0.0202561;-2.80335
-224.883;30.5151;0.99057;0.0431447;0.0166614;-2.09513
-216.057;30.5151;0.981583;0.0303274;0.0152416;-3.16712
-207.232;30.5151;0.931365;0.0128675;0.0127127;-4.20264
-198.406;30.5151;0.872733;-0.0129995;0.0118087;-5.24896
-189.581;30.5151;0.887535;-0.0368155;0.0103758;-6.3042
-180.755;30.5151;0.895695;-0.0624258;0.00727832;-7.3873
-171.93;30.5151;0.873821;-0.0860665;0.000756703;-8.43564
-163.105;30.5151;0.851353;-0.109986;-0.0067762;-9.49105
-154.279;30.5151;0.862394;-0.130498;-0.0153682;-10.5397
-145.454;30.5151;0.885473;-0.146253;-0.0218312;-11.5632
-136.628;30.5151;0.825808;-0.15892;-0.0173943;-12.5316
-127.803;30.5151;0.744925;-0.172597;-0.0107642;-13.4784
-118.977;30.5151;0.719986;-0.185451;-0.00291443;-14.407
-110.152;30.5151;0.725504;-0.198204;0.00675495;-15.3263
-101.326;30.5151;0.72966;-0.207206;0.0189291;-16.2449
-92.5009;30.5151;0.7258;-0.207315;0.027769;-17.1379
-83.6754;30.5151;0.724869;-0.198727;0.0333598;-17.9811
-74.85;30.5151;0.716772;-0.194368;0.0411598;-18.7765
-66.0245;30.5151;0.687583;-0.191536;0.0579177;-19.5128
-57.1991;30.5151;0.672537;-0.181161;0.0757947;-20.2109
-48.3736;30.5151;0.721677;-0.163087;0.0916816;-20.9057
-39.5482;30.5151;0.820896;-0.138276;0.107588;-21.5998
-30.7227;30.5151;0.88652;-0.112156;0.126959;-22.1858
-21.8972;30.5151;0.890989;-0.0870191;0.150715;-22.6745
-13.0718;30.5151;0.928875;-0.0565181;0.177475;-23.0728
-4.24634;30.5151;0.987815;-0.0199942;0.207587;-23.3698
4.57912;30.5151;1.03992;0.02328;0.22298;-23.5401
13.4046;30.5151;1.09212;0.0920912;0.206407;-23.6298
22.23;30.5151;1.18464;0.206839;0.165717;-23.671
31.0555;30.5151;1.36398;0.330683;0.126605;-23.6715
39.8809;30.5151;1.62341;0.402663;0.112364;-23.6301
48.7064;30.5151;1.73033;0.430367;0.107363;-23.3153
57.5318;30.5151;1.66436;0.445767;0.0981459;-22.7513
66.3573;30.5151;1.50995;0.473742;0.0813991;-22.0506
75.1828;30.5151;1.34809;0.494585;0.0642635;-21.2433
84.0082;30.5151;1.19468;0.503388;0.0543184;-20.3873
92.8337;30.5151;1.09034;0.504184;0.0493847;-19.5289
101.659;30.5151;1.05168;0.500879;0.0479956;-18.6895
110.485;30.5151;1.05914;0.494268;0.0474132;-17.8443
119.31;30.5151;1.03822;0.478087;0.044174;-16.9011
128.135;30.5151;0.995221;0.455905;0.0387875;-15.9018
136.961;30.5151;0.945152;0.434044;0.0329305;-14.9007
145.786;30.5151;0.905957;0.41433;0.0262949;-13.905
154.612;30.5151;0.897856;0.393874;0.0184453;-12.9022
163.437;30.5151;0.955381;0.369031;0.0142733;-11.9156
172.263;30.5151;0.973571;0.342673;0.0135746;-10.8833
181.088;30.5151;0.932285;0.309587;0.0173288;-9.7731
189.914;30.5151;0.878759;0.270637;0.0186016;-8.63365
198.739;30.5151;0.931644;0.228521;0.0187679;-7.57535
207.565;30.5151;1.01269;0.187926;0.0180056;-6.52842
216.39;30.5151;1.07774;0.145122;0.0177024;-5.42907
225.215;30.5151;1.10827;0.0968021;0.0161221;-4.26621
234.041;30.5151;1.10455;0.0506142;0.0163352;-3.07921
-224.883;21.6896;1.01462;0.0374433;0.0198279;-2.29708
-216.057;21.6896;1.02081;0.0232341;0.0175452;-3.40913
-207.232;21.6896;0.977158;0.00398066;0.0157992;-4.45588
-198.406;21.6896;0.945658;-0.0224087;0.0150086;-5.51905
-189.581;21.6896;0.973677;-0.0433374;0.0114054;-6.58241
-180.755;21.6896;0.979503;-0.0679211;0.00702375;-7.67146
-171.93;21.6896;0.945033;-0.0900562;-4.57674e-05;-8.71652
-163.105;21.6896;0.90113;-0.112194;-0.00845827;-9.75927
-154.279;21.6896;0.882888;-0.133749;-0.0180491;-10.8035
-145.454;21.6896;0.886958;-0.152626;-0.0254747;-11.8351
-136.628;21.6896;0.841583;-0.16543;-0.024868;-12.827
-127.803;21.6896;0.788218;-0.178111;-0.0245951;-13.8
-118.977;21.6896;0.768903;-0.189275;-0.022574;-14.7522
-110.152;21.6896;0.762174;-0.201778;-0.0157347;-15.6894
-101.326;21.6896;0.752518;-0.210851;-0.00400801;-16.619
-92.5009;21.6896;0.744016;-0.210322;0.00666086;-17.5246
-83.6754;21.6896;0.747503;-0.202571;0.0135683;-18.3955
-74.85;21.6896;0.754545;-0.199942;0.0192842;-19.2304
-66.0245;21.6896;0.734739;-0.199258;0.0318251;-20.011
-57.1991;21.6896;0.728352;-0.190517;0.0476145;-20.7532
-48.3736;21.6896;0.784571;-0.174108;0.0646437;-21.4927
-39.5482;21.6896;0.895969;-0.150174;0.0839172;-22.245
-30.7227;21.6896;1.00116;-0.123336;0.105895;-22.9109
-21.8972;21.6896;1.06984;-0.0958416;0.129715;-23.4726
-13.0718;21.6896;1.16794;-0.0658846;0.15951;-23.952
-4.24634;21.6896;1.29043;-0.0311714;0.197581;-24.3199
4.57912;21.6896;1.29921;0.0199408;0.205587;-24.4317
13.4046;21.6896;1.235;0.117555;0.161846;-24.4201
22.23;21.6896;1.32112;0.272489;0.0873829;-24.4886
31.0555;21.6896;1.69851;0.398818;0.0378672;-24.5973
39.8809;21.6896;1.94341;0.462594;0.0276625;-24.4977
48.7064;21.6896;1.87326;0.476009;0.030199;-24.0122
57.5318;21.6896;1.70887;0.48571;0.0332986;-23.384
66.3573;21.6896;1.64212;0.509015;0.0325746;-22.7343
75.1828;21.6896;1.56797;0.522748;0.0294615;-21.9749
84.0082;21.6896;1.38822;0.529712;0.027634;-21.0731
92.8337;21.6896;1.24181;0.529509;0.0278411;-20.1381
101.659;21.6896;1.15467;0.526731;0.0282655;-19.2152
110.485;21.6896;1.10588;0.517201;0.0272432;-18.2733
119.31;21.6896;1.04414;0.500155;0.0251544;-17.276
128.135;21.6896;0.987147;0.478864;0.0232986;-16.2491
136.961;21.6896;0.943352;0.457168;0.020943;-15.2329
145.786;21.6896;0.906968;0.436332;0.0171153;-14.2168
154.612;21.6896;0.882896;0.413277;0.0123158;-13.1814
163.437;21.6896;0.917764;0.38701;0.010246;-12.1582
172.263;21.6896;0.932996;0.361088;0.00869995;-11.1107
181.088;21.6896;0.881726;0.329322;0.0109763;-9.97267
189.914;21.6896;0.833287;0.291706;0.0134804;-8.81775
198.739;21.6896;0.94611;0.248568;0.0164689;-7.79657
207.565;21.6896;1.09593;0.20629;0.0173273;-6.80023
216.39;21.6896;1.20366;0.161776;0.017978;-5.7291
225.215;21.6896;1.22865;0.111443;0.0171602;-4.56142
234.041;21.6896;1.21946;0.0595127;0.0154678;-3.32099
242.866;21.6896;0.737962;0.027036;0.020693;-2.01267
-224.883;12.8642;1.05612;0.0446073;0.0173256;-2.42946
-216.057;12.8642;1.06185;0.0234412;0.0148533;-3.56348
-207.232;12.8642;0.999945;0.000888608;0.0147133;-4.60326
-198.406;12.8642;0.968572;-0.0264387;0.014681;-5.66643
-189.581;12.8642;0.981789;-0.0480824;0.0100683;-6.74498
-180.755;12.8642;0.996518;-0.0736842;0.00557999;-7.85341
-171.93;12.8642;0.943253;-0.0964173;-0.00122725;-8.89207
-163.105;12.8642;0.864096;-0.117155;-0.0102919;-9.91779
-154.279;12.8642;0.831519;-0.135922;-0.0218069;-10.9586
-145.454;12.8642;0.848888;-0.1552;-0.0314733;-12.0193
-136.628;12.8642;0.842674;-0.168301;-0.0357743;-13.0477
-127.803;12.8642;0.829648;-0.181897;-0.0394023;-14.0551
-118.977;12.8642;0.811409;-0.193987;-0.0385803;-15.0346
-110.152;12.8642;0.788221;-0.207235;-0.0346564;-15.9841
-101.326;12.8642;0.763332;-0.216505;-0.0271025;-16.9262
-92.5009;12.8642;0.743872;-0.215616;-0.0176521;-17.8406
-83.6754;12.8642;0.738293;-0.206975;-0.00922799;-18.7196
-74.85;12.8642;0.752105;-0.205234;-0.00268464;-19.5826
-66.0245;12.8642;0.749092;-0.205754;0.00712665;-20.4045
-57.1991;12.8642;0.750809;-0.195912;0.0193369;-21.1813
-48.3736;12.8642;0.801242;-0.178598;0.0364641;-21.9506
-39.5482;12.8642;0.922001;-0.155705;0.0612867;-22.7452
-30.7227;12.8642;1.10148;-0.130391;0.0904959;-23.5037
-21.8972;12.8642;1.31405;-0.104328;0.119075;-24.19
-13.0718;12.8642;1.48842;-0.0734043;0.147717;-24.7317
-4.24634;12.8642;1.44887;-0.0242301;0.172109;-24.9769
4.57912;12.8642;1.19981;0.0394372;0.161074;-24.8222
13.4046;12.8642;0.924123;0.148136;0.099611;-24.6402
22.23;12.8642;0.870682;0.302967;0.0170028;-24.6592
31.0555;12.8642;1.09906;0.427602;-0.037015;-24.6852
39.8809;12.8642;1.09734;0.493374;-0.0568961;-24.3725
48.7064;12.8642;1.0253;0.510169;-0.0578952;-23.8011
57.5318;12.8642;1.09551;0.52859;-0.0424724;-23.3219
66.3573;12.8642;1.33665;0.549163;-0.0213135;-22.8979
75.1828;12.8642;1.46785;0.55506;-0.00460913;-22.3051
84.0082;12.8642;1.32583;0.555729;0.00263473;-21.4221
92.8337;12.8642;1.14837;0.551696;0.00651307;-20.4199
101.659;12.8642;0.996261;0.549096;0.00825552;-19.4065
110.485;12.8642;0.884863;0.538716;0.00697704;-18.3802
119.31;12.8642;0.80867;0.521489;0.00674959;-17.3547
128.135;12.8642;0.788571;0.50117;0.00814042;-16.3523
136.961;12.8642;0.788863;0.480666;0.00812188;-15.3618
145.786;12.8642;0.789086;0.458487;0.00630247;-14.357
154.612;12.8642;0.789267;0.432405;0.00481772;-13.3242
163.437;12.8642;0.827617;0.405061;0.00556284;-12.2941
172.263;12.8642;0.851269;0.377612;0.00568077;-11.2398
181.088;12.8642;0.802593;0.34422;0.00823369;-10.0785
189.914;12.8642;0.764352;0.306968;0.0111385;-8.91071
198.739;12.8642;0.894679;0.26461;0.0148679;-7.89298
207.565;12.8642;1.11131;0.221479;0.0166761;-6.9484
216.39;12.8642;1.26532;0.177449;0.0168175;-5.91698
225.215;12.8642;1.31563;0.129213;0.0170655;-4.75496
234.041;12.8642;1.25629;0.0813279;0.0170442;-3.48109
242.866;12.8642;1.02454;0.0410925;0.0217814;-2.11255
-233.708;4.0387;0.970567;0.066646;0.0137729;-1.39885
-224.883;4.0387;1.05611;0.0546509;0.0116882;-2.50687
-216.057;4.0387;1.03173;0.0295222;0.0110323;-3.61095
-207.232;4.0387;0.905772;-0.00352014;0.0133777;-4.65533
-198.406;4.0387;0.834545;-0.0350956;0.0137089;-5.71303
-189.581;4.0387;0.852567;-0.0578511;0.00813372;-6.80514
-180.755;4.0387;0.923193;-0.0819056;0.00435202;-7.94013
-171.93;4.0387;0.879887;-0.106239;-0.00098735;-9.00729
-163.105;4.0387;0.778041;-0.127288;-0.0106355;-10.0555
-154.279;4.0387;0.750704;-0.140072;-0.0259991;-11.1127
-145.454;4.0387;0.815251;-0.150089;-0.0404173;-12.1712
-136.628;4.0387;0.828954;-0.164438;-0.0480026;-13.2167
-127.803;4.0387;0.817705;-0.179166;-0.0511825;-14.2342
-118.977;4.0387;0.808385;-0.192768;-0.0489207;-15.2231
-110.152;4.0387;0.791061;-0.209706;-0.0453357;-16.199
-101.326;4.0387;0.755854;-0.221645;-0.0417968;-17.1507
-92.5009;4.0387;0.710604;-0.221572;-0.0376889;-18.0576
-83.6754;4.0387;0.681998;-0.214308;-0.0316973;-18.929
-74.85;4.0387;0.695752;-0.213333;-0.0224963;-19.8093
-66.0245;4.0387;0.714417;-0.212951;-0.0139894;-20.6673
-57.1991;4.0387;0.725944;-0.200804;-0.00641951;-21.4751
-48.3736;4.0387;0.765626;-0.1812;0.00698691;-22.2599
-39.5482;4.0387;0.876335;-0.157943;0.0319097;-23.0687
-30.7227;4.0387;1.07701;-0.132836;0.0634116;-23.8787
-21.8972;4.0387;1.33105;-0.101495;0.0925684;-24.6402
-13.0718;4.0387;1.42379;-0.0564176;0.115049;-25.1304
-4.24634;4.0387;0.79131;0.00617321;0.127344;-25.073
4.57912;4.0387;0.165894;0.0780915;0.100422;-24.6453
13.4046;4.0387;0.0502786;0.191852;0.0315709;-24.5171
22.23;4.0387;0.431554;0.31846;-0.0406085;-24.677
31.0555;4.0387;0.675147;0.433718;-0.0881875;-24.6679
39.8809;4.0387;0.545811;0.498328;-0.11399;-24.1986
48.7064;4.0387;0.520612;0.527042;-0.118521;-23.6695
57.5318;4.0387;0.733694;0.555715;-0.101547;-23.3138
66.3573;4.0387;1.08008;0.576826;-0.0729263;-22.9729
75.1828;4.0387;1.27114;0.58079;-0.0453702;-22.419
84.0082;4.0387;1.11627;0.579067;-0.030882;-21.5057
92.8337;4.0387;0.875649;0.571386;-0.0247371;-20.4151
101.659;4.0387;0.648453;0.566195;-0.0210335;-19.3109
110.485;4.0387;0.507238;0.555419;-0.0193934;-18.2515
119.31;4.0387;0.500926;0.537633;-0.0156139;-17.2864
128.135;4.0387;0.584916;0.519156;-0.0119595;-16.3768
136.961;4.0387;0.655455;0.50152;-0.0112779;-15.4406
145.786;4.0387;0.700732;0.478176;-0.0111441;-14.454
154.612;4.0387;0.735282;0.448907;-0.0092357;-13.4304
163.437;4.0387;0.789184;0.421198;-0.00545474;-12.4082
172.263;4.0387;0.821612;0.391444;-0.00166575;-11.3465
181.088;4.0387;0.777993;0.355677;0.00361512;-10.1705
189.914;4.0387;0.736501;0.317065;0.00902961;-8.98279
198.739;4.0387;0.823765;0.276102;0.0138805;-7.91862
207.565;4.0387;1.06119;0.232173;0.0158173;-6.98205
216.39;4.0387;1.23013;0.186505;0.0147557;-5.95684
225.215;4.0387;1.27151;0.139058;0.0149607;-4.79042
234.041;4.0387;1.18081;0.0926764;0.0188706;-3.48659
242.866;4.0387;1.01931;0.0488019;0.0256499;-2.11848
251.692;4.0387;0.994675;0.0340112;0.0293651;-0.774328
-233.708;-4.78675;0.917463;0.0732121;0.0138942;-1.40709
-224.883;-4.78675;0.994445;0.0567953;0.0131033;-2.52858
-216.057;-4.78675;0.947679;0.0282817;0.0129686;-3.61644
-207.232;-4.78675;0.796723;-0.00917405;0.0150001;-4.65222
-198.406;-4.78675;0.716482;-0.0424525;0.013086;-5.70318
-189.581;-4.78675;0.745535;-0.0647074;0.00630629;-6.80426
-180.755;-4.78675;0.872422;-0.0853875;0.00423005;-7.96177
-171.93;-4.78675;0.889449;-0.103326;-0.0012131;-9.06111
-163.105;-4.78675;0.831692;-0.115448;-0.0145259;-10.1268
-154.279;-4.78675;0.817966;-0.122191;-0.0345387;-11.2039
-145.454;-4.78675;0.863743;-0.131435;-0.0502569;-12.2698
-136.628;-4.78675;0.845111;-0.152497;-0.0578342;-13.3287
-127.803;-4.78675;0.806519;-0.170821;-0.0603846;-14.3454
-118.977;-4.78675;0.802731;-0.186163;-0.0582025;-15.3375
-110.152;-4.78675;0.78717;-0.202778;-0.0560313;-16.3252
-101.326;-4.78675;0.743456;-0.213889;-0.0555951;-17.2794
-92.5009;-4.78675;0.683742;-0.214845;-0.0553305;-18.1844
-83.6754;-4.78675;0.637338;-0.21027;-0.0518789;-19.0575
-74.85;-4.78675;0.641553;-0.210327;-0.0446162;-19.9487
-66.0245;-4.78675;0.664505;-0.209293;-0.0385783;-20.819
-57.1991;-4.78675;0.680742;-0.197995;-0.0349935;-21.6428
-48.3736;-4.78675;0.720361;-0.179671;-0.0255969;-22.4372
-39.5482;-4.78675;0.81216;-0.156375;-0.00609904;-23.2248
-30.7227;-4.78675;0.966209;-0.128048;0.0187038;-23.9979
-21.8972;-4.78675;1.14349;-0.0925353;0.040179;-24.6965
-13.0718;-4.78675;1.04402;-0.0382233;0.0582289;-25.0487
-4.24634;-4.78675;0.161212;0.0285521;0.0693967;-24.7301
4.57912;-4.78675;-0.358994;0.10796;0.0331926;-24.344
13.4046;-4.78675;-0.107541;0.231931;-0.0354986;-24.5489
22.23;-4.78675;0.522532;0.344167;-0.0970032;-24.9113
31.0555;-4.78675;0.672897;0.438932;-0.129417;-24.8561
39.8809;-4.78675;0.508165;0.489938;-0.151727;-24.2715
48.7064;-4.78675;0.504454;0.523727;-0.157689;-23.7689
57.5318;-4.78675;0.692116;0.553755;-0.145072;-23.3876
66.3573;-4.78675;0.938002;0.575398;-0.119819;-22.9621
75.1828;-4.78675;1.04858;0.582009;-0.0922284;-22.32
84.0082;-4.78675;0.839811;0.582727;-0.0748881;-21.3331
92.8337;-4.78675;0.531381;0.575226;-0.0675013;-20.1712
101.659;-4.78675;0.27336;0.568138;-0.0613195;-19.0408
110.485;-4.78675;0.185482;0.558046;-0.0545169;-18.0496
119.31;-4.78675;0.334187;0.545154;-0.0462735;-17.255
128.135;-4.78675;0.560192;0.531297;-0.0407329;-16.4805
136.961;-4.78675;0.6778;0.514996;-0.0389445;-15.5732
145.786;-4.78675;0.743401;0.490994;-0.0355464;-14.587
154.612;-4.78675;0.804416;0.461709;-0.0297059;-13.5757
163.437;-4.78675;0.873434;0.434684;-0.0233045;-12.5627
172.263;-4.78675;0.901538;0.403737;-0.0162687;-11.4833
181.088;-4.78675;0.842186;0.366476;-0.0066935;-10.2877
189.914;-4.78675;0.769188;0.325538;0.00353416;-9.06743
198.739;-4.78675;0.787309;0.284132;0.0110003;-7.93459
207.565;-4.78675;0.976932;0.239463;0.0130934;-6.9407
216.39;-4.78675;1.13749;0.190612;0.0131386;-5.89276
225.215;-4.78675;1.1876;0.141403;0.0154323;-4.72362
234.041;-4.78675;1.10546;0.0952068;0.0224304;-3.4294
242.866;-4.78675;0.957532;0.0525483;0.0291656;-2.10356
251.692;-4.78675;0.939029;0.0351725;0.0304982;-0.791507
-233.708;-13.6122;0.91999;0.0820891;0.0181865;-1.38858
-224.883;-13.6122;0.971939;0.0664765;0.0187584;-2.52997
-216.057;-13.6122;0.930641;0.0363329;0.0205062;-3.61719
-207.232;-13.6122;0.846861;-0.0029419;0.0206832;-4.68247
-198.406;-13.6122;0.79765;-0.0388771;0.0163709;-5.7604
-189.581;-13.6122;0.820681;-0.0629137;0.00772914;-6.86809
-180.755;-13.6122;0.91906;-0.080046;0.00220126;-8.00701
-171.93;-13.6122;0.914213;-0.0905805;-0.0084526;-9.09905
-163.105;-13.6122;0.853727;-0.0940182;-0.0266212;-10.1524
-154.279;-13.6122;0.837878;-0.0984016;-0.0473279;-11.2346
-145.454;-13.6122;0.867219;-0.112727;-0.0593298;-12.3148
-136.628;-13.6122;0.836473;-0.140939;-0.0631388;-13.3856
-127.803;-13.6122;0.798462;-0.160627;-0.066058;-14.3941
-118.977;-13.6122;0.792631;-0.174452;-0.0678336;-15.3818
-110.152;-13.6122;0.765927;-0.187621;-0.0707029;-16.3587
-101.326;-13.6122;0.714797;-0.196273;-0.0741428;-17.3046
-92.5009;-13.6122;0.661092;-0.197984;-0.0766655;-18.213
-83.6754;-13.6122;0.625794;-0.195804;-0.0766828;-19.1034
-74.85;-13.6122;0.616338;-0.195496;-0.0755115;-19.9944
-66.0245;-13.6122;0.624545;-0.191351;-0.0744898;-20.8512
-57.1991;-13.6122;0.62297;-0.182033;-0.0720818;-21.6735
-48.3736;-13.6122;0.663582;-0.167169;-0.0633264;-22.4747
-39.5482;-13.6122;0.755989;-0.1427;-0.0503841;-23.2572
-30.7227;-13.6122;0.874823;-0.10919;-0.0377871;-23.9717
-21.8972;-13.6122;0.959652;-0.0695725;-0.0277556;-24.5613
-13.0718;-13.6122;0.723583;-0.008465;-0.0161411;-24.8337
-4.24634;-13.6122;0.0637401;0.0667035;-0.00782219;-24.578
4.57912;-13.6122;-0.0101293;0.16107;-0.04452;-24.5477
13.4046;-13.6122;0.485767;0.279269;-0.107441;-24.9702
22.23;-13.6122;0.927745;0.376025;-0.155102;-25.2944
31.0555;-13.6122;0.845962;0.436048;-0.167478;-25.0456
39.8809;-13.6122;0.67888;0.472534;-0.181288;-24.403
48.7064;-13.6122;0.649537;0.506979;-0.186813;-23.8712
57.5318;-13.6122;0.717417;0.53585;-0.177817;-23.3705
66.3573;-13.6122;0.799686;0.557153;-0.157889;-22.7987
75.1828;-13.6122;0.803043;0.567669;-0.134724;-22.0568
84.0082;-13.6122;0.57172;0.575884;-0.116698;-21.0495
92.8337;-13.6122;0.2536;0.57599;-0.105403;-19.9042
101.659;-13.6122;0.0667635;0.569866;-0.0950271;-18.8629
110.485;-13.6122;0.137427;0.560609;-0.0848444;-18.042
119.31;-13.6122;0.465554;0.550218;-0.0749836;-17.4167
128.135;-13.6122;0.794479;0.538132;-0.0696457;-16.7196
136.961;-13.6122;0.846945;0.522175;-0.0649225;-15.7465
145.786;-13.6122;0.868224;0.496372;-0.056595;-14.7107
154.612;-13.6122;0.955675;0.468394;-0.0481322;-13.7178
163.437;-13.6122;1.05441;0.441541;-0.0401633;-12.723
172.263;-13.6122;1.05852;0.410161;-0.0304707;-11.616
181.088;-13.6122;0.954052;0.37244;-0.0179805;-10.3855
189.914;-13.6122;0.829417;0.331096;-0.00549308;-9.12439
198.739;-13.6122;0.789595;0.288847;0.0032897;-7.93178
207.565;-13.6122;0.942183;0.241075;0.00645461;-6.88463
216.39;-13.6122;1.11105;0.1873;0.010282;-5.82276
225.215;-13.6122;1.18122;0.135419;0.0173454;-4.6674
234.041;-13.6122;1.13797;0.0924629;0.0258357;-3.41113
242.866;-13.6122;1.06152;0.0534177;0.0321567;-2.10837
-233.708;-22.4377;0.934667;0.0855056;0.0239961;-1.36719
-224.883;-22.4377;0.984004;0.0837888;0.0238764;-2.46495
-216.057;-22.4377;0.938589;0.0542166;0.025786;-3.56282
-207.232;-22.4377;0.906584;0.0142958;0.0249846;-4.66722
-198.406;-22.4377;0.920347;-0.0225107;0.0192717;-5.777
-189.581;-22.4377;0.944129;-0.0487415;0.0101853;-6.89733
-180.755;-22.4377;0.980746;-0.0648332;0.000160347;-8.00004
-171.93;-22.4377;0.900072;-0.0717779;-0.0181838;-9.0589
-163.105;-22.4377;0.80875;-0.0734837;-0.0410002;-10.0874
-154.279;-22.4377;0.797561;-0.081209;-0.0583087;-11.1707
-145.454;-22.4377;0.834823;-0.0993159;-0.0669205;-12.2621
-136.628;-22.4377;0.830083;-0.127783;-0.0716283;-13.3457
-127.803;-22.4377;0.807489;-0.147292;-0.0779207;-14.3682
-118.977;-22.4377;0.792222;-0.158591;-0.0839618;-15.3545
-110.152;-22.4377;0.739512;-0.168458;-0.0912694;-16.308
-101.326;-22.4377;0.675577;-0.17606;-0.0982985;-17.2362
-92.5009;-22.4377;0.636694;-0.179913;-0.103463;-18.1487
-83.6754;-22.4377;0.629255;-0.180295;-0.107748;-19.0579
-74.85;-22.4377;0.618903;-0.178603;-0.113075;-19.9402
-66.0245;-22.4377;0.601886;-0.171279;-0.117662;-20.7696
-57.1991;-22.4377;0.571527;-0.162667;-0.115518;-21.5652
-48.3736;-22.4377;0.605861;-0.149041;-0.10718;-22.3573
-39.5482;-22.4377;0.717249;-0.122767;-0.100873;-23.1352
-30.7227;-22.4377;0.84868;-0.0838242;-0.100957;-23.821
-21.8972;-22.4377;0.898937;-0.0354218;-0.103946;-24.3672
-13.0718;-22.4377;0.698448;0.0323834;-0.104288;-24.6733
-4.24634;-22.4377;0.41487;0.105932;-0.102705;-24.6419
4.57912;-22.4377;0.586892;0.201126;-0.13683;-24.8666
13.4046;-22.4377;0.951951;0.291291;-0.176608;-25.1638
22.23;-22.4377;1.0605;0.359403;-0.194498;-25.2219
31.0555;-22.4377;0.842742;0.40899;-0.192664;-24.8408
39.8809;-22.4377;0.713007;0.45195;-0.203822;-24.2727
48.7064;-22.4377;0.690433;0.489367;-0.20953;-23.7399
57.5318;-22.4377;0.681764;0.518779;-0.202705;-23.1585
66.3573;-22.4377;0.654514;0.539177;-0.186813;-22.4899
75.1828;-22.4377;0.607295;0.550069;-0.168203;-21.7176
84.0082;-22.4377;0.456377;0.560175;-0.150868;-20.8037
92.8337;-22.4377;0.244522;0.565856;-0.13573;-19.7895
101.659;-22.4377;0.19858;0.560375;-0.121297;-18.8929
110.485;-22.4377;0.425991;0.551406;-0.109278;-18.2083
119.31;-22.4377;0.853755;0.541747;-0.10121;-17.6349
128.135;-22.4377;1.06488;0.535056;-0.0953222;-16.86
136.961;-22.4377;0.951607;0.520417;-0.0861149;-15.7503
145.786;-22.4377;0.902311;0.493876;-0.072791;-14.6545
154.612;-22.4377;1.0172;0.468152;-0.0606625;-13.6943
163.437;-22.4377;1.18887;0.439857;-0.0501309;-12.7558
172.263;-22.4377;1.21673;0.40752;-0.0399449;-11.6708
181.088;-22.4377;1.12379;0.368842;-0.0262885;-10.4537
189.914;-22.4377;1.0137;0.32609;-0.0124208;-9.20453
198.739;-22.4377;0.979471;0.281663;-0.00207561;-8.00778
207.565;-22.4377;1.08391;0.231372;0.00369215;-6.90416
216.39;-22.4377;1.21551;0.172993;0.0115151;-5.79068
225.215;-22.4377;1.28015;0.120928;0.0220849;-4.62179
234.041;-22.4377;1.23663;0.0814974;0.0310969;-3.39278
242.866;-22.4377;1.16117;0.0558978;0.0372831;-2.14532
-233.708;-31.2631;0.976225;0.097444;0.0318497;-1.31287
-224.883;-31.2631;0.935487;0.0847494;0.0304101;-2.37854
-216.057;-31.2631;0.883166;0.0646409;0.0300218;-3.45232
-207.232;-31.2631;0.870527;0.0248591;0.0283913;-4.58077
-198.406;-31.2631;0.933636;-0.00924715;0.0224864;-5.71154
-189.581;-31.2631;0.965484;-0.0330812;0.0118624;-6.82363
-180.755;-31.2631;0.969713;-0.0459498;-0.00268705;-7.90181
-171.93;-31.2631;0.866385;-0.0504415;-0.0273369;-8.95069
-163.105;-31.2631;0.775988;-0.0555618;-0.0522557;-9.98945
-154.279;-31.2631;0.772905;-0.0690798;-0.0665378;-11.0746
-145.454;-31.2631;0.818168;-0.0889075;-0.0750983;-12.1598
-136.628;-31.2631;0.838813;-0.113609;-0.0851097;-13.2407
-127.803;-31.2631;0.838141;-0.132571;-0.0966503;-14.2905
-118.977;-31.2631;0.811703;-0.143191;-0.104866;-15.2744
-110.152;-31.2631;0.734414;-0.152713;-0.113578;-16.2046
-101.326;-31.2631;0.653594;-0.161455;-0.123151;-17.1056
-92.5009;-31.2631;0.618838;-0.167745;-0.131572;-18.0066
-83.6754;-31.2631;0.630641;-0.169729;-0.140748;-18.9132
-74.85;-31.2631;0.63091;-0.166774;-0.150595;-19.7835
-66.0245;-31.2631;0.591787;-0.160106;-0.157827;-20.5709
-57.1991;-31.2631;0.550376;-0.148168;-0.156775;-21.388
-48.3736;-31.2631;0.582774;-0.0925598;-0.147284;-22.7759
-39.5482;-31.2631;0.701108;-0.0825864;-0.149624;-23.1978
-30.7227;-31.2631;0.832821;-0.065484;-0.158841;-23.5078
-21.8972;-31.2631;0.862272;-0.00693502;-0.16724;-24.0372
-13.0718;-31.2631;0.793594;0.0581307;-0.175213;-24.3635
-4.24634;-31.2631;0.695952;0.128536;-0.185161;-24.5217
4.57912;-31.2631;0.756414;0.205035;-0.204004;-24.7176
13.4046;-31.2631;0.893639;0.275459;-0.219198;-24.8343
22.23;-31.2631;0.926418;0.335739;-0.224202;-24.7515
31.0555;-31.2631;0.764656;0.385646;-0.221391;-24.3999
39.8809;-31.2631;0.698891;0.428499;-0.226175;-23.9282
48.7064;-31.2631;0.683316;0.466997;-0.228329;-23.4274
57.5318;-31.2631;0.644743;0.498673;-0.221692;-22.8368
66.3573;-31.2631;0.584812;0.520327;-0.207788;-22.1452
75.1828;-31.2631;0.534326;0.532621;-0.190913;-21.3815
84.0082;-31.2631;0.472089;0.54323;-0.173975;-20.5756
92.8337;-31.2631;0.388996;0.550639;-0.155487;-19.7069
101.659;-31.2631;0.461422;0.545402;-0.138652;-18.9209
110.485;-31.2631;0.710067;0.537761;-0.126837;-18.2564
119.31;-31.2631;1.01956;0.531333;-0.120782;-17.5965
128.135;-31.2631;1.10897;0.526244;-0.1147;-16.7132
136.961;-31.2631;0.917069;0.511378;-0.100966;-15.5335
145.786;-31.2631;0.856762;0.485229;-0.0841072;-14.4285
154.612;-31.2631;0.990883;0.463751;-0.0699921;-13.4977
163.437;-31.2631;1.18993;0.438264;-0.0576255;-12.5945
172.263;-31.2631;1.26699;0.404577;-0.045734;-11.5628
181.088;-31.2631;1.22426;0.362437;-0.0323614;-10.3901
189.914;-31.2631;1.15959;0.315382;-0.0195047;-9.17272
198.739;-31.2631;1.1402;0.267922;-0.00768926;-7.98091
207.565;-31.2631;1.18078;0.216826;0.00143033;-6.82151
216.39;-31.2631;1.26145;0.157669;0.0118261;-5.66109
225.215;-31.2631;1.32227;0.105898;0.022903;-4.48297
234.041;-31.2631;1.29562;0.0674655;0.03234;-3.23899
242.866;-31.2631;1.23039;0.0499976;0.0376551;-2.03148
-224.883;-40.0886;0.878485;0.101927;0.034953;-2.20355
-216.057;-40.0886;0.776793;0.0749432;0.0316725;-3.27043
-207.232;-40.0886;0.81234;0.0411005;0.0294362;-4.40043
-198.406;-40.0886;0.887623;0.00735665;0.0246693;-5.5593
-189.581;-40.0886;0.894275;-0.0135424;0.0106095;-6.66066
-180.755;-40.0886;0.878861;-0.020947;-0.0107124;-7.72791
-171.93;-40.0886;0.837144;-0.0230644;-0.0397327;-8.78074
-163.105;-40.0886;0.799244;-0.0334757;-0.0636322;-9.84839
-154.279;-40.0886;0.793392;-0.0535764;-0.0764051;-10.9234
-145.454;-40.0886;0.814337;-0.0776858;-0.0868012;-11.9918
-136.628;-40.0886;0.834103;-0.101471;-0.100926;-13.0577
-127.803;-40.0886;0.862177;-0.119321;-0.114179;-14.1226
-118.977;-40.0886;0.843026;-0.13128;-0.122538;-15.1194
-110.152;-40.0886;0.764544;-0.14395;-0.131569;-16.0494
-101.326;-40.0886;0.674211;-0.154724;-0.14308;-16.9288
-92.5009;-40.0886;0.629524;-0.160436;-0.155267;-17.8033
-83.6754;-40.0886;0.638165;-0.159798;-0.169375;-18.6853
-74.85;-40.0886;0.635258;-0.155078;-0.181872;-19.5294
-66.0245;-40.0886;0.589351;-0.14683;-0.189393;-20.3063
-30.7227;-40.0886;0.777794;-0.047718;-0.203625;-23.1226
-21.8972;-40.0886;0.745955;0.0128264;-0.210065;-23.58
-13.0718;-40.0886;0.735334;0.0731333;-0.217209;-23.9101
-4.24634;-40.0886;0.720812;0.139936;-0.229178;-24.1501
4.57912;-40.0886;0.731063;0.206247;-0.239828;-24.2701
13.4046;-40.0886;0.746188;0.265753;-0.243364;-24.2638
22.23;-40.0886;0.729607;0.316784;-0.241052;-24.1163
31.0555;-40.0886;0.660023;0.362212;-0.240859;-23.8191
39.8809;-40.0886;0.60733;0.403359;-0.24376;-23.4062
48.7064;-40.0886;0.571975;0.441189;-0.242307;-22.9177
57.5318;-40.0886;0.527565;0.474003;-0.234123;-22.3434
66.3573;-40.0886;0.483725;0.499827;-0.221372;-21.6905
75.1828;-40.0886;0.458638;0.517896;-0.206996;-20.9797
84.0082;-40.0886;0.443012;0.529812;-0.190004;-20.2352
92.8337;-40.0886;0.437177;0.533083;-0.169347;-19.4413
101.659;-40.0886;0.527062;0.52922;-0.151456;-18.6812
110.485;-40.0886;0.688307;0.522973;-0.140386;-17.9486
119.31;-40.0886;0.838679;0.516348;-0.13528;-17.168
128.135;-40.0886;0.865206;0.509254;-0.129228;-16.2259
136.961;-40.0886;0.756769;0.493392;-0.113255;-15.1149
145.786;-40.0886;0.755945;0.469672;-0.0949074;-14.0632
154.612;-40.0886;0.881961;0.44942;-0.0793555;-13.1265
163.437;-40.0886;1.04644;0.424327;-0.0656524;-12.2036
172.263;-40.0886;1.14595;0.389508;-0.0540627;-11.2065
181.088;-40.0886;1.15042;0.347142;-0.0426127;-10.0865
189.914;-40.0886;1.12767;0.300322;-0.031012;-8.91219
198.739;-40.0886;1.11418;0.25562;-0.0184883;-7.73822
207.565;-40.0886;1.10563;0.205986;-0.00705097;-6.55049
216.39;-40.0886;1.15201;0.151846;0.00303612;-5.37981
225.215;-40.0886;1.21308;0.103606;0.0131867;-4.21917
234.041;-40.0886;1.24488;0.0683197;0.0219374;-3.0174
242.866;-40.0886;1.24717;0.0442853;0.0295843;-1.79234
-224.883;-48.914;0.865922;0.124601;0.0348524;-2.01857
-216.057;-48.914;0.72898;0.0886211;0.028639;-3.09007
-207.232;-48.914;0.812433;0.0611013;0.0273122;-4.21099
-198.406;-48.914;0.880734;0.0309162;0.0236499;-5.37459
-189.581;-48.914;0.833176;0.016093;0.00493838;-6.45633
-180.755;-48.914;0.791135;0.0151477;-0.0245082;-7.50722
-171.93;-48.914;0.824701;0.0113729;-0.0550589;-8.56211
-163.105;-48.914;0.841976;-0.00590073;-0.0755397;-9.64937
-154.279;-48.914;0.809374;-0.033143;-0.0873116;-10.6969
-145.454;-48.914;0.767408;-0.0660376;-0.0990463;-11.7417
-136.628;-48.914;0.770203;-0.0941892;-0.11404;-12.7933
-127.803;-48.914;0.826843;-0.109427;-0.124574;-13.8665
-118.977;-48.914;0.856381;-0.118791;-0.132499;-14.8642
-110.152;-48.914;0.794969;-0.133254;-0.143831;-15.804
-101.326;-48.914;0.715187;-0.144245;-0.156868;-16.6799
-92.5009;-48.914;0.675647;-0.147162;-0.171065;-17.5339
-83.6754;-48.914;0.674414;-0.143417;-0.188708;-18.3867
-74.85;-48.914;0.658513;-0.139079;-0.202801;-19.1776
-66.0245;-48.914;0.61066;-0.129112;-0.21151;-19.9503
-57.1991;-48.914;0.586636;-0.119341;-0.211998;-20.6911
-30.7227;-48.914;0.659317;-0.0314389;-0.237002;-22.6114
-21.8972;-48.914;0.60846;0.0270625;-0.239659;-23.0234
-13.0718;-48.914;0.635532;0.0845037;-0.241726;-23.3478
-4.24634;-48.914;0.670246;0.144087;-0.247293;-23.5824
4.57912;-48.914;0.666519;0.203861;-0.254802;-23.6726
13.4046;-48.914;0.628165;0.255734;-0.256559;-23.6188
22.23;-48.914;0.577527;0.298695;-0.252849;-23.4368
31.0555;-48.914;0.530984;0.340517;-0.253977;-23.156
39.8809;-48.914;0.466423;0.380534;-0.257734;-22.7522
48.7064;-48.914;0.407715;0.418848;-0.259694;-22.2623
57.5318;-48.914;0.373099;0.45165;-0.255156;-21.7172
66.3573;-48.914;0.344315;0.479792;-0.244276;-21.1024
75.1828;-48.914;0.307852;0.500496;-0.231183;-20.4022
84.0082;-48.914;0.271367;0.511351;-0.217009;-19.6533
92.8337;-48.914;0.286973;0.509866;-0.196178;-18.8882
101.659;-48.914;0.340222;0.505822;-0.175964;-18.1095
110.485;-48.914;0.408089;0.500385;-0.16245;-17.3076
119.31;-48.914;0.471912;0.492831;-0.155025;-16.4638
128.135;-48.914;0.525427;0.483761;-0.146469;-15.556
136.961;-48.914;0.58322;0.469667;-0.129495;-14.6052
145.786;-48.914;0.663903;0.450628;-0.109256;-13.6421
154.612;-48.914;0.762039;0.4286;-0.0898485;-12.6809
163.437;-48.914;0.858186;0.401755;-0.0730327;-11.7077
172.263;-48.914;0.927673;0.368283;-0.0614209;-10.7019
181.088;-48.914;0.938949;0.330445;-0.0514689;-9.60771
189.914;-48.914;0.926545;0.288142;-0.0412423;-8.46011
198.739;-48.914;0.914814;0.245673;-0.0289234;-7.3023
207.565;-48.914;0.91584;0.196762;-0.0169498;-6.13789
216.39;-48.914;0.96787;0.146798;-0.00719816;-4.99198
225.215;-48.914;1.02862;0.107435;-0.000887389;-3.87076
234.041;-48.914;1.06273;0.0680035;0.00473284;-2.6874
242.866;-48.914;1.04904;0.029645;0.0156909;-1.45263
-224.883;-57.7395;0.947195;0.146149;0.0346287;-1.8877
-216.057;-57.7395;0.801921;0.104487;0.0276214;-2.93812
-207.232;-57.7395;0.859252;0.0765015;0.0290024;-4.02589
-198.406;-57.7395;0.91912;0.0564715;0.0233376;-5.1603
-189.581;-57.7395;0.851179;0.0520476;-0.00281382;-6.23872
-180.755;-57.7395;0.810646;0.0546915;-0.036536;-7.27776
-171.93;-57.7395;0.836867;0.0417514;-0.0636582;-8.32485
-163.105;-57.7395;0.841083;0.0178571;-0.0798585;-9.39336
-154.279;-57.7395;0.784737;-0.010259;-0.0905516;-10.3943
-145.454;-57.7395;0.706254;-0.0445453;-0.103442;-11.4003
-136.628;-57.7395;0.685104;-0.0753564;-0.119252;-12.4338
-127.803;-57.7395;0.778949;-0.0909886;-0.128024;-13.5029
-118.977;-57.7395;0.82595;-0.100022;-0.136948;-14.4959
-110.152;-57.7395;0.772569;-0.116094;-0.152909;-15.4407
-101.326;-57.7395;0.709397;-0.126367;-0.168937;-16.3123
-92.5009;-57.7395;0.672548;-0.128363;-0.181151;-17.1486
-83.6754;-57.7395;0.653724;-0.125863;-0.195308;-17.9734
-74.85;-57.7395;0.632789;-0.123427;-0.213956;-18.7411
-30.7227;-57.7395;0.603584;-0.0170052;-0.268104;-21.9615
-21.8972;-57.7395;0.548689;0.0358564;-0.270533;-22.37
-13.0718;-57.7395;0.555777;0.088318;-0.271797;-22.6884
-4.24634;-57.7395;0.584587;0.143367;-0.274605;-22.9016
4.57912;-57.7395;0.576389;0.197348;-0.278851;-22.9755
13.4046;-57.7395;0.524496;0.244113;-0.279446;-22.9099
22.23;-57.7395;0.460668;0.283666;-0.275333;-22.7208
31.0555;-57.7395;0.413791;0.322791;-0.274758;-22.4345
39.8809;-57.7395;0.354375;0.363196;-0.280412;-22.0372
48.7064;-57.7395;0.302228;0.401758;-0.287138;-21.5766
57.5318;-57.7395;0.283121;0.434081;-0.288631;-21.072
66.3573;-57.7395;0.249495;0.461693;-0.281163;-20.4715
75.1828;-57.7395;0.17243;0.479269;-0.268258;-19.7368
84.0082;-57.7395;0.0866139;0.490846;-0.256586;-18.9744
92.8337;-57.7395;0.0942326;0.489643;-0.238684;-18.2341
101.659;-57.7395;0.122364;0.486753;-0.218868;-17.46
110.485;-57.7395;0.166296;0.482523;-0.202754;-16.6524
119.31;-57.7395;0.249459;0.475393;-0.19053;-15.8324
128.135;-57.7395;0.410716;0.463416;-0.175462;-15.0247
136.961;-57.7395;0.575063;0.449709;-0.153956;-14.1894
145.786;-57.7395;0.696298;0.433112;-0.128064;-13.2961
154.612;-57.7395;0.780799;0.406834;-0.102865;-12.3324
163.437;-57.7395;0.846374;0.376091;-0.0818129;-11.3349
172.263;-57.7395;0.913719;0.342736;-0.0673064;-10.3271
181.088;-57.7395;0.944669;0.30768;-0.0553299;-9.25693
189.914;-57.7395;0.950389;0.268337;-0.0440355;-8.13825
198.739;-57.7395;0.956095;0.227751;-0.0300242;-7.0108
207.565;-57.7395;0.990324;0.18111;-0.0172696;-5.88815
216.39;-57.7395;1.04892;0.135661;-0.0081184;-4.76758
225.215;-57.7395;1.0638;0.0966395;-0.00253498;-3.62518
234.041;-57.7395;1.0427;0.0538612;0.00241034;-2.39169
242.866;-57.7395;1.01107;0.00351533;0.0147405;-1.11764
-216.057;-66.5649;0.901035;0.11998;0.033772;-2.74926
-207.232;-66.5649;0.893053;0.0914963;0.0324129;-3.79584
-198.406;-66.5649;0.910619;0.0793527;0.0189894;-4.87947
-189.581;-66.5649;0.87609;0.0878419;-0.0111425;-5.91961
-180.755;-66.5649;0.833207;0.0841095;-0.0415268;-6.96172
-171.93;-66.5649;0.825691;0.0621059;-0.0633938;-8.01328
-163.105;-66.5649;0.825733;0.0337121;-0.076256;-9.07785
-154.279;-66.5649;0.788037;0.00745589;-0.0871681;-10.0781
-145.454;-66.5649;0.714623;-0.0207271;-0.102037;-11.0579
-136.628;-66.5649;0.661305;-0.0492925;-0.118864;-12.0446
-127.803;-66.5649;0.679361;-0.0698581;-0.130094;-13.072
-118.977;-66.5649;0.700673;-0.0789548;-0.143331;-14.037
-110.152;-66.5649;0.670074;-0.0953771;-0.164803;-14.9703
-101.326;-66.5649;0.631413;-0.10637;-0.184334;-15.8364
-92.5009;-66.5649;0.597172;-0.109982;-0.196497;-16.6603
-83.6754;-66.5649;0.567575;-0.109308;-0.210072;-17.4605
-74.85;-66.5649;0.548674;-0.106743;-0.233161;-18.2137
-30.7227;-66.5649;0.596271;0.00188282;-0.311091;-21.2644
-21.8972;-66.5649;0.566362;0.0457301;-0.319324;-21.6774
-13.0718;-66.5649;0.530771;0.0903872;-0.32568;-21.9633
-4.24634;-66.5649;0.52114;0.140828;-0.328367;-22.1466
4.57912;-66.5649;0.51681;0.189117;-0.328877;-22.2113
13.4046;-66.5649;0.482112;0.231727;-0.325802;-22.1559
22.23;-66.5649;0.432345;0.270853;-0.318735;-21.9937
31.0555;-66.5649;0.398952;0.308645;-0.312891;-21.7249
39.8809;-66.5649;0.373328;0.348794;-0.314236;-21.3665
48.7064;-66.5649;0.362578;0.383864;-0.318854;-20.9673
57.5318;-66.5649;0.366927;0.414587;-0.324511;-20.5122
66.3573;-66.5649;0.34401;0.442513;-0.32205;-19.9516
75.1828;-66.5649;0.278969;0.462084;-0.30748;-19.2643
84.0082;-66.5649;0.210789;0.475068;-0.290757;-18.5426
92.8337;-66.5649;0.2275;0.478455;-0.273798;-17.8479
101.659;-66.5649;0.280477;0.477691;-0.255212;-17.1205
110.485;-66.5649;0.371809;0.471312;-0.237139;-16.3554
119.31;-66.5649;0.516321;0.459496;-0.220489;-15.5767
128.135;-66.5649;0.726607;0.443849;-0.200459;-14.8158
136.961;-66.5649;0.960386;0.426882;-0.177799;-14.053
145.786;-66.5649;1.07664;0.408351;-0.147791;-13.1808
154.612;-66.5649;1.10651;0.380845;-0.117777;-12.19
163.437;-66.5649;1.10497;0.349712;-0.0919819;-11.1416
172.263;-66.5649;1.12433;0.317225;-0.0720659;-10.0905
181.088;-66.5649;1.12225;0.283278;-0.0545939;-8.99926
189.914;-66.5649;1.10562;0.245525;-0.0407325;-7.87412
198.739;-66.5649;1.09572;0.207941;-0.0268258;-6.74941
207.565;-66.5649;1.11382;0.164213;-0.0150117;-5.62357
216.39;-66.5649;1.13487;0.121067;-0.00581283;-4.48375
225.215;-66.5649;1.08043;0.0815863;-0.000438963;-3.30323
234.041;-66.5649;1.0175;0.0382926;0.00478131;-2.04976
-216.057;-75.3904;0.949898;0.140857;0.0435202;-2.49762
-207.232;-75.3904;0.876867;0.113294;0.0352592;-3.49486
-198.406;-75.3904;0.812849;0.102823;0.00910215;-4.53098
-189.581;-75.3904;0.730087;0.102542;-0.0240136;-5.55692
-180.755;-75.3904;0.700644;0.088291;-0.0506918;-6.59534
-171.93;-75.3904;0.710295;0.0622212;-0.069902;-7.63853
-163.105;-75.3904;0.733936;0.0348793;-0.0834353;-8.69287
-154.279;-75.3904;0.740455;0.0133857;-0.0946583;-9.6998
-145.454;-75.3904;0.707293;-0.00884153;-0.108685;-10.6716
-136.628;-75.3904;0.64791;-0.0351455;-0.125461;-11.617
-127.803;-75.3904;0.613894;-0.0560301;-0.141736;-12.5872
-118.977;-75.3904;0.599771;-0.0646119;-0.1598;-13.5167
-110.152;-75.3904;0.579354;-0.0774951;-0.184863;-14.4283
-101.326;-75.3904;0.560919;-0.086011;-0.207713;-15.2866
-92.5009;-75.3904;0.534831;-0.0908963;-0.222576;-16.1009
-83.6754;-75.3904;0.50691;-0.0924217;-0.238488;-16.8867
-74.85;-75.3904;0.498172;-0.0887513;-0.263262;-17.6278
-66.0245;-75.3904;0.519005;-0.0763669;-0.28818;-18.3423
-57.1991;-75.3904;0.525238;-0.0584414;-0.311449;-18.9662
-30.7227;-75.3904;0.611536;0.022016;-0.357927;-20.5414
-21.8972;-75.3904;0.626673;0.0570665;-0.372549;-20.9391
-13.0718;-75.3904;0.581642;0.0979895;-0.385151;-21.2202
-4.24634;-75.3904;0.551274;0.143205;-0.385083;-21.3797
4.57912;-75.3904;0.560122;0.187025;-0.381973;-21.4567
13.4046;-75.3904;0.569317;0.227713;-0.378595;-21.4581
22.23;-75.3904;0.565344;0.264001;-0.373598;-21.35
31.0555;-75.3904;0.562363;0.297567;-0.363042;-21.1291
39.8809;-75.3904;0.583095;0.329204;-0.348292;-20.8243
48.7064;-75.3904;0.617587;0.358521;-0.342306;-20.476
57.5318;-75.3904;0.681257;0.386775;-0.350613;-20.0908
66.3573;-75.3904;0.772195;0.413109;-0.355133;-19.6503
75.1828;-75.3904;0.855197;0.433922;-0.340864;-19.1191
84.0082;-75.3904;0.882269;0.448082;-0.320597;-18.4874
92.8337;-75.3904;0.80553;0.458775;-0.302994;-17.7588
101.659;-75.3904;0.891397;0.454536;-0.283272;-17.0556
110.485;-75.3904;1.05314;0.445469;-0.260772;-16.3625
119.31;-75.3904;1.19518;0.432843;-0.237755;-15.605
128.135;-75.3904;1.27686;0.417896;-0.213827;-14.7571
136.961;-75.3904;1.43191;0.398505;-0.188414;-13.9452
145.786;-75.3904;1.48144;0.375718;-0.156327;-13.0141
154.612;-75.3904;1.45642;0.347982;-0.123571;-11.9845
163.437;-75.3904;1.40393;0.318102;-0.0938409;-10.9029
172.263;-75.3904;1.36801;0.287202;-0.0687979;-9.80767
181.088;-75.3904;1.31483;0.255916;-0.0465303;-8.68563
189.914;-75.3904;1.25233;0.220863;-0.0307855;-7.54103
198.739;-75.3904;1.20367;0.1863;-0.0188692;-6.40318
207.565;-75.3904;1.18355;0.145631;-0.00931104;-5.25835
216.39;-75.3904;1.15478;0.103298;-7.15764e-05;-4.08307
225.215;-75.3904;1.06345;0.0632836;0.0069803;-2.88147
234.041;-75.3904;1.0136;0.0268122;0.0117895;-1.68539
-216.057;-84.2158;1.00369;0.154806;0.0512972;-2.17805
-207.232;-84.2158;0.839883;0.133881;0.0375279;-3.13964
-198.406;-84.2158;0.730979;0.120218;0.00317867;-4.14621
-189.581;-84.2158;0.652312;0.108924;-0.0287614;-5.15791
-180.755;-84.2158;0.627619;0.0862595;-0.0547322;-6.18943
-171.93;-84.2158;0.645645;0.0592367;-0.0749234;-7.22106
-163.105;-84.2158;0.664561;0.0334799;-0.0921778;-8.25464
-154.279;-84.2158;0.67174;0.0132569;-0.107188;-9.25256
-145.454;-84.2158;0.662174;-0.00614164;-0.122606;-10.2145
-136.628;-84.2158;0.634759;-0.0279811;-0.139169;-11.1446
-127.803;-84.2158;0.604648;-0.0458163;-0.1595;-12.0811
-118.977;-84.2158;0.583642;-0.05484;-0.183089;-12.9922
-110.152;-84.2158;0.581277;-0.0645857;-0.210933;-13.8874
-101.326;-84.2158;0.575613;-0.0699764;-0.237351;-14.7413
-92.5009;-84.2158;0.556528;-0.0743004;-0.256663;-15.545
-83.6754;-84.2158;0.536586;-0.0760301;-0.274385;-16.3109
-74.85;-84.2158;0.539308;-0.0705509;-0.29669;-17.0364
-66.0245;-84.2158;0.568919;-0.0573609;-0.31928;-17.7253
-57.1991;-84.2158;0.580059;-0.0400935;-0.342035;-18.3223
-48.3736;-84.2158;0.558376;0.0301831;-0.391735;-19.6016
-39.5482;-84.2158;0.583577;0.0843175;-0.416337;-20.3702
-30.7227;-84.2158;0.64618;0.0373904;-0.387772;-19.7875
-21.8972;-84.2158;0.695398;0.0690781;-0.401847;-20.1572
-13.0718;-84.2158;0.701561;0.107494;-0.414601;-20.4496
-4.24634;-84.2158;0.708334;0.149216;-0.411171;-20.618
4.57912;-84.2158;0.70673;0.187158;-0.402692;-20.7118
13.4046;-84.2158;0.71595;0.221993;-0.398966;-20.7334
22.23;-84.2158;0.724198;0.254285;-0.397646;-20.6619
31.0555;-84.2158;0.732775;0.28291;-0.388398;-20.4828
39.8809;-84.2158;0.778332;0.310718;-0.369697;-20.2372
48.7064;-84.2158;0.902044;0.338592;-0.364029;-19.9614
57.5318;-84.2158;0.990934;0.377508;-0.379859;-19.6183
66.3573;-84.2158;1.12534;0.409718;-0.390242;-19.2584
75.1828;-84.2158;1.28482;0.428764;-0.376836;-18.8379
84.0082;-84.2158;1.37189;0.43647;-0.356092;-18.2654
92.8337;-84.2158;1.29131;0.440398;-0.336789;-17.5201
101.659;-84.2158;1.36088;0.431542;-0.311461;-16.8056
110.485;-84.2158;1.49989;0.422754;-0.2799;-16.1228
119.31;-84.2158;1.61961;0.407519;-0.247107;-15.3663
128.135;-84.2158;1.67066;0.389647;-0.213562;-14.5093
136.961;-84.2158;1.74476;0.364732;-0.183081;-13.6215
145.786;-84.2158;1.71012;0.340252;-0.152112;-12.6198
154.612;-84.2158;1.62591;0.31391;-0.118949;-11.5495
163.437;-84.2158;1.54478;0.285168;-0.0849919;-10.4552
172.263;-84.2158;1.49882;0.25447;-0.0552093;-9.36391
181.088;-84.2158;1.42098;0.225503;-0.0309125;-8.23823
189.914;-84.2158;1.32074;0.193045;-0.0156142;-7.08323
198.739;-84.2158;1.23096;0.160624;-0.00447316;-5.92987
207.565;-84.2158;1.17296;0.124296;0.00354718;-4.77392
216.39;-84.2158;1.11585;0.0847375;0.0115884;-3.58946
225.215;-84.2158;1.06681;0.0510181;0.0161076;-2.42266
234.041;-84.2158;1.06963;0.0210043;0.0186574;-1.32432
-216.057;-93.0413;1.06898;0.169029;0.0586207;-1.76244
-207.232;-93.0413;0.822273;0.144704;0.0390725;-2.77524
-198.406;-93.0413;0.71577;0.133283;0.00668953;-3.7599
-189.581;-93.0413;0.69599;0.114028;-0.0239134;-4.76726
-180.755;-93.0413;0.677793;0.0863306;-0.0523072;-5.79281
-171.93;-93.0413;0.682748;0.0607802;-0.0745488;-6.79718
-163.105;-93.0413;0.664455;0.0343984;-0.0958102;-7.79123
-154.279;-93.0413;0.638485;0.0115213;-0.115685;-8.7644
-145.454;-93.0413;0.629637;-0.00633608;-0.133377;-9.71426
-136.628;-93.0413;0.634518;-0.0207216;-0.14933;-10.6399
-127.803;-93.0413;0.623049;-0.0330845;-0.171354;-11.5416
-118.977;-93.0413;0.608085;-0.0441666;-0.198903;-12.4337
-110.152;-93.0413;0.637475;-0.0549245;-0.226655;-13.3196
-101.326;-93.0413;0.641485;-0.0609372;-0.251917;-14.1612
-92.5009;-93.0413;0.632455;-0.0640706;-0.274447;-14.9536
-83.6754;-93.0413;0.625642;-0.062888;-0.295372;-15.6998
-74.85;-93.0413;0.632514;-0.0554442;-0.315564;-16.4011
-66.0245;-93.0413;0.663024;-0.0435538;-0.332363;-17.0734
-57.1991;-93.0413;0.686;-0.0260613;-0.346502;-17.6755
-48.3736;-93.0413;0.667616;-0.00514796;-0.363456;-18.183
-39.5482;-93.0413;0.666866;0.018641;-0.378611;-18.6149
-30.7227;-93.0413;0.695865;0.0465109;-0.391731;-19.0058
-21.8972;-93.0413;0.735631;0.0780371;-0.403467;-19.3498
-13.0718;-93.0413;0.762469;0.112459;-0.4119;-19.629
-4.24634;-93.0413;0.767958;0.147408;-0.409996;-19.8172
4.57912;-93.0413;0.762732;0.182712;-0.401865;-19.9024
13.4046;-93.0413;0.760134;0.216055;-0.397409;-19.9063
22.23;-93.0413;0.748373;0.247018;-0.398219;-19.8287
31.0555;-93.0413;0.728533;0.274381;-0.399747;-19.6454
39.8809;-93.0413;0.739641;0.307168;-0.401744;-19.4068
48.7064;-93.0413;0.890683;0.343819;-0.416638;-19.1545
57.5318;-93.0413;0.996304;0.385926;-0.433924;-18.8458
66.3573;-93.0413;1.13263;0.410971;-0.430643;-18.4939
75.1828;-93.0413;1.27785;0.425254;-0.408429;-18.1027
84.0082;-93.0413;1.35688;0.422767;-0.383125;-17.5366
92.8337;-93.0413;1.33524;0.419601;-0.359376;-16.8327
101.659;-93.0413;1.42751;0.409643;-0.326992;-16.1587
110.485;-93.0413;1.55669;0.399286;-0.286106;-15.4856
119.31;-93.0413;1.67253;0.380495;-0.244891;-14.7361
128.135;-93.0413;1.74201;0.358128;-0.203745;-13.9005
136.961;-93.0413;1.75577;0.332115;-0.169381;-12.963
145.786;-93.0413;1.63365;0.309211;-0.14225;-11.9018
154.612;-93.0413;1.51677;0.283658;-0.112869;-10.822
163.437;-93.0413;1.45666;0.255308;-0.076333;-9.76674
172.263;-93.0413;1.45402;0.223075;-0.0411819;-8.73311
181.088;-93.0413;1.3907;0.195472;-0.0169164;-7.64204
189.914;-93.0413;1.2852;0.165707;-0.00254149;-6.50442
198.739;-93.0413;1.18196;0.134154;0.00986101;-5.35254
207.565;-93.0413;1.11214;0.101684;0.018833;-4.20758
216.39;-93.0413;1.07185;0.0660715;0.0250229;-3.06572
225.215;-93.0413;1.09849;0.0364227;0.0264326;-1.97902
-207.232;-101.867;0.801129;0.166151;0.0437082;-2.29416
-198.406;-101.867;0.719498;0.148221;0.0128079;-3.31956
-189.581;-101.867;0.795724;0.119427;-0.0168615;-4.38192
-180.755;-101.867;0.806797;0.0904739;-0.0442185;-5.40823
-171.93;-101.867;0.76851;0.0652062;-0.0684054;-6.37178
-163.105;-101.867;0.715157;0.0369627;-0.0922537;-7.3176
-154.279;-101.867;0.671558;0.0115036;-0.114899;-8.26026
-145.454;-101.867;0.658744;-0.00461438;-0.133791;-9.19671
-136.628;-101.867;0.66153;-0.0118075;-0.149351;-10.1084
-127.803;-101.867;0.63583;-0.0179944;-0.170986;-10.969
-118.977;-101.867;0.591784;-0.0315071;-0.199751;-11.8307
-110.152;-101.867;0.618626;-0.045173;-0.227792;-12.696
-101.326;-101.867;0.61724;-0.0529026;-0.253282;-13.5229
-92.5009;-101.867;0.625988;-0.053626;-0.277199;-14.2972
-83.6754;-101.867;0.646526;-0.0486482;-0.300312;-15.0117
-74.85;-101.867;0.658601;-0.0408836;-0.322127;-15.6729
-66.0245;-101.867;0.663292;-0.0317146;-0.338723;-16.3146
-57.1991;-101.867;0.698171;-0.0163807;-0.345708;-16.8996
-48.3736;-101.867;0.694516;0.00354309;-0.356441;-17.4037
-39.5482;-101.867;0.672321;0.0269759;-0.370569;-17.8232
-30.7227;-101.867;0.680509;0.0520004;-0.38284;-18.179
-21.8972;-101.867;0.715815;0.0786908;-0.390599;-18.4931
-13.0718;-101.867;0.735679;0.108328;-0.398686;-18.762
-4.24634;-101.867;0.737525;0.140863;-0.401921;-18.9495
4.57912;-101.867;0.733461;0.17724;-0.397689;-19.0258
13.4046;-101.867;0.719036;0.211067;-0.392077;-19.0146
22.23;-101.867;0.701392;0.241923;-0.394224;-18.9311
31.0555;-101.867;0.686975;0.269288;-0.404655;-18.7527
39.8809;-101.867;0.69896;0.303859;-0.42362;-18.5255
48.7064;-101.867;0.849981;0.342867;-0.448306;-18.2802
57.5318;-101.867;0.941055;0.379463;-0.45743;-17.9612
66.3573;-101.867;1.03531;0.394536;-0.442671;-17.5627
75.1828;-101.867;1.12252;0.394762;-0.412428;-17.0902
84.0082;-101.867;1.16771;0.390233;-0.383272;-16.5246
92.8337;-101.867;1.18473;0.389106;-0.356487;-15.8914
101.659;-101.867;1.29912;0.381485;-0.320799;-15.2737
110.485;-101.867;1.40041;0.371796;-0.277459;-14.597
119.31;-101.867;1.47468;0.352637;-0.23521;-13.8252
128.135;-101.867;1.50746;0.329626;-0.195164;-12.9694
136.961;-101.867;1.45027;0.304829;-0.163111;-11.9864
145.786;-101.867;1.2685;0.284843;-0.136027;-10.8986
154.612;-101.867;1.18974;0.259657;-0.105328;-9.88558
163.437;-101.867;1.222;0.229305;-0.0668725;-8.94165
172.263;-101.867;1.27142;0.193702;-0.0297778;-7.97127
181.088;-101.867;1.22096;0.165497;-0.00390338;-6.90976
189.914;-101.867;1.12545;0.139696;0.0056905;-5.80065
198.739;-101.867;1.04848;0.112977;0.0166623;-4.68859
207.565;-101.867;1.02286;0.082861;0.0265967;-3.59177
216.39;-101.867;1.02018;0.052478;0.033525;-2.50339
225.215;-101.867;1.08945;0.0243273;0.0362475;-1.46915
-198.406;-110.692;0.717187;0.148879;0.0162982;-2.84833
-189.581;-110.692;0.844136;0.122923;-0.0104095;-3.93354
-180.755;-110.692;0.894843;0.0979191;-0.0322133;-4.93745
-171.93;-110.692;0.803297;0.0677049;-0.0590413;-5.88599
-163.105;-110.692;0.760428;0.0387509;-0.0842111;-6.81291
-154.279;-110.692;0.738951;0.0138307;-0.107425;-7.73694
-145.454;-110.692;0.726123;-0.00152527;-0.127237;-8.6543
-136.628;-110.692;0.708907;-0.00617636;-0.143763;-9.54009
-127.803;-110.692;0.659952;-0.00814027;-0.162839;-10.3628
-118.977;-110.692;0.586507;-0.0212286;-0.190545;-11.1813
-110.152;-110.692;0.568927;-0.0365879;-0.221949;-12.012
-101.326;-110.692;0.565672;-0.0436032;-0.251758;-12.8174
-92.5009;-110.692;0.59886;-0.0426243;-0.276533;-13.5734
-83.6754;-110.692;0.618248;-0.0367051;-0.302227;-14.2627
-74.85;-110.692;0.594603;-0.0307553;-0.330741;-14.8803
-66.0245;-110.692;0.572452;-0.0255337;-0.351818;-15.491
-57.1991;-110.692;0.612062;-0.0133744;-0.358683;-16.0651
-48.3736;-110.692;0.642979;0.0064512;-0.361074;-16.5625
-39.5482;-110.692;0.615599;0.0294136;-0.368344;-16.9702
-30.7227;-110.692;0.595595;0.053556;-0.374164;-17.2988
-21.8972;-110.692;0.60992;0.0798987;-0.379414;-17.5814
-13.0718;-110.692;0.631383;0.109006;-0.385726;-17.8274
-4.24634;-110.692;0.647129;0.140566;-0.390648;-18.0183
4.57912;-110.692;0.670263;0.178306;-0.388183;-18.1047
13.4046;-110.692;0.687747;0.209224;-0.383863;-18.1125
22.23;-110.692;0.687154;0.237342;-0.390523;-18.037
31.0555;-110.692;0.684515;0.263445;-0.406346;-17.8642
39.8809;-110.692;0.718362;0.293718;-0.427545;-17.6461
48.7064;-110.692;0.866139;0.326227;-0.44409;-17.4179
57.5318;-110.692;0.95415;0.356542;-0.443107;-17.1045
66.3573;-110.692;1.0145;0.367494;-0.42404;-16.683
75.1828;-110.692;1.07245;0.36929;-0.396457;-16.2034
84.0082;-110.692;1.1305;0.36724;-0.367791;-15.6617
92.8337;-110.692;1.17614;0.364144;-0.338035;-15.0669
101.659;-110.692;1.28193;0.35319;-0.302213;-14.4514
110.485;-110.692;1.28165;0.34012;-0.264673;-13.6818
119.31;-110.692;1.21841;0.321045;-0.227931;-12.8058
128.135;-110.692;1.1305;0.301549;-0.193993;-11.886
136.961;-110.692;0.969723;0.281334;-0.164881;-10.8671
145.786;-110.692;0.885389;0.257048;-0.133182;-9.8785
154.612;-110.692;0.955792;0.228577;-0.0945194;-9.00309
163.437;-110.692;1.07925;0.196971;-0.050109;-8.1554
172.263;-110.692;1.11322;0.158435;-0.0139754;-7.19264
181.088;-110.692;0.98789;0.133737;0.010916;-6.08565
189.914;-110.692;0.929164;0.11298;0.018577;-5.0313
198.739;-110.692;0.941269;0.0931718;0.0232394;-4.02549
207.565;-110.692;1.03098;0.0652162;0.0333824;-3.03809
216.39;-110.692;1.07682;0.0383782;0.0452425;-2.01246
-198.406;-119.518;0.69361;0.137161;0.0211303;-2.34624
-189.581;-119.518;0.779288;0.118312;-0.00260594;-3.37977
-180.755;-119.518;0.824378;0.0921716;-0.0256975;-4.40176
-171.93;-119.518;0.736386;0.0599116;-0.0523394;-5.33573
-163.105;-119.518;0.750426;0.0347987;-0.0758432;-6.24317
-154.279;-119.518;0.751468;0.0115114;-0.100079;-7.14837
-145.454;-119.518;0.723138;-0.00493511;-0.121684;-8.02984
-136.628;-119.518;0.68858;-0.00917604;-0.138621;-8.89281
-127.803;-119.518;0.638272;-0.0040181;-0.153097;-9.68382
-118.977;-119.518;0.54486;-0.0113107;-0.180318;-10.4682
-110.152;-119.518;0.516205;-0.0235787;-0.213715;-11.2665
-101.326;-119.518;0.509938;-0.0329665;-0.248273;-12.0483
-92.5009;-119.518;0.55022;-0.0355086;-0.277907;-12.7893
-83.6754;-119.518;0.573084;-0.0320908;-0.306695;-13.4654
-74.85;-119.518;0.540095;-0.0284123;-0.33633;-14.0585
-66.0245;-119.518;0.497881;-0.0259732;-0.35989;-14.642
-57.1991;-119.518;0.52905;-0.016899;-0.370516;-15.1998
-48.3736;-119.518;0.575267;0.000513119;-0.369446;-15.6949
-39.5482;-119.518;0.55288;0.0234878;-0.367477;-16.0982
-30.7227;-119.518;0.502424;0.0492011;-0.365605;-16.3831
-21.8972;-119.518;0.468614;0.0794527;-0.365034;-16.6117
-13.0718;-119.518;0.475131;0.113334;-0.364866;-16.825
-4.24634;-119.518;0.534917;0.146335;-0.36579;-17.0256
4.57912;-119.518;0.615554;0.1819;-0.366103;-17.1481
13.4046;-119.518;0.703844;0.209975;-0.368879;-17.2153
22.23;-119.518;0.747258;0.233157;-0.382862;-17.1583
31.0555;-119.518;0.738872;0.255378;-0.400906;-16.9763
39.8809;-119.518;0.740709;0.278254;-0.414224;-16.7283
48.7064;-119.518;0.858167;0.30063;-0.416766;-16.4915
57.5318;-119.518;0.96693;0.323009;-0.409281;-16.1869
66.3573;-119.518;1.02056;0.334264;-0.393682;-15.7722
75.1828;-119.518;1.05405;0.338416;-0.37261;-15.291
84.0082;-119.518;1.09641;0.335897;-0.346371;-14.7491
92.8337;-119.518;1.13072;0.328792;-0.318158;-14.145
101.659;-119.518;1.14416;0.318182;-0.28797;-13.4634
110.485;-119.518;1.05128;0.305774;-0.249736;-12.6174
119.31;-119.518;0.903172;0.285285;-0.214092;-11.6835
128.135;-119.518;0.771097;0.266746;-0.186293;-10.783
136.961;-119.518;0.698075;0.246739;-0.157138;-9.90503
145.786;-119.518;0.77285;0.221938;-0.11898;-9.07553
154.612;-119.518;0.997873;0.189828;-0.0729026;-8.30914
163.437;-119.518;1.09766;0.155517;-0.0289269;-7.41771
172.263;-119.518;0.914538;0.121855;0.00221837;-6.29928
181.088;-119.518;0.705507;0.101389;0.0240627;-5.15213
189.914;-119.518;0.799728;0.0806615;0.037238;-4.26241
198.739;-119.518;0.999974;0.0604291;0.0525688;-3.45021
207.565;-119.518;1.19553;0.0381975;0.0599721;-2.58734
216.39;-119.518;1.24719;0.0192139;0.0627024;-1.601
-189.581;-128.343;0.689181;0.103379;0.00340468;-2.80559
-180.755;-128.343;0.734131;0.0780156;-0.0195149;-3.7732
-171.93;-128.343;0.66734;0.039416;-0.0502087;-4.7303
-163.105;-128.343;0.690283;0.0182866;-0.0722298;-5.62326
-154.279;-128.343;0.669882;-0.00220387;-0.0980367;-6.49506
-145.454;-128.343;0.603658;-0.0169855;-0.120341;-7.31163
-136.628;-128.343;0.558386;-0.0192089;-0.137286;-8.1485
-127.803;-128.343;0.547746;-0.00692055;-0.149316;-8.93744
-118.977;-128.343;0.486882;-0.00268109;-0.174373;-9.71371
-110.152;-128.343;0.466409;-0.0104003;-0.207866;-10.4787
-101.326;-128.343;0.435498;-0.0217689;-0.241954;-11.212
-92.5009;-128.343;0.456961;-0.0296037;-0.277586;-11.926
-83.6754;-128.343;0.496578;-0.0300148;-0.311218;-12.6076
-74.85;-128.343;0.49563;-0.0271562;-0.33736;-13.2127
-66.0245;-128.343;0.450959;-0.0253755;-0.359626;-13.7655
-57.1991;-128.343;0.447103;-0.0197638;-0.374551;-14.3018
-48.3736;-128.343;0.50561;-0.00933857;-0.373509;-14.7986
-39.5482;-128.343;0.457186;0.0120495;-0.367417;-15.1713
-30.7227;-128.343;0.314453;0.0419716;-0.362347;-15.3558
-21.8972;-128.343;0.205968;0.0776541;-0.357125;-15.4993
-13.0718;-128.343;0.227599;0.114846;-0.346186;-15.6963
-4.24634;-128.343;0.371277;0.151235;-0.334577;-15.9499
4.57912;-128.343;0.535215;0.18407;-0.337992;-16.1516
13.4046;-128.343;0.694451;0.20818;-0.348821;-16.2486
22.23;-128.343;0.804948;0.229428;-0.367886;-16.2283
31.0555;-128.343;0.797287;0.246472;-0.383281;-16.0338
39.8809;-128.343;0.693872;0.262539;-0.388076;-15.7188
48.7064;-128.343;0.734071;0.278473;-0.384008;-15.4377
57.5318;-128.343;0.816727;0.293987;-0.374347;-15.1236
66.3573;-128.343;0.858962;0.305242;-0.36207;-14.7126
75.1828;-128.343;0.858601;0.309566;-0.3455;-14.2076
84.0082;-128.343;0.831581;0.306647;-0.324351;-13.6194
92.8337;-128.343;0.787723;0.299099;-0.301515;-12.9582
101.659;-128.343;0.784922;0.284797;-0.273779;-12.2593
110.485;-128.343;0.776624;0.266399;-0.232815;-11.4762
119.31;-128.343;0.726223;0.249998;-0.195695;-10.6737
128.135;-128.343;0.668334;0.234267;-0.165639;-9.89119
136.961;-128.343;0.696418;0.215374;-0.134558;-9.13839
145.786;-128.343;0.881081;0.189749;-0.0946379;-8.41768
154.612;-128.343;0.966459;0.163833;-0.0486728;-7.55097
163.437;-128.343;0.8383;0.124354;-0.0166062;-6.44454
172.263;-128.343;0.528651;0.0916009;0.0103825;-5.23124
181.088;-128.343;0.450594;0.068392;0.0333351;-4.21303
189.914;-128.343;0.867538;0.0404651;0.0560205;-3.61027
198.739;-128.343;1.31064;0.0197805;0.0786358;-3.0075
207.565;-128.343;1.53346;0.00348739;0.0814227;-2.22146
-189.581;-137.169;0.548652;0.0779699;0.00949395;-2.16598
-180.755;-137.169;0.621879;0.0564944;-0.0153249;-3.10353
-171.93;-137.169;0.606316;0.027192;-0.0424144;-4.02836
-163.105;-137.169;0.608188;0.00823111;-0.0667031;-4.92635
-154.279;-137.169;0.528809;-0.0115535;-0.0962205;-5.76438
-145.454;-137.169;0.423226;-0.0271534;-0.120793;-6.53277
-136.628;-137.169;0.391388;-0.031353;-0.140195;-7.36384
-127.803;-137.169;0.438789;-0.0174138;-0.153522;-8.17355
-118.977;-137.169;0.437491;-0.00337083;-0.177304;-8.95257
-110.152;-137.169;0.410581;-0.00518015;-0.207184;-9.68042
-101.326;-137.169;0.348234;-0.0153981;-0.238754;-10.3603
-92.5009;-137.169;0.344077;-0.0261785;-0.275696;-11.044
-83.6754;-137.169;0.417965;-0.0290709;-0.30951;-11.7337
-74.85;-137.169;0.467479;-0.0255874;-0.332635;-12.3456
-66.0245;-137.169;0.410117;-0.0222008;-0.353861;-12.8555
-57.1991;-137.169;0.336509;-0.0180534;-0.372975;-13.3557
-48.3736;-137.169;0.397446;-0.016795;-0.374356;-13.8307
-39.5482;-137.169;0.253969;0.00307823;-0.373364;-14.0917
-30.7227;-137.169;-0.118194;0.0353145;-0.373237;-14.053
-21.8972;-137.169;-0.367691;0.0704096;-0.36784;-14.0367
-13.0718;-137.169;-0.260274;0.104134;-0.348003;-14.2691
-4.24634;-137.169;0.0275552;0.146051;-0.320846;-14.7131
4.57912;-137.169;0.290734;0.179489;-0.316862;-14.9884
13.4046;-137.169;0.482458;0.199736;-0.334817;-15.089
22.23;-137.169;0.60229;0.21732;-0.35607;-15.0608
31.0555;-137.169;0.641833;0.232675;-0.365366;-14.9011
39.8809;-137.169;0.613834;0.245309;-0.361869;-14.6362
48.7064;-137.169;0.595435;0.255715;-0.359361;-14.3305
57.5318;-137.169;0.634174;0.266295;-0.354496;-13.9916
66.3573;-137.169;0.665731;0.27494;-0.342668;-13.5734
75.1828;-137.169;0.651492;0.278303;-0.325727;-13.0576
84.0082;-137.169;0.589393;0.275118;-0.30627;-12.4507
92.8337;-137.169;0.512464;0.267259;-0.285702;-11.7811
101.659;-137.169;0.520791;0.254585;-0.258795;-11.1214
110.485;-137.169;0.617544;0.239868;-0.218991;-10.4747
119.31;-137.169;0.695299;0.226236;-0.180554;-9.81504
128.135;-137.169;0.731118;0.210334;-0.145305;-9.12128
136.961;-137.169;0.790601;0.188759;-0.110892;-8.39078
145.786;-137.169;0.902283;0.15765;-0.0794401;-7.60305
154.612;-137.169;0.754913;0.128226;-0.0489403;-6.56172
163.437;-137.169;0.436486;0.0926836;-0.0199246;-5.34013
172.263;-137.169;0.183501;0.0655165;0.0142055;-4.2065
181.088;-137.169;0.438271;0.0352857;0.0432716;-3.47134
189.914;-137.169;1.21864;-0.00355097;0.0704001;-3.16057
198.739;-137.169;1.76927;-0.0255791;0.0899266;-2.6398
-189.581;-145.994;0.425255;0.0563101;0.0168255;-1.49433
-180.755;-145.994;0.497157;0.0442446;-0.00730552;-2.3971
-171.93;-145.994;0.505096;0.0230395;-0.0326832;-3.29316
-163.105;-145.994;0.498346;0.00768263;-0.0557103;-4.16581
-154.279;-145.994;0.416782;-0.00821508;-0.0850599;-4.97729
-145.454;-145.994;0.31188;-0.0265543;-0.113194;-5.73752
-136.628;-145.994;0.291403;-0.038087;-0.140008;-6.58046
-127.803;-145.994;0.362884;-0.0296882;-0.15906;-7.40919
-118.977;-145.994;0.395569;-0.0136027;-0.180485;-8.17845
-110.152;-145.994;0.35761;-0.00979442;-0.202968;-8.86894
-101.326;-145.994;0.265464;-0.0158746;-0.231855;-9.50181
-92.5009;-145.994;0.246047;-0.0256775;-0.267124;-10.1488
-83.6754;-145.994;0.362787;-0.028859;-0.297804;-10.8367
-74.85;-145.994;0.453609;-0.0245346;-0.319835;-11.4585
-66.0245;-145.994;0.362841;-0.0193762;-0.344753;-11.9321
-57.1991;-145.994;0.202349;-0.0148877;-0.370976;-12.3539
-48.3736;-145.994;0.215507;-0.0197728;-0.379752;-12.7489
-39.5482;-145.994;-0.0693605;0.00779146;-0.388582;-12.8409
-30.7227;-145.994;-0.779709;0.0420851;-0.398393;-12.5656
-21.8972;-145.994;-1.37436;0.0786176;-0.397951;-12.4191
-13.0718;-145.994;-1.3352;0.111985;-0.376289;-12.6491
-4.24634;-145.994;-0.674579;0.138445;-0.339503;-13.1759
4.57912;-145.994;-0.142574;0.169286;-0.326327;-13.6414
13.4046;-145.994;0.0949076;0.186728;-0.344247;-13.7951
22.23;-145.994;0.241282;0.199512;-0.357813;-13.7784
31.0555;-145.994;0.365833;0.210437;-0.355427;-13.6635
39.8809;-145.994;0.456421;0.219993;-0.344153;-13.4728
48.7064;-145.994;0.486509;0.228345;-0.340531;-13.2006
57.5318;-145.994;0.517199;0.239209;-0.339367;-12.8648
66.3573;-145.994;0.546757;0.246984;-0.327522;-12.4551
75.1828;-145.994;0.546311;0.248707;-0.307854;-11.9584
84.0082;-145.994;0.500724;0.244198;-0.285186;-11.3772
92.8337;-145.994;0.434945;0.236034;-0.262325;-10.7428
101.659;-145.994;0.464406;0.226642;-0.23493;-10.1399
110.485;-145.994;0.597797;0.216755;-0.199589;-9.57751
119.31;-145.994;0.708;0.203726;-0.165391;-8.96282
128.135;-145.994;0.754343;0.184861;-0.131876;-8.2583
136.961;-145.994;0.7616;0.159594;-0.0984314;-7.46451
145.786;-145.994;0.678844;0.133104;-0.069017;-6.5461
154.612;-145.994;0.507636;0.0981226;-0.0419044;-5.53455
163.437;-145.994;0.343825;0.0582515;-0.0153258;-4.48776
172.263;-145.994;0.380222;0.0387652;0.025787;-3.63626
181.088;-145.994;0.970879;0.00488278;0.0562739;-3.16312
189.914;-145.994;1.7899;-0.0377937;0.0798318;-2.87414
198.739;-145.994;2.15373;-0.0696325;0.110895;-2.12714
-171.93;-154.819;0.439846;0.0276664;-0.0158509;-2.56953
-163.105;-154.819;0.419018;0.0137789;-0.0386048;-3.40643
-154.279;-154.819;0.366952;0.00488351;-0.0623991;-4.19478
-145.454;-154.819;0.310883;-0.0149073;-0.0925639;-4.97508
-136.628;-154.819;0.301504;-0.0332533;-0.127279;-5.81769
-127.803;-154.819;0.347149;-0.0338958;-0.153455;-6.6344
-118.977;-154.819;0.367915;-0.0238978;-0.170997;-7.37303
-110.152;-154.819;0.329765;-0.0183686;-0.186035;-8.03482
-101.326;-154.819;0.210453;-0.0190235;-0.213879;-8.63256
-92.5009;-154.819;0.178952;-0.0242234;-0.248929;-9.23982
-83.6754;-154.819;0.311708;-0.0251214;-0.277524;-9.91153
-74.85;-154.819;0.420871;-0.021115;-0.299385;-10.5259
-66.0245;-154.819;0.33243;-0.0178626;-0.327863;-10.9869
-57.1991;-154.819;0.135268;-0.01603;-0.359419;-11.3743
-48.3736;-154.819;0.107179;-0.0193359;-0.374569;-11.7326
-39.5482;-154.819;-0.186763;0.00499876;-0.385985;-11.7969
-30.7227;-154.819;-0.877305;0.0367912;-0.400457;-11.5034
-21.8972;-154.819;-1.51207;0.06676;-0.404411;-11.3077
-13.0718;-154.819;-1.62386;0.0876173;-0.38978;-11.4085
-4.24634;-154.819;-1.09762;0.104869;-0.365519;-11.7906
4.57912;-154.819;-0.318889;0.143527;-0.36196;-12.3797
13.4046;-154.819;-0.0200539;0.162701;-0.364966;-12.6117
22.23;-154.819;0.146775;0.174274;-0.360449;-12.6356
31.0555;-154.819;0.2989;0.184572;-0.346394;-12.5547
39.8809;-154.819;0.423657;0.195164;-0.329309;-12.3965
48.7064;-154.819;0.473246;0.202114;-0.319033;-12.1175
57.5318;-154.819;0.503519;0.211566;-0.314607;-11.7751
66.3573;-154.819;0.530783;0.218209;-0.301169;-11.3751
75.1828;-154.819;0.542766;0.219021;-0.27954;-10.9141
84.0082;-154.819;0.529353;0.214029;-0.253348;-10.3881
92.8337;-154.819;0.500621;0.206243;-0.227282;-9.8116
101.659;-154.819;0.550408;0.198687;-0.199437;-9.25087
110.485;-154.819;0.641132;0.191024;-0.169768;-8.68377
119.31;-154.819;0.656974;0.180237;-0.143425;-8.01529
128.135;-154.819;0.594313;0.162998;-0.117041;-7.23401
136.961;-154.819;0.516577;0.139009;-0.0880768;-6.38268
145.786;-154.819;0.44462;0.111926;-0.0595603;-5.49375
154.612;-154.819;0.489676;0.075819;-0.0311222;-4.6855
163.437;-154.819;0.703709;0.0455663;-0.0010666;-4.02403
172.263;-154.819;1.12004;0.0266938;0.0329346;-3.5284
181.088;-154.819;1.75352;-0.00573748;0.0600875;-3.12841
189.914;-154.819;2.20119;-0.0501869;0.095643;-2.45729
-163.105;-163.645;0.405506;0.0253602;-0.0172043;-2.66117
-154.279;-163.645;0.360359;0.014849;-0.0419314;-3.43944
-145.454;-163.645;0.354187;0.000695003;-0.0667421;-4.23112
-136.628;-163.645;0.366533;-0.0177537;-0.0997225;-5.04406
-127.803;-163.645;0.374265;-0.02431;-0.126903;-5.81626
-118.977;-163.645;0.373717;-0.0225205;-0.143832;-6.52376
-110.152;-163.645;0.333294;-0.0213832;-0.158466;-7.16773
-101.326;-163.645;0.21313;-0.0177941;-0.187273;-7.74708
-92.5009;-163.645;0.137601;-0.0179335;-0.224494;-8.32648
-83.6754;-163.645;0.233488;-0.0162211;-0.252856;-8.95771
-74.85;-163.645;0.335414;-0.0137408;-0.274445;-9.54004
-66.0245;-163.645;0.265826;-0.0141857;-0.302929;-9.99147
-57.1991;-163.645;0.0899945;-0.015395;-0.336185;-10.3783
-48.3736;-163.645;0.159086;-0.0173705;-0.351999;-10.7911
-39.5482;-163.645;0.0966227;0.00331054;-0.362527;-11.0399
-30.7227;-163.645;-0.3226;0.0333919;-0.385397;-10.9824
-21.8972;-163.645;-0.762131;0.0564573;-0.399873;-10.8536
-13.0718;-163.645;-0.888559;0.0699671;-0.393149;-10.8494
-4.24634;-163.645;-0.605681;0.0888091;-0.375026;-11.07
4.57912;-163.645;-0.0535824;0.119198;-0.375174;-11.4618
13.4046;-163.645;0.172128;0.138664;-0.36831;-11.6573
22.23;-163.645;0.297204;0.150188;-0.349957;-11.6665
31.0555;-163.645;0.406217;0.1589;-0.326465;-11.5536
39.8809;-163.645;0.497807;0.169749;-0.303617;-11.3686
48.7064;-163.645;0.536153;0.177644;-0.282413;-11.0781
57.5318;-163.645;0.557115;0.184539;-0.271938;-10.7254
66.3573;-163.645;0.574308;0.190372;-0.259356;-10.3309
75.1828;-163.645;0.572751;0.191961;-0.240287;-9.89532
84.0082;-163.645;0.55655;0.186801;-0.213495;-9.4017
92.8337;-163.645;0.548366;0.179447;-0.185057;-8.8644
101.659;-163.645;0.592182;0.17295;-0.15729;-8.31515
110.485;-163.645;0.635683;0.164394;-0.13224;-7.72685
119.31;-163.645;0.59866;0.153367;-0.111157;-7.03575
128.135;-163.645;0.511357;0.138647;-0.0903238;-6.26245
136.961;-163.645;0.455501;0.120956;-0.0652201;-5.47149
145.786;-163.645;0.479964;0.101748;-0.0365264;-4.71753
154.612;-163.645;0.748711;0.0771288;-0.00496221;-4.10306
163.437;-163.645;1.1883;0.0534587;0.0210911;-3.68157
172.263;-163.645;1.60778;0.0297923;0.0448783;-3.23244
181.088;-163.645;2.02588;-0.00667339;0.0660197;-2.67154
189.914;-163.645;2.1621;-0.0471445;0.0996248;-1.75494
-154.279;-172.47;0.359817;0.0225014;-0.0229127;-2.6748
-145.454;-172.47;0.341877;0.00658535;-0.049624;-3.43158
-136.628;-172.47;0.353407;-0.00713472;-0.0771711;-4.207
-127.803;-172.47;0.341699;-0.0164149;-0.10184;-4.93493
-118.977;-172.47;0.325461;-0.019845;-0.11936;-5.60992
-110.152;-172.47;0.304419;-0.0185703;-0.138911;-6.2626
-101.326;-172.47;0.213357;-0.0123432;-0.169232;-6.86106
-92.5009;-172.47;0.135171;-0.011121;-0.200029;-7.42248
-83.6754;-172.47;0.179775;-0.0109007;-0.222801;-7.97887
-74.85;-172.47;0.252772;-0.0107346;-0.243903;-8.51938
-66.0245;-172.47;0.204267;-0.0116895;-0.270126;-8.95701
-57.1991;-172.47;0.0386738;-0.0110777;-0.300569;-9.32339
-48.3736;-172.47;0.0847989;-0.00639031;-0.316643;-9.73159
-39.5482;-172.47;0.251688;0.00761296;-0.326691;-10.1378
-30.7227;-172.47;0.167117;0.0275167;-0.34991;-10.314
-21.8972;-172.47;0.0149531;0.045489;-0.368974;-10.365
-13.0718;-172.47;0.0373494;0.0635706;-0.3686;-10.4606
-4.24634;-172.47;0.268308;0.0937708;-0.353541;-10.715
4.57912;-172.47;0.436049;0.113387;-0.346611;-10.8564
13.4046;-172.47;0.517643;0.1232;-0.337753;-10.8735
22.23;-172.47;0.529028;0.130905;-0.316651;-10.766
31.0555;-172.47;0.527971;0.137596;-0.289168;-10.5543
39.8809;-172.47;0.55101;0.146755;-0.262368;-10.3044
48.7064;-172.47;0.589561;0.152188;-0.233977;-10.0091
57.5318;-172.47;0.590084;0.157396;-0.217606;-9.65988
66.3573;-172.47;0.586612;0.163876;-0.207681;-9.27581
75.1828;-172.47;0.577525;0.167975;-0.193171;-8.86016
84.0082;-172.47;0.563204;0.165399;-0.168631;-8.39049
92.8337;-172.47;0.555445;0.157817;-0.141087;-7.86915
101.659;-172.47;0.583801;0.148327;-0.113315;-7.32153
110.485;-172.47;0.627017;0.136722;-0.0891947;-6.75137
119.31;-172.47;0.619253;0.126177;-0.0701974;-6.11411
128.135;-172.47;0.585312;0.115455;-0.0542163;-5.42516
136.961;-172.47;0.595444;0.103633;-0.0354069;-4.73957
145.786;-172.47;0.723219;0.0893854;-0.0129619;-4.12399
154.612;-172.47;1.05699;0.0713869;0.0118641;-3.6259
163.437;-172.47;1.37336;0.0540959;0.0345809;-3.12365
172.263;-172.47;1.66426;0.0238413;0.0473994;-2.55131
-145.454;-181.296;0.304358;0.00996625;-0.0339686;-2.6016
-136.628;-181.296;0.253576;-0.00315664;-0.0561358;-3.30435
-127.803;-181.296;0.213475;-0.0164984;-0.0809728;-4.0064
-118.977;-181.296;0.171922;-0.0245128;-0.100885;-4.65243
-110.152;-181.296;0.166238;-0.0206981;-0.121388;-5.29793
-101.326;-181.296;0.0982794;-0.00561522;-0.146114;-5.87663
-92.5009;-181.296;0.0116049;-0.00149314;-0.169364;-6.39695
-83.6754;-181.296;0.0273832;-0.00309499;-0.186164;-6.90348
-74.85;-181.296;0.123015;-0.00562909;-0.206118;-7.44464
-66.0245;-181.296;0.143232;-0.00692449;-0.228506;-7.89567
-57.1991;-181.296;0.0148042;-0.00427882;-0.252664;-8.24014
-48.3736;-181.296;0.0159366;0.00470067;-0.267145;-8.60593
-39.5482;-181.296;0.222437;0.0149711;-0.277286;-9.04593
-30.7227;-181.296;0.311543;0.026442;-0.293146;-9.33703
-21.8972;-181.296;0.339021;0.0404985;-0.306678;-9.51946
-13.0718;-181.296;0.479114;0.059443;-0.307578;-9.71218
-4.24634;-181.296;0.743259;0.0845109;-0.299022;-9.95316
4.57912;-181.296;0.76888;0.100148;-0.297037;-10.012
13.4046;-181.296;0.754919;0.106308;-0.287532;-9.94946
22.23;-181.296;0.671556;0.113097;-0.266253;-9.75971
31.0555;-181.296;0.566281;0.119638;-0.239212;-9.46111
39.8809;-181.296;0.513767;0.127912;-0.212038;-9.14847
48.7064;-181.296;0.54517;0.132254;-0.184167;-8.84452
57.5318;-181.296;0.542997;0.1371;-0.165343;-8.50979
66.3573;-181.296;0.53656;0.141069;-0.154883;-8.14963
75.1828;-181.296;0.540784;0.144001;-0.141031;-7.76066
84.0082;-181.296;0.543684;0.143438;-0.118915;-7.32263
92.8337;-181.296;0.53725;0.137863;-0.0973874;-6.8241
101.659;-181.296;0.536837;0.130614;-0.0789155;-6.29214
110.485;-181.296;0.562105;0.120502;-0.0610283;-5.75086
119.31;-181.296;0.586667;0.110625;-0.0441203;-5.17679
128.135;-181.296;0.618418;0.100249;-0.029556;-4.57222
136.961;-181.296;0.693757;0.0880664;-0.0148006;-3.96819
145.786;-181.296;0.875015;0.0733084;0.000209187;-3.42517
154.612;-181.296;1.09588;0.0581039;0.0151649;-2.87839
163.437;-181.296;1.27883;0.0385019;0.033203;-2.27597
-136.628;-190.121;0.19613;0.00350549;-0.0305832;-2.38882
-127.803;-190.121;0.162143;-0.00828387;-0.0481066;-3.05404
-118.977;-190.121;0.114246;-0.0180061;-0.066654;-3.69009
-110.152;-190.121;0.0842868;-0.0152382;-0.0878278;-4.31389
-101.326;-190.121;-0.015994;0.00393823;-0.108437;-4.83701
-92.5009;-190.121;-0.166291;0.00971417;-0.128863;-5.28104
-83.6754;-190.121;-0.167756;0.00769817;-0.144198;-5.76749
-74.85;-190.121;-0.0250949;0.00421343;-0.161278;-6.32551
-66.0245;-190.121;0.0898463;0.0027323;-0.180075;-6.82575
-57.1991;-190.121;0.054378;0.0049934;-0.19957;-7.19828
-48.3736;-190.121;0.0591765;0.0129324;-0.212095;-7.53666
-39.5482;-190.121;0.165635;0.0206939;-0.220468;-7.89541
-30.7227;-190.121;0.257111;0.0291324;-0.230038;-8.19068
-21.8972;-190.121;0.354962;0.0427118;-0.239277;-8.42816
-13.0718;-190.121;0.510745;0.0635823;-0.245879;-8.65546
-4.24634;-190.121;0.685397;0.0834944;-0.245866;-8.81658
4.57912;-190.121;0.685484;0.0910948;-0.241366;-8.80581
13.4046;-190.121;0.573083;0.0941935;-0.232463;-8.66519
22.23;-190.121;0.470705;0.0983909;-0.213973;-8.44485
31.0555;-190.121;0.3864;0.104905;-0.192227;-8.17977
39.8809;-190.121;0.354107;0.11153;-0.169026;-7.90165
48.7064;-190.121;0.390468;0.115761;-0.143997;-7.625
57.5318;-190.121;0.402613;0.119185;-0.124423;-7.31647
66.3573;-190.121;0.418893;0.120934;-0.10978;-6.98094
75.1828;-190.121;0.45553;0.12242;-0.0933106;-6.62254
84.0082;-190.121;0.485849;0.122819;-0.0732151;-6.22365
92.8337;-190.121;0.491425;0.120438;-0.0592622;-5.76754
101.659;-190.121;0.486417;0.116442;-0.0508137;-5.26889
110.485;-190.121;0.500954;0.109494;-0.0418426;-4.75546
119.31;-190.121;0.528682;0.101557;-0.0313777;-4.21951
128.135;-190.121;0.579323;0.0916458;-0.0202252;-3.66216
136.961;-190.121;0.667171;0.0798658;-0.00864348;-3.08977
145.786;-190.121;0.814931;0.063414;0.00626099;-2.53394
154.612;-190.121;0.938992;0.0461668;0.0235363;-1.92589
-118.977;-198.947;0.101305;-0.00132878;-0.0281874;-2.73339
-110.152;-198.947;0.0919557;0.000983359;-0.045294;-3.31068
-101.326;-198.947;-0.03895;0.0153003;-0.0683849;-3.82416
-92.5009;-198.947;-0.258473;0.0195245;-0.092043;-4.2358
-83.6754;-198.947;-0.269998;0.0186653;-0.106477;-4.73094
-74.85;-198.947;-0.11751;0.0171957;-0.118287;-5.28072
-66.0245;-198.947;0.0506661;0.0160782;-0.132091;-5.7909
-57.1991;-198.947;0.120925;0.0156391;-0.148292;-6.19109
-48.3736;-198.947;0.125112;0.0209069;-0.162387;-6.51258
-39.5482;-198.947;0.161835;0.0255966;-0.173887;-6.80368
-30.7227;-198.947;0.192786;0.0293062;-0.188582;-7.06147
-21.8972;-198.947;0.261822;0.039729;-0.200807;-7.27658
-13.0718;-198.947;0.384024;0.058676;-0.208612;-7.46357
-4.24634;-198.947;0.494842;0.0748441;-0.205864;-7.54914
4.57912;-198.947;0.467864;0.0800391;-0.197994;-7.49725
13.4046;-198.947;0.38772;0.0795291;-0.187076;-7.35288
22.23;-198.947;0.32086;0.0822374;-0.171852;-7.16479
31.0555;-198.947;0.256281;0.0876293;-0.153969;-6.93863
39.8809;-198.947;0.22392;0.0917843;-0.132771;-6.68599
48.7064;-198.947;0.24645;0.0951113;-0.110256;-6.4315
57.5318;-198.947;0.275248;0.0986188;-0.090299;-6.15271
66.3573;-198.947;0.317322;0.101044;-0.070885;-5.84248
75.1828;-198.947;0.377048;0.101652;-0.0507891;-5.50772
84.0082;-198.947;0.426127;0.10126;-0.0322398;-5.13874
92.8337;-198.947;0.45057;0.0997929;-0.0238802;-4.72221
101.659;-198.947;0.4691;0.0989387;-0.0222717;-4.26922
110.485;-198.947;0.49691;0.0957873;-0.0193698;-3.78995
119.31;-198.947;0.520972;0.0902598;-0.0140818;-3.26457
128.135;-198.947;0.546241;0.0814071;-0.00937223;-2.71693
136.961;-198.947;0.599508;0.0692348;-0.000766257;-2.15827
145.786;-198.947;0.70021;0.051658;0.017783;-1.58197
-118.977;-207.772;0.015966;0.0153725;-0.000348791;-1.76049
-110.152;-207.772;0.052824;0.0197137;-0.0157179;-2.32135
-101.326;-207.772;-0.0357196;0.0251108;-0.0412104;-2.83543
-92.5009;-207.772;-0.202745;0.0230655;-0.0651615;-3.28216
-83.6754;-207.772;-0.18943;0.0216252;-0.0739224;-3.76806
-74.85;-207.772;-0.099069;0.0229015;-0.0807982;-4.26826
-66.0245;-207.772;0.0068562;0.0236325;-0.0952069;-4.72274
-57.1991;-207.772;0.0729841;0.0239531;-0.109508;-5.09266
-48.3736;-207.772;0.0949409;0.0250783;-0.124455;-5.39947
-39.5482;-207.772;0.101438;0.0283126;-0.138259;-5.65544
-30.7227;-207.772;0.117571;0.0308784;-0.154013;-5.87657
-21.8972;-207.772;0.157902;0.037893;-0.168456;-6.05703
-13.0718;-207.772;0.226734;0.0520007;-0.179696;-6.19986
-4.24634;-207.772;0.287244;0.0646828;-0.18066;-6.26064
4.57912;-207.772;0.276505;0.0664063;-0.173621;-6.21951
13.4046;-207.772;0.246487;0.0625785;-0.162175;-6.11377
22.23;-207.772;0.219207;0.0651528;-0.145456;-5.96285
31.0555;-207.772;0.178043;0.0689887;-0.122586;-5.75655
39.8809;-207.772;0.152058;0.0714526;-0.0969556;-5.52656
48.7064;-207.772;0.171894;0.0729632;-0.0730361;-5.29814
57.5318;-207.772;0.227036;0.0748122;-0.0512481;-5.05368
66.3573;-207.772;0.300329;0.0776918;-0.0278475;-4.76926
75.1828;-207.772;0.370197;0.0781717;-0.00614879;-4.45615
84.0082;-207.772;0.431398;0.0784174;0.00921016;-4.12193
92.8337;-207.772;0.490845;0.079024;0.0142439;-3.75
101.659;-207.772;0.534642;0.0805547;0.0129374;-3.34421
110.485;-207.772;0.567047;0.0794581;0.00935451;-2.87421
119.31;-207.772;0.574345;0.0734734;0.0093933;-2.3528
128.135;-207.772;0.574192;0.0644357;0.0104113;-1.80582
136.961;-207.772;0.578027;0.0527833;0.0176611;-1.24174
-83.6754;-216.598;-0.150553;0.0233235;-0.0452767;-2.79168
-74.85;-216.598;-0.0698529;0.0257279;-0.0500008;-3.22668
-66.0245;-216.598;-0.0211978;0.0289796;-0.0632867;-3.63211
-57.1991;-216.598;0.0016285;0.0293661;-0.0758398;-3.96582
-48.3736;-216.598;0.00145107;0.0282546;-0.0902789;-4.25618
-39.5482;-216.598;0.0199876;0.031157;-0.103593;-4.49269
-30.7227;-216.598;0.0559018;0.0358249;-0.118942;-4.68723
-21.8972;-216.598;0.0952491;0.0410673;-0.134093;-4.84203
-13.0718;-216.598;0.135929;0.0484819;-0.146311;-4.94941
-4.24634;-216.598;0.161466;0.055235;-0.15202;-4.99819
4.57912;-216.598;0.151133;0.055648;-0.151104;-4.98875
13.4046;-216.598;0.13946;0.0503189;-0.143013;-4.92922
22.23;-216.598;0.120239;0.0509733;-0.120793;-4.78785
31.0555;-216.598;0.0958551;0.0513057;-0.0888821;-4.58223
39.8809;-216.598;0.104025;0.0505632;-0.0567229;-4.37865
48.7064;-216.598;0.171168;0.0499671;-0.0280404;-4.20477
57.5318;-216.598;0.285476;0.051165;-0.00159907;-4.03005
66.3573;-216.598;0.389844;0.055678;0.0237476;-3.79407
75.1828;-216.598;0.473421;0.0591255;0.0412035;-3.51084
84.0082;-216.598;0.56478;0.0638099;0.0527543;-3.22899
92.8337;-216.598;0.660815;0.0640661;0.052896;-2.90029
101.659;-216.598;0.730768;0.0596254;0.0455892;-2.49936
110.485;-216.598;0.718139;0.0555546;0.034587;-2.00329
-83.6754;-225.423;-0.133148;0.0273327;-0.012745;-1.76894
-74.85;-225.423;-0.0454036;0.0292171;-0.0196164;-2.18243
-66.0245;-225.423;-0.0131855;0.0322034;-0.0330833;-2.55156
-57.1991;-225.423;-0.0169903;0.0317639;-0.0435509;-2.86063
-48.3736;-225.423;-0.03701;0.0296568;-0.0537531;-3.13462
-39.5482;-225.423;-0.0055027;0.0316404;-0.0660984;-3.37035
-30.7227;-225.423;0.0465333;0.0378378;-0.0809996;-3.56314
-21.8972;-225.423;0.0782624;0.0436342;-0.098282;-3.70714
-13.0718;-225.423;0.0952924;0.0485958;-0.11045;-3.80079
-4.24634;-225.423;0.0945464;0.0522367;-0.115943;-3.83992
4.57912;-225.423;0.0654043;0.0522852;-0.117485;-3.82439
13.4046;-225.423;0.0276722;0.0453877;-0.11271;-3.75808
22.23;-225.423;0.00210755;0.0416308;-0.0837748;-3.60417
31.0555;-225.423;0.00972294;0.0398177;-0.0460504;-3.42937
39.8809;-225.423;0.112327;0.0378347;-0.0109248;-3.30209
48.7064;-225.423;0.247565;0.0382454;0.020149;-3.207
57.5318;-225.423;0.436433;0.0391552;0.0483888;-3.10356
66.3573;-225.423;0.527002;0.0468474;0.0708821;-2.92657
75.1828;-225.423;0.606364;0.0539408;0.0790613;-2.66037
84.0082;-225.423;0.686016;0.0548548;0.0739481;-2.33659
92.8337;-225.423;0.711629;0.0543207;0.0685132;-1.96142
-39.5482;-234.249;0.0306207;0.0315633;-0.0271164;-2.29982
-30.7227;-234.249;0.0831289;0.0362419;-0.0447788;-2.49898
-21.8972;-234.249;0.0934164;0.0414937;-0.0630091;-2.63221
-13.0718;-234.249;0.0837572;0.0454876;-0.0731335;-2.70167
-4.24634;-234.249;0.0577434;0.0483536;-0.0770189;-2.72014
4.57912;-234.249;0.00689619;0.0477736;-0.0758865;-2.67664
13.4046;-234.249;-0.0793437;0.0401335;-0.0692013;-2.57281
22.23;-234.249;-0.0531941;0.0351405;-0.0369509;-2.46866
31.0555;-234.249;0.0867969;0.0352463;-0.000699783;-2.43714
39.8809;-234.249;0.350686;0.0338007;0.0301659;-2.42767
48.7064;-234.249;0.536908;0.0326737;0.050526;-2.34927
57.5318;-234.249;0.540877;0.0356892;0.0615062;-2.14492
66.3573;-234.249;0.400515;0.0445498;0.0634243;-1.8376
75.1828;-234.249;0.247771;0.0488815;0.0567199;-1.456
-4.24634;-243.074;0.085174;0.0469312;-0.0328983;-1.66789
4.57912;-243.074;0.0448187;0.0466438;-0.0338328;-1.64925
13.4046;-243.074;-0.0103361;0.0392279;-0.0279153;-1.58999
22.23;-243.074;0.19242;0.0362566;0.000810762;-1.62448
31.0555;-243.074;0.548206;0.0371774;0.0356412;-1.72142
