x[mm];y[mm];z[mm];x-displacement[mm];y-displacement[mm];z-displacement[mm]
-4.24634;224.675;0.375758;0.0428584;0.0744625;-2.17919
4.57912;224.675;0.279688;0.0495261;0.0747564;-2.1808
13.4046;224.675;0.244098;0.0560446;0.0729082;-2.15704
22.23;224.675;0.214277;0.057324;0.0642074;-2.08181
31.0555;224.675;0.169214;0.0568583;0.0588389;-1.96988
-39.5482;215.85;0.228536;0.0295075;0.0975486;-2.49814
-30.7227;215.85;0.132185;0.0315495;0.103997;-2.63395
-21.8972;215.85;0.00690536;0.0375597;0.0961673;-2.68292
-13.0718;215.85;-0.0678567;0.0507301;0.0913461;-2.80047
-4.24634;215.85;-0.0400073;0.0559174;0.0930706;-2.92317
4.57912;215.85;-0.0137488;0.0599814;0.101939;-3.01638
13.4046;215.85;0.00217642;0.0634183;0.10824;-3.04066
22.23;215.85;0.0324511;0.0633791;0.10598;-3.00993
31.0555;215.85;0.0670344;0.0649574;0.100242;-2.94566
39.8809;215.85;0.0771415;0.068002;0.0892825;-2.82508
48.7064;215.85;0.0358777;0.0704838;0.0775953;-2.65297
57.5318;215.85;-0.0227074;0.0722261;0.0667563;-2.42612
66.3573;215.85;-0.0863275;0.0712424;0.0654689;-2.16826
75.1828;215.85;-0.127406;0.068346;0.0633628;-1.88726
-74.85;207.024;0.59461;0.018415;0.0703382;-2.40943
-66.0245;207.024;0.486612;0.0274162;0.0794388;-2.71192
-57.1991;207.024;0.307945;0.0321637;0.0925905;-2.96293
-48.3736;207.024;0.233351;0.0304926;0.106616;-3.24953
-39.5482;207.024;0.145739;0.0313262;0.117211;-3.45239
-30.7227;207.024;-0.153578;0.0371266;0.130981;-3.4768
-21.8972;207.024;-0.444783;0.0428752;0.128854;-3.41
-13.0718;207.024;-0.518978;0.054077;0.121121;-3.49983
-4.24634;207.024;-0.398179;0.0618492;0.115754;-3.67565
4.57912;207.024;-0.29085;0.067521;0.127002;-3.84452
13.4046;207.024;-0.188586;0.0707538;0.137765;-3.94712
22.23;207.024;-0.0832845;0.0720041;0.138746;-3.9848
31.0555;207.024;0.00173202;0.074764;0.130287;-3.9505
39.8809;207.024;0.0396905;0.0802594;0.11473;-3.84098
48.7064;207.024;0.0246193;0.0844043;0.0987302;-3.67052
57.5318;207.024;-0.0306136;0.086858;0.0901495;-3.43806
66.3573;207.024;-0.0857333;0.0870678;0.0903211;-3.17496
75.1828;207.024;-0.119264;0.0845233;0.0896293;-2.88617
84.0082;207.024;-0.122125;0.0791463;0.0824419;-2.5675
92.8337;207.024;-0.102492;0.0744225;0.0651882;-2.20004
-110.152;198.199;0.893724;0.0195693;0.0421007;-1.667
-101.326;198.199;0.790244;0.0142821;0.0572164;-2.13278
-92.5009;198.199;0.684541;0.00537028;0.0726561;-2.60281
-83.6754;198.199;0.63034;-0.000838376;0.083665;-3.05469
-74.85;198.199;0.540479;0.00648499;0.0924319;-3.46359
-66.0245;198.199;0.373743;0.0226581;0.0993356;-3.75405
-57.1991;198.199;0.150043;0.0365573;0.113142;-3.97228
-48.3736;198.199;0.108936;0.0364304;0.122861;-4.23374
-39.5482;198.199;0.0654755;0.0378021;0.127738;-4.44927
-30.7227;198.199;-0.178439;0.0424561;0.14014;-4.50122
-21.8972;198.199;-0.383967;0.0450641;0.140943;-4.48492
-13.0718;198.199;-0.404249;0.0534564;0.133606;-4.59051
-4.24634;198.199;-0.259576;0.0613971;0.125355;-4.76504
4.57912;198.199;-0.149092;0.0672273;0.135306;-4.93184
13.4046;198.199;-0.0598719;0.0725454;0.147291;-5.03965
22.23;198.199;0.00467943;0.0781607;0.151372;-5.07139
31.0555;198.199;0.0444207;0.0835052;0.145278;-5.01718
39.8809;198.199;0.062254;0.0890687;0.131946;-4.89431
48.7064;198.199;0.0619776;0.0934627;0.118111;-4.72094
57.5318;198.199;0.0215814;0.0973766;0.109644;-4.48536
66.3573;198.199;-0.0206234;0.0995059;0.106799;-4.2113
75.1828;198.199;-0.044663;0.0984823;0.102987;-3.90849
84.0082;198.199;-0.0387745;0.0942326;0.0961249;-3.57303
92.8337;198.199;-0.0265803;0.088313;0.0834957;-3.19782
101.659;198.199;-0.010551;0.0820785;0.0681044;-2.77748
110.485;198.199;0.0169507;0.0732406;0.0509699;-2.33189
-110.152;189.373;0.930837;0.00606769;0.0516188;-2.59803
-101.326;189.373;0.892086;0.000921749;0.0619928;-3.11897
-92.5009;189.373;0.791371;-0.00847494;0.0777663;-3.61162
-83.6754;189.373;0.655952;-0.0169439;0.0976962;-4.06474
-74.85;189.373;0.473169;-0.00814136;0.111684;-4.43958
-66.0245;189.373;0.255245;0.016253;0.122255;-4.74459
-57.1991;189.373;0.0654671;0.0353366;0.124784;-4.93357
-48.3736;189.373;0.000737889;0.0359162;0.132637;-5.18333
-39.5482;189.373;0.0191545;0.0381033;0.132837;-5.47068
-30.7227;189.373;-0.0364448;0.0435503;0.139196;-5.6806
-21.8972;189.373;-0.082711;0.0499885;0.140766;-5.81517
-13.0718;189.373;-0.0487373;0.0595013;0.136347;-5.95981
-4.24634;189.373;0.0601943;0.0679814;0.131273;-6.10704
4.57912;189.373;0.120273;0.0729142;0.140057;-6.21669
13.4046;189.373;0.149755;0.0777192;0.14952;-6.24551
22.23;189.373;0.152561;0.0841247;0.154533;-6.21037
31.0555;189.373;0.146051;0.0899988;0.152222;-6.11899
39.8809;189.373;0.144224;0.0947541;0.144131;-5.9819
48.7064;189.373;0.148461;0.0990803;0.134115;-5.79918
57.5318;189.373;0.119586;0.104134;0.125787;-5.551
66.3573;189.373;0.0844441;0.107341;0.118201;-5.25939
75.1828;189.373;0.0629578;0.107609;0.110932;-4.93974
84.0082;189.373;0.0600902;0.104929;0.1032;-4.59168
92.8337;189.373;0.0644549;0.100552;0.093481;-4.20314
101.659;189.373;0.0664289;0.0949743;0.0804793;-3.76576
110.485;189.373;0.0848117;0.0876597;0.065301;-3.28513
119.31;189.373;0.124769;0.07791;0.0469084;-2.79443
128.135;189.373;0.179572;0.0672197;0.0290509;-2.28324
136.961;189.373;0.201108;0.0508464;0.00627994;-1.70049
-127.803;180.548;1.05846;0.00484579;0.026979;-2.34918
-118.977;180.548;0.997956;-0.00681875;0.0457698;-2.92844
-110.152;180.548;0.970836;-0.0137086;0.0597514;-3.49462
-101.326;180.548;0.96254;-0.021981;0.068171;-4.02134
-92.5009;180.548;0.807726;-0.0318899;0.0910709;-4.4875
-83.6754;180.548;0.539784;-0.0409548;0.124858;-4.87632
-74.85;180.548;0.348888;-0.0272911;0.142148;-5.28652
-66.0245;180.548;0.265878;0.00561513;0.138676;-5.73039
-57.1991;180.548;0.201836;0.0292253;0.125472;-6.00935
-48.3736;180.548;0.0658138;0.0308708;0.135823;-6.26266
-39.5482;180.548;0.0982304;0.0300542;0.136818;-6.54537
-30.7227;180.548;0.155431;0.0345792;0.138684;-6.8217
-21.8972;180.548;0.209804;0.0426536;0.139307;-7.03004
-13.0718;180.548;0.26204;0.0527604;0.13855;-7.19091
-4.24634;180.548;0.305143;0.0613853;0.139433;-7.30769
4.57912;180.548;0.300953;0.0668463;0.148203;-7.36752
13.4046;180.548;0.280497;0.0751696;0.156188;-7.35279
22.23;180.548;0.257491;0.0841292;0.160677;-7.28851
31.0555;180.548;0.245243;0.0915717;0.161022;-7.19167
39.8809;180.548;0.246722;0.0973944;0.157339;-7.05931
48.7064;180.548;0.251238;0.10301;0.15034;-6.87152
57.5318;180.548;0.224418;0.10887;0.142839;-6.61295
66.3573;180.548;0.193296;0.112383;0.133616;-6.31293
75.1828;180.548;0.177118;0.113861;0.125294;-5.98485
84.0082;180.548;0.172933;0.11363;0.118108;-5.6211
92.8337;180.548;0.161004;0.112128;0.110201;-5.2052
101.659;180.548;0.133258;0.108979;0.0988226;-4.73065
110.485;180.548;0.128493;0.100784;0.083126;-4.22178
119.31;180.548;0.152883;0.0906031;0.0646186;-3.69904
128.135;180.548;0.207737;0.0816602;0.0449914;-3.16837
136.961;180.548;0.270701;0.0709628;0.0243223;-2.6192
145.786;180.548;0.262011;0.0569861;0.00111482;-1.98714
154.612;180.548;0.195857;0.0348381;-0.0242404;-1.26645
-136.628;171.722;1.14351;-0.00864696;0.0298202;-2.59337
-127.803;171.722;1.06686;-0.0183658;0.0473918;-3.20498
-118.977;171.722;0.968487;-0.0300548;0.0684166;-3.80863
-110.152;171.722;0.91058;-0.0406725;0.0840441;-4.39172
-101.326;171.722;0.8803;-0.0499659;0.0926487;-4.92168
-92.5009;171.722;0.628931;-0.0628606;0.126251;-5.35334
-83.6754;171.722;0.300046;-0.0705859;0.170468;-5.74272
-74.85;171.722;0.291085;-0.0503563;0.175778;-6.21628
-66.0245;171.722;0.460908;-0.0104251;0.14754;-6.7723
-57.1991;171.722;0.522507;0.0175789;0.122256;-7.15041
-48.3736;171.722;0.364773;0.0217753;0.134302;-7.41513
-39.5482;171.722;0.305224;0.0242094;0.148524;-7.66804
-30.7227;171.722;0.324616;0.0295107;0.158698;-7.93121
-21.8972;171.722;0.359439;0.0377348;0.162677;-8.13338
-13.0718;171.722;0.375868;0.0474415;0.16478;-8.27399
-4.24634;171.722;0.361798;0.0563633;0.168451;-8.35941
4.57912;171.722;0.320094;0.0639055;0.174054;-8.39096
13.4046;171.722;0.294483;0.0743657;0.178818;-8.3697
22.23;171.722;0.285953;0.0854984;0.182847;-8.31544
31.0555;171.722;0.301115;0.0950022;0.18354;-8.23561
39.8809;171.722;0.327054;0.103062;0.179894;-8.1157
48.7064;171.722;0.33724;0.110619;0.173211;-7.92827
57.5318;171.722;0.313679;0.116507;0.165309;-7.66611
66.3573;171.722;0.294204;0.119872;0.156158;-7.36951
75.1828;171.722;0.291278;0.122622;0.146948;-7.03823
84.0082;171.722;0.287603;0.124726;0.139038;-6.65429
92.8337;171.722;0.25443;0.125149;0.132455;-6.20065
101.659;171.722;0.190846;0.124122;0.12289;-5.68685
110.485;171.722;0.172383;0.117935;0.105681;-5.15927
119.31;171.722;0.185627;0.109427;0.085678;-4.61911
128.135;171.722;0.211511;0.09981;0.0661094;-4.05698
136.961;171.722;0.236322;0.0894519;0.0459688;-3.46562
145.786;171.722;0.31376;0.0730725;0.0229167;-2.85775
154.612;171.722;0.23832;0.0596266;0.00352875;-2.15204
163.437;171.722;0.0883176;0.0463395;-0.00763574;-1.41402
-145.454;162.897;1.15461;-0.0150246;0.0329247;-2.72876
-136.628;162.897;1.13588;-0.0255143;0.0487879;-3.39703
-127.803;162.897;1.0774;-0.0340857;0.067837;-4.05251
-118.977;162.897;0.980421;-0.0456067;0.0878566;-4.66448
-110.152;162.897;0.914287;-0.0570876;0.102278;-5.25799
-101.326;162.897;0.871911;-0.0673926;0.109726;-5.79714
-92.5009;162.897;0.650106;-0.079897;0.13982;-6.27723
-83.6754;162.897;0.420197;-0.0824847;0.172411;-6.72169
-74.85;162.897;0.58986;-0.0564718;0.16458;-7.25841
-66.0245;162.897;0.807345;-0.0167003;0.13077;-7.81829
-57.1991;162.897;0.779558;0.0111332;0.115034;-8.23257
-48.3736;162.897;0.601513;0.0182576;0.134217;-8.4969
-39.5482;162.897;0.529642;0.0230201;0.157114;-8.74299
-30.7227;162.897;0.517672;0.0278077;0.177364;-8.9912
-21.8972;162.897;0.500015;0.0363532;0.188416;-9.17843
-13.0718;162.897;0.463971;0.0471734;0.194009;-9.30025
-4.24634;162.897;0.419105;0.0577862;0.198434;-9.3694
4.57912;162.897;0.379074;0.06753;0.201313;-9.39959
13.4046;162.897;0.364858;0.0790537;0.203776;-9.39006
22.23;162.897;0.363894;0.0899289;0.208523;-9.35143
31.0555;162.897;0.384962;0.0999354;0.210506;-9.2813
39.8809;162.897;0.419324;0.109637;0.207023;-9.16498
48.7064;162.897;0.442699;0.118469;0.201095;-8.9785
57.5318;162.897;0.421008;0.124198;0.192283;-8.70652
66.3573;162.897;0.389526;0.128388;0.180999;-8.38918
75.1828;162.897;0.377531;0.132724;0.169268;-8.0361
84.0082;162.897;0.368036;0.136614;0.159696;-7.63282
92.8337;162.897;0.330358;0.137468;0.153075;-7.16035
101.659;162.897;0.260863;0.136532;0.14628;-6.63783
110.485;162.897;0.26187;0.132073;0.12764;-6.1208
119.31;162.897;0.299042;0.125321;0.10393;-5.58629
128.135;162.897;0.344955;0.115705;0.0803723;-5.01556
136.961;162.897;0.382717;0.102611;0.0572801;-4.40211
145.786;162.897;0.416761;0.0860289;0.0333031;-3.75737
154.612;162.897;0.332867;0.0734116;0.0178838;-3.02694
163.437;162.897;0.230206;0.0625564;0.0149541;-2.28399
-163.105;154.071;1.20252;0.00768686;0.0150393;-1.99497
-154.279;154.071;1.13906;-0.0123112;0.0326793;-2.74937
-145.454;154.071;1.11547;-0.0279739;0.0493946;-3.484
-136.628;154.071;1.12115;-0.0352641;0.0633148;-4.19029
-127.803;154.071;1.08164;-0.043606;0.0819231;-4.86974
-118.977;154.071;1.01224;-0.0545019;0.0996052;-5.5087
-110.152;154.071;0.97436;-0.0658409;0.110998;-6.11937
-101.326;154.071;0.972763;-0.0744933;0.115071;-6.70364
-92.5009;154.071;0.860946;-0.0804146;0.130839;-7.25658
-83.6754;154.071;0.790592;-0.0747112;0.144049;-7.76507
-74.85;154.071;0.89014;-0.0483178;0.139433;-8.34462
-66.0245;154.071;0.954122;-0.0173446;0.122013;-8.83997
-57.1991;154.071;0.857777;0.00391553;0.119917;-9.20986
-48.3736;154.071;0.692038;0.012222;0.140839;-9.46845
-39.5482;154.071;0.652509;0.0191401;0.166185;-9.73369
-30.7227;154.071;0.644239;0.0251361;0.189759;-9.98409
-21.8972;154.071;0.627721;0.0356559;0.203163;-10.1725
-13.0718;154.071;0.58993;0.047287;0.211374;-10.3
-4.24634;154.071;0.53875;0.0576392;0.219489;-10.3792
4.57912;154.071;0.495007;0.0682949;0.224474;-10.4211
13.4046;154.071;0.479858;0.080435;0.227382;-10.4181
22.23;154.071;0.456536;0.0920951;0.23283;-10.3743
31.0555;154.071;0.446423;0.104092;0.235463;-10.2867
39.8809;154.071;0.455528;0.116472;0.231706;-10.1517
48.7064;154.071;0.466134;0.127133;0.226942;-9.95124
57.5318;154.071;0.427753;0.133726;0.220161;-9.66114
66.3573;154.071;0.381533;0.138903;0.209477;-9.32547
75.1828;154.071;0.375794;0.143677;0.195512;-8.96519
84.0082;154.071;0.389735;0.147955;0.18165;-8.56581
92.8337;154.071;0.385538;0.148424;0.170629;-8.09939
101.659;154.071;0.349303;0.146043;0.163047;-7.58007
110.485;154.071;0.367342;0.141373;0.145214;-7.06113
119.31;154.071;0.416055;0.135532;0.121275;-6.51974
128.135;154.071;0.460767;0.126203;0.0955481;-5.93009
136.961;154.071;0.471651;0.112563;0.0706248;-5.284
145.786;154.071;0.468605;0.096794;0.0463489;-4.60577
154.612;154.071;0.397623;0.0841026;0.0301622;-3.87842
163.437;154.071;0.311385;0.072974;0.0247503;-3.10456
172.263;154.071;0.253158;0.060616;0.0242346;-2.33539
181.088;154.071;0.265392;0.0454093;0.0239693;-1.52744
-171.93;145.246;1.12975;0.0165247;0.0103429;-1.8897
-163.105;145.246;1.1641;-0.00219358;0.0250571;-2.68799
-154.279;145.246;1.11817;-0.0213198;0.0418465;-3.46804
-145.454;145.246;1.09692;-0.0359946;0.0586213;-4.22645
-136.628;145.246;1.09647;-0.0459765;0.0748781;-4.96147
-127.803;145.246;1.06622;-0.0552445;0.0919943;-5.66801
-118.977;145.246;1.0209;-0.0657296;0.106541;-6.32938
-110.152;145.246;0.999578;-0.0762631;0.115959;-6.96651
-101.326;145.246;1.01174;-0.0822679;0.119634;-7.59209
-92.5009;145.246;0.99025;-0.0807998;0.125842;-8.19625
-83.6754;145.246;0.99117;-0.0693348;0.131231;-8.75229
-74.85;145.246;1.00651;-0.0492226;0.128112;-9.27376
-66.0245;145.246;0.966159;-0.0284913;0.123985;-9.72579
-57.1991;145.246;0.852637;-0.0125749;0.130212;-10.0847
-48.3736;145.246;0.72729;-0.00248478;0.148808;-10.3552
-39.5482;145.246;0.702204;0.00746925;0.173392;-10.6499
-30.7227;145.246;0.69207;0.016537;0.196234;-10.9097
-21.8972;145.246;0.674958;0.0307107;0.209483;-11.1055
-13.0718;145.246;0.632476;0.0449769;0.220276;-11.2462
-4.24634;145.246;0.57001;0.056631;0.234244;-11.3383
4.57912;145.246;0.513373;0.0679811;0.244299;-11.3841
13.4046;145.246;0.489802;0.0812259;0.24905;-11.3773
22.23;145.246;0.459978;0.0945498;0.252887;-11.322
31.0555;145.246;0.436727;0.10865;0.253573;-11.2155
39.8809;145.246;0.426509;0.123068;0.248875;-11.0611
48.7064;145.246;0.420906;0.134882;0.245283;-10.8465
57.5318;145.246;0.390984;0.141929;0.242403;-10.5581
66.3573;145.246;0.366716;0.148623;0.234704;-10.2288
75.1828;145.246;0.38773;0.154644;0.220738;-9.88172
84.0082;145.246;0.431634;0.159557;0.20353;-9.49943
92.8337;145.246;0.465293;0.159511;0.187838;-9.04904
101.659;145.246;0.471788;0.156183;0.177696;-8.5413
110.485;145.246;0.488642;0.152367;0.161694;-8.0056
119.31;145.246;0.512269;0.148581;0.14013;-7.43281
128.135;145.246;0.525369;0.140549;0.114754;-6.80824
136.961;145.246;0.514664;0.126005;0.0886224;-6.13112
145.786;145.246;0.494587;0.109913;0.0633502;-5.42851
154.612;145.246;0.443393;0.0968803;0.0436059;-4.69066
163.437;145.246;0.374303;0.0833844;0.0326476;-3.91484
172.263;145.246;0.309826;0.0692078;0.0242337;-3.09713
181.088;145.246;0.303764;0.053595;0.0217863;-2.29551
189.914;145.246;0.257625;0.0339116;0.0133154;-1.41285
-171.93;136.421;1.1272;0.0094773;0.0205229;-2.54744
-163.105;136.421;1.13201;-0.0094431;0.0329456;-3.37731
-154.279;136.421;1.10889;-0.0280379;0.049427;-4.17158
-145.454;136.421;1.0897;-0.0439801;0.0666184;-4.94814
-136.628;136.421;1.06611;-0.0577228;0.0831566;-5.70284
-127.803;136.421;1.03453;-0.0682541;0.0978259;-6.42364
-118.977;136.421;1.00021;-0.0775243;0.108961;-7.10007
-110.152;136.421;0.976495;-0.0860203;0.116936;-7.75181
-101.326;136.421;0.973718;-0.0899684;0.122246;-8.38767
-92.5009;136.421;0.979882;-0.0846467;0.126862;-8.9922
-83.6754;136.421;0.971124;-0.0724544;0.133876;-9.5474
-74.85;136.421;0.960534;-0.0582713;0.134741;-10.0642
-66.0245;136.421;0.908822;-0.0448439;0.137234;-10.5229
-57.1991;136.421;0.818984;-0.0318133;0.147042;-10.9102
-48.3736;136.421;0.735081;-0.0186641;0.164415;-11.2294
-39.5482;136.421;0.699776;-0.00641513;0.186774;-11.5367
-30.7227;136.421;0.670017;0.00581775;0.20747;-11.797
-21.8972;136.421;0.632726;0.0230922;0.220576;-11.9868
-13.0718;136.421;0.570894;0.0397231;0.232882;-12.1209
-4.24634;136.421;0.492476;0.0531692;0.249338;-12.2081
4.57912;136.421;0.426974;0.0655036;0.263349;-12.2495
13.4046;136.421;0.408886;0.0813705;0.269148;-12.2514
22.23;136.421;0.403583;0.0981507;0.269691;-12.2086
31.0555;136.421;0.398919;0.114902;0.266507;-12.106
39.8809;136.421;0.388089;0.130888;0.259283;-11.9448
48.7064;136.421;0.371371;0.144174;0.254734;-11.7239
57.5318;136.421;0.35706;0.153582;0.253827;-11.4491
66.3573;136.421;0.363845;0.163304;0.248953;-11.1309
75.1828;136.421;0.389822;0.17231;0.237233;-10.781
84.0082;136.421;0.420866;0.178716;0.2204;-10.3823
92.8337;136.421;0.450837;0.178203;0.203219;-9.91643
101.659;136.421;0.486847;0.174476;0.190964;-9.41641
110.485;136.421;0.498685;0.172152;0.175347;-8.86397
119.31;136.421;0.494235;0.169625;0.155378;-8.2568
128.135;136.421;0.489489;0.1614;0.130953;-7.60517
136.961;136.421;0.490531;0.14533;0.104167;-6.91951
145.786;136.421;0.47703;0.128636;0.0781925;-6.206
154.612;136.421;0.443659;0.114549;0.0557497;-5.45344
163.437;136.421;0.383422;0.100314;0.0401553;-4.65611
172.263;136.421;0.319043;0.0823644;0.0266847;-3.82584
181.088;136.421;0.290374;0.0608511;0.0147803;-2.99263
189.914;136.421;0.275553;0.0441706;0.0106056;-2.12005
-180.755;127.595;1.15316;0.0277437;0.0170148;-2.32501
-171.93;127.595;1.12186;0.00570937;0.0275899;-3.17628
-163.105;127.595;1.08813;-0.0192041;0.0459941;-4.03692
-154.279;127.595;1.07622;-0.0376783;0.0615895;-4.85345
-145.454;127.595;1.05949;-0.0549674;0.07806;-5.65161
-136.628;127.595;1.02683;-0.0701819;0.094171;-6.42481
-127.803;127.595;0.996568;-0.0800951;0.10621;-7.15955
-118.977;127.595;0.965194;-0.086731;0.114011;-7.85457
-110.152;127.595;0.938294;-0.0919044;0.120341;-8.52387
-101.326;127.595;0.926748;-0.093757;0.127505;-9.1695
-92.5009;127.595;0.912986;-0.0873656;0.136201;-9.77557
-83.6754;127.595;0.881609;-0.0761066;0.144745;-10.3269
-74.85;127.595;0.858373;-0.0653757;0.148332;-10.8435
-66.0245;127.595;0.820977;-0.0558311;0.155588;-11.3147
-57.1991;127.595;0.76378;-0.0449187;0.170152;-11.7275
-48.3736;127.595;0.702799;-0.031382;0.189973;-12.0801
-39.5482;127.595;0.660219;-0.0174471;0.209963;-12.4066
-30.7227;127.595;0.610662;-0.00167071;0.229221;-12.6821
-21.8972;127.595;0.553821;0.0191751;0.2427;-12.8806
-13.0718;127.595;0.477661;0.0386472;0.254512;-13.0137
-4.24634;127.595;0.395245;0.0543645;0.270133;-13.0955
4.57912;127.595;0.339587;0.0690417;0.284631;-13.1412
13.4046;127.595;0.347598;0.0865102;0.289362;-13.1521
22.23;127.595;0.371056;0.10539;0.286213;-13.1205
31.0555;127.595;0.389171;0.12399;0.27855;-13.0251
39.8809;127.595;0.38246;0.140409;0.267595;-12.8522
48.7064;127.595;0.348047;0.155202;0.260175;-12.6098
57.5318;127.595;0.304717;0.16837;0.256712;-12.3056
66.3573;127.595;0.293317;0.180638;0.251963;-11.9528
75.1828;127.595;0.271681;0.1916;0.242311;-11.5458
84.0082;127.595;0.21958;0.198572;0.228492;-11.0589
92.8337;127.595;0.172103;0.199367;0.214289;-10.5201
101.659;127.595;0.20512;0.19608;0.201181;-10.008
110.485;127.595;0.236273;0.194001;0.184023;-9.46119
119.31;127.595;0.257112;0.190699;0.162887;-8.86189
128.135;127.595;0.297355;0.180798;0.138036;-8.23291
136.961;127.595;0.355407;0.165024;0.111394;-7.58333
145.786;127.595;0.367758;0.150412;0.0869536;-6.87799
154.612;127.595;0.339977;0.136569;0.0648718;-6.10987
163.437;127.595;0.29198;0.12123;0.048126;-5.30151
172.263;127.595;0.250485;0.101193;0.0315773;-4.46742
181.088;127.595;0.236302;0.0780238;0.0172115;-3.6257
189.914;127.595;0.200733;0.0600586;0.0132461;-2.75772
198.739;127.595;0.158688;0.0416069;0.00593466;-1.82629
207.565;127.595;0.395024;0.0170451;-0.0123011;-0.867441
-189.581;118.77;1.1177;0.0365122;0.0173474;-2.03889
-180.755;118.77;1.09406;0.0191602;0.0263058;-2.90945
-171.93;118.77;1.07296;-0.00631161;0.0447256;-3.80524
-163.105;118.77;1.03285;-0.0311461;0.0631567;-4.66941
-154.279;118.77;1.02052;-0.0507051;0.0789071;-5.5125
-145.454;118.77;1.01285;-0.0669284;0.0935274;-6.33242
-136.628;118.77;0.984;-0.0817729;0.108788;-7.12742
-127.803;118.77;0.957453;-0.0905526;0.118417;-7.87996
-118.977;118.77;0.929682;-0.0959854;0.123663;-8.59946
-110.152;118.77;0.912249;-0.0993205;0.128462;-9.29318
-101.326;118.77;0.912634;-0.0986722;0.135446;-9.95104
-92.5009;118.77;0.882581;-0.0924055;0.146562;-10.5617
-83.6754;118.77;0.814427;-0.0836105;0.156953;-11.12
-74.85;118.77;0.763848;-0.0742851;0.163675;-11.6395
-66.0245;118.77;0.720896;-0.0654448;0.175773;-12.1196
-57.1991;118.77;0.6755;-0.0547872;0.195004;-12.5506
-48.3736;118.77;0.631181;-0.0413791;0.216691;-12.9287
-39.5482;118.77;0.602716;-0.0274505;0.234913;-13.2775
-30.7227;118.77;0.572688;-0.00998408;0.251144;-13.5745
-21.8972;118.77;0.530896;0.0129466;0.262473;-13.7957
-13.0718;118.77;0.466832;0.0339664;0.271779;-13.9488
-4.24634;118.77;0.403245;0.0501809;0.284664;-14.0478
4.57912;118.77;0.370627;0.0652589;0.298138;-14.1094
13.4046;118.77;0.374062;0.0844835;0.303134;-14.1147
22.23;118.77;0.36351;0.106292;0.299299;-14.0552
31.0555;118.77;0.345104;0.126842;0.289488;-13.9232
39.8809;118.77;0.30355;0.146195;0.277251;-13.7141
48.7064;118.77;0.212627;0.163536;0.268103;-13.3993
57.5318;118.77;0.0569061;0.182426;0.261861;-12.9839
66.3573;118.77;-0.0638853;0.198113;0.255134;-12.5356
75.1828;118.77;-0.112906;0.208439;0.242416;-12.0857
84.0082;118.77;-0.248958;0.220368;0.227054;-11.5289
92.8337;118.77;-0.43769;0.221866;0.211119;-10.8473
101.659;118.77;-0.480699;0.221149;0.19501;-10.2464
110.485;118.77;-0.40146;0.21823;0.179365;-9.72316
119.31;118.77;-0.283466;0.213553;0.161651;-9.20077
128.135;118.77;-0.128544;0.201787;0.14014;-8.6571
136.961;118.77;0.0234528;0.18745;0.114719;-8.07288
145.786;118.77;0.0739788;0.174997;0.091731;-7.37804
154.612;118.77;0.0753081;0.161971;0.0700905;-6.61427
163.437;118.77;0.0755436;0.145326;0.0530071;-5.82402
172.263;118.77;0.0921696;0.12538;0.0372387;-5.02221
181.088;118.77;0.121932;0.103378;0.0235983;-4.20451
189.914;118.77;0.119876;0.0818237;0.0147261;-3.33764
198.739;118.77;0.109778;0.0613058;0.0101459;-2.41978
207.565;118.77;0.316742;0.0339248;-0.00165332;-1.48125
-189.581;109.944;1.03243;0.0166234;0.0285978;-2.59069
-180.755;109.944;0.999407;0.00306462;0.0417002;-3.47487
-171.93;109.944;0.996469;-0.0168672;0.0597956;-4.37992
-163.105;109.944;0.967239;-0.0404331;0.0764765;-5.26994
-154.279;109.944;0.957578;-0.0601904;0.0906989;-6.14189
-145.454;109.944;0.960721;-0.0754735;0.104404;-6.9874
-136.628;109.944;0.94335;-0.0914764;0.120152;-7.80899
-127.803;109.944;0.909488;-0.104065;0.13063;-8.58696
-118.977;109.944;0.87243;-0.113493;0.137081;-9.33735
-110.152;109.944;0.854059;-0.118072;0.142659;-10.0608
-101.326;109.944;0.853912;-0.115736;0.149694;-10.7389
-92.5009;109.944;0.819751;-0.108051;0.160134;-11.3564
-83.6754;109.944;0.757376;-0.100554;0.168388;-11.9315
-74.85;109.944;0.706286;-0.0928505;0.174644;-12.4693
-66.0245;109.944;0.658474;-0.0843089;0.18766;-12.966
-57.1991;109.944;0.619952;-0.0730835;0.209078;-13.4133
-48.3736;109.944;0.595885;-0.0589465;0.23277;-13.8124
-39.5482;109.944;0.576766;-0.043746;0.251124;-14.1766
-30.7227;109.944;0.550944;-0.0243101;0.265656;-14.4881
-21.8972;109.944;0.514533;0.000644784;0.275266;-14.7276
-13.0718;109.944;0.461198;0.023249;0.28315;-14.9031
-4.24634;109.944;0.411489;0.0412657;0.294045;-15.0223
4.57912;109.944;0.383619;0.058674;0.305982;-15.092
13.4046;109.944;0.367311;0.0798199;0.311938;-15.0877
22.23;109.944;0.326019;0.101186;0.309981;-15.0057
31.0555;109.944;0.278331;0.119046;0.300925;-14.8463
39.8809;109.944;0.210469;0.142774;0.287678;-14.6152
48.7064;109.944;0.104359;0.172775;0.276221;-14.2853
57.5318;109.944;-0.0354433;0.203988;0.266923;-13.8641
66.3573;109.944;-0.095118;0.221716;0.259415;-13.4525
75.1828;109.944;-0.0761973;0.230973;0.240653;-13.0585
84.0082;109.944;-0.205945;0.244871;0.213427;-12.4981
92.8337;109.944;-0.454149;0.246537;0.19544;-11.7291
101.659;109.944;-0.62332;0.245968;0.180718;-10.9943
110.485;109.944;-0.607741;0.242007;0.16679;-10.3832
119.31;109.944;-0.510044;0.237246;0.152007;-9.82494
128.135;109.944;-0.349533;0.225512;0.135255;-9.26717
136.961;109.944;-0.175447;0.211779;0.114322;-8.68056
145.786;109.944;-0.0669494;0.199519;0.0973353;-8.01116
154.612;109.944;-0.01631;0.187158;0.0785116;-7.26735
163.437;109.944;0.0320889;0.169543;0.0607288;-6.48498
172.263;109.944;0.0823051;0.149151;0.0454378;-5.68027
181.088;109.944;0.125678;0.128023;0.0332316;-4.85243
189.914;109.944;0.154805;0.105242;0.0228785;-3.98014
198.739;109.944;0.163803;0.0794771;0.0169494;-3.07523
207.565;109.944;0.290216;0.0506821;0.00331246;-2.1083
-198.406;101.119;1.147;0.0269864;0.0170603;-2.24534
-189.581;101.119;1.04388;0.00963476;0.0320624;-3.14291
-180.755;101.119;0.983041;-0.00674461;0.0486501;-4.05015
-171.93;101.119;0.964203;-0.0261513;0.0637957;-4.95983
-163.105;101.119;0.938417;-0.0487127;0.0772998;-5.87068
-154.279;101.119;0.926309;-0.0683552;0.0902531;-6.76384
-145.454;101.119;0.917144;-0.0850595;0.103831;-7.62838
-136.628;101.119;0.881806;-0.103686;0.119179;-8.46672
-127.803;101.119;0.821768;-0.119779;0.129624;-9.25868
-118.977;101.119;0.766645;-0.133225;0.137238;-10.0304
-110.152;101.119;0.74933;-0.140425;0.145433;-10.7817
-101.326;101.119;0.76738;-0.138237;0.155678;-11.4933
-92.5009;101.119;0.76512;-0.129397;0.166986;-12.1426
-83.6754;101.119;0.744013;-0.120416;0.171958;-12.7482
-74.85;101.119;0.701561;-0.112984;0.177729;-13.3164
-66.0245;101.119;0.647384;-0.104827;0.191379;-13.8385
-57.1991;101.119;0.592339;-0.0934791;0.214702;-14.304
-48.3736;101.119;0.549457;-0.0781361;0.241402;-14.7154
-39.5482;101.119;0.527716;-0.0595515;0.261194;-15.087
-30.7227;101.119;0.511535;-0.037775;0.275312;-15.4092
-21.8972;101.119;0.489405;-0.011954;0.28481;-15.664
-13.0718;101.119;0.459138;0.0115634;0.293161;-15.8585
-4.24634;101.119;0.43005;0.0318518;0.303952;-15.9975
4.57912;101.119;0.408029;0.0516582;0.31461;-16.0768
13.4046;101.119;0.385235;0.0732805;0.3203;-16.0745
22.23;101.119;0.339027;0.0930277;0.319522;-15.988
31.0555;101.119;0.281757;0.108877;0.312071;-15.8224
39.8809;101.119;0.216035;0.139503;0.297326;-15.599
48.7064;101.119;0.170724;0.185927;0.281711;-15.3335
57.5318;101.119;0.187875;0.231614;0.268708;-15.0393
66.3573;101.119;0.30281;0.252771;0.260842;-14.7681
75.1828;101.119;0.377268;0.263244;0.236044;-14.4116
84.0082;101.119;0.275398;0.273736;0.202041;-13.833
92.8337;101.119;0.0372399;0.276413;0.181717;-13.0491
101.659;101.119;-0.198252;0.277677;0.167471;-12.2473
110.485;101.119;-0.251137;0.272519;0.152825;-11.5517
119.31;101.119;-0.217901;0.267455;0.13832;-10.9053
128.135;101.119;-0.134608;0.259372;0.125663;-10.2596
136.961;101.119;-0.0351562;0.246163;0.110953;-9.58105
145.786;101.119;0.0491776;0.232327;0.0999297;-8.86565
154.612;101.119;0.0974265;0.218442;0.0852967;-8.09138
163.437;101.119;0.145832;0.199946;0.0680194;-7.27453
172.263;101.119;0.175609;0.180008;0.0516833;-6.42385
181.088;101.119;0.177583;0.160416;0.0377156;-5.54378
189.914;101.119;0.176825;0.135838;0.0234502;-4.62582
198.739;101.119;0.221702;0.102903;0.0136656;-3.69243
207.565;101.119;0.282995;0.0700287;0.00294129;-2.7021
-198.406;92.2933;1.18437;0.0330885;0.0115278;-2.77252
-189.581;92.2933;1.07497;0.0160488;0.0267231;-3.69215
-180.755;92.2933;0.998286;-0.0103627;0.0475915;-4.61489
-171.93;92.2933;0.968392;-0.0345079;0.0627074;-5.53892
-163.105;92.2933;0.945304;-0.0570787;0.0739061;-6.46347
-154.279;92.2933;0.914747;-0.0775;0.0876632;-7.36827
-145.454;92.2933;0.871873;-0.0966465;0.102606;-8.24702
-136.628;92.2933;0.808397;-0.117104;0.116306;-9.09982
-127.803;92.2933;0.736524;-0.134749;0.124147;-9.91044
-118.977;92.2933;0.687129;-0.150215;0.132928;-10.7098
-110.152;92.2933;0.680305;-0.159295;0.144539;-11.4915
-101.326;92.2933;0.707287;-0.157998;0.158337;-12.2382
-92.5009;92.2933;0.729098;-0.148189;0.171263;-12.9293
-83.6754;92.2933;0.727188;-0.136804;0.17771;-13.5715
-74.85;92.2933;0.698585;-0.128015;0.186391;-14.1709
-66.0245;92.2933;0.649578;-0.119137;0.201286;-14.7147
-57.1991;92.2933;0.584156;-0.107251;0.223824;-15.1896
-48.3736;92.2933;0.523727;-0.090387;0.249244;-15.6136
-39.5482;92.2933;0.499115;-0.0690922;0.269666;-16.003
-30.7227;92.2933;0.497649;-0.0456981;0.285427;-16.3528
-21.8972;92.2933;0.489067;-0.0192026;0.298009;-16.6351
-13.0718;92.2933;0.473797;0.00571057;0.308728;-16.8491
-4.24634;92.2933;0.45855;0.0280406;0.321055;-17.004
4.57912;92.2933;0.44347;0.0493971;0.330969;-17.0905
13.4046;92.2933;0.419474;0.0719842;0.333195;-17.0859
22.23;92.2933;0.379548;0.0923022;0.328436;-16.9915
31.0555;92.2933;0.32535;0.111902;0.320333;-16.8265
39.8809;92.2933;0.261383;0.153474;0.302329;-16.6106
48.7064;92.2933;0.258426;0.212995;0.278357;-16.389
57.5318;92.2933;0.387234;0.267281;0.256108;-16.1922
66.3573;92.2933;0.623477;0.290741;0.242649;-16.0179
75.1828;92.2933;0.720206;0.301268;0.216006;-15.6468
84.0082;92.2933;0.663598;0.305534;0.188083;-15.0534
92.8337;92.2933;0.501468;0.307814;0.170401;-14.3189
101.659;92.2933;0.323976;0.308607;0.156495;-13.5468
110.485;92.2933;0.264703;0.302903;0.139557;-12.8209
119.31;92.2933;0.246117;0.297847;0.123911;-12.097
128.135;92.2933;0.243546;0.291878;0.113395;-11.3498
136.961;92.2933;0.25272;0.279101;0.10198;-10.5662
145.786;92.2933;0.275921;0.263561;0.0934371;-9.77198
154.612;92.2933;0.295945;0.248201;0.0830599;-8.94611
163.437;92.2933;0.311817;0.230226;0.0689899;-8.07552
172.263;92.2933;0.279589;0.210553;0.0541277;-7.15159
181.088;92.2933;0.204867;0.189302;0.0406191;-6.18899
189.914;92.2933;0.163567;0.160178;0.0259895;-5.21388
198.739;92.2933;0.219303;0.124938;0.0139973;-4.26101
207.565;92.2933;0.319398;0.0916146;0.00642682;-3.30125
-216.057;83.4678;1.13471;0.0229207;0.0217158;-1.28027
-207.232;83.4678;1.22884;0.0449028;0.00389636;-2.25678
-198.406;83.4678;1.18969;0.0423054;0.00572747;-3.26353
-189.581;83.4678;1.08987;0.0247693;0.019808;-4.2109
-180.755;83.4678;1.00692;-0.00904609;0.0422973;-5.15143
-171.93;83.4678;0.969912;-0.0383974;0.0582408;-6.08807
-163.105;83.4678;0.932752;-0.0623145;0.0686122;-7.01777
-154.279;83.4678;0.868195;-0.0857328;0.0837526;-7.93545
-145.454;83.4678;0.80282;-0.108333;0.0989038;-8.83536
-136.628;83.4678;0.737767;-0.128912;0.109391;-9.71249
-127.803;83.4678;0.687491;-0.14501;0.114064;-10.5582
-118.977;83.4678;0.658431;-0.158597;0.123023;-11.3861
-110.152;83.4678;0.651069;-0.166691;0.136431;-12.1891
-101.326;83.4678;0.662353;-0.166088;0.151312;-12.9558
-92.5009;83.4678;0.683476;-0.158063;0.163259;-13.6791
-83.6754;83.4678;0.679468;-0.14788;0.173916;-14.3531
-74.85;83.4678;0.662418;-0.138476;0.188618;-14.981
-66.0245;83.4678;0.631809;-0.127915;0.20704;-15.5552
-57.1991;83.4678;0.582505;-0.113657;0.227403;-16.0603
-48.3736;83.4678;0.533435;-0.0947967;0.248957;-16.512
-39.5482;83.4678;0.515732;-0.0729772;0.268784;-16.9277
-30.7227;83.4678;0.521203;-0.0505885;0.285913;-17.304
-21.8972;83.4678;0.51276;-0.0243363;0.300062;-17.6011
-13.0718;83.4678;0.490002;0.00264456;0.31248;-17.8225
-4.24634;83.4678;0.471441;0.0270815;0.327208;-17.9855
4.57912;83.4678;0.45748;0.0502652;0.338351;-18.078
13.4046;83.4678;0.43093;0.0761637;0.337537;-18.0708
22.23;83.4678;0.400648;0.100632;0.32643;-17.9689
31.0555;83.4678;0.362231;0.130789;0.313282;-17.8082
39.8809;83.4678;0.290612;0.183667;0.288672;-17.5705
48.7064;83.4678;0.254512;0.245266;0.254843;-17.2878
57.5318;83.4678;0.330559;0.293653;0.222002;-17.0162
66.3573;83.4678;0.515635;0.315098;0.200487;-16.7763
75.1828;83.4678;0.601666;0.330463;0.179945;-16.3872
84.0082;83.4678;0.587479;0.338055;0.166376;-15.8337
92.8337;83.4678;0.540979;0.342022;0.158134;-15.1994
101.659;83.4678;0.517455;0.340532;0.146101;-14.5239
110.485;83.4678;0.51399;0.334968;0.12596;-13.811
119.31;83.4678;0.475877;0.329466;0.107632;-13.0466
128.135;83.4678;0.439115;0.321893;0.0953404;-12.2431
136.961;83.4678;0.419938;0.308704;0.0824268;-11.4103
145.786;83.4678;0.422525;0.29174;0.072746;-10.5661
154.612;83.4678;0.436878;0.27451;0.0656437;-9.70407
163.437;83.4678;0.427536;0.257033;0.0574646;-8.79102
172.263;83.4678;0.334556;0.237864;0.0478806;-7.80588
181.088;83.4678;0.206021;0.21414;0.0373012;-6.7825
189.914;83.4678;0.188932;0.181181;0.0240575;-5.79434
198.739;83.4678;0.273545;0.143401;0.00910584;-4.83972
207.565;83.4678;0.415942;0.105615;-0.00297278;-3.88874
216.39;83.4678;0.529988;0.06996;-0.00876971;-2.87866
225.215;83.4678;0.556288;0.0419073;-0.0016774;-1.83523
-216.057;74.6423;1.12691;0.0167069;0.0221859;-1.71581
-207.232;74.6423;1.19548;0.0448709;0.00521612;-2.71639
-198.406;74.6423;1.1683;0.0544086;-0.00174856;-3.70998
-189.581;74.6423;1.06752;0.0295293;0.0127335;-4.67544
-180.755;74.6423;1.00125;-0.00550726;0.0319238;-5.63337
-171.93;74.6423;0.963353;-0.0358312;0.0467993;-6.58793
-163.105;74.6423;0.902282;-0.0604794;0.0563084;-7.52391
-154.279;74.6423;0.808838;-0.0874599;0.0703722;-8.46601
-145.454;74.6423;0.749486;-0.113264;0.0820524;-9.40108
-136.628;74.6423;0.711142;-0.133669;0.0883634;-10.3161
-127.803;74.6423;0.70024;-0.146962;0.0906147;-11.2058
-118.977;74.6423;0.678856;-0.156586;0.0987834;-12.0589
-110.152;74.6423;0.645277;-0.161388;0.110956;-12.8721
-101.326;74.6423;0.6246;-0.160597;0.122843;-13.6503
-92.5009;74.6423;0.635026;-0.156851;0.131347;-14.4086
-83.6754;74.6423;0.634419;-0.152075;0.145546;-15.1184
-74.85;74.6423;0.617016;-0.145119;0.16533;-15.7748
-66.0245;74.6423;0.604412;-0.134868;0.186614;-16.3809
-57.1991;74.6423;0.585235;-0.119431;0.204852;-16.923
-48.3736;74.6423;0.565567;-0.0993729;0.221712;-17.4125
-39.5482;74.6423;0.56135;-0.0776798;0.238488;-17.8602
-30.7227;74.6423;0.554256;-0.0561595;0.256564;-18.2641
-21.8972;74.6423;0.531577;-0.0269654;0.274207;-18.579
-13.0718;74.6423;0.48706;0.0049157;0.289812;-18.8004
-4.24634;74.6423;0.448874;0.0336537;0.304866;-18.9571
4.57912;74.6423;0.423362;0.0603795;0.313305;-19.0466
13.4046;74.6423;0.39967;0.0899137;0.307848;-19.0486
22.23;74.6423;0.396825;0.118978;0.292309;-18.9694
31.0555;74.6423;0.402012;0.160914;0.270794;-18.828
39.8809;74.6423;0.3705;0.221867;0.239185;-18.5886
48.7064;74.6423;0.346608;0.280565;0.20456;-18.2657
57.5318;74.6423;0.377197;0.319508;0.175198;-17.9037
66.3573;74.6423;0.454387;0.340063;0.153578;-17.5335
75.1828;74.6423;0.48965;0.357477;0.139472;-17.0797
84.0082;74.6423;0.493512;0.366975;0.135527;-16.5367
92.8337;74.6423;0.501657;0.372696;0.134064;-15.9419
101.659;74.6423;0.527678;0.37263;0.124402;-15.2899
110.485;74.6423;0.545655;0.366023;0.10451;-14.5663
119.31;74.6423;0.508302;0.357585;0.0860404;-13.7735
128.135;74.6423;0.475845;0.348544;0.071983;-12.9587
136.961;74.6423;0.470008;0.335015;0.0586509;-12.122
145.786;74.6423;0.4926;0.317597;0.0496206;-11.2663
154.612;74.6423;0.523872;0.29983;0.0448522;-10.3869
163.437;74.6423;0.535088;0.281087;0.0421405;-9.46971
172.263;74.6423;0.478652;0.259388;0.0387982;-8.48584
181.088;74.6423;0.406547;0.231418;0.0332045;-7.46636
189.914;74.6423;0.426622;0.196655;0.0224564;-6.47887
198.739;74.6423;0.528834;0.158119;0.00833654;-5.51212
207.565;74.6423;0.613743;0.119049;-0.00357627;-4.51255
216.39;74.6423;0.669831;0.0817628;-0.00778233;-3.43908
225.215;74.6423;0.677051;0.0522302;0.0019045;-2.37132
-216.057;65.8169;1.12026;0.0244817;0.0186963;-2.07386
-207.232;65.8169;1.14879;0.0464633;0.00748029;-3.1119
-198.406;65.8169;1.11237;0.0537452;-0.00152112;-4.09853
-189.581;65.8169;1.02263;0.0242937;0.00754148;-5.0925
-180.755;65.8169;0.985267;-0.00714151;0.0171196;-6.07318
-171.93;65.8169;0.966638;-0.0330776;0.025259;-7.06994
-163.105;65.8169;0.909916;-0.0552747;0.0303903;-8.03875
-154.279;65.8169;0.829678;-0.0812712;0.0379593;-9.01445
-145.454;65.8169;0.798192;-0.106104;0.0420162;-9.98203
-136.628;65.8169;0.778588;-0.127209;0.0444403;-10.9291
-127.803;65.8169;0.784552;-0.140795;0.0456342;-11.8486
-118.977;65.8169;0.751508;-0.150398;0.053545;-12.7205
-110.152;65.8169;0.692443;-0.154509;0.0640985;-13.5408
-101.326;65.8169;0.662609;-0.153209;0.0724447;-14.3345
-92.5009;65.8169;0.68874;-0.150426;0.0790207;-15.1249
-83.6754;65.8169;0.691828;-0.148387;0.0903263;-15.8698
-74.85;65.8169;0.672613;-0.146534;0.109787;-16.5588
-66.0245;65.8169;0.654771;-0.141791;0.13379;-17.2011
-57.1991;65.8169;0.633932;-0.129845;0.153132;-17.7808
-48.3736;65.8169;0.619889;-0.110622;0.16819;-18.3112
-39.5482;65.8169;0.623162;-0.0880396;0.183712;-18.7934
-30.7227;65.8169;0.623151;-0.064111;0.204497;-19.2215
-21.8972;65.8169;0.626601;-0.0312519;0.22747;-19.5759
-13.0718;65.8169;0.605253;0.00427885;0.248223;-19.829
-4.24634;65.8169;0.575321;0.0359368;0.262412;-19.9971
4.57912;65.8169;0.546362;0.0646423;0.266131;-20.0827
13.4046;65.8169;0.524707;0.0951515;0.258539;-20.0859
22.23;65.8169;0.536323;0.127634;0.244369;-20.0302
31.0555;65.8169;0.559342;0.183941;0.214871;-19.8955
39.8809;65.8169;0.575888;0.25566;0.180231;-19.6831
48.7064;65.8169;0.645703;0.315025;0.154484;-19.4291
57.5318;65.8169;0.755603;0.349986;0.14161;-19.1181
66.3573;65.8169;0.789301;0.373215;0.132037;-18.6764
75.1828;65.8169;0.739683;0.391851;0.121605;-18.1147
84.0082;65.8169;0.701998;0.400575;0.115532;-17.5064
92.8337;65.8169;0.696709;0.404093;0.110065;-16.8654
101.659;65.8169;0.712534;0.403092;0.100581;-16.1745
110.485;65.8169;0.716904;0.396664;0.086152;-15.4148
119.31;65.8169;0.677992;0.387578;0.0701512;-14.5911
128.135;65.8169;0.6463;0.375987;0.0560153;-13.7538
136.961;65.8169;0.631982;0.359289;0.0449577;-12.8841
145.786;65.8169;0.636878;0.3416;0.0395468;-11.9885
154.612;65.8169;0.65845;0.32459;0.0368475;-11.0723
163.437;65.8169;0.666517;0.305462;0.0344309;-10.1312
172.263;65.8169;0.64572;0.281157;0.0328706;-9.14449
181.088;65.8169;0.625726;0.250957;0.0304102;-8.13226
189.914;65.8169;0.650443;0.215178;0.0201914;-7.12329
198.739;65.8169;0.719918;0.177;0.0085881;-6.11522
207.565;65.8169;0.772802;0.138047;0.00165676;-5.06915
216.39;65.8169;0.792541;0.0996698;0.000970996;-3.9777
225.215;65.8169;0.789353;0.0696198;0.00857018;-2.84555
234.041;65.8169;0.857881;0.0459283;0.015136;-1.67696
-216.057;56.9914;1.09132;0.0345145;0.0140974;-2.39785
-207.232;56.9914;1.09696;0.0469929;0.00672323;-3.44676
-198.406;56.9914;1.03282;0.0457308;-0.000371678;-4.44219
-189.581;56.9914;0.945366;0.00919092;0.00523987;-5.46681
-180.755;56.9914;0.929629;-0.0194014;0.00665364;-6.46818
-171.93;56.9914;0.940946;-0.0397618;0.00590066;-7.48972
-163.105;56.9914;0.927983;-0.0576939;0.00367284;-8.49904
-154.279;56.9914;0.905055;-0.0781676;0.00210866;-9.51668
-145.454;56.9914;0.912293;-0.100357;-0.000673951;-10.5308
-136.628;56.9914;0.897163;-0.120416;-0.000889769;-11.5056
-127.803;56.9914;0.874911;-0.137919;0.00567014;-12.443
-118.977;56.9914;0.825809;-0.151522;0.0172684;-13.33
-110.152;56.9914;0.764951;-0.157988;0.029198;-14.1661
-101.326;56.9914;0.739045;-0.157249;0.0372026;-14.9924
-92.5009;56.9914;0.772876;-0.153235;0.042585;-15.8145
-83.6754;56.9914;0.783145;-0.150974;0.0526309;-16.6001
-74.85;56.9914;0.763011;-0.150955;0.0713728;-17.3256
-66.0245;56.9914;0.728803;-0.151651;0.0939782;-17.999
-57.1991;56.9914;0.69062;-0.143565;0.113371;-18.6031
-48.3736;56.9914;0.67462;-0.124783;0.129846;-19.1645
-39.5482;56.9914;0.690995;-0.100115;0.147018;-19.6854
-30.7227;56.9914;0.70422;-0.0728192;0.169049;-20.1449
-21.8972;56.9914;0.730038;-0.0381536;0.194579;-20.5432
-13.0718;56.9914;0.738211;-0.00255988;0.217129;-20.846
-4.24634;56.9914;0.724077;0.0299387;0.231264;-21.0379
4.57912;56.9914;0.687946;0.0578641;0.237224;-21.1213
13.4046;56.9914;0.650439;0.0844545;0.237568;-21.1159
22.23;56.9914;0.667564;0.121041;0.226403;-21.0691
31.0555;56.9914;0.697511;0.195372;0.191298;-20.9187
39.8809;56.9914;0.727808;0.284246;0.154643;-20.6885
48.7064;56.9914;0.816947;0.350411;0.13344;-20.4324
57.5318;56.9914;0.927424;0.384409;0.127015;-20.1076
66.3573;56.9914;0.931704;0.407512;0.122706;-19.6166
75.1828;56.9914;0.832194;0.42563;0.116543;-18.9772
84.0082;56.9914;0.788661;0.432118;0.106268;-18.3241
92.8337;56.9914;0.792258;0.434234;0.0955762;-17.6594
101.659;56.9914;0.817246;0.434074;0.0858537;-16.9589
110.485;56.9914;0.832391;0.429922;0.0756598;-16.1938
119.31;56.9914;0.78495;0.422039;0.0633914;-15.3352
128.135;56.9914;0.736788;0.407376;0.0503543;-14.4466
136.961;56.9914;0.7044;0.387803;0.0409502;-13.5315
145.786;56.9914;0.696779;0.367638;0.0378709;-12.5991
154.612;56.9914;0.717658;0.348241;0.0357562;-11.6532
163.437;56.9914;0.739117;0.326807;0.032347;-10.696
172.263;56.9914;0.740678;0.301969;0.0320891;-9.70052
181.088;56.9914;0.735965;0.273739;0.0317178;-8.6804
189.914;56.9914;0.746291;0.237102;0.022059;-7.63745
198.739;56.9914;0.786065;0.197355;0.0119712;-6.59081
207.565;56.9914;0.829952;0.157508;0.00839876;-5.52413
216.39;56.9914;0.858795;0.118583;0.00937153;-4.42352
225.215;56.9914;0.879561;0.0825681;0.0125572;-3.26928
234.041;56.9914;0.956958;0.0568625;0.0199094;-2.09378
-224.883;48.166;1.06381;0.0512752;0.0098262;-1.6533
-216.057;48.166;1.06689;0.0384041;0.0105204;-2.68775
-207.232;48.166;1.05918;0.0414837;0.00543802;-3.72164
-198.406;48.166;0.954028;0.0267935;0.00202183;-4.74815
-189.581;48.166;0.87483;-0.00775135;0.00550944;-5.79243
-180.755;48.166;0.858174;-0.035791;0.00392766;-6.82957
-171.93;48.166;0.857739;-0.0580462;-0.00102324;-7.87432
-163.105;48.166;0.85302;-0.0776323;-0.00662138;-8.91457
-154.279;48.166;0.870718;-0.095654;-0.0121446;-9.95724
-145.454;48.166;0.921805;-0.113951;-0.0181742;-10.9972
-136.628;48.166;0.894862;-0.131871;-0.0149443;-11.9808
-127.803;48.166;0.848546;-0.149425;-0.00589998;-12.9246
-118.977;48.166;0.795662;-0.164867;0.00808525;-13.8278
-110.152;48.166;0.757496;-0.174313;0.0220396;-14.6928
-101.326;48.166;0.756007;-0.176064;0.0308906;-15.5635
-92.5009;48.166;0.790202;-0.17167;0.0340872;-16.4233
-83.6754;48.166;0.806275;-0.165758;0.0409046;-17.2347
-74.85;48.166;0.774131;-0.16666;0.0591884;-17.9847
-66.0245;48.166;0.722541;-0.167585;0.0826248;-18.6772
-57.1991;48.166;0.679461;-0.158919;0.104754;-19.3145
-48.3736;48.166;0.67987;-0.139624;0.124505;-19.9265
-39.5482;48.166;0.721992;-0.113574;0.143958;-20.5111
-30.7227;48.166;0.747997;-0.0841864;0.165176;-21.0184
-21.8972;48.166;0.763623;-0.0513531;0.185728;-21.4349
-13.0718;48.166;0.780022;-0.0174662;0.203769;-21.7637
-4.24634;48.166;0.775986;0.0176705;0.218422;-21.9748
4.57912;48.166;0.751009;0.0472124;0.230278;-22.0764
13.4046;48.166;0.730967;0.0730701;0.238013;-22.0847
22.23;48.166;0.761595;0.123146;0.225118;-22.0459
31.0555;48.166;0.792619;0.21696;0.188985;-21.8812
39.8809;48.166;0.823484;0.316777;0.154311;-21.6252
48.7064;48.166;0.892501;0.383543;0.135392;-21.322
57.5318;48.166;0.958623;0.414228;0.127643;-20.9275
66.3573;48.166;0.934247;0.436965;0.119577;-20.3877
75.1828;48.166;0.82986;0.455477;0.110129;-19.7138
84.0082;48.166;0.789482;0.460926;0.0972131;-19.0266
92.8337;48.166;0.790305;0.461207;0.0856096;-18.3254
101.659;48.166;0.815422;0.459582;0.0779351;-17.599
110.485;48.166;0.842251;0.455589;0.0715832;-16.822
119.31;48.166;0.792912;0.445363;0.0620036;-15.9157
128.135;48.166;0.731733;0.428916;0.0503284;-14.9734
136.961;48.166;0.693333;0.407306;0.0413048;-14.0213
145.786;48.166;0.6932;0.38563;0.0369224;-13.0764
154.612;48.166;0.729869;0.365931;0.0327517;-12.132
163.437;48.166;0.783083;0.344021;0.0287791;-11.1802
172.263;48.166;0.793743;0.319425;0.0302231;-10.1678
181.088;48.166;0.774467;0.292158;0.0322208;-9.1148
189.914;48.166;0.756993;0.254995;0.0250175;-8.03005
198.739;48.166;0.785683;0.212096;0.0156612;-6.95731
207.565;48.166;0.839869;0.170521;0.0121803;-5.88708
216.39;48.166;0.895652;0.130448;0.0132648;-4.79817
225.215;48.166;0.945642;0.0907693;0.015619;-3.66902
234.041;48.166;1.00101;0.0590655;0.0222917;-2.50442
-224.883;39.3405;1.00932;0.0561849;0.00944287;-1.87619
-216.057;39.3405;1.0033;0.0424621;0.00941227;-2.93252
-207.232;39.3405;0.963398;0.0307738;0.00678627;-3.97834
-198.406;39.3405;0.873102;0.00807922;0.00571827;-5.01922
-189.581;39.3405;0.837556;-0.0216899;0.00679824;-6.08376
-180.755;39.3405;0.834663;-0.0493475;0.00404699;-7.16359
-171.93;39.3405;0.820363;-0.0739607;-0.00224614;-8.22345
-163.105;39.3405;0.809218;-0.0965552;-0.00929231;-9.28225
-154.279;39.3405;0.840395;-0.114317;-0.0169542;-10.335
-145.454;39.3405;0.891338;-0.1304;-0.0235254;-11.3821
-136.628;39.3405;0.844787;-0.145674;-0.0178946;-12.367
-127.803;39.3405;0.771562;-0.161465;-0.00795761;-13.3187
-118.977;39.3405;0.732236;-0.176546;0.00459895;-14.242
-110.152;39.3405;0.725521;-0.188602;0.0173209;-15.1428
-101.326;39.3405;0.736193;-0.194885;0.0279895;-16.0542
-92.5009;39.3405;0.752029;-0.193338;0.0327729;-16.944
-83.6754;39.3405;0.7599;-0.185385;0.0377705;-17.7761
-74.85;39.3405;0.732953;-0.184193;0.0521131;-18.5536
-66.0245;39.3405;0.686689;-0.181691;0.0742292;-19.2774
-57.1991;39.3405;0.655393;-0.170525;0.0964592;-19.9589
-48.3736;39.3405;0.682302;-0.151423;0.11619;-20.6279
-39.5482;39.3405;0.755528;-0.126758;0.135453;-21.2788
-30.7227;39.3405;0.796349;-0.0992901;0.156906;-21.8322
-21.8972;39.3405;0.79118;-0.0716117;0.177299;-22.2623
-13.0718;39.3405;0.806507;-0.0405383;0.195315;-22.6019
-4.24634;39.3405;0.81822;-0.00217996;0.214386;-22.8427
4.57912;39.3405;0.830384;0.0353908;0.230475;-23.0027
13.4046;39.3405;0.859274;0.0762629;0.234474;-23.0708
22.23;39.3405;0.916367;0.154058;0.212401;-23.0569
31.0555;39.3405;0.97782;0.265664;0.176782;-22.9136
39.8809;39.3405;1.07228;0.359795;0.150532;-22.6985
48.7064;39.3405;1.14421;0.414636;0.136187;-22.3704
57.5318;39.3405;1.14797;0.440418;0.125734;-21.8882
66.3573;39.3405;1.06754;0.466007;0.110401;-21.2715
75.1828;39.3405;0.956268;0.485331;0.093113;-20.5486
84.0082;39.3405;0.881232;0.491777;0.0800145;-19.7941
92.8337;39.3405;0.836825;0.492004;0.0714099;-19.0195
101.659;39.3405;0.828571;0.489371;0.0672138;-18.2335
110.485;39.3405;0.84452;0.484874;0.063409;-17.4201
119.31;39.3405;0.808106;0.47215;0.0558812;-16.4796
128.135;39.3405;0.753561;0.452838;0.0460574;-15.4928
136.961;39.3405;0.723442;0.429427;0.0376868;-14.5112
145.786;39.3405;0.734529;0.406095;0.0310566;-13.5513
154.612;39.3405;0.784068;0.384635;0.0238068;-12.6002
163.437;39.3405;0.865232;0.36162;0.0196618;-11.6459
172.263;39.3405;0.887977;0.335549;0.0208912;-10.6161
181.088;39.3405;0.854081;0.302395;0.0245319;-9.51148
189.914;39.3405;0.805222;0.264016;0.0208851;-8.38024
198.739;39.3405;0.832922;0.22085;0.0149407;-7.29594
207.565;39.3405;0.888458;0.179399;0.0124164;-6.2224
216.39;39.3405;0.95912;0.13846;0.0138312;-5.13158
225.215;39.3405;0.991232;0.094769;0.0150129;-3.99752
234.041;39.3405;0.933845;0.0552791;0.0175321;-2.82444
-224.883;30.5151;0.99057;0.0506683;0.014347;-2.11384
-216.057;30.5151;0.981583;0.0381542;0.0119792;-3.19676
-207.232;30.5151;0.931365;0.0202429;0.00960051;-4.24637
-198.406;30.5151;0.872733;-0.00614127;0.00859148;-5.30563
-189.581;30.5151;0.887535;-0.0305275;0.00665151;-6.37576
-180.755;30.5151;0.895695;-0.0568898;0.00308447;-7.47751
-171.93;30.5151;0.873821;-0.0812743;-0.00291183;-8.54542
-163.105;30.5151;0.851353;-0.104866;-0.0101875;-9.61464
-154.279;30.5151;0.862394;-0.124492;-0.018729;-10.6732
-145.454;30.5151;0.885473;-0.141139;-0.0255017;-11.7107
-136.628;30.5151;0.825808;-0.155417;-0.0208259;-12.7007
-127.803;30.5151;0.744925;-0.169562;-0.0136047;-13.6673
-118.977;30.5151;0.719986;-0.182911;-0.00600426;-14.614
-110.152;30.5151;0.725504;-0.196183;0.00323233;-15.5477
-101.326;30.5151;0.72966;-0.205788;0.015559;-16.4872
-92.5009;30.5151;0.7258;-0.206677;0.0242769;-17.4032
-83.6754;30.5151;0.724869;-0.199041;0.0297656;-18.2682
-74.85;30.5151;0.716772;-0.195672;0.0387228;-19.082
-66.0245;30.5151;0.687583;-0.191342;0.055851;-19.8437
-57.1991;30.5151;0.672537;-0.179559;0.0749755;-20.5705
-48.3736;30.5151;0.721677;-0.161811;0.0926323;-21.2912
-39.5482;30.5151;0.820896;-0.139006;0.110302;-22.0036
-30.7227;30.5151;0.88652;-0.113515;0.130975;-22.6159
-21.8972;30.5151;0.890989;-0.0882265;0.154014;-23.1087
-13.0718;30.5151;0.928875;-0.0574116;0.178777;-23.5078
-4.24634;30.5151;0.987815;-0.0183085;0.208787;-23.8133
4.57912;30.5151;1.03992;0.029118;0.226595;-24.0096
13.4046;30.5151;1.09212;0.0991117;0.211232;-24.1036
22.23;30.5151;1.18464;0.215268;0.16805;-24.1275
31.0555;30.5151;1.36398;0.343596;0.126693;-24.1066
39.8809;30.5151;1.62341;0.420647;0.111748;-24.0504
48.7064;30.5151;1.73033;0.451018;0.106008;-23.7192
57.5318;30.5151;1.66436;0.465598;0.0959509;-23.1261
66.3573;30.5151;1.50995;0.49234;0.0795939;-22.3962
75.1828;30.5151;1.34809;0.510676;0.0630649;-21.5642
84.0082;30.5151;1.19468;0.51782;0.0534419;-20.6897
92.8337;30.5151;1.09034;0.517925;0.049357;-19.8149
101.659;30.5151;1.05168;0.512878;0.0484673;-18.9518
110.485;30.5151;1.05914;0.503267;0.0461683;-18.0788
119.31;30.5151;1.03822;0.48615;0.0414797;-17.1221
128.135;30.5151;0.995221;0.464515;0.036885;-16.1127
136.961;30.5151;0.945152;0.442504;0.0315442;-15.0913
145.786;30.5151;0.905957;0.421804;0.0244264;-14.0714
154.612;30.5151;0.897856;0.40118;0.0160222;-13.0535
163.437;30.5151;0.955381;0.377352;0.0122178;-12.056
172.263;30.5151;0.973571;0.350554;0.0119946;-11.0047
181.088;30.5151;0.932285;0.317067;0.0147089;-9.87637
189.914;30.5151;0.878759;0.278012;0.0148901;-8.72172
198.739;30.5151;0.931644;0.234709;0.0145408;-7.64501
207.565;30.5151;1.01269;0.19271;0.014171;-6.58238
216.39;30.5151;1.07774;0.149561;0.0144128;-5.47205
225.215;30.5151;1.10827;0.1013;0.0131773;-4.30066
234.041;30.5151;1.10455;0.0544262;0.0135013;-3.10454
-224.883;21.6896;1.01462;0.0457895;0.0175413;-2.31502
-216.057;21.6896;1.02081;0.0321292;0.0137393;-3.43747
-207.232;21.6896;0.977158;0.0119768;0.0119887;-4.49907
-198.406;21.6896;0.945658;-0.0155808;0.0112208;-5.57842
-189.581;21.6896;0.973677;-0.0375954;0.00720257;-6.65952
-180.755;21.6896;0.979503;-0.063493;0.00265074;-7.76895
-171.93;21.6896;0.945033;-0.0864532;-0.00375319;-8.83255
-163.105;21.6896;0.90113;-0.108065;-0.0117243;-9.88912
-154.279;21.6896;0.882888;-0.128441;-0.021267;-10.944
-145.454;21.6896;0.886958;-0.147868;-0.0291399;-11.9894
-136.628;21.6896;0.841583;-0.162355;-0.0282006;-13.0034
-127.803;21.6896;0.788218;-0.175658;-0.0269122;-13.9978
-118.977;21.6896;0.768903;-0.187469;-0.0248897;-14.9706
-110.152;21.6896;0.762174;-0.200694;-0.0185291;-15.9257
-101.326;21.6896;0.752518;-0.210572;-0.00630697;-16.8775
-92.5009;21.6896;0.744016;-0.21085;0.00486715;-17.8071
-83.6754;21.6896;0.747503;-0.203838;0.0117349;-18.7011
-74.85;21.6896;0.754545;-0.201797;0.0175078;-19.5547
-66.0245;21.6896;0.734739;-0.199943;0.0293938;-20.3623
-57.1991;21.6896;0.728352;-0.190439;0.0456404;-21.1354
-48.3736;21.6896;0.784571;-0.174216;0.0634187;-21.8984
-39.5482;21.6896;0.895969;-0.151315;0.0832104;-22.6569
-30.7227;21.6896;1.00116;-0.123994;0.106519;-23.3403
-21.8972;21.6896;1.06984;-0.0965476;0.131906;-23.9275
-13.0718;21.6896;1.16794;-0.0653331;0.162502;-24.4343
-4.24634;21.6896;1.29043;-0.0283803;0.202927;-24.8259
4.57912;21.6896;1.29921;0.0257077;0.212751;-24.9419
13.4046;21.6896;1.235;0.126299;0.16763;-24.9093
22.23;21.6896;1.32112;0.284746;0.0885393;-24.9501
31.0555;21.6896;1.69851;0.414347;0.0380201;-25.0397
39.8809;21.6896;1.94341;0.481078;0.0288901;-24.9378
48.7064;21.6896;1.87326;0.497887;0.0313528;-24.4607
57.5318;21.6896;1.70887;0.5066;0.032992;-23.8083
66.3573;21.6896;1.64212;0.527991;0.0319858;-23.1182
75.1828;21.6896;1.56797;0.540005;0.0290229;-22.3218
84.0082;21.6896;1.38822;0.546202;0.0271848;-21.3974
92.8337;21.6896;1.24181;0.545822;0.0277516;-20.4459
101.659;21.6896;1.15467;0.540888;0.0275341;-19.4946
110.485;21.6896;1.10588;0.528148;0.024844;-18.518
119.31;21.6896;1.04414;0.510418;0.0217179;-17.5026
128.135;21.6896;0.987147;0.489629;0.0211396;-16.4674
136.961;21.6896;0.943352;0.467224;0.0197599;-15.4333
145.786;21.6896;0.906968;0.444533;0.0156578;-14.3924
154.612;21.6896;0.882896;0.421331;0.0103107;-13.3394
163.437;21.6896;0.917764;0.395916;0.00845662;-12.303
172.263;21.6896;0.932996;0.36867;0.00718613;-11.2333
181.088;21.6896;0.881726;0.335364;0.00833268;-10.075
189.914;21.6896;0.833287;0.297385;0.00969866;-8.90572
198.739;21.6896;0.94611;0.253835;0.0122049;-7.86885
207.565;21.6896;1.09593;0.210774;0.0133827;-6.85641
216.39;21.6896;1.20366;0.165855;0.0144227;-5.77098
225.215;21.6896;1.22865;0.115295;0.0140505;-4.59219
234.041;21.6896;1.21946;0.062419;0.0126732;-3.3428
242.866;21.6896;0.737962;0.0295653;0.0184132;-2.0221
-224.883;12.8642;1.05612;0.0534804;0.0156678;-2.44636
-216.057;12.8642;1.06185;0.0325745;0.0116808;-3.59154
-207.232;12.8642;0.999945;0.00933894;0.0112197;-4.64502
-198.406;12.8642;0.968572;-0.0193517;0.0113683;-5.72542
-189.581;12.8642;0.981789;-0.0424044;0.00664661;-6.82354
-180.755;12.8642;0.996518;-0.0699755;0.00227369;-7.95418
-171.93;12.8642;0.943253;-0.0935998;-0.00413149;-9.01113
-163.105;12.8642;0.864096;-0.113901;-0.0132023;-10.0503
-154.279;12.8642;0.831519;-0.132227;-0.0251628;-11.1027
-145.454;12.8642;0.848888;-0.152589;-0.0354738;-12.179
-136.628;12.8642;0.842674;-0.167054;-0.039818;-13.2285
-127.803;12.8642;0.829648;-0.180607;-0.0427397;-14.2573
-118.977;12.8642;0.811409;-0.193072;-0.0416962;-15.2615
-110.152;12.8642;0.788221;-0.207028;-0.0373432;-16.2386
-101.326;12.8642;0.763332;-0.217027;-0.0284411;-17.2053
-92.5009;12.8642;0.743872;-0.216817;-0.017896;-18.1406
-83.6754;12.8642;0.738293;-0.208884;-0.00911382;-19.0385
-74.85;12.8642;0.752105;-0.207843;-0.00297551;-19.9233
-66.0245;12.8642;0.749092;-0.208387;0.00594341;-20.7812
-57.1991;12.8642;0.750809;-0.198849;0.0182985;-21.5957
-48.3736;12.8642;0.801242;-0.181474;0.0356679;-22.3876
-39.5482;12.8642;0.922001;-0.158051;0.0601594;-23.1796
-30.7227;12.8642;1.10148;-0.131107;0.0900556;-23.9423
-21.8972;12.8642;1.31405;-0.105829;0.120423;-24.6592
-13.0718;12.8642;1.48842;-0.0770525;0.151204;-25.254
-4.24634;12.8642;1.44887;-0.0241085;0.178622;-25.5365
4.57912;12.8642;1.19981;0.0460727;0.169244;-25.3766
13.4046;12.8642;0.924123;0.159815;0.104946;-25.1569
22.23;12.8642;0.870682;0.316971;0.0176662;-25.1418
31.0555;12.8642;1.09906;0.44244;-0.0371194;-25.16
39.8809;12.8642;1.09734;0.510936;-0.0554462;-24.8547
48.7064;12.8642;1.0253;0.528494;-0.0563182;-24.2726
57.5318;12.8642;1.09551;0.544987;-0.0421466;-23.7605
66.3573;12.8642;1.33665;0.563522;-0.0220331;-23.296
75.1828;12.8642;1.46785;0.568976;-0.00633053;-22.6643
84.0082;12.8642;1.32583;0.570027;0.000654711;-21.7551
92.8337;12.8642;1.14837;0.566616;0.00496368;-20.7364
101.659;12.8642;0.996261;0.564041;0.00637654;-19.701
110.485;12.8642;0.884863;0.552185;0.00428934;-18.6417
119.31;12.8642;0.80867;0.533571;0.00348337;-17.5892
128.135;12.8642;0.788571;0.512995;0.00550223;-16.5728
136.961;12.8642;0.788863;0.491883;0.0060854;-15.5653
145.786;12.8642;0.789086;0.46777;0.00418819;-14.5365
154.612;12.8642;0.789267;0.441063;0.00244125;-13.4836
163.437;12.8642;0.827617;0.413731;0.00344911;-12.4366
172.263;12.8642;0.851269;0.384748;0.00358078;-11.3584
181.088;12.8642;0.802593;0.349832;0.00517132;-10.1779
189.914;12.8642;0.764352;0.312222;0.00718806;-8.99763
198.739;12.8642;0.894679;0.269788;0.0105858;-7.96675
207.565;12.8642;1.11131;0.22626;0.012627;-7.00579
216.39;12.8642;1.26532;0.181896;0.0130634;-5.95851
225.215;12.8642;1.31563;0.133081;0.013743;-4.78368
234.041;12.8642;1.25629;0.0836656;0.0143685;-3.49949
242.866;12.8642;1.02454;0.0418475;0.0194579;-2.11613
-233.708;4.0387;0.970567;0.0746258;0.0138072;-1.40733
-224.883;4.0387;1.05611;0.0636926;0.0110013;-2.52301
-216.057;4.0387;1.03173;0.0385692;0.00878924;-3.63906
-207.232;4.0387;0.905772;0.00533601;0.0104245;-4.69517
-198.406;4.0387;0.834545;-0.0274849;0.0113512;-5.76884
-189.581;4.0387;0.852567;-0.052083;0.00637879;-6.88095
-180.755;4.0387;0.923193;-0.0783696;0.00280779;-8.03932
-171.93;4.0387;0.879887;-0.103721;-0.00281182;-9.12554
-163.105;4.0387;0.778041;-0.124812;-0.0130971;-10.1887
-154.279;4.0387;0.750704;-0.137928;-0.029182;-11.2599
-145.454;4.0387;0.815251;-0.149321;-0.0442552;-12.3371
-136.628;4.0387;0.828954;-0.164347;-0.0521195;-13.4033
-127.803;4.0387;0.817705;-0.178809;-0.0552558;-14.4414
-118.977;4.0387;0.808385;-0.192472;-0.0527893;-15.452
-110.152;4.0387;0.791061;-0.209764;-0.0490457;-16.4634
-101.326;4.0387;0.755854;-0.221926;-0.0449205;-17.4447
-92.5009;4.0387;0.710604;-0.222215;-0.0399647;-18.374
-83.6754;4.0387;0.681998;-0.215839;-0.0329313;-19.2657
-74.85;4.0387;0.695752;-0.216156;-0.0230091;-20.1697
-66.0245;4.0387;0.714417;-0.216167;-0.0153366;-21.0649
-57.1991;4.0387;0.725944;-0.204316;-0.0075854;-21.9125
-48.3736;4.0387;0.765626;-0.184305;0.00644237;-22.7234
-39.5482;4.0387;0.876335;-0.159535;0.0316116;-23.5382
-30.7227;4.0387;1.07701;-0.132979;0.0639403;-24.3477
-21.8972;4.0387;1.33105;-0.1044;0.0946814;-25.1284
-13.0718;4.0387;1.42379;-0.0627946;0.118154;-25.6613
-4.24634;4.0387;0.79131;0.00634209;0.132156;-25.6414
4.57912;4.0387;0.165894;0.0884077;0.106295;-25.215
13.4046;4.0387;0.0502786;0.207301;0.0347221;-25.0538
22.23;4.0387;0.431554;0.332723;-0.0406635;-25.189
31.0555;4.0387;0.675147;0.447162;-0.0890566;-25.1757
39.8809;4.0387;0.545811;0.515122;-0.114655;-24.7111
48.7064;4.0387;0.520612;0.542083;-0.119757;-24.1434
57.5318;4.0387;0.733694;0.567367;-0.103824;-23.7368
66.3573;4.0387;1.08008;0.588286;-0.0756767;-23.3641
75.1828;4.0387;1.27114;0.593699;-0.0487253;-22.7879
84.0082;4.0387;1.11627;0.592538;-0.0341445;-21.848
92.8337;4.0387;0.875649;0.584387;-0.0271325;-20.7326
101.659;4.0387;0.648453;0.581435;-0.0234149;-19.6136
110.485;4.0387;0.507238;0.57143;-0.0218353;-18.5292
119.31;4.0387;0.500926;0.551372;-0.018665;-17.5294
128.135;4.0387;0.584916;0.53117;-0.0154402;-16.5949
136.961;4.0387;0.655455;0.513167;-0.0147997;-15.6396
145.786;4.0387;0.700732;0.488575;-0.0145551;-14.631
154.612;4.0387;0.735282;0.457982;-0.012454;-13.5865
163.437;4.0387;0.789184;0.429267;-0.00824748;-12.5456
172.263;4.0387;0.821612;0.398512;-0.00446396;-11.4623
181.088;4.0387;0.777993;0.362454;0.000310981;-10.2709
189.914;4.0387;0.736501;0.323875;0.00526611;-9.07177
198.739;4.0387;0.823765;0.282506;0.0099403;-7.99373
207.565;4.0387;1.06119;0.237852;0.0119714;-7.04032
216.39;4.0387;1.23013;0.191909;0.0111858;-6.00096
225.215;4.0387;1.27151;0.144068;0.0120086;-4.82372
234.041;4.0387;1.18081;0.0966247;0.0169335;-3.51099
242.866;4.0387;1.01931;0.05159;0.0238629;-2.12956
251.692;4.0387;0.994675;0.0395982;0.0260545;-0.772728
-233.708;-4.78675;0.917463;0.0807996;0.0142066;-1.41763
-224.883;-4.78675;0.994445;0.0652632;0.0125535;-2.54567
-216.057;-4.78675;0.947679;0.0369943;0.0108248;-3.64471
-207.232;-4.78675;0.796723;-0.000846108;0.0119568;-4.6922
-198.406;-4.78675;0.716482;-0.0355508;0.0110263;-5.75814
-189.581;-4.78675;0.745535;-0.0596701;0.00556529;-6.87772
-180.755;-4.78675;0.872422;-0.0821709;0.00366421;-8.05867
-171.93;-4.78675;0.889449;-0.10083;-0.00253926;-9.17794
-163.105;-4.78675;0.831692;-0.112744;-0.016711;-10.2595
-154.279;-4.78675;0.817966;-0.119574;-0.0370288;-11.3511
-145.454;-4.78675;0.863743;-0.130167;-0.0528363;-12.4375
-136.628;-4.78675;0.845111;-0.151551;-0.0610976;-13.5164
-127.803;-4.78675;0.806519;-0.170031;-0.0640712;-14.5526
-118.977;-4.78675;0.802731;-0.185453;-0.0615766;-15.5613
-110.152;-4.78675;0.78717;-0.20215;-0.0598945;-16.5775
-101.326;-4.78675;0.743456;-0.213476;-0.0601581;-17.5599
-92.5009;-4.78675;0.683742;-0.215154;-0.060156;-18.4909
-83.6754;-4.78675;0.637338;-0.211705;-0.055966;-19.3882
-74.85;-4.78675;0.641553;-0.212465;-0.0473634;-20.2993
-66.0245;-4.78675;0.664505;-0.211741;-0.0416153;-21.2033
-57.1991;-4.78675;0.680742;-0.201002;-0.0378905;-22.0708
-48.3736;-4.78675;0.720361;-0.182887;-0.0278639;-22.9049
-39.5482;-4.78675;0.81216;-0.15801;-0.00777932;-23.7224
-30.7227;-4.78675;0.966209;-0.128278;0.0180931;-24.5037
-21.8972;-4.78675;1.14349;-0.0958317;0.0413703;-25.2078
-13.0718;-4.78675;1.04402;-0.0445865;0.0601488;-25.5752
-4.24634;-4.78675;0.161212;0.030392;0.0712896;-25.286
4.57912;-4.78675;-0.358994;0.119277;0.0342091;-24.9045
13.4046;-4.78675;-0.107541;0.24759;-0.0364109;-25.0944
22.23;-4.78675;0.522532;0.358658;-0.099885;-25.4405
31.0555;-4.78675;0.672897;0.45413;-0.133019;-25.3718
39.8809;-4.78675;0.508165;0.510138;-0.155742;-24.7918
48.7064;-4.78675;0.504454;0.54233;-0.162063;-24.2481
57.5318;-4.78675;0.692116;0.568874;-0.149254;-23.8132
66.3573;-4.78675;0.938002;0.590801;-0.123241;-23.3597
75.1828;-4.78675;1.04858;0.598402;-0.0956382;-22.7047
84.0082;-4.78675;0.839811;0.59827;-0.0787266;-21.688
92.8337;-4.78675;0.531381;0.588098;-0.070968;-20.4862
101.659;-4.78675;0.27336;0.58206;-0.0645623;-19.3344
110.485;-4.78675;0.185482;0.573326;-0.0575265;-18.3236
119.31;-4.78675;0.334187;0.558197;-0.0500264;-17.4942
128.135;-4.78675;0.560192;0.542062;-0.0453553;-16.689
136.961;-4.78675;0.6778;0.525987;-0.043593;-15.7613
145.786;-4.78675;0.743401;0.501717;-0.0399403;-14.756
154.612;-4.78675;0.804416;0.470678;-0.0336377;-13.725
163.437;-4.78675;0.873434;0.441826;-0.0267193;-12.6954
172.263;-4.78675;0.901538;0.410613;-0.0194312;-11.6012
181.088;-4.78675;0.842186;0.374376;-0.00984068;-10.3938
189.914;-4.78675;0.769188;0.334023;0.00035847;-9.16005
198.739;-4.78675;0.787309;0.291763;0.00771639;-8.00986
207.565;-4.78675;0.976932;0.245526;0.00962313;-6.99965
216.39;-4.78675;1.13749;0.19589;0.00979931;-5.93978
225.215;-4.78675;1.1876;0.146077;0.0127893;-4.76174
234.041;-4.78675;1.10546;0.0995565;0.0205961;-3.46038
242.866;-4.78675;0.957532;0.0565949;0.0277031;-2.12375
251.692;-4.78675;0.939029;0.0415182;0.02845;-0.803289
-233.708;-13.6122;0.91999;0.087487;0.0188318;-1.40265
-224.883;-13.6122;0.971939;0.0727602;0.0187827;-2.54856
-216.057;-13.6122;0.930641;0.044424;0.0190941;-3.64752
-207.232;-13.6122;0.846861;0.00467771;0.0183816;-4.72682
-198.406;-13.6122;0.79765;-0.0331692;0.0146914;-5.82121
-189.581;-13.6122;0.820681;-0.058471;0.00758043;-6.94532
-180.755;-13.6122;0.91906;-0.0768112;0.0020499;-8.10604
-171.93;-13.6122;0.914213;-0.0880194;-0.00983863;-9.21878
-163.105;-13.6122;0.853727;-0.0916523;-0.0292488;-10.2897
-154.279;-13.6122;0.837878;-0.0959656;-0.0500564;-11.3853
-145.454;-13.6122;0.867219;-0.110503;-0.0618966;-12.4826
-136.628;-13.6122;0.836473;-0.138818;-0.0664247;-13.5714
-127.803;-13.6122;0.798462;-0.159342;-0.0699495;-14.5998
-118.977;-13.6122;0.792631;-0.173669;-0.0712968;-15.606
-110.152;-13.6122;0.765927;-0.186902;-0.0746203;-16.6031
-101.326;-13.6122;0.714797;-0.195882;-0.0790646;-17.5727
-92.5009;-13.6122;0.661092;-0.198419;-0.0824721;-18.5083
-83.6754;-13.6122;0.625794;-0.197001;-0.0822879;-19.4253
-74.85;-13.6122;0.616338;-0.196669;-0.0797075;-20.3335
-66.0245;-13.6122;0.624545;-0.192802;-0.0782827;-21.2188
-57.1991;-13.6122;0.62297;-0.185671;-0.0755231;-22.0869
-48.3736;-13.6122;0.663582;-0.172702;-0.0663304;-22.9355
-39.5482;-13.6122;0.755989;-0.147787;-0.0539716;-23.7535
-30.7227;-13.6122;0.874823;-0.112418;-0.0415794;-24.4847
-21.8972;-13.6122;0.959652;-0.0739145;-0.0301425;-25.0752
-13.0718;-13.6122;0.723583;-0.0155407;-0.0174813;-25.3475
-4.24634;-13.6122;0.0637401;0.0677707;-0.0106924;-25.1252
4.57912;-13.6122;-0.0101293;0.169968;-0.0494354;-25.1063
13.4046;-13.6122;0.485767;0.293179;-0.114416;-25.5221
22.23;-13.6122;0.927745;0.392483;-0.163065;-25.8217
31.0555;-13.6122;0.845962;0.45604;-0.17509;-25.5424
39.8809;-13.6122;0.67888;0.498318;-0.188438;-24.9109
48.7064;-13.6122;0.649537;0.532299;-0.193428;-24.3555
57.5318;-13.6122;0.717417;0.557825;-0.183045;-23.8118
66.3573;-13.6122;0.799686;0.577625;-0.161483;-23.2102
75.1828;-13.6122;0.803043;0.587147;-0.138216;-22.4513
84.0082;-13.6122;0.57172;0.593296;-0.122044;-21.4074
92.8337;-13.6122;0.2536;0.590446;-0.1115;-20.2134
101.659;-13.6122;0.0667635;0.583953;-0.100311;-19.1431
110.485;-13.6122;0.137427;0.573767;-0.0891995;-18.2973
119.31;-13.6122;0.465554;0.560372;-0.0801343;-17.6366
128.135;-13.6122;0.794479;0.546858;-0.0759039;-16.9133
136.961;-13.6122;0.846945;0.53348;-0.0704039;-15.9291
145.786;-13.6122;0.868224;0.508387;-0.0613612;-14.8777
154.612;-13.6122;0.955675;0.478191;-0.0526096;-13.8656
163.437;-13.6122;1.05441;0.448409;-0.0443786;-12.8576
172.263;-13.6122;1.05852;0.416248;-0.0345071;-11.7386
181.088;-13.6122;0.954052;0.379635;-0.0215542;-10.4954
189.914;-13.6122;0.829417;0.33916;-0.00854633;-9.21765
198.739;-13.6122;0.789595;0.29608;0.000228783;-8.00516
207.565;-13.6122;0.942183;0.246385;0.0030512;-6.94327
216.39;-13.6122;1.11105;0.19148;0.00697988;-5.86991
225.215;-13.6122;1.18122;0.138937;0.0147036;-4.70439
234.041;-13.6122;1.13797;0.0960601;0.0236886;-3.44012
242.866;-13.6122;1.06152;0.057896;0.0304944;-2.13305
-233.708;-22.4377;0.934667;0.090812;0.024717;-1.38322
-224.883;-22.4377;0.984004;0.090179;0.0238061;-2.4869
-216.057;-22.4377;0.938589;0.0621197;0.0245564;-3.59702
-207.232;-22.4377;0.906584;0.0218286;0.022808;-4.71737
-198.406;-22.4377;0.920347;-0.0173163;0.0174079;-5.84623
-189.581;-22.4377;0.944129;-0.0445376;0.0100691;-6.98119
-180.755;-22.4377;0.980746;-0.0613308;3.82868e-05;-8.10156
-171.93;-22.4377;0.900072;-0.0688257;-0.0195064;-9.17806
-163.105;-22.4377;0.80875;-0.0709885;-0.0437759;-10.2231
-154.279;-22.4377;0.797561;-0.0786417;-0.0612728;-11.3212
-145.454;-22.4377;0.834823;-0.0960415;-0.0700538;-12.4266
-136.628;-22.4377;0.830083;-0.124349;-0.0754704;-13.5271
-127.803;-22.4377;0.807489;-0.145303;-0.0822996;-14.573
-118.977;-22.4377;0.792222;-0.157457;-0.0878713;-15.5861
-110.152;-22.4377;0.739512;-0.167577;-0.0953388;-16.5602
-101.326;-22.4377;0.675577;-0.175809;-0.103172;-17.5096
-92.5009;-22.4377;0.636694;-0.180534;-0.109415;-18.4481
-83.6754;-22.4377;0.629255;-0.181185;-0.114002;-19.3836
-74.85;-22.4377;0.618903;-0.179213;-0.118406;-20.2801
-66.0245;-22.4377;0.601886;-0.172152;-0.122416;-21.1327
-57.1991;-22.4377;0.571527;-0.166378;-0.119957;-21.9746
-48.3736;-22.4377;0.605861;-0.155799;-0.111279;-22.8164
-39.5482;-22.4377;0.717249;-0.129762;-0.106415;-23.6311
-30.7227;-22.4377;0.84868;-0.0880375;-0.108036;-24.3357
-21.8972;-22.4377;0.898937;-0.0384059;-0.110879;-24.8777
-13.0718;-22.4377;0.698448;0.0244854;-0.11077;-25.1743
-4.24634;-22.4377;0.41487;0.10144;-0.111315;-25.1714
4.57912;-22.4377;0.586892;0.205087;-0.147315;-25.4228
13.4046;-22.4377;0.951951;0.30498;-0.188063;-25.7212
22.23;-22.4377;1.0605;0.38036;-0.205367;-25.7485
31.0555;-22.4377;0.842742;0.432852;-0.202399;-25.322
39.8809;-22.4377;0.713007;0.477101;-0.212829;-24.7575
48.7064;-22.4377;0.690433;0.514074;-0.217999;-24.213
57.5318;-22.4377;0.681764;0.541204;-0.209989;-23.6002
66.3573;-22.4377;0.654514;0.559684;-0.192662;-22.9041
75.1828;-22.4377;0.607295;0.568866;-0.173947;-22.1118
84.0082;-22.4377;0.456377;0.577844;-0.158781;-21.1528
92.8337;-22.4377;0.244522;0.58267;-0.144288;-20.0897
101.659;-22.4377;0.19858;0.577385;-0.128018;-19.165
110.485;-22.4377;0.425991;0.566482;-0.114413;-18.4529
119.31;-22.4377;0.853755;0.553023;-0.107159;-17.8432
128.135;-22.4377;1.06488;0.543152;-0.10254;-17.0435
136.961;-22.4377;0.951607;0.529958;-0.0920353;-15.9258
145.786;-22.4377;0.902311;0.505261;-0.0772589;-14.822
154.612;-22.4377;1.0172;0.478548;-0.0646222;-13.8466
163.437;-22.4377;1.18887;0.447653;-0.0541231;-12.8941
172.263;-22.4377;1.21673;0.413814;-0.0439242;-11.7952
181.088;-22.4377;1.12379;0.375173;-0.0297853;-10.5616
189.914;-22.4377;1.0137;0.33252;-0.0153894;-9.29338
198.739;-22.4377;0.979471;0.287199;-0.00508207;-8.0775
207.565;-22.4377;1.08391;0.235687;0.000520751;-6.96353
216.39;-22.4377;1.21551;0.176957;0.00867854;-5.83665
225.215;-22.4377;1.28015;0.124498;0.0199016;-4.65454
234.041;-22.4377;1.23663;0.0849549;0.0294793;-3.41629
242.866;-22.4377;1.16117;0.0601756;0.0363612;-2.16636
-233.708;-31.2631;0.976225;0.103631;0.0324638;-1.32938
-224.883;-31.2631;0.935487;0.0924772;0.0293645;-2.40321
-216.057;-31.2631;0.883166;0.0741151;0.0279685;-3.48648
-207.232;-31.2631;0.870527;0.0343184;0.0256467;-4.62866
-198.406;-31.2631;0.933636;-0.00191558;0.0202637;-5.77705
-189.581;-31.2631;0.965484;-0.0276088;0.0113969;-6.90555
-180.755;-31.2631;0.969713;-0.0411799;-0.00309231;-7.99916
-171.93;-31.2631;0.866385;-0.0457661;-0.0284288;-9.06239
-163.105;-31.2631;0.775988;-0.0515983;-0.0543419;-10.1167
-154.279;-31.2631;0.772905;-0.065617;-0.068734;-11.2184
-145.454;-31.2631;0.818168;-0.0847823;-0.077874;-12.3185
-136.628;-31.2631;0.838813;-0.109304;-0.0886712;-13.4173
-127.803;-31.2631;0.838141;-0.129572;-0.100847;-14.4916
-118.977;-31.2631;0.811703;-0.14086;-0.108822;-15.5034
-110.152;-31.2631;0.734414;-0.150972;-0.117732;-16.4597
-101.326;-31.2631;0.653594;-0.16081;-0.128276;-17.3884
-92.5009;-31.2631;0.618838;-0.168164;-0.138235;-18.32
-83.6754;-31.2631;0.630641;-0.170473;-0.148164;-19.2521
-74.85;-31.2631;0.63091;-0.167608;-0.157689;-20.1326
-66.0245;-31.2631;0.591787;-0.160882;-0.164426;-20.9382
-57.1991;-31.2631;0.550376;-0.149504;-0.16345;-21.794
-48.3736;-31.2631;0.582774;-0.0953277;-0.153614;-23.2396
-39.5482;-31.2631;0.701108;-0.0861159;-0.157295;-23.6911
-30.7227;-31.2631;0.832821;-0.0664636;-0.168143;-24.0086
-21.8972;-31.2631;0.862272;-0.003923;-0.177323;-24.542
-13.0718;-31.2631;0.793594;0.0562589;-0.185485;-24.8663
-4.24634;-31.2631;0.695952;0.123587;-0.195993;-25.03
4.57912;-31.2631;0.756414;0.205439;-0.214416;-25.2411
13.4046;-31.2631;0.893639;0.286516;-0.229176;-25.3681
22.23;-31.2631;0.926418;0.355556;-0.234028;-25.2757
31.0555;-31.2631;0.764656;0.405614;-0.231069;-24.8869
39.8809;-31.2631;0.698891;0.446232;-0.23577;-24.408
48.7064;-31.2631;0.683316;0.485127;-0.237782;-23.8854
57.5318;-31.2631;0.644743;0.517489;-0.230959;-23.2652
66.3573;-31.2631;0.584812;0.53858;-0.216681;-22.5493
75.1828;-31.2631;0.534326;0.548664;-0.19956;-21.7648
84.0082;-31.2631;0.472089;0.558447;-0.183094;-20.9139
92.8337;-31.2631;0.388996;0.567397;-0.164464;-20.0034
101.659;-31.2631;0.461422;0.564257;-0.145793;-19.2002
110.485;-31.2631;0.710067;0.555754;-0.132465;-18.5157
119.31;-31.2631;1.01956;0.545257;-0.126881;-17.8188
128.135;-31.2631;1.10897;0.534595;-0.121907;-16.9034
136.961;-31.2631;0.917069;0.518862;-0.106851;-15.709
145.786;-31.2631;0.856762;0.49459;-0.0883418;-14.5943
154.612;-31.2631;0.990883;0.473299;-0.0736742;-13.6478
163.437;-31.2631;1.18993;0.44643;-0.0611911;-12.7297
172.263;-31.2631;1.26699;0.411764;-0.0492135;-11.6829
181.088;-31.2631;1.22426;0.369321;-0.0353739;-10.4933
189.914;-31.2631;1.15959;0.321747;-0.0220424;-9.25899
198.739;-31.2631;1.1402;0.273378;-0.0102993;-8.05281
207.565;-31.2631;1.18078;0.221971;-0.00126993;-6.88563
216.39;-31.2631;1.26145;0.163109;0.00981361;-5.71013
225.215;-31.2631;1.32227;0.110497;0.0216348;-4.51482
234.041;-31.2631;1.29562;0.071618;0.0316754;-3.26081
242.866;-31.2631;1.23039;0.0537987;0.0380045;-2.04731
-224.883;-40.0886;0.878485;0.109825;0.0335801;-2.22782
-216.057;-40.0886;0.776793;0.0850299;0.0294925;-3.30262
-207.232;-40.0886;0.81234;0.0518171;0.0270858;-4.44226
-198.406;-40.0886;0.887623;0.016927;0.0231887;-5.61417
-189.581;-40.0886;0.894275;-0.00618832;0.0104215;-6.73353
-180.755;-40.0886;0.878861;-0.0139621;-0.0111019;-7.81581
-171.93;-40.0886;0.837144;-0.0155838;-0.04069;-8.88243
-163.105;-40.0886;0.799244;-0.0271385;-0.0650628;-9.96763
-154.279;-40.0886;0.793392;-0.0487838;-0.077722;-11.0611
-145.454;-40.0886;0.814337;-0.0730732;-0.088808;-12.1441
-136.628;-40.0886;0.834103;-0.0970653;-0.103798;-13.2257
-127.803;-40.0886;0.862177;-0.115477;-0.117887;-14.3121
-118.977;-40.0886;0.843026;-0.127608;-0.126341;-15.3319
-110.152;-40.0886;0.764544;-0.14117;-0.135531;-16.2858
-101.326;-40.0886;0.674211;-0.153414;-0.147994;-17.1933
-92.5009;-40.0886;0.629524;-0.16051;-0.162094;-18.1041
-83.6754;-40.0886;0.638165;-0.160979;-0.177396;-19.0129
-74.85;-40.0886;0.635258;-0.157141;-0.190304;-19.8738
-66.0245;-40.0886;0.589351;-0.148317;-0.197795;-20.6695
-30.7227;-40.0886;0.777794;-0.044589;-0.214355;-23.5975
-21.8972;-40.0886;0.745955;0.0180027;-0.222295;-24.0706
-13.0718;-40.0886;0.735334;0.0747208;-0.229924;-24.4084
-4.24634;-40.0886;0.720812;0.135104;-0.241557;-24.6423
4.57912;-40.0886;0.731063;0.203488;-0.250799;-24.7652
13.4046;-40.0886;0.746188;0.271795;-0.252804;-24.765
22.23;-40.0886;0.729607;0.331873;-0.249904;-24.6149
31.0555;-40.0886;0.660023;0.380424;-0.250408;-24.2968
39.8809;-40.0886;0.60733;0.421228;-0.253732;-23.8693
48.7064;-40.0886;0.571975;0.460361;-0.252235;-23.3535
57.5318;-40.0886;0.527565;0.493443;-0.243937;-22.7493
66.3573;-40.0886;0.483725;0.516277;-0.231247;-22.0694
75.1828;-40.0886;0.458638;0.52898;-0.216762;-21.3329
84.0082;-40.0886;0.443012;0.540355;-0.199132;-20.556
92.8337;-40.0886;0.437177;0.547496;-0.177858;-19.7379
101.659;-40.0886;0.527062;0.547605;-0.159166;-18.9712
110.485;-40.0886;0.688307;0.542279;-0.147287;-18.2241
119.31;-40.0886;0.838679;0.532548;-0.141842;-17.4085
128.135;-40.0886;0.865206;0.519305;-0.135719;-16.4304
136.961;-40.0886;0.756769;0.500703;-0.118755;-15.2962
145.786;-40.0886;0.755945;0.477157;-0.0991439;-14.226
154.612;-40.0886;0.881961;0.457535;-0.0830936;-13.2713
163.437;-40.0886;1.04644;0.43217;-0.0690138;-12.3322
172.263;-40.0886;1.14595;0.396925;-0.0572211;-11.3186
181.088;-40.0886;1.15042;0.354278;-0.0454677;-10.1821
189.914;-40.0886;1.12767;0.306885;-0.0336388;-8.99432
198.739;-40.0886;1.11418;0.261166;-0.021045;-7.80971
207.565;-40.0886;1.10563;0.211475;-0.00956502;-6.61403
216.39;-40.0886;1.15201;0.157466;0.00128931;-5.42857
225.215;-40.0886;1.21308;0.10857;0.0120381;-4.25173
234.041;-40.0886;1.24488;0.0725637;0.021068;-3.03843
242.866;-40.0886;1.24717;0.0476558;0.030395;-1.80603
-224.883;-48.914;0.865922;0.13146;0.0352718;-2.04107
-216.057;-48.914;0.72898;0.0972926;0.0287847;-3.12114
-207.232;-48.914;0.812433;0.0707144;0.0272409;-4.25071
-198.406;-48.914;0.880734;0.0405698;0.0238775;-5.42459
-189.581;-48.914;0.833176;0.0249533;0.00568963;-6.52029
-180.755;-48.914;0.791135;0.0246137;-0.0245664;-7.58541
-171.93;-48.914;0.824701;0.0212556;-0.0563144;-8.65672
-163.105;-48.914;0.841976;0.0023086;-0.0772502;-9.76501
-154.279;-48.914;0.809374;-0.027224;-0.0888387;-10.8319
-145.454;-48.914;0.767408;-0.0614048;-0.101041;-11.8905
-136.628;-48.914;0.770203;-0.0903612;-0.11679;-12.9551
-127.803;-48.914;0.826843;-0.105848;-0.128149;-14.0478
-118.977;-48.914;0.856381;-0.115362;-0.136369;-15.0683
-110.152;-48.914;0.794969;-0.130813;-0.147906;-16.0323
-101.326;-48.914;0.715187;-0.142927;-0.161729;-16.9315
-92.5009;-48.914;0.675647;-0.147139;-0.17743;-17.8115
-83.6754;-48.914;0.674414;-0.144835;-0.196432;-18.6912
-74.85;-48.914;0.658513;-0.141479;-0.211274;-19.5043
-66.0245;-48.914;0.61066;-0.131598;-0.220386;-20.2994
-57.1991;-48.914;0.586636;-0.120013;-0.221295;-21.0689
-30.7227;-48.914;0.659317;-0.0292233;-0.248753;-23.0496
-21.8972;-48.914;0.60846;0.0297268;-0.252904;-23.4781
-13.0718;-48.914;0.635532;0.0836856;-0.254948;-23.8203
-4.24634;-48.914;0.670246;0.139684;-0.260486;-24.0558
4.57912;-48.914;0.666519;0.201428;-0.266776;-24.1468
13.4046;-48.914;0.628165;0.259897;-0.267048;-24.0927
22.23;-48.914;0.577527;0.310471;-0.263;-23.9046
31.0555;-48.914;0.530984;0.35793;-0.264976;-23.6128
39.8809;-48.914;0.466423;0.400341;-0.268693;-23.1913
48.7064;-48.914;0.407715;0.438957;-0.270108;-22.6747
57.5318;-48.914;0.373099;0.470234;-0.265099;-22.0996
66.3573;-48.914;0.344315;0.494669;-0.254269;-21.4593
75.1828;-48.914;0.307852;0.511266;-0.241288;-20.7384
84.0082;-48.914;0.271367;0.525348;-0.226518;-19.9753
92.8337;-48.914;0.286973;0.527968;-0.205135;-19.1957
101.659;-48.914;0.340222;0.525024;-0.185113;-18.4022
110.485;-48.914;0.408089;0.518699;-0.171364;-17.578
119.31;-48.914;0.471912;0.509041;-0.162661;-16.7031
128.135;-48.914;0.525427;0.495856;-0.152514;-15.7661
136.961;-48.914;0.58322;0.478019;-0.134825;-14.7878
145.786;-48.914;0.663903;0.457145;-0.113718;-13.7992
154.612;-48.914;0.762039;0.436002;-0.0937683;-12.8208
163.437;-48.914;0.858186;0.409755;-0.0764121;-11.8324
172.263;-48.914;0.927673;0.375868;-0.0645991;-10.8096
181.088;-48.914;0.938949;0.337224;-0.0543768;-9.69707
189.914;-48.914;0.926545;0.294007;-0.0440367;-8.53406
198.739;-48.914;0.914814;0.250701;-0.0317184;-7.36495
207.565;-48.914;0.91584;0.201418;-0.019664;-6.1926
216.39;-48.914;0.96787;0.151499;-0.00925132;-5.03352
225.215;-48.914;1.02862;0.111783;-0.00306277;-3.89928
234.041;-48.914;1.06273;0.0718865;0.00305231;-2.7068
242.866;-48.914;1.04904;0.0326927;0.0160473;-1.46521
-224.883;-57.7395;0.947195;0.152377;0.0362192;-1.907
-216.057;-57.7395;0.801921;0.111697;0.0286307;-2.96699
-207.232;-57.7395;0.859252;0.0845639;0.029411;-4.06473
-198.406;-57.7395;0.91912;0.0656353;0.0236661;-5.20919
-189.581;-57.7395;0.851179;0.0620597;-0.00240506;-6.30012
-180.755;-57.7395;0.810646;0.0656328;-0.0369342;-7.35315
-171.93;-57.7395;0.836867;0.0519293;-0.0655669;-8.41876
-163.105;-57.7395;0.841083;0.0256152;-0.0826724;-9.50989
-154.279;-57.7395;0.784737;-0.00492967;-0.0935146;-10.5297
-145.454;-57.7395;0.706254;-0.0403881;-0.106433;-11.5481
-136.628;-57.7395;0.685104;-0.0710671;-0.122323;-12.5906
-127.803;-57.7395;0.778949;-0.0864348;-0.13159;-13.6778
-118.977;-57.7395;0.82595;-0.096215;-0.141014;-14.6966
-110.152;-57.7395;0.772569;-0.113336;-0.15748;-15.6661
-101.326;-57.7395;0.709397;-0.124431;-0.174205;-16.5556
-92.5009;-57.7395;0.672548;-0.127324;-0.18751;-17.4098
-83.6754;-57.7395;0.653724;-0.125748;-0.202764;-18.256
-74.85;-57.7395;0.632789;-0.123798;-0.222087;-19.0452
-30.7227;-57.7395;0.603584;-0.0159584;-0.282242;-22.3743
-21.8972;-57.7395;0.548689;0.0367429;-0.28549;-22.7959
-13.0718;-57.7395;0.555777;0.0871523;-0.285435;-23.1333
-4.24634;-57.7395;0.584587;0.142035;-0.288076;-23.3549
4.57912;-57.7395;0.576389;0.198578;-0.291932;-23.4311
13.4046;-57.7395;0.524496;0.249316;-0.292302;-23.3627
22.23;-57.7395;0.460668;0.293409;-0.288764;-23.1633
31.0555;-57.7395;0.413791;0.338317;-0.288686;-22.8683
39.8809;-57.7395;0.354375;0.382052;-0.293051;-22.4526
48.7064;-57.7395;0.302228;0.419604;-0.298206;-21.9675
57.5318;-57.7395;0.283121;0.449365;-0.298672;-21.4344
66.3573;-57.7395;0.249495;0.474876;-0.291187;-20.8113
75.1828;-57.7395;0.17243;0.492897;-0.278419;-20.063
84.0082;-57.7395;0.0866139;0.510312;-0.266508;-19.2901
92.8337;-57.7395;0.0942326;0.512161;-0.248227;-18.5363
101.659;-57.7395;0.122364;0.506737;-0.228683;-17.7371
110.485;-57.7395;0.166296;0.49786;-0.21237;-16.8947
119.31;-57.7395;0.249459;0.487696;-0.198744;-16.042
128.135;-57.7395;0.410716;0.474266;-0.181947;-15.2146
136.961;-57.7395;0.575063;0.457831;-0.159653;-14.3585
145.786;-57.7395;0.696298;0.439484;-0.132741;-13.4415
154.612;-57.7395;0.780799;0.414612;-0.10683;-12.4641
163.437;-57.7395;0.846374;0.384801;-0.0853367;-11.4545
172.263;-57.7395;0.913719;0.350624;-0.0706398;-10.4295
181.088;-57.7395;0.944669;0.31405;-0.0583072;-9.33881
189.914;-57.7395;0.950389;0.273592;-0.0467449;-8.20455
198.739;-57.7395;0.956095;0.232904;-0.0328113;-7.06856
207.565;-57.7395;0.990324;0.185877;-0.0200015;-5.93825
216.39;-57.7395;1.04892;0.14022;-0.0102222;-4.80621
225.215;-57.7395;1.0638;0.10097;-0.00452704;-3.65124
234.041;-57.7395;1.0427;0.0575853;0.00158483;-2.40655
242.866;-57.7395;1.01107;0.00616157;0.0151312;-1.12251
-216.057;-66.5649;0.901035;0.126848;0.03433;-2.77435
-207.232;-66.5649;0.893053;0.0987944;0.0321084;-3.83213
-198.406;-66.5649;0.910619;0.0881246;0.0186695;-4.92701
-189.581;-66.5649;0.87609;0.0988556;-0.0118051;-5.97698
-180.755;-66.5649;0.833207;0.0951501;-0.0424876;-7.03354
-171.93;-66.5649;0.825691;0.0714306;-0.0650952;-8.1033
-163.105;-66.5649;0.825733;0.0403004;-0.0788404;-9.18805
-154.279;-66.5649;0.788037;0.0121114;-0.0902952;-10.2058
-145.454;-66.5649;0.714623;-0.0163702;-0.105208;-11.1987
-136.628;-66.5649;0.661305;-0.0441264;-0.121808;-12.1967
-127.803;-66.5649;0.679361;-0.0636239;-0.133371;-13.242
-118.977;-66.5649;0.700673;-0.0738531;-0.147625;-14.2334
-110.152;-66.5649;0.670074;-0.0915689;-0.170007;-15.1899
-101.326;-66.5649;0.631413;-0.103494;-0.190034;-16.0701
-92.5009;-66.5649;0.597172;-0.10797;-0.203219;-16.9109
-83.6754;-66.5649;0.567575;-0.107982;-0.217701;-17.7273
-74.85;-66.5649;0.548674;-0.105544;-0.241231;-18.4982
-30.7227;-66.5649;0.596271;0.00288605;-0.327062;-21.6494
-21.8972;-66.5649;0.566362;0.0476547;-0.335435;-22.0784
-13.0718;-66.5649;0.530771;0.0927383;-0.340743;-22.3907
-4.24634;-66.5649;0.52114;0.144541;-0.343296;-22.5823
4.57912;-66.5649;0.51681;0.194808;-0.343853;-22.6406
13.4046;-66.5649;0.482112;0.238353;-0.341141;-22.5745
22.23;-66.5649;0.432345;0.27872;-0.334907;-22.4015
31.0555;-66.5649;0.398952;0.321064;-0.329473;-22.1305
39.8809;-66.5649;0.373328;0.363763;-0.328655;-21.7568
48.7064;-66.5649;0.362578;0.397585;-0.330782;-21.3344
57.5318;-66.5649;0.366927;0.426108;-0.334654;-20.8521
66.3573;-66.5649;0.34401;0.453927;-0.331744;-20.2688
75.1828;-66.5649;0.278969;0.475815;-0.317141;-19.564
84.0082;-66.5649;0.210789;0.491803;-0.300629;-18.8269
92.8337;-66.5649;0.2275;0.496432;-0.28354;-18.123
101.659;-66.5649;0.280477;0.493184;-0.264612;-17.3773
110.485;-66.5649;0.371809;0.482027;-0.245783;-16.5774
119.31;-66.5649;0.516321;0.466492;-0.227959;-15.7616
128.135;-66.5649;0.726607;0.45142;-0.2069;-14.9845
136.961;-66.5649;0.960386;0.433819;-0.183124;-14.2042
145.786;-66.5649;1.07664;0.415335;-0.15219;-13.3121
154.612;-66.5649;1.10651;0.389198;-0.12172;-12.3078
163.437;-66.5649;1.10497;0.358688;-0.0957318;-11.2485
172.263;-66.5649;1.12433;0.325062;-0.0755507;-10.1832
181.088;-66.5649;1.12225;0.289487;-0.0576205;-9.07426
189.914;-66.5649;1.10562;0.250825;-0.043229;-7.93688
198.739;-66.5649;1.09572;0.213733;-0.0293714;-6.80712
207.565;-66.5649;1.11382;0.16953;-0.0175894;-5.67411
216.39;-66.5649;1.13487;0.125612;-0.0078434;-4.52304
225.215;-66.5649;1.08043;0.0856296;-0.00238385;-3.32919
234.041;-66.5649;1.0175;0.0412902;0.0040337;-2.06061
-216.057;-75.3904;0.949898;0.147442;0.0437979;-2.52004
-207.232;-75.3904;0.876867;0.119602;0.0347558;-3.52984
-198.406;-75.3904;0.812849;0.110371;0.00887927;-4.5786
-189.581;-75.3904;0.730087;0.111259;-0.0246963;-5.61552
-180.755;-75.3904;0.700644;0.0965799;-0.0519556;-6.66827
-171.93;-75.3904;0.710295;0.0698462;-0.0714886;-7.72744
-163.105;-75.3904;0.733936;0.0410485;-0.0854678;-8.79776
-154.279;-75.3904;0.740455;0.0179218;-0.0974408;-9.82091
-145.454;-75.3904;0.707293;-0.00473446;-0.111783;-10.8064
-136.628;-75.3904;0.64791;-0.0299449;-0.128263;-11.7628
-127.803;-75.3904;0.613894;-0.0497899;-0.144865;-12.7497
-118.977;-75.3904;0.599771;-0.0593023;-0.164029;-13.702
-110.152;-75.3904;0.579354;-0.0733304;-0.190061;-14.634
-101.326;-75.3904;0.560919;-0.0829363;-0.213532;-15.506
-92.5009;-75.3904;0.534831;-0.0887078;-0.229527;-16.3378
-83.6754;-75.3904;0.50691;-0.0906215;-0.246477;-17.1386
-74.85;-75.3904;0.498172;-0.0868141;-0.271861;-17.8957
-66.0245;-75.3904;0.519005;-0.0750592;-0.296825;-18.632
-57.1991;-75.3904;0.525238;-0.0576895;-0.321193;-19.2752
-30.7227;-75.3904;0.611536;0.0246673;-0.37405;-20.8937
-21.8972;-75.3904;0.626673;0.06119;-0.388609;-21.3063
-13.0718;-75.3904;0.581642;0.10298;-0.401232;-21.6144
-4.24634;-75.3904;0.551274;0.151101;-0.401847;-21.7886
4.57912;-75.3904;0.560122;0.196781;-0.398498;-21.8572
13.4046;-75.3904;0.569317;0.236047;-0.393978;-21.8321
22.23;-75.3904;0.565344;0.271422;-0.389397;-21.7069
31.0555;-75.3904;0.562363;0.307816;-0.379604;-21.4887
39.8809;-75.3904;0.583095;0.341561;-0.363159;-21.1746
48.7064;-75.3904;0.617587;0.36927;-0.354674;-20.8079
57.5318;-75.3904;0.681257;0.396002;-0.361259;-20.3973
66.3573;-75.3904;0.772195;0.424044;-0.365234;-19.9396
75.1828;-75.3904;0.855197;0.446491;-0.350149;-19.3888
84.0082;-75.3904;0.882269;0.460575;-0.329495;-18.7381
92.8337;-75.3904;0.80553;0.471492;-0.312061;-18.0061
101.659;-75.3904;0.891397;0.466633;-0.291976;-17.2935
110.485;-75.3904;1.05314;0.455095;-0.268632;-16.5732
119.31;-75.3904;1.19518;0.440456;-0.244908;-15.7858
128.135;-75.3904;1.27686;0.426134;-0.220492;-14.9226
136.961;-75.3904;1.43191;0.406152;-0.193823;-14.0908
145.786;-75.3904;1.48144;0.382731;-0.160982;-13.1396
154.612;-75.3904;1.45642;0.355491;-0.127932;-12.0959
163.437;-75.3904;1.40393;0.325992;-0.0978708;-11.0029
172.263;-75.3904;1.36801;0.294247;-0.0722501;-9.8947
181.088;-75.3904;1.31483;0.262106;-0.0497079;-8.75911
189.914;-75.3904;1.25233;0.226407;-0.0332882;-7.60422
198.739;-75.3904;1.20367;0.192187;-0.0213336;-6.46071
207.565;-75.3904;1.18355;0.150846;-0.0118994;-5.30718
216.39;-75.3904;1.15478;0.107744;-0.00224793;-4.12117
225.215;-75.3904;1.06345;0.0676325;0.00486791;-2.90774
234.041;-75.3904;1.0136;0.0296597;0.0104811;-1.69405
-216.057;-84.2158;1.00369;0.163034;0.0528799;-2.19628
-207.232;-84.2158;0.839883;0.142234;0.0385302;-3.16836
-198.406;-84.2158;0.730979;0.128693;0.00419016;-4.18866
-189.581;-84.2158;0.652312;0.116761;-0.0287652;-5.21339
-180.755;-84.2158;0.627619;0.0928894;-0.0559554;-6.25973
-171.93;-84.2158;0.645645;0.0658747;-0.0766801;-7.30601
-163.105;-84.2158;0.664561;0.0393794;-0.0941923;-8.35333
-154.279;-84.2158;0.67174;0.0176425;-0.109843;-9.36627
-145.454;-84.2158;0.662174;-0.00261215;-0.125687;-10.3425
-136.628;-84.2158;0.634759;-0.02387;-0.142432;-11.2859
-127.803;-84.2158;0.604648;-0.0408786;-0.163193;-12.2385
-118.977;-84.2158;0.583642;-0.0500819;-0.187719;-13.1668
-110.152;-84.2158;0.581277;-0.0602945;-0.21648;-14.0767
-101.326;-84.2158;0.575613;-0.0665733;-0.243678;-14.9439
-92.5009;-84.2158;0.556528;-0.0716747;-0.263596;-15.7614
-83.6754;-84.2158;0.536586;-0.0735864;-0.28234;-16.5433
-74.85;-84.2158;0.539308;-0.0679091;-0.305872;-17.288
-66.0245;-84.2158;0.568919;-0.055279;-0.328882;-17.9985
-57.1991;-84.2158;0.580059;-0.0385853;-0.352519;-18.611
-48.3736;-84.2158;0.558376;0.0324476;-0.404659;-19.9201
-39.5482;-84.2158;0.583577;0.089097;-0.431691;-20.7059
-30.7227;-84.2158;0.64618;0.0431101;-0.403696;-20.1151
-21.8972;-84.2158;0.695398;0.0756538;-0.418169;-20.4998
-13.0718;-84.2158;0.701561;0.1148;-0.431046;-20.8153
-4.24634;-84.2158;0.708334;0.160902;-0.428113;-20.9937
4.57912;-84.2158;0.70673;0.199946;-0.419298;-21.0857
13.4046;-84.2158;0.71595;0.232204;-0.414072;-21.0836
22.23;-84.2158;0.724198;0.262224;-0.41234;-20.9866
31.0555;-84.2158;0.732775;0.293134;-0.403245;-20.8024
39.8809;-84.2158;0.778332;0.322358;-0.383035;-20.5411
48.7064;-84.2158;0.902044;0.346355;-0.375611;-20.2532
57.5318;-84.2158;0.990934;0.38363;-0.390853;-19.8948
66.3573;-84.2158;1.12534;0.42007;-0.401245;-19.5292
75.1828;-84.2158;1.28482;0.441719;-0.386185;-19.0876
84.0082;-84.2158;1.37189;0.449137;-0.36417;-18.4921
92.8337;-84.2158;1.29131;0.45296;-0.344716;-17.7357
101.659;-84.2158;1.36088;0.443491;-0.319181;-17.0133
110.485;-84.2158;1.49989;0.432816;-0.287253;-16.3148
119.31;-84.2158;1.61961;0.416522;-0.254418;-15.5409
128.135;-84.2158;1.67066;0.400131;-0.220817;-14.6731
136.961;-84.2158;1.74476;0.374223;-0.189282;-13.7657
145.786;-84.2158;1.71012;0.347375;-0.157326;-12.7426
154.612;-84.2158;1.62591;0.319978;-0.123375;-11.6554
163.437;-84.2158;1.54478;0.291566;-0.0886938;-10.549
172.263;-84.2158;1.49882;0.260856;-0.0583255;-9.44642
181.088;-84.2158;1.42098;0.231584;-0.0343544;-8.31032
189.914;-84.2158;1.32074;0.198485;-0.0183452;-7.14526
198.739;-84.2158;1.23096;0.165817;-0.00717314;-5.98343
207.565;-84.2158;1.17296;0.128812;0.000550415;-4.81719
216.39;-84.2158;1.11585;0.0894379;0.00891363;-3.62364
225.215;-84.2158;1.06681;0.0564236;0.0137776;-2.44665
234.041;-84.2158;1.06963;0.0256859;0.0166367;-1.33491
-216.057;-93.0413;1.06898;0.178065;0.0623957;-1.77498
-207.232;-93.0413;0.822273;0.153786;0.0414823;-2.79751
-198.406;-93.0413;0.71577;0.141541;0.00845112;-3.79675
-189.581;-93.0413;0.69599;0.12113;-0.0233102;-4.81785
-180.755;-93.0413;0.677793;0.0920175;-0.0532835;-5.85768
-171.93;-93.0413;0.682748;0.0661758;-0.0766824;-6.87584
-163.105;-93.0413;0.664455;0.0393537;-0.0982421;-7.88221
-154.279;-93.0413;0.638485;0.0154991;-0.118332;-8.86839
-145.454;-93.0413;0.629637;-0.00311083;-0.13625;-9.83184
-136.628;-93.0413;0.634518;-0.0173731;-0.152849;-10.772
-127.803;-93.0413;0.623049;-0.029053;-0.175368;-11.6895
-118.977;-93.0413;0.608085;-0.0397291;-0.20365;-12.596
-110.152;-93.0413;0.637475;-0.0502332;-0.232262;-13.4931
-101.326;-93.0413;0.641485;-0.0565963;-0.258141;-14.3467
-92.5009;-93.0413;0.632455;-0.0599953;-0.281555;-15.1553
-83.6754;-93.0413;0.625642;-0.0587968;-0.304176;-15.9227
-74.85;-93.0413;0.632514;-0.0513014;-0.326209;-16.6469
-66.0245;-93.0413;0.663024;-0.039676;-0.342996;-17.3345
-57.1991;-93.0413;0.686;-0.0224409;-0.357127;-17.9414
-48.3736;-93.0413;0.667616;-0.0011271;-0.375084;-18.4612
-39.5482;-93.0413;0.666866;0.0247902;-0.39221;-18.9099
-30.7227;-93.0413;0.695865;0.0548662;-0.407469;-19.3175
-21.8972;-93.0413;0.735631;0.0867812;-0.419898;-19.6734
-13.0718;-93.0413;0.762469;0.121331;-0.428341;-19.9703
-4.24634;-93.0413;0.767958;0.159425;-0.426338;-20.1677
4.57912;-93.0413;0.762732;0.19553;-0.417929;-20.2559
13.4046;-93.0413;0.760134;0.227431;-0.411651;-20.2347
22.23;-93.0413;0.748373;0.256825;-0.4108;-20.1229
31.0555;-93.0413;0.728533;0.286068;-0.411721;-19.9257
39.8809;-93.0413;0.739641;0.320296;-0.413323;-19.6734
48.7064;-93.0413;0.890683;0.353487;-0.429028;-19.4211
57.5318;-93.0413;0.996304;0.394368;-0.447653;-19.1089
66.3573;-93.0413;1.13263;0.421857;-0.443778;-18.749
75.1828;-93.0413;1.27785;0.43822;-0.418902;-18.3383
84.0082;-93.0413;1.35688;0.43595;-0.39139;-17.7513
92.8337;-93.0413;1.33524;0.43249;-0.366659;-17.027
101.659;-93.0413;1.42751;0.421337;-0.333798;-16.3389
110.485;-93.0413;1.55669;0.409331;-0.292862;-15.6551
119.31;-93.0413;1.67253;0.389443;-0.251821;-14.894
128.135;-93.0413;1.74201;0.36839;-0.210829;-14.0492
136.961;-93.0413;1.75577;0.34214;-0.175863;-13.0975
145.786;-93.0413;1.63365;0.316724;-0.147399;-12.0179
154.612;-93.0413;1.51677;0.289206;-0.116509;-10.9197
163.437;-93.0413;1.45666;0.261058;-0.0791247;-9.85207
172.263;-93.0413;1.45402;0.22945;-0.0439214;-8.80914
181.088;-93.0413;1.3907;0.20162;-0.0203685;-7.70905
189.914;-93.0413;1.2852;0.171188;-0.00528661;-6.56136
198.739;-93.0413;1.18196;0.13909;0.00701237;-5.39995
207.565;-93.0413;1.11214;0.106057;0.0153314;-4.24517
216.39;-93.0413;1.07185;0.0714002;0.0218919;-3.09499
225.215;-93.0413;1.09849;0.0428469;0.0238729;-1.99922
-207.232;-101.867;0.801129;0.173918;0.0449602;-2.31716
-198.406;-101.867;0.719498;0.154621;0.0132015;-3.35633
-189.581;-101.867;0.795724;0.125629;-0.0167377;-4.42965
-180.755;-101.867;0.806797;0.0962042;-0.0452733;-5.46593
-171.93;-101.867;0.76851;0.069845;-0.07114;-6.44235
-163.105;-101.867;0.715157;0.041009;-0.0951488;-7.39892
-154.279;-101.867;0.671558;0.0151295;-0.11747;-8.35273
-145.454;-101.867;0.658744;-0.00117906;-0.136247;-9.30172
-136.628;-101.867;0.66153;-0.00807795;-0.152284;-10.2262
-127.803;-101.867;0.63583;-0.0138049;-0.174323;-11.102
-118.977;-101.867;0.591784;-0.0270345;-0.203779;-11.9781
-110.152;-101.867;0.618626;-0.0404103;-0.232645;-12.8541
-101.326;-101.867;0.61724;-0.0484905;-0.258897;-13.6924
-92.5009;-101.867;0.625988;-0.0493446;-0.28397;-14.4823
-83.6754;-101.867;0.646526;-0.0444596;-0.308572;-15.2159
-74.85;-101.867;0.658601;-0.0370554;-0.331449;-15.8956
-66.0245;-101.867;0.663292;-0.0282966;-0.347265;-16.5468
-57.1991;-101.867;0.698171;-0.0136449;-0.35424;-17.1324
-48.3736;-101.867;0.694516;0.00582413;-0.366269;-17.6449
-39.5482;-101.867;0.672321;0.03124;-0.381947;-18.08
-30.7227;-101.867;0.680509;0.0588568;-0.396408;-18.4589
-21.8972;-101.867;0.715815;0.0864202;-0.405676;-18.7903
-13.0718;-101.867;0.735679;0.116441;-0.414321;-19.0746
-4.24634;-101.867;0.737525;0.150926;-0.417464;-19.2713
4.57912;-101.867;0.733461;0.187815;-0.412903;-19.352
13.4046;-101.867;0.719036;0.221546;-0.405062;-19.3156
22.23;-101.867;0.701392;0.252287;-0.405201;-19.2026
31.0555;-101.867;0.686975;0.281021;-0.415103;-19.01
39.8809;-101.867;0.69896;0.317041;-0.434549;-18.7719
48.7064;-101.867;0.849981;0.35419;-0.460953;-18.5268
57.5318;-101.867;0.941055;0.389922;-0.471509;-18.2071
66.3573;-101.867;1.03531;0.405878;-0.455875;-17.8001
75.1828;-101.867;1.12252;0.40623;-0.422915;-17.3083
84.0082;-101.867;1.16771;0.401165;-0.391446;-16.724
92.8337;-101.867;1.18473;0.400069;-0.363604;-16.0713
101.659;-101.867;1.29912;0.392119;-0.327434;-15.4384
110.485;-101.867;1.40041;0.381518;-0.283824;-14.7505
119.31;-101.867;1.47468;0.360993;-0.241291;-13.9656
128.135;-101.867;1.50746;0.338239;-0.201267;-13.0984
136.961;-101.867;1.45027;0.314277;-0.168797;-12.1048
145.786;-101.867;1.2685;0.293076;-0.140361;-11.0034
154.612;-101.867;1.18974;0.266032;-0.107977;-9.9735
163.437;-101.867;1.222;0.235222;-0.068817;-9.01706
172.263;-101.867;1.27142;0.199846;-0.0320766;-8.03821
181.088;-101.867;1.22096;0.171321;-0.00680086;-6.96749
189.914;-101.867;1.12545;0.14502;0.00382834;-5.84908
198.739;-101.867;1.04848;0.117732;0.0148586;-4.72735
207.565;-101.867;1.02286;0.0873573;0.0242827;-3.62111
216.39;-101.867;1.02018;0.0576296;0.0312713;-2.52367
225.215;-101.867;1.08945;0.0298893;0.0341437;-1.48147
-198.406;-110.692;0.717187;0.155464;0.0167952;-2.87668
-189.581;-110.692;0.844136;0.130111;-0.00983223;-3.96951
-180.755;-110.692;0.894843;0.104999;-0.0331435;-4.98465
-171.93;-110.692;0.803297;0.0729101;-0.0622016;-5.951
-163.105;-110.692;0.760428;0.042573;-0.087621;-6.89133
-154.279;-110.692;0.738951;0.0171539;-0.110272;-7.82567
-145.454;-110.692;0.726123;0.00185664;-0.129958;-8.75323
-136.628;-110.692;0.708907;-0.0024594;-0.146533;-9.6479
-127.803;-110.692;0.659952;-0.00417063;-0.165856;-10.483
-118.977;-110.692;0.586507;-0.0172026;-0.194328;-11.315
-110.152;-110.692;0.568927;-0.0325744;-0.226487;-12.1571
-101.326;-110.692;0.565672;-0.0398053;-0.256951;-12.9729
-92.5009;-110.692;0.59886;-0.0387489;-0.282885;-13.7436
-83.6754;-110.692;0.618248;-0.0330356;-0.309731;-14.4498
-74.85;-110.692;0.594603;-0.0278385;-0.338024;-15.0801
-66.0245;-110.692;0.572452;-0.0230123;-0.358466;-15.7002
-57.1991;-110.692;0.612062;-0.0116043;-0.366352;-16.2785
-48.3736;-110.692;0.642979;0.00773001;-0.370534;-16.7825
-39.5482;-110.692;0.615599;0.0321709;-0.378358;-17.1989
-30.7227;-110.692;0.595595;0.0582428;-0.384777;-17.5413
-21.8972;-110.692;0.60992;0.0856812;-0.391435;-17.8375
-13.0718;-110.692;0.631383;0.115664;-0.398878;-18.096
-4.24634;-110.692;0.647129;0.148427;-0.403827;-18.2959
4.57912;-110.692;0.670263;0.186218;-0.401129;-18.3875
13.4046;-110.692;0.687747;0.216884;-0.395459;-18.3801
22.23;-110.692;0.687154;0.246138;-0.401149;-18.2929
31.0555;-110.692;0.684515;0.274066;-0.416874;-18.1122
39.8809;-110.692;0.718362;0.305826;-0.438426;-17.883
48.7064;-110.692;0.866139;0.337462;-0.455541;-17.646
57.5318;-110.692;0.95415;0.366823;-0.454969;-17.3274
66.3573;-110.692;1.0145;0.377625;-0.434782;-16.8954
75.1828;-110.692;1.07245;0.378936;-0.405297;-16.4006
84.0082;-110.692;1.1305;0.37618;-0.375225;-15.8459
92.8337;-110.692;1.17614;0.373213;-0.345048;-15.2376
101.659;-110.692;1.28193;0.362827;-0.309191;-14.6095
110.485;-110.692;1.28165;0.349652;-0.271263;-13.8299
119.31;-110.692;1.21841;0.329;-0.233563;-12.9386
128.135;-110.692;1.1305;0.308934;-0.199068;-12.0045
136.961;-110.692;0.969723;0.289435;-0.169466;-10.9741
145.786;-110.692;0.885389;0.264883;-0.136821;-9.97408
154.612;-110.692;0.955792;0.235009;-0.0966855;-9.08281
163.437;-110.692;1.07925;0.202363;-0.0515371;-8.22126
172.263;-110.692;1.11322;0.163873;-0.0157621;-7.25064
181.088;-110.692;0.98789;0.139285;0.00895499;-6.13551
189.914;-110.692;0.929164;0.11824;0.0178654;-5.07212
198.739;-110.692;0.941269;0.0973032;0.0237341;-4.05391
207.565;-110.692;1.03098;0.0689337;0.0340413;-3.05591
216.39;-110.692;1.07682;0.042037;0.045577;-2.02053
-198.406;-119.518;0.69361;0.145579;0.0233679;-2.3616
-189.581;-119.518;0.779288;0.127784;-0.000190648;-3.40048
-180.755;-119.518;0.824378;0.0996409;-0.0254278;-4.43813
-171.93;-119.518;0.736386;0.0650916;-0.0543646;-5.39242
-163.105;-119.518;0.750426;0.038736;-0.0786219;-6.31429
-154.279;-119.518;0.751468;0.0147397;-0.102996;-7.23051
-145.454;-119.518;0.723138;-0.00202238;-0.124983;-8.12214
-136.628;-119.518;0.68858;-0.00592609;-0.141985;-8.99508
-127.803;-119.518;0.638272;0.000231804;-0.156267;-9.79557
-118.977;-119.518;0.54486;-0.00639712;-0.183632;-10.5896
-110.152;-119.518;0.516205;-0.0189527;-0.217662;-11.3979
-101.326;-119.518;0.509938;-0.029227;-0.253271;-12.1913
-92.5009;-119.518;0.55022;-0.0320313;-0.284687;-12.9488
-83.6754;-119.518;0.573084;-0.0283582;-0.314538;-13.6399
-74.85;-119.518;0.540095;-0.0248508;-0.342893;-14.2396
-66.0245;-119.518;0.497881;-0.0228714;-0.366273;-14.8338
-57.1991;-119.518;0.52905;-0.0145516;-0.378714;-15.4017
-48.3736;-119.518;0.575267;0.00269905;-0.37928;-15.9037
-39.5482;-119.518;0.55288;0.02681;-0.376519;-16.3081
-30.7227;-119.518;0.502424;0.0537246;-0.373743;-16.5977
-21.8972;-119.518;0.468614;0.0846473;-0.373319;-16.8309
-13.0718;-119.518;0.475131;0.119393;-0.374016;-17.05
-4.24634;-119.518;0.534917;0.15316;-0.375494;-17.2575
4.57912;-119.518;0.615554;0.188189;-0.376385;-17.3858
13.4046;-119.518;0.703844;0.214882;-0.379138;-17.4487
22.23;-119.518;0.747258;0.239703;-0.393696;-17.3977
31.0555;-119.518;0.738872;0.264606;-0.411918;-17.2142
39.8809;-119.518;0.740709;0.289054;-0.4246;-16.952
48.7064;-119.518;0.858167;0.310543;-0.426397;-16.6997
57.5318;-119.518;0.96693;0.331732;-0.418482;-16.3854
66.3573;-119.518;1.02056;0.342495;-0.401969;-15.9582
75.1828;-119.518;1.05405;0.346169;-0.379819;-15.463
84.0082;-119.518;1.09641;0.343015;-0.352939;-14.9095
92.8337;-119.518;1.13072;0.335818;-0.324702;-14.2959
101.659;-119.518;1.14416;0.325989;-0.294299;-13.6047
110.485;-119.518;1.05128;0.313743;-0.255796;-12.7516
119.31;-119.518;0.903172;0.292351;-0.218852;-11.8046
128.135;-119.518;0.771097;0.273453;-0.189812;-10.8885
136.961;-119.518;0.698075;0.253792;-0.160176;-9.99811
145.786;-119.518;0.77285;0.228739;-0.121548;-9.15745
154.612;-119.518;0.997873;0.195196;-0.0746511;-8.37864
163.437;-119.518;1.09766;0.159905;-0.0303256;-7.47609
172.263;-119.518;0.914538;0.126599;0.00049175;-6.34945
181.088;-119.518;0.705507;0.106651;0.02223;-5.19544
189.914;-119.518;0.799728;0.0860754;0.0361403;-4.29791
198.739;-119.518;0.999974;0.0649737;0.0526154;-3.47348
207.565;-119.518;1.19553;0.041924;0.0604325;-2.59945
216.39;-119.518;1.24719;0.0215587;0.0638171;-1.6016
-189.581;-128.343;0.689181;0.111668;0.0065202;-2.81942
-180.755;-128.343;0.734131;0.082997;-0.019028;-3.80445
-171.93;-128.343;0.66734;0.0433416;-0.0513253;-4.77789
-163.105;-128.343;0.690283;0.0223181;-0.074276;-5.6825
-154.279;-128.343;0.669882;0.00185032;-0.100497;-6.56364
-145.454;-128.343;0.603658;-0.013221;-0.123382;-7.38942
-136.628;-128.343;0.558386;-0.0156118;-0.140789;-8.2398
-127.803;-128.343;0.547746;-0.00272009;-0.152771;-9.04013
-118.977;-128.343;0.486882;0.00205471;-0.177432;-9.82492
-110.152;-128.343;0.466409;-0.00632544;-0.211058;-10.5986
-101.326;-128.343;0.435498;-0.0184933;-0.248039;-11.3479
-92.5009;-128.343;0.456961;-0.0263424;-0.286545;-12.0781
-83.6754;-128.343;0.496578;-0.026032;-0.32088;-12.7705
-74.85;-128.343;0.49563;-0.0228076;-0.345393;-13.3805
-66.0245;-128.343;0.450959;-0.0216213;-0.367156;-13.9433
-57.1991;-128.343;0.447103;-0.0170223;-0.383601;-14.4919
-48.3736;-128.343;0.50561;-0.00636986;-0.383029;-14.9938
-39.5482;-128.343;0.457186;0.0158833;-0.375296;-15.3626
-30.7227;-128.343;0.314453;0.0465659;-0.368662;-15.5455
-21.8972;-128.343;0.205968;0.0825779;-0.362597;-15.6859
-13.0718;-128.343;0.227599;0.120538;-0.351873;-15.8837
-4.24634;-128.343;0.371277;0.157703;-0.341296;-16.1447
4.57912;-128.343;0.535215;0.190111;-0.34609;-16.3562
13.4046;-128.343;0.694451;0.212912;-0.357452;-16.4526
22.23;-128.343;0.804948;0.235307;-0.377985;-16.4414
31.0555;-128.343;0.797287;0.254303;-0.393609;-16.2474
39.8809;-128.343;0.693872;0.271518;-0.396836;-15.9182
48.7064;-128.343;0.734071;0.286698;-0.392175;-15.6233
57.5318;-128.343;0.816727;0.301698;-0.382192;-15.3003
66.3573;-128.343;0.858962;0.312542;-0.36952;-14.8769
75.1828;-128.343;0.858601;0.315946;-0.352224;-14.3573
84.0082;-128.343;0.831581;0.312012;-0.330272;-13.7567
92.8337;-128.343;0.787723;0.304378;-0.306942;-13.0873
101.659;-128.343;0.784922;0.290768;-0.278931;-12.3823
110.485;-128.343;0.776624;0.273395;-0.237932;-11.5953
119.31;-128.343;0.726223;0.25702;-0.199967;-10.7829
128.135;-128.343;0.668334;0.240986;-0.168686;-9.98603
136.961;-128.343;0.696418;0.221773;-0.136599;-9.21827
145.786;-128.343;0.881081;0.195271;-0.0958391;-8.48512
154.612;-128.343;0.966459;0.168037;-0.0496642;-7.60759
163.437;-128.343;0.8383;0.128222;-0.0179566;-6.49395
172.263;-128.343;0.528651;0.0955926;0.00860028;-5.273
181.088;-128.343;0.450594;0.0724487;0.0317036;-4.24721
189.914;-128.343;0.867538;0.0449891;0.0550381;-3.64022
198.739;-128.343;1.31064;0.0245549;0.0783875;-3.03106
207.565;-128.343;1.53346;0.00761693;0.0817773;-2.23513
-189.581;-137.169;0.548652;0.0836223;0.0106879;-2.18014
-180.755;-137.169;0.621879;0.0609919;-0.0150189;-3.12745
-171.93;-137.169;0.606316;0.0316831;-0.0427705;-4.06323
-163.105;-137.169;0.608188;0.0128642;-0.0677596;-4.97118
-154.279;-137.169;0.528809;-0.00675405;-0.0978762;-5.8176
-145.454;-137.169;0.423226;-0.022392;-0.123181;-6.59384
-136.628;-137.169;0.391388;-0.0269932;-0.143469;-7.44031
-127.803;-137.169;0.438789;-0.0133469;-0.157144;-8.26444
-118.977;-137.169;0.437491;0.000122433;-0.180313;-9.05374
-110.152;-137.169;0.410581;-0.00232233;-0.209772;-9.7892
-101.326;-137.169;0.348234;-0.0125829;-0.244339;-10.4836
-92.5009;-137.169;0.344077;-0.0229673;-0.284661;-11.1823
-83.6754;-137.169;0.417965;-0.0250116;-0.319063;-11.8813
-74.85;-137.169;0.467479;-0.0213191;-0.340248;-12.495
-66.0245;-137.169;0.410117;-0.0187565;-0.361081;-13.0141
-57.1991;-137.169;0.336509;-0.0157567;-0.381225;-13.525
-48.3736;-137.169;0.397446;-0.0140773;-0.382078;-14.0031
-39.5482;-137.169;0.253969;0.00627295;-0.380116;-14.2625
-30.7227;-137.169;-0.118194;0.0391906;-0.379061;-14.2216
-21.8972;-137.169;-0.367691;0.0750495;-0.372982;-14.2005
-13.0718;-137.169;-0.260274;0.109796;-0.353163;-14.432
-4.24634;-137.169;0.0275552;0.152303;-0.326677;-14.8817
4.57912;-137.169;0.290734;0.185689;-0.322671;-15.1606
13.4046;-137.169;0.482458;0.205038;-0.340729;-15.2576
22.23;-137.169;0.60229;0.223048;-0.362998;-15.2336
31.0555;-137.169;0.641833;0.239043;-0.37254;-15.0777
39.8809;-137.169;0.613834;0.251728;-0.368178;-14.8087
48.7064;-137.169;0.595435;0.262544;-0.366217;-14.4921
57.5318;-137.169;0.634174;0.274488;-0.361747;-14.1493
66.3573;-137.169;0.665731;0.282981;-0.349965;-13.7224
75.1828;-137.169;0.651492;0.284774;-0.332373;-13.1928
84.0082;-137.169;0.589393;0.280027;-0.311735;-12.5724
92.8337;-137.169;0.512464;0.272127;-0.290141;-11.8949
101.659;-137.169;0.520791;0.260169;-0.263191;-11.2313
110.485;-137.169;0.617544;0.247099;-0.223774;-10.5833
119.31;-137.169;0.695299;0.233807;-0.185048;-9.91585
128.135;-137.169;0.731118;0.217119;-0.148792;-9.20831
136.961;-137.169;0.790601;0.194437;-0.112961;-8.4608
145.786;-137.169;0.902283;0.162023;-0.0799585;-7.65955
154.612;-137.169;0.754913;0.131639;-0.0490265;-6.60742
163.437;-137.169;0.436486;0.0960751;-0.0207354;-5.37952
172.263;-137.169;0.183501;0.068561;0.0127825;-4.23939
181.088;-137.169;0.438271;0.0376429;0.042436;-3.49607
189.914;-137.169;1.21864;-0.000471359;0.0702657;-3.18628
198.739;-137.169;1.76927;-0.0213435;0.0900623;-2.66523
-189.581;-145.994;0.425255;0.0620933;0.0183861;-1.49929
-180.755;-145.994;0.497157;0.0497034;-0.00563688;-2.41087
-171.93;-145.994;0.505096;0.0279714;-0.0317436;-3.31803
-163.105;-145.994;0.498346;0.0119084;-0.056042;-4.20179
-154.279;-145.994;0.416782;-0.00414554;-0.0867039;-5.02161
-145.454;-145.994;0.31188;-0.0220912;-0.115626;-5.78756
-136.628;-145.994;0.291403;-0.0335038;-0.142995;-6.64298
-127.803;-145.994;0.362884;-0.0255174;-0.162082;-7.48486
-118.977;-145.994;0.395569;-0.0105277;-0.182794;-8.26412
-110.152;-145.994;0.35761;-0.00700579;-0.204808;-8.96214
-101.326;-145.994;0.265464;-0.0125154;-0.235951;-9.60764
-92.5009;-145.994;0.246047;-0.0219867;-0.274611;-10.2691
-83.6754;-145.994;0.362787;-0.0246952;-0.305929;-10.9658
-74.85;-145.994;0.453609;-0.020536;-0.326118;-11.5888
-66.0245;-145.994;0.362841;-0.0163497;-0.350074;-12.0673
-57.1991;-145.994;0.202349;-0.0123104;-0.37644;-12.4946
-48.3736;-145.994;0.215507;-0.0165361;-0.384979;-12.8927
-39.5482;-145.994;-0.0693605;0.0114184;-0.394469;-12.9875
-30.7227;-145.994;-0.779709;0.0465101;-0.404805;-12.7119
-21.8972;-145.994;-1.37436;0.0842855;-0.40437;-12.5623
-13.0718;-145.994;-1.3352;0.118805;-0.382297;-12.7913
-4.24634;-145.994;-0.674579;0.145253;-0.345397;-13.3229
4.57912;-145.994;-0.142574;0.175476;-0.331047;-13.7875
13.4046;-145.994;0.0949076;0.192535;-0.348241;-13.9309
22.23;-145.994;0.241282;0.205206;-0.361814;-13.9109
31.0555;-145.994;0.365833;0.215846;-0.359409;-13.8002
39.8809;-145.994;0.456421;0.225113;-0.348181;-13.6155
48.7064;-145.994;0.486509;0.234473;-0.346436;-13.3446
57.5318;-145.994;0.517199;0.247489;-0.346239;-13.0075
66.3573;-145.994;0.546757;0.255731;-0.334924;-12.5929
75.1828;-145.994;0.546311;0.256289;-0.314733;-12.0852
84.0082;-145.994;0.500724;0.250312;-0.290614;-11.4906
92.8337;-145.994;0.434945;0.241814;-0.26646;-10.8467
101.659;-145.994;0.464406;0.232386;-0.239227;-10.239
110.485;-145.994;0.597797;0.223378;-0.204138;-9.67301
119.31;-145.994;0.708;0.210354;-0.169651;-9.05089
128.135;-145.994;0.754343;0.190646;-0.135291;-8.33521
136.961;-145.994;0.7616;0.164317;-0.100447;-7.52727
145.786;-145.994;0.678844;0.136722;-0.0693173;-6.59609
154.612;-145.994;0.507636;0.101002;-0.041663;-5.57435
163.437;-145.994;0.343825;0.0612956;-0.0158122;-4.52161
172.263;-145.994;0.380222;0.0416587;0.0250611;-3.66494
181.088;-145.994;0.970879;0.00690688;0.0559379;-3.18707
189.914;-145.994;1.7899;-0.0349262;0.0798494;-2.89934
198.739;-145.994;2.15373;-0.0656604;0.110435;-2.152
-171.93;-154.819;0.439846;0.0329538;-0.0146762;-2.58853
-163.105;-154.819;0.419018;0.0179088;-0.0391998;-3.43805
-154.279;-154.819;0.366952;0.00802721;-0.0650364;-4.23688
-145.454;-154.819;0.310883;-0.0114443;-0.0957153;-5.02192
-136.628;-154.819;0.301504;-0.0290264;-0.129641;-5.87025
-127.803;-154.819;0.347149;-0.0292634;-0.154794;-6.69364
-118.977;-154.819;0.367915;-0.0195639;-0.171841;-7.43918
-110.152;-154.819;0.329765;-0.0138304;-0.187021;-8.10936
-101.326;-154.819;0.210453;-0.0140831;-0.216181;-8.7186
-92.5009;-154.819;0.178952;-0.0196621;-0.253979;-9.33879
-83.6754;-154.819;0.311708;-0.0208638;-0.283637;-10.0191
-74.85;-154.819;0.420871;-0.0171106;-0.304868;-10.638
-66.0245;-154.819;0.33243;-0.0141953;-0.332264;-11.1019
-57.1991;-154.819;0.135268;-0.0123259;-0.363298;-11.49
-48.3736;-154.819;0.107179;-0.0147628;-0.378109;-11.8476
-39.5482;-154.819;-0.186763;0.0095064;-0.391165;-11.922
-30.7227;-154.819;-0.877305;0.0418793;-0.406957;-11.6303
-21.8972;-154.819;-1.51207;0.0730084;-0.411313;-11.4317
-13.0718;-154.819;-1.62386;0.0947735;-0.396392;-11.5322
-4.24634;-154.819;-1.09762;0.111909;-0.371913;-11.9204
4.57912;-154.819;-0.318889;0.150001;-0.366967;-12.5119
13.4046;-154.819;-0.0200539;0.168807;-0.368906;-12.7312
22.23;-154.819;0.146775;0.179898;-0.363707;-12.7457
31.0555;-154.819;0.2989;0.189802;-0.349613;-12.667
39.8809;-154.819;0.423657;0.200051;-0.33334;-12.518
48.7064;-154.819;0.473246;0.206416;-0.324076;-12.2426
57.5318;-154.819;0.503519;0.217364;-0.320503;-11.9005
66.3573;-154.819;0.530783;0.224959;-0.307951;-11.4981
75.1828;-154.819;0.542766;0.2263;-0.286027;-11.0296
84.0082;-154.819;0.529353;0.221493;-0.258405;-10.4933
92.8337;-154.819;0.500621;0.21325;-0.231343;-9.90637
101.659;-154.819;0.550408;0.204363;-0.203987;-9.3394
110.485;-154.819;0.641132;0.196324;-0.173878;-8.76428
119.31;-154.819;0.656974;0.185194;-0.146776;-8.08756
128.135;-154.819;0.594313;0.16758;-0.119685;-7.29827
136.961;-154.819;0.516577;0.143351;-0.0900091;-6.43813
145.786;-154.819;0.44462;0.115846;-0.0607018;-5.53877
154.612;-154.819;0.489676;0.0788633;-0.0316993;-4.72093
163.437;-154.819;0.703709;0.0488751;-0.00172526;-4.05467
172.263;-154.819;1.12004;0.0303245;0.0325208;-3.55578
181.088;-154.819;1.75352;-0.00233255;0.0597263;-3.15455
189.914;-154.819;2.20119;-0.0467975;0.0948384;-2.48248
-163.105;-163.645;0.405506;0.0306385;-0.0179366;-2.68459
-154.279;-163.645;0.360359;0.0190561;-0.0442525;-3.47269
-145.454;-163.645;0.354187;0.00429986;-0.0691912;-4.27074
-136.628;-163.645;0.366533;-0.0136869;-0.100831;-5.08808
-127.803;-163.645;0.374265;-0.0194229;-0.127041;-5.86487
-118.977;-163.645;0.373717;-0.0172832;-0.144452;-6.57852
-110.152;-163.645;0.333294;-0.0155197;-0.159601;-7.22967
-101.326;-163.645;0.21313;-0.0123028;-0.18881;-7.81791
-92.5009;-163.645;0.137601;-0.0138812;-0.227902;-8.40711
-83.6754;-163.645;0.233488;-0.0128281;-0.25734;-9.04542
-74.85;-163.645;0.335414;-0.0103511;-0.279467;-9.63587
-66.0245;-163.645;0.265826;-0.0108034;-0.307479;-10.0914
-57.1991;-163.645;0.0899945;-0.0117922;-0.340067;-10.4781
-48.3736;-163.645;0.159086;-0.0136653;-0.355752;-10.893
-39.5482;-163.645;0.0966227;0.00686312;-0.367863;-11.1527
-30.7227;-163.645;-0.3226;0.0375985;-0.391793;-11.0996
-21.8972;-163.645;-0.762131;0.0616186;-0.406729;-10.9696
-13.0718;-163.645;-0.888559;0.0757443;-0.399974;-10.9639
-4.24634;-163.645;-0.605681;0.0948598;-0.381626;-11.188
4.57912;-163.645;-0.0535824;0.126069;-0.381568;-11.5883
13.4046;-163.645;0.172128;0.145128;-0.373503;-11.7718
22.23;-163.645;0.297204;0.155594;-0.353564;-11.7667
31.0555;-163.645;0.406217;0.163662;-0.329367;-11.6499
39.8809;-163.645;0.497807;0.17448;-0.30755;-11.4725
48.7064;-163.645;0.536153;0.180872;-0.286297;-11.1848
57.5318;-163.645;0.557115;0.187244;-0.275987;-10.83
66.3573;-163.645;0.574308;0.19348;-0.264168;-10.4328
75.1828;-163.645;0.572751;0.197053;-0.244792;-9.99226
84.0082;-163.645;0.55655;0.194036;-0.216683;-9.4922
92.8337;-163.645;0.548366;0.187021;-0.188318;-8.94866
101.659;-163.645;0.592182;0.178691;-0.161936;-8.39541
110.485;-163.645;0.635683;0.169098;-0.135814;-7.79599
119.31;-163.645;0.59866;0.157302;-0.113279;-7.09459
128.135;-163.645;0.511357;0.142523;-0.0917767;-6.31458
136.961;-163.645;0.455501;0.125451;-0.066709;-5.51816
145.786;-163.645;0.479964;0.106423;-0.0382601;-4.75722
154.612;-163.645;0.748711;0.080775;-0.0065812;-4.13302
163.437;-163.645;1.1883;0.0563162;0.0200946;-3.70576
172.263;-163.645;1.60778;0.0330856;0.0443673;-3.25683
181.088;-163.645;2.02588;-0.00311095;0.0659208;-2.69528
189.914;-163.645;2.1621;-0.0435722;0.0999281;-1.77704
-154.279;-172.47;0.359817;0.0283032;-0.02409;-2.6968
-145.454;-172.47;0.341877;0.0112413;-0.0501175;-3.4606
-136.628;-172.47;0.353407;-0.00316356;-0.0770515;-4.24291
-127.803;-172.47;0.341699;-0.0125981;-0.102148;-4.97811
-118.977;-172.47;0.325461;-0.0160767;-0.121159;-5.66136
-110.152;-172.47;0.304419;-0.0143426;-0.14145;-6.31952
-101.326;-172.47;0.213357;-0.00873763;-0.171536;-6.92341
-92.5009;-172.47;0.135171;-0.00808135;-0.202718;-7.48821
-83.6754;-172.47;0.179775;-0.00794472;-0.22604;-8.04813
-74.85;-172.47;0.252772;-0.00768452;-0.248406;-8.59898
-66.0245;-172.47;0.204267;-0.00856121;-0.274746;-9.04333
-57.1991;-172.47;0.0386738;-0.00749178;-0.304694;-9.41046
-48.3736;-172.47;0.0847989;-0.00288401;-0.320754;-9.82299
-39.5482;-172.47;0.251688;0.0108627;-0.331975;-10.2396
-30.7227;-172.47;0.167117;0.0309573;-0.355698;-10.4205
-21.8972;-172.47;0.0149531;0.0492026;-0.374862;-10.4715
-13.0718;-172.47;0.0373494;0.0677015;-0.37425;-10.5658
-4.24634;-172.47;0.268308;0.0985393;-0.358449;-10.8196
4.57912;-172.47;0.436049;0.119208;-0.352172;-10.9673
13.4046;-172.47;0.517643;0.128969;-0.343162;-10.9786
22.23;-172.47;0.529028;0.135714;-0.32048;-10.8577
31.0555;-172.47;0.527971;0.141725;-0.291543;-10.6378
39.8809;-172.47;0.55101;0.1518;-0.265613;-10.3946
48.7064;-172.47;0.589561;0.156728;-0.23668;-10.1016
57.5318;-172.47;0.590084;0.160981;-0.220034;-9.7479
66.3573;-172.47;0.586612;0.167158;-0.210176;-9.35767
75.1828;-172.47;0.577525;0.172318;-0.194802;-8.93605
84.0082;-172.47;0.563204;0.171145;-0.168983;-8.46319
92.8337;-172.47;0.555445;0.163972;-0.142608;-7.94189
101.659;-172.47;0.583801;0.154277;-0.117312;-7.39666
110.485;-172.47;0.627017;0.141743;-0.0922641;-6.8147
119.31;-172.47;0.619253;0.130009;-0.0715503;-6.16489
128.135;-172.47;0.585312;0.11912;-0.0549741;-5.46895
136.961;-172.47;0.595444;0.108029;-0.0365131;-4.77946
145.786;-172.47;0.723219;0.0944715;-0.0147546;-4.15934
154.612;-172.47;1.05699;0.0754452;0.00981177;-3.65499
163.437;-172.47;1.37336;0.0566826;0.0336237;-3.14557
172.263;-172.47;1.66426;0.0266243;0.0468541;-2.57104
-145.454;-181.296;0.304358;0.0140504;-0.0335931;-2.62405
-136.628;-181.296;0.253576;0.00031401;-0.0554773;-3.33284
-127.803;-181.296;0.213475;-0.0137218;-0.0814487;-4.04269
-118.977;-181.296;0.171922;-0.0227018;-0.103689;-4.69936
-110.152;-181.296;0.166238;-0.0185288;-0.124658;-5.35002
-101.326;-181.296;0.0982794;-0.00313648;-0.148449;-5.93101
-92.5009;-181.296;0.0116049;0.00162906;-0.171178;-6.45029
-83.6754;-181.296;0.0273832;0.000554256;-0.18785;-6.95686
-74.85;-181.296;0.123015;-0.00197931;-0.209363;-7.5086
-66.0245;-181.296;0.143232;-0.00345026;-0.232458;-7.96855
-57.1991;-181.296;0.0148042;-0.00041592;-0.256383;-8.31512
-48.3736;-181.296;0.0159366;0.00862444;-0.270953;-8.68589
-39.5482;-181.296;0.222437;0.0186065;-0.281882;-9.13461
-30.7227;-181.296;0.311543;0.0299951;-0.297957;-9.42882
-21.8972;-181.296;0.339021;0.0439972;-0.311207;-9.61081
-13.0718;-181.296;0.479114;0.063371;-0.311406;-9.8024
-4.24634;-181.296;0.743259;0.0893979;-0.302435;-10.0434
4.57912;-181.296;0.76888;0.105363;-0.301934;-10.1081
13.4046;-181.296;0.754919;0.111063;-0.293389;-10.0432
22.23;-181.296;0.671556;0.117361;-0.271288;-9.84283
31.0555;-181.296;0.566281;0.12381;-0.242774;-9.53761
39.8809;-181.296;0.513767;0.133014;-0.215965;-9.23249
48.7064;-181.296;0.54517;0.136837;-0.188191;-8.93426
57.5318;-181.296;0.542997;0.140708;-0.169215;-8.59607
66.3573;-181.296;0.53656;0.144844;-0.15792;-8.22408
75.1828;-181.296;0.540784;0.148478;-0.142991;-7.82562
84.0082;-181.296;0.543684;0.148174;-0.119761;-7.38443
92.8337;-181.296;0.53725;0.142219;-0.0989804;-6.88628
101.659;-181.296;0.536837;0.135991;-0.0817171;-6.35275
110.485;-181.296;0.562105;0.126282;-0.0631695;-5.80198
119.31;-181.296;0.586667;0.115454;-0.0453519;-5.21876
128.135;-181.296;0.618418;0.104219;-0.0303902;-4.60802
136.961;-181.296;0.693757;0.0923287;-0.0155561;-4.00051
145.786;-181.296;0.875015;0.0784147;-0.00143554;-3.45419
154.612;-181.296;1.09588;0.0623609;0.0131136;-2.90245
163.437;-181.296;1.27883;0.0413545;0.0320066;-2.29313
-136.628;-190.121;0.19613;0.00728668;-0.0303135;-2.40785
-127.803;-190.121;0.162143;-0.00530246;-0.0493541;-3.08
-118.977;-190.121;0.114246;-0.0168172;-0.0701843;-3.7284
-110.152;-190.121;0.0842868;-0.0139995;-0.0917804;-4.36004
-101.326;-190.121;-0.015994;0.00609048;-0.11095;-4.88535
-92.5009;-190.121;-0.166291;0.0134192;-0.129598;-5.32446
-83.6754;-190.121;-0.167756;0.0121491;-0.144547;-5.81097
-74.85;-190.121;-0.0250949;0.00820204;-0.162757;-6.37726
-66.0245;-190.121;0.0898463;0.00615665;-0.182526;-6.88579
-57.1991;-190.121;0.054378;0.00879555;-0.202292;-7.26208
-48.3736;-190.121;0.0591765;0.0169972;-0.214899;-7.60564
-39.5482;-190.121;0.165635;0.0245688;-0.223792;-7.97016
-30.7227;-190.121;0.257111;0.0331247;-0.233648;-8.2676
-21.8972;-190.121;0.354962;0.047134;-0.242765;-8.50504
-13.0718;-190.121;0.510745;0.0687243;-0.249013;-8.73191
-4.24634;-190.121;0.685397;0.089162;-0.249232;-8.89378
4.57912;-190.121;0.685484;0.0960841;-0.246112;-8.88739
13.4046;-190.121;0.573083;0.0976238;-0.238508;-8.74877
22.23;-190.121;0.470705;0.101721;-0.219773;-8.52108
31.0555;-190.121;0.3864;0.108797;-0.197073;-8.25021
39.8809;-190.121;0.354107;0.116018;-0.173987;-7.97691
48.7064;-190.121;0.390468;0.119267;-0.149034;-7.70549
57.5318;-190.121;0.402613;0.122281;-0.129218;-7.39366
66.3573;-190.121;0.418893;0.124949;-0.113603;-7.0478
75.1828;-190.121;0.45553;0.127365;-0.0965512;-6.68133
84.0082;-190.121;0.485849;0.127554;-0.0758974;-6.2781
92.8337;-190.121;0.491425;0.124126;-0.061859;-5.81781
101.659;-190.121;0.486417;0.121646;-0.053259;-5.31322
110.485;-190.121;0.500954;0.115812;-0.0440938;-4.79246
119.31;-190.121;0.528682;0.107134;-0.0333819;-4.25081
128.135;-190.121;0.579323;0.0961255;-0.0217528;-3.68954
136.961;-190.121;0.667171;0.0843681;-0.00988597;-3.11376
145.786;-190.121;0.814931;0.0683194;0.00429032;-2.55282
154.612;-190.121;0.938992;0.0505413;0.0213542;-1.93899
-118.977;-198.947;0.101305;0.000245346;-0.0317134;-2.76129
-110.152;-198.947;0.0919557;0.00184383;-0.0493185;-3.3484
-101.326;-198.947;-0.03895;0.0173535;-0.0712276;-3.86695
-92.5009;-198.947;-0.258473;0.0236097;-0.0929401;-4.27431
-83.6754;-198.947;-0.269998;0.0232536;-0.107012;-4.77006
-74.85;-198.947;-0.11751;0.020715;-0.119455;-5.32565
-66.0245;-198.947;0.0506661;0.0186887;-0.133731;-5.84227
-57.1991;-198.947;0.120925;0.0187192;-0.149772;-6.24666
-48.3736;-198.947;0.125112;0.0245193;-0.163623;-6.57161
-39.5482;-198.947;0.161835;0.0292982;-0.175523;-6.86676
-30.7227;-198.947;0.192786;0.0330497;-0.190877;-7.12894
-21.8972;-198.947;0.261822;0.0439879;-0.203886;-7.34692
-13.0718;-198.947;0.384024;0.063746;-0.212282;-7.53361
-4.24634;-198.947;0.494842;0.0801252;-0.209835;-7.61661
4.57912;-198.947;0.467864;0.084186;-0.20231;-7.56543
13.4046;-198.947;0.38772;0.0825339;-0.191476;-7.42052
22.23;-198.947;0.32086;0.0854761;-0.176117;-7.22691
31.0555;-198.947;0.256281;0.091515;-0.158152;-6.9983
39.8809;-198.947;0.22392;0.0956237;-0.13722;-6.74824
48.7064;-198.947;0.24645;0.0976911;-0.114649;-6.49586
57.5318;-198.947;0.275248;0.10115;-0.0943827;-6.21337
66.3573;-198.947;0.317322;0.104893;-0.0743843;-5.89646
75.1828;-198.947;0.377048;0.106755;-0.0543786;-5.55682
84.0082;-198.947;0.426127;0.106397;-0.0359986;-5.18403
92.8337;-198.947;0.45057;0.103954;-0.0272189;-4.76112
101.659;-198.947;0.4691;0.104231;-0.0247075;-4.30071
110.485;-198.947;0.49691;0.101817;-0.0215218;-3.81534
119.31;-198.947;0.520972;0.0955473;-0.0160593;-3.28614
128.135;-198.947;0.546241;0.0862671;-0.0112329;-2.73609
136.961;-198.947;0.599508;0.0743958;-0.00291818;-2.17527
145.786;-198.947;0.70021;0.0566585;0.0153389;-1.58999
-118.977;-207.772;0.015966;0.0180141;-0.00183971;-1.77615
-110.152;-207.772;0.052824;0.0213125;-0.0181262;-2.34667
-101.326;-207.772;-0.0357196;0.027711;-0.0430419;-2.86694
-92.5009;-207.772;-0.202745;0.0272866;-0.0663856;-3.31468
-83.6754;-207.772;-0.18943;0.0259446;-0.0752548;-3.80222
-74.85;-207.772;-0.099069;0.0262054;-0.082433;-4.3058
-66.0245;-207.772;0.0068562;0.0259684;-0.0964185;-4.76295
-57.1991;-207.772;0.0729841;0.0266;-0.109974;-5.13578
-48.3736;-207.772;0.0949409;0.0286434;-0.123908;-5.44521
-39.5482;-207.772;0.101438;0.0320179;-0.138837;-5.70668
-30.7227;-207.772;0.117571;0.0344976;-0.156021;-5.9341
-21.8972;-207.772;0.157902;0.0417217;-0.171728;-6.11876
-13.0718;-207.772;0.226734;0.0560413;-0.183979;-6.26262
-4.24634;-207.772;0.287244;0.0684942;-0.185148;-6.32021
4.57912;-207.772;0.276505;0.0697854;-0.177195;-6.2752
13.4046;-207.772;0.246487;0.0661539;-0.164009;-6.16367
22.23;-207.772;0.219207;0.0694421;-0.147014;-6.00744
31.0555;-207.772;0.178043;0.0737452;-0.12498;-5.80166
39.8809;-207.772;0.152058;0.0757466;-0.0999528;-5.57447
48.7064;-207.772;0.171894;0.0762525;-0.0760574;-5.34744
57.5318;-207.772;0.227036;0.0779603;-0.0537474;-5.09902
66.3573;-207.772;0.300329;0.0815073;-0.0297261;-4.8079
75.1828;-207.772;0.370197;0.0829822;-0.00851891;-4.49074
84.0082;-207.772;0.431398;0.0837387;0.0060536;-4.15569
92.8337;-207.772;0.490845;0.0838774;0.0110415;-3.78037
101.659;-207.772;0.534642;0.0853752;0.0106027;-3.36736
110.485;-207.772;0.567047;0.0842088;0.00779639;-2.89057
119.31;-207.772;0.574345;0.077944;0.00815754;-2.36593
128.135;-207.772;0.574192;0.0689163;0.00907577;-1.81691
136.961;-207.772;0.578027;0.0572761;0.0156787;-1.24858
-83.6754;-216.598;-0.150553;0.0287671;-0.0464999;-2.81435
-74.85;-216.598;-0.0698529;0.030023;-0.0517953;-3.2533
-66.0245;-216.598;-0.0211978;0.0319212;-0.0640836;-3.6599
-57.1991;-216.598;0.0016285;0.0323088;-0.0756969;-3.99598
-48.3736;-216.598;0.00145107;0.0319708;-0.0892959;-4.28903
-39.5482;-216.598;0.0199876;0.0347742;-0.104509;-4.5315
-30.7227;-216.598;0.0559018;0.0390562;-0.122323;-4.73307
-21.8972;-216.598;0.0952491;0.0445669;-0.137951;-4.89227
-13.0718;-216.598;0.135929;0.051939;-0.150282;-5.00073
-4.24634;-216.598;0.161466;0.0582145;-0.156682;-5.04868
4.57912;-216.598;0.151133;0.0584529;-0.154878;-5.03479
13.4046;-216.598;0.13946;0.0543195;-0.143826;-4.96566
22.23;-216.598;0.120239;0.0561979;-0.120894;-4.81775
31.0555;-216.598;0.0958551;0.0567995;-0.0896536;-4.61142
39.8809;-216.598;0.104025;0.0554434;-0.05789;-4.40938
48.7064;-216.598;0.171168;0.0541792;-0.0293016;-4.23701
57.5318;-216.598;0.285476;0.0551396;-0.0027199;-4.06088
66.3573;-216.598;0.389844;0.0599131;0.023116;-3.81953
75.1828;-216.598;0.473421;0.0641676;0.0398616;-3.53559
84.0082;-216.598;0.56478;0.0695323;0.0501885;-3.25641
92.8337;-216.598;0.660815;0.0690686;0.0498384;-2.92567
101.659;-216.598;0.730768;0.0636639;0.0434838;-2.51748
110.485;-216.598;0.718139;0.0592959;0.0341306;-2.01065
-83.6754;-225.423;-0.133148;0.0325874;-0.0149801;-1.78283
-74.85;-225.423;-0.0454036;0.0334212;-0.0221771;-2.20293
-66.0245;-225.423;-0.0131855;0.0353984;-0.0340545;-2.57363
-57.1991;-225.423;-0.0169903;0.0349862;-0.0433471;-2.88318
-48.3736;-225.423;-0.03701;0.0334784;-0.0528365;-3.15803
-39.5482;-225.423;-0.0055027;0.0350749;-0.0672247;-3.39832
-30.7227;-225.423;0.0465333;0.0408966;-0.0848178;-3.59621
-21.8972;-225.423;0.0782624;0.0471537;-0.101706;-3.74282
-13.0718;-225.423;0.0952924;0.0518406;-0.112966;-3.83534
-4.24634;-225.423;0.0945464;0.0547563;-0.119339;-3.87455
4.57912;-225.423;0.0654043;0.0546552;-0.121214;-3.85726
13.4046;-225.423;0.0276722;0.0493649;-0.11409;-3.78338
22.23;-225.423;0.00210755;0.046946;-0.084489;-3.6246
31.0555;-225.423;0.00972294;0.045194;-0.046484;-3.44659
39.8809;-225.423;0.112327;0.042557;-0.0110322;-3.31842
48.7064;-225.423;0.247565;0.0425983;0.0200621;-3.22416
57.5318;-225.423;0.436433;0.0433138;0.0477104;-3.12335
66.3573;-225.423;0.527002;0.0516027;0.0703326;-2.94372
75.1828;-225.423;0.606364;0.0596703;0.077937;-2.67977
84.0082;-225.423;0.686016;0.0609093;0.071783;-2.35874
92.8337;-225.423;0.711629;0.0599768;0.0658099;-1.98172
-39.5482;-234.249;0.0306207;0.0354405;-0.0277911;-2.31585
-30.7227;-234.249;0.0831289;0.0397082;-0.0469253;-2.5183
-21.8972;-234.249;0.0934164;0.0451104;-0.0649301;-2.6535
-13.0718;-234.249;0.0837572;0.0485866;-0.0745905;-2.72144
-4.24634;-234.249;0.0577434;0.0508736;-0.0789455;-2.7389
4.57912;-234.249;0.00689619;0.0504087;-0.0780965;-2.6926
13.4046;-234.249;-0.0793437;0.0445094;-0.0701936;-2.58562
22.23;-234.249;-0.0531941;0.0405021;-0.0384399;-2.48313
31.0555;-234.249;0.0867969;0.0402179;-0.00169088;-2.44944
39.8809;-234.249;0.350686;0.0378335;0.0298808;-2.43843
48.7064;-234.249;0.536908;0.0357934;0.0508504;-2.35958
57.5318;-234.249;0.540877;0.0379795;0.0615731;-2.15631
66.3573;-234.249;0.400515;0.0474796;0.0638831;-1.8412
75.1828;-234.249;0.247771;0.0534012;0.0573436;-1.4559
-4.24634;-243.074;0.085174;0.0496736;-0.0348172;-1.6807
4.57912;-243.074;0.0448187;0.0498708;-0.0358072;-1.65733
13.4046;-243.074;-0.0103361;0.0438817;-0.0290344;-1.59564
22.23;-243.074;0.19242;0.0416891;-0.000938984;-1.63428
31.0555;-243.074;0.548206;0.0420236;0.0340498;-1.73282
