x[mm];y[mm];z[mm];x-displacement[mm];y-displacement[mm];z-displacement[mm]
-4.24634;224.675;0.375758;0.0401711;0.076434;-2.18839
4.57912;224.675;0.279688;0.0477794;0.0767366;-2.19067
13.4046;224.675;0.244098;0.0547669;0.07509;-2.16721
22.23;224.675;0.214277;0.0556906;0.0662732;-2.09075
31.0555;224.675;0.169214;0.0549934;0.061285;-1.97963
-39.5482;215.85;0.228536;0.027427;0.100001;-2.50836
-30.7227;215.85;0.132185;0.02906;0.106526;-2.64531
-21.8972;215.85;0.00690536;0.0343991;0.0980183;-2.69245
-13.0718;215.85;-0.0678567;0.0474778;0.09279;-2.81099
-4.24634;215.85;-0.0400073;0.0531512;0.0943955;-2.93546
4.57912;215.85;-0.0137488;0.0581325;0.103452;-3.02984
13.4046;215.85;0.00217642;0.061993;0.110037;-3.05362
22.23;215.85;0.0324511;0.0615263;0.108041;-3.02214
31.0555;215.85;0.0670344;0.0628629;0.103175;-2.9604
39.8809;215.85;0.0771415;0.0657305;0.0923676;-2.83995
48.7064;215.85;0.0358777;0.0680357;0.0797759;-2.66638
57.5318;215.85;-0.0227074;0.0697182;0.0679433;-2.43768
66.3573;215.85;-0.0863275;0.0689436;0.0668307;-2.18009
75.1828;215.85;-0.127406;0.0660267;0.0651109;-1.89802
-74.85;207.024;0.59461;0.0149145;0.0717752;-2.42126
-66.0245;207.024;0.486612;0.0238971;0.0802636;-2.72221
-57.1991;207.024;0.307945;0.0289866;0.0936604;-2.97413
-48.3736;207.024;0.233351;0.0278033;0.108067;-3.26299
-39.5482;207.024;0.145739;0.0288389;0.119375;-3.46895
-30.7227;207.024;-0.153578;0.0343232;0.133284;-3.4939
-21.8972;207.024;-0.444783;0.0394884;0.130358;-3.42404
-13.0718;207.024;-0.518978;0.0507398;0.12185;-3.51306
-4.24634;207.024;-0.398179;0.0591868;0.116137;-3.68966
4.57912;207.024;-0.29085;0.0657031;0.127585;-3.85969
13.4046;207.024;-0.188586;0.0694319;0.138712;-3.9622
22.23;207.024;-0.0832845;0.0703884;0.140189;-4.00071
31.0555;207.024;0.00173202;0.0728558;0.132603;-3.96938
39.8809;207.024;0.0396905;0.0782357;0.117514;-3.86105
48.7064;207.024;0.0246193;0.0823192;0.101239;-3.68986
57.5318;207.024;-0.0306136;0.0849093;0.092339;-3.4562
66.3573;207.024;-0.0857333;0.0854222;0.0926805;-3.19288
75.1828;207.024;-0.119264;0.0829172;0.0921705;-2.90301
84.0082;207.024;-0.122125;0.0775705;0.085182;-2.5837
92.8337;207.024;-0.102492;0.0729257;0.0678099;-2.21477
-110.152;198.199;0.893724;0.0180101;0.0422459;-1.67058
-101.326;198.199;0.790244;0.0117772;0.0585033;-2.14334
-92.5009;198.199;0.684541;0.00210733;0.0739463;-2.61642
-83.6754;198.199;0.63034;-0.00455216;0.084752;-3.06924
-74.85;198.199;0.540479;0.00253066;0.0933553;-3.4779
-66.0245;198.199;0.373743;0.0185466;0.100046;-3.76974
-57.1991;198.199;0.150043;0.0326804;0.114049;-3.99017
-48.3736;198.199;0.108936;0.0332638;0.123813;-4.2536
-39.5482;198.199;0.0654755;0.0350129;0.129063;-4.47097
-30.7227;198.199;-0.178439;0.0393421;0.141494;-4.5232
-21.8972;198.199;-0.383967;0.0415744;0.141772;-4.50526
-13.0718;198.199;-0.404249;0.0501306;0.133968;-4.61008
-4.24634;198.199;-0.259576;0.0586536;0.125506;-4.78463
4.57912;198.199;-0.149092;0.0650265;0.135562;-4.95237
13.4046;198.199;-0.0598719;0.0706027;0.14799;-5.06085
22.23;198.199;0.00467943;0.0761707;0.15247;-5.09342
31.0555;198.199;0.0444207;0.0814289;0.14676;-5.04052
39.8809;198.199;0.062254;0.0869487;0.133815;-4.91874
48.7064;198.199;0.0619776;0.0913271;0.120293;-4.74613
57.5318;198.199;0.0215814;0.0955256;0.11202;-4.51015
66.3573;198.199;-0.0206234;0.0979826;0.109324;-4.23533
75.1828;198.199;-0.044663;0.0971279;0.105524;-3.9313
84.0082;198.199;-0.0387745;0.0928553;0.0984764;-3.59425
92.8337;198.199;-0.0265803;0.0868763;0.0854957;-3.21639
101.659;198.199;-0.010551;0.0804506;0.0701181;-2.7939
110.485;198.199;0.0169507;0.0714877;0.0530559;-2.34725
-110.152;189.373;0.930837;0.00303262;0.053286;-2.61542
-101.326;189.373;0.892086;-0.00263971;0.0634517;-3.13804
-92.5009;189.373;0.791371;-0.0124238;0.0786871;-3.63058
-83.6754;189.373;0.655952;-0.0208491;0.0980441;-4.08291
-74.85;189.373;0.473169;-0.0120061;0.112052;-4.45897
-66.0245;189.373;0.255245;0.0123764;0.122841;-4.7674
-57.1991;189.373;0.0654671;0.0316438;0.125479;-4.95824
-48.3736;189.373;0.000737889;0.0330401;0.132908;-5.20774
-39.5482;189.373;0.0191545;0.03546;0.133203;-5.49601
-30.7227;189.373;-0.0364448;0.0405296;0.139439;-5.70684
-21.8972;189.373;-0.082711;0.0467437;0.140915;-5.84217
-13.0718;189.373;-0.0487373;0.0563964;0.136499;-5.98727
-4.24634;189.373;0.0601943;0.0651405;0.131487;-6.13489
4.57912;189.373;0.120273;0.0701144;0.140299;-6.24572
13.4046;189.373;0.149755;0.0749174;0.150249;-6.27654
22.23;189.373;0.152561;0.0815655;0.155568;-6.24162
31.0555;189.373;0.146051;0.0877031;0.153225;-6.14931
39.8809;189.373;0.144224;0.0925942;0.145107;-6.01196
48.7064;189.373;0.148461;0.0969449;0.135496;-5.83072
57.5318;189.373;0.119586;0.102309;0.127558;-5.58297
66.3573;189.373;0.0844441;0.105747;0.120342;-5.29074
75.1828;189.373;0.0629578;0.106117;0.113086;-4.96937
84.0082;189.373;0.0600902;0.10336;0.104948;-4.61823
92.8337;189.373;0.0644549;0.0988143;0.0946436;-4.22588
101.659;189.373;0.0664289;0.0930443;0.0818908;-3.78627
110.485;189.373;0.0848117;0.0857892;0.0673493;-3.3059
119.31;189.373;0.124769;0.0760885;0.0487928;-2.81397
128.135;189.373;0.179572;0.0650438;0.0298611;-2.29777
136.961;189.373;0.201108;0.0489019;0.00659324;-1.71036
-127.803;180.548;1.05846;0.00116345;0.0277723;-2.36149
-118.977;180.548;0.997956;-0.0104747;0.0466599;-2.94538
-110.152;180.548;0.970836;-0.0175354;0.0607293;-3.51729
-101.326;180.548;0.96254;-0.0259979;0.0686872;-4.04568
-92.5009;180.548;0.807726;-0.0360012;0.0911527;-4.51143
-83.6754;180.548;0.539784;-0.0444086;0.124566;-4.89805
-74.85;180.548;0.348888;-0.0304796;0.142141;-5.31014
-66.0245;180.548;0.265878;0.00227566;0.138886;-5.75704
-57.1991;180.548;0.201836;0.0259586;0.125703;-6.03759
-48.3736;180.548;0.0658138;0.0283204;0.135524;-6.29018
-39.5482;180.548;0.0982304;0.0274299;0.136621;-6.57435
-30.7227;180.548;0.155431;0.0315949;0.138411;-6.85241
-21.8972;180.548;0.209804;0.0396674;0.139288;-7.06382
-13.0718;180.548;0.26204;0.0499709;0.138849;-7.22697
-4.24634;180.548;0.305143;0.0586444;0.13989;-7.34507
4.57912;180.548;0.300953;0.0637747;0.148506;-7.40639
13.4046;180.548;0.280497;0.0719194;0.156985;-7.39495
22.23;180.548;0.257491;0.0813233;0.161871;-7.33091
31.0555;180.548;0.245243;0.0893335;0.162008;-7.23167
39.8809;180.548;0.246722;0.0954772;0.157948;-7.09735
48.7064;180.548;0.251238;0.101134;0.151254;-6.91088
57.5318;180.548;0.224418;0.107148;0.143973;-6.65288
66.3573;180.548;0.193296;0.110745;0.1352;-6.35192
75.1828;180.548;0.177118;0.112243;0.127043;-6.02158
84.0082;180.548;0.172933;0.111929;0.119631;-5.65418
92.8337;180.548;0.161004;0.110283;0.111323;-5.23399
101.659;180.548;0.133258;0.106905;0.100179;-4.75756
110.485;180.548;0.128493;0.0987383;0.0848561;-4.24851
119.31;180.548;0.152883;0.0886473;0.0663104;-3.72439
128.135;180.548;0.207737;0.0798676;0.0465989;-3.19061
136.961;180.548;0.270701;0.0692112;0.0262776;-2.63834
145.786;180.548;0.262011;0.0554597;0.00368036;-2.00289
154.612;180.548;0.195857;0.0346923;-0.0213534;-1.28094
-136.628;171.722;1.14351;-0.0123468;0.0307878;-2.60945
-127.803;171.722;1.06686;-0.0220281;0.0483366;-3.22356
-118.977;171.722;0.968487;-0.033463;0.0692393;-3.8298
-110.152;171.722;0.91058;-0.0441614;0.0846095;-4.41782
-101.326;171.722;0.8803;-0.0536777;0.0928168;-4.95077
-92.5009;171.722;0.628931;-0.0663627;0.126155;-5.38214
-83.6754;171.722;0.300046;-0.0731941;0.169887;-5.76899
-74.85;171.722;0.291085;-0.0530059;0.175405;-6.24512
-66.0245;171.722;0.460908;-0.0137084;0.147456;-6.80517
-57.1991;171.722;0.522507;0.0140023;0.122306;-7.1858
-48.3736;171.722;0.364773;0.0185729;0.134193;-7.45123
-39.5482;171.722;0.305224;0.020821;0.148848;-7.70733
-30.7227;171.722;0.324616;0.0260598;0.158972;-7.97152
-21.8972;171.722;0.359439;0.0346057;0.163141;-8.17608
-13.0718;171.722;0.375868;0.0447471;0.165487;-8.31877
-4.24634;171.722;0.361798;0.0538808;0.169224;-8.40521
4.57912;171.722;0.320094;0.0612004;0.174633;-8.43751
13.4046;171.722;0.294483;0.0713671;0.179869;-8.41994
22.23;171.722;0.285953;0.0827937;0.183976;-8.36606
31.0555;171.722;0.301115;0.0928148;0.184426;-8.28352
39.8809;171.722;0.327054;0.10118;0.180693;-8.16113
48.7064;171.722;0.33724;0.108746;0.174482;-7.97519
57.5318;171.722;0.313679;0.114697;0.166699;-7.71375
66.3573;171.722;0.294204;0.118223;0.157689;-7.41546
75.1828;171.722;0.291278;0.121058;0.148457;-7.08106
84.0082;171.722;0.287603;0.123126;0.140443;-6.69305
92.8337;171.722;0.25443;0.123454;0.133855;-6.23517
101.659;171.722;0.190846;0.122204;0.124575;-5.72012
110.485;171.722;0.172383;0.116003;0.107401;-5.19177
119.31;171.722;0.185627;0.107653;0.0871342;-4.64935
128.135;171.722;0.211511;0.09827;0.0675515;-4.08375
136.961;171.722;0.236322;0.0879371;0.0480763;-3.48918
145.786;171.722;0.31376;0.0713713;0.0261567;-2.88009
154.612;171.722;0.23832;0.0583062;0.00708999;-2.17243
163.437;171.722;0.0883176;0.0458639;-0.00387378;-1.4346
-145.454;162.897;1.15461;-0.0188522;0.0343011;-2.7494
-136.628;162.897;1.13588;-0.0295896;0.050051;-3.42081
-127.803;162.897;1.0774;-0.0380597;0.0688898;-4.07858
-118.977;162.897;0.980421;-0.0493097;0.088592;-4.69234
-110.152;162.897;0.914287;-0.0606916;0.102913;-5.28999
-101.326;162.897;0.871911;-0.0708858;0.110418;-5.83268
-92.5009;162.897;0.650106;-0.0829685;0.140512;-6.31341
-83.6754;162.897;0.420197;-0.084736;0.172296;-6.75567
-74.85;162.897;0.58986;-0.0591969;0.164243;-7.29546
-66.0245;162.897;0.807345;-0.0203283;0.130376;-7.85977
-57.1991;162.897;0.779558;0.00703938;0.114549;-8.27731
-48.3736;162.897;0.601513;0.0140487;0.134141;-8.54441
-39.5482;162.897;0.529642;0.0187648;0.157749;-8.79452
-30.7227;162.897;0.517672;0.0238904;0.177975;-9.04281
-21.8972;162.897;0.500015;0.0329539;0.189275;-9.23073
-13.0718;162.897;0.463971;0.0442635;0.195013;-9.35406
-4.24634;162.897;0.419105;0.0552172;0.199262;-9.42432
4.57912;162.897;0.379074;0.0650673;0.20205;-9.45372
13.4046;162.897;0.364858;0.076483;0.204773;-9.44544
22.23;162.897;0.363894;0.0875704;0.208741;-9.40656
31.0555;162.897;0.384962;0.0978799;0.210327;-9.33506
39.8809;162.897;0.419324;0.107604;0.207679;-9.2185
48.7064;162.897;0.442699;0.116168;0.203026;-9.0347
57.5318;162.897;0.421008;0.122058;0.194471;-8.76291
66.3573;162.897;0.389526;0.126622;0.18283;-8.44355
75.1828;162.897;0.377531;0.131235;0.17069;-8.08653
84.0082;162.897;0.368036;0.13518;0.160913;-7.67801
92.8337;162.897;0.330358;0.135909;0.154371;-7.20059
101.659;162.897;0.260863;0.134665;0.147999;-6.67683
110.485;162.897;0.26187;0.13022;0.129326;-6.15837
119.31;162.897;0.299042;0.123771;0.105211;-5.62143
128.135;162.897;0.344955;0.114375;0.0817222;-5.04775
136.961;162.897;0.382717;0.101167;0.0595766;-4.43257
145.786;162.897;0.416761;0.0846038;0.0365615;-3.786
154.612;162.897;0.332867;0.0724861;0.0212118;-3.05193
163.437;162.897;0.230206;0.0616896;0.0177792;-2.30335
-163.105;154.071;1.20252;0.00413617;0.0172275;-2.01187
-154.279;154.071;1.13906;-0.0157764;0.03436;-2.76965
-145.454;154.071;1.11547;-0.0319032;0.0508464;-3.50963
-136.628;154.071;1.12115;-0.0397065;0.0644416;-4.22086
-127.803;154.071;1.08164;-0.0481953;0.0825402;-4.90349
-118.977;154.071;1.01224;-0.0590277;0.0998994;-5.54443
-110.152;154.071;0.97436;-0.0701576;0.111383;-6.15943
-101.326;154.071;0.972763;-0.0782346;0.115726;-6.74768
-92.5009;154.071;0.860946;-0.0836108;0.131821;-7.30285
-83.6754;154.071;0.790592;-0.0776071;0.14468;-7.81109
-74.85;154.071;0.89014;-0.0514901;0.139304;-8.39321
-66.0245;154.071;0.954122;-0.0210167;0.121289;-8.8912
-57.1991;154.071;0.857777;-0.000236894;0.119016;-9.26396
-48.3736;154.071;0.692038;0.00767079;0.140368;-9.52638
-39.5482;154.071;0.652509;0.0148602;0.166512;-9.79507
-30.7227;154.071;0.644239;0.0214084;0.190149;-10.0457
-21.8972;154.071;0.627721;0.0319988;0.203854;-10.2356
-13.0718;154.071;0.58993;0.0437797;0.212155;-10.3652
-4.24634;154.071;0.53875;0.054657;0.220119;-10.4456
4.57912;154.071;0.495007;0.0655833;0.22525;-10.4852
13.4046;154.071;0.479858;0.0775572;0.228078;-10.4805
22.23;154.071;0.456536;0.0896408;0.232211;-10.4343
31.0555;154.071;0.446423;0.102189;0.234139;-10.3458
39.8809;154.071;0.455528;0.114769;0.231505;-10.2119
48.7064;154.071;0.466134;0.125222;0.228392;-10.0133
57.5318;154.071;0.427753;0.132044;0.22209;-9.72288
66.3573;154.071;0.381533;0.137616;0.211263;-9.38636
75.1828;154.071;0.375794;0.142595;0.197157;-9.02374
84.0082;154.071;0.389735;0.146779;0.183152;-8.6199
92.8337;154.071;0.385538;0.147069;0.171887;-8.14851
101.659;154.071;0.349303;0.144411;0.164759;-7.62632
110.485;154.071;0.367342;0.139783;0.14709;-7.10457
119.31;154.071;0.416055;0.13405;0.12299;-6.56019
128.135;154.071;0.460767;0.124565;0.0972817;-5.96778
136.961;154.071;0.471651;0.11057;0.0728475;-5.32012
145.786;154.071;0.468605;0.0950186;0.0488889;-4.63912
154.612;154.071;0.397623;0.0829894;0.0325384;-3.90696
163.437;154.071;0.311385;0.0715905;0.0267836;-3.12689
172.263;154.071;0.253158;0.0580193;0.0257042;-2.34985
181.088;154.071;0.265392;0.041141;0.023284;-1.52859
-171.93;145.246;1.12975;0.0126799;0.0122901;-1.90849
-163.105;145.246;1.1641;-0.00602315;0.0271578;-2.71145
-154.279;145.246;1.11817;-0.0247869;0.0436544;-3.49475
-145.454;145.246;1.09692;-0.0397331;0.0600568;-4.25783
-136.628;145.246;1.09647;-0.0503283;0.0757479;-4.99735
-127.803;145.246;1.06622;-0.0600217;0.0922461;-5.70758
-118.977;145.246;1.0209;-0.0706427;0.106613;-6.37245
-110.152;145.246;0.999578;-0.0809704;0.116014;-7.01425
-101.326;145.246;1.01174;-0.0863393;0.119756;-7.644
-92.5009;145.246;0.99025;-0.0842666;0.126163;-8.25153
-83.6754;145.246;0.99117;-0.0726872;0.131756;-8.81013
-74.85;145.246;1.00651;-0.0524371;0.128467;-9.33511
-66.0245;145.246;0.966159;-0.0317551;0.123671;-9.7883
-57.1991;145.246;0.852637;-0.0162903;0.129364;-10.1483
-48.3736;145.246;0.72729;-0.00677667;0.148101;-10.4221
-39.5482;145.246;0.702204;0.00366223;0.173278;-10.72
-30.7227;145.246;0.69207;0.013193;0.196388;-10.9818
-21.8972;145.246;0.674958;0.0269569;0.210243;-11.1809
-13.0718;145.246;0.632476;0.041124;0.221205;-11.324
-4.24634;145.246;0.57001;0.0534559;0.235008;-11.4169
4.57912;145.246;0.513373;0.0651516;0.24535;-11.4593
13.4046;145.246;0.489802;0.0782263;0.250057;-11.4478
22.23;145.246;0.459978;0.0920171;0.252714;-11.3886
31.0555;145.246;0.436727;0.106804;0.252445;-11.2818
39.8809;145.246;0.426509;0.12164;0.248167;-11.128
48.7064;145.246;0.420906;0.13353;0.245727;-10.9128
57.5318;145.246;0.390984;0.14089;0.243441;-10.6235
66.3573;145.246;0.366716;0.147804;0.236242;-10.2946
75.1828;145.246;0.38773;0.153811;0.222766;-9.94754
84.0082;145.246;0.431634;0.158593;0.205543;-9.56218
92.8337;145.246;0.465293;0.158608;0.18913;-9.10654
101.659;145.246;0.471788;0.155254;0.179046;-8.59379
110.485;145.246;0.488642;0.151433;0.163373;-8.05399
119.31;145.246;0.512269;0.147349;0.14196;-7.47796
128.135;145.246;0.525369;0.13867;0.116541;-6.85062
136.961;145.246;0.514664;0.12355;0.0903297;-6.17097
145.786;145.246;0.494587;0.1079;0.0648471;-5.46409
154.612;145.246;0.443393;0.0956869;0.0449582;-4.72229
163.437;145.246;0.374303;0.0820192;0.0340726;-3.94206
172.263;145.246;0.309826;0.0671309;0.0259527;-3.11911
181.088;145.246;0.303764;0.0505796;0.022667;-2.30855
189.914;145.246;0.257625;0.0309636;0.0114429;-1.41814
-171.93;136.421;1.1272;0.00562012;0.0213936;-2.56897
-163.105;136.421;1.13201;-0.0134884;0.0343092;-3.40475
-154.279;136.421;1.10889;-0.0316211;0.0508513;-4.20313
-145.454;136.421;1.0897;-0.047706;0.068003;-4.98466
-136.628;136.421;1.06611;-0.0620318;0.0845395;-5.74526
-127.803;136.421;1.03453;-0.072979;0.0990866;-6.47181
-118.977;136.421;1.00021;-0.0824206;0.1103;-7.15384
-110.152;136.421;0.976495;-0.0908136;0.117987;-7.80957
-101.326;136.421;0.973718;-0.0943349;0.12264;-8.44743
-92.5009;136.421;0.979882;-0.0884505;0.126549;-9.05378
-83.6754;136.421;0.971124;-0.0759904;0.134011;-9.61496
-74.85;136.421;0.960534;-0.0614146;0.135509;-10.1379
-66.0245;136.421;0.908822;-0.0478027;0.137755;-10.5983
-57.1991;136.421;0.818984;-0.035094;0.146842;-10.985
-48.3736;136.421;0.735081;-0.0224422;0.163972;-11.3056
-39.5482;136.421;0.699776;-0.00977415;0.186629;-11.6173
-30.7227;136.421;0.670017;0.00262042;0.208095;-11.8813
-21.8972;136.421;0.632726;0.019405;0.222128;-12.0743
-13.0718;136.421;0.570894;0.0359537;0.234554;-12.2087
-4.24634;136.421;0.492476;0.0500118;0.250785;-12.2951
4.57912;136.421;0.426974;0.0628262;0.265197;-12.3346
13.4046;136.421;0.408886;0.0788851;0.271284;-12.3329
22.23;136.421;0.403583;0.0960419;0.271177;-12.2865
31.0555;136.421;0.398919;0.11303;0.266948;-12.1833
39.8809;136.421;0.388089;0.129131;0.259103;-12.0205
48.7064;136.421;0.371371;0.14271;0.254597;-11.7961
57.5318;136.421;0.35706;0.152653;0.254014;-11.5188
66.3573;136.421;0.363845;0.16237;0.250182;-11.2012
75.1828;136.421;0.389822;0.17119;0.23947;-10.8522
84.0082;136.421;0.420866;0.177714;0.222716;-10.4515
92.8337;136.421;0.450837;0.177587;0.204761;-9.98023
101.659;136.421;0.486847;0.173997;0.191917;-9.47464
110.485;136.421;0.498685;0.171564;0.176523;-8.91753
119.31;136.421;0.494235;0.168564;0.156778;-8.30712
128.135;136.421;0.489489;0.15962;0.132295;-7.65259
136.961;136.421;0.490531;0.14298;0.105264;-6.96317
145.786;136.421;0.47703;0.126708;0.0790807;-6.24412
154.612;136.421;0.443659;0.113347;0.0567044;-5.48867
163.437;136.421;0.383422;0.0991968;0.0414052;-4.68836
172.263;136.421;0.319043;0.0810372;0.0282414;-3.85441
181.088;136.421;0.290374;0.0592276;0.0163299;-3.01446
189.914;136.421;0.275553;0.0420594;0.0108635;-2.13294
-180.755;127.595;1.15316;0.0241539;0.0168605;-2.34301
-171.93;127.595;1.12186;0.00185814;0.0276864;-3.19989
-163.105;127.595;1.08813;-0.0231747;0.0463314;-4.06529
-154.279;127.595;1.07622;-0.0415526;0.0623518;-4.88762
-145.454;127.595;1.05949;-0.059048;0.0792631;-5.69219
-136.628;127.595;1.02683;-0.0746738;0.0958366;-6.47262
-127.803;127.595;0.996568;-0.0847449;0.108027;-7.21443
-118.977;127.595;0.965194;-0.0914689;0.11608;-7.91674
-110.152;127.595;0.938294;-0.0966701;0.122198;-8.59037
-101.326;127.595;0.926748;-0.0983165;0.128575;-9.23735
-92.5009;127.595;0.912986;-0.0915013;0.135964;-9.84433
-83.6754;127.595;0.881609;-0.0798903;0.14475;-10.4036
-74.85;127.595;0.858373;-0.0688752;0.149335;-10.9287
-66.0245;127.595;0.820977;-0.0592379;0.156817;-11.4033
-57.1991;127.595;0.76378;-0.0484388;0.170631;-11.8145
-48.3736;127.595;0.702799;-0.0349531;0.189644;-12.1672
-39.5482;127.595;0.660219;-0.0209646;0.209885;-12.4985
-30.7227;127.595;0.610662;-0.00535161;0.230537;-12.7777
-21.8972;127.595;0.553821;0.0154723;0.244876;-12.9767
-13.0718;127.595;0.477661;0.0352827;0.256495;-13.1079
-4.24634;127.595;0.395245;0.051614;0.271789;-13.1893
4.57912;127.595;0.339587;0.0669237;0.286846;-13.2376
13.4046;127.595;0.347598;0.0849661;0.292021;-13.2488
22.23;127.595;0.371056;0.104199;0.288995;-13.2154
31.0555;127.595;0.389171;0.122425;0.280921;-13.1199
39.8809;127.595;0.38246;0.138505;0.269177;-12.9451
48.7064;127.595;0.348047;0.153408;0.260783;-12.6961
57.5318;127.595;0.304717;0.167047;0.256935;-12.3848
66.3573;127.595;0.293317;0.179217;0.253172;-12.031
75.1828;127.595;0.271681;0.190348;0.244625;-11.6246
84.0082;127.595;0.21958;0.197767;0.230927;-11.135
92.8337;127.595;0.172103;0.198808;0.215835;-10.59
101.659;127.595;0.20512;0.195187;0.20202;-10.0728
110.485;127.595;0.236273;0.192811;0.184835;-9.52113
119.31;127.595;0.257112;0.189332;0.16367;-8.91828
128.135;127.595;0.297355;0.179285;0.138771;-8.28631
136.961;127.595;0.355407;0.163211;0.112107;-7.63255
145.786;127.595;0.367758;0.148605;0.0878835;-6.92182
154.612;127.595;0.339977;0.135088;0.0658889;-6.14943
163.437;127.595;0.29198;0.119957;0.0491807;-5.33718
172.263;127.595;0.250485;0.100133;0.0324227;-4.49887
181.088;127.595;0.236302;0.0772367;0.0178413;-3.65134
189.914;127.595;0.200733;0.05916;0.0141344;-2.77837
198.739;127.595;0.158688;0.0404386;0.00665923;-1.83902
207.565;127.595;0.395024;0.0136571;-0.0134327;-0.867624
-189.581;118.77;1.1177;0.033438;0.0172768;-2.0544
-180.755;118.77;1.09406;0.0161147;0.025929;-2.92998
-171.93;118.77;1.07296;-0.00966912;0.0442987;-3.83051
-163.105;118.77;1.03285;-0.0346426;0.0628013;-4.69883
-154.279;118.77;1.02052;-0.054511;0.0789988;-5.54898
-145.454;118.77;1.01285;-0.0710903;0.094212;-6.37675
-136.628;118.77;0.984;-0.0863251;0.10997;-7.17986
-127.803;118.77;0.957453;-0.0951708;0.119576;-7.9396
-118.977;118.77;0.929682;-0.100456;0.124784;-8.66585
-110.152;118.77;0.912249;-0.103681;0.129549;-9.36397
-101.326;118.77;0.912634;-0.103073;0.136465;-10.0247
-92.5009;118.77;0.882581;-0.0966153;0.146503;-10.6379
-83.6754;118.77;0.814427;-0.0875808;0.156942;-11.2049
-74.85;118.77;0.763848;-0.0783852;0.164566;-11.7347
-66.0245;118.77;0.720896;-0.0698767;0.177068;-12.2206
-57.1991;118.77;0.6755;-0.0593097;0.195728;-12.6507
-48.3736;118.77;0.631181;-0.045492;0.216869;-13.0279
-39.5482;118.77;0.602716;-0.0315007;0.236045;-13.3807
-30.7227;118.77;0.572688;-0.0141712;0.253555;-13.6819
-21.8972;118.77;0.530896;0.00943021;0.265305;-13.9023
-13.0718;118.77;0.466832;0.0312068;0.274108;-14.0521
-4.24634;118.77;0.403245;0.0479381;0.286352;-14.1518
4.57912;118.77;0.370627;0.0633761;0.300199;-14.2188
13.4046;118.77;0.374062;0.0831297;0.305862;-14.2257
22.23;118.77;0.36351;0.105202;0.302747;-14.1654
31.0555;118.77;0.345104;0.125685;0.293;-14.036
39.8809;118.77;0.30355;0.145121;0.280398;-13.8272
48.7064;118.77;0.212627;0.162147;0.269724;-13.5042
57.5318;118.77;0.0569061;0.180672;0.262757;-13.0795
66.3573;118.77;-0.0638853;0.196211;0.256636;-12.6273
75.1828;118.77;-0.112906;0.207364;0.244963;-12.1758
84.0082;118.77;-0.248958;0.22026;0.229742;-11.6143
92.8337;118.77;-0.43769;0.221948;0.213154;-10.9245
101.659;118.77;-0.480699;0.220669;0.196731;-10.3182
110.485;118.77;-0.40146;0.217023;0.180779;-9.7899
119.31;118.77;-0.283466;0.212025;0.162527;-9.26304
128.135;118.77;-0.128544;0.200343;0.140698;-8.71644
136.961;118.77;0.0234528;0.185787;0.115333;-8.12893
145.786;118.77;0.0739788;0.172967;0.0928654;-7.43105
154.612;118.77;0.0753081;0.159949;0.0713199;-6.66162
163.437;118.77;0.0755436;0.143483;0.0538977;-5.86428
172.263;118.77;0.0921696;0.123847;0.037272;-5.05546
181.088;118.77;0.121932;0.102321;0.0231757;-4.23232
189.914;118.77;0.119876;0.0813439;0.0152245;-3.36246
198.739;118.77;0.109778;0.0610692;0.0115032;-2.4387
207.565;118.77;0.316742;0.0324259;-0.00158856;-1.48847
-189.581;109.944;1.03243;0.0136215;0.0291285;-2.61077
-180.755;109.944;0.999407;0.00014627;0.0419948;-3.50017
-171.93;109.944;0.996469;-0.0198692;0.0599232;-4.41015
-163.105;109.944;0.967239;-0.0433796;0.0763754;-5.30443
-154.279;109.944;0.957578;-0.0635942;0.0909727;-6.18465
-145.454;109.944;0.960721;-0.0795637;0.10529;-7.03898
-136.628;109.944;0.94335;-0.0958941;0.120989;-7.86789
-127.803;109.944;0.909488;-0.108405;0.130914;-8.65099
-118.977;109.944;0.87243;-0.117456;0.136762;-9.40502
-110.152;109.944;0.854059;-0.121757;0.142099;-10.1322
-101.326;109.944;0.853912;-0.119561;0.14937;-10.8156
-92.5009;109.944;0.819751;-0.112152;0.159993;-11.44
-83.6754;109.944;0.757376;-0.104078;0.16823;-12.0226
-74.85;109.944;0.706286;-0.0964378;0.174794;-12.5701
-66.0245;109.944;0.658474;-0.0885748;0.187966;-13.075
-57.1991;109.944;0.619952;-0.0777016;0.209202;-13.524
-48.3736;109.944;0.595885;-0.063115;0.233253;-13.9229
-39.5482;109.944;0.576766;-0.0477674;0.252737;-14.2903
-30.7227;109.944;0.550944;-0.0282566;0.268419;-14.6063
-21.8972;109.944;0.514533;-0.00255109;0.278499;-14.8474
-13.0718;109.944;0.461198;0.020397;0.285983;-15.0228
-4.24634;109.944;0.411489;0.0384066;0.296108;-15.1445
4.57912;109.944;0.383619;0.0559685;0.308195;-15.2182
13.4046;109.944;0.367311;0.0777344;0.314765;-15.2126
22.23;109.944;0.326019;0.099561;0.31335;-15.1273
31.0555;109.944;0.278331;0.118298;0.30396;-14.9702
39.8809;109.944;0.210469;0.143034;0.290499;-14.7414
48.7064;109.944;0.104359;0.172572;0.27805;-14.4053
57.5318;109.944;-0.0354433;0.202488;0.268616;-13.9768
66.3573;109.944;-0.095118;0.219832;0.261474;-13.5595
75.1828;109.944;-0.0761973;0.230286;0.243378;-13.1602
84.0082;109.944;-0.205945;0.244941;0.215764;-12.5913
92.8337;109.944;-0.454149;0.246693;0.196919;-11.814
101.659;109.944;-0.62332;0.245697;0.182042;-11.0737
110.485;109.944;-0.607741;0.241101;0.168029;-10.4581
119.31;109.944;-0.510044;0.235957;0.152841;-9.89525
128.135;109.944;-0.349533;0.224086;0.135823;-9.33426
136.961;109.944;-0.175447;0.210052;0.114987;-8.74434
145.786;109.944;-0.0669494;0.197651;0.098326;-8.07152
154.612;109.944;-0.01631;0.185306;0.0795583;-7.3208
163.437;109.944;0.0320889;0.167705;0.0614604;-6.52941
172.263;109.944;0.0823051;0.147382;0.0453896;-5.7162
181.088;109.944;0.125678;0.126506;0.0325949;-4.88243
189.914;109.944;0.154805;0.104204;0.0228416;-4.00684
198.739;109.944;0.163803;0.0790489;0.0180749;-3.0973
207.565;109.944;0.290216;0.0498965;0.00356954;-2.11989
-198.406;101.119;1.147;0.022698;0.0180429;-2.26659
-189.581;101.119;1.04388;0.00580235;0.0328717;-3.16907
-180.755;101.119;0.983041;-0.0100582;0.0492502;-4.08087
-171.93;101.119;0.964203;-0.0290453;0.0640284;-4.99518
-163.105;101.119;0.938417;-0.0516431;0.0774593;-5.91206
-154.279;101.119;0.926309;-0.0721828;0.091246;-6.81532
-145.454;101.119;0.917144;-0.0894396;0.105367;-7.68882
-136.628;101.119;0.881806;-0.10846;0.120478;-8.53422
-127.803;101.119;0.821768;-0.124347;0.130125;-9.32954
-118.977;101.119;0.766645;-0.137363;0.136938;-10.1032
-110.152;101.119;0.74933;-0.144591;0.144882;-10.8594
-101.326;101.119;0.76738;-0.142948;0.155473;-11.5795
-92.5009;101.119;0.76512;-0.134168;0.167072;-12.2371
-83.6754;101.119;0.744013;-0.124052;0.172158;-12.8477
-74.85;101.119;0.701561;-0.116316;0.177797;-13.4243
-66.0245;101.119;0.647384;-0.108574;0.191322;-13.9559
-57.1991;101.119;0.592339;-0.0974223;0.214651;-14.4261
-48.3736;101.119;0.549457;-0.0816553;0.242064;-14.8392
-39.5482;101.119;0.527716;-0.0628645;0.262483;-15.2127
-30.7227;101.119;0.511535;-0.0409095;0.27728;-15.5379
-21.8972;101.119;0.489405;-0.0145463;0.287492;-15.7959
-13.0718;101.119;0.459138;0.00882855;0.296029;-15.9954
-4.24634;101.119;0.43005;0.028632;0.306255;-16.138
4.57912;101.119;0.408029;0.048517;0.316714;-16.2177
13.4046;101.119;0.385235;0.0708687;0.32278;-16.2107
22.23;101.119;0.339027;0.0907487;0.322522;-16.1205
31.0555;101.119;0.281757;0.107611;0.31475;-15.956
39.8809;101.119;0.216035;0.139689;0.299751;-15.7332
48.7064;101.119;0.170724;0.186086;0.283752;-15.4634
57.5318;101.119;0.187875;0.230333;0.271273;-15.1658
66.3573;101.119;0.30281;0.251223;0.263648;-14.889
75.1828;101.119;0.377268;0.263107;0.23896;-14.5255
84.0082;101.119;0.275398;0.274056;0.204041;-13.9371
92.8337;101.119;0.0372399;0.276439;0.182633;-13.1448
101.659;101.119;-0.198252;0.277431;0.16824;-12.3373
110.485;101.119;-0.251137;0.272165;0.15367;-11.6362
119.31;101.119;-0.217901;0.266665;0.139046;-10.9849
128.135;101.119;-0.134608;0.257989;0.126309;-10.335
136.961;101.119;-0.0351562;0.244529;0.111857;-9.65274
145.786;101.119;0.0491776;0.230885;0.101003;-8.932
154.612;101.119;0.0974265;0.217069;0.0864498;-8.14981
163.437;101.119;0.145832;0.198417;0.0690743;-7.32348
172.263;101.119;0.175609;0.178349;0.0523265;-6.46392
181.088;101.119;0.177583;0.158971;0.0378776;-5.57743
189.914;101.119;0.176825;0.134898;0.0236866;-4.65573
198.739;101.119;0.221702;0.102171;0.014245;-3.71568
207.565;101.119;0.282995;0.069228;0.00300143;-2.71633
-198.406;92.2933;1.18437;0.0285146;0.0121788;-2.79844
-189.581;92.2933;1.07497;0.0123236;0.027055;-3.72231
-180.755;92.2933;0.998286;-0.0132024;0.0476533;-4.64895
-171.93;92.2933;0.968392;-0.037263;0.0626196;-5.57891
-163.105;92.2933;0.945304;-0.0604385;0.0741006;-6.51174
-154.279;92.2933;0.914747;-0.0817608;0.0887137;-7.42662
-145.454;92.2933;0.871873;-0.101245;0.104039;-8.31316
-136.628;92.2933;0.808397;-0.121955;0.117288;-9.17178
-127.803;92.2933;0.736524;-0.139419;0.124438;-9.98671
-118.977;92.2933;0.687129;-0.154678;0.132847;-10.7903
-110.152;92.2933;0.680305;-0.164025;0.144483;-11.5786
-101.326;92.2933;0.707287;-0.163317;0.158437;-12.3344
-92.5009;92.2933;0.729098;-0.153454;0.171282;-13.0344
-83.6754;92.2933;0.727188;-0.141339;0.17819;-13.6828
-74.85;92.2933;0.698585;-0.132189;0.186997;-14.2908
-66.0245;92.2933;0.649578;-0.123015;0.201791;-14.8444
-57.1991;92.2933;0.584156;-0.110561;0.2244;-15.3261
-48.3736;92.2933;0.523727;-0.0929829;0.250624;-15.7548
-39.5482;92.2933;0.499115;-0.0717056;0.271389;-16.1449
-30.7227;92.2933;0.497649;-0.0484805;0.287421;-16.4937
-21.8972;92.2933;0.489067;-0.0216388;0.300414;-16.7782
-13.0718;92.2933;0.473797;0.00312269;0.311693;-16.9995
-4.24634;92.2933;0.45855;0.0250693;0.32358;-17.1575
4.57912;92.2933;0.44347;0.0466688;0.332989;-17.2419
13.4046;92.2933;0.419474;0.0698704;0.335484;-17.233
22.23;92.2933;0.379548;0.0894766;0.331886;-17.141
31.0555;92.2933;0.32535;0.109414;0.324208;-16.9771
39.8809;92.2933;0.261383;0.152288;0.30559;-16.756
48.7064;92.2933;0.258426;0.212607;0.280863;-16.5278
57.5318;92.2933;0.387234;0.266348;0.258929;-16.3288
66.3573;92.2933;0.623477;0.289887;0.245747;-16.1506
75.1828;92.2933;0.720206;0.301684;0.21866;-15.7732
84.0082;92.2933;0.663598;0.306349;0.189574;-15.1712
92.8337;92.2933;0.501468;0.308124;0.171155;-14.4274
101.659;92.2933;0.323976;0.308864;0.157347;-13.6489
110.485;92.2933;0.264703;0.303616;0.140617;-12.9165
119.31;92.2933;0.246117;0.297906;0.125026;-12.1871
128.135;92.2933;0.243546;0.290727;0.114285;-11.4342
136.961;92.2933;0.25272;0.277754;0.10311;-10.6459
145.786;92.2933;0.275921;0.262775;0.0948047;-9.84466
154.612;92.2933;0.295945;0.247611;0.0847036;-9.01099
163.437;92.2933;0.311817;0.229422;0.0707606;-8.13171
172.263;92.2933;0.279589;0.209485;0.0556433;-7.19879
181.088;92.2933;0.204867;0.188179;0.0416113;-6.22806
189.914;92.2933;0.163567;0.159048;0.0265623;-5.24665
198.739;92.2933;0.219303;0.123702;0.0139088;-4.28557
207.565;92.2933;0.319398;0.0904436;0.0059286;-3.3176
-216.057;83.4678;1.13471;0.0192096;0.0213611;-1.29578
-207.232;83.4678;1.22884;0.0408027;0.00422185;-2.27782
-198.406;83.4678;1.18969;0.0383838;0.00593499;-3.29113
-189.581;83.4678;1.08987;0.0218406;0.0195727;-4.24296
-180.755;83.4678;1.00692;-0.0112631;0.0419387;-5.18823
-171.93;83.4678;0.969912;-0.040994;0.0580184;-6.13229
-163.105;83.4678;0.932752;-0.0660443;0.0690777;-7.07287
-154.279;83.4678;0.868195;-0.0901993;0.0847873;-7.99992
-145.454;83.4678;0.80282;-0.112883;0.100032;-8.90605
-136.628;83.4678;0.737767;-0.133343;0.109808;-9.78756
-127.803;83.4678;0.687491;-0.149324;0.113959;-10.6398
-118.977;83.4678;0.658431;-0.162991;0.12296;-11.4759
-110.152;83.4678;0.651069;-0.171372;0.136795;-12.2887
-101.326;83.4678;0.662353;-0.170947;0.151959;-13.0658
-92.5009;83.4678;0.683476;-0.162719;0.163479;-13.7965
-83.6754;83.4678;0.679468;-0.152869;0.174643;-14.4782
-74.85;83.4678;0.662418;-0.143592;0.189807;-15.1139
-66.0245;83.4678;0.631809;-0.132262;0.208222;-15.6954
-57.1991;83.4678;0.582505;-0.116666;0.228229;-16.2079
-48.3736;83.4678;0.533435;-0.0969354;0.250407;-16.6667
-39.5482;83.4678;0.515732;-0.0757044;0.271146;-17.0858
-30.7227;83.4678;0.521203;-0.0541767;0.289286;-17.4618
-21.8972;83.4678;0.51276;-0.0273201;0.303661;-17.7602
-13.0718;83.4678;0.490002;0.000233453;0.316525;-17.9888
-4.24634;83.4678;0.471441;0.024825;0.330813;-18.1529
4.57912;83.4678;0.45748;0.0482817;0.341221;-18.2416
13.4046;83.4678;0.43093;0.074447;0.34034;-18.2326
22.23;83.4678;0.400648;0.097769;0.330943;-18.1426
31.0555;83.4678;0.362231;0.128021;0.319066;-17.9866
39.8809;83.4678;0.290612;0.182283;0.293374;-17.7395
48.7064;83.4678;0.254512;0.245362;0.257738;-17.4441
57.5318;83.4678;0.330559;0.29412;0.224235;-17.1652
66.3573;83.4678;0.515635;0.315464;0.203039;-16.9208
75.1828;83.4678;0.601666;0.331208;0.18183;-16.5263
84.0082;83.4678;0.587479;0.33905;0.167214;-15.9648
92.8337;83.4678;0.540979;0.342705;0.158991;-15.3198
101.659;83.4678;0.517455;0.341538;0.147464;-14.6368
110.485;83.4678;0.51399;0.336789;0.127478;-13.9174
119.31;83.4678;0.475877;0.330305;0.109046;-13.1462
128.135;83.4678;0.439115;0.321079;0.0963605;-12.335
136.961;83.4678;0.419938;0.307888;0.083634;-11.4972
145.786;83.4678;0.422525;0.291717;0.0742886;-10.6456
154.612;83.4678;0.436878;0.274765;0.0676897;-9.77716
163.437;83.4678;0.427536;0.257034;0.0598583;-8.85659
172.263;83.4678;0.334556;0.237337;0.0499503;-7.86194
181.088;83.4678;0.206021;0.213102;0.0386048;-6.82839
189.914;83.4678;0.188932;0.179771;0.0246889;-5.83183
198.739;83.4678;0.273545;0.141771;0.0086663;-4.86846
207.565;83.4678;0.415942;0.104154;-0.00389502;-3.90991
216.39;83.4678;0.529988;0.068272;-0.00883612;-2.89377
225.215;83.4678;0.556288;0.0397214;0.000449199;-1.847
-216.057;74.6423;1.12691;0.0131;0.0223663;-1.73251
-207.232;74.6423;1.19548;0.041948;0.00546246;-2.73739
-198.406;74.6423;1.1683;0.0515114;-0.00158206;-3.7384
-189.581;74.6423;1.06752;0.0270247;0.012678;-4.70974
-180.755;74.6423;1.00125;-0.00764927;0.0318299;-5.67344
-171.93;74.6423;0.963353;-0.0383571;0.0468301;-6.63614
-163.105;74.6423;0.902282;-0.0641936;0.0572385;-7.58512
-154.279;74.6423;0.808838;-0.0918933;0.0716088;-8.53676
-145.454;74.6423;0.749486;-0.117583;0.083067;-9.47712
-136.628;74.6423;0.711142;-0.137503;0.0885044;-10.3957
-127.803;74.6423;0.70024;-0.150694;0.0902307;-11.2933
-118.977;74.6423;0.678856;-0.160622;0.0985495;-12.1577
-110.152;74.6423;0.645277;-0.165717;0.111348;-12.984
-101.326;74.6423;0.6246;-0.164688;0.123684;-13.7747
-92.5009;74.6423;0.635026;-0.160331;0.131385;-14.5366
-83.6754;74.6423;0.634419;-0.156367;0.145548;-15.2519
-74.85;74.6423;0.617016;-0.150032;0.165794;-15.9163
-66.0245;74.6423;0.604412;-0.138888;0.187866;-16.533
-57.1991;74.6423;0.585235;-0.121987;0.205734;-17.0835
-48.3736;74.6423;0.565567;-0.101472;0.222906;-17.5809
-39.5482;74.6423;0.56135;-0.0811422;0.241091;-18.0372
-30.7227;74.6423;0.554256;-0.0612511;0.261175;-18.4472
-21.8972;74.6423;0.531577;-0.0312318;0.278496;-18.7599
-13.0718;74.6423;0.48706;0.00167605;0.293788;-18.9832
-4.24634;74.6423;0.448874;0.0311754;0.309184;-19.1446
4.57912;74.6423;0.423362;0.0584424;0.317497;-19.2356
13.4046;74.6423;0.39967;0.0881174;0.310593;-19.2327
22.23;74.6423;0.396825;0.115745;0.294728;-19.1556
31.0555;74.6423;0.402012;0.158485;0.274313;-19.0182
39.8809;74.6423;0.3705;0.221562;0.242281;-18.7731
48.7064;74.6423;0.346608;0.282198;0.206502;-18.4401
57.5318;74.6423;0.377197;0.321769;0.176732;-18.0698
66.3573;74.6423;0.454387;0.34169;0.155679;-17.6932
75.1828;74.6423;0.48965;0.358011;0.140934;-17.2327
84.0082;74.6423;0.493512;0.366787;0.136385;-16.6806
92.8337;74.6423;0.501657;0.372224;0.135136;-16.075
101.659;74.6423;0.527678;0.373101;0.125771;-15.4152
110.485;74.6423;0.545655;0.368103;0.105525;-14.683
119.31;74.6423;0.508302;0.35885;0.0865947;-13.8787
128.135;74.6423;0.475845;0.348652;0.0724724;-13.0524
136.961;74.6423;0.470008;0.335598;0.059435;-12.2103
145.786;74.6423;0.4926;0.318652;0.0506684;-11.3487
154.612;74.6423;0.523872;0.30076;0.0462879;-10.4644
163.437;74.6423;0.535088;0.281525;0.0440076;-9.54078
172.263;74.6423;0.478652;0.259122;0.0405344;-8.54788
181.088;74.6423;0.406547;0.230365;0.0342847;-7.51797
189.914;74.6423;0.426622;0.195113;0.0229234;-6.5217
198.739;74.6423;0.528834;0.156364;0.00823515;-5.54695
207.565;74.6423;0.613743;0.117535;-0.0039352;-4.54009
216.39;74.6423;0.669831;0.0804647;-0.0072985;-3.46024
225.215;74.6423;0.677051;0.0507483;0.00383831;-2.38745
-216.057;65.8169;1.12026;0.0214745;0.0191552;-2.09142
-207.232;65.8169;1.14879;0.0444747;0.00772681;-3.13441
-198.406;65.8169;1.11237;0.05166;-0.00130751;-4.12839
-189.581;65.8169;1.02263;0.0217702;0.00773446;-5.12972
-180.755;65.8169;0.985267;-0.00965558;0.0172887;-6.11717
-171.93;65.8169;0.966638;-0.0356725;0.025227;-7.12229
-163.105;65.8169;0.909916;-0.0585745;0.0309014;-8.10312
-154.279;65.8169;0.829678;-0.0853596;0.0387562;-9.08988
-145.454;65.8169;0.798192;-0.110264;0.0427882;-10.0649
-136.628;65.8169;0.778588;-0.130862;0.0444954;-11.016
-127.803;65.8169;0.784552;-0.14443;0.0449082;-11.9431
-118.977;65.8169;0.751508;-0.154619;0.0529955;-12.8282
-110.152;65.8169;0.692443;-0.159255;0.0644332;-13.6646
-101.326;65.8169;0.662609;-0.157851;0.0731724;-14.4722
-92.5009;65.8169;0.68874;-0.154641;0.0784938;-15.2646
-83.6754;65.8169;0.691828;-0.152838;0.0889966;-16.0102
-74.85;65.8169;0.672613;-0.151469;0.10885;-16.7072
-66.0245;65.8169;0.654771;-0.146114;0.134836;-17.3698
-57.1991;65.8169;0.633932;-0.13338;0.154624;-17.9626
-48.3736;65.8169;0.619889;-0.114369;0.169682;-18.5008
-39.5482;65.8169;0.623162;-0.0931895;0.185766;-18.9922
-30.7227;65.8169;0.623151;-0.0700411;0.208425;-19.4294
-21.8972;65.8169;0.626601;-0.0358732;0.230386;-19.7767
-13.0718;65.8169;0.605253;0.00066341;0.250419;-20.0251
-4.24634;65.8169;0.575321;0.0331681;0.265904;-20.2037
4.57912;65.8169;0.546362;0.0629527;0.270759;-20.3023
13.4046;65.8169;0.524707;0.0940747;0.261271;-20.3
22.23;65.8169;0.536323;0.125168;0.24444;-20.2254
31.0555;65.8169;0.559342;0.182118;0.214863;-20.0835
39.8809;65.8169;0.575888;0.255992;0.180783;-19.8705
48.7064;65.8169;0.645703;0.317244;0.155553;-19.6187
57.5318;65.8169;0.755603;0.352316;0.142931;-19.3065
66.3573;65.8169;0.789301;0.373811;0.133527;-18.8551
75.1828;65.8169;0.739683;0.391092;0.122683;-18.2816
84.0082;65.8169;0.701998;0.399388;0.116591;-17.6622
92.8337;65.8169;0.696709;0.40374;0.111238;-17.0114
101.659;65.8169;0.712534;0.404582;0.101392;-16.3114
110.485;65.8169;0.716904;0.399635;0.0861839;-15.5405
119.31;65.8169;0.677992;0.38903;0.0702141;-14.7037
128.135;65.8169;0.6463;0.376952;0.0564166;-13.8539
136.961;65.8169;0.631982;0.361061;0.0455884;-12.9767
145.786;65.8169;0.636878;0.343312;0.0401047;-12.0743
154.612;65.8169;0.65845;0.325333;0.0375248;-11.1527
163.437;65.8169;0.666517;0.305399;0.0354311;-10.2054
172.263;65.8169;0.64572;0.280625;0.0340754;-9.21052
181.088;65.8169;0.625726;0.249892;0.0312983;-8.18836
189.914;65.8169;0.650443;0.213717;0.0207081;-7.17046
198.739;65.8169;0.719918;0.175304;0.00897239;-6.15445
207.565;65.8169;0.772802;0.136722;0.0020433;-5.10027
216.39;65.8169;0.792541;0.098835;0.00189582;-4.00127
225.215;65.8169;0.789353;0.0684132;0.0100104;-2.86144
234.041;65.8169;0.857881;0.0434224;0.0157267;-1.68391
-216.057;56.9914;1.09132;0.0317246;0.0143235;-2.41811
-207.232;56.9914;1.09696;0.0451151;0.00655562;-3.47263
-198.406;56.9914;1.03282;0.0440635;-0.000552788;-4.47407
-189.581;56.9914;0.945366;0.00690286;0.00516026;-5.5066
-180.755;56.9914;0.929629;-0.0219166;0.00666526;-6.51586
-171.93;56.9914;0.940946;-0.0422831;0.00542161;-7.546
-163.105;56.9914;0.927983;-0.0604341;0.00303331;-8.56485
-154.279;56.9914;0.905055;-0.0813533;0.00152428;-9.59261
-145.454;56.9914;0.912293;-0.103893;-0.000917516;-10.6162
-136.628;56.9914;0.897163;-0.123828;-0.00147499;-11.5979
-127.803;56.9914;0.874911;-0.141654;0.00436919;-12.5438
-118.977;56.9914;0.825809;-0.155866;0.0162458;-13.4449
-110.152;56.9914;0.764951;-0.162951;0.0297838;-14.3002
-101.326;56.9914;0.739045;-0.162544;0.0386702;-15.1422
-92.5009;56.9914;0.772876;-0.158649;0.0423467;-15.9666
-83.6754;56.9914;0.783145;-0.156542;0.0509449;-16.7518
-74.85;56.9914;0.763011;-0.156362;0.0695416;-17.4844
-66.0245;56.9914;0.728803;-0.15616;0.0942764;-18.1826
-57.1991;56.9914;0.69062;-0.147958;0.115066;-18.8068
-48.3736;56.9914;0.67462;-0.130258;0.131919;-19.3774
-39.5482;56.9914;0.690995;-0.106852;0.149187;-19.9021
-30.7227;56.9914;0.70422;-0.0792046;0.172388;-20.3687
-21.8972;56.9914;0.730038;-0.0423094;0.196743;-20.7604
-13.0718;56.9914;0.738211;-0.00553159;0.218266;-21.0575
-4.24634;56.9914;0.724077;0.0276786;0.233668;-21.2624
4.57912;56.9914;0.687946;0.0570745;0.241541;-21.3661
13.4046;56.9914;0.650439;0.0848097;0.240911;-21.3601
22.23;56.9914;0.667564;0.120006;0.227148;-21.2881
31.0555;56.9914;0.697511;0.194184;0.191345;-21.1232
39.8809;56.9914;0.727808;0.284319;0.155304;-20.8929
48.7064;56.9914;0.816947;0.352025;0.134928;-20.6425
57.5318;56.9914;0.927424;0.3864;0.128596;-20.316
66.3573;56.9914;0.931704;0.408749;0.123974;-19.8113
75.1828;56.9914;0.832194;0.426103;0.117657;-19.1561
84.0082;56.9914;0.788661;0.43303;0.107708;-18.4926
92.8337;56.9914;0.792258;0.436571;0.097064;-17.8183
101.659;56.9914;0.817246;0.437686;0.0867911;-17.1059
110.485;56.9914;0.832391;0.433479;0.0758737;-16.3276
119.31;56.9914;0.78495;0.422725;0.0641905;-15.4597
128.135;56.9914;0.736788;0.407833;0.0513039;-14.5601
136.961;56.9914;0.7044;0.38933;0.0415496;-13.6329
145.786;56.9914;0.696779;0.369216;0.0380586;-12.6883
154.612;56.9914;0.717658;0.348392;0.0361101;-11.737
163.437;56.9914;0.739117;0.326092;0.0328062;-10.7727
172.263;56.9914;0.740678;0.301077;0.03281;-9.76893
181.088;56.9914;0.735965;0.272769;0.0324889;-8.73949
189.914;56.9914;0.746291;0.23591;0.0227469;-7.68763
198.739;56.9914;0.786065;0.195828;0.0127009;-6.63285
207.565;56.9914;0.829952;0.156234;0.00932473;-5.55696
216.39;56.9914;0.858795;0.117656;0.0106333;-4.4474
225.215;56.9914;0.879561;0.0811526;0.0138046;-3.28458
234.041;56.9914;0.956958;0.0536805;0.0201087;-2.09885
-224.883;48.166;1.06381;0.0485596;0.00955638;-1.66996
-216.057;48.166;1.06689;0.0362392;0.00991191;-2.7101
-207.232;48.166;1.05918;0.039694;0.00461598;-3.75006
-198.406;48.166;0.954028;0.0247901;0.00145687;-4.78313
-189.581;48.166;0.87483;-0.0101374;0.00534293;-5.8356
-180.755;48.166;0.858174;-0.0388863;0.00409576;-6.8834
-171.93;48.166;0.857739;-0.0613405;-0.00153857;-7.93871
-163.105;48.166;0.85302;-0.0805585;-0.00789598;-8.98672
-154.279;48.166;0.870718;-0.0985872;-0.0135254;-10.0373
-145.454;48.166;0.921805;-0.117533;-0.018863;-11.0865
-136.628;48.166;0.894862;-0.13568;-0.015667;-12.0781
-127.803;48.166;0.848546;-0.153348;-0.00723161;-13.0297
-118.977;48.166;0.795662;-0.168887;0.00699616;-13.9464
-110.152;48.166;0.757496;-0.178709;0.0228448;-14.8339
-101.326;48.166;0.756007;-0.180929;0.0328717;-15.7231
-92.5009;48.166;0.790202;-0.176938;0.0351669;-16.5903
-83.6754;48.166;0.806275;-0.17144;0.0404692;-17.4048
-74.85;48.166;0.774131;-0.17201;0.0580225;-18.1611
-66.0245;48.166;0.722541;-0.171531;0.0828015;-18.8762
-57.1991;48.166;0.679461;-0.16295;0.106011;-19.5323
-48.3736;48.166;0.67987;-0.145379;0.126223;-20.1519
-39.5482;48.166;0.721992;-0.121158;0.145986;-20.7356
-30.7227;48.166;0.747997;-0.0916019;0.168616;-21.2463
-21.8972;48.166;0.763623;-0.0553611;0.188858;-21.6686
-13.0718;48.166;0.780022;-0.0193605;0.205742;-22.0016
-4.24634;48.166;0.775986;0.0161128;0.220914;-22.2245
4.57912;48.166;0.751009;0.046352;0.234384;-22.341
13.4046;48.166;0.730967;0.0739314;0.242039;-22.3523
22.23;48.166;0.761595;0.124152;0.227678;-22.2945
31.0555;48.166;0.792619;0.217541;0.190879;-22.1173
39.8809;48.166;0.823484;0.317524;0.1563;-21.8571
48.7064;48.166;0.892501;0.38503;0.137476;-21.5518
57.5318;48.166;0.958623;0.416576;0.129376;-21.149
66.3573;48.166;0.934247;0.440155;0.120788;-20.5929
75.1828;48.166;0.82986;0.458545;0.111201;-19.901
84.0082;48.166;0.789482;0.46445;0.0985879;-19.2038
92.8337;48.166;0.790305;0.465459;0.0871981;-18.4926
101.659;48.166;0.815422;0.463333;0.0792431;-17.7502
110.485;48.166;0.842251;0.457391;0.0721844;-16.9566
119.31;48.166;0.792912;0.444461;0.0632834;-16.0491
128.135;48.166;0.731733;0.427897;0.0517409;-15.0993
136.961;48.166;0.693333;0.407589;0.042237;-14.1322
145.786;48.166;0.6932;0.386459;0.0373195;-13.171
154.612;48.166;0.729869;0.365397;0.033317;-12.2209
163.437;48.166;0.783083;0.342785;0.0292152;-11.2602
172.263;48.166;0.793743;0.318524;0.0307059;-10.2389
181.088;48.166;0.774467;0.291441;0.0328369;-9.17608
189.914;48.166;0.756993;0.254091;0.0258046;-8.08203
198.739;48.166;0.785683;0.210835;0.0167194;-7.00126
207.565;48.166;0.839869;0.168996;0.0133441;-5.9207
216.39;48.166;0.895652;0.128624;0.0146022;-4.8218
225.215;48.166;0.945642;0.0882278;0.0168712;-3.68349
234.041;48.166;1.00101;0.0555432;0.022761;-2.51047
-224.883;39.3405;1.00932;0.054441;0.00855622;-1.89247
-216.057;39.3405;1.0033;0.0408924;0.00845692;-2.95607
-207.232;39.3405;0.963398;0.0280258;0.00599219;-4.01056
-198.406;39.3405;0.873102;0.0051359;0.00518219;-5.05821
-189.581;39.3405;0.837556;-0.0245087;0.00652771;-6.13103
-180.755;39.3405;0.834663;-0.0528451;0.00411867;-7.22314
-171.93;39.3405;0.820363;-0.0778732;-0.00271694;-8.29545
-163.105;39.3405;0.809218;-0.100011;-0.0105379;-9.36173
-154.279;39.3405;0.840395;-0.117355;-0.0184357;-10.4203
-145.454;39.3405;0.891338;-0.133919;-0.0244353;-11.4754
-136.628;39.3405;0.844787;-0.149833;-0.0185877;-12.4691
-127.803;39.3405;0.771562;-0.165791;-0.00880126;-13.43
-118.977;39.3405;0.732236;-0.18079;0.00364689;-14.3665
-110.152;39.3405;0.725521;-0.193315;0.0173919;-15.2884
-101.326;39.3405;0.736193;-0.200141;0.0287092;-16.2178
-92.5009;39.3405;0.752029;-0.198619;0.0331759;-17.1188
-83.6754;39.3405;0.7599;-0.19086;0.0374786;-17.9617
-74.85;39.3405;0.732953;-0.189686;0.0518812;-18.7542
-66.0245;39.3405;0.686689;-0.185529;0.0747238;-19.4934
-57.1991;39.3405;0.655393;-0.174471;0.0973505;-20.1848
-48.3736;39.3405;0.682302;-0.157327;0.11732;-20.8597
-39.5482;39.3405;0.755528;-0.134702;0.137195;-21.5153
-30.7227;39.3405;0.796349;-0.107319;0.16058;-22.0783
-21.8972;39.3405;0.79118;-0.0757159;0.181294;-22.5255
-13.0718;39.3405;0.806507;-0.0417322;0.198213;-22.8775
-4.24634;39.3405;0.81822;-0.00385738;0.217339;-23.1253
4.57912;39.3405;0.830384;0.0324677;0.234472;-23.2839
13.4046;39.3405;0.859274;0.0755833;0.238498;-23.3518
22.23;39.3405;0.916367;0.156345;0.215302;-23.3239
31.0555;39.3405;0.97782;0.268468;0.179417;-23.1755
39.8809;39.3405;1.07228;0.362455;0.153069;-22.9546
48.7064;39.3405;1.14421;0.417333;0.138171;-22.6153
57.5318;39.3405;1.14797;0.444487;0.126996;-22.1207
66.3573;39.3405;1.06754;0.471556;0.11113;-21.4873
75.1828;39.3405;0.956268;0.490912;0.0937659;-20.7442
84.0082;39.3405;0.881232;0.497019;0.0809688;-19.9791
92.8337;39.3405;0.836825;0.496682;0.0728445;-19.1954
101.659;39.3405;0.828571;0.492022;0.0686065;-18.3913
110.485;39.3405;0.84452;0.485181;0.0638494;-17.5585
119.31;39.3405;0.808106;0.471078;0.0566603;-16.6182
128.135;39.3405;0.753561;0.451679;0.0474205;-15.6266
136.961;39.3405;0.723442;0.429071;0.0389123;-14.6306
145.786;39.3405;0.734529;0.406159;0.031841;-13.6545
154.612;39.3405;0.784068;0.383828;0.0247304;-12.6967
163.437;39.3405;0.865232;0.360448;0.0204697;-11.7322
172.263;39.3405;0.887977;0.334726;0.0213598;-10.6909
181.088;39.3405;0.854081;0.301206;0.0252317;-9.57282
189.914;39.3405;0.805222;0.262317;0.0220715;-8.43049
198.739;39.3405;0.832922;0.219;0.0162934;-7.33871
207.565;39.3405;0.888458;0.177402;0.0136566;-6.25619
216.39;39.3405;0.95912;0.135905;0.0151459;-5.15633
225.215;39.3405;0.991232;0.0917241;0.0165033;-4.01509
234.041;39.3405;0.933845;0.052509;0.0185401;-2.83734
-224.883;30.5151;0.99057;0.0488086;0.0137209;-2.12987
-216.057;30.5151;0.981583;0.0358156;0.0119479;-3.22124
-207.232;30.5151;0.931365;0.0166032;0.00984898;-4.28074
-198.406;30.5151;0.872733;-0.00976245;0.00882578;-5.34837
-189.581;30.5151;0.887535;-0.0333249;0.00666393;-6.42625
-180.755;30.5151;0.895695;-0.0600623;0.00310399;-7.53904
-171.93;30.5151;0.873821;-0.0850826;-0.00327918;-8.61928
-163.105;30.5151;0.851353;-0.108475;-0.011078;-9.69651
-154.279;30.5151;0.862394;-0.12751;-0.0199327;-10.761
-145.454;30.5151;0.885473;-0.144258;-0.0264808;-11.8073
-136.628;30.5151;0.825808;-0.159384;-0.0216252;-12.8076
-127.803;30.5151;0.744925;-0.174125;-0.0139721;-13.7869
-118.977;30.5151;0.719986;-0.187613;-0.00644573;-14.7484
-110.152;30.5151;0.725504;-0.201604;0.00287095;-15.6993
-101.326;30.5151;0.72966;-0.211829;0.0149371;-16.6529
-92.5009;30.5151;0.7258;-0.212402;0.0232045;-17.5793
-83.6754;30.5151;0.724869;-0.204669;0.0284132;-18.4584
-74.85;30.5151;0.716772;-0.201778;0.0381172;-19.2961
-66.0245;30.5151;0.687583;-0.195811;0.056145;-20.0705
-57.1991;30.5151;0.672537;-0.184189;0.0756709;-20.8051
-48.3736;30.5151;0.721677;-0.168216;0.0934128;-21.5361
-39.5482;30.5151;0.820896;-0.146874;0.111673;-22.2659
-30.7227;30.5151;0.88652;-0.121418;0.134067;-22.8961
-21.8972;30.5151;0.890989;-0.0931226;0.157561;-23.4053
-13.0718;30.5151;0.928875;-0.0601088;0.181495;-23.8131
-4.24634;30.5151;0.987815;-0.0229883;0.211668;-24.1206
4.57912;30.5151;1.03992;0.0217222;0.230173;-24.3025
13.4046;30.5151;1.09212;0.0950825;0.214648;-24.389
22.23;30.5151;1.18464;0.217852;0.169973;-24.4001
31.0555;30.5151;1.36398;0.348322;0.129028;-24.3796
39.8809;30.5151;1.62341;0.42537;0.114259;-24.3209
48.7064;30.5151;1.73033;0.455669;0.10761;-23.9778
57.5318;30.5151;1.66436;0.471824;0.0959875;-23.3739
66.3573;30.5151;1.50995;0.49929;0.0790337;-22.6266
75.1828;30.5151;1.34809;0.517479;0.0629276;-21.7719
84.0082;30.5151;1.19468;0.523987;0.0538623;-20.8834
92.8337;30.5151;1.09034;0.522688;0.0503021;-20.0005
101.659;30.5151;1.05168;0.51498;0.0494002;-19.1201
110.485;30.5151;1.05914;0.504119;0.0461467;-18.228
119.31;30.5151;1.03822;0.487342;0.0415271;-17.2667
128.135;30.5151;0.995221;0.46543;0.0377644;-16.2519
136.961;30.5151;0.945152;0.442784;0.032684;-15.2165
145.786;30.5151;0.905957;0.421419;0.0253716;-14.1811
154.612;30.5151;0.897856;0.400361;0.0169944;-13.1547
163.437;30.5151;0.955381;0.376417;0.0132359;-12.1474
172.263;30.5151;0.973571;0.349553;0.0128817;-11.0841
181.088;30.5151;0.932285;0.315458;0.015673;-9.94061
189.914;30.5151;0.878759;0.275576;0.016218;-8.77086
198.739;30.5151;0.931644;0.232405;0.0160138;-7.68606
207.565;30.5151;1.01269;0.190798;0.0154647;-6.61744
216.39;30.5151;1.07774;0.147454;0.0156459;-5.49981
225.215;30.5151;1.10827;0.0991017;0.0146153;-4.32167
234.041;30.5151;1.10455;0.0529487;0.0148305;-3.12155
-224.883;21.6896;1.01462;0.0433297;0.0175093;-2.3324
-216.057;21.6896;1.02081;0.0285539;0.014598;-3.4643
-207.232;21.6896;0.977158;0.00781222;0.0130775;-4.53522
-198.406;21.6896;0.945658;-0.0191823;0.0121032;-5.62236
-189.581;21.6896;0.973677;-0.0401183;0.00763971;-6.71064
-180.755;21.6896;0.979503;-0.0660878;0.00287764;-7.82975
-171.93;21.6896;0.945033;-0.0895387;-0.00376234;-8.90338
-163.105;21.6896;0.90113;-0.111293;-0.0119993;-9.96917
-154.279;21.6896;0.882888;-0.131339;-0.0219161;-11.0328
-145.454;21.6896;0.886958;-0.150502;-0.0299847;-12.0881
-136.628;21.6896;0.841583;-0.16572;-0.0292427;-13.1147
-127.803;21.6896;0.788218;-0.179995;-0.0273333;-14.1253
-118.977;21.6896;0.768903;-0.192125;-0.024888;-15.1154
-110.152;21.6896;0.762174;-0.206094;-0.0184013;-16.0863
-101.326;21.6896;0.752518;-0.216636;-0.00677534;-17.0477
-92.5009;21.6896;0.744016;-0.216817;0.00369874;-17.9839
-83.6754;21.6896;0.747503;-0.209837;0.0100973;-18.8898
-74.85;21.6896;0.754545;-0.208346;0.0163988;-19.7693
-66.0245;21.6896;0.734739;-0.205207;0.0292803;-20.59
-57.1991;21.6896;0.728352;-0.196333;0.0462916;-21.3752
-48.3736;21.6896;0.784571;-0.181666;0.0642095;-22.156
-39.5482;21.6896;0.895969;-0.159062;0.0844172;-22.9425
-30.7227;21.6896;1.00116;-0.130979;0.108795;-23.6477
-21.8972;21.6896;1.06984;-0.101793;0.134978;-24.2493
-13.0718;21.6896;1.16794;-0.0704775;0.165189;-24.7611
-4.24634;21.6896;1.29043;-0.0374894;0.206473;-25.1539
4.57912;21.6896;1.29921;0.0150977;0.217107;-25.2585
13.4046;21.6896;1.235;0.121509;0.171384;-25.2135
22.23;21.6896;1.32112;0.288619;0.0912171;-25.2431
31.0555;21.6896;1.69851;0.420263;0.0414965;-25.3378
39.8809;21.6896;1.94341;0.485865;0.032257;-25.2299
48.7064;21.6896;1.87326;0.501102;0.0329892;-24.7313
57.5318;21.6896;1.70887;0.510787;0.0326878;-24.0629
66.3573;21.6896;1.64212;0.533042;0.0313782;-23.3535
75.1828;21.6896;1.56797;0.546549;0.0291085;-22.5365
84.0082;21.6896;1.38822;0.55375;0.0277251;-21.5964
92.8337;21.6896;1.24181;0.552101;0.0285512;-20.6345
101.659;21.6896;1.15467;0.544103;0.0285552;-19.6684
110.485;21.6896;1.10588;0.530478;0.0255284;-18.6812
119.31;21.6896;1.04414;0.513597;0.0222706;-17.6611
128.135;21.6896;0.987147;0.49225;0.0221015;-16.6175
136.961;21.6896;0.943352;0.468292;0.0207771;-15.5656
145.786;21.6896;0.906968;0.444272;0.0163295;-14.506
154.612;21.6896;0.882896;0.420831;0.0107411;-13.4412
163.437;21.6896;0.917764;0.395224;0.00894351;-12.3947
172.263;21.6896;0.932996;0.367711;0.00761652;-11.3129
181.088;21.6896;0.881726;0.333966;0.00856723;-10.1404
189.914;21.6896;0.833287;0.295451;0.00999891;-8.95729
198.739;21.6896;0.94611;0.251935;0.0128376;-7.91232
207.565;21.6896;1.09593;0.209049;0.0143465;-6.89414
216.39;21.6896;1.20366;0.163947;0.0156787;-5.80234
225.215;21.6896;1.22865;0.113688;0.015774;-4.61793
234.041;21.6896;1.21946;0.0621185;0.0145822;-3.36467
242.866;21.6896;0.737962;0.0297342;0.018685;-2.04048
-224.883;12.8642;1.05612;0.0505742;0.0158892;-2.46637
-216.057;12.8642;1.06185;0.0285116;0.012664;-3.62105
-207.232;12.8642;0.999945;0.00527747;0.0124304;-4.68284
-198.406;12.8642;0.968572;-0.0226569;0.0122974;-5.77054
-189.581;12.8642;0.981789;-0.0451294;0.00709098;-6.87632
-180.755;12.8642;0.996518;-0.0724062;0.00215768;-8.01471
-171.93;12.8642;0.943253;-0.096068;-0.00442609;-9.07985
-163.105;12.8642;0.864096;-0.116634;-0.0134761;-10.1288
-154.279;12.8642;0.831519;-0.135007;-0.0256023;-11.1919
-145.454;12.8642;0.848888;-0.154914;-0.0361942;-12.2773
-136.628;12.8642;0.842674;-0.169747;-0.0409488;-13.3383
-127.803;12.8642;0.829648;-0.184222;-0.043617;-14.3841
-118.977;12.8642;0.811409;-0.196942;-0.0420519;-15.4092
-110.152;12.8642;0.788221;-0.211593;-0.0369786;-16.4047
-101.326;12.8642;0.763332;-0.222331;-0.0279821;-17.3829
-92.5009;12.8642;0.743872;-0.222325;-0.0178397;-18.3244
-83.6754;12.8642;0.738293;-0.214741;-0.00951696;-19.2305
-74.85;12.8642;0.752105;-0.214866;-0.00363409;-20.1372
-66.0245;12.8642;0.749092;-0.21505;0.0053944;-21.0061
-57.1991;12.8642;0.750809;-0.206533;0.0183931;-21.8352
-48.3736;12.8642;0.801242;-0.190111;0.0361596;-22.6496
-39.5482;12.8642;0.922001;-0.165514;0.0612668;-23.4713
-30.7227;12.8642;1.10148;-0.136223;0.0919024;-24.2525
-21.8972;12.8642;1.31405;-0.109512;0.122902;-24.9836
-13.0718;12.8642;1.48842;-0.08253;0.153266;-25.5888
-4.24634;12.8642;1.44887;-0.0330525;0.181553;-25.8715
4.57912;12.8642;1.19981;0.0373638;0.173702;-25.7061
13.4046;12.8642;0.924123;0.15697;0.109996;-25.48
22.23;12.8642;0.870682;0.321807;0.0215459;-25.4595
31.0555;12.8642;1.09906;0.447613;-0.0330811;-25.4781
39.8809;12.8642;1.09734;0.513006;-0.0520401;-25.1555
48.7064;12.8642;1.0253;0.5311;-0.0546601;-24.5562
57.5318;12.8642;1.09551;0.550096;-0.0418881;-24.0282
66.3573;12.8642;1.33665;0.569885;-0.0216829;-23.5429
75.1828;12.8642;1.46785;0.576875;-0.0060093;-22.8897
84.0082;12.8642;1.32583;0.579744;0.000905442;-21.9586
92.8337;12.8642;1.14837;0.574824;0.00515793;-20.9252
101.659;12.8642;0.996261;0.56811;0.00704853;-19.8736
110.485;12.8642;0.884863;0.555232;0.00520389;-18.8092
119.31;12.8642;0.80867;0.537383;0.00428366;-17.7511
128.135;12.8642;0.788571;0.516107;0.00629411;-16.7235
136.961;12.8642;0.788863;0.49327;0.00677077;-15.6986
145.786;12.8642;0.789086;0.467952;0.00448241;-14.6521
154.612;12.8642;0.789267;0.44107;0.00227158;-13.5848
163.437;12.8642;0.827617;0.413332;0.00324377;-12.5257
172.263;12.8642;0.851269;0.384043;0.00333855;-11.4335
181.088;12.8642;0.802593;0.348761;0.00466567;-10.2407
189.914;12.8642;0.764352;0.310765;0.00672095;-9.05117
198.739;12.8642;0.894679;0.268187;0.0106296;-8.01412
207.565;12.8642;1.11131;0.224515;0.0133862;-7.04655
216.39;12.8642;1.26532;0.179679;0.0144425;-5.99223
225.215;12.8642;1.31563;0.13106;0.0155736;-4.81161
234.041;12.8642;1.25629;0.082809;0.0163623;-3.52285
242.866;12.8642;1.02454;0.0416402;0.0198072;-2.13547
-233.708;4.0387;0.970567;0.0707281;0.0137349;-1.42288
-224.883;4.0387;1.05611;0.0606406;0.0108227;-2.54612
-216.057;4.0387;1.03173;0.0349664;0.00924352;-3.67008
-207.232;4.0387;0.905772;0.00203948;0.0112305;-4.73343
-198.406;4.0387;0.834545;-0.0304688;0.0117487;-5.81474
-189.581;4.0387;0.852567;-0.055124;0.0062811;-6.93559
-180.755;4.0387;0.923193;-0.0811495;0.00210538;-8.10187
-171.93;4.0387;0.879887;-0.106352;-0.00361647;-9.19603
-163.105;4.0387;0.778041;-0.127557;-0.0136639;-10.269
-154.279;4.0387;0.750704;-0.140674;-0.0296185;-11.3519
-145.454;4.0387;0.815251;-0.151569;-0.0451204;-12.4378
-136.628;4.0387;0.828954;-0.166613;-0.0535441;-13.5136
-127.803;4.0387;0.817705;-0.181682;-0.0571159;-14.5653
-118.977;4.0387;0.808385;-0.195705;-0.054818;-15.5945
-110.152;4.0387;0.791061;-0.213961;-0.0505471;-16.631
-101.326;4.0387;0.755854;-0.226847;-0.0459104;-17.6295
-92.5009;4.0387;0.710604;-0.227297;-0.0405421;-18.5667
-83.6754;4.0387;0.681998;-0.221532;-0.0333329;-19.4646
-74.85;4.0387;0.695752;-0.223517;-0.0240224;-20.3857
-66.0245;4.0387;0.714417;-0.223317;-0.0171327;-21.2872
-57.1991;4.0387;0.725944;-0.212495;-0.00893512;-22.1471
-48.3736;4.0387;0.765626;-0.193255;0.00605874;-22.9809
-39.5482;4.0387;0.876335;-0.167131;0.0324444;-23.8211
-30.7227;4.0387;1.07701;-0.137757;0.0655155;-24.6468
-21.8972;4.0387;1.33105;-0.107818;0.0969354;-25.4483
-13.0718;4.0387;1.42379;-0.0670518;0.119933;-26.0012
-4.24634;4.0387;0.79131;0.000714287;0.135036;-25.9833
4.57912;4.0387;0.165894;0.0847918;0.111282;-25.5514
13.4046;4.0387;0.0502786;0.207994;0.0402764;-25.3832
22.23;4.0387;0.431554;0.336943;-0.0371933;-25.5182
31.0555;4.0387;0.675147;0.450948;-0.0865498;-25.5008
39.8809;4.0387;0.545811;0.515451;-0.112784;-25.016
48.7064;4.0387;0.520612;0.545195;-0.119254;-24.4379
57.5318;4.0387;0.733694;0.575202;-0.104217;-24.0191
66.3573;4.0387;1.08008;0.597562;-0.0761972;-23.622
75.1828;4.0387;1.27114;0.603143;-0.0496725;-23.0222
84.0082;4.0387;1.11627;0.603528;-0.0348594;-22.0604
92.8337;4.0387;0.875649;0.594036;-0.0276408;-20.9297
101.659;4.0387;0.648453;0.58681;-0.0235767;-19.793
110.485;4.0387;0.507238;0.574958;-0.0218173;-18.6986
119.31;4.0387;0.500926;0.554559;-0.018622;-17.683
128.135;4.0387;0.584916;0.533168;-0.0152703;-16.7342
136.961;4.0387;0.655455;0.513996;-0.0145875;-15.7661
145.786;4.0387;0.700732;0.489181;-0.0145614;-14.7454
154.612;4.0387;0.735282;0.45857;-0.0128657;-13.6865
163.437;4.0387;0.789184;0.429243;-0.00884423;-12.6324
172.263;4.0387;0.821612;0.398054;-0.0050336;-11.5337
181.088;4.0387;0.777993;0.361442;-0.000223659;-10.3311
189.914;4.0387;0.736501;0.322425;0.00505207;-9.12578
198.739;4.0387;0.823765;0.280831;0.0102825;-8.04358
207.565;4.0387;1.06119;0.23582;0.0128266;-7.08217
216.39;4.0387;1.23013;0.189072;0.0124464;-6.03366
225.215;4.0387;1.27151;0.14124;0.013671;-4.84992
234.041;4.0387;1.18081;0.0939698;0.0184049;-3.531
242.866;4.0387;1.01931;0.0481507;0.0240786;-2.14234
251.692;4.0387;0.994675;0.0346754;0.0258068;-0.773717
-233.708;-4.78675;0.917463;0.0771671;0.0133069;-1.43263
-224.883;-4.78675;0.994445;0.0630338;0.0118912;-2.56758
-216.057;-4.78675;0.947679;0.0339195;0.0111168;-3.67548
-207.232;-4.78675;0.796723;-0.00376559;0.0126238;-4.72964
-198.406;-4.78675;0.716482;-0.0382372;0.0109459;-5.80289
-189.581;-4.78675;0.745535;-0.062262;0.00472666;-6.93148
-180.755;-4.78675;0.872422;-0.0851385;0.00238403;-8.12386
-171.93;-4.78675;0.889449;-0.103913;-0.00373794;-9.25278
-163.105;-4.78675;0.831692;-0.115653;-0.0174753;-10.3437
-154.279;-4.78675;0.817966;-0.122117;-0.0374399;-11.4465
-145.454;-4.78675;0.863743;-0.132088;-0.0536141;-12.541
-136.628;-4.78675;0.845111;-0.153501;-0.0623081;-13.629
-127.803;-4.78675;0.806519;-0.172599;-0.0656877;-14.6774
-118.977;-4.78675;0.802731;-0.188772;-0.0634735;-15.7036
-110.152;-4.78675;0.78717;-0.206371;-0.0616432;-16.7449
-101.326;-4.78675;0.743456;-0.21821;-0.0617531;-17.7458
-92.5009;-4.78675;0.683742;-0.220129;-0.0615828;-18.6869
-83.6754;-4.78675;0.637338;-0.217273;-0.0572849;-19.5923
-74.85;-4.78675;0.641553;-0.218733;-0.0492021;-20.5252
-66.0245;-4.78675;0.664505;-0.21762;-0.0439429;-21.4397
-57.1991;-4.78675;0.680742;-0.208487;-0.0397219;-22.3206
-48.3736;-4.78675;0.720361;-0.191683;-0.0288314;-23.1761
-39.5482;-4.78675;0.81216;-0.166533;-0.00777471;-24.0096
-30.7227;-4.78675;0.966209;-0.135002;0.0188542;-24.8088
-21.8972;-4.78675;1.14349;-0.101859;0.0430504;-25.5458
-13.0718;-4.78675;1.04402;-0.0497089;0.0619986;-25.9429
-4.24634;-4.78675;0.161212;0.0264211;0.0742928;-25.6471
4.57912;-4.78675;-0.358994;0.11775;0.0385042;-25.2571
13.4046;-4.78675;-0.107541;0.247862;-0.0332199;-25.4367
22.23;-4.78675;0.522532;0.360584;-0.0993311;-25.7791
31.0555;-4.78675;0.672897;0.457809;-0.133532;-25.6975
39.8809;-4.78675;0.508165;0.510956;-0.156342;-25.0955
48.7064;-4.78675;0.504454;0.545773;-0.163648;-24.5415
57.5318;-4.78675;0.692116;0.57739;-0.151333;-24.097
66.3573;-4.78675;0.938002;0.60088;-0.125321;-23.6195
75.1828;-4.78675;1.04858;0.607129;-0.0978478;-22.9408
84.0082;-4.78675;0.839811;0.607029;-0.0803395;-21.905
92.8337;-4.78675;0.531381;0.596516;-0.0720831;-20.6918
101.659;-4.78675;0.27336;0.588188;-0.0656887;-19.5238
110.485;-4.78675;0.185482;0.57809;-0.0589843;-18.496
119.31;-4.78675;0.334187;0.562098;-0.0514838;-17.6414
128.135;-4.78675;0.560192;0.543926;-0.0462661;-16.82
136.961;-4.78675;0.6778;0.526789;-0.0440833;-15.881
145.786;-4.78675;0.743401;0.50282;-0.0404303;-14.8662
154.612;-4.78675;0.804416;0.471758;-0.0342642;-13.8228
163.437;-4.78675;0.873434;0.441922;-0.0276008;-12.782
172.263;-4.78675;0.901538;0.409923;-0.0201817;-11.6746
181.088;-4.78675;0.842186;0.372994;-0.0100721;-10.4555
189.914;-4.78675;0.769188;0.332305;0.000710186;-9.21391
198.739;-4.78675;0.787309;0.289878;0.00846012;-8.05848
207.565;-4.78675;0.976932;0.243256;0.0104238;-7.03876
216.39;-4.78675;1.13749;0.192778;0.010604;-5.96756
225.215;-4.78675;1.1876;0.142591;0.0139708;-4.7811
234.041;-4.78675;1.10546;0.0952508;0.0218112;-3.47286
242.866;-4.78675;0.957532;0.0518041;0.0281795;-2.13179
251.692;-4.78675;0.939029;0.0352526;0.0281169;-0.798951
-233.708;-13.6122;0.91999;0.0856327;0.0186087;-1.41338
-224.883;-13.6122;0.971939;0.0718231;0.0182237;-2.56734
-216.057;-13.6122;0.930641;0.0417308;0.0194055;-3.67536
-207.232;-13.6122;0.846861;0.00180531;0.0188974;-4.76147
-198.406;-13.6122;0.79765;-0.0359317;0.014439;-5.86358
-189.581;-13.6122;0.820681;-0.0612076;0.00641917;-6.99765
-180.755;-13.6122;0.91906;-0.0794929;0.000846629;-8.17168
-171.93;-13.6122;0.914213;-0.0904388;-0.0106056;-9.29528
-163.105;-13.6122;0.853727;-0.0936231;-0.0295035;-10.3749
-154.279;-13.6122;0.837878;-0.0975543;-0.0502304;-11.4804
-145.454;-13.6122;0.867219;-0.111943;-0.0624018;-12.5865
-136.628;-13.6122;0.836473;-0.140854;-0.0671905;-13.6862
-127.803;-13.6122;0.798462;-0.162377;-0.0710173;-14.7287
-118.977;-13.6122;0.792631;-0.177402;-0.072655;-15.7526
-110.152;-13.6122;0.765927;-0.191211;-0.0759407;-16.7694
-101.326;-13.6122;0.714797;-0.200723;-0.080393;-17.7548
-92.5009;-13.6122;0.661092;-0.203843;-0.0839721;-18.7022
-83.6754;-13.6122;0.625794;-0.202838;-0.084199;-19.634
-74.85;-13.6122;0.616338;-0.202069;-0.0821471;-20.5647
-66.0245;-13.6122;0.624545;-0.197712;-0.0808649;-21.4668
-57.1991;-13.6122;0.62297;-0.19296;-0.0778025;-22.3553
-48.3736;-13.6122;0.663582;-0.181804;-0.068604;-23.2265
-39.5482;-13.6122;0.755989;-0.157327;-0.0556882;-24.062
-30.7227;-13.6122;0.874823;-0.12191;-0.0422029;-24.8139
-21.8972;-13.6122;0.959652;-0.0837969;-0.0295742;-25.4442
-13.0718;-13.6122;0.723583;-0.0233887;-0.0165404;-25.7525
-4.24634;-13.6122;0.0637401;0.0614727;-0.00940368;-25.5045
4.57912;-13.6122;-0.0101293;0.165382;-0.0489328;-25.4721
13.4046;-13.6122;0.485767;0.290516;-0.116286;-25.8831
22.23;-13.6122;0.927745;0.393742;-0.166646;-26.173
31.0555;-13.6122;0.845962;0.462202;-0.178297;-25.8668
39.8809;-13.6122;0.67888;0.501605;-0.191077;-25.2072
48.7064;-13.6122;0.649537;0.535927;-0.19663;-24.6392
57.5318;-13.6122;0.717417;0.564823;-0.186321;-24.0881
66.3573;-13.6122;0.799686;0.585887;-0.164422;-23.4676
75.1828;-13.6122;0.803043;0.59325;-0.140929;-22.6864
84.0082;-13.6122;0.57172;0.598023;-0.124276;-21.6242
92.8337;-13.6122;0.2536;0.595449;-0.113461;-20.4182
101.659;-13.6122;0.0667635;0.589308;-0.102181;-19.3311
110.485;-13.6122;0.137427;0.579396;-0.0913219;-18.4642
119.31;-13.6122;0.465554;0.565511;-0.0825352;-17.7808
128.135;-13.6122;0.794479;0.549933;-0.0780927;-17.0461
136.961;-13.6122;0.846945;0.535606;-0.0718923;-16.0495
145.786;-13.6122;0.868224;0.510487;-0.0624299;-14.986
154.612;-13.6122;0.955675;0.47962;-0.0535693;-13.9612
163.437;-13.6122;1.05441;0.448014;-0.0454252;-12.9432
172.263;-13.6122;1.05852;0.41444;-0.0353459;-11.8155
181.088;-13.6122;0.954052;0.377474;-0.0217993;-10.5612
189.914;-13.6122;0.829417;0.33711;-0.00822322;-9.27249
198.739;-13.6122;0.789595;0.293976;0.000822413;-8.05102
207.565;-13.6122;0.942183;0.244102;0.00353646;-6.98037
216.39;-13.6122;1.11105;0.188798;0.00736461;-5.89776
225.215;-13.6122;1.18122;0.135397;0.0155505;-4.72336
234.041;-13.6122;1.13797;0.091326;0.0249574;-3.45154
242.866;-13.6122;1.06152;0.0531034;0.0317233;-2.14136
-233.708;-22.4377;0.934667;0.0902742;0.0254811;-1.38977
-224.883;-22.4377;0.984004;0.089915;0.0234361;-2.50128
-216.057;-22.4377;0.938589;0.0601261;0.0246049;-3.62104
-207.232;-22.4377;0.906584;0.0194751;0.023164;-4.74876
-198.406;-22.4377;0.920347;-0.0197108;0.0173751;-5.88559
-189.581;-22.4377;0.944129;-0.0465665;0.00935386;-7.02989
-180.755;-22.4377;0.980746;-0.0629426;-0.000721563;-8.16178
-171.93;-22.4377;0.900072;-0.0701183;-0.0199998;-9.24884
-163.105;-22.4377;0.80875;-0.0720091;-0.0440368;-10.303
-154.279;-22.4377;0.797561;-0.0795358;-0.0615855;-11.411
-145.454;-22.4377;0.834823;-0.0971639;-0.0705033;-12.5262
-136.628;-22.4377;0.830083;-0.126633;-0.0761037;-13.6405
-127.803;-22.4377;0.807489;-0.148986;-0.0832506;-14.7043
-118.977;-22.4377;0.792222;-0.161583;-0.0891255;-15.7356
-110.152;-22.4377;0.739512;-0.171961;-0.0964178;-16.7243
-101.326;-22.4377;0.675577;-0.180928;-0.104272;-17.6863
-92.5009;-22.4377;0.636694;-0.186769;-0.110877;-18.6379
-83.6754;-22.4377;0.629255;-0.18797;-0.116142;-19.5939
-74.85;-22.4377;0.618903;-0.18519;-0.120928;-20.5105
-66.0245;-22.4377;0.601886;-0.177421;-0.125137;-21.3795
-57.1991;-22.4377;0.571527;-0.173883;-0.123022;-22.2417
-48.3736;-22.4377;0.605861;-0.16507;-0.115131;-23.1072
-39.5482;-22.4377;0.717249;-0.140174;-0.110038;-23.9392
-30.7227;-22.4377;0.84868;-0.099788;-0.110548;-24.6643
-21.8972;-22.4377;0.898937;-0.0513164;-0.11255;-25.2455
-13.0718;-22.4377;0.698448;0.0142005;-0.112731;-25.5859
-4.24634;-22.4377;0.41487;0.0937335;-0.112968;-25.57
4.57912;-22.4377;0.586892;0.198385;-0.150573;-25.7996
13.4046;-22.4377;0.951951;0.299835;-0.193272;-26.0744
22.23;-22.4377;1.0605;0.38032;-0.21062;-26.0772
31.0555;-22.4377;0.842742;0.440367;-0.206053;-25.6279
39.8809;-22.4377;0.713007;0.483324;-0.216226;-25.0445
48.7064;-22.4377;0.690433;0.518638;-0.221585;-24.4908
57.5318;-22.4377;0.681764;0.546744;-0.213408;-23.8711
66.3573;-22.4377;0.654514;0.56529;-0.195678;-23.1567
75.1828;-22.4377;0.607295;0.571782;-0.176666;-22.3403
84.0082;-22.4377;0.456377;0.579699;-0.161379;-21.3591
92.8337;-22.4377;0.244522;0.585269;-0.147049;-20.2797
101.659;-22.4377;0.19858;0.582183;-0.130138;-19.342
110.485;-22.4377;0.425991;0.572852;-0.116425;-18.6141
119.31;-22.4377;0.853755;0.559227;-0.109932;-17.9876
128.135;-22.4377;1.06488;0.546918;-0.105612;-17.1787
136.961;-22.4377;0.951607;0.53204;-0.0939814;-16.0464
145.786;-22.4377;0.902311;0.506977;-0.0783302;-14.9284
154.612;-22.4377;1.0172;0.479375;-0.0654659;-13.9391
163.437;-22.4377;1.18887;0.446505;-0.055005;-12.9771
172.263;-22.4377;1.21673;0.411387;-0.0447524;-11.8717
181.088;-22.4377;1.12379;0.372925;-0.030413;-10.6283
189.914;-22.4377;1.0137;0.330557;-0.0156753;-9.34922
198.739;-22.4377;0.979471;0.284876;-0.00499422;-8.12424
207.565;-22.4377;1.08391;0.23347;0.000687432;-7.00462
216.39;-22.4377;1.21551;0.175074;0.00853679;-5.87301
225.215;-22.4377;1.28015;0.121696;0.0200952;-4.68256
234.041;-22.4377;1.23663;0.0810795;0.0299391;-3.43591
242.866;-22.4377;1.16117;0.0561115;0.0366026;-2.18115
-233.708;-31.2631;0.976225;0.103826;0.0337915;-1.33551
-224.883;-31.2631;0.935487;0.0928002;0.0297066;-2.4152
-216.057;-31.2631;0.883166;0.0725625;0.028466;-3.50878
-207.232;-31.2631;0.870527;0.0316658;0.0265147;-4.66051
-198.406;-31.2631;0.933636;-0.00493357;0.0209981;-5.81806
-189.581;-31.2631;0.965484;-0.0298516;0.0116494;-6.95406
-180.755;-31.2631;0.969713;-0.0425833;-0.0030894;-8.05684
-171.93;-31.2631;0.866385;-0.0474022;-0.0287227;-9.13145
-163.105;-31.2631;0.775988;-0.0532678;-0.0549183;-10.1961
-154.279;-31.2631;0.772905;-0.0670149;-0.0694458;-11.3088
-145.454;-31.2631;0.818168;-0.0862571;-0.0784257;-12.4196
-136.628;-31.2631;0.838813;-0.111931;-0.0892709;-13.5329
-127.803;-31.2631;0.838141;-0.133755;-0.101874;-14.6264
-118.977;-31.2631;0.811703;-0.145257;-0.110394;-15.653
-110.152;-31.2631;0.734414;-0.155382;-0.119436;-16.6207
-101.326;-31.2631;0.653594;-0.165951;-0.130312;-17.5611
-92.5009;-31.2631;0.618838;-0.174784;-0.140617;-18.5074
-83.6754;-31.2631;0.630641;-0.178354;-0.150649;-19.4592
-74.85;-31.2631;0.63091;-0.175365;-0.160065;-20.3584
-66.0245;-31.2631;0.591787;-0.167424;-0.167202;-21.1765
-57.1991;-31.2631;0.550376;-0.156264;-0.167156;-22.046
-48.3736;-31.2631;0.582774;-0.102092;-0.158398;-23.5209
-39.5482;-31.2631;0.701108;-0.0939254;-0.161784;-23.9835
-30.7227;-31.2631;0.832821;-0.0753128;-0.172114;-24.3183
-21.8972;-31.2631;0.862272;-0.0140074;-0.181466;-24.8824
-13.0718;-31.2631;0.793594;0.0481508;-0.190683;-25.2477
-4.24634;-31.2631;0.695952;0.11939;-0.201009;-25.4203
4.57912;-31.2631;0.756414;0.202422;-0.219909;-25.6151
13.4046;-31.2631;0.893639;0.283405;-0.235104;-25.7118
22.23;-31.2631;0.926418;0.354333;-0.239431;-25.5904
31.0555;-31.2631;0.764656;0.409812;-0.235131;-25.1895
39.8809;-31.2631;0.698891;0.451168;-0.240084;-24.7004
48.7064;-31.2631;0.683316;0.490019;-0.242035;-24.1676
57.5318;-31.2631;0.644743;0.522805;-0.234684;-23.529
66.3573;-31.2631;0.584812;0.542644;-0.219781;-22.7862
75.1828;-31.2631;0.534326;0.549455;-0.202269;-21.9766
84.0082;-31.2631;0.472089;0.559134;-0.185554;-21.1071
92.8337;-31.2631;0.388996;0.56939;-0.16733;-20.1837
101.659;-31.2631;0.461422;0.568681;-0.147853;-19.3744
110.485;-31.2631;0.710067;0.561696;-0.134187;-18.6808
119.31;-31.2631;1.01956;0.550791;-0.129362;-17.9694
128.135;-31.2631;1.10897;0.537563;-0.124917;-17.0396
136.961;-31.2631;0.917069;0.519548;-0.10873;-15.828
145.786;-31.2631;0.856762;0.494697;-0.0894066;-14.6981
154.612;-31.2631;0.990883;0.473021;-0.0746204;-13.7376
163.437;-31.2631;1.18993;0.44518;-0.0620917;-12.8092
172.263;-31.2631;1.26699;0.410175;-0.0499283;-11.7556
181.088;-31.2631;1.22426;0.368209;-0.0360405;-10.5583
189.914;-31.2631;1.15959;0.320619;-0.0226241;-9.31477
198.739;-31.2631;1.1402;0.271267;-0.0104092;-8.09919
207.565;-31.2631;1.18078;0.219764;-0.00105899;-6.9279
216.39;-31.2631;1.26145;0.161512;0.00942788;-5.75167
225.215;-31.2631;1.32227;0.108585;0.0211568;-4.55114
234.041;-31.2631;1.29562;0.068758;0.0312211;-3.28707
242.866;-31.2631;1.23039;0.050447;0.0369851;-2.06574
-224.883;-40.0886;0.878485;0.1105;0.0342145;-2.24336
-216.057;-40.0886;0.776793;0.0833536;0.0302171;-3.32694
-207.232;-40.0886;0.81234;0.0485402;0.0280639;-4.47699
-198.406;-40.0886;0.887623;0.0130542;0.0240449;-5.65935
-189.581;-40.0886;0.894275;-0.00941085;0.0109836;-6.78583
-180.755;-40.0886;0.878861;-0.0164574;-0.0107785;-7.87706
-171.93;-40.0886;0.837144;-0.018798;-0.0408256;-8.9564
-163.105;-40.0886;0.799244;-0.0302822;-0.0655661;-10.0524
-154.279;-40.0886;0.793392;-0.0510451;-0.0785947;-11.1551
-145.454;-40.0886;0.814337;-0.0749813;-0.0895305;-12.2464
-136.628;-40.0886;0.834103;-0.0997949;-0.104334;-13.3395
-127.803;-40.0886;0.862177;-0.119721;-0.1186;-14.444
-118.977;-40.0886;0.843026;-0.132067;-0.127804;-15.4802
-110.152;-40.0886;0.764544;-0.145454;-0.137806;-16.4475
-101.326;-40.0886;0.674211;-0.15796;-0.15109;-17.366
-92.5009;-40.0886;0.629524;-0.166376;-0.1654;-18.2873
-83.6754;-40.0886;0.638165;-0.168699;-0.180415;-19.2156
-74.85;-40.0886;0.635258;-0.165888;-0.192921;-20.0955
-66.0245;-40.0886;0.589351;-0.156006;-0.200708;-20.9046
-30.7227;-40.0886;0.777794;-0.0495939;-0.219033;-23.889
-21.8972;-40.0886;0.745955;0.0113157;-0.227898;-24.3914
-13.0718;-40.0886;0.735334;0.0696752;-0.236502;-24.7611
-4.24634;-40.0886;0.720812;0.133891;-0.247864;-25.0128
4.57912;-40.0886;0.731063;0.202706;-0.257569;-25.1301
13.4046;-40.0886;0.746188;0.270046;-0.259592;-25.1081
22.23;-40.0886;0.729607;0.330966;-0.255397;-24.9325
31.0555;-40.0886;0.660023;0.383346;-0.254287;-24.5966
39.8809;-40.0886;0.60733;0.426382;-0.258081;-24.1544
48.7064;-40.0886;0.571975;0.467806;-0.256271;-23.6307
57.5318;-40.0886;0.527565;0.501857;-0.247017;-23.0053
66.3573;-40.0886;0.483725;0.522396;-0.233574;-22.295
75.1828;-40.0886;0.458638;0.531132;-0.219011;-21.5354
84.0082;-40.0886;0.443012;0.54259;-0.201422;-20.7461
92.8337;-40.0886;0.437177;0.551603;-0.181013;-19.922
101.659;-40.0886;0.527062;0.552969;-0.161991;-19.1491
110.485;-40.0886;0.688307;0.547775;-0.14953;-18.3911
119.31;-40.0886;0.838679;0.536853;-0.144131;-17.5586
128.135;-40.0886;0.865206;0.521006;-0.138252;-16.5631
136.961;-40.0886;0.756769;0.500112;-0.120548;-15.4128
145.786;-40.0886;0.755945;0.47584;-0.100434;-14.3272
154.612;-40.0886;0.881961;0.456336;-0.0843467;-13.3585
163.437;-40.0886;1.04644;0.430963;-0.0701291;-12.4082
172.263;-40.0886;1.14595;0.396087;-0.0579453;-11.3856
181.088;-40.0886;1.15042;0.353742;-0.0459634;-10.2429
189.914;-40.0886;1.12767;0.305898;-0.0340096;-9.04723
198.739;-40.0886;1.11418;0.259095;-0.0210333;-7.85346
207.565;-40.0886;1.10563;0.209146;-0.00901885;-6.65283
216.39;-40.0886;1.15201;0.155334;0.00150313;-5.46679
225.215;-40.0886;1.21308;0.106562;0.0122027;-4.28672
234.041;-40.0886;1.24488;0.0696653;0.02149;-3.06353
242.866;-40.0886;1.24717;0.0449601;0.0297319;-1.82322
-224.883;-48.914;0.865922;0.132078;0.0345195;-2.06013
-216.057;-48.914;0.72898;0.0952783;0.0279483;-3.14872
-207.232;-48.914;0.812433;0.0676429;0.0269064;-4.28677
-198.406;-48.914;0.880734;0.0373527;0.0237444;-5.46983
-189.581;-48.914;0.833176;0.0216384;0.0053499;-6.57567
-180.755;-48.914;0.791135;0.0208132;-0.0248831;-7.65295
-171.93;-48.914;0.824701;0.0168695;-0.0564458;-8.73688
-163.105;-48.914;0.841976;-0.0013216;-0.0772638;-9.85401
-154.279;-48.914;0.809374;-0.0295686;-0.0896839;-10.9269
-145.454;-48.914;0.767408;-0.0634207;-0.10234;-11.9916
-136.628;-48.914;0.770203;-0.0932604;-0.117917;-13.0652
-127.803;-48.914;0.826843;-0.109877;-0.12884;-14.1735
-118.977;-48.914;0.856381;-0.119315;-0.137707;-15.2099
-110.152;-48.914;0.794969;-0.134582;-0.150185;-16.188
-101.326;-48.914;0.715187;-0.146758;-0.164672;-17.0984
-92.5009;-48.914;0.675647;-0.151692;-0.180683;-17.9897
-83.6754;-48.914;0.674414;-0.150606;-0.199875;-18.886
-74.85;-48.914;0.658513;-0.148188;-0.214827;-19.7174
-66.0245;-48.914;0.61066;-0.138383;-0.224281;-20.529
-57.1991;-48.914;0.586636;-0.126965;-0.226003;-21.315
-30.7227;-48.914;0.659317;-0.0309868;-0.253949;-23.3288
-21.8972;-48.914;0.60846;0.0264837;-0.258963;-23.784
-13.0718;-48.914;0.635532;0.0810327;-0.261552;-24.1566
-4.24634;-48.914;0.670246;0.13858;-0.266565;-24.4063
4.57912;-48.914;0.666519;0.199981;-0.273596;-24.4925
13.4046;-48.914;0.628165;0.258409;-0.273782;-24.42
22.23;-48.914;0.577527;0.311078;-0.267325;-24.2111
31.0555;-48.914;0.530984;0.361589;-0.267296;-23.8981
39.8809;-48.914;0.466423;0.406502;-0.271759;-23.4595
48.7064;-48.914;0.407715;0.446845;-0.273045;-22.9363
57.5318;-48.914;0.373099;0.479161;-0.267246;-22.3451
66.3573;-48.914;0.344315;0.50202;-0.256244;-21.6813
75.1828;-48.914;0.307852;0.515313;-0.243962;-20.9406
84.0082;-48.914;0.271367;0.530445;-0.22975;-20.1696
92.8337;-48.914;0.286973;0.534863;-0.209233;-19.3835
101.659;-48.914;0.340222;0.531862;-0.189144;-18.5788
110.485;-48.914;0.408089;0.524137;-0.174708;-17.7377
119.31;-48.914;0.471912;0.512543;-0.165323;-16.8435
128.135;-48.914;0.525427;0.496916;-0.154843;-15.8914
136.961;-48.914;0.58322;0.477147;-0.136872;-14.9006
145.786;-48.914;0.663903;0.455459;-0.115312;-13.8968
154.612;-48.914;0.762039;0.434661;-0.0951552;-12.9056
163.437;-48.914;0.858186;0.408664;-0.0775487;-11.9069
172.263;-48.914;0.927673;0.375169;-0.0651992;-10.8741
181.088;-48.914;0.938949;0.336557;-0.0546763;-9.75538
189.914;-48.914;0.926545;0.292656;-0.0442299;-8.58556
198.739;-48.914;0.914814;0.24855;-0.0316288;-7.40877
207.565;-48.914;0.91584;0.199102;-0.0188798;-6.22934
216.39;-48.914;0.96787;0.149033;-0.00833634;-5.06655
225.215;-48.914;1.02862;0.109366;-0.00134029;-3.92641
234.041;-48.914;1.06273;0.0687157;0.00521416;-2.7244
242.866;-48.914;1.04904;0.030389;0.0170955;-1.47861
-224.883;-57.7395;0.947195;0.152444;0.0351433;-1.92649
-216.057;-57.7395;0.801921;0.109488;0.0281361;-2.99602
-207.232;-57.7395;0.859252;0.0825311;0.0297504;-4.09967
-198.406;-57.7395;0.91912;0.0648483;0.0241711;-5.24873
-189.581;-57.7395;0.851179;0.0609254;-0.00286896;-6.35083
-180.755;-57.7395;0.810646;0.0622558;-0.0377169;-7.41982
-171.93;-57.7395;0.836867;0.0475805;-0.0656436;-8.49819
-163.105;-57.7395;0.841083;0.0224144;-0.0821547;-9.59533
-154.279;-57.7395;0.784737;-0.00701539;-0.0942886;-10.6205
-145.454;-57.7395;0.706254;-0.0427955;-0.10851;-11.646
-136.628;-57.7395;0.685104;-0.0744923;-0.124483;-12.6973
-127.803;-57.7395;0.778949;-0.0904427;-0.132779;-13.7977
-118.977;-57.7395;0.82595;-0.0998525;-0.142355;-14.8284
-110.152;-57.7395;0.772569;-0.116933;-0.159401;-15.8093
-101.326;-57.7395;0.709397;-0.128288;-0.176589;-16.7101
-92.5009;-57.7395;0.672548;-0.131356;-0.190548;-17.5789
-83.6754;-57.7395;0.653724;-0.129777;-0.206633;-18.4422
-74.85;-57.7395;0.632789;-0.128107;-0.226352;-19.2449
-30.7227;-57.7395;0.603584;-0.0192814;-0.28707;-22.6379
-21.8972;-57.7395;0.548689;0.0336492;-0.291342;-23.0829
-13.0718;-57.7395;0.555777;0.0857047;-0.292004;-23.4447
-4.24634;-57.7395;0.584587;0.141039;-0.294443;-23.6753
4.57912;-57.7395;0.576389;0.196372;-0.298739;-23.7443
13.4046;-57.7395;0.524496;0.247018;-0.298171;-23.6591
22.23;-57.7395;0.460668;0.293839;-0.291292;-23.4466
31.0555;-57.7395;0.413791;0.341784;-0.289706;-23.1366
39.8809;-57.7395;0.354375;0.387526;-0.295563;-22.7064
48.7064;-57.7395;0.302228;0.425389;-0.3013;-22.2131
57.5318;-57.7395;0.283121;0.455609;-0.30148;-21.6659
66.3573;-57.7395;0.249495;0.480877;-0.294392;-21.0267
75.1828;-57.7395;0.17243;0.498243;-0.282942;-20.2663
84.0082;-57.7395;0.0866139;0.516767;-0.271446;-19.4826
92.8337;-57.7395;0.0942326;0.519766;-0.253258;-18.7169
101.659;-57.7395;0.122364;0.513602;-0.23339;-17.9017
110.485;-57.7395;0.166296;0.502898;-0.21637;-17.0394
119.31;-57.7395;0.249459;0.490826;-0.201892;-16.1683
128.135;-57.7395;0.410716;0.47531;-0.184554;-15.33
136.961;-57.7395;0.575063;0.457142;-0.162096;-14.463
145.786;-57.7395;0.696298;0.438199;-0.134362;-13.5326
154.612;-57.7395;0.780799;0.413932;-0.10798;-12.5455
163.437;-57.7395;0.846374;0.384326;-0.0862633;-11.5284
172.263;-57.7395;0.913719;0.350013;-0.0710809;-10.4942
181.088;-57.7395;0.944669;0.313044;-0.0583789;-9.39591
189.914;-57.7395;0.950389;0.271719;-0.046685;-8.25324
198.739;-57.7395;0.956095;0.230219;-0.0327152;-7.1083
207.565;-57.7395;0.990324;0.183334;-0.0197172;-5.97029
216.39;-57.7395;1.04892;0.138014;-0.00980987;-4.83492
225.215;-57.7395;1.0638;0.0986052;-0.00346896;-3.6744
234.041;-57.7395;1.0427;0.0544269;0.00260523;-2.42262
242.866;-57.7395;1.01107;0.00374329;0.0161015;-1.13674
-216.057;-66.5649;0.901035;0.125189;0.0352735;-2.80042
-207.232;-66.5649;0.893053;0.0973742;0.0342928;-3.86384
-198.406;-66.5649;0.910619;0.089737;0.02114;-4.95679
-189.581;-66.5649;0.87609;0.101601;-0.0105712;-6.01265
-180.755;-66.5649;0.833207;0.0939884;-0.0423536;-7.08719
-171.93;-66.5649;0.825691;0.0687713;-0.0649169;-8.17032
-163.105;-66.5649;0.825733;0.0388532;-0.0778822;-9.2599
-154.279;-66.5649;0.788037;0.0114689;-0.0901154;-10.2841
-145.454;-66.5649;0.714623;-0.0178538;-0.106445;-11.2874
-136.628;-66.5649;0.661305;-0.0469824;-0.12385;-12.2974
-127.803;-66.5649;0.679361;-0.0676113;-0.134828;-13.3563
-118.977;-66.5649;0.700673;-0.077814;-0.148829;-14.356
-110.152;-66.5649;0.670074;-0.0953767;-0.171467;-15.3195
-101.326;-66.5649;0.631413;-0.10749;-0.192165;-16.2097
-92.5009;-66.5649;0.597172;-0.112191;-0.206471;-17.0702
-83.6754;-66.5649;0.567575;-0.112221;-0.221967;-17.9073
-74.85;-66.5649;0.548674;-0.109962;-0.245718;-18.6891
-30.7227;-66.5649;0.596271;-0.00275206;-0.332185;-21.9087
-21.8972;-66.5649;0.566362;0.0436363;-0.341666;-22.3499
-13.0718;-66.5649;0.530771;0.0911439;-0.347817;-22.6678
-4.24634;-66.5649;0.52114;0.143655;-0.35044;-22.8635
4.57912;-66.5649;0.51681;0.1931;-0.351019;-22.9186
13.4046;-66.5649;0.482112;0.236271;-0.346953;-22.8427
22.23;-66.5649;0.432345;0.278394;-0.33791;-22.6633
31.0555;-66.5649;0.398952;0.322995;-0.331658;-22.3842
39.8809;-66.5649;0.373328;0.366503;-0.332587;-21.9992
48.7064;-66.5649;0.362578;0.400186;-0.335492;-21.5645
57.5318;-66.5649;0.366927;0.42959;-0.339371;-21.0674
66.3573;-66.5649;0.34401;0.45912;-0.336919;-20.4723
75.1828;-66.5649;0.278969;0.482309;-0.323037;-19.7583
84.0082;-66.5649;0.210789;0.497781;-0.306381;-19.0078
92.8337;-66.5649;0.2275;0.501626;-0.28877;-18.2905
101.659;-66.5649;0.280477;0.496854;-0.269137;-17.5281
110.485;-66.5649;0.371809;0.484099;-0.249356;-16.7084
119.31;-66.5649;0.516321;0.467589;-0.230605;-15.8761
128.135;-66.5649;0.726607;0.451783;-0.209254;-15.092
136.961;-66.5649;0.960386;0.432503;-0.185135;-14.3003
145.786;-66.5649;1.07664;0.414036;-0.153396;-13.3979
154.612;-66.5649;1.10651;0.389048;-0.122576;-12.387
163.437;-66.5649;1.10497;0.359086;-0.0964773;-11.3216
172.263;-66.5649;1.12433;0.324967;-0.075876;-10.2471
181.088;-66.5649;1.12225;0.288463;-0.0574173;-9.12783
189.914;-66.5649;1.10562;0.248548;-0.0427022;-7.97921
198.739;-66.5649;1.09572;0.210397;-0.0288229;-6.83901
207.565;-66.5649;1.11382;0.166777;-0.017249;-5.70087
216.39;-66.5649;1.13487;0.123568;-0.00773153;-4.54729
225.215;-66.5649;1.08043;0.0832179;-0.0019507;-3.3481
234.041;-66.5649;1.0175;0.0381729;0.00425208;-2.07569
-216.057;-75.3904;0.949898;0.146024;0.0455278;-2.54133
-207.232;-75.3904;0.876867;0.117358;0.0373538;-3.55862
-198.406;-75.3904;0.812849;0.11177;0.0117866;-4.60203
-189.581;-75.3904;0.730087;0.113477;-0.0225065;-5.6442
-180.755;-75.3904;0.700644;0.096751;-0.0511738;-6.71093
-171.93;-75.3904;0.710295;0.0684813;-0.0715364;-7.78388
-163.105;-75.3904;0.733936;0.0401115;-0.0852126;-8.86154
-154.279;-75.3904;0.740455;0.0177913;-0.0972329;-9.89145
-145.454;-75.3904;0.707293;-0.00528782;-0.11222;-10.8867
-136.628;-75.3904;0.64791;-0.0321745;-0.129811;-11.8559
-127.803;-75.3904;0.613894;-0.0535246;-0.146603;-12.8555
-118.977;-75.3904;0.599771;-0.063461;-0.165669;-13.8171
-110.152;-75.3904;0.579354;-0.0770328;-0.191682;-14.7558
-101.326;-75.3904;0.560919;-0.0865162;-0.215686;-15.636
-92.5009;-75.3904;0.534831;-0.0926435;-0.23295;-16.4894
-83.6754;-75.3904;0.50691;-0.0951907;-0.250645;-17.3105
-74.85;-75.3904;0.498172;-0.0920959;-0.276032;-18.0777
-66.0245;-75.3904;0.519005;-0.0806935;-0.300471;-18.8166
-57.1991;-75.3904;0.525238;-0.0629749;-0.325426;-19.4753
-30.7227;-75.3904;0.611536;0.0187575;-0.380892;-21.1381
-21.8972;-75.3904;0.626673;0.0570371;-0.396269;-21.5577
-13.0718;-75.3904;0.581642;0.101118;-0.408893;-21.8668
-4.24634;-75.3904;0.551274;0.150143;-0.409285;-22.0373
4.57912;-75.3904;0.560122;0.195865;-0.406355;-22.1049
13.4046;-75.3904;0.569317;0.235938;-0.401773;-22.0817
22.23;-75.3904;0.565344;0.272618;-0.395678;-21.9542
31.0555;-75.3904;0.562363;0.309414;-0.385036;-21.7233
39.8809;-75.3904;0.583095;0.342631;-0.369098;-21.3948
48.7064;-75.3904;0.617587;0.369808;-0.360516;-21.0165
57.5318;-75.3904;0.681257;0.39839;-0.367143;-20.5934
66.3573;-75.3904;0.772195;0.429693;-0.371068;-20.1265
75.1828;-75.3904;0.855197;0.453548;-0.355533;-19.5649
84.0082;-75.3904;0.882269;0.466111;-0.334633;-18.9029
92.8337;-75.3904;0.80553;0.475102;-0.316956;-18.1623
101.659;-75.3904;0.891397;0.468626;-0.296209;-17.4369
110.485;-75.3904;1.05314;0.455902;-0.271838;-16.6993
119.31;-75.3904;1.19518;0.44104;-0.247273;-15.8977
128.135;-75.3904;1.27686;0.426625;-0.222692;-15.0266
136.961;-75.3904;1.43191;0.404992;-0.195526;-14.1818
145.786;-75.3904;1.48144;0.381253;-0.162095;-13.2204
154.612;-75.3904;1.45642;0.355153;-0.128818;-12.1712
163.437;-75.3904;1.40393;0.326547;-0.0986875;-11.0728
172.263;-75.3904;1.36801;0.294304;-0.0727041;-9.95546
181.088;-75.3904;1.31483;0.260994;-0.0495872;-8.80968
189.914;-75.3904;1.25233;0.223751;-0.0327215;-7.64202
198.739;-75.3904;1.20367;0.188578;-0.0205343;-6.48761
207.565;-75.3904;1.18355;0.148381;-0.0113105;-5.33105
216.39;-75.3904;1.15478;0.106083;-0.00190688;-4.14285
225.215;-75.3904;1.06345;0.0650353;0.00568053;-2.92355
234.041;-75.3904;1.0136;0.026921;0.0108641;-1.70944
-216.057;-84.2158;1.00369;0.161338;0.0538294;-2.21161
-207.232;-84.2158;0.839883;0.13953;0.0394535;-3.19311
-198.406;-84.2158;0.730979;0.128366;0.00560381;-4.21085
-189.581;-84.2158;0.652312;0.117062;-0.0272991;-5.2416
-180.755;-84.2158;0.627619;0.0925059;-0.05531;-6.29929
-171.93;-84.2158;0.645645;0.0642601;-0.0769962;-7.35845
-163.105;-84.2158;0.664561;0.0377238;-0.0948025;-8.41495
-154.279;-84.2158;0.67174;0.0166488;-0.110503;-9.43558
-145.454;-84.2158;0.662174;-0.00347137;-0.126493;-10.4208
-136.628;-84.2158;0.634759;-0.025765;-0.143865;-11.3758
-127.803;-84.2158;0.604648;-0.0441227;-0.165117;-12.3389
-118.977;-84.2158;0.583642;-0.0539758;-0.189829;-13.2772
-110.152;-84.2158;0.581277;-0.0638594;-0.218457;-14.1963
-101.326;-84.2158;0.575613;-0.0697954;-0.245627;-15.0723
-92.5009;-84.2158;0.556528;-0.0750182;-0.266435;-15.9073
-83.6754;-84.2158;0.536586;-0.077744;-0.285773;-16.7043
-74.85;-84.2158;0.539308;-0.0732913;-0.309326;-17.4572
-66.0245;-84.2158;0.568919;-0.0613287;-0.331741;-18.1695
-57.1991;-84.2158;0.580059;-0.0432822;-0.356158;-18.794
-48.3736;-84.2158;0.558376;0.0290293;-0.409789;-20.1214
-39.5482;-84.2158;0.583577;0.0860975;-0.438669;-20.9164
-30.7227;-84.2158;0.64618;0.0393034;-0.411065;-20.3197
-21.8972;-84.2158;0.695398;0.0721561;-0.425779;-20.714
-13.0718;-84.2158;0.701561;0.111374;-0.438305;-21.0382
-4.24634;-84.2158;0.708334;0.159244;-0.435423;-21.2151
4.57912;-84.2158;0.70673;0.1993;-0.427417;-21.3097
13.4046;-84.2158;0.71595;0.232909;-0.422367;-21.3128
22.23;-84.2158;0.724198;0.264378;-0.41998;-21.2148
31.0555;-84.2158;0.732775;0.295121;-0.409781;-21.016
39.8809;-84.2158;0.778332;0.322752;-0.389218;-20.7398
48.7064;-84.2158;0.902044;0.345567;-0.381615;-20.4425
57.5318;-84.2158;0.990934;0.383913;-0.397324;-20.0792
66.3573;-84.2158;1.12534;0.42371;-0.406986;-19.7062
75.1828;-84.2158;1.28482;0.447133;-0.390848;-19.249
84.0082;-84.2158;1.37189;0.453896;-0.368498;-18.6426
92.8337;-84.2158;1.29131;0.456483;-0.349;-17.8788
101.659;-84.2158;1.36088;0.445775;-0.323037;-17.1481
110.485;-84.2158;1.49989;0.43404;-0.290327;-16.4373
119.31;-84.2158;1.61961;0.41711;-0.256832;-15.6499
128.135;-84.2158;1.67066;0.400902;-0.223134;-14.7729
136.961;-84.2158;1.74476;0.373862;-0.191044;-13.8533
145.786;-84.2158;1.71012;0.346058;-0.158531;-12.8188
154.612;-84.2158;1.62591;0.318941;-0.124237;-11.7238
163.437;-84.2158;1.54478;0.291207;-0.0894258;-10.6109
172.263;-84.2158;1.49882;0.260067;-0.0587382;-9.50021
181.088;-84.2158;1.42098;0.229775;-0.0341862;-8.35703
189.914;-84.2158;1.32074;0.195588;-0.0179932;-7.18144
198.739;-84.2158;1.23096;0.162528;-0.00642699;-6.00977
207.565;-84.2158;1.17296;0.126873;0.00146841;-4.84002
216.39;-84.2158;1.11585;0.0880161;0.00982202;-3.64379
225.215;-84.2158;1.06681;0.0535573;0.0151317;-2.46194
234.041;-84.2158;1.06963;0.0225606;0.0176612;-1.3491
-216.057;-93.0413;1.06898;0.176425;0.0617186;-1.78575
-207.232;-93.0413;0.822273;0.152607;0.0411503;-2.81906
-198.406;-93.0413;0.71577;0.139983;0.00834564;-3.82385
-189.581;-93.0413;0.69599;0.119234;-0.0229666;-4.85241
-180.755;-93.0413;0.677793;0.0903295;-0.0530329;-5.90007
-171.93;-93.0413;0.682748;0.0636797;-0.0769529;-6.92814
-163.105;-93.0413;0.664455;0.0368541;-0.0991376;-7.94289
-154.279;-93.0413;0.638485;0.0134405;-0.119766;-8.93707
-145.454;-93.0413;0.629637;-0.00484758;-0.137803;-9.90922
-136.628;-93.0413;0.634518;-0.0192031;-0.154169;-10.8586
-127.803;-93.0413;0.623049;-0.0314067;-0.176775;-11.7822
-118.977;-93.0413;0.608085;-0.0427244;-0.205416;-12.6962
-110.152;-93.0413;0.637475;-0.0535814;-0.234165;-13.6035
-101.326;-93.0413;0.641485;-0.0597996;-0.260033;-14.4687
-92.5009;-93.0413;0.632455;-0.063045;-0.283812;-15.2912
-83.6754;-93.0413;0.625642;-0.0624513;-0.306895;-16.0703
-74.85;-93.0413;0.632514;-0.0563831;-0.329052;-16.8013
-66.0245;-93.0413;0.663024;-0.0458516;-0.344937;-17.4892
-57.1991;-93.0413;0.686;-0.0273309;-0.359309;-18.1053
-48.3736;-93.0413;0.667616;-0.00490536;-0.378263;-18.6262
-39.5482;-93.0413;0.666866;0.0209418;-0.397003;-19.0712
-30.7227;-93.0413;0.695865;0.0508449;-0.413074;-19.4786
-21.8972;-93.0413;0.735631;0.0834022;-0.425915;-19.8464
-13.0718;-93.0413;0.762469;0.118533;-0.434546;-20.1608
-4.24634;-93.0413;0.767958;0.158561;-0.433441;-20.3679
4.57912;-93.0413;0.762732;0.196129;-0.425693;-20.4601
13.4046;-93.0413;0.760134;0.229328;-0.419284;-20.4395
22.23;-93.0413;0.748373;0.260061;-0.417525;-20.3217
31.0555;-93.0413;0.728533;0.290586;-0.417328;-20.1143
39.8809;-93.0413;0.739641;0.324952;-0.419651;-19.8522
48.7064;-93.0413;0.890683;0.356114;-0.436339;-19.5968
57.5318;-93.0413;0.996304;0.395677;-0.455316;-19.2804
66.3573;-93.0413;1.13263;0.424055;-0.450081;-18.9118
75.1828;-93.0413;1.27785;0.441486;-0.423483;-18.4876
84.0082;-93.0413;1.35688;0.43914;-0.395167;-17.8903
92.8337;-93.0413;1.33524;0.435342;-0.370151;-17.1573
101.659;-93.0413;1.42751;0.423571;-0.33701;-16.4621
110.485;-93.0413;1.55669;0.410803;-0.295779;-15.7694
119.31;-93.0413;1.67253;0.389836;-0.254206;-14.9958
128.135;-93.0413;1.74201;0.369031;-0.212908;-14.1424
136.961;-93.0413;1.75577;0.342158;-0.177348;-13.1807
145.786;-93.0413;1.63365;0.3156;-0.148418;-12.0897
154.612;-93.0413;1.51677;0.287647;-0.117165;-10.9814
163.437;-93.0413;1.45666;0.259698;-0.0795691;-9.90575
172.263;-93.0413;1.45402;0.227536;-0.0439192;-8.85529
181.088;-93.0413;1.3907;0.198851;-0.0196906;-7.75123
189.914;-93.0413;1.2852;0.168012;-0.00464351;-6.59655
198.739;-93.0413;1.18196;0.136207;0.0079855;-5.42711
207.565;-93.0413;1.11214;0.10404;0.016859;-4.26603
216.39;-93.0413;1.07185;0.0693151;0.0233127;-3.11203
225.215;-93.0413;1.09849;0.0394228;0.0257727;-2.01363
-207.232;-101.867;0.801129;0.175324;0.0455099;-2.3288
-198.406;-101.867;0.719498;0.154638;0.0140139;-3.37843
-189.581;-101.867;0.795724;0.123606;-0.0160297;-4.46458
-180.755;-101.867;0.806797;0.0943719;-0.0446903;-5.50839
-171.93;-101.867;0.76851;0.0672813;-0.0707728;-6.49151
-163.105;-101.867;0.715157;0.038542;-0.095519;-7.45411
-154.279;-101.867;0.671558;0.0128365;-0.118786;-8.41544
-145.454;-101.867;0.658744;-0.00349547;-0.13795;-9.37384
-136.628;-101.867;0.66153;-0.0101735;-0.153439;-10.307
-127.803;-101.867;0.63583;-0.0152105;-0.174967;-11.185
-118.977;-101.867;0.591784;-0.0288156;-0.204829;-12.0661
-110.152;-101.867;0.618626;-0.0428786;-0.23424;-12.9529
-101.326;-101.867;0.61724;-0.0510241;-0.260779;-13.804
-92.5009;-101.867;0.625988;-0.0518563;-0.286185;-14.6075
-83.6754;-101.867;0.646526;-0.0477064;-0.311326;-15.3525
-74.85;-101.867;0.658601;-0.0418112;-0.334369;-16.0387
-66.0245;-101.867;0.663292;-0.0340904;-0.349046;-16.6914
-57.1991;-101.867;0.698171;-0.0190957;-0.356403;-17.2847
-48.3736;-101.867;0.694516;0.000774284;-0.369713;-17.8006
-39.5482;-101.867;0.672321;0.0264735;-0.386153;-18.232
-30.7227;-101.867;0.680509;0.0545584;-0.400513;-18.6053
-21.8972;-101.867;0.715815;0.0833778;-0.41012;-18.9443
-13.0718;-101.867;0.735679;0.114755;-0.419729;-19.246
-4.24634;-101.867;0.737525;0.151149;-0.424189;-19.4536
4.57912;-101.867;0.733461;0.188983;-0.420233;-19.5368
13.4046;-101.867;0.719036;0.223267;-0.412121;-19.4976
22.23;-101.867;0.701392;0.254781;-0.411562;-19.3769
31.0555;-101.867;0.686975;0.285502;-0.420999;-19.179
39.8809;-101.867;0.69896;0.32298;-0.441172;-18.9344
48.7064;-101.867;0.849981;0.358515;-0.468463;-18.6861
57.5318;-101.867;0.941055;0.392123;-0.479026;-18.3618
66.3573;-101.867;1.03531;0.408137;-0.462254;-17.9498
75.1828;-101.867;1.12252;0.408792;-0.427715;-17.4479
84.0082;-101.867;1.16771;0.4035;-0.395044;-16.8537
92.8337;-101.867;1.18473;0.402133;-0.366518;-16.1908
101.659;-101.867;1.29912;0.3939;-0.33003;-15.5485
110.485;-101.867;1.40041;0.382822;-0.286358;-14.8524
119.31;-101.867;1.47468;0.361324;-0.243347;-14.0577
128.135;-101.867;1.50746;0.338521;-0.202778;-13.1839
136.961;-101.867;1.45027;0.31387;-0.169563;-12.1813
145.786;-101.867;1.2685;0.291564;-0.140792;-11.0688
154.612;-101.867;1.18974;0.263948;-0.108198;-10.0295
163.437;-101.867;1.222;0.233177;-0.0687205;-9.06615
172.263;-101.867;1.27142;0.197213;-0.03121;-8.08006
181.088;-101.867;1.22096;0.16796;-0.00511736;-7.00626
189.914;-101.867;1.12545;0.141642;0.00522078;-5.88295
198.739;-101.867;1.04848;0.114678;0.016316;-4.75392
207.565;-101.867;1.02286;0.0845381;0.0259528;-3.64012
216.39;-101.867;1.02018;0.0544085;0.0326533;-2.54044
225.215;-101.867;1.08945;0.0263186;0.0354425;-1.49954
-198.406;-110.692;0.717187;0.156705;0.0177825;-2.89341
-189.581;-110.692;0.844136;0.129332;-0.00916761;-3.99939
-180.755;-110.692;0.894843;0.104201;-0.0324198;-5.02057
-171.93;-110.692;0.803297;0.0713805;-0.0614016;-5.98954
-163.105;-110.692;0.760428;0.0409869;-0.0873018;-6.93457
-154.279;-110.692;0.738951;0.01513;-0.111005;-7.87791
-145.454;-110.692;0.726123;-0.00088811;-0.131338;-8.81731
-136.628;-110.692;0.708907;-0.00513802;-0.147726;-9.72151
-127.803;-110.692;0.659952;-0.00565822;-0.166169;-10.5584
-118.977;-110.692;0.586507;-0.0185831;-0.194526;-11.3943
-110.152;-110.692;0.568927;-0.0346796;-0.227353;-12.2476
-101.326;-110.692;0.565672;-0.0422594;-0.258534;-13.0755
-92.5009;-110.692;0.59886;-0.0418512;-0.285294;-13.8606
-83.6754;-110.692;0.618248;-0.036861;-0.312793;-14.5782
-74.85;-110.692;0.594603;-0.0321425;-0.34125;-15.2126
-66.0245;-110.692;0.572452;-0.027506;-0.360862;-15.8341
-57.1991;-110.692;0.612062;-0.0163263;-0.36916;-16.4188
-48.3736;-110.692;0.642979;0.00322583;-0.374557;-16.9277
-39.5482;-110.692;0.615599;0.0284841;-0.382546;-17.3456
-30.7227;-110.692;0.595595;0.055731;-0.38857;-17.6913
-21.8972;-110.692;0.60992;0.0839986;-0.395351;-17.9898
-13.0718;-110.692;0.631383;0.114492;-0.403488;-18.2517
-4.24634;-110.692;0.647129;0.14812;-0.4092;-18.4544
4.57912;-110.692;0.670263;0.186319;-0.40698;-18.5496
13.4046;-110.692;0.687747;0.216904;-0.401237;-18.5412
22.23;-110.692;0.687154;0.246917;-0.407244;-18.4493
31.0555;-110.692;0.684515;0.27703;-0.423254;-18.2657
39.8809;-110.692;0.718362;0.310442;-0.444863;-18.0318
48.7064;-110.692;0.866139;0.341111;-0.461835;-17.7889
57.5318;-110.692;0.95415;0.368708;-0.460816;-17.4661
66.3573;-110.692;1.0145;0.379325;-0.439649;-17.0282
75.1828;-110.692;1.07245;0.380923;-0.408981;-16.5248
84.0082;-110.692;1.1305;0.378244;-0.378066;-15.9627
92.8337;-110.692;1.17614;0.375424;-0.347309;-15.3484
101.659;-110.692;1.28193;0.365584;-0.311043;-14.7122
110.485;-110.692;1.28165;0.351951;-0.273077;-13.9238
119.31;-110.692;1.21841;0.329783;-0.235035;-13.0222
128.135;-110.692;1.1305;0.308859;-0.199927;-12.0806
136.961;-110.692;0.969723;0.288383;-0.169154;-11.0398
145.786;-110.692;0.885389;0.262804;-0.136083;-10.0299
154.612;-110.692;0.955792;0.232435;-0.0960162;-9.13257
163.437;-110.692;1.07925;0.199819;-0.0507669;-8.26724
172.263;-110.692;1.11322;0.160652;-0.0141655;-7.29005
181.088;-110.692;0.98789;0.135492;0.0110959;-6.1707
189.914;-110.692;0.929164;0.114521;0.0195694;-5.10223
198.739;-110.692;0.941269;0.0938714;0.0248865;-4.07711
207.565;-110.692;1.03098;0.0654486;0.0349096;-3.07252
216.39;-110.692;1.07682;0.0386961;0.046147;-2.0384
-198.406;-119.518;0.69361;0.145877;0.0237621;-2.37599
-189.581;-119.518;0.779288;0.12644;-0.000374648;-3.42686
-180.755;-119.518;0.824378;0.0983023;-0.0252882;-4.47003
-171.93;-119.518;0.736386;0.0633808;-0.053632;-5.42455
-163.105;-119.518;0.750426;0.0372229;-0.0776473;-6.3501
-154.279;-119.518;0.751468;0.0126485;-0.102838;-7.27634
-145.454;-119.518;0.723138;-0.00512444;-0.125647;-8.1816
-136.628;-119.518;0.68858;-0.00909636;-0.142242;-9.06358
-127.803;-119.518;0.638272;-0.00186565;-0.15546;-9.86634
-118.977;-119.518;0.54486;-0.00848522;-0.183006;-10.6643
-110.152;-119.518;0.516205;-0.0215479;-0.217968;-11.4823
-101.326;-119.518;0.509938;-0.032499;-0.254554;-12.287
-92.5009;-119.518;0.55022;-0.0360001;-0.286756;-13.0568
-83.6754;-119.518;0.573084;-0.0329005;-0.317303;-13.7584
-74.85;-119.518;0.540095;-0.0293609;-0.346111;-14.362
-66.0245;-119.518;0.497881;-0.0265753;-0.369033;-14.9578
-57.1991;-119.518;0.52905;-0.0183451;-0.382022;-15.5315
-48.3736;-119.518;0.575267;-0.000886039;-0.383602;-16.038
-39.5482;-119.518;0.55288;0.0242458;-0.380353;-16.4425
-30.7227;-119.518;0.502424;0.0517908;-0.37691;-16.7341
-21.8972;-119.518;0.468614;0.0824199;-0.376109;-16.9648
-13.0718;-119.518;0.475131;0.11723;-0.37726;-17.1829
-4.24634;-119.518;0.534917;0.151658;-0.379153;-17.3933
4.57912;-119.518;0.615554;0.186766;-0.380191;-17.5286
13.4046;-119.518;0.703844;0.213013;-0.383246;-17.5924
22.23;-119.518;0.747258;0.239143;-0.399035;-17.5414
31.0555;-119.518;0.738872;0.266507;-0.417853;-17.3553
39.8809;-119.518;0.740709;0.292432;-0.430181;-17.0869
48.7064;-119.518;0.858167;0.313014;-0.431328;-16.828
57.5318;-119.518;0.96693;0.332703;-0.422912;-16.5101
66.3573;-119.518;1.02056;0.343134;-0.405581;-16.0748
75.1828;-119.518;1.05405;0.347089;-0.382513;-15.5702
84.0082;-119.518;1.09641;0.344298;-0.355053;-15.0108
92.8337;-119.518;1.13072;0.33754;-0.326522;-14.3943
101.659;-119.518;1.14416;0.328146;-0.295799;-13.6978
110.485;-119.518;1.05128;0.31525;-0.256983;-12.8378
119.31;-119.518;0.903172;0.292359;-0.219623;-11.8809
128.135;-119.518;0.771097;0.272343;-0.189895;-10.955
136.961;-119.518;0.698075;0.251944;-0.159354;-10.0546
145.786;-119.518;0.77285;0.226296;-0.120514;-9.20689
154.612;-119.518;0.997873;0.192531;-0.0738405;-8.42401
163.437;-119.518;1.09766;0.157097;-0.0292588;-7.51752
172.263;-119.518;0.914538;0.123056;0.00251505;-6.38357
181.088;-119.518;0.705507;0.102967;0.02445;-5.22361
189.914;-119.518;0.799728;0.082256;0.0383138;-4.3195
198.739;-119.518;0.999974;0.0609985;0.0545951;-3.48933
207.565;-119.518;1.19553;0.0382166;0.0617414;-2.61427
216.39;-119.518;1.24719;0.0188247;0.0640507;-1.62177
-189.581;-128.343;0.689181;0.110571;0.00633949;-2.84098
-180.755;-128.343;0.734131;0.0816455;-0.0188668;-3.83203
-171.93;-128.343;0.66734;0.0416292;-0.0507222;-4.80511
-163.105;-128.343;0.690283;0.02076;-0.0731707;-5.71199
-154.279;-128.343;0.669882;-0.000462003;-0.0999936;-6.60278
-145.454;-128.343;0.603658;-0.0165896;-0.123749;-7.44363
-136.628;-128.343;0.558386;-0.0188353;-0.140548;-8.3013
-127.803;-128.343;0.547746;-0.0048329;-0.151587;-9.10382
-118.977;-128.343;0.486882;0.000210258;-0.176689;-9.89302
-110.152;-128.343;0.466409;-0.00855492;-0.211334;-10.6763
-101.326;-128.343;0.435498;-0.0209028;-0.248202;-11.4319
-92.5009;-128.343;0.456961;-0.0293132;-0.287279;-12.1701
-83.6754;-128.343;0.496578;-0.0300571;-0.322933;-12.873
-74.85;-128.343;0.49563;-0.0273013;-0.348236;-13.49
-66.0245;-128.343;0.450959;-0.0252114;-0.370096;-14.0567
-57.1991;-128.343;0.447103;-0.0206647;-0.387171;-14.6113
-48.3736;-128.343;0.50561;-0.00986914;-0.387463;-15.1164
-39.5482;-128.343;0.457186;0.0135263;-0.379128;-15.4829
-30.7227;-128.343;0.314453;0.0445094;-0.371648;-15.6654
-21.8972;-128.343;0.205968;0.0797687;-0.364828;-15.8011
-13.0718;-128.343;0.227599;0.117864;-0.35435;-15.9981
-4.24634;-128.343;0.371277;0.156126;-0.344352;-16.2666
4.57912;-128.343;0.535215;0.18883;-0.349699;-16.4895
13.4046;-128.343;0.694451;0.211491;-0.361734;-16.5887
22.23;-128.343;0.804948;0.234932;-0.383186;-16.5795
31.0555;-128.343;0.797287;0.255595;-0.398882;-16.3813
39.8809;-128.343;0.693872;0.274073;-0.401335;-16.0415
48.7064;-128.343;0.734071;0.288917;-0.396191;-15.7388
57.5318;-128.343;0.816727;0.303049;-0.385842;-15.4098
66.3573;-128.343;0.858962;0.313329;-0.372482;-14.9789
75.1828;-128.343;0.858601;0.316339;-0.354234;-14.4512
84.0082;-128.343;0.831581;0.312305;-0.33147;-13.8448
92.8337;-128.343;0.787723;0.304992;-0.307747;-13.1721
101.659;-128.343;0.784922;0.291413;-0.279868;-12.4645
110.485;-128.343;0.776624;0.273568;-0.23901;-11.6742
119.31;-128.343;0.726223;0.256365;-0.200497;-10.854
128.135;-128.343;0.668334;0.23957;-0.168459;-10.0461
136.961;-128.343;0.696418;0.219843;-0.135889;-9.26874
145.786;-128.343;0.881081;0.193042;-0.0958232;-8.53243
154.612;-128.343;0.966459;0.165802;-0.0500094;-7.65261
163.437;-128.343;0.8383;0.125288;-0.0173567;-6.53206
172.263;-128.343;0.528651;0.0922161;0.0103028;-5.30269
181.088;-128.343;0.450594;0.0693857;0.033415;-4.27032
189.914;-128.343;0.867538;0.0414919;0.0570922;-3.65577
198.739;-128.343;1.31064;0.0203151;0.0804796;-3.04333
207.565;-128.343;1.53346;0.00393664;0.0827151;-2.24981
-189.581;-137.169;0.548652;0.0833813;0.0116548;-2.19491
-180.755;-137.169;0.621879;0.0592851;-0.0149015;-3.15201
-171.93;-137.169;0.606316;0.0296286;-0.0427386;-4.08795
-163.105;-137.169;0.608188;0.0110833;-0.067167;-4.9958
-154.279;-137.169;0.528809;-0.00936273;-0.0977948;-5.85036
-145.454;-137.169;0.423226;-0.0262532;-0.124063;-6.64186
-136.628;-137.169;0.391388;-0.0308166;-0.143856;-7.4946
-127.803;-137.169;0.438789;-0.0159841;-0.156842;-8.32008
-118.977;-137.169;0.437491;-0.00156547;-0.180425;-9.11177
-110.152;-137.169;0.410581;-0.00419126;-0.210485;-9.85394
-101.326;-137.169;0.348234;-0.0141159;-0.244729;-10.552
-92.5009;-137.169;0.344077;-0.0243832;-0.285329;-11.2558
-83.6754;-137.169;0.417965;-0.0276272;-0.32099;-11.9648
-74.85;-137.169;0.467479;-0.0251338;-0.342953;-12.5874
-66.0245;-137.169;0.410117;-0.0222742;-0.364038;-13.1132
-57.1991;-137.169;0.336509;-0.0195043;-0.384503;-13.6302
-48.3736;-137.169;0.397446;-0.0179729;-0.386169;-14.1112
-39.5482;-137.169;0.253969;0.00329404;-0.383946;-14.3695
-30.7227;-137.169;-0.118194;0.0365902;-0.381844;-14.3267
-21.8972;-137.169;-0.367691;0.0721748;-0.374558;-14.2991
-13.0718;-137.169;-0.260274;0.107483;-0.35477;-14.529
-4.24634;-137.169;0.0275552;0.15128;-0.329089;-14.9872
4.57912;-137.169;0.290734;0.185536;-0.325852;-15.2759
13.4046;-137.169;0.482458;0.204909;-0.344778;-15.3756
22.23;-137.169;0.60229;0.222856;-0.367538;-15.3535
31.0555;-137.169;0.641833;0.23896;-0.376585;-15.1971
39.8809;-137.169;0.613834;0.25226;-0.371184;-14.9231
48.7064;-137.169;0.595435;0.264352;-0.369188;-14.5974
57.5318;-137.169;0.634174;0.276597;-0.36491;-14.2484
66.3573;-137.169;0.665731;0.284472;-0.352963;-13.8158
75.1828;-137.169;0.651492;0.285231;-0.334615;-13.2794
84.0082;-137.169;0.589393;0.279765;-0.312849;-12.6524
92.8337;-137.169;0.512464;0.27191;-0.29035;-11.9709
101.659;-137.169;0.520791;0.259925;-0.2637;-11.306
110.485;-137.169;0.617544;0.247008;-0.225025;-10.6565
119.31;-137.169;0.695299;0.23334;-0.185913;-9.98141
128.135;-137.169;0.731118;0.215922;-0.148651;-9.2618
136.961;-137.169;0.790601;0.192739;-0.112376;-8.50497
145.786;-137.169;0.902283;0.159995;-0.0806596;-7.7033
154.612;-137.169;0.754913;0.129361;-0.0501664;-6.64963
163.437;-137.169;0.436486;0.0931653;-0.0209102;-5.41496
172.263;-137.169;0.183501;0.0658616;0.0134697;-4.26753
181.088;-137.169;0.438271;0.035387;0.0431467;-3.51894
189.914;-137.169;1.21864;-0.00342242;0.071598;-3.20273
198.739;-137.169;1.76927;-0.0249395;0.091439;-2.67992
-189.581;-145.994;0.425255;0.061592;0.0194735;-1.50952
-180.755;-145.994;0.497157;0.046902;-0.00634143;-2.43419
-171.93;-145.994;0.505096;0.0247549;-0.0327345;-3.34349
-163.105;-145.994;0.498346;0.00947811;-0.056353;-4.22636
-154.279;-145.994;0.416782;-0.00661671;-0.0864458;-5.05035
-145.454;-145.994;0.31188;-0.0259508;-0.115903;-5.82842
-136.628;-145.994;0.291403;-0.0381166;-0.143751;-6.69124
-127.803;-145.994;0.362884;-0.0293806;-0.163171;-7.53566
-118.977;-145.994;0.395569;-0.0131944;-0.183998;-8.31656
-110.152;-145.994;0.35761;-0.00950473;-0.205867;-9.01856
-101.326;-145.994;0.265464;-0.0145395;-0.236965;-9.66718
-92.5009;-145.994;0.246047;-0.0231486;-0.275736;-10.3311
-83.6754;-145.994;0.362787;-0.0265023;-0.308101;-11.0341
-74.85;-145.994;0.453609;-0.0235948;-0.328609;-11.6643
-66.0245;-145.994;0.362841;-0.0194607;-0.352297;-12.1486
-57.1991;-145.994;0.202349;-0.0152024;-0.378293;-12.5806
-48.3736;-145.994;0.215507;-0.0197301;-0.387704;-12.9835
-39.5482;-145.994;-0.0693605;0.0082558;-0.397297;-13.081
-30.7227;-145.994;-0.779709;0.0435769;-0.406884;-12.8035
-21.8972;-145.994;-1.37436;0.0815952;-0.405183;-12.6481
-13.0718;-145.994;-1.3352;0.116753;-0.382773;-12.8757
-4.24634;-145.994;-0.674579;0.144061;-0.346714;-13.4134
4.57912;-145.994;-0.142574;0.175349;-0.333184;-13.8818
13.4046;-145.994;0.0949076;0.193456;-0.351005;-14.0261
22.23;-145.994;0.241282;0.206378;-0.364427;-14.006
31.0555;-145.994;0.365833;0.21652;-0.360883;-13.8949
39.8809;-145.994;0.456421;0.225545;-0.348587;-13.7099
48.7064;-145.994;0.486509;0.236323;-0.348305;-13.4391
57.5318;-145.994;0.517199;0.249455;-0.349051;-13.0996
66.3573;-145.994;0.546757;0.257021;-0.338248;-12.6817
75.1828;-145.994;0.546311;0.256548;-0.317897;-12.1687
84.0082;-145.994;0.500724;0.249753;-0.29276;-11.5682
92.8337;-145.994;0.434945;0.241081;-0.267115;-10.9199
101.659;-145.994;0.464406;0.231816;-0.239669;-10.3091
110.485;-145.994;0.597797;0.223289;-0.205182;-9.73931
119.31;-145.994;0.708;0.20997;-0.170392;-9.10863
128.135;-145.994;0.754343;0.189488;-0.135081;-8.38164
136.961;-145.994;0.7616;0.162628;-0.0997341;-7.5646
145.786;-145.994;0.678844;0.134592;-0.069517;-6.63276
154.612;-145.994;0.507636;0.0985257;-0.0422577;-5.60976
163.437;-145.994;0.343825;0.0582659;-0.0157571;-4.55181
172.263;-145.994;0.380222;0.0391694;0.0252713;-3.6909
181.088;-145.994;0.970879;0.0049792;0.0560807;-3.21048
189.914;-145.994;1.7899;-0.0373696;0.0808032;-2.91761
198.739;-145.994;2.15373;-0.0685687;0.112035;-2.16827
-171.93;-154.819;0.439846;0.0282422;-0.0158705;-2.61552
-163.105;-154.819;0.419018;0.0139687;-0.0400858;-3.46796
-154.279;-154.819;0.366952;0.00549912;-0.0635896;-4.26595
-145.454;-154.819;0.310883;-0.0146527;-0.0940912;-5.05783
-136.628;-154.819;0.301504;-0.0335729;-0.129991;-5.91438
-127.803;-154.819;0.347149;-0.0340883;-0.156944;-6.74349
-118.977;-154.819;0.367915;-0.0238769;-0.173551;-7.49184
-110.152;-154.819;0.329765;-0.0177332;-0.187991;-8.16343
-101.326;-154.819;0.210453;-0.0172405;-0.217191;-8.77334
-92.5009;-154.819;0.178952;-0.0221063;-0.255114;-9.39448
-83.6754;-154.819;0.311708;-0.0236475;-0.285522;-10.0787
-74.85;-154.819;0.420871;-0.0206725;-0.306833;-10.7031
-66.0245;-154.819;0.33243;-0.0176887;-0.333752;-11.1724
-57.1991;-154.819;0.135268;-0.0147839;-0.363785;-11.5642
-48.3736;-154.819;0.107179;-0.0163949;-0.378745;-11.9249
-39.5482;-154.819;-0.186763;0.00719069;-0.392601;-12.0023
-30.7227;-154.819;-0.877305;0.0393407;-0.408463;-11.7102
-21.8972;-154.819;-1.51207;0.0708015;-0.412202;-11.5082
-13.0718;-154.819;-1.62386;0.0931131;-0.396911;-11.6069
-4.24634;-154.819;-1.09762;0.110749;-0.372878;-11.9973
4.57912;-154.819;-0.318889;0.149853;-0.368818;-12.5884
13.4046;-154.819;-0.0200539;0.169897;-0.371398;-12.8098
22.23;-154.819;0.146775;0.181592;-0.365655;-12.8247
31.0555;-154.819;0.2989;0.191267;-0.349921;-12.7446
39.8809;-154.819;0.423657;0.200885;-0.332392;-12.5953
48.7064;-154.819;0.473246;0.207223;-0.324622;-12.3249
57.5318;-154.819;0.503519;0.217558;-0.32284;-11.9858
66.3573;-154.819;0.530783;0.2247;-0.311143;-11.5817
75.1828;-154.819;0.542766;0.225744;-0.289477;-11.1092
84.0082;-154.819;0.529353;0.220727;-0.261368;-10.569
92.8337;-154.819;0.500621;0.212172;-0.232782;-9.97814
101.659;-154.819;0.550408;0.203568;-0.204472;-9.40569
110.485;-154.819;0.641132;0.196003;-0.174369;-8.82286
119.31;-154.819;0.656974;0.184365;-0.147126;-8.13719
128.135;-154.819;0.594313;0.165767;-0.119584;-7.3391
136.961;-154.819;0.516577;0.14104;-0.0894125;-6.47154
145.786;-154.819;0.44462;0.113295;-0.0599552;-5.56968
154.612;-154.819;0.489676;0.0760705;-0.0308323;-4.74959
163.437;-154.819;0.703709;0.0458196;-0.000630226;-4.07946
172.263;-154.819;1.12004;0.0277809;0.0334415;-3.57806
181.088;-154.819;1.75352;-0.00465981;0.0606325;-3.17475
189.914;-154.819;2.20119;-0.0493015;0.0961878;-2.5006
-163.105;-163.645;0.405506;0.0257779;-0.018142;-2.71127
-154.279;-163.645;0.360359;0.0161283;-0.042325;-3.49754
-145.454;-163.645;0.354187;0.00221567;-0.0665799;-4.29719
-136.628;-163.645;0.366533;-0.0167904;-0.100572;-5.12327
-127.803;-163.645;0.374265;-0.0237373;-0.129061;-5.91119
-118.977;-163.645;0.373717;-0.0220323;-0.145592;-6.62897
-110.152;-163.645;0.333294;-0.020058;-0.159963;-7.28034
-101.326;-163.645;0.21313;-0.0153611;-0.188822;-7.8654
-92.5009;-163.645;0.137601;-0.0164903;-0.227852;-8.45479
-83.6754;-163.645;0.233488;-0.0161828;-0.258253;-9.09749
-74.85;-163.645;0.335414;-0.0144775;-0.280889;-9.69393
-66.0245;-163.645;0.265826;-0.0146807;-0.308415;-10.1545
-57.1991;-163.645;0.0899945;-0.0144449;-0.34016;-10.5441
-48.3736;-163.645;0.159086;-0.0150773;-0.355756;-10.9599
-39.5482;-163.645;0.0966227;0.00515826;-0.368652;-11.2217
-30.7227;-163.645;-0.3226;0.0356772;-0.393557;-11.1694
-21.8972;-163.645;-0.762131;0.0597314;-0.408858;-11.0386
-13.0718;-163.645;-0.888559;0.0740996;-0.401958;-11.032
-4.24634;-163.645;-0.605681;0.0937032;-0.383619;-11.2565
4.57912;-163.645;-0.0535824;0.125614;-0.384082;-11.6571
13.4046;-163.645;0.172128;0.145358;-0.376157;-11.8424
22.23;-163.645;0.297204;0.156452;-0.355395;-11.8363
31.0555;-163.645;0.406217;0.164568;-0.329672;-11.7161
39.8809;-163.645;0.497807;0.174622;-0.306661;-11.5368
48.7064;-163.645;0.536153;0.179923;-0.28621;-11.2542
57.5318;-163.645;0.557115;0.18529;-0.277515;-10.9042
66.3573;-163.645;0.574308;0.191632;-0.266213;-10.5061
75.1828;-163.645;0.572751;0.195797;-0.247195;-10.0627
84.0082;-163.645;0.55655;0.19329;-0.219065;-9.56054
92.8337;-163.645;0.548366;0.186092;-0.189586;-9.01488
101.659;-163.645;0.592182;0.177626;-0.162017;-8.4569
110.485;-163.645;0.635683;0.16844;-0.135597;-7.84749
119.31;-163.645;0.59866;0.156107;-0.113093;-7.13707
128.135;-163.645;0.511357;0.140281;-0.0916067;-6.35062
136.961;-163.645;0.455501;0.122619;-0.0664492;-5.54927
145.786;-163.645;0.479964;0.103601;-0.0373399;-4.78475
154.612;-163.645;0.748711;0.0781069;-0.00486098;-4.15843
163.437;-163.645;1.1883;0.0537862;0.0219319;-3.72802
172.263;-163.645;1.60778;0.0307513;0.0458694;-3.27638
181.088;-163.645;2.02588;-0.00560216;0.0668389;-2.71316
189.914;-163.645;2.1621;-0.0470386;0.100183;-1.7919
-154.279;-172.47;0.359817;0.0257059;-0.0222498;-2.7105
-145.454;-172.47;0.341877;0.00923482;-0.0488676;-3.47675
-136.628;-172.47;0.353407;-0.0056149;-0.0771536;-4.26652
-127.803;-172.47;0.341699;-0.0159119;-0.102977;-5.0115
-118.977;-172.47;0.325461;-0.0197188;-0.120517;-5.69804
-110.152;-172.47;0.304419;-0.0173355;-0.14009;-6.35799
-101.326;-172.47;0.213357;-0.00946524;-0.169563;-6.95937
-92.5009;-172.47;0.135171;-0.00866895;-0.200861;-7.52581
-83.6754;-172.47;0.179775;-0.0101385;-0.225111;-8.09127
-74.85;-172.47;0.252772;-0.0111924;-0.248551;-8.64977
-66.0245;-172.47;0.204267;-0.0121518;-0.275425;-9.10015
-57.1991;-172.47;0.0386738;-0.0104662;-0.305492;-9.47156
-48.3736;-172.47;0.0847989;-0.00511772;-0.321391;-9.88525
-39.5482;-172.47;0.251688;0.00889601;-0.332661;-10.3013
-30.7227;-172.47;0.167117;0.0290587;-0.357323;-10.4825
-21.8972;-172.47;0.0149531;0.0473301;-0.377581;-10.5345
-13.0718;-172.47;0.0373494;0.0659812;-0.377353;-10.6296
-4.24634;-172.47;0.268308;0.0971443;-0.360835;-10.884
4.57912;-172.47;0.436049;0.117568;-0.354106;-11.0324
13.4046;-172.47;0.517643;0.127395;-0.3448;-11.0437
22.23;-172.47;0.529028;0.13491;-0.321712;-10.9195
31.0555;-172.47;0.527971;0.14118;-0.292491;-10.696
39.8809;-172.47;0.55101;0.150676;-0.266081;-10.4518
48.7064;-172.47;0.589561;0.155101;-0.237424;-10.1615
57.5318;-172.47;0.590084;0.159414;-0.221113;-9.8088
66.3573;-172.47;0.586612;0.166157;-0.210767;-9.41473
75.1828;-172.47;0.577525;0.171461;-0.19565;-8.98961
84.0082;-172.47;0.563204;0.170356;-0.170254;-8.51681
92.8337;-172.47;0.555445;0.163003;-0.143033;-7.99596
101.659;-172.47;0.583801;0.152903;-0.116555;-7.44867
110.485;-172.47;0.627017;0.140882;-0.091191;-6.85736
119.31;-172.47;0.619253;0.128989;-0.0709261;-6.20031
128.135;-172.47;0.585312;0.117267;-0.0546652;-5.49949
136.961;-172.47;0.595444;0.105341;-0.036112;-4.80519
145.786;-172.47;0.723219;0.0916352;-0.0133951;-4.18102
154.612;-172.47;1.05699;0.0731392;0.0121726;-3.67441
163.437;-172.47;1.37336;0.0547466;0.035582;-3.1637
172.263;-172.47;1.66426;0.0245169;0.0481324;-2.58761
-145.454;-181.296;0.304358;0.0124766;-0.0320055;-2.62811
-136.628;-181.296;0.253576;-0.00225474;-0.0547225;-3.34583
-127.803;-181.296;0.213475;-0.0165084;-0.0804296;-4.0634
-118.977;-181.296;0.171922;-0.0248901;-0.101218;-4.72218
-110.152;-181.296;0.166238;-0.0198244;-0.122254;-5.37699
-101.326;-181.296;0.0982794;-0.00275796;-0.146024;-5.95979
-92.5009;-181.296;0.0116049;0.00150702;-0.169685;-6.48377
-83.6754;-181.296;0.0273832;-0.00135592;-0.187676;-6.99771
-74.85;-181.296;0.123015;-0.00518283;-0.2099;-7.55581
-66.0245;-181.296;0.143232;-0.00678705;-0.233525;-8.02102
-57.1991;-181.296;0.0148042;-0.00340557;-0.258043;-8.37237
-48.3736;-181.296;0.0159366;0.00585662;-0.27224;-8.7442
-39.5482;-181.296;0.222437;0.0161354;-0.282362;-9.1895
-30.7227;-181.296;0.311543;0.0275785;-0.29865;-9.48275
-21.8972;-181.296;0.339021;0.0416434;-0.312873;-9.66675
-13.0718;-181.296;0.479114;0.0614095;-0.313647;-9.86087
-4.24634;-181.296;0.743259;0.0877685;-0.304012;-10.103
4.57912;-181.296;0.76888;0.103038;-0.303116;-10.17
13.4046;-181.296;0.754919;0.108591;-0.294356;-10.1046
22.23;-181.296;0.671556;0.11573;-0.272547;-9.89988
31.0555;-181.296;0.566281;0.122389;-0.244947;-9.59286
39.8809;-181.296;0.513767;0.131094;-0.217808;-9.28872
48.7064;-181.296;0.54517;0.135096;-0.189493;-8.99186
57.5318;-181.296;0.542997;0.139576;-0.169875;-8.65063
66.3573;-181.296;0.53656;0.143742;-0.157988;-8.27281
75.1828;-181.296;0.540784;0.146768;-0.143192;-7.86959
84.0082;-181.296;0.543684;0.1465;-0.120249;-7.42748
92.8337;-181.296;0.53725;0.140918;-0.0984877;-6.92882
101.659;-181.296;0.536837;0.133858;-0.0800846;-6.39284
110.485;-181.296;0.562105;0.124325;-0.0614441;-5.8363
119.31;-181.296;0.586667;0.11388;-0.044473;-5.24859
128.135;-181.296;0.618418;0.102351;-0.0300663;-4.63374
136.961;-181.296;0.693757;0.0896234;-0.0150585;-4.02128
145.786;-181.296;0.875015;0.0754721;0.000732454;-3.46973
154.612;-181.296;1.09588;0.0599754;0.0161501;-2.91609
163.437;-181.296;1.27883;0.0393637;0.0341336;-2.30687
-136.628;-190.121;0.19613;0.00468607;-0.0287205;-2.41317
-127.803;-190.121;0.162143;-0.00841719;-0.0481441;-3.09556
-118.977;-190.121;0.114246;-0.0187934;-0.0681036;-3.74474
-110.152;-190.121;0.0842868;-0.0148441;-0.0893041;-4.37818
-101.326;-190.121;-0.015994;0.00614855;-0.108623;-4.90668
-92.5009;-190.121;-0.166291;0.0124315;-0.129069;-5.35333
-83.6754;-190.121;-0.167756;0.00989124;-0.145141;-5.84672
-74.85;-190.121;-0.0250949;0.00542293;-0.163514;-6.41845
-66.0245;-190.121;0.0898463;0.00347607;-0.183424;-6.93145
-57.1991;-190.121;0.054378;0.00626852;-0.20376;-7.31121
-48.3736;-190.121;0.0591765;0.0146056;-0.215871;-7.65516
-39.5482;-190.121;0.165635;0.0221775;-0.223676;-8.01567
-30.7227;-190.121;0.257111;0.0303962;-0.233199;-8.31189
-21.8972;-190.121;0.354962;0.0440669;-0.242792;-8.55246
-13.0718;-190.121;0.510745;0.0663007;-0.249387;-8.78331
-4.24634;-190.121;0.685397;0.0878351;-0.249147;-8.94437
4.57912;-190.121;0.685484;0.0946258;-0.245714;-8.93849
13.4046;-190.121;0.573083;0.0961469;-0.238145;-8.79822
22.23;-190.121;0.470705;0.100508;-0.220373;-8.56844
31.0555;-190.121;0.3864;0.107391;-0.199298;-8.3011
39.8809;-190.121;0.354107;0.114232;-0.176088;-8.03147
48.7064;-190.121;0.390468;0.117925;-0.149894;-7.75821
57.5318;-190.121;0.402613;0.121414;-0.12902;-7.43977
66.3573;-190.121;0.418893;0.123227;-0.113403;-7.08944
75.1828;-190.121;0.45553;0.124544;-0.0965844;-6.71983
84.0082;-190.121;0.485849;0.124984;-0.0760826;-6.31587
92.8337;-190.121;0.491425;0.12246;-0.0611943;-5.85433
101.659;-190.121;0.486417;0.119067;-0.0517138;-5.34711
110.485;-190.121;0.500954;0.112953;-0.0423269;-4.82204
119.31;-190.121;0.528682;0.104803;-0.0323742;-4.27729
128.135;-190.121;0.579323;0.094034;-0.0214712;-3.71266
136.961;-190.121;0.667171;0.0816421;-0.0092657;-3.13153
145.786;-190.121;0.814931;0.0655012;0.00718978;-2.56531
154.612;-190.121;0.938992;0.0478332;0.0252378;-1.94902
-118.977;-198.947;0.101305;-0.00271827;-0.0307375;-2.77589
-110.152;-198.947;0.0919557;0.000493937;-0.047562;-3.36056
-101.326;-198.947;-0.03895;0.0166349;-0.0688768;-3.87892
-92.5009;-198.947;-0.258473;0.0217168;-0.0921209;-4.29467
-83.6754;-198.947;-0.269998;0.0210443;-0.106596;-4.79622
-74.85;-198.947;-0.11751;0.0189321;-0.119088;-5.35674
-66.0245;-198.947;0.0506661;0.0171463;-0.133794;-5.87745
-57.1991;-198.947;0.120925;0.0168162;-0.150379;-6.28329
-48.3736;-198.947;0.125112;0.0228205;-0.163527;-6.60852
-39.5482;-198.947;0.161835;0.0276869;-0.174989;-6.90121
-30.7227;-198.947;0.192786;0.03079;-0.189788;-7.16317
-21.8972;-198.947;0.261822;0.0408471;-0.202768;-7.38449
-13.0718;-198.947;0.384024;0.0609844;-0.211529;-7.57601
-4.24634;-198.947;0.494842;0.0785596;-0.208987;-7.65814
4.57912;-198.947;0.467864;0.083012;-0.200841;-7.60536
13.4046;-198.947;0.38772;0.081277;-0.190234;-7.45979
22.23;-198.947;0.32086;0.0842466;-0.176321;-7.26816
31.0555;-198.947;0.256281;0.0901633;-0.159857;-7.04376
39.8809;-198.947;0.22392;0.0940267;-0.138268;-6.79329
48.7064;-198.947;0.24645;0.096428;-0.114015;-6.53485
57.5318;-198.947;0.275248;0.100042;-0.0928635;-6.24618
66.3573;-198.947;0.317322;0.102637;-0.0735196;-5.92958
75.1828;-198.947;0.377048;0.103544;-0.0538952;-5.58963
84.0082;-198.947;0.426127;0.103652;-0.0357906;-5.21672
92.8337;-198.947;0.45057;0.102211;-0.0267293;-4.79308
101.659;-198.947;0.4691;0.101618;-0.0238548;-4.3312
110.485;-198.947;0.49691;0.0988488;-0.0204496;-3.84221
119.31;-198.947;0.520972;0.0932504;-0.0157633;-3.31096
128.135;-198.947;0.546241;0.084243;-0.0114012;-2.75748
136.961;-198.947;0.599508;0.0717884;-0.0023225;-2.19017
145.786;-198.947;0.70021;0.0538958;0.018442;-1.59993
-118.977;-207.772;0.015966;0.0137966;-0.000768996;-1.78782
-110.152;-207.772;0.052824;0.0193639;-0.015876;-2.35364
-101.326;-207.772;-0.0357196;0.0265237;-0.0405586;-2.87277
-92.5009;-207.772;-0.202745;0.0251765;-0.0647447;-3.32743
-83.6754;-207.772;-0.18943;0.0241047;-0.0735601;-3.81958
-74.85;-207.772;-0.099069;0.0248767;-0.0810283;-4.32934
-66.0245;-207.772;0.0068562;0.0244935;-0.0964934;-4.79484
-57.1991;-207.772;0.0729841;0.0246079;-0.11065;-5.16968
-48.3736;-207.772;0.0949409;0.0268772;-0.12397;-5.47747
-39.5482;-207.772;0.101438;0.0305788;-0.13832;-5.73627
-30.7227;-207.772;0.117571;0.0325469;-0.154984;-5.96329
-21.8972;-207.772;0.157902;0.0384592;-0.170699;-6.15042
-13.0718;-207.772;0.226734;0.0524868;-0.183572;-6.2985
-4.24634;-207.772;0.287244;0.0658829;-0.184886;-6.35576
4.57912;-207.772;0.276505;0.0680783;-0.175933;-6.30798
13.4046;-207.772;0.246487;0.0642665;-0.163469;-6.19881
22.23;-207.772;0.219207;0.0677041;-0.148139;-6.04753
31.0555;-207.772;0.178043;0.0723052;-0.126776;-5.84393
39.8809;-207.772;0.152058;0.0743392;-0.100319;-5.61116
48.7064;-207.772;0.171894;0.0749812;-0.0745951;-5.3754
57.5318;-207.772;0.227036;0.0764569;-0.0517054;-5.12289
66.3573;-207.772;0.300329;0.0790133;-0.0281787;-4.83538
75.1828;-207.772;0.370197;0.0799389;-0.00698479;-4.51786
84.0082;-207.772;0.431398;0.0812214;0.0071195;-4.18086
92.8337;-207.772;0.490845;0.0822206;0.0115387;-3.80518
101.659;-207.772;0.534642;0.0833697;0.0105489;-3.39215
110.485;-207.772;0.567047;0.082118;0.00753691;-2.91357
119.31;-207.772;0.574345;0.0761331;0.00747813;-2.38728
128.135;-207.772;0.574192;0.0672601;0.00825054;-1.83458
136.961;-207.772;0.578027;0.0549582;0.0158966;-1.2596
-83.6754;-216.598;-0.150553;0.0257283;-0.0450276;-2.82971
-74.85;-216.598;-0.0698529;0.0270875;-0.0509124;-3.27513
-66.0245;-216.598;-0.0211978;0.0291029;-0.0651039;-3.69233
-57.1991;-216.598;0.0016285;0.0292946;-0.0769812;-4.02846
-48.3736;-216.598;0.00145107;0.0293647;-0.0897863;-4.31689
-39.5482;-216.598;0.0199876;0.032924;-0.104068;-4.55539
-30.7227;-216.598;0.0559018;0.0373501;-0.121163;-4.75621
-21.8972;-216.598;0.0952491;0.0414005;-0.137545;-4.9192
-13.0718;-216.598;0.135929;0.0480896;-0.151095;-5.03195
-4.24634;-216.598;0.161466;0.0552509;-0.157323;-5.07854
4.57912;-216.598;0.151133;0.0568711;-0.154122;-5.06173
13.4046;-216.598;0.13946;0.0522499;-0.144189;-4.99825
22.23;-216.598;0.120239;0.054043;-0.122733;-4.8559
31.0555;-216.598;0.0958551;0.0550376;-0.0911263;-4.6487
39.8809;-216.598;0.104025;0.0540251;-0.0579125;-4.44013
48.7064;-216.598;0.171168;0.0528833;-0.0283553;-4.26155
57.5318;-216.598;0.285476;0.0533315;-0.00167458;-4.08428
66.3573;-216.598;0.389844;0.0570262;0.0247327;-3.84609
75.1828;-216.598;0.473421;0.0608837;0.0420216;-3.55851
84.0082;-216.598;0.56478;0.0665809;0.0519743;-3.27532
92.8337;-216.598;0.660815;0.0670693;0.0507175;-2.94274
101.659;-216.598;0.730768;0.062314;0.0430501;-2.53474
110.485;-216.598;0.718139;0.0584613;0.0333766;-2.02752
-83.6754;-225.423;-0.133148;0.029613;-0.0129311;-1.79229
-74.85;-225.423;-0.0454036;0.0300243;-0.0215536;-2.21803
-66.0245;-225.423;-0.0131855;0.0321829;-0.0351644;-2.5985
-57.1991;-225.423;-0.0169903;0.0317679;-0.0442869;-2.90747
-48.3736;-225.423;-0.03701;0.0304915;-0.053372;-3.1787
-39.5482;-225.423;-0.0055027;0.0329952;-0.0669834;-3.41583
-30.7227;-225.423;0.0465333;0.0393913;-0.0837849;-3.61361
-21.8972;-225.423;0.0782624;0.0444347;-0.1017;-3.76435
-13.0718;-225.423;0.0952924;0.0485429;-0.114482;-3.86159
-4.24634;-225.423;0.0945464;0.0522905;-0.120324;-3.89942
4.57912;-225.423;0.0654043;0.053488;-0.120551;-3.87894
13.4046;-225.423;0.0276722;0.0474299;-0.114452;-3.81032
22.23;-225.423;0.00210755;0.0445956;-0.0854987;-3.65476
31.0555;-225.423;0.00972294;0.0430485;-0.0461729;-3.47404
39.8809;-225.423;0.112327;0.0410357;-0.0102061;-3.34358
48.7064;-225.423;0.247565;0.0414272;0.0203598;-3.24842
57.5318;-225.423;0.436433;0.0417864;0.0473642;-3.1475
66.3573;-225.423;0.527002;0.0488809;0.0711386;-2.97031
75.1828;-225.423;0.606364;0.0565161;0.0799754;-2.70015
84.0082;-225.423;0.686016;0.0578552;0.0737617;-2.37301
92.8337;-225.423;0.711629;0.0576778;0.0673051;-1.99258
-39.5482;-234.249;0.0306207;0.0334204;-0.0276711;-2.32862
-30.7227;-234.249;0.0831289;0.0381734;-0.0467609;-2.53266
-21.8972;-234.249;0.0934164;0.042811;-0.0649842;-2.66951
-13.0718;-234.249;0.0837572;0.0460039;-0.0753118;-2.74029
-4.24634;-234.249;0.0577434;0.048584;-0.079334;-2.75738
4.57912;-234.249;0.00689619;0.0485621;-0.0776482;-2.70942
13.4046;-234.249;-0.0793437;0.0419659;-0.0703781;-2.60411
22.23;-234.249;-0.0531941;0.0376419;-0.0378193;-2.49978
31.0555;-234.249;0.0867969;0.0376842;0.000277003;-2.46631
39.8809;-234.249;0.350686;0.0361915;0.0314286;-2.45774
48.7064;-234.249;0.536908;0.0349082;0.0511633;-2.37923
57.5318;-234.249;0.540877;0.0372872;0.061248;-2.17201
66.3573;-234.249;0.400515;0.0463285;0.0646995;-1.85584
75.1828;-234.249;0.247771;0.0513691;0.0580989;-1.46861
-4.24634;-243.074;0.085174;0.0467289;-0.0341132;-1.69185
4.57912;-243.074;0.0448187;0.0470864;-0.0352338;-1.66953
13.4046;-243.074;-0.0103361;0.0407728;-0.0292767;-1.60778
22.23;-243.074;0.19242;0.0383641;-0.00086417;-1.64613
31.0555;-243.074;0.548206;0.0388157;0.0347141;-1.74846
