x[mm];y[mm];z[mm];x-displacement[mm];y-displacement[mm];z-displacement[mm]
-4.24634;224.675;0.375758;0.0379501;0.0778018;-2.19394
4.57912;224.675;0.279688;0.044501;0.0779042;-2.19521
13.4046;224.675;0.244098;0.0513985;0.0756987;-2.17046
22.23;224.675;0.214277;0.0527894;0.0678561;-2.09717
31.0555;224.675;0.169214;0.05227;0.0640139;-1.98935
-39.5482;215.85;0.228536;0.0262599;0.100823;-2.51243
-30.7227;215.85;0.132185;0.0279135;0.107487;-2.6505
-21.8972;215.85;0.00690536;0.0331433;0.0992426;-2.6989
-13.0718;215.85;-0.0678567;0.0458377;0.0944298;-2.81816
-4.24634;215.85;-0.0400073;0.0506545;0.0966532;-2.94308
4.57912;215.85;-0.0137488;0.055044;0.105325;-3.03632
13.4046;215.85;0.00217642;0.0592135;0.111025;-3.05834
22.23;215.85;0.0324511;0.0592865;0.109377;-3.02862
31.0555;215.85;0.0670344;0.0605708;0.105079;-2.96809
39.8809;215.85;0.0771415;0.06325;0.0948634;-2.84903
48.7064;215.85;0.0358777;0.0656693;0.0828469;-2.67585
57.5318;215.85;-0.0227074;0.067336;0.0717274;-2.44907
66.3573;215.85;-0.0863275;0.0664785;0.0710767;-2.19322
75.1828;215.85;-0.127406;0.0636106;0.0694415;-1.91095
-74.85;207.024;0.59461;0.012675;0.0731746;-2.42584
-66.0245;207.024;0.486612;0.0217056;0.082739;-2.73013
-57.1991;207.024;0.307945;0.0268797;0.0960805;-2.98245
-48.3736;207.024;0.233351;0.0260968;0.109807;-3.2695
-39.5482;207.024;0.145739;0.0271399;0.12078;-3.47457
-30.7227;207.024;-0.153578;0.0326036;0.134976;-3.50047
-21.8972;207.024;-0.444783;0.0377651;0.132367;-3.43203
-13.0718;207.024;-0.518978;0.0488366;0.124171;-3.52169
-4.24634;207.024;-0.398179;0.0567795;0.118948;-3.6988
4.57912;207.024;-0.29085;0.0629739;0.130245;-3.8686
13.4046;207.024;-0.188586;0.0668603;0.14064;-3.9704
22.23;207.024;-0.0832845;0.0681286;0.142132;-4.00978
31.0555;207.024;0.00173202;0.0705444;0.134627;-3.9779
39.8809;207.024;0.0396905;0.0758075;0.11966;-3.86891
48.7064;207.024;0.0246193;0.0799356;0.103587;-3.69765
57.5318;207.024;-0.0306136;0.0823692;0.0950875;-3.46581
66.3573;207.024;-0.0857333;0.0826061;0.0957413;-3.20287
75.1828;207.024;-0.119264;0.0801511;0.0953988;-2.91195
84.0082;207.024;-0.122125;0.0750977;0.0877638;-2.58934
92.8337;207.024;-0.102492;0.070505;0.0695542;-2.21776
-110.152;198.199;0.893724;0.0164042;0.0436506;-1.67546
-101.326;198.199;0.790244;0.00985069;0.0594641;-2.14816
-92.5009;198.199;0.684541;-0.000302359;0.0751906;-2.62191
-83.6754;198.199;0.63034;-0.00687725;0.0861;-3.07502
-74.85;198.199;0.540479;0.000377873;0.0949075;-3.48503
-66.0245;198.199;0.373743;0.0165062;0.102386;-3.7788
-57.1991;198.199;0.150043;0.0305593;0.116571;-3.99992
-48.3736;198.199;0.108936;0.0312878;0.125748;-4.26159
-39.5482;198.199;0.0654755;0.0328355;0.130737;-4.47795
-30.7227;198.199;-0.178439;0.0371585;0.143477;-4.53053
-21.8972;198.199;-0.383967;0.0395918;0.144055;-4.51405
-13.0718;198.199;-0.404249;0.048125;0.136466;-4.6198
-4.24634;198.199;-0.259576;0.0562548;0.128446;-4.79535
4.57912;198.199;-0.149092;0.0623629;0.138718;-4.96353
13.4046;198.199;-0.0598719;0.0681372;0.15087;-5.0723
22.23;198.199;0.00467943;0.0740112;0.155209;-5.10508
31.0555;198.199;0.0444207;0.0793643;0.149342;-5.05107
39.8809;198.199;0.062254;0.0848382;0.136207;-4.92788
48.7064;198.199;0.0619776;0.0891414;0.122552;-4.75463
57.5318;198.199;0.0215814;0.0930039;0.114516;-4.52017
66.3573;198.199;-0.0206234;0.0950628;0.112275;-4.24589
75.1828;198.199;-0.044663;0.0941509;0.108567;-3.93993
84.0082;198.199;-0.0387745;0.0902569;0.101071;-3.60005
92.8337;198.199;-0.0265803;0.0846188;0.0876533;-3.22128
101.659;198.199;-0.010551;0.0777575;0.0725026;-2.80096
110.485;198.199;0.0169507;0.0681228;0.0554857;-2.35422
-110.152;189.373;0.930837;0.000645025;0.0542287;-2.62031
-101.326;189.373;0.892086;-0.00503053;0.0646035;-3.14388
-92.5009;189.373;0.791371;-0.0150919;0.080524;-3.63853
-83.6754;189.373;0.655952;-0.023274;0.100197;-4.09169
-74.85;189.373;0.473169;-0.0141537;0.1142;-4.46816
-66.0245;189.373;0.255245;0.0102724;0.125195;-4.77689
-57.1991;189.373;0.0654671;0.0295063;0.127842;-4.96788
-48.3736;189.373;0.000737889;0.0311313;0.134686;-5.21584
-39.5482;189.373;0.0191545;0.0333295;0.134677;-5.50351
-30.7227;189.373;-0.0364448;0.0383627;0.141218;-5.71453
-21.8972;189.373;-0.082711;0.0447059;0.142943;-5.85069
-13.0718;189.373;-0.0487373;0.0543344;0.138731;-5.99691
-4.24634;189.373;0.0601943;0.0627496;0.134102;-6.146
4.57912;189.373;0.120273;0.0674335;0.143389;-6.25776
13.4046;189.373;0.149755;0.0723707;0.153425;-6.28921
22.23;189.373;0.152561;0.0793347;0.158564;-6.25449
31.0555;189.373;0.146051;0.0856753;0.155987;-6.1614
39.8809;189.373;0.144224;0.090565;0.14764;-6.02288
48.7064;189.373;0.148461;0.0947365;0.137812;-5.84089
57.5318;189.373;0.119586;0.0996318;0.130109;-5.59372
66.3573;189.373;0.0844441;0.102764;0.123275;-5.30209
75.1828;189.373;0.0629578;0.103198;0.116108;-4.97933
84.0082;189.373;0.0600902;0.100884;0.107566;-4.62593
92.8337;189.373;0.0644549;0.096656;0.0970061;-4.23266
101.659;189.373;0.0664289;0.090519;0.0845193;-3.79458
110.485;189.373;0.0848117;0.0827916;0.0700522;-3.31371
119.31;189.373;0.124769;0.0730426;0.051853;-2.82178
128.135;189.373;0.179572;0.0624234;0.0331181;-2.30713
136.961;189.373;0.201108;0.0465264;0.010084;-1.72382
-127.803;180.548;1.05846;-0.00152796;0.0293805;-2.36922
-118.977;180.548;0.997956;-0.0132393;0.0481379;-2.95206
-110.152;180.548;0.970836;-0.0203623;0.0619688;-3.52305
-101.326;180.548;0.96254;-0.0290028;0.0704095;-4.05274
-92.5009;180.548;0.807726;-0.039011;0.0933512;-4.52004
-83.6754;180.548;0.539784;-0.0469434;0.126946;-4.90744
-74.85;180.548;0.348888;-0.0327996;0.144526;-5.3205
-66.0245;180.548;0.265878;-4.04984e-05;0.141314;-5.76847
-57.1991;180.548;0.201836;0.023821;0.127974;-6.04891
-48.3736;180.548;0.0658138;0.0267174;0.137231;-6.2997
-39.5482;180.548;0.0982304;0.0257474;0.13807;-6.58341
-30.7227;180.548;0.155431;0.0296823;0.140088;-6.86091
-21.8972;180.548;0.209804;0.0376379;0.141128;-7.07233
-13.0718;180.548;0.26204;0.0478425;0.140771;-7.2361
-4.24634;180.548;0.305143;0.0563134;0.142043;-7.35552
4.57912;180.548;0.300953;0.0611898;0.151266;-7.41836
13.4046;180.548;0.280497;0.0693025;0.160023;-7.40759
22.23;180.548;0.257491;0.0788805;0.164669;-7.34359
31.0555;180.548;0.245243;0.0870049;0.164473;-7.24392
39.8809;180.548;0.246722;0.0930528;0.160264;-7.10883
48.7064;180.548;0.251238;0.0984333;0.153596;-6.92141
57.5318;180.548;0.224418;0.104115;0.14654;-6.66337
66.3573;180.548;0.193296;0.107633;0.138001;-6.36295
75.1828;180.548;0.177118;0.109383;0.129953;-6.03214
84.0082;180.548;0.172933;0.109488;0.122344;-5.66335
92.8337;180.548;0.161004;0.108049;0.11384;-5.24183
101.659;180.548;0.133258;0.104277;0.102784;-4.76537
110.485;180.548;0.128493;0.0956982;0.0875376;-4.25528
119.31;180.548;0.152883;0.0856044;0.0692065;-3.73032
128.135;180.548;0.207737;0.0769046;0.0494657;-3.19631
136.961;180.548;0.270701;0.0661547;0.0289638;-2.64531
145.786;180.548;0.262011;0.0525259;0.00566787;-2.00827
154.612;180.548;0.195857;0.0318894;-0.0197356;-1.2812
-136.628;171.722;1.14351;-0.0146916;0.0316977;-2.6154
-127.803;171.722;1.06686;-0.0243557;0.0494067;-3.231
-118.977;171.722;0.968487;-0.0359489;0.0704225;-3.83739
-110.152;171.722;0.91058;-0.0469379;0.0858359;-4.42455
-101.326;171.722;0.8803;-0.0569028;0.0946601;-4.95867
-92.5009;171.722;0.628931;-0.0694168;0.12832;-5.39117
-83.6754;171.722;0.300046;-0.0756931;0.172158;-5.77882
-74.85;171.722;0.291085;-0.0554521;0.17782;-6.25641
-66.0245;171.722;0.460908;-0.0162494;0.149789;-6.81801
-57.1991;171.722;0.522507;0.011724;0.124366;-7.19847
-48.3736;171.722;0.364773;0.0168939;0.13592;-7.46215
-39.5482;171.722;0.305224;0.0191405;0.150648;-7.71803
-30.7227;171.722;0.324616;0.0241358;0.161009;-7.98215
-21.8972;171.722;0.359439;0.0324734;0.165209;-8.18645
-13.0718;171.722;0.375868;0.0425788;0.167388;-8.32909
-4.24634;171.722;0.361798;0.0517386;0.171021;-8.41598
4.57912;171.722;0.320094;0.0588319;0.176844;-8.44916
13.4046;171.722;0.294483;0.0688306;0.182459;-8.43224
22.23;171.722;0.285953;0.0802756;0.186495;-8.3782
31.0555;171.722;0.301115;0.0902442;0.186768;-8.29581
39.8809;171.722;0.327054;0.0984374;0.183009;-8.17376
48.7064;171.722;0.33724;0.105802;0.176904;-7.98717
57.5318;171.722;0.313679;0.111538;0.168993;-7.72431
66.3573;171.722;0.294204;0.115055;0.159866;-7.42518
75.1828;171.722;0.291278;0.118169;0.150721;-7.09063
84.0082;171.722;0.287603;0.120639;0.142847;-6.70257
92.8337;171.722;0.25443;0.121155;0.136234;-6.24392
101.659;171.722;0.190846;0.119512;0.126831;-5.72791
110.485;171.722;0.172383;0.113047;0.109741;-5.19815
119.31;171.722;0.185627;0.104732;0.0896968;-4.65473
128.135;171.722;0.211511;0.0953729;0.0700081;-4.08824
136.961;171.722;0.236322;0.0850503;0.0501234;-3.49404
145.786;171.722;0.31376;0.0685988;0.0274147;-2.88436
154.612;171.722;0.23832;0.0552182;0.00795589;-2.17407
163.437;171.722;0.0883176;0.0412097;-0.00395121;-1.42513
-145.454;162.897;1.15461;-0.0206791;0.0341897;-2.75141
-136.628;162.897;1.13588;-0.0317565;0.050663;-3.42687
-127.803;162.897;1.0774;-0.0403359;0.0699382;-4.08731
-118.977;162.897;0.980421;-0.0515213;0.0897526;-4.70113
-110.152;162.897;0.914287;-0.0630709;0.104256;-5.29805
-101.326;162.897;0.871911;-0.0736592;0.112078;-5.84095
-92.5009;162.897;0.650106;-0.0855321;0.142096;-6.32196
-83.6754;162.897;0.420197;-0.0872604;0.174267;-6.76641
-74.85;162.897;0.58986;-0.0620836;0.166707;-7.30891
-66.0245;162.897;0.807345;-0.023329;0.132674;-7.87415
-57.1991;162.897;0.779558;0.00448749;0.116421;-8.29057
-48.3736;162.897;0.601513;0.0120849;0.135844;-8.55607
-39.5482;162.897;0.529642;0.0168047;0.159813;-8.80644
-30.7227;162.897;0.517672;0.0218297;0.180328;-9.05539
-21.8972;162.897;0.500015;0.0307327;0.191708;-9.24373
-13.0718;162.897;0.463971;0.0420838;0.197206;-9.36692
-4.24634;162.897;0.419105;0.0532257;0.201107;-9.43674
4.57912;162.897;0.379074;0.0629229;0.203966;-9.46587
13.4046;162.897;0.364858;0.0740492;0.206753;-9.45827
22.23;162.897;0.363894;0.0852174;0.210819;-9.41835
31.0555;162.897;0.384962;0.0954192;0.212535;-9.34676
39.8809;162.897;0.419324;0.104884;0.210084;-9.23124
48.7064;162.897;0.442699;0.113295;0.20564;-9.04753
57.5318;162.897;0.421008;0.119017;0.196695;-8.77383
66.3573;162.897;0.389526;0.123526;0.184559;-8.45205
75.1828;162.897;0.377531;0.12825;0.172324;-8.09449
84.0082;162.897;0.368036;0.132456;0.162822;-7.68709
92.8337;162.897;0.330358;0.133347;0.15646;-7.21036
101.659;162.897;0.260863;0.131947;0.149996;-6.68578
110.485;162.897;0.26187;0.127526;0.131356;-6.16595
119.31;162.897;0.299042;0.121177;0.10752;-5.62784
128.135;162.897;0.344955;0.111836;0.0839768;-5.05395
136.961;162.897;0.382717;0.0986209;0.0614179;-4.43995
145.786;162.897;0.416761;0.0821073;0.0378257;-3.79339
154.612;162.897;0.332867;0.069542;0.0224101;-3.05765
163.437;162.897;0.230206;0.0578502;0.0190628;-2.30548
-163.105;154.071;1.20252;0.00171049;0.0169596;-2.01425
-154.279;154.071;1.13906;-0.0177602;0.0341074;-2.77312
-145.454;154.071;1.11547;-0.0339548;0.0511591;-3.51534
-136.628;154.071;1.12115;-0.0420713;0.0652721;-4.2296
-127.803;154.071;1.08164;-0.0504654;0.0836082;-4.91374
-118.977;154.071;1.01224;-0.0609292;0.101162;-5.55419
-110.152;154.071;0.97436;-0.0720221;0.113014;-6.16829
-101.326;154.071;0.972763;-0.0805018;0.11746;-6.75637
-92.5009;154.071;0.860946;-0.0858651;0.132947;-7.31148
-83.6754;154.071;0.790592;-0.0801125;0.14605;-7.82224
-74.85;154.071;0.89014;-0.0545284;0.141406;-8.40772
-66.0245;154.071;0.954122;-0.0240956;0.123323;-8.9058
-57.1991;154.071;0.857777;-0.00280892;0.120586;-9.27658
-48.3736;154.071;0.692038;0.00544756;0.141919;-9.53807
-39.5482;154.071;0.652509;0.0125605;0.168535;-9.80761
-30.7227;154.071;0.644239;0.0191572;0.192488;-10.0594
-21.8972;154.071;0.627721;0.0297133;0.206448;-10.2508
-13.0718;154.071;0.58993;0.0416307;0.214651;-10.3805
-4.24634;154.071;0.53875;0.0527426;0.22221;-10.4596
4.57912;154.071;0.495007;0.0636222;0.227045;-10.498
13.4046;154.071;0.479858;0.0754009;0.22984;-10.4932
22.23;154.071;0.456536;0.0875281;0.234085;-10.446
31.0555;154.071;0.446423;0.0998825;0.23628;-10.3576
39.8809;154.071;0.455528;0.112207;0.233925;-10.2246
48.7064;154.071;0.466134;0.122658;0.231053;-10.0263
57.5318;154.071;0.427753;0.129462;0.224481;-9.73408
66.3573;154.071;0.381533;0.134791;0.213123;-9.39513
75.1828;154.071;0.375794;0.13953;0.198793;-9.03183
84.0082;154.071;0.389735;0.143716;0.185106;-8.62945
92.8337;154.071;0.385538;0.144134;0.174424;-8.15968
101.659;154.071;0.349303;0.141638;0.16717;-7.63769
110.485;154.071;0.367342;0.137126;0.149412;-7.11504
119.31;154.071;0.416055;0.131571;0.12526;-6.56942
128.135;154.071;0.460767;0.122298;0.0993792;-5.97673
136.961;154.071;0.471651;0.108412;0.0747104;-5.33014
145.786;154.071;0.468605;0.092886;0.0504848;-4.64833
154.612;154.071;0.397623;0.0803269;0.0341874;-3.91544
163.437;154.071;0.311385;0.0684848;0.0285917;-3.13432
172.263;154.071;0.253158;0.0556405;0.0283339;-2.35875
181.088;154.071;0.265392;0.0404284;0.0266131;-1.53854
-171.93;145.246;1.12975;0.0104451;0.0116724;-1.90896
-163.105;145.246;1.1641;-0.00856857;0.0266454;-2.71375
-154.279;145.246;1.11817;-0.0273021;0.0436558;-3.49974
-145.454;145.246;1.09692;-0.0423614;0.0607975;-4.26541
-136.628;145.246;1.09647;-0.053107;0.0768565;-5.00709
-127.803;145.246;1.06622;-0.062384;0.0932268;-5.71768
-118.977;145.246;1.0209;-0.0725041;0.10776;-6.38218
-110.152;145.246;0.999578;-0.0828073;0.117871;-7.02369
-101.326;145.246;1.01174;-0.0885776;0.121783;-7.65364
-92.5009;145.246;0.99025;-0.0865844;0.127314;-8.26093
-83.6754;145.246;0.99117;-0.0752388;0.132542;-8.82098
-74.85;145.246;1.00651;-0.0553452;0.129779;-9.34822
-66.0245;145.246;0.966159;-0.0345416;0.125156;-9.80175
-57.1991;145.246;0.852637;-0.018704;0.130762;-10.1607
-48.3736;145.246;0.72729;-0.00920379;0.149772;-10.4343
-39.5482;145.246;0.702204;0.00113668;0.175298;-10.733
-30.7227;145.246;0.69207;0.010861;0.198516;-10.9957
-21.8972;145.246;0.674958;0.0246486;0.212691;-11.1968
-13.0718;145.246;0.632476;0.0389523;0.223755;-11.3407
-4.24634;145.246;0.57001;0.0514674;0.237253;-11.4316
4.57912;145.246;0.513373;0.0632604;0.247161;-11.4723
13.4046;145.246;0.489802;0.076226;0.251841;-11.4604
22.23;145.246;0.459978;0.0899475;0.254679;-11.401
31.0555;145.246;0.436727;0.104497;0.254744;-11.2948
39.8809;145.246;0.426509;0.119143;0.250678;-11.1417
48.7064;145.246;0.420906;0.131188;0.248395;-10.9265
57.5318;145.246;0.390984;0.138693;0.246066;-10.6359
66.3573;145.246;0.366716;0.145329;0.238562;-10.3055
75.1828;145.246;0.38773;0.150868;0.224847;-9.95775
84.0082;145.246;0.431634;0.155406;0.207744;-9.57284
92.8337;145.246;0.465293;0.155614;0.191903;-9.11858
101.659;145.246;0.471788;0.152591;0.181949;-8.60704
110.485;145.246;0.488642;0.148823;0.166306;-8.06665
119.31;145.246;0.512269;0.14487;0.14458;-7.48923
128.135;145.246;0.525369;0.136444;0.118797;-6.86119
136.961;145.246;0.514664;0.121467;0.0924903;-6.18165
145.786;145.246;0.494587;0.105622;0.0670564;-5.4736
154.612;145.246;0.443393;0.0927145;0.0471424;-4.73069
163.437;145.246;0.374303;0.0787733;0.0364162;-3.95077
172.263;145.246;0.309826;0.0644791;0.0285367;-3.12799
181.088;145.246;0.303764;0.0487562;0.0251789;-2.31532
189.914;145.246;0.257625;0.028053;0.0153535;-1.42128
-171.93;136.421;1.1272;0.00381156;0.0212436;-2.56998
-163.105;136.421;1.13201;-0.0158161;0.0340424;-3.40716
-154.279;136.421;1.10889;-0.0344569;0.0513777;-4.20973
-145.454;136.421;1.0897;-0.0507362;0.069239;-4.99373
-136.628;136.421;1.06611;-0.0649296;0.0858061;-5.75518
-127.803;136.421;1.03453;-0.0753912;0.0998095;-6.48114
-118.977;136.421;1.00021;-0.084547;0.111005;-7.16312
-110.152;136.421;0.976495;-0.0930949;0.119484;-7.82009
-101.326;136.421;0.973718;-0.0969091;0.124586;-8.45954
-92.5009;136.421;0.979882;-0.0910787;0.128112;-9.06683
-83.6754;136.421;0.971124;-0.0785854;0.135049;-9.62862
-74.85;136.421;0.960534;-0.064039;0.136794;-10.1524
-66.0245;136.421;0.908822;-0.0503048;0.139308;-10.6129
-57.1991;136.421;0.818984;-0.0375071;0.148623;-10.9995
-48.3736;136.421;0.735081;-0.0250126;0.166127;-11.3204
-39.5482;136.421;0.699776;-0.0122994;0.188859;-11.6318
-30.7227;136.421;0.670017;0.000382591;0.210099;-11.8957
-21.8972;136.421;0.632726;0.0171366;0.224315;-12.09
-13.0718;136.421;0.570894;0.0337134;0.236914;-12.2255
-4.24634;136.421;0.492476;0.0479048;0.253064;-12.3105
4.57912;136.421;0.426974;0.0608861;0.267206;-12.3482
13.4046;136.421;0.408886;0.0768536;0.273404;-12.3463
22.23;136.421;0.403583;0.0938581;0.273589;-12.3005
31.0555;136.421;0.398919;0.110598;0.269692;-12.1982
39.8809;136.421;0.388089;0.126563;0.261992;-12.0359
48.7064;136.421;0.371371;0.140327;0.257396;-11.8113
57.5318;136.421;0.35706;0.150515;0.256753;-11.5329
66.3573;136.421;0.363845;0.160049;0.252803;-11.2152
75.1828;136.421;0.389822;0.168438;0.241939;-10.8659
84.0082;136.421;0.420866;0.174648;0.225076;-10.4638
92.8337;136.421;0.450837;0.174877;0.207069;-9.99266
101.659;136.421;0.486847;0.171555;0.194827;-9.48838
110.485;136.421;0.498685;0.169038;0.179843;-8.93106
119.31;136.421;0.494235;0.166044;0.159845;-8.31939
128.135;136.421;0.489489;0.157281;0.134947;-7.66384
136.961;136.421;0.490531;0.140702;0.107857;-6.97358
145.786;136.421;0.47703;0.124031;0.0818117;-6.25328
154.612;136.421;0.443659;0.109941;0.0591925;-5.49597
163.437;136.421;0.383422;0.0955318;0.0438178;-4.69502
172.263;136.421;0.319043;0.0776849;0.0306551;-3.86041
181.088;136.421;0.290374;0.0563131;0.01825;-3.01725
189.914;136.421;0.275553;0.0389199;0.0130745;-2.13536
-180.755;127.595;1.15316;0.0228345;0.0175428;-2.34544
-171.93;127.595;1.12186;0.000490305;0.0279509;-3.20192
-163.105;127.595;1.08813;-0.0249839;0.0465466;-4.06897
-154.279;127.595;1.07622;-0.0441056;0.0632515;-4.89561
-145.454;127.595;1.05949;-0.0618838;0.080695;-5.70242
-136.628;127.595;1.02683;-0.0773;0.0971231;-6.48305
-127.803;127.595;0.996568;-0.0871721;0.10871;-7.22459
-118.977;127.595;0.965194;-0.0939939;0.11659;-7.92784
-110.152;127.595;0.938294;-0.0994409;0.123249;-8.60342
-101.326;127.595;0.926748;-0.101191;0.130223;-9.25232
-92.5009;127.595;0.912986;-0.0944369;0.137933;-9.86104
-83.6754;127.595;0.881609;-0.0825097;0.146615;-10.4204
-74.85;127.595;0.858373;-0.0714174;0.151349;-10.9458
-66.0245;127.595;0.820977;-0.0619149;0.159132;-11.4211
-57.1991;127.595;0.76378;-0.051255;0.17325;-11.8327
-48.3736;127.595;0.702799;-0.0377559;0.192438;-12.1845
-39.5482;127.595;0.660219;-0.0234428;0.2125;-12.5153
-30.7227;127.595;0.610662;-0.00745353;0.232791;-12.7939
-21.8972;127.595;0.553821;0.0133408;0.24716;-12.9932
-13.0718;127.595;0.477661;0.0330521;0.258925;-13.1246
-4.24634;127.595;0.395245;0.0494109;0.274322;-13.2056
4.57912;127.595;0.339587;0.0648828;0.289419;-13.2536
13.4046;127.595;0.347598;0.0828783;0.29493;-13.2653
22.23;127.595;0.371056;0.102026;0.292163;-13.2323
31.0555;127.595;0.389171;0.120044;0.284292;-13.1376
39.8809;127.595;0.38246;0.135928;0.272581;-12.963
48.7064;127.595;0.348047;0.150853;0.263979;-12.7135
57.5318;127.595;0.304717;0.164747;0.259928;-12.4012
66.3573;127.595;0.293317;0.176661;0.25611;-12.048
75.1828;127.595;0.271681;0.187447;0.247434;-11.641
84.0082;127.595;0.21958;0.194929;0.23342;-11.1495
92.8337;127.595;0.172103;0.196347;0.217988;-10.6025
101.659;127.595;0.20512;0.192795;0.204516;-10.0858
110.485;127.595;0.236273;0.190249;0.187855;-9.53469
119.31;127.595;0.257112;0.186801;0.166732;-8.93134
128.135;127.595;0.297355;0.176909;0.141669;-8.29864
136.961;127.595;0.355407;0.160768;0.115049;-7.64366
145.786;127.595;0.367758;0.145837;0.0907621;-6.93116
154.612;127.595;0.339977;0.131831;0.0683762;-6.15699
163.437;127.595;0.29198;0.116437;0.0514073;-5.34192
172.263;127.595;0.250485;0.0967646;0.0346417;-4.50091
181.088;127.595;0.236302;0.0739711;0.0199288;-3.65141
189.914;127.595;0.200733;0.0554094;0.0159417;-2.77958
198.739;127.595;0.158688;0.0356566;0.00883606;-1.8442
207.565;127.595;0.395024;0.00852557;-0.0117464;-0.874325
-189.581;118.77;1.1177;0.0312517;0.0190607;-2.06023
-180.755;118.77;1.09406;0.0141585;0.0270346;-2.93492
-171.93;118.77;1.07296;-0.01159;0.0450359;-3.83555
-163.105;118.77;1.03285;-0.0366027;0.0634856;-4.7053
-154.279;118.77;1.02052;-0.0568533;0.0802009;-5.55855
-145.454;118.77;1.01285;-0.073817;0.095823;-6.38849
-136.628;118.77;0.984;-0.0889944;0.111505;-7.19203
-127.803;118.77;0.957453;-0.0978265;0.120647;-7.95208
-118.977;118.77;0.929682;-0.10321;0.12557;-8.67977
-110.152;118.77;0.912249;-0.106524;0.130669;-9.37955
-101.326;118.77;0.912634;-0.105943;0.138289;-10.0419
-92.5009;118.77;0.882581;-0.0995175;0.148716;-10.6566
-83.6754;118.77;0.814427;-0.0900487;0.159124;-11.2237
-74.85;118.77;0.763848;-0.0809133;0.166981;-11.7539
-66.0245;118.77;0.720896;-0.0728426;0.179892;-12.2411
-57.1991;118.77;0.6755;-0.0625053;0.198777;-12.6716
-48.3736;118.77;0.631181;-0.0484503;0.219814;-13.0479
-39.5482;118.77;0.602716;-0.0341554;0.238713;-13.4005
-30.7227;118.77;0.572688;-0.0164919;0.256058;-13.7009
-21.8972;118.77;0.530896;0.00723632;0.267864;-13.9205
-13.0718;118.77;0.466832;0.0289924;0.276782;-14.0698
-4.24634;118.77;0.403245;0.0456934;0.28917;-14.1694
4.57912;118.77;0.370627;0.0611803;0.303122;-14.2372
13.4046;118.77;0.374062;0.0808986;0.309043;-14.2448
22.23;118.77;0.36351;0.102966;0.305867;-14.1845
31.0555;118.77;0.345104;0.123359;0.29609;-14.0553
39.8809;118.77;0.30355;0.142684;0.283331;-13.8463
48.7064;118.77;0.212627;0.159612;0.272698;-13.5226
57.5318;118.77;0.0569061;0.178115;0.26585;-13.0979
66.3573;118.77;-0.0638853;0.193416;0.259829;-12.647
75.1828;118.77;-0.112906;0.204481;0.247933;-12.1951
84.0082;118.77;-0.248958;0.217559;0.232262;-11.6313
92.8337;118.77;-0.43769;0.219449;0.215295;-10.9393
101.659;118.77;-0.480699;0.217945;0.199048;-10.3326
110.485;118.77;-0.40146;0.214221;0.183449;-9.80438
119.31;118.77;-0.283466;0.209497;0.16539;-9.27722
128.135;118.77;-0.128544;0.198083;0.143653;-8.7301
136.961;118.77;0.0234528;0.183359;0.118275;-8.14094
145.786;118.77;0.0739788;0.170385;0.0954538;-7.44116
154.612;118.77;0.0753081;0.157289;0.0734486;-6.66955
163.437;118.77;0.0755436;0.140683;0.0558763;-5.86926
172.263;118.77;0.0921696;0.12108;0.0396427;-5.05857
181.088;118.77;0.121932;0.0994893;0.0259748;-4.23513
189.914;118.77;0.119876;0.0777907;0.0177641;-3.36654
198.739;118.77;0.109778;0.0563963;0.0136926;-2.44495
207.565;118.77;0.316742;0.0269067;-0.000185294;-1.49498
-189.581;109.944;1.03243;0.0112762;0.030859;-2.61703
-180.755;109.944;0.999407;-0.00232644;0.0430581;-3.50679
-171.93;109.944;0.996469;-0.0225828;0.060612;-4.41784
-163.105;109.944;0.967239;-0.0460122;0.0770915;-5.3132
-154.279;109.944;0.957578;-0.0661868;0.0920675;-6.1951
-145.454;109.944;0.960721;-0.082465;0.106674;-7.0514
-136.628;109.944;0.94335;-0.0988925;0.122431;-7.88137
-127.803;109.944;0.909488;-0.1114;0.132282;-8.66521
-118.977;109.944;0.87243;-0.120346;0.138097;-9.42079
-110.152;109.944;0.854059;-0.124576;0.143745;-10.1495
-101.326;109.944;0.853912;-0.122483;0.151599;-10.8345
-92.5009;109.944;0.819751;-0.115114;0.162347;-11.46
-83.6754;109.944;0.757376;-0.106533;0.170342;-12.0426
-74.85;109.944;0.706286;-0.0990191;0.177156;-12.5907
-66.0245;109.944;0.658474;-0.091595;0.190749;-13.0966
-57.1991;109.944;0.619952;-0.0808395;0.212083;-13.5456
-48.3736;109.944;0.595885;-0.065866;0.235862;-13.9445
-39.5482;109.944;0.576766;-0.0502845;0.255168;-14.3114
-30.7227;109.944;0.550944;-0.0305936;0.270912;-14.6266
-21.8972;109.944;0.514533;-0.00483255;0.281168;-14.8671
-13.0718;109.944;0.461198;0.0180156;0.28881;-15.0424
-4.24634;109.944;0.411489;0.0359583;0.299036;-15.1644
4.57912;109.944;0.383619;0.0536024;0.311101;-15.2386
13.4046;109.944;0.367311;0.0753683;0.31774;-15.2334
22.23;109.944;0.326019;0.0972157;0.316129;-15.1477
31.0555;109.944;0.278331;0.116037;0.30667;-14.9906
39.8809;109.944;0.210469;0.140854;0.293142;-14.7616
48.7064;109.944;0.104359;0.170267;0.280826;-14.4249
57.5318;109.944;-0.0354433;0.199899;0.271626;-13.9971
66.3573;109.944;-0.095118;0.217062;0.264554;-13.5806
75.1828;109.944;-0.0761973;0.227594;0.246176;-13.1808
84.0082;109.944;-0.205945;0.24256;0.21836;-12.6107
92.8337;109.944;-0.454149;0.244339;0.199469;-11.8314
101.659;109.944;-0.62332;0.243065;0.184656;-11.09
110.485;109.944;-0.607741;0.238401;0.170741;-10.4741
119.31;109.944;-0.510044;0.233573;0.155673;-9.91089
128.135;109.944;-0.349533;0.221902;0.138863;-9.34931
136.961;109.944;-0.175447;0.207528;0.118077;-8.75745
145.786;109.944;-0.0669494;0.195011;0.101153;-8.08286
154.612;109.944;-0.01631;0.182781;0.0820348;-7.3303
163.437;109.944;0.0320889;0.16524;0.0638194;-6.53678
172.263;109.944;0.0823051;0.145049;0.04814;-5.72246
181.088;109.944;0.125678;0.124217;0.035853;-4.88896
189.914;109.944;0.154805;0.101427;0.0259859;-4.01471
198.739;109.944;0.163803;0.0756033;0.0210238;-3.10811
207.565;109.944;0.290216;0.0467513;0.00668637;-2.13323
-198.406;101.119;1.147;0.0208788;0.0194928;-2.27028
-189.581;101.119;1.04388;0.00407299;0.0340903;-3.17274
-180.755;101.119;0.983041;-0.0124573;0.0503357;-4.08655
-171.93;101.119;0.964203;-0.0324217;0.0651892;-5.0045
-163.105;101.119;0.938417;-0.0553709;0.0788168;-5.92397
-154.279;101.119;0.926309;-0.075329;0.0925775;-6.82746
-145.454;101.119;0.917144;-0.0924647;0.106711;-7.70157
-136.628;101.119;0.881806;-0.111423;0.121712;-8.54726
-127.803;101.119;0.821768;-0.127211;0.131241;-9.34277
-118.977;101.119;0.766645;-0.140046;0.138009;-10.1177
-110.152;101.119;0.74933;-0.147226;0.146237;-10.8755
-101.326;101.119;0.76738;-0.145827;0.157382;-11.598
-92.5009;101.119;0.76512;-0.137214;0.169199;-12.2574
-83.6754;101.119;0.744013;-0.126551;0.17403;-12.8686
-74.85;101.119;0.701561;-0.118813;0.179926;-13.4459
-66.0245;101.119;0.647384;-0.111258;0.193819;-13.9776
-57.1991;101.119;0.592339;-0.100021;0.217187;-14.4476
-48.3736;101.119;0.549457;-0.0839055;0.244396;-14.8606
-39.5482;101.119;0.527716;-0.0650421;0.264785;-15.2335
-30.7227;101.119;0.511535;-0.0430647;0.279725;-15.5582
-21.8972;101.119;0.489405;-0.0168905;0.290191;-15.8169
-13.0718;101.119;0.459138;0.00621913;0.298982;-16.0173
-4.24634;101.119;0.43005;0.0259579;0.309271;-16.1599
4.57912;101.119;0.408029;0.0460193;0.319595;-16.2392
13.4046;101.119;0.385235;0.0684489;0.325641;-16.232
22.23;101.119;0.339027;0.088343;0.325318;-16.1421
31.0555;101.119;0.281757;0.105349;0.317614;-15.9784
39.8809;101.119;0.216035;0.137697;0.302671;-15.7554
48.7064;101.119;0.170724;0.184111;0.286614;-15.4849
57.5318;101.119;0.187875;0.22799;0.274065;-15.1879
66.3573;101.119;0.30281;0.24873;0.266323;-14.9112
75.1828;101.119;0.377268;0.260712;0.241473;-14.5466
84.0082;101.119;0.275398;0.271971;0.206718;-13.958
92.8337;101.119;0.0372399;0.274398;0.185531;-13.1648
101.659;101.119;-0.198252;0.275224;0.171118;-12.3559
110.485;101.119;-0.251137;0.269946;0.156332;-11.6536
119.31;101.119;-0.217901;0.264637;0.141572;-11.0014
128.135;101.119;-0.134608;0.255919;0.128982;-10.3507
136.961;101.119;-0.0351562;0.241977;0.114794;-9.66672
145.786;101.119;0.0491776;0.228194;0.104021;-8.94488
154.612;101.119;0.0974265;0.214538;0.089264;-8.16139
163.437;101.119;0.145832;0.195972;0.0716682;-7.33336
172.263;101.119;0.175609;0.17589;0.054932;-6.47251
181.088;101.119;0.177583;0.156433;0.0406767;-5.58577
189.914;101.119;0.176825;0.132057;0.0264873;-4.66431
198.739;101.119;0.221702;0.0989646;0.0170628;-3.72588
207.565;101.119;0.282995;0.066584;0.00634869;-2.72987
-198.406;92.2933;1.18437;0.0269706;0.0127741;-2.80167
-189.581;92.2933;1.07497;0.0107785;0.0278608;-3.72547
-180.755;92.2933;0.998286;-0.0155907;0.0489249;-4.65501
-171.93;92.2933;0.968392;-0.0406697;0.0642564;-5.58903
-163.105;92.2933;0.945304;-0.0644432;0.0759486;-6.5254
-154.279;92.2933;0.914747;-0.0852121;0.0903442;-7.44004
-145.454;92.2933;0.871873;-0.104139;0.10545;-8.32599
-136.628;92.2933;0.808397;-0.124702;0.118578;-9.18506
-127.803;92.2933;0.736524;-0.14215;0.125576;-10.0003
-118.977;92.2933;0.687129;-0.157256;0.133746;-10.805
-110.152;92.2933;0.680305;-0.166535;0.145463;-11.5949
-101.326;92.2933;0.707287;-0.166076;0.159974;-12.3533
-92.5009;92.2933;0.729098;-0.156454;0.173424;-13.0561
-83.6754;92.2933;0.727188;-0.143926;0.180369;-13.7052
-74.85;92.2933;0.698585;-0.134689;0.189396;-14.3133
-66.0245;92.2933;0.649578;-0.125437;0.20435;-14.8662
-57.1991;92.2933;0.584156;-0.112724;0.22698;-15.3479
-48.3736;92.2933;0.523727;-0.094873;0.253143;-15.7773
-39.5482;92.2933;0.499115;-0.0736413;0.274014;-16.1673
-30.7227;92.2933;0.497649;-0.0505416;0.290148;-16.5155
-21.8972;92.2933;0.489067;-0.0240311;0.303164;-16.801
-13.0718;92.2933;0.473797;0.00048456;0.314554;-17.0235
-4.24634;92.2933;0.45855;0.0224631;0.326361;-17.1806
4.57912;92.2933;0.44347;0.0443161;0.335596;-17.2632
13.4046;92.2933;0.419474;0.0675972;0.338234;-17.2543
22.23;92.2933;0.379548;0.0870556;0.335007;-17.1652
31.0555;92.2933;0.32535;0.106981;0.32758;-17.0038
39.8809;92.2933;0.261383;0.150197;0.30893;-16.7823
48.7064;92.2933;0.258426;0.210803;0.283939;-16.5523
57.5318;92.2933;0.387234;0.264392;0.261661;-16.3529
66.3573;92.2933;0.623477;0.287802;0.248186;-16.174
75.1828;92.2933;0.720206;0.299617;0.221049;-15.795
84.0082;92.2933;0.663598;0.304434;0.192263;-15.1928
92.8337;92.2933;0.501468;0.306296;0.174077;-14.4489
101.659;92.2933;0.323976;0.307003;0.160195;-13.6693
110.485;92.2933;0.264703;0.301772;0.143123;-12.9347
119.31;92.2933;0.246117;0.296046;0.127167;-12.2037
128.135;92.2933;0.243546;0.288594;0.116466;-11.4499
136.961;92.2933;0.25272;0.275141;0.105778;-10.6609
145.786;92.2933;0.275921;0.259994;0.0978519;-9.85939
154.612;92.2933;0.295945;0.244878;0.0875467;-9.02424
163.437;92.2933;0.311817;0.226635;0.0732471;-8.1427
172.263;92.2933;0.279589;0.20662;0.0579646;-7.20823
181.088;92.2933;0.204867;0.185306;0.043998;-6.23715
189.914;92.2933;0.163567;0.155729;0.0289824;-5.2541
198.739;92.2933;0.219303;0.11967;0.0165731;-4.29138
207.565;92.2933;0.319398;0.0859713;0.00886746;-3.32426
-216.057;83.4678;1.13471;0.0160264;0.0223348;-1.30055
-207.232;83.4678;1.22884;0.0385046;0.00461288;-2.28301
-198.406;83.4678;1.18969;0.0363785;0.00628248;-3.29739
-189.581;83.4678;1.08987;0.0197802;0.0202465;-4.24962
-180.755;83.4678;1.00692;-0.0137078;0.0432348;-5.19618
-171.93;83.4678;0.969912;-0.0441443;0.059829;-6.14314
-163.105;83.4678;0.932752;-0.0698239;0.0710691;-7.08711
-154.279;83.4678;0.868195;-0.0936569;0.0866148;-8.01441
-145.454;83.4678;0.80282;-0.115604;0.101584;-8.9197
-136.628;83.4678;0.737767;-0.135997;0.111373;-9.80218
-127.803;83.4678;0.687491;-0.152124;0.115438;-10.655
-118.977;83.4678;0.658431;-0.165641;0.124138;-11.4918
-110.152;83.4678;0.651069;-0.173787;0.137859;-12.3058
-101.326;83.4678;0.662353;-0.173408;0.153428;-13.0851
-92.5009;83.4678;0.683476;-0.16537;0.165615;-13.819
-83.6754;83.4678;0.679468;-0.155433;0.17696;-14.5019
-74.85;83.4678;0.662418;-0.146188;0.19229;-15.1374
-66.0245;83.4678;0.631809;-0.134712;0.210774;-15.7172
-57.1991;83.4678;0.582505;-0.118809;0.230759;-16.2301
-48.3736;83.4678;0.533435;-0.0988966;0.253022;-16.6903
-39.5482;83.4678;0.515732;-0.077773;0.274068;-17.1106
-30.7227;83.4678;0.521203;-0.0564086;0.292394;-17.487
-21.8972;83.4678;0.51276;-0.0296919;0.306547;-17.7865
-13.0718;83.4678;0.490002;-0.0021367;0.319239;-18.0157
-4.24634;83.4678;0.471441;0.022627;0.333256;-18.1778
4.57912;83.4678;0.45748;0.0463211;0.343452;-18.2639
13.4046;83.4678;0.43093;0.0724405;0.342863;-18.2556
22.23;83.4678;0.400648;0.0953447;0.334209;-18.1714
31.0555;83.4678;0.362231;0.125351;0.322698;-18.0193
39.8809;83.4678;0.290612;0.179911;0.296914;-17.771
48.7064;83.4678;0.254512;0.24351;0.260992;-17.4725
57.5318;83.4678;0.330559;0.292483;0.227215;-17.1915
66.3573;83.4678;0.515635;0.313688;0.205754;-16.9458
75.1828;83.4678;0.601666;0.329342;0.184398;-16.5495
84.0082;83.4678;0.587479;0.337186;0.169917;-15.9874
92.8337;83.4678;0.540979;0.340872;0.16177;-15.342
101.659;83.4678;0.517455;0.339712;0.15018;-14.658
110.485;83.4678;0.51399;0.33495;0.129999;-13.9364
119.31;83.4678;0.475877;0.328289;0.111079;-13.1632
128.135;83.4678;0.439115;0.318678;0.0982649;-12.3512
136.961;83.4678;0.419938;0.305146;0.0861311;-11.5138
145.786;83.4678;0.422525;0.288851;0.0772895;-10.6626
154.612;83.4678;0.436878;0.271839;0.0703353;-9.79202
163.437;83.4678;0.427536;0.253916;0.0619679;-8.86796
172.263;83.4678;0.334556;0.234161;0.0518828;-7.87107
181.088;83.4678;0.206021;0.210155;0.0407011;-6.83733
189.914;83.4678;0.188932;0.176445;0.0269123;-5.83927
198.739;83.4678;0.273545;0.137716;0.0113278;-4.8741
207.565;83.4678;0.415942;0.100359;-0.00053526;-3.91807
216.39;83.4678;0.529988;0.0656935;-0.00511151;-2.90572
225.215;83.4678;0.556288;0.0363316;0.00303087;-1.8542
-216.057;74.6423;1.12691;0.0108192;0.0230451;-1.73674
-207.232;74.6423;1.19548;0.0390216;0.0063558;-2.74629
-198.406;74.6423;1.1683;0.0487599;-0.00090074;-3.74877
-189.581;74.6423;1.06752;0.0246337;0.0133932;-4.71964
-180.755;74.6423;1.00125;-0.00994339;0.0328642;-5.6832
-171.93;74.6423;0.963353;-0.0411501;0.04843;-6.64753
-163.105;74.6423;0.902282;-0.0676354;0.0590826;-7.59925
-154.279;74.6423;0.808838;-0.0951928;0.0734902;-8.55211
-145.454;74.6423;0.749486;-0.120257;0.0847514;-9.49257
-136.628;74.6423;0.711142;-0.140207;0.0902779;-10.4124
-127.803;74.6423;0.70024;-0.153595;0.0919637;-11.3105
-118.977;74.6423;0.678856;-0.16331;0.1;-12.1751
-110.152;74.6423;0.645277;-0.168018;0.112584;-13.0022
-101.326;74.6423;0.6246;-0.166819;0.125121;-13.7944
-92.5009;74.6423;0.635026;-0.162528;0.133242;-14.559
-83.6754;74.6423;0.634419;-0.158827;0.147677;-15.276
-74.85;74.6423;0.617016;-0.152725;0.168141;-15.9405
-66.0245;74.6423;0.604412;-0.141488;0.190309;-16.5559
-57.1991;74.6423;0.585235;-0.124271;0.208099;-17.1069
-48.3736;74.6423;0.565567;-0.103613;0.225375;-17.6062
-39.5482;74.6423;0.56135;-0.0834957;0.243896;-18.0648
-30.7227;74.6423;0.554256;-0.0637826;0.264175;-18.4763
-21.8972;74.6423;0.531577;-0.0336791;0.28134;-18.7899
-13.0718;74.6423;0.48706;-0.000582812;0.296495;-19.0137
-4.24634;74.6423;0.448874;0.0291573;0.311802;-19.174
4.57912;74.6423;0.423362;0.0565315;0.320023;-19.2633
13.4046;74.6423;0.39967;0.0859336;0.313167;-19.2605
22.23;74.6423;0.396825;0.11302;0.297619;-19.1876
31.0555;74.6423;0.402012;0.155652;0.277454;-19.0531
39.8809;74.6423;0.3705;0.219152;0.245493;-18.8071
48.7064;74.6423;0.346608;0.280352;0.209728;-18.4713
57.5318;74.6423;0.377197;0.320187;0.179975;-18.0988
66.3573;74.6423;0.454387;0.339917;0.15881;-17.7214
75.1828;74.6423;0.48965;0.356079;0.143855;-17.2596
84.0082;74.6423;0.493512;0.36486;0.139376;-16.706
92.8337;74.6423;0.501657;0.370328;0.13814;-16.0989
101.659;74.6423;0.527678;0.371235;0.128726;-15.4373
110.485;74.6423;0.545655;0.366284;0.108348;-14.7027
119.31;74.6423;0.508302;0.356766;0.0888654;-13.8965
128.135;74.6423;0.475845;0.34613;0.0744664;-13.0694
136.961;74.6423;0.470008;0.332856;0.0620332;-12.2281
145.786;74.6423;0.4926;0.315898;0.0538952;-11.3676
154.612;74.6423;0.523872;0.297942;0.049177;-10.4812
163.437;74.6423;0.535088;0.278469;0.0463884;-9.55358
172.263;74.6423;0.478652;0.25595;0.0427219;-8.55792
181.088;74.6423;0.406547;0.227497;0.0366201;-7.5279
189.914;74.6423;0.426622;0.192112;0.0253788;-6.5308
198.739;74.6423;0.528834;0.152982;0.0109713;-5.55512
207.565;74.6423;0.613743;0.114452;-0.000722948;-4.54911
216.39;74.6423;0.669831;0.0774633;-0.00437192;-3.46815
225.215;74.6423;0.677051;0.046158;0.00534959;-2.38843
-216.057;65.8169;1.12026;0.0197015;0.0198885;-2.09628
-207.232;65.8169;1.14879;0.0413478;0.00880844;-3.14346
-198.406;65.8169;1.11237;0.0485442;-0.000356861;-4.13913
-189.581;65.8169;1.02263;0.0195519;0.00846846;-5.13934
-180.755;65.8169;0.985267;-0.011426;0.0180031;-6.12622
-171.93;65.8169;0.966638;-0.0379101;0.0265096;-7.13302
-163.105;65.8169;0.909916;-0.0615914;0.0325753;-8.11677
-154.279;65.8169;0.829678;-0.0885187;0.040686;-9.10573
-145.454;65.8169;0.798192;-0.112934;0.0444717;-10.0817
-136.628;65.8169;0.778588;-0.13345;0.0460923;-11.034
-127.803;65.8169;0.784552;-0.147113;0.0463758;-11.9613
-118.977;65.8169;0.751508;-0.157095;0.0542076;-12.8462
-110.152;65.8169;0.692443;-0.161584;0.0655827;-13.6838
-101.326;65.8169;0.662609;-0.160288;0.0745781;-14.4942
-92.5009;65.8169;0.68874;-0.157173;0.0799837;-15.2883
-83.6754;65.8169;0.691828;-0.155686;0.0908631;-16.0353
-74.85;65.8169;0.672613;-0.154434;0.111085;-16.7326
-66.0245;65.8169;0.654771;-0.148825;0.13726;-17.3952
-57.1991;65.8169;0.633932;-0.135695;0.156956;-17.989
-48.3736;65.8169;0.619889;-0.116605;0.171955;-18.5293
-39.5482;65.8169;0.623162;-0.0957899;0.18811;-19.0234
-30.7227;65.8169;0.623151;-0.072849;0.210922;-19.4621
-21.8972;65.8169;0.626601;-0.0386386;0.232923;-19.8099
-13.0718;65.8169;0.605253;-0.00194856;0.253052;-20.0586
-4.24634;65.8169;0.575321;0.0307385;0.268759;-20.2378
4.57912;65.8169;0.546362;0.0605575;0.273742;-20.3368
13.4046;65.8169;0.524707;0.091424;0.264072;-20.3347
22.23;65.8169;0.536323;0.122222;0.246974;-20.2602
31.0555;65.8169;0.559342;0.179453;0.217467;-20.1179
39.8809;65.8169;0.575888;0.253914;0.183435;-19.9043
48.7064;65.8169;0.645703;0.315402;0.158415;-19.6523
57.5318;65.8169;0.755603;0.350178;0.146167;-19.3403
66.3573;65.8169;0.789301;0.371423;0.136814;-18.8882
75.1828;65.8169;0.739683;0.38873;0.125821;-18.3133
84.0082;65.8169;0.701998;0.397374;0.119753;-17.6915
92.8337;65.8169;0.696709;0.402072;0.114343;-17.0378
101.659;65.8169;0.712534;0.403153;0.104347;-16.3353
110.485;65.8169;0.716904;0.398329;0.0889083;-15.562
119.31;65.8169;0.677992;0.387269;0.0725253;-14.724
128.135;65.8169;0.6463;0.374723;0.0586475;-13.8727
136.961;65.8169;0.631982;0.358691;0.0481915;-12.9944
145.786;65.8169;0.636878;0.341115;0.0431626;-12.0919
154.612;65.8169;0.65845;0.323015;0.040475;-11.1715
163.437;65.8169;0.666517;0.302862;0.0381159;-10.2211
172.263;65.8169;0.64572;0.277822;0.0365216;-9.22267
181.088;65.8169;0.625726;0.247186;0.0337138;-8.1988
189.914;65.8169;0.650443;0.21097;0.0232126;-7.17975
198.739;65.8169;0.719918;0.17251;0.0116201;-6.16346
207.565;65.8169;0.772802;0.13387;0.00473388;-5.1085
216.39;65.8169;0.792541;0.0953473;0.00406423;-4.0062
225.215;65.8169;0.789353;0.0637948;0.0113107;-2.86159
234.041;65.8169;0.857881;0.0380541;0.017154;-1.68227
-216.057;56.9914;1.09132;0.0305758;0.0155361;-2.42262
-207.232;56.9914;1.09696;0.0426682;0.00799407;-3.47996
-198.406;56.9914;1.03282;0.041068;0.000692316;-4.48374
-189.581;56.9914;0.945366;0.0046565;0.00602829;-5.51625
-180.755;56.9914;0.929629;-0.0236566;0.00726068;-6.52567
-171.93;56.9914;0.940946;-0.0442536;0.00636224;-7.55649
-163.105;56.9914;0.927983;-0.0631766;0.00445901;-8.57776
-154.279;56.9914;0.905055;-0.0846653;0.0035041;-9.60902
-145.454;56.9914;0.912293;-0.106747;0.000816278;-10.6348
-136.628;56.9914;0.897163;-0.126521;8.91635e-05;-11.6172
-127.803;56.9914;0.874911;-0.144357;0.00574395;-12.5635
-118.977;56.9914;0.825809;-0.158361;0.017469;-13.4648
-110.152;56.9914;0.764951;-0.165311;0.0311561;-14.3215
-101.326;56.9914;0.739045;-0.165086;0.0402407;-15.1656
-92.5009;56.9914;0.772876;-0.161555;0.0438748;-15.9916
-83.6754;56.9914;0.783145;-0.15969;0.0527932;-16.7779
-74.85;56.9914;0.763011;-0.159361;0.071802;-17.5112
-66.0245;56.9914;0.728803;-0.1586;0.0966741;-18.2103
-57.1991;56.9914;0.69062;-0.150039;0.117317;-18.8371
-48.3736;56.9914;0.67462;-0.132533;0.134032;-19.4103
-39.5482;56.9914;0.690995;-0.109657;0.151287;-19.9372
-30.7227;56.9914;0.70422;-0.0822655;0.174663;-20.4042
-21.8972;56.9914;0.730038;-0.0452743;0.199233;-20.7959
-13.0718;56.9914;0.738211;-0.0082833;0.220833;-21.0926
-4.24634;56.9914;0.724077;0.0251428;0.236391;-21.298
4.57912;56.9914;0.687946;0.054649;0.244441;-21.4032
13.4046;56.9914;0.650439;0.0823023;0.243696;-21.3983
22.23;56.9914;0.667564;0.117292;0.229593;-21.3254
31.0555;56.9914;0.697511;0.19166;0.193708;-21.1598
39.8809;56.9914;0.727808;0.282282;0.157699;-20.9289
48.7064;56.9914;0.816947;0.35013;0.137531;-20.6791
57.5318;56.9914;0.927424;0.38424;0.131564;-20.3537
66.3573;56.9914;0.931704;0.406579;0.127035;-19.8484
75.1828;56.9914;0.832194;0.4242;0.120604;-19.1908
84.0082;56.9914;0.788661;0.431549;0.110526;-18.523
92.8337;56.9914;0.792258;0.435396;0.099775;-17.8448
101.659;56.9914;0.817246;0.436695;0.0893826;-17.1299
110.485;56.9914;0.832391;0.432544;0.0783065;-16.3504
119.31;56.9914;0.78495;0.421191;0.0666178;-15.4829
128.135;56.9914;0.736788;0.405922;0.0538562;-14.5818
136.961;56.9914;0.7044;0.387347;0.0441943;-13.6517
145.786;56.9914;0.696779;0.367423;0.0408109;-12.7057
154.612;56.9914;0.717658;0.346487;0.0388761;-11.7566
163.437;56.9914;0.739117;0.32409;0.0355811;-10.7901
172.263;56.9914;0.740678;0.298711;0.0353087;-9.78215
181.088;56.9914;0.735965;0.270139;0.0346418;-8.74948
189.914;56.9914;0.746291;0.233073;0.0250402;-7.69596
198.739;56.9914;0.786065;0.193045;0.015276;-6.64145
207.565;56.9914;0.829952;0.15351;0.0118433;-5.56509
216.39;56.9914;0.858795;0.114505;0.0127311;-4.45295
225.215;56.9914;0.879561;0.0772849;0.0155497;-3.28719
234.041;56.9914;0.956958;0.0498246;0.0223809;-2.10309
-224.883;48.166;1.06381;0.0463841;0.0117993;-1.67705
-216.057;48.166;1.06689;0.0348494;0.0119283;-2.71535
-207.232;48.166;1.05918;0.0373218;0.00660738;-3.75767
-198.406;48.166;0.954028;0.0218635;0.00293926;-4.79275
-189.581;48.166;0.87483;-0.0126257;0.00636571;-5.84587
-180.755;48.166;0.858174;-0.0408877;0.00488028;-6.89407
-171.93;48.166;0.857739;-0.063486;-0.000396217;-7.94971
-163.105;48.166;0.85302;-0.0833229;-0.00634362;-8.99945
-154.279;48.166;0.870718;-0.101693;-0.0116378;-10.0527
-145.454;48.166;0.921805;-0.12051;-0.0170834;-11.1051
-136.628;48.166;0.894862;-0.138536;-0.0139511;-12.0973
-127.803;48.166;0.848546;-0.156289;-0.00567605;-13.05
-118.977;48.166;0.795662;-0.17167;0.00856353;-13.9679
-110.152;48.166;0.757496;-0.181169;0.0247662;-14.8572
-101.326;48.166;0.756007;-0.183208;0.0349567;-15.7469
-92.5009;48.166;0.790202;-0.179394;0.0369968;-16.615
-83.6754;48.166;0.806275;-0.174287;0.0423306;-17.4313
-74.85;48.166;0.774131;-0.174818;0.0601293;-18.1893
-66.0245;48.166;0.722541;-0.173838;0.0849256;-18.9058
-57.1991;48.166;0.679461;-0.165047;0.107895;-19.5645
-48.3736;48.166;0.67987;-0.147815;0.127976;-20.1869
-39.5482;48.166;0.721992;-0.124146;0.147882;-20.7722
-30.7227;48.166;0.747997;-0.0947732;0.170994;-21.2824
-21.8972;48.166;0.763623;-0.0581576;0.191553;-21.7054
-13.0718;48.166;0.780022;-0.0217264;0.208317;-22.0383
-4.24634;48.166;0.775986;0.013908;0.22343;-22.2612
4.57912;48.166;0.751009;0.0441371;0.237125;-22.3784
13.4046;48.166;0.730967;0.0718158;0.244946;-22.3911
22.23;48.166;0.761595;0.122085;0.230365;-22.3335
31.0555;48.166;0.792619;0.215459;0.19339;-22.1568
39.8809;48.166;0.823484;0.315633;0.1588;-21.896
48.7064;48.166;0.892501;0.383218;0.140045;-21.5906
57.5318;48.166;0.958623;0.414806;0.132071;-21.1882
66.3573;48.166;0.934247;0.438666;0.12351;-20.6313
75.1828;48.166;0.82986;0.457372;0.113849;-19.9361
84.0082;48.166;0.789482;0.463608;0.10106;-19.234
92.8337;48.166;0.790305;0.464688;0.0895695;-18.5188
101.659;48.166;0.815422;0.462397;0.0815141;-17.7739
110.485;48.166;0.842251;0.456199;0.0742969;-16.9795
119.31;48.166;0.792912;0.442761;0.0656418;-16.0738
128.135;48.166;0.731733;0.425999;0.0544288;-15.1234
136.961;48.166;0.693333;0.405598;0.0449015;-14.1527
145.786;48.166;0.6932;0.384459;0.0397267;-13.1885
154.612;48.166;0.729869;0.363289;0.0356414;-12.2392
163.437;48.166;0.783083;0.340737;0.0317601;-11.277
172.263;48.166;0.793743;0.31614;0.0331535;-10.2519
181.088;48.166;0.774467;0.288781;0.0348395;-9.18604
189.914;48.166;0.756993;0.251225;0.0279079;-8.09062
198.739;48.166;0.785683;0.208005;0.0191693;-7.01041
207.565;48.166;0.839869;0.166374;0.0159539;-5.92992
216.39;48.166;0.895652;0.125947;0.0170742;-4.82938
225.215;48.166;0.945642;0.085202;0.0192736;-3.68882
234.041;48.166;1.00101;0.052398;0.0255645;-2.51692
-224.883;39.3405;1.00932;0.0516006;0.0115817;-1.90085
-216.057;39.3405;1.0033;0.0381882;0.0112826;-2.96386
-207.232;39.3405;0.963398;0.0251165;0.00824674;-4.02
-198.406;39.3405;0.873102;0.00159296;0.00688993;-5.06995
-189.581;39.3405;0.837556;-0.0273371;0.00785244;-6.14218
-180.755;39.3405;0.834663;-0.0549073;0.00535325;-7.2334
-171.93;39.3405;0.820363;-0.0798487;-0.00117298;-8.30628
-163.105;39.3405;0.809218;-0.102486;-0.0087806;-9.37461
-154.279;39.3405;0.840395;-0.12037;-0.0165234;-10.4361
-145.454;39.3405;0.891338;-0.137038;-0.022692;-11.4937
-136.628;39.3405;0.844787;-0.15266;-0.0169459;-12.487
-127.803;39.3405;0.771562;-0.168722;-0.00721943;-13.4493
-118.977;39.3405;0.732236;-0.183824;0.0052296;-14.3885
-110.152;39.3405;0.725521;-0.196151;0.0191081;-15.3132
-101.326;39.3405;0.736193;-0.202567;0.0304504;-16.2421
-92.5009;39.3405;0.752029;-0.200822;0.034673;-17.143
-83.6754;39.3405;0.7599;-0.193366;0.0390714;-17.9879
-74.85;39.3405;0.732953;-0.192496;0.0537818;-18.7837
-66.0245;39.3405;0.686689;-0.188172;0.0765647;-19.5251
-57.1991;39.3405;0.655393;-0.177124;0.098966;-20.2181
-48.3736;39.3405;0.682302;-0.160246;0.118821;-20.8946
-39.5482;39.3405;0.755528;-0.137873;0.138875;-21.5516
-30.7227;39.3405;0.796349;-0.110498;0.162891;-22.1147
-21.8972;39.3405;0.79118;-0.078349;0.183968;-22.5642
-13.0718;39.3405;0.806507;-0.0437171;0.20077;-22.9181
-4.24634;39.3405;0.81822;-0.00577622;0.219907;-23.1671
4.57912;39.3405;0.830384;0.0303103;0.237472;-23.3246
13.4046;39.3405;0.859274;0.0736818;0.24178;-23.3917
22.23;39.3405;0.916367;0.154996;0.218305;-23.3636
31.0555;39.3405;0.97782;0.267038;0.182193;-23.2167
39.8809;39.3405;1.07228;0.360895;0.155801;-22.9957
48.7064;39.3405;1.14421;0.41577;0.140816;-22.6547
57.5318;39.3405;1.14797;0.443149;0.129504;-22.1588
66.3573;39.3405;1.06754;0.470464;0.113573;-21.5242
75.1828;39.3405;0.956268;0.490026;0.0962194;-20.7784
84.0082;39.3405;0.881232;0.496407;0.0833819;-20.0098
92.8337;39.3405;0.836825;0.496029;0.0752432;-19.2231
101.659;39.3405;0.828571;0.490927;0.0708503;-18.4164
110.485;39.3405;0.84452;0.483531;0.0657675;-17.5818
119.31;39.3405;0.808106;0.469106;0.0586903;-16.6428
128.135;39.3405;0.753561;0.449686;0.049833;-15.652
136.961;39.3405;0.723442;0.427069;0.041419;-14.6534
145.786;39.3405;0.734529;0.404087;0.0341758;-13.6737
154.612;39.3405;0.784068;0.381599;0.0270444;-12.7147
163.437;39.3405;0.865232;0.358098;0.0230438;-11.7492
172.263;39.3405;0.887977;0.332047;0.0241688;-10.7051
181.088;39.3405;0.854081;0.298841;0.0277451;-9.58603
189.914;39.3405;0.805222;0.260114;0.0244758;-8.44281
198.739;39.3405;0.832922;0.216499;0.0188043;-7.34998
207.565;39.3405;0.888458;0.174504;0.0163338;-6.26604
216.39;39.3405;0.95912;0.13267;0.0177768;-5.16337
225.215;39.3405;0.991232;0.0880887;0.0191032;-4.01841
234.041;39.3405;0.933845;0.0486708;0.021455;-2.83946
-224.883;30.5151;0.99057;0.0463146;0.0165273;-2.13788
-216.057;30.5151;0.981583;0.0334881;0.0138151;-3.22844
-207.232;30.5151;0.931365;0.0140531;0.0110653;-4.28992
-198.406;30.5151;0.872733;-0.0133571;0.00994896;-5.3602
-189.581;30.5151;0.887535;-0.0368062;0.00796707;-6.43807
-180.755;30.5151;0.895695;-0.0624732;0.00464306;-7.5491
-171.93;30.5151;0.873821;-0.0868879;-0.00149474;-8.63035
-163.105;30.5151;0.851353;-0.11066;-0.00922054;-9.71082
-154.279;30.5151;0.862394;-0.130605;-0.0180365;-10.7791
-145.454;30.5151;0.885473;-0.147704;-0.0248107;-11.8267
-136.628;30.5151;0.825808;-0.16231;-0.0201198;-12.8252
-127.803;30.5151;0.744925;-0.176859;-0.0125496;-13.8052
-118.977;30.5151;0.719986;-0.190504;-0.00514456;-14.7702
-110.152;30.5151;0.725504;-0.204678;0.00403144;-15.7251
-101.326;30.5151;0.72966;-0.214743;0.0161364;-16.6791
-92.5009;30.5151;0.7258;-0.214915;0.0244545;-17.6051
-83.6754;30.5151;0.724869;-0.207251;0.0300401;-18.4858
-74.85;30.5151;0.716772;-0.204807;0.0400219;-19.3275
-66.0245;30.5151;0.687583;-0.198963;0.0580117;-20.1044
-57.1991;30.5151;0.672537;-0.187485;0.0776057;-20.8409
-48.3736;30.5151;0.721677;-0.171549;0.095473;-21.5738
-39.5482;30.5151;0.820896;-0.150061;0.113834;-22.3053
-30.7227;30.5151;0.88652;-0.12459;0.136586;-22.9355
-21.8972;30.5151;0.890989;-0.0960592;0.16024;-23.446
-13.0718;30.5151;0.928875;-0.0627378;0.183958;-23.8561
-4.24634;30.5151;0.987815;-0.0258455;0.214163;-24.1671
4.57912;30.5151;1.03992;0.0187951;0.233226;-24.3494
13.4046;30.5151;1.09212;0.0929725;0.218039;-24.4336
22.23;30.5151;1.18464;0.216972;0.173003;-24.4422
31.0555;30.5151;1.36398;0.347413;0.131874;-24.4233
39.8809;30.5151;1.62341;0.424111;0.117113;-24.3648
48.7064;30.5151;1.73033;0.454388;0.110305;-24.0176
57.5318;30.5151;1.66436;0.470748;0.0983668;-23.4103
66.3573;30.5151;1.50995;0.498039;0.0812768;-22.6618
75.1828;30.5151;1.34809;0.516343;0.0652801;-21.8057
84.0082;30.5151;1.19468;0.523206;0.0563499;-20.9154
92.8337;30.5151;1.09034;0.521951;0.052901;-20.0309
101.659;30.5151;1.05168;0.513798;0.0518662;-19.1477
110.485;30.5151;1.05914;0.502311;0.0482027;-18.2519
119.31;30.5151;1.03822;0.485343;0.0436266;-17.2901
128.135;30.5151;0.995221;0.463445;0.0401614;-16.2765
136.961;30.5151;0.945152;0.44085;0.0351842;-15.2401
145.786;30.5151;0.905957;0.419472;0.0277431;-14.2026
154.612;30.5151;0.897856;0.398336;0.0192429;-13.1749
163.437;30.5151;0.955381;0.374175;0.0156209;-12.1668
172.263;30.5151;0.973571;0.346993;0.0157199;-11.1027
181.088;30.5151;0.932285;0.313387;0.0185494;-9.95863
189.914;30.5151;0.878759;0.273974;0.0189223;-8.78673
198.739;30.5151;0.931644;0.230092;0.0184316;-7.69892
207.565;30.5151;1.01269;0.187515;0.0177951;-6.62632
216.39;30.5151;1.07774;0.143787;0.0180509;-5.50498
225.215;30.5151;1.10827;0.0951804;0.0171891;-4.32329
234.041;30.5151;1.10455;0.0482985;0.0176946;-3.12041
-224.883;21.6896;1.01462;0.0416112;0.0197359;-2.33965
-216.057;21.6896;1.02081;0.0273094;0.0155617;-3.4704
-207.232;21.6896;0.977158;0.00595009;0.0135416;-4.5443
-198.406;21.6896;0.945658;-0.0226012;0.0128079;-5.63512
-189.581;21.6896;0.973677;-0.0440504;0.00878079;-6.7242
-180.755;21.6896;0.979503;-0.0689503;0.00437694;-7.84079
-171.93;21.6896;0.945033;-0.0914724;-0.00200474;-8.91572
-163.105;21.6896;0.90113;-0.113345;-0.0102259;-9.98461
-154.279;21.6896;0.882888;-0.134406;-0.020191;-11.0519
-145.454;21.6896;0.886958;-0.154179;-0.028386;-12.1093
-136.628;21.6896;0.841583;-0.168823;-0.0277336;-13.134
-127.803;21.6896;0.788218;-0.18254;-0.0259708;-14.1444
-118.977;21.6896;0.768903;-0.194661;-0.0236763;-15.1382
-110.152;21.6896;0.762174;-0.20904;-0.0173894;-16.1133
-101.326;21.6896;0.752518;-0.219847;-0.00557616;-17.0764
-92.5009;21.6896;0.744016;-0.219898;0.00529362;-18.0131
-83.6754;21.6896;0.747503;-0.21297;0.012208;-18.9208
-74.85;21.6896;0.754545;-0.211648;0.0183875;-19.8028
-66.0245;21.6896;0.734739;-0.208566;0.0311257;-20.625
-57.1991;21.6896;0.728352;-0.199831;0.0483631;-21.4127
-48.3736;21.6896;0.784571;-0.185169;0.0665412;-22.1968
-39.5482;21.6896;0.895969;-0.162359;0.0867265;-22.9867
-30.7227;21.6896;1.00116;-0.134197;0.111294;-23.6932
-21.8972;21.6896;1.06984;-0.105049;0.137664;-24.2944
-13.0718;21.6896;1.16794;-0.0741084;0.167737;-24.8073
-4.24634;21.6896;1.29043;-0.0418914;0.209006;-25.2048
4.57912;21.6896;1.29921;0.0109315;0.21997;-25.3124
13.4046;21.6896;1.235;0.118801;0.174398;-25.2655
22.23;21.6896;1.32112;0.28737;0.0940067;-25.2914
31.0555;21.6896;1.69851;0.418903;0.0444037;-25.3878
39.8809;21.6896;1.94341;0.484319;0.0350425;-25.2806
48.7064;21.6896;1.87326;0.499669;0.035673;-24.7763
57.5318;21.6896;1.70887;0.509829;0.0352169;-24.1024
66.3573;21.6896;1.64212;0.532147;0.0337583;-23.3889
75.1828;21.6896;1.56797;0.545758;0.0313777;-22.5695
84.0082;21.6896;1.38822;0.553307;0.0299665;-21.6274
92.8337;21.6896;1.24181;0.551676;0.0309595;-20.6647
101.659;21.6896;1.15467;0.543099;0.0311349;-19.6964
110.485;21.6896;1.10588;0.5287;0.0279884;-18.7063
119.31;21.6896;1.04414;0.511594;0.0248537;-17.6858
128.135;21.6896;0.987147;0.490132;0.0248881;-16.6428
136.961;21.6896;0.943352;0.466244;0.0235769;-15.5896
145.786;21.6896;0.906968;0.442385;0.0189708;-14.5278
154.612;21.6896;0.882896;0.419041;0.013128;-13.4613
163.437;21.6896;0.917764;0.393208;0.0112794;-12.4148
172.263;21.6896;0.932996;0.365429;0.0103833;-11.3321
181.088;21.6896;0.881726;0.331965;0.0116535;-10.1578
189.914;21.6896;0.833287;0.293446;0.0130353;-8.97119
198.739;21.6896;0.94611;0.249256;0.0155803;-7.92389
207.565;21.6896;1.09593;0.205868;0.0169059;-6.90409
216.39;21.6896;1.20366;0.160734;0.0182566;-5.81051
225.215;21.6896;1.22865;0.109961;0.0183602;-4.62277
234.041;21.6896;1.21946;0.0565402;0.0172401;-3.36427
242.866;21.6896;0.737962;0.0232874;0.022752;-2.03595
-224.883;12.8642;1.05612;0.0498901;0.0172369;-2.47029
-216.057;12.8642;1.06185;0.0280951;0.0129343;-3.62428
-207.232;12.8642;0.999945;0.00382694;0.0125813;-4.69053
-198.406;12.8642;0.968572;-0.025683;0.0128755;-5.78276
-189.581;12.8642;0.981789;-0.0486118;0.00814351;-6.88991
-180.755;12.8642;0.996518;-0.0753727;0.00380302;-8.02773
-171.93;12.8642;0.943253;-0.098335;-0.00279503;-9.09411
-163.105;12.8642;0.864096;-0.118877;-0.0121596;-10.1458
-154.279;12.8642;0.831519;-0.138035;-0.0244974;-11.2127
-145.454;12.8642;0.848888;-0.158409;-0.0352014;-12.3007
-136.628;12.8642;0.842674;-0.172748;-0.0398152;-13.3611
-127.803;12.8642;0.829648;-0.186703;-0.042347;-14.4067
-118.977;12.8642;0.811409;-0.199522;-0.0406264;-15.4343
-110.152;12.8642;0.788221;-0.214345;-0.0357881;-16.4321
-101.326;12.8642;0.763332;-0.225301;-0.0265282;-17.4118
-92.5009;12.8642;0.743872;-0.225668;-0.0158039;-18.3557
-83.6754;12.8642;0.738293;-0.218453;-0.00707692;-19.2654
-74.85;12.8642;0.752105;-0.218544;-0.00167944;-20.1727
-66.0245;12.8642;0.749092;-0.218492;0.00708351;-21.0421
-57.1991;12.8642;0.750809;-0.20991;0.0202954;-21.8734
-48.3736;12.8642;0.801242;-0.193429;0.038384;-22.6913
-39.5482;12.8642;0.922001;-0.168542;0.0635103;-23.5173
-30.7227;12.8642;1.10148;-0.138811;0.094253;-24.3018
-21.8972;12.8642;1.31405;-0.111923;0.125407;-25.0328
-13.0718;12.8642;1.48842;-0.0855529;0.155887;-25.6383
-4.24634;12.8642;1.44887;-0.0370507;0.184208;-25.9232
4.57912;12.8642;1.19981;0.0333409;0.17653;-25.7598
13.4046;12.8642;0.924123;0.154284;0.113107;-25.534
22.23;12.8642;0.870682;0.3206;0.0245425;-25.5108
31.0555;12.8642;1.09906;0.446253;-0.0300442;-25.5301
39.8809;12.8642;1.09734;0.511344;-0.0492098;-25.2071
48.7064;12.8642;1.0253;0.530036;-0.0519904;-24.6046
57.5318;12.8642;1.09551;0.549893;-0.03929;-24.0721
66.3573;12.8642;1.33665;0.569925;-0.0190921;-23.582
75.1828;12.8642;1.46785;0.576874;-0.00376882;-22.9254
84.0082;12.8642;1.32583;0.580106;0.00271983;-21.9905
92.8337;12.8642;1.14837;0.575038;0.00703175;-20.9553
101.659;12.8642;0.996261;0.567224;0.00936315;-19.9009
110.485;12.8642;0.884863;0.553489;0.00788215;-18.8356
119.31;12.8642;0.80867;0.535473;0.00717609;-17.7778
128.135;12.8642;0.788571;0.514147;0.00917905;-16.7491
136.961;12.8642;0.788863;0.491216;0.00965669;-15.722
145.786;12.8642;0.789086;0.465922;0.00734001;-14.6731
154.612;12.8642;0.789267;0.439122;0.00491087;-13.6039
163.437;12.8642;0.827617;0.411261;0.00579144;-12.5452
172.263;12.8642;0.851269;0.381954;0.0061826;-11.4515
181.088;12.8642;0.802593;0.346756;0.00799087;-10.2556
189.914;12.8642;0.764352;0.308301;0.010095;-9.06153
198.739;12.8642;0.894679;0.265105;0.0137483;-8.02256
207.565;12.8642;1.11131;0.221412;0.016336;-7.0562
216.39;12.8642;1.26532;0.176856;0.0173595;-6.00312
225.215;12.8642;1.31563;0.127455;0.0182267;-4.82024
234.041;12.8642;1.25629;0.0776609;0.0187296;-3.52736
242.866;12.8642;1.02454;0.0357392;0.0235377;-2.13588
-233.708;4.0387;0.970567;0.0709182;0.0140521;-1.42316
-224.883;4.0387;1.05611;0.0608093;0.0110435;-2.54534
-216.057;4.0387;1.03173;0.0344879;0.0092331;-3.67108
-207.232;4.0387;0.905772;0.000321721;0.0113756;-4.73957
-198.406;4.0387;0.834545;-0.0329574;0.0123867;-5.8247
-189.581;4.0387;0.852567;-0.0577001;0.0074489;-6.947
-180.755;4.0387;0.923193;-0.0835899;0.00412218;-8.11522
-171.93;4.0387;0.879887;-0.108768;-0.00176066;-9.21173
-163.105;4.0387;0.778041;-0.130282;-0.0125048;-10.2873
-154.279;4.0387;0.750704;-0.143766;-0.0291167;-11.3721
-145.454;4.0387;0.815251;-0.154652;-0.0447649;-12.4603
-136.628;4.0387;0.828954;-0.169301;-0.0528056;-13.537
-127.803;4.0387;0.817705;-0.184194;-0.0558392;-14.5898
-118.977;4.0387;0.808385;-0.198482;-0.0530021;-15.6213
-110.152;4.0387;0.791061;-0.216537;-0.049022;-16.6572
-101.326;4.0387;0.755854;-0.229296;-0.0445372;-17.6556
-92.5009;4.0387;0.710604;-0.230165;-0.0389648;-18.5952
-83.6754;4.0387;0.681998;-0.224929;-0.031443;-19.4968
-74.85;4.0387;0.695752;-0.226907;-0.0222745;-20.4208
-66.0245;4.0387;0.714417;-0.226597;-0.015426;-21.3246
-57.1991;4.0387;0.725944;-0.215684;-0.00713839;-22.1866
-48.3736;4.0387;0.765626;-0.19632;0.00801032;-23.0227
-39.5482;4.0387;0.876335;-0.1698;0.034436;-23.8662
-30.7227;4.0387;1.07701;-0.139666;0.0675495;-24.6962
-21.8972;4.0387;1.33105;-0.109138;0.0991273;-25.5004
-13.0718;4.0387;1.42379;-0.068842;0.122479;-26.0552
-4.24634;4.0387;0.79131;-0.0022786;0.137839;-26.036
4.57912;4.0387;0.165894;0.0814498;0.114186;-25.6027
13.4046;4.0387;0.0502786;0.205495;0.0433439;-25.4328
22.23;4.0387;0.431554;0.335826;-0.0343696;-25.5672
31.0555;4.0387;0.675147;0.450195;-0.083735;-25.551
39.8809;4.0387;0.545811;0.5142;-0.110246;-25.0644
48.7064;4.0387;0.520612;0.544739;-0.116955;-24.4859
57.5318;4.0387;0.733694;0.575712;-0.102012;-24.0655
66.3573;4.0387;1.08008;0.598138;-0.073874;-23.6641
75.1828;4.0387;1.27114;0.603523;-0.0474433;-23.0608
84.0082;4.0387;1.11627;0.604382;-0.0330115;-22.0947
92.8337;4.0387;0.875649;0.594667;-0.025855;-20.9614
101.659;4.0387;0.648453;0.586242;-0.0213024;-19.822
110.485;4.0387;0.507238;0.573374;-0.0191656;-18.7266
119.31;4.0387;0.500926;0.552891;-0.0159177;-17.7101
128.135;4.0387;0.584916;0.531659;-0.0126685;-16.7588
136.961;4.0387;0.655455;0.512226;-0.0118839;-15.7883
145.786;4.0387;0.700732;0.487052;-0.0116742;-14.7652
154.612;4.0387;0.735282;0.456273;-0.00996637;-13.7046
163.437;4.0387;0.789184;0.426838;-0.00587971;-12.6509
172.263;4.0387;0.821612;0.395954;-0.00198968;-11.551
181.088;4.0387;0.777993;0.359383;0.00310859;-10.345
189.914;4.0387;0.736501;0.319727;0.00832212;-9.13451
198.739;4.0387;0.823765;0.277583;0.0132932;-8.04942
207.565;4.0387;1.06119;0.232805;0.0158218;-7.08983
216.39;4.0387;1.23013;0.186365;0.0155202;-6.04441
225.215;4.0387;1.27151;0.13802;0.0162592;-4.86084
234.041;4.0387;1.18081;0.090676;0.0205587;-3.54128
242.866;4.0387;1.01931;0.0455454;0.0273387;-2.15219
251.692;4.0387;0.994675;0.0328016;0.030863;-0.783964
-233.708;-4.78675;0.917463;0.0770402;0.0141294;-1.43277
-224.883;-4.78675;0.994445;0.0624673;0.0124405;-2.56898
-216.057;-4.78675;0.947679;0.0326331;0.0113621;-3.67809
-207.232;-4.78675;0.796723;-0.00583839;0.0129921;-4.73559
-198.406;-4.78675;0.716482;-0.0405152;0.0119397;-5.8111
-189.581;-4.78675;0.745535;-0.0645491;0.00654475;-6.9412
-180.755;-4.78675;0.872422;-0.0872644;0.00504074;-8.13679
-171.93;-4.78675;0.889449;-0.106135;-0.00149173;-9.26842
-163.105;-4.78675;0.831692;-0.118529;-0.0162071;-10.3616
-154.279;-4.78675;0.817966;-0.125432;-0.0370214;-11.4649
-145.454;-4.78675;0.863743;-0.135072;-0.053288;-12.5612
-136.628;-4.78675;0.845111;-0.156526;-0.0615743;-13.6525
-127.803;-4.78675;0.806519;-0.175351;-0.0642597;-14.7036
-118.977;-4.78675;0.802731;-0.19156;-0.0613844;-15.7325
-110.152;-4.78675;0.78717;-0.208823;-0.0597687;-16.7731
-101.326;-4.78675;0.743456;-0.220498;-0.0602293;-17.7735
-92.5009;-4.78675;0.683742;-0.222731;-0.0601712;-18.7162
-83.6754;-4.78675;0.637338;-0.220209;-0.0558144;-19.6253
-74.85;-4.78675;0.641553;-0.22174;-0.0476439;-20.5617
-66.0245;-4.78675;0.664505;-0.221028;-0.0423645;-21.4799
-57.1991;-4.78675;0.680742;-0.211812;-0.0381426;-22.3624
-48.3736;-4.78675;0.720361;-0.194678;-0.0270889;-23.2187
-39.5482;-4.78675;0.81216;-0.169213;-0.00572383;-24.0532
-30.7227;-4.78675;0.966209;-0.137212;0.0210922;-24.8567
-21.8972;-4.78675;1.14349;-0.103534;0.045368;-25.5989
-13.0718;-4.78675;1.04402;-0.0516892;0.0645418;-26.0005
-4.24634;-4.78675;0.161212;0.0235699;0.0770484;-25.7013
4.57912;-4.78675;-0.358994;0.114681;0.0412616;-25.3095
13.4046;-4.78675;-0.107541;0.245041;-0.0305952;-25.4857
22.23;-4.78675;0.522532;0.358903;-0.0970661;-25.8282
31.0555;-4.78675;0.672897;0.45704;-0.131178;-25.7478
39.8809;-4.78675;0.508165;0.509534;-0.154248;-25.1432
48.7064;-4.78675;0.504454;0.545169;-0.161852;-24.5891
57.5318;-4.78675;0.692116;0.577732;-0.149702;-24.1438
66.3573;-4.78675;0.938002;0.601193;-0.123576;-23.6628
75.1828;-4.78675;1.04858;0.607042;-0.0960175;-22.9798
84.0082;-4.78675;0.839811;0.607236;-0.0787703;-21.9394
92.8337;-4.78675;0.531381;0.596827;-0.0704846;-20.7254
101.659;-4.78675;0.27336;0.587768;-0.0636214;-19.5555
110.485;-4.78675;0.185482;0.576886;-0.056634;-18.525
119.31;-4.78675;0.334187;0.560845;-0.049231;-17.6664
128.135;-4.78675;0.560192;0.542654;-0.0440212;-16.8419
136.961;-4.78675;0.6778;0.525122;-0.041628;-15.9009
145.786;-4.78675;0.743401;0.500643;-0.0376549;-14.8846
154.612;-4.78675;0.804416;0.46915;-0.0312829;-13.8399
163.437;-4.78675;0.873434;0.439149;-0.0243693;-12.7996
172.263;-4.78675;0.901538;0.407535;-0.0170482;-11.6923
181.088;-4.78675;0.842186;0.370661;-0.00701713;-10.4711
189.914;-4.78675;0.769188;0.329444;0.00357796;-9.22462
198.739;-4.78675;0.787309;0.286693;0.0111999;-8.06468
207.565;-4.78675;0.976932;0.240399;0.0134201;-7.04449
216.39;-4.78675;1.13749;0.189992;0.013964;-5.97547
225.215;-4.78675;1.1876;0.139522;0.0168689;-4.79053
234.041;-4.78675;1.10546;0.0930957;0.0242496;-3.48481
242.866;-4.78675;0.957532;0.0503965;0.0311971;-2.14343
251.692;-4.78675;0.939029;0.0345252;0.0329466;-0.810616
-233.708;-13.6122;0.91999;0.0832675;0.0206341;-1.42162
-224.883;-13.6122;0.971939;0.0683291;0.0203413;-2.58113
-216.057;-13.6122;0.930641;0.0383922;0.0206681;-3.68857
-207.232;-13.6122;0.846861;-0.00114859;0.0198015;-4.77323
-198.406;-13.6122;0.79765;-0.0385538;0.0156806;-5.87443
-189.581;-13.6122;0.820681;-0.0633547;0.00843585;-7.00882
-180.755;-13.6122;0.91906;-0.0814683;0.00365647;-8.18499
-171.93;-13.6122;0.914213;-0.0924813;-0.00826491;-9.31001
-163.105;-13.6122;0.853727;-0.0958707;-0.0281486;-10.3899
-154.279;-13.6122;0.837878;-0.10009;-0.0495088;-11.4956
-145.454;-13.6122;0.867219;-0.114925;-0.061678;-12.6047
-136.628;-13.6122;0.836473;-0.144368;-0.0662082;-13.7098
-127.803;-13.6122;0.798462;-0.165412;-0.0694724;-14.756
-118.977;-13.6122;0.792631;-0.180089;-0.0706658;-15.782
-110.152;-13.6122;0.765927;-0.193638;-0.0741204;-16.7992
-101.326;-13.6122;0.714797;-0.203155;-0.0788868;-17.7848
-92.5009;-13.6122;0.661092;-0.206426;-0.0826594;-18.7337
-83.6754;-13.6122;0.625794;-0.205397;-0.0829615;-19.6702
-74.85;-13.6122;0.616338;-0.204831;-0.080726;-20.6049
-66.0245;-13.6122;0.624545;-0.201309;-0.0793988;-21.5112
-57.1991;-13.6122;0.62297;-0.196611;-0.0765256;-22.4011
-48.3736;-13.6122;0.663582;-0.184848;-0.0673542;-23.2731
-39.5482;-13.6122;0.755989;-0.160087;-0.054065;-24.1082
-30.7227;-13.6122;0.874823;-0.124782;-0.0401279;-24.8634
-21.8972;-13.6122;0.959652;-0.0866069;-0.0273766;-25.4995
-13.0718;-13.6122;0.723583;-0.0261703;-0.0143673;-25.8137
-4.24634;-13.6122;0.0637401;0.0585728;-0.00712894;-25.5629
4.57912;-13.6122;-0.0101293;0.162421;-0.0466806;-25.5287
13.4046;-13.6122;0.485767;0.287941;-0.114386;-25.9403
22.23;-13.6122;0.927745;0.391884;-0.165051;-26.2294
31.0555;-13.6122;0.845962;0.460749;-0.176393;-25.9192
39.8809;-13.6122;0.67888;0.499487;-0.189359;-25.2573
48.7064;-13.6122;0.649537;0.534615;-0.195118;-24.6877
57.5318;-13.6122;0.717417;0.564469;-0.184864;-24.1347
66.3573;-13.6122;0.799686;0.585621;-0.162866;-23.5108
75.1828;-13.6122;0.803043;0.59251;-0.139404;-22.7249
84.0082;-13.6122;0.57172;0.597292;-0.123003;-21.6581
92.8337;-13.6122;0.2536;0.594822;-0.111932;-20.4528
101.659;-13.6122;0.0667635;0.588634;-0.100095;-19.3639
110.485;-13.6122;0.137427;0.578664;-0.0890055;-18.4922
119.31;-13.6122;0.465554;0.56466;-0.0804157;-17.8036
128.135;-13.6122;0.794479;0.548526;-0.0759866;-17.0673
136.961;-13.6122;0.846945;0.533916;-0.069499;-16.0686
145.786;-13.6122;0.868224;0.508603;-0.0598011;-15.0044
154.612;-13.6122;0.955675;0.477179;-0.0508667;-13.9788
163.437;-13.6122;1.05441;0.445296;-0.0424207;-12.9605
172.263;-13.6122;1.05852;0.41182;-0.0323954;-11.8334
181.088;-13.6122;0.954052;0.374826;-0.018927;-10.5775
189.914;-13.6122;0.829417;0.334278;-0.00541219;-9.28479
198.739;-13.6122;0.789595;0.291153;0.00370878;-8.05884
207.565;-13.6122;0.942183;0.241377;0.00678892;-6.98639
216.39;-13.6122;1.11105;0.185771;0.0109824;-5.90277
225.215;-13.6122;1.18122;0.13222;0.0185943;-4.72914
234.041;-13.6122;1.13797;0.0888332;0.0275116;-3.46027
242.866;-13.6122;1.06152;0.0504588;0.0344608;-2.14823
-233.708;-22.4377;0.934667;0.0856615;0.0279691;-1.40371
-224.883;-22.4377;0.984004;0.0846696;0.0262248;-2.52118
-216.057;-22.4377;0.938589;0.0561412;0.0262889;-3.63851
-207.232;-22.4377;0.906584;0.0164832;0.023979;-4.76283
-198.406;-22.4377;0.920347;-0.022687;0.0179804;-5.89886
-189.581;-22.4377;0.944129;-0.0495209;0.0104506;-7.04515
-180.755;-22.4377;0.980746;-0.0660581;0.000867843;-8.17884
-171.93;-22.4377;0.900072;-0.0731529;-0.0187687;-9.26606
-163.105;-22.4377;0.80875;-0.0747299;-0.043357;-10.319
-154.279;-22.4377;0.797561;-0.0821522;-0.061167;-11.4273
-145.454;-22.4377;0.834823;-0.100213;-0.0698322;-12.5459
-136.628;-22.4377;0.830083;-0.130187;-0.0750525;-13.6647
-127.803;-22.4377;0.807489;-0.151965;-0.0816145;-14.7298
-118.977;-22.4377;0.792222;-0.164204;-0.087318;-15.7619
-110.152;-22.4377;0.739512;-0.174454;-0.094935;-16.752
-101.326;-22.4377;0.675577;-0.18361;-0.103051;-17.7158
-92.5009;-22.4377;0.636694;-0.189654;-0.109731;-18.6692
-83.6754;-22.4377;0.629255;-0.190677;-0.115042;-19.6312
-74.85;-22.4377;0.618903;-0.18795;-0.119587;-20.5521
-66.0245;-22.4377;0.601886;-0.181034;-0.123632;-21.4251
-57.1991;-22.4377;0.571527;-0.17769;-0.12181;-22.2888
-48.3736;-22.4377;0.605861;-0.168101;-0.114343;-23.1563
-39.5482;-22.4377;0.717249;-0.142838;-0.109083;-23.9879
-30.7227;-22.4377;0.84868;-0.102931;-0.109124;-24.7151
-21.8972;-22.4377;0.898937;-0.0546519;-0.111052;-25.3037
-13.0718;-22.4377;0.698448;0.0118479;-0.11155;-25.6556
-4.24634;-22.4377;0.41487;0.0915282;-0.111865;-25.6349
4.57912;-22.4377;0.586892;0.196003;-0.149288;-25.8594
13.4046;-22.4377;0.951951;0.297354;-0.191809;-26.1311
22.23;-22.4377;1.0605;0.378119;-0.208994;-26.1314
31.0555;-22.4377;0.842742;0.438684;-0.204203;-25.6794
39.8809;-22.4377;0.713007;0.481459;-0.214636;-25.0941
48.7064;-22.4377;0.690433;0.517513;-0.220058;-24.5378
57.5318;-22.4377;0.681764;0.5464;-0.211671;-23.9153
66.3573;-22.4377;0.654514;0.564975;-0.193768;-23.1969
75.1828;-22.4377;0.607295;0.570802;-0.174922;-22.3766
84.0082;-22.4377;0.456377;0.578172;-0.159941;-21.3934
92.8337;-22.4377;0.244522;0.58346;-0.145169;-20.3146
101.659;-22.4377;0.19858;0.580667;-0.127647;-19.3754
110.485;-22.4377;0.425991;0.57168;-0.113709;-18.6436
119.31;-22.4377;0.853755;0.557862;-0.10737;-18.0137
128.135;-22.4377;1.06488;0.544981;-0.103051;-17.2037
136.961;-22.4377;0.951607;0.530094;-0.0912855;-16.07
145.786;-22.4377;0.902311;0.505224;-0.075599;-14.9509
154.612;-22.4377;1.0172;0.477114;-0.0630285;-13.9583
163.437;-22.4377;1.18887;0.443904;-0.0525154;-12.9936
172.263;-22.4377;1.21673;0.408691;-0.0421785;-11.8882
181.088;-22.4377;1.12379;0.370182;-0.0275816;-10.6433
189.914;-22.4377;1.0137;0.32787;-0.0125347;-9.36099
198.739;-22.4377;0.979471;0.2825;-0.00155687;-8.13254
207.565;-22.4377;1.08391;0.230903;0.00439634;-7.01041
216.39;-22.4377;1.21551;0.171714;0.0124203;-5.87583
225.215;-22.4377;1.28015;0.118276;0.0232234;-4.68462
234.041;-22.4377;1.23663;0.0774177;0.0326031;-3.43594
242.866;-22.4377;1.16117;0.051258;0.0398464;-2.17452
-233.708;-31.2631;0.976225;0.0988821;0.0357895;-1.34789
-224.883;-31.2631;0.935487;0.0873483;0.0318082;-2.43274
-216.057;-31.2631;0.883166;0.0683288;0.0295851;-3.52584
-207.232;-31.2631;0.870527;0.0285681;0.0267474;-4.67538
-198.406;-31.2631;0.933636;-0.00784248;0.0207834;-5.83205
-189.581;-31.2631;0.965484;-0.0330875;0.0113959;-6.96995
-180.755;-31.2631;0.969713;-0.0466958;-0.00299712;-8.07544
-171.93;-31.2631;0.866385;-0.0513537;-0.0285593;-9.15001
-163.105;-31.2631;0.775988;-0.056614;-0.054684;-10.213
-154.279;-31.2631;0.772905;-0.0699954;-0.0692;-11.3255
-145.454;-31.2631;0.818168;-0.0892366;-0.0779047;-12.4385
-136.628;-31.2631;0.838813;-0.115078;-0.0883495;-13.5547
-127.803;-31.2631;0.838141;-0.136684;-0.100333;-14.649
-118.977;-31.2631;0.811703;-0.148109;-0.108834;-15.6771
-110.152;-31.2631;0.734414;-0.158115;-0.118208;-16.6464
-101.326;-31.2631;0.653594;-0.1689;-0.129267;-17.5881
-92.5009;-31.2631;0.618838;-0.178147;-0.13955;-18.5348
-83.6754;-31.2631;0.630641;-0.181692;-0.149631;-19.4926
-74.85;-31.2631;0.63091;-0.17832;-0.158827;-20.3967
-66.0245;-31.2631;0.591787;-0.170784;-0.165852;-21.2192
-57.1991;-31.2631;0.550376;-0.159759;-0.165994;-22.0905
-48.3736;-31.2631;0.582774;-0.104751;-0.157919;-23.5682
-39.5482;-31.2631;0.701108;-0.0960799;-0.161461;-24.0307
-30.7227;-31.2631;0.832821;-0.0778938;-0.171536;-24.3661
-21.8972;-31.2631;0.862272;-0.0172834;-0.180943;-24.9341
-13.0718;-31.2631;0.793594;0.0452862;-0.190507;-25.3091
-4.24634;-31.2631;0.695952;0.117552;-0.200816;-25.4827
4.57912;-31.2631;0.756414;0.200891;-0.219419;-25.6752
13.4046;-31.2631;0.893639;0.281505;-0.234128;-25.7671
22.23;-31.2631;0.926418;0.352222;-0.237989;-25.641
31.0555;-31.2631;0.764656;0.408421;-0.233612;-25.2397
39.8809;-31.2631;0.698891;0.449737;-0.239012;-24.7489
48.7064;-31.2631;0.683316;0.489372;-0.240925;-24.2133
57.5318;-31.2631;0.644743;0.522599;-0.232999;-23.5709
66.3573;-31.2631;0.584812;0.542211;-0.217536;-22.8237
75.1828;-31.2631;0.534326;0.548449;-0.199989;-22.0101
84.0082;-31.2631;0.472089;0.557503;-0.183604;-21.1402
92.8337;-31.2631;0.388996;0.567173;-0.165058;-20.2168
101.659;-31.2631;0.461422;0.566676;-0.145115;-19.4067
110.485;-31.2631;0.710067;0.560063;-0.131289;-18.7112
119.31;-31.2631;1.01956;0.549045;-0.126627;-17.998
128.135;-31.2631;1.10897;0.535377;-0.122192;-17.0675
136.961;-31.2631;0.917069;0.517567;-0.105965;-15.8535
145.786;-31.2631;0.856762;0.493;-0.0867226;-14.7218
154.612;-31.2631;0.990883;0.470855;-0.0722299;-13.7571
163.437;-31.2631;1.18993;0.442682;-0.0597464;-12.8247
172.263;-31.2631;1.26699;0.407348;-0.047591;-11.7693
181.088;-31.2631;1.22426;0.364892;-0.0334968;-10.5699
189.914;-31.2631;1.15959;0.317219;-0.0196654;-9.32344
198.739;-31.2631;1.1402;0.268694;-0.00690386;-8.10626
207.565;-31.2631;1.18078;0.217106;0.00268305;-6.9328
216.39;-31.2631;1.26145;0.158104;0.0131432;-5.75408
225.215;-31.2631;1.32227;0.104837;0.0241926;-4.54999
234.041;-31.2631;1.29562;0.0642238;0.0338418;-3.28017
242.866;-31.2631;1.23039;0.0447683;0.0405673;-2.05248
-224.883;-40.0886;0.878485;0.106519;0.0354392;-2.25237
-216.057;-40.0886;0.776793;0.0800282;0.0306845;-3.33915
-207.232;-40.0886;0.81234;0.0458348;0.0279884;-4.49016
-198.406;-40.0886;0.887623;0.0108021;0.0236928;-5.67154
-189.581;-40.0886;0.894275;-0.0117821;0.0103332;-6.79771
-180.755;-40.0886;0.878861;-0.02004;-0.0112289;-7.89176
-171.93;-40.0886;0.837144;-0.0220533;-0.0408814;-8.97113
-163.105;-40.0886;0.799244;-0.0331184;-0.0653023;-10.0669
-154.279;-40.0886;0.793392;-0.0538115;-0.0782191;-11.17
-145.454;-40.0886;0.814337;-0.0777235;-0.088955;-12.2631
-136.628;-40.0886;0.834103;-0.102579;-0.103401;-13.3587
-127.803;-40.0886;0.862177;-0.122874;-0.117134;-14.4654
-118.977;-40.0886;0.843026;-0.135247;-0.126234;-15.505
-110.152;-40.0886;0.764544;-0.148418;-0.136343;-16.4742
-101.326;-40.0886;0.674211;-0.161003;-0.149857;-17.393
-92.5009;-40.0886;0.629524;-0.169862;-0.164364;-18.3138
-83.6754;-40.0886;0.638165;-0.172376;-0.179658;-19.2464
-74.85;-40.0886;0.635258;-0.169065;-0.192068;-20.1315
-66.0245;-40.0886;0.589351;-0.158994;-0.199871;-20.9443
-30.7227;-40.0886;0.777794;-0.0518668;-0.21874;-23.9334
-21.8972;-40.0886;0.745955;0.00798457;-0.227665;-24.4377
-13.0718;-40.0886;0.735334;0.0666332;-0.236364;-24.8108
-4.24634;-40.0886;0.720812;0.132287;-0.247491;-25.0679
4.57912;-40.0886;0.731063;0.201805;-0.256963;-25.1865
13.4046;-40.0886;0.746188;0.268919;-0.258694;-25.1624
22.23;-40.0886;0.729607;0.329275;-0.254239;-24.9839
31.0555;-40.0886;0.660023;0.381481;-0.253223;-24.6463
39.8809;-40.0886;0.60733;0.424767;-0.257476;-24.2006
48.7064;-40.0886;0.571975;0.467003;-0.255656;-23.6755
57.5318;-40.0886;0.527565;0.501595;-0.245761;-23.0474
66.3573;-40.0886;0.483725;0.522005;-0.231562;-22.3331
75.1828;-40.0886;0.458638;0.53029;-0.216751;-21.5706
84.0082;-40.0886;0.443012;0.54147;-0.199461;-20.7804
92.8337;-40.0886;0.437177;0.549986;-0.17907;-19.9544
101.659;-40.0886;0.527062;0.551358;-0.159728;-19.1802
110.485;-40.0886;0.688307;0.546288;-0.147046;-18.4211
119.31;-40.0886;0.838679;0.535223;-0.141671;-17.5877
128.135;-40.0886;0.865206;0.519038;-0.13573;-16.5906
136.961;-40.0886;0.756769;0.498139;-0.117987;-15.4369
145.786;-40.0886;0.755945;0.473964;-0.0979763;-14.3492
154.612;-40.0886;0.881961;0.45428;-0.0819468;-13.3779
163.437;-40.0886;1.04644;0.428716;-0.0675077;-12.4241
172.263;-40.0886;1.14595;0.393358;-0.0553234;-11.398
181.088;-40.0886;1.15042;0.350194;-0.0434662;-10.2524
189.914;-40.0886;1.12767;0.302106;-0.0314132;-9.05391
198.739;-40.0886;1.11418;0.256271;-0.0179146;-7.85914
207.565;-40.0886;1.10563;0.206405;-0.00566615;-6.65696
216.39;-40.0886;1.15201;0.152137;0.00486935;-5.47002
225.215;-40.0886;1.21308;0.103001;0.0151196;-4.28574
234.041;-40.0886;1.24488;0.0653436;0.0241169;-3.05625
242.866;-40.0886;1.24717;0.04085;0.0329979;-1.81469
-224.883;-48.914;0.865922;0.130155;0.0362762;-2.06215
-216.057;-48.914;0.72898;0.0940202;0.0295051;-3.15286
-207.232;-48.914;0.812433;0.0660716;0.0280021;-4.29416
-198.406;-48.914;0.880734;0.0357963;0.0245036;-5.4779
-189.581;-48.914;0.833176;0.0203835;0.00596596;-6.58193
-180.755;-48.914;0.791135;0.0191095;-0.0243329;-7.6601
-171.93;-48.914;0.824701;0.0156371;-0.0556105;-8.74452
-163.105;-48.914;0.841976;-0.00281719;-0.0763307;-9.86442
-154.279;-48.914;0.809374;-0.0316404;-0.0887297;-10.9395
-145.454;-48.914;0.767408;-0.0657107;-0.101408;-12.0064
-136.628;-48.914;0.770203;-0.095835;-0.116831;-13.083
-127.803;-48.914;0.826843;-0.1129;-0.127434;-14.1934
-118.977;-48.914;0.856381;-0.12201;-0.1361;-15.2327
-110.152;-48.914;0.794969;-0.136836;-0.14854;-16.2135
-101.326;-48.914;0.715187;-0.149067;-0.163375;-17.1264
-92.5009;-48.914;0.675647;-0.154681;-0.179945;-18.0184
-83.6754;-48.914;0.674414;-0.154154;-0.199463;-18.9194
-74.85;-48.914;0.658513;-0.151348;-0.214144;-19.7541
-66.0245;-48.914;0.61066;-0.140985;-0.223501;-20.5671
-57.1991;-48.914;0.586636;-0.129755;-0.2254;-21.3527
-30.7227;-48.914;0.659317;-0.0334673;-0.253498;-23.3744
-21.8972;-48.914;0.60846;0.0233031;-0.258602;-23.8312
-13.0718;-48.914;0.635532;0.0782901;-0.261219;-24.2045
-4.24634;-48.914;0.670246;0.136838;-0.26578;-24.4564
4.57912;-48.914;0.666519;0.198828;-0.272669;-24.5427
13.4046;-48.914;0.628165;0.257041;-0.272839;-24.4707
22.23;-48.914;0.577527;0.309249;-0.266391;-24.263
31.0555;-48.914;0.530984;0.359296;-0.266603;-23.9466
39.8809;-48.914;0.466423;0.404311;-0.271214;-23.5037
48.7064;-48.914;0.407715;0.445316;-0.272447;-22.9796
57.5318;-48.914;0.373099;0.478324;-0.266152;-22.3868
66.3573;-48.914;0.344315;0.501341;-0.254504;-21.7203
75.1828;-48.914;0.307852;0.51449;-0.241871;-20.9777
84.0082;-48.914;0.271367;0.529709;-0.227909;-20.2047
92.8337;-48.914;0.286973;0.534051;-0.207533;-19.4155
101.659;-48.914;0.340222;0.530895;-0.187217;-18.6089
110.485;-48.914;0.408089;0.523012;-0.172538;-17.7669
119.31;-48.914;0.471912;0.511235;-0.16307;-16.8715
128.135;-48.914;0.525427;0.495326;-0.152493;-15.9169
136.961;-48.914;0.58322;0.475127;-0.134517;-14.9226
145.786;-48.914;0.663903;0.453271;-0.113107;-13.9166
154.612;-48.914;0.762039;0.432686;-0.0928626;-12.9247
163.437;-48.914;0.858186;0.40665;-0.074769;-11.9241
172.263;-48.914;0.927673;0.372665;-0.0621487;-10.8874
181.088;-48.914;0.938949;0.333456;-0.0517622;-9.76551
189.914;-48.914;0.926545;0.289629;-0.0414935;-8.59296
198.739;-48.914;0.914814;0.246231;-0.0286461;-7.41444
207.565;-48.914;0.91584;0.196507;-0.0157371;-6.23287
216.39;-48.914;0.96787;0.145901;-0.00523389;-5.06997
225.215;-48.914;1.02862;0.105724;0.00177522;-3.92867
234.041;-48.914;1.06273;0.0647573;0.00786578;-2.72317
242.866;-48.914;1.04904;0.0271049;0.0196624;-1.47531
-224.883;-57.7395;0.947195;0.15129;0.0365427;-1.92788
-216.057;-57.7395;0.801921;0.109537;0.0290038;-2.99575
-207.232;-57.7395;0.859252;0.0816747;0.030361;-4.10149
-198.406;-57.7395;0.91912;0.0629452;0.0250453;-5.25346
-189.581;-57.7395;0.851179;0.0593798;-0.00126613;-6.35365
-180.755;-57.7395;0.810646;0.0615668;-0.0360373;-7.42258
-171.93;-57.7395;0.836867;0.0467243;-0.0641685;-8.50519
-163.105;-57.7395;0.841083;0.0207006;-0.0809476;-9.60644
-154.279;-57.7395;0.784737;-0.00925397;-0.0931825;-10.6343
-145.454;-57.7395;0.706254;-0.0448472;-0.107513;-11.661
-136.628;-57.7395;0.685104;-0.0764976;-0.123307;-12.714
-127.803;-57.7395;0.778949;-0.0931054;-0.131215;-13.816
-118.977;-57.7395;0.82595;-0.101901;-0.140745;-14.8481
-110.152;-57.7395;0.772569;-0.118316;-0.157863;-15.832
-101.326;-57.7395;0.709397;-0.129893;-0.17539;-16.7375
-92.5009;-57.7395;0.672548;-0.134092;-0.189942;-17.6091
-83.6754;-57.7395;0.653724;-0.133465;-0.206429;-18.4771
-74.85;-57.7395;0.632789;-0.131464;-0.225817;-19.2813
-30.7227;-57.7395;0.603584;-0.0222767;-0.286298;-22.686
-21.8972;-57.7395;0.548689;0.0304895;-0.290723;-23.1311
-13.0718;-57.7395;0.555777;0.083351;-0.291245;-23.4905
-4.24634;-57.7395;0.584587;0.139138;-0.293386;-23.72
4.57912;-57.7395;0.576389;0.194608;-0.297803;-23.7871
13.4046;-57.7395;0.524496;0.244952;-0.297545;-23.7035
22.23;-57.7395;0.460668;0.291604;-0.2909;-23.4962
31.0555;-57.7395;0.413791;0.339106;-0.289355;-23.1842
39.8809;-57.7395;0.354375;0.384889;-0.294939;-22.7498
48.7064;-57.7395;0.302228;0.423237;-0.300528;-22.255
57.5318;-57.7395;0.283121;0.45412;-0.300371;-21.7065
66.3573;-57.7395;0.249495;0.479738;-0.292795;-21.0652
75.1828;-57.7395;0.17243;0.497228;-0.280981;-20.3027
84.0082;-57.7395;0.0866139;0.51577;-0.269637;-19.5153
92.8337;-57.7395;0.0942326;0.518747;-0.251511;-18.7456
101.659;-57.7395;0.122364;0.512359;-0.231336;-17.929
110.485;-57.7395;0.166296;0.501559;-0.213999;-17.0664
119.31;-57.7395;0.249459;0.489533;-0.199474;-16.1945
128.135;-57.7395;0.410716;0.473843;-0.182217;-15.3547
136.961;-57.7395;0.575063;0.455145;-0.159751;-14.485
145.786;-57.7395;0.696298;0.43598;-0.13231;-13.5516
154.612;-57.7395;0.780799;0.412049;-0.105956;-12.5637
163.437;-57.7395;0.846374;0.382366;-0.0837802;-11.5455
172.263;-57.7395;0.913719;0.347561;-0.0681231;-10.5081
181.088;-57.7395;0.944669;0.31034;-0.0554251;-9.40621
189.914;-57.7395;0.950389;0.269428;-0.0439819;-8.26196
198.739;-57.7395;0.956095;0.228324;-0.0299672;-7.11545
207.565;-57.7395;0.990324;0.180401;-0.0166824;-5.97202
216.39;-57.7395;1.04892;0.13414;-0.00609049;-4.83366
225.215;-57.7395;1.0638;0.0945161;0.000815781;-3.67324
234.041;-57.7395;1.0427;0.0506832;0.00635093;-2.4219
242.866;-57.7395;1.01107;-0.000146553;0.0185909;-1.13312
-216.057;-66.5649;0.901035;0.123491;0.0347503;-2.80463
-207.232;-66.5649;0.893053;0.0953845;0.0333711;-3.86829
-198.406;-66.5649;0.910619;0.0857381;0.020676;-4.96717
-189.581;-66.5649;0.87609;0.0973431;-0.00941201;-6.02364
-180.755;-66.5649;0.833207;0.0906954;-0.040812;-7.09787
-171.93;-66.5649;0.825691;0.0660721;-0.0633064;-8.18286
-163.105;-66.5649;0.825733;0.0361226;-0.0762905;-9.27441
-154.279;-66.5649;0.788037;0.00883931;-0.0886892;-10.2995
-145.454;-66.5649;0.714623;-0.0199742;-0.105251;-11.3031
-136.628;-66.5649;0.661305;-0.0488721;-0.122359;-12.3147
-127.803;-66.5649;0.679361;-0.069968;-0.132948;-13.3738
-118.977;-66.5649;0.700673;-0.079639;-0.147198;-14.3741
-110.152;-66.5649;0.670074;-0.0966072;-0.170145;-15.3401
-101.326;-66.5649;0.631413;-0.109082;-0.190918;-16.2356
-92.5009;-66.5649;0.597172;-0.114953;-0.205683;-17.1002
-83.6754;-66.5649;0.567575;-0.115849;-0.221902;-17.9414
-74.85;-66.5649;0.548674;-0.113249;-0.245601;-18.7241
-30.7227;-66.5649;0.596271;-0.00609406;-0.331233;-21.9533
-21.8972;-66.5649;0.566362;0.0407532;-0.340611;-22.3937
-13.0718;-66.5649;0.530771;0.0889148;-0.346506;-22.7063
-4.24634;-66.5649;0.52114;0.141493;-0.349145;-22.9007
4.57912;-66.5649;0.51681;0.191048;-0.350219;-22.9569
13.4046;-66.5649;0.482112;0.234231;-0.346788;-22.8847
22.23;-66.5649;0.432345;0.276214;-0.3382;-22.7106
31.0555;-66.5649;0.398952;0.320126;-0.331583;-22.4312
39.8809;-66.5649;0.373328;0.363797;-0.3319;-22.042
48.7064;-66.5649;0.362578;0.397866;-0.33455;-21.6053
57.5318;-66.5649;0.366927;0.427915;-0.338234;-21.1069
66.3573;-66.5649;0.34401;0.457986;-0.335606;-20.5099
75.1828;-66.5649;0.278969;0.481424;-0.321578;-19.7931
84.0082;-66.5649;0.210789;0.496759;-0.304806;-19.0386
92.8337;-66.5649;0.2275;0.500276;-0.286979;-18.3178
101.659;-66.5649;0.280477;0.495195;-0.267011;-17.5533
110.485;-66.5649;0.371809;0.482434;-0.247022;-16.7321
119.31;-66.5649;0.516321;0.466115;-0.228353;-15.8985
128.135;-66.5649;0.726607;0.450421;-0.207135;-15.1148
136.961;-66.5649;0.960386;0.430938;-0.182946;-14.3225
145.786;-66.5649;1.07664;0.412538;-0.151397;-13.416
154.612;-66.5649;1.10651;0.387455;-0.120663;-12.4022
163.437;-66.5649;1.10497;0.356895;-0.0943236;-11.3358
172.263;-66.5649;1.12433;0.322111;-0.0733489;-10.2596
181.088;-66.5649;1.12225;0.285519;-0.0548584;-9.1383
189.914;-66.5649;1.10562;0.246238;-0.0402597;-7.9901
198.739;-66.5649;1.09572;0.20843;-0.0263749;-6.84933
207.565;-66.5649;1.11382;0.163442;-0.0145093;-5.70476
216.39;-66.5649;1.13487;0.118936;-0.00398408;-4.54617
225.215;-66.5649;1.08043;0.0788295;0.00262485;-3.34802
234.041;-66.5649;1.0175;0.0345484;0.00797405;-2.07667
-216.057;-75.3904;0.949898;0.143234;0.0444483;-2.55123
-207.232;-75.3904;0.876867;0.114804;0.0354997;-3.56872
-198.406;-75.3904;0.812849;0.107627;0.0104802;-4.61799
-189.581;-75.3904;0.730087;0.109479;-0.0224364;-5.6599
-180.755;-75.3904;0.700644;0.093315;-0.0501005;-6.72527
-171.93;-75.3904;0.710295;0.0656314;-0.0699667;-7.79786
-163.105;-75.3904;0.733936;0.0374223;-0.0837143;-8.87682
-154.279;-75.3904;0.740455;0.0151063;-0.0961399;-9.90786
-145.454;-75.3904;0.707293;-0.0076789;-0.111399;-10.9037
-136.628;-75.3904;0.64791;-0.0341072;-0.128374;-11.8739
-127.803;-75.3904;0.613894;-0.0556224;-0.144825;-12.8744
-118.977;-75.3904;0.599771;-0.065317;-0.16428;-13.8366
-110.152;-75.3904;0.579354;-0.0788489;-0.190625;-14.7773
-101.326;-75.3904;0.560919;-0.0886373;-0.21426;-15.6612
-92.5009;-75.3904;0.534831;-0.0953855;-0.231786;-16.518
-83.6754;-75.3904;0.50691;-0.0983838;-0.250426;-17.3423
-74.85;-75.3904;0.498172;-0.0951309;-0.276143;-18.1108
-66.0245;-75.3904;0.519005;-0.0833642;-0.300093;-18.8499
-57.1991;-75.3904;0.525238;-0.0649628;-0.324514;-19.5062
-30.7227;-75.3904;0.611536;0.0156324;-0.379876;-21.1769
-21.8972;-75.3904;0.626673;0.0545562;-0.395004;-21.5948
-13.0718;-75.3904;0.581642;0.098853;-0.407341;-21.8998
-4.24634;-75.3904;0.551274;0.147636;-0.407963;-22.0706
4.57912;-75.3904;0.560122;0.193636;-0.405858;-22.1408
13.4046;-75.3904;0.569317;0.234136;-0.402072;-22.1223
22.23;-75.3904;0.565344;0.270837;-0.396283;-21.9989
31.0555;-75.3904;0.562363;0.306924;-0.384924;-21.7675
39.8809;-75.3904;0.583095;0.340071;-0.368114;-21.436
48.7064;-75.3904;0.617587;0.367637;-0.359226;-21.056
57.5318;-75.3904;0.681257;0.397017;-0.365885;-20.6316
66.3573;-75.3904;0.772195;0.42898;-0.370189;-20.1621
75.1828;-75.3904;0.855197;0.453008;-0.354902;-19.5969
84.0082;-75.3904;0.882269;0.465296;-0.333715;-18.9319
92.8337;-75.3904;0.80553;0.473628;-0.315437;-18.1892
101.659;-75.3904;0.891397;0.466795;-0.294237;-17.4618
110.485;-75.3904;1.05314;0.453981;-0.269617;-16.7228
119.31;-75.3904;1.19518;0.439122;-0.245023;-15.9193
128.135;-75.3904;1.27686;0.425353;-0.22043;-15.0476
136.961;-75.3904;1.43191;0.403714;-0.193154;-14.2025
145.786;-75.3904;1.48144;0.379725;-0.159839;-13.2382
154.612;-75.3904;1.45642;0.353003;-0.126613;-12.186
163.437;-75.3904;1.40393;0.323539;-0.0963503;-11.0858
172.263;-75.3904;1.36801;0.290739;-0.0701634;-9.96734
181.088;-75.3904;1.31483;0.2577;-0.0470332;-8.82101
189.914;-75.3904;1.25233;0.221203;-0.0300959;-7.65452
198.739;-75.3904;1.20367;0.18633;-0.0177726;-6.49946
207.565;-75.3904;1.18355;0.144817;-0.00837716;-5.33637
216.39;-75.3904;1.15478;0.101467;0.00145825;-4.14321
225.215;-75.3904;1.06345;0.0611257;0.00926314;-2.9266
234.041;-75.3904;1.0136;0.0236686;0.0137544;-1.71202
-216.057;-84.2158;1.00369;0.158464;0.0538376;-2.22658
-207.232;-84.2158;0.839883;0.136749;0.0380165;-3.20847
-198.406;-84.2158;0.730979;0.125195;0.00437697;-4.22931
-189.581;-84.2158;0.652312;0.114364;-0.0275692;-5.25793
-180.755;-84.2158;0.627619;0.090395;-0.0545492;-6.3123
-171.93;-84.2158;0.645645;0.0623378;-0.0756853;-7.37042
-163.105;-84.2158;0.664561;0.0356017;-0.0934934;-8.42878
-154.279;-84.2158;0.67174;0.0142372;-0.109513;-9.45129
-145.454;-84.2158;0.662174;-0.00584642;-0.125786;-10.4377
-136.628;-84.2158;0.634759;-0.0277131;-0.14279;-11.3944
-127.803;-84.2158;0.604648;-0.0459163;-0.163771;-12.3583
-118.977;-84.2158;0.583642;-0.0559057;-0.188862;-13.298
-110.152;-84.2158;0.581277;-0.0661844;-0.217835;-14.2196
-101.326;-84.2158;0.575613;-0.0721884;-0.24453;-15.0974
-92.5009;-84.2158;0.556528;-0.0774219;-0.265293;-15.9336
-83.6754;-84.2158;0.536586;-0.08034;-0.285313;-16.7329
-74.85;-84.2158;0.539308;-0.0761378;-0.309366;-17.4885
-66.0245;-84.2158;0.568919;-0.0641275;-0.331452;-18.2014
-57.1991;-84.2158;0.580059;-0.0452374;-0.355259;-18.8236
-48.3736;-84.2158;0.558376;0.0272592;-0.408817;-20.1512
-39.5482;-84.2158;0.583577;0.0836665;-0.437802;-20.9489
-30.7227;-84.2158;0.64618;0.0363499;-0.41036;-20.3543
-21.8972;-84.2158;0.695398;0.069322;-0.424888;-20.7489
-13.0718;-84.2158;0.701561;0.108448;-0.437165;-21.0713
-4.24634;-84.2158;0.708334;0.155931;-0.43454;-21.2505
4.57912;-84.2158;0.70673;0.196857;-0.426968;-21.3462
13.4046;-84.2158;0.71595;0.231334;-0.422427;-21.3513
22.23;-84.2158;0.724198;0.262812;-0.420318;-21.2537
31.0555;-84.2158;0.732775;0.293041;-0.40955;-21.0547
39.8809;-84.2158;0.778332;0.320398;-0.388208;-20.7787
48.7064;-84.2158;0.902044;0.34347;-0.380346;-20.4817
57.5318;-84.2158;0.990934;0.382276;-0.396148;-20.1183
66.3573;-84.2158;1.12534;0.422627;-0.406334;-19.7416
75.1828;-84.2158;1.28482;0.44639;-0.390466;-19.2789
84.0082;-84.2158;1.37189;0.453081;-0.367845;-18.6697
92.8337;-84.2158;1.29131;0.455055;-0.347781;-17.9048
101.659;-84.2158;1.36088;0.443841;-0.3214;-17.1721
110.485;-84.2158;1.49989;0.431913;-0.288179;-16.4592
119.31;-84.2158;1.61961;0.415012;-0.254231;-15.6694
128.135;-84.2158;1.67066;0.399399;-0.220384;-14.7919
136.961;-84.2158;1.74476;0.372464;-0.188427;-13.8715
145.786;-84.2158;1.71012;0.344167;-0.155998;-12.8357
154.612;-84.2158;1.62591;0.316197;-0.12164;-11.739
163.437;-84.2158;1.54478;0.287791;-0.0865983;-10.6251
172.263;-84.2158;1.49882;0.256679;-0.0556721;-9.51426
181.088;-84.2158;1.42098;0.227026;-0.031174;-8.3712
189.914;-84.2158;1.32074;0.193214;-0.0147405;-7.19441
198.739;-84.2158;1.23096;0.160087;-0.00292226;-6.01952
207.565;-84.2158;1.17296;0.123294;0.00496207;-4.84281
216.39;-84.2158;1.11585;0.0839235;0.0130702;-3.64279
225.215;-84.2158;1.06681;0.050149;0.017951;-2.4631
234.041;-84.2158;1.06963;0.0193816;0.0200965;-1.34896
-216.057;-93.0413;1.06898;0.173139;0.0628587;-1.80003
-207.232;-93.0413;0.822273;0.149005;0.0408662;-2.83235
-198.406;-93.0413;0.71577;0.137419;0.00756081;-3.83779
-189.581;-93.0413;0.69599;0.11793;-0.0232868;-4.86362
-180.755;-93.0413;0.677793;0.0894603;-0.0526641;-5.90878
-171.93;-93.0413;0.682748;0.0626247;-0.076033;-6.9369
-163.105;-93.0413;0.664455;0.0350618;-0.0977434;-7.95461
-154.279;-93.0413;0.638485;0.0111381;-0.118248;-8.95131
-145.454;-93.0413;0.629637;-0.00718913;-0.13657;-9.92483
-136.628;-93.0413;0.634518;-0.021369;-0.153324;-10.8757
-127.803;-93.0413;0.623049;-0.0335822;-0.175855;-11.8016
-118.977;-93.0413;0.608085;-0.0450897;-0.204666;-12.7181
-110.152;-93.0413;0.637475;-0.0561402;-0.233751;-13.6272
-101.326;-93.0413;0.641485;-0.0622413;-0.259428;-14.4921
-92.5009;-93.0413;0.632455;-0.0652382;-0.282867;-15.3138
-83.6754;-93.0413;0.625642;-0.0648134;-0.306019;-16.094
-74.85;-93.0413;0.632514;-0.059307;-0.328654;-16.828
-66.0245;-93.0413;0.663024;-0.0488153;-0.344572;-17.5177
-57.1991;-93.0413;0.686;-0.0296222;-0.358551;-18.1332
-48.3736;-93.0413;0.667616;-0.00702599;-0.377445;-18.654
-39.5482;-93.0413;0.666866;0.0182753;-0.39632;-19.1014
-30.7227;-93.0413;0.695865;0.0476058;-0.412711;-19.5125
-21.8972;-93.0413;0.735631;0.0798886;-0.425564;-19.8822
-13.0718;-93.0413;0.762469;0.114834;-0.433891;-20.1956
-4.24634;-93.0413;0.767958;0.155197;-0.432394;-20.4016
4.57912;-93.0413;0.762732;0.193386;-0.424725;-20.4948
13.4046;-93.0413;0.760134;0.227349;-0.418787;-20.4746
22.23;-93.0413;0.748373;0.258378;-0.417449;-20.3554
31.0555;-93.0413;0.728533;0.288978;-0.417324;-20.1486
39.8809;-93.0413;0.739641;0.323239;-0.419602;-19.888
48.7064;-93.0413;0.890683;0.354493;-0.436282;-19.6321
57.5318;-93.0413;0.996304;0.394047;-0.455041;-19.315
66.3573;-93.0413;1.13263;0.422825;-0.449731;-18.9452
75.1828;-93.0413;1.27785;0.440355;-0.422964;-18.5165
84.0082;-93.0413;1.35688;0.438094;-0.394316;-17.9164
92.8337;-93.0413;1.33524;0.433904;-0.36903;-17.1822
101.659;-93.0413;1.42751;0.421589;-0.335694;-16.485
110.485;-93.0413;1.55669;0.408596;-0.293842;-15.7897
119.31;-93.0413;1.67253;0.387875;-0.251564;-15.0147
128.135;-93.0413;1.74201;0.367288;-0.210046;-14.1602
136.961;-93.0413;1.75577;0.340456;-0.174686;-13.197
145.786;-93.0413;1.63365;0.313402;-0.145693;-12.1051
154.612;-93.0413;1.51677;0.284806;-0.114222;-10.9963
163.437;-93.0413;1.45666;0.256773;-0.0764059;-9.92148
172.263;-93.0413;1.45402;0.225403;-0.0407064;-8.87224
181.088;-93.0413;1.3907;0.197144;-0.0168129;-7.7668
189.914;-93.0413;1.2852;0.165903;-0.00172267;-6.60676
198.739;-93.0413;1.18196;0.133575;0.0111661;-5.43095
207.565;-93.0413;1.11214;0.100789;0.0202119;-4.2637
216.39;-93.0413;1.07185;0.0658204;0.0266852;-3.10756
225.215;-93.0413;1.09849;0.0362943;0.0289049;-2.00865
-207.232;-101.867;0.801129;0.170024;0.0463845;-2.34154
-198.406;-101.867;0.719498;0.15094;0.014028;-3.39041
-189.581;-101.867;0.795724;0.121709;-0.0164528;-4.4734
-180.755;-101.867;0.806797;0.0926708;-0.0450871;-5.51638
-171.93;-101.867;0.76851;0.0661349;-0.0699215;-6.49836
-163.105;-101.867;0.715157;0.0366343;-0.0935537;-7.4641
-154.279;-101.867;0.671558;0.0103245;-0.116345;-8.42853
-145.454;-101.867;0.658744;-0.0060572;-0.135839;-9.38814
-136.628;-101.867;0.66153;-0.0129205;-0.152421;-10.3222
-127.803;-101.867;0.63583;-0.0187449;-0.174201;-11.2051
-118.977;-101.867;0.591784;-0.0322099;-0.203865;-12.0887
-110.152;-101.867;0.618626;-0.0460691;-0.23358;-12.9758
-101.326;-101.867;0.61724;-0.054381;-0.260273;-13.827
-92.5009;-101.867;0.625988;-0.0548915;-0.285393;-14.6295
-83.6754;-101.867;0.646526;-0.0504409;-0.310579;-15.3744
-74.85;-101.867;0.658601;-0.0446777;-0.334553;-16.0628
-66.0245;-101.867;0.663292;-0.0368029;-0.350014;-16.7181
-57.1991;-101.867;0.698171;-0.0214161;-0.356472;-17.3111
-48.3736;-101.867;0.694516;-0.00142334;-0.368919;-17.827
-39.5482;-101.867;0.672321;0.0240752;-0.385324;-18.2604
-30.7227;-101.867;0.680509;0.0514251;-0.400409;-18.6391
-21.8972;-101.867;0.715815;0.0794112;-0.410117;-18.9814
-13.0718;-101.867;0.735679;0.110749;-0.419191;-19.2804
-4.24634;-101.867;0.737525;0.147876;-0.423004;-19.4838
4.57912;-101.867;0.733461;0.185921;-0.419225;-19.5684
13.4046;-101.867;0.719036;0.220928;-0.411315;-19.529
22.23;-101.867;0.701392;0.252969;-0.410747;-19.407
31.0555;-101.867;0.686975;0.283931;-0.420144;-19.2104
39.8809;-101.867;0.69896;0.321361;-0.440812;-18.967
48.7064;-101.867;0.849981;0.357126;-0.468937;-18.7163
57.5318;-101.867;0.941055;0.390695;-0.479429;-18.3908
66.3573;-101.867;1.03531;0.406937;-0.462378;-17.9798
75.1828;-101.867;1.12252;0.407815;-0.427455;-17.4773
84.0082;-101.867;1.16771;0.402622;-0.394309;-16.8802
92.8337;-101.867;1.18473;0.400851;-0.365528;-16.2149
101.659;-101.867;1.29912;0.3921;-0.328963;-15.5708
110.485;-101.867;1.40041;0.380794;-0.28487;-14.8732
119.31;-101.867;1.47468;0.359496;-0.241233;-14.0776
128.135;-101.867;1.50746;0.3366;-0.200306;-13.2014
136.961;-101.867;1.45027;0.312066;-0.167234;-12.1976
145.786;-101.867;1.2685;0.289576;-0.138353;-11.0844
154.612;-101.867;1.18974;0.261543;-0.105485;-10.0432
163.437;-101.867;1.222;0.230768;-0.0658866;-9.07848
172.263;-101.867;1.27142;0.195714;-0.02861;-8.09308
181.088;-101.867;1.22096;0.166638;-0.00298772;-7.01677
189.914;-101.867;1.12545;0.139644;0.00714623;-5.88829
198.739;-101.867;1.04848;0.112108;0.018553;-4.75507
207.565;-101.867;1.02286;0.0815302;0.0287343;-3.6383
216.39;-101.867;1.02018;0.0512711;0.0355646;-2.53759
225.215;-101.867;1.08945;0.0231037;0.0386687;-1.49229
-198.406;-110.692;0.717187;0.152159;0.0181188;-2.90688
-189.581;-110.692;0.844136;0.125434;-0.00960422;-4.01412
-180.755;-110.692;0.894843;0.100306;-0.0326435;-5.03412
-171.93;-110.692;0.803297;0.0694829;-0.05933;-5.99711
-163.105;-110.692;0.760428;0.0388252;-0.0844062;-6.94455
-154.279;-110.692;0.738951;0.0124731;-0.108179;-7.89124
-145.454;-110.692;0.726123;-0.00348579;-0.128951;-8.83014
-136.628;-110.692;0.708907;-0.00801242;-0.146544;-9.73603
-127.803;-110.692;0.659952;-0.00945304;-0.165556;-10.5772
-118.977;-110.692;0.586507;-0.0222772;-0.193875;-11.4148
-110.152;-110.692;0.568927;-0.0381172;-0.226999;-12.2676
-101.326;-110.692;0.565672;-0.0458565;-0.258253;-13.0963
-92.5009;-110.692;0.59886;-0.0448824;-0.284523;-13.8808
-83.6754;-110.692;0.618248;-0.0392558;-0.312263;-14.5981
-74.85;-110.692;0.594603;-0.0344253;-0.342285;-15.234
-66.0245;-110.692;0.572452;-0.0296835;-0.362659;-15.8575
-57.1991;-110.692;0.612062;-0.018254;-0.369697;-16.441
-48.3736;-110.692;0.642979;0.00114303;-0.373927;-16.9499
-39.5482;-110.692;0.615599;0.026502;-0.381906;-17.3695
-30.7227;-110.692;0.595595;0.0532762;-0.388769;-17.7219
-21.8972;-110.692;0.60992;0.0804587;-0.395527;-18.0242
-13.0718;-110.692;0.631383;0.110688;-0.403219;-18.2842
-4.24634;-110.692;0.647129;0.145061;-0.408524;-18.4823
4.57912;-110.692;0.670263;0.183169;-0.406567;-18.5791
13.4046;-110.692;0.687747;0.2146;-0.40054;-18.5696
22.23;-110.692;0.687154;0.245107;-0.405928;-18.4762
31.0555;-110.692;0.684515;0.275215;-0.421595;-18.2941
39.8809;-110.692;0.718362;0.308491;-0.443763;-18.0611
48.7064;-110.692;0.866139;0.339431;-0.461874;-17.8148
57.5318;-110.692;0.95415;0.367059;-0.461154;-17.4906
66.3573;-110.692;1.0145;0.378068;-0.439807;-17.0553
75.1828;-110.692;1.07245;0.380021;-0.40883;-16.5525
84.0082;-110.692;1.1305;0.377464;-0.377459;-15.9876
92.8337;-110.692;1.17614;0.374255;-0.346412;-15.3702
101.659;-110.692;1.28193;0.363833;-0.310121;-14.7326
110.485;-110.692;1.28165;0.349885;-0.271882;-13.9438
119.31;-110.692;1.21841;0.327635;-0.233335;-13.0414
128.135;-110.692;1.1305;0.306564;-0.197858;-12.0976
136.961;-110.692;0.969723;0.286481;-0.167416;-11.0566
145.786;-110.692;0.885389;0.26111;-0.134255;-10.0458
154.612;-110.692;0.955792;0.230431;-0.0938427;-9.1436
163.437;-110.692;1.07925;0.197526;-0.048431;-8.27286
172.263;-110.692;1.11322;0.159014;-0.0120003;-7.29462
181.088;-110.692;0.98789;0.133702;0.0131836;-6.17394
189.914;-110.692;0.929164;0.112189;0.0215654;-5.10435
198.739;-110.692;0.941269;0.0913836;0.0271903;-4.08026
207.565;-110.692;1.03098;0.0626498;0.0375417;-3.07573
216.39;-110.692;1.07682;0.0350502;0.0489436;-2.03745
-198.406;-119.518;0.69361;0.142744;0.0244206;-2.38754
-189.581;-119.518;0.779288;0.123881;-0.000268784;-3.44005
-180.755;-119.518;0.824378;0.0958073;-0.0247671;-4.48158
-171.93;-119.518;0.736386;0.0618905;-0.0520308;-5.43397
-163.105;-119.518;0.750426;0.0348704;-0.0760129;-6.36312
-154.279;-119.518;0.751468;0.0100388;-0.101112;-7.29013
-145.454;-119.518;0.723138;-0.00709142;-0.123611;-8.19044
-136.628;-119.518;0.68858;-0.0110623;-0.140816;-9.07336
-127.803;-119.518;0.638272;-0.00480194;-0.15491;-9.88096
-118.977;-119.518;0.54486;-0.0117652;-0.182863;-10.6818
-110.152;-119.518;0.516205;-0.0246221;-0.217934;-11.4991
-101.326;-119.518;0.509938;-0.0353373;-0.254358;-12.3042
-92.5009;-119.518;0.55022;-0.0381001;-0.285937;-13.0735
-83.6754;-119.518;0.573084;-0.0346235;-0.316626;-13.7751
-74.85;-119.518;0.540095;-0.0312528;-0.346911;-14.3802
-66.0245;-119.518;0.497881;-0.0283991;-0.370296;-14.9773
-57.1991;-119.518;0.52905;-0.0198549;-0.38202;-15.5494
-48.3736;-119.518;0.575267;-0.00276517;-0.382791;-16.0559
-39.5482;-119.518;0.55288;0.0224158;-0.379591;-16.4608
-30.7227;-119.518;0.502424;0.0496344;-0.376397;-16.7575
-21.8972;-119.518;0.468614;0.079226;-0.375326;-16.9913
-13.0718;-119.518;0.475131;0.113482;-0.376399;-17.2101
-4.24634;-119.518;0.534917;0.14832;-0.378528;-17.4197
4.57912;-119.518;0.615554;0.183517;-0.380053;-17.557
13.4046;-119.518;0.703844;0.2108;-0.382969;-17.6185
22.23;-119.518;0.747258;0.237348;-0.397978;-17.5649
31.0555;-119.518;0.738872;0.2645;-0.416379;-17.3802
39.8809;-119.518;0.740709;0.290133;-0.428932;-17.1137
48.7064;-119.518;0.858167;0.310796;-0.430654;-16.8523
57.5318;-119.518;0.96693;0.330492;-0.422627;-16.5329
66.3573;-119.518;1.02056;0.341392;-0.4053;-16.0999
75.1828;-119.518;1.05405;0.345779;-0.38209;-15.5959
84.0082;-119.518;1.09641;0.343123;-0.3544;-15.0338
92.8337;-119.518;1.13072;0.336097;-0.325711;-14.4133
101.659;-119.518;1.14416;0.326228;-0.294661;-13.7151
110.485;-119.518;1.05128;0.312783;-0.255246;-12.8546
119.31;-119.518;0.903172;0.289513;-0.217359;-11.8966
128.135;-119.518;0.771097;0.269605;-0.187852;-10.9692
136.961;-119.518;0.698075;0.249801;-0.157787;-10.0683
145.786;-119.518;0.77285;0.224358;-0.118953;-9.22094
154.612;-119.518;0.997873;0.19027;-0.0719111;-8.43394
163.437;-119.518;1.09766;0.154376;-0.0269315;-7.52163
172.263;-119.518;0.914538;0.120617;0.00508785;-6.38555
181.088;-119.518;0.705507;0.100184;0.0275525;-5.22413
189.914;-119.518;0.799728;0.079501;0.0412156;-4.32327
198.739;-119.518;0.999974;0.0589758;0.0567428;-3.49853
207.565;-119.518;1.19553;0.0358959;0.0637932;-2.62231
216.39;-119.518;1.24719;0.0147612;0.0667675;-1.62109
-189.581;-128.343;0.689181;0.108636;0.00667568;-2.85207
-180.755;-128.343;0.734131;0.0802523;-0.0179842;-3.83874
-171.93;-128.343;0.66734;0.0398198;-0.0505802;-4.81752
-163.105;-128.343;0.690283;0.0171248;-0.0741593;-5.73225
-154.279;-128.343;0.669882;-0.00366729;-0.100643;-6.62169
-145.454;-128.343;0.603658;-0.0180457;-0.123051;-7.45142
-136.628;-128.343;0.558386;-0.0201053;-0.139674;-8.30825
-127.803;-128.343;0.547746;-0.00740684;-0.15123;-9.11542
-118.977;-128.343;0.486882;-0.00266564;-0.176255;-9.90634
-110.152;-128.343;0.466409;-0.0111686;-0.211185;-10.6883
-101.326;-128.343;0.435498;-0.0237922;-0.248469;-11.4478
-92.5009;-128.343;0.456961;-0.0322459;-0.287076;-12.1877
-83.6754;-128.343;0.496578;-0.0329251;-0.322389;-12.8895
-74.85;-128.343;0.49563;-0.0300529;-0.348438;-13.507
-66.0245;-128.343;0.450959;-0.0276148;-0.370336;-14.0747
-57.1991;-128.343;0.447103;-0.022539;-0.386409;-14.6283
-48.3736;-128.343;0.50561;-0.0119001;-0.386156;-15.1334
-39.5482;-128.343;0.457186;0.0115239;-0.377624;-15.4992
-30.7227;-128.343;0.314453;0.042297;-0.369839;-15.6842
-21.8972;-128.343;0.205968;0.0767809;-0.36271;-15.8218
-13.0718;-128.343;0.227599;0.114159;-0.352721;-16.0211
-4.24634;-128.343;0.371277;0.152174;-0.343586;-16.2919
4.57912;-128.343;0.535215;0.185209;-0.349202;-16.5158
13.4046;-128.343;0.694451;0.20886;-0.361129;-16.6114
22.23;-128.343;0.804948;0.233;-0.382486;-16.5995
31.0555;-128.343;0.797287;0.253624;-0.39813;-16.4033
39.8809;-128.343;0.693872;0.271512;-0.400515;-16.0677
48.7064;-128.343;0.734071;0.286238;-0.395321;-15.7636
57.5318;-128.343;0.816727;0.300486;-0.38496;-15.433
66.3573;-128.343;0.858962;0.311066;-0.371628;-15.0032
75.1828;-128.343;0.858601;0.314268;-0.353504;-14.4754
84.0082;-128.343;0.831581;0.310263;-0.331113;-13.8662
92.8337;-128.343;0.787723;0.30292;-0.30798;-13.1891
101.659;-128.343;0.784922;0.289306;-0.279524;-12.4786
110.485;-128.343;0.776624;0.271005;-0.2368;-11.687
119.31;-128.343;0.726223;0.253422;-0.197652;-10.8663
128.135;-128.343;0.668334;0.236691;-0.166079;-10.0578
136.961;-128.343;0.696418;0.217415;-0.133983;-9.27937
145.786;-128.343;0.881081;0.190696;-0.0937615;-8.54326
154.612;-128.343;0.966459;0.1632;-0.0473846;-7.66172
163.437;-128.343;0.8383;0.122389;-0.0141763;-6.5381
172.263;-128.343;0.528651;0.0892097;0.0137583;-5.30604
181.088;-128.343;0.450594;0.0659826;0.0374265;-4.27153
189.914;-128.343;0.867538;0.038486;0.0604167;-3.66099
198.739;-128.343;1.31064;0.0183304;0.0827372;-3.05345
207.565;-128.343;1.53346;0.00158904;0.0849552;-2.25808
-189.581;-137.169;0.548652;0.0819663;0.0126643;-2.19942
-180.755;-137.169;0.621879;0.0594452;-0.0125328;-3.15035
-171.93;-137.169;0.606316;0.0278686;-0.0422767;-4.09845
-163.105;-137.169;0.608188;0.00697514;-0.0690905;-5.01927
-154.279;-137.169;0.528809;-0.0128307;-0.100009;-5.87315
-145.454;-137.169;0.423226;-0.0276404;-0.124768;-6.65088
-136.628;-137.169;0.391388;-0.0319583;-0.143893;-7.50147
-127.803;-137.169;0.438789;-0.018352;-0.156793;-8.33072
-118.977;-137.169;0.437491;-0.00393231;-0.179949;-9.12266
-110.152;-137.169;0.410581;-0.00622433;-0.210325;-9.86379
-101.326;-137.169;0.348234;-0.016828;-0.244758;-10.5658
-92.5009;-137.169;0.344077;-0.0282131;-0.285108;-11.2749
-83.6754;-137.169;0.417965;-0.0316915;-0.320767;-11.9862
-74.85;-137.169;0.467479;-0.0286183;-0.343253;-12.6068
-66.0245;-137.169;0.410117;-0.0251588;-0.363987;-13.1311
-57.1991;-137.169;0.336509;-0.0220045;-0.383623;-13.6481
-48.3736;-137.169;0.397446;-0.0203745;-0.384593;-14.1299
-39.5482;-137.169;0.253969;0.000987436;-0.381961;-14.3873
-30.7227;-137.169;-0.118194;0.0342481;-0.379589;-14.3464
-21.8972;-137.169;-0.367691;0.0694646;-0.372264;-14.3205
-13.0718;-137.169;-0.260274;0.104168;-0.353111;-14.5517
-4.24634;-137.169;0.0275552;0.147359;-0.328149;-15.0105
4.57912;-137.169;0.290734;0.181793;-0.324995;-15.2991
13.4046;-137.169;0.482458;0.202041;-0.343602;-15.3944
22.23;-137.169;0.60229;0.220787;-0.366365;-15.3708
31.0555;-137.169;0.641833;0.237132;-0.375793;-15.2173
39.8809;-137.169;0.613834;0.250132;-0.370743;-14.9471
48.7064;-137.169;0.595435;0.261931;-0.368407;-14.6195
57.5318;-137.169;0.634174;0.274971;-0.363893;-14.268
66.3573;-137.169;0.665731;0.282989;-0.351935;-13.8352
75.1828;-137.169;0.651492;0.283348;-0.333794;-13.2989
84.0082;-137.169;0.589393;0.2775;-0.312694;-12.6704
92.8337;-137.169;0.512464;0.269755;-0.29124;-11.9847
101.659;-137.169;0.520791;0.257883;-0.264001;-11.3169
110.485;-137.169;0.617544;0.244376;-0.222814;-10.6664
119.31;-137.169;0.695299;0.230053;-0.18266;-9.9915
128.135;-137.169;0.731118;0.212523;-0.145866;-9.27234
136.961;-137.169;0.790601;0.189852;-0.110138;-8.5147
145.786;-137.169;0.902283;0.157516;-0.0781499;-7.71312
154.612;-137.169;0.754913;0.12698;-0.0471508;-6.65936
163.437;-137.169;0.436486;0.0905376;-0.0172353;-5.42312
172.263;-137.169;0.183501;0.0628868;0.0173111;-4.27273
181.088;-137.169;0.438271;0.0321273;0.0472183;-3.52123
189.914;-137.169;1.21864;-0.00630971;0.0746975;-3.20646
198.739;-137.169;1.76927;-0.0273973;0.0939839;-2.6866
-189.581;-145.994;0.425255;0.0606535;0.0201835;-1.51087
-180.755;-145.994;0.497157;0.0477037;-0.00340758;-2.42874
-171.93;-145.994;0.505096;0.0240158;-0.0308451;-3.34809
-163.105;-145.994;0.498346;0.00650483;-0.0565089;-4.24343
-154.279;-145.994;0.416782;-0.00950228;-0.0878937;-5.06925
-145.454;-145.994;0.31188;-0.0274776;-0.116827;-5.83742
-136.628;-145.994;0.291403;-0.0394191;-0.144076;-6.69799
-127.803;-145.994;0.362884;-0.0312223;-0.163014;-7.54422
-118.977;-145.994;0.395569;-0.0145865;-0.183698;-8.32436
-110.152;-145.994;0.35761;-0.0107692;-0.206063;-9.02692
-101.326;-145.994;0.265464;-0.0164244;-0.236836;-9.67929
-92.5009;-145.994;0.246047;-0.0264206;-0.275194;-10.35
-83.6754;-145.994;0.362787;-0.0301056;-0.307558;-11.0571
-74.85;-145.994;0.453609;-0.0263492;-0.328669;-11.6841
-66.0245;-145.994;0.362841;-0.0213909;-0.352181;-12.1651
-57.1991;-145.994;0.202349;-0.0172304;-0.37779;-12.5969
-48.3736;-145.994;0.215507;-0.0219372;-0.386561;-13.0007
-39.5482;-145.994;-0.0693605;0.00592856;-0.396177;-13.0991
-30.7227;-145.994;-0.779709;0.0409215;-0.406076;-12.8269
-21.8972;-145.994;-1.37436;0.0787417;-0.404353;-12.6737
-13.0718;-145.994;-1.3352;0.114029;-0.381827;-12.8988
-4.24634;-145.994;-0.674579;0.141277;-0.345813;-13.4333
4.57912;-145.994;-0.142574;0.172011;-0.332317;-13.9008
13.4046;-145.994;0.0949076;0.190311;-0.349867;-14.0431
22.23;-145.994;0.241282;0.203774;-0.363239;-14.0231
31.0555;-145.994;0.365833;0.214357;-0.360239;-13.9149
39.8809;-145.994;0.456421;0.223622;-0.348704;-13.7329
48.7064;-145.994;0.486509;0.234348;-0.347866;-13.4573
57.5318;-145.994;0.517199;0.248704;-0.348172;-13.1152
66.3573;-145.994;0.546757;0.256464;-0.337211;-12.6971
75.1828;-145.994;0.546311;0.25537;-0.316725;-12.1843
84.0082;-145.994;0.500724;0.247979;-0.291844;-11.5828
92.8337;-145.994;0.434945;0.239354;-0.267259;-10.9317
101.659;-145.994;0.464406;0.229939;-0.239767;-10.3198
110.485;-145.994;0.597797;0.220751;-0.203266;-9.75006
119.31;-145.994;0.708;0.206806;-0.167369;-9.11951
128.135;-145.994;0.754343;0.18614;-0.132356;-8.39292
136.961;-145.994;0.7616;0.159583;-0.0975791;-7.57598
145.786;-145.994;0.678844;0.132025;-0.0670278;-6.64362
154.612;-145.994;0.507636;0.0962934;-0.0391694;-5.6197
163.437;-145.994;0.343825;0.055842;-0.0118214;-4.55955
172.263;-145.994;0.380222;0.0365996;0.0293126;-3.69642
181.088;-145.994;0.970879;0.00229307;0.0601124;-3.21257
189.914;-145.994;1.7899;-0.0401511;0.0838935;-2.92282
198.739;-145.994;2.15373;-0.071415;0.114997;-2.17646
-171.93;-154.819;0.439846;0.02826;-0.0138009;-2.61508
-163.105;-154.819;0.419018;0.0127544;-0.0386393;-3.47412
-154.279;-154.819;0.366952;0.0038975;-0.0635206;-4.27488
-145.454;-154.819;0.310883;-0.0161043;-0.0938895;-5.06281
-136.628;-154.819;0.301504;-0.034866;-0.12904;-5.91769
-127.803;-154.819;0.347149;-0.0349731;-0.1555;-6.74625
-118.977;-154.819;0.367915;-0.02401;-0.172728;-7.49419
-110.152;-154.819;0.329765;-0.0183368;-0.18811;-8.1696
-101.326;-154.819;0.210453;-0.0185966;-0.216972;-8.78484
-92.5009;-154.819;0.178952;-0.0243783;-0.254002;-9.4117
-83.6754;-154.819;0.311708;-0.0260705;-0.283626;-10.0984
-74.85;-154.819;0.420871;-0.0223594;-0.305396;-10.7194
-66.0245;-154.819;0.33243;-0.0185867;-0.332867;-11.1847
-57.1991;-154.819;0.135268;-0.0159441;-0.363311;-11.5753
-48.3736;-154.819;0.107179;-0.0180988;-0.378423;-11.9357
-39.5482;-154.819;-0.186763;0.00494736;-0.392713;-12.0153
-30.7227;-154.819;-0.877305;0.0362625;-0.409167;-11.7306
-21.8972;-154.819;-1.51207;0.0676206;-0.412917;-11.5313
-13.0718;-154.819;-1.62386;0.0909496;-0.396968;-11.6268
-4.24634;-154.819;-1.09762;0.109575;-0.372108;-12.014
4.57912;-154.819;-0.318889;0.148024;-0.367925;-12.6034
13.4046;-154.819;-0.0200539;0.167553;-0.370193;-12.8246
22.23;-154.819;0.146775;0.179236;-0.364074;-12.8395
31.0555;-154.819;0.2989;0.189097;-0.34857;-12.7612
39.8809;-154.819;0.423657;0.198798;-0.331632;-12.6144
48.7064;-154.819;0.473246;0.205096;-0.323769;-12.3426
57.5318;-154.819;0.503519;0.21663;-0.321614;-12.0015
66.3573;-154.819;0.530783;0.224191;-0.30993;-11.596
75.1828;-154.819;0.542766;0.224992;-0.287882;-11.1223
84.0082;-154.819;0.529353;0.219602;-0.259259;-10.5811
92.8337;-154.819;0.500621;0.210777;-0.23128;-9.98941
101.659;-154.819;0.550408;0.201514;-0.203873;-9.41906
110.485;-154.819;0.641132;0.19356;-0.173038;-8.83691
119.31;-154.819;0.656974;0.182014;-0.144954;-8.14939
128.135;-154.819;0.594313;0.16358;-0.117201;-7.34966
136.961;-154.819;0.516577;0.13864;-0.0873066;-6.48372
145.786;-154.819;0.44462;0.110984;-0.0576989;-5.58164
154.612;-154.819;0.489676;0.0739402;-0.0281243;-4.75966
163.437;-154.819;0.703709;0.0436781;0.00283967;-4.0872
172.263;-154.819;1.12004;0.0255317;0.0371765;-3.58357
181.088;-154.819;1.75352;-0.00697059;0.0646062;-3.17768
189.914;-154.819;2.20119;-0.0518894;0.0998054;-2.50694
-163.105;-163.645;0.405506;0.024914;-0.0170969;-2.71465
-154.279;-163.645;0.360359;0.0149952;-0.0424596;-3.50432
-145.454;-163.645;0.354187;0.000861307;-0.0658707;-4.30225
-136.628;-163.645;0.366533;-0.0178374;-0.0979958;-5.12447
-127.803;-163.645;0.374265;-0.0237397;-0.125362;-5.90709
-118.977;-163.645;0.373717;-0.0215518;-0.142826;-6.6253
-110.152;-163.645;0.333294;-0.0206431;-0.159169;-7.28436
-101.326;-163.645;0.21313;-0.0166819;-0.188532;-7.87643
-92.5009;-163.645;0.137601;-0.0186335;-0.226777;-8.47105
-83.6754;-163.645;0.233488;-0.0185802;-0.255544;-9.11453
-74.85;-163.645;0.335414;-0.0165732;-0.278413;-9.70864
-66.0245;-163.645;0.265826;-0.0163812;-0.307149;-10.1671
-57.1991;-163.645;0.0899945;-0.0161243;-0.339588;-10.5551
-48.3736;-163.645;0.159086;-0.0173783;-0.35567;-10.9692
-39.5482;-163.645;0.0966227;0.00242379;-0.368976;-11.2323
-30.7227;-163.645;-0.3226;0.0321707;-0.393952;-11.1832
-21.8972;-163.645;-0.762131;0.0560986;-0.409148;-11.0544
-13.0718;-163.645;-0.888559;0.0716444;-0.40192;-11.0479
-4.24634;-163.645;-0.605681;0.0929903;-0.382984;-11.2723
4.57912;-163.645;-0.0535824;0.124891;-0.383549;-11.6721
13.4046;-163.645;0.172128;0.144075;-0.375085;-11.8551
22.23;-163.645;0.297204;0.154901;-0.353306;-11.8476
31.0555;-163.645;0.406217;0.163005;-0.327282;-11.7289
39.8809;-163.645;0.497807;0.172855;-0.304651;-11.5531
48.7064;-163.645;0.536153;0.177665;-0.284366;-11.2739
57.5318;-163.645;0.557115;0.183639;-0.275617;-10.9222
66.3573;-163.645;0.574308;0.190524;-0.264835;-10.5208
75.1828;-163.645;0.572751;0.194962;-0.245744;-10.0741
84.0082;-163.645;0.55655;0.192251;-0.216797;-9.57046
92.8337;-163.645;0.548366;0.184128;-0.18733;-9.02498
101.659;-163.645;0.592182;0.174705;-0.161031;-8.47179
110.485;-163.645;0.635683;0.165743;-0.134442;-7.86183
119.31;-163.645;0.59866;0.154164;-0.111158;-7.14784
128.135;-163.645;0.511357;0.138775;-0.0891273;-6.35898
136.961;-163.645;0.455501;0.120824;-0.0639027;-5.5596
145.786;-163.645;0.479964;0.101455;-0.034671;-4.79486
154.612;-163.645;0.748711;0.0757732;-0.00216972;-4.16625
163.437;-163.645;1.1883;0.0514915;0.0247057;-3.73467
172.263;-163.645;1.60778;0.0281538;0.0489949;-3.28106
181.088;-163.645;2.02588;-0.00831061;0.0705668;-2.71516
189.914;-163.645;2.1621;-0.0492571;0.103992;-1.80067
-154.279;-172.47;0.359817;0.0235016;-0.0234768;-2.72231
-145.454;-172.47;0.341877;0.00756605;-0.0489784;-3.48762
-136.628;-172.47;0.353407;-0.00662761;-0.0751416;-4.27311
-127.803;-172.47;0.341699;-0.0161042;-0.0995723;-5.01144
-118.977;-172.47;0.325461;-0.0196994;-0.117942;-5.69725
-110.152;-172.47;0.304419;-0.0181786;-0.139497;-6.36317
-101.326;-172.47;0.213357;-0.0107523;-0.169361;-6.96972
-92.5009;-172.47;0.135171;-0.0107113;-0.200087;-7.53989
-83.6754;-172.47;0.179775;-0.0132791;-0.223064;-8.10708
-74.85;-172.47;0.252772;-0.0146394;-0.246775;-8.66506
-66.0245;-172.47;0.204267;-0.0149744;-0.274411;-9.11321
-57.1991;-172.47;0.0386738;-0.0127326;-0.304724;-9.48199
-48.3736;-172.47;0.0847989;-0.00793853;-0.320779;-9.89399
-39.5482;-172.47;0.251688;0.0058493;-0.33241;-10.3111
-30.7227;-172.47;0.167117;0.0257305;-0.356628;-10.4925
-21.8972;-172.47;0.0149531;0.043626;-0.376686;-10.5454
-13.0718;-172.47;0.0373494;0.0626345;-0.376682;-10.6415
-4.24634;-172.47;0.268308;0.0953352;-0.360346;-10.897
4.57912;-172.47;0.436049;0.11627;-0.353686;-11.043
13.4046;-172.47;0.517643;0.126264;-0.343916;-11.0524
22.23;-172.47;0.529028;0.133842;-0.319671;-10.9283
31.0555;-172.47;0.527971;0.140294;-0.289867;-10.7073
39.8809;-172.47;0.55101;0.149643;-0.26377;-10.4667
48.7064;-172.47;0.589561;0.153465;-0.235581;-10.1804
57.5318;-172.47;0.590084;0.15782;-0.219722;-9.82579
66.3573;-172.47;0.586612;0.164977;-0.209835;-9.42659
75.1828;-172.47;0.577525;0.170472;-0.194702;-8.9983
84.0082;-172.47;0.563204;0.169038;-0.16858;-8.52589
92.8337;-172.47;0.555445;0.160263;-0.140853;-8.00515
101.659;-172.47;0.583801;0.14905;-0.114816;-7.45957
110.485;-172.47;0.627017;0.137346;-0.0891787;-6.86645
119.31;-172.47;0.619253;0.126097;-0.0682757;-6.20692
128.135;-172.47;0.585312;0.114896;-0.0517123;-5.50524
136.961;-172.47;0.595444;0.103257;-0.0333134;-4.81298
145.786;-172.47;0.723219;0.089213;-0.0109326;-4.18802
154.612;-172.47;1.05699;0.0700678;0.014288;-3.6788
163.437;-172.47;1.37336;0.0514825;0.0380546;-3.16775
172.263;-172.47;1.66426;0.0210574;0.0512698;-2.59023
-145.454;-181.296;0.304358;0.00900299;-0.0337619;-2.6472
-136.628;-181.296;0.253576;-0.00438903;-0.0552041;-3.3611
-127.803;-181.296;0.213475;-0.0177728;-0.0796831;-4.0712
-118.977;-181.296;0.171922;-0.0259938;-0.10069;-4.72617
-110.152;-181.296;0.166238;-0.021288;-0.12216;-5.38215
-101.326;-181.296;0.0982794;-0.00413293;-0.145586;-5.96655
-92.5009;-181.296;0.0116049;-0.000212385;-0.168516;-6.49298
-83.6754;-181.296;0.0273832;-0.00413012;-0.185639;-7.00919
-74.85;-181.296;0.123015;-0.00854229;-0.208519;-7.56806
-66.0245;-181.296;0.143232;-0.0097635;-0.232722;-8.03104
-57.1991;-181.296;0.0148042;-0.00583589;-0.256848;-8.37906
-48.3736;-181.296;0.0159366;0.00281044;-0.271047;-8.75136
-39.5482;-181.296;0.222437;0.0130727;-0.281483;-9.19907
-30.7227;-181.296;0.311543;0.0249119;-0.297188;-9.4923
-21.8972;-181.296;0.339021;0.0386037;-0.311564;-9.67739
-13.0718;-181.296;0.479114;0.0579525;-0.313229;-9.87309
-4.24634;-181.296;0.743259;0.0848227;-0.303956;-10.114
4.57912;-181.296;0.76888;0.100903;-0.302828;-10.1782
13.4046;-181.296;0.754919;0.106849;-0.293812;-10.1113
22.23;-181.296;0.671556;0.114091;-0.2715;-9.90822
31.0555;-181.296;0.566281;0.121482;-0.243571;-9.60522
39.8809;-181.296;0.513767;0.130316;-0.216392;-9.30314
48.7064;-181.296;0.54517;0.13348;-0.188747;-9.0102
57.5318;-181.296;0.542997;0.137188;-0.169692;-8.66976
66.3573;-181.296;0.53656;0.141982;-0.157621;-8.28499
75.1828;-181.296;0.540784;0.145317;-0.142321;-7.87719
84.0082;-181.296;0.543684;0.144643;-0.118838;-7.43575
92.8337;-181.296;0.53725;0.137857;-0.0970209;-6.93868
101.659;-181.296;0.536837;0.130544;-0.0793999;-6.40408
110.485;-181.296;0.562105;0.121144;-0.0605117;-5.84473
119.31;-181.296;0.586667;0.110565;-0.0423585;-5.25392
128.135;-181.296;0.618418;0.0991271;-0.0270863;-4.63793
136.961;-181.296;0.693757;0.0868928;-0.0121465;-4.02653
145.786;-181.296;0.875015;0.0727273;0.00272978;-3.47562
154.612;-181.296;1.09588;0.0567793;0.0179544;-2.92119
163.437;-181.296;1.27883;0.036113;0.0365219;-2.31122
-136.628;-190.121;0.19613;0.00136558;-0.0305935;-2.43211
-127.803;-190.121;0.162143;-0.0102658;-0.0479655;-3.1033
-118.977;-190.121;0.114246;-0.0199505;-0.0665342;-3.74739
-110.152;-190.121;0.0842868;-0.0164904;-0.0879513;-4.38097
-101.326;-190.121;-0.015994;0.00464931;-0.10719;-4.91023
-92.5009;-190.121;-0.166291;0.0108268;-0.126807;-5.35808
-83.6754;-190.121;-0.167756;0.00766296;-0.142438;-5.85295
-74.85;-190.121;-0.0250949;0.00289269;-0.161885;-6.42537
-66.0245;-190.121;0.0898463;0.00107443;-0.182434;-6.93641
-57.1991;-190.121;0.054378;0.00382031;-0.202044;-7.31322
-48.3736;-190.121;0.0591765;0.0112817;-0.214526;-7.66015
-39.5482;-190.121;0.165635;0.0189969;-0.222513;-8.02558
-30.7227;-190.121;0.257111;0.0283451;-0.231641;-8.32243
-21.8972;-190.121;0.354962;0.0420856;-0.241956;-8.56336
-13.0718;-190.121;0.510745;0.0635432;-0.249716;-8.79444
-4.24634;-190.121;0.685397;0.0846766;-0.249539;-8.95466
4.57912;-190.121;0.685484;0.0918815;-0.245715;-8.94813
13.4046;-190.121;0.573083;0.0936668;-0.238189;-8.80895
22.23;-190.121;0.470705;0.0983475;-0.220144;-8.58066
31.0555;-190.121;0.3864;0.105968;-0.198669;-8.3135
39.8809;-190.121;0.354107;0.11302;-0.175639;-8.04431
48.7064;-190.121;0.390468;0.115753;-0.15012;-7.77482
57.5318;-190.121;0.402613;0.118347;-0.129728;-7.45919
66.3573;-190.121;0.418893;0.120829;-0.113356;-7.10367
75.1828;-190.121;0.45553;0.122523;-0.0955564;-6.72881
84.0082;-190.121;0.485849;0.122484;-0.0742831;-6.32312
92.8337;-190.121;0.491425;0.119154;-0.0593726;-5.86288
101.659;-190.121;0.486417;0.116373;-0.0511491;-5.3577
110.485;-190.121;0.500954;0.110868;-0.0421482;-4.83147
119.31;-190.121;0.528682;0.102282;-0.031045;-4.28334
128.135;-190.121;0.579323;0.0908056;-0.0185381;-3.71562
136.961;-190.121;0.667171;0.078875;-0.00602637;-3.13608
145.786;-190.121;0.814931;0.062974;0.00953607;-2.57288
154.612;-190.121;0.938992;0.0452714;0.0271292;-1.95749
-118.977;-198.947;0.101305;-0.00338115;-0.0272169;-2.77409
-110.152;-198.947;0.0919557;-0.00060396;-0.0440774;-3.36174
-101.326;-198.947;-0.03895;0.0150693;-0.0663496;-3.88321
-92.5009;-198.947;-0.258473;0.0196916;-0.0893199;-4.29865
-83.6754;-198.947;-0.269998;0.0185705;-0.104323;-4.80119
-74.85;-198.947;-0.11751;0.0166503;-0.117243;-5.36056
-66.0245;-198.947;0.0506661;0.0150901;-0.131618;-5.87882
-57.1991;-198.947;0.120925;0.0141346;-0.147836;-6.28459
-48.3736;-198.947;0.125112;0.0189335;-0.161968;-6.61476
-39.5482;-198.947;0.161835;0.0239009;-0.17372;-6.91307
-30.7227;-198.947;0.192786;0.0287091;-0.188506;-7.17491
-21.8972;-198.947;0.261822;0.0395145;-0.202189;-7.39536
-13.0718;-198.947;0.384024;0.0589228;-0.211634;-7.58623
-4.24634;-198.947;0.494842;0.0756353;-0.209178;-7.66979
4.57912;-198.947;0.467864;0.0800763;-0.200626;-7.61718
13.4046;-198.947;0.38772;0.078512;-0.189887;-7.47157
22.23;-198.947;0.32086;0.0819853;-0.175173;-7.2786
31.0555;-198.947;0.256281;0.088804;-0.158427;-7.05281
39.8809;-198.947;0.22392;0.0928816;-0.137385;-6.8028
48.7064;-198.947;0.24645;0.0943202;-0.11408;-6.54823
57.5318;-198.947;0.275248;0.0972507;-0.0935254;-6.26269
66.3573;-198.947;0.317322;0.100512;-0.073385;-5.94285
75.1828;-198.947;0.377048;0.101601;-0.0526304;-5.599
84.0082;-198.947;0.426127;0.10113;-0.0335092;-5.22348
92.8337;-198.947;0.45057;0.0990973;-0.0239583;-4.79977
101.659;-198.947;0.4691;0.0994275;-0.0222886;-4.34033
110.485;-198.947;0.49691;0.0976888;-0.0196505;-3.85086
119.31;-198.947;0.520972;0.0916642;-0.0140886;-3.31604
128.135;-198.947;0.546241;0.0816829;-0.00821823;-2.7588
136.961;-198.947;0.599508;0.0691312;0.00145306;-2.19289
145.786;-198.947;0.70021;0.0517001;0.0212601;-1.60715
-118.977;-207.772;0.015966;0.0136221;0.00196074;-1.78699
-110.152;-207.772;0.052824;0.0187943;-0.0127018;-2.35641
-101.326;-207.772;-0.0357196;0.0247301;-0.0381184;-2.87917
-92.5009;-207.772;-0.202745;0.0222759;-0.0624841;-3.33271
-83.6754;-207.772;-0.18943;0.0208079;-0.0722782;-3.82631
-74.85;-207.772;-0.099069;0.0220458;-0.079589;-4.33415
-66.0245;-207.772;0.0068562;0.0222343;-0.0933962;-4.7955
-57.1991;-207.772;0.0729841;0.0218515;-0.107266;-5.17188
-48.3736;-207.772;0.0949409;0.0227582;-0.122849;-5.48797
-39.5482;-207.772;0.101438;0.026659;-0.13797;-5.74993
-30.7227;-207.772;0.117571;0.0302447;-0.154376;-5.97494
-21.8972;-207.772;0.157902;0.0372608;-0.170102;-6.16173
-13.0718;-207.772;0.226734;0.0507669;-0.183088;-6.30992
-4.24634;-207.772;0.287244;0.0632042;-0.184687;-6.36922
4.57912;-207.772;0.276505;0.065324;-0.175277;-6.31968
13.4046;-207.772;0.246487;0.0616611;-0.162159;-6.20742
22.23;-207.772;0.219207;0.0658188;-0.145624;-6.05346
31.0555;-207.772;0.178043;0.0714017;-0.124392;-5.85014
39.8809;-207.772;0.152058;0.0735086;-0.0985928;-5.61921
48.7064;-207.772;0.171894;0.0733728;-0.0737248;-5.38649
57.5318;-207.772;0.227036;0.0746966;-0.0511678;-5.13388
66.3573;-207.772;0.300329;0.0778228;-0.0274854;-4.84345
75.1828;-207.772;0.370197;0.0786589;-0.00570581;-4.52523
84.0082;-207.772;0.431398;0.0794648;0.0092207;-4.18808
92.8337;-207.772;0.490845;0.079793;0.0147866;-3.81072
101.659;-207.772;0.534642;0.0811317;0.0135948;-3.39822
110.485;-207.772;0.567047;0.0803096;0.0100585;-2.91726
119.31;-207.772;0.574345;0.0742431;0.0102808;-2.38805
128.135;-207.772;0.574192;0.064578;0.0119362;-1.83214
136.961;-207.772;0.578027;0.0524586;0.0197001;-1.25767
-83.6754;-216.598;-0.150553;0.0216326;-0.0446255;-2.83745
-74.85;-216.598;-0.0698529;0.023861;-0.049435;-3.28047
-66.0245;-216.598;-0.0211978;0.0268836;-0.0613569;-3.69196
-57.1991;-216.598;0.0016285;0.0270295;-0.0739272;-4.0306
-48.3736;-216.598;0.00145107;0.0264617;-0.0895719;-4.32616
-39.5482;-216.598;0.0199876;0.0298451;-0.104825;-4.56691
-30.7227;-216.598;0.0559018;0.0351635;-0.120951;-4.76461
-21.8972;-216.598;0.0952491;0.0398753;-0.136646;-4.92655
-13.0718;-216.598;0.135929;0.0460042;-0.149912;-5.04127
-4.24634;-216.598;0.161466;0.0522618;-0.156728;-5.09141
4.57912;-216.598;0.151133;0.053729;-0.153083;-5.07172
13.4046;-216.598;0.13946;0.0494246;-0.142049;-5.0023
22.23;-216.598;0.120239;0.0522308;-0.119673;-4.85771
31.0555;-216.598;0.0958551;0.0540707;-0.0889992;-4.65315
39.8809;-216.598;0.104025;0.0527605;-0.0562394;-4.44709
48.7064;-216.598;0.171168;0.0510551;-0.0265158;-4.26985
57.5318;-216.598;0.285476;0.052161;0.00092802;-4.08896
66.3573;-216.598;0.389844;0.0564596;0.0264266;-3.84848
75.1828;-216.598;0.473421;0.0599482;0.0432951;-3.56348
84.0082;-216.598;0.56478;0.065284;0.0537714;-3.28147
92.8337;-216.598;0.660815;0.0649998;0.0540111;-2.94652
101.659;-216.598;0.730768;0.0594502;0.0469556;-2.53566
110.485;-216.598;0.718139;0.0549026;0.0363371;-2.02811
-83.6754;-225.423;-0.133148;0.0265741;-0.0115247;-1.79393
-74.85;-225.423;-0.0454036;0.0270333;-0.0191038;-2.22098
-66.0245;-225.423;-0.0131855;0.0294769;-0.0313716;-2.59825
-57.1991;-225.423;-0.0169903;0.0294799;-0.0422084;-2.91026
-48.3736;-225.423;-0.03701;0.0283636;-0.0536647;-3.18556
-39.5482;-225.423;-0.0055027;0.0308112;-0.0675193;-3.42367
-30.7227;-225.423;0.0465333;0.0372679;-0.0829195;-3.61833
-21.8972;-225.423;0.0782624;0.0423955;-0.09986;-3.76576
-13.0718;-225.423;0.0952924;0.0457765;-0.112457;-3.86282
-4.24634;-225.423;0.0945464;0.0485907;-0.119232;-3.90414
4.57912;-225.423;0.0654043;0.0494725;-0.119232;-3.88343
13.4046;-225.423;0.0276722;0.0440101;-0.111734;-3.80985
22.23;-225.423;0.00210755;0.0421944;-0.0825831;-3.65382
31.0555;-225.423;0.00972294;0.0412922;-0.0453542;-3.47765
39.8809;-225.423;0.112327;0.0389898;-0.00958333;-3.3506
48.7064;-225.423;0.247565;0.0391038;0.0221519;-3.2568
57.5318;-225.423;0.436433;0.0401126;0.0509925;-3.15282
66.3573;-225.423;0.527002;0.0476364;0.0738594;-2.97332
75.1828;-225.423;0.606364;0.0547541;0.081511;-2.70495
84.0082;-225.423;0.686016;0.0560526;0.0759693;-2.37727
92.8337;-225.423;0.711629;0.0554648;0.0713346;-1.99168
-39.5482;-234.249;0.0306207;0.0310541;-0.0277726;-2.33587
-30.7227;-234.249;0.0831289;0.0353895;-0.0456328;-2.53845
-21.8972;-234.249;0.0934164;0.0403788;-0.063363;-2.67209
-13.0718;-234.249;0.0837572;0.0434576;-0.0735886;-2.73951
-4.24634;-234.249;0.0577434;0.0455842;-0.078141;-2.75766
4.57912;-234.249;0.00689619;0.045053;-0.075864;-2.7112
13.4046;-234.249;-0.0793437;0.0388982;-0.0663172;-2.60295
22.23;-234.249;-0.0531941;0.034786;-0.034133;-2.49743
31.0555;-234.249;0.0867969;0.0355002;0.00125907;-2.46795
39.8809;-234.249;0.350686;0.034274;0.0322038;-2.46346
48.7064;-234.249;0.536908;0.0331834;0.0537224;-2.38746
57.5318;-234.249;0.540877;0.036004;0.0662516;-2.17935
66.3573;-234.249;0.400515;0.0450442;0.0682555;-1.8621
75.1828;-234.249;0.247771;0.0499856;0.0605534;-1.47414
-4.24634;-243.074;0.085174;0.0453136;-0.0337429;-1.69384
4.57912;-243.074;0.0448187;0.0451317;-0.0339609;-1.67159
13.4046;-243.074;-0.0103361;0.038848;-0.0256761;-1.60675
22.23;-243.074;0.19242;0.0360403;0.002855;-1.64353
31.0555;-243.074;0.548206;0.0369697;0.0371074;-1.74816
