x[mm];y[mm];z[mm];x-displacement[mm];y-displacement[mm];z-displacement[mm]
-4.24634;224.675;0.375758;0.041006;0.072862;-2.19704
4.57912;224.675;0.279688;0.0478865;0.073192;-2.20027
13.4046;224.675;0.244098;0.0547497;0.0712742;-2.17785
22.23;224.675;0.214277;0.0559629;0.0631428;-2.10403
31.0555;224.675;0.169214;0.0553464;0.0581468;-1.99264
-39.5482;215.85;0.228536;0.0296725;0.0929595;-2.51189
-30.7227;215.85;0.132185;0.0312603;0.100401;-2.65162
-21.8972;215.85;0.00690536;0.0365501;0.0929884;-2.70133
-13.0718;215.85;-0.0678567;0.0491779;0.0887669;-2.8222
-4.24634;215.85;-0.0400073;0.0541141;0.0910703;-2.94889
4.57912;215.85;-0.0137488;0.0587313;0.100063;-3.0442
13.4046;215.85;0.00217642;0.0625551;0.106371;-3.06963
22.23;215.85;0.0324511;0.0622808;0.104635;-3.04051
31.0555;215.85;0.0670344;0.0635711;0.0992416;-2.97719
39.8809;215.85;0.0771415;0.0666527;0.0877401;-2.85509
48.7064;215.85;0.0358777;0.0689412;0.0757789;-2.68276
57.5318;215.85;-0.0227074;0.0704445;0.065589;-2.45766
66.3573;215.85;-0.0863275;0.0692589;0.0652322;-2.20072
75.1828;215.85;-0.127406;0.0658988;0.0633135;-1.91591
-74.85;207.024;0.59461;0.0171381;0.0658209;-2.42973
-66.0245;207.024;0.486612;0.0268981;0.0743729;-2.73237
-57.1991;207.024;0.307945;0.032652;0.0867457;-2.98168
-48.3736;207.024;0.233351;0.0309983;0.100744;-3.26961
-39.5482;207.024;0.145739;0.0315046;0.112086;-3.47548
-30.7227;207.024;-0.153578;0.0369809;0.12689;-3.50203
-21.8972;207.024;-0.444783;0.0420286;0.125108;-3.43476
-13.0718;207.024;-0.518978;0.052752;0.117262;-3.52683
-4.24634;207.024;-0.398179;0.0604685;0.111951;-3.70666
4.57912;207.024;-0.29085;0.0666354;0.123497;-3.87866
13.4046;207.024;-0.188586;0.0702002;0.134829;-3.98315
22.23;207.024;-0.0832845;0.0711832;0.13664;-4.0236
31.0555;207.024;0.00173202;0.073699;0.128604;-3.99101
39.8809;207.024;0.0396905;0.0793173;0.112605;-3.88077
48.7064;207.024;0.0246193;0.0832984;0.0966655;-3.71134
57.5318;207.024;-0.0306136;0.0856854;0.088987;-3.48142
66.3573;207.024;-0.0857333;0.0859085;0.0897885;-3.21817
75.1828;207.024;-0.119264;0.0830051;0.0889555;-2.92462
84.0082;207.024;-0.122125;0.0776137;0.0815198;-2.6012
92.8337;207.024;-0.102492;0.073191;0.0640816;-2.23032
-110.152;198.199;0.893724;0.0198958;0.0368264;-1.6844
-101.326;198.199;0.790244;0.0147339;0.05168;-2.15212
-92.5009;198.199;0.684541;0.00514014;0.0670259;-2.62492
-83.6754;198.199;0.63034;-0.0021707;0.0784647;-3.08138
-74.85;198.199;0.540479;0.00489179;0.0873309;-3.49374
-66.0245;198.199;0.373743;0.0216791;0.0938593;-3.78523
-57.1991;198.199;0.150043;0.0367176;0.107236;-4.00294
-48.3736;198.199;0.108936;0.0367234;0.11669;-4.26642
-39.5482;198.199;0.0654755;0.0378631;0.121539;-4.48391
-30.7227;198.199;-0.178439;0.0420115;0.134347;-4.53675
-21.8972;198.199;-0.383967;0.0441761;0.135412;-4.5213
-13.0718;198.199;-0.404249;0.0524015;0.128068;-4.62936
-4.24634;198.199;-0.259576;0.060342;0.119866;-4.80718
4.57912;198.199;-0.149092;0.0663139;0.130164;-4.97691
13.4046;198.199;-0.0598719;0.0715148;0.143299;-5.08782
22.23;198.199;0.00467943;0.0769814;0.148406;-5.12206
31.0555;198.199;0.0444207;0.082468;0.142592;-5.0684
39.8809;198.199;0.062254;0.0883506;0.128991;-4.94522
48.7064;198.199;0.0619776;0.0925151;0.115765;-4.77467
57.5318;198.199;0.0215814;0.0962581;0.10842;-4.54276
66.3573;198.199;-0.0206234;0.0984197;0.106356;-4.26869
75.1828;198.199;-0.044663;0.0971853;0.102249;-3.96066
84.0082;198.199;-0.0387745;0.0926048;0.0945497;-3.61826
92.8337;198.199;-0.0265803;0.0866233;0.0813109;-3.23735
101.659;198.199;-0.010551;0.0802372;0.0667819;-2.81616
110.485;198.199;0.0169507;0.0709476;0.0502644;-2.36848
-110.152;189.373;0.930837;0.0054016;0.046222;-2.6287
-101.326;189.373;0.892086;0.000704391;0.0554324;-3.15041
-92.5009;189.373;0.791371;-0.00904131;0.071127;-3.64559
-83.6754;189.373;0.655952;-0.0184169;0.0918136;-4.1032
-74.85;189.373;0.473169;-0.00983301;0.106239;-4.48172
-66.0245;189.373;0.255245;0.015228;0.116135;-4.78725
-57.1991;189.373;0.0654671;0.0352903;0.11818;-4.97545
-48.3736;189.373;0.000737889;0.0362304;0.12517;-5.22628
-39.5482;189.373;0.0191545;0.0380645;0.124701;-5.51649
-30.7227;189.373;-0.0364448;0.0428934;0.130935;-5.72877
-21.8972;189.373;-0.082711;0.049138;0.13303;-5.86689
-13.0718;189.373;-0.0487373;0.0587817;0.129266;-6.01571
-4.24634;189.373;0.0601943;0.0672414;0.124709;-6.16674
4.57912;189.373;0.120273;0.0717462;0.133894;-6.27935
13.4046;189.373;0.149755;0.0759365;0.144678;-6.31275
22.23;189.373;0.152561;0.0823317;0.150744;-6.27929
31.0555;189.373;0.146051;0.0886286;0.148477;-6.18604
39.8809;189.373;0.144224;0.0937941;0.139897;-6.04719
48.7064;189.373;0.148461;0.0979388;0.130422;-5.86738
57.5318;189.373;0.119586;0.102771;0.123138;-5.62312
66.3573;189.373;0.0844441;0.106007;0.1167;-5.33217
75.1828;189.373;0.0629578;0.106108;0.10956;-5.00746
84.0082;189.373;0.0600902;0.103078;0.100993;-4.65071
92.8337;189.373;0.0644549;0.098417;0.0904083;-4.25405
101.659;189.373;0.0664289;0.0926591;0.0781445;-3.81393
110.485;189.373;0.0848117;0.0852553;0.0641461;-3.33218
119.31;189.373;0.124769;0.075402;0.0458128;-2.83789
128.135;189.373;0.179572;0.0645235;0.0275324;-2.32003
136.961;189.373;0.201108;0.0486055;0.00536259;-1.73356
-127.803;180.548;1.05846;0.0035621;0.0224319;-2.37607
-118.977;180.548;0.997956;-0.00857115;0.0406121;-2.96134
-110.152;180.548;0.970836;-0.015439;0.0534041;-3.53459
-101.326;180.548;0.96254;-0.0232714;0.0609745;-4.06442
-92.5009;180.548;0.807726;-0.0329071;0.0835603;-4.5319
-83.6754;180.548;0.539784;-0.0419961;0.11815;-4.92202
-74.85;180.548;0.348888;-0.0284027;0.136003;-5.33513
-66.0245;180.548;0.265878;0.00477836;0.131577;-5.78187
-57.1991;180.548;0.201836;0.0290053;0.117663;-6.06224
-48.3736;180.548;0.0658138;0.0310282;0.127099;-6.31759
-39.5482;180.548;0.0982304;0.0296596;0.127706;-6.60481
-30.7227;180.548;0.155431;0.0335562;0.129346;-6.88392
-21.8972;180.548;0.209804;0.041741;0.130788;-7.09821
-13.0718;180.548;0.26204;0.0522511;0.130955;-7.26534
-4.24634;180.548;0.305143;0.060898;0.132518;-7.38728
4.57912;180.548;0.300953;0.0655611;0.141748;-7.45121
13.4046;180.548;0.280497;0.0730647;0.15112;-7.44315
22.23;180.548;0.257491;0.0821046;0.156662;-7.381
31.0555;180.548;0.245243;0.0900138;0.156766;-7.2808
39.8809;180.548;0.246722;0.0961408;0.152277;-7.14422
48.7064;180.548;0.251238;0.101626;0.145573;-6.95729
57.5318;180.548;0.224418;0.10718;0.138456;-6.7007
66.3573;180.548;0.193296;0.110586;0.130246;-6.3999
75.1828;180.548;0.177118;0.112034;0.122633;-6.06682
84.0082;180.548;0.172933;0.111686;0.115419;-5.69461
92.8337;180.548;0.161004;0.109957;0.107168;-5.26976
101.659;180.548;0.133258;0.106417;0.096613;-4.79127
110.485;180.548;0.128493;0.0980312;0.0817394;-4.27995
119.31;180.548;0.152883;0.0879676;0.0632965;-3.75305
128.135;180.548;0.207737;0.0793727;0.0438872;-3.21627
136.961;180.548;0.270701;0.0689711;0.0240472;-2.66248
145.786;180.548;0.262011;0.0552501;0.00210353;-2.02827
154.612;180.548;0.195857;0.0340282;-0.0221809;-1.30473
-136.628;171.722;1.14351;-0.008961;0.0244282;-2.62655
-127.803;171.722;1.06686;-0.0192091;0.0419156;-3.2431
-118.977;171.722;0.968487;-0.0314534;0.0622181;-3.85036
-110.152;171.722;0.91058;-0.0423254;0.0771758;-4.44118
-101.326;171.722;0.8803;-0.051336;0.085552;-4.9773
-92.5009;171.722;0.628931;-0.063365;0.119082;-5.41037
-83.6754;171.722;0.300046;-0.0706456;0.163584;-5.79952
-74.85;171.722;0.291085;-0.0508705;0.169128;-6.27652
-66.0245;171.722;0.460908;-0.011391;0.139703;-6.83864
-57.1991;171.722;0.522507;0.016619;0.11362;-7.22181
-48.3736;171.722;0.364773;0.0207809;0.125509;-7.49167
-39.5482;171.722;0.305224;0.0227235;0.140501;-7.75067
-30.7227;171.722;0.324616;0.0279808;0.150932;-8.01572
-21.8972;171.722;0.359439;0.0366762;0.155341;-8.22197
-13.0718;171.722;0.375868;0.0469537;0.157738;-8.36745
-4.24634;171.722;0.361798;0.0560214;0.161587;-8.45718
4.57912;171.722;0.320094;0.0627986;0.167526;-8.49251
13.4046;171.722;0.294483;0.072433;0.173662;-8.47882
22.23;171.722;0.285953;0.0834797;0.178192;-8.42749
31.0555;171.722;0.301115;0.0933101;0.178795;-8.34565
39.8809;171.722;0.327054;0.101635;0.175275;-8.22265
48.7064;171.722;0.33724;0.109198;0.169316;-8.03577
57.5318;171.722;0.313679;0.114695;0.161123;-7.7722
66.3573;171.722;0.294204;0.117878;0.152195;-7.47084
75.1828;171.722;0.291278;0.120683;0.143426;-7.13244
84.0082;171.722;0.287603;0.122883;0.135866;-6.74
92.8337;171.722;0.25443;0.12319;0.129551;-6.27807
101.659;171.722;0.190846;0.121554;0.120875;-5.7605
110.485;171.722;0.172383;0.115162;0.103893;-5.22984
119.31;171.722;0.185627;0.107057;0.0834953;-4.68459
128.135;171.722;0.211511;0.0980665;0.0637809;-4.1147
136.961;171.722;0.236322;0.0881027;0.044208;-3.51603
145.786;171.722;0.31376;0.0713727;0.0225766;-2.90738
154.612;171.722;0.23832;0.0577302;0.00431091;-2.19942
163.437;171.722;0.0883176;0.0433546;-0.00598223;-1.45355
-145.454;162.897;1.15461;-0.015344;0.027687;-2.7688
-136.628;162.897;1.13588;-0.0260671;0.0434065;-3.44405
-127.803;162.897;1.0774;-0.0351496;0.062087;-4.10516
-118.977;162.897;0.980421;-0.047234;0.081368;-4.72085
-110.152;162.897;0.914287;-0.0588404;0.0958902;-5.32209
-101.326;162.897;0.871911;-0.0687201;0.104153;-5.86854
-92.5009;162.897;0.650106;-0.0804151;0.134812;-6.35222
-83.6754;162.897;0.420197;-0.0826058;0.167078;-6.79785
-74.85;162.897;0.58986;-0.0572258;0.158253;-7.33966
-66.0245;162.897;0.807345;-0.0181074;0.12199;-7.90525
-57.1991;162.897;0.779558;0.00937278;0.1048;-8.32591
-48.3736;162.897;0.601513;0.0158118;0.125285;-8.59891
-39.5482;162.897;0.529642;0.0204121;0.149984;-8.85215
-30.7227;162.897;0.517672;0.0258202;0.170864;-9.10146
-21.8972;162.897;0.500015;0.0349953;0.182318;-9.29093
-13.0718;162.897;0.463971;0.0463094;0.187714;-9.41647
-4.24634;162.897;0.419105;0.0571795;0.19159;-9.48907
4.57912;162.897;0.379074;0.0665813;0.194851;-9.52043
13.4046;162.897;0.364858;0.0775256;0.197893;-9.51518
22.23;162.897;0.363894;0.0886076;0.201601;-9.47577
31.0555;162.897;0.384962;0.0988185;0.20345;-9.40461
39.8809;162.897;0.419324;0.108413;0.202373;-9.29079
48.7064;162.897;0.442699;0.116809;0.199101;-9.10861
57.5318;162.897;0.421008;0.122292;0.189926;-8.83381
66.3573;162.897;0.389526;0.126517;0.17758;-8.50973
75.1828;162.897;0.377531;0.131061;0.165412;-8.14764
84.0082;162.897;0.368036;0.135076;0.156053;-7.73446
92.8337;162.897;0.330358;0.135687;0.149878;-7.25284
101.659;162.897;0.260863;0.133975;0.14397;-6.72557
110.485;162.897;0.26187;0.129389;0.125104;-6.204
119.31;162.897;0.299042;0.123307;0.100756;-5.66353
128.135;162.897;0.344955;0.114346;0.0772263;-5.08529
136.961;162.897;0.382717;0.101263;0.0552472;-4.46601
145.786;162.897;0.416761;0.0842386;0.0326966;-3.81909
154.612;162.897;0.332867;0.0715639;0.017768;-3.0821
163.437;162.897;0.230206;0.0600206;0.0147852;-2.32802
-163.105;154.071;1.20252;0.00813506;0.0104781;-2.0263
-154.279;154.071;1.13906;-0.0126116;0.0276016;-2.79024
-145.454;154.071;1.11547;-0.0287511;0.0444512;-3.53662
-136.628;154.071;1.12115;-0.0365028;0.0578018;-4.25245
-127.803;154.071;1.08164;-0.0456196;0.0756594;-4.93926
-118.977;154.071;1.01224;-0.0570425;0.0928545;-5.58291
-110.152;154.071;0.97436;-0.0682645;0.104826;-6.20209
-101.326;154.071;0.972763;-0.076317;0.109908;-6.7942
-92.5009;154.071;0.860946;-0.0816822;0.126319;-7.35326
-83.6754;154.071;0.790592;-0.0758318;0.139272;-7.86591
-74.85;154.071;0.89014;-0.0496528;0.133229;-8.45225
-66.0245;154.071;0.954122;-0.0189973;0.113076;-8.95071
-57.1991;154.071;0.857777;0.00170137;0.109407;-9.32606
-48.3736;154.071;0.692038;0.00902592;0.131808;-9.59594
-39.5482;154.071;0.652509;0.0162329;0.159197;-9.86847
-30.7227;154.071;0.644239;0.0230919;0.183104;-10.1209
-21.8972;154.071;0.627721;0.0335787;0.196689;-10.3141
-13.0718;154.071;0.58993;0.045347;0.204431;-10.4463
-4.24634;154.071;0.53875;0.0564004;0.21187;-10.527
4.57912;154.071;0.495007;0.0672714;0.217883;-10.5661
13.4046;154.071;0.479858;0.078794;0.221296;-10.5616
22.23;154.071;0.456536;0.0910023;0.224636;-10.5119
31.0555;154.071;0.446423;0.103391;0.22629;-10.423
39.8809;154.071;0.455528;0.115842;0.225678;-10.2933
48.7064;154.071;0.466134;0.126156;0.224666;-10.0973
57.5318;154.071;0.427753;0.132905;0.218047;-9.80436
66.3573;154.071;0.381533;0.138136;0.206375;-9.46412
75.1828;154.071;0.375794;0.14284;0.192199;-9.09719
84.0082;154.071;0.389735;0.146917;0.178686;-8.68938
92.8337;154.071;0.385538;0.147193;0.167747;-8.21468
101.659;154.071;0.349303;0.144232;0.160782;-7.68807
110.485;154.071;0.367342;0.139214;0.142893;-7.16094
119.31;154.071;0.416055;0.133476;0.118697;-6.61113
128.135;154.071;0.460767;0.124293;0.0932883;-6.01402
136.961;154.071;0.471651;0.110479;0.0693015;-5.36268
145.786;154.071;0.468605;0.0945317;0.0452959;-4.67869
154.612;154.071;0.397623;0.0819034;0.0286004;-3.94112
163.437;154.071;0.311385;0.0705304;0.02336;-3.1567
172.263;154.071;0.253158;0.057845;0.0229704;-2.37729
181.088;154.071;0.265392;0.0403123;0.0205762;-1.54624
-171.93;145.246;1.12975;0.0181096;0.00535145;-1.9197
-163.105;145.246;1.1641;-0.00163237;0.0198315;-2.72937
-154.279;145.246;1.11817;-0.0217716;0.0366734;-3.52144
-145.454;145.246;1.09692;-0.0371731;0.053638;-4.29219
-136.628;145.246;1.09647;-0.0477272;0.0691631;-5.03791
-127.803;145.246;1.06622;-0.0578395;0.0852892;-5.75383
-118.977;145.246;1.0209;-0.0688071;0.0993863;-6.42157
-110.152;145.246;0.999578;-0.0791357;0.10928;-7.06724
-101.326;145.246;1.01174;-0.0845837;0.113457;-7.70099
-92.5009;145.246;0.99025;-0.0826955;0.11963;-8.31279
-83.6754;145.246;0.99117;-0.0710945;0.124863;-8.87551
-74.85;145.246;1.00651;-0.0509585;0.121783;-9.40515
-66.0245;145.246;0.966159;-0.030262;0.116103;-9.86091
-57.1991;145.246;0.852637;-0.0147889;0.120881;-10.2257
-48.3736;145.246;0.72729;-0.0054532;0.140463;-10.5092
-39.5482;145.246;0.702204;0.00505449;0.166394;-10.8105
-30.7227;145.246;0.69207;0.0147867;0.189235;-11.0749
-21.8972;145.246;0.674958;0.0280955;0.2029;-11.2798
-13.0718;145.246;0.632476;0.042224;0.213531;-11.4266
-4.24634;145.246;0.57001;0.0549857;0.227197;-11.5169
4.57912;145.246;0.513373;0.0672178;0.238933;-11.5561
13.4046;145.246;0.489802;0.0799658;0.244732;-11.5416
22.23;145.246;0.459978;0.0936675;0.246569;-11.478
31.0555;145.246;0.436727;0.107997;0.245191;-11.371
39.8809;145.246;0.426509;0.122501;0.24187;-11.2205
48.7064;145.246;0.420906;0.134385;0.241202;-11.0065
57.5318;145.246;0.390984;0.142141;0.239104;-10.7148
66.3573;145.246;0.366716;0.148739;0.231713;-10.3839
75.1828;145.246;0.38773;0.154232;0.21851;-10.0335
84.0082;145.246;0.431634;0.158834;0.201584;-9.64406
92.8337;145.246;0.465293;0.159396;0.184894;-9.1857
101.659;145.246;0.471788;0.156047;0.174645;-8.66878
110.485;145.246;0.488642;0.151333;0.159015;-8.12293
119.31;145.246;0.512269;0.146662;0.137844;-7.5404
128.135;145.246;0.525369;0.138058;0.11311;-6.908
136.961;145.246;0.514664;0.123173;0.0874558;-6.22414
145.786;145.246;0.494587;0.107109;0.0612785;-5.51068
154.612;145.246;0.443393;0.0942606;0.0405559;-4.76075
163.437;145.246;0.374303;0.0809096;0.030195;-3.97669
172.263;145.246;0.309826;0.0672666;0.0231593;-3.15254
181.088;145.246;0.303764;0.0508063;0.0195285;-2.3335
189.914;145.246;0.257625;0.028041;0.00873326;-1.42897
-171.93;136.421;1.1272;0.0106394;0.0150203;-2.58583
-163.105;136.421;1.13201;-0.00952369;0.0275625;-3.42875
-154.279;136.421;1.10889;-0.0290052;0.0444737;-4.23689
-145.454;136.421;1.0897;-0.0451599;0.0621082;-5.02588
-136.628;136.421;1.06611;-0.0593898;0.0786005;-5.79377
-127.803;136.421;1.03453;-0.0710768;0.092819;-6.52878
-118.977;136.421;1.00021;-0.0810723;0.1035;-7.21632
-110.152;136.421;0.976495;-0.0893755;0.111268;-7.87611
-101.326;136.421;0.973718;-0.0927641;0.115987;-8.51828
-92.5009;136.421;0.979882;-0.0869803;0.119318;-9.131
-83.6754;136.421;0.971124;-0.074274;0.126733;-9.70046
-74.85;136.421;0.960534;-0.0599371;0.129386;-10.2295
-66.0245;136.421;0.908822;-0.0464749;0.131619;-10.692
-57.1991;136.421;0.818984;-0.0337454;0.139805;-11.0807
-48.3736;136.421;0.735081;-0.0209776;0.157111;-11.4088
-39.5482;136.421;0.699776;-0.00818097;0.180417;-11.7251
-30.7227;136.421;0.670017;0.00438839;0.202107;-11.9942
-21.8972;136.421;0.632726;0.0205372;0.216653;-12.1948
-13.0718;136.421;0.570894;0.036971;0.229303;-12.3327
-4.24634;136.421;0.492476;0.0515056;0.245606;-12.4138
4.57912;136.421;0.426974;0.0653043;0.261245;-12.4484
13.4046;136.421;0.408886;0.0814275;0.268291;-12.443
22.23;136.421;0.403583;0.0982053;0.267402;-12.3935
31.0555;136.421;0.398919;0.11419;0.261421;-12.2903
39.8809;136.421;0.388089;0.129546;0.253234;-12.128
48.7064;136.421;0.371371;0.143265;0.249331;-11.902
57.5318;136.421;0.35706;0.153845;0.249045;-11.6215
66.3573;136.421;0.363845;0.163103;0.245751;-11.3027
75.1828;136.421;0.389822;0.171225;0.23565;-10.9502
84.0082;136.421;0.420866;0.177728;0.218943;-10.5438
92.8337;136.421;0.450837;0.178747;0.199995;-10.0687
101.659;136.421;0.486847;0.175353;0.186646;-9.55981
110.485;136.421;0.498685;0.171729;0.171617;-8.99807
119.31;136.421;0.494235;0.167979;0.152419;-8.3816
128.135;136.421;0.489489;0.159117;0.128834;-7.72192
136.961;136.421;0.490531;0.142604;0.102339;-7.02698
145.786;136.421;0.47703;0.125759;0.0751021;-6.29898
154.612;136.421;0.443659;0.111723;0.0519639;-5.53396
163.437;136.421;0.383422;0.0976719;0.0371182;-4.72852
172.263;136.421;0.319043;0.0802357;0.0247573;-3.89123
181.088;136.421;0.290374;0.0587776;0.012431;-3.04298
189.914;136.421;0.275553;0.0410898;0.0075175;-2.15546
-180.755;127.595;1.15316;0.0284638;0.0119693;-2.3622
-171.93;127.595;1.12186;0.00567544;0.0226268;-3.22488
-163.105;127.595;1.08813;-0.020271;0.0410788;-4.09799
-154.279;127.595;1.07622;-0.0390441;0.056706;-4.9283
-145.454;127.595;1.05949;-0.0557324;0.0735373;-5.73863
-136.628;127.595;1.02683;-0.0713244;0.0900549;-6.52744
-127.803;127.595;0.996568;-0.0829552;0.102065;-7.2818
-118.977;127.595;0.965194;-0.0908212;0.109364;-7.99339
-110.152;127.595;0.938294;-0.0958849;0.115203;-8.67205
-101.326;127.595;0.926748;-0.097038;0.121587;-9.32308
-92.5009;127.595;0.912986;-0.0902074;0.128315;-9.93721
-83.6754;127.595;0.881609;-0.078195;0.137684;-10.5078
-74.85;127.595;0.858373;-0.0672796;0.143899;-11.0419
-66.0245;127.595;0.820977;-0.0577923;0.151609;-11.5193
-57.1991;127.595;0.76378;-0.0470775;0.164313;-11.9295
-48.3736;127.595;0.702799;-0.0335009;0.182976;-12.2856
-39.5482;127.595;0.660219;-0.0196247;0.203964;-12.6212
-30.7227;127.595;0.610662;-0.00399866;0.225348;-12.9058
-21.8972;127.595;0.553821;0.0163504;0.240536;-13.1116
-13.0718;127.595;0.477661;0.036149;0.252789;-13.2454
-4.24634;127.595;0.395245;0.0531322;0.268478;-13.324
4.57912;127.595;0.339587;0.0699326;0.284552;-13.3723
13.4046;127.595;0.347598;0.0885591;0.29008;-13.3828
22.23;127.595;0.371056;0.107295;0.286426;-13.347
31.0555;127.595;0.389171;0.12406;0.277027;-13.251
39.8809;127.595;0.38246;0.139364;0.264819;-13.0756
48.7064;127.595;0.348047;0.15431;0.256205;-12.8215
57.5318;127.595;0.304717;0.168135;0.252162;-12.5043
66.3573;127.595;0.293317;0.179348;0.249104;-12.1481
75.1828;127.595;0.271681;0.189921;0.241363;-11.7368
84.0082;127.595;0.21958;0.198055;0.227631;-11.2407
92.8337;127.595;0.172103;0.200005;0.211285;-10.6877
101.659;127.595;0.20512;0.1961;0.196591;-10.1659
110.485;127.595;0.236273;0.192675;0.179817;-9.6105
119.31;127.595;0.257112;0.189021;0.159134;-9.00249
128.135;127.595;0.297355;0.17946;0.13501;-8.36579
136.961;127.595;0.355407;0.163313;0.108714;-7.70578
145.786;127.595;0.367758;0.147987;0.0833578;-6.98663
154.612;127.595;0.339977;0.133795;0.0609908;-6.20501
163.437;127.595;0.29198;0.118358;0.0446265;-5.38423
172.263;127.595;0.250485;0.0986681;0.0283788;-4.53851
181.088;127.595;0.236302;0.0756822;0.0135044;-3.6831
189.914;127.595;0.200733;0.0570436;0.00950478;-2.80427
198.739;127.595;0.158688;0.0380931;0.00405173;-1.86502
207.565;127.595;0.395024;0.0149685;-0.00967752;-0.904679
-189.581;118.77;1.1177;0.0371889;0.0126606;-2.07364
-180.755;118.77;1.09406;0.0193547;0.0214549;-2.9562
-171.93;118.77;1.07296;-0.00700289;0.0400406;-3.86416
-163.105;118.77;1.03285;-0.0323045;0.0581849;-4.73999
-154.279;118.77;1.02052;-0.0517756;0.0732624;-5.59668
-145.454;118.77;1.01285;-0.0674488;0.0879001;-6.43026
-136.628;118.77;0.984;-0.0827954;0.103626;-7.24265
-127.803;118.77;0.957453;-0.0932628;0.112812;-8.0165
-118.977;118.77;0.929682;-0.0998879;0.11729;-8.75381
-110.152;118.77;0.912249;-0.103173;0.122153;-9.45868
-101.326;118.77;0.912634;-0.101892;0.129282;-10.1242
-92.5009;118.77;0.882581;-0.0954664;0.138886;-10.7456
-83.6754;118.77;0.814427;-0.0859185;0.150153;-11.3254
-74.85;118.77;0.763848;-0.0766668;0.159272;-11.8667
-66.0245;118.77;0.720896;-0.0684455;0.17212;-12.3582
-57.1991;118.77;0.6755;-0.0583139;0.189948;-12.7876
-48.3736;118.77;0.631181;-0.0446651;0.21116;-13.1674
-39.5482;118.77;0.602716;-0.0309321;0.231629;-13.5251
-30.7227;118.77;0.572688;-0.0135151;0.249861;-13.8302
-21.8972;118.77;0.530896;0.0101076;0.261746;-14.0529
-13.0718;118.77;0.466832;0.0320805;0.270476;-14.2021
-4.24634;118.77;0.403245;0.0494582;0.282715;-14.3016
4.57912;118.77;0.370627;0.0662101;0.297566;-14.3736
13.4046;118.77;0.374062;0.0866019;0.303682;-14.3834
22.23;118.77;0.36351;0.108247;0.300212;-14.3218
31.0555;118.77;0.345104;0.127587;0.289397;-14.1914
39.8809;118.77;0.30355;0.146658;0.276084;-13.981
48.7064;118.77;0.212627;0.163789;0.264923;-13.6523
57.5318;118.77;0.0569061;0.181898;0.257999;-13.2211
66.3573;118.77;-0.0638853;0.196281;0.252577;-12.7655
75.1828;118.77;-0.112906;0.20765;0.241978;-12.3073
84.0082;118.77;-0.248958;0.221689;0.227071;-11.7385
92.8337;118.77;-0.43769;0.223184;0.20982;-11.0382
101.659;118.77;-0.480699;0.220663;0.193132;-10.4258
110.485;118.77;-0.40146;0.216476;0.177083;-9.89124
119.31;118.77;-0.283466;0.212006;0.158557;-9.35721
128.135;118.77;-0.128544;0.200956;0.136903;-8.80418
136.961;118.77;0.0234528;0.186149;0.111547;-8.21027
145.786;118.77;0.0739788;0.172493;0.0880514;-7.50545
154.612;118.77;0.0753081;0.159112;0.0662432;-6.72684
163.437;118.77;0.0755436;0.142353;0.0491341;-5.9193
172.263;118.77;0.0921696;0.122552;0.0330232;-5.10097
181.088;118.77;0.121932;0.100746;0.0190639;-4.26952
189.914;118.77;0.119876;0.0788771;0.0105654;-3.3932
198.739;118.77;0.109778;0.0576051;0.00684634;-2.46557
207.565;118.77;0.316742;0.0296737;-0.00383089;-1.5175
-189.581;109.944;1.03243;0.0179829;0.0238387;-2.63308
-180.755;109.944;0.999407;0.00366095;0.0367694;-3.53166
-171.93;109.944;0.996469;-0.0171366;0.0549494;-4.45098
-163.105;109.944;0.967239;-0.0410099;0.071292;-5.35363
-154.279;109.944;0.957578;-0.061161;0.0849252;-6.24193
-145.454;109.944;0.960721;-0.0770457;0.0987141;-7.10488
-136.628;109.944;0.94335;-0.0936096;0.114312;-7.94365
-127.803;109.944;0.909488;-0.10693;0.123986;-8.7382
-118.977;109.944;0.87243;-0.11663;0.129345;-9.50106
-110.152;109.944;0.854059;-0.120972;0.134855;-10.2359
-101.326;109.944;0.853912;-0.11837;0.14248;-10.927
-92.5009;109.944;0.819751;-0.110817;0.152832;-11.5618
-83.6754;109.944;0.757376;-0.101849;0.161979;-12.1571
-74.85;109.944;0.706286;-0.093989;0.169294;-12.7167
-66.0245;109.944;0.658474;-0.0866649;0.182122;-13.2299
-57.1991;109.944;0.619952;-0.0766643;0.202751;-13.6815
-48.3736;109.944;0.595885;-0.0624839;0.228131;-14.0852
-39.5482;109.944;0.576766;-0.0472577;0.249449;-14.4572
-30.7227;109.944;0.550944;-0.0275549;0.266038;-14.776
-21.8972;109.944;0.514533;-0.00177563;0.275732;-15.0184
-13.0718;109.944;0.461198;0.0209419;0.282305;-15.1939
-4.24634;109.944;0.411489;0.038912;0.291662;-15.3161
4.57912;109.944;0.383619;0.0572843;0.304453;-15.3935
13.4046;109.944;0.367311;0.0798524;0.311503;-15.3899
22.23;109.944;0.326019;0.101801;0.310038;-15.3036
31.0555;109.944;0.278331;0.120636;0.299754;-15.1459
39.8809;109.944;0.210469;0.145641;0.28577;-14.9149
48.7064;109.944;0.104359;0.174917;0.272992;-14.5746
57.5318;109.944;-0.0354433;0.203685;0.264419;-14.1435
66.3573;109.944;-0.095118;0.220236;0.258265;-13.7229
75.1828;109.944;-0.0761973;0.23132;0.241305;-13.316
84.0082;109.944;-0.205945;0.24712;0.214248;-12.741
92.8337;109.944;-0.454149;0.247929;0.194601;-11.951
101.659;109.944;-0.62332;0.245767;0.178821;-11.1983
110.485;109.944;-0.607741;0.240971;0.163869;-10.5721
119.31;109.944;-0.510044;0.236447;0.147878;-10.0001
128.135;109.944;-0.349533;0.224788;0.130914;-9.43239
136.961;109.944;-0.175447;0.210208;0.110544;-8.83662
145.786;109.944;-0.0669494;0.197344;0.0935007;-8.15575
154.612;109.944;-0.01631;0.184966;0.0745786;-7.39538
163.437;109.944;0.0320889;0.167291;0.0566954;-6.59393
172.263;109.944;0.0823051;0.146782;0.0410278;-5.77076
181.088;109.944;0.125678;0.125575;0.0285734;-4.92776
189.914;109.944;0.154805;0.102595;0.018806;-4.04537
198.739;109.944;0.163803;0.076457;0.0134634;-3.12977
207.565;109.944;0.290216;0.0469897;-4.44315e-05;-2.1501
-198.406;101.119;1.147;0.0284498;0.0126311;-2.28345
-189.581;101.119;1.04388;0.0109555;0.0274613;-3.1958
-180.755;101.119;0.983041;-0.00580992;0.0438596;-4.1181
-171.93;101.119;0.964203;-0.0257528;0.0589061;-5.0431
-163.105;101.119;0.938417;-0.0489169;0.0724338;-5.97017
-154.279;101.119;0.926309;-0.0696399;0.0857477;-6.88392
-145.454;101.119;0.917144;-0.0874247;0.0998737;-7.76832
-136.628;101.119;0.881806;-0.10684;0.11494;-8.6234
-127.803;101.119;0.821768;-0.123028;0.124129;-9.42689
-118.977;101.119;0.766645;-0.136403;0.1305;-10.2065
-110.152;101.119;0.74933;-0.143879;0.1385;-10.9709
-101.326;101.119;0.76738;-0.142104;0.149019;-11.7029
-92.5009;101.119;0.76512;-0.13303;0.16002;-12.3755
-83.6754;101.119;0.744013;-0.121883;0.166164;-12.9992
-74.85;101.119;0.701561;-0.113666;0.171663;-13.5863
-66.0245;101.119;0.647384;-0.106234;0.183881;-14.1252
-57.1991;101.119;0.592339;-0.0957783;0.206457;-14.5997
-48.3736;101.119;0.549457;-0.0803166;0.235813;-15.021
-39.5482;101.119;0.527716;-0.0618802;0.25875;-15.3986
-30.7227;101.119;0.511535;-0.0399246;0.275202;-15.7269
-21.8972;101.119;0.489405;-0.0136336;0.285704;-15.9918
-13.0718;101.119;0.459138;0.00923256;0.293522;-16.1972
-4.24634;101.119;0.43005;0.0284043;0.302489;-16.3382
4.57912;101.119;0.408029;0.048713;0.312875;-16.4161
13.4046;101.119;0.385235;0.0719788;0.31939;-16.4088
22.23;101.119;0.339027;0.0922613;0.320058;-16.3208
31.0555;101.119;0.281757;0.109791;0.312176;-16.1578
39.8809;101.119;0.216035;0.14255;0.296611;-15.9297
48.7064;101.119;0.170724;0.189002;0.279772;-15.6532
57.5318;101.119;0.187875;0.232185;0.267967;-15.3538
66.3573;101.119;0.30281;0.252721;0.26153;-15.0738
75.1828;101.119;0.377268;0.265187;0.237813;-14.7042
84.0082;101.119;0.275398;0.276957;0.203198;-14.1128
92.8337;101.119;0.0372399;0.278261;0.18059;-13.3084
101.659;101.119;-0.198252;0.278507;0.164778;-12.4856
110.485;101.119;-0.251137;0.273495;0.148864;-11.7688
119.31;101.119;-0.217901;0.268035;0.133435;-11.1058
128.135;101.119;-0.134608;0.258498;0.120947;-10.4474
136.961;101.119;-0.0351562;0.244468;0.107495;-9.75939
145.786;101.119;0.0491776;0.230872;0.0967174;-9.02899
154.612;101.119;0.0974265;0.217191;0.0818496;-8.23509
163.437;101.119;0.145832;0.198497;0.0644907;-7.3984
172.263;101.119;0.175609;0.178295;0.0479871;-6.52921
181.088;101.119;0.177583;0.158622;0.0338187;-5.63295
189.914;101.119;0.176825;0.133999;0.0198703;-4.7024
198.739;101.119;0.221702;0.100804;0.0104509;-3.755
207.565;101.119;0.282995;0.0673976;-0.000879805;-2.7505
-198.406;92.2933;1.18437;0.0349051;0.00650769;-2.81902
-189.581;92.2933;1.07497;0.0182216;0.0217305;-3.7541
-180.755;92.2933;0.998286;-0.00857398;0.0425565;-4.69294
-171.93;92.2933;0.968392;-0.0335445;0.0575373;-5.63414
-163.105;92.2933;0.945304;-0.0570692;0.0690257;-6.57835
-154.279;92.2933;0.914747;-0.0786571;0.0835469;-7.50499
-145.454;92.2933;0.871873;-0.0988788;0.099399;-8.40379
-136.628;92.2933;0.808397;-0.120227;0.112749;-9.273
-127.803;92.2933;0.736524;-0.138001;0.119098;-10.0946
-118.977;92.2933;0.687129;-0.153682;0.127093;-10.9057
-110.152;92.2933;0.680305;-0.163373;0.138792;-11.7049
-101.326;92.2933;0.707287;-0.162712;0.152578;-12.4756
-92.5009;92.2933;0.729098;-0.152933;0.164823;-13.1935
-83.6754;92.2933;0.727188;-0.140601;0.172373;-13.8545
-74.85;92.2933;0.698585;-0.13101;0.180478;-14.4698
-66.0245;92.2933;0.649578;-0.121424;0.193601;-15.0287
-57.1991;92.2933;0.584156;-0.108768;0.215836;-15.5199
-48.3736;92.2933;0.523727;-0.0912236;0.244281;-15.9613
-39.5482;92.2933;0.499115;-0.0704684;0.267889;-16.3567
-30.7227;92.2933;0.497649;-0.0474973;0.285851;-16.7078
-21.8972;92.2933;0.489067;-0.0206788;0.299325;-17.0021
-13.0718;92.2933;0.473797;0.00407641;0.310281;-17.2348
-4.24634;92.2933;0.45855;0.0259592;0.320915;-17.3904
4.57912;92.2933;0.44347;0.0484671;0.329935;-17.4695
13.4046;92.2933;0.419474;0.0726225;0.33352;-17.4621
22.23;92.2933;0.379548;0.0914906;0.332666;-17.3821
31.0555;92.2933;0.32535;0.110559;0.325866;-17.2216
39.8809;92.2933;0.261383;0.153898;0.305641;-16.9881
48.7064;92.2933;0.258426;0.215675;0.278719;-16.7457
57.5318;92.2933;0.387234;0.269729;0.256441;-16.5389
66.3573;92.2933;0.623477;0.292647;0.244405;-16.3537
75.1828;92.2933;0.720206;0.304507;0.217714;-15.97
84.0082;92.2933;0.663598;0.309727;0.188202;-15.3668
92.8337;92.2933;0.501468;0.310789;0.16855;-14.6135
101.659;92.2933;0.323976;0.311307;0.153625;-13.8206
110.485;92.2933;0.264703;0.306618;0.136007;-13.0704
119.31;92.2933;0.246117;0.300144;0.119759;-12.3279
128.135;92.2933;0.243546;0.291185;0.109147;-11.5643
136.961;92.2933;0.25272;0.277857;0.0990124;-10.7701
145.786;92.2933;0.275921;0.263224;0.0909039;-9.95838
154.612;92.2933;0.295945;0.248097;0.0803793;-9.11009
163.437;92.2933;0.311817;0.229604;0.0663667;-8.21831
172.263;92.2933;0.279589;0.209472;0.0513682;-7.27492
181.088;92.2933;0.204867;0.187955;0.0374066;-6.29396
189.914;92.2933;0.163567;0.158484;0.0226112;-5.30215
198.739;92.2933;0.219303;0.12289;0.0103137;-4.33173
207.565;92.2933;0.319398;0.0893802;0.0020336;-3.35603
-216.057;83.4678;1.13471;0.0239583;0.0157515;-1.30376
-207.232;83.4678;1.22884;0.0463142;-0.00196268;-2.29474
-198.406;83.4678;1.18969;0.044937;-0.000187719;-3.31716
-189.581;83.4678;1.08987;0.0281131;0.0138873;-4.28056
-180.755;83.4678;1.00692;-0.0064108;0.0367038;-5.23897
-171.93;83.4678;0.969912;-0.036974;0.0526861;-6.1948
-163.105;83.4678;0.932752;-0.0621656;0.0636931;-7.14768
-154.279;83.4678;0.868195;-0.0866017;0.079588;-8.08693
-145.454;83.4678;0.80282;-0.110019;0.0956845;-9.00552
-136.628;83.4678;0.737767;-0.131234;0.105622;-9.8984
-127.803;83.4678;0.687491;-0.147575;0.1088;-10.7575
-118.977;83.4678;0.658431;-0.161602;0.117289;-11.6036
-110.152;83.4678;0.651069;-0.170151;0.131022;-12.4306
-101.326;83.4678;0.662353;-0.169748;0.145871;-13.2255
-92.5009;83.4678;0.683476;-0.162057;0.157156;-13.9733
-83.6754;83.4678;0.679468;-0.153225;0.169042;-14.6695
-74.85;83.4678;0.662418;-0.143851;0.18414;-15.3141
-66.0245;83.4678;0.631809;-0.131473;0.201447;-15.9019
-57.1991;83.4678;0.582505;-0.115126;0.221453;-16.4268
-48.3736;83.4678;0.533435;-0.0954271;0.245604;-16.9034
-39.5482;83.4678;0.515732;-0.0746687;0.269552;-17.3348
-30.7227;83.4678;0.521203;-0.0530331;0.290199;-17.7163
-21.8972;83.4678;0.51276;-0.0257283;0.30476;-18.0235
-13.0718;83.4678;0.490002;0.00229513;0.316915;-18.2591
-4.24634;83.4678;0.471441;0.0278249;0.329769;-18.4183
4.57912;83.4678;0.45748;0.0531574;0.339352;-18.502
13.4046;83.4678;0.43093;0.0804008;0.339605;-18.5012
22.23;83.4678;0.400648;0.10098;0.334103;-18.4362
31.0555;83.4678;0.362231;0.127873;0.323736;-18.2834
39.8809;83.4678;0.290612;0.182502;0.295569;-18.0177
48.7064;83.4678;0.254512;0.249002;0.256621;-17.7008
57.5318;83.4678;0.330559;0.299981;0.221997;-17.4059
66.3573;83.4678;0.515635;0.319453;0.201789;-17.1467
75.1828;83.4678;0.601666;0.334326;0.18039;-16.74
84.0082;83.4678;0.587479;0.342658;0.164697;-16.1741
92.8337;83.4678;0.540979;0.34595;0.155424;-15.5192
101.659;83.4678;0.517455;0.344756;0.143329;-14.8239
110.485;83.4678;0.51399;0.340544;0.123154;-14.0901
119.31;83.4678;0.475877;0.332893;0.103959;-13.3058
128.135;83.4678;0.439115;0.321593;0.0910928;-12.4825
136.961;83.4678;0.419938;0.308499;0.0793509;-11.6394
145.786;83.4678;0.422525;0.292986;0.0703405;-10.7789
154.612;83.4678;0.436878;0.276103;0.0635024;-9.89533
163.437;83.4678;0.427536;0.257707;0.0555659;-8.95846
172.263;83.4678;0.334556;0.237318;0.0455919;-7.94938
181.088;83.4678;0.206021;0.212752;0.0343371;-6.9042
189.914;83.4678;0.188932;0.179255;0.0208561;-5.8975
198.739;83.4678;0.273545;0.14121;0.00545889;-4.9242
207.565;83.4678;0.415942;0.103548;-0.00669549;-3.95673
216.39;83.4678;0.529988;0.0675323;-0.0115092;-2.93021
225.215;83.4678;0.556288;0.0374338;-0.00373923;-1.86695
-216.057;74.6423;1.12691;0.0166375;0.0179999;-1.7497
-207.232;74.6423;1.19548;0.0464485;-0.000424034;-2.76304
-198.406;74.6423;1.1683;0.057823;-0.0084182;-3.77128
-189.581;74.6423;1.06752;0.0332328;0.00602206;-4.75366
-180.755;74.6423;1.00125;-0.00247175;0.0256282;-5.73027
-171.93;74.6423;0.963353;-0.0339056;0.0407095;-6.70556
-163.105;74.6423;0.902282;-0.059993;0.0512101;-7.66757
-154.279;74.6423;0.808838;-0.0879563;0.0659167;-8.63151
-145.454;74.6423;0.749486;-0.114295;0.0782009;-9.58438
-136.628;74.6423;0.711142;-0.134936;0.0837623;-10.5156
-127.803;74.6423;0.70024;-0.148404;0.0846617;-11.4219
-118.977;74.6423;0.678856;-0.158431;0.092413;-12.2988
-110.152;74.6423;0.645277;-0.163384;0.104662;-13.1418
-101.326;74.6423;0.6246;-0.162145;0.115969;-13.9509
-92.5009;74.6423;0.635026;-0.158231;0.123786;-14.726
-83.6754;74.6423;0.634419;-0.155957;0.139225;-15.4558
-74.85;74.6423;0.617016;-0.150108;0.16075;-16.1323
-66.0245;74.6423;0.604412;-0.137967;0.182756;-16.7595
-57.1991;74.6423;0.585235;-0.120426;0.200939;-17.3252
-48.3736;74.6423;0.565567;-0.100282;0.219943;-17.846
-39.5482;74.6423;0.56135;-0.080773;0.241068;-18.323
-30.7227;74.6423;0.554256;-0.0605147;0.263151;-18.7422
-21.8972;74.6423;0.531577;-0.0300136;0.28022;-19.0618
-13.0718;74.6423;0.48706;0.00329178;0.294935;-19.2869
-4.24634;74.6423;0.448874;0.0339308;0.309086;-19.442
4.57912;74.6423;0.423362;0.063007;0.315615;-19.5278
13.4046;74.6423;0.39967;0.0933354;0.307687;-19.5324
22.23;74.6423;0.396825;0.117298;0.294591;-19.4783
31.0555;74.6423;0.402012;0.157398;0.275779;-19.3413
39.8809;74.6423;0.3705;0.222441;0.242144;-19.0788
48.7064;74.6423;0.346608;0.287456;0.204275;-18.7274
57.5318;74.6423;0.377197;0.329552;0.174288;-18.3448
66.3573;74.6423;0.454387;0.347264;0.15418;-17.9544
75.1828;74.6423;0.48965;0.362555;0.139188;-17.4802
84.0082;74.6423;0.493512;0.371265;0.13371;-16.9103
92.8337;74.6423;0.501657;0.375679;0.131121;-16.2851
101.659;74.6423;0.527678;0.375841;0.120598;-15.6122
110.485;74.6423;0.545655;0.371639;0.0997932;-14.869
119.31;74.6423;0.508302;0.36152;0.0800365;-14.0532
128.135;74.6423;0.475845;0.349641;0.0660756;-13.2142
136.961;74.6423;0.470008;0.337273;0.0544636;-12.3668
145.786;74.6423;0.4926;0.321181;0.0464262;-11.4974
154.612;74.6423;0.523872;0.303128;0.041808;-10.5996
163.437;74.6423;0.535088;0.282796;0.0394864;-9.65736
172.263;74.6423;0.478652;0.259048;0.0360035;-8.64673
181.088;74.6423;0.406547;0.229773;0.0299995;-7.60407
189.914;74.6423;0.426622;0.194618;0.0190466;-6.59799
198.739;74.6423;0.528834;0.155866;0.00483398;-5.61249
207.565;74.6423;0.613743;0.116812;-0.00667082;-4.59394
216.39;74.6423;0.669831;0.0789828;-0.0102246;-3.50014
225.215;74.6423;0.677051;0.0477083;-0.000822573;-2.41146
-216.057;65.8169;1.12026;0.0250626;0.0148826;-2.11545
-207.232;65.8169;1.14879;0.0481865;0.0017353;-3.1696
-198.406;65.8169;1.11237;0.0565732;-0.00852966;-4.17227
-189.581;65.8169;1.02263;0.0271146;0.000466847;-5.18319
-180.755;65.8169;0.985267;-0.00431365;0.0101035;-6.18141
-171.93;65.8169;0.966638;-0.0307325;0.0181836;-7.19921
-163.105;65.8169;0.909916;-0.0540319;0.0239843;-8.19248
-154.279;65.8169;0.829678;-0.0808943;0.0320081;-9.1912
-145.454;65.8169;0.798192;-0.106175;0.0363544;-10.1798
-136.628;65.8169;0.778588;-0.127532;0.0381756;-11.1474
-127.803;65.8169;0.784552;-0.14159;0.0381709;-12.0875
-118.977;65.8169;0.751508;-0.151968;0.0461082;-12.9885
-110.152;65.8169;0.692443;-0.156482;0.0568546;-13.8442
-101.326;65.8169;0.662609;-0.154914;0.0633741;-14.6694
-92.5009;65.8169;0.68874;-0.152151;0.0679458;-15.4727
-83.6754;65.8169;0.691828;-0.151994;0.0803177;-16.2323
-74.85;65.8169;0.672613;-0.151731;0.103372;-16.9451
-66.0245;65.8169;0.654771;-0.145507;0.130341;-17.6209
-57.1991;65.8169;0.633932;-0.13191;0.150735;-18.2295
-48.3736;65.8169;0.619889;-0.112983;0.167561;-18.7945
-39.5482;65.8169;0.623162;-0.0927299;0.185432;-19.3136
-30.7227;65.8169;0.623151;-0.0700988;0.208736;-19.7649
-21.8972;65.8169;0.626601;-0.03703;0.230105;-20.1179
-13.0718;65.8169;0.605253;-0.0012318;0.250701;-20.3672
-4.24634;65.8169;0.575321;0.0320318;0.266229;-20.544
4.57912;65.8169;0.546362;0.0635426;0.269698;-20.6422
13.4046;65.8169;0.524707;0.0955589;0.258187;-20.6454
22.23;65.8169;0.536323;0.125065;0.242316;-20.5831
31.0555;65.8169;0.559342;0.182357;0.21349;-20.4353
39.8809;65.8169;0.575888;0.259096;0.177823;-20.1967
48.7064;65.8169;0.645703;0.32268;0.151007;-19.9224
57.5318;65.8169;0.755603;0.358263;0.13848;-19.6052
66.3573;65.8169;0.789301;0.379321;0.129145;-19.1551
75.1828;65.8169;0.739683;0.397003;0.118667;-18.5693
84.0082;65.8169;0.701998;0.405385;0.113194;-17.9225
92.8337;65.8169;0.696709;0.408868;0.107507;-17.2428
101.659;65.8169;0.712534;0.40914;0.0962375;-16.524
110.485;65.8169;0.716904;0.4047;0.0795705;-15.7424
119.31;65.8169;0.677992;0.392428;0.06348;-14.8959
128.135;65.8169;0.6463;0.379268;0.0505615;-14.0331
136.961;65.8169;0.631982;0.364437;0.0410134;-13.1453
145.786;65.8169;0.636878;0.347241;0.0356586;-12.2292
154.612;65.8169;0.65845;0.328205;0.032253;-11.2954
163.437;65.8169;0.666517;0.306794;0.0301315;-10.3308
172.263;65.8169;0.64572;0.28054;0.0290519;-9.31702
181.088;65.8169;0.625726;0.24934;0.0266784;-8.27983
189.914;65.8169;0.650443;0.213403;0.016509;-7.25142
198.739;65.8169;0.719918;0.174897;0.00498939;-6.22422
207.565;65.8169;0.772802;0.135815;-0.00164889;-5.15688
216.39;65.8169;0.792541;0.0969172;-0.00223671;-4.04293
225.215;65.8169;0.789353;0.065473;0.00472931;-2.88859
234.041;65.8169;0.857881;0.0405104;0.0103915;-1.70266
-216.057;56.9914;1.09132;0.0364235;0.00994642;-2.44454
-207.232;56.9914;1.09696;0.0489195;0.000909243;-3.5128
-198.406;56.9914;1.03282;0.0481106;-0.00757018;-4.52481
-189.581;56.9914;0.945366;0.0114232;-0.00218429;-5.56797
-180.755;56.9914;0.929629;-0.0170091;-0.00100856;-6.58842
-171.93;56.9914;0.940946;-0.0375701;-0.00233209;-7.63059
-163.105;56.9914;0.927983;-0.0559944;-0.00477519;-8.66062
-154.279;56.9914;0.905055;-0.0767345;-0.0062601;-9.7002
-145.454;56.9914;0.912293;-0.0996459;-0.00848131;-10.7402
-136.628;56.9914;0.897163;-0.120877;-0.00864522;-11.7449
-127.803;56.9914;0.874911;-0.139269;-0.00318669;-12.7104
-118.977;56.9914;0.825809;-0.153717;0.00934752;-13.634
-110.152;56.9914;0.764951;-0.160512;0.0237173;-14.5144
-101.326;56.9914;0.739045;-0.159694;0.0309424;-15.3731
-92.5009;56.9914;0.772876;-0.156476;0.0335134;-16.2094
-83.6754;56.9914;0.783145;-0.156631;0.0442668;-17.0123
-74.85;56.9914;0.763011;-0.157434;0.066354;-17.7627
-66.0245;56.9914;0.728803;-0.15606;0.0915634;-18.4679
-57.1991;56.9914;0.69062;-0.147088;0.11206;-19.1055
-48.3736;56.9914;0.67462;-0.129812;0.130058;-19.7063
-39.5482;56.9914;0.690995;-0.107531;0.148474;-20.2658
-30.7227;56.9914;0.70422;-0.0808897;0.171107;-20.7492
-21.8972;56.9914;0.730038;-0.0454193;0.194801;-21.1406
-13.0718;56.9914;0.738211;-0.00888733;0.217067;-21.4354
-4.24634;56.9914;0.724077;0.0254153;0.233088;-21.6416
4.57912;56.9914;0.687946;0.0570131;0.240422;-21.7476
13.4046;56.9914;0.650439;0.086606;0.238348;-21.7407
22.23;56.9914;0.667564;0.122141;0.225084;-21.6771
31.0555;56.9914;0.697511;0.197208;0.189149;-21.513
39.8809;56.9914;0.727808;0.289446;0.151719;-21.2594
48.7064;56.9914;0.816947;0.357686;0.130507;-20.9844
57.5318;56.9914;0.927424;0.391998;0.124801;-20.6527
66.3573;56.9914;0.931704;0.415335;0.119616;-20.1511
75.1828;56.9914;0.832194;0.434118;0.113702;-19.4816
84.0082;56.9914;0.788661;0.441683;0.105111;-18.7864
92.8337;56.9914;0.792258;0.444471;0.0947199;-18.0776
101.659;56.9914;0.817246;0.444566;0.0830543;-17.3385
110.485;56.9914;0.832391;0.43996;0.0706853;-16.5434
119.31;56.9914;0.78495;0.426376;0.0602336;-15.6658
128.135;56.9914;0.736788;0.41111;0.0478476;-14.7548
136.961;56.9914;0.7044;0.393915;0.0384061;-13.8129
145.786;56.9914;0.696779;0.373761;0.0341117;-12.8492
154.612;56.9914;0.717658;0.351042;0.03103;-11.8848
163.437;56.9914;0.739117;0.32749;0.0276221;-10.9032
172.263;56.9914;0.740678;0.301233;0.0275994;-9.87952
181.088;56.9914;0.735965;0.272505;0.0273982;-8.83354
189.914;56.9914;0.746291;0.235645;0.0180757;-7.76943
198.739;56.9914;0.786065;0.195239;0.00837025;-6.70341
207.565;56.9914;0.829952;0.155172;0.00500826;-5.61419
216.39;56.9914;0.858795;0.115974;0.00586698;-4.49059
225.215;56.9914;0.879561;0.0789258;0.00861702;-3.31547
234.041;56.9914;0.956958;0.0518961;0.0158609;-2.12284
-224.883;48.166;1.06381;0.0552282;0.00537583;-1.68504
-216.057;48.166;1.06689;0.0411859;0.00639425;-2.73879
-207.232;48.166;1.05918;0.0434416;0.00021015;-3.79313
-198.406;48.166;0.954028;0.0283321;-0.00434946;-4.8378
-189.581;48.166;0.87483;-0.00604498;-0.00113211;-5.90215
-180.755;48.166;0.858174;-0.034191;-0.00289542;-6.96337
-171.93;48.166;0.857739;-0.0568806;-0.00851504;-8.03323
-163.105;48.166;0.85302;-0.0765139;-0.0150124;-9.09326
-154.279;48.166;0.870718;-0.0946087;-0.0207501;-10.1559
-145.454;48.166;0.921805;-0.114532;-0.0259278;-11.2228
-136.628;48.166;0.894862;-0.133983;-0.0227809;-12.2373
-127.803;48.166;0.848546;-0.151766;-0.0148929;-13.2107
-118.977;48.166;0.795662;-0.167238;0.000232238;-14.1534
-110.152;48.166;0.757496;-0.176725;0.0181497;-15.0707
-101.326;48.166;0.756007;-0.178474;0.0277657;-15.9778
-92.5009;48.166;0.790202;-0.17489;0.0290548;-16.8612
-83.6754;48.166;0.806275;-0.171664;0.0354042;-17.6966
-74.85;48.166;0.774131;-0.173273;0.0557733;-18.4701
-66.0245;48.166;0.722541;-0.171894;0.0800316;-19.1875
-57.1991;48.166;0.679461;-0.163354;0.102022;-19.8559
-48.3736;48.166;0.67987;-0.147127;0.122464;-20.5109
-39.5482;48.166;0.721992;-0.124201;0.143194;-21.139
-30.7227;48.166;0.747997;-0.0948653;0.165982;-21.6695
-21.8972;48.166;0.763623;-0.0576033;0.186438;-22.0865
-13.0718;48.166;0.780022;-0.0199178;0.203723;-22.4151
-4.24634;48.166;0.775986;0.0162839;0.219503;-22.6434
4.57912;48.166;0.751009;0.0478607;0.233399;-22.7632
13.4046;48.166;0.730967;0.0776463;0.241041;-22.7644
22.23;48.166;0.761595;0.130331;0.2271;-22.7108
31.0555;48.166;0.792619;0.223919;0.189542;-22.5415
39.8809;48.166;0.823484;0.324526;0.154079;-22.2674
48.7064;48.166;0.892501;0.391951;0.135337;-21.9404
57.5318;48.166;0.958623;0.424276;0.128195;-21.5277
66.3573;48.166;0.934247;0.44887;0.118638;-20.9625
75.1828;48.166;0.82986;0.468881;0.108695;-20.2523
84.0082;48.166;0.789482;0.475984;0.0967103;-19.527
92.8337;48.166;0.790305;0.475841;0.0854477;-18.7828
101.659;48.166;0.815422;0.470762;0.0760547;-18.0046
110.485;48.166;0.842251;0.462617;0.0676016;-17.1806
119.31;48.166;0.792912;0.447948;0.06079;-16.2649
128.135;48.166;0.731733;0.431291;0.049803;-15.306
136.961;48.166;0.693333;0.411672;0.039462;-14.3223
145.786;48.166;0.6932;0.389988;0.0330323;-13.3389
154.612;48.166;0.729869;0.367112;0.0285174;-12.3737
163.437;48.166;0.783083;0.34415;0.0250317;-11.3961
172.263;48.166;0.793743;0.319312;0.0264663;-10.3557
181.088;48.166;0.774467;0.291709;0.0280234;-9.27533
189.914;48.166;0.756993;0.253841;0.0210313;-8.16675
198.739;48.166;0.785683;0.209706;0.0122434;-7.07306
207.565;48.166;0.839869;0.167489;0.00900155;-5.9787
216.39;48.166;0.895652;0.12722;0.0102605;-4.86749
225.215;48.166;0.945642;0.0871418;0.0128264;-3.71923
234.041;48.166;1.00101;0.0547202;0.0197836;-2.53839
-224.883;39.3405;1.00932;0.0600769;0.00470029;-1.91208
-216.057;39.3405;1.0033;0.0454716;0.00498185;-2.98756
-207.232;39.3405;0.963398;0.0315125;0.00182254;-4.05676
-198.406;39.3405;0.873102;0.00839195;-0.000128424;-5.11597
-189.581;39.3405;0.837556;-0.0200646;0.000345392;-6.19988
-180.755;39.3405;0.834663;-0.047689;-0.00259163;-7.30727
-171.93;39.3405;0.820363;-0.0731684;-0.0090936;-8.39833
-163.105;39.3405;0.809218;-0.0956383;-0.0168872;-9.47806
-154.279;39.3405;0.840395;-0.113038;-0.0249044;-10.5479
-145.454;39.3405;0.891338;-0.131079;-0.0309741;-11.6201
-136.628;39.3405;0.844787;-0.148491;-0.0256549;-12.6345
-127.803;39.3405;0.771562;-0.164362;-0.0161858;-13.6158
-118.977;39.3405;0.732236;-0.179418;-0.00371394;-14.5779
-110.152;39.3405;0.725521;-0.192064;0.0110034;-15.5305
-101.326;39.3405;0.736193;-0.198696;0.0216734;-16.478
-92.5009;39.3405;0.752029;-0.197242;0.0250237;-17.3949
-83.6754;39.3405;0.7599;-0.19109;0.0295243;-18.2573
-74.85;39.3405;0.732953;-0.191346;0.0463213;-19.0686
-66.0245;39.3405;0.686689;-0.187266;0.0692186;-19.8153
-57.1991;39.3405;0.655393;-0.177093;0.0920544;-20.5291
-48.3736;39.3405;0.682302;-0.161702;0.11273;-21.2449
-39.5482;39.3405;0.755528;-0.140226;0.133226;-21.9458
-30.7227;39.3405;0.796349;-0.112267;0.157613;-22.5302
-21.8972;39.3405;0.79118;-0.0769213;0.179746;-22.9774
-13.0718;39.3405;0.806507;-0.0393122;0.196811;-23.3325
-4.24634;39.3405;0.81822;-0.00203416;0.216571;-23.5979
4.57912;39.3405;0.830384;0.0342191;0.235084;-23.7615
13.4046;39.3405;0.859274;0.0805037;0.239762;-23.8069
22.23;39.3405;0.916367;0.166237;0.215993;-23.7687
31.0555;39.3405;0.97782;0.277573;0.1795;-23.6271
39.8809;39.3405;1.07228;0.37056;0.153016;-23.4014
48.7064;39.3405;1.14421;0.425713;0.138599;-23.0449
57.5318;39.3405;1.14797;0.454366;0.127633;-22.5311
66.3573;39.3405;1.06754;0.481791;0.110381;-21.8749
75.1828;39.3405;0.956268;0.502897;0.0917696;-21.1116
84.0082;39.3405;0.881232;0.510497;0.0785259;-20.3252
92.8337;39.3405;0.836825;0.508319;0.0702843;-19.5145
101.659;39.3405;0.828571;0.499156;0.0649503;-18.6709
110.485;39.3405;0.84452;0.489525;0.0593908;-17.7983
119.31;39.3405;0.808106;0.475292;0.0538433;-16.8446
128.135;39.3405;0.753561;0.455623;0.044965;-15.8458
136.961;39.3405;0.723442;0.432473;0.0353776;-14.8325
145.786;39.3405;0.734529;0.408609;0.0272196;-13.8328
154.612;39.3405;0.784068;0.385325;0.0206688;-12.8576
163.437;39.3405;0.865232;0.361968;0.0177006;-11.8783
172.263;39.3405;0.887977;0.335748;0.0188473;-10.8187
181.088;39.3405;0.854081;0.302005;0.0213926;-9.68401
189.914;39.3405;0.805222;0.262484;0.017627;-8.52579
198.739;39.3405;0.832922;0.217809;0.0119704;-7.41736
207.565;39.3405;0.888458;0.175332;0.00978434;-6.31848
216.39;39.3405;0.95912;0.134083;0.0116891;-5.20556
225.215;39.3405;0.991232;0.0906841;0.0135856;-4.05414
234.041;39.3405;0.933845;0.0515447;0.0166973;-2.86717
-224.883;30.5151;0.99057;0.0535784;0.0102997;-2.15407
-216.057;30.5151;0.981583;0.0399343;0.00790277;-3.25736
-207.232;30.5151;0.931365;0.0198094;0.00516132;-4.33127
-198.406;30.5151;0.872733;-0.00663279;0.00346288;-5.40976
-189.581;30.5151;0.887535;-0.0287339;0.000455738;-6.49716
-180.755;30.5151;0.895695;-0.0549112;-0.0036534;-7.6252
-171.93;30.5151;0.873821;-0.0806216;-0.00963454;-8.72648
-163.105;30.5151;0.851353;-0.104021;-0.0172145;-9.81856
-154.279;30.5151;0.862394;-0.122466;-0.0261972;-10.8935
-145.454;30.5151;0.885473;-0.140532;-0.0330458;-11.9562
-136.628;30.5151;0.825808;-0.15753;-0.0288432;-12.977
-127.803;30.5151;0.744925;-0.172241;-0.0208769;-13.9751
-118.977;30.5151;0.719986;-0.186098;-0.013654;-14.9605
-110.152;30.5151;0.725504;-0.200979;-0.00473046;-15.9429
-101.326;30.5151;0.72966;-0.211664;0.00597369;-16.9177
-92.5009;30.5151;0.7258;-0.212172;0.0131688;-17.8626
-83.6754;30.5151;0.724869;-0.205178;0.0184879;-18.7627
-74.85;30.5151;0.716772;-0.203883;0.0302272;-19.6213
-66.0245;30.5151;0.687583;-0.198805;0.0494522;-20.4131
-57.1991;30.5151;0.672537;-0.188611;0.0708932;-21.1791
-48.3736;30.5151;0.721677;-0.174185;0.0900347;-21.9508
-39.5482;30.5151;0.820896;-0.153773;0.108128;-22.7176
-30.7227;30.5151;0.88652;-0.128235;0.13134;-23.3671
-21.8972;30.5151;0.890989;-0.0961435;0.156772;-23.8832
-13.0718;30.5151;0.928875;-0.0595394;0.181082;-24.3044
-4.24634;30.5151;0.987815;-0.0243562;0.21279;-24.6504
4.57912;30.5151;1.03992;0.0214344;0.234451;-24.8582
13.4046;30.5151;1.09212;0.100961;0.219566;-24.9208
22.23;30.5151;1.18464;0.231092;0.172867;-24.9013
31.0555;30.5151;1.36398;0.360317;0.131038;-24.8787
39.8809;30.5151;1.62341;0.435291;0.115689;-24.814
48.7064;30.5151;1.73033;0.465718;0.108607;-24.4465
57.5318;30.5151;1.66436;0.482219;0.0953154;-23.8071
66.3573;30.5151;1.50995;0.509837;0.0766683;-23.0331
75.1828;30.5151;1.34809;0.530233;0.0594592;-22.1585
84.0082;30.5151;1.19468;0.538158;0.0499123;-21.2483
92.8337;30.5151;1.09034;0.534661;0.0464716;-20.3383
101.659;30.5151;1.05168;0.523077;0.0454059;-19.4214
110.485;30.5151;1.05914;0.510389;0.0422103;-18.492
119.31;30.5151;1.03822;0.494828;0.038253;-17.5124
128.135;30.5151;0.995221;0.472276;0.0340923;-16.4858
136.961;30.5151;0.945152;0.447452;0.0283518;-15.4283
145.786;30.5151;0.905957;0.424127;0.021069;-14.3675
154.612;30.5151;0.897856;0.402688;0.0136323;-13.3231
163.437;30.5151;0.955381;0.378291;0.0109724;-12.3029
172.263;30.5151;0.973571;0.349795;0.0108492;-11.2225
181.088;30.5151;0.932285;0.315525;0.0125189;-10.0624
189.914;30.5151;0.878759;0.275745;0.0120703;-8.87429
198.739;30.5151;0.931644;0.231407;0.0118523;-7.77138
207.565;30.5151;1.01269;0.188601;0.0119878;-6.68464
216.39;30.5151;1.07774;0.145162;0.0126636;-5.5523
225.215;30.5151;1.10827;0.0971917;0.0118558;-4.36214
234.041;30.5151;1.10455;0.0504876;0.0124153;-3.15048
-224.883;21.6896;1.01462;0.0478712;0.0143282;-2.3588
-216.057;21.6896;1.02081;0.0327531;0.0104133;-3.50355
-207.232;21.6896;0.977158;0.0112513;0.0082985;-4.58879
-198.406;21.6896;0.945658;-0.0157033;0.00703025;-5.68698
-189.581;21.6896;0.973677;-0.0355748;0.00187743;-6.78467
-180.755;21.6896;0.979503;-0.0616141;-0.00354134;-7.91824
-171.93;21.6896;0.945033;-0.0859222;-0.0100688;-9.01267
-163.105;21.6896;0.90113;-0.107476;-0.0181082;-10.0945
-154.279;21.6896;0.882888;-0.126721;-0.028105;-11.1705
-145.454;21.6896;0.886958;-0.146961;-0.0364492;-12.2458
-136.628;21.6896;0.841583;-0.163931;-0.0363113;-13.2937
-127.803;21.6896;0.788218;-0.178016;-0.033542;-14.3231
-118.977;21.6896;0.768903;-0.190487;-0.0307207;-15.337
-110.152;21.6896;0.762174;-0.205856;-0.0245737;-16.3387
-101.326;21.6896;0.752518;-0.217568;-0.0142622;-17.3245
-92.5009;21.6896;0.744016;-0.217975;-0.00464235;-18.2843
-83.6754;21.6896;0.747503;-0.21143;0.00184681;-19.2172
-74.85;21.6896;0.754545;-0.211278;0.00942043;-20.1194
-66.0245;21.6896;0.734739;-0.208657;0.0238407;-20.9658
-57.1991;21.6896;0.728352;-0.200927;0.0432902;-21.7851
-48.3736;21.6896;0.784571;-0.187688;0.0624013;-22.6018
-39.5482;21.6896;0.895969;-0.166601;0.0815519;-23.4181
-30.7227;21.6896;1.00116;-0.139484;0.106694;-24.1466
-21.8972;21.6896;1.06984;-0.107195;0.134953;-24.7616
-13.0718;21.6896;1.16794;-0.0723548;0.165657;-25.2954
-4.24634;21.6896;1.29043;-0.0405636;0.208131;-25.7376
4.57912;21.6896;1.29921;0.0132338;0.22182;-25.8813
13.4046;21.6896;1.235;0.12485;0.177286;-25.8271
22.23;21.6896;1.32112;0.298631;0.0954246;-25.824
31.0555;21.6896;1.69851;0.430728;0.0441086;-25.9061
39.8809;21.6896;1.94341;0.497153;0.0333045;-25.7795
48.7064;21.6896;1.87326;0.513867;0.0323869;-25.236
57.5318;21.6896;1.70887;0.524947;0.0293541;-24.5201
66.3573;21.6896;1.64212;0.549157;0.0274074;-23.7849
75.1828;21.6896;1.56797;0.563879;0.0247524;-22.944
84.0082;21.6896;1.38822;0.570834;0.0229664;-21.9674
92.8337;21.6896;1.24181;0.565628;0.0239827;-20.9722
101.659;21.6896;1.15467;0.554158;0.0253061;-19.9823
110.485;21.6896;1.10588;0.538674;0.0237386;-18.9746
119.31;21.6896;1.04414;0.523687;0.0201939;-17.941
128.135;21.6896;0.987147;0.50126;0.0186877;-16.8772
136.961;21.6896;0.943352;0.473924;0.0166522;-15.7913
145.786;21.6896;0.906968;0.447401;0.0125261;-14.6984
154.612;21.6896;0.882896;0.423998;0.00748446;-13.6124
163.437;21.6896;0.917764;0.397335;0.0063712;-12.5527
172.263;21.6896;0.932996;0.367522;0.0051726;-11.4522
181.088;21.6896;0.881726;0.333388;0.00539905;-10.2606
189.914;21.6896;0.833287;0.295053;0.00605043;-9.05745
198.739;21.6896;0.94611;0.250731;0.0088896;-7.99748
207.565;21.6896;1.09593;0.207079;0.0110513;-6.96463
216.39;21.6896;1.20366;0.161772;0.0127795;-5.85926
225.215;21.6896;1.22865;0.110719;0.0124645;-4.66048
234.041;21.6896;1.21946;0.0573982;0.0106678;-3.39264
242.866;21.6896;0.737962;0.0255205;0.0161722;-2.0576
-224.883;12.8642;1.05612;0.0555632;0.0124299;-2.4917
-216.057;12.8642;1.06185;0.0336314;0.00804973;-3.6588
-207.232;12.8642;0.999945;0.00989439;0.00721315;-4.73488
-198.406;12.8642;0.968572;-0.0180245;0.00727354;-5.83494
-189.581;12.8642;0.981789;-0.0405747;0.00211931;-6.95355
-180.755;12.8642;0.996518;-0.0690124;-0.0031428;-8.10934
-171.93;12.8642;0.943253;-0.0934728;-0.0101652;-9.19393
-163.105;12.8642;0.864096;-0.113951;-0.0195652;-10.2597
-154.279;12.8642;0.831519;-0.132397;-0.0319189;-11.3392
-145.454;12.8642;0.848888;-0.153575;-0.0428186;-12.4481
-136.628;12.8642;0.842674;-0.169285;-0.0479834;-13.5306
-127.803;12.8642;0.829648;-0.183204;-0.0495619;-14.5948
-118.977;12.8642;0.811409;-0.196023;-0.0473917;-15.6413
-110.152;12.8642;0.788221;-0.21198;-0.0424239;-16.6584
-101.326;12.8642;0.763332;-0.224168;-0.0340598;-17.6603
-92.5009;12.8642;0.743872;-0.224868;-0.0243135;-18.6317
-83.6754;12.8642;0.738293;-0.217854;-0.015588;-19.5759
-74.85;12.8642;0.752105;-0.219212;-0.00887471;-20.5143
-66.0245;12.8642;0.749092;-0.218398;0.00120558;-21.4165
-57.1991;12.8642;0.750809;-0.209882;0.0159523;-22.2801
-48.3736;12.8642;0.801242;-0.195198;0.0343333;-23.1272
-39.5482;12.8642;0.922001;-0.173318;0.0587532;-23.9804
-30.7227;12.8642;1.10148;-0.145175;0.0909298;-24.7946
-21.8972;12.8642;1.31405;-0.11426;0.124664;-25.542
-13.0718;12.8642;1.48842;-0.0798837;0.155328;-26.1575
-4.24634;12.8642;1.44887;-0.0301772;0.183096;-26.4828
4.57912;12.8642;1.19981;0.0380214;0.17708;-26.3612
13.4046;12.8642;0.924123;0.158187;0.114757;-26.1391
22.23;12.8642;0.870682;0.329169;0.025515;-26.0843
31.0555;12.8642;1.09906;0.459765;-0.0300979;-26.0786
39.8809;12.8642;1.09734;0.530125;-0.0513992;-25.7347
48.7064;12.8642;1.0253;0.549951;-0.0580845;-25.0871
57.5318;12.8642;1.09551;0.570383;-0.048938;-24.5134
66.3573;12.8642;1.33665;0.592688;-0.0283837;-23.9997
75.1828;12.8642;1.46785;0.600892;-0.0117791;-23.3165
84.0082;12.8642;1.32583;0.602779;-0.00477104;-22.3378
92.8337;12.8642;1.14837;0.592133;-0.000633539;-21.2622
101.659;12.8642;0.996261;0.57916;0.00319809;-20.1851
110.485;12.8642;0.884863;0.56336;0.00368939;-19.1104
119.31;12.8642;0.80867;0.547603;0.00225512;-18.0455
128.135;12.8642;0.788571;0.525001;0.00263154;-16.9941
136.961;12.8642;0.788863;0.49831;0.00249802;-15.9299
145.786;12.8642;0.789086;0.470893;0.000665665;-14.8478
154.612;12.8642;0.789267;0.444551;-0.001311;-13.7569
163.437;12.8642;0.827617;0.415499;7.47424e-05;-12.6812
172.263;12.8642;0.851269;0.384354;0.000247458;-11.5687
181.088;12.8642;0.802593;0.348728;0.00136999;-10.3559
189.914;12.8642;0.764352;0.310377;0.00296583;-9.14623
198.739;12.8642;0.894679;0.266775;0.00680664;-8.09517
207.565;12.8642;1.11131;0.222626;0.010197;-7.11645
216.39;12.8642;1.26532;0.178035;0.011721;-6.0529
225.215;12.8642;1.31563;0.128769;0.0125213;-4.8605
234.041;12.8642;1.25629;0.0788759;0.0127657;-3.55726
242.866;12.8642;1.02454;0.0385746;0.0177026;-2.1569
-233.708;4.0387;0.970567;0.0760895;0.00903242;-1.43612
-224.883;4.0387;1.05611;0.0659943;0.00693644;-2.56956
-216.057;4.0387;1.03173;0.0409649;0.00426219;-3.7046
-207.232;4.0387;0.905772;0.00802651;0.00522146;-4.78157
-198.406;4.0387;0.834545;-0.0246071;0.00636104;-5.8772
-189.581;4.0387;0.852567;-0.0506767;0.00196794;-7.01559
-180.755;4.0387;0.923193;-0.0784568;-0.00199916;-8.20202
-171.93;4.0387;0.879887;-0.104266;-0.00861347;-9.31454
-163.105;4.0387;0.778041;-0.125602;-0.0197431;-10.4053
-154.279;4.0387;0.750704;-0.13936;-0.0362688;-11.5081
-145.454;4.0387;0.815251;-0.151282;-0.0522494;-12.6169
-136.628;4.0387;0.828954;-0.166313;-0.0610178;-13.7125
-127.803;4.0387;0.817705;-0.181733;-0.0637801;-14.7859
-118.977;4.0387;0.808385;-0.196552;-0.0604308;-15.8408
-110.152;4.0387;0.791061;-0.21579;-0.0566593;-16.8865
-101.326;4.0387;0.755854;-0.229674;-0.0527725;-17.9032
-92.5009;4.0387;0.710604;-0.230747;-0.0473403;-18.8721
-83.6754;4.0387;0.681998;-0.225593;-0.0393613;-19.8129
-74.85;4.0387;0.695752;-0.228687;-0.0292273;-20.7768
-66.0245;4.0387;0.714417;-0.226462;-0.0220302;-21.7182
-57.1991;4.0387;0.725944;-0.215094;-0.0130051;-22.6184
-48.3736;4.0387;0.765626;-0.197639;0.00234502;-23.4893
-39.5482;4.0387;0.876335;-0.173751;0.0290742;-24.3668
-30.7227;4.0387;1.07701;-0.143753;0.0643569;-25.2304
-21.8972;4.0387;1.33105;-0.108394;0.0988596;-26.0489
-13.0718;4.0387;1.42379;-0.0611706;0.123088;-26.609
-4.24634;4.0387;0.79131;0.00426751;0.137541;-26.6305
4.57912;4.0387;0.165894;0.0852766;0.113796;-26.2341
13.4046;4.0387;0.0502786;0.212851;0.0430431;-26.082
22.23;4.0387;0.431554;0.349827;-0.0356332;-26.1775
31.0555;4.0387;0.675147;0.46852;-0.0862555;-26.116
39.8809;4.0387;0.545811;0.538737;-0.113984;-25.6132
48.7064;4.0387;0.520612;0.569597;-0.12414;-24.9937
57.5318;4.0387;0.733694;0.598972;-0.112692;-24.5326
66.3573;4.0387;1.08008;0.621104;-0.084416;-24.0997
75.1828;4.0387;1.27114;0.627321;-0.0566884;-23.4598
84.0082;4.0387;1.11627;0.627707;-0.0414122;-22.451
92.8337;4.0387;0.875649;0.613913;-0.0345585;-21.2836
101.659;4.0387;0.648453;0.598585;-0.0290478;-20.1116
110.485;4.0387;0.507238;0.58172;-0.0252458;-18.9941
119.31;4.0387;0.500926;0.562099;-0.0223472;-17.9602
128.135;4.0387;0.584916;0.539419;-0.0199659;-16.989
136.961;4.0387;0.655455;0.517269;-0.0193004;-15.9902
145.786;4.0387;0.700732;0.491798;-0.0187289;-14.942
154.612;4.0387;0.735282;0.462076;-0.0169422;-13.8596
163.437;4.0387;0.789184;0.431132;-0.0125686;-12.7849
172.263;4.0387;0.821612;0.398877;-0.00861276;-11.6658
181.088;4.0387;0.777993;0.36222;-0.00358597;-10.4444
189.914;4.0387;0.736501;0.322505;0.0014193;-9.21935
198.739;4.0387;0.823765;0.279592;0.00646291;-8.12087
207.565;4.0387;1.06119;0.234045;0.00974403;-7.14878
216.39;4.0387;1.23013;0.187697;0.0100437;-6.09465
225.215;4.0387;1.27151;0.139696;0.0109994;-4.90319
234.041;4.0387;1.18081;0.0922636;0.0157184;-3.57318
242.866;4.0387;1.01931;0.0482409;0.0230505;-2.17233
251.692;4.0387;0.994675;0.0367228;0.0256816;-0.793577
-233.708;-4.78675;0.917463;0.0820435;0.00984465;-1.44876
-224.883;-4.78675;0.994445;0.0672427;0.00928607;-2.59499
-216.057;-4.78675;0.947679;0.0391257;0.0068769;-3.71155
-207.232;-4.78675;0.796723;0.00191133;0.00696366;-4.77782
-198.406;-4.78675;0.716482;-0.0326905;0.0057466;-5.8663
-189.581;-4.78675;0.745535;-0.0575694;0.000837512;-7.01298
-180.755;-4.78675;0.872422;-0.0824541;-0.000975371;-8.22685
-171.93;-4.78675;0.889449;-0.101622;-0.00787106;-9.37376
-163.105;-4.78675;0.831692;-0.113673;-0.0227602;-10.4835
-154.279;-4.78675;0.817966;-0.120967;-0.0433046;-11.6089
-145.454;-4.78675;0.863743;-0.13065;-0.0600871;-12.7235
-136.628;-4.78675;0.845111;-0.151697;-0.0694329;-13.8311
-127.803;-4.78675;0.806519;-0.172227;-0.0722104;-14.905
-118.977;-4.78675;0.802731;-0.189687;-0.0685083;-15.9606
-110.152;-4.78675;0.78717;-0.207946;-0.0670332;-17.0158
-101.326;-4.78675;0.743456;-0.220462;-0.068072;-18.0385
-92.5009;-4.78675;0.683742;-0.223027;-0.0681873;-19.0133
-83.6754;-4.78675;0.637338;-0.220736;-0.063438;-19.9591
-74.85;-4.78675;0.641553;-0.223672;-0.0546775;-20.9262
-66.0245;-4.78675;0.664505;-0.221823;-0.0495905;-21.8768
-57.1991;-4.78675;0.680742;-0.212747;-0.0452694;-22.7987
-48.3736;-4.78675;0.720361;-0.19731;-0.0344038;-23.6935
-39.5482;-4.78675;0.81216;-0.172845;-0.0129367;-24.5735
-30.7227;-4.78675;0.966209;-0.139765;0.0152363;-25.4128
-21.8972;-4.78675;1.14349;-0.102282;0.0417078;-26.1675
-13.0718;-4.78675;1.04402;-0.0481744;0.0629008;-26.5788
-4.24634;-4.78675;0.161212;0.0250726;0.0749809;-26.3245
4.57912;-4.78675;-0.358994;0.117314;0.0381497;-25.9626
13.4046;-4.78675;-0.107541;0.258595;-0.0341126;-26.1672
22.23;-4.78675;0.522532;0.379735;-0.102201;-26.4712
31.0555;-4.78675;0.672897;0.476127;-0.138273;-26.3376
39.8809;-4.78675;0.508165;0.532991;-0.161102;-25.7157
48.7064;-4.78675;0.504454;0.569017;-0.169398;-25.1225
57.5318;-4.78675;0.692116;0.598119;-0.159692;-24.6294
66.3573;-4.78675;0.938002;0.618968;-0.134463;-24.1072
75.1828;-4.78675;1.04858;0.625793;-0.106761;-23.3815
84.0082;-4.78675;0.839811;0.626944;-0.0886294;-22.3068
92.8337;-4.78675;0.531381;0.615169;-0.0801564;-21.0724
101.659;-4.78675;0.27336;0.601549;-0.073031;-19.8683
110.485;-4.78675;0.185482;0.586798;-0.0653287;-18.7962
119.31;-4.78675;0.334187;0.570599;-0.0577855;-17.9035
128.135;-4.78675;0.560192;0.550284;-0.0523467;-17.0596
136.961;-4.78675;0.6778;0.530148;-0.0494287;-16.0986
145.786;-4.78675;0.743401;0.506248;-0.045421;-15.0651
154.612;-4.78675;0.804416;0.474948;-0.0390748;-13.9961
163.437;-4.78675;0.873434;0.442948;-0.0318892;-12.9326
172.263;-4.78675;0.901538;0.410113;-0.0240254;-11.8081
181.088;-4.78675;0.842186;0.37343;-0.0134476;-10.5719
189.914;-4.78675;0.769188;0.332402;-0.00271822;-9.31016
198.739;-4.78675;0.787309;0.288942;0.00489396;-8.1352
207.565;-4.78675;0.976932;0.241796;0.00757278;-7.10212
216.39;-4.78675;1.13749;0.191406;0.00850003;-6.02557
225.215;-4.78675;1.1876;0.141168;0.0112907;-4.83406
234.041;-4.78675;1.10546;0.0945343;0.0190072;-3.51861
242.866;-4.78675;0.957532;0.0525024;0.0264268;-2.16591
251.692;-4.78675;0.939029;0.0369421;0.0266173;-0.81805
-233.708;-13.6122;0.91999;0.0903797;0.0167069;-1.4329
-224.883;-13.6122;0.971939;0.0764735;0.016957;-2.59949
-216.057;-13.6122;0.930641;0.0460112;0.0163623;-3.71792
-207.232;-13.6122;0.846861;0.00624437;0.0147245;-4.81508
-198.406;-13.6122;0.79765;-0.0313655;0.0102152;-5.9308
-189.581;-13.6122;0.820681;-0.0572543;0.00316585;-7.08307
-180.755;-13.6122;0.91906;-0.0767329;-0.00186729;-8.27756
-171.93;-13.6122;0.914213;-0.0875842;-0.0140684;-9.41802
-163.105;-13.6122;0.853727;-0.0907325;-0.0341829;-10.515
-154.279;-13.6122;0.837878;-0.0953086;-0.0556128;-11.6438
-145.454;-13.6122;0.867219;-0.109566;-0.0685199;-12.7718
-136.628;-13.6122;0.836473;-0.137797;-0.0741955;-13.8921
-127.803;-13.6122;0.798462;-0.16092;-0.0777343;-14.9598
-118.977;-13.6122;0.792631;-0.177319;-0.0778846;-16.0085
-110.152;-13.6122;0.765927;-0.191909;-0.0812431;-17.049
-101.326;-13.6122;0.714797;-0.202186;-0.086671;-18.0638
-92.5009;-13.6122;0.661092;-0.206005;-0.0911077;-19.0455
-83.6754;-13.6122;0.625794;-0.205581;-0.0912592;-20.009
-74.85;-13.6122;0.616338;-0.206473;-0.0882172;-20.9705
-66.0245;-13.6122;0.624545;-0.203119;-0.0868682;-21.9071
-57.1991;-13.6122;0.62297;-0.200154;-0.0843539;-22.8359
-48.3736;-13.6122;0.663582;-0.190131;-0.0758949;-23.7439
-39.5482;-13.6122;0.755989;-0.165218;-0.0633421;-24.6255
-30.7227;-13.6122;0.874823;-0.128511;-0.049603;-25.4218
-21.8972;-13.6122;0.959652;-0.0890033;-0.0360371;-26.0754
-13.0718;-13.6122;0.723583;-0.0290603;-0.0209209;-26.396
-4.24634;-13.6122;0.0637401;0.0575504;-0.0146325;-26.1945
4.57912;-13.6122;-0.0101293;0.168145;-0.0551897;-26.1873
13.4046;-13.6122;0.485767;0.301909;-0.123644;-26.5947
22.23;-13.6122;0.927745;0.408958;-0.175665;-26.8599
31.0555;-13.6122;0.845962;0.474152;-0.188621;-26.5311
39.8809;-13.6122;0.67888;0.516132;-0.200231;-25.8462
48.7064;-13.6122;0.649537;0.552932;-0.204012;-25.2376
57.5318;-13.6122;0.717417;0.579641;-0.194827;-24.6298
66.3573;-13.6122;0.799686;0.598402;-0.174724;-23.9565
75.1828;-13.6122;0.803043;0.606983;-0.152176;-23.1256
84.0082;-13.6122;0.57172;0.612385;-0.134379;-22.0295
92.8337;-13.6122;0.2536;0.608653;-0.121711;-20.8111
101.659;-13.6122;0.0667635;0.600586;-0.109593;-19.6876
110.485;-13.6122;0.137427;0.590544;-0.0986541;-18.771
119.31;-13.6122;0.465554;0.57817;-0.0899734;-18.0529
128.135;-13.6122;0.794479;0.560258;-0.0851021;-17.3011
136.961;-13.6122;0.846945;0.541547;-0.0781795;-16.2757
145.786;-13.6122;0.868224;0.515634;-0.0685557;-15.1887
154.612;-13.6122;0.955675;0.483388;-0.0592426;-14.1354
163.437;-13.6122;1.05441;0.449091;-0.0504273;-13.0923
172.263;-13.6122;1.05852;0.414071;-0.039753;-11.9505
181.088;-13.6122;0.954052;0.377015;-0.025467;-10.6815
189.914;-13.6122;0.829417;0.336548;-0.0115393;-9.3733
198.739;-13.6122;0.789595;0.292915;-0.00247382;-8.13022
207.565;-13.6122;0.942183;0.242662;0.000945622;-7.04427
216.39;-13.6122;1.11105;0.187033;0.00567299;-5.9548
225.215;-13.6122;1.18122;0.133532;0.0131988;-4.77412
234.041;-13.6122;1.13797;0.0902197;0.0221057;-3.49416
242.866;-13.6122;1.06152;0.0526487;0.0286976;-2.17334
-233.708;-22.4377;0.934667;0.0946566;0.0238229;-1.41072
-224.883;-22.4377;0.984004;0.095032;0.0220301;-2.53491
-216.057;-22.4377;0.938589;0.0651621;0.0220816;-3.66479
-207.232;-22.4377;0.906584;0.0243252;0.0198837;-4.80329
-198.406;-22.4377;0.920347;-0.0152394;0.0136908;-5.9539
-189.581;-22.4377;0.944129;-0.042843;0.00602294;-7.1174
-180.755;-22.4377;0.980746;-0.0595761;-0.00374004;-8.26778
-171.93;-22.4377;0.900072;-0.0665832;-0.023505;-9.37027
-163.105;-22.4377;0.80875;-0.0685701;-0.0483592;-10.4393
-154.279;-22.4377;0.797561;-0.076379;-0.0667985;-11.5669
-145.454;-22.4377;0.834823;-0.0936286;-0.0765627;-12.7058
-136.628;-22.4377;0.830083;-0.12247;-0.0830216;-13.8429
-127.803;-22.4377;0.807489;-0.14654;-0.0900429;-14.9297
-118.977;-22.4377;0.792222;-0.160615;-0.0950302;-15.9778
-110.152;-22.4377;0.739512;-0.171891;-0.102401;-16.993
-101.326;-22.4377;0.675577;-0.182022;-0.111231;-17.9899
-92.5009;-22.4377;0.636694;-0.189113;-0.118938;-18.9777
-83.6754;-22.4377;0.629255;-0.191164;-0.124288;-19.9614
-74.85;-22.4377;0.618903;-0.18933;-0.127923;-20.9137
-66.0245;-22.4377;0.601886;-0.182922;-0.131883;-21.8228
-57.1991;-22.4377;0.571527;-0.182176;-0.130919;-22.7273
-48.3736;-22.4377;0.605861;-0.174103;-0.124557;-23.6249
-39.5482;-22.4377;0.717249;-0.147652;-0.120333;-24.5012
-30.7227;-22.4377;0.84868;-0.106727;-0.121095;-25.2765
-21.8972;-22.4377;0.898937;-0.0602022;-0.123122;-25.8951
-13.0718;-22.4377;0.698448;0.0066823;-0.122475;-26.234
-4.24634;-22.4377;0.41487;0.09244;-0.124239;-26.2334
4.57912;-22.4377;0.586892;0.206562;-0.162033;-26.4877
13.4046;-22.4377;0.951951;0.313554;-0.204513;-26.7791
22.23;-22.4377;1.0605;0.392239;-0.222112;-26.7787
31.0555;-22.4377;0.842742;0.448048;-0.218287;-26.2943
39.8809;-22.4377;0.713007;0.494958;-0.227817;-25.672
48.7064;-22.4377;0.690433;0.533276;-0.231046;-25.0784
57.5318;-22.4377;0.681764;0.560034;-0.222759;-24.4049
66.3573;-22.4377;0.654514;0.577394;-0.206315;-23.636
75.1828;-22.4377;0.607295;0.585073;-0.188148;-22.7688
84.0082;-22.4377;0.456377;0.590548;-0.171322;-21.7559
92.8337;-22.4377;0.244522;0.592881;-0.154315;-20.6631
101.659;-22.4377;0.19858;0.589345;-0.136609;-19.6935
110.485;-22.4377;0.425991;0.582536;-0.123836;-18.93
119.31;-22.4377;0.853755;0.570584;-0.118201;-18.2834
128.135;-22.4377;1.06488;0.556418;-0.113429;-17.458
136.961;-22.4377;0.951607;0.538172;-0.100512;-16.2877
145.786;-22.4377;0.902311;0.512525;-0.0843534;-15.1356
154.612;-22.4377;1.0172;0.483554;-0.0709121;-14.1121
163.437;-22.4377;1.18887;0.448479;-0.0601699;-13.1236
172.263;-22.4377;1.21673;0.411569;-0.0495395;-12.0036
181.088;-22.4377;1.12379;0.372268;-0.0344343;-10.7465
189.914;-22.4377;1.0137;0.329425;-0.0190343;-9.45031
198.739;-22.4377;0.979471;0.283265;-0.00806415;-8.2055
207.565;-22.4377;1.08391;0.231338;-0.00164803;-7.06979
216.39;-22.4377;1.21551;0.172497;0.00776267;-5.92712
225.215;-22.4377;1.28015;0.119127;0.0192363;-4.72725
234.041;-22.4377;1.23663;0.0790205;0.0285017;-3.47013
242.866;-22.4377;1.16117;0.0543166;0.0346163;-2.20112
-233.708;-31.2631;0.976225;0.108281;0.0316221;-1.35401
-224.883;-31.2631;0.935487;0.098123;0.0277257;-2.44593
-216.057;-31.2631;0.883166;0.0789114;0.0261301;-3.54964
-207.232;-31.2631;0.870527;0.038308;0.0237771;-4.71234
-198.406;-31.2631;0.933636;0.00102302;0.017714;-5.88388
-189.581;-31.2631;0.965484;-0.0251098;0.00820574;-7.03885
-180.755;-31.2631;0.969713;-0.0380904;-0.00656193;-8.15955
-171.93;-31.2631;0.866385;-0.0425159;-0.0324773;-9.24908
-163.105;-31.2631;0.775988;-0.0490923;-0.0590296;-10.3285
-154.279;-31.2631;0.772905;-0.0635542;-0.0744403;-11.4573
-145.454;-31.2631;0.818168;-0.0821836;-0.084161;-12.5885
-136.628;-31.2631;0.838813;-0.107358;-0.0954255;-13.7251
-127.803;-31.2631;0.838141;-0.130745;-0.107935;-14.8434
-118.977;-31.2631;0.811703;-0.143931;-0.116218;-15.8889
-110.152;-31.2631;0.734414;-0.155024;-0.125418;-16.8795
-101.326;-31.2631;0.653594;-0.16703;-0.137239;-17.8489
-92.5009;-31.2631;0.618838;-0.177859;-0.148595;-18.8273
-83.6754;-31.2631;0.630641;-0.182863;-0.159406;-19.812
-74.85;-31.2631;0.63091;-0.179906;-0.168404;-20.7542
-66.0245;-31.2631;0.591787;-0.172453;-0.175736;-21.615
-57.1991;-31.2631;0.550376;-0.163114;-0.176953;-22.527
-48.3736;-31.2631;0.582774;-0.107461;-0.170112;-24.0381
-39.5482;-31.2631;0.701108;-0.0967557;-0.175117;-24.5309
-30.7227;-31.2631;0.832821;-0.0792105;-0.186228;-24.9026
-21.8972;-31.2631;0.862272;-0.0227928;-0.19627;-25.5201
-13.0718;-31.2631;0.793594;0.041686;-0.205276;-25.8829
-4.24634;-31.2631;0.695952;0.121745;-0.215859;-26.0428
4.57912;-31.2631;0.756414;0.210673;-0.233818;-26.2566
13.4046;-31.2631;0.893639;0.293916;-0.247838;-26.3822
22.23;-31.2631;0.926418;0.365139;-0.251795;-26.2663
31.0555;-31.2631;0.764656;0.420012;-0.248426;-25.8275
39.8809;-31.2631;0.698891;0.465359;-0.253418;-25.29
48.7064;-31.2631;0.683316;0.504995;-0.253774;-24.7182
57.5318;-31.2631;0.644743;0.536363;-0.245282;-24.0372
66.3573;-31.2631;0.584812;0.555882;-0.22985;-23.2485
75.1828;-31.2631;0.534326;0.563948;-0.2119;-22.3928
84.0082;-31.2631;0.472089;0.570256;-0.194323;-21.489
92.8337;-31.2631;0.388996;0.575527;-0.174628;-20.5472
101.659;-31.2631;0.461422;0.573945;-0.154996;-19.7069
110.485;-31.2631;0.710067;0.568846;-0.14263;-18.9822
119.31;-31.2631;1.01956;0.558738;-0.138699;-18.2531
128.135;-31.2631;1.10897;0.544417;-0.133453;-17.3075
136.961;-31.2631;0.917069;0.524652;-0.115368;-16.0601
145.786;-31.2631;0.856762;0.498907;-0.0950278;-14.8965
154.612;-31.2631;0.990883;0.475806;-0.079738;-13.9039
163.437;-31.2631;1.18993;0.44659;-0.0671334;-12.9486
172.263;-31.2631;1.26699;0.410333;-0.0548384;-11.8796
181.088;-31.2631;1.22426;0.367699;-0.0402004;-10.6712
189.914;-31.2631;1.15959;0.319719;-0.0259096;-9.41414
198.739;-31.2631;1.1402;0.269629;-0.0132849;-8.18014
207.565;-31.2631;1.18078;0.217039;-0.00329902;-6.9902
216.39;-31.2631;1.26145;0.15821;0.0088362;-5.80017
225.215;-31.2631;1.32227;0.105522;0.021131;-4.58849
234.041;-31.2631;1.29562;0.0661666;0.0307992;-3.31254
242.866;-31.2631;1.23039;0.0481518;0.0364357;-2.07665
-224.883;-40.0886;0.878485;0.116075;0.0324034;-2.26761
-216.057;-40.0886;0.776793;0.0900688;0.0281923;-3.3638
-207.232;-40.0886;0.81234;0.056316;0.0256864;-4.52526
-198.406;-40.0886;0.887623;0.0203871;0.0211614;-5.72097
-189.581;-40.0886;0.894275;-0.00321753;0.00782803;-6.86334
-180.755;-40.0886;0.878861;-0.0102236;-0.0142667;-7.97129
-171.93;-40.0886;0.837144;-0.0116503;-0.0447788;-9.06546
-163.105;-40.0886;0.799244;-0.0244741;-0.0698464;-10.178
-154.279;-40.0886;0.793392;-0.0471578;-0.0833916;-11.2964
-145.454;-40.0886;0.814337;-0.0714249;-0.0946384;-12.4094
-136.628;-40.0886;0.834103;-0.0959468;-0.109312;-13.5289
-127.803;-40.0886;0.862177;-0.116551;-0.123903;-14.6579
-118.977;-40.0886;0.843026;-0.130448;-0.133624;-15.716
-110.152;-40.0886;0.764544;-0.145098;-0.143813;-16.7079
-101.326;-40.0886;0.674211;-0.158735;-0.157884;-17.6535
-92.5009;-40.0886;0.629524;-0.168946;-0.173212;-18.6013
-83.6754;-40.0886;0.638165;-0.173424;-0.189845;-19.5635
-74.85;-40.0886;0.635258;-0.171544;-0.203106;-20.4869
-66.0245;-40.0886;0.589351;-0.162031;-0.21143;-21.3349
-30.7227;-40.0886;0.777794;-0.052463;-0.23517;-24.4415
-21.8972;-40.0886;0.745955;0.00257146;-0.245352;-24.9925
-13.0718;-40.0886;0.735334;0.0647419;-0.253923;-25.3586
-4.24634;-40.0886;0.720812;0.139184;-0.264101;-25.5882
4.57912;-40.0886;0.731063;0.212713;-0.272311;-25.7149
13.4046;-40.0886;0.746188;0.28023;-0.27345;-25.7164
22.23;-40.0886;0.729607;0.340421;-0.269304;-25.5469
31.0555;-40.0886;0.660023;0.393634;-0.268549;-25.1847
39.8809;-40.0886;0.60733;0.439117;-0.27169;-24.7027
48.7064;-40.0886;0.571975;0.478788;-0.268681;-24.1408
57.5318;-40.0886;0.527565;0.511713;-0.257997;-23.4794
66.3573;-40.0886;0.483725;0.534874;-0.243122;-22.7374
75.1828;-40.0886;0.458638;0.548265;-0.227652;-21.9473
84.0082;-40.0886;0.443012;0.558073;-0.210381;-21.1217
92.8337;-40.0886;0.437177;0.56128;-0.190141;-20.2661
101.659;-40.0886;0.527062;0.559752;-0.171209;-19.4557
110.485;-40.0886;0.688307;0.553362;-0.158904;-18.6615
119.31;-40.0886;0.838679;0.541503;-0.153063;-17.8062
128.135;-40.0886;0.865206;0.525392;-0.145898;-16.7965
136.961;-40.0886;0.756769;0.504156;-0.12684;-15.6223
145.786;-40.0886;0.755945;0.478699;-0.105828;-14.5119
154.612;-40.0886;0.881961;0.457763;-0.0892852;-13.5194
163.437;-40.0886;1.04644;0.431525;-0.074826;-12.5462
172.263;-40.0886;1.14595;0.395919;-0.0625244;-11.5047
181.088;-40.0886;1.15042;0.353049;-0.0500514;-10.3499
189.914;-40.0886;1.12767;0.305342;-0.0374644;-9.14283
198.739;-40.0886;1.11418;0.258196;-0.0240254;-7.93194
207.565;-40.0886;1.10563;0.206935;-0.011423;-6.70978
216.39;-40.0886;1.15201;0.152818;-3.94324e-05;-5.51142
225.215;-40.0886;1.21308;0.104313;0.0111161;-4.32044
234.041;-40.0886;1.24488;0.0678486;0.0204327;-3.08574
242.866;-40.0886;1.24717;0.0433805;0.0294096;-1.83313
-224.883;-48.914;0.865922;0.137623;0.0335078;-2.07961
-216.057;-48.914;0.72898;0.101963;0.0266961;-3.17917
-207.232;-48.914;0.812433;0.0756801;0.0251606;-4.32806
-198.406;-48.914;0.880734;0.0453506;0.021531;-5.52426
-189.581;-48.914;0.833176;0.0295309;0.00311446;-6.64169
-180.755;-48.914;0.791135;0.0299277;-0.0276299;-7.73292
-171.93;-48.914;0.824701;0.0263958;-0.060198;-8.83444
-163.105;-48.914;0.841976;0.00618046;-0.0817055;-9.97123
-154.279;-48.914;0.809374;-0.0248601;-0.0940613;-11.0624
-145.454;-48.914;0.767408;-0.0602826;-0.106597;-12.1516
-136.628;-48.914;0.770203;-0.0901066;-0.122016;-13.2527
-127.803;-48.914;0.826843;-0.10678;-0.133865;-14.3828
-118.977;-48.914;0.856381;-0.117319;-0.143836;-15.4385
-110.152;-48.914;0.794969;-0.133626;-0.156705;-16.439
-101.326;-48.914;0.715187;-0.146526;-0.171808;-17.3769
-92.5009;-48.914;0.675647;-0.152891;-0.18872;-18.2998
-83.6754;-48.914;0.674414;-0.154003;-0.209547;-19.23
-74.85;-48.914;0.658513;-0.152915;-0.225633;-20.0955
-66.0245;-48.914;0.61066;-0.143835;-0.236297;-20.94
-57.1991;-48.914;0.586636;-0.134721;-0.238387;-21.7546
-30.7227;-48.914;0.659317;-0.0335791;-0.270464;-23.8456
-21.8972;-48.914;0.60846;0.0191238;-0.277126;-24.3363
-13.0718;-48.914;0.635532;0.0773735;-0.279534;-24.7015
-4.24634;-48.914;0.670246;0.142837;-0.283549;-24.9424
4.57912;-48.914;0.666519;0.208821;-0.289184;-25.0372
13.4046;-48.914;0.628165;0.268389;-0.288623;-24.974
22.23;-48.914;0.577527;0.320049;-0.282662;-24.7588
31.0555;-48.914;0.530984;0.370001;-0.282517;-24.4291
39.8809;-48.914;0.466423;0.414484;-0.28564;-23.9657
48.7064;-48.914;0.407715;0.452933;-0.286393;-23.4152
57.5318;-48.914;0.373099;0.485983;-0.2798;-22.7956
66.3573;-48.914;0.344315;0.51303;-0.267566;-22.1058
75.1828;-48.914;0.307852;0.531005;-0.254414;-21.3376
84.0082;-48.914;0.271367;0.543866;-0.240665;-20.5212
92.8337;-48.914;0.286973;0.544362;-0.220161;-19.6977
101.659;-48.914;0.340222;0.539259;-0.199216;-18.8594
110.485;-48.914;0.408089;0.529873;-0.183459;-17.9855
119.31;-48.914;0.471912;0.516578;-0.172558;-17.0642
128.135;-48.914;0.525427;0.50046;-0.160797;-16.0964
136.961;-48.914;0.58322;0.480635;-0.142682;-15.0913
145.786;-48.914;0.663903;0.457578;-0.120742;-14.0698
154.612;-48.914;0.762039;0.43574;-0.100126;-13.0636
163.437;-48.914;0.858186;0.409097;-0.0820218;-12.0501
172.263;-48.914;0.927673;0.375091;-0.0692853;-10.9951
181.088;-48.914;0.938949;0.335618;-0.0585237;-9.85916
189.914;-48.914;0.926545;0.291791;-0.0478882;-8.67542
198.739;-48.914;0.914814;0.247681;-0.0349199;-7.48178
207.565;-48.914;0.91584;0.197607;-0.0217043;-6.28111
216.39;-48.914;0.96787;0.147582;-0.0113484;-5.10784
225.215;-48.914;1.02862;0.107723;-0.0045166;-3.9586
234.041;-48.914;1.06273;0.0672504;0.00261632;-2.74683
242.866;-48.914;1.04904;0.0281201;0.0155859;-1.48633
-224.883;-57.7395;0.947195;0.15808;0.0338902;-1.94634
-216.057;-57.7395;0.801921;0.116558;0.0263201;-3.02338
-207.232;-57.7395;0.859252;0.0907623;0.0275775;-4.13505
-198.406;-57.7395;0.91912;0.073499;0.0219219;-5.29579
-189.581;-57.7395;0.851179;0.0711934;-0.00432418;-6.40539
-180.755;-57.7395;0.810646;0.0751392;-0.0394526;-7.48506
-171.93;-57.7395;0.836867;0.0583669;-0.0686148;-8.58699
-163.105;-57.7395;0.841083;0.0298263;-0.0860215;-9.70699
-154.279;-57.7395;0.784737;-0.00234975;-0.0978017;-10.7538
-145.454;-57.7395;0.706254;-0.0395658;-0.111805;-11.8028
-136.628;-57.7395;0.685104;-0.0713632;-0.128035;-12.8783
-127.803;-57.7395;0.778949;-0.0870205;-0.137642;-13.9963
-118.977;-57.7395;0.82595;-0.0966712;-0.148294;-15.0419
-110.152;-57.7395;0.772569;-0.114594;-0.165749;-16.0438
-101.326;-57.7395;0.709397;-0.126975;-0.183325;-16.9746
-92.5009;-57.7395;0.672548;-0.131509;-0.19774;-17.8745
-83.6754;-57.7395;0.653724;-0.131429;-0.215144;-18.7671
-74.85;-57.7395;0.632789;-0.130068;-0.236915;-19.5986
-30.7227;-57.7395;0.603584;-0.0203921;-0.303198;-23.1344
-21.8972;-57.7395;0.548689;0.0303777;-0.309181;-23.5921
-13.0718;-57.7395;0.555777;0.0860793;-0.31001;-23.9385
-4.24634;-57.7395;0.584587;0.145223;-0.311898;-24.1713
4.57912;-57.7395;0.576389;0.204041;-0.315406;-24.2523
13.4046;-57.7395;0.524496;0.257557;-0.314474;-24.1693
22.23;-57.7395;0.460668;0.303984;-0.30828;-23.9415
31.0555;-57.7395;0.413791;0.348384;-0.305894;-23.6147
39.8809;-57.7395;0.354375;0.39143;-0.310161;-23.1707
48.7064;-57.7395;0.302228;0.429051;-0.315525;-22.6618
57.5318;-57.7395;0.283121;0.462225;-0.315413;-22.093
66.3573;-57.7395;0.249495;0.491016;-0.307641;-21.4261
75.1828;-57.7395;0.17243;0.508854;-0.296047;-20.6284
84.0082;-57.7395;0.0866139;0.524569;-0.284836;-19.804
92.8337;-57.7395;0.0942326;0.526395;-0.265632;-19.0038
101.659;-57.7395;0.122364;0.520413;-0.244116;-18.1656
110.485;-57.7395;0.166296;0.509813;-0.225359;-17.2818
119.31;-57.7395;0.249459;0.49668;-0.209341;-16.3868
128.135;-57.7395;0.410716;0.479428;-0.190794;-15.5305
136.961;-57.7395;0.575063;0.459493;-0.167842;-14.645
145.786;-57.7395;0.696298;0.439137;-0.139719;-13.6949
154.612;-57.7395;0.780799;0.41488;-0.112959;-12.6953
163.437;-57.7395;0.846374;0.38524;-0.090837;-11.6673
172.263;-57.7395;0.913719;0.350277;-0.0751875;-10.6128
181.088;-57.7395;0.944669;0.312033;-0.0624531;-9.49413
189.914;-57.7395;0.950389;0.270521;-0.050776;-8.33707
198.739;-57.7395;0.956095;0.229195;-0.0362901;-7.17863
207.565;-57.7395;0.990324;0.181969;-0.0224151;-6.02253
216.39;-57.7395;1.04892;0.135861;-0.0130068;-4.87631
225.215;-57.7395;1.0638;0.095989;-0.00655917;-3.70671
234.041;-57.7395;1.0427;0.0522782;0.000715849;-2.44642
242.866;-57.7395;1.01107;0.000687915;0.0146616;-1.14679
-216.057;-66.5649;0.901035;0.133168;0.0329782;-2.82815
-207.232;-66.5649;0.893053;0.105678;0.0313828;-3.90022
-198.406;-66.5649;0.910619;0.0974291;0.0183029;-5.00721
-189.581;-66.5649;0.87609;0.111487;-0.0124579;-6.06783
-180.755;-66.5649;0.833207;0.105387;-0.0443115;-7.15097
-171.93;-66.5649;0.825691;0.0781079;-0.0675925;-8.25373
-163.105;-66.5649;0.825733;0.0454608;-0.0813201;-9.36596
-154.279;-66.5649;0.788037;0.0160331;-0.093587;-10.412
-145.454;-66.5649;0.714623;-0.0141824;-0.109906;-11.4361
-136.628;-66.5649;0.661305;-0.0430318;-0.127321;-12.4649
-127.803;-66.5649;0.679361;-0.0633131;-0.139514;-13.5388
-118.977;-66.5649;0.700673;-0.0738951;-0.154483;-14.5538
-110.152;-66.5649;0.670074;-0.0923066;-0.177388;-15.5389
-101.326;-66.5649;0.631413;-0.105604;-0.198219;-16.4598
-92.5009;-66.5649;0.597172;-0.111963;-0.212623;-17.3444
-83.6754;-66.5649;0.567575;-0.113251;-0.229572;-18.2069
-74.85;-66.5649;0.548674;-0.110676;-0.25607;-19.0169
-30.7227;-66.5649;0.596271;-0.00456445;-0.348271;-22.3749
-21.8972;-66.5649;0.566362;0.0435263;-0.359046;-22.8159
-13.0718;-66.5649;0.530771;0.0957143;-0.3658;-23.1199
-4.24634;-66.5649;0.52114;0.149594;-0.368872;-23.322
4.57912;-66.5649;0.51681;0.200542;-0.36981;-23.3909
13.4046;-66.5649;0.482112;0.246772;-0.365758;-23.3179
22.23;-66.5649;0.432345;0.28924;-0.356732;-23.1246
31.0555;-66.5649;0.398952;0.328827;-0.348818;-22.8242
39.8809;-66.5649;0.373328;0.369486;-0.348308;-22.4269
48.7064;-66.5649;0.362578;0.40506;-0.350586;-21.9803
57.5318;-66.5649;0.366927;0.439194;-0.354423;-21.4646
66.3573;-66.5649;0.34401;0.471654;-0.351647;-20.8412
75.1828;-66.5649;0.278969;0.493279;-0.337641;-20.0907
84.0082;-66.5649;0.210789;0.506176;-0.320511;-19.312
92.8337;-66.5649;0.2275;0.508993;-0.300818;-18.5588
101.659;-66.5649;0.280477;0.503092;-0.279049;-17.7657
110.485;-66.5649;0.371809;0.489589;-0.258005;-16.9226
119.31;-66.5649;0.516321;0.472807;-0.238673;-16.0748
128.135;-66.5649;0.726607;0.455716;-0.216221;-15.279
136.961;-66.5649;0.960386;0.433293;-0.190649;-14.4669
145.786;-66.5649;1.07664;0.413502;-0.15818;-13.5438
154.612;-66.5649;1.10651;0.389182;-0.127207;-12.519
163.437;-66.5649;1.10497;0.359899;-0.100968;-11.4422
172.263;-66.5649;1.12433;0.325299;-0.0799676;-10.3517
181.088;-66.5649;1.12225;0.287707;-0.0615292;-9.21597
189.914;-66.5649;1.10562;0.247783;-0.046885;-8.05654
198.739;-66.5649;1.09572;0.209853;-0.0324716;-6.90616
207.565;-66.5649;1.11382;0.16566;-0.0200004;-5.75325
216.39;-66.5649;1.13487;0.121514;-0.0107242;-4.59013
225.215;-66.5649;1.08043;0.0809731;-0.00453382;-3.38365
234.041;-66.5649;1.0175;0.0367263;0.00278029;-2.10306
-216.057;-75.3904;0.949898;0.153571;0.0428966;-2.57337
-207.232;-75.3904;0.876867;0.124656;0.0340919;-3.60068
-198.406;-75.3904;0.812849;0.118391;0.00897728;-4.6589
-189.581;-75.3904;0.730087;0.122024;-0.0244244;-5.70566
-180.755;-75.3904;0.700644;0.104463;-0.0532107;-6.78194
-171.93;-75.3904;0.710295;0.0751773;-0.0740335;-7.86687
-163.105;-75.3904;0.733936;0.0455098;-0.0884819;-8.96237
-154.279;-75.3904;0.740455;0.0218155;-0.101067;-10.0113
-145.454;-75.3904;0.707293;-0.00179285;-0.116366;-11.024
-136.628;-75.3904;0.64791;-0.0278976;-0.133685;-12.0077
-127.803;-75.3904;0.613894;-0.0490534;-0.151133;-13.0228
-118.977;-75.3904;0.599771;-0.0597365;-0.17108;-14.0025
-110.152;-75.3904;0.579354;-0.0745157;-0.197549;-14.9637
-101.326;-75.3904;0.560919;-0.0848227;-0.221573;-15.8707
-92.5009;-75.3904;0.534831;-0.0920647;-0.239056;-16.7425
-83.6754;-75.3904;0.50691;-0.0956162;-0.258501;-17.5861
-74.85;-75.3904;0.498172;-0.0924243;-0.286451;-18.3797
-66.0245;-75.3904;0.519005;-0.0805268;-0.313395;-19.147
-57.1991;-75.3904;0.525238;-0.064263;-0.339307;-19.8284
-30.7227;-75.3904;0.611536;0.0149958;-0.397492;-21.5616
-21.8972;-75.3904;0.626673;0.0567115;-0.413752;-21.9794
-13.0718;-75.3904;0.581642;0.10519;-0.426995;-22.2804
-4.24634;-75.3904;0.551274;0.154854;-0.428339;-22.4554
4.57912;-75.3904;0.560122;0.201089;-0.426361;-22.5346
13.4046;-75.3904;0.569317;0.243453;-0.422147;-22.5214
22.23;-75.3904;0.565344;0.281213;-0.415725;-22.3928
31.0555;-75.3904;0.562363;0.314868;-0.403074;-22.1438
39.8809;-75.3904;0.583095;0.346509;-0.385574;-21.8005
48.7064;-75.3904;0.617587;0.376621;-0.376117;-21.4091
57.5318;-75.3904;0.681257;0.410554;-0.382335;-20.9655
66.3573;-75.3904;0.772195;0.44422;-0.385591;-20.4632
75.1828;-75.3904;0.855197;0.467137;-0.369605;-19.8675
84.0082;-75.3904;0.882269;0.477757;-0.347896;-19.185
92.8337;-75.3904;0.80553;0.484308;-0.327921;-18.413
101.659;-75.3904;0.891397;0.474825;-0.305052;-17.6574
110.485;-75.3904;1.05314;0.460389;-0.279529;-16.9004
119.31;-75.3904;1.19518;0.445622;-0.254722;-16.0873
128.135;-75.3904;1.27686;0.431513;-0.22958;-15.2025
136.961;-75.3904;1.43191;0.406894;-0.200722;-14.3385
145.786;-75.3904;1.48144;0.381446;-0.166475;-13.3581
154.612;-75.3904;1.45642;0.355209;-0.133082;-12.294
163.437;-75.3904;1.40393;0.326679;-0.102791;-11.1822
172.263;-75.3904;1.36801;0.29392;-0.0762407;-10.0506
181.088;-75.3904;1.31483;0.260321;-0.0529425;-8.89152
189.914;-75.3904;1.25233;0.2234;-0.0360832;-7.71424
198.739;-75.3904;1.20367;0.188339;-0.0236175;-6.55005
207.565;-75.3904;1.18355;0.14731;-0.0139246;-5.38042
216.39;-75.3904;1.15478;0.104093;-0.00485987;-4.18286
225.215;-75.3904;1.06345;0.0631289;0.00244337;-2.95681
234.041;-75.3904;1.0136;0.0256314;0.00860659;-1.73502
-216.057;-84.2158;1.00369;0.167847;0.0511364;-2.24545
-207.232;-84.2158;0.839883;0.145417;0.0368051;-3.23743
-198.406;-84.2158;0.730979;0.134671;0.00338217;-4.26836
-189.581;-84.2158;0.652312;0.1249;-0.0289258;-5.30502
-180.755;-84.2158;0.627619;0.0993982;-0.0573676;-6.37086
-171.93;-84.2158;0.645645;0.0704289;-0.0795467;-7.43775
-163.105;-84.2158;0.664561;0.0427762;-0.0980858;-8.50975
-154.279;-84.2158;0.67174;0.0205309;-0.114517;-9.54754
-145.454;-84.2158;0.662174;0.000137261;-0.130887;-10.5473
-136.628;-84.2158;0.634759;-0.0212439;-0.147776;-11.5117
-127.803;-84.2158;0.604648;-0.0395636;-0.169382;-12.4894
-118.977;-84.2158;0.583642;-0.0503249;-0.194985;-13.447
-110.152;-84.2158;0.581277;-0.061654;-0.224523;-14.3893
-101.326;-84.2158;0.575613;-0.0680485;-0.25243;-15.2883
-92.5009;-84.2158;0.556528;-0.0735149;-0.274146;-16.1434
-83.6754;-84.2158;0.536586;-0.0768491;-0.294823;-16.9605
-74.85;-84.2158;0.539308;-0.0730596;-0.319743;-17.7345
-66.0245;-84.2158;0.568919;-0.0613443;-0.343877;-18.4697
-57.1991;-84.2158;0.580059;-0.0437158;-0.368687;-19.1088
-48.3736;-84.2158;0.558376;0.0289345;-0.423851;-20.4688
-39.5482;-84.2158;0.583577;0.0846299;-0.454834;-21.2954
-30.7227;-84.2158;0.64618;0.035567;-0.42827;-20.6997
-21.8972;-84.2158;0.695398;0.0697527;-0.4437;-21.1003
-13.0718;-84.2158;0.701561;0.110191;-0.455745;-21.4209
-4.24634;-84.2158;0.708334;0.157031;-0.452826;-21.5982
4.57912;-84.2158;0.70673;0.199349;-0.445259;-21.6896
13.4046;-84.2158;0.71595;0.23667;-0.440858;-21.6993
22.23;-84.2158;0.724198;0.27046;-0.43832;-21.6088
31.0555;-84.2158;0.732775;0.299884;-0.426958;-21.4025
39.8809;-84.2158;0.778332;0.327555;-0.405832;-21.1237
48.7064;-84.2158;0.902044;0.354239;-0.39711;-20.8171
57.5318;-84.2158;0.990934;0.395642;-0.411901;-20.4326
66.3573;-84.2158;1.12534;0.434976;-0.420462;-20.0149
75.1828;-84.2158;1.28482;0.457978;-0.403667;-19.5232
84.0082;-84.2158;1.37189;0.463927;-0.380479;-18.9003
92.8337;-84.2158;1.29131;0.464694;-0.359553;-18.1131
101.659;-84.2158;1.36088;0.451434;-0.33213;-17.3583
110.485;-84.2158;1.49989;0.438409;-0.297816;-16.6302
119.31;-84.2158;1.61961;0.421338;-0.263016;-15.8278
128.135;-84.2158;1.67066;0.405709;-0.228763;-14.9348
136.961;-84.2158;1.74476;0.377242;-0.19596;-13.9991
145.786;-84.2158;1.71012;0.347328;-0.162896;-12.9479
154.612;-84.2158;1.62591;0.318718;-0.128346;-11.8378
163.437;-84.2158;1.54478;0.290381;-0.0932083;-10.7119
172.263;-84.2158;1.49882;0.258916;-0.0617882;-9.58846
181.088;-84.2158;1.42098;0.228653;-0.0367408;-8.4335
189.914;-84.2158;1.32074;0.194483;-0.0200361;-7.24646
198.739;-84.2158;1.23096;0.161688;-0.00866218;-6.06478
207.565;-84.2158;1.17296;0.125745;-0.00102634;-4.88425
216.39;-84.2158;1.11585;0.0863699;0.00683017;-3.6783
225.215;-84.2158;1.06681;0.0524508;0.0116264;-2.48905
234.041;-84.2158;1.06963;0.0217041;0.0146771;-1.37006
-216.057;-93.0413;1.06898;0.183096;0.0598765;-1.81071
-207.232;-93.0413;0.822273;0.158639;0.0398084;-2.85201
-198.406;-93.0413;0.71577;0.146051;0.00658503;-3.87099
-189.581;-93.0413;0.69599;0.126071;-0.0249747;-4.90882
-180.755;-93.0413;0.677793;0.0975151;-0.0554455;-5.96366
-171.93;-93.0413;0.682748;0.0702555;-0.079738;-7.00024
-163.105;-93.0413;0.664455;0.0420628;-0.102492;-8.03069
-154.279;-93.0413;0.638485;0.0176962;-0.123703;-9.04071
-145.454;-93.0413;0.629637;-0.000557217;-0.142012;-10.025
-136.628;-93.0413;0.634518;-0.0142805;-0.157783;-10.9815
-127.803;-93.0413;0.623049;-0.0267381;-0.18035;-11.9191
-118.977;-93.0413;0.608085;-0.0388421;-0.209827;-12.8519
-110.152;-93.0413;0.637475;-0.0510028;-0.240021;-13.7815
-101.326;-93.0413;0.641485;-0.0577296;-0.267318;-14.6649
-92.5009;-93.0413;0.632455;-0.060746;-0.291971;-15.5049
-83.6754;-93.0413;0.625642;-0.0604824;-0.3154;-16.3005
-74.85;-93.0413;0.632514;-0.0558568;-0.337838;-17.0486
-66.0245;-93.0413;0.663024;-0.0463496;-0.354812;-17.7557
-57.1991;-93.0413;0.686;-0.0268317;-0.369944;-18.3905
-48.3736;-93.0413;0.667616;-0.00285191;-0.390171;-18.9286
-39.5482;-93.0413;0.666866;0.0212629;-0.411069;-19.3974
-30.7227;-93.0413;0.695865;0.0491213;-0.429259;-19.8242
-21.8972;-93.0413;0.735631;0.081213;-0.442762;-20.1977
-13.0718;-93.0413;0.762469;0.115575;-0.450046;-20.5032
-4.24634;-93.0413;0.767958;0.155444;-0.447521;-20.6963
4.57912;-93.0413;0.762732;0.195628;-0.439722;-20.7794
13.4046;-93.0413;0.760134;0.23256;-0.435061;-20.7726
22.23;-93.0413;0.748373;0.266264;-0.434428;-20.6721
31.0555;-93.0413;0.728533;0.297015;-0.434039;-20.4629
39.8809;-93.0413;0.739641;0.331519;-0.436197;-20.1928
48.7064;-93.0413;0.890683;0.364595;-0.451613;-19.9187
57.5318;-93.0413;0.996304;0.404006;-0.468955;-19.5808
66.3573;-93.0413;1.13263;0.431068;-0.462558;-19.1827
75.1828;-93.0413;1.27785;0.448011;-0.435147;-18.7338
84.0082;-93.0413;1.35688;0.445703;-0.406095;-18.121
92.8337;-93.0413;1.33524;0.441485;-0.380514;-17.3711
101.659;-93.0413;1.42751;0.428496;-0.346538;-16.6575
110.485;-93.0413;1.55669;0.414731;-0.30331;-15.9481
119.31;-93.0413;1.67253;0.392917;-0.259352;-15.1571
128.135;-93.0413;1.74201;0.372511;-0.217349;-14.2895
136.961;-93.0413;1.75577;0.345439;-0.181781;-13.3144
145.786;-93.0413;1.63365;0.316985;-0.152337;-12.2074
154.612;-93.0413;1.51677;0.286994;-0.120467;-11.0835
163.437;-93.0413;1.45666;0.258344;-0.0824567;-9.99604
172.263;-93.0413;1.45402;0.226279;-0.0465022;-8.93492
181.088;-93.0413;1.3907;0.197528;-0.0220334;-7.82089
189.914;-93.0413;1.2852;0.16656;-0.00658291;-6.65484
198.739;-93.0413;1.18196;0.135105;0.00569221;-5.47592
207.565;-93.0413;1.11214;0.103339;0.0140707;-4.30684
216.39;-93.0413;1.07185;0.0686387;0.0208365;-3.14321
225.215;-93.0413;1.09849;0.0394958;0.0226009;-2.03682
-207.232;-101.867;0.801129;0.18144;0.0448706;-2.35453
-198.406;-101.867;0.719498;0.16035;0.0124415;-3.41529
-189.581;-101.867;0.795724;0.128997;-0.0185434;-4.51082
-180.755;-101.867;0.806797;0.100628;-0.0474721;-5.56135
-171.93;-101.867;0.76851;0.0733961;-0.0735283;-6.55511
-163.105;-101.867;0.715157;0.0436838;-0.0986102;-7.53317
-154.279;-101.867;0.671558;0.0175419;-0.122259;-8.50883
-145.454;-101.867;0.658744;0.00147845;-0.14158;-9.47824
-136.628;-101.867;0.66153;-0.00507143;-0.156586;-10.4208
-127.803;-101.867;0.63583;-0.0109039;-0.177884;-11.3132
-118.977;-101.867;0.591784;-0.0252303;-0.208524;-12.2109
-110.152;-101.867;0.618626;-0.040734;-0.239794;-13.1172
-101.326;-101.867;0.61724;-0.0498981;-0.268113;-13.9851
-92.5009;-101.867;0.625988;-0.0501514;-0.294296;-14.8061
-83.6754;-101.867;0.646526;-0.0456241;-0.319444;-15.5679
-74.85;-101.867;0.658601;-0.0409647;-0.342621;-16.2699
-66.0245;-101.867;0.663292;-0.0343977;-0.358436;-16.9365
-57.1991;-101.867;0.698171;-0.0181234;-0.366878;-17.5493
-48.3736;-101.867;0.694516;0.00394699;-0.381301;-18.0827
-39.5482;-101.867;0.672321;0.0294688;-0.399105;-18.5318
-30.7227;-101.867;0.680509;0.0557623;-0.415058;-18.9192
-21.8972;-101.867;0.715815;0.0833003;-0.425096;-19.2592
-13.0718;-101.867;0.735679;0.11453;-0.433158;-19.5423
-4.24634;-101.867;0.737525;0.151199;-0.43597;-19.7298
4.57912;-101.867;0.733461;0.190067;-0.432486;-19.8082
13.4046;-101.867;0.719036;0.226806;-0.426869;-19.7876
22.23;-101.867;0.701392;0.260867;-0.427647;-19.6827
31.0555;-101.867;0.686975;0.292776;-0.436828;-19.4841
39.8809;-101.867;0.69896;0.330242;-0.456431;-19.2292
48.7064;-101.867;0.849981;0.366474;-0.483019;-18.9585
57.5318;-101.867;0.941055;0.39889;-0.492317;-18.6164
66.3573;-101.867;1.03531;0.413665;-0.474462;-18.189
75.1828;-101.867;1.12252;0.414902;-0.439023;-17.677
84.0082;-101.867;1.16771;0.41026;-0.405293;-17.0687
92.8337;-101.867;1.18473;0.408284;-0.376064;-16.3873
101.659;-101.867;1.29912;0.398733;-0.338696;-15.7243
110.485;-101.867;1.40041;0.386175;-0.29331;-15.0119
119.31;-101.867;1.47468;0.363116;-0.248115;-14.2024
128.135;-101.867;1.50746;0.340197;-0.206878;-13.3182
136.961;-101.867;1.45027;0.31561;-0.17383;-12.305
145.786;-101.867;1.2685;0.292381;-0.144403;-11.1764
154.612;-101.867;1.18974;0.263449;-0.110758;-10.1198
163.437;-101.867;1.222;0.232233;-0.0706741;-9.14344
172.263;-101.867;1.27142;0.196288;-0.033175;-8.14751
181.088;-101.867;1.22096;0.166887;-0.00744497;-7.06517
189.914;-101.867;1.12545;0.140586;0.00292383;-5.93363
198.739;-101.867;1.04848;0.113797;0.0138283;-4.79696
207.565;-101.867;1.02286;0.0834647;0.0237552;-3.67452
216.39;-101.867;1.02018;0.053278;0.0311633;-2.56502
225.215;-101.867;1.08945;0.0264529;0.0331303;-1.51709
-198.406;-110.692;0.717187;0.162853;0.0166359;-2.92102
-189.581;-110.692;0.844136;0.134068;-0.0113063;-4.03742
-180.755;-110.692;0.894843;0.1086;-0.0344797;-5.06601
-171.93;-110.692;0.803297;0.0761023;-0.0626224;-6.04445
-163.105;-110.692;0.760428;0.0456318;-0.0887296;-7.00262
-154.279;-110.692;0.738951;0.0198933;-0.113056;-7.95893
-145.454;-110.692;0.726123;0.0040272;-0.133819;-8.90951
-136.628;-110.692;0.708907;-0.000736243;-0.150399;-9.82784
-127.803;-110.692;0.659952;-0.0023235;-0.169204;-10.6803
-118.977;-110.692;0.586507;-0.0158697;-0.198394;-11.53
-110.152;-110.692;0.568927;-0.0329612;-0.232783;-12.3969
-101.326;-110.692;0.565672;-0.0415452;-0.265499;-13.2405
-92.5009;-110.692;0.59886;-0.0405375;-0.292998;-14.0441
-83.6754;-110.692;0.618248;-0.0347604;-0.320802;-14.7789
-74.85;-110.692;0.594603;-0.0305439;-0.349795;-15.4235
-66.0245;-110.692;0.572452;-0.0266514;-0.370055;-16.0529
-57.1991;-110.692;0.612062;-0.0146045;-0.379231;-16.6522
-48.3736;-110.692;0.642979;0.00697283;-0.385641;-17.1752
-39.5482;-110.692;0.615599;0.0335263;-0.394212;-17.6051
-30.7227;-110.692;0.595595;0.059956;-0.40109;-17.9606
-21.8972;-110.692;0.60992;0.0864492;-0.407905;-18.2609
-13.0718;-110.692;0.631383;0.116368;-0.415285;-18.5119
-4.24634;-110.692;0.647129;0.150385;-0.42013;-18.7007
4.57912;-110.692;0.670263;0.18805;-0.419055;-18.7968
13.4046;-110.692;0.687747;0.220418;-0.41537;-18.8001
22.23;-110.692;0.687154;0.252316;-0.42153;-18.7111
31.0555;-110.692;0.684515;0.283694;-0.436674;-18.5242
39.8809;-110.692;0.718362;0.317034;-0.45768;-18.283
48.7064;-110.692;0.866139;0.347747;-0.474754;-18.0236
57.5318;-110.692;0.95415;0.374149;-0.473026;-17.6878
66.3573;-110.692;1.0145;0.384589;-0.450647;-17.2415
75.1828;-110.692;1.07245;0.386847;-0.418593;-16.7286
84.0082;-110.692;1.1305;0.384975;-0.38652;-16.1538
92.8337;-110.692;1.17614;0.382031;-0.355082;-15.5252
101.659;-110.692;1.28193;0.371366;-0.317835;-14.8705
110.485;-110.692;1.28165;0.35615;-0.279081;-14.069
119.31;-110.692;1.21841;0.33167;-0.239898;-13.1553
128.135;-110.692;1.1305;0.309433;-0.20432;-12.2035
136.961;-110.692;0.969723;0.288751;-0.173756;-11.1517
145.786;-110.692;0.885389;0.262909;-0.139926;-10.1275
154.612;-110.692;0.955792;0.231991;-0.0985434;-9.21306
163.437;-110.692;1.07925;0.199055;-0.0524086;-8.33294
172.263;-110.692;1.11322;0.159597;-0.0157254;-7.34534
181.088;-110.692;0.98789;0.133992;0.00908772;-6.21978
189.914;-110.692;0.929164;0.113332;0.0175068;-5.14601
198.739;-110.692;0.941269;0.0926984;0.0231293;-4.11456
207.565;-110.692;1.03098;0.0635195;0.033956;-3.10068
216.39;-110.692;1.07682;0.0363351;0.0453937;-2.05429
-198.406;-119.518;0.69361;0.152458;0.0228445;-2.39598
-189.581;-119.518;0.779288;0.132433;-0.00178639;-3.45538
-180.755;-119.518;0.824378;0.102889;-0.0266847;-4.50721
-171.93;-119.518;0.736386;0.0674365;-0.055106;-5.47443
-163.105;-119.518;0.750426;0.0411088;-0.0797462;-6.41279
-154.279;-119.518;0.751468;0.0167532;-0.105275;-7.34952
-145.454;-119.518;0.723138;-0.000979237;-0.127955;-8.2633
-136.628;-119.518;0.68858;-0.00581645;-0.145252;-9.1606
-127.803;-119.518;0.638272;0.000470499;-0.15942;-9.97879
-118.977;-119.518;0.54486;-0.00552666;-0.18696;-10.7864
-110.152;-119.518;0.516205;-0.0188637;-0.222544;-11.6139
-101.326;-119.518;0.509938;-0.0308478;-0.260279;-12.4321
-92.5009;-119.518;0.55022;-0.0342421;-0.293163;-13.2185
-83.6754;-119.518;0.573084;-0.0305451;-0.324362;-13.9342
-74.85;-119.518;0.540095;-0.0269869;-0.354039;-14.5447
-66.0245;-119.518;0.497881;-0.0244825;-0.377113;-15.1463
-57.1991;-119.518;0.52905;-0.0159756;-0.390762;-15.7314
-48.3736;-119.518;0.575267;0.00226213;-0.3935;-16.2514
-39.5482;-119.518;0.55288;0.0291846;-0.390481;-16.6638
-30.7227;-119.518;0.502424;0.056759;-0.386965;-16.9614
-21.8972;-119.518;0.468614;0.0855321;-0.386003;-17.1954
-13.0718;-119.518;0.475131;0.118668;-0.38704;-17.412
-4.24634;-119.518;0.534917;0.152972;-0.388818;-17.6192
4.57912;-119.518;0.615554;0.187683;-0.391538;-17.7621
13.4046;-119.518;0.703844;0.216108;-0.396;-17.8305
22.23;-119.518;0.747258;0.243617;-0.410599;-17.7679
31.0555;-119.518;0.738872;0.271775;-0.427936;-17.5727
39.8809;-119.518;0.740709;0.297791;-0.440124;-17.3014
48.7064;-119.518;0.858167;0.317996;-0.441775;-17.0351
57.5318;-119.518;0.96693;0.336485;-0.432899;-16.7087
66.3573;-119.518;1.02056;0.346979;-0.414338;-16.264
75.1828;-119.518;1.05405;0.351323;-0.389916;-15.7462
84.0082;-119.518;1.09641;0.349018;-0.361881;-15.1741
92.8337;-119.518;1.13072;0.342556;-0.333276;-14.5467
101.659;-119.518;1.14416;0.333182;-0.301508;-13.8372
110.485;-119.518;1.05128;0.319224;-0.262019;-12.9688
119.31;-119.518;0.903172;0.294285;-0.224006;-12.0022
128.135;-119.518;0.771097;0.272695;-0.194157;-11.0653
136.961;-119.518;0.698075;0.251584;-0.163624;-10.1527
145.786;-119.518;0.77285;0.225433;-0.124075;-9.29292
154.612;-119.518;0.997873;0.191195;-0.0761931;-8.49655
163.437;-119.518;1.09766;0.155453;-0.0306989;-7.57715
172.263;-119.518;0.914538;0.120935;0.00174406;-6.43152
181.088;-119.518;0.705507;0.100529;0.0239578;-5.26214
189.914;-119.518;0.799728;0.0803166;0.0373181;-4.35563
198.739;-119.518;0.999974;0.0595967;0.0531953;-3.52337
207.565;-119.518;1.19553;0.0368023;0.0603519;-2.6408
216.39;-119.518;1.24719;0.0169044;0.0625811;-1.63396
-189.581;-128.343;0.689181;0.115741;0.00527971;-2.86419
-180.755;-128.343;0.734131;0.0856877;-0.0199773;-3.86305
-171.93;-128.343;0.66734;0.0446416;-0.0536365;-4.85306
-163.105;-128.343;0.690283;0.0231593;-0.0778367;-5.77447
-154.279;-128.343;0.669882;0.00245212;-0.104501;-6.67233
-145.454;-128.343;0.603658;-0.0130857;-0.126611;-7.51383
-136.628;-128.343;0.558386;-0.0161479;-0.143733;-8.38583
-127.803;-128.343;0.547746;-0.00301849;-0.155634;-9.20354
-118.977;-128.343;0.486882;0.00305112;-0.180321;-9.99982
-110.152;-128.343;0.466409;-0.00521951;-0.214736;-10.789
-101.326;-128.343;0.435498;-0.0192207;-0.252581;-11.5585
-92.5009;-128.343;0.456961;-0.0282139;-0.292395;-12.3068
-83.6754;-128.343;0.496578;-0.0286413;-0.328938;-13.0162
-74.85;-128.343;0.49563;-0.0255071;-0.355155;-13.6443
-66.0245;-128.343;0.450959;-0.0235333;-0.37711;-14.2199
-57.1991;-128.343;0.447103;-0.0190116;-0.394766;-14.7865
-48.3736;-128.343;0.50561;-0.00799388;-0.395829;-15.3049
-39.5482;-128.343;0.457186;0.016886;-0.387577;-15.678
-30.7227;-128.343;0.314453;0.0483196;-0.379493;-15.8632
-21.8972;-128.343;0.205968;0.082261;-0.372456;-16.0006
-13.0718;-128.343;0.227599;0.118625;-0.362387;-16.2009
-4.24634;-128.343;0.371277;0.156376;-0.352819;-16.4745
4.57912;-128.343;0.535215;0.189656;-0.359485;-16.705
13.4046;-128.343;0.694451;0.213946;-0.37259;-16.8061
22.23;-128.343;0.804948;0.238042;-0.392648;-16.7811
31.0555;-128.343;0.797287;0.259114;-0.406879;-16.5721
39.8809;-128.343;0.693872;0.277744;-0.409156;-16.2333
48.7064;-128.343;0.734071;0.292676;-0.403959;-15.9242
57.5318;-128.343;0.816727;0.306381;-0.393205;-15.5849
66.3573;-128.343;0.858962;0.315959;-0.379164;-15.1429
75.1828;-128.343;0.858601;0.318204;-0.360357;-14.6027
84.0082;-128.343;0.831581;0.313903;-0.337706;-13.9847
92.8337;-128.343;0.787723;0.307036;-0.31435;-13.3029
101.659;-128.343;0.784922;0.294219;-0.285632;-12.5867
110.485;-128.343;0.776624;0.276523;-0.243539;-11.7898
119.31;-128.343;0.726223;0.257915;-0.204258;-10.9599
128.135;-128.343;0.668334;0.239466;-0.171971;-10.1409
136.961;-128.343;0.696418;0.218646;-0.139099;-9.35031
145.786;-128.343;0.881081;0.190979;-0.0982123;-8.60281
154.612;-128.343;0.966459;0.163237;-0.0512081;-7.71375
163.437;-128.343;0.8383;0.122689;-0.0179189;-6.58409
172.263;-128.343;0.528651;0.089059;0.0108034;-5.3426
181.088;-128.343;0.450594;0.0660178;0.0344336;-4.2998
189.914;-128.343;0.867538;0.0388224;0.0570128;-3.68485
198.739;-128.343;1.31064;0.0186227;0.0791338;-3.07263
207.565;-128.343;1.53346;0.00271154;0.0809219;-2.27329
-189.581;-137.169;0.548652;0.0870973;0.0116994;-2.21165
-180.755;-137.169;0.621879;0.0630286;-0.0150736;-3.1744
-171.93;-137.169;0.606316;0.0326802;-0.0457776;-4.12839
-163.105;-137.169;0.608188;0.0132462;-0.0730059;-5.05357
-154.279;-137.169;0.528809;-0.00640499;-0.103293;-5.91256
-145.454;-137.169;0.423226;-0.0222634;-0.126878;-6.69814
-136.628;-137.169;0.391388;-0.0277912;-0.146732;-7.56333
-127.803;-137.169;0.438789;-0.0142897;-0.160736;-8.40503
-118.977;-137.169;0.437491;0.000926205;-0.184039;-9.20454
-110.152;-137.169;0.410581;-0.000881842;-0.213442;-9.95076
-101.326;-137.169;0.348234;-0.01238;-0.248716;-10.6609
-92.5009;-137.169;0.344077;-0.0236908;-0.290284;-11.3749
-83.6754;-137.169;0.417965;-0.0268412;-0.326767;-12.0903
-74.85;-137.169;0.467479;-0.024078;-0.349799;-12.7217
-66.0245;-137.169;0.410117;-0.0216191;-0.370991;-13.2587
-57.1991;-137.169;0.336509;-0.0190097;-0.391612;-13.7882
-48.3736;-137.169;0.397446;-0.0167994;-0.392976;-14.2787
-39.5482;-137.169;0.253969;0.00524982;-0.390722;-14.5424
-30.7227;-137.169;-0.118194;0.0391442;-0.388213;-14.5002
-21.8972;-137.169;-0.367691;0.074652;-0.380892;-14.471
-13.0718;-137.169;-0.260274;0.109371;-0.361528;-14.7023
-4.24634;-137.169;0.0275552;0.152989;-0.335982;-15.1655
4.57912;-137.169;0.290734;0.188336;-0.333841;-15.4603
13.4046;-137.169;0.482458;0.208611;-0.353878;-15.5624
22.23;-137.169;0.60229;0.225716;-0.376174;-15.5315
31.0555;-137.169;0.641833;0.240756;-0.384246;-15.3697
39.8809;-137.169;0.613834;0.2543;-0.378278;-15.098
48.7064;-137.169;0.595435;0.267758;-0.375769;-14.7637
57.5318;-137.169;0.634174;0.280666;-0.371203;-14.3992
66.3573;-137.169;0.665731;0.287382;-0.358785;-13.9547
75.1828;-137.169;0.651492;0.286355;-0.340023;-13.4081
84.0082;-137.169;0.589393;0.279946;-0.318379;-12.7719
92.8337;-137.169;0.512464;0.272705;-0.296472;-12.0824
101.659;-137.169;0.520791;0.261525;-0.269268;-11.4122
110.485;-137.169;0.617544;0.248709;-0.228761;-10.7564
119.31;-137.169;0.695299;0.2338;-0.188418;-10.0707
128.135;-137.169;0.731118;0.21497;-0.150886;-9.33971
136.961;-137.169;0.790601;0.190848;-0.11436;-8.57086
145.786;-137.169;0.902283;0.157364;-0.0819614;-7.75978
154.612;-137.169;0.754913;0.126417;-0.0505914;-6.7001
163.437;-137.169;0.436486;0.0902211;-0.0205774;-5.45861
172.263;-137.169;0.183501;0.0622299;0.0148229;-4.29968
181.088;-137.169;0.438271;0.0314291;0.044331;-3.54407
189.914;-137.169;1.21864;-0.00644772;0.0713427;-3.22781
198.739;-137.169;1.76927;-0.0267731;0.0900627;-2.70516
-189.581;-145.994;0.425255;0.0641125;0.0184364;-1.52172
-180.755;-145.994;0.497157;0.0511277;-0.00623419;-2.44745
-171.93;-145.994;0.505096;0.0288611;-0.0345542;-3.37069
-163.105;-145.994;0.498346;0.0125667;-0.0608577;-4.26924
-154.279;-145.994;0.416782;-0.00341093;-0.091598;-5.09934
-145.454;-145.994;0.31188;-0.0218875;-0.118969;-5.87325
-136.628;-145.994;0.291403;-0.0347644;-0.146476;-6.7461
-127.803;-145.994;0.362884;-0.0274129;-0.166642;-7.60596
-118.977;-145.994;0.395569;-0.0108008;-0.187689;-8.39582
-110.152;-145.994;0.35761;-0.00638864;-0.20948;-9.1037
-101.326;-145.994;0.265464;-0.012107;-0.241254;-9.76405
-92.5009;-145.994;0.246047;-0.0217626;-0.280934;-10.44
-83.6754;-145.994;0.362787;-0.0251781;-0.313763;-11.1491
-74.85;-145.994;0.453609;-0.0220325;-0.335043;-11.7846
-66.0245;-145.994;0.362841;-0.0183893;-0.358679;-12.2758
-57.1991;-145.994;0.202349;-0.0143097;-0.384159;-12.7137
-48.3736;-145.994;0.215507;-0.0180382;-0.392728;-13.1196
-39.5482;-145.994;-0.0693605;0.0102848;-0.402579;-13.2215
-30.7227;-145.994;-0.779709;0.0457853;-0.412786;-12.9494
-21.8972;-145.994;-1.37436;0.084207;-0.411215;-12.7952
-13.0718;-145.994;-1.3352;0.119988;-0.38851;-13.0218
-4.24634;-145.994;-0.674579;0.147559;-0.352353;-13.5613
4.57912;-145.994;-0.142574;0.178929;-0.339568;-14.0347
13.4046;-145.994;0.0949076;0.197555;-0.358315;-14.1803
22.23;-145.994;0.241282;0.209878;-0.37155;-14.1553
31.0555;-145.994;0.365833;0.219066;-0.367373;-14.043
39.8809;-145.994;0.456421;0.228478;-0.354964;-13.8628
48.7064;-145.994;0.486509;0.240886;-0.354761;-13.5839
57.5318;-145.994;0.517199;0.254335;-0.3555;-13.2302
66.3573;-145.994;0.546757;0.260386;-0.344381;-12.8027
75.1828;-145.994;0.546311;0.258179;-0.323213;-12.2812
84.0082;-145.994;0.500724;0.250763;-0.297558;-11.6722
92.8337;-145.994;0.434945;0.242764;-0.272313;-11.0164
101.659;-145.994;0.464406;0.233138;-0.244355;-10.4013
110.485;-145.994;0.597797;0.22365;-0.207969;-9.82433
119.31;-145.994;0.708;0.209215;-0.171874;-9.18283
128.135;-145.994;0.754343;0.188174;-0.136408;-8.44552
136.961;-145.994;0.7616;0.161129;-0.101228;-7.6205
145.786;-145.994;0.678844;0.132695;-0.0709227;-6.68254
154.612;-145.994;0.507636;0.0962217;-0.0430312;-5.65439
163.437;-145.994;0.343825;0.0555432;-0.0158867;-4.59064
172.263;-145.994;0.380222;0.0353639;0.025719;-3.72138
181.088;-145.994;0.970879;0.000893402;0.0556954;-3.23825
189.914;-145.994;1.7899;-0.0401987;0.0792995;-2.94757
198.739;-145.994;2.15373;-0.0701284;0.110353;-2.19528
-171.93;-154.819;0.439846;0.0335982;-0.015793;-2.62798
-163.105;-154.819;0.419018;0.018194;-0.0415566;-3.49142
-154.279;-154.819;0.366952;0.00863069;-0.0678407;-4.30172
-145.454;-154.819;0.310883;-0.01155;-0.0979862;-5.0979
-136.628;-154.819;0.301504;-0.0305688;-0.132811;-5.96208
-127.803;-154.819;0.347149;-0.031539;-0.159314;-6.80053
-118.977;-154.819;0.367915;-0.021168;-0.176644;-7.5565
-110.152;-154.819;0.329765;-0.01455;-0.192063;-8.23828
-101.326;-154.819;0.210453;-0.0142035;-0.221724;-8.86097
-92.5009;-154.819;0.178952;-0.0200399;-0.260004;-9.49315
-83.6754;-154.819;0.311708;-0.0218166;-0.290072;-10.1795
-74.85;-154.819;0.420871;-0.0184963;-0.311566;-10.8048
-66.0245;-154.819;0.33243;-0.0155159;-0.338487;-11.2758
-57.1991;-154.819;0.135268;-0.0129246;-0.36849;-11.6689
-48.3736;-154.819;0.107179;-0.0145351;-0.38338;-12.0283
-39.5482;-154.819;-0.186763;0.0087285;-0.397725;-12.1088
-30.7227;-154.819;-0.877305;0.0407564;-0.414707;-11.8287
-21.8972;-154.819;-1.51207;0.0730184;-0.418868;-11.633
-13.0718;-154.819;-1.62386;0.096938;-0.402949;-11.731
-4.24634;-154.819;-1.09762;0.115576;-0.378173;-12.1219
4.57912;-154.819;-0.318889;0.154062;-0.37467;-12.7182
13.4046;-154.819;-0.0200539;0.174173;-0.377754;-12.9383
22.23;-154.819;0.146775;0.185624;-0.371433;-12.9481
31.0555;-154.819;0.2989;0.194956;-0.35473;-12.8662
39.8809;-154.819;0.423657;0.204705;-0.336813;-12.7198
48.7064;-154.819;0.473246;0.211434;-0.329814;-12.4466
57.5318;-154.819;0.503519;0.221826;-0.328708;-12.102
66.3573;-154.819;0.530783;0.227726;-0.317134;-11.692
75.1828;-154.819;0.542766;0.228116;-0.294638;-11.2107
84.0082;-154.819;0.529353;0.223651;-0.265728;-10.6616
92.8337;-154.819;0.500621;0.215383;-0.237052;-10.0628
101.659;-154.819;0.550408;0.204641;-0.208011;-9.48496
110.485;-154.819;0.641132;0.19523;-0.176318;-8.8946
119.31;-154.819;0.656974;0.182863;-0.148032;-8.19888
128.135;-154.819;0.594313;0.164462;-0.120407;-7.39167
136.961;-154.819;0.516577;0.140031;-0.0906268;-6.5192
145.786;-154.819;0.44462;0.112192;-0.0619572;-5.61576
154.612;-154.819;0.489676;0.0747542;-0.0326968;-4.79212
163.437;-154.819;0.703709;0.0439733;-0.00169606;-4.11696
172.263;-154.819;1.12004;0.0248607;0.0324716;-3.60959
181.088;-154.819;1.75352;-0.00734678;0.0587569;-3.20687
189.914;-154.819;2.20119;-0.0507798;0.0940152;-2.53451
-163.105;-163.645;0.405506;0.0299877;-0.0187362;-2.72735
-154.279;-163.645;0.360359;0.0189935;-0.0458347;-3.52714
-145.454;-163.645;0.354187;0.00436;-0.0705735;-4.3354
-136.628;-163.645;0.366533;-0.0141912;-0.10255;-5.16367
-127.803;-163.645;0.374265;-0.0204961;-0.129085;-5.95113
-118.977;-163.645;0.373717;-0.0190124;-0.147011;-6.67708
-110.152;-163.645;0.333294;-0.0169943;-0.163418;-7.34379
-101.326;-163.645;0.21313;-0.0124941;-0.193151;-7.94242
-92.5009;-163.645;0.137601;-0.0151532;-0.232068;-8.54138
-83.6754;-163.645;0.233488;-0.0156242;-0.261532;-9.18393
-74.85;-163.645;0.335414;-0.013643;-0.284012;-9.78005
-66.0245;-163.645;0.265826;-0.0134231;-0.311793;-10.241
-57.1991;-163.645;0.0899945;-0.0131834;-0.344213;-10.6315
-48.3736;-163.645;0.159086;-0.0141187;-0.360776;-11.048
-39.5482;-163.645;0.0966227;0.00588538;-0.374366;-11.3146
-30.7227;-163.645;-0.3226;0.0361738;-0.399515;-11.2711
-21.8972;-163.645;-0.762131;0.0608215;-0.414822;-11.1465
-13.0718;-163.645;-0.888559;0.0770231;-0.407693;-11.1417
-4.24634;-163.645;-0.605681;0.0987371;-0.388964;-11.3673
4.57912;-163.645;-0.0535824;0.130585;-0.390323;-11.7721
13.4046;-163.645;0.172128;0.149964;-0.382049;-11.9509
22.23;-163.645;0.297204;0.160699;-0.359988;-11.9366
31.0555;-163.645;0.406217;0.168654;-0.333006;-11.8132
39.8809;-163.645;0.497807;0.178389;-0.309312;-11.6356
48.7064;-163.645;0.536153;0.182715;-0.289406;-11.3561
57.5318;-163.645;0.557115;0.187534;-0.281327;-11.0052
66.3573;-163.645;0.574308;0.193124;-0.270573;-10.6025
75.1828;-163.645;0.572751;0.197748;-0.251372;-10.1501
84.0082;-163.645;0.55655;0.19669;-0.222965;-9.64061
92.8337;-163.645;0.548366;0.189359;-0.193425;-9.08918
101.659;-163.645;0.592182;0.178109;-0.165008;-8.52434
110.485;-163.645;0.635683;0.167237;-0.137071;-7.90718
119.31;-163.645;0.59866;0.154612;-0.113499;-7.18776
128.135;-163.645;0.511357;0.139151;-0.0918498;-6.39398
136.961;-163.645;0.455501;0.121619;-0.0672284;-5.59035
145.786;-163.645;0.479964;0.102259;-0.0392593;-4.82559
154.612;-163.645;0.748711;0.0766086;-0.00670988;-4.19512
163.437;-163.645;1.1883;0.052253;0.0209273;-3.76055
172.263;-163.645;1.60778;0.0286227;0.0448732;-3.30461
181.088;-163.645;2.02588;-0.00706846;0.0652699;-2.74309
189.914;-163.645;2.1621;-0.0459075;0.0994242;-1.8192
-154.279;-172.47;0.359817;0.0279239;-0.0257647;-2.74031
-145.454;-172.47;0.341877;0.0117191;-0.0516012;-3.51081
-136.628;-172.47;0.353407;-0.00250929;-0.0778071;-4.29903
-127.803;-172.47;0.341699;-0.0125051;-0.101875;-5.0406
-118.977;-172.47;0.325461;-0.0168287;-0.12073;-5.73296
-110.152;-172.47;0.304419;-0.0154619;-0.141743;-6.40873
-101.326;-172.47;0.213357;-0.00846796;-0.171561;-7.02415
-92.5009;-172.47;0.135171;-0.00891509;-0.203284;-7.59881
-83.6754;-172.47;0.179775;-0.0112029;-0.227608;-8.16502
-74.85;-172.47;0.252772;-0.0119153;-0.251229;-8.7245
-66.0245;-172.47;0.204267;-0.0116114;-0.278117;-9.17418
-57.1991;-172.47;0.0386738;-0.00869629;-0.308264;-9.54437
-48.3736;-172.47;0.0847989;-0.00330221;-0.324902;-9.9597
-39.5482;-172.47;0.251688;0.0102589;-0.337228;-10.382
-30.7227;-172.47;0.167117;0.0297804;-0.36181;-10.5698
-21.8972;-172.47;0.0149531;0.0477394;-0.38167;-10.6264
-13.0718;-172.47;0.0373494;0.0671757;-0.38125;-10.7219
-4.24634;-172.47;0.268308;0.100281;-0.365029;-10.9746
4.57912;-172.47;0.436049;0.121171;-0.358561;-11.1222
13.4046;-172.47;0.517643;0.131073;-0.349047;-11.1288
22.23;-172.47;0.529028;0.138401;-0.325274;-10.9993
31.0555;-172.47;0.527971;0.144379;-0.295401;-10.7744
39.8809;-172.47;0.55101;0.153584;-0.268924;-10.5346
48.7064;-172.47;0.589561;0.157487;-0.240761;-10.2495
57.5318;-172.47;0.590084;0.161366;-0.22464;-9.89544
66.3573;-172.47;0.586612;0.167683;-0.213959;-9.49289
75.1828;-172.47;0.577525;0.17279;-0.198545;-9.05948
84.0082;-172.47;0.563204;0.172123;-0.173278;-8.5851
92.8337;-172.47;0.555445;0.164138;-0.146534;-8.06294
101.659;-172.47;0.583801;0.152312;-0.119943;-7.51179
110.485;-172.47;0.627017;0.139804;-0.0925809;-6.90948
119.31;-172.47;0.619253;0.127825;-0.0709201;-6.24289
128.135;-172.47;0.585312;0.116189;-0.0546301;-5.53698
136.961;-172.47;0.595444;0.104221;-0.0367239;-4.84185
145.786;-172.47;0.723219;0.0899114;-0.0151566;-4.21662
154.612;-172.47;1.05699;0.0710344;0.0106783;-3.70398
163.437;-172.47;1.37336;0.0526212;0.0353377;-3.18829
172.263;-172.47;1.66426;0.0224354;0.0484704;-2.6068
-145.454;-181.296;0.304358;0.0137872;-0.0359272;-2.66248
-136.628;-181.296;0.253576;-0.000206188;-0.0566217;-3.37825
-127.803;-181.296;0.213475;-0.0144146;-0.080501;-4.09046
-118.977;-181.296;0.171922;-0.0235852;-0.10213;-4.7532
-110.152;-181.296;0.166238;-0.019086;-0.123457;-5.41868
-101.326;-181.296;0.0982794;-0.00244307;-0.146826;-6.01226
-92.5009;-181.296;0.0116049;0.00151987;-0.171224;-6.54318
-83.6754;-181.296;0.0273832;-0.0015406;-0.190489;-7.06045
-74.85;-181.296;0.123015;-0.00506913;-0.213395;-7.62064
-66.0245;-181.296;0.143232;-0.0055013;-0.236521;-8.08429
-57.1991;-181.296;0.0148042;-0.000573863;-0.259618;-8.4315
-48.3736;-181.296;0.0159366;0.00884794;-0.273795;-8.80494
-39.5482;-181.296;0.222437;0.0184231;-0.28503;-9.25797
-30.7227;-181.296;0.311543;0.029218;-0.301595;-9.55736
-21.8972;-181.296;0.339021;0.0426357;-0.315714;-9.74406
-13.0718;-181.296;0.479114;0.0621326;-0.316503;-9.93683
-4.24634;-181.296;0.743259;0.0892008;-0.307617;-10.1766
4.57912;-181.296;0.76888;0.105028;-0.306361;-10.2411
13.4046;-181.296;0.754919;0.110544;-0.297282;-10.1724
22.23;-181.296;0.671556;0.117095;-0.275935;-9.9658
31.0555;-181.296;0.566281;0.123613;-0.248865;-9.66085
39.8809;-181.296;0.513767;0.132755;-0.222236;-9.3636
48.7064;-181.296;0.54517;0.136874;-0.194165;-9.07366
57.5318;-181.296;0.542997;0.141134;-0.174289;-8.73039
66.3573;-181.296;0.53656;0.145103;-0.161304;-8.34228
75.1828;-181.296;0.540784;0.147727;-0.145882;-7.93076
84.0082;-181.296;0.543684;0.147068;-0.12288;-7.48917
92.8337;-181.296;0.53725;0.140306;-0.101656;-6.99201
101.659;-181.296;0.536837;0.133043;-0.0836921;-6.45274
110.485;-181.296;0.562105;0.123945;-0.0639366;-5.88482
119.31;-181.296;0.586667;0.113328;-0.0457475;-5.28735
128.135;-181.296;0.618418;0.101455;-0.0310381;-4.66771
136.961;-181.296;0.693757;0.0885448;-0.016502;-4.05474
145.786;-181.296;0.875015;0.0736864;-0.00176433;-3.5027
154.612;-181.296;1.09588;0.0576912;0.0140755;-2.94265
163.437;-181.296;1.27883;0.0371306;0.0337172;-2.32527
-136.628;-190.121;0.19613;0.00560613;-0.0315746;-2.44358
-127.803;-190.121;0.162143;-0.00639594;-0.0488474;-3.11919
-118.977;-190.121;0.114246;-0.0166779;-0.0682821;-3.76915
-110.152;-190.121;0.0842868;-0.0132986;-0.0899094;-4.40858
-101.326;-190.121;-0.015994;0.00739336;-0.109261;-4.94543
-92.5009;-190.121;-0.166291;0.0138239;-0.130505;-5.39853
-83.6754;-190.121;-0.167756;0.0115287;-0.147663;-5.89601
-74.85;-190.121;-0.0250949;0.00727359;-0.167145;-6.47155
-66.0245;-190.121;0.0898463;0.00571681;-0.186751;-6.98412
-57.1991;-190.121;0.054378;0.00908033;-0.205015;-7.35901
-48.3736;-190.121;0.0591765;0.0173684;-0.216567;-7.70466
-39.5482;-190.121;0.165635;0.024223;-0.224886;-8.07377
-30.7227;-190.121;0.257111;0.0324379;-0.234792;-8.37498
-21.8972;-190.121;0.354962;0.0461214;-0.244797;-8.61586
-13.0718;-190.121;0.510745;0.0675941;-0.251943;-8.84427
-4.24634;-190.121;0.685397;0.0885237;-0.252966;-9.00789
4.57912;-190.121;0.685484;0.0955047;-0.249269;-9.00304
13.4046;-190.121;0.573083;0.0967813;-0.241385;-8.86209
22.23;-190.121;0.470705;0.100686;-0.22396;-8.62953
31.0555;-190.121;0.3864;0.107393;-0.203384;-8.36115
39.8809;-190.121;0.354107;0.114681;-0.180868;-8.09659
48.7064;-190.121;0.390468;0.118603;-0.154537;-7.8291
57.5318;-190.121;0.402613;0.122286;-0.133374;-7.5093
66.3573;-190.121;0.418893;0.124261;-0.117135;-7.15162
75.1828;-190.121;0.45553;0.125516;-0.0999359;-6.77526
84.0082;-190.121;0.485849;0.125466;-0.0788337;-6.3691
92.8337;-190.121;0.491425;0.121864;-0.0636229;-5.90675
101.659;-190.121;0.486417;0.11885;-0.054962;-5.39766
110.485;-190.121;0.500954;0.113436;-0.0458166;-4.86539
119.31;-190.121;0.528682;0.10487;-0.035365;-4.31227
128.135;-190.121;0.579323;0.0931161;-0.0238421;-3.74119
136.961;-190.121;0.667171;0.0803616;-0.0115778;-3.15913
145.786;-190.121;0.814931;0.0633964;0.00397801;-2.59393
154.612;-190.121;0.938992;0.0456224;0.0218657;-1.97452
-118.977;-198.947;0.101305;0.00126747;-0.0294097;-2.78995
-110.152;-198.947;0.0919557;0.00406466;-0.0466947;-3.37897
-101.326;-198.947;-0.03895;0.0191121;-0.0690524;-3.90456
-92.5009;-198.947;-0.258473;0.0239973;-0.0930061;-4.32638
-83.6754;-198.947;-0.269998;0.0234908;-0.107831;-4.83129
-74.85;-198.947;-0.11751;0.0212487;-0.120353;-5.39384
-66.0245;-198.947;0.0506661;0.0188938;-0.134931;-5.91647
-57.1991;-198.947;0.120925;0.0181033;-0.151589;-6.32545
-48.3736;-198.947;0.125112;0.0241612;-0.163737;-6.65084
-39.5482;-198.947;0.161835;0.0288173;-0.174773;-6.94826
-30.7227;-198.947;0.192786;0.0328796;-0.189891;-7.21244
-21.8972;-198.947;0.261822;0.0435314;-0.203918;-7.43459
-13.0718;-198.947;0.384024;0.0625357;-0.213815;-7.62642
-4.24634;-198.947;0.494842;0.0787787;-0.212722;-7.71487
4.57912;-198.947;0.467864;0.0833399;-0.20415;-7.66336
13.4046;-198.947;0.38772;0.0819756;-0.192875;-7.5153
22.23;-198.947;0.32086;0.0850327;-0.178808;-7.31989
31.0555;-198.947;0.256281;0.0909625;-0.162552;-7.09374
39.8809;-198.947;0.22392;0.0947676;-0.141158;-6.84574
48.7064;-198.947;0.24645;0.0965356;-0.116749;-6.58895
57.5318;-198.947;0.275248;0.100032;-0.0956758;-6.29793
66.3573;-198.947;0.317322;0.103056;-0.0767019;-5.97786
75.1828;-198.947;0.377048;0.104586;-0.0574255;-5.63394
84.0082;-198.947;0.426127;0.104683;-0.0385239;-5.25584
92.8337;-198.947;0.45057;0.10277;-0.0283138;-4.82804
101.659;-198.947;0.4691;0.102477;-0.0262205;-4.36638
110.485;-198.947;0.49691;0.0999308;-0.0239013;-3.87573
119.31;-198.947;0.520972;0.0935367;-0.0190634;-3.33848
128.135;-198.947;0.546241;0.0833528;-0.0139607;-2.7786
136.961;-198.947;0.599508;0.070263;-0.00453508;-2.20929
145.786;-198.947;0.70021;0.0517424;0.0151303;-1.62212
-118.977;-207.772;0.015966;0.0187048;0.000801822;-1.79381
-110.152;-207.772;0.052824;0.0234257;-0.0147468;-2.36457
-101.326;-207.772;-0.0357196;0.0287073;-0.040338;-2.88996
-92.5009;-207.772;-0.202745;0.0268623;-0.0648948;-3.34915
-83.6754;-207.772;-0.18943;0.0258985;-0.0737909;-3.84421
-74.85;-207.772;-0.099069;0.0265235;-0.0806899;-4.35472
-66.0245;-207.772;0.0068562;0.0253778;-0.0957927;-4.82237
-57.1991;-207.772;0.0729841;0.0250406;-0.110871;-5.20363
-48.3736;-207.772;0.0949409;0.0276801;-0.12396;-5.51233
-39.5482;-207.772;0.101438;0.0318952;-0.137369;-5.77222
-30.7227;-207.772;0.117571;0.0349028;-0.154484;-5.99936
-21.8972;-207.772;0.157902;0.041322;-0.171665;-6.18846
-13.0718;-207.772;0.226734;0.0540484;-0.185765;-6.34145
-4.24634;-207.772;0.287244;0.065712;-0.188211;-6.40511
4.57912;-207.772;0.276505;0.0682352;-0.178951;-6.3564
13.4046;-207.772;0.246487;0.0653458;-0.166067;-6.24342
22.23;-207.772;0.219207;0.0695436;-0.150111;-6.08859
31.0555;-207.772;0.178043;0.0743882;-0.128478;-5.88404
39.8809;-207.772;0.152058;0.0759181;-0.101865;-5.65175
48.7064;-207.772;0.171894;0.0753027;-0.0756197;-5.41384
57.5318;-207.772;0.227036;0.0763153;-0.0525055;-5.15661
66.3573;-207.772;0.300329;0.0791564;-0.0300601;-4.86773
75.1828;-207.772;0.370197;0.0807761;-0.00981015;-4.54775
84.0082;-207.772;0.431398;0.0825472;0.00466985;-4.20534
92.8337;-207.772;0.490845;0.083516;0.0102715;-3.82571
101.659;-207.772;0.534642;0.0848021;0.00942125;-3.41216
110.485;-207.772;0.567047;0.0830256;0.00525765;-2.93424
119.31;-207.772;0.574345;0.0763097;0.00502424;-2.40453
128.135;-207.772;0.574192;0.0663701;0.00654039;-1.84657
136.961;-207.772;0.578027;0.0539541;0.0146108;-1.27039
-83.6754;-216.598;-0.150553;0.0266607;-0.0454886;-2.84716
-74.85;-216.598;-0.0698529;0.0285111;-0.0506527;-3.29289
-66.0245;-216.598;-0.0211978;0.0303549;-0.0639192;-3.70965
-57.1991;-216.598;0.0016285;0.0305071;-0.0770151;-4.05209
-48.3736;-216.598;0.00145107;0.0309073;-0.0904769;-4.3439
-39.5482;-216.598;0.0199876;0.0347081;-0.10471;-4.58471
-30.7227;-216.598;0.0559018;0.0398515;-0.122189;-4.7858
-21.8972;-216.598;0.0952491;0.0444004;-0.139364;-4.94994
-13.0718;-216.598;0.135929;0.0499015;-0.153088;-5.06575
-4.24634;-216.598;0.161466;0.0553331;-0.160085;-5.11714
4.57912;-216.598;0.151133;0.0568553;-0.157237;-5.09919
13.4046;-216.598;0.13946;0.0531716;-0.147115;-5.03106
22.23;-216.598;0.120239;0.0559486;-0.124456;-4.88513
31.0555;-216.598;0.0958551;0.0570272;-0.0923501;-4.67651
39.8809;-216.598;0.104025;0.0550847;-0.0588631;-4.46636
48.7064;-216.598;0.171168;0.0528076;-0.0284316;-4.28455
57.5318;-216.598;0.285476;0.0533719;-0.000821754;-4.10323
66.3573;-216.598;0.389844;0.0574328;0.0240639;-3.86795
75.1828;-216.598;0.473421;0.0615777;0.0395529;-3.58226
84.0082;-216.598;0.56478;0.0674754;0.0493261;-3.29687
92.8337;-216.598;0.660815;0.0679466;0.0490075;-2.96026
101.659;-216.598;0.730768;0.0628018;0.0418868;-2.54987
110.485;-216.598;0.718139;0.0580395;0.0308629;-2.04332
-83.6754;-225.423;-0.133148;0.0310542;-0.0141269;-1.80252
-74.85;-225.423;-0.0454036;0.0320436;-0.0216707;-2.22929
-66.0245;-225.423;-0.0131855;0.0341204;-0.0346308;-2.6093
-57.1991;-225.423;-0.0169903;0.0337227;-0.0451063;-2.92289
-48.3736;-225.423;-0.03701;0.0325035;-0.0550535;-3.19797
-39.5482;-225.423;-0.0055027;0.0346881;-0.0686262;-3.43843
-30.7227;-225.423;0.0465333;0.041546;-0.0855444;-3.63658
-21.8972;-225.423;0.0782624;0.047438;-0.103327;-3.78575
-13.0718;-225.423;0.0952924;0.0508341;-0.115362;-3.88102
-4.24634;-225.423;0.0945464;0.0528595;-0.12162;-3.92049
4.57912;-225.423;0.0654043;0.0529836;-0.122582;-3.90087
13.4046;-225.423;0.0276722;0.0474876;-0.116203;-3.82915
22.23;-225.423;0.00210755;0.0454254;-0.0859651;-3.67088
31.0555;-225.423;0.00972294;0.043789;-0.0469715;-3.4893
39.8809;-225.423;0.112327;0.0410324;-0.0111184;-3.35818
48.7064;-225.423;0.247565;0.0409798;0.020313;-3.26244
57.5318;-225.423;0.436433;0.0421248;0.0487515;-3.16046
66.3573;-225.423;0.527002;0.0496175;0.0707955;-2.98858
75.1828;-225.423;0.606364;0.0567116;0.0775713;-2.72181
84.0082;-225.423;0.686016;0.0580156;0.0709126;-2.39348
92.8337;-225.423;0.711629;0.0578952;0.0647241;-2.00942
-39.5482;-234.249;0.0306207;0.0347835;-0.028899;-2.34246
-30.7227;-234.249;0.0831289;0.039672;-0.0472336;-2.54555
-21.8972;-234.249;0.0934164;0.0456396;-0.0655525;-2.6816
-13.0718;-234.249;0.0837572;0.0488962;-0.0755245;-2.7489
-4.24634;-234.249;0.0577434;0.0503503;-0.0800607;-2.76631
4.57912;-234.249;0.00689619;0.0487908;-0.0786737;-2.72004
13.4046;-234.249;-0.0793437;0.042401;-0.0703362;-2.61425
22.23;-234.249;-0.0531941;0.0381836;-0.0365036;-2.50633
31.0555;-234.249;0.0867969;0.0383532;0.000179247;-2.47368
39.8809;-234.249;0.350686;0.0367427;0.0306446;-2.46751
48.7064;-234.249;0.536908;0.0356352;0.0511734;-2.39161
57.5318;-234.249;0.540877;0.038553;0.0630896;-2.18531
66.3573;-234.249;0.400515;0.0472667;0.0646406;-1.87
75.1828;-234.249;0.247771;0.0513693;0.0569393;-1.47974
-4.24634;-243.074;0.085174;0.0499482;-0.0358248;-1.69856
4.57912;-243.074;0.0448187;0.0490524;-0.0372828;-1.67865
13.4046;-243.074;-0.0103361;0.0430902;-0.0295773;-1.61623
22.23;-243.074;0.19242;0.0401859;-0.000157196;-1.65108
31.0555;-243.074;0.548206;0.0407292;0.0343603;-1.75315
