x[mm];y[mm];z[mm];x-displacement[mm];y-displacement[mm];z-displacement[mm]
-4.24634;224.675;0.375758;0.0474536;0.0702599;-2.19943
4.57912;224.675;0.279688;0.0545271;0.0711619;-2.20448
13.4046;224.675;0.244098;0.0611539;0.0695064;-2.18288
22.23;224.675;0.214277;0.062185;0.0610765;-2.10856
31.0555;224.675;0.169214;0.0616939;0.056295;-1.99884
-39.5482;215.85;0.228536;0.034405;0.0924243;-2.52123
-30.7227;215.85;0.132185;0.0363788;0.0990863;-2.65955
-21.8972;215.85;0.00690536;0.0419864;0.09069;-2.70564
-13.0718;215.85;-0.0678567;0.055035;0.0863381;-2.82539
-4.24634;215.85;-0.0400073;0.0606546;0.0884036;-2.95135
4.57912;215.85;-0.0137488;0.0656564;0.0972791;-3.04702
13.4046;215.85;0.00217642;0.0692749;0.103416;-3.07181
22.23;215.85;0.0324511;0.0689526;0.101456;-3.04181
31.0555;215.85;0.0670344;0.0705257;0.0963154;-2.97985
39.8809;215.85;0.0771415;0.0735841;0.0850942;-2.85863
48.7064;215.85;0.0358777;0.0758505;0.0728605;-2.68447
57.5318;215.85;-0.0227074;0.0772742;0.0614967;-2.45567
66.3573;215.85;-0.0863275;0.0758126;0.059984;-2.19592
75.1828;215.85;-0.127406;0.0724492;0.0582253;-1.91238
-74.85;207.024;0.59461;0.0219304;0.065965;-2.43707
-66.0245;207.024;0.486612;0.0322032;0.0741223;-2.73812
-57.1991;207.024;0.307945;0.0381923;0.0858787;-2.98629
-48.3736;207.024;0.233351;0.0362987;0.0994528;-3.27444
-39.5482;207.024;0.145739;0.036703;0.110242;-3.48062
-30.7227;207.024;-0.153578;0.0424873;0.124288;-3.50568
-21.8972;207.024;-0.444783;0.0476949;0.122192;-3.43674
-13.0718;207.024;-0.518978;0.0584541;0.114952;-3.52964
-4.24634;207.024;-0.398179;0.0663251;0.109932;-3.71028
4.57912;207.024;-0.29085;0.0727972;0.120972;-3.88162
13.4046;207.024;-0.188586;0.076201;0.132268;-3.98566
22.23;207.024;-0.0832845;0.0772733;0.134076;-4.02547
31.0555;207.024;0.00173202;0.0802384;0.125704;-3.99294
39.8809;207.024;0.0396905;0.0861986;0.109112;-3.88201
48.7064;207.024;0.0246193;0.0902243;0.0928069;-3.71051
57.5318;207.024;-0.0306136;0.0924696;0.0847318;-3.47791
66.3573;207.024;-0.0857333;0.092399;0.0848069;-3.21246
75.1828;207.024;-0.119264;0.0895046;0.0839594;-2.91989
84.0082;207.024;-0.122125;0.0841765;0.0771615;-2.59891
92.8337;207.024;-0.102492;0.0798309;0.0606533;-2.23061
-110.152;198.199;0.893724;0.0234135;0.0376098;-1.69637
-101.326;198.199;0.790244;0.0191183;0.0528102;-2.16604
-92.5009;198.199;0.684541;0.0101347;0.0676723;-2.63596
-83.6754;198.199;0.63034;0.00275414;0.0784234;-3.08896
-74.85;198.199;0.540479;0.00991745;0.0862377;-3.49696
-66.0245;198.199;0.373743;0.027268;0.0929512;-3.78965
-57.1991;198.199;0.150043;0.0425499;0.106115;-4.00756
-48.3736;198.199;0.108936;0.0423197;0.115168;-4.27133
-39.5482;198.199;0.0654755;0.043382;0.119245;-4.48757
-30.7227;198.199;-0.178439;0.0477376;0.13103;-4.53765
-21.8972;198.199;-0.383967;0.0499935;0.131967;-4.52138
-13.0718;198.199;-0.404249;0.0581526;0.125274;-4.63037
-4.24634;198.199;-0.259576;0.0660877;0.117463;-4.80887
4.57912;198.199;-0.149092;0.0722383;0.127159;-4.97781
13.4046;198.199;-0.0598719;0.0772778;0.140359;-5.08836
22.23;198.199;0.00467943;0.0827204;0.145831;-5.12281
31.0555;198.199;0.0444207;0.0884148;0.139697;-5.069
39.8809;198.199;0.062254;0.0946231;0.125204;-4.94445
48.7064;198.199;0.0619776;0.0990788;0.111338;-4.77159
57.5318;198.199;0.0215814;0.103056;0.103881;-4.53799
66.3573;198.199;-0.0206234;0.105194;0.101471;-4.26288
75.1828;198.199;-0.044663;0.10385;0.0973336;-3.95546
84.0082;198.199;-0.0387745;0.0993466;0.0902455;-3.61565
92.8337;198.199;-0.0265803;0.0936098;0.0777202;-3.23731
101.659;198.199;-0.010551;0.0874866;0.0627461;-2.81512
110.485;198.199;0.0169507;0.0783304;0.045542;-2.3651
-110.152;189.373;0.930837;0.0104412;0.0461565;-2.63734
-101.326;189.373;0.892086;0.006028;0.0551205;-3.15842
-92.5009;189.373;0.791371;-0.0034772;0.0701277;-3.65083
-83.6754;189.373;0.655952;-0.0131556;0.0901914;-4.10598
-74.85;189.373;0.473169;-0.00465179;0.103835;-4.48144
-66.0245;189.373;0.255245;0.020695;0.113767;-4.78764
-57.1991;189.373;0.0654671;0.0408886;0.116223;-4.97764
-48.3736;189.373;0.000737889;0.0415122;0.123417;-5.23049
-39.5482;189.373;0.0191545;0.043475;0.122343;-5.51978
-30.7227;189.373;-0.0364448;0.048649;0.127635;-5.72992
-21.8972;189.373;-0.082711;0.055028;0.129531;-5.86697
-13.0718;189.373;-0.0487373;0.0646183;0.126109;-6.01576
-4.24634;189.373;0.0601943;0.0730985;0.121736;-6.16675
4.57912;189.373;0.120273;0.0778145;0.130289;-6.27855
13.4046;189.373;0.149755;0.0820295;0.140948;-6.31087
22.23;189.373;0.152561;0.0882762;0.147374;-6.27752
31.0555;189.373;0.146051;0.0944821;0.145091;-6.18462
39.8809;189.373;0.144224;0.099821;0.135898;-6.04505
48.7064;189.373;0.148461;0.104498;0.12569;-5.86301
57.5318;189.373;0.119586;0.109904;0.118303;-5.61784
66.3573;189.373;0.0844441;0.113192;0.111745;-5.32657
75.1828;189.373;0.0629578;0.113083;0.104687;-5.00252
84.0082;189.373;0.0600902;0.109991;0.0965486;-4.64759
92.8337;189.373;0.0644549;0.105507;0.0862968;-4.25253
101.659;189.373;0.0664289;0.0998702;0.0736239;-3.81201
110.485;189.373;0.0848117;0.0924893;0.0591996;-3.32889
119.31;189.373;0.124769;0.0826432;0.0412241;-2.83466
128.135;189.373;0.179572;0.071617;0.0234438;-2.31765
136.961;189.373;0.201108;0.0552722;0.000156815;-1.72909
-127.803;180.548;1.05846;0.00905034;0.0213461;-2.38293
-118.977;180.548;0.997956;-0.00282772;0.039335;-2.96707
-110.152;180.548;0.970836;-0.00935903;0.0521836;-3.53937
-101.326;180.548;0.96254;-0.0169893;0.0592683;-4.06761
-92.5009;180.548;0.807726;-0.0266956;0.0813816;-4.53353
-83.6754;180.548;0.539784;-0.036375;0.115842;-4.92354
-74.85;180.548;0.348888;-0.0229549;0.133442;-5.33562
-66.0245;180.548;0.265878;0.0103731;0.128741;-5.78074
-57.1991;180.548;0.201836;0.034536;0.115093;-6.0616
-48.3736;180.548;0.0658138;0.0359197;0.12502;-6.31931
-39.5482;180.548;0.0982304;0.0346868;0.125114;-6.60578
-30.7227;180.548;0.155431;0.0390851;0.125896;-6.88342
-21.8972;180.548;0.209804;0.0475179;0.127275;-7.09753
-13.0718;180.548;0.26204;0.0580548;0.127833;-7.26557
-4.24634;180.548;0.305143;0.0668084;0.129611;-7.38819
4.57912;180.548;0.300953;0.0718179;0.138272;-7.45149
13.4046;180.548;0.280497;0.0797393;0.147095;-7.44104
22.23;180.548;0.257491;0.0886901;0.152695;-7.37792
31.0555;180.548;0.245243;0.0963016;0.152843;-7.27808
39.8809;180.548;0.246722;0.102428;0.148002;-7.14164
48.7064;180.548;0.251238;0.108552;0.140689;-6.95298
57.5318;180.548;0.224418;0.114715;0.133593;-6.69592
66.3573;180.548;0.193296;0.118095;0.125485;-6.39553
75.1828;180.548;0.177118;0.119149;0.117895;-6.0625
84.0082;180.548;0.172933;0.118539;0.110672;-5.69036
92.8337;180.548;0.161004;0.116844;0.102191;-5.26554
101.659;180.548;0.133258;0.113226;0.0909472;-4.78572
110.485;180.548;0.128493;0.104851;0.0760017;-4.27454
119.31;180.548;0.152883;0.0950371;0.0582608;-3.7497
128.135;180.548;0.207737;0.0866505;0.0393693;-3.21439
136.961;180.548;0.270701;0.0763462;0.0189333;-2.65965
145.786;180.548;0.262011;0.0623521;-0.00428761;-2.02253
154.612;180.548;0.195857;0.0398746;-0.0300986;-1.2953
-136.628;171.722;1.14351;-0.00358064;0.022923;-2.63205
-127.803;171.722;1.06686;-0.0138092;0.0401579;-3.24849
-118.977;171.722;0.968487;-0.0261217;0.0606129;-3.85636
-110.152;171.722;0.91058;-0.0366105;0.0755994;-4.44636
-101.326;171.722;0.8803;-0.0451579;0.0834496;-4.97973
-92.5009;171.722;0.628931;-0.0574803;0.116888;-5.41257
-83.6754;171.722;0.300046;-0.0653144;0.161649;-5.80324
-74.85;171.722;0.291085;-0.0454027;0.166847;-6.27971
-66.0245;171.722;0.460908;-0.00550118;0.136778;-6.8386
-57.1991;171.722;0.522507;0.0225355;0.110865;-7.22092
-48.3736;171.722;0.364773;0.0260015;0.123502;-7.49303
-39.5482;171.722;0.305224;0.0279766;0.138044;-7.75155
-30.7227;171.722;0.324616;0.0336951;0.147533;-8.01479
-21.8972;171.722;0.359439;0.0425192;0.151913;-8.22135
-13.0718;171.722;0.375868;0.0526519;0.154873;-8.36875
-4.24634;171.722;0.361798;0.0616767;0.159178;-8.46026
4.57912;171.722;0.320094;0.0687801;0.16478;-8.49576
13.4046;171.722;0.294483;0.0792353;0.170234;-8.47881
22.23;171.722;0.285953;0.0903648;0.17443;-8.42496
31.0555;171.722;0.301115;0.0998695;0.174748;-8.34238
39.8809;171.722;0.327054;0.108127;0.170817;-8.21938
48.7064;171.722;0.33724;0.116269;0.16448;-8.03154
57.5318;171.722;0.313679;0.122238;0.15665;-7.76871
66.3573;171.722;0.294204;0.125383;0.147944;-7.46903
75.1828;171.722;0.291278;0.127814;0.139128;-7.13049
84.0082;171.722;0.287603;0.129691;0.131188;-6.73648
92.8337;171.722;0.25443;0.129969;0.124114;-6.2728
101.659;171.722;0.190846;0.128168;0.114485;-5.75257
110.485;171.722;0.172383;0.121891;0.0977171;-5.22296
119.31;171.722;0.185627;0.114153;0.0782955;-4.68097
128.135;171.722;0.211511;0.105352;0.0592242;-4.11329
136.961;171.722;0.236322;0.0953221;0.0393565;-3.51415
145.786;171.722;0.31376;0.0784739;0.0170879;-2.90355
154.612;171.722;0.23832;0.06467;-0.00150797;-2.19332
163.437;171.722;0.0883176;0.0500858;-0.0122022;-1.44364
-145.454;162.897;1.15461;-0.00994801;0.0261267;-2.77338
-136.628;162.897;1.13588;-0.0205343;0.0413815;-3.44801
-127.803;162.897;1.0774;-0.0298793;0.059839;-4.10975
-118.977;162.897;0.980421;-0.0422801;0.0793739;-4.72693
-110.152;162.897;0.914287;-0.0538326;0.0942288;-5.32887
-101.326;162.897;0.871911;-0.0636628;0.102445;-5.87367
-92.5009;162.897;0.650106;-0.0756924;0.133152;-6.35711
-83.6754;162.897;0.420197;-0.0779215;0.165586;-6.80358
-74.85;162.897;0.58986;-0.0518824;0.156233;-7.34493
-66.0245;162.897;0.807345;-0.0121755;0.119368;-7.90734
-57.1991;162.897;0.779558;0.0153154;0.102458;-8.32705
-48.3736;162.897;0.601513;0.0212884;0.123523;-8.60183
-39.5482;162.897;0.529642;0.0259;0.147731;-8.85453
-30.7227;162.897;0.517672;0.0316305;0.167728;-9.10189
-21.8972;162.897;0.500015;0.0408731;0.178902;-9.29169
-13.0718;162.897;0.463971;0.0520835;0.184636;-9.41857
-4.24634;162.897;0.419105;0.0628706;0.18894;-9.49197
4.57912;162.897;0.379074;0.0724093;0.192084;-9.52421
13.4046;162.897;0.364858;0.0839753;0.19474;-9.51654
22.23;162.897;0.363894;0.0950674;0.198184;-9.47503
31.0555;162.897;0.384962;0.105098;0.199587;-9.40232
39.8809;162.897;0.419324;0.114831;0.198008;-9.28739
48.7064;162.897;0.442699;0.123805;0.194564;-9.1046
57.5318;162.897;0.421008;0.129543;0.185918;-8.83147
66.3573;162.897;0.389526;0.133683;0.173858;-8.50939
75.1828;162.897;0.377531;0.137979;0.161549;-8.14741
84.0082;162.897;0.368036;0.14184;0.151619;-7.73249
92.8337;162.897;0.330358;0.142578;0.144577;-7.24853
101.659;162.897;0.260863;0.140737;0.137729;-6.71812
110.485;162.897;0.26187;0.136319;0.119229;-6.19815
119.31;162.897;0.299042;0.130714;0.0960646;-5.66198
128.135;162.897;0.344955;0.121854;0.073206;-5.08603
136.961;162.897;0.382717;0.108362;0.0507434;-4.46522
145.786;162.897;0.416761;0.0909729;0.0272867;-3.81547
154.612;162.897;0.332867;0.0783956;0.0126802;-3.07832
163.437;162.897;0.230206;0.0665132;0.0099896;-2.32168
-163.105;154.071;1.20252;0.0127714;0.00957356;-2.03309
-154.279;154.071;1.13906;-0.00748537;0.0265119;-2.79567
-145.454;154.071;1.11547;-0.0232982;0.0429423;-3.54057
-136.628;154.071;1.12115;-0.0308116;0.0556171;-4.25499
-127.803;154.071;1.08164;-0.0402262;0.0731922;-4.9423
-118.977;154.071;1.01224;-0.0520588;0.090649;-5.58793
-110.152;154.071;0.97436;-0.0634942;0.103145;-6.20916
-101.326;154.071;0.972763;-0.0717676;0.108274;-6.80052
-92.5009;154.071;0.860946;-0.0774021;0.124706;-7.3584
-83.6754;154.071;0.790592;-0.0712999;0.137561;-7.87075
-74.85;154.071;0.89014;-0.0446165;0.131494;-8.45834
-66.0245;154.071;0.954122;-0.0135621;0.11101;-8.95523
-57.1991;154.071;0.857777;0.00733828;0.10721;-9.3293
-48.3736;154.071;0.692038;0.0147076;0.129748;-9.59974
-39.5482;154.071;0.652509;0.0218822;0.15673;-9.87213
-30.7227;154.071;0.644239;0.0288336;0.180088;-10.1233
-21.8972;154.071;0.627721;0.0396487;0.193394;-10.3159
-13.0718;154.071;0.58993;0.0516307;0.201123;-10.448
-4.24634;154.071;0.53875;0.0625268;0.208528;-10.5284
4.57912;154.071;0.495007;0.0732551;0.214532;-10.5684
13.4046;154.071;0.479858;0.0849379;0.217929;-10.5627
22.23;154.071;0.456536;0.0969403;0.221327;-10.5123
31.0555;154.071;0.446423;0.109292;0.222644;-10.422
39.8809;154.071;0.455528;0.122076;0.221538;-10.2907
48.7064;154.071;0.466134;0.132925;0.220302;-10.094
57.5318;154.071;0.427753;0.13985;0.214023;-9.80266
66.3573;154.071;0.381533;0.145023;0.202562;-9.46423
75.1828;154.071;0.375794;0.149619;0.18835;-9.09783
84.0082;154.071;0.389735;0.153737;0.174502;-8.68918
92.8337;154.071;0.385538;0.154312;0.163042;-8.21313
101.659;154.071;0.349303;0.151225;0.155386;-7.68372
110.485;154.071;0.367342;0.146367;0.137804;-7.15766
119.31;154.071;0.416055;0.141156;0.114488;-6.61156
128.135;154.071;0.460767;0.132061;0.0892773;-6.01596
136.961;154.071;0.471651;0.117702;0.0644008;-5.36224
145.786;154.071;0.468605;0.101502;0.0398048;-4.67609
154.612;154.071;0.397623;0.0891635;0.023883;-3.94066
163.437;154.071;0.311385;0.0772649;0.0190073;-3.15439
172.263;154.071;0.253158;0.0639421;0.0182582;-2.37144
181.088;154.071;0.265392;0.0478096;0.0156544;-1.54366
-171.93;145.246;1.12975;0.0223971;0.00455745;-1.92605
-163.105;145.246;1.1641;0.00301641;0.0189691;-2.73539
-154.279;145.246;1.11817;-0.0167222;0.0357446;-3.52616
-145.454;145.246;1.09692;-0.0318426;0.0523968;-4.29479
-136.628;145.246;1.09647;-0.0419295;0.0670764;-5.03829
-127.803;145.246;1.06622;-0.0520804;0.0827391;-5.75431
-118.977;145.246;1.0209;-0.0632727;0.0969628;-6.42468
-110.152;145.246;0.999578;-0.0737518;0.107293;-7.07308
-101.326;145.246;1.01174;-0.0795742;0.111434;-7.70682
-92.5009;145.246;0.99025;-0.0782076;0.117405;-8.31754
-83.6754;145.246;0.99117;-0.0664924;0.122714;-8.88016
-74.85;145.246;1.00651;-0.0461012;0.120218;-9.41143
-66.0245;145.246;0.966159;-0.0250785;0.114352;-9.86631
-57.1991;145.246;0.852637;-0.00919605;0.118485;-10.229
-48.3736;145.246;0.72729;0.000491804;0.137653;-10.5117
-39.5482;145.246;0.702204;0.0108432;0.163412;-10.8144
-30.7227;145.246;0.69207;0.020443;0.186189;-11.0787
-21.8972;145.246;0.674958;0.0342465;0.199803;-11.2824
-13.0718;145.246;0.632476;0.0488205;0.210369;-11.4288
-4.24634;145.246;0.57001;0.0614594;0.223836;-11.5189
4.57912;145.246;0.513373;0.0732945;0.235603;-11.5586
13.4046;145.246;0.489802;0.0857614;0.241454;-11.5439
22.23;145.246;0.459978;0.0992809;0.243454;-11.4798
31.0555;145.246;0.436727;0.113754;0.24177;-11.3716
39.8809;145.246;0.426509;0.128678;0.237858;-11.2197
48.7064;145.246;0.420906;0.140974;0.23671;-11.0046
57.5318;145.246;0.390984;0.148923;0.234689;-10.7139
66.3573;145.246;0.366716;0.155594;0.227318;-10.3838
75.1828;145.246;0.38773;0.161046;0.214217;-10.034
84.0082;145.246;0.431634;0.165726;0.197395;-9.64493
92.8337;145.246;0.465293;0.166667;0.180577;-9.18712
101.659;145.246;0.471788;0.163203;0.169803;-8.66792
110.485;145.246;0.488642;0.158583;0.154253;-8.12129
119.31;145.246;0.512269;0.154333;0.13341;-7.54033
128.135;145.246;0.525369;0.145852;0.10849;-6.90872
136.961;145.246;0.514664;0.130495;0.0821147;-6.22333
145.786;145.246;0.494587;0.114328;0.0562286;-5.51051
154.612;145.246;0.443393;0.102064;0.0366626;-4.76493
163.437;145.246;0.374303;0.0880383;0.0265396;-3.97892
172.263;145.246;0.309826;0.073067;0.0188575;-3.14897
181.088;145.246;0.303764;0.0567734;0.0148744;-2.33035
189.914;145.246;0.257625;0.0350407;0.00543592;-1.43038
-171.93;136.421;1.1272;0.0149811;0.0141499;-2.59202
-163.105;136.421;1.13201;-0.00485762;0.0265514;-3.43425
-154.279;136.421;1.10889;-0.0239443;0.0435531;-4.24171
-145.454;136.421;1.0897;-0.0399074;0.0610742;-5.02982
-136.628;136.421;1.06611;-0.0536736;0.0768933;-5.79608
-127.803;136.421;1.03453;-0.0651168;0.0903269;-6.53062
-118.977;136.421;1.00021;-0.0750419;0.100779;-7.22011
-110.152;136.421;0.976495;-0.0833422;0.108794;-7.88214
-101.326;136.421;0.973718;-0.0869902;0.113506;-8.52436
-92.5009;136.421;0.979882;-0.0818159;0.116669;-9.13618
-83.6754;136.421;0.971124;-0.0692126;0.124521;-9.70634
-74.85;136.421;0.960534;-0.0546874;0.127779;-10.2365
-66.0245;136.421;0.908822;-0.0408455;0.129882;-10.6983
-57.1991;136.421;0.818984;-0.0277213;0.137358;-11.0852
-48.3736;136.421;0.735081;-0.0147759;0.154028;-11.4127
-39.5482;136.421;0.699776;-0.00235871;0.177421;-11.7299
-30.7227;136.421;0.670017;0.0100042;0.199302;-11.9995
-21.8972;136.421;0.632726;0.0266195;0.213859;-12.1991
-13.0718;136.421;0.570894;0.0434783;0.22641;-12.3362
-4.24634;136.421;0.492476;0.0579538;0.242608;-12.4174
4.57912;136.421;0.426974;0.0714083;0.258333;-12.4532
13.4046;136.421;0.408886;0.0871854;0.265358;-12.4481
22.23;136.421;0.403583;0.103929;0.264552;-12.3977
31.0555;136.421;0.398919;0.120141;0.258198;-12.2934
39.8809;136.421;0.388089;0.135844;0.249338;-12.13
48.7064;136.421;0.371371;0.149835;0.244803;-11.903
57.5318;136.421;0.35706;0.160653;0.244351;-11.6224
66.3573;136.421;0.363845;0.17009;0.240878;-11.3026
75.1828;136.421;0.389822;0.178127;0.230884;-10.9498
84.0082;136.421;0.420866;0.184612;0.214496;-10.5446
92.8337;136.421;0.450837;0.185923;0.195605;-10.0719
101.659;136.421;0.486847;0.182405;0.181792;-9.56172
110.485;136.421;0.498685;0.178808;0.166597;-8.99725
119.31;136.421;0.494235;0.17531;0.147334;-8.37985
128.135;136.421;0.489489;0.166617;0.123591;-7.72039
136.961;136.421;0.490531;0.149835;0.0970638;-7.02565
145.786;136.421;0.47703;0.132943;0.0708235;-6.30069
154.612;136.421;0.443659;0.119588;0.0487354;-5.54093
163.437;136.421;0.383422;0.105027;0.0338538;-4.73387
172.263;136.421;0.319043;0.0865296;0.020697;-3.89122
181.088;136.421;0.290374;0.0647756;0.00777986;-3.04045
189.914;136.421;0.275553;0.0474869;0.00304397;-2.15296
-180.755;127.595;1.15316;0.0332875;0.0107399;-2.36723
-171.93;127.595;1.12186;0.0102673;0.0214097;-3.23056
-163.105;127.595;1.08813;-0.0153693;0.0397768;-4.10278
-154.279;127.595;1.07622;-0.0338028;0.0556643;-4.93342
-145.454;127.595;1.05949;-0.0502842;0.0723831;-5.7438
-136.628;127.595;1.02683;-0.0657609;0.088574;-6.53221
-127.803;127.595;0.996568;-0.0771769;0.0995812;-7.28593
-118.977;127.595;0.965194;-0.0849657;0.106566;-7.99923
-110.152;127.595;0.938294;-0.0900172;0.112743;-8.67955
-101.326;127.595;0.926748;-0.0910697;0.119107;-9.32981
-92.5009;127.595;0.912986;-0.084377;0.125564;-9.94182
-83.6754;127.595;0.881609;-0.0724353;0.135087;-10.5135
-74.85;127.595;0.858373;-0.0612856;0.141648;-11.0487
-66.0245;127.595;0.820977;-0.0514256;0.149328;-11.5263
-57.1991;127.595;0.76378;-0.0406311;0.161766;-11.9364
-48.3736;127.595;0.702799;-0.0274351;0.180232;-12.2931
-39.5482;127.595;0.660219;-0.0139918;0.201288;-12.6282
-30.7227;127.595;0.610662;0.00148784;0.22269;-12.912
-21.8972;127.595;0.553821;0.0221469;0.237851;-13.1166
-13.0718;127.595;0.477661;0.0422849;0.250034;-13.2499
-4.24634;127.595;0.395245;0.0593777;0.265683;-13.3292
4.57912;127.595;0.339587;0.0761297;0.281621;-13.3791
13.4046;127.595;0.347598;0.0946782;0.287007;-13.3893
22.23;127.595;0.371056;0.113279;0.283431;-13.3527
31.0555;127.595;0.389171;0.130225;0.273841;-13.2563
39.8809;127.595;0.38246;0.145785;0.26114;-13.0808
48.7064;127.595;0.348047;0.160939;0.252039;-12.8265
57.5318;127.595;0.304717;0.174991;0.247706;-12.5081
66.3573;127.595;0.293317;0.186416;0.244236;-12.1492
75.1828;127.595;0.271681;0.196929;0.236451;-11.7365
84.0082;127.595;0.21958;0.204976;0.223118;-11.2419
92.8337;127.595;0.172103;0.20689;0.206925;-10.6918
101.659;127.595;0.20512;0.202769;0.191811;-10.17
110.485;127.595;0.236273;0.199392;0.174668;-9.61144
119.31;127.595;0.257112;0.195945;0.15383;-9.00124
128.135;127.595;0.297355;0.186602;0.129847;-8.36424
136.961;127.595;0.355407;0.170402;0.104075;-7.70514
145.786;127.595;0.367758;0.155116;0.0796537;-6.98899
154.612;127.595;0.339977;0.14132;0.0576962;-6.21167
163.437;127.595;0.29198;0.125631;0.0412082;-5.39059
172.263;127.595;0.250485;0.105238;0.0242874;-4.54122
181.088;127.595;0.236302;0.0821524;0.00906483;-3.68356
189.914;127.595;0.200733;0.0643456;0.00528689;-2.80378
198.739;127.595;0.158688;0.0457545;0.000337606;-1.86129
207.565;127.595;0.395024;0.0193668;-0.0151223;-0.887523
-189.581;118.77;1.1177;0.0420525;0.0118333;-2.07957
-180.755;118.77;1.09406;0.0246015;0.0199009;-2.96126
-171.93;118.77;1.07296;-0.00200704;0.0384233;-3.86913
-163.105;118.77;1.03285;-0.0273099;0.0566881;-4.74454
-154.279;118.77;1.02052;-0.0466577;0.0721785;-5.60259
-145.454;118.77;1.01285;-0.0620825;0.0868054;-6.43663
-136.628;118.77;0.984;-0.0772392;0.102138;-7.24865
-127.803;118.77;0.957453;-0.0879965;0.11068;-8.02267
-118.977;118.77;0.929682;-0.0949125;0.115166;-8.76242
-110.152;118.77;0.912249;-0.0981086;0.120346;-9.46852
-101.326;118.77;0.912634;-0.0965063;0.127646;-10.133
-92.5009;118.77;0.882581;-0.0897394;0.136798;-10.7517
-83.6754;118.77;0.814427;-0.0801817;0.147826;-11.3322
-74.85;118.77;0.763848;-0.0707096;0.156829;-11.8748
-66.0245;118.77;0.720896;-0.0621477;0.169682;-12.3676
-57.1991;118.77;0.6755;-0.0520118;0.187723;-12.7986
-48.3736;118.77;0.631181;-0.0388126;0.209017;-13.1793
-39.5482;118.77;0.602716;-0.0253202;0.229304;-13.535
-30.7227;118.77;0.572688;-0.00799977;0.247248;-13.8379
-21.8972;118.77;0.530896;0.0157758;0.258855;-14.0591
-13.0718;118.77;0.466832;0.0380097;0.267549;-14.2081
-4.24634;118.77;0.403245;0.055621;0.279925;-14.308
4.57912;118.77;0.370627;0.0726227;0.294471;-14.3813
13.4046;118.77;0.374062;0.0932158;0.300408;-14.391
22.23;118.77;0.36351;0.114771;0.296997;-14.3289
31.0555;118.77;0.345104;0.13397;0.28614;-14.1983
39.8809;118.77;0.30355;0.153107;0.272552;-13.9888
48.7064;118.77;0.212627;0.170507;0.261131;-13.6614
57.5318;118.77;0.0569061;0.188742;0.253904;-13.2291
66.3573;118.77;-0.0638853;0.203334;0.247958;-12.7702
75.1828;118.77;-0.112906;0.214755;0.237354;-12.3107
84.0082;118.77;-0.248958;0.228669;0.223043;-11.7435
92.8337;118.77;-0.43769;0.229695;0.206113;-11.0444
101.659;118.77;-0.480699;0.226953;0.189157;-10.4312
110.485;118.77;-0.40146;0.222859;0.172698;-9.89485
119.31;118.77;-0.283466;0.218602;0.153948;-9.35966
128.135;118.77;-0.128544;0.207854;0.13237;-8.80639
136.961;118.77;0.0234528;0.193421;0.107273;-8.21344
145.786;118.77;0.0739788;0.180014;0.0839946;-7.51066
154.612;118.77;0.0753081;0.166562;0.0623003;-6.73365
163.437;118.77;0.0755436;0.149391;0.0451097;-5.92496
172.263;118.77;0.0921696;0.129019;0.0287151;-5.10386
181.088;118.77;0.121932;0.107071;0.0146731;-4.27081
189.914;118.77;0.119876;0.0861082;0.00656761;-3.39475
198.739;118.77;0.109778;0.0659195;0.00401546;-2.4673
207.565;118.77;0.316742;0.0367849;-0.00619194;-1.51341
-189.581;109.944;1.03243;0.0221017;0.0236013;-2.64231
-180.755;109.944;0.999407;0.00854026;0.0359058;-3.53862
-171.93;109.944;0.996469;-0.0122197;0.0538461;-4.45649
-163.105;109.944;0.967239;-0.0363515;0.0700536;-5.3586
-154.279;109.944;0.957578;-0.056533;0.0840413;-6.24867
-145.454;109.944;0.960721;-0.0717619;0.0977747;-7.11157
-136.628;109.944;0.94335;-0.0877473;0.112924;-7.94947
-127.803;109.944;0.909488;-0.101431;0.121997;-8.74434
-118.977;109.944;0.87243;-0.111834;0.127719;-9.51023
-110.152;109.944;0.854059;-0.116286;0.13375;-10.2468
-101.326;109.944;0.853912;-0.113064;0.141395;-10.9372
-92.5009;109.944;0.819751;-0.105088;0.151248;-11.5704
-83.6754;109.944;0.757376;-0.0963778;0.160094;-12.1665
-74.85;109.944;0.706286;-0.0883896;0.167048;-12.7269
-66.0245;109.944;0.658474;-0.0806656;0.179669;-13.2413
-57.1991;109.944;0.619952;-0.0705017;0.200444;-13.6951
-48.3736;109.944;0.595885;-0.0565526;0.225924;-14.1001
-39.5482;109.944;0.576766;-0.0413899;0.247125;-14.47
-30.7227;109.944;0.550944;-0.0218177;0.263445;-14.7865
-21.8972;109.944;0.514533;0.00399448;0.272974;-15.0274
-13.0718;109.944;0.461198;0.0269957;0.27943;-15.2025
-4.24634;109.944;0.411489;0.045243;0.288762;-15.3244
4.57912;109.944;0.383619;0.0638612;0.301236;-15.4025
13.4046;109.944;0.367311;0.0866894;0.308093;-15.3992
22.23;109.944;0.326019;0.108654;0.306776;-15.3135
31.0555;109.944;0.278331;0.127377;0.296837;-15.1567
39.8809;109.944;0.210469;0.152275;0.282464;-14.926
48.7064;109.944;0.104359;0.18185;0.269337;-14.5865
57.5318;109.944;-0.0354433;0.210924;0.26038;-14.1541
66.3573;109.944;-0.095118;0.227613;0.253783;-13.7309
75.1828;109.944;-0.0761973;0.238754;0.237032;-13.3236
84.0082;109.944;-0.205945;0.25464;0.210707;-12.7507
92.8337;109.944;-0.454149;0.254769;0.191231;-11.9595
101.659;109.944;-0.62332;0.252181;0.175117;-11.2054
110.485;109.944;-0.607741;0.247402;0.159843;-10.5784
119.31;109.944;-0.510044;0.243069;0.143699;-10.0067
128.135;109.944;-0.349533;0.231764;0.12665;-9.43921
136.961;109.944;-0.175447;0.217924;0.106269;-8.84496
145.786;109.944;-0.0669494;0.205084;0.0891728;-8.16456
154.612;109.944;-0.01631;0.192203;0.0704306;-7.40353
163.437;109.944;0.0320889;0.174;0.0526931;-6.60026
172.263;109.944;0.0823051;0.152995;0.0368527;-5.77451
181.088;109.944;0.125678;0.131542;0.0240686;-4.92938
189.914;109.944;0.154805;0.108975;0.0143372;-4.04669
198.739;109.944;0.163803;0.0837397;0.00987983;-3.13097
207.565;109.944;0.290216;0.0543486;-0.0025692;-2.14934
-198.406;101.119;1.147;0.0314337;0.0129885;-2.29402
-189.581;101.119;1.04388;0.0147611;0.0274105;-3.20508
-180.755;101.119;0.983041;-0.00089019;0.0434279;-4.12456
-171.93;101.119;0.964203;-0.0202993;0.0580293;-5.04715
-163.105;101.119;0.938417;-0.0438318;0.0712993;-5.97428
-154.279;101.119;0.926309;-0.0647214;0.0848396;-6.89001
-145.454;101.119;0.917144;-0.0814646;0.0986291;-7.77395
-136.628;101.119;0.881806;-0.100115;0.113287;-8.62836
-127.803;101.119;0.821768;-0.116769;0.122157;-9.43263
-118.977;101.119;0.766645;-0.131021;0.128795;-10.2141
-110.152;101.119;0.74933;-0.13872;0.136998;-10.9799
-101.326;101.119;0.76738;-0.136359;0.1475;-11.7123
-92.5009;101.119;0.76512;-0.126995;0.158526;-12.3856
-83.6754;101.119;0.744013;-0.116242;0.164756;-13.0107
-74.85;101.119;0.701561;-0.108093;0.169943;-13.5985
-66.0245;101.119;0.647384;-0.100463;0.181675;-14.138
-57.1991;101.119;0.592339;-0.0899242;0.20406;-14.6143
-48.3736;101.119;0.549457;-0.0745207;0.23347;-15.0377
-39.5482;101.119;0.527716;-0.0559573;0.256285;-15.4144
-30.7227;101.119;0.511535;-0.0340294;0.272602;-15.7413
-21.8972;101.119;0.489405;-0.00768466;0.283108;-16.0051
-13.0718;101.119;0.459138;0.0155013;0.290815;-16.2099
-4.24634;101.119;0.43005;0.0349314;0.299542;-16.3501
4.57912;101.119;0.408029;0.0553814;0.30964;-16.4282
13.4046;101.119;0.385235;0.0787632;0.316138;-16.422
22.23;101.119;0.339027;0.0991605;0.317151;-16.3353
31.0555;101.119;0.281757;0.116807;0.30983;-16.1732
39.8809;101.119;0.216035;0.149446;0.293835;-15.9443
48.7064;101.119;0.170724;0.196103;0.27649;-15.6679
57.5318;101.119;0.187875;0.239617;0.264135;-15.3674
66.3573;101.119;0.30281;0.260328;0.25727;-15.0854
75.1828;101.119;0.377268;0.272971;0.233871;-14.7161
84.0082;101.119;0.275398;0.285145;0.199938;-14.127
92.8337;101.119;0.0372399;0.28601;0.177257;-13.3211
101.659;101.119;-0.198252;0.285745;0.160929;-12.4964
110.485;101.119;-0.251137;0.280411;0.144688;-11.7784
119.31;101.119;-0.217901;0.2748;0.129144;-11.1143
128.135;101.119;-0.134608;0.265258;0.116526;-10.4546
136.961;101.119;-0.0351562;0.251882;0.103204;-9.76792
145.786;101.119;0.0491776;0.238189;0.0924672;-9.03738
154.612;101.119;0.0974265;0.223899;0.0779241;-8.24307
163.437;101.119;0.145832;0.204821;0.0607418;-7.40523
172.263;101.119;0.175609;0.184575;0.0439863;-6.53471
181.088;101.119;0.177583;0.165014;0.0293134;-5.63703
189.914;101.119;0.176825;0.140503;0.0152269;-4.70533
198.739;101.119;0.221702;0.107434;0.0061917;-3.7566
207.565;101.119;0.282995;0.0739544;-0.00432214;-2.75034
-198.406;92.2933;1.18437;0.0382478;0.00638354;-2.82956
-189.581;92.2933;1.07497;0.0224661;0.0210818;-3.76158
-180.755;92.2933;0.998286;-0.00308014;0.0416014;-4.69731
-171.93;92.2933;0.968392;-0.0274689;0.056436;-5.63703
-163.105;92.2933;0.945304;-0.0512883;0.0677503;-6.58197
-154.279;92.2933;0.914747;-0.0730273;0.0822498;-7.51041
-145.454;92.2933;0.871873;-0.0927373;0.0978681;-8.41002
-136.628;92.2933;0.808397;-0.113577;0.111017;-9.27969
-127.803;92.2933;0.736524;-0.131518;0.117257;-10.1018
-118.977;92.2933;0.687129;-0.14787;0.125343;-10.9139
-110.152;92.2933;0.680305;-0.157875;0.136964;-11.7141
-101.326;92.2933;0.707287;-0.15679;0.150567;-12.4854
-92.5009;92.2933;0.729098;-0.146629;0.163042;-13.205
-83.6754;92.2933;0.727188;-0.134468;0.171074;-13.8673
-74.85;92.2933;0.698585;-0.125031;0.179082;-14.4833
-66.0245;92.2933;0.649578;-0.115639;0.191592;-15.0435
-57.1991;92.2933;0.584156;-0.103158;0.213366;-15.5363
-48.3736;92.2933;0.523727;-0.0856264;0.241725;-15.979
-39.5482;92.2933;0.499115;-0.0646601;0.265172;-16.3743
-30.7227;92.2933;0.497649;-0.0416246;0.28311;-16.7252
-21.8972;92.2933;0.489067;-0.0146843;0.296767;-17.0188
-13.0718;92.2933;0.473797;0.0104019;0.307747;-17.251
-4.24634;92.2933;0.45855;0.0325167;0.318117;-17.4065
4.57912;92.2933;0.44347;0.0551352;0.327001;-17.487
13.4046;92.2933;0.419474;0.0793695;0.330833;-17.4818
22.23;92.2933;0.379548;0.0984652;0.330335;-17.4016
31.0555;92.2933;0.32535;0.117588;0.323632;-17.2387
39.8809;92.2933;0.261383;0.160887;0.303172;-17.0046
48.7064;92.2933;0.258426;0.222778;0.275832;-16.7635
57.5318;92.2933;0.387234;0.277056;0.252956;-16.557
66.3573;92.2933;0.623477;0.300183;0.240445;-16.3694
75.1828;92.2933;0.720206;0.312276;0.21397;-15.9852
84.0082;92.2933;0.663598;0.318012;0.18495;-15.3841
92.8337;92.2933;0.501468;0.318907;0.165137;-14.6301
101.659;92.2933;0.323976;0.319007;0.149677;-13.8355
110.485;92.2933;0.264703;0.31392;0.131731;-13.0833
119.31;92.2933;0.246117;0.307191;0.115377;-12.3375
128.135;92.2933;0.243546;0.297927;0.104671;-11.5708
136.961;92.2933;0.25272;0.285037;0.0947442;-10.7776
145.786;92.2933;0.275921;0.270444;0.0867798;-9.96699
154.612;92.2933;0.295945;0.25489;0.076625;-9.11939
163.437;92.2933;0.311817;0.23623;0.0628;-8.22714
172.263;92.2933;0.279589;0.216199;0.0474979;-7.28266
181.088;92.2933;0.204867;0.194661;0.0330282;-6.29963
189.914;92.2933;0.163567;0.165218;0.018117;-5.30627
198.739;92.2933;0.219303;0.129778;0.00608575;-4.33612
207.565;92.2933;0.319398;0.0959192;-0.00177938;-3.35884
-216.057;83.4678;1.13471;0.0252091;0.0174232;-1.32505
-207.232;83.4678;1.22884;0.0493013;-0.00149437;-2.31038
-198.406;83.4678;1.18969;0.0488729;-0.00088737;-3.32838
-189.581;83.4678;1.08987;0.0328845;0.0123415;-4.28793
-180.755;83.4678;1.00692;-0.000578975;0.0349205;-5.24317
-171.93;83.4678;0.969912;-0.0304454;0.0510907;-6.19764
-163.105;83.4678;0.932752;-0.055645;0.0620654;-7.15098
-154.279;83.4678;0.868195;-0.0803712;0.0778613;-8.09237
-145.454;83.4678;0.80282;-0.104258;0.0940395;-9.01408
-136.628;83.4678;0.737767;-0.125393;0.103965;-9.90869
-127.803;83.4678;0.687491;-0.141535;0.107012;-10.7674
-118.977;83.4678;0.658431;-0.155839;0.11548;-11.6143
-110.152;83.4678;0.651069;-0.164583;0.129114;-12.4425
-101.326;83.4678;0.662353;-0.163846;0.143742;-13.2379
-92.5009;83.4678;0.683476;-0.155794;0.155243;-13.9872
-83.6754;83.4678;0.679468;-0.146826;0.16776;-14.6843
-74.85;83.4678;0.662418;-0.137524;0.182973;-15.3301
-66.0245;83.4678;0.631809;-0.125631;0.199794;-15.9205
-57.1991;83.4678;0.582505;-0.10963;0.219303;-16.4469
-48.3736;83.4678;0.533435;-0.089807;0.243221;-16.924
-39.5482;83.4678;0.515732;-0.068758;0.266866;-17.355
-30.7227;83.4678;0.521203;-0.0470736;0.287429;-17.7366
-21.8972;83.4678;0.51276;-0.0195781;0.302266;-18.0444
-13.0718;83.4678;0.490002;0.00867855;0.314363;-18.2792
-4.24634;83.4678;0.471441;0.0343089;0.327013;-18.4388
4.57912;83.4678;0.45748;0.059665;0.336708;-18.5249
13.4046;83.4678;0.43093;0.0870434;0.337377;-18.5263
22.23;83.4678;0.400648;0.107969;0.331967;-18.4583
31.0555;83.4678;0.362231;0.134767;0.321244;-18.3002
39.8809;83.4678;0.290612;0.189248;0.29275;-18.0344
48.7064;83.4678;0.254512;0.255861;0.253582;-17.7218
57.5318;83.4678;0.330559;0.307102;0.218655;-17.4297
66.3573;83.4678;0.515635;0.326684;0.198102;-17.1667
75.1828;83.4678;0.601666;0.341578;0.176803;-16.7572
84.0082;83.4678;0.587479;0.350239;0.161467;-16.1931
92.8337;83.4678;0.540979;0.353327;0.152141;-15.5382
101.659;83.4678;0.517455;0.351846;0.139643;-14.8412
110.485;83.4678;0.51399;0.347616;0.119127;-14.105
119.31;83.4678;0.475877;0.340092;0.0997772;-13.3174
128.135;83.4678;0.439115;0.328612;0.0868344;-12.4904
136.961;83.4678;0.419938;0.315825;0.0751535;-11.6482
145.786;83.4678;0.422525;0.30061;0.066209;-10.7911
154.612;83.4678;0.436878;0.283886;0.0595189;-9.9087
163.437;83.4678;0.427536;0.265469;0.0519399;-8.97104
172.263;83.4678;0.334556;0.244799;0.0418167;-7.95946
181.088;83.4678;0.206021;0.219607;0.0299276;-6.91051
189.914;83.4678;0.188932;0.185935;0.0161499;-5.90201
198.739;83.4678;0.273545;0.148171;0.0010108;-4.92972
207.565;83.4678;0.415942;0.110124;-0.0110521;-3.96101
216.39;83.4678;0.529988;0.0733737;-0.0161787;-2.93168
225.215;83.4678;0.556288;0.0444575;-0.00807603;-1.87076
-216.057;74.6423;1.12691;0.0195949;0.0178494;-1.76385
-207.232;74.6423;1.19548;0.0502358;-0.000891568;-2.77699
-198.406;74.6423;1.1683;0.0622103;-0.0095147;-3.78391
-189.581;74.6423;1.06752;0.0378248;0.00430671;-4.76484
-180.755;74.6423;1.00125;0.00299637;0.0236333;-5.73833
-171.93;74.6423;0.963353;-0.0273487;0.0387797;-6.7101
-163.105;74.6423;0.902282;-0.0530342;0.0492391;-7.67109
-154.279;74.6423;0.808838;-0.0815002;0.0639447;-8.63771
-145.454;74.6423;0.749486;-0.108874;0.0765249;-9.59534
-136.628;74.6423;0.711142;-0.129704;0.0821374;-10.529
-127.803;74.6423;0.70024;-0.142883;0.0827641;-11.4346
-118.977;74.6423;0.678856;-0.15285;0.0904184;-12.3119
-110.152;74.6423;0.645277;-0.15762;0.102647;-13.1556
-101.326;74.6423;0.6246;-0.156009;0.113899;-13.9654
-92.5009;74.6423;0.635026;-0.152145;0.121902;-14.7428
-83.6754;74.6423;0.634419;-0.149798;0.137792;-15.4747
-74.85;74.6423;0.617016;-0.143985;0.159465;-16.1529
-66.0245;74.6423;0.604412;-0.132368;0.181316;-16.7821
-57.1991;74.6423;0.585235;-0.115049;0.19922;-17.349
-48.3736;74.6423;0.565567;-0.0945259;0.21786;-17.8695
-39.5482;74.6423;0.56135;-0.0745067;0.238499;-18.3454
-30.7227;74.6423;0.554256;-0.0542426;0.260507;-18.7651
-21.8972;74.6423;0.531577;-0.0236309;0.277827;-19.087
-13.0718;74.6423;0.48706;0.00993422;0.29244;-19.313
-4.24634;74.6423;0.448874;0.0405005;0.306311;-19.4679
4.57912;74.6423;0.423362;0.069366;0.312911;-19.5544
13.4046;74.6423;0.39967;0.0998962;0.30541;-19.56
22.23;74.6423;0.396825;0.124545;0.292393;-19.5042
31.0555;74.6423;0.402012;0.164496;0.273104;-19.3626
39.8809;74.6423;0.3705;0.229181;0.239067;-19.1
48.7064;74.6423;0.346608;0.294165;0.200931;-18.7526
57.5318;74.6423;0.377197;0.336504;0.17075;-18.3725
66.3573;74.6423;0.454387;0.35418;0.150631;-17.9776
75.1828;74.6423;0.48965;0.369487;0.136024;-17.5002
84.0082;74.6423;0.493512;0.378293;0.131056;-16.9318
92.8337;74.6423;0.501657;0.382276;0.128497;-16.3059
101.659;74.6423;0.527678;0.382067;0.117504;-15.6302
110.485;74.6423;0.545655;0.378077;0.0961595;-14.8847
119.31;74.6423;0.508302;0.368512;0.0761242;-14.0672
128.135;74.6423;0.475845;0.356794;0.0621303;-13.2264
136.961;74.6423;0.470008;0.344736;0.050516;-12.38
145.786;74.6423;0.4926;0.329211;0.0423614;-11.5136
154.612;74.6423;0.523872;0.311713;0.037736;-10.6158
163.437;74.6423;0.535088;0.291301;0.0360176;-9.67139
172.263;74.6423;0.478652;0.26684;0.032621;-8.65691
181.088;74.6423;0.406547;0.236563;0.0259071;-7.60975
189.914;74.6423;0.426622;0.201253;0.0145209;-6.60165
198.739;74.6423;0.528834;0.162801;0.000606266;-5.61725
207.565;74.6423;0.613743;0.123363;-0.0110024;-4.5975
216.39;74.6423;0.669831;0.0849762;-0.0148802;-3.50074
225.215;74.6423;0.677051;0.0546704;-0.00501601;-2.41235
-216.057;65.8169;1.12026;0.0286287;0.0137152;-2.1258
-207.232;65.8169;1.14879;0.05277;0.000323621;-3.17947
-198.406;65.8169;1.11237;0.0615931;-0.00987314;-4.18308
-189.581;65.8169;1.02263;0.0316241;-0.000879075;-5.19664
-180.755;65.8169;0.985267;0.000513129;0.00871392;-6.19421
-171.93;65.8169;0.966638;-0.0247645;0.0164333;-7.20709
-163.105;65.8169;0.909916;-0.0473822;0.0219164;-8.19807
-154.279;65.8169;0.829678;-0.0745329;0.0299006;-9.19879
-145.454;65.8169;0.798192;-0.100597;0.0346024;-10.1918
-136.628;65.8169;0.778588;-0.122165;0.0364298;-11.162
-127.803;65.8169;0.784552;-0.13592;0.0360076;-12.1015
-118.977;65.8169;0.751508;-0.146121;0.0437549;-13.0022
-110.152;65.8169;0.692443;-0.150268;0.0544796;-13.8577
-101.326;65.8169;0.662609;-0.148218;0.0610727;-14.6837
-92.5009;65.8169;0.68874;-0.145547;0.0657058;-15.4907
-83.6754;65.8169;0.691828;-0.145824;0.0783298;-16.2552
-74.85;65.8169;0.672613;-0.145843;0.101473;-16.9707
-66.0245;65.8169;0.654771;-0.140085;0.12865;-17.6461
-57.1991;65.8169;0.633932;-0.126432;0.149073;-18.2552
-48.3736;65.8169;0.619889;-0.106879;0.165554;-18.82
-39.5482;65.8169;0.623162;-0.0860153;0.182877;-19.3386
-30.7227;65.8169;0.623151;-0.0635712;0.206161;-19.7912
-21.8972;65.8169;0.626601;-0.0305917;0.227872;-20.1485
-13.0718;65.8169;0.605253;0.00548435;0.248534;-20.4011
-4.24634;65.8169;0.575321;0.0386869;0.263756;-20.5768
4.57912;65.8169;0.546362;0.0698494;0.266966;-20.6719
13.4046;65.8169;0.524707;0.101875;0.255596;-20.6741
22.23;65.8169;0.536323;0.132059;0.239954;-20.6137
31.0555;65.8169;0.559342;0.18952;0.210988;-20.4659
39.8809;65.8169;0.575888;0.266095;0.174899;-20.2272
48.7064;65.8169;0.645703;0.329371;0.147468;-19.9525
57.5318;65.8169;0.755603;0.364743;0.134471;-19.6332
66.3573;65.8169;0.789301;0.385892;0.125359;-19.1782
75.1828;65.8169;0.739683;0.403787;0.115447;-18.592
84.0082;65.8169;0.701998;0.412497;0.110719;-17.9476
92.8337;65.8169;0.696709;0.415819;0.105339;-17.2673
101.659;65.8169;0.712534;0.415631;0.0937671;-16.5451
110.485;65.8169;0.716904;0.411017;0.076501;-15.7606
119.31;65.8169;0.677992;0.399101;0.0597916;-14.9119
128.135;65.8169;0.6463;0.386308;0.0466065;-14.0476
136.961;65.8169;0.631982;0.37191;0.0371821;-13.1602
145.786;65.8169;0.636878;0.355165;0.0318451;-12.246
154.612;65.8169;0.65845;0.336326;0.0284296;-11.3117
163.437;65.8169;0.666517;0.314668;0.0269237;-10.343
172.263;65.8169;0.64572;0.287699;0.0260309;-9.32506
181.088;65.8169;0.625726;0.255704;0.0232102;-8.28478
189.914;65.8169;0.650443;0.220004;0.0128002;-7.25656
198.739;65.8169;0.719918;0.181794;0.0015154;-6.22993
207.565;65.8169;0.772802;0.142159;-0.00547327;-5.15981
216.39;65.8169;0.792541;0.102724;-0.00637959;-4.04237
225.215;65.8169;0.789353;0.0721146;0.00126217;-2.88835
234.041;65.8169;0.857881;0.0485612;0.00804188;-1.70442
-216.057;56.9914;1.09132;0.0398842;0.00787505;-2.45379
-207.232;56.9914;1.09696;0.0544335;-0.00130637;-3.51957
-198.406;56.9914;1.03282;0.0546334;-0.00924945;-4.53205
-189.581;56.9914;0.945366;0.0169366;-0.00352809;-5.57984
-180.755;56.9914;0.929629;-0.0123258;-0.00218434;-6.60311
-171.93;56.9914;0.940946;-0.0326632;-0.00396547;-7.64261
-163.105;56.9914;0.927983;-0.0504982;-0.00696021;-8.67056
-154.279;56.9914;0.905055;-0.07087;-0.0086728;-9.71048
-145.454;56.9914;0.912293;-0.094075;-0.0103927;-10.7536
-136.628;56.9914;0.897163;-0.115257;-0.0105761;-11.7597
-127.803;56.9914;0.874911;-0.133411;-0.00556265;-12.7252
-118.977;56.9914;0.825809;-0.147889;0.00678718;-13.6493
-110.152;56.9914;0.764951;-0.154456;0.0211238;-14.53
-101.326;56.9914;0.739045;-0.15314;0.028501;-15.3893
-92.5009;56.9914;0.772876;-0.149743;0.0313349;-16.23
-83.6754;56.9914;0.783145;-0.149987;0.0421493;-17.0375
-74.85;56.9914;0.763011;-0.151296;0.0644267;-17.7905
-66.0245;56.9914;0.728803;-0.150512;0.0897455;-18.4951
-57.1991;56.9914;0.69062;-0.141471;0.110231;-19.1323
-48.3736;56.9914;0.67462;-0.123553;0.128029;-19.7339
-39.5482;56.9914;0.690995;-0.100746;0.146115;-20.2953
-30.7227;56.9914;0.70422;-0.0743421;0.168665;-20.7807
-21.8972;56.9914;0.730038;-0.0390521;0.19286;-21.1767
-13.0718;56.9914;0.738211;-0.00225758;0.215313;-21.4751
-4.24634;56.9914;0.724077;0.0320672;0.231049;-21.6803
4.57912;56.9914;0.687946;0.0632989;0.237831;-21.7822
13.4046;56.9914;0.650439;0.0926866;0.235431;-21.7729
22.23;56.9914;0.667564;0.128699;0.222196;-21.7119
31.0555;56.9914;0.697511;0.204413;0.186493;-21.5501
39.8809;56.9914;0.727808;0.29691;0.148943;-21.2973
48.7064;56.9914;0.816947;0.364943;0.127252;-21.0208
57.5318;56.9914;0.927424;0.398833;0.121121;-20.6857
66.3573;56.9914;0.931704;0.421975;0.116047;-20.1801
75.1828;56.9914;0.832194;0.441096;0.110432;-19.5098
84.0082;56.9914;0.788661;0.449009;0.102319;-18.8151
92.8337;56.9914;0.792258;0.45175;0.0922128;-18.1051
101.659;56.9914;0.817246;0.451378;0.0805743;-17.3632
110.485;56.9914;0.832391;0.446291;0.0680901;-16.5659
119.31;56.9914;0.78495;0.432807;0.056886;-15.6843
128.135;56.9914;0.736788;0.41802;0.0439966;-14.7712
136.961;56.9914;0.7044;0.401481;0.0346717;-13.8301
145.786;56.9914;0.696779;0.381557;0.0306002;-12.867
154.612;56.9914;0.717658;0.358605;0.0275352;-11.9007
163.437;56.9914;0.739117;0.334517;0.0245483;-10.9144
172.263;56.9914;0.740678;0.307467;0.024679;-9.88571
181.088;56.9914;0.735965;0.278379;0.0243462;-8.8377
189.914;56.9914;0.746291;0.242303;0.0150083;-7.77638
198.739;56.9914;0.786065;0.202174;0.00540376;-6.71072
207.565;56.9914;0.829952;0.161359;0.00163438;-5.61746
216.39;56.9914;0.858795;0.12143;0.00228108;-4.48993
225.215;56.9914;0.879561;0.0846191;0.00544828;-3.31499
234.041;56.9914;0.956958;0.0585395;0.0133507;-2.12622
-224.883;48.166;1.06381;0.0589837;0.00376603;-1.69225
-216.057;48.166;1.06689;0.0453845;0.00408965;-2.74597
-207.232;48.166;1.05918;0.0494298;-0.00224093;-3.79852
-198.406;48.166;0.954028;0.0352315;-0.00646392;-4.84342
-189.581;48.166;0.87483;-0.000311393;-0.00285189;-5.91269
-180.755;48.166;0.858174;-0.0298021;-0.00422025;-6.97871
-171.93;48.166;0.857739;-0.0527641;-0.0100469;-8.04834
-163.105;48.166;0.85302;-0.0717233;-0.0170582;-9.10677
-154.279;48.166;0.870718;-0.0889318;-0.0232077;-10.1684
-145.454;48.166;0.921805;-0.10915;-0.0278595;-11.2379
-136.628;48.166;0.894862;-0.128815;-0.0247098;-12.2539
-127.803;48.166;0.848546;-0.146417;-0.0172716;-13.2275
-118.977;48.166;0.795662;-0.162048;-0.00240826;-14.1712
-110.152;48.166;0.757496;-0.17146;0.0153289;-15.0891
-101.326;48.166;0.756007;-0.172813;0.0250338;-15.9974
-92.5009;48.166;0.790202;-0.168912;0.0267058;-16.885
-83.6754;48.166;0.806275;-0.165242;0.033299;-17.7238
-74.85;48.166;0.774131;-0.167315;0.0539233;-18.5001
-66.0245;48.166;0.722541;-0.166584;0.0781153;-19.2172
-57.1991;48.166;0.679461;-0.158012;0.099963;-19.8855
-48.3736;48.166;0.67987;-0.141229;0.120249;-20.5421
-39.5482;48.166;0.721992;-0.117804;0.140857;-21.1739
-30.7227;48.166;0.747997;-0.0884113;0.163783;-21.7084
-21.8972;48.166;0.763623;-0.0513474;0.184621;-22.1269
-13.0718;48.166;0.780022;-0.0136572;0.202043;-22.4567
-4.24634;48.166;0.775986;0.0225591;0.217685;-22.6853
4.57912;48.166;0.751009;0.054095;0.231131;-22.8043
13.4046;48.166;0.730967;0.0838078;0.238199;-22.8039
22.23;48.166;0.761595;0.136733;0.22391;-22.7509
31.0555;48.166;0.792619;0.23102;0.186578;-22.5835
39.8809;48.166;0.823484;0.332247;0.151352;-22.3112
48.7064;48.166;0.892501;0.399848;0.132626;-21.9842
57.5318;48.166;0.958623;0.431751;0.125431;-21.5686
66.3573;48.166;0.934247;0.455847;0.115923;-21
75.1828;48.166;0.82986;0.476314;0.105882;-20.2883
84.0082;48.166;0.789482;0.48367;0.0938509;-19.5613
92.8337;48.166;0.790305;0.483253;0.0825292;-18.8138
101.659;48.166;0.815422;0.477587;0.0731122;-18.0321
110.485;48.166;0.842251;0.469112;0.0648232;-17.2065
119.31;48.166;0.792912;0.454493;0.0576904;-16.2861
128.135;48.166;0.731733;0.438271;0.0463606;-15.3245
136.961;48.166;0.693333;0.419291;0.0360141;-14.3416
145.786;48.166;0.6932;0.397786;0.0297872;-13.3587
154.612;48.166;0.729869;0.374592;0.0254082;-12.3909
163.437;48.166;0.783083;0.350963;0.0221981;-11.4094
172.263;48.166;0.793743;0.325369;0.0235316;-10.3635
181.088;48.166;0.774467;0.297695;0.024906;-9.28082
189.914;48.166;0.756993;0.260639;0.017784;-8.17485
198.739;48.166;0.785683;0.21668;0.00908223;-7.08137
207.565;48.166;0.839869;0.173779;0.00576719;-5.98339
216.39;48.166;0.895652;0.132493;0.00694124;-4.86837
225.215;48.166;0.945642;0.0916567;0.00942441;-3.71879
234.041;48.166;1.00101;0.0594843;0.0164803;-2.54092
-224.883;39.3405;1.00932;0.0642311;0.00265186;-1.91891
-216.057;39.3405;1.0033;0.0505722;0.00283934;-2.99227
-207.232;39.3405;0.963398;0.0380755;-0.000502338;-4.06035
-198.406;39.3405;0.873102;0.0152598;-0.00261757;-5.12067
-189.581;39.3405;0.837556;-0.0142385;-0.00183831;-6.20917
-180.755;39.3405;0.834663;-0.0431378;-0.00419462;-7.32193
-171.93;39.3405;0.820363;-0.0690485;-0.0104899;-8.41453
-163.105;39.3405;0.809218;-0.0909721;-0.0183852;-9.49349
-154.279;39.3405;0.840395;-0.10753;-0.0266637;-10.5621
-145.454;39.3405;0.891338;-0.125915;-0.0325669;-11.6362
-136.628;39.3405;0.844787;-0.143968;-0.0274451;-12.6529
-127.803;39.3405;0.771562;-0.159842;-0.0184545;-13.6348
-118.977;39.3405;0.732236;-0.174677;-0.00635864;-14.5973
-110.152;39.3405;0.725521;-0.186809;0.00796141;-15.5503
-101.326;39.3405;0.736193;-0.193072;0.0186027;-16.4997
-92.5009;39.3405;0.752029;-0.191671;0.0222834;-17.4209
-83.6754;39.3405;0.7599;-0.18513;0.0270309;-18.2861
-74.85;39.3405;0.732953;-0.185504;0.0438958;-19.0989
-66.0245;39.3405;0.686689;-0.181932;0.0667196;-19.8473
-57.1991;39.3405;0.655393;-0.171757;0.0897072;-20.5633
-48.3736;39.3405;0.682302;-0.155983;0.110526;-21.2823
-39.5482;39.3405;0.755528;-0.134185;0.131034;-21.9876
-30.7227;39.3405;0.796349;-0.10614;0.155564;-22.5759
-21.8972;39.3405;0.79118;-0.0709362;0.177858;-23.0233
-13.0718;39.3405;0.806507;-0.0336273;0.194949;-23.3769
-4.24634;39.3405;0.81822;0.0035249;0.214912;-23.6429
4.57912;39.3405;0.830384;0.0403108;0.233524;-23.8107
13.4046;39.3405;0.859274;0.0869736;0.237674;-23.8559
22.23;39.3405;0.916367;0.172995;0.213204;-23.8167
31.0555;39.3405;0.97782;0.284728;0.176557;-23.6753
39.8809;39.3405;1.07228;0.378351;0.150284;-23.4506
48.7064;39.3405;1.14421;0.433932;0.13628;-23.095
57.5318;39.3405;1.14797;0.462133;0.125784;-22.5784
66.3573;39.3405;1.06754;0.489017;0.108696;-21.9184
75.1828;39.3405;0.956268;0.510702;0.0896071;-21.1544
84.0082;39.3405;0.881232;0.51855;0.0759013;-20.3659
92.8337;39.3405;0.836825;0.515872;0.0672592;-19.55
101.659;39.3405;0.828571;0.506119;0.0616495;-18.7013
110.485;39.3405;0.84452;0.496526;0.0563343;-17.8262
119.31;39.3405;0.808106;0.482331;0.0510755;-16.8686
128.135;39.3405;0.753561;0.462769;0.0421751;-15.8662
136.961;39.3405;0.723442;0.439872;0.032481;-14.8524
145.786;39.3405;0.734529;0.41616;0.0243071;-13.8531
154.612;39.3405;0.784068;0.392832;0.0178968;-12.8765
163.437;39.3405;0.865232;0.369131;0.0151674;-11.8951
172.263;39.3405;0.887977;0.342283;0.0159762;-10.8305
181.088;39.3405;0.854081;0.308616;0.0180585;-9.69309
189.914;39.3405;0.805222;0.269616;0.0138525;-8.53494
198.739;39.3405;0.832922;0.224937;0.00831983;-7.42594
207.565;39.3405;0.888458;0.181754;0.0063668;-6.32401
216.39;39.3405;0.95912;0.139222;0.00839555;-5.20694
225.215;39.3405;0.991232;0.0944823;0.0101826;-4.05209
234.041;39.3405;0.933845;0.0553485;0.0131721;-2.86592
-224.883;30.5151;0.99057;0.0581181;0.00814164;-2.16047
-216.057;30.5151;0.981583;0.0460441;0.00615962;-3.25929
-207.232;30.5151;0.931365;0.0271705;0.00332383;-4.3325
-198.406;30.5151;0.872733;0.000461377;0.00107833;-5.41431
-189.581;30.5151;0.887535;-0.0228612;-0.00183443;-6.50732
-180.755;30.5151;0.895695;-0.0500203;-0.00552851;-7.64004
-171.93;30.5151;0.873821;-0.0759739;-0.0111238;-8.74267
-163.105;30.5151;0.851353;-0.0989658;-0.0183902;-9.83402
-154.279;30.5151;0.862394;-0.116831;-0.0272746;-10.9079
-145.454;30.5151;0.885473;-0.135037;-0.0343115;-11.9719
-136.628;30.5151;0.825808;-0.152808;-0.0305601;-12.9956
-127.803;30.5151;0.744925;-0.167911;-0.0229576;-13.9954
-118.977;30.5151;0.719986;-0.181394;-0.0160213;-14.9808
-110.152;30.5151;0.725504;-0.195266;-0.00763559;-15.9634
-101.326;30.5151;0.72966;-0.205428;0.00283011;-16.9407
-92.5009;30.5151;0.7258;-0.206402;0.0102541;-17.891
-83.6754;30.5151;0.724869;-0.199437;0.0158008;-18.7944
-74.85;30.5151;0.716772;-0.197886;0.0274272;-19.6538
-66.0245;30.5151;0.687583;-0.193211;0.0466757;-20.4478
-57.1991;30.5151;0.672537;-0.183073;0.0686581;-21.2185
-48.3736;30.5151;0.721677;-0.168444;0.0882652;-21.9952
-39.5482;30.5151;0.820896;-0.148044;0.106387;-22.7652
-30.7227;30.5151;0.88652;-0.122523;0.129534;-23.4194
-21.8972;30.5151;0.890989;-0.090386;0.155162;-23.939
-13.0718;30.5151;0.928875;-0.0537324;0.179566;-24.3618
-4.24634;30.5151;0.987815;-0.0185441;0.211758;-24.7089
4.57912;30.5151;1.03992;0.0275709;0.233809;-24.9171
13.4046;30.5151;1.09212;0.107513;0.218391;-24.9778
22.23;30.5151;1.18464;0.238034;0.170727;-24.9569
31.0555;30.5151;1.36398;0.367496;0.128469;-24.933
39.8809;30.5151;1.62341;0.442938;0.112981;-24.8672
48.7064;30.5151;1.73033;0.473924;0.106327;-24.5003
57.5318;30.5151;1.66436;0.49008;0.0939116;-23.8575
66.3573;30.5151;1.50995;0.517332;0.0753822;-23.0797
75.1828;30.5151;1.34809;0.5383;0.0574498;-22.2048
84.0082;30.5151;1.19468;0.546445;0.0474051;-21.2926
92.8337;30.5151;1.09034;0.542439;0.0435929;-20.3765
101.659;30.5151;1.05168;0.530503;0.0421508;-19.4545
110.485;30.5151;1.05914;0.518013;0.0392968;-18.5229
119.31;30.5151;1.03822;0.502666;0.0358686;-17.5411
128.135;30.5151;0.995221;0.480004;0.0317364;-16.5111
136.961;30.5151;0.945152;0.455143;0.025863;-15.4509
145.786;30.5151;0.905957;0.431995;0.018507;-14.3887
154.612;30.5151;0.897856;0.410657;0.0110878;-13.3433
163.437;30.5151;0.955381;0.385758;0.00845537;-12.3198
172.263;30.5151;0.973571;0.356117;0.0079703;-11.2329
181.088;30.5151;0.932285;0.321599;0.00899246;-10.0699
189.914;30.5151;0.878759;0.282395;0.00824622;-8.88235
198.739;30.5151;0.931644;0.23817;0.00832846;-7.77881
207.565;30.5151;1.01269;0.194873;0.00871635;-6.68937
216.39;30.5151;1.07774;0.150638;0.00947582;-5.5542
225.215;30.5151;1.10827;0.101962;0.0086711;-4.36208
234.041;30.5151;1.10455;0.0557384;0.00942075;-3.15142
-224.883;21.6896;1.01462;0.052231;0.012333;-2.3662
-216.057;21.6896;1.02081;0.0388255;0.00902923;-3.50698
-207.232;21.6896;0.977158;0.0183839;0.00686972;-4.59219
-198.406;21.6896;0.945658;-0.00919855;0.00494702;-5.69533
-189.581;21.6896;0.973677;-0.0304598;-0.000348699;-6.79939
-180.755;21.6896;0.979503;-0.0568798;-0.00575809;-7.93528
-171.93;21.6896;0.945033;-0.080821;-0.0120133;-9.02795
-163.105;21.6896;0.90113;-0.101947;-0.0195796;-10.1084
-154.279;21.6896;0.882888;-0.120916;-0.0292271;-11.1849
-145.454;21.6896;0.886958;-0.14113;-0.037809;-12.2627
-136.628;21.6896;0.841583;-0.158642;-0.0380539;-13.3141
-127.803;21.6896;0.788218;-0.173354;-0.0352987;-14.3456
-118.977;21.6896;0.768903;-0.185726;-0.0325218;-15.3589
-110.152;21.6896;0.762174;-0.200126;-0.0268785;-16.3605
-101.326;21.6896;0.752518;-0.211219;-0.0169364;-17.3493
-92.5009;21.6896;0.744016;-0.21208;-0.00714999;-18.3152
-83.6754;21.6896;0.747503;-0.205806;-0.000337658;-19.2527
-74.85;21.6896;0.754545;-0.205353;0.00709957;-20.157
-66.0245;21.6896;0.734739;-0.203138;0.0215623;-21.0056
-57.1991;21.6896;0.728352;-0.195574;0.0416608;-21.8306
-48.3736;21.6896;0.784571;-0.182233;0.0613003;-22.6535
-39.5482;21.6896;0.895969;-0.16136;0.0802912;-23.4707
-30.7227;21.6896;1.00116;-0.134412;0.104947;-24.2025
-21.8972;21.6896;1.06984;-0.101736;0.133295;-24.8248
-13.0718;21.6896;1.16794;-0.0662201;0.16435;-25.3654
-4.24634;21.6896;1.29043;-0.0339201;0.207488;-25.8095
4.57912;21.6896;1.29921;0.0198601;0.221449;-25.9498
13.4046;21.6896;1.235;0.131308;0.176525;-25.8916
22.23;21.6896;1.32112;0.305368;0.093845;-25.8883
31.0555;21.6896;1.69851;0.437873;0.0421872;-25.9687
39.8809;21.6896;1.94341;0.5047;0.0314311;-25.839
48.7064;21.6896;1.87326;0.52251;0.0306864;-25.2969
57.5318;21.6896;1.70887;0.533913;0.0279324;-24.578
66.3573;21.6896;1.64212;0.557996;0.0256762;-23.8378
75.1828;21.6896;1.56797;0.572454;0.0221932;-22.9926
84.0082;21.6896;1.38822;0.578961;0.0201275;-22.011
92.8337;21.6896;1.24181;0.573258;0.0210079;-21.0103
101.659;21.6896;1.15467;0.561875;0.0220034;-20.0174
110.485;21.6896;1.10588;0.546714;0.020883;-19.0082
119.31;21.6896;1.04414;0.532162;0.0177703;-17.9747
128.135;21.6896;0.987147;0.509566;0.0161566;-16.908
136.961;21.6896;0.943352;0.481854;0.0140655;-15.8176
145.786;21.6896;0.906968;0.455257;0.0100461;-14.7212
154.612;21.6896;0.882896;0.431916;0.00501804;-13.6328
163.437;21.6896;0.917764;0.404526;0.00366769;-12.568
172.263;21.6896;0.932996;0.373326;0.0021231;-11.461
181.088;21.6896;0.881726;0.338625;0.0015167;-10.2661
189.914;21.6896;0.833287;0.300794;0.00176812;-9.06318
198.739;21.6896;0.94611;0.256952;0.0051227;-8.00309
207.565;21.6896;1.09593;0.21319;0.00778779;-6.96863
216.39;21.6896;1.20366;0.167698;0.00961764;-5.86196
225.215;21.6896;1.22865;0.117343;0.00952051;-4.66433
234.041;21.6896;1.21946;0.0650512;0.00845987;-3.39795
242.866;21.6896;0.737962;0.0330727;0.0139537;-2.06303
-224.883;12.8642;1.05612;0.0591448;0.0109996;-2.50075
-216.057;12.8642;1.06185;0.0386361;0.0070521;-3.66526
-207.232;12.8642;0.999945;0.0159202;0.00621565;-4.74166
-198.406;12.8642;0.968572;-0.0125571;0.00563568;-5.84614
-189.581;12.8642;0.981789;-0.0361383;-0.00010416;-6.96973
-180.755;12.8642;0.996518;-0.0647236;-0.00568957;-8.12672
-171.93;12.8642;0.943253;-0.0885374;-0.0124626;-9.20914
-163.105;12.8642;0.864096;-0.108466;-0.0213832;-10.2741
-154.279;12.8642;0.831519;-0.126879;-0.0335041;-11.3564
-145.454;12.8642;0.848888;-0.148324;-0.0447743;-12.47
-136.628;12.8642;0.842674;-0.16435;-0.0501915;-13.5559
-127.803;12.8642;0.829648;-0.178583;-0.0514005;-14.6211
-118.977;12.8642;0.811409;-0.191362;-0.0488957;-15.6657
-110.152;12.8642;0.788221;-0.206918;-0.0442156;-16.6826
-101.326;12.8642;0.763332;-0.218863;-0.0359325;-17.6873
-92.5009;12.8642;0.743872;-0.219779;-0.0259991;-18.6641
-83.6754;12.8642;0.738293;-0.212953;-0.0170687;-19.6143
-74.85;12.8642;0.752105;-0.214069;-0.0105625;-20.5575
-66.0245;12.8642;0.749092;-0.213441;-0.000664031;-21.4628
-57.1991;12.8642;0.750809;-0.205083;0.0145386;-22.3319
-48.3736;12.8642;0.801242;-0.190509;0.0334568;-23.1856
-39.5482;12.8642;0.922001;-0.16906;0.0576918;-24.0395
-30.7227;12.8642;1.10148;-0.141167;0.0890719;-24.8538
-21.8972;12.8642;1.31405;-0.109603;0.122604;-25.6064
-13.0718;12.8642;1.48842;-0.0740715;0.153735;-26.2296
-4.24634;12.8642;1.44887;-0.0235497;0.182336;-26.5609
4.57912;12.8642;1.19981;0.044646;0.17696;-26.4394
13.4046;12.8642;0.924123;0.165187;0.11458;-26.2198
22.23;12.8642;0.870682;0.336164;0.0246485;-26.1616
31.0555;12.8642;1.09906;0.466923;-0.0312092;-26.1488
39.8809;12.8642;1.09734;0.537808;-0.0523118;-25.8017
48.7064;12.8642;1.0253;0.55821;-0.0597472;-25.1512
57.5318;12.8642;1.09551;0.578795;-0.0514542;-24.5714
66.3573;12.8642;1.33665;0.601198;-0.0313633;-24.0521
75.1828;12.8642;1.46785;0.609084;-0.0147212;-23.3644
84.0082;12.8642;1.32583;0.61043;-0.00727861;-22.38
92.8337;12.8642;1.14837;0.599284;-0.00313114;-21.2988
101.659;12.8642;0.996261;0.586555;0.000280281;-20.2195
110.485;12.8642;0.884863;0.571056;0.000756946;-19.1434
119.31;12.8642;0.80867;0.555891;-0.000524168;-18.08
128.135;12.8642;0.788571;0.533081;-0.000246841;-17.0263
136.961;12.8642;0.788863;0.505697;-0.000281134;-15.9569
145.786;12.8642;0.789086;0.478018;-0.00183821;-14.8705
154.612;12.8642;0.789267;0.451852;-0.00376912;-13.7766
163.437;12.8642;0.827617;0.422213;-0.0027747;-12.6952
172.263;12.8642;0.851269;0.390138;-0.0029027;-11.5778
181.088;12.8642;0.802593;0.354211;-0.00261865;-10.3628
189.914;12.8642;0.764352;0.316341;-0.00151708;-9.1534
198.739;12.8642;0.894679;0.273412;0.00283999;-8.10258
207.565;12.8642;1.11131;0.229226;0.00699457;-7.12233
216.39;12.8642;1.26532;0.183828;0.00872141;-6.05497
225.215;12.8642;1.31563;0.13462;0.00956555;-4.86103
234.041;12.8642;1.25629;0.0858756;0.0101272;-3.55935
242.866;12.8642;1.02454;0.0451584;0.0146851;-2.15974
-233.708;4.0387;0.970567;0.0801879;0.00900435;-1.44519
-224.883;4.0387;1.05611;0.0692409;0.00613256;-2.57894
-216.057;4.0387;1.03173;0.0447857;0.00353215;-3.71304
-207.232;4.0387;0.905772;0.0131225;0.00457916;-4.78933
-198.406;4.0387;0.834545;-0.0192968;0.00525205;-5.88637
-189.581;4.0387;0.852567;-0.0454084;-0.000195911;-7.02634
-180.755;4.0387;0.923193;-0.0741453;-0.0044463;-8.21612
-171.93;4.0387;0.879887;-0.0999091;-0.0106844;-9.32964
-163.105;4.0387;0.778041;-0.120532;-0.0214513;-10.4207
-154.279;4.0387;0.750704;-0.134193;-0.038018;-11.5262
-145.454;4.0387;0.815251;-0.146878;-0.0542802;-12.6405
-136.628;4.0387;0.828954;-0.162128;-0.063252;-13.7393
-127.803;4.0387;0.817705;-0.17706;-0.0659195;-14.8128
-118.977;4.0387;0.808385;-0.191583;-0.0622221;-15.8667
-110.152;4.0387;0.791061;-0.211004;-0.0581453;-16.9132
-101.326;4.0387;0.755854;-0.225239;-0.0538503;-17.9322
-92.5009;4.0387;0.710604;-0.226487;-0.0482177;-18.9055
-83.6754;4.0387;0.681998;-0.221199;-0.0404268;-19.853
-74.85;4.0387;0.695752;-0.224013;-0.0308621;-20.8213
-66.0245;4.0387;0.714417;-0.221777;-0.0241154;-21.7665
-57.1991;4.0387;0.725944;-0.210606;-0.01465;-22.6728
-48.3736;4.0387;0.765626;-0.19349;0.00140163;-23.5524
-39.5482;4.0387;0.876335;-0.170182;0.0280365;-24.4334
-30.7227;4.0387;1.07701;-0.140498;0.0624499;-25.2958
-21.8972;4.0387;1.33105;-0.104499;0.0966038;-26.1137
-13.0718;4.0387;1.42379;-0.0561907;0.121319;-26.678
-4.24634;4.0387;0.79131;0.0101434;0.136638;-26.7096
4.57912;4.0387;0.165894;0.0919722;0.113884;-26.3227
13.4046;4.0387;0.0502786;0.214934;0.0426421;-26.1343
22.23;4.0387;0.431554;0.352427;-0.0367388;-26.2297
31.0555;4.0387;0.675147;0.476377;-0.0873446;-26.1952
39.8809;4.0387;0.545811;0.546773;-0.114829;-25.6859
48.7064;4.0387;0.520612;0.57752;-0.126188;-25.0589
57.5318;4.0387;0.733694;0.606369;-0.115947;-24.5881
66.3573;4.0387;1.08008;0.62879;-0.0878751;-24.1511
75.1828;4.0387;1.27114;0.635203;-0.0594991;-23.509
84.0082;4.0387;1.11627;0.635177;-0.0435365;-22.4957
92.8337;4.0387;0.875649;0.620905;-0.0366967;-21.3221
101.659;4.0387;0.648453;0.605428;-0.0317506;-20.1454
110.485;4.0387;0.507238;0.588538;-0.0282002;-19.0247
119.31;4.0387;0.500926;0.569488;-0.0252254;-17.9913
128.135;4.0387;0.584916;0.546646;-0.0228857;-17.0178
136.961;4.0387;0.655455;0.523741;-0.0220174;-16.0143
145.786;4.0387;0.700732;0.498207;-0.0211452;-14.9632
154.612;4.0387;0.735282;0.468958;-0.0193717;-13.8789
163.437;4.0387;0.789184;0.437631;-0.0153321;-12.7988
172.263;4.0387;0.821612;0.404919;-0.0116201;-11.6762
181.088;4.0387;0.777993;0.36839;-0.00723095;-10.4541
189.914;4.0387;0.736501;0.32934;-0.00264503;-9.23038
198.739;4.0387;0.823765;0.287131;0.00266068;-8.13267
207.565;4.0387;1.06119;0.241415;0.00654767;-7.15849
216.39;4.0387;1.23013;0.193788;0.00716646;-6.09794
225.215;4.0387;1.27151;0.144925;0.00833476;-4.90116
234.041;4.0387;1.18081;0.097715;0.0130514;-3.57015
242.866;4.0387;1.01931;0.0535679;0.0195515;-2.17166
251.692;4.0387;0.994675;0.0415769;0.021008;-0.794286
-233.708;-4.78675;0.917463;0.0866432;0.00922536;-1.45684
-224.883;-4.78675;0.994445;0.0711004;0.00809633;-2.60324
-216.057;-4.78675;0.947679;0.043303;0.00602566;-3.71879
-207.232;-4.78675;0.796723;0.00718447;0.00629678;-4.78283
-198.406;-4.78675;0.716482;-0.0268334;0.00481004;-5.87023
-189.581;-4.78675;0.745535;-0.0518499;-0.00115806;-7.0179
-180.755;-4.78675;0.872422;-0.0777818;-0.00293963;-8.23654
-171.93;-4.78675;0.889449;-0.097698;-0.00950404;-9.38825
-163.105;-4.78675;0.831692;-0.109329;-0.0242307;-10.5002
-154.279;-4.78675;0.817966;-0.116103;-0.0448287;-11.6269
-145.454;-4.78675;0.863743;-0.126554;-0.0616277;-12.7457
-136.628;-4.78675;0.845111;-0.147446;-0.07162;-13.8558
-127.803;-4.78675;0.806519;-0.167105;-0.0748134;-14.9302
-118.977;-4.78675;0.802731;-0.184139;-0.0707313;-15.986
-110.152;-4.78675;0.78717;-0.203044;-0.0683517;-17.0435
-101.326;-4.78675;0.743456;-0.216294;-0.0687279;-18.0699
-92.5009;-4.78675;0.683742;-0.218984;-0.0689327;-19.0492
-83.6754;-4.78675;0.637338;-0.216515;-0.0648164;-20.0005
-74.85;-4.78675;0.641553;-0.219481;-0.0563239;-20.9711
-66.0245;-4.78675;0.664505;-0.217817;-0.0514727;-21.9253
-57.1991;-4.78675;0.680742;-0.208724;-0.0467938;-22.8541
-48.3736;-4.78675;0.720361;-0.193228;-0.0353349;-23.7611
-39.5482;-4.78675;0.81216;-0.16901;-0.0140069;-24.6481
-30.7227;-4.78675;0.966209;-0.135961;0.0133319;-25.4887
-21.8972;-4.78675;1.14349;-0.0977582;0.0393768;-26.241
-13.0718;-4.78675;1.04402;-0.0429318;0.0610004;-26.6528
-4.24634;-4.78675;0.161212;0.0308134;0.0737249;-26.4054
4.57912;-4.78675;-0.358994;0.124781;0.0376482;-26.0586
13.4046;-4.78675;-0.107541;0.256876;-0.0348279;-26.1903
22.23;-4.78675;0.522532;0.37863;-0.103711;-26.4984
31.0555;-4.78675;0.672897;0.48432;-0.140213;-26.423
39.8809;-4.78675;0.508165;0.54156;-0.162702;-25.7952
48.7064;-4.78675;0.504454;0.577299;-0.171898;-25.1926
57.5318;-4.78675;0.692116;0.605737;-0.162975;-24.6887
66.3573;-4.78675;0.938002;0.626779;-0.137646;-24.1616
75.1828;-4.78675;1.04858;0.633993;-0.109349;-23.4339
84.0082;-4.78675;0.839811;0.634909;-0.0909727;-22.3557
92.8337;-4.78675;0.531381;0.622744;-0.082626;-21.1154
101.659;-4.78675;0.27336;0.608709;-0.0757572;-19.9051
110.485;-4.78675;0.185482;0.593805;-0.068154;-18.8285
119.31;-4.78675;0.334187;0.578153;-0.0604602;-17.9341
128.135;-4.78675;0.560192;0.557664;-0.0550664;-17.0874
136.961;-4.78675;0.6778;0.536717;-0.05205;-16.1217
145.786;-4.78675;0.743401;0.51294;-0.0479962;-15.0866
154.612;-4.78675;0.804416;0.48192;-0.0416458;-14.0156
163.437;-4.78675;0.873434;0.449374;-0.0345853;-12.9468
172.263;-4.78675;0.901538;0.415975;-0.0268662;-11.8186
181.088;-4.78675;0.842186;0.379544;-0.0165934;-10.5822
189.914;-4.78675;0.769188;0.339449;-0.00607919;-9.32276
198.739;-4.78675;0.787309;0.296701;0.00148696;-8.14948
207.565;-4.78675;0.976932;0.24925;0.00417198;-7.11461
216.39;-4.78675;1.13749;0.197897;0.00519638;-6.03158
225.215;-4.78675;1.1876;0.147079;0.00830244;-4.83368
234.041;-4.78675;1.10546;0.100026;0.0163485;-3.51393
242.866;-4.78675;0.957532;0.0577522;0.0237173;-2.16261
251.692;-4.78675;0.939029;0.0428446;0.0230986;-0.82128
-233.708;-13.6122;0.91999;0.0945067;0.0144481;-1.44139
-224.883;-13.6122;0.971939;0.0796787;0.0151061;-2.60955
-216.057;-13.6122;0.930641;0.0507304;0.0155399;-3.72586
-207.232;-13.6122;0.846861;0.0118839;0.0140104;-4.82093
-198.406;-13.6122;0.79765;-0.0255673;0.00897279;-5.93619
-189.581;-13.6122;0.820681;-0.0513244;0.000890205;-7.08923
-180.755;-13.6122;0.91906;-0.0718571;-0.00402418;-8.28753
-171.93;-13.6122;0.914213;-0.0838366;-0.0159623;-9.43299
-163.105;-13.6122;0.853727;-0.0871246;-0.0357603;-10.5333
-154.279;-13.6122;0.837878;-0.0912793;-0.0568606;-11.6633
-145.454;-13.6122;0.867219;-0.105624;-0.0697792;-12.7932
-136.628;-13.6122;0.836473;-0.133715;-0.0767095;-13.9158
-127.803;-13.6122;0.798462;-0.156534;-0.0810399;-14.9862
-118.977;-13.6122;0.792631;-0.172587;-0.0807026;-16.0358
-110.152;-13.6122;0.765927;-0.187581;-0.0830161;-17.0786
-101.326;-13.6122;0.714797;-0.198289;-0.0879043;-18.0975
-92.5009;-13.6122;0.661092;-0.202061;-0.0925724;-19.084
-83.6754;-13.6122;0.625794;-0.201494;-0.0931937;-20.0517
-74.85;-13.6122;0.616338;-0.202696;-0.0900328;-21.0149
-66.0245;-13.6122;0.624545;-0.199671;-0.0886908;-21.9556
-57.1991;-13.6122;0.62297;-0.196316;-0.0860228;-22.8919
-48.3736;-13.6122;0.663582;-0.185686;-0.0773543;-23.8111
-39.5482;-13.6122;0.755989;-0.160695;-0.0647862;-24.6995
-30.7227;-13.6122;0.874823;-0.124092;-0.0514734;-25.4984
-21.8972;-13.6122;0.959652;-0.083959;-0.0382101;-26.1526
-13.0718;-13.6122;0.723583;-0.0231303;-0.0229415;-26.4752
-4.24634;-13.6122;0.0637401;0.0634345;-0.0166017;-26.2731
4.57912;-13.6122;-0.0101293;0.175011;-0.0570862;-26.2726
13.4046;-13.6122;0.485767;0.309569;-0.126068;-26.6842
22.23;-13.6122;0.927745;0.41683;-0.178667;-26.9507
31.0555;-13.6122;0.845962;0.481737;-0.191719;-26.6175
39.8809;-13.6122;0.67888;0.525167;-0.202978;-25.9322
48.7064;-13.6122;0.649537;0.561833;-0.20693;-25.3135
57.5318;-13.6122;0.717417;0.588104;-0.197874;-24.6946
66.3573;-13.6122;0.799686;0.606877;-0.177583;-24.0138
75.1828;-13.6122;0.803043;0.615797;-0.154896;-23.1788
84.0082;-13.6122;0.57172;0.621303;-0.137414;-22.0795
92.8337;-13.6122;0.2536;0.617131;-0.124726;-20.8562
101.659;-13.6122;0.0667635;0.608431;-0.112304;-19.7264
110.485;-13.6122;0.137427;0.598491;-0.101131;-18.8057
119.31;-13.6122;0.465554;0.586971;-0.0924909;-18.0862
128.135;-13.6122;0.794479;0.568816;-0.0879621;-17.3323
136.961;-13.6122;0.846945;0.548758;-0.08117;-16.3009
145.786;-13.6122;0.868224;0.522719;-0.0717569;-15.2117
154.612;-13.6122;0.955675;0.4904;-0.0623549;-14.1559
163.437;-13.6122;1.05441;0.455154;-0.0534622;-13.1071
172.263;-13.6122;1.05852;0.41945;-0.0426389;-11.9612
181.088;-13.6122;0.954052;0.382743;-0.0281983;-10.6896
189.914;-13.6122;0.829417;0.343182;-0.0142425;-9.38119
198.739;-13.6122;0.789595;0.299991;-0.00550955;-8.13899
207.565;-13.6122;0.942183;0.249232;-0.00269161;-7.05292
216.39;-13.6122;1.11105;0.193186;0.00153614;-5.95831
225.215;-13.6122;1.18122;0.140286;0.00917293;-4.77401
234.041;-13.6122;1.13797;0.0969076;0.0188622;-3.49078
242.866;-13.6122;1.06152;0.0586306;0.0269286;-2.16969
-233.708;-22.4377;0.934667;0.0979761;0.0206071;-1.42087
-224.883;-22.4377;0.984004;0.0974282;0.0205015;-2.54807
-216.057;-22.4377;0.938589;0.0693593;0.02184;-3.67541
-207.232;-22.4377;0.906584;0.029784;0.0196453;-4.81119
-198.406;-22.4377;0.920347;-0.00965499;0.0126252;-5.96139
-189.581;-22.4377;0.944129;-0.0371029;0.00380087;-7.12581
-180.755;-22.4377;0.980746;-0.0549482;-0.00621538;-8.28002
-171.93;-22.4377;0.900072;-0.0634169;-0.0257272;-9.38753
-163.105;-22.4377;0.80875;-0.0655254;-0.0499728;-10.4588
-154.279;-22.4377;0.797561;-0.0724314;-0.0678179;-11.586
-145.454;-22.4377;0.834823;-0.0892919;-0.0776712;-12.7261
-136.628;-22.4377;0.830083;-0.118427;-0.0855308;-13.8667
-127.803;-22.4377;0.807489;-0.142598;-0.0936069;-14.9571
-118.977;-22.4377;0.792222;-0.156348;-0.0982962;-16.006
-110.152;-22.4377;0.739512;-0.167864;-0.105041;-17.0238
-101.326;-22.4377;0.675577;-0.178141;-0.113558;-18.0246
-92.5009;-22.4377;0.636694;-0.185032;-0.121277;-19.0169
-83.6754;-22.4377;0.629255;-0.187004;-0.126491;-20.0039
-74.85;-22.4377;0.618903;-0.185565;-0.129879;-20.9574
-66.0245;-22.4377;0.601886;-0.179582;-0.133994;-21.8713
-57.1991;-22.4377;0.571527;-0.1783;-0.133288;-22.7836
-48.3736;-22.4377;0.605861;-0.169254;-0.126988;-23.6897
-39.5482;-22.4377;0.717249;-0.142572;-0.122486;-24.5713
-30.7227;-22.4377;0.84868;-0.102205;-0.123154;-25.3487
-21.8972;-22.4377;0.898937;-0.05569;-0.125405;-25.9675
-13.0718;-22.4377;0.698448;0.0122427;-0.125136;-26.3074
-4.24634;-22.4377;0.41487;0.0980384;-0.127061;-26.3036
4.57912;-22.4377;0.586892;0.213046;-0.165222;-26.5646
13.4046;-22.4377;0.951951;0.320306;-0.208101;-26.8607
22.23;-22.4377;1.0605;0.398744;-0.225845;-26.8624
31.0555;-22.4377;0.842742;0.455215;-0.222065;-26.3808
39.8809;-22.4377;0.713007;0.503811;-0.23136;-25.7557
48.7064;-22.4377;0.690433;0.542157;-0.234251;-25.152
57.5318;-22.4377;0.681764;0.568609;-0.225681;-24.4677
66.3573;-22.4377;0.654514;0.586139;-0.20913;-23.6914
75.1828;-22.4377;0.607295;0.594384;-0.191192;-22.8209
84.0082;-22.4377;0.456377;0.599975;-0.174811;-21.8061
92.8337;-22.4377;0.244522;0.60175;-0.157612;-20.708
101.659;-22.4377;0.19858;0.597267;-0.139406;-19.7311
110.485;-22.4377;0.425991;0.590455;-0.126302;-18.9633
119.31;-22.4377;0.853755;0.579383;-0.12063;-18.3149
128.135;-22.4377;1.06488;0.565462;-0.115965;-17.4864
136.961;-22.4377;0.951607;0.545842;-0.103267;-16.3118
145.786;-22.4377;0.902311;0.519755;-0.0876833;-15.1583
154.612;-22.4377;1.0172;0.490406;-0.0742327;-14.1319
163.437;-22.4377;1.18887;0.454404;-0.0631682;-13.138
172.263;-22.4377;1.21673;0.416888;-0.0522125;-12.0145
181.088;-22.4377;1.12379;0.378015;-0.0368009;-10.7537
189.914;-22.4377;1.0137;0.335859;-0.0212647;-9.45457
198.739;-22.4377;0.979471;0.289667;-0.0106246;-8.20775
207.565;-22.4377;1.08391;0.236956;-0.00492629;-7.07246
216.39;-22.4377;1.21551;0.177908;0.00337201;-5.92641
225.215;-22.4377;1.28015;0.126011;0.014701;-4.72622
234.041;-22.4377;1.23663;0.0870442;0.024921;-3.46977
242.866;-22.4377;1.16117;0.062337;0.0323279;-2.20339
-233.708;-31.2631;0.976225;0.11243;0.028402;-1.36285
-224.883;-31.2631;0.935487;0.101119;0.0263022;-2.45926
-216.057;-31.2631;0.883166;0.0833427;0.025321;-3.56022
-207.232;-31.2631;0.870527;0.0442552;0.022739;-4.71925
-198.406;-31.2631;0.933636;0.00711866;0.0163088;-5.88991
-189.581;-31.2631;0.965484;-0.01987;0.00600055;-7.04699
-180.755;-31.2631;0.969713;-0.0341231;-0.00919831;-8.17226
-171.93;-31.2631;0.866385;-0.0394778;-0.0346635;-9.26616
-163.105;-31.2631;0.775988;-0.0456298;-0.0604794;-10.3467
-154.279;-31.2631;0.772905;-0.0588525;-0.0754295;-11.4744
-145.454;-31.2631;0.818168;-0.0769423;-0.0851467;-12.607
-136.628;-31.2631;0.838813;-0.102659;-0.097284;-13.7481
-127.803;-31.2631;0.838141;-0.125976;-0.110651;-14.8694
-118.977;-31.2631;0.811703;-0.138741;-0.119062;-15.9163
-110.152;-31.2631;0.734414;-0.150401;-0.128304;-16.9105
-101.326;-31.2631;0.653594;-0.162878;-0.140023;-17.8838
-92.5009;-31.2631;0.618838;-0.173619;-0.151153;-18.866
-83.6754;-31.2631;0.630641;-0.178493;-0.161435;-19.8528
-74.85;-31.2631;0.63091;-0.17576;-0.170382;-20.797
-66.0245;-31.2631;0.591787;-0.168839;-0.178306;-21.6637
-57.1991;-31.2631;0.550376;-0.159278;-0.180211;-22.5831
-48.3736;-31.2631;0.582774;-0.102727;-0.173441;-24.1029
-39.5482;-31.2631;0.701108;-0.0920181;-0.177853;-24.5994
-30.7227;-31.2631;0.832821;-0.0752056;-0.188498;-24.9739
-21.8972;-31.2631;0.862272;-0.018718;-0.19864;-25.5938
-13.0718;-31.2631;0.793594;0.0469485;-0.20825;-25.9572
-4.24634;-31.2631;0.695952;0.127502;-0.218969;-26.1125
4.57912;-31.2631;0.756414;0.216845;-0.237194;-26.3278
13.4046;-31.2631;0.893639;0.299962;-0.251471;-26.4564
22.23;-31.2631;0.926418;0.371061;-0.255522;-26.3426
31.0555;-31.2631;0.764656;0.42679;-0.252089;-25.9035
39.8809;-31.2631;0.698891;0.473672;-0.25703;-25.3633
48.7064;-31.2631;0.683316;0.512971;-0.256986;-24.7824
57.5318;-31.2631;0.644743;0.544232;-0.248339;-24.0934
66.3573;-31.2631;0.584812;0.564535;-0.233058;-23.3012
75.1828;-31.2631;0.534326;0.573555;-0.215395;-22.4448
84.0082;-31.2631;0.472089;0.579698;-0.197952;-21.5382
92.8337;-31.2631;0.388996;0.584066;-0.17792;-20.5892
101.659;-31.2631;0.461422;0.58116;-0.157721;-19.7396
110.485;-31.2631;0.710067;0.575583;-0.14502;-19.0087
119.31;-31.2631;1.01956;0.5661;-0.140988;-18.2778
128.135;-31.2631;1.10897;0.552468;-0.135707;-17.3318
136.961;-31.2631;0.917069;0.531905;-0.117808;-16.081
145.786;-31.2631;0.856762;0.50549;-0.0981519;-14.9144
154.612;-31.2631;0.990883;0.481806;-0.0827506;-13.918
163.437;-31.2631;1.18993;0.451951;-0.0695741;-12.9581
172.263;-31.2631;1.26699;0.415598;-0.0569312;-11.8876
181.088;-31.2631;1.22426;0.373496;-0.0422742;-10.6767
189.914;-31.2631;1.15959;0.32595;-0.0281393;-9.4173
198.739;-31.2631;1.1402;0.276081;-0.0157891;-8.18326
207.565;-31.2631;1.18078;0.223366;-0.00611282;-6.99557
216.39;-31.2631;1.26145;0.164338;0.00552618;-5.80307
225.215;-31.2631;1.32227;0.112618;0.017657;-4.58969
234.041;-31.2631;1.29562;0.0751342;0.0281442;-3.31654
242.866;-31.2631;1.23039;0.0574736;0.0335868;-2.08354
-224.883;-40.0886;0.878485;0.119884;0.0307844;-2.27856
-216.057;-40.0886;0.776793;0.0951973;0.0263015;-3.37198
-207.232;-40.0886;0.81234;0.0630922;0.0235397;-4.52956
-198.406;-40.0886;0.887623;0.0271209;0.0193082;-5.72512
-189.581;-40.0886;0.894275;0.00171519;0.00560385;-6.87159
-180.755;-40.0886;0.878861;-0.00664579;-0.0169498;-7.98436
-171.93;-40.0886;0.837144;-0.0080742;-0.0466374;-9.08096
-163.105;-40.0886;0.799244;-0.0202605;-0.0709144;-10.1946
-154.279;-40.0886;0.793392;-0.0420855;-0.0844579;-11.3133
-145.454;-40.0886;0.814337;-0.0658114;-0.0957819;-12.4276
-136.628;-40.0886;0.834103;-0.0905527;-0.110748;-13.5505
-127.803;-40.0886;0.862177;-0.110652;-0.125564;-14.6814
-118.977;-40.0886;0.843026;-0.124071;-0.135622;-15.7405
-110.152;-40.0886;0.764544;-0.13974;-0.14625;-16.7366
-101.326;-40.0886;0.674211;-0.15458;-0.160396;-17.6872
-92.5009;-40.0886;0.629524;-0.165113;-0.17555;-18.64
-83.6754;-40.0886;0.638165;-0.169206;-0.191776;-19.6035
-74.85;-40.0886;0.635258;-0.167159;-0.205219;-20.5281
-66.0245;-40.0886;0.589351;-0.158137;-0.21414;-21.3815
-30.7227;-40.0886;0.777794;-0.048333;-0.237634;-24.5085
-21.8972;-40.0886;0.745955;0.0075775;-0.248087;-25.0631
-13.0718;-40.0886;0.735334;0.0705104;-0.257125;-25.4305
-4.24634;-40.0886;0.720812;0.145437;-0.267371;-25.6548
4.57912;-40.0886;0.731063;0.219148;-0.275595;-25.7794
13.4046;-40.0886;0.746188;0.286772;-0.276881;-25.7823
22.23;-40.0886;0.729607;0.347353;-0.272975;-25.6153
31.0555;-40.0886;0.660023;0.401358;-0.272353;-25.2532
39.8809;-40.0886;0.60733;0.447325;-0.275522;-24.7678
48.7064;-40.0886;0.571975;0.485702;-0.272123;-24.1948
57.5318;-40.0886;0.527565;0.5183;-0.261204;-23.5262
66.3573;-40.0886;0.483725;0.54268;-0.246343;-22.7847
75.1828;-40.0886;0.458638;0.557315;-0.230978;-21.997
84.0082;-40.0886;0.443012;0.566737;-0.213633;-21.1674
92.8337;-40.0886;0.437177;0.5687;-0.192944;-20.3026
101.659;-40.0886;0.527062;0.565894;-0.173474;-19.4821
110.485;-40.0886;0.688307;0.558844;-0.160999;-18.6809
119.31;-40.0886;0.838679;0.547371;-0.155291;-17.8238
128.135;-40.0886;0.865206;0.532188;-0.148217;-16.8154
136.961;-40.0886;0.756769;0.510792;-0.129198;-15.6388
145.786;-40.0886;0.755945;0.484931;-0.108637;-14.5251
154.612;-40.0886;0.881961;0.46358;-0.0918836;-13.5286
163.437;-40.0886;1.04644;0.437199;-0.0769328;-12.5519
172.263;-40.0886;1.14595;0.401835;-0.0644471;-11.5104
181.088;-40.0886;1.15042;0.359231;-0.0521982;-10.3546
189.914;-40.0886;1.12767;0.311242;-0.0399853;-9.14656
198.739;-40.0886;1.11418;0.264043;-0.0268667;-7.93769
207.565;-40.0886;1.10563;0.21352;-0.0143065;-6.72009
216.39;-40.0886;1.15201;0.159405;-0.00267373;-5.52055
225.215;-40.0886;1.21308;0.111227;0.0088622;-4.32591
234.041;-40.0886;1.24488;0.0766136;0.0180151;-3.09198
242.866;-40.0886;1.24717;0.0514571;0.0263957;-1.837
-224.883;-48.914;0.865922;0.142036;0.0325105;-2.08605
-216.057;-48.914;0.72898;0.107142;0.0252047;-3.18602
-207.232;-48.914;0.812433;0.082078;0.0232675;-4.3344
-198.406;-48.914;0.880734;0.0516542;0.0197821;-5.53245
-189.581;-48.914;0.833176;0.0343338;0.000937821;-6.65485
-180.755;-48.914;0.791135;0.0338761;-0.0303438;-7.74832
-171.93;-48.914;0.824701;0.0305694;-0.0619632;-8.84962
-163.105;-48.914;0.841976;0.010317;-0.0827797;-9.98866
-154.279;-48.914;0.809374;-0.0207868;-0.0955707;-11.0825
-145.454;-48.914;0.767408;-0.0559749;-0.108364;-12.1736
-136.628;-48.914;0.770203;-0.085672;-0.123717;-13.2765
-127.803;-48.914;0.826843;-0.10174;-0.135277;-14.4073
-118.977;-48.914;0.856381;-0.1122;-0.145292;-15.4647
-110.152;-48.914;0.794969;-0.129381;-0.158569;-16.4688
-101.326;-48.914;0.715187;-0.143105;-0.173947;-17.4106
-92.5009;-48.914;0.675647;-0.149593;-0.191051;-18.3374
-83.6754;-48.914;0.674414;-0.150272;-0.211714;-19.2683
-74.85;-48.914;0.658513;-0.148795;-0.227923;-20.1344
-66.0245;-48.914;0.61066;-0.140026;-0.238809;-20.9824
-57.1991;-48.914;0.586636;-0.131144;-0.241237;-21.8027
-30.7227;-48.914;0.659317;-0.0287324;-0.27293;-23.9013
-21.8972;-48.914;0.60846;0.0248651;-0.27989;-24.3943
-13.0718;-48.914;0.635532;0.0837285;-0.282922;-24.7626
-4.24634;-48.914;0.670246;0.149044;-0.28694;-25.0026
4.57912;-48.914;0.666519;0.215198;-0.292497;-25.0965
13.4046;-48.914;0.628165;0.27506;-0.292111;-25.0341
22.23;-48.914;0.577527;0.327095;-0.286565;-24.8201
31.0555;-48.914;0.530984;0.377714;-0.286592;-24.4902
39.8809;-48.914;0.466423;0.422229;-0.289608;-24.0237
48.7064;-48.914;0.407715;0.459561;-0.290003;-23.4627
57.5318;-48.914;0.373099;0.492136;-0.283117;-22.8353
66.3573;-48.914;0.344315;0.519889;-0.270611;-22.1453
75.1828;-48.914;0.307852;0.538615;-0.257147;-21.3794
84.0082;-48.914;0.271367;0.550488;-0.243306;-20.5567
92.8337;-48.914;0.286973;0.55004;-0.222417;-19.7262
101.659;-48.914;0.340222;0.544598;-0.201234;-18.882
110.485;-48.914;0.408089;0.535316;-0.185612;-18.0036
119.31;-48.914;0.471912;0.522408;-0.17507;-17.0798
128.135;-48.914;0.525427;0.506837;-0.163407;-16.1111
136.961;-48.914;0.58322;0.487043;-0.145064;-15.1043
145.786;-48.914;0.663903;0.464154;-0.123303;-14.0812
154.612;-48.914;0.762039;0.442222;-0.102542;-13.0714
163.437;-48.914;0.858186;0.415651;-0.0842192;-12.0548
172.263;-48.914;0.927673;0.381811;-0.0714497;-10.9999
181.088;-48.914;0.938949;0.342169;-0.0607678;-9.86392
189.914;-48.914;0.926545;0.297489;-0.0501799;-8.6793
198.739;-48.914;0.914814;0.25335;-0.037481;-7.48835
207.565;-48.914;0.91584;0.203902;-0.0242689;-6.29249
216.39;-48.914;0.96787;0.153767;-0.0131208;-5.11887
225.215;-48.914;1.02862;0.114445;-0.00626831;-3.9693
234.041;-48.914;1.06273;0.0752159;-1.04436e-05;-2.75697
242.866;-48.914;1.04904;0.0355124;0.0122529;-1.49046
-224.883;-57.7395;0.947195;0.162284;0.0334922;-1.95213
-216.057;-57.7395;0.801921;0.120733;0.0254835;-3.03239
-207.232;-57.7395;0.859252;0.0951508;0.0261237;-4.14844
-198.406;-57.7395;0.91912;0.0781349;0.0201638;-5.31357
-189.581;-57.7395;0.851179;0.0756951;-0.00666844;-6.42445
-180.755;-57.7395;0.810646;0.0797435;-0.0421948;-7.50281
-171.93;-57.7395;0.836867;0.0626596;-0.0707493;-8.60392
-163.105;-57.7395;0.841083;0.033686;-0.0877008;-9.72548
-154.279;-57.7395;0.784737;0.00104299;-0.099864;-10.7758
-145.454;-57.7395;0.706254;-0.0364949;-0.114046;-11.8279
-136.628;-57.7395;0.685104;-0.068084;-0.130143;-12.904
-127.803;-57.7395;0.778949;-0.0829652;-0.139299;-14.0213
-118.977;-57.7395;0.82595;-0.0932196;-0.149776;-15.0699
-110.152;-57.7395;0.772569;-0.111446;-0.167515;-16.0746
-101.326;-57.7395;0.709397;-0.12362;-0.185397;-17.0077
-92.5009;-57.7395;0.672548;-0.12799;-0.200176;-17.9107
-83.6754;-57.7395;0.653724;-0.12795;-0.217601;-18.8051
-74.85;-57.7395;0.632789;-0.126454;-0.239243;-19.6374
-30.7227;-57.7395;0.603584;-0.0151902;-0.305534;-23.1809
-21.8972;-57.7395;0.548689;0.0359802;-0.311699;-23.6397
-13.0718;-57.7395;0.555777;0.0916309;-0.312856;-23.9919
-4.24634;-57.7395;0.584587;0.150853;-0.314949;-24.2275
4.57912;-57.7395;0.576389;0.210252;-0.31866;-24.3085
13.4046;-57.7395;0.524496;0.264134;-0.318093;-24.2245
22.23;-57.7395;0.460668;0.310517;-0.312324;-23.9943
31.0555;-57.7395;0.413791;0.355265;-0.309953;-23.6664
39.8809;-57.7395;0.354375;0.398432;-0.313919;-23.2204
48.7064;-57.7395;0.302228;0.435887;-0.319057;-22.7046
57.5318;-57.7395;0.283121;0.469023;-0.318757;-22.1297
66.3573;-57.7395;0.249495;0.497908;-0.310688;-21.4607
75.1828;-57.7395;0.17243;0.515173;-0.29867;-20.6605
84.0082;-57.7395;0.0866139;0.529745;-0.287434;-19.83
92.8337;-57.7395;0.0942326;0.530877;-0.268088;-19.026
101.659;-57.7395;0.122364;0.525442;-0.246726;-18.1871
110.485;-57.7395;0.166296;0.516051;-0.22828;-17.3027
119.31;-57.7395;0.249459;0.503794;-0.212362;-16.4053
128.135;-57.7395;0.410716;0.486557;-0.193355;-15.5454
136.961;-57.7395;0.575063;0.466009;-0.169911;-14.6566
145.786;-57.7395;0.696298;0.446039;-0.142067;-13.7064
154.612;-57.7395;0.780799;0.42191;-0.115482;-12.7043
163.437;-57.7395;0.846374;0.3922;-0.0933844;-11.6731
172.263;-57.7395;0.913719;0.357042;-0.077728;-10.6177
181.088;-57.7395;0.944669;0.318472;-0.0647469;-9.49742
189.914;-57.7395;0.950389;0.276157;-0.0525812;-8.33853
198.739;-57.7395;0.956095;0.234956;-0.0381814;-7.18246
207.565;-57.7395;0.990324;0.188011;-0.0246139;-6.02998
216.39;-57.7395;1.04892;0.141974;-0.0144518;-4.88529
225.215;-57.7395;1.0638;0.102383;-0.00827283;-3.71637
234.041;-57.7395;1.0427;0.0589924;-0.00209809;-2.45313
242.866;-57.7395;1.01107;0.00835063;0.0114113;-1.15
-216.057;-66.5649;0.901035;0.137193;0.0324635;-2.83397
-207.232;-66.5649;0.893053;0.108947;0.0300603;-3.91314
-198.406;-66.5649;0.910619;0.101193;0.0162314;-5.02513
-189.581;-66.5649;0.87609;0.116652;-0.0147684;-6.08487
-180.755;-66.5649;0.833207;0.110586;-0.046589;-7.16727
-171.93;-66.5649;0.825691;0.0830895;-0.0694781;-8.26852
-163.105;-66.5649;0.825733;0.0500068;-0.0830867;-9.38116
-154.279;-66.5649;0.788037;0.0203251;-0.0955924;-10.4296
-145.454;-66.5649;0.714623;-0.00999578;-0.111974;-11.4563
-136.628;-66.5649;0.661305;-0.039002;-0.129365;-12.4869
-127.803;-66.5649;0.679361;-0.058843;-0.141172;-13.5606
-118.977;-66.5649;0.700673;-0.0696624;-0.155785;-14.578
-110.152;-66.5649;0.670074;-0.0884256;-0.179115;-15.5672
-101.326;-66.5649;0.631413;-0.101492;-0.200388;-16.4915
-92.5009;-66.5649;0.597172;-0.107813;-0.215224;-17.3791
-83.6754;-66.5649;0.567575;-0.109371;-0.23229;-18.244
-74.85;-66.5649;0.548674;-0.106689;-0.258592;-19.0543
-30.7227;-66.5649;0.596271;0.000458736;-0.350915;-22.417
-21.8972;-66.5649;0.566362;0.048389;-0.361825;-22.8616
-13.0718;-66.5649;0.530771;0.100348;-0.36833;-23.1727
-4.24634;-66.5649;0.52114;0.154759;-0.371538;-23.3768
4.57912;-66.5649;0.51681;0.206663;-0.372866;-23.4439
13.4046;-66.5649;0.482112;0.253313;-0.369382;-23.3676
22.23;-66.5649;0.432345;0.295394;-0.360582;-23.1689
31.0555;-66.5649;0.398952;0.334979;-0.35257;-22.8664
39.8809;-66.5649;0.373328;0.375926;-0.351654;-22.4688
48.7064;-66.5649;0.362578;0.412079;-0.353873;-22.0193
57.5318;-66.5649;0.366927;0.446558;-0.357741;-21.4996
66.3573;-66.5649;0.34401;0.478842;-0.354957;-20.8727
75.1828;-66.5649;0.278969;0.499641;-0.340724;-20.1182
84.0082;-66.5649;0.210789;0.511807;-0.323519;-19.3357
92.8337;-66.5649;0.2275;0.513847;-0.303662;-18.5801
101.659;-66.5649;0.280477;0.508032;-0.281867;-17.7855
110.485;-66.5649;0.371809;0.495718;-0.260823;-16.9416
119.31;-66.5649;0.516321;0.480378;-0.24126;-16.0929
128.135;-66.5649;0.726607;0.46296;-0.218046;-15.2932
136.961;-66.5649;0.960386;0.439653;-0.192211;-14.4785
145.786;-66.5649;1.07664;0.42006;-0.160449;-13.5556
154.612;-66.5649;1.10651;0.396001;-0.12998;-12.5291
163.437;-66.5649;1.10497;0.366625;-0.103826;-11.4492
172.263;-66.5649;1.12433;0.331597;-0.0827328;-10.3576
181.088;-66.5649;1.12225;0.293783;-0.0639048;-9.21949
189.914;-66.5649;1.10562;0.253346;-0.0484734;-8.0576
198.739;-66.5649;1.09572;0.215342;-0.0337982;-6.90784
207.565;-66.5649;1.11382;0.171227;-0.02158;-5.75747
216.39;-66.5649;1.13487;0.127497;-0.0121202;-4.59562
225.215;-66.5649;1.08043;0.0870551;-0.00655227;-3.38977
234.041;-66.5649;1.0175;0.0425381;0.000228425;-2.10443
-216.057;-75.3904;0.949898;0.157603;0.0430677;-2.57377
-207.232;-75.3904;0.876867;0.127218;0.0335324;-3.60742
-198.406;-75.3904;0.812849;0.121876;0.00732413;-4.67007
-189.581;-75.3904;0.730087;0.127328;-0.0265532;-5.71586
-180.755;-75.3904;0.700644;0.110905;-0.0549043;-6.7899
-171.93;-75.3904;0.710295;0.0808626;-0.0749881;-7.87546
-163.105;-75.3904;0.733936;0.0502661;-0.0892677;-8.97356
-154.279;-75.3904;0.740455;0.0265211;-0.102103;-10.0246
-145.454;-75.3904;0.707293;0.00303352;-0.117738;-11.0393
-136.628;-75.3904;0.64791;-0.0235018;-0.135338;-12.0255
-127.803;-75.3904;0.613894;-0.0443267;-0.152762;-13.0414
-118.977;-75.3904;0.599771;-0.0544923;-0.172563;-14.0232
-110.152;-75.3904;0.579354;-0.0692505;-0.199609;-14.989
-101.326;-75.3904;0.560919;-0.0799208;-0.224065;-15.9009
-92.5009;-75.3904;0.534831;-0.0877335;-0.24183;-16.7757
-83.6754;-75.3904;0.50691;-0.0914646;-0.261262;-17.621
-74.85;-75.3904;0.498172;-0.087679;-0.289083;-18.4141
-66.0245;-75.3904;0.519005;-0.0755136;-0.315801;-19.1822
-57.1991;-75.3904;0.525238;-0.0591744;-0.341069;-19.8641
-30.7227;-75.3904;0.611536;0.0200632;-0.400391;-21.6022
-21.8972;-75.3904;0.626673;0.0610706;-0.417178;-22.0241
-13.0718;-75.3904;0.581642;0.109595;-0.430219;-22.3293
-4.24634;-75.3904;0.551274;0.159994;-0.431554;-22.504
4.57912;-75.3904;0.560122;0.207019;-0.429677;-22.5793
13.4046;-75.3904;0.569317;0.24954;-0.425833;-22.5615
22.23;-75.3904;0.565344;0.286902;-0.419568;-22.428
31.0555;-75.3904;0.562363;0.320675;-0.406848;-22.1786
39.8809;-75.3904;0.583095;0.352676;-0.388937;-21.8377
48.7064;-75.3904;0.617587;0.383387;-0.379349;-21.4455
57.5318;-75.3904;0.681257;0.417494;-0.385557;-20.9981
66.3573;-75.3904;0.772195;0.450825;-0.389099;-20.4917
75.1828;-75.3904;0.855197;0.473494;-0.373225;-19.8939
84.0082;-75.3904;0.882269;0.484023;-0.351469;-19.2092
92.8337;-75.3904;0.80553;0.489807;-0.331042;-18.4344
101.659;-75.3904;0.891397;0.480023;-0.307746;-17.6742
110.485;-75.3904;1.05314;0.466323;-0.281799;-16.9135
119.31;-75.3904;1.19518;0.452762;-0.256399;-16.0998
128.135;-75.3904;1.27686;0.438501;-0.23077;-15.2144
136.961;-75.3904;1.43191;0.413137;-0.202056;-14.3498
145.786;-75.3904;1.48144;0.387857;-0.168519;-13.3687
154.612;-75.3904;1.45642;0.362057;-0.135689;-12.3036
163.437;-75.3904;1.40393;0.333576;-0.10555;-11.1902
172.263;-75.3904;1.36801;0.300429;-0.0789252;-10.0578
181.088;-75.3904;1.31483;0.266728;-0.0554804;-8.89621
189.914;-75.3904;1.25233;0.229481;-0.0379301;-7.71656
198.739;-75.3904;1.20367;0.193851;-0.024889;-6.55069
207.565;-75.3904;1.18355;0.152573;-0.0151201;-5.3814
216.39;-75.3904;1.15478;0.110345;-0.00627198;-4.18624
225.215;-75.3904;1.06345;0.0696007;0.000309334;-2.9619
234.041;-75.3904;1.0136;0.030863;0.00696977;-1.7312
-216.057;-84.2158;1.00369;0.171332;0.0515714;-2.24451
-207.232;-84.2158;0.839883;0.148248;0.0368899;-3.23758
-198.406;-84.2158;0.730979;0.138294;0.00260512;-4.27343
-189.581;-84.2158;0.652312;0.130166;-0.0303462;-5.30961
-180.755;-84.2158;0.627619;0.106341;-0.058341;-6.37296
-171.93;-84.2158;0.645645;0.076416;-0.0798946;-7.44305
-163.105;-84.2158;0.664561;0.047256;-0.0982785;-8.52029
-154.279;-84.2158;0.67174;0.0246768;-0.114981;-9.56116
-145.454;-84.2158;0.662174;0.00425037;-0.131971;-10.5633
-136.628;-84.2158;0.634759;-0.0177565;-0.149505;-11.5307
-127.803;-84.2158;0.604648;-0.0356804;-0.171174;-12.5092
-118.977;-84.2158;0.583642;-0.0453263;-0.196735;-13.4676
-110.152;-84.2158;0.581277;-0.0559196;-0.226933;-14.4125
-101.326;-84.2158;0.575613;-0.062955;-0.255178;-15.3159
-92.5009;-84.2158;0.556528;-0.0694966;-0.276819;-16.1732
-83.6754;-84.2158;0.536586;-0.07293;-0.297363;-16.9911
-74.85;-84.2158;0.539308;-0.0680042;-0.322288;-17.7644
-66.0245;-84.2158;0.568919;-0.0555555;-0.3462;-18.5004
-57.1991;-84.2158;0.580059;-0.0377304;-0.370298;-19.1404
-48.3736;-84.2158;0.558376;0.0354085;-0.425455;-20.5046
-39.5482;-84.2158;0.583577;0.0913073;-0.456915;-21.3345
-30.7227;-84.2158;0.64618;0.0415939;-0.431037;-20.7375
-21.8972;-84.2158;0.695398;0.0751539;-0.447097;-21.1395
-13.0718;-84.2158;0.701561;0.115475;-0.45948;-21.4612
-4.24634;-84.2158;0.708334;0.163052;-0.456326;-21.6347
4.57912;-84.2158;0.70673;0.205233;-0.448592;-21.7233
13.4046;-84.2158;0.71595;0.242228;-0.444541;-21.7303
22.23;-84.2158;0.724198;0.27582;-0.442117;-21.6377
31.0555;-84.2158;0.732775;0.30538;-0.430731;-21.4318
39.8809;-84.2158;0.778332;0.333357;-0.409284;-21.156
48.7064;-84.2158;0.902044;0.360399;-0.400364;-20.8499
57.5318;-84.2158;0.990934;0.401835;-0.414835;-20.4611
66.3573;-84.2158;1.12534;0.440834;-0.423732;-20.038
75.1828;-84.2158;1.28482;0.463949;-0.407274;-19.5451
84.0082;-84.2158;1.37189;0.470068;-0.384026;-18.9216
92.8337;-84.2158;1.29131;0.470309;-0.362567;-18.1326
101.659;-84.2158;1.36088;0.456859;-0.334553;-17.3721
110.485;-84.2158;1.49989;0.444099;-0.299761;-16.6388
119.31;-84.2158;1.61961;0.427371;-0.264436;-15.8344
128.135;-84.2158;1.67066;0.411776;-0.230106;-14.9432
136.961;-84.2158;1.74476;0.383199;-0.197645;-14.0094
145.786;-84.2158;1.71012;0.353471;-0.164943;-12.9566
154.612;-84.2158;1.62591;0.325024;-0.130576;-11.8445
163.437;-84.2158;1.54478;0.2968;-0.0955024;-10.7177
172.263;-84.2158;1.49882;0.265417;-0.0640645;-9.59434
181.088;-84.2158;1.42098;0.235326;-0.0391099;-8.43798
189.914;-84.2158;1.32074;0.201656;-0.0225159;-7.25135
198.739;-84.2158;1.23096;0.167839;-0.0104486;-6.06582
207.565;-84.2158;1.17296;0.130625;-0.00214297;-4.88074
216.39;-84.2158;1.11585;0.0924681;0.00536996;-3.6783
225.215;-84.2158;1.06681;0.0588041;0.00966865;-2.49098
234.041;-84.2158;1.06963;0.027185;0.0137217;-1.36334
-216.057;-93.0413;1.06898;0.184643;0.0586291;-1.8244
-207.232;-93.0413;0.822273;0.159877;0.0384798;-2.86509
-198.406;-93.0413;0.71577;0.148353;0.00580357;-3.88457
-189.581;-93.0413;0.69599;0.130184;-0.0259797;-4.91943
-180.755;-93.0413;0.677793;0.103582;-0.0564737;-5.97046
-171.93;-93.0413;0.682748;0.0752065;-0.0808205;-7.01113
-163.105;-93.0413;0.664455;0.0457229;-0.103285;-8.04574
-154.279;-93.0413;0.638485;0.0211845;-0.124366;-9.05756
-145.454;-93.0413;0.629637;0.00282696;-0.143114;-10.0436
-136.628;-93.0413;0.634518;-0.0116247;-0.159905;-11.0038
-127.803;-93.0413;0.623049;-0.0238448;-0.182871;-11.9429
-118.977;-93.0413;0.608085;-0.0348866;-0.212268;-12.8753
-110.152;-93.0413;0.637475;-0.0458812;-0.242587;-13.8036
-101.326;-93.0413;0.641485;-0.0528441;-0.269781;-14.6886
-92.5009;-93.0413;0.632455;-0.0569148;-0.294302;-15.5309
-83.6754;-93.0413;0.625642;-0.0569358;-0.317774;-16.3274
-74.85;-93.0413;0.632514;-0.0512134;-0.340302;-17.0745
-66.0245;-93.0413;0.663024;-0.0405734;-0.356949;-17.7831
-57.1991;-93.0413;0.686;-0.0210916;-0.371587;-18.4203
-48.3736;-93.0413;0.667616;0.00275816;-0.391952;-18.9625
-39.5482;-93.0413;0.666866;0.0274734;-0.413238;-19.4333
-30.7227;-93.0413;0.695865;0.0558357;-0.431926;-19.8593
-21.8972;-93.0413;0.735631;0.0877829;-0.445835;-20.2299
-13.0718;-93.0413;0.762469;0.121876;-0.453404;-20.5329
-4.24634;-93.0413;0.767958;0.161547;-0.450859;-20.7232
4.57912;-93.0413;0.762732;0.201211;-0.442931;-20.8052
13.4046;-93.0413;0.760134;0.238004;-0.438315;-20.7972
22.23;-93.0413;0.748373;0.272076;-0.437641;-20.6971
31.0555;-93.0413;0.728533;0.303003;-0.437187;-20.4865
39.8809;-93.0413;0.739641;0.337829;-0.439068;-20.2164
48.7064;-93.0413;0.890683;0.37095;-0.454529;-19.944
57.5318;-93.0413;0.996304;0.410215;-0.471623;-19.6043
66.3573;-93.0413;1.13263;0.437012;-0.465153;-19.2019
75.1828;-93.0413;1.27785;0.453989;-0.437896;-18.7508
84.0082;-93.0413;1.35688;0.451542;-0.408668;-18.137
92.8337;-93.0413;1.33524;0.446989;-0.382826;-17.3863
101.659;-93.0413;1.42751;0.434017;-0.348686;-16.669
110.485;-93.0413;1.55669;0.42036;-0.305329;-15.955
119.31;-93.0413;1.67253;0.398603;-0.261184;-15.1619
128.135;-93.0413;1.74201;0.378567;-0.21958;-14.2974
136.961;-93.0413;1.75577;0.351854;-0.184278;-13.325
145.786;-93.0413;1.63365;0.323449;-0.154665;-12.2157
154.612;-93.0413;1.51677;0.293143;-0.122489;-11.0888
163.437;-93.0413;1.45666;0.264343;-0.0843699;-10.0002
172.263;-93.0413;1.45402;0.232389;-0.0482943;-8.93872
181.088;-93.0413;1.3907;0.203829;-0.0238051;-7.82397
189.914;-93.0413;1.2852;0.173575;-0.00893316;-6.65938
198.739;-93.0413;1.18196;0.14096;0.00374679;-5.47528
207.565;-93.0413;1.11214;0.10725;0.0129997;-4.29759
216.39;-93.0413;1.07185;0.0736251;0.019217;-3.13547
225.215;-93.0413;1.09849;0.0452401;0.020481;-2.03373
-207.232;-101.867;0.801129;0.182083;0.0424795;-2.3731
-198.406;-101.867;0.719498;0.161217;0.0104611;-3.43608
-189.581;-101.867;0.795724;0.131789;-0.0204581;-4.53059
-180.755;-101.867;0.806797;0.105093;-0.0496972;-5.57889
-171.93;-101.867;0.76851;0.0761191;-0.0761557;-6.57705
-163.105;-101.867;0.715157;0.0464192;-0.100454;-7.55469
-154.279;-101.867;0.671558;0.0212977;-0.123207;-8.5271
-145.454;-101.867;0.658744;0.00555933;-0.142492;-9.49511
-136.628;-101.867;0.66153;-0.00164835;-0.158846;-10.4413
-127.803;-101.867;0.63583;-0.00766518;-0.181183;-11.3364
-118.977;-101.867;0.591784;-0.0215839;-0.211967;-12.2345
-110.152;-101.867;0.618626;-0.0359798;-0.242574;-13.1378
-101.326;-101.867;0.61724;-0.0448586;-0.270079;-14.0057
-92.5009;-101.867;0.625988;-0.046017;-0.296095;-14.829
-83.6754;-101.867;0.646526;-0.0421257;-0.321839;-15.5932
-74.85;-101.867;0.658601;-0.036837;-0.345748;-16.2964
-66.0245;-101.867;0.663292;-0.0294015;-0.361558;-16.9653
-57.1991;-101.867;0.698171;-0.0134398;-0.368913;-17.5803
-48.3736;-101.867;0.694516;0.00803098;-0.383263;-18.1169
-39.5482;-101.867;0.672321;0.034097;-0.401699;-18.5668
-30.7227;-101.867;0.680509;0.0615494;-0.418108;-18.9514
-21.8972;-101.867;0.715815;0.0895657;-0.427998;-19.2845
-13.0718;-101.867;0.735679;0.120538;-0.435984;-19.564
-4.24634;-101.867;0.737525;0.156724;-0.438758;-19.7504
4.57912;-101.867;0.733461;0.195174;-0.435035;-19.8288
13.4046;-101.867;0.719036;0.232308;-0.42915;-19.8086
22.23;-101.867;0.701392;0.266797;-0.429879;-19.7041
31.0555;-101.867;0.686975;0.298567;-0.439091;-19.5032
39.8809;-101.867;0.69896;0.336173;-0.458762;-19.2464
48.7064;-101.867;0.849981;0.37247;-0.485599;-18.977
57.5318;-101.867;0.941055;0.40479;-0.494828;-18.6345
66.3573;-101.867;1.03531;0.419575;-0.476935;-18.2044
75.1828;-101.867;1.12252;0.421176;-0.441289;-17.6913
84.0082;-101.867;1.16771;0.416491;-0.407172;-17.0823
92.8337;-101.867;1.18473;0.414092;-0.377828;-16.3999
101.659;-101.867;1.29912;0.404284;-0.340695;-15.7343
110.485;-101.867;1.40041;0.391866;-0.295534;-15.0188
119.31;-101.867;1.47468;0.369178;-0.250432;-14.2083
128.135;-101.867;1.50746;0.346834;-0.209823;-13.3261
136.961;-101.867;1.45027;0.322574;-0.176801;-12.3146
145.786;-101.867;1.2685;0.299159;-0.146787;-11.1832
154.612;-101.867;1.18974;0.269481;-0.112636;-10.1237
163.437;-101.867;1.222;0.23768;-0.0724161;-9.14658
172.263;-101.867;1.27142;0.201636;-0.034763;-8.15099
181.088;-101.867;1.22096;0.172398;-0.00894734;-7.06899
189.914;-101.867;1.12545;0.146674;0.000645452;-5.93887
198.739;-101.867;1.04848;0.118998;0.0117047;-4.79732
207.565;-101.867;1.02286;0.0877444;0.0221914;-3.66831
216.39;-101.867;1.02018;0.0582399;0.0294573;-2.55886
225.215;-101.867;1.08945;0.0317219;0.0315673;-1.51236
-198.406;-110.692;0.717187;0.163449;0.0139697;-2.94203
-189.581;-110.692;0.844136;0.136488;-0.0140787;-4.05683
-180.755;-110.692;0.894843;0.112234;-0.0376646;-5.08456
-171.93;-110.692;0.803297;0.0773383;-0.065715;-6.06834
-163.105;-110.692;0.760428;0.0483288;-0.0903842;-7.02186
-154.279;-110.692;0.738951;0.0249017;-0.113384;-7.97074
-145.454;-110.692;0.726123;0.00974733;-0.13412;-8.91812
-136.628;-110.692;0.708907;0.00418704;-0.152148;-9.8397
-127.803;-110.692;0.659952;0.00185435;-0.172585;-10.697
-118.977;-110.692;0.586507;-0.011859;-0.202458;-11.5499
-110.152;-110.692;0.568927;-0.0282886;-0.235765;-12.4157
-101.326;-110.692;0.565672;-0.0364118;-0.267253;-13.2596
-92.5009;-110.692;0.59886;-0.0357436;-0.294365;-14.0636
-83.6754;-110.692;0.618248;-0.0305159;-0.323096;-14.7999
-74.85;-110.692;0.594603;-0.0263829;-0.353652;-15.4491
-66.0245;-110.692;0.572452;-0.0224976;-0.374155;-16.0809
-57.1991;-110.692;0.612062;-0.0107469;-0.381928;-16.6805
-48.3736;-110.692;0.642979;0.0104156;-0.387632;-17.2052
-39.5482;-110.692;0.615599;0.0372415;-0.39701;-17.6365
-30.7227;-110.692;0.595595;0.0645163;-0.404481;-17.9881
-21.8972;-110.692;0.60992;0.0917228;-0.410701;-18.2802
-13.0718;-110.692;0.631383;0.121926;-0.417793;-18.5272
-4.24634;-110.692;0.647129;0.155551;-0.422716;-18.7166
4.57912;-110.692;0.670263;0.192975;-0.4212;-18.8136
13.4046;-110.692;0.687747;0.226168;-0.417048;-18.8198
22.23;-110.692;0.687154;0.258031;-0.423124;-18.7295
31.0555;-110.692;0.684515;0.288817;-0.438489;-18.5403
39.8809;-110.692;0.718362;0.322062;-0.459791;-18.2975
48.7064;-110.692;0.866139;0.352943;-0.477087;-18.0387
57.5318;-110.692;0.95415;0.379362;-0.475538;-17.7019
66.3573;-110.692;1.0145;0.390251;-0.45338;-17.2543
75.1828;-110.692;1.07245;0.393147;-0.421121;-16.741
84.0082;-110.692;1.1305;0.391466;-0.388577;-16.1658
92.8337;-110.692;1.17614;0.388056;-0.357041;-15.5362
101.659;-110.692;1.28193;0.376871;-0.319985;-14.8784
110.485;-110.692;1.28165;0.361758;-0.281311;-14.0754
119.31;-110.692;1.21841;0.337693;-0.242247;-13.1612
128.135;-110.692;1.1305;0.316008;-0.206986;-12.2097
136.961;-110.692;0.969723;0.295529;-0.176133;-11.1581
145.786;-110.692;0.885389;0.269351;-0.14185;-10.1316
154.612;-110.692;0.955792;0.237568;-0.100161;-9.21531
163.437;-110.692;1.07925;0.203933;-0.0539501;-8.33514
172.263;-110.692;1.11322;0.164576;-0.017158;-7.34915
181.088;-110.692;0.98789;0.139412;0.00819046;-6.22289
189.914;-110.692;0.929164;0.119166;0.0157433;-5.15052
198.739;-110.692;0.941269;0.0982968;0.0206978;-4.11733
207.565;-110.692;1.03098;0.0693748;0.0312583;-3.10123
216.39;-110.692;1.07682;0.0428295;0.0431428;-2.05632
-198.406;-119.518;0.69361;0.153822;0.0203176;-2.41288
-189.581;-119.518;0.779288;0.134494;-0.00438817;-3.47146
-180.755;-119.518;0.824378;0.106004;-0.0296084;-4.52295
-171.93;-119.518;0.736386;0.0691069;-0.0575292;-5.49415
-163.105;-119.518;0.750426;0.0439356;-0.0809309;-6.42924
-154.279;-119.518;0.751468;0.0215831;-0.105657;-7.35989
-145.454;-119.518;0.723138;0.00453805;-0.128668;-8.2708
-136.628;-119.518;0.68858;-0.00123599;-0.146951;-9.1709
-127.803;-119.518;0.638272;0.00394796;-0.162202;-9.99398
-118.977;-119.518;0.54486;-0.00210104;-0.190502;-10.8044
-110.152;-119.518;0.516205;-0.0150638;-0.225759;-11.6324
-101.326;-119.518;0.509938;-0.0266913;-0.262452;-12.4522
-92.5009;-119.518;0.55022;-0.0300035;-0.295272;-13.2383
-83.6754;-119.518;0.573084;-0.0262439;-0.327503;-13.9542
-74.85;-119.518;0.540095;-0.0227427;-0.358734;-14.5696
-66.0245;-119.518;0.497881;-0.0210572;-0.382005;-15.1722
-57.1991;-119.518;0.52905;-0.0128912;-0.394138;-15.7545
-48.3736;-119.518;0.575267;0.00561596;-0.395844;-16.2729
-39.5482;-119.518;0.55288;0.0330043;-0.393469;-16.6885
-30.7227;-119.518;0.502424;0.0611933;-0.390273;-16.9851
-21.8972;-119.518;0.468614;0.0909139;-0.388749;-17.2157
-13.0718;-119.518;0.475131;0.124758;-0.389459;-17.4285
-4.24634;-119.518;0.534917;0.15867;-0.391445;-17.6347
4.57912;-119.518;0.615554;0.193111;-0.393584;-17.778
13.4046;-119.518;0.703844;0.222352;-0.397543;-17.8504
22.23;-119.518;0.747258;0.249335;-0.412166;-17.7851
31.0555;-119.518;0.738872;0.276619;-0.429903;-17.5869
39.8809;-119.518;0.740709;0.302479;-0.442142;-17.3141
48.7064;-119.518;0.858167;0.322823;-0.443778;-17.0484
57.5318;-119.518;0.96693;0.34133;-0.435184;-16.7205
66.3573;-119.518;1.02056;0.352361;-0.416998;-16.2743
75.1828;-119.518;1.05405;0.357259;-0.392325;-15.7558
84.0082;-119.518;1.09641;0.355127;-0.363852;-15.1834
92.8337;-119.518;1.13072;0.348427;-0.335247;-14.5554
101.659;-119.518;1.14416;0.338791;-0.303616;-13.8439
110.485;-119.518;1.05128;0.324916;-0.264274;-12.9747
119.31;-119.518;0.903172;0.300295;-0.226263;-12.0066
128.135;-119.518;0.771097;0.279068;-0.195774;-11.0671
136.961;-119.518;0.698075;0.258087;-0.164598;-10.1526
145.786;-119.518;0.77285;0.231563;-0.124947;-9.29282
154.612;-119.518;0.997873;0.196655;-0.0773462;-8.49735
163.437;-119.518;1.09766;0.160581;-0.0322835;-7.58
172.263;-119.518;0.914538;0.126603;-0.000158587;-6.43737
181.088;-119.518;0.705507;0.106573;0.0226788;-5.26706
189.914;-119.518;0.799728;0.086232;0.0358235;-4.35826
198.739;-119.518;0.999974;0.0654389;0.0506773;-3.52407
207.565;-119.518;1.19553;0.0428247;0.0574087;-2.64181
216.39;-119.518;1.24719;0.0233751;0.0603909;-1.63839
-189.581;-128.343;0.689181;0.117827;0.00293177;-2.87673
-180.755;-128.343;0.734131;0.0885194;-0.022772;-3.87569
-171.93;-128.343;0.66734;0.0463927;-0.0557104;-4.86909
-163.105;-128.343;0.690283;0.025063;-0.0789219;-5.79045
-154.279;-128.343;0.669882;0.00543398;-0.105508;-6.68603
-145.454;-128.343;0.603658;-0.00947435;-0.128519;-7.52759
-136.628;-128.343;0.558386;-0.012815;-0.146071;-8.40155
-127.803;-128.343;0.547746;-0.000229281;-0.158155;-9.22129
-118.977;-128.343;0.486882;0.00588571;-0.183219;-10.0175
-110.152;-128.343;0.466409;-0.00229928;-0.218049;-10.807
-101.326;-128.343;0.435498;-0.0162341;-0.256233;-11.579
-92.5009;-128.343;0.456961;-0.0245196;-0.296569;-12.3289
-83.6754;-128.343;0.496578;-0.0240283;-0.333488;-13.0391
-74.85;-128.343;0.49563;-0.0206533;-0.360113;-13.6677
-66.0245;-128.343;0.450959;-0.0196551;-0.381763;-14.2412
-57.1991;-128.343;0.447103;-0.0157762;-0.398273;-14.8042
-48.3736;-128.343;0.50561;-0.00419624;-0.398569;-15.3202
-39.5482;-128.343;0.457186;0.021413;-0.390572;-15.6971
-30.7227;-128.343;0.314453;0.0532511;-0.382369;-15.8832
-21.8972;-128.343;0.205968;0.0879449;-0.374955;-16.0204
-13.0718;-128.343;0.227599;0.125074;-0.364896;-16.2181
-4.24634;-128.343;0.371277;0.162606;-0.35596;-16.49
4.57912;-128.343;0.535215;0.195506;-0.361873;-16.7197
13.4046;-128.343;0.694451;0.220411;-0.374334;-16.8233
22.23;-128.343;0.804948;0.24408;-0.394529;-16.796
31.0555;-128.343;0.797287;0.264496;-0.409065;-16.5837
39.8809;-128.343;0.693872;0.283139;-0.410972;-16.2425
48.7064;-128.343;0.734071;0.298202;-0.405445;-15.9338
57.5318;-128.343;0.816727;0.311677;-0.394901;-15.5939
66.3573;-128.343;0.858962;0.321375;-0.381307;-15.1502
75.1828;-128.343;0.858601;0.323739;-0.362193;-14.6082
84.0082;-128.343;0.831581;0.319402;-0.339066;-13.9898
92.8337;-128.343;0.787723;0.312466;-0.315881;-13.31
101.659;-128.343;0.784922;0.299923;-0.287275;-12.5948
110.485;-128.343;0.776624;0.282627;-0.245325;-11.7976
119.31;-128.343;0.726223;0.264289;-0.205926;-10.9648
128.135;-128.343;0.668334;0.245972;-0.172762;-10.1416
136.961;-128.343;0.696418;0.225194;-0.139046;-9.34843
145.786;-128.343;0.881081;0.197277;-0.0982168;-8.60213
154.612;-128.343;0.966459;0.169249;-0.0521755;-7.71497
163.437;-128.343;0.8383;0.128666;-0.0199417;-6.58867
172.263;-128.343;0.528651;0.095427;0.00799846;-5.35097
181.088;-128.343;0.450594;0.0723817;0.0323117;-4.30597
189.914;-128.343;0.867538;0.0447328;0.0552302;-3.68799
198.739;-128.343;1.31064;0.0245895;0.0767736;-3.07488
207.565;-128.343;1.53346;0.00873232;0.0783885;-2.27537
-189.581;-137.169;0.548652;0.0891271;0.00965655;-2.22142
-180.755;-137.169;0.621879;0.0658855;-0.0174481;-3.18432
-171.93;-137.169;0.606316;0.0349537;-0.0477444;-4.14083
-163.105;-137.169;0.608188;0.0151277;-0.0745265;-5.06784
-154.279;-137.169;0.528809;-0.00399082;-0.105217;-5.92736
-145.454;-137.169;0.423226;-0.019115;-0.129875;-6.7149
-136.628;-137.169;0.391388;-0.0242935;-0.149535;-7.5809
-127.803;-137.169;0.438789;-0.0109193;-0.163013;-8.42248
-118.977;-137.169;0.437491;0.00408294;-0.186677;-9.2208
-110.152;-137.169;0.410581;0.00177877;-0.217374;-9.96797
-101.326;-137.169;0.348234;-0.0100038;-0.253569;-10.6807
-92.5009;-137.169;0.344077;-0.0204003;-0.295275;-11.3954
-83.6754;-137.169;0.417965;-0.0223082;-0.331211;-12.1105
-74.85;-137.169;0.467479;-0.0189344;-0.353731;-12.742
-66.0245;-137.169;0.410117;-0.0169344;-0.374462;-13.2753
-57.1991;-137.169;0.336509;-0.0149618;-0.394722;-13.8029
-48.3736;-137.169;0.397446;-0.0124128;-0.395927;-14.2936
-39.5482;-137.169;0.253969;0.0103179;-0.393807;-14.5598
-30.7227;-137.169;-0.118194;0.0442164;-0.391035;-14.5175
-21.8972;-137.169;-0.367691;0.0798696;-0.383165;-14.4879
-13.0718;-137.169;-0.260274;0.115071;-0.363626;-14.7169
-4.24634;-137.169;0.0275552;0.158635;-0.33886;-15.1787
4.57912;-137.169;0.290734;0.193737;-0.336164;-15.473
13.4046;-137.169;0.482458;0.214764;-0.355431;-15.5755
22.23;-137.169;0.60229;0.231823;-0.377547;-15.5427
31.0555;-137.169;0.641833;0.246526;-0.385816;-15.3781
39.8809;-137.169;0.613834;0.260146;-0.379837;-15.1045
48.7064;-137.169;0.595435;0.273546;-0.377164;-14.7718
57.5318;-137.169;0.634174;0.285933;-0.372963;-14.4088
66.3573;-137.169;0.665731;0.292562;-0.360811;-13.9621
75.1828;-137.169;0.651492;0.291511;-0.341657;-13.4117
84.0082;-137.169;0.589393;0.285065;-0.319565;-12.7742
92.8337;-137.169;0.512464;0.277964;-0.297851;-12.0888
101.659;-137.169;0.520791;0.267286;-0.270631;-11.4211
110.485;-137.169;0.617544;0.254693;-0.229994;-10.7647
119.31;-137.169;0.695299;0.239772;-0.189542;-10.076
128.135;-137.169;0.731118;0.220785;-0.15151;-9.34128
136.961;-137.169;0.790601;0.19655;-0.114715;-8.5702
145.786;-137.169;0.902283;0.163114;-0.0824456;-7.75918
154.612;-137.169;0.754913;0.132385;-0.0518093;-6.7002
163.437;-137.169;0.436486;0.0962188;-0.0228605;-5.46113
172.263;-137.169;0.183501;0.0683663;0.0115497;-4.30657
181.088;-137.169;0.438271;0.0375687;0.0418036;-3.54885
189.914;-137.169;1.21864;-0.000801856;0.069088;-3.23458
198.739;-137.169;1.76927;-0.0212578;0.0877534;-2.71213
-189.581;-145.994;0.425255;0.0670028;0.0174682;-1.5274
-180.755;-145.994;0.497157;0.0543129;-0.00803006;-2.45559
-171.93;-145.994;0.505096;0.0319888;-0.0364736;-3.38097
-163.105;-145.994;0.498346;0.0152004;-0.0628669;-4.28232
-154.279;-145.994;0.416782;-0.000791918;-0.0939733;-5.11415
-145.454;-145.994;0.31188;-0.0184094;-0.121903;-5.88921
-136.628;-145.994;0.291403;-0.0303151;-0.148744;-6.76116
-127.803;-145.994;0.362884;-0.0227599;-0.168134;-7.61978
-118.977;-145.994;0.395569;-0.00670251;-0.18951;-8.40894
-110.152;-145.994;0.35761;-0.00328832;-0.212424;-9.11808
-101.326;-145.994;0.265464;-0.0095524;-0.245246;-9.78035
-92.5009;-145.994;0.246047;-0.0185416;-0.284926;-10.4569
-83.6754;-145.994;0.362787;-0.0210167;-0.316988;-11.1666
-74.85;-145.994;0.453609;-0.0174972;-0.337373;-11.7998
-66.0245;-145.994;0.362841;-0.0141069;-0.360829;-12.2882
-57.1991;-145.994;0.202349;-0.0103062;-0.386628;-12.7264
-48.3736;-145.994;0.215507;-0.0137852;-0.395601;-13.1354
-39.5482;-145.994;-0.0693605;0.0152071;-0.405823;-13.2401
-30.7227;-145.994;-0.779709;0.0506465;-0.415691;-12.9641
-21.8972;-145.994;-1.37436;0.0888473;-0.413195;-12.8067
-13.0718;-145.994;-1.3352;0.124607;-0.389819;-13.032
-4.24634;-145.994;-0.674579;0.152232;-0.354025;-13.5727
4.57912;-145.994;-0.142574;0.183761;-0.341287;-14.0464
13.4046;-145.994;0.0949076;0.203022;-0.359398;-14.1897
22.23;-145.994;0.241282;0.21545;-0.372293;-14.1618
31.0555;-145.994;0.365833;0.224608;-0.368494;-14.0477
39.8809;-145.994;0.456421;0.234243;-0.356905;-13.8677
48.7064;-145.994;0.486509;0.246512;-0.356908;-13.5914
57.5318;-145.994;0.517199;0.259554;-0.357736;-13.2402
66.3573;-145.994;0.546757;0.265548;-0.346487;-12.8106
75.1828;-145.994;0.546311;0.263288;-0.32492;-12.2848
84.0082;-145.994;0.500724;0.2559;-0.298911;-11.6744
92.8337;-145.994;0.434945;0.248304;-0.273782;-11.0233
101.659;-145.994;0.464406;0.239195;-0.245956;-10.4099
110.485;-145.994;0.597797;0.229495;-0.209337;-9.83105
119.31;-145.994;0.708;0.214518;-0.17299;-9.18684
128.135;-145.994;0.754343;0.19286;-0.137356;-8.4474
136.961;-145.994;0.7616;0.165398;-0.102508;-7.6215
145.786;-145.994;0.678844;0.137228;-0.0721501;-6.6817
154.612;-145.994;0.507636;0.101511;-0.0445217;-5.65257
163.437;-145.994;0.343825;0.0612598;-0.0178333;-4.58929
172.263;-145.994;0.380222;0.0415761;0.0230596;-3.72334
181.088;-145.994;0.970879;0.00730012;0.0534602;-3.24063
189.914;-145.994;1.7899;-0.0344848;0.077226;-2.95301
198.739;-145.994;2.15373;-0.0652308;0.10812;-2.20093
-171.93;-154.819;0.439846;0.037456;-0.0176441;-2.63681
-163.105;-154.819;0.419018;0.0215242;-0.0438122;-3.50404
-154.279;-154.819;0.366952;0.0111645;-0.0700619;-4.31679
-145.454;-154.819;0.310883;-0.00831724;-0.100167;-5.11391
-136.628;-154.819;0.301504;-0.0259152;-0.134239;-5.97536
-127.803;-154.819;0.347149;-0.0263675;-0.160112;-6.81156
-118.977;-154.819;0.367915;-0.0165016;-0.177257;-7.56734
-110.152;-154.819;0.329765;-0.0107242;-0.192725;-8.24932
-101.326;-154.819;0.210453;-0.0110165;-0.22352;-8.87296
-92.5009;-154.819;0.178952;-0.016133;-0.262105;-9.50468
-83.6754;-154.819;0.311708;-0.0171121;-0.291725;-10.192
-74.85;-154.819;0.420871;-0.0138938;-0.312638;-10.8151
-66.0245;-154.819;0.33243;-0.0117293;-0.339923;-11.2858
-57.1991;-154.819;0.135268;-0.00984361;-0.370655;-11.6827
-48.3736;-154.819;0.107179;-0.0114709;-0.386429;-12.0487
-39.5482;-154.819;-0.186763;0.012811;-0.401208;-12.1284
-30.7227;-154.819;-0.877305;0.0452479;-0.417593;-11.8411
-21.8972;-154.819;-1.51207;0.0772835;-0.420614;-11.6401
-13.0718;-154.819;-1.62386;0.101018;-0.403973;-11.7376
-4.24634;-154.819;-1.09762;0.120116;-0.37973;-12.1315
4.57912;-154.819;-0.318889;0.159093;-0.377117;-12.7296
13.4046;-154.819;-0.0200539;0.179366;-0.379775;-12.9466
22.23;-154.819;0.146775;0.19063;-0.372707;-12.9518
31.0555;-154.819;0.2989;0.199749;-0.355788;-12.8664
39.8809;-154.819;0.423657;0.209465;-0.338387;-12.7188
48.7064;-154.819;0.473246;0.216559;-0.332191;-12.4501
57.5318;-154.819;0.503519;0.227015;-0.331521;-12.1094
66.3573;-154.819;0.530783;0.232941;-0.319628;-11.6978
75.1828;-154.819;0.542766;0.233157;-0.296523;-11.214
84.0082;-154.819;0.529353;0.228802;-0.267193;-10.6656
92.8337;-154.819;0.500621;0.221193;-0.238676;-10.0708
101.659;-154.819;0.550408;0.210982;-0.210168;-9.49223
110.485;-154.819;0.641132;0.20127;-0.178469;-8.89843
119.31;-154.819;0.656974;0.188289;-0.149712;-8.2001
128.135;-154.819;0.594313;0.169262;-0.121752;-7.39237
136.961;-154.819;0.516577;0.144272;-0.0922633;-6.52045
145.786;-154.819;0.44462;0.116137;-0.0633311;-5.6149
154.612;-154.819;0.489676;0.0791981;-0.0341029;-4.78866
163.437;-154.819;0.703709;0.0487846;-0.00329926;-4.11207
172.263;-154.819;1.12004;0.0303512;0.0303581;-3.607
181.088;-154.819;1.75352;-0.00121125;0.0566862;-3.20586
189.914;-154.819;2.20119;-0.0448511;0.0920408;-2.53511
-163.105;-163.645;0.405506;0.0338815;-0.0204463;-2.73576
-154.279;-163.645;0.360359;0.0216154;-0.0472806;-3.53777
-145.454;-163.645;0.354187;0.00691023;-0.0720029;-4.3501
-136.628;-163.645;0.366533;-0.0105016;-0.104107;-5.17867
-127.803;-163.645;0.374265;-0.0163534;-0.130903;-5.9656
-118.977;-163.645;0.373717;-0.014836;-0.147669;-6.68983
-110.152;-163.645;0.333294;-0.0129286;-0.16311;-7.3543
-101.326;-163.645;0.21313;-0.00906091;-0.194002;-7.95312
-92.5009;-163.645;0.137601;-0.0104624;-0.2333;-8.54929
-83.6754;-163.645;0.233488;-0.00940744;-0.262023;-9.18996
-74.85;-163.645;0.335414;-0.00719621;-0.284249;-9.78398
-66.0245;-163.645;0.265826;-0.00815471;-0.313166;-10.2474
-57.1991;-163.645;0.0899945;-0.00947596;-0.346385;-10.6441
-48.3736;-163.645;0.159086;-0.0112139;-0.363397;-11.0656
-39.5482;-163.645;0.0966227;0.0094573;-0.376827;-11.3294
-30.7227;-163.645;-0.3226;0.0401517;-0.401185;-11.2783
-21.8972;-163.645;-0.762131;0.0645895;-0.416023;-11.1498
-13.0718;-163.645;-0.888559;0.0807054;-0.409196;-11.1471
-4.24634;-163.645;-0.605681;0.103196;-0.39152;-11.3773
4.57912;-163.645;-0.0535824;0.1356;-0.394155;-11.7848
13.4046;-163.645;0.172128;0.154634;-0.385422;-11.9613
22.23;-163.645;0.297204;0.16492;-0.362113;-11.9413
31.0555;-163.645;0.406217;0.172485;-0.33401;-11.8119
39.8809;-163.645;0.497807;0.182;-0.309901;-11.6311
48.7064;-163.645;0.536153;0.186949;-0.291091;-11.3553
57.5318;-163.645;0.557115;0.192369;-0.284703;-11.0086
66.3573;-163.645;0.574308;0.198263;-0.274168;-10.6059
75.1828;-163.645;0.572751;0.202617;-0.254196;-10.1532
84.0082;-163.645;0.55655;0.201488;-0.225004;-9.64563
92.8337;-163.645;0.548366;0.194614;-0.195188;-9.09575
101.659;-163.645;0.592182;0.183918;-0.167361;-8.52879
110.485;-163.645;0.635683;0.173132;-0.139716;-7.90963
119.31;-163.645;0.59866;0.160444;-0.11559;-7.188
128.135;-163.645;0.511357;0.144768;-0.0931154;-6.3924
136.961;-163.645;0.455501;0.126712;-0.0680678;-5.58746
145.786;-163.645;0.479964;0.106598;-0.039859;-4.82066
154.612;-163.645;0.748711;0.0807892;-0.00792277;-4.1901
163.437;-163.645;1.1883;0.0562778;0.0190184;-3.75549
172.263;-163.645;1.60778;0.0332213;0.0426901;-3.30078
181.088;-163.645;2.02588;-0.0015257;0.0630726;-2.73946
189.914;-163.645;2.1621;-0.0398225;0.0962618;-1.82063
-154.279;-172.47;0.359817;0.0311324;-0.0266585;-2.74547
-145.454;-172.47;0.341877;0.0149737;-0.0532728;-3.51991
-136.628;-172.47;0.353407;0.00122147;-0.0802921;-4.3116
-127.803;-172.47;0.341699;-0.00869908;-0.104842;-5.05479
-118.977;-172.47;0.325461;-0.0129478;-0.122558;-5.74651
-110.152;-172.47;0.304419;-0.0113516;-0.143598;-6.42077
-101.326;-172.47;0.213357;-0.00530387;-0.175138;-7.03749
-92.5009;-172.47;0.135171;-0.00497625;-0.206035;-7.60933
-83.6754;-172.47;0.179775;-0.00517543;-0.228489;-8.17034
-74.85;-172.47;0.252772;-0.00481092;-0.2518;-8.72698
-66.0245;-172.47;0.204267;-0.00548275;-0.279967;-9.18033
-57.1991;-172.47;0.0386738;-0.00456095;-0.310931;-9.55653
-48.3736;-172.47;0.0847989;-0.000378481;-0.327377;-9.97252
-39.5482;-172.47;0.251688;0.0137884;-0.338483;-10.3883
-30.7227;-172.47;0.167117;0.0338781;-0.362116;-10.5692
-21.8972;-172.47;0.0149531;0.0516466;-0.382155;-10.6255
-13.0718;-172.47;0.0373494;0.0709454;-0.382533;-10.7264
-4.24634;-172.47;0.268308;0.104612;-0.366793;-10.9835
4.57912;-172.47;0.436049;0.125367;-0.361;-11.1325
13.4046;-172.47;0.517643;0.134631;-0.351603;-11.1391
22.23;-172.47;0.529028;0.14181;-0.32714;-11.0052
31.0555;-172.47;0.527971;0.147795;-0.296141;-10.7747
39.8809;-172.47;0.55101;0.156769;-0.268838;-10.5311
48.7064;-172.47;0.589561;0.161;-0.241846;-10.2498
57.5318;-172.47;0.590084;0.165686;-0.228163;-9.8995
66.3573;-172.47;0.586612;0.172222;-0.218433;-9.49825
75.1828;-172.47;0.577525;0.177148;-0.202288;-9.06296
84.0082;-172.47;0.563204;0.176626;-0.175752;-8.58676
92.8337;-172.47;0.555445;0.168826;-0.147859;-8.06205
101.659;-172.47;0.583801;0.157384;-0.121353;-7.50978
110.485;-172.47;0.627017;0.145113;-0.0948767;-6.91026
119.31;-172.47;0.619253;0.133541;-0.0731634;-6.24388
128.135;-172.47;0.585312;0.122007;-0.0560157;-5.53499
136.961;-172.47;0.595444;0.109666;-0.0373959;-4.83634
145.786;-172.47;0.723219;0.0947701;-0.0155811;-4.20888
154.612;-172.47;1.05699;0.0755447;0.00898166;-3.69897
163.437;-172.47;1.37336;0.0567401;0.0326155;-3.18408
172.263;-172.47;1.66426;0.0265963;0.0455059;-2.60351
-145.454;-181.296;0.304358;0.0179953;-0.0375737;-2.66704
-136.628;-181.296;0.253576;0.00451022;-0.0591325;-3.38363
-127.803;-181.296;0.213475;-0.0099932;-0.0834693;-4.09942
-118.977;-181.296;0.171922;-0.0193819;-0.103907;-4.76378
-110.152;-181.296;0.166238;-0.0148123;-0.125998;-5.42934
-101.326;-181.296;0.0982794;0.000800452;-0.151461;-6.02463
-92.5009;-181.296;0.0116049;0.00504613;-0.174467;-6.55288
-83.6754;-181.296;0.0273832;0.00330579;-0.190895;-7.06477
-74.85;-181.296;0.123015;0.000829936;-0.213732;-7.62445
-66.0245;-181.296;0.143232;-3.49599e-05;-0.238406;-8.09202
-57.1991;-181.296;0.0148042;0.00325443;-0.262461;-8.44355
-48.3736;-181.296;0.0159366;0.0116515;-0.276175;-8.81451
-39.5482;-181.296;0.222437;0.0222406;-0.285888;-9.25813
-30.7227;-181.296;0.311543;0.0340281;-0.301358;-9.55136
-21.8972;-181.296;0.339021;0.0473694;-0.315708;-9.74033
-13.0718;-181.296;0.479114;0.0665715;-0.317185;-9.93951
-4.24634;-181.296;0.743259;0.0936185;-0.307886;-10.1812
4.57912;-181.296;0.76888;0.108838;-0.307003;-10.2473
13.4046;-181.296;0.754919;0.113607;-0.298296;-10.1783
22.23;-181.296;0.671556;0.120518;-0.27668;-9.9685
31.0555;-181.296;0.566281;0.128286;-0.249234;-9.66082
39.8809;-181.296;0.513767;0.137637;-0.222369;-9.3584
48.7064;-181.296;0.54517;0.141745;-0.195859;-9.07135
57.5318;-181.296;0.542997;0.146186;-0.177499;-8.73194
66.3573;-181.296;0.53656;0.150109;-0.164821;-8.34408
75.1828;-181.296;0.540784;0.152215;-0.148415;-7.92901
84.0082;-181.296;0.543684;0.151482;-0.124148;-7.48283
92.8337;-181.296;0.53725;0.145235;-0.102152;-6.98228
101.659;-181.296;0.536837;0.138384;-0.0846167;-6.44537
110.485;-181.296;0.562105;0.129476;-0.0661699;-5.88425
119.31;-181.296;0.586667;0.119163;-0.0480664;-5.28883
128.135;-181.296;0.618418;0.107311;-0.0322463;-4.66609
136.961;-181.296;0.693757;0.0942507;-0.0169756;-4.0491
145.786;-181.296;0.875015;0.0790772;-0.00205086;-3.49427
154.612;-181.296;1.09588;0.062763;0.0124324;-2.93679
163.437;-181.296;1.27883;0.0414743;0.0311495;-2.32104
-136.628;-190.121;0.19613;0.0100439;-0.0342632;-2.44772
-127.803;-190.121;0.162143;-0.00195502;-0.0505236;-3.12236
-118.977;-190.121;0.114246;-0.0127286;-0.0696758;-3.77599
-110.152;-190.121;0.0842868;-0.00940674;-0.0918337;-4.41734
-101.326;-190.121;-0.015994;0.0107383;-0.112951;-4.95508
-92.5009;-190.121;-0.166291;0.0174051;-0.13272;-5.40443
-83.6754;-190.121;-0.167756;0.0154762;-0.147863;-5.89873
-74.85;-190.121;-0.0250949;0.0116113;-0.16738;-6.47531
-66.0245;-190.121;0.0898463;0.00999887;-0.188127;-6.99118
-57.1991;-190.121;0.054378;0.0125768;-0.207166;-7.36898
-48.3736;-190.121;0.0591765;0.0201388;-0.218688;-7.7123
-39.5482;-190.121;0.165635;0.0282526;-0.226363;-8.07304
-30.7227;-190.121;0.257111;0.0375411;-0.235446;-8.37
-21.8972;-190.121;0.354962;0.0512963;-0.245123;-8.61336
-13.0718;-190.121;0.510745;0.0724341;-0.252119;-8.8457
-4.24634;-190.121;0.685397;0.0931262;-0.252708;-9.00941
4.57912;-190.121;0.685484;0.0997217;-0.249836;-9.00522
13.4046;-190.121;0.573083;0.100821;-0.243058;-8.86517
22.23;-190.121;0.470705;0.105408;-0.225578;-8.63166
31.0555;-190.121;0.3864;0.113419;-0.204483;-8.35928
39.8809;-190.121;0.354107;0.12118;-0.182009;-8.08932
48.7064;-190.121;0.390468;0.124761;-0.157201;-7.82347
57.5318;-190.121;0.402613;0.127989;-0.136267;-7.50658
66.3573;-190.121;0.418893;0.129732;-0.118814;-7.14745
75.1828;-190.121;0.45553;0.130367;-0.100409;-6.76769
84.0082;-190.121;0.485849;0.129943;-0.0787547;-6.35879
92.8337;-190.121;0.491425;0.126766;-0.0639709;-5.89628
101.659;-190.121;0.486417;0.124335;-0.0561788;-5.39051
110.485;-190.121;0.500954;0.118903;-0.0477597;-4.86355
119.31;-190.121;0.528682;0.1104;-0.0369869;-4.3118
128.135;-190.121;0.579323;0.0990422;-0.0246932;-3.73986
136.961;-190.121;0.667171;0.0864869;-0.011999;-3.15536
145.786;-190.121;0.814931;0.0693469;0.00352151;-2.58708
154.612;-190.121;0.938992;0.0511399;0.0208077;-1.96727
-118.977;-198.947;0.101305;0.00509237;-0.0301758;-2.79412
-110.152;-198.947;0.0919557;0.00764312;-0.0481968;-3.38654
-101.326;-198.947;-0.03895;0.0227461;-0.0714842;-3.91318
-92.5009;-198.947;-0.258473;0.0278148;-0.0944267;-4.33038
-83.6754;-198.947;-0.269998;0.0272728;-0.108755;-4.83523
-74.85;-198.947;-0.11751;0.025223;-0.121896;-5.40026
-66.0245;-198.947;0.0506661;0.0231723;-0.136868;-5.92379
-57.1991;-198.947;0.120925;0.0221533;-0.152685;-6.33012
-48.3736;-198.947;0.125112;0.0273038;-0.165334;-6.6548
-39.5482;-198.947;0.161835;0.0325966;-0.177063;-6.94961
-30.7227;-198.947;0.192786;0.0366809;-0.192567;-7.21563
-21.8972;-198.947;0.261822;0.0472857;-0.205972;-7.44028
-13.0718;-198.947;0.384024;0.0666706;-0.214481;-7.63
-4.24634;-198.947;0.494842;0.0835336;-0.212488;-7.71407
4.57912;-198.947;0.467864;0.0878255;-0.204631;-7.6618
13.4046;-198.947;0.38772;0.0857719;-0.194636;-7.51571
22.23;-198.947;0.32086;0.089052;-0.180393;-7.31979
31.0555;-198.947;0.256281;0.0962411;-0.163971;-7.09084
39.8809;-198.947;0.22392;0.101059;-0.143494;-6.83949
48.7064;-198.947;0.24645;0.102669;-0.120002;-6.58232
57.5318;-198.947;0.275248;0.105395;-0.0981808;-6.29192
66.3573;-198.947;0.317322;0.108206;-0.0772105;-5.96987
75.1828;-198.947;0.377048;0.109571;-0.0570307;-5.62635
84.0082;-198.947;0.426127;0.109387;-0.0383812;-5.2501
92.8337;-198.947;0.45057;0.107438;-0.0294123;-4.8247
101.659;-198.947;0.4691;0.107512;-0.028065;-4.3642
110.485;-198.947;0.49691;0.104882;-0.0256011;-3.87419
119.31;-198.947;0.520972;0.0984942;-0.0201122;-3.33538
128.135;-198.947;0.546241;0.0889621;-0.0146024;-2.77575
136.961;-198.947;0.599508;0.0767439;-0.00507728;-2.20743
145.786;-198.947;0.70021;0.0579803;0.0147214;-1.6171
-118.977;-207.772;0.015966;0.0223523;-0.00127931;-1.80186
-110.152;-207.772;0.052824;0.027541;-0.0165415;-2.37216
-101.326;-207.772;-0.0357196;0.0333463;-0.0422167;-2.89781
-92.5009;-207.772;-0.202745;0.0311801;-0.0663175;-3.35399
-83.6754;-207.772;-0.18943;0.029873;-0.0752993;-3.85014
-74.85;-207.772;-0.099069;0.03094;-0.082645;-4.36137
-66.0245;-207.772;0.0068562;0.0306309;-0.0977167;-4.827
-57.1991;-207.772;0.0729841;0.0300611;-0.11165;-5.20398
-48.3736;-207.772;0.0949409;0.0315677;-0.125437;-5.51488
-39.5482;-207.772;0.101438;0.035599;-0.140279;-5.7763
-30.7227;-207.772;0.117571;0.0381868;-0.15792;-6.00668
-21.8972;-207.772;0.157902;0.0446465;-0.174568;-6.19703
-13.0718;-207.772;0.226734;0.0583769;-0.187079;-6.34454
-4.24634;-207.772;0.287244;0.0710993;-0.187994;-6.40026
4.57912;-207.772;0.276505;0.0728977;-0.178782;-6.34983
13.4046;-207.772;0.246487;0.0685049;-0.166466;-6.23907
22.23;-207.772;0.219207;0.0723924;-0.150494;-6.08425
31.0555;-207.772;0.178043;0.0784264;-0.12953;-5.87943
39.8809;-207.772;0.152058;0.0812682;-0.104063;-5.64671
48.7064;-207.772;0.171894;0.0808249;-0.0784152;-5.40806
57.5318;-207.772;0.227036;0.0812271;-0.0548984;-5.15007
66.3573;-207.772;0.300329;0.0839831;-0.0310691;-4.86064
75.1828;-207.772;0.370197;0.0861009;-0.0105571;-4.54588
84.0082;-207.772;0.431398;0.0877916;0.00350529;-4.20823
92.8337;-207.772;0.490845;0.0883175;0.00826682;-3.82979
101.659;-207.772;0.534642;0.0893867;0.0071479;-3.41592
110.485;-207.772;0.567047;0.0876568;0.00371348;-2.93543
119.31;-207.772;0.574345;0.0810144;0.00400259;-2.40197
128.135;-207.772;0.574192;0.0717311;0.00537858;-1.8438
136.961;-207.772;0.578027;0.0601134;0.0131463;-1.27027
-83.6754;-216.598;-0.150553;0.0313626;-0.0466062;-2.85187
-74.85;-216.598;-0.0698529;0.0332354;-0.0520366;-3.29752
-66.0245;-216.598;-0.0211978;0.0356759;-0.0657236;-3.71294
-57.1991;-216.598;0.0016285;0.0354198;-0.0785056;-4.05429
-48.3736;-216.598;0.00145107;0.0348219;-0.0927623;-4.35
-39.5482;-216.598;0.0199876;0.0383418;-0.107433;-4.59141
-30.7227;-216.598;0.0559018;0.0431079;-0.124804;-4.79248
-21.8972;-216.598;0.0952491;0.0478475;-0.141812;-4.9562
-13.0718;-216.598;0.135929;0.0545713;-0.154933;-5.06774
-4.24634;-216.598;0.161466;0.0609355;-0.160046;-5.11035
4.57912;-216.598;0.151133;0.0616817;-0.156095;-5.08888
13.4046;-216.598;0.13946;0.0562726;-0.146133;-5.02349
22.23;-216.598;0.120239;0.0587418;-0.124427;-4.87897
31.0555;-216.598;0.0958551;0.0609899;-0.0936584;-4.67261
39.8809;-216.598;0.104025;0.0601777;-0.0606465;-4.46347
48.7064;-216.598;0.171168;0.0579759;-0.0301586;-4.28079
57.5318;-216.598;0.285476;0.058092;-0.00294718;-4.09821
66.3573;-216.598;0.389844;0.0623521;0.021635;-3.86381
75.1828;-216.598;0.473421;0.067587;0.0370964;-3.58382
84.0082;-216.598;0.56478;0.073531;0.047026;-3.30111
92.8337;-216.598;0.660815;0.0731808;0.0468927;-2.9648
101.659;-216.598;0.730768;0.0674903;0.03963;-2.55495
110.485;-216.598;0.718139;0.0626336;0.0290791;-2.04572
-83.6754;-225.423;-0.133148;0.0351807;-0.0149555;-1.80684
-74.85;-225.423;-0.0454036;0.0361356;-0.0225375;-2.23369
-66.0245;-225.423;-0.0131855;0.0385883;-0.0363891;-2.6136
-57.1991;-225.423;-0.0169903;0.0378943;-0.0471819;-2.92958
-48.3736;-225.423;-0.03701;0.0359508;-0.0578355;-3.20821
-39.5482;-225.423;-0.0055027;0.0379926;-0.0715735;-3.44824
-30.7227;-225.423;0.0465333;0.0447719;-0.0879278;-3.64379
-21.8972;-225.423;0.0782624;0.0508587;-0.105587;-3.79124
-13.0718;-225.423;0.0952924;0.055178;-0.117247;-3.88306
-4.24634;-225.423;0.0945464;0.0581658;-0.122021;-3.91643
4.57912;-225.423;0.0654043;0.058342;-0.121889;-3.89384
13.4046;-225.423;0.0276722;0.0515719;-0.11625;-3.82575
22.23;-225.423;0.00210755;0.0494007;-0.0879035;-3.66895
31.0555;-225.423;0.00972294;0.0487714;-0.0497792;-3.48926
39.8809;-225.423;0.112327;0.0464895;-0.0132583;-3.35893
48.7064;-225.423;0.247565;0.0459999;0.0189234;-3.26203
57.5318;-225.423;0.436433;0.0461465;0.0468527;-3.15927
66.3573;-225.423;0.527002;0.0539981;0.0679963;-2.98701
75.1828;-225.423;0.606364;0.06268;0.0742706;-2.72329
84.0082;-225.423;0.686016;0.0637943;0.068598;-2.39447
92.8337;-225.423;0.711629;0.0629387;0.0633528;-2.01174
-39.5482;-234.249;0.0306207;0.0374943;-0.0324891;-2.35444
-30.7227;-234.249;0.0831289;0.0427845;-0.0507711;-2.55538
-21.8972;-234.249;0.0934164;0.0487949;-0.0683191;-2.68783
-13.0718;-234.249;0.0837572;0.0522677;-0.0771434;-2.75015
-4.24634;-234.249;0.0577434;0.0544135;-0.0804209;-2.76325
4.57912;-234.249;0.00689619;0.0536572;-0.0786139;-2.71581
13.4046;-234.249;-0.0793437;0.0467584;-0.0724706;-2.61626
22.23;-234.249;-0.0531941;0.0425898;-0.0408619;-2.51061
31.0555;-234.249;0.0867969;0.0434376;-0.00353699;-2.47746
39.8809;-234.249;0.350686;0.0416323;0.0288835;-2.47098
48.7064;-234.249;0.536908;0.0394445;0.0503359;-2.3949
57.5318;-234.249;0.540877;0.0413129;0.060954;-2.18755
66.3573;-234.249;0.400515;0.0504741;0.0620796;-1.87042
75.1828;-234.249;0.247771;0.0563851;0.0543556;-1.47899
-4.24634;-243.074;0.085174;0.0528072;-0.0363386;-1.69543
4.57912;-243.074;0.0448187;0.0527496;-0.0376725;-1.67509
13.4046;-243.074;-0.0103361;0.0461732;-0.0325224;-1.61959
22.23;-243.074;0.19242;0.0437875;-0.00321427;-1.65284
31.0555;-243.074;0.548206;0.0450237;0.033594;-1.75263
