x[mm];y[mm];z[mm];x-displacement[mm];y-displacement[mm];z-displacement[mm]
-4.24634;224.675;0.375758;0.0454308;0.0726472;-2.19195
4.57912;224.675;0.279688;0.0526479;0.0736049;-2.19747
13.4046;224.675;0.244098;0.0596019;0.0722256;-2.1775
22.23;224.675;0.214277;0.0606484;0.0635332;-2.103
31.0555;224.675;0.169214;0.0600562;0.0582145;-1.99215
-39.5482;215.85;0.228536;0.0324344;0.0938504;-2.51227
-30.7227;215.85;0.132185;0.0343657;0.100723;-2.65049
-21.8972;215.85;0.00690536;0.0401113;0.092615;-2.69727
-13.0718;215.85;-0.0678567;0.0533279;0.0880801;-2.81727
-4.24634;215.85;-0.0400073;0.0588642;0.0904863;-2.94475
4.57912;215.85;-0.0137488;0.0637274;0.100181;-3.043
13.4046;215.85;0.00217642;0.0674501;0.107074;-3.0702
22.23;215.85;0.0324511;0.0669216;0.105101;-3.04027
31.0555;215.85;0.0670344;0.0683216;0.0992391;-2.9776
39.8809;215.85;0.0771415;0.0716762;0.0877312;-2.85658
48.7064;215.85;0.0358777;0.074455;0.0759939;-2.68476
57.5318;215.85;-0.0227074;0.076376;0.0657043;-2.45932
66.3573;215.85;-0.0863275;0.0751318;0.0649165;-2.19998
75.1828;215.85;-0.127406;0.0714116;0.0626239;-1.91303
-74.85;207.024;0.59461;0.0205318;0.06592;-2.42824
-66.0245;207.024;0.486612;0.0307779;0.0740881;-2.73112
-57.1991;207.024;0.307945;0.0362608;0.0867993;-2.98214
-48.3736;207.024;0.233351;0.0344377;0.100515;-3.27019
-39.5482;207.024;0.145739;0.0350374;0.111264;-3.47491
-30.7227;207.024;-0.153578;0.0408729;0.125712;-3.50029
-21.8972;207.024;-0.444783;0.0462276;0.123685;-3.43117
-13.0718;207.024;-0.518978;0.0571975;0.115907;-3.52321
-4.24634;207.024;-0.398179;0.0651187;0.110968;-3.70464
4.57912;207.024;-0.29085;0.0713939;0.122905;-3.87889
13.4046;207.024;-0.188586;0.0747833;0.134789;-3.98508
22.23;207.024;-0.0832845;0.0756378;0.13665;-4.02601
31.0555;207.024;0.00173202;0.0783792;0.128011;-3.99346
39.8809;207.024;0.0396905;0.0844873;0.111404;-3.88279
48.7064;207.024;0.0246193;0.0888805;0.0955558;-3.71337
57.5318;207.024;-0.0306136;0.091438;0.0883295;-3.48386
66.3573;207.024;-0.0857333;0.0915007;0.0891073;-3.21866
75.1828;207.024;-0.119264;0.0883332;0.0879762;-2.92281
84.0082;207.024;-0.122125;0.0827078;0.0804041;-2.59802
92.8337;207.024;-0.102492;0.0780462;0.0628767;-2.22722
-110.152;198.199;0.893724;0.0219707;0.0388018;-1.68649
-101.326;198.199;0.790244;0.0168442;0.0542856;-2.15807
-92.5009;198.199;0.684541;0.00774692;0.0688764;-2.6304
-83.6754;198.199;0.63034;0.000808713;0.0788857;-3.0847
-74.85;198.199;0.540479;0.00835315;0.0862274;-3.49367
-66.0245;198.199;0.373743;0.0256907;0.0922826;-3.78577
-57.1991;198.199;0.150043;0.0407459;0.105724;-4.00423
-48.3736;198.199;0.108936;0.0407585;0.114781;-4.26745
-39.5482;198.199;0.0654755;0.0420833;0.119088;-4.48405
-30.7227;198.199;-0.178439;0.0465349;0.13166;-4.53684
-21.8972;198.199;-0.383967;0.0489098;0.132692;-4.52151
-13.0718;198.199;-0.404249;0.0572123;0.125451;-4.63003
-4.24634;198.199;-0.259576;0.0651123;0.117521;-4.80856
4.57912;198.199;-0.149092;0.0709418;0.127956;-4.97923
13.4046;198.199;-0.0598719;0.0758401;0.141649;-5.09148
22.23;198.199;0.00467943;0.0812753;0.147216;-5.12704
31.0555;198.199;0.0444207;0.0870819;0.140897;-5.07317
39.8809;198.199;0.062254;0.0935228;0.126409;-4.94856
48.7064;198.199;0.0619776;0.0980997;0.113027;-4.77734
57.5318;198.199;0.0215814;0.101994;0.106301;-4.5466
66.3573;198.199;-0.0206234;0.104072;0.104455;-4.27189
75.1828;198.199;-0.044663;0.102548;0.100156;-3.9614
84.0082;198.199;-0.0387745;0.0977414;0.0923004;-3.6171
92.8337;198.199;-0.0265803;0.0916801;0.0790469;-3.23566
101.659;198.199;-0.010551;0.0854118;0.0640699;-2.81295
110.485;198.199;0.0169507;0.0760982;0.0471397;-2.36238
-110.152;189.373;0.930837;0.00818764;0.0470198;-2.63246
-101.326;189.373;0.892086;0.00380547;0.056132;-3.15493
-92.5009;189.373;0.791371;-0.00552853;0.0707432;-3.64876
-83.6754;189.373;0.655952;-0.0150691;0.0901302;-4.10548
-74.85;189.373;0.473169;-0.00644481;0.103325;-4.48227
-66.0245;189.373;0.255245;0.0190136;0.112916;-4.78826
-57.1991;189.373;0.0654671;0.0393796;0.115061;-4.97735
-48.3736;189.373;0.000737889;0.0402447;0.121925;-5.22932
-39.5482;189.373;0.0191545;0.0422981;0.120855;-5.51928
-30.7227;189.373;-0.0364448;0.0475287;0.12687;-5.7322
-21.8972;189.373;-0.082711;0.0540416;0.128995;-5.87127
-13.0718;189.373;-0.0487373;0.0637759;0.125327;-6.02131
-4.24634;189.373;0.0601943;0.0721557;0.120894;-6.17304
4.57912;189.373;0.120273;0.0763988;0.130068;-6.28579
13.4046;189.373;0.149755;0.0803192;0.1413;-6.31984
22.23;189.373;0.152561;0.0867001;0.148014;-6.28708
31.0555;189.373;0.146051;0.0933161;0.145419;-6.19345
39.8809;189.373;0.144224;0.098996;0.135962;-6.05328
48.7064;189.373;0.148461;0.103552;0.126274;-5.87295
57.5318;189.373;0.119586;0.108728;0.119529;-5.63048
66.3573;189.373;0.0844441;0.111934;0.113428;-5.33945
75.1828;189.373;0.0629578;0.111662;0.10613;-5.01219
84.0082;189.373;0.0600902;0.108291;0.0973353;-4.65246
92.8337;189.373;0.0644549;0.103527;0.0868003;-4.25418
101.659;189.373;0.0664289;0.0978863;0.0746329;-3.81307
110.485;189.373;0.0848117;0.0904485;0.0604675;-3.32869
119.31;189.373;0.124769;0.0805636;0.0423808;-2.83248
128.135;189.373;0.179572;0.0697616;0.0244729;-2.3141
136.961;189.373;0.201108;0.0535732;0.00138724;-1.72509
-127.803;180.548;1.05846;0.00691955;0.0226042;-2.37981
-118.977;180.548;0.997956;-0.00525223;0.0403476;-2.96568
-110.152;180.548;0.970836;-0.0120436;0.0530428;-3.5405
-101.326;180.548;0.96254;-0.0191665;0.0598968;-4.0692
-92.5009;180.548;0.807726;-0.0285131;0.0815525;-4.53475
-83.6754;180.548;0.539784;-0.0382583;0.115371;-4.92447
-74.85;180.548;0.348888;-0.0249479;0.1326;-5.33781
-66.0245;180.548;0.265878;0.00856655;0.127657;-5.78572
-57.1991;180.548;0.201836;0.0331088;0.113472;-6.06753
-48.3736;180.548;0.0658138;0.0347825;0.122827;-6.32534
-39.5482;180.548;0.0982304;0.0334878;0.122781;-6.61264
-30.7227;180.548;0.155431;0.0378888;0.124139;-6.89123
-21.8972;180.548;0.209804;0.0464808;0.125842;-7.10692
-13.0718;180.548;0.26204;0.0571596;0.126367;-7.27653
-4.24634;180.548;0.305143;0.0658231;0.128136;-7.40058
4.57912;180.548;0.300953;0.0703943;0.137287;-7.46556
13.4046;180.548;0.280497;0.0779448;0.146955;-7.45792
22.23;180.548;0.257491;0.0871508;0.152977;-7.39597
31.0555;180.548;0.245243;0.0952339;0.152878;-7.29455
39.8809;180.548;0.246722;0.101558;0.147723;-7.15627
48.7064;180.548;0.251238;0.107355;0.140883;-6.96929
57.5318;180.548;0.224418;0.113317;0.134259;-6.71404
66.3573;180.548;0.193296;0.116681;0.126448;-6.4131
75.1828;180.548;0.177118;0.117621;0.118643;-6.0767
84.0082;180.548;0.172933;0.11678;0.111083;-5.70003
92.8337;180.548;0.161004;0.114937;0.102766;-5.27206
101.659;180.548;0.133258;0.111524;0.0923462;-4.79184
110.485;180.548;0.128493;0.103201;0.0774709;-4.27906
119.31;180.548;0.152883;0.0932919;0.0593723;-3.75099
128.135;180.548;0.207737;0.0848465;0.0402689;-3.21226
136.961;180.548;0.270701;0.0745439;0.0201214;-2.65503
145.786;180.548;0.262011;0.0604981;-0.00174146;-2.01853
154.612;180.548;0.195857;0.0384085;-0.025164;-1.29555
-136.628;171.722;1.14351;-0.00579872;0.0238331;-2.63055
-127.803;171.722;1.06686;-0.0160425;0.0410484;-3.24899
-118.977;171.722;0.968487;-0.0285539;0.0611909;-3.8588
-110.152;171.722;0.91058;-0.03905;0.0760337;-4.45192
-101.326;171.722;0.8803;-0.0470575;0.0835134;-4.98587
-92.5009;171.722;0.628931;-0.0589104;0.116385;-5.41701
-83.6754;171.722;0.300046;-0.0668105;0.160696;-5.80622
-74.85;171.722;0.291085;-0.0471001;0.16572;-6.28397
-66.0245;171.722;0.460908;-0.00712549;0.13553;-6.8473
-57.1991;171.722;0.522507;0.0211403;0.10913;-7.23249
-48.3736;171.722;0.364773;0.0246921;0.121174;-7.50602
-39.5482;171.722;0.305224;0.0264424;0.135696;-7.76605
-30.7227;171.722;0.324616;0.0321414;0.145832;-8.03033
-21.8972;171.722;0.359439;0.0411842;0.150487;-8.23824
-13.0718;171.722;0.375868;0.0515819;0.153254;-8.38677
-4.24634;171.722;0.361798;0.0606903;0.157273;-8.4793
4.57912;171.722;0.320094;0.0675515;0.162998;-8.51658
13.4046;171.722;0.294483;0.0775899;0.169313;-8.50319
22.23;171.722;0.285953;0.0889608;0.174209;-8.45085
31.0555;171.722;0.301115;0.0988654;0.174737;-8.36715
39.8809;171.722;0.327054;0.107137;0.170851;-8.24264
48.7064;171.722;0.33724;0.114873;0.165032;-8.05611
57.5318;171.722;0.313679;0.120779;0.157489;-7.79384
66.3573;171.722;0.294204;0.124;0.14896;-7.49272
75.1828;171.722;0.291278;0.126372;0.14016;-7.15057
84.0082;171.722;0.287603;0.128045;0.132182;-6.75191
92.8337;171.722;0.25443;0.128205;0.125186;-6.28451
101.659;171.722;0.190846;0.12666;0.115954;-5.76324
110.485;171.722;0.172383;0.120436;0.0988535;-5.2311
119.31;171.722;0.185627;0.112596;0.0789389;-4.68521
128.135;171.722;0.211511;0.10372;0.0597753;-4.11353
136.961;171.722;0.236322;0.0936273;0.0403132;-3.51127
145.786;171.722;0.31376;0.0766506;0.0187902;-2.89986
154.612;171.722;0.23832;0.0628952;0.00185298;-2.19243
163.437;171.722;0.0883176;0.0487858;-0.00769437;-1.44475
-145.454;162.897;1.15461;-0.0121299;0.0269134;-2.77409
-136.628;162.897;1.13588;-0.0227144;0.0419995;-3.45055
-127.803;162.897;1.0774;-0.0319742;0.0602316;-4.11376
-118.977;162.897;0.980421;-0.0443915;0.0795806;-4.73365
-110.152;162.897;0.914287;-0.0558465;0.0943;-5.33877
-101.326;162.897;0.871911;-0.0652171;0.102;-5.88409
-92.5009;162.897;0.650106;-0.0769422;0.132317;-6.36676
-83.6754;162.897;0.420197;-0.0792766;0.164586;-6.81313
-74.85;162.897;0.58986;-0.0533524;0.155184;-7.35665
-66.0245;162.897;0.807345;-0.0136104;0.117996;-7.92285
-57.1991;162.897;0.779558;0.0139019;0.100633;-8.34595
-48.3736;162.897;0.601513;0.0196613;0.121525;-8.62323
-39.5482;162.897;0.529642;0.0239639;0.1459;-8.87754
-30.7227;162.897;0.517672;0.0296878;0.166422;-9.12651
-21.8972;162.897;0.500015;0.0390805;0.177772;-9.31832
-13.0718;162.897;0.463971;0.0505545;0.183269;-9.44658
-4.24634;162.897;0.419105;0.0615725;0.187204;-9.52039
4.57912;162.897;0.379074;0.0711104;0.190436;-9.55337
13.4046;162.897;0.364858;0.0824657;0.193581;-9.54833
22.23;162.897;0.363894;0.0938735;0.197519;-9.50704
31.0555;162.897;0.384962;0.104218;0.199408;-9.43348
39.8809;162.897;0.419324;0.113878;0.198351;-9.31832
48.7064;162.897;0.442699;0.122418;0.195399;-9.13638
57.5318;162.897;0.421008;0.128243;0.186767;-8.86327
66.3573;162.897;0.389526;0.132599;0.174839;-8.53943
75.1828;162.897;0.377531;0.13688;0.162635;-8.17378
84.0082;162.897;0.368036;0.140428;0.152616;-7.75409
92.8337;162.897;0.330358;0.140822;0.145404;-7.26592
101.659;162.897;0.260863;0.139084;0.138645;-6.7335
110.485;162.897;0.26187;0.134631;0.119768;-6.20996
119.31;162.897;0.299042;0.128823;0.0962338;-5.66913
128.135;162.897;0.344955;0.119786;0.073407;-5.08908
136.961;162.897;0.382717;0.10619;0.0515526;-4.46578
145.786;162.897;0.416761;0.0887337;0.0290757;-3.81551
154.612;162.897;0.332867;0.0764189;0.0154113;-3.07916
163.437;162.897;0.230206;0.0648426;0.0133976;-2.3244
-163.105;154.071;1.20252;0.0107351;0.0111579;-2.03368
-154.279;154.071;1.13906;-0.00958907;0.0278116;-2.80006
-145.454;154.071;1.11547;-0.0256069;0.0439031;-3.54766
-136.628;154.071;1.12115;-0.0329954;0.0560013;-4.26316
-127.803;154.071;1.08164;-0.0421684;0.0731237;-4.95163
-118.977;154.071;1.01224;-0.0538427;0.0904061;-5.59998
-110.152;154.071;0.97436;-0.0651731;0.102768;-6.22425
-101.326;154.071;0.972763;-0.0732874;0.107464;-6.81704
-92.5009;154.071;0.860946;-0.0787408;0.123425;-7.37575
-83.6754;154.071;0.790592;-0.0726405;0.136309;-7.89003
-74.85;154.071;0.89014;-0.0459862;0.130151;-8.48064
-66.0245;154.071;0.954122;-0.0149576;0.109264;-8.9803
-57.1991;154.071;0.857777;0.00583259;0.105334;-9.35761
-48.3736;154.071;0.692038;0.0129154;0.12832;-9.63164
-39.5482;154.071;0.652509;0.0198532;0.155383;-9.90481
-30.7227;154.071;0.644239;0.0268711;0.178959;-10.1578
-21.8972;154.071;0.627721;0.0375584;0.192095;-10.3538
-13.0718;154.071;0.58993;0.0496749;0.199693;-10.4881
-4.24634;154.071;0.53875;0.0609866;0.207142;-10.5684
4.57912;154.071;0.495007;0.0719232;0.213546;-10.6084
13.4046;154.071;0.479858;0.0835493;0.21716;-10.6038
22.23;154.071;0.456536;0.0959968;0.220561;-10.5512
31.0555;154.071;0.446423;0.10848;0.222223;-10.4596
39.8809;154.071;0.455528;0.121106;0.221934;-10.3289
48.7064;154.071;0.466134;0.131608;0.221118;-10.132
57.5318;154.071;0.427753;0.138657;0.214805;-9.84043
66.3573;154.071;0.381533;0.144195;0.203448;-9.50077
75.1828;154.071;0.375794;0.148895;0.18933;-9.1312
84.0082;154.071;0.389735;0.15264;0.175244;-8.71758
92.8337;154.071;0.385538;0.152735;0.16347;-8.23669
101.659;154.071;0.349303;0.149652;0.155469;-7.70412
110.485;154.071;0.367342;0.144537;0.137867;-7.17405
119.31;154.071;0.416055;0.138828;0.114474;-6.62335
128.135;154.071;0.460767;0.129337;0.0893015;-6.02377
136.961;154.071;0.471651;0.114904;0.064976;-5.36746
145.786;154.071;0.468605;0.0987314;0.0414074;-4.68084
154.612;154.071;0.397623;0.0866581;0.0258962;-3.94364
163.437;154.071;0.311385;0.0750467;0.0209205;-3.15638
172.263;154.071;0.253158;0.0619062;0.0206666;-2.37304
181.088;154.071;0.265392;0.0465249;0.0193261;-1.54702
-171.93;145.246;1.12975;0.0201275;0.00575832;-1.92766
-163.105;145.246;1.1641;0.000603985;0.020213;-2.74102
-154.279;145.246;1.11817;-0.019299;0.0370096;-3.5367
-145.454;145.246;1.09692;-0.0343743;0.0533473;-4.30864
-136.628;145.246;1.09647;-0.0441287;0.0672984;-5.05337
-127.803;145.246;1.06622;-0.0539354;0.0823286;-5.77038
-118.977;145.246;1.0209;-0.0649606;0.096309;-6.44342
-110.152;145.246;0.999578;-0.0754147;0.106429;-7.0948
-101.326;145.246;1.01174;-0.0812067;0.110313;-7.73111
-92.5009;145.246;0.99025;-0.0795936;0.115806;-8.3436
-83.6754;145.246;0.99117;-0.0679256;0.121147;-8.90858
-74.85;145.246;1.00651;-0.047893;0.118181;-9.44093
-66.0245;145.246;0.966159;-0.0270557;0.112011;-9.89899
-57.1991;145.246;0.852637;-0.0110783;0.116489;-10.267
-48.3736;145.246;0.72729;-0.00121516;0.136687;-10.5556
-39.5482;145.246;0.702204;0.00912683;0.162092;-10.858
-30.7227;145.246;0.69207;0.0187353;0.18453;-11.1247
-21.8972;145.246;0.674958;0.0321407;0.198087;-11.3332
-13.0718;145.246;0.632476;0.0467455;0.209138;-11.4822
-4.24634;145.246;0.57001;0.059934;0.223225;-11.5724
4.57912;145.246;0.513373;0.0722487;0.235743;-11.6123
13.4046;145.246;0.489802;0.0847918;0.241678;-11.5969
22.23;145.246;0.459978;0.098708;0.243179;-11.5287
31.0555;145.246;0.436727;0.113096;0.241491;-11.4182
39.8809;145.246;0.426509;0.127781;0.238546;-11.2667
48.7064;145.246;0.420906;0.139701;0.237711;-11.0506
57.5318;145.246;0.390984;0.147679;0.235687;-10.759
66.3573;145.246;0.366716;0.154591;0.228402;-10.4284
75.1828;145.246;0.38773;0.160164;0.215366;-10.0758
84.0082;145.246;0.431634;0.164545;0.198133;-9.68133
92.8337;145.246;0.465293;0.165168;0.180751;-9.21803
101.659;145.246;0.471788;0.161639;0.169403;-8.69452
110.485;145.246;0.488642;0.15654;0.154202;-8.14441
119.31;145.246;0.512269;0.151664;0.133519;-7.55991
128.135;145.246;0.525369;0.142736;0.10857;-6.92473
136.961;145.246;0.514664;0.127292;0.0824805;-6.23597
145.786;145.246;0.494587;0.111195;0.0572423;-5.52028
154.612;145.246;0.443393;0.0987787;0.0372717;-4.76883
163.437;145.246;0.374303;0.0849724;0.026559;-3.97891
172.263;145.246;0.309826;0.0705394;0.0194385;-3.14905
181.088;145.246;0.303764;0.0548419;0.0168376;-2.33221
189.914;145.246;0.257625;0.0352149;0.00770359;-1.43817
-171.93;136.421;1.1272;0.012997;0.0145107;-2.59588
-163.105;136.421;1.13201;-0.00702419;0.0269417;-3.4426
-154.279;136.421;1.10889;-0.026373;0.0442098;-4.25568
-145.454;136.421;1.0897;-0.042222;0.0616013;-5.0478
-136.628;136.421;1.06611;-0.0556335;0.077024;-5.81672
-127.803;136.421;1.03453;-0.0668414;0.0900261;-6.55371
-118.977;136.421;1.00021;-0.0767636;0.100168;-7.24638
-110.152;136.421;0.976495;-0.0851444;0.107932;-7.91162
-101.326;136.421;0.973718;-0.0887358;0.112387;-8.55728
-92.5009;136.421;0.979882;-0.083316;0.115031;-9.17234
-83.6754;136.421;0.971124;-0.0709543;0.123038;-9.74572
-74.85;136.421;0.960534;-0.0570815;0.126002;-10.2767
-66.0245;136.421;0.908822;-0.0435168;0.127794;-10.741
-57.1991;136.421;0.818984;-0.0300357;0.135497;-11.133
-48.3736;136.421;0.735081;-0.0163738;0.153237;-11.4674
-39.5482;136.421;0.699776;-0.00371317;0.176179;-11.7844
-30.7227;136.421;0.670017;0.00846737;0.197705;-12.0569
-21.8972;136.421;0.632726;0.0245892;0.212788;-12.2631
-13.0718;136.421;0.570894;0.0415984;0.226422;-12.4056
-4.24634;136.421;0.492476;0.0566371;0.243469;-12.4871
4.57912;136.421;0.426974;0.0708064;0.2601;-12.5231
13.4046;136.421;0.408886;0.0867343;0.267044;-12.5163
22.23;136.421;0.403583;0.103717;0.265209;-12.4607
31.0555;136.421;0.398919;0.119735;0.258409;-12.3536
39.8809;136.421;0.388089;0.135306;0.250557;-12.1903
48.7064;136.421;0.371371;0.148942;0.246247;-11.9609
57.5318;136.421;0.35706;0.159658;0.245661;-11.6781
66.3573;136.421;0.363845;0.168762;0.242175;-11.3573
75.1828;136.421;0.389822;0.17654;0.232215;-11.0009
84.0082;136.421;0.420866;0.182873;0.215391;-10.5896
92.8337;136.421;0.450837;0.184316;0.195556;-10.111
101.659;136.421;0.486847;0.180667;0.181283;-9.59561
110.485;136.421;0.498685;0.176461;0.166588;-9.02867
119.31;136.421;0.494235;0.172472;0.147545;-8.40885
128.135;136.421;0.489489;0.163511;0.12377;-7.7461
136.961;136.421;0.490531;0.146627;0.0972994;-7.04677
145.786;136.421;0.47703;0.129761;0.0713026;-6.31613
154.612;136.421;0.443659;0.115899;0.0482624;-5.54718
163.437;136.421;0.383422;0.101367;0.0327296;-4.73465
172.263;136.421;0.319043;0.0834006;0.020383;-3.89146
181.088;136.421;0.290374;0.0619046;0.00896517;-3.0428
189.914;136.421;0.275553;0.0451656;0.00495695;-2.1579
-180.755;127.595;1.15316;0.0317717;0.0110768;-2.36978
-171.93;127.595;1.12186;0.00894224;0.0214598;-3.23667
-163.105;127.595;1.08813;-0.0166297;0.0397181;-4.11303
-154.279;127.595;1.07622;-0.0354068;0.0556715;-4.94922
-145.454;127.595;1.05949;-0.0519358;0.0724134;-5.76449
-136.628;127.595;1.02683;-0.0672525;0.0885505;-6.55735
-127.803;127.595;0.996568;-0.0787172;0.0994446;-7.31595
-118.977;127.595;0.965194;-0.0867132;0.106187;-8.03384
-110.152;127.595;0.938294;-0.0918593;0.112202;-8.71874
-101.326;127.595;0.926748;-0.0927636;0.118277;-9.37343
-92.5009;127.595;0.912986;-0.0861653;0.124289;-9.99049
-83.6754;127.595;0.881609;-0.0746274;0.134074;-10.566
-74.85;127.595;0.858373;-0.0640264;0.140628;-11.1032
-66.0245;127.595;0.820977;-0.0542736;0.148075;-11.5834
-57.1991;127.595;0.76378;-0.0429872;0.160542;-11.9977
-48.3736;127.595;0.702799;-0.0290121;0.179783;-12.3596
-39.5482;127.595;0.660219;-0.0153812;0.200779;-12.6943
-30.7227;127.595;0.610662;-0.000277791;0.222053;-12.9799
-21.8972;127.595;0.553821;0.0196731;0.237658;-13.1903
-13.0718;127.595;0.477661;0.0398351;0.250798;-13.3295
-4.24634;127.595;0.395245;0.0575692;0.267292;-13.4107
4.57912;127.595;0.339587;0.0751969;0.283963;-13.4617
13.4046;127.595;0.347598;0.0939171;0.289146;-13.4711
22.23;127.595;0.371056;0.112763;0.284467;-13.4302
31.0555;127.595;0.389171;0.129586;0.274393;-13.3318
39.8809;127.595;0.38246;0.145302;0.262514;-13.1556
48.7064;127.595;0.348047;0.160705;0.253685;-12.8984
57.5318;127.595;0.304717;0.174754;0.249124;-12.577
66.3573;127.595;0.293317;0.185222;0.245613;-12.2163
75.1828;127.595;0.271681;0.194874;0.237866;-11.7983
84.0082;127.595;0.21958;0.202851;0.224188;-11.2965
92.8337;127.595;0.172103;0.205312;0.207127;-10.7398
101.659;127.595;0.20512;0.200998;0.191422;-10.2127
110.485;127.595;0.236273;0.196929;0.174597;-9.65181
119.31;127.595;0.257112;0.193113;0.153876;-9.03855
128.135;127.595;0.297355;0.183655;0.129916;-8.3973
136.961;127.595;0.355407;0.167359;0.104164;-7.7328
145.786;127.595;0.367758;0.152;0.0799863;-7.01085
154.612;127.595;0.339977;0.137842;0.0573051;-6.22446
163.437;127.595;0.29198;0.122143;0.0402139;-5.3971
172.263;127.595;0.250485;0.102027;0.0239722;-4.5457
181.088;127.595;0.236302;0.0787623;0.0100501;-3.68813
189.914;127.595;0.200733;0.0605602;0.00677726;-2.80707
198.739;127.595;0.158688;0.0420667;0.00105882;-1.85964
207.565;127.595;0.395024;0.0169187;-0.0151113;-0.877933
-189.581;118.77;1.1177;0.0409271;0.0128783;-2.08206
-180.755;118.77;1.09406;0.0234971;0.0207729;-2.9674
-171.93;118.77;1.07296;-0.00290591;0.0389886;-3.87918
-163.105;118.77;1.03285;-0.0280776;0.0568589;-4.75912
-154.279;118.77;1.02052;-0.0476316;0.0717727;-5.6219
-145.454;118.77;1.01285;-0.0633216;0.0862037;-6.46131
-136.628;118.77;0.984;-0.0785006;0.101578;-7.279
-127.803;118.77;0.957453;-0.0895338;0.110282;-8.06007
-118.977;118.77;0.929682;-0.0967287;0.114763;-8.80577
-110.152;118.77;0.912249;-0.0998192;0.119741;-9.51738
-101.326;118.77;0.912634;-0.097851;0.126418;-10.187
-92.5009;118.77;0.882581;-0.0917009;0.13558;-10.8127
-83.6754;118.77;0.814427;-0.0823073;0.146705;-11.3973
-74.85;118.77;0.763848;-0.0730202;0.155842;-11.9434
-66.0245;118.77;0.720896;-0.064511;0.168883;-12.4407
-57.1991;118.77;0.6755;-0.0541352;0.187368;-12.8771
-48.3736;118.77;0.631181;-0.0405908;0.209448;-13.2618
-39.5482;118.77;0.602716;-0.0271625;0.230113;-13.6181
-30.7227;118.77;0.572688;-0.010149;0.247705;-13.9213
-21.8972;118.77;0.530896;0.0129264;0.259161;-14.1449
-13.0718;118.77;0.466832;0.0350505;0.268067;-14.2966
-4.24634;118.77;0.403245;0.0533554;0.28095;-14.3992
4.57912;118.77;0.370627;0.0711493;0.296125;-14.4739
13.4046;118.77;0.374062;0.0917748;0.302105;-14.4855
22.23;118.77;0.36351;0.113545;0.297997;-14.4223
31.0555;118.77;0.345104;0.132926;0.286654;-14.2897
39.8809;118.77;0.30355;0.152394;0.273292;-14.0763
48.7064;118.77;0.212627;0.170552;0.262094;-13.7458
57.5318;118.77;0.0569061;0.189094;0.254823;-13.3108
66.3573;118.77;-0.0638853;0.202702;0.24897;-12.8496
75.1828;118.77;-0.112906;0.213146;0.238396;-12.3828
84.0082;118.77;-0.248958;0.227112;0.223628;-11.8069
92.8337;118.77;-0.43769;0.228646;0.205955;-11.1004
101.659;118.77;-0.480699;0.225446;0.188723;-10.4826
110.485;118.77;-0.40146;0.220634;0.172473;-9.94293
119.31;118.77;-0.283466;0.216053;0.153674;-9.40249
128.135;118.77;-0.128544;0.205103;0.132068;-8.84341
136.961;118.77;0.0234528;0.190388;0.107112;-8.24531
145.786;118.77;0.0739788;0.176772;0.0844429;-7.53867
154.612;118.77;0.0753081;0.163414;0.0627171;-6.75557
163.437;118.77;0.0755436;0.146567;0.0451932;-5.94157
172.263;118.77;0.0921696;0.126366;0.028986;-5.11633
181.088;118.77;0.121932;0.104042;0.0155235;-4.27973
189.914;118.77;0.119876;0.0821952;0.00752756;-3.39867
198.739;118.77;0.109778;0.0614515;0.00402281;-2.46459
207.565;118.77;0.316742;0.0330385;-0.00717362;-1.50338
-189.581;109.944;1.03243;0.0213499;0.0242331;-2.64671
-180.755;109.944;0.999407;0.00765121;0.0366418;-3.5484
-171.93;109.944;0.996469;-0.0130803;0.0546545;-4.47205
-163.105;109.944;0.967239;-0.0371771;0.0705799;-5.37982
-154.279;109.944;0.957578;-0.0574754;0.0836827;-6.27433
-145.454;109.944;0.960721;-0.073021;0.096792;-7.1426
-136.628;109.944;0.94335;-0.0892355;0.111793;-7.98694
-127.803;109.944;0.909488;-0.103236;0.121223;-8.7901
-118.977;109.944;0.87243;-0.113739;0.12714;-9.56229
-110.152;109.944;0.854059;-0.118065;0.133096;-10.3046
-101.326;109.944;0.853912;-0.114741;0.140413;-11.0012
-92.5009;109.944;0.819751;-0.107068;0.149975;-11.642
-83.6754;109.944;0.757376;-0.0979804;0.158902;-12.2426
-74.85;109.944;0.706286;-0.0899687;0.166016;-12.8085
-66.0245;109.944;0.658474;-0.0825362;0.179043;-13.33
-57.1991;109.944;0.619952;-0.0724474;0.20059;-13.7911
-48.3736;109.944;0.595885;-0.0583635;0.226797;-14.1997
-39.5482;109.944;0.576766;-0.0432188;0.248679;-14.5731
-30.7227;109.944;0.550944;-0.02376;0.264861;-14.8907
-21.8972;109.944;0.514533;0.00141617;0.273847;-15.1311
-13.0718;109.944;0.461198;0.0238924;0.279933;-15.3054
-4.24634;109.944;0.411489;0.0424548;0.289333;-15.4288
4.57912;109.944;0.383619;0.0617359;0.302035;-15.5086
13.4046;109.944;0.367311;0.0847821;0.309302;-15.51
22.23;109.944;0.326019;0.107348;0.308006;-15.4265
31.0555;109.944;0.278331;0.126651;0.297308;-15.2658
39.8809;109.944;0.210469;0.151699;0.282633;-15.0273
48.7064;109.944;0.104359;0.181517;0.269688;-14.6842
57.5318;109.944;-0.0354433;0.210522;0.261391;-14.252
66.3573;109.944;-0.095118;0.22675;0.255443;-13.827
75.1828;109.944;-0.0761973;0.237078;0.238886;-13.4117
84.0082;109.944;-0.205945;0.252848;0.212225;-12.8306
92.8337;109.944;-0.454149;0.253147;0.191863;-12.0314
101.659;109.944;-0.62332;0.250533;0.175045;-11.2698
110.485;109.944;-0.607741;0.245418;0.159411;-10.6367
119.31;109.944;-0.510044;0.240896;0.142916;-10.0567
128.135;109.944;-0.349533;0.229209;0.12574;-9.4815
136.961;109.944;-0.175447;0.215017;0.105588;-8.88232
145.786;109.944;-0.0669494;0.202046;0.0890804;-8.19837
154.612;109.944;-0.01631;0.189438;0.0705389;-7.43185
163.437;109.944;0.0320889;0.171542;0.0527968;-6.62347
172.263;109.944;0.0823051;0.150704;0.0372777;-5.79322
181.088;109.944;0.125678;0.129108;0.0250354;-4.94359
189.914;109.944;0.154805;0.106017;0.015436;-4.05511
198.739;109.944;0.163803;0.0800951;0.0104634;-3.13442
207.565;109.944;0.290216;0.0514357;-0.00274551;-2.14721
-198.406;101.119;1.147;0.0310835;0.0129065;-2.2956
-189.581;101.119;1.04388;0.0140579;0.0272134;-3.21227
-180.755;101.119;0.983041;-0.00193074;0.04342;-4.13833
-171.93;101.119;0.964203;-0.0212959;0.0584319;-5.068
-163.105;101.119;0.938417;-0.0446091;0.0717609;-6.00175
-154.279;101.119;0.926309;-0.065581;0.0847743;-6.92327
-145.454;101.119;0.917144;-0.0827642;0.0980474;-7.81358
-136.628;101.119;0.881806;-0.101799;0.112491;-8.67494
-127.803;101.119;0.821768;-0.118829;0.121716;-9.48796
-118.977;101.119;0.766645;-0.133304;0.128867;-10.2763
-110.152;101.119;0.74933;-0.141049;0.137089;-11.0482
-101.326;101.119;0.76738;-0.138609;0.146945;-11.787
-92.5009;101.119;0.76512;-0.129168;0.157451;-12.4687
-83.6754;101.119;0.744013;-0.117876;0.164199;-13.1
-74.85;101.119;0.701561;-0.10961;0.169478;-13.6938
-66.0245;101.119;0.647384;-0.10224;0.181093;-14.2397
-57.1991;101.119;0.592339;-0.091621;0.203797;-14.7222
-48.3736;101.119;0.549457;-0.0759081;0.233748;-15.15
-39.5482;101.119;0.527716;-0.057347;0.257829;-15.5361
-30.7227;101.119;0.511535;-0.0354199;0.274963;-15.8694
-21.8972;101.119;0.489405;-0.0096437;0.285396;-16.133
-13.0718;101.119;0.459138;0.0126337;0.292547;-16.3351
-4.24634;101.119;0.43005;0.0319758;0.300905;-16.4753
4.57912;101.119;0.408029;0.0531468;0.310878;-16.5553
13.4046;101.119;0.385235;0.0772506;0.317832;-16.5543
22.23;101.119;0.339027;0.0984245;0.31965;-16.4712
31.0555;101.119;0.281757;0.116332;0.311676;-16.3043
39.8809;101.119;0.216035;0.148856;0.295004;-16.0662
48.7064;101.119;0.170724;0.195697;0.277455;-15.7844
57.5318;101.119;0.187875;0.239414;0.265749;-15.4827
66.3573;101.119;0.30281;0.260087;0.259921;-15.198
75.1828;101.119;0.377268;0.27196;0.236849;-14.8217
84.0082;101.119;0.275398;0.283633;0.202614;-14.2264
92.8337;101.119;0.0372399;0.284105;0.178836;-13.4126
101.659;101.119;-0.198252;0.283907;0.161368;-12.578
110.485;101.119;-0.251137;0.278708;0.144381;-11.8505
119.31;101.119;-0.217901;0.273039;0.128466;-11.1761
128.135;101.119;-0.134608;0.262827;0.115765;-10.5074
136.961;101.119;-0.0351562;0.249122;0.10267;-9.81548
145.786;101.119;0.0491776;0.235564;0.0922298;-9.07999
154.612;101.119;0.0974265;0.221496;0.077767;-8.27849
163.437;101.119;0.145832;0.202353;0.0607264;-7.43418
172.263;101.119;0.175609;0.181924;0.0443463;-6.5581
181.088;101.119;0.177583;0.162192;0.0301146;-5.65511
189.914;101.119;0.176825;0.137523;0.0160096;-4.71713
198.739;101.119;0.221702;0.104393;0.00688976;-3.76393
207.565;101.119;0.282995;0.0719635;-0.00351302;-2.75471
-198.406;92.2933;1.18437;0.0384817;0.00588293;-2.83258
-189.581;92.2933;1.07497;0.0221587;0.0204682;-3.77208
-180.755;92.2933;0.998286;-0.0039942;0.0413681;-4.71605
-171.93;92.2933;0.968392;-0.0283968;0.0565925;-5.66308
-163.105;92.2933;0.945304;-0.0518351;0.0681003;-6.61461
-154.279;92.2933;0.914747;-0.0735879;0.0824269;-7.55005
-145.454;92.2933;0.871873;-0.093938;0.0978493;-8.45749
-136.628;92.2933;0.808397;-0.115251;0.110801;-9.33462
-127.803;92.2933;0.736524;-0.13359;0.117166;-10.1659
-118.977;92.2933;0.687129;-0.150241;0.125868;-10.9867
-110.152;92.2933;0.680305;-0.160327;0.137809;-11.7946
-101.326;92.2933;0.707287;-0.159131;0.150872;-12.5735
-92.5009;92.2933;0.729098;-0.149014;0.162767;-13.3023
-83.6754;92.2933;0.727188;-0.136914;0.171204;-13.972
-74.85;92.2933;0.698585;-0.127436;0.179096;-14.5934
-66.0245;92.2933;0.649578;-0.117983;0.190882;-15.1577
-57.1991;92.2933;0.584156;-0.105267;0.212484;-15.6547
-48.3736;92.2933;0.523727;-0.0875458;0.241309;-16.1041
-39.5482;92.2933;0.499115;-0.0666596;0.266447;-16.5128
-30.7227;92.2933;0.497649;-0.0432621;0.285985;-16.8746
-21.8972;92.2933;0.489067;-0.0162729;0.300256;-17.1707
-13.0718;92.2933;0.473797;0.00813301;0.310905;-17.401
-4.24634;92.2933;0.45855;0.030521;0.320852;-17.5583
4.57912;92.2933;0.44347;0.0543807;0.329547;-17.6419
13.4046;92.2933;0.419474;0.0795789;0.333727;-17.6399
22.23;92.2933;0.379548;0.0982009;0.334471;-17.5612
31.0555;92.2933;0.32535;0.11612;0.327694;-17.3942
39.8809;92.2933;0.261383;0.15931;0.306238;-17.1529
48.7064;92.2933;0.258426;0.222433;0.278102;-16.9056
57.5318;92.2933;0.387234;0.277866;0.255326;-16.6932
66.3573;92.2933;0.623477;0.300755;0.243743;-16.4991
75.1828;92.2933;0.720206;0.312083;0.21765;-16.1078
84.0082;92.2933;0.663598;0.317272;0.188159;-15.5016
92.8337;92.2933;0.501468;0.317457;0.167067;-14.7387
101.659;92.2933;0.323976;0.317397;0.150371;-13.9326
110.485;92.2933;0.264703;0.312464;0.131808;-13.169
119.31;92.2933;0.246117;0.305526;0.115244;-12.4127
128.135;92.2933;0.243546;0.295303;0.10447;-11.6371
136.961;92.2933;0.25272;0.282092;0.0946512;-10.8383
145.786;92.2933;0.275921;0.267947;0.0867082;-10.0209
154.612;92.2933;0.295945;0.252646;0.0765031;-9.16432
163.437;92.2933;0.311817;0.233636;0.0628548;-8.26382
172.263;92.2933;0.279589;0.213072;0.0478317;-7.31174
181.088;92.2933;0.204867;0.191208;0.0335159;-6.32159
189.914;92.2933;0.163567;0.161755;0.0183956;-5.32118
198.739;92.2933;0.219303;0.126603;0.0064073;-4.34514
207.565;92.2933;0.319398;0.0935581;-0.000551306;-3.36505
-216.057;83.4678;1.13471;0.0258406;0.0183771;-1.31715
-207.232;83.4678;1.22884;0.0501288;-0.00118133;-2.30969
-198.406;83.4678;1.18969;0.0499567;-0.00122778;-3.33324
-189.581;83.4678;1.08987;0.033466;0.0120761;-4.30164
-180.755;83.4678;1.00692;-0.00101669;0.0349871;-5.26674
-171.93;83.4678;0.969912;-0.0311755;0.0513048;-6.22865
-163.105;83.4678;0.932752;-0.0558583;0.0621926;-7.18695
-154.279;83.4678;0.868195;-0.0804334;0.0779185;-8.13558
-145.454;83.4678;0.80282;-0.105105;0.0942164;-9.06689
-136.628;83.4678;0.737767;-0.126729;0.103944;-9.97006
-127.803;83.4678;0.687491;-0.143164;0.106657;-10.8388
-118.977;83.4678;0.658431;-0.157716;0.115159;-11.6956
-110.152;83.4678;0.651069;-0.166477;0.128808;-12.5318
-101.326;83.4678;0.662353;-0.165602;0.142858;-13.3334
-92.5009;83.4678;0.683476;-0.157793;0.154369;-14.0947
-83.6754;83.4678;0.679468;-0.149697;0.167851;-14.8042
-74.85;83.4678;0.662418;-0.140541;0.183668;-15.4581
-66.0245;83.4678;0.631809;-0.128354;0.19983;-16.0531
-57.1991;83.4678;0.582505;-0.112342;0.218942;-16.5843
-48.3736;83.4678;0.533435;-0.0930755;0.24288;-17.0684
-39.5482;83.4678;0.515732;-0.0722925;0.267715;-17.5131
-30.7227;83.4678;0.521203;-0.0495034;0.289533;-17.9068
-21.8972;83.4678;0.51276;-0.0213799;0.305206;-18.2176
-13.0718;83.4678;0.490002;0.00670258;0.317626;-18.4533
-4.24634;83.4678;0.471441;0.0334129;0.330157;-18.6173
4.57912;83.4678;0.45748;0.0609381;0.339767;-18.7078
13.4046;83.4678;0.43093;0.0893704;0.34096;-18.7106
22.23;83.4678;0.400648;0.10738;0.337092;-18.6406
31.0555;83.4678;0.362231;0.130786;0.326326;-18.4768
39.8809;83.4678;0.290612;0.185582;0.296736;-18.2065
48.7064;83.4678;0.254512;0.254939;0.256201;-17.8882
57.5318;83.4678;0.330559;0.308201;0.220727;-17.5875
66.3573;83.4678;0.515635;0.326987;0.200783;-17.314
75.1828;83.4678;0.601666;0.341514;0.180291;-16.8952
84.0082;83.4678;0.587479;0.350354;0.164376;-16.3239
92.8337;83.4678;0.540979;0.352891;0.153678;-15.657
101.659;83.4678;0.517455;0.350861;0.140123;-14.9476
110.485;83.4678;0.51399;0.346349;0.119406;-14.2027
119.31;83.4678;0.475877;0.338557;0.0999219;-13.4069
128.135;83.4678;0.439115;0.325971;0.0869813;-12.572
136.961;83.4678;0.419938;0.312645;0.0754103;-11.7229
145.786;83.4678;0.422525;0.297943;0.066404;-10.8576
154.612;83.4678;0.436878;0.28155;0.0596389;-9.96543
163.437;83.4678;0.427536;0.262792;0.0521904;-9.01816
172.263;83.4678;0.334556;0.241606;0.0422269;-7.99641
181.088;83.4678;0.206021;0.216136;0.0303507;-6.93781
189.914;83.4678;0.188932;0.18232;0.0164664;-5.92145
198.739;83.4678;0.273545;0.144633;0.00147388;-4.94253
207.565;83.4678;0.415942;0.106678;-0.00965613;-3.96807
216.39;83.4678;0.529988;0.0700311;-0.0139325;-2.9332
225.215;83.4678;0.556288;0.0419478;-0.0052717;-1.86815
-216.057;74.6423;1.12691;0.0209326;0.0191283;-1.76118
-207.232;74.6423;1.19548;0.0516879;-0.000337073;-2.77876
-198.406;74.6423;1.1683;0.0639862;-0.0095933;-3.79072
-189.581;74.6423;1.06752;0.0390315;0.00442564;-4.78127
-180.755;74.6423;1.00125;0.00291633;0.0240683;-5.76599
-171.93;74.6423;0.963353;-0.0280533;0.0392124;-6.74613
-163.105;74.6423;0.902282;-0.0530882;0.0491319;-7.71014
-154.279;74.6423;0.808838;-0.0810882;0.0636015;-8.68319
-145.454;74.6423;0.749486;-0.10914;0.0764312;-9.65173
-136.628;74.6423;0.711142;-0.13035;0.0818754;-10.5959
-127.803;74.6423;0.70024;-0.143688;0.0819447;-11.5138
-118.977;74.6423;0.678856;-0.153896;0.088937;-12.4018
-110.152;74.6423;0.645277;-0.158731;0.100463;-13.2523
-101.326;74.6423;0.6246;-0.156951;0.110795;-14.0657
-92.5009;74.6423;0.635026;-0.153113;0.119457;-14.8589
-83.6754;74.6423;0.634419;-0.151839;0.137022;-15.6103
-74.85;74.6423;0.617016;-0.146358;0.160366;-16.3014
-66.0245;74.6423;0.604412;-0.134664;0.181916;-16.9349
-57.1991;74.6423;0.585235;-0.117743;0.199364;-17.5088
-48.3736;74.6423;0.565567;-0.0983439;0.217782;-18.0391
-39.5482;74.6423;0.56135;-0.0789307;0.238977;-18.5278
-30.7227;74.6423;0.554256;-0.0570802;0.261432;-18.9567
-21.8972;74.6423;0.531577;-0.0258294;0.280064;-19.2878
-13.0718;74.6423;0.48706;0.00761332;0.295919;-19.5213
-4.24634;74.6423;0.448874;0.0393098;0.309355;-19.6776
4.57912;74.6423;0.423362;0.070747;0.315227;-19.7629
13.4046;74.6423;0.39967;0.103161;0.308749;-19.7721
22.23;74.6423;0.396825;0.125141;0.298609;-19.725
31.0555;74.6423;0.402012;0.161747;0.279108;-19.5766
39.8809;74.6423;0.3705;0.226803;0.243065;-19.3008
48.7064;74.6423;0.346608;0.29404;0.202767;-18.9404
57.5318;74.6423;0.377197;0.337426;0.171806;-18.5497
66.3573;74.6423;0.454387;0.353749;0.152466;-18.1425
75.1828;74.6423;0.48965;0.369744;0.139175;-17.6552
84.0082;74.6423;0.493512;0.379562;0.13345;-17.0745
92.8337;74.6423;0.501657;0.382841;0.129445;-16.4322
101.659;74.6423;0.527678;0.381253;0.117633;-15.7446
110.485;74.6423;0.545655;0.376749;0.0962928;-14.9959
119.31;74.6423;0.508302;0.36744;0.0760655;-14.1746
128.135;74.6423;0.475845;0.354847;0.0622759;-13.3242
136.961;74.6423;0.470008;0.341981;0.0509725;-12.4667
145.786;74.6423;0.4926;0.326606;0.0427391;-11.5904
154.612;74.6423;0.523872;0.30927;0.0378826;-10.6827
163.437;74.6423;0.535088;0.28856;0.0362002;-9.72787
172.263;74.6423;0.478652;0.263735;0.0331095;-8.70248
181.088;74.6423;0.406547;0.233235;0.026602;-7.64535
189.914;74.6423;0.426622;0.19749;0.0151275;-6.62871
198.739;74.6423;0.528834;0.158614;0.00124837;-5.63704
207.565;74.6423;0.613743;0.119115;-0.00970637;-4.60982
216.39;74.6423;0.669831;0.0812912;-0.0126079;-3.507
225.215;74.6423;0.677051;0.0518887;-0.00227242;-2.4147
-216.057;65.8169;1.12026;0.0302334;0.0148195;-2.12685
-207.232;65.8169;1.14879;0.0537179;0.00103038;-3.187
-198.406;65.8169;1.11237;0.0622694;-0.00958987;-4.19755
-189.581;65.8169;1.02263;0.0321982;-0.000630582;-5.21927
-180.755;65.8169;0.985267;0.000160237;0.00904911;-6.22713
-171.93;65.8169;0.966638;-0.0257278;0.0167922;-7.24914
-163.105;65.8169;0.909916;-0.0477427;0.0218293;-8.245
-154.279;65.8169;0.829678;-0.074044;0.0293847;-9.25108
-145.454;65.8169;0.798192;-0.100303;0.0341193;-10.2538
-136.628;65.8169;0.778588;-0.121994;0.0359399;-11.2367
-127.803;65.8169;0.784552;-0.135984;0.035393;-12.1927
-118.977;65.8169;0.751508;-0.146585;0.0424216;-13.1042
-110.152;65.8169;0.692443;-0.151067;0.0516885;-13.9631
-101.326;65.8169;0.662609;-0.14924;0.0566716;-14.7921
-92.5009;65.8169;0.68874;-0.14681;0.061699;-15.6205
-83.6754;65.8169;0.691828;-0.147724;0.0760107;-16.4106
-74.85;65.8169;0.672613;-0.147868;0.101568;-17.1427
-66.0245;65.8169;0.654771;-0.141578;0.12908;-17.8186
-57.1991;65.8169;0.633932;-0.127688;0.149197;-18.4334
-48.3736;65.8169;0.619889;-0.108957;0.165416;-19.0096
-39.5482;65.8169;0.623162;-0.0891945;0.182998;-19.5419
-30.7227;65.8169;0.623151;-0.066124;0.206474;-20.0046
-21.8972;65.8169;0.626601;-0.0332584;0.2307;-20.3848
-13.0718;65.8169;0.605253;0.00234389;0.253587;-20.6572
-4.24634;65.8169;0.575321;0.0362636;0.267802;-20.8307
4.57912;65.8169;0.546362;0.0691471;0.268781;-20.9127
13.4046;65.8169;0.524707;0.10262;0.257887;-20.9172
22.23;65.8169;0.536323;0.131458;0.245446;-20.8796
31.0555;65.8169;0.559342;0.18778;0.216255;-20.7291
39.8809;65.8169;0.575888;0.266151;0.17749;-20.468
48.7064;65.8169;0.645703;0.331571;0.147782;-20.1663
57.5318;65.8169;0.755603;0.367053;0.134666;-19.8268
66.3573;65.8169;0.789301;0.386599;0.126648;-19.3608
75.1828;65.8169;0.739683;0.405235;0.11793;-18.7671
84.0082;65.8169;0.701998;0.414773;0.112483;-18.1096
92.8337;65.8169;0.696709;0.417115;0.106035;-17.412
101.659;65.8169;0.712534;0.415346;0.094094;-16.6768
110.485;65.8169;0.716904;0.410646;0.0769005;-15.8877
119.31;65.8169;0.677992;0.399209;0.0600041;-15.0346
128.135;65.8169;0.6463;0.385568;0.0470162;-14.1594
136.961;65.8169;0.631982;0.370021;0.0381293;-13.2588
145.786;65.8169;0.636878;0.352916;0.032658;-12.3319
154.612;65.8169;0.65845;0.334078;0.0287398;-11.3837
163.437;65.8169;0.666517;0.311956;0.0271387;-10.4043
172.263;65.8169;0.64572;0.2848;0.0266313;-9.37554
181.088;65.8169;0.625726;0.252667;0.0239978;-8.32495
189.914;65.8169;0.650443;0.216159;0.0134485;-7.28746
198.739;65.8169;0.719918;0.17723;0.00210889;-6.25297
207.565;65.8169;0.772802;0.137887;-0.00458006;-5.17579
216.39;65.8169;0.792541;0.0993842;-0.00494804;-4.05248
225.215;65.8169;0.789353;0.0693409;0.00308604;-2.8929
234.041;65.8169;0.857881;0.0458132;0.0106142;-1.70542
-216.057;56.9914;1.09132;0.0411058;0.0092598;-2.45859
-207.232;56.9914;1.09696;0.0541828;-0.000380051;-3.53365
-198.406;56.9914;1.03282;0.0534377;-0.00866638;-4.55628
-189.581;56.9914;0.945366;0.0163401;-0.00322135;-5.61061
-180.755;56.9914;0.929629;-0.0128602;-0.00210112;-6.64121
-171.93;56.9914;0.940946;-0.033355;-0.00388431;-7.68945
-163.105;56.9914;0.927983;-0.0507563;-0.00720512;-8.72507
-154.279;56.9914;0.905055;-0.0704668;-0.00929745;-9.77278
-145.454;56.9914;0.912293;-0.0936357;-0.0111572;-10.8266
-136.628;56.9914;0.897163;-0.114925;-0.0113021;-11.8473
-127.803;56.9914;0.874911;-0.133362;-0.00612469;-12.8299
-118.977;56.9914;0.825809;-0.148067;0.00570793;-13.7623
-110.152;56.9914;0.764951;-0.15514;0.0182385;-14.6416
-101.326;56.9914;0.739045;-0.154767;0.0240976;-15.506
-92.5009;56.9914;0.772876;-0.152245;0.0276035;-16.3735
-83.6754;56.9914;0.783145;-0.153237;0.0400416;-17.2114
-74.85;56.9914;0.763011;-0.154252;0.0638526;-17.9828
-66.0245;56.9914;0.728803;-0.151885;0.0894763;-18.6873
-57.1991;56.9914;0.69062;-0.142057;0.109946;-19.3297
-48.3736;56.9914;0.67462;-0.125121;0.127896;-19.9444
-39.5482;56.9914;0.690995;-0.104017;0.146322;-20.5224
-30.7227;56.9914;0.70422;-0.0778815;0.169286;-21.0213
-21.8972;56.9914;0.730038;-0.0426579;0.197026;-21.45
-13.0718;56.9914;0.738211;-0.00530429;0.222123;-21.7741
-4.24634;56.9914;0.724077;0.0300879;0.236549;-21.9755
4.57912;56.9914;0.687946;0.062309;0.239975;-22.0558
13.4046;56.9914;0.650439;0.0931583;0.236708;-22.0433
22.23;56.9914;0.667564;0.128994;0.2251;-22.0019
31.0555;56.9914;0.697511;0.204073;0.189549;-21.8411
39.8809;56.9914;0.727808;0.298118;0.150613;-21.5682
48.7064;56.9914;0.816947;0.367616;0.127792;-21.2663
57.5318;56.9914;0.927424;0.401194;0.121976;-20.9106
66.3573;56.9914;0.931704;0.423169;0.117765;-20.3925
75.1828;56.9914;0.832194;0.443086;0.113153;-19.7156
84.0082;56.9914;0.788661;0.45173;0.104638;-19.0062
92.8337;56.9914;0.792258;0.453463;0.0937081;-18.276
101.659;56.9914;0.817246;0.451679;0.0817733;-17.5155
110.485;56.9914;0.832391;0.447046;0.0694233;-16.7055
119.31;56.9914;0.78495;0.4339;0.058103;-15.8136
128.135;56.9914;0.736788;0.418102;0.0453848;-14.8884
136.961;56.9914;0.7044;0.400517;0.0361055;-13.9357
145.786;56.9914;0.696779;0.379893;0.0314593;-12.9598
154.612;56.9914;0.717658;0.356571;0.0277957;-11.9778
163.437;56.9914;0.739117;0.33202;0.0247995;-10.979
172.263;56.9914;0.740678;0.304924;0.0252747;-9.939
181.088;56.9914;0.735965;0.275632;0.0249363;-8.88031
189.914;56.9914;0.746291;0.238356;0.015501;-7.80828
198.739;56.9914;0.786065;0.197489;0.00601193;-6.73523
207.565;56.9914;0.829952;0.157265;0.00234277;-5.63593
216.39;56.9914;0.858795;0.118316;0.00309263;-4.50248
225.215;56.9914;0.879561;0.0817807;0.00656684;-3.32066
234.041;56.9914;0.956958;0.0553414;0.0150855;-2.12485
-224.883;48.166;1.06381;0.0604297;0.00513638;-1.69341
-216.057;48.166;1.06689;0.0472038;0.00490275;-2.75243
-207.232;48.166;1.05918;0.0495453;-0.00163918;-3.81552
-198.406;48.166;0.954028;0.0341826;-0.00594876;-4.87205
-189.581;48.166;0.87483;-0.000451381;-0.00249954;-5.94693
-180.755;48.166;0.858174;-0.0293128;-0.00425803;-7.0177
-171.93;48.166;0.857739;-0.0523289;-0.0102424;-8.09542
-163.105;48.166;0.85302;-0.0713907;-0.017502;-9.16436
-154.279;48.166;0.870718;-0.0885833;-0.0238739;-10.2382
-145.454;48.166;0.921805;-0.109086;-0.0286742;-11.3224
-136.628;48.166;0.894862;-0.129186;-0.025557;-12.3558
-127.803;48.166;0.848546;-0.146847;-0.0179569;-13.3457
-118.977;48.166;0.795662;-0.162381;-0.00347566;-14.2957
-110.152;48.166;0.757496;-0.172382;0.0125055;-15.2089
-101.326;48.166;0.756007;-0.175;0.0214582;-16.1259
-92.5009;48.166;0.790202;-0.172083;0.0238522;-17.0384
-83.6754;48.166;0.806275;-0.16923;0.0317617;-17.9078
-74.85;48.166;0.774131;-0.170801;0.0529854;-18.7063
-66.0245;48.166;0.722541;-0.168705;0.077383;-19.4322
-57.1991;48.166;0.679461;-0.1599;0.0999371;-20.1133
-48.3736;48.166;0.67987;-0.144573;0.120976;-20.7853
-39.5482;48.166;0.721992;-0.122838;0.141964;-21.4315
-30.7227;48.166;0.747997;-0.0930784;0.165351;-21.9779
-21.8972;48.166;0.763623;-0.0546481;0.189357;-22.4245
-13.0718;48.166;0.780022;-0.0155345;0.209044;-22.7771
-4.24634;48.166;0.775986;0.0216574;0.22381;-23.0087
4.57912;48.166;0.751009;0.0538943;0.234679;-23.1147
13.4046;48.166;0.730967;0.0856773;0.240358;-23.1124
22.23;48.166;0.761595;0.138872;0.225914;-23.0631
31.0555;48.166;0.792619;0.232739;0.189023;-22.8925
39.8809;48.166;0.823484;0.334486;0.154237;-22.6093
48.7064;48.166;0.892501;0.402733;0.135503;-22.2681
57.5318;48.166;0.958623;0.434154;0.128177;-21.8349
66.3573;48.166;0.934247;0.457831;0.118705;-21.2515
75.1828;48.166;0.82986;0.479513;0.109066;-20.5294
84.0082;48.166;0.789482;0.487507;0.0967855;-19.7818
92.8337;48.166;0.790305;0.485628;0.084764;-19.0071
101.659;48.166;0.815422;0.478249;0.0747124;-18.1996
110.485;48.166;0.842251;0.470701;0.0664104;-17.3573
119.31;48.166;0.792912;0.456574;0.0595942;-16.4217
128.135;48.166;0.731733;0.439205;0.048179;-15.4467
136.961;48.166;0.693333;0.419153;0.0375298;-14.4537
145.786;48.166;0.6932;0.396627;0.0306785;-13.4587
154.612;48.166;0.729869;0.372561;0.0257124;-12.4742
163.437;48.166;0.783083;0.348463;0.0224115;-11.478
172.263;48.166;0.793743;0.323081;0.0241458;-10.4213
181.088;48.166;0.774467;0.29496;0.0255697;-9.32751
189.914;48.166;0.756993;0.256484;0.0184525;-8.20908
198.739;48.166;0.785683;0.21176;0.00994348;-7.10782
207.565;48.166;0.839869;0.16941;0.00670354;-6.00366
216.39;48.166;0.895652;0.129102;0.00792486;-4.8828
225.215;48.166;0.945642;0.0886682;0.0107463;-3.72626
234.041;48.166;1.00101;0.0562168;0.0185797;-2.54104
-224.883;39.3405;1.00932;0.0664995;0.00388801;-1.92054
-216.057;39.3405;1.0033;0.0529056;0.00326628;-3.00115
-207.232;39.3405;0.963398;0.0384379;-2.06959e-05;-4.08063
-198.406;39.3405;0.873102;0.0145071;-0.0019349;-5.15183
-189.581;39.3405;0.837556;-0.0141266;-0.00122292;-6.24555
-180.755;39.3405;0.834663;-0.0423153;-0.00405388;-7.36237
-171.93;39.3405;0.820363;-0.0682417;-0.0106821;-8.46282
-163.105;39.3405;0.809218;-0.0904131;-0.0187918;-9.55342
-154.279;39.3405;0.840395;-0.107178;-0.0271776;-10.6366
-145.454;39.3405;0.891338;-0.126053;-0.0332268;-11.7284
-136.628;39.3405;0.844787;-0.144916;-0.028333;-12.765
-127.803;39.3405;0.771562;-0.160608;-0.0194769;-13.7617
-118.977;39.3405;0.732236;-0.175228;-0.0077404;-14.7316
-110.152;39.3405;0.725521;-0.188114;0.00560474;-15.6865
-101.326;39.3405;0.736193;-0.195565;0.0161766;-16.65
-92.5009;39.3405;0.752029;-0.194671;0.0206071;-17.5935
-83.6754;39.3405;0.7599;-0.188654;0.0262763;-18.4854
-74.85;39.3405;0.732953;-0.188905;0.042954;-19.322
-66.0245;39.3405;0.686689;-0.185174;0.0663064;-20.0935
-57.1991;39.3405;0.655393;-0.176029;0.090389;-20.8328
-48.3736;39.3405;0.682302;-0.161797;0.11226;-21.5709
-39.5482;39.3405;0.755528;-0.140408;0.133059;-22.288
-30.7227;39.3405;0.796349;-0.110247;0.157586;-22.8846
-21.8972;39.3405;0.79118;-0.0724153;0.181603;-23.3432
-13.0718;39.3405;0.806507;-0.0334659;0.200622;-23.7096
-4.24634;39.3405;0.81822;0.00375441;0.221259;-23.9867
4.57912;39.3405;0.830384;0.0408055;0.239778;-24.1587
13.4046;39.3405;0.859274;0.0900129;0.242856;-24.2111
22.23;39.3405;0.916367;0.176721;0.217393;-24.1679
31.0555;39.3405;0.97782;0.289067;0.180936;-24.0192
39.8809;39.3405;1.07228;0.382811;0.15572;-23.7895
48.7064;39.3405;1.14421;0.438318;0.142109;-23.4237
57.5318;39.3405;1.14797;0.465861;0.13102;-22.8876
66.3573;39.3405;1.06754;0.492813;0.112745;-22.2085
75.1828;39.3405;0.956268;0.515851;0.09276;-21.4266
84.0082;39.3405;0.881232;0.524082;0.0784112;-20.609
92.8337;39.3405;0.836825;0.519463;0.0693955;-19.7578
101.659;39.3405;0.828571;0.507649;0.0633615;-18.8798
110.485;39.3405;0.84452;0.499206;0.058299;-17.9922
119.31;39.3405;0.808106;0.485574;0.0532097;-17.0179
128.135;39.3405;0.753561;0.464522;0.0438269;-15.9987
136.961;39.3405;0.723442;0.440062;0.0336673;-14.973
145.786;39.3405;0.734529;0.415091;0.0251021;-13.9611
154.612;39.3405;0.784068;0.390901;0.018303;-12.966
163.437;39.3405;0.865232;0.36665;0.0154512;-11.9707
172.263;39.3405;0.887977;0.339875;0.0167536;-10.8972
181.088;39.3405;0.854081;0.305241;0.019198;-9.74762
189.914;39.3405;0.805222;0.264996;0.0152915;-8.57595
198.739;39.3405;0.832922;0.219709;0.00969389;-7.45704
207.565;39.3405;0.888458;0.176986;0.00769972;-6.34758
216.39;39.3405;0.95912;0.135478;0.00986687;-5.22492
225.215;39.3405;0.991232;0.0915952;0.0121113;-4.06459
234.041;39.3405;0.933845;0.0524104;0.0158827;-2.87072
-224.883;30.5151;0.99057;0.0596441;0.00986897;-2.16648
-216.057;30.5151;0.981583;0.0475041;0.00723099;-3.27491
-207.232;30.5151;0.931365;0.027359;0.00422342;-4.35825
-198.406;30.5151;0.872733;-0.000117027;0.00198207;-5.44837
-189.581;30.5151;0.887535;-0.0228911;-0.00116414;-6.54651
-180.755;30.5151;0.895695;-0.0496083;-0.00540662;-7.68504
-171.93;30.5151;0.873821;-0.0755793;-0.0113348;-8.79702
-163.105;30.5151;0.851353;-0.0985501;-0.01871;-9.89952
-154.279;30.5151;0.862394;-0.11633;-0.02761;-10.9864
-145.454;30.5151;0.885473;-0.135047;-0.0348117;-12.0676
-136.628;30.5151;0.825808;-0.153876;-0.0315299;-13.1121
-127.803;30.5151;0.744925;-0.168687;-0.02439;-14.1258
-118.977;30.5151;0.719986;-0.182031;-0.0178673;-15.121
-110.152;30.5151;0.725504;-0.196817;-0.00968115;-16.1154
-101.326;30.5151;0.72966;-0.208084;0.0012102;-17.1133
-92.5009;30.5151;0.7258;-0.209383;0.00936481;-18.0856
-83.6754;30.5151;0.724869;-0.202785;0.0156646;-19.013
-74.85;30.5151;0.716772;-0.201419;0.0270927;-19.8989
-66.0245;30.5151;0.687583;-0.19757;0.0470485;-20.724
-57.1991;30.5151;0.672537;-0.189172;0.070134;-21.524
-48.3736;30.5151;0.721677;-0.175556;0.0909863;-22.3244
-39.5482;30.5151;0.820896;-0.153996;0.109997;-23.111
-30.7227;30.5151;0.88652;-0.125335;0.133178;-23.7757
-21.8972;30.5151;0.890989;-0.0898877;0.159052;-24.3008
-13.0718;30.5151;0.928875;-0.0513922;0.184361;-24.7261
-4.24634;30.5151;0.987815;-0.0170692;0.217531;-25.0786
4.57912;30.5151;1.03992;0.0280675;0.240573;-25.294
13.4046;30.5151;1.09212;0.109285;0.225285;-25.3671
22.23;30.5151;1.18464;0.240499;0.177002;-25.3498
31.0555;30.5151;1.36398;0.372287;0.134325;-25.3235
39.8809;30.5151;1.62341;0.449488;0.119109;-25.2517
48.7064;30.5151;1.73033;0.480587;0.1132;-24.8674
57.5318;30.5151;1.66436;0.497042;0.101013;-24.2042
66.3573;30.5151;1.50995;0.524095;0.0805634;-23.4
75.1828;30.5151;1.34809;0.544791;0.0604069;-22.5014
84.0082;30.5151;1.19468;0.552607;0.0491653;-21.5542
92.8337;30.5151;1.09034;0.546998;0.0454589;-20.5982
101.659;30.5151;1.05168;0.533576;0.0439528;-19.6468
110.485;30.5151;1.05914;0.522286;0.0415429;-18.7068
119.31;30.5151;1.03822;0.507101;0.0376789;-17.7093
128.135;30.5151;0.995221;0.48289;0.0323328;-16.6575
136.961;30.5151;0.945152;0.456256;0.0260429;-15.579
145.786;30.5151;0.905957;0.431809;0.0189714;-14.5004
154.612;30.5151;0.897856;0.409419;0.0115813;-13.436
163.437;30.5151;0.955381;0.383409;0.00892414;-12.4004
172.263;30.5151;0.973571;0.353333;0.00895588;-11.3056
181.088;30.5151;0.932285;0.317903;0.0103952;-10.1302
189.914;30.5151;0.878759;0.278056;0.00992825;-8.92861
198.739;30.5151;0.931644;0.233793;0.00982583;-7.81524
207.565;30.5151;1.01269;0.190854;0.0101298;-6.71758
216.39;30.5151;1.07774;0.146915;0.0110949;-5.5747
225.215;30.5151;1.10827;0.0983026;0.010766;-4.37472
234.041;30.5151;1.10455;0.0515341;0.012011;-3.15464
-224.883;21.6896;1.01462;0.0529696;0.0141574;-2.3748
-216.057;21.6896;1.02081;0.0396274;0.0105163;-3.52468
-207.232;21.6896;0.977158;0.0187358;0.00810976;-4.61845
-198.406;21.6896;0.945658;-0.00911746;0.00598902;-5.72785
-189.581;21.6896;0.973677;-0.0300424;0.000203341;-6.83741
-180.755;21.6896;0.979503;-0.0564579;-0.00581402;-7.98287
-171.93;21.6896;0.945033;-0.0808008;-0.0121847;-9.0905
-163.105;21.6896;0.90113;-0.101977;-0.0196285;-10.1837
-154.279;21.6896;0.882888;-0.120728;-0.0292678;-11.2704
-145.454;21.6896;0.886958;-0.141204;-0.0381542;-12.3617
-136.628;21.6896;0.841583;-0.159583;-0.0390036;-13.4324
-127.803;21.6896;0.788218;-0.174095;-0.0367928;-14.4784
-118.977;21.6896;0.768903;-0.18653;-0.0344423;-15.5032
-110.152;21.6896;0.762174;-0.201852;-0.0287596;-16.5221
-101.326;21.6896;0.752518;-0.214149;-0.0179509;-17.5377
-92.5009;21.6896;0.744016;-0.215886;-0.00739439;-18.5296
-83.6754;21.6896;0.747503;-0.210356;2.0303e-05;-19.491
-74.85;21.6896;0.754545;-0.209835;0.00755455;-20.4237
-66.0245;21.6896;0.734739;-0.208034;0.0228598;-21.2997
-57.1991;21.6896;0.728352;-0.201408;0.0440643;-22.1525
-48.3736;21.6896;0.784571;-0.188458;0.0651443;-23.0041
-39.5482;21.6896;0.895969;-0.166734;0.0860717;-23.8518
-30.7227;21.6896;1.00116;-0.138115;0.111702;-24.6095
-21.8972;21.6896;1.06984;-0.103376;0.139169;-25.24
-13.0718;21.6896;1.16794;-0.0659026;0.169035;-25.7742
-4.24634;21.6896;1.29043;-0.0322928;0.211798;-26.2085
4.57912;21.6896;1.29921;0.021697;0.22612;-26.3497
13.4046;21.6896;1.235;0.134227;0.182101;-26.3162
22.23;21.6896;1.32112;0.30921;0.100484;-26.3286
31.0555;21.6896;1.69851;0.445931;0.0487199;-26.3974
39.8809;21.6896;1.94341;0.515996;0.0371053;-26.2486
48.7064;21.6896;1.87326;0.535857;0.0370599;-25.6873
57.5318;21.6896;1.70887;0.547882;0.03489;-24.9504
66.3573;21.6896;1.64212;0.569013;0.0309225;-24.1816
75.1828;21.6896;1.56797;0.579437;0.0253498;-23.3067
84.0082;21.6896;1.38822;0.583513;0.0224202;-22.2913
92.8337;21.6896;1.24181;0.577222;0.0235687;-21.2549
101.659;21.6896;1.15467;0.565999;0.0242104;-20.2339
110.485;21.6896;1.10588;0.552067;0.0234648;-19.2113
119.31;21.6896;1.04414;0.537388;0.0193863;-18.1589
128.135;21.6896;0.987147;0.51328;0.0161821;-17.0659
136.961;21.6896;0.943352;0.483662;0.0136555;-15.9516
145.786;21.6896;0.906968;0.455706;0.0101934;-14.835
154.612;21.6896;0.882896;0.431257;0.00552873;-13.7276
163.437;21.6896;0.917764;0.402427;0.00443634;-12.6514
172.263;21.6896;0.932996;0.370358;0.00339894;-11.536
181.088;21.6896;0.881726;0.334954;0.00314134;-10.3277
189.914;21.6896;0.833287;0.296906;0.00369232;-9.10988
198.739;21.6896;0.94611;0.253064;0.00685568;-8.0413
207.565;21.6896;1.09593;0.209538;0.00934489;-6.99935
216.39;21.6896;1.20366;0.163909;0.0115159;-5.88401
225.215;21.6896;1.22865;0.112441;0.0120649;-4.67526
234.041;21.6896;1.21946;0.0589802;0.011227;-3.3985
242.866;21.6896;0.737962;0.0267207;0.017104;-2.05785
-224.883;12.8642;1.05612;0.0597183;0.0128049;-2.51015
-216.057;12.8642;1.06185;0.0391517;0.00864431;-3.6834
-207.232;12.8642;0.999945;0.0160985;0.00758316;-4.76776
-198.406;12.8642;0.968572;-0.0121872;0.00672292;-5.87772
-189.581;12.8642;0.981789;-0.035333;0.000488844;-7.0072
-180.755;12.8642;0.996518;-0.0637241;-0.00551395;-8.17488
-171.93;12.8642;0.943253;-0.0880835;-0.0122779;-9.27401
-163.105;12.8642;0.864096;-0.108746;-0.020999;-10.3547
-154.279;12.8642;0.831519;-0.127554;-0.0331934;-11.4493
-145.454;12.8642;0.848888;-0.149008;-0.0448407;-12.5776
-136.628;12.8642;0.842674;-0.165321;-0.0505022;-13.6809
-127.803;12.8642;0.829648;-0.179655;-0.0519431;-14.7614
-118.977;12.8642;0.811409;-0.192843;-0.0498809;-15.8194
-110.152;12.8642;0.788221;-0.209224;-0.0448205;-16.8595
-101.326;12.8642;0.763332;-0.222295;-0.0358049;-17.8922
-92.5009;12.8642;0.743872;-0.224512;-0.0255504;-18.896
-83.6754;12.8642;0.738293;-0.218707;-0.0166074;-19.8692
-74.85;12.8642;0.752105;-0.21951;-0.00997659;-20.8381
-66.0245;12.8642;0.749092;-0.217851;0.000805894;-21.7606
-57.1991;12.8642;0.750809;-0.209442;0.0171492;-22.6524
-48.3736;12.8642;0.801242;-0.195852;0.0374776;-23.541
-39.5482;12.8642;0.922001;-0.176033;0.0639743;-24.4414
-30.7227;12.8642;1.10148;-0.149421;0.0970485;-25.3034
-21.8972;12.8642;1.31405;-0.11646;0.131065;-26.0807
-13.0718;12.8642;1.48842;-0.0770563;0.161147;-26.7002
-4.24634;12.8642;1.44887;-0.0237267;0.187904;-27.0121
4.57912;12.8642;1.19981;0.0459191;0.180742;-26.8817
13.4046;12.8642;0.924123;0.16853;0.119535;-26.6864
22.23;12.8642;0.870682;0.341185;0.031971;-26.6538
31.0555;12.8642;1.09906;0.477017;-0.0245578;-26.6188
39.8809;12.8642;1.09734;0.549447;-0.0480054;-26.2296
48.7064;12.8642;1.0253;0.572255;-0.0565505;-25.5617
57.5318;12.8642;1.09551;0.593651;-0.0482808;-24.9629
66.3573;12.8642;1.33665;0.612719;-0.0287239;-24.4062
75.1828;12.8642;1.46785;0.614749;-0.0119139;-23.6841
84.0082;12.8642;1.32583;0.612292;-0.00376052;-22.6715
92.8337;12.8642;1.14837;0.601991;0.000803918;-21.5614
101.659;12.8642;0.996261;0.591307;0.00288634;-20.4562
110.485;12.8642;0.884863;0.576577;0.00268611;-19.3584
119.31;12.8642;0.80867;0.56074;0.000526484;-18.2723
128.135;12.8642;0.788571;0.536304;-0.000307586;-17.1906
136.961;12.8642;0.788863;0.507032;-0.000649886;-16.0948
145.786;12.8642;0.789086;0.47816;-0.00175007;-14.987
154.612;12.8642;0.789267;0.451149;-0.00320514;-13.8757
163.437;12.8642;0.827617;0.420215;-0.00179153;-12.7823
172.263;12.8642;0.851269;0.387204;-0.00155404;-11.6541
181.088;12.8642;0.802593;0.350727;-0.000909514;-10.4243
189.914;12.8642;0.764352;0.312476;0.000557164;-9.1993
198.739;12.8642;0.894679;0.269081;0.00471866;-8.13956
207.565;12.8642;1.11131;0.22506;0.00851071;-7.15266
216.39;12.8642;1.26532;0.180268;0.0105563;-6.07887
225.215;12.8642;1.31563;0.130563;0.0120647;-4.87521
234.041;12.8642;1.25629;0.080568;0.0128005;-3.5632
242.866;12.8642;1.02454;0.0392753;0.0172245;-2.15879
-233.708;4.0387;0.970567;0.0816077;0.0116684;-1.44297
-224.883;4.0387;1.05611;0.0704166;0.00756445;-2.58773
-216.057;4.0387;1.03173;0.0452689;0.00481329;-3.73232
-207.232;4.0387;0.905772;0.0127172;0.00572481;-4.8173
-198.406;4.0387;0.834545;-0.0196416;0.00608917;-5.92099
-189.581;4.0387;0.852567;-0.0454418;0.000399883;-7.06849
-180.755;4.0387;0.923193;-0.0730971;-0.0037003;-8.26717
-171.93;4.0387;0.879887;-0.0990736;-0.0096586;-9.3952
-163.105;4.0387;0.778041;-0.120765;-0.0204336;-10.5028
-154.279;4.0387;0.750704;-0.134913;-0.0376871;-11.6225
-145.454;4.0387;0.815251;-0.147284;-0.054589;-12.7525
-136.628;4.0387;0.828954;-0.162841;-0.0633923;-13.8695
-127.803;4.0387;0.817705;-0.178571;-0.065861;-14.9612
-118.977;4.0387;0.808385;-0.193948;-0.0626167;-16.0313
-110.152;4.0387;0.791061;-0.214241;-0.0577335;-17.1076
-101.326;4.0387;0.755854;-0.229207;-0.0528164;-18.1556
-92.5009;4.0387;0.710604;-0.231245;-0.0472021;-19.1546
-83.6754;4.0387;0.681998;-0.226695;-0.040041;-20.1257
-74.85;4.0387;0.695752;-0.229687;-0.0308326;-21.117
-66.0245;4.0387;0.714417;-0.226514;-0.0232345;-22.0743
-57.1991;4.0387;0.725944;-0.21594;-0.0125013;-22.9988
-48.3736;4.0387;0.765626;-0.201143;0.00469196;-23.9124
-39.5482;4.0387;0.876335;-0.180958;0.0330294;-24.8427
-30.7227;4.0387;1.07701;-0.152928;0.0692276;-25.7596
-21.8972;4.0387;1.33105;-0.113126;0.105598;-26.6188
-13.0718;4.0387;1.42379;-0.0592619;0.131346;-27.1985
-4.24634;4.0387;0.79131;0.00934922;0.145181;-27.2084
4.57912;4.0387;0.165894;0.0913484;0.119021;-26.8069
13.4046;4.0387;0.0502786;0.219263;0.0472874;-26.6587
22.23;4.0387;0.431554;0.360148;-0.0305746;-26.7678
31.0555;4.0387;0.675147;0.486009;-0.0821973;-26.6884
39.8809;4.0387;0.545811;0.556337;-0.11247;-26.1264
48.7064;4.0387;0.520612;0.588561;-0.126216;-25.4778
57.5318;4.0387;0.733694;0.618304;-0.116293;-24.9862
66.3573;4.0387;1.08008;0.639609;-0.0875068;-24.5157
75.1828;4.0387;1.27114;0.642152;-0.0577585;-23.8386
84.0082;4.0387;1.11627;0.63764;-0.0405709;-22.796
92.8337;4.0387;0.875649;0.623051;-0.0335034;-21.5906
101.659;4.0387;0.648453;0.6091;-0.0301912;-20.3843
110.485;4.0387;0.507238;0.59259;-0.0276672;-19.2366
119.31;4.0387;0.500926;0.572863;-0.0248842;-18.1828
128.135;4.0387;0.584916;0.548555;-0.022737;-17.1843
136.961;4.0387;0.655455;0.523915;-0.0219263;-16.1557
145.786;4.0387;0.700732;0.497701;-0.02088;-15.0851
154.612;4.0387;0.735282;0.468032;-0.0187674;-13.9844
163.437;4.0387;0.789184;0.43562;-0.0143277;-12.8891
172.263;4.0387;0.821612;0.402121;-0.0103788;-11.7526
181.088;4.0387;0.777993;0.365229;-0.00557516;-10.5156
189.914;4.0387;0.736501;0.325515;-0.000584432;-9.27683
198.739;4.0387;0.823765;0.282389;0.00457215;-8.16872
207.565;4.0387;1.06119;0.236634;0.00795889;-7.18724
216.39;4.0387;1.23013;0.189971;0.00874454;-6.1211
225.215;4.0387;1.27151;0.141434;0.0104691;-4.91644
234.041;4.0387;1.18081;0.0933723;0.015236;-3.5755
242.866;4.0387;1.01931;0.0480722;0.0217074;-2.17114
251.692;4.0387;0.994675;0.0366266;0.0253439;-0.794949
-233.708;-4.78675;0.917463;0.0876233;0.0118021;-1.4557
-224.883;-4.78675;0.994445;0.0720618;0.0090742;-2.61353
-216.057;-4.78675;0.947679;0.0441166;0.0068129;-3.73959
-207.232;-4.78675;0.796723;0.00753;0.00708841;-4.81196
-198.406;-4.78675;0.716482;-0.0270744;0.00550696;-5.90807
-189.581;-4.78675;0.745535;-0.0518264;-0.000403078;-7.06455
-180.755;-4.78675;0.872422;-0.0771955;-0.00174827;-8.29239
-171.93;-4.78675;0.889449;-0.0972815;-0.00790204;-9.45629
-163.105;-4.78675;0.831692;-0.109241;-0.022874;-10.5822
-154.279;-4.78675;0.817966;-0.115598;-0.0447829;-11.7223
-145.454;-4.78675;0.863743;-0.125285;-0.0623286;-12.8566
-136.628;-4.78675;0.845111;-0.146967;-0.0718555;-13.9861
-127.803;-4.78675;0.806519;-0.168166;-0.0745764;-15.08
-118.977;-4.78675;0.802731;-0.186261;-0.0713946;-16.1505
-110.152;-4.78675;0.78717;-0.206037;-0.0688647;-17.2331
-101.326;-4.78675;0.743456;-0.22011;-0.0689484;-18.2855
-92.5009;-4.78675;0.683742;-0.223566;-0.0691619;-19.2906
-83.6754;-4.78675;0.637338;-0.221499;-0.0657427;-20.2699
-74.85;-4.78675;0.641553;-0.224865;-0.057578;-21.2711
-66.0245;-4.78675;0.664505;-0.223508;-0.0520478;-22.2508
-57.1991;-4.78675;0.680742;-0.215338;-0.0462105;-23.2039
-48.3736;-4.78675;0.720361;-0.201748;-0.0338443;-24.1389
-39.5482;-4.78675;0.81216;-0.180342;-0.0113425;-25.0573
-30.7227;-4.78675;0.966209;-0.148234;0.0174725;-25.9384
-21.8972;-4.78675;1.14349;-0.104964;0.0459352;-26.7327
-13.0718;-4.78675;1.04402;-0.0442894;0.069461;-27.1789
-4.24634;-4.78675;0.161212;0.0294783;0.0819861;-26.9266
4.57912;-4.78675;-0.358994;0.122651;0.0426098;-26.5669
13.4046;-4.78675;-0.107541;0.262726;-0.0328409;-26.7448
22.23;-4.78675;0.522532;0.388635;-0.101367;-27.0533
31.0555;-4.78675;0.672897;0.492961;-0.137438;-26.9244
39.8809;-4.78675;0.508165;0.550102;-0.162154;-26.2455
48.7064;-4.78675;0.504454;0.586636;-0.173936;-25.6159
57.5318;-4.78675;0.692116;0.617209;-0.165196;-25.0966
66.3573;-4.78675;0.938002;0.639561;-0.138683;-24.5448
75.1828;-4.78675;1.04858;0.645447;-0.109114;-23.7805
84.0082;-4.78675;0.839811;0.641857;-0.0897719;-22.6676
92.8337;-4.78675;0.531381;0.627126;-0.0812965;-21.3884
101.659;-4.78675;0.27336;0.612328;-0.0755033;-20.1417
110.485;-4.78675;0.185482;0.597348;-0.068533;-19.0371
119.31;-4.78675;0.334187;0.581312;-0.0605051;-18.1269
128.135;-4.78675;0.560192;0.559781;-0.0547361;-17.2595
136.961;-4.78675;0.6778;0.536934;-0.0516437;-16.2705
145.786;-4.78675;0.743401;0.512499;-0.0475936;-15.216
154.612;-4.78675;0.804416;0.481083;-0.0410894;-14.126
163.437;-4.78675;0.873434;0.447282;-0.0335009;-13.0369
172.263;-4.78675;0.901538;0.413112;-0.0254686;-11.8932
181.088;-4.78675;0.842186;0.376599;-0.0148462;-10.6433
189.914;-4.78675;0.769188;0.336017;-0.0040018;-9.3707
198.739;-4.78675;0.787309;0.292332;0.00354059;-8.18648
207.565;-4.78675;0.976932;0.244646;0.00581862;-7.14214
216.39;-4.78675;1.13749;0.193712;0.00691653;-6.05144
225.215;-4.78675;1.1876;0.142888;0.0104626;-4.84474
234.041;-4.78675;1.10546;0.0956811;0.0181381;-3.51643
242.866;-4.78675;0.957532;0.0531432;0.0251366;-2.15779
251.692;-4.78675;0.939029;0.0380416;0.0269041;-0.813037
-233.708;-13.6122;0.91999;0.0939249;0.0164639;-1.44408
-224.883;-13.6122;0.971939;0.0797667;0.0157128;-2.62027
-216.057;-13.6122;0.930641;0.0518922;0.0158201;-3.7436
-207.232;-13.6122;0.846861;0.0132257;0.0147755;-4.84602
-198.406;-13.6122;0.79765;-0.0246412;0.0103221;-5.97039
-189.581;-13.6122;0.820681;-0.0502688;0.00245774;-7.13316
-180.755;-13.6122;0.91906;-0.0707062;-0.00232983;-8.34276
-171.93;-13.6122;0.914213;-0.0829891;-0.0141758;-9.50164
-163.105;-13.6122;0.853727;-0.0863257;-0.034398;-10.6158
-154.279;-13.6122;0.837878;-0.0896667;-0.0568805;-11.758
-145.454;-13.6122;0.867219;-0.103197;-0.0703688;-12.9026
-136.628;-13.6122;0.836473;-0.132487;-0.0766408;-14.0445
-127.803;-13.6122;0.798462;-0.156941;-0.080464;-15.1339
-118.977;-13.6122;0.792631;-0.173882;-0.0812686;-16.1981
-110.152;-13.6122;0.765927;-0.189721;-0.0841726;-17.2609
-101.326;-13.6122;0.714797;-0.20172;-0.0891188;-18.3046
-92.5009;-13.6122;0.661092;-0.206659;-0.0937015;-19.32
-83.6754;-13.6122;0.625794;-0.206251;-0.0948749;-20.3204
-74.85;-13.6122;0.616338;-0.207686;-0.0921727;-21.316
-66.0245;-13.6122;0.624545;-0.205925;-0.0907441;-22.2906
-57.1991;-13.6122;0.62297;-0.203607;-0.0876378;-23.2601
-48.3736;-13.6122;0.663582;-0.193124;-0.0787409;-24.2099
-39.5482;-13.6122;0.755989;-0.168481;-0.0652858;-25.1214
-30.7227;-13.6122;0.874823;-0.131236;-0.0504234;-25.9455
-21.8972;-13.6122;0.959652;-0.0861742;-0.0353323;-26.6317
-13.0718;-13.6122;0.723583;-0.0200165;-0.0196159;-26.9968
-4.24634;-13.6122;0.0637401;0.0655397;-0.0133606;-26.8137
4.57912;-13.6122;-0.0101293;0.176532;-0.0558909;-26.8075
13.4046;-13.6122;0.485767;0.313334;-0.127309;-27.2089
22.23;-13.6122;0.927745;0.423372;-0.179727;-27.4698
31.0555;-13.6122;0.845962;0.489693;-0.191019;-27.1293
39.8809;-13.6122;0.67888;0.533519;-0.203714;-26.3941
48.7064;-13.6122;0.649537;0.571175;-0.210002;-25.7408
57.5318;-13.6122;0.717417;0.600984;-0.201312;-25.1092
66.3573;-13.6122;0.799686;0.622228;-0.180234;-24.4073
75.1828;-13.6122;0.803043;0.630879;-0.156718;-23.5344
84.0082;-13.6122;0.57172;0.632772;-0.138378;-22.4015
92.8337;-13.6122;0.2536;0.625246;-0.125259;-21.1374
101.659;-13.6122;0.0667635;0.613697;-0.113214;-19.968
110.485;-13.6122;0.137427;0.602986;-0.102017;-19.0222
119.31;-13.6122;0.465554;0.591762;-0.0926756;-18.2896
128.135;-13.6122;0.794479;0.572875;-0.0876828;-17.5147
136.961;-13.6122;0.846945;0.549646;-0.0811228;-16.455
145.786;-13.6122;0.868224;0.522272;-0.0716827;-15.3423
154.612;-13.6122;0.955675;0.489367;-0.0617892;-14.2638
163.437;-13.6122;1.05441;0.452732;-0.0519271;-13.1926
172.263;-13.6122;1.05852;0.416021;-0.0404615;-12.0324
181.088;-13.6122;0.954052;0.379413;-0.0259229;-10.7506
189.914;-13.6122;0.829417;0.339984;-0.011911;-9.43214
198.739;-13.6122;0.789595;0.296428;-0.00298344;-8.17921
207.565;-13.6122;0.942183;0.245578;-0.000215941;-7.0831
216.39;-13.6122;1.11105;0.189361;0.00409717;-5.97909
225.215;-13.6122;1.18122;0.135331;0.0121259;-4.78383
234.041;-13.6122;1.13797;0.0921586;0.0213173;-3.4927
242.866;-13.6122;1.06152;0.055156;0.0278911;-2.16103
-233.708;-22.4377;0.934667;0.097746;0.022592;-1.42306
-224.883;-22.4377;0.984004;0.0986208;0.0217754;-2.55369
-216.057;-22.4377;0.938589;0.0710227;0.0223712;-3.68877
-207.232;-22.4377;0.906584;0.0312409;0.0206936;-4.83334
-198.406;-22.4377;0.920347;-0.00843138;0.0148324;-5.99296
-189.581;-22.4377;0.944129;-0.0352337;0.00627441;-7.1667
-180.755;-22.4377;0.980746;-0.052443;-0.00396864;-8.33138
-171.93;-22.4377;0.900072;-0.0614297;-0.0240046;-9.45373
-163.105;-22.4377;0.80875;-0.064135;-0.0490445;-10.5415
-154.279;-22.4377;0.797561;-0.0707181;-0.067902;-11.6821
-145.454;-22.4377;0.834823;-0.0870758;-0.0779128;-12.8354
-136.628;-22.4377;0.830083;-0.117175;-0.0851119;-13.9937
-127.803;-22.4377;0.807489;-0.142778;-0.0926976;-15.1045
-118.977;-22.4377;0.792222;-0.157228;-0.0981784;-16.1724
-110.152;-22.4377;0.739512;-0.169432;-0.105754;-17.2109
-101.326;-22.4377;0.675577;-0.181346;-0.114726;-18.2378
-92.5009;-22.4377;0.636694;-0.18989;-0.122568;-19.2609
-83.6754;-22.4377;0.629255;-0.192028;-0.128329;-20.2812
-74.85;-22.4377;0.618903;-0.190469;-0.132198;-21.2589
-66.0245;-22.4377;0.601886;-0.186142;-0.136676;-22.2017
-57.1991;-22.4377;0.571527;-0.186496;-0.136286;-23.1495
-48.3736;-22.4377;0.605861;-0.176387;-0.130699;-24.0896
-39.5482;-22.4377;0.717249;-0.148173;-0.125861;-24.9895
-30.7227;-22.4377;0.84868;-0.105867;-0.125885;-25.7899
-21.8972;-22.4377;0.898937;-0.0546742;-0.127702;-26.4489
-13.0718;-22.4377;0.698448;0.0205813;-0.128519;-26.8453
-4.24634;-22.4377;0.41487;0.108491;-0.130465;-26.8778
4.57912;-22.4377;0.586892;0.220618;-0.169307;-27.115
13.4046;-22.4377;0.951951;0.326556;-0.21282;-27.3826
22.23;-22.4377;1.0605;0.405313;-0.229372;-27.3751
31.0555;-22.4377;0.842742;0.460428;-0.223219;-26.8989
39.8809;-22.4377;0.713007;0.509803;-0.23358;-26.2308
48.7064;-22.4377;0.690433;0.549837;-0.237988;-25.5826
57.5318;-22.4377;0.681764;0.580312;-0.229904;-24.8792
66.3573;-22.4377;0.654514;0.600809;-0.213203;-24.0818
75.1828;-22.4377;0.607295;0.609892;-0.194921;-23.1744
84.0082;-22.4377;0.456377;0.613478;-0.177854;-22.1344
92.8337;-22.4377;0.244522;0.611888;-0.160251;-20.9991
101.659;-22.4377;0.19858;0.602788;-0.142372;-19.9787
110.485;-22.4377;0.425991;0.593323;-0.128996;-19.1828
119.31;-22.4377;0.853755;0.581861;-0.122155;-18.5226
128.135;-22.4377;1.06488;0.568828;-0.116266;-17.6739
136.961;-22.4377;0.951607;0.547625;-0.103186;-16.4679
145.786;-22.4377;0.902311;0.519642;-0.0872769;-15.2845
154.612;-22.4377;1.0172;0.489134;-0.0732956;-14.2344
163.437;-22.4377;1.18887;0.451977;-0.0613507;-13.2212
172.263;-22.4377;1.21673;0.413481;-0.0496598;-12.0845
181.088;-22.4377;1.12379;0.374552;-0.0343023;-10.814
189.914;-22.4377;1.0137;0.332713;-0.0189879;-9.50605
198.739;-22.4377;0.979471;0.286528;-0.00819225;-8.24926
207.565;-22.4377;1.08391;0.23406;-0.00237894;-7.10528
216.39;-22.4377;1.21551;0.174781;0.00623104;-5.95308
225.215;-22.4377;1.28015;0.121212;0.0180186;-4.74227
234.041;-22.4377;1.23663;0.0821625;0.0281184;-3.47631
242.866;-22.4377;1.16117;0.0596454;0.0346667;-2.20103
-233.708;-31.2631;0.976225;0.113145;0.0308971;-1.36273
-224.883;-31.2631;0.935487;0.10374;0.0288388;-2.46016
-216.057;-31.2631;0.883166;0.086289;0.0272435;-3.56933
-207.232;-31.2631;0.870527;0.0467748;0.024915;-4.73894
-198.406;-31.2631;0.933636;0.00923585;0.0191097;-5.92087
-189.581;-31.2631;0.965484;-0.0174613;0.00873768;-7.08827
-180.755;-31.2631;0.969713;-0.0307202;-0.00685302;-8.22316
-171.93;-31.2631;0.866385;-0.0363307;-0.0332518;-9.33063
-163.105;-31.2631;0.775988;-0.0436383;-0.0599937;-10.4277
-154.279;-31.2631;0.772905;-0.0575053;-0.075353;-11.57
-145.454;-31.2631;0.818168;-0.0755248;-0.085072;-12.7142
-136.628;-31.2631;0.838813;-0.101909;-0.0970248;-13.8692
-127.803;-31.2631;0.838141;-0.126341;-0.110313;-15.0086
-118.977;-31.2631;0.811703;-0.139693;-0.119128;-16.0777
-110.152;-31.2631;0.734414;-0.151928;-0.128763;-17.098
-101.326;-31.2631;0.653594;-0.165945;-0.14087;-18.1027
-92.5009;-31.2631;0.618838;-0.178402;-0.152432;-19.1183
-83.6754;-31.2631;0.630641;-0.183716;-0.163449;-20.1361
-74.85;-31.2631;0.63091;-0.180899;-0.172717;-21.0954
-66.0245;-31.2631;0.591787;-0.175901;-0.181209;-21.984
-57.1991;-31.2631;0.550376;-0.168936;-0.183559;-22.9385
-48.3736;-31.2631;0.582774;-0.110395;-0.177877;-24.506
-39.5482;-31.2631;0.701108;-0.0980961;-0.182339;-25.0142
-30.7227;-31.2631;0.832821;-0.0807038;-0.193389;-25.4088
-21.8972;-31.2631;0.862272;-0.023341;-0.20476;-26.0678
-13.0718;-31.2631;0.793594;0.0507265;-0.215984;-26.4721
-4.24634;-31.2631;0.695952;0.137825;-0.226601;-26.6645
4.57912;-31.2631;0.756414;0.227507;-0.244283;-26.8689
13.4046;-31.2631;0.893639;0.308218;-0.25798;-26.9638
22.23;-31.2631;0.926418;0.377296;-0.26111;-26.8238
31.0555;-31.2631;0.764656;0.433724;-0.256467;-26.3894
39.8809;-31.2631;0.698891;0.481613;-0.262125;-25.8205
48.7064;-31.2631;0.683316;0.521645;-0.262178;-25.2047
57.5318;-31.2631;0.644743;0.554401;-0.253356;-24.4959
66.3573;-31.2631;0.584812;0.576928;-0.238127;-23.6821
75.1828;-31.2631;0.534326;0.588073;-0.220582;-22.789
84.0082;-31.2631;0.472089;0.593171;-0.202375;-21.858
92.8337;-31.2631;0.388996;0.593644;-0.181745;-20.8724
101.659;-31.2631;0.461422;0.585014;-0.161729;-19.9737
110.485;-31.2631;0.710067;0.575439;-0.148785;-19.2055
119.31;-31.2631;1.01956;0.56547;-0.143628;-18.4591
128.135;-31.2631;1.10897;0.554461;-0.13675;-17.5007
136.961;-31.2631;0.917069;0.53429;-0.117816;-16.2276
145.786;-31.2631;0.856762;0.50563;-0.097528;-15.0337
154.612;-31.2631;0.990883;0.480179;-0.0817157;-14.016
163.437;-31.2631;1.18993;0.449217;-0.0679916;-13.0394
172.263;-31.2631;1.26699;0.412203;-0.0547981;-11.9564
181.088;-31.2631;1.22426;0.3702;-0.0401613;-10.7349
189.914;-31.2631;1.15959;0.322794;-0.0261728;-9.46539
198.739;-31.2631;1.1402;0.27225;-0.0136086;-8.21957
207.565;-31.2631;1.18078;0.219291;-0.00383342;-7.02234
216.39;-31.2631;1.26145;0.160477;0.00791892;-5.82636
225.215;-31.2631;1.32227;0.108055;0.0206117;-4.60701
234.041;-31.2631;1.29562;0.0703253;0.0314967;-3.32445
242.866;-31.2631;1.23039;0.0551377;0.0374051;-2.08649
-224.883;-40.0886;0.878485;0.122214;0.0340478;-2.28097
-216.057;-40.0886;0.776793;0.0977393;0.0298282;-3.38253
-207.232;-40.0886;0.81234;0.0656846;0.0270874;-4.55055
-198.406;-40.0886;0.887623;0.0299549;0.0223611;-5.75721
-189.581;-40.0886;0.894275;0.00454575;0.0082323;-6.91419
-180.755;-40.0886;0.878861;-0.00297151;-0.0146306;-8.03608
-171.93;-40.0886;0.837144;-0.00434813;-0.0453673;-9.14361
-163.105;-40.0886;0.799244;-0.0176712;-0.0705517;-10.2707
-154.279;-40.0886;0.793392;-0.0406379;-0.083887;-11.4046
-145.454;-40.0886;0.814337;-0.0647533;-0.094978;-12.5321
-136.628;-40.0886;0.834103;-0.0905199;-0.110246;-13.6698
-127.803;-40.0886;0.862177;-0.111444;-0.125788;-14.8163
-118.977;-40.0886;0.843026;-0.125063;-0.136112;-15.892
-110.152;-40.0886;0.764544;-0.14123;-0.146849;-16.9084
-101.326;-40.0886;0.674211;-0.157149;-0.161223;-17.886
-92.5009;-40.0886;0.629524;-0.168865;-0.177017;-18.8736
-83.6754;-40.0886;0.638165;-0.173732;-0.194166;-19.8674
-74.85;-40.0886;0.635258;-0.172352;-0.208137;-20.8116
-66.0245;-40.0886;0.589351;-0.165649;-0.21763;-21.6916
-30.7227;-40.0886;0.777794;-0.0575008;-0.243727;-24.9392
-21.8972;-40.0886;0.745955;-0.00206861;-0.255518;-25.522
-13.0718;-40.0886;0.735334;0.0686392;-0.265856;-25.9133
-4.24634;-40.0886;0.720812;0.152646;-0.27616;-26.1658
4.57912;-40.0886;0.731063;0.229758;-0.284012;-26.2922
13.4046;-40.0886;0.746188;0.296102;-0.284714;-26.2739
22.23;-40.0886;0.729607;0.353596;-0.280189;-26.0845
31.0555;-40.0886;0.660023;0.405778;-0.279202;-25.7218
39.8809;-40.0886;0.60733;0.451908;-0.282531;-25.2161
48.7064;-40.0886;0.571975;0.491511;-0.277709;-24.6134
57.5318;-40.0886;0.527565;0.525453;-0.265811;-23.9213
66.3573;-40.0886;0.483725;0.551833;-0.251113;-23.1504
75.1828;-40.0886;0.458638;0.568274;-0.236336;-22.3178
84.0082;-40.0886;0.443012;0.576569;-0.21839;-21.4561
92.8337;-40.0886;0.437177;0.574351;-0.196197;-20.5549
101.659;-40.0886;0.527062;0.566414;-0.176098;-19.6877
110.485;-40.0886;0.688307;0.555848;-0.163278;-18.8486
119.31;-40.0886;0.838679;0.544389;-0.156952;-17.9748
128.135;-40.0886;0.865206;0.532658;-0.148919;-16.9592
136.961;-40.0886;0.756769;0.512775;-0.129111;-15.7694
145.786;-40.0886;0.755945;0.485124;-0.108064;-14.6372
154.612;-40.0886;0.881961;0.461564;-0.0910061;-13.6244
163.437;-40.0886;1.04644;0.433886;-0.075614;-12.6328
172.263;-40.0886;1.14595;0.398105;-0.0626862;-11.5769
181.088;-40.0886;1.15042;0.355775;-0.0503818;-10.4079
189.914;-40.0886;1.12767;0.308045;-0.0382345;-9.18869
198.739;-40.0886;1.11418;0.260019;-0.0249198;-7.96784
207.565;-40.0886;1.10563;0.208739;-0.0122002;-6.73879
216.39;-40.0886;1.15201;0.154745;-0.000522966;-5.53271
225.215;-40.0886;1.21308;0.106618;0.0114236;-4.33486
234.041;-40.0886;1.24488;0.0717162;0.021705;-3.09629
242.866;-40.0886;1.24717;0.0487186;0.0307483;-1.83909
-224.883;-48.914;0.865922;0.142942;0.0354216;-2.09367
-216.057;-48.914;0.72898;0.107713;0.0286515;-3.20183
-207.232;-48.914;0.812433;0.0836049;0.0268145;-4.35724
-198.406;-48.914;0.880734;0.0546608;0.0227165;-5.56267
-189.581;-48.914;0.833176;0.0377425;0.00377787;-6.69472
-180.755;-48.914;0.791135;0.0377245;-0.0274245;-7.79764
-171.93;-48.914;0.824701;0.034199;-0.0600629;-8.90905
-163.105;-48.914;0.841976;0.0132205;-0.0818479;-10.0582
-154.279;-48.914;0.809374;-0.0185749;-0.0940262;-11.1656
-145.454;-48.914;0.767408;-0.0543316;-0.106253;-12.2715
-136.628;-48.914;0.770203;-0.0854773;-0.122227;-13.3925
-127.803;-48.914;0.826843;-0.102248;-0.135239;-14.5401
-118.977;-48.914;0.856381;-0.112323;-0.145829;-15.6106
-110.152;-48.914;0.794969;-0.129936;-0.15926;-16.6322
-101.326;-48.914;0.715187;-0.144552;-0.174733;-17.5964
-92.5009;-48.914;0.675647;-0.152011;-0.192345;-18.5473
-83.6754;-48.914;0.674414;-0.15344;-0.214042;-19.5054
-74.85;-48.914;0.658513;-0.152641;-0.231045;-20.3956
-66.0245;-48.914;0.61066;-0.1457;-0.242782;-21.2733
-57.1991;-48.914;0.586636;-0.139523;-0.246479;-22.1387
-30.7227;-48.914;0.659317;-0.0369924;-0.280053;-24.3214
-21.8972;-48.914;0.60846;0.0162659;-0.287743;-24.8424
-13.0718;-48.914;0.635532;0.0831614;-0.291123;-25.2229
-4.24634;-48.914;0.670246;0.156443;-0.295027;-25.471
4.57912;-48.914;0.666519;0.225642;-0.300389;-25.5621
13.4046;-48.914;0.628165;0.28442;-0.299723;-25.4909
22.23;-48.914;0.577527;0.333283;-0.29386;-25.2726
31.0555;-48.914;0.530984;0.380276;-0.293798;-24.9441
39.8809;-48.914;0.466423;0.423901;-0.296796;-24.4614
48.7064;-48.914;0.407715;0.463663;-0.295968;-23.8623
57.5318;-48.914;0.373099;0.497504;-0.288206;-23.2008
66.3573;-48.914;0.344315;0.525958;-0.275406;-22.4747
75.1828;-48.914;0.307852;0.544448;-0.261777;-21.6625
84.0082;-48.914;0.271367;0.553618;-0.247265;-20.8057
92.8337;-48.914;0.286973;0.550404;-0.224884;-19.9454
101.659;-48.914;0.340222;0.543092;-0.202485;-19.0682
110.485;-48.914;0.408089;0.532717;-0.18603;-18.1615
119.31;-48.914;0.471912;0.519989;-0.174988;-17.2204
128.135;-48.914;0.525427;0.506543;-0.163141;-16.2399
136.961;-48.914;0.58322;0.48804;-0.144679;-15.2212
145.786;-48.914;0.663903;0.46424;-0.122911;-14.1872
154.612;-48.914;0.762039;0.44017;-0.101835;-13.1661
163.437;-48.914;0.858186;0.412256;-0.0829093;-12.1372
172.263;-48.914;0.927673;0.378263;-0.0696255;-11.0653
181.088;-48.914;0.938949;0.338876;-0.058925;-9.91309
189.914;-48.914;0.926545;0.294495;-0.0485352;-8.71672
198.739;-48.914;0.914814;0.249798;-0.0357995;-7.51502
207.565;-48.914;0.91584;0.199697;-0.0224304;-6.30731
216.39;-48.914;0.96787;0.149652;-0.0111412;-5.12489
225.215;-48.914;1.02862;0.109799;-0.00322484;-3.96862
234.041;-48.914;1.06273;0.0694106;0.00406195;-2.75184
242.866;-48.914;1.04904;0.0298179;0.0162417;-1.48488
-224.883;-57.7395;0.947195;0.16253;0.0355725;-1.96172
-216.057;-57.7395;0.801921;0.120782;0.0277459;-3.04782
-207.232;-57.7395;0.859252;0.0970041;0.0285263;-4.16594
-198.406;-57.7395;0.91912;0.0817177;0.0228836;-5.33527
-189.581;-57.7395;0.851179;0.0798856;-0.00287032;-6.45537
-180.755;-57.7395;0.810646;0.0841735;-0.037706;-7.54421
-171.93;-57.7395;0.836867;0.0666533;-0.0674739;-8.65673
-163.105;-57.7395;0.841083;0.036534;-0.0857521;-9.78974
-154.279;-57.7395;0.784737;0.00297203;-0.0974109;-10.8525
-145.454;-57.7395;0.706254;-0.0348952;-0.111032;-11.9188
-136.628;-57.7395;0.685104;-0.0671138;-0.127768;-13.0132
-127.803;-57.7395;0.778949;-0.0825601;-0.13858;-14.15
-118.977;-57.7395;0.82595;-0.0922128;-0.150015;-15.2133
-110.152;-57.7395;0.772569;-0.111199;-0.168243;-16.2363
-101.326;-57.7395;0.709397;-0.124548;-0.186313;-17.1892
-92.5009;-57.7395;0.672548;-0.129363;-0.20156;-18.1084
-83.6754;-57.7395;0.653724;-0.129153;-0.219711;-19.0204
-74.85;-57.7395;0.632789;-0.128169;-0.241964;-19.8736
-30.7227;-57.7395;0.603584;-0.021159;-0.311453;-23.5587
-21.8972;-57.7395;0.548689;0.0315946;-0.318716;-24.0487
-13.0718;-57.7395;0.555777;0.0950563;-0.320819;-24.416
-4.24634;-57.7395;0.584587;0.158642;-0.322979;-24.6509
4.57912;-57.7395;0.576389;0.219178;-0.326323;-24.7204
13.4046;-57.7395;0.524496;0.272224;-0.325289;-24.6271
22.23;-57.7395;0.460668;0.317093;-0.319253;-24.4023
31.0555;-57.7395;0.413791;0.359436;-0.317029;-24.083
39.8809;-57.7395;0.354375;0.401676;-0.32161;-23.6239
48.7064;-57.7395;0.302228;0.441495;-0.326552;-23.0659
57.5318;-57.7395;0.283121;0.475196;-0.325912;-22.4507
66.3573;-57.7395;0.249495;0.503264;-0.316809;-21.7463
75.1828;-57.7395;0.17243;0.518294;-0.302548;-20.9109
84.0082;-57.7395;0.0866139;0.529653;-0.290268;-20.0588
92.8337;-57.7395;0.0942326;0.529466;-0.27029;-19.2291
101.659;-57.7395;0.122364;0.524712;-0.248069;-18.3672
110.485;-57.7395;0.166296;0.516308;-0.228715;-17.465
119.31;-57.7395;0.249459;0.504146;-0.212257;-16.5517
128.135;-57.7395;0.410716;0.486797;-0.193247;-15.6729
136.961;-57.7395;0.575063;0.466238;-0.169473;-14.767
145.786;-57.7395;0.696298;0.445623;-0.14175;-13.8058
154.612;-57.7395;0.780799;0.419965;-0.114742;-12.7939
163.437;-57.7395;0.846374;0.389265;-0.0918088;-11.7525
172.263;-57.7395;0.913719;0.354026;-0.0754809;-10.6812
181.088;-57.7395;0.944669;0.31547;-0.0625518;-9.54422
189.914;-57.7395;0.950389;0.273281;-0.050879;-8.37333
198.739;-57.7395;0.956095;0.231726;-0.0368377;-7.20786
207.565;-57.7395;0.990324;0.184548;-0.0232807;-6.04697
216.39;-57.7395;1.04892;0.13857;-0.0124599;-4.89246
225.215;-57.7395;1.0638;0.0985581;-0.00493922;-3.71685
234.041;-57.7395;1.0427;0.0537713;0.00191148;-2.45046
242.866;-57.7395;1.01107;0.000126544;0.0147479;-1.14288
-216.057;-66.5649;0.901035;0.138511;0.0334761;-2.84728
-207.232;-66.5649;0.893053;0.112239;0.031416;-3.92603
-198.406;-66.5649;0.910619;0.105125;0.0187633;-5.04291
-189.581;-66.5649;0.87609;0.120243;-0.0103819;-6.11264
-180.755;-66.5649;0.833207;0.115093;-0.0416726;-7.20457
-171.93;-66.5649;0.825691;0.087321;-0.0657426;-8.31871
-163.105;-66.5649;0.825733;0.0529698;-0.0802667;-9.44437
-154.279;-66.5649;0.788037;0.0219387;-0.0927475;-10.5046
-145.454;-66.5649;0.714623;-0.00901718;-0.109211;-11.5433
-136.628;-66.5649;0.661305;-0.0378278;-0.127272;-12.5886
-127.803;-66.5649;0.679361;-0.0571313;-0.140465;-13.6798
-118.977;-66.5649;0.700673;-0.0678608;-0.156075;-14.7158
-110.152;-66.5649;0.670074;-0.0879796;-0.179973;-15.7255
-101.326;-66.5649;0.631413;-0.102278;-0.201321;-16.6679
-92.5009;-66.5649;0.597172;-0.108637;-0.216625;-17.5705
-83.6754;-66.5649;0.567575;-0.109809;-0.234115;-18.4464
-74.85;-66.5649;0.548674;-0.107866;-0.260809;-19.2727
-30.7227;-66.5649;0.596271;-0.00472628;-0.356789;-22.7463
-21.8972;-66.5649;0.566362;0.0456223;-0.369107;-23.2116
-13.0718;-66.5649;0.530771;0.103491;-0.377566;-23.5383
-4.24634;-66.5649;0.52114;0.160279;-0.381221;-23.7508
4.57912;-66.5649;0.51681;0.212291;-0.382352;-23.8104
13.4046;-66.5649;0.482112;0.258445;-0.378104;-23.7181
22.23;-66.5649;0.432345;0.301062;-0.368414;-23.5175
31.0555;-66.5649;0.398952;0.341242;-0.360312;-23.2228
39.8809;-66.5649;0.373328;0.382839;-0.360249;-22.8162
48.7064;-66.5649;0.362578;0.419884;-0.362518;-22.3338
57.5318;-66.5649;0.366927;0.453423;-0.365963;-21.775
66.3573;-66.5649;0.34401;0.483747;-0.361769;-21.1173
75.1828;-66.5649;0.278969;0.502389;-0.344988;-20.3436
84.0082;-66.5649;0.210789;0.512919;-0.326853;-19.5496
92.8337;-66.5649;0.2275;0.514652;-0.306584;-18.7637
101.659;-66.5649;0.280477;0.509141;-0.284105;-17.9419
110.485;-66.5649;0.371809;0.497787;-0.262271;-17.0851
119.31;-66.5649;0.516321;0.483266;-0.242101;-16.2313
128.135;-66.5649;0.726607;0.464382;-0.218326;-15.4142
136.961;-66.5649;0.960386;0.439416;-0.191729;-14.581
145.786;-66.5649;1.07664;0.418271;-0.159744;-13.6448
154.612;-66.5649;1.10651;0.393293;-0.128868;-12.6089
163.437;-66.5649;1.10497;0.363728;-0.101869;-11.5197
172.263;-66.5649;1.12433;0.328865;-0.0799981;-10.4149
181.088;-66.5649;1.12225;0.290916;-0.0612597;-9.26266
189.914;-66.5649;1.10562;0.250359;-0.0465873;-8.0904
198.739;-66.5649;1.09572;0.212056;-0.0324358;-6.93231
207.565;-66.5649;1.11382;0.167884;-0.0204104;-5.7741
216.39;-66.5649;1.13487;0.124089;-0.0100388;-4.6028
225.215;-66.5649;1.08043;0.0834321;-0.00300821;-3.3909
234.041;-66.5649;1.0175;0.0379944;0.00391442;-2.10466
-216.057;-75.3904;0.949898;0.159421;0.0433517;-2.587
-207.232;-75.3904;0.876867;0.13161;0.0341967;-3.61957
-198.406;-75.3904;0.812849;0.125236;0.00941792;-4.69029
-189.581;-75.3904;0.730087;0.129326;-0.0229968;-5.74724
-180.755;-75.3904;0.700644;0.11293;-0.0514076;-6.83175
-171.93;-75.3904;0.710295;0.0837399;-0.0732023;-7.92702
-163.105;-75.3904;0.733936;0.0530164;-0.0883814;-9.03503
-154.279;-75.3904;0.740455;0.0281354;-0.101089;-10.096
-145.454;-75.3904;0.707293;0.00384666;-0.116596;-11.1209
-136.628;-75.3904;0.64791;-0.022177;-0.134729;-12.1187
-127.803;-75.3904;0.613894;-0.0421842;-0.152608;-13.149
-118.977;-75.3904;0.599771;-0.0527621;-0.172924;-14.1484
-110.152;-75.3904;0.579354;-0.0691606;-0.200327;-15.1344
-101.326;-75.3904;0.560919;-0.0806324;-0.224703;-16.0643
-92.5009;-75.3904;0.534831;-0.0882692;-0.242818;-16.9541
-83.6754;-75.3904;0.50691;-0.0920183;-0.26282;-17.8108
-74.85;-75.3904;0.498172;-0.0893095;-0.291203;-18.6193
-66.0245;-75.3904;0.519005;-0.0783974;-0.318481;-19.4084
-57.1991;-75.3904;0.525238;-0.0634295;-0.346429;-20.1141
-30.7227;-75.3904;0.611536;0.0147171;-0.408853;-21.9054
-21.8972;-75.3904;0.626673;0.0577982;-0.426769;-22.339
-13.0718;-75.3904;0.581642;0.10972;-0.441031;-22.6534
-4.24634;-75.3904;0.551274;0.161968;-0.442751;-22.8428
4.57912;-75.3904;0.560122;0.209141;-0.440979;-22.9185
13.4046;-75.3904;0.569317;0.250579;-0.436218;-22.8812
22.23;-75.3904;0.565344;0.287995;-0.428901;-22.7322
31.0555;-75.3904;0.562363;0.323829;-0.415753;-22.4834
39.8809;-75.3904;0.583095;0.357734;-0.397595;-22.1416
48.7064;-75.3904;0.617587;0.38973;-0.387023;-21.7262
57.5318;-75.3904;0.681257;0.422583;-0.39197;-21.2443
66.3573;-75.3904;0.772195;0.454281;-0.394328;-20.7102
75.1828;-75.3904;0.855197;0.476648;-0.377519;-20.0987
84.0082;-75.3904;0.882269;0.487112;-0.355506;-19.4016
92.8337;-75.3904;0.80553;0.492647;-0.334368;-18.5972
101.659;-75.3904;0.891397;0.482086;-0.309754;-17.8113
110.485;-75.3904;1.05314;0.468282;-0.282713;-17.0399
119.31;-75.3904;1.19518;0.455198;-0.256731;-16.2225
128.135;-75.3904;1.27686;0.440186;-0.230747;-15.323
136.961;-75.3904;1.43191;0.413023;-0.201496;-14.4414
145.786;-75.3904;1.48144;0.386141;-0.167769;-13.4482
154.612;-75.3904;1.45642;0.359361;-0.134543;-12.3736
163.437;-75.3904;1.40393;0.330629;-0.103498;-11.2507
172.263;-75.3904;1.36801;0.297697;-0.0759974;-10.1074
181.088;-75.3904;1.31483;0.263851;-0.0527339;-8.93509
189.914;-75.3904;1.25233;0.226234;-0.0358258;-7.74594
198.739;-75.3904;1.20367;0.190308;-0.0229903;-6.57192
207.565;-75.3904;1.18355;0.148911;-0.0132711;-5.39474
216.39;-75.3904;1.15478;0.106196;-0.00358752;-4.18976
225.215;-75.3904;1.06345;0.0655962;0.00399473;-2.95934
234.041;-75.3904;1.0136;0.0278876;0.00966982;-1.73508
-216.057;-84.2158;1.00369;0.175083;0.0531588;-2.25178
-207.232;-84.2158;0.839883;0.153282;0.037889;-3.24904
-198.406;-84.2158;0.730979;0.141197;0.00403857;-4.29591
-189.581;-84.2158;0.652312;0.1312;-0.0281459;-5.34367
-180.755;-84.2158;0.627619;0.106359;-0.0564165;-6.41778
-171.93;-84.2158;0.645645;0.0771097;-0.0797609;-7.49579
-163.105;-84.2158;0.664561;0.0492236;-0.0989602;-8.57796
-154.279;-84.2158;0.67174;0.0268483;-0.115182;-9.62422
-145.454;-84.2158;0.662174;0.0059244;-0.131355;-10.6338
-136.628;-84.2158;0.634759;-0.0161127;-0.148772;-11.6122
-127.803;-84.2158;0.604648;-0.0338683;-0.170709;-12.6046
-118.977;-84.2158;0.583642;-0.044241;-0.196791;-13.5794
-110.152;-84.2158;0.581277;-0.05633;-0.227359;-14.5419
-101.326;-84.2158;0.575613;-0.0636285;-0.255721;-15.4589
-92.5009;-84.2158;0.556528;-0.0699362;-0.27751;-16.3278
-83.6754;-84.2158;0.536586;-0.0737838;-0.298699;-17.1609
-74.85;-84.2158;0.539308;-0.0699779;-0.324489;-17.9552
-66.0245;-84.2158;0.568919;-0.0579852;-0.349215;-18.7141
-57.1991;-84.2158;0.580059;-0.0401145;-0.375816;-19.3712
-48.3736;-84.2158;0.558376;0.033613;-0.433743;-20.7616
-39.5482;-84.2158;0.583577;0.0881047;-0.46746;-21.617
-30.7227;-84.2158;0.64618;0.0363742;-0.442241;-21.0262
-21.8972;-84.2158;0.695398;0.0711119;-0.458995;-21.4362
-13.0718;-84.2158;0.701561;0.11421;-0.47167;-21.7658
-4.24634;-84.2158;0.708334;0.16251;-0.468393;-21.9568
4.57912;-84.2158;0.70673;0.206745;-0.460339;-22.0429
13.4046;-84.2158;0.71595;0.243998;-0.455089;-22.027
22.23;-84.2158;0.724198;0.276332;-0.451724;-21.9113
31.0555;-84.2158;0.732775;0.306243;-0.440073;-21.7054
39.8809;-84.2158;0.778332;0.335195;-0.417516;-21.4307
48.7064;-84.2158;0.902044;0.364356;-0.406301;-21.1047
57.5318;-84.2158;0.990934;0.406182;-0.419225;-20.6859
66.3573;-84.2158;1.12534;0.444171;-0.427648;-20.2403
75.1828;-84.2158;1.28482;0.466402;-0.411334;-19.7355
84.0082;-84.2158;1.37189;0.472012;-0.388299;-19.0981
92.8337;-84.2158;1.29131;0.471916;-0.36611;-18.2859
101.659;-84.2158;1.36088;0.457787;-0.336476;-17.5044
110.485;-84.2158;1.49989;0.444844;-0.300122;-16.7577
119.31;-84.2158;1.61961;0.428444;-0.263844;-15.9435
128.135;-84.2158;1.67066;0.412467;-0.229152;-15.0373
136.961;-84.2158;1.74476;0.383122;-0.196546;-14.0895
145.786;-84.2158;1.71012;0.352173;-0.163785;-13.0267
154.612;-84.2158;1.62591;0.322746;-0.128928;-11.9062
163.437;-84.2158;1.54478;0.294259;-0.0929543;-10.7709
172.263;-84.2158;1.49882;0.263121;-0.0608694;-9.63758
181.088;-84.2158;1.42098;0.232817;-0.0363076;-8.4726
189.914;-84.2158;1.32074;0.198158;-0.0195499;-7.276
198.739;-84.2158;1.23096;0.16399;-0.00743205;-6.08259
207.565;-84.2158;1.17296;0.126901;0.000919034;-4.89072
216.39;-84.2158;1.11585;0.0880587;0.0089814;-3.67831
225.215;-84.2158;1.06681;0.0550287;0.01333;-2.48665
234.041;-84.2158;1.06963;0.0248963;0.0159245;-1.36722
-216.057;-93.0413;1.06898;0.191821;0.0630624;-1.81157
-207.232;-93.0413;0.822273;0.16607;0.0408175;-2.86405
-198.406;-93.0413;0.71577;0.151404;0.00688168;-3.90014
-189.581;-93.0413;0.69599;0.130902;-0.024467;-4.94851
-180.755;-93.0413;0.677793;0.102475;-0.0546535;-6.01135
-171.93;-93.0413;0.682748;0.0743662;-0.0802211;-7.06007
-163.105;-93.0413;0.664455;0.0470542;-0.103233;-8.09632
-154.279;-93.0413;0.638485;0.0240224;-0.123698;-9.10999
-145.454;-93.0413;0.629637;0.00567669;-0.141405;-10.1019
-136.628;-93.0413;0.634518;-0.00952873;-0.157701;-11.0735
-127.803;-93.0413;0.623049;-0.0225;-0.181001;-12.0266
-118.977;-93.0413;0.608085;-0.0341968;-0.211284;-12.9747
-110.152;-93.0413;0.637475;-0.0463763;-0.242758;-13.9211
-101.326;-93.0413;0.641485;-0.0534321;-0.27065;-14.8196
-92.5009;-93.0413;0.632455;-0.0571402;-0.295455;-15.6706
-83.6754;-93.0413;0.625642;-0.0575261;-0.319529;-16.481
-74.85;-93.0413;0.632514;-0.0528562;-0.342932;-17.2511
-66.0245;-93.0413;0.663024;-0.0424053;-0.360251;-17.9849
-57.1991;-93.0413;0.686;-0.0225833;-0.375264;-18.629
-48.3736;-93.0413;0.667616;0.00183247;-0.39671;-19.1808
-39.5482;-93.0413;0.666866;0.0243996;-0.420718;-19.6778
-30.7227;-93.0413;0.695865;0.0513972;-0.442233;-20.1303
-21.8972;-93.0413;0.735631;0.0840671;-0.456972;-20.5076
-13.0718;-93.0413;0.762469;0.120127;-0.46448;-20.8146
-4.24634;-93.0413;0.767958;0.161257;-0.461293;-21.0104
4.57912;-93.0413;0.762732;0.20388;-0.452648;-21.082
13.4046;-93.0413;0.760134;0.240065;-0.44716;-21.0551
22.23;-93.0413;0.748373;0.271739;-0.446311;-20.9398
31.0555;-93.0413;0.728533;0.301266;-0.446215;-20.7257
39.8809;-93.0413;0.739641;0.335765;-0.447742;-20.4531
48.7064;-93.0413;0.890683;0.371946;-0.461404;-20.1609
57.5318;-93.0413;0.996304;0.413124;-0.477323;-19.8017
66.3573;-93.0413;1.13263;0.43998;-0.469981;-19.3837
75.1828;-93.0413;1.27785;0.456294;-0.442381;-18.9212
84.0082;-93.0413;1.35688;0.453103;-0.412517;-18.2938
92.8337;-93.0413;1.33524;0.447901;-0.386024;-17.5268
101.659;-93.0413;1.42751;0.434282;-0.350626;-16.7938
110.485;-93.0413;1.55669;0.420222;-0.305574;-16.0657
119.31;-93.0413;1.67253;0.398345;-0.260192;-15.2594
128.135;-93.0413;1.74201;0.378232;-0.217845;-14.3816
136.961;-93.0413;1.75577;0.351365;-0.182283;-13.3972
145.786;-93.0413;1.63365;0.321946;-0.152476;-12.2781
154.612;-93.0413;1.51677;0.290726;-0.119714;-11.1425
163.437;-93.0413;1.45666;0.261875;-0.0808772;-10.0458
172.263;-93.0413;1.45402;0.230385;-0.0445484;-8.97483
181.088;-93.0413;1.3907;0.201625;-0.0207769;-7.85273
189.914;-93.0413;1.2852;0.170143;-0.00548151;-6.67982
198.739;-93.0413;1.18196;0.137105;0.00761586;-5.48934
207.565;-93.0413;1.11214;0.103983;0.016839;-4.3064
216.39;-93.0413;1.07185;0.0702616;0.0228912;-3.1372
225.215;-93.0413;1.09849;0.0421247;0.0243214;-2.0291
-207.232;-101.867;0.801129;0.18724;0.044658;-2.37136
-198.406;-101.867;0.719498;0.163766;0.0119769;-3.447
-189.581;-101.867;0.795724;0.132154;-0.0180437;-4.5525
-180.755;-101.867;0.806797;0.103918;-0.0464434;-5.61032
-171.93;-101.867;0.76851;0.0757015;-0.0735445;-6.61493
-163.105;-101.867;0.715157;0.0475773;-0.0982338;-7.59605
-154.279;-101.867;0.671558;0.0237679;-0.120746;-8.57212
-145.454;-101.867;0.658744;0.00836926;-0.139493;-9.54658
-136.628;-101.867;0.66153;0.000473499;-0.155329;-10.5029
-127.803;-101.867;0.63583;-0.00656756;-0.177719;-11.4111
-118.977;-101.867;0.591784;-0.0205172;-0.209209;-12.3225
-110.152;-101.867;0.618626;-0.035875;-0.241606;-13.243
-101.326;-101.867;0.61724;-0.0451683;-0.270381;-14.124
-92.5009;-101.867;0.625988;-0.0459219;-0.296747;-14.9522
-83.6754;-101.867;0.646526;-0.042212;-0.322956;-15.7256
-74.85;-101.867;0.658601;-0.0380039;-0.347839;-16.4495
-66.0245;-101.867;0.663292;-0.0309138;-0.363872;-17.1411
-57.1991;-101.867;0.698171;-0.0150229;-0.37062;-17.759
-48.3736;-101.867;0.694516;0.00672603;-0.385048;-18.3007
-39.5482;-101.867;0.672321;0.0318575;-0.405444;-18.7709
-30.7227;-101.867;0.680509;0.058965;-0.424779;-19.1785
-21.8972;-101.867;0.715815;0.0878264;-0.435636;-19.5176
-13.0718;-101.867;0.735679;0.120887;-0.443493;-19.7954
-4.24634;-101.867;0.737525;0.15856;-0.445605;-19.9814
4.57912;-101.867;0.733461;0.198826;-0.441526;-20.0529
13.4046;-101.867;0.719036;0.233788;-0.435903;-20.0247
22.23;-101.867;0.701392;0.266127;-0.43719;-19.916
31.0555;-101.867;0.686975;0.296905;-0.446634;-19.7077
39.8809;-101.867;0.69896;0.334403;-0.466398;-19.4432
48.7064;-101.867;0.849981;0.372803;-0.492264;-19.1604
57.5318;-101.867;0.941055;0.406805;-0.500644;-18.806
66.3573;-101.867;1.03531;0.421891;-0.48145;-18.3625
75.1828;-101.867;1.12252;0.423715;-0.444623;-17.8389
84.0082;-101.867;1.16771;0.418838;-0.409419;-17.2177
92.8337;-101.867;1.18473;0.415663;-0.379536;-16.5221
101.659;-101.867;1.29912;0.404926;-0.341645;-15.8431
110.485;-101.867;1.40041;0.391616;-0.295396;-15.1156
119.31;-101.867;1.47468;0.368111;-0.249293;-14.2936
128.135;-101.867;1.50746;0.345638;-0.207657;-13.4023
136.961;-101.867;1.45027;0.321035;-0.173969;-12.3802
145.786;-101.867;1.2685;0.296632;-0.143522;-11.2384
154.612;-101.867;1.18974;0.266378;-0.108807;-10.1689
163.437;-101.867;1.222;0.235034;-0.0680287;-9.18297
172.263;-101.867;1.27142;0.199535;-0.0302181;-8.17815
181.088;-101.867;1.22096;0.170049;-0.00526903;-7.09101
189.914;-101.867;1.12545;0.143337;0.00454705;-5.95542
198.739;-101.867;1.04848;0.115525;0.0157247;-4.80964
207.565;-101.867;1.02286;0.0850071;0.0257094;-3.67655
216.39;-101.867;1.02018;0.0559781;0.0322617;-2.56266
225.215;-101.867;1.08945;0.02929;0.0344442;-1.51098
-198.406;-110.692;0.717187;0.164701;0.0158651;-2.95068
-189.581;-110.692;0.844136;0.13642;-0.0108157;-4.07304
-180.755;-110.692;0.894843;0.111894;-0.0337318;-5.10752
-171.93;-110.692;0.803297;0.0785512;-0.0629473;-6.09624
-163.105;-110.692;0.760428;0.0492376;-0.0885049;-7.05706
-154.279;-110.692;0.738951;0.0253919;-0.111824;-8.01378
-145.454;-110.692;0.726123;0.0103316;-0.132366;-8.96969
-136.628;-110.692;0.708907;0.00499452;-0.149485;-9.89953
-127.803;-110.692;0.659952;0.00267912;-0.169104;-10.7663
-118.977;-110.692;0.586507;-0.0103765;-0.198823;-11.6283
-110.152;-110.692;0.568927;-0.0276611;-0.233865;-12.5081
-101.326;-110.692;0.565672;-0.0366217;-0.266814;-13.3637
-92.5009;-110.692;0.59886;-0.0361841;-0.294314;-14.1717
-83.6754;-110.692;0.618248;-0.0312365;-0.323289;-14.9143
-74.85;-110.692;0.594603;-0.0274046;-0.354953;-15.5803
-66.0245;-110.692;0.572452;-0.0232394;-0.375847;-16.2295
-57.1991;-110.692;0.612062;-0.0116091;-0.38313;-16.8344
-48.3736;-110.692;0.642979;0.00988608;-0.388759;-17.3624
-39.5482;-110.692;0.615599;0.0371088;-0.398772;-17.802
-30.7227;-110.692;0.595595;0.0643959;-0.407464;-18.1619
-21.8972;-110.692;0.60992;0.0916425;-0.414531;-18.4605
-13.0718;-110.692;0.631383;0.122669;-0.421949;-18.7132
-4.24634;-110.692;0.647129;0.157514;-0.426692;-18.906
4.57912;-110.692;0.670263;0.195454;-0.425473;-19.003
13.4046;-110.692;0.687747;0.227162;-0.422248;-19.0056
22.23;-110.692;0.687154;0.258358;-0.42884;-18.9109
31.0555;-110.692;0.684515;0.289198;-0.443791;-18.7106
39.8809;-110.692;0.718362;0.322771;-0.464814;-18.4582
48.7064;-110.692;0.866139;0.354235;-0.48167;-18.1956
57.5318;-110.692;0.95415;0.381227;-0.479568;-17.8529
66.3573;-110.692;1.0145;0.392309;-0.456147;-17.3939
75.1828;-110.692;1.07245;0.395414;-0.422518;-16.868
84.0082;-110.692;1.1305;0.393787;-0.388801;-16.2805
92.8337;-110.692;1.17614;0.389969;-0.356501;-15.6397
101.659;-110.692;1.28193;0.377964;-0.318851;-14.9703
110.485;-110.692;1.28165;0.361905;-0.279828;-14.1568
119.31;-110.692;1.21841;0.336947;-0.240223;-13.2328
128.135;-110.692;1.1305;0.314592;-0.20414;-12.2718
136.961;-110.692;0.969723;0.293539;-0.172582;-11.2092
145.786;-110.692;0.885389;0.26651;-0.137841;-10.1738
154.612;-110.692;0.955792;0.234351;-0.0957192;-9.24945
163.437;-110.692;1.07925;0.201205;-0.0491884;-8.36182
172.263;-110.692;1.11322;0.162155;-0.0124471;-7.36704
181.088;-110.692;0.98789;0.136415;0.0119557;-6.23837
189.914;-110.692;0.929164;0.115651;0.0195483;-5.16282
198.739;-110.692;0.941269;0.0948269;0.0246933;-4.12643
207.565;-110.692;1.03098;0.0663006;0.0346231;-3.10679
216.39;-110.692;1.07682;0.0398446;0.0456426;-2.05755
-198.406;-119.518;0.69361;0.15336;0.0225227;-2.42021
-189.581;-119.518;0.779288;0.134042;-0.00143327;-3.48391
-180.755;-119.518;0.824378;0.106568;-0.0258432;-4.53896
-171.93;-119.518;0.736386;0.0709365;-0.0546078;-5.5131
-163.105;-119.518;0.750426;0.0445784;-0.0787948;-6.45668
-154.279;-119.518;0.751468;0.0210287;-0.104172;-7.39749
-145.454;-119.518;0.723138;0.00363373;-0.127612;-8.31823
-136.628;-119.518;0.68858;-0.00135708;-0.145294;-9.22437
-127.803;-119.518;0.638272;0.00538463;-0.159303;-10.0521
-118.977;-119.518;0.54486;7.02684e-05;-0.187168;-10.8703
-110.152;-119.518;0.516205;-0.013389;-0.223516;-11.7098
-101.326;-119.518;0.509938;-0.0262362;-0.261519;-12.5397
-92.5009;-119.518;0.55022;-0.0305101;-0.294637;-13.3302
-83.6754;-119.518;0.573084;-0.0276136;-0.326694;-14.0519
-74.85;-119.518;0.540095;-0.0241884;-0.358529;-14.6803
-66.0245;-119.518;0.497881;-0.0213878;-0.382021;-15.294
-57.1991;-119.518;0.52905;-0.0131544;-0.394327;-15.8845
-48.3736;-119.518;0.575267;0.00523768;-0.396627;-16.4101
-39.5482;-119.518;0.55288;0.0337378;-0.394698;-16.8305
-30.7227;-119.518;0.502424;0.0624458;-0.391848;-17.1312
-21.8972;-119.518;0.468614;0.0919146;-0.391259;-17.3723
-13.0718;-119.518;0.475131;0.1252;-0.39269;-17.5962
-4.24634;-119.518;0.534917;0.159348;-0.394672;-17.807
4.57912;-119.518;0.615554;0.193623;-0.397313;-17.9515
13.4046;-119.518;0.703844;0.223123;-0.401727;-18.0173
22.23;-119.518;0.747258;0.250613;-0.415901;-17.938
31.0555;-119.518;0.738872;0.278239;-0.432576;-17.726
39.8809;-119.518;0.740709;0.304213;-0.444281;-17.4474
48.7064;-119.518;0.858167;0.324673;-0.44573;-17.1825
57.5318;-119.518;0.96693;0.34281;-0.436918;-16.8529
66.3573;-119.518;1.02056;0.35363;-0.417967;-16.3983
75.1828;-119.518;1.05405;0.358515;-0.392307;-15.8673
84.0082;-119.518;1.09641;0.356417;-0.362963;-15.2834
92.8337;-119.518;1.13072;0.349513;-0.333759;-14.6466
101.659;-119.518;1.14416;0.339513;-0.301535;-13.926
110.485;-119.518;1.05128;0.325108;-0.261778;-13.048
119.31;-119.518;0.903172;0.299737;-0.223247;-12.0701
128.135;-119.518;0.771097;0.277372;-0.192445;-11.1188
136.961;-119.518;0.698075;0.255537;-0.160969;-10.1934
145.786;-119.518;0.77285;0.228466;-0.120967;-9.32704
154.612;-119.518;0.997873;0.193461;-0.0728376;-8.52612
163.437;-119.518;1.09766;0.15733;-0.0275762;-7.60095
172.263;-119.518;0.914538;0.123159;0.00426037;-6.44902
181.088;-119.518;0.705507;0.102864;0.0261686;-5.27668
189.914;-119.518;0.799728;0.082462;0.0396609;-4.3662
198.739;-119.518;0.999974;0.0616349;0.0553458;-3.52991
207.565;-119.518;1.19553;0.0394078;0.061552;-2.64558
216.39;-119.518;1.24719;0.0201438;0.063248;-1.63875
-189.581;-128.343;0.689181;0.116981;0.00553964;-2.88664
-180.755;-128.343;0.734131;0.0886852;-0.0194469;-3.88875
-171.93;-128.343;0.66734;0.0477705;-0.0520351;-4.88209
-163.105;-128.343;0.690283;0.0266452;-0.0752137;-5.80755
-154.279;-128.343;0.669882;0.00630776;-0.102647;-6.71173
-145.454;-128.343;0.603658;-0.00943245;-0.126897;-7.56303
-136.628;-128.343;0.558386;-0.0126859;-0.144692;-8.44227
-127.803;-128.343;0.547746;0.0011199;-0.156181;-9.26653
-118.977;-128.343;0.486882;0.00861368;-0.180652;-10.0697
-110.152;-128.343;0.466409;0.000905264;-0.215997;-10.8671
-101.326;-128.343;0.435498;-0.0139073;-0.254674;-11.6445
-92.5009;-128.343;0.456961;-0.024083;-0.295374;-12.4007
-83.6754;-128.343;0.496578;-0.0255378;-0.332476;-13.1198
-74.85;-128.343;0.49563;-0.0228042;-0.358967;-13.7597
-66.0245;-128.343;0.450959;-0.0208017;-0.380378;-14.342
-57.1991;-128.343;0.447103;-0.0167027;-0.397312;-14.9147
-48.3736;-128.343;0.50561;-0.00549635;-0.398463;-15.4405
-39.5482;-128.343;0.457186;0.021115;-0.39115;-15.8212
-30.7227;-128.343;0.314453;0.0535958;-0.383361;-16.0103
-21.8972;-128.343;0.205968;0.0882181;-0.377001;-16.1584
-13.0718;-128.343;0.227599;0.124487;-0.367607;-16.3664
-4.24634;-128.343;0.371277;0.161358;-0.358342;-16.6407
4.57912;-128.343;0.535215;0.194245;-0.3646;-16.8689
13.4046;-128.343;0.694451;0.219998;-0.377362;-16.9669
22.23;-128.343;0.804948;0.243943;-0.396066;-16.9236
31.0555;-128.343;0.797287;0.264489;-0.409055;-16.6996
39.8809;-128.343;0.693872;0.283354;-0.410958;-16.3577
48.7064;-128.343;0.734071;0.299031;-0.405653;-16.0491
57.5318;-128.343;0.816727;0.312481;-0.395102;-15.7054
66.3573;-128.343;0.858962;0.321755;-0.381058;-15.2546
75.1828;-128.343;0.858601;0.323939;-0.361365;-14.7029
84.0082;-128.343;0.831581;0.319754;-0.33758;-14.0744
92.8337;-128.343;0.787723;0.312857;-0.313618;-13.3863
101.659;-128.343;0.784922;0.300076;-0.284554;-12.6658
110.485;-128.343;0.776624;0.282445;-0.242523;-11.8636
119.31;-128.343;0.726223;0.26317;-0.20287;-11.0209
128.135;-128.343;0.668334;0.243676;-0.169532;-10.1848
136.961;-128.343;0.696418;0.222015;-0.13568;-9.38142
145.786;-128.343;0.881081;0.193883;-0.0944923;-8.6308
154.612;-128.343;0.966459;0.166162;-0.0477499;-7.74026
163.437;-128.343;0.8383;0.124936;-0.0153147;-6.60491
172.263;-128.343;0.528651;0.091265;0.0123765;-5.35817
181.088;-128.343;0.450594;0.0685742;0.035702;-4.31243
189.914;-128.343;0.867538;0.0409426;0.0593215;-3.69153
198.739;-128.343;1.31064;0.0203505;0.0818223;-3.07583
207.565;-128.343;1.53346;0.00507764;0.0826969;-2.27689
-189.581;-137.169;0.548652;0.0887182;0.0117786;-2.2304
-180.755;-137.169;0.621879;0.0651042;-0.0149376;-3.19639
-171.93;-137.169;0.606316;0.0351999;-0.0439365;-4.15126
-163.105;-137.169;0.608188;0.0166586;-0.0695294;-5.07759
-154.279;-137.169;0.528809;-0.00226512;-0.10061;-5.94229
-145.454;-137.169;0.423226;-0.0183323;-0.12695;-6.73867
-136.628;-137.169;0.391388;-0.0243489;-0.147865;-7.6114
-127.803;-137.169;0.438789;-0.010482;-0.16159;-8.45903
-118.977;-137.169;0.437491;0.00655422;-0.184339;-9.26285
-110.152;-137.169;0.410581;0.00553336;-0.214508;-10.0157
-101.326;-137.169;0.348234;-0.00696726;-0.250897;-10.7351
-92.5009;-137.169;0.344077;-0.0194747;-0.293558;-11.4582
-83.6754;-137.169;0.417965;-0.0235381;-0.330475;-12.182
-74.85;-137.169;0.467479;-0.0211836;-0.353216;-12.8231
-66.0245;-137.169;0.410117;-0.0190089;-0.373374;-13.3645
-57.1991;-137.169;0.336509;-0.0169991;-0.393578;-13.9001
-48.3736;-137.169;0.397446;-0.0146799;-0.394903;-14.3975
-39.5482;-137.169;0.253969;0.00871835;-0.393235;-14.6649
-30.7227;-137.169;-0.118194;0.0435758;-0.391012;-14.6237
-21.8972;-137.169;-0.367691;0.0800238;-0.384014;-14.6011
-13.0718;-137.169;-0.260274;0.115141;-0.364936;-14.8369
-4.24634;-137.169;0.0275552;0.158203;-0.340065;-15.3007
4.57912;-137.169;0.290734;0.193378;-0.338156;-15.5962
13.4046;-137.169;0.482458;0.215075;-0.357757;-15.6978
22.23;-137.169;0.60229;0.231794;-0.378289;-15.6565
31.0555;-137.169;0.641833;0.24565;-0.384783;-15.4845
39.8809;-137.169;0.613834;0.259072;-0.378557;-15.2086
48.7064;-137.169;0.595435;0.273841;-0.376543;-14.8718
57.5318;-137.169;0.634174;0.286102;-0.37194;-14.4987
66.3573;-137.169;0.665731;0.292069;-0.359454;-14.0445
75.1828;-137.169;0.651492;0.290806;-0.340202;-13.488
84.0082;-137.169;0.589393;0.284721;-0.317723;-12.8434
92.8337;-137.169;0.512464;0.277928;-0.295004;-12.1499
101.659;-137.169;0.520791;0.266949;-0.267595;-11.4784
110.485;-137.169;0.617544;0.253883;-0.227406;-10.8192
119.31;-137.169;0.695299;0.238243;-0.186752;-10.1227
128.135;-137.169;0.731118;0.218498;-0.148155;-9.37647
136.961;-137.169;0.790601;0.193758;-0.110683;-8.59697
145.786;-137.169;0.902283;0.160229;-0.0780574;-7.78385
154.612;-137.169;0.754913;0.12955;-0.0471717;-6.72134
163.437;-137.169;0.436486;0.0927541;-0.01825;-5.47392
172.263;-137.169;0.183501;0.0646121;0.0160881;-4.31191
181.088;-137.169;0.438271;0.0341824;0.0454751;-3.55457
189.914;-137.169;1.21864;-0.00440818;0.0736688;-3.23398
198.739;-137.169;1.76927;-0.0252622;0.0929002;-2.70888
-189.581;-145.994;0.425255;0.0670431;0.019163;-1.53217
-180.755;-145.994;0.497157;0.053464;-0.00573166;-2.46159
-171.93;-145.994;0.505096;0.0316043;-0.0329867;-3.38554
-163.105;-145.994;0.498346;0.0159565;-0.057946;-4.28569
-154.279;-145.994;0.416782;0.000427533;-0.089004;-5.12242
-145.454;-145.994;0.31188;-0.0180284;-0.118358;-5.90571
-136.628;-145.994;0.291403;-0.0310263;-0.146725;-6.7858
-127.803;-145.994;0.362884;-0.0232394;-0.166631;-7.65069
-118.977;-145.994;0.395569;-0.00517866;-0.18703;-8.44318
-110.152;-145.994;0.35761;-0.000427384;-0.209072;-9.1562
-101.326;-145.994;0.265464;-0.00773603;-0.241662;-9.82669
-92.5009;-145.994;0.246047;-0.0184718;-0.282629;-10.5119
-83.6754;-145.994;0.362787;-0.022141;-0.316195;-11.2282
-74.85;-145.994;0.453609;-0.0190907;-0.337475;-11.8692
-66.0245;-145.994;0.362841;-0.0158078;-0.360892;-12.3656
-57.1991;-145.994;0.202349;-0.0119858;-0.386513;-12.8103
-48.3736;-145.994;0.215507;-0.0156428;-0.394774;-13.223
-39.5482;-145.994;-0.0693605;0.013426;-0.404837;-13.3265
-30.7227;-145.994;-0.779709;0.0496405;-0.414968;-13.05
-21.8972;-145.994;-1.37436;0.0890243;-0.412928;-12.8952
-13.0718;-145.994;-1.3352;0.12535;-0.389667;-13.1232
-4.24634;-145.994;-0.674579;0.152481;-0.353875;-13.6663
4.57912;-145.994;-0.142574;0.184508;-0.342361;-14.1468
13.4046;-145.994;0.0949076;0.20469;-0.360954;-14.2916
22.23;-145.994;0.241282;0.217191;-0.372674;-14.2591
31.0555;-145.994;0.365833;0.22558;-0.367188;-14.1403
39.8809;-145.994;0.456421;0.23459;-0.355078;-13.9582
48.7064;-145.994;0.486509;0.247397;-0.356409;-13.6765
57.5318;-145.994;0.517199;0.259347;-0.35657;-13.3147
66.3573;-145.994;0.546757;0.264203;-0.344887;-12.8776
75.1828;-145.994;0.546311;0.26167;-0.323472;-12.3479
84.0082;-145.994;0.500724;0.254865;-0.297385;-11.7331
92.8337;-145.994;0.434945;0.247862;-0.271303;-11.0741
101.659;-145.994;0.464406;0.238228;-0.243309;-10.4567
110.485;-145.994;0.597797;0.227981;-0.206937;-9.87485
119.31;-145.994;0.708;0.212675;-0.170034;-9.22399
128.135;-145.994;0.754343;0.190871;-0.133313;-8.47506
136.961;-145.994;0.7616;0.16343;-0.09738;-7.64223
145.786;-145.994;0.678844;0.135293;-0.0670621;-6.70125
154.612;-145.994;0.507636;0.0992636;-0.0396658;-5.66865
163.437;-145.994;0.343825;0.0583097;-0.013225;-4.59885
172.263;-145.994;0.380222;0.0383471;0.0275944;-3.72789
181.088;-145.994;0.970879;0.00399956;0.057725;-3.24498
189.914;-145.994;1.7899;-0.0380027;0.0822664;-2.95169
198.739;-145.994;2.15373;-0.0684839;0.113635;-2.19864
-171.93;-154.819;0.439846;0.0364374;-0.0151623;-2.64081
-163.105;-154.819;0.419018;0.0213902;-0.0402973;-3.50718
-154.279;-154.819;0.366952;0.0113911;-0.0662811;-4.3241
-145.454;-154.819;0.310883;-0.00880801;-0.0969541;-5.127
-136.628;-154.819;0.301504;-0.0272229;-0.131865;-5.99568
-127.803;-154.819;0.347149;-0.0273448;-0.157928;-6.83699
-118.977;-154.819;0.367915;-0.0162117;-0.174574;-7.59431
-110.152;-154.819;0.329765;-0.00956269;-0.189728;-8.27846
-101.326;-154.819;0.210453;-0.0107856;-0.220005;-8.90954
-92.5009;-154.819;0.178952;-0.0172483;-0.259921;-9.55018
-83.6754;-154.819;0.311708;-0.0183658;-0.291042;-10.2425
-74.85;-154.819;0.420871;-0.0146769;-0.312673;-10.8708
-66.0245;-154.819;0.33243;-0.0122738;-0.339459;-11.3476
-57.1991;-154.819;0.135268;-0.00997503;-0.369674;-11.748
-48.3736;-154.819;0.107179;-0.011418;-0.384672;-12.1153
-39.5482;-154.819;-0.186763;0.011822;-0.400114;-12.1983
-30.7227;-154.819;-0.877305;0.0441827;-0.417077;-11.9121
-21.8972;-154.819;-1.51207;0.0770706;-0.420265;-11.7105
-13.0718;-154.819;-1.62386;0.10147;-0.403037;-11.8063
-4.24634;-154.819;-1.09762;0.120363;-0.377956;-12.2008
4.57912;-154.819;-0.318889;0.159818;-0.376006;-12.8081
13.4046;-154.819;-0.0200539;0.180867;-0.379524;-13.0276
22.23;-154.819;0.146775;0.19265;-0.372318;-13.0304
31.0555;-154.819;0.2989;0.201595;-0.354663;-12.9422
39.8809;-154.819;0.423657;0.210763;-0.337003;-12.7942
48.7064;-154.819;0.473246;0.217528;-0.331721;-12.5237
57.5318;-154.819;0.503519;0.226713;-0.330641;-12.177
66.3573;-154.819;0.530783;0.231454;-0.318458;-11.7597
75.1828;-154.819;0.542766;0.23146;-0.295323;-11.2704
84.0082;-154.819;0.529353;0.227676;-0.265855;-10.7162
92.8337;-154.819;0.500621;0.220482;-0.236919;-10.1145
101.659;-154.819;0.550408;0.209295;-0.208303;-9.53353
110.485;-154.819;0.641132;0.199052;-0.176199;-8.93562
119.31;-154.819;0.656974;0.185923;-0.146608;-8.23038
128.135;-154.819;0.594313;0.166923;-0.117604;-7.41461
136.961;-154.819;0.516577;0.142096;-0.0872121;-6.53701
145.786;-154.819;0.44462;0.114439;-0.0582613;-5.62789
154.612;-154.819;0.489676;0.0772635;-0.0291141;-4.79843
163.437;-154.819;0.703709;0.0466117;0.00135926;-4.11975
172.263;-154.819;1.12004;0.0279968;0.0348799;-3.61283
181.088;-154.819;1.75352;-0.00418694;0.0612741;-3.20886
189.914;-154.819;2.20119;-0.0481994;0.0970609;-2.53496
-163.105;-163.645;0.405506;0.0332583;-0.0181891;-2.73907
-154.279;-163.645;0.360359;0.0214982;-0.0445081;-3.54285
-145.454;-163.645;0.354187;0.00617291;-0.068976;-4.35807
-136.628;-163.645;0.366533;-0.0119883;-0.10107;-5.19189
-127.803;-163.645;0.374265;-0.0177087;-0.127854;-5.98388
-118.977;-163.645;0.373717;-0.0157927;-0.144982;-6.71012
-110.152;-163.645;0.333294;-0.0132631;-0.160429;-7.37464
-101.326;-163.645;0.21313;-0.0096295;-0.19066;-7.97803
-92.5009;-163.645;0.137601;-0.0120353;-0.23092;-8.58311
-83.6754;-163.645;0.233488;-0.0110302;-0.260892;-9.23029
-74.85;-163.645;0.335414;-0.00850932;-0.283526;-9.82892
-66.0245;-163.645;0.265826;-0.00923819;-0.311655;-10.2959
-57.1991;-163.645;0.0899945;-0.00969887;-0.344266;-10.6936
-48.3736;-163.645;0.159086;-0.0110578;-0.361181;-11.1182
-39.5482;-163.645;0.0966227;0.0084314;-0.375418;-11.3871
-30.7227;-163.645;-0.3226;0.0386788;-0.400677;-11.3384
-21.8972;-163.645;-0.762131;0.0635563;-0.415661;-11.2078
-13.0718;-163.645;-0.888559;0.0803551;-0.408036;-11.2013
-4.24634;-163.645;-0.605681;0.103239;-0.38928;-11.4323
4.57912;-163.645;-0.0535824;0.135314;-0.391424;-11.8452
13.4046;-163.645;0.172128;0.154986;-0.38342;-12.0238
22.23;-163.645;0.297204;0.166155;-0.360886;-12.0028
31.0555;-163.645;0.406217;0.173946;-0.333084;-11.8724
39.8809;-163.645;0.497807;0.182912;-0.308933;-11.6917
48.7064;-163.645;0.536153;0.187032;-0.290174;-11.4155
57.5318;-163.645;0.557115;0.191703;-0.283434;-11.0686
66.3573;-163.645;0.574308;0.197125;-0.272839;-10.6632
75.1828;-163.645;0.572751;0.201661;-0.252159;-10.2018
84.0082;-163.645;0.55655;0.200863;-0.221986;-9.68331
92.8337;-163.645;0.548366;0.193818;-0.192218;-9.12794
101.659;-163.645;0.592182;0.182003;-0.165192;-8.56308
110.485;-163.645;0.635683;0.170753;-0.137067;-7.94029
119.31;-163.645;0.59866;0.157777;-0.112192;-7.2125
128.135;-163.645;0.511357;0.141978;-0.0891382;-6.41079
136.961;-163.645;0.455501;0.124079;-0.0638025;-5.6013
145.786;-163.645;0.479964;0.104442;-0.0355462;-4.83055
154.612;-163.645;0.748711;0.0787812;-0.00313465;-4.19604
163.437;-163.645;1.1883;0.0548318;0.023689;-3.7624
172.263;-163.645;1.60778;0.031732;0.0469069;-3.30804
181.088;-163.645;2.02588;-0.00392676;0.0674732;-2.74247
189.914;-163.645;2.1621;-0.0434248;0.101577;-1.82213
-154.279;-172.47;0.359817;0.0311352;-0.0229695;-2.74401
-145.454;-172.47;0.341877;0.0143796;-0.048938;-3.5218
-136.628;-172.47;0.353407;-0.00014437;-0.075877;-4.31882
-127.803;-172.47;0.341699;-0.010314;-0.100993;-5.06849
-118.977;-172.47;0.325461;-0.0146251;-0.119692;-5.7623
-110.152;-172.47;0.304419;-0.0127398;-0.140177;-6.43612
-101.326;-172.47;0.213357;-0.00662102;-0.170498;-7.05475
-92.5009;-172.47;0.135171;-0.00647625;-0.201775;-7.63245
-83.6754;-172.47;0.179775;-0.00678613;-0.225579;-8.20178
-74.85;-172.47;0.252772;-0.00677812;-0.249385;-8.76253
-66.0245;-172.47;0.204267;-0.00767645;-0.27729;-9.21804
-57.1991;-172.47;0.0386738;-0.00609213;-0.308446;-9.59592
-48.3736;-172.47;0.0847989;-0.00139488;-0.325654;-10.0182
-39.5482;-172.47;0.251688;0.0120818;-0.337075;-10.439
-30.7227;-172.47;0.167117;0.031697;-0.360767;-10.6206
-21.8972;-172.47;0.0149531;0.0496554;-0.380729;-10.6735
-13.0718;-172.47;0.0373494;0.0697035;-0.381373;-10.7715
-4.24634;-172.47;0.268308;0.104347;-0.366324;-11.0329
4.57912;-172.47;0.436049;0.124787;-0.359774;-11.1869
13.4046;-172.47;0.517643;0.134565;-0.350088;-11.1931
22.23;-172.47;0.529028;0.142568;-0.325912;-11.0557
31.0555;-172.47;0.527971;0.14846;-0.295064;-10.8229
39.8809;-172.47;0.55101;0.156818;-0.267359;-10.5792
48.7064;-172.47;0.589561;0.160732;-0.23952;-10.296
57.5318;-172.47;0.590084;0.164951;-0.224867;-9.94656
66.3573;-172.47;0.586612;0.171861;-0.215031;-9.5402
75.1828;-172.47;0.577525;0.177029;-0.198045;-9.09683
84.0082;-172.47;0.563204;0.176229;-0.170389;-8.61279
92.8337;-172.47;0.555445;0.167952;-0.142896;-8.08488
101.659;-172.47;0.583801;0.155725;-0.117526;-7.53512
110.485;-172.47;0.627017;0.143223;-0.0906105;-6.93147
119.31;-172.47;0.619253;0.131282;-0.0683327;-6.26023
128.135;-172.47;0.585312;0.119525;-0.0510174;-5.54776
136.961;-172.47;0.595444;0.107242;-0.0326855;-4.8461
145.786;-172.47;0.723219;0.0925397;-0.0112881;-4.21543
154.612;-172.47;1.05699;0.0735696;0.0136174;-3.70477
163.437;-172.47;1.37336;0.0554157;0.0372369;-3.1917
172.263;-172.47;1.66426;0.0255073;0.05;-2.61117
-145.454;-181.296;0.304358;0.0179025;-0.0316628;-2.66201
-136.628;-181.296;0.253576;0.00400343;-0.0539114;-3.38664
-127.803;-181.296;0.213475;-0.0108818;-0.0795477;-4.1098
-118.977;-181.296;0.171922;-0.0203554;-0.101087;-4.77448
-110.152;-181.296;0.166238;-0.0161217;-0.122079;-5.43985
-101.326;-181.296;0.0982794;-0.000642783;-0.146081;-6.03665
-92.5009;-181.296;0.0116049;0.00403161;-0.169055;-6.56883
-83.6754;-181.296;0.0273832;0.00246575;-0.186712;-7.08799
-74.85;-181.296;0.123015;-0.000777666;-0.210087;-7.65051
-66.0245;-181.296;0.143232;-0.00246509;-0.235279;-8.12058
-57.1991;-181.296;0.0148042;0.00105905;-0.260276;-8.47573
-48.3736;-181.296;0.0159366;0.00997136;-0.274711;-8.8536
-39.5482;-181.296;0.222437;0.0200615;-0.283739;-9.3005
-30.7227;-181.296;0.311543;0.0313254;-0.298409;-9.59327
-21.8972;-181.296;0.339021;0.0448451;-0.312632;-9.77972
-13.0718;-181.296;0.479114;0.0648521;-0.315239;-9.97779
-4.24634;-181.296;0.743259;0.0927663;-0.307439;-10.2234
4.57912;-181.296;0.76888;0.107952;-0.306547;-10.2939
13.4046;-181.296;0.754919;0.113248;-0.297684;-10.2251
22.23;-181.296;0.671556;0.121037;-0.275666;-10.0098
31.0555;-181.296;0.566281;0.128176;-0.247613;-9.69751
39.8809;-181.296;0.513767;0.136715;-0.22019;-9.39825
48.7064;-181.296;0.54517;0.140398;-0.192366;-9.11151
57.5318;-181.296;0.542997;0.144858;-0.173487;-8.76994
66.3573;-181.296;0.53656;0.149248;-0.161389;-8.37729
75.1828;-181.296;0.540784;0.151697;-0.144817;-7.95639
84.0082;-181.296;0.543684;0.150725;-0.119575;-7.50532
92.8337;-181.296;0.53725;0.143875;-0.0969467;-7.00231
101.659;-181.296;0.536837;0.13658;-0.0793917;-6.46353
110.485;-181.296;0.562105;0.127602;-0.0601243;-5.89616
119.31;-181.296;0.586667;0.117093;-0.0418031;-5.29672
128.135;-181.296;0.618418;0.105221;-0.0263611;-4.6725
136.961;-181.296;0.693757;0.0921884;-0.0116897;-4.05382
145.786;-181.296;0.875015;0.0770342;0.00236526;-3.49748
154.612;-181.296;1.09588;0.0608282;0.0170691;-2.94112
163.437;-181.296;1.27883;0.0396825;0.0359988;-2.32576
-136.628;-190.121;0.19613;0.010372;-0.0294253;-2.44648
-127.803;-190.121;0.162143;-0.00248197;-0.0474089;-3.12953
-118.977;-190.121;0.114246;-0.0136596;-0.0666872;-3.78248
-110.152;-190.121;0.0842868;-0.010318;-0.0877656;-4.4221
-101.326;-190.121;-0.015994;0.00984593;-0.107465;-4.96069
-92.5009;-190.121;-0.166291;0.0170277;-0.12708;-5.41415
-83.6754;-190.121;-0.167756;0.0151852;-0.143026;-5.91381
-74.85;-190.121;-0.0250949;0.0104069;-0.163242;-6.49355
-66.0245;-190.121;0.0898463;0.00800786;-0.184753;-7.01258
-57.1991;-190.121;0.054378;0.0109813;-0.204389;-7.39348
-48.3736;-190.121;0.0591765;0.0189807;-0.215828;-7.74052
-39.5482;-190.121;0.165635;0.0263519;-0.222236;-8.10217
-30.7227;-190.121;0.257111;0.0349497;-0.230711;-8.39933
-21.8972;-190.121;0.354962;0.0488937;-0.240561;-8.6429
-13.0718;-190.121;0.510745;0.0709901;-0.248488;-8.87543
-4.24634;-190.121;0.685397;0.092417;-0.249557;-9.03931
4.57912;-190.121;0.685484;0.0986954;-0.246848;-9.03743
13.4046;-190.121;0.573083;0.0997122;-0.240076;-8.8974
22.23;-190.121;0.470705;0.104623;-0.222568;-8.66116
31.0555;-190.121;0.3864;0.112203;-0.201524;-8.38915
39.8809;-190.121;0.354107;0.119342;-0.178853;-8.12171
48.7064;-190.121;0.390468;0.12286;-0.152904;-7.85499
57.5318;-190.121;0.402613;0.126375;-0.13227;-7.5365
66.3573;-190.121;0.418893;0.128456;-0.116284;-7.17514
75.1828;-190.121;0.45553;0.129165;-0.0981895;-6.79121
84.0082;-190.121;0.485849;0.128637;-0.075745;-6.37778
92.8337;-190.121;0.491425;0.125069;-0.0593565;-5.91094
101.659;-190.121;0.486417;0.122466;-0.0506563;-5.40182
110.485;-190.121;0.500954;0.11735;-0.0418394;-4.87006
119.31;-190.121;0.528682;0.108854;-0.0312017;-4.3152
128.135;-190.121;0.579323;0.0971137;-0.019008;-3.74086
136.961;-190.121;0.667171;0.0842793;-0.00686489;-3.15496
145.786;-190.121;0.814931;0.0672439;0.00803763;-2.58666
154.612;-190.121;0.938992;0.0490623;0.0257564;-1.96686
-118.977;-198.947;0.101305;0.00397979;-0.0271018;-2.7956
-110.152;-198.947;0.0919557;0.00651015;-0.0438679;-3.38715
-101.326;-198.947;-0.03895;0.0217676;-0.066283;-3.91396
-92.5009;-198.947;-0.258473;0.0272399;-0.0892319;-4.3359
-83.6754;-198.947;-0.269998;0.0264619;-0.103942;-4.84548
-74.85;-198.947;-0.11751;0.0235453;-0.117672;-5.41459
-66.0245;-198.947;0.0506661;0.0213385;-0.132735;-5.93985
-57.1991;-198.947;0.120925;0.0213779;-0.147816;-6.34486
-48.3736;-198.947;0.125112;0.0269004;-0.159989;-6.67011
-39.5482;-198.947;0.161835;0.0313704;-0.170949;-6.96455
-30.7227;-198.947;0.192786;0.0350256;-0.186735;-7.23058
-21.8972;-198.947;0.261822;0.0459742;-0.200952;-7.45725
-13.0718;-198.947;0.384024;0.0660486;-0.210164;-7.64939
-4.24634;-198.947;0.494842;0.0829461;-0.207778;-7.73384
4.57912;-198.947;0.467864;0.0864467;-0.19971;-7.68366
13.4046;-198.947;0.38772;0.0839918;-0.190134;-7.53911
22.23;-198.947;0.32086;0.0878297;-0.176582;-7.34285
31.0555;-198.947;0.256281;0.0949453;-0.160464;-7.11417
39.8809;-198.947;0.22392;0.0990817;-0.139217;-6.86136
48.7064;-198.947;0.24645;0.100684;-0.115084;-6.60257
57.5318;-198.947;0.275248;0.103678;-0.0942333;-6.31276
66.3573;-198.947;0.317322;0.10661;-0.0750363;-5.99098
75.1828;-198.947;0.377048;0.107755;-0.0550463;-5.64329
84.0082;-198.947;0.426127;0.107651;-0.035532;-5.26194
92.8337;-198.947;0.45057;0.105777;-0.024678;-4.83157
101.659;-198.947;0.4691;0.105962;-0.0227226;-4.36969
110.485;-198.947;0.49691;0.103818;-0.0208024;-3.87817
119.31;-198.947;0.520972;0.097499;-0.0156785;-3.33776
128.135;-198.947;0.546241;0.0872973;-0.0101276;-2.77485
136.961;-198.947;0.599508;0.0742342;-0.000880584;-2.20342
145.786;-198.947;0.70021;0.0558419;0.0187825;-1.61377
-118.977;-207.772;0.015966;0.0211153;0.00283883;-1.79697
-110.152;-207.772;0.052824;0.0259017;-0.0118019;-2.36914
-101.326;-207.772;-0.0357196;0.0313033;-0.0378042;-2.8984
-92.5009;-207.772;-0.202745;0.0292239;-0.0625369;-3.3598
-83.6754;-207.772;-0.18943;0.0278927;-0.0715982;-3.85911
-74.85;-207.772;-0.099069;0.0285073;-0.0790529;-4.37341
-66.0245;-207.772;0.0068562;0.0284206;-0.0938685;-4.8397
-57.1991;-207.772;0.0729841;0.028933;-0.107154;-5.21427
-48.3736;-207.772;0.0949409;0.030844;-0.120231;-5.52284
-39.5482;-207.772;0.101438;0.0343714;-0.134482;-5.78358
-30.7227;-207.772;0.117571;0.0370496;-0.152446;-6.01369
-21.8972;-207.772;0.157902;0.0438444;-0.170092;-6.20622
-13.0718;-207.772;0.226734;0.0577699;-0.183466;-6.35732
-4.24634;-207.772;0.287244;0.0701978;-0.184167;-6.4156
4.57912;-207.772;0.276505;0.0713528;-0.174363;-6.36692
13.4046;-207.772;0.246487;0.0665496;-0.1625;-6.25774
22.23;-207.772;0.219207;0.0711041;-0.147243;-6.10294
31.0555;-207.772;0.178043;0.0772884;-0.12635;-5.89693
39.8809;-207.772;0.152058;0.0797265;-0.099895;-5.66094
48.7064;-207.772;0.171894;0.0793482;-0.0738272;-5.42072
57.5318;-207.772;0.227036;0.0797225;-0.0510783;-5.16404
66.3573;-207.772;0.300329;0.0821689;-0.0283737;-4.87425
75.1828;-207.772;0.370197;0.0838427;-0.00738266;-4.55374
84.0082;-207.772;0.431398;0.0859958;0.00785264;-4.21171
92.8337;-207.772;0.490845;0.0869252;0.014031;-3.83025
101.659;-207.772;0.534642;0.0880338;0.0127678;-3.41544
110.485;-207.772;0.567047;0.0862745;0.0080699;-2.93452
119.31;-207.772;0.574345;0.0798557;0.00788352;-2.40103
128.135;-207.772;0.574192;0.0701425;0.00928816;-1.84102
136.961;-207.772;0.578027;0.0581587;0.0162137;-1.26666
-83.6754;-216.598;-0.150553;0.0295998;-0.0436848;-2.85803
-74.85;-216.598;-0.0698529;0.0315735;-0.0486773;-3.30401
-66.0245;-216.598;-0.0211978;0.0337952;-0.0622787;-3.72022
-57.1991;-216.598;0.0016285;0.0337548;-0.075118;-4.06083
-48.3736;-216.598;0.00145107;0.0329059;-0.0896351;-4.35619
-39.5482;-216.598;0.0199876;0.0366356;-0.104109;-4.5967
-30.7227;-216.598;0.0559018;0.0421955;-0.121324;-4.79624
-21.8972;-216.598;0.0952491;0.0470899;-0.138759;-4.96124
-13.0718;-216.598;0.135929;0.0534692;-0.152583;-5.07693
-4.24634;-216.598;0.161466;0.0595849;-0.158303;-5.12455
4.57912;-216.598;0.151133;0.0602191;-0.154027;-5.10413
13.4046;-216.598;0.13946;0.0544171;-0.143844;-5.03764
22.23;-216.598;0.120239;0.056965;-0.121867;-4.89175
31.0555;-216.598;0.0958551;0.0592284;-0.0907417;-4.68366
39.8809;-216.598;0.104025;0.0584996;-0.0570716;-4.47184
48.7064;-216.598;0.171168;0.0567703;-0.0262518;-4.28813
57.5318;-216.598;0.285476;0.0568922;0.00088814;-4.10687
66.3573;-216.598;0.389844;0.0606332;0.0252542;-3.87154
75.1828;-216.598;0.473421;0.0655538;0.0414099;-3.5867
84.0082;-216.598;0.56478;0.0721262;0.0522745;-3.30115
92.8337;-216.598;0.660815;0.0721413;0.0531745;-2.96065
101.659;-216.598;0.730768;0.0660399;0.0459918;-2.54696
110.485;-216.598;0.718139;0.0606286;0.0343167;-2.03848
-83.6754;-225.423;-0.133148;0.0344414;-0.0126443;-1.80942
-74.85;-225.423;-0.0454036;0.035263;-0.0196236;-2.2356
-66.0245;-225.423;-0.0131855;0.0371796;-0.0328092;-2.61561
-57.1991;-225.423;-0.0169903;0.0359185;-0.0440868;-2.93219
-48.3736;-225.423;-0.03701;0.0333123;-0.0559671;-3.2133
-39.5482;-225.423;-0.0055027;0.0358309;-0.0698459;-3.45312
-30.7227;-225.423;0.0465333;0.0438844;-0.0856937;-3.6457
-21.8972;-225.423;0.0782624;0.0500048;-0.103566;-3.79395
-13.0718;-225.423;0.0952924;0.053808;-0.116499;-3.89215
-4.24634;-225.423;0.0945464;0.0565798;-0.122592;-3.93144
4.57912;-225.423;0.0654043;0.0568828;-0.122172;-3.90751
13.4046;-225.423;0.0276722;0.0496848;-0.11498;-3.83345
22.23;-225.423;0.00210755;0.0467329;-0.0851102;-3.67409
31.0555;-225.423;0.00972294;0.0457141;-0.0465209;-3.49405
39.8809;-225.423;0.112327;0.0440319;-0.00958345;-3.36197
48.7064;-225.423;0.247565;0.0446065;0.0230035;-3.26354
57.5318;-225.423;0.436433;0.0454239;0.0513539;-3.16022
66.3573;-225.423;0.527002;0.0527821;0.0724585;-2.98918
75.1828;-225.423;0.606364;0.0614173;0.0787663;-2.7258
84.0082;-225.423;0.686016;0.0626432;0.0735174;-2.39373
92.8337;-225.423;0.711629;0.0616775;0.0686274;-2.00407
-39.5482;-234.249;0.0306207;0.0354295;-0.0308257;-2.35806
-30.7227;-234.249;0.0831289;0.0416367;-0.0487557;-2.55827
-21.8972;-234.249;0.0934164;0.0478013;-0.0667591;-2.69262
-13.0718;-234.249;0.0837572;0.051362;-0.0770151;-2.76238
-4.24634;-234.249;0.0577434;0.053521;-0.0816087;-2.78058
4.57912;-234.249;0.00689619;0.0528163;-0.0799688;-2.73177
13.4046;-234.249;-0.0793437;0.0452965;-0.0713701;-2.62147
22.23;-234.249;-0.0531941;0.0400139;-0.03778;-2.51226
31.0555;-234.249;0.0867969;0.0400221;7.41734e-05;-2.4792
39.8809;-234.249;0.350686;0.0390805;0.032569;-2.46953
48.7064;-234.249;0.536908;0.0383631;0.053937;-2.38892
57.5318;-234.249;0.540877;0.040903;0.064759;-2.17979
66.3573;-234.249;0.400515;0.0495202;0.065704;-1.86599
75.1828;-234.249;0.247771;0.0552092;0.0578766;-1.47712
-4.24634;-243.074;0.085174;0.052846;-0.0360165;-1.70884
4.57912;-243.074;0.0448187;0.0529256;-0.0374977;-1.68734
13.4046;-243.074;-0.0103361;0.0458082;-0.0306118;-1.62191
22.23;-243.074;0.19242;0.0419931;-0.000754062;-1.65635
31.0555;-243.074;0.548206;0.0421572;0.0362598;-1.75708
